electric_vehicle_charger_state,electric_vehicle_id,electric_vehicle_departure_time,electric_vehicle_required_soc_departure,electric_vehicle_estimated_arrival_time,electric_vehicle_estimated_soc_arrival
3,NONE,-1.0,-0.1,-1.0,-0.1
3,NONE,-1.0,-0.1,-1.0,-0.1
3,NONE,-1.0,-0.1,-1.0,-0.1
3,NONE,-1.0,-0.1,-1.0,-0.1
3,NONE,-1.0,-0.1,-1.0,-0.1
3,NONE,-1.0,-0.1,-1.0,-0.1
3,NONE,-1.0,-0.1,-1.0,-0.1
3,NONE,-1.0,-0.1,-1.0,-0.1
3,NONE,-1.0,-0.1,-1.0,-0.1
3,NONE,-1.0,-0.1,-1.0,-0.1
3,NONE,-1.0,-0.1,-1.0,-0.1
3,NONE,-1.0,-0.1,-1.0,-0.1
3,NONE,-1.0,-0.1,-1.0,-0.1
3,NONE,-1.0,-0.1,-1.0,-0.1
3,NONE,-1.0,-0.1,-1.0,-0.1
3,NONE,-1.0,-0.1,-1.0,-0.1
3,NONE,-1.0,-0.1,-1.0,-0.1
3,NONE,-1.0,-0.1,-1.0,-0.1
3,NONE,-1.0,-0.1,-1.0,-0.1
3,NONE,-1.0,-0.1,-1.0,-0.1
3,NONE,-1.0,-0.1,-1.0,-0.1
3,NONE,-1.0,-0.1,-1.0,-0.1
3,NONE,-1.0,-0.1,-1.0,-0.1
3,NONE,-1.0,-0.1,-1.0,-0.1
3,NONE,-1.0,-0.1,-1.0,-0.1
3,NONE,-1.0,-0.1,-1.0,-0.1
3,NONE,-1.0,-0.1,-1.0,-0.1
3,NONE,-1.0,-0.1,-1.0,-0.1
3,NONE,-1.0,-0.1,-1.0,-0.1
3,NONE,-1.0,-0.1,-1.0,-0.1
3,NONE,-1.0,-0.1,-1.0,-0.1
3,NONE,-1.0,-0.1,-1.0,-0.1
3,NONE,-1.0,-0.1,-1.0,-0.1
2,EV_B07_C030_Mototaxi_Electrica,-1.0,-0.1,10.0,21.869856899445768
1,EV_B07_C030_Mototaxi_Electrica,4.0,90.97998706722547,-1.0,21.869856899445768
1,EV_B07_C030_Mototaxi_Electrica,3.0,90.97998706722547,-1.0,21.869856899445768
1,EV_B07_C030_Mototaxi_Electrica,2.0,90.97998706722547,-1.0,21.869856899445768
1,EV_B07_C030_Mototaxi_Electrica,1.0,90.97998706722547,-1.0,21.869856899445768
1,EV_B07_C030_Mototaxi_Electrica,0.0,90.97998706722547,-1.0,21.869856899445768
3,NONE,-1.0,-0.1,-1.0,-0.1
3,NONE,-1.0,-0.1,-1.0,-0.1
3,NONE,-1.0,-0.1,-1.0,-0.1
3,NONE,-1.0,-0.1,-1.0,-0.1
3,NONE,-1.0,-0.1,-1.0,-0.1
3,NONE,-1.0,-0.1,-1.0,-0.1
3,NONE,-1.0,-0.1,-1.0,-0.1
3,NONE,-1.0,-0.1,-1.0,-0.1
3,NONE,-1.0,-0.1,-1.0,-0.1
3,NONE,-1.0,-0.1,-1.0,-0.1
3,NONE,-1.0,-0.1,-1.0,-0.1
3,NONE,-1.0,-0.1,-1.0,-0.1
3,NONE,-1.0,-0.1,-1.0,-0.1
3,NONE,-1.0,-0.1,-1.0,-0.1
3,NONE,-1.0,-0.1,-1.0,-0.1
3,NONE,-1.0,-0.1,-1.0,-0.1
3,NONE,-1.0,-0.1,-1.0,-0.1
3,NONE,-1.0,-0.1,-1.0,-0.1
2,EV_B07_C030_Mototaxi_Electrica,-1.0,-0.1,10.0,30.75386991341499
1,EV_B07_C030_Mototaxi_Electrica,4.0,82.43475075299153,-1.0,30.75386991341499
1,EV_B07_C030_Mototaxi_Electrica,3.0,82.43475075299153,-1.0,30.75386991341499
1,EV_B07_C030_Mototaxi_Electrica,2.0,82.43475075299153,-1.0,30.75386991341499
1,EV_B07_C030_Mototaxi_Electrica,1.0,82.43475075299153,-1.0,30.75386991341499
1,EV_B07_C030_Mototaxi_Electrica,0.0,82.43475075299153,-1.0,30.75386991341499
3,NONE,-1.0,-0.1,-1.0,-0.1
3,NONE,-1.0,-0.1,-1.0,-0.1
3,NONE,-1.0,-0.1,-1.0,-0.1
3,NONE,-1.0,-0.1,-1.0,-0.1
3,NONE,-1.0,-0.1,-1.0,-0.1
3,NONE,-1.0,-0.1,-1.0,-0.1
3,NONE,-1.0,-0.1,-1.0,-0.1
3,NONE,-1.0,-0.1,-1.0,-0.1
3,NONE,-1.0,-0.1,-1.0,-0.1
3,NONE,-1.0,-0.1,-1.0,-0.1
3,NONE,-1.0,-0.1,-1.0,-0.1
3,NONE,-1.0,-0.1,-1.0,-0.1
3,NONE,-1.0,-0.1,-1.0,-0.1
3,NONE,-1.0,-0.1,-1.0,-0.1
3,NONE,-1.0,-0.1,-1.0,-0.1
2,EV_B07_C030_Mototaxi_Electrica,-1.0,-0.1,7.0,24.14050237951345
1,EV_B07_C030_Mototaxi_Electrica,7.0,77.5022714897213,-1.0,24.14050237951345
1,EV_B07_C030_Mototaxi_Electrica,6.0,77.5022714897213,-1.0,24.14050237951345
1,EV_B07_C030_Mototaxi_Electrica,5.0,77.5022714897213,-1.0,24.14050237951345
1,EV_B07_C030_Mototaxi_Electrica,4.0,77.5022714897213,-1.0,24.14050237951345
1,EV_B07_C030_Mototaxi_Electrica,3.0,77.5022714897213,-1.0,24.14050237951345
1,EV_B07_C030_Mototaxi_Electrica,2.0,77.5022714897213,-1.0,24.14050237951345
1,EV_B07_C030_Mototaxi_Electrica,1.0,77.5022714897213,-1.0,24.14050237951345
1,EV_B07_C030_Mototaxi_Electrica,0.0,77.5022714897213,-1.0,24.14050237951345
3,NONE,-1.0,-0.1,-1.0,-0.1
3,NONE,-1.0,-0.1,-1.0,-0.1
3,NONE,-1.0,-0.1,-1.0,-0.1
3,NONE,-1.0,-0.1,-1.0,-0.1
3,NONE,-1.0,-0.1,-1.0,-0.1
3,NONE,-1.0,-0.1,-1.0,-0.1
3,NONE,-1.0,-0.1,-1.0,-0.1
3,NONE,-1.0,-0.1,-1.0,-0.1
3,NONE,-1.0,-0.1,-1.0,-0.1
3,NONE,-1.0,-0.1,-1.0,-0.1
3,NONE,-1.0,-0.1,-1.0,-0.1
3,NONE,-1.0,-0.1,-1.0,-0.1
3,NONE,-1.0,-0.1,-1.0,-0.1
3,NONE,-1.0,-0.1,-1.0,-0.1
3,NONE,-1.0,-0.1,-1.0,-0.1
3,NONE,-1.0,-0.1,-1.0,-0.1
3,NONE,-1.0,-0.1,-1.0,-0.1
3,NONE,-1.0,-0.1,-1.0,-0.1
3,NONE,-1.0,-0.1,-1.0,-0.1
3,NONE,-1.0,-0.1,-1.0,-0.1
3,NONE,-1.0,-0.1,-1.0,-0.1
3,NONE,-1.0,-0.1,-1.0,-0.1
3,NONE,-1.0,-0.1,-1.0,-0.1
3,NONE,-1.0,-0.1,-1.0,-0.1
3,NONE,-1.0,-0.1,-1.0,-0.1
3,NONE,-1.0,-0.1,-1.0,-0.1
3,NONE,-1.0,-0.1,-1.0,-0.1
3,NONE,-1.0,-0.1,-1.0,-0.1
3,NONE,-1.0,-0.1,-1.0,-0.1
3,NONE,-1.0,-0.1,-1.0,-0.1
3,NONE,-1.0,-0.1,-1.0,-0.1
3,NONE,-1.0,-0.1,-1.0,-0.1
3,NONE,-1.0,-0.1,-1.0,-0.1
3,NONE,-1.0,-0.1,-1.0,-0.1
3,NONE,-1.0,-0.1,-1.0,-0.1
3,NONE,-1.0,-0.1,-1.0,-0.1
3,NONE,-1.0,-0.1,-1.0,-0.1
3,NONE,-1.0,-0.1,-1.0,-0.1
3,NONE,-1.0,-0.1,-1.0,-0.1
3,NONE,-1.0,-0.1,-1.0,-0.1
3,NONE,-1.0,-0.1,-1.0,-0.1
3,NONE,-1.0,-0.1,-1.0,-0.1
3,NONE,-1.0,-0.1,-1.0,-0.1
3,NONE,-1.0,-0.1,-1.0,-0.1
3,NONE,-1.0,-0.1,-1.0,-0.1
3,NONE,-1.0,-0.1,-1.0,-0.1
3,NONE,-1.0,-0.1,-1.0,-0.1
3,NONE,-1.0,-0.1,-1.0,-0.1
3,NONE,-1.0,-0.1,-1.0,-0.1
3,NONE,-1.0,-0.1,-1.0,-0.1
3,NONE,-1.0,-0.1,-1.0,-0.1
3,NONE,-1.0,-0.1,-1.0,-0.1
3,NONE,-1.0,-0.1,-1.0,-0.1
3,NONE,-1.0,-0.1,-1.0,-0.1
3,NONE,-1.0,-0.1,-1.0,-0.1
3,NONE,-1.0,-0.1,-1.0,-0.1
3,NONE,-1.0,-0.1,-1.0,-0.1
3,NONE,-1.0,-0.1,-1.0,-0.1
3,NONE,-1.0,-0.1,-1.0,-0.1
3,NONE,-1.0,-0.1,-1.0,-0.1
3,NONE,-1.0,-0.1,-1.0,-0.1
3,NONE,-1.0,-0.1,-1.0,-0.1
3,NONE,-1.0,-0.1,-1.0,-0.1
3,NONE,-1.0,-0.1,-1.0,-0.1
3,NONE,-1.0,-0.1,-1.0,-0.1
3,NONE,-1.0,-0.1,-1.0,-0.1
3,NONE,-1.0,-0.1,-1.0,-0.1
3,NONE,-1.0,-0.1,-1.0,-0.1
3,NONE,-1.0,-0.1,-1.0,-0.1
3,NONE,-1.0,-0.1,-1.0,-0.1
3,NONE,-1.0,-0.1,-1.0,-0.1
3,NONE,-1.0,-0.1,-1.0,-0.1
3,NONE,-1.0,-0.1,-1.0,-0.1
3,NONE,-1.0,-0.1,-1.0,-0.1
3,NONE,-1.0,-0.1,-1.0,-0.1
3,NONE,-1.0,-0.1,-1.0,-0.1
3,NONE,-1.0,-0.1,-1.0,-0.1
3,NONE,-1.0,-0.1,-1.0,-0.1
3,NONE,-1.0,-0.1,-1.0,-0.1
3,NONE,-1.0,-0.1,-1.0,-0.1
3,NONE,-1.0,-0.1,-1.0,-0.1
3,NONE,-1.0,-0.1,-1.0,-0.1
3,NONE,-1.0,-0.1,-1.0,-0.1
3,NONE,-1.0,-0.1,-1.0,-0.1
3,NONE,-1.0,-0.1,-1.0,-0.1
3,NONE,-1.0,-0.1,-1.0,-0.1
3,NONE,-1.0,-0.1,-1.0,-0.1
3,NONE,-1.0,-0.1,-1.0,-0.1
3,NONE,-1.0,-0.1,-1.0,-0.1
3,NONE,-1.0,-0.1,-1.0,-0.1
3,NONE,-1.0,-0.1,-1.0,-0.1
3,NONE,-1.0,-0.1,-1.0,-0.1
3,NONE,-1.0,-0.1,-1.0,-0.1
3,NONE,-1.0,-0.1,-1.0,-0.1
3,NONE,-1.0,-0.1,-1.0,-0.1
3,NONE,-1.0,-0.1,-1.0,-0.1
3,NONE,-1.0,-0.1,-1.0,-0.1
3,NONE,-1.0,-0.1,-1.0,-0.1
3,NONE,-1.0,-0.1,-1.0,-0.1
3,NONE,-1.0,-0.1,-1.0,-0.1
3,NONE,-1.0,-0.1,-1.0,-0.1
3,NONE,-1.0,-0.1,-1.0,-0.1
3,NONE,-1.0,-0.1,-1.0,-0.1
3,NONE,-1.0,-0.1,-1.0,-0.1
3,NONE,-1.0,-0.1,-1.0,-0.1
3,NONE,-1.0,-0.1,-1.0,-0.1
3,NONE,-1.0,-0.1,-1.0,-0.1
3,NONE,-1.0,-0.1,-1.0,-0.1
3,NONE,-1.0,-0.1,-1.0,-0.1
3,NONE,-1.0,-0.1,-1.0,-0.1
3,NONE,-1.0,-0.1,-1.0,-0.1
3,NONE,-1.0,-0.1,-1.0,-0.1
3,NONE,-1.0,-0.1,-1.0,-0.1
3,NONE,-1.0,-0.1,-1.0,-0.1
3,NONE,-1.0,-0.1,-1.0,-0.1
3,NONE,-1.0,-0.1,-1.0,-0.1
3,NONE,-1.0,-0.1,-1.0,-0.1
3,NONE,-1.0,-0.1,-1.0,-0.1
3,NONE,-1.0,-0.1,-1.0,-0.1
3,NONE,-1.0,-0.1,-1.0,-0.1
3,NONE,-1.0,-0.1,-1.0,-0.1
3,NONE,-1.0,-0.1,-1.0,-0.1
3,NONE,-1.0,-0.1,-1.0,-0.1
3,NONE,-1.0,-0.1,-1.0,-0.1
3,NONE,-1.0,-0.1,-1.0,-0.1
3,NONE,-1.0,-0.1,-1.0,-0.1
3,NONE,-1.0,-0.1,-1.0,-0.1
3,NONE,-1.0,-0.1,-1.0,-0.1
3,NONE,-1.0,-0.1,-1.0,-0.1
3,NONE,-1.0,-0.1,-1.0,-0.1
3,NONE,-1.0,-0.1,-1.0,-0.1
3,NONE,-1.0,-0.1,-1.0,-0.1
3,NONE,-1.0,-0.1,-1.0,-0.1
3,NONE,-1.0,-0.1,-1.0,-0.1
3,NONE,-1.0,-0.1,-1.0,-0.1
3,NONE,-1.0,-0.1,-1.0,-0.1
2,EV_B07_C030_Mototaxi_Electrica,-1.0,-0.1,8.0,33.55347668215402
1,EV_B07_C030_Mototaxi_Electrica,6.0,72.23544883110172,-1.0,33.55347668215402
1,EV_B07_C030_Mototaxi_Electrica,5.0,72.23544883110172,-1.0,33.55347668215402
1,EV_B07_C030_Mototaxi_Electrica,4.0,72.23544883110172,-1.0,33.55347668215402
1,EV_B07_C030_Mototaxi_Electrica,3.0,72.23544883110172,-1.0,33.55347668215402
1,EV_B07_C030_Mototaxi_Electrica,2.0,72.23544883110172,-1.0,33.55347668215402
1,EV_B07_C030_Mototaxi_Electrica,1.0,72.23544883110172,-1.0,33.55347668215402
1,EV_B07_C030_Mototaxi_Electrica,0.0,72.23544883110172,-1.0,33.55347668215402
3,NONE,-1.0,-0.1,-1.0,-0.1
3,NONE,-1.0,-0.1,-1.0,-0.1
3,NONE,-1.0,-0.1,-1.0,-0.1
3,NONE,-1.0,-0.1,-1.0,-0.1
3,NONE,-1.0,-0.1,-1.0,-0.1
3,NONE,-1.0,-0.1,-1.0,-0.1
3,NONE,-1.0,-0.1,-1.0,-0.1
3,NONE,-1.0,-0.1,-1.0,-0.1
3,NONE,-1.0,-0.1,-1.0,-0.1
3,NONE,-1.0,-0.1,-1.0,-0.1
3,NONE,-1.0,-0.1,-1.0,-0.1
3,NONE,-1.0,-0.1,-1.0,-0.1
3,NONE,-1.0,-0.1,-1.0,-0.1
3,NONE,-1.0,-0.1,-1.0,-0.1
3,NONE,-1.0,-0.1,-1.0,-0.1
3,NONE,-1.0,-0.1,-1.0,-0.1
2,EV_B07_C030_Mototaxi_Electrica,-1.0,-0.1,8.0,35.73159216445845
1,EV_B07_C030_Mototaxi_Electrica,6.0,76.96604057923574,-1.0,35.73159216445845
1,EV_B07_C030_Mototaxi_Electrica,5.0,76.96604057923574,-1.0,35.73159216445845
1,EV_B07_C030_Mototaxi_Electrica,4.0,76.96604057923574,-1.0,35.73159216445845
1,EV_B07_C030_Mototaxi_Electrica,3.0,76.96604057923574,-1.0,35.73159216445845
1,EV_B07_C030_Mototaxi_Electrica,2.0,76.96604057923574,-1.0,35.73159216445845
1,EV_B07_C030_Mototaxi_Electrica,1.0,76.96604057923574,-1.0,35.73159216445845
1,EV_B07_C030_Mototaxi_Electrica,0.0,76.96604057923574,-1.0,35.73159216445845
3,NONE,-1.0,-0.1,-1.0,-0.1
3,NONE,-1.0,-0.1,-1.0,-0.1
3,NONE,-1.0,-0.1,-1.0,-0.1
3,NONE,-1.0,-0.1,-1.0,-0.1
3,NONE,-1.0,-0.1,-1.0,-0.1
3,NONE,-1.0,-0.1,-1.0,-0.1
3,NONE,-1.0,-0.1,-1.0,-0.1
3,NONE,-1.0,-0.1,-1.0,-0.1
3,NONE,-1.0,-0.1,-1.0,-0.1
3,NONE,-1.0,-0.1,-1.0,-0.1
3,NONE,-1.0,-0.1,-1.0,-0.1
3,NONE,-1.0,-0.1,-1.0,-0.1
3,NONE,-1.0,-0.1,-1.0,-0.1
3,NONE,-1.0,-0.1,-1.0,-0.1
3,NONE,-1.0,-0.1,-1.0,-0.1
3,NONE,-1.0,-0.1,-1.0,-0.1
2,EV_B07_C030_Mototaxi_Electrica,-1.0,-0.1,8.0,32.967474415826125
1,EV_B07_C030_Mototaxi_Electrica,6.0,90.42845385043036,-1.0,32.967474415826125
1,EV_B07_C030_Mototaxi_Electrica,5.0,90.42845385043036,-1.0,32.967474415826125
1,EV_B07_C030_Mototaxi_Electrica,4.0,90.42845385043036,-1.0,32.967474415826125
1,EV_B07_C030_Mototaxi_Electrica,3.0,90.42845385043036,-1.0,32.967474415826125
1,EV_B07_C030_Mototaxi_Electrica,2.0,90.42845385043036,-1.0,32.967474415826125
1,EV_B07_C030_Mototaxi_Electrica,1.0,90.42845385043036,-1.0,32.967474415826125
1,EV_B07_C030_Mototaxi_Electrica,0.0,90.42845385043036,-1.0,32.967474415826125
3,NONE,-1.0,-0.1,-1.0,-0.1
3,NONE,-1.0,-0.1,-1.0,-0.1
3,NONE,-1.0,-0.1,-1.0,-0.1
3,NONE,-1.0,-0.1,-1.0,-0.1
3,NONE,-1.0,-0.1,-1.0,-0.1
3,NONE,-1.0,-0.1,-1.0,-0.1
3,NONE,-1.0,-0.1,-1.0,-0.1
3,NONE,-1.0,-0.1,-1.0,-0.1
3,NONE,-1.0,-0.1,-1.0,-0.1
3,NONE,-1.0,-0.1,-1.0,-0.1
3,NONE,-1.0,-0.1,-1.0,-0.1
3,NONE,-1.0,-0.1,-1.0,-0.1
3,NONE,-1.0,-0.1,-1.0,-0.1
3,NONE,-1.0,-0.1,-1.0,-0.1
3,NONE,-1.0,-0.1,-1.0,-0.1
2,EV_B07_C030_Mototaxi_Electrica,-1.0,-0.1,7.0,28.893965590057757
1,EV_B07_C030_Mototaxi_Electrica,7.0,81.36955090000146,-1.0,28.893965590057757
1,EV_B07_C030_Mototaxi_Electrica,6.0,81.36955090000146,-1.0,28.893965590057757
1,EV_B07_C030_Mototaxi_Electrica,5.0,81.36955090000146,-1.0,28.893965590057757
1,EV_B07_C030_Mototaxi_Electrica,4.0,81.36955090000146,-1.0,28.893965590057757
1,EV_B07_C030_Mototaxi_Electrica,3.0,81.36955090000146,-1.0,28.893965590057757
1,EV_B07_C030_Mototaxi_Electrica,2.0,81.36955090000146,-1.0,28.893965590057757
1,EV_B07_C030_Mototaxi_Electrica,1.0,81.36955090000146,-1.0,28.893965590057757
1,EV_B07_C030_Mototaxi_Electrica,0.0,81.36955090000146,-1.0,28.893965590057757
3,NONE,-1.0,-0.1,-1.0,-0.1
3,NONE,-1.0,-0.1,-1.0,-0.1
3,NONE,-1.0,-0.1,-1.0,-0.1
3,NONE,-1.0,-0.1,-1.0,-0.1
3,NONE,-1.0,-0.1,-1.0,-0.1
3,NONE,-1.0,-0.1,-1.0,-0.1
3,NONE,-1.0,-0.1,-1.0,-0.1
3,NONE,-1.0,-0.1,-1.0,-0.1
3,NONE,-1.0,-0.1,-1.0,-0.1
3,NONE,-1.0,-0.1,-1.0,-0.1
3,NONE,-1.0,-0.1,-1.0,-0.1
3,NONE,-1.0,-0.1,-1.0,-0.1
3,NONE,-1.0,-0.1,-1.0,-0.1
3,NONE,-1.0,-0.1,-1.0,-0.1
3,NONE,-1.0,-0.1,-1.0,-0.1
3,NONE,-1.0,-0.1,-1.0,-0.1
3,NONE,-1.0,-0.1,-1.0,-0.1
3,NONE,-1.0,-0.1,-1.0,-0.1
3,NONE,-1.0,-0.1,-1.0,-0.1
3,NONE,-1.0,-0.1,-1.0,-0.1
3,NONE,-1.0,-0.1,-1.0,-0.1
3,NONE,-1.0,-0.1,-1.0,-0.1
3,NONE,-1.0,-0.1,-1.0,-0.1
3,NONE,-1.0,-0.1,-1.0,-0.1
3,NONE,-1.0,-0.1,-1.0,-0.1
3,NONE,-1.0,-0.1,-1.0,-0.1
3,NONE,-1.0,-0.1,-1.0,-0.1
3,NONE,-1.0,-0.1,-1.0,-0.1
3,NONE,-1.0,-0.1,-1.0,-0.1
3,NONE,-1.0,-0.1,-1.0,-0.1
3,NONE,-1.0,-0.1,-1.0,-0.1
3,NONE,-1.0,-0.1,-1.0,-0.1
3,NONE,-1.0,-0.1,-1.0,-0.1
3,NONE,-1.0,-0.1,-1.0,-0.1
3,NONE,-1.0,-0.1,-1.0,-0.1
3,NONE,-1.0,-0.1,-1.0,-0.1
3,NONE,-1.0,-0.1,-1.0,-0.1
3,NONE,-1.0,-0.1,-1.0,-0.1
3,NONE,-1.0,-0.1,-1.0,-0.1
3,NONE,-1.0,-0.1,-1.0,-0.1
3,NONE,-1.0,-0.1,-1.0,-0.1
3,NONE,-1.0,-0.1,-1.0,-0.1
3,NONE,-1.0,-0.1,-1.0,-0.1
3,NONE,-1.0,-0.1,-1.0,-0.1
3,NONE,-1.0,-0.1,-1.0,-0.1
3,NONE,-1.0,-0.1,-1.0,-0.1
3,NONE,-1.0,-0.1,-1.0,-0.1
3,NONE,-1.0,-0.1,-1.0,-0.1
3,NONE,-1.0,-0.1,-1.0,-0.1
3,NONE,-1.0,-0.1,-1.0,-0.1
3,NONE,-1.0,-0.1,-1.0,-0.1
3,NONE,-1.0,-0.1,-1.0,-0.1
3,NONE,-1.0,-0.1,-1.0,-0.1
3,NONE,-1.0,-0.1,-1.0,-0.1
3,NONE,-1.0,-0.1,-1.0,-0.1
3,NONE,-1.0,-0.1,-1.0,-0.1
3,NONE,-1.0,-0.1,-1.0,-0.1
3,NONE,-1.0,-0.1,-1.0,-0.1
3,NONE,-1.0,-0.1,-1.0,-0.1
3,NONE,-1.0,-0.1,-1.0,-0.1
3,NONE,-1.0,-0.1,-1.0,-0.1
3,NONE,-1.0,-0.1,-1.0,-0.1
3,NONE,-1.0,-0.1,-1.0,-0.1
3,NONE,-1.0,-0.1,-1.0,-0.1
3,NONE,-1.0,-0.1,-1.0,-0.1
3,NONE,-1.0,-0.1,-1.0,-0.1
3,NONE,-1.0,-0.1,-1.0,-0.1
3,NONE,-1.0,-0.1,-1.0,-0.1
3,NONE,-1.0,-0.1,-1.0,-0.1
3,NONE,-1.0,-0.1,-1.0,-0.1
3,NONE,-1.0,-0.1,-1.0,-0.1
3,NONE,-1.0,-0.1,-1.0,-0.1
3,NONE,-1.0,-0.1,-1.0,-0.1
3,NONE,-1.0,-0.1,-1.0,-0.1
3,NONE,-1.0,-0.1,-1.0,-0.1
3,NONE,-1.0,-0.1,-1.0,-0.1
3,NONE,-1.0,-0.1,-1.0,-0.1
3,NONE,-1.0,-0.1,-1.0,-0.1
3,NONE,-1.0,-0.1,-1.0,-0.1
3,NONE,-1.0,-0.1,-1.0,-0.1
3,NONE,-1.0,-0.1,-1.0,-0.1
3,NONE,-1.0,-0.1,-1.0,-0.1
3,NONE,-1.0,-0.1,-1.0,-0.1
3,NONE,-1.0,-0.1,-1.0,-0.1
3,NONE,-1.0,-0.1,-1.0,-0.1
3,NONE,-1.0,-0.1,-1.0,-0.1
3,NONE,-1.0,-0.1,-1.0,-0.1
3,NONE,-1.0,-0.1,-1.0,-0.1
3,NONE,-1.0,-0.1,-1.0,-0.1
3,NONE,-1.0,-0.1,-1.0,-0.1
3,NONE,-1.0,-0.1,-1.0,-0.1
3,NONE,-1.0,-0.1,-1.0,-0.1
3,NONE,-1.0,-0.1,-1.0,-0.1
3,NONE,-1.0,-0.1,-1.0,-0.1
3,NONE,-1.0,-0.1,-1.0,-0.1
3,NONE,-1.0,-0.1,-1.0,-0.1
3,NONE,-1.0,-0.1,-1.0,-0.1
3,NONE,-1.0,-0.1,-1.0,-0.1
3,NONE,-1.0,-0.1,-1.0,-0.1
3,NONE,-1.0,-0.1,-1.0,-0.1
3,NONE,-1.0,-0.1,-1.0,-0.1
3,NONE,-1.0,-0.1,-1.0,-0.1
3,NONE,-1.0,-0.1,-1.0,-0.1
3,NONE,-1.0,-0.1,-1.0,-0.1
3,NONE,-1.0,-0.1,-1.0,-0.1
3,NONE,-1.0,-0.1,-1.0,-0.1
3,NONE,-1.0,-0.1,-1.0,-0.1
3,NONE,-1.0,-0.1,-1.0,-0.1
3,NONE,-1.0,-0.1,-1.0,-0.1
3,NONE,-1.0,-0.1,-1.0,-0.1
3,NONE,-1.0,-0.1,-1.0,-0.1
3,NONE,-1.0,-0.1,-1.0,-0.1
3,NONE,-1.0,-0.1,-1.0,-0.1
3,NONE,-1.0,-0.1,-1.0,-0.1
3,NONE,-1.0,-0.1,-1.0,-0.1
3,NONE,-1.0,-0.1,-1.0,-0.1
3,NONE,-1.0,-0.1,-1.0,-0.1
3,NONE,-1.0,-0.1,-1.0,-0.1
3,NONE,-1.0,-0.1,-1.0,-0.1
3,NONE,-1.0,-0.1,-1.0,-0.1
3,NONE,-1.0,-0.1,-1.0,-0.1
3,NONE,-1.0,-0.1,-1.0,-0.1
3,NONE,-1.0,-0.1,-1.0,-0.1
3,NONE,-1.0,-0.1,-1.0,-0.1
3,NONE,-1.0,-0.1,-1.0,-0.1
3,NONE,-1.0,-0.1,-1.0,-0.1
3,NONE,-1.0,-0.1,-1.0,-0.1
3,NONE,-1.0,-0.1,-1.0,-0.1
3,NONE,-1.0,-0.1,-1.0,-0.1
3,NONE,-1.0,-0.1,-1.0,-0.1
3,NONE,-1.0,-0.1,-1.0,-0.1
3,NONE,-1.0,-0.1,-1.0,-0.1
3,NONE,-1.0,-0.1,-1.0,-0.1
3,NONE,-1.0,-0.1,-1.0,-0.1
3,NONE,-1.0,-0.1,-1.0,-0.1
3,NONE,-1.0,-0.1,-1.0,-0.1
2,EV_B07_C030_Mototaxi_Electrica,-1.0,-0.1,8.0,11.302673007017837
1,EV_B07_C030_Mototaxi_Electrica,6.0,79.71849315835203,-1.0,11.302673007017837
1,EV_B07_C030_Mototaxi_Electrica,5.0,79.71849315835203,-1.0,11.302673007017837
1,EV_B07_C030_Mototaxi_Electrica,4.0,79.71849315835203,-1.0,11.302673007017837
1,EV_B07_C030_Mototaxi_Electrica,3.0,79.71849315835203,-1.0,11.302673007017837
1,EV_B07_C030_Mototaxi_Electrica,2.0,79.71849315835203,-1.0,11.302673007017837
1,EV_B07_C030_Mototaxi_Electrica,1.0,79.71849315835203,-1.0,11.302673007017837
1,EV_B07_C030_Mototaxi_Electrica,0.0,79.71849315835203,-1.0,11.302673007017837
3,NONE,-1.0,-0.1,-1.0,-0.1
3,NONE,-1.0,-0.1,-1.0,-0.1
3,NONE,-1.0,-0.1,-1.0,-0.1
3,NONE,-1.0,-0.1,-1.0,-0.1
3,NONE,-1.0,-0.1,-1.0,-0.1
3,NONE,-1.0,-0.1,-1.0,-0.1
3,NONE,-1.0,-0.1,-1.0,-0.1
3,NONE,-1.0,-0.1,-1.0,-0.1
3,NONE,-1.0,-0.1,-1.0,-0.1
3,NONE,-1.0,-0.1,-1.0,-0.1
3,NONE,-1.0,-0.1,-1.0,-0.1
3,NONE,-1.0,-0.1,-1.0,-0.1
3,NONE,-1.0,-0.1,-1.0,-0.1
3,NONE,-1.0,-0.1,-1.0,-0.1
3,NONE,-1.0,-0.1,-1.0,-0.1
3,NONE,-1.0,-0.1,-1.0,-0.1
3,NONE,-1.0,-0.1,-1.0,-0.1
2,EV_B07_C030_Mototaxi_Electrica,-1.0,-0.1,9.0,50.343412174208616
1,EV_B07_C030_Mototaxi_Electrica,5.0,82.4900419838782,-1.0,50.343412174208616
1,EV_B07_C030_Mototaxi_Electrica,4.0,82.4900419838782,-1.0,50.343412174208616
1,EV_B07_C030_Mototaxi_Electrica,3.0,82.4900419838782,-1.0,50.343412174208616
1,EV_B07_C030_Mototaxi_Electrica,2.0,82.4900419838782,-1.0,50.343412174208616
1,EV_B07_C030_Mototaxi_Electrica,1.0,82.4900419838782,-1.0,50.343412174208616
1,EV_B07_C030_Mototaxi_Electrica,0.0,82.4900419838782,-1.0,50.343412174208616
3,NONE,-1.0,-0.1,-1.0,-0.1
3,NONE,-1.0,-0.1,-1.0,-0.1
3,NONE,-1.0,-0.1,-1.0,-0.1
3,NONE,-1.0,-0.1,-1.0,-0.1
3,NONE,-1.0,-0.1,-1.0,-0.1
3,NONE,-1.0,-0.1,-1.0,-0.1
3,NONE,-1.0,-0.1,-1.0,-0.1
3,NONE,-1.0,-0.1,-1.0,-0.1
3,NONE,-1.0,-0.1,-1.0,-0.1
3,NONE,-1.0,-0.1,-1.0,-0.1
3,NONE,-1.0,-0.1,-1.0,-0.1
3,NONE,-1.0,-0.1,-1.0,-0.1
3,NONE,-1.0,-0.1,-1.0,-0.1
3,NONE,-1.0,-0.1,-1.0,-0.1
3,NONE,-1.0,-0.1,-1.0,-0.1
3,NONE,-1.0,-0.1,-1.0,-0.1
3,NONE,-1.0,-0.1,-1.0,-0.1
3,NONE,-1.0,-0.1,-1.0,-0.1
3,NONE,-1.0,-0.1,-1.0,-0.1
3,NONE,-1.0,-0.1,-1.0,-0.1
3,NONE,-1.0,-0.1,-1.0,-0.1
3,NONE,-1.0,-0.1,-1.0,-0.1
3,NONE,-1.0,-0.1,-1.0,-0.1
3,NONE,-1.0,-0.1,-1.0,-0.1
3,NONE,-1.0,-0.1,-1.0,-0.1
3,NONE,-1.0,-0.1,-1.0,-0.1
3,NONE,-1.0,-0.1,-1.0,-0.1
3,NONE,-1.0,-0.1,-1.0,-0.1
3,NONE,-1.0,-0.1,-1.0,-0.1
3,NONE,-1.0,-0.1,-1.0,-0.1
3,NONE,-1.0,-0.1,-1.0,-0.1
3,NONE,-1.0,-0.1,-1.0,-0.1
3,NONE,-1.0,-0.1,-1.0,-0.1
3,NONE,-1.0,-0.1,-1.0,-0.1
3,NONE,-1.0,-0.1,-1.0,-0.1
3,NONE,-1.0,-0.1,-1.0,-0.1
3,NONE,-1.0,-0.1,-1.0,-0.1
3,NONE,-1.0,-0.1,-1.0,-0.1
3,NONE,-1.0,-0.1,-1.0,-0.1
3,NONE,-1.0,-0.1,-1.0,-0.1
3,NONE,-1.0,-0.1,-1.0,-0.1
3,NONE,-1.0,-0.1,-1.0,-0.1
3,NONE,-1.0,-0.1,-1.0,-0.1
3,NONE,-1.0,-0.1,-1.0,-0.1
3,NONE,-1.0,-0.1,-1.0,-0.1
3,NONE,-1.0,-0.1,-1.0,-0.1
3,NONE,-1.0,-0.1,-1.0,-0.1
3,NONE,-1.0,-0.1,-1.0,-0.1
3,NONE,-1.0,-0.1,-1.0,-0.1
3,NONE,-1.0,-0.1,-1.0,-0.1
3,NONE,-1.0,-0.1,-1.0,-0.1
3,NONE,-1.0,-0.1,-1.0,-0.1
3,NONE,-1.0,-0.1,-1.0,-0.1
3,NONE,-1.0,-0.1,-1.0,-0.1
3,NONE,-1.0,-0.1,-1.0,-0.1
3,NONE,-1.0,-0.1,-1.0,-0.1
3,NONE,-1.0,-0.1,-1.0,-0.1
3,NONE,-1.0,-0.1,-1.0,-0.1
3,NONE,-1.0,-0.1,-1.0,-0.1
3,NONE,-1.0,-0.1,-1.0,-0.1
3,NONE,-1.0,-0.1,-1.0,-0.1
3,NONE,-1.0,-0.1,-1.0,-0.1
3,NONE,-1.0,-0.1,-1.0,-0.1
3,NONE,-1.0,-0.1,-1.0,-0.1
2,EV_B07_C030_Mototaxi_Electrica,-1.0,-0.1,8.0,35.64682286116415
1,EV_B07_C030_Mototaxi_Electrica,6.0,83.97786863281533,-1.0,35.64682286116415
1,EV_B07_C030_Mototaxi_Electrica,5.0,83.97786863281533,-1.0,35.64682286116415
1,EV_B07_C030_Mototaxi_Electrica,4.0,83.97786863281533,-1.0,35.64682286116415
1,EV_B07_C030_Mototaxi_Electrica,3.0,83.97786863281533,-1.0,35.64682286116415
1,EV_B07_C030_Mototaxi_Electrica,2.0,83.97786863281533,-1.0,35.64682286116415
1,EV_B07_C030_Mototaxi_Electrica,1.0,83.97786863281533,-1.0,35.64682286116415
1,EV_B07_C030_Mototaxi_Electrica,0.0,83.97786863281533,-1.0,35.64682286116415
3,NONE,-1.0,-0.1,-1.0,-0.1
3,NONE,-1.0,-0.1,-1.0,-0.1
3,NONE,-1.0,-0.1,-1.0,-0.1
3,NONE,-1.0,-0.1,-1.0,-0.1
3,NONE,-1.0,-0.1,-1.0,-0.1
3,NONE,-1.0,-0.1,-1.0,-0.1
3,NONE,-1.0,-0.1,-1.0,-0.1
3,NONE,-1.0,-0.1,-1.0,-0.1
3,NONE,-1.0,-0.1,-1.0,-0.1
3,NONE,-1.0,-0.1,-1.0,-0.1
3,NONE,-1.0,-0.1,-1.0,-0.1
3,NONE,-1.0,-0.1,-1.0,-0.1
3,NONE,-1.0,-0.1,-1.0,-0.1
3,NONE,-1.0,-0.1,-1.0,-0.1
3,NONE,-1.0,-0.1,-1.0,-0.1
3,NONE,-1.0,-0.1,-1.0,-0.1
2,EV_B07_C030_Mototaxi_Electrica,-1.0,-0.1,8.0,18.036740434298814
1,EV_B07_C030_Mototaxi_Electrica,6.0,77.8728230590771,-1.0,18.036740434298814
1,EV_B07_C030_Mototaxi_Electrica,5.0,77.8728230590771,-1.0,18.036740434298814
1,EV_B07_C030_Mototaxi_Electrica,4.0,77.8728230590771,-1.0,18.036740434298814
1,EV_B07_C030_Mototaxi_Electrica,3.0,77.8728230590771,-1.0,18.036740434298814
1,EV_B07_C030_Mototaxi_Electrica,2.0,77.8728230590771,-1.0,18.036740434298814
1,EV_B07_C030_Mototaxi_Electrica,1.0,77.8728230590771,-1.0,18.036740434298814
1,EV_B07_C030_Mototaxi_Electrica,0.0,77.8728230590771,-1.0,18.036740434298814
3,NONE,-1.0,-0.1,-1.0,-0.1
3,NONE,-1.0,-0.1,-1.0,-0.1
3,NONE,-1.0,-0.1,-1.0,-0.1
3,NONE,-1.0,-0.1,-1.0,-0.1
3,NONE,-1.0,-0.1,-1.0,-0.1
3,NONE,-1.0,-0.1,-1.0,-0.1
3,NONE,-1.0,-0.1,-1.0,-0.1
3,NONE,-1.0,-0.1,-1.0,-0.1
3,NONE,-1.0,-0.1,-1.0,-0.1
3,NONE,-1.0,-0.1,-1.0,-0.1
3,NONE,-1.0,-0.1,-1.0,-0.1
3,NONE,-1.0,-0.1,-1.0,-0.1
3,NONE,-1.0,-0.1,-1.0,-0.1
3,NONE,-1.0,-0.1,-1.0,-0.1
3,NONE,-1.0,-0.1,-1.0,-0.1
3,NONE,-1.0,-0.1,-1.0,-0.1
2,EV_B07_C030_Mototaxi_Electrica,-1.0,-0.1,8.0,36.582041078976495
1,EV_B07_C030_Mototaxi_Electrica,6.0,78.00693388410645,-1.0,36.582041078976495
1,EV_B07_C030_Mototaxi_Electrica,5.0,78.00693388410645,-1.0,36.582041078976495
1,EV_B07_C030_Mototaxi_Electrica,4.0,78.00693388410645,-1.0,36.582041078976495
1,EV_B07_C030_Mototaxi_Electrica,3.0,78.00693388410645,-1.0,36.582041078976495
1,EV_B07_C030_Mototaxi_Electrica,2.0,78.00693388410645,-1.0,36.582041078976495
1,EV_B07_C030_Mototaxi_Electrica,1.0,78.00693388410645,-1.0,36.582041078976495
1,EV_B07_C030_Mototaxi_Electrica,0.0,78.00693388410645,-1.0,36.582041078976495
3,NONE,-1.0,-0.1,-1.0,-0.1
3,NONE,-1.0,-0.1,-1.0,-0.1
3,NONE,-1.0,-0.1,-1.0,-0.1
3,NONE,-1.0,-0.1,-1.0,-0.1
3,NONE,-1.0,-0.1,-1.0,-0.1
3,NONE,-1.0,-0.1,-1.0,-0.1
3,NONE,-1.0,-0.1,-1.0,-0.1
3,NONE,-1.0,-0.1,-1.0,-0.1
3,NONE,-1.0,-0.1,-1.0,-0.1
3,NONE,-1.0,-0.1,-1.0,-0.1
3,NONE,-1.0,-0.1,-1.0,-0.1
3,NONE,-1.0,-0.1,-1.0,-0.1
3,NONE,-1.0,-0.1,-1.0,-0.1
3,NONE,-1.0,-0.1,-1.0,-0.1
3,NONE,-1.0,-0.1,-1.0,-0.1
2,EV_B07_C030_Mototaxi_Electrica,-1.0,-0.1,7.0,34.149609413318345
1,EV_B07_C030_Mototaxi_Electrica,5.0,89.9003039995572,-1.0,34.149609413318345
1,EV_B07_C030_Mototaxi_Electrica,4.0,89.9003039995572,-1.0,34.149609413318345
1,EV_B07_C030_Mototaxi_Electrica,3.0,89.9003039995572,-1.0,34.149609413318345
1,EV_B07_C030_Mototaxi_Electrica,2.0,89.9003039995572,-1.0,34.149609413318345
1,EV_B07_C030_Mototaxi_Electrica,1.0,89.9003039995572,-1.0,34.149609413318345
1,EV_B07_C030_Mototaxi_Electrica,0.0,89.9003039995572,-1.0,34.149609413318345
3,NONE,-1.0,-0.1,-1.0,-0.1
3,NONE,-1.0,-0.1,-1.0,-0.1
3,NONE,-1.0,-0.1,-1.0,-0.1
3,NONE,-1.0,-0.1,-1.0,-0.1
3,NONE,-1.0,-0.1,-1.0,-0.1
3,NONE,-1.0,-0.1,-1.0,-0.1
3,NONE,-1.0,-0.1,-1.0,-0.1
3,NONE,-1.0,-0.1,-1.0,-0.1
3,NONE,-1.0,-0.1,-1.0,-0.1
3,NONE,-1.0,-0.1,-1.0,-0.1
3,NONE,-1.0,-0.1,-1.0,-0.1
3,NONE,-1.0,-0.1,-1.0,-0.1
3,NONE,-1.0,-0.1,-1.0,-0.1
3,NONE,-1.0,-0.1,-1.0,-0.1
3,NONE,-1.0,-0.1,-1.0,-0.1
3,NONE,-1.0,-0.1,-1.0,-0.1
3,NONE,-1.0,-0.1,-1.0,-0.1
3,NONE,-1.0,-0.1,-1.0,-0.1
2,EV_B07_C030_Mototaxi_Electrica,-1.0,-0.1,8.0,37.591030756641615
1,EV_B07_C030_Mototaxi_Electrica,6.0,79.328706212199,-1.0,37.591030756641615
1,EV_B07_C030_Mototaxi_Electrica,5.0,79.328706212199,-1.0,37.591030756641615
1,EV_B07_C030_Mototaxi_Electrica,4.0,79.328706212199,-1.0,37.591030756641615
1,EV_B07_C030_Mototaxi_Electrica,3.0,79.328706212199,-1.0,37.591030756641615
1,EV_B07_C030_Mototaxi_Electrica,2.0,79.328706212199,-1.0,37.591030756641615
1,EV_B07_C030_Mototaxi_Electrica,1.0,79.328706212199,-1.0,37.591030756641615
1,EV_B07_C030_Mototaxi_Electrica,0.0,79.328706212199,-1.0,37.591030756641615
3,NONE,-1.0,-0.1,-1.0,-0.1
3,NONE,-1.0,-0.1,-1.0,-0.1
3,NONE,-1.0,-0.1,-1.0,-0.1
3,NONE,-1.0,-0.1,-1.0,-0.1
3,NONE,-1.0,-0.1,-1.0,-0.1
3,NONE,-1.0,-0.1,-1.0,-0.1
3,NONE,-1.0,-0.1,-1.0,-0.1
3,NONE,-1.0,-0.1,-1.0,-0.1
3,NONE,-1.0,-0.1,-1.0,-0.1
3,NONE,-1.0,-0.1,-1.0,-0.1
3,NONE,-1.0,-0.1,-1.0,-0.1
3,NONE,-1.0,-0.1,-1.0,-0.1
3,NONE,-1.0,-0.1,-1.0,-0.1
3,NONE,-1.0,-0.1,-1.0,-0.1
3,NONE,-1.0,-0.1,-1.0,-0.1
3,NONE,-1.0,-0.1,-1.0,-0.1
3,NONE,-1.0,-0.1,-1.0,-0.1
3,NONE,-1.0,-0.1,-1.0,-0.1
3,NONE,-1.0,-0.1,-1.0,-0.1
3,NONE,-1.0,-0.1,-1.0,-0.1
3,NONE,-1.0,-0.1,-1.0,-0.1
3,NONE,-1.0,-0.1,-1.0,-0.1
3,NONE,-1.0,-0.1,-1.0,-0.1
3,NONE,-1.0,-0.1,-1.0,-0.1
3,NONE,-1.0,-0.1,-1.0,-0.1
3,NONE,-1.0,-0.1,-1.0,-0.1
3,NONE,-1.0,-0.1,-1.0,-0.1
3,NONE,-1.0,-0.1,-1.0,-0.1
3,NONE,-1.0,-0.1,-1.0,-0.1
3,NONE,-1.0,-0.1,-1.0,-0.1
3,NONE,-1.0,-0.1,-1.0,-0.1
3,NONE,-1.0,-0.1,-1.0,-0.1
3,NONE,-1.0,-0.1,-1.0,-0.1
3,NONE,-1.0,-0.1,-1.0,-0.1
3,NONE,-1.0,-0.1,-1.0,-0.1
3,NONE,-1.0,-0.1,-1.0,-0.1
3,NONE,-1.0,-0.1,-1.0,-0.1
3,NONE,-1.0,-0.1,-1.0,-0.1
3,NONE,-1.0,-0.1,-1.0,-0.1
3,NONE,-1.0,-0.1,-1.0,-0.1
3,NONE,-1.0,-0.1,-1.0,-0.1
3,NONE,-1.0,-0.1,-1.0,-0.1
3,NONE,-1.0,-0.1,-1.0,-0.1
3,NONE,-1.0,-0.1,-1.0,-0.1
3,NONE,-1.0,-0.1,-1.0,-0.1
3,NONE,-1.0,-0.1,-1.0,-0.1
3,NONE,-1.0,-0.1,-1.0,-0.1
3,NONE,-1.0,-0.1,-1.0,-0.1
3,NONE,-1.0,-0.1,-1.0,-0.1
3,NONE,-1.0,-0.1,-1.0,-0.1
3,NONE,-1.0,-0.1,-1.0,-0.1
3,NONE,-1.0,-0.1,-1.0,-0.1
3,NONE,-1.0,-0.1,-1.0,-0.1
3,NONE,-1.0,-0.1,-1.0,-0.1
3,NONE,-1.0,-0.1,-1.0,-0.1
3,NONE,-1.0,-0.1,-1.0,-0.1
3,NONE,-1.0,-0.1,-1.0,-0.1
3,NONE,-1.0,-0.1,-1.0,-0.1
3,NONE,-1.0,-0.1,-1.0,-0.1
3,NONE,-1.0,-0.1,-1.0,-0.1
3,NONE,-1.0,-0.1,-1.0,-0.1
3,NONE,-1.0,-0.1,-1.0,-0.1
3,NONE,-1.0,-0.1,-1.0,-0.1
3,NONE,-1.0,-0.1,-1.0,-0.1
3,NONE,-1.0,-0.1,-1.0,-0.1
3,NONE,-1.0,-0.1,-1.0,-0.1
3,NONE,-1.0,-0.1,-1.0,-0.1
3,NONE,-1.0,-0.1,-1.0,-0.1
3,NONE,-1.0,-0.1,-1.0,-0.1
3,NONE,-1.0,-0.1,-1.0,-0.1
3,NONE,-1.0,-0.1,-1.0,-0.1
3,NONE,-1.0,-0.1,-1.0,-0.1
3,NONE,-1.0,-0.1,-1.0,-0.1
3,NONE,-1.0,-0.1,-1.0,-0.1
3,NONE,-1.0,-0.1,-1.0,-0.1
3,NONE,-1.0,-0.1,-1.0,-0.1
3,NONE,-1.0,-0.1,-1.0,-0.1
3,NONE,-1.0,-0.1,-1.0,-0.1
3,NONE,-1.0,-0.1,-1.0,-0.1
3,NONE,-1.0,-0.1,-1.0,-0.1
3,NONE,-1.0,-0.1,-1.0,-0.1
3,NONE,-1.0,-0.1,-1.0,-0.1
3,NONE,-1.0,-0.1,-1.0,-0.1
3,NONE,-1.0,-0.1,-1.0,-0.1
3,NONE,-1.0,-0.1,-1.0,-0.1
3,NONE,-1.0,-0.1,-1.0,-0.1
3,NONE,-1.0,-0.1,-1.0,-0.1
3,NONE,-1.0,-0.1,-1.0,-0.1
3,NONE,-1.0,-0.1,-1.0,-0.1
3,NONE,-1.0,-0.1,-1.0,-0.1
3,NONE,-1.0,-0.1,-1.0,-0.1
3,NONE,-1.0,-0.1,-1.0,-0.1
3,NONE,-1.0,-0.1,-1.0,-0.1
3,NONE,-1.0,-0.1,-1.0,-0.1
3,NONE,-1.0,-0.1,-1.0,-0.1
3,NONE,-1.0,-0.1,-1.0,-0.1
3,NONE,-1.0,-0.1,-1.0,-0.1
3,NONE,-1.0,-0.1,-1.0,-0.1
3,NONE,-1.0,-0.1,-1.0,-0.1
3,NONE,-1.0,-0.1,-1.0,-0.1
3,NONE,-1.0,-0.1,-1.0,-0.1
3,NONE,-1.0,-0.1,-1.0,-0.1
3,NONE,-1.0,-0.1,-1.0,-0.1
3,NONE,-1.0,-0.1,-1.0,-0.1
3,NONE,-1.0,-0.1,-1.0,-0.1
3,NONE,-1.0,-0.1,-1.0,-0.1
3,NONE,-1.0,-0.1,-1.0,-0.1
3,NONE,-1.0,-0.1,-1.0,-0.1
3,NONE,-1.0,-0.1,-1.0,-0.1
3,NONE,-1.0,-0.1,-1.0,-0.1
3,NONE,-1.0,-0.1,-1.0,-0.1
2,EV_B07_C030_Mototaxi_Electrica,-1.0,-0.1,7.0,26.075934660901993
1,EV_B07_C030_Mototaxi_Electrica,6.0,74.74675440681877,-1.0,26.075934660901993
1,EV_B07_C030_Mototaxi_Electrica,5.0,74.74675440681877,-1.0,26.075934660901993
1,EV_B07_C030_Mototaxi_Electrica,4.0,74.74675440681877,-1.0,26.075934660901993
1,EV_B07_C030_Mototaxi_Electrica,3.0,74.74675440681877,-1.0,26.075934660901993
1,EV_B07_C030_Mototaxi_Electrica,2.0,74.74675440681877,-1.0,26.075934660901993
1,EV_B07_C030_Mototaxi_Electrica,1.0,74.74675440681877,-1.0,26.075934660901993
1,EV_B07_C030_Mototaxi_Electrica,0.0,74.74675440681877,-1.0,26.075934660901993
3,NONE,-1.0,-0.1,-1.0,-0.1
3,NONE,-1.0,-0.1,-1.0,-0.1
3,NONE,-1.0,-0.1,-1.0,-0.1
3,NONE,-1.0,-0.1,-1.0,-0.1
3,NONE,-1.0,-0.1,-1.0,-0.1
3,NONE,-1.0,-0.1,-1.0,-0.1
3,NONE,-1.0,-0.1,-1.0,-0.1
3,NONE,-1.0,-0.1,-1.0,-0.1
3,NONE,-1.0,-0.1,-1.0,-0.1
3,NONE,-1.0,-0.1,-1.0,-0.1
3,NONE,-1.0,-0.1,-1.0,-0.1
3,NONE,-1.0,-0.1,-1.0,-0.1
3,NONE,-1.0,-0.1,-1.0,-0.1
3,NONE,-1.0,-0.1,-1.0,-0.1
3,NONE,-1.0,-0.1,-1.0,-0.1
3,NONE,-1.0,-0.1,-1.0,-0.1
3,NONE,-1.0,-0.1,-1.0,-0.1
3,NONE,-1.0,-0.1,-1.0,-0.1
3,NONE,-1.0,-0.1,-1.0,-0.1
3,NONE,-1.0,-0.1,-1.0,-0.1
3,NONE,-1.0,-0.1,-1.0,-0.1
3,NONE,-1.0,-0.1,-1.0,-0.1
3,NONE,-1.0,-0.1,-1.0,-0.1
3,NONE,-1.0,-0.1,-1.0,-0.1
3,NONE,-1.0,-0.1,-1.0,-0.1
3,NONE,-1.0,-0.1,-1.0,-0.1
3,NONE,-1.0,-0.1,-1.0,-0.1
3,NONE,-1.0,-0.1,-1.0,-0.1
3,NONE,-1.0,-0.1,-1.0,-0.1
3,NONE,-1.0,-0.1,-1.0,-0.1
3,NONE,-1.0,-0.1,-1.0,-0.1
3,NONE,-1.0,-0.1,-1.0,-0.1
3,NONE,-1.0,-0.1,-1.0,-0.1
3,NONE,-1.0,-0.1,-1.0,-0.1
3,NONE,-1.0,-0.1,-1.0,-0.1
3,NONE,-1.0,-0.1,-1.0,-0.1
3,NONE,-1.0,-0.1,-1.0,-0.1
3,NONE,-1.0,-0.1,-1.0,-0.1
3,NONE,-1.0,-0.1,-1.0,-0.1
3,NONE,-1.0,-0.1,-1.0,-0.1
3,NONE,-1.0,-0.1,-1.0,-0.1
3,NONE,-1.0,-0.1,-1.0,-0.1
3,NONE,-1.0,-0.1,-1.0,-0.1
3,NONE,-1.0,-0.1,-1.0,-0.1
3,NONE,-1.0,-0.1,-1.0,-0.1
3,NONE,-1.0,-0.1,-1.0,-0.1
3,NONE,-1.0,-0.1,-1.0,-0.1
3,NONE,-1.0,-0.1,-1.0,-0.1
3,NONE,-1.0,-0.1,-1.0,-0.1
3,NONE,-1.0,-0.1,-1.0,-0.1
3,NONE,-1.0,-0.1,-1.0,-0.1
3,NONE,-1.0,-0.1,-1.0,-0.1
3,NONE,-1.0,-0.1,-1.0,-0.1
3,NONE,-1.0,-0.1,-1.0,-0.1
3,NONE,-1.0,-0.1,-1.0,-0.1
3,NONE,-1.0,-0.1,-1.0,-0.1
3,NONE,-1.0,-0.1,-1.0,-0.1
3,NONE,-1.0,-0.1,-1.0,-0.1
3,NONE,-1.0,-0.1,-1.0,-0.1
3,NONE,-1.0,-0.1,-1.0,-0.1
3,NONE,-1.0,-0.1,-1.0,-0.1
3,NONE,-1.0,-0.1,-1.0,-0.1
3,NONE,-1.0,-0.1,-1.0,-0.1
3,NONE,-1.0,-0.1,-1.0,-0.1
3,NONE,-1.0,-0.1,-1.0,-0.1
3,NONE,-1.0,-0.1,-1.0,-0.1
3,NONE,-1.0,-0.1,-1.0,-0.1
3,NONE,-1.0,-0.1,-1.0,-0.1
3,NONE,-1.0,-0.1,-1.0,-0.1
3,NONE,-1.0,-0.1,-1.0,-0.1
3,NONE,-1.0,-0.1,-1.0,-0.1
3,NONE,-1.0,-0.1,-1.0,-0.1
3,NONE,-1.0,-0.1,-1.0,-0.1
3,NONE,-1.0,-0.1,-1.0,-0.1
3,NONE,-1.0,-0.1,-1.0,-0.1
3,NONE,-1.0,-0.1,-1.0,-0.1
3,NONE,-1.0,-0.1,-1.0,-0.1
3,NONE,-1.0,-0.1,-1.0,-0.1
3,NONE,-1.0,-0.1,-1.0,-0.1
3,NONE,-1.0,-0.1,-1.0,-0.1
3,NONE,-1.0,-0.1,-1.0,-0.1
3,NONE,-1.0,-0.1,-1.0,-0.1
3,NONE,-1.0,-0.1,-1.0,-0.1
3,NONE,-1.0,-0.1,-1.0,-0.1
3,NONE,-1.0,-0.1,-1.0,-0.1
3,NONE,-1.0,-0.1,-1.0,-0.1
3,NONE,-1.0,-0.1,-1.0,-0.1
3,NONE,-1.0,-0.1,-1.0,-0.1
3,NONE,-1.0,-0.1,-1.0,-0.1
3,NONE,-1.0,-0.1,-1.0,-0.1
3,NONE,-1.0,-0.1,-1.0,-0.1
3,NONE,-1.0,-0.1,-1.0,-0.1
3,NONE,-1.0,-0.1,-1.0,-0.1
3,NONE,-1.0,-0.1,-1.0,-0.1
3,NONE,-1.0,-0.1,-1.0,-0.1
3,NONE,-1.0,-0.1,-1.0,-0.1
3,NONE,-1.0,-0.1,-1.0,-0.1
3,NONE,-1.0,-0.1,-1.0,-0.1
3,NONE,-1.0,-0.1,-1.0,-0.1
3,NONE,-1.0,-0.1,-1.0,-0.1
3,NONE,-1.0,-0.1,-1.0,-0.1
3,NONE,-1.0,-0.1,-1.0,-0.1
3,NONE,-1.0,-0.1,-1.0,-0.1
3,NONE,-1.0,-0.1,-1.0,-0.1
3,NONE,-1.0,-0.1,-1.0,-0.1
3,NONE,-1.0,-0.1,-1.0,-0.1
3,NONE,-1.0,-0.1,-1.0,-0.1
3,NONE,-1.0,-0.1,-1.0,-0.1
3,NONE,-1.0,-0.1,-1.0,-0.1
3,NONE,-1.0,-0.1,-1.0,-0.1
3,NONE,-1.0,-0.1,-1.0,-0.1
3,NONE,-1.0,-0.1,-1.0,-0.1
3,NONE,-1.0,-0.1,-1.0,-0.1
3,NONE,-1.0,-0.1,-1.0,-0.1
3,NONE,-1.0,-0.1,-1.0,-0.1
3,NONE,-1.0,-0.1,-1.0,-0.1
3,NONE,-1.0,-0.1,-1.0,-0.1
3,NONE,-1.0,-0.1,-1.0,-0.1
3,NONE,-1.0,-0.1,-1.0,-0.1
3,NONE,-1.0,-0.1,-1.0,-0.1
3,NONE,-1.0,-0.1,-1.0,-0.1
3,NONE,-1.0,-0.1,-1.0,-0.1
3,NONE,-1.0,-0.1,-1.0,-0.1
3,NONE,-1.0,-0.1,-1.0,-0.1
3,NONE,-1.0,-0.1,-1.0,-0.1
3,NONE,-1.0,-0.1,-1.0,-0.1
3,NONE,-1.0,-0.1,-1.0,-0.1
3,NONE,-1.0,-0.1,-1.0,-0.1
3,NONE,-1.0,-0.1,-1.0,-0.1
3,NONE,-1.0,-0.1,-1.0,-0.1
3,NONE,-1.0,-0.1,-1.0,-0.1
3,NONE,-1.0,-0.1,-1.0,-0.1
3,NONE,-1.0,-0.1,-1.0,-0.1
3,NONE,-1.0,-0.1,-1.0,-0.1
3,NONE,-1.0,-0.1,-1.0,-0.1
3,NONE,-1.0,-0.1,-1.0,-0.1
2,EV_B07_C030_Mototaxi_Electrica,-1.0,-0.1,7.0,29.234529622723464
1,EV_B07_C030_Mototaxi_Electrica,5.0,76.31313024492607,-1.0,29.234529622723464
1,EV_B07_C030_Mototaxi_Electrica,4.0,76.31313024492607,-1.0,29.234529622723464
1,EV_B07_C030_Mototaxi_Electrica,3.0,76.31313024492607,-1.0,29.234529622723464
1,EV_B07_C030_Mototaxi_Electrica,2.0,76.31313024492607,-1.0,29.234529622723464
1,EV_B07_C030_Mototaxi_Electrica,1.0,76.31313024492607,-1.0,29.234529622723464
1,EV_B07_C030_Mototaxi_Electrica,0.0,76.31313024492607,-1.0,29.234529622723464
3,NONE,-1.0,-0.1,-1.0,-0.1
3,NONE,-1.0,-0.1,-1.0,-0.1
3,NONE,-1.0,-0.1,-1.0,-0.1
3,NONE,-1.0,-0.1,-1.0,-0.1
3,NONE,-1.0,-0.1,-1.0,-0.1
3,NONE,-1.0,-0.1,-1.0,-0.1
3,NONE,-1.0,-0.1,-1.0,-0.1
3,NONE,-1.0,-0.1,-1.0,-0.1
3,NONE,-1.0,-0.1,-1.0,-0.1
3,NONE,-1.0,-0.1,-1.0,-0.1
3,NONE,-1.0,-0.1,-1.0,-0.1
3,NONE,-1.0,-0.1,-1.0,-0.1
3,NONE,-1.0,-0.1,-1.0,-0.1
3,NONE,-1.0,-0.1,-1.0,-0.1
3,NONE,-1.0,-0.1,-1.0,-0.1
3,NONE,-1.0,-0.1,-1.0,-0.1
3,NONE,-1.0,-0.1,-1.0,-0.1
3,NONE,-1.0,-0.1,-1.0,-0.1
2,EV_B07_C030_Mototaxi_Electrica,-1.0,-0.1,8.0,56.7909132013804
1,EV_B07_C030_Mototaxi_Electrica,6.0,86.14918875171045,-1.0,56.7909132013804
1,EV_B07_C030_Mototaxi_Electrica,5.0,86.14918875171045,-1.0,56.7909132013804
1,EV_B07_C030_Mototaxi_Electrica,4.0,86.14918875171045,-1.0,56.7909132013804
1,EV_B07_C030_Mototaxi_Electrica,3.0,86.14918875171045,-1.0,56.7909132013804
1,EV_B07_C030_Mototaxi_Electrica,2.0,86.14918875171045,-1.0,56.7909132013804
1,EV_B07_C030_Mototaxi_Electrica,1.0,86.14918875171045,-1.0,56.7909132013804
1,EV_B07_C030_Mototaxi_Electrica,0.0,86.14918875171045,-1.0,56.7909132013804
3,NONE,-1.0,-0.1,-1.0,-0.1
3,NONE,-1.0,-0.1,-1.0,-0.1
3,NONE,-1.0,-0.1,-1.0,-0.1
3,NONE,-1.0,-0.1,-1.0,-0.1
3,NONE,-1.0,-0.1,-1.0,-0.1
3,NONE,-1.0,-0.1,-1.0,-0.1
3,NONE,-1.0,-0.1,-1.0,-0.1
3,NONE,-1.0,-0.1,-1.0,-0.1
3,NONE,-1.0,-0.1,-1.0,-0.1
3,NONE,-1.0,-0.1,-1.0,-0.1
3,NONE,-1.0,-0.1,-1.0,-0.1
3,NONE,-1.0,-0.1,-1.0,-0.1
3,NONE,-1.0,-0.1,-1.0,-0.1
3,NONE,-1.0,-0.1,-1.0,-0.1
3,NONE,-1.0,-0.1,-1.0,-0.1
3,NONE,-1.0,-0.1,-1.0,-0.1
3,NONE,-1.0,-0.1,-1.0,-0.1
3,NONE,-1.0,-0.1,-1.0,-0.1
3,NONE,-1.0,-0.1,-1.0,-0.1
3,NONE,-1.0,-0.1,-1.0,-0.1
3,NONE,-1.0,-0.1,-1.0,-0.1
3,NONE,-1.0,-0.1,-1.0,-0.1
3,NONE,-1.0,-0.1,-1.0,-0.1
3,NONE,-1.0,-0.1,-1.0,-0.1
3,NONE,-1.0,-0.1,-1.0,-0.1
3,NONE,-1.0,-0.1,-1.0,-0.1
3,NONE,-1.0,-0.1,-1.0,-0.1
3,NONE,-1.0,-0.1,-1.0,-0.1
3,NONE,-1.0,-0.1,-1.0,-0.1
3,NONE,-1.0,-0.1,-1.0,-0.1
3,NONE,-1.0,-0.1,-1.0,-0.1
3,NONE,-1.0,-0.1,-1.0,-0.1
3,NONE,-1.0,-0.1,-1.0,-0.1
3,NONE,-1.0,-0.1,-1.0,-0.1
3,NONE,-1.0,-0.1,-1.0,-0.1
3,NONE,-1.0,-0.1,-1.0,-0.1
3,NONE,-1.0,-0.1,-1.0,-0.1
3,NONE,-1.0,-0.1,-1.0,-0.1
3,NONE,-1.0,-0.1,-1.0,-0.1
3,NONE,-1.0,-0.1,-1.0,-0.1
3,NONE,-1.0,-0.1,-1.0,-0.1
3,NONE,-1.0,-0.1,-1.0,-0.1
3,NONE,-1.0,-0.1,-1.0,-0.1
3,NONE,-1.0,-0.1,-1.0,-0.1
3,NONE,-1.0,-0.1,-1.0,-0.1
3,NONE,-1.0,-0.1,-1.0,-0.1
3,NONE,-1.0,-0.1,-1.0,-0.1
3,NONE,-1.0,-0.1,-1.0,-0.1
3,NONE,-1.0,-0.1,-1.0,-0.1
3,NONE,-1.0,-0.1,-1.0,-0.1
3,NONE,-1.0,-0.1,-1.0,-0.1
3,NONE,-1.0,-0.1,-1.0,-0.1
3,NONE,-1.0,-0.1,-1.0,-0.1
3,NONE,-1.0,-0.1,-1.0,-0.1
3,NONE,-1.0,-0.1,-1.0,-0.1
3,NONE,-1.0,-0.1,-1.0,-0.1
3,NONE,-1.0,-0.1,-1.0,-0.1
3,NONE,-1.0,-0.1,-1.0,-0.1
3,NONE,-1.0,-0.1,-1.0,-0.1
3,NONE,-1.0,-0.1,-1.0,-0.1
3,NONE,-1.0,-0.1,-1.0,-0.1
3,NONE,-1.0,-0.1,-1.0,-0.1
3,NONE,-1.0,-0.1,-1.0,-0.1
3,NONE,-1.0,-0.1,-1.0,-0.1
3,NONE,-1.0,-0.1,-1.0,-0.1
3,NONE,-1.0,-0.1,-1.0,-0.1
3,NONE,-1.0,-0.1,-1.0,-0.1
3,NONE,-1.0,-0.1,-1.0,-0.1
3,NONE,-1.0,-0.1,-1.0,-0.1
3,NONE,-1.0,-0.1,-1.0,-0.1
3,NONE,-1.0,-0.1,-1.0,-0.1
3,NONE,-1.0,-0.1,-1.0,-0.1
3,NONE,-1.0,-0.1,-1.0,-0.1
3,NONE,-1.0,-0.1,-1.0,-0.1
3,NONE,-1.0,-0.1,-1.0,-0.1
3,NONE,-1.0,-0.1,-1.0,-0.1
3,NONE,-1.0,-0.1,-1.0,-0.1
3,NONE,-1.0,-0.1,-1.0,-0.1
3,NONE,-1.0,-0.1,-1.0,-0.1
3,NONE,-1.0,-0.1,-1.0,-0.1
3,NONE,-1.0,-0.1,-1.0,-0.1
3,NONE,-1.0,-0.1,-1.0,-0.1
3,NONE,-1.0,-0.1,-1.0,-0.1
3,NONE,-1.0,-0.1,-1.0,-0.1
3,NONE,-1.0,-0.1,-1.0,-0.1
3,NONE,-1.0,-0.1,-1.0,-0.1
3,NONE,-1.0,-0.1,-1.0,-0.1
3,NONE,-1.0,-0.1,-1.0,-0.1
3,NONE,-1.0,-0.1,-1.0,-0.1
3,NONE,-1.0,-0.1,-1.0,-0.1
3,NONE,-1.0,-0.1,-1.0,-0.1
3,NONE,-1.0,-0.1,-1.0,-0.1
3,NONE,-1.0,-0.1,-1.0,-0.1
3,NONE,-1.0,-0.1,-1.0,-0.1
3,NONE,-1.0,-0.1,-1.0,-0.1
3,NONE,-1.0,-0.1,-1.0,-0.1
3,NONE,-1.0,-0.1,-1.0,-0.1
3,NONE,-1.0,-0.1,-1.0,-0.1
3,NONE,-1.0,-0.1,-1.0,-0.1
3,NONE,-1.0,-0.1,-1.0,-0.1
3,NONE,-1.0,-0.1,-1.0,-0.1
3,NONE,-1.0,-0.1,-1.0,-0.1
3,NONE,-1.0,-0.1,-1.0,-0.1
3,NONE,-1.0,-0.1,-1.0,-0.1
3,NONE,-1.0,-0.1,-1.0,-0.1
3,NONE,-1.0,-0.1,-1.0,-0.1
3,NONE,-1.0,-0.1,-1.0,-0.1
3,NONE,-1.0,-0.1,-1.0,-0.1
3,NONE,-1.0,-0.1,-1.0,-0.1
3,NONE,-1.0,-0.1,-1.0,-0.1
3,NONE,-1.0,-0.1,-1.0,-0.1
3,NONE,-1.0,-0.1,-1.0,-0.1
3,NONE,-1.0,-0.1,-1.0,-0.1
3,NONE,-1.0,-0.1,-1.0,-0.1
2,EV_B07_C030_Mototaxi_Electrica,-1.0,-0.1,10.0,42.59669614173149
1,EV_B07_C030_Mototaxi_Electrica,4.0,74.59601386916117,-1.0,42.59669614173149
1,EV_B07_C030_Mototaxi_Electrica,3.0,74.59601386916117,-1.0,42.59669614173149
1,EV_B07_C030_Mototaxi_Electrica,2.0,74.59601386916117,-1.0,42.59669614173149
1,EV_B07_C030_Mototaxi_Electrica,1.0,74.59601386916117,-1.0,42.59669614173149
1,EV_B07_C030_Mototaxi_Electrica,0.0,74.59601386916117,-1.0,42.59669614173149
3,NONE,-1.0,-0.1,-1.0,-0.1
3,NONE,-1.0,-0.1,-1.0,-0.1
3,NONE,-1.0,-0.1,-1.0,-0.1
3,NONE,-1.0,-0.1,-1.0,-0.1
3,NONE,-1.0,-0.1,-1.0,-0.1
3,NONE,-1.0,-0.1,-1.0,-0.1
3,NONE,-1.0,-0.1,-1.0,-0.1
3,NONE,-1.0,-0.1,-1.0,-0.1
3,NONE,-1.0,-0.1,-1.0,-0.1
3,NONE,-1.0,-0.1,-1.0,-0.1
3,NONE,-1.0,-0.1,-1.0,-0.1
3,NONE,-1.0,-0.1,-1.0,-0.1
3,NONE,-1.0,-0.1,-1.0,-0.1
3,NONE,-1.0,-0.1,-1.0,-0.1
3,NONE,-1.0,-0.1,-1.0,-0.1
2,EV_B07_C030_Mototaxi_Electrica,-1.0,-0.1,7.0,36.45418777707062
1,EV_B07_C030_Mototaxi_Electrica,7.0,78.08568748497837,-1.0,36.45418777707062
1,EV_B07_C030_Mototaxi_Electrica,6.0,78.08568748497837,-1.0,36.45418777707062
1,EV_B07_C030_Mototaxi_Electrica,5.0,78.08568748497837,-1.0,36.45418777707062
1,EV_B07_C030_Mototaxi_Electrica,4.0,78.08568748497837,-1.0,36.45418777707062
1,EV_B07_C030_Mototaxi_Electrica,3.0,78.08568748497837,-1.0,36.45418777707062
1,EV_B07_C030_Mototaxi_Electrica,2.0,78.08568748497837,-1.0,36.45418777707062
1,EV_B07_C030_Mototaxi_Electrica,1.0,78.08568748497837,-1.0,36.45418777707062
1,EV_B07_C030_Mototaxi_Electrica,0.0,78.08568748497837,-1.0,36.45418777707062
3,NONE,-1.0,-0.1,-1.0,-0.1
3,NONE,-1.0,-0.1,-1.0,-0.1
3,NONE,-1.0,-0.1,-1.0,-0.1
3,NONE,-1.0,-0.1,-1.0,-0.1
3,NONE,-1.0,-0.1,-1.0,-0.1
3,NONE,-1.0,-0.1,-1.0,-0.1
3,NONE,-1.0,-0.1,-1.0,-0.1
3,NONE,-1.0,-0.1,-1.0,-0.1
3,NONE,-1.0,-0.1,-1.0,-0.1
3,NONE,-1.0,-0.1,-1.0,-0.1
3,NONE,-1.0,-0.1,-1.0,-0.1
3,NONE,-1.0,-0.1,-1.0,-0.1
3,NONE,-1.0,-0.1,-1.0,-0.1
3,NONE,-1.0,-0.1,-1.0,-0.1
3,NONE,-1.0,-0.1,-1.0,-0.1
3,NONE,-1.0,-0.1,-1.0,-0.1
2,EV_B07_C030_Mototaxi_Electrica,-1.0,-0.1,8.0,25.873270813814695
1,EV_B07_C030_Mototaxi_Electrica,6.0,72.84953184328336,-1.0,25.873270813814695
1,EV_B07_C030_Mototaxi_Electrica,5.0,72.84953184328336,-1.0,25.873270813814695
1,EV_B07_C030_Mototaxi_Electrica,4.0,72.84953184328336,-1.0,25.873270813814695
1,EV_B07_C030_Mototaxi_Electrica,3.0,72.84953184328336,-1.0,25.873270813814695
1,EV_B07_C030_Mototaxi_Electrica,2.0,72.84953184328336,-1.0,25.873270813814695
1,EV_B07_C030_Mototaxi_Electrica,1.0,72.84953184328336,-1.0,25.873270813814695
1,EV_B07_C030_Mototaxi_Electrica,0.0,72.84953184328336,-1.0,25.873270813814695
3,NONE,-1.0,-0.1,-1.0,-0.1
3,NONE,-1.0,-0.1,-1.0,-0.1
3,NONE,-1.0,-0.1,-1.0,-0.1
3,NONE,-1.0,-0.1,-1.0,-0.1
3,NONE,-1.0,-0.1,-1.0,-0.1
3,NONE,-1.0,-0.1,-1.0,-0.1
3,NONE,-1.0,-0.1,-1.0,-0.1
3,NONE,-1.0,-0.1,-1.0,-0.1
3,NONE,-1.0,-0.1,-1.0,-0.1
3,NONE,-1.0,-0.1,-1.0,-0.1
3,NONE,-1.0,-0.1,-1.0,-0.1
3,NONE,-1.0,-0.1,-1.0,-0.1
3,NONE,-1.0,-0.1,-1.0,-0.1
3,NONE,-1.0,-0.1,-1.0,-0.1
3,NONE,-1.0,-0.1,-1.0,-0.1
3,NONE,-1.0,-0.1,-1.0,-0.1
3,NONE,-1.0,-0.1,-1.0,-0.1
2,EV_B07_C030_Mototaxi_Electrica,-1.0,-0.1,9.0,35.51113560190711
1,EV_B07_C030_Mototaxi_Electrica,5.0,83.99282962377734,-1.0,35.51113560190711
1,EV_B07_C030_Mototaxi_Electrica,4.0,83.99282962377734,-1.0,35.51113560190711
1,EV_B07_C030_Mototaxi_Electrica,3.0,83.99282962377734,-1.0,35.51113560190711
1,EV_B07_C030_Mototaxi_Electrica,2.0,83.99282962377734,-1.0,35.51113560190711
1,EV_B07_C030_Mototaxi_Electrica,1.0,83.99282962377734,-1.0,35.51113560190711
1,EV_B07_C030_Mototaxi_Electrica,0.0,83.99282962377734,-1.0,35.51113560190711
3,NONE,-1.0,-0.1,-1.0,-0.1
3,NONE,-1.0,-0.1,-1.0,-0.1
3,NONE,-1.0,-0.1,-1.0,-0.1
3,NONE,-1.0,-0.1,-1.0,-0.1
3,NONE,-1.0,-0.1,-1.0,-0.1
3,NONE,-1.0,-0.1,-1.0,-0.1
3,NONE,-1.0,-0.1,-1.0,-0.1
3,NONE,-1.0,-0.1,-1.0,-0.1
3,NONE,-1.0,-0.1,-1.0,-0.1
3,NONE,-1.0,-0.1,-1.0,-0.1
3,NONE,-1.0,-0.1,-1.0,-0.1
3,NONE,-1.0,-0.1,-1.0,-0.1
3,NONE,-1.0,-0.1,-1.0,-0.1
3,NONE,-1.0,-0.1,-1.0,-0.1
3,NONE,-1.0,-0.1,-1.0,-0.1
3,NONE,-1.0,-0.1,-1.0,-0.1
3,NONE,-1.0,-0.1,-1.0,-0.1
3,NONE,-1.0,-0.1,-1.0,-0.1
3,NONE,-1.0,-0.1,-1.0,-0.1
3,NONE,-1.0,-0.1,-1.0,-0.1
3,NONE,-1.0,-0.1,-1.0,-0.1
3,NONE,-1.0,-0.1,-1.0,-0.1
3,NONE,-1.0,-0.1,-1.0,-0.1
3,NONE,-1.0,-0.1,-1.0,-0.1
3,NONE,-1.0,-0.1,-1.0,-0.1
3,NONE,-1.0,-0.1,-1.0,-0.1
3,NONE,-1.0,-0.1,-1.0,-0.1
3,NONE,-1.0,-0.1,-1.0,-0.1
3,NONE,-1.0,-0.1,-1.0,-0.1
3,NONE,-1.0,-0.1,-1.0,-0.1
3,NONE,-1.0,-0.1,-1.0,-0.1
3,NONE,-1.0,-0.1,-1.0,-0.1
3,NONE,-1.0,-0.1,-1.0,-0.1
3,NONE,-1.0,-0.1,-1.0,-0.1
3,NONE,-1.0,-0.1,-1.0,-0.1
3,NONE,-1.0,-0.1,-1.0,-0.1
3,NONE,-1.0,-0.1,-1.0,-0.1
3,NONE,-1.0,-0.1,-1.0,-0.1
3,NONE,-1.0,-0.1,-1.0,-0.1
3,NONE,-1.0,-0.1,-1.0,-0.1
3,NONE,-1.0,-0.1,-1.0,-0.1
3,NONE,-1.0,-0.1,-1.0,-0.1
3,NONE,-1.0,-0.1,-1.0,-0.1
3,NONE,-1.0,-0.1,-1.0,-0.1
3,NONE,-1.0,-0.1,-1.0,-0.1
3,NONE,-1.0,-0.1,-1.0,-0.1
3,NONE,-1.0,-0.1,-1.0,-0.1
3,NONE,-1.0,-0.1,-1.0,-0.1
3,NONE,-1.0,-0.1,-1.0,-0.1
3,NONE,-1.0,-0.1,-1.0,-0.1
3,NONE,-1.0,-0.1,-1.0,-0.1
3,NONE,-1.0,-0.1,-1.0,-0.1
3,NONE,-1.0,-0.1,-1.0,-0.1
3,NONE,-1.0,-0.1,-1.0,-0.1
3,NONE,-1.0,-0.1,-1.0,-0.1
3,NONE,-1.0,-0.1,-1.0,-0.1
3,NONE,-1.0,-0.1,-1.0,-0.1
3,NONE,-1.0,-0.1,-1.0,-0.1
3,NONE,-1.0,-0.1,-1.0,-0.1
3,NONE,-1.0,-0.1,-1.0,-0.1
3,NONE,-1.0,-0.1,-1.0,-0.1
3,NONE,-1.0,-0.1,-1.0,-0.1
3,NONE,-1.0,-0.1,-1.0,-0.1
3,NONE,-1.0,-0.1,-1.0,-0.1
3,NONE,-1.0,-0.1,-1.0,-0.1
3,NONE,-1.0,-0.1,-1.0,-0.1
3,NONE,-1.0,-0.1,-1.0,-0.1
3,NONE,-1.0,-0.1,-1.0,-0.1
3,NONE,-1.0,-0.1,-1.0,-0.1
3,NONE,-1.0,-0.1,-1.0,-0.1
3,NONE,-1.0,-0.1,-1.0,-0.1
3,NONE,-1.0,-0.1,-1.0,-0.1
3,NONE,-1.0,-0.1,-1.0,-0.1
3,NONE,-1.0,-0.1,-1.0,-0.1
3,NONE,-1.0,-0.1,-1.0,-0.1
3,NONE,-1.0,-0.1,-1.0,-0.1
3,NONE,-1.0,-0.1,-1.0,-0.1
3,NONE,-1.0,-0.1,-1.0,-0.1
3,NONE,-1.0,-0.1,-1.0,-0.1
3,NONE,-1.0,-0.1,-1.0,-0.1
3,NONE,-1.0,-0.1,-1.0,-0.1
3,NONE,-1.0,-0.1,-1.0,-0.1
3,NONE,-1.0,-0.1,-1.0,-0.1
3,NONE,-1.0,-0.1,-1.0,-0.1
3,NONE,-1.0,-0.1,-1.0,-0.1
3,NONE,-1.0,-0.1,-1.0,-0.1
3,NONE,-1.0,-0.1,-1.0,-0.1
2,EV_B07_C030_Mototaxi_Electrica,-1.0,-0.1,7.0,42.89994983798749
1,EV_B07_C030_Mototaxi_Electrica,7.0,85.81064168238002,-1.0,42.89994983798749
1,EV_B07_C030_Mototaxi_Electrica,6.0,85.81064168238002,-1.0,42.89994983798749
1,EV_B07_C030_Mototaxi_Electrica,5.0,85.81064168238002,-1.0,42.89994983798749
1,EV_B07_C030_Mototaxi_Electrica,4.0,85.81064168238002,-1.0,42.89994983798749
1,EV_B07_C030_Mototaxi_Electrica,3.0,85.81064168238002,-1.0,42.89994983798749
1,EV_B07_C030_Mototaxi_Electrica,2.0,85.81064168238002,-1.0,42.89994983798749
1,EV_B07_C030_Mototaxi_Electrica,1.0,85.81064168238002,-1.0,42.89994983798749
1,EV_B07_C030_Mototaxi_Electrica,0.0,85.81064168238002,-1.0,42.89994983798749
3,NONE,-1.0,-0.1,-1.0,-0.1
3,NONE,-1.0,-0.1,-1.0,-0.1
3,NONE,-1.0,-0.1,-1.0,-0.1
3,NONE,-1.0,-0.1,-1.0,-0.1
3,NONE,-1.0,-0.1,-1.0,-0.1
3,NONE,-1.0,-0.1,-1.0,-0.1
3,NONE,-1.0,-0.1,-1.0,-0.1
3,NONE,-1.0,-0.1,-1.0,-0.1
3,NONE,-1.0,-0.1,-1.0,-0.1
3,NONE,-1.0,-0.1,-1.0,-0.1
3,NONE,-1.0,-0.1,-1.0,-0.1
3,NONE,-1.0,-0.1,-1.0,-0.1
3,NONE,-1.0,-0.1,-1.0,-0.1
3,NONE,-1.0,-0.1,-1.0,-0.1
3,NONE,-1.0,-0.1,-1.0,-0.1
3,NONE,-1.0,-0.1,-1.0,-0.1
2,EV_B07_C030_Mototaxi_Electrica,-1.0,-0.1,8.0,27.926416591422274
1,EV_B07_C030_Mototaxi_Electrica,6.0,78.41809524648512,-1.0,27.926416591422274
1,EV_B07_C030_Mototaxi_Electrica,5.0,78.41809524648512,-1.0,27.926416591422274
1,EV_B07_C030_Mototaxi_Electrica,4.0,78.41809524648512,-1.0,27.926416591422274
1,EV_B07_C030_Mototaxi_Electrica,3.0,78.41809524648512,-1.0,27.926416591422274
1,EV_B07_C030_Mototaxi_Electrica,2.0,78.41809524648512,-1.0,27.926416591422274
1,EV_B07_C030_Mototaxi_Electrica,1.0,78.41809524648512,-1.0,27.926416591422274
1,EV_B07_C030_Mototaxi_Electrica,0.0,78.41809524648512,-1.0,27.926416591422274
3,NONE,-1.0,-0.1,-1.0,-0.1
3,NONE,-1.0,-0.1,-1.0,-0.1
3,NONE,-1.0,-0.1,-1.0,-0.1
3,NONE,-1.0,-0.1,-1.0,-0.1
3,NONE,-1.0,-0.1,-1.0,-0.1
3,NONE,-1.0,-0.1,-1.0,-0.1
3,NONE,-1.0,-0.1,-1.0,-0.1
3,NONE,-1.0,-0.1,-1.0,-0.1
3,NONE,-1.0,-0.1,-1.0,-0.1
3,NONE,-1.0,-0.1,-1.0,-0.1
3,NONE,-1.0,-0.1,-1.0,-0.1
3,NONE,-1.0,-0.1,-1.0,-0.1
3,NONE,-1.0,-0.1,-1.0,-0.1
3,NONE,-1.0,-0.1,-1.0,-0.1
3,NONE,-1.0,-0.1,-1.0,-0.1
3,NONE,-1.0,-0.1,-1.0,-0.1
3,NONE,-1.0,-0.1,-1.0,-0.1
3,NONE,-1.0,-0.1,-1.0,-0.1
3,NONE,-1.0,-0.1,-1.0,-0.1
3,NONE,-1.0,-0.1,-1.0,-0.1
3,NONE,-1.0,-0.1,-1.0,-0.1
3,NONE,-1.0,-0.1,-1.0,-0.1
3,NONE,-1.0,-0.1,-1.0,-0.1
3,NONE,-1.0,-0.1,-1.0,-0.1
3,NONE,-1.0,-0.1,-1.0,-0.1
3,NONE,-1.0,-0.1,-1.0,-0.1
3,NONE,-1.0,-0.1,-1.0,-0.1
3,NONE,-1.0,-0.1,-1.0,-0.1
3,NONE,-1.0,-0.1,-1.0,-0.1
3,NONE,-1.0,-0.1,-1.0,-0.1
3,NONE,-1.0,-0.1,-1.0,-0.1
3,NONE,-1.0,-0.1,-1.0,-0.1
3,NONE,-1.0,-0.1,-1.0,-0.1
3,NONE,-1.0,-0.1,-1.0,-0.1
3,NONE,-1.0,-0.1,-1.0,-0.1
3,NONE,-1.0,-0.1,-1.0,-0.1
3,NONE,-1.0,-0.1,-1.0,-0.1
3,NONE,-1.0,-0.1,-1.0,-0.1
3,NONE,-1.0,-0.1,-1.0,-0.1
2,EV_B07_C030_Mototaxi_Electrica,-1.0,-0.1,7.0,20.910792646852993
1,EV_B07_C030_Mototaxi_Electrica,7.0,87.27745322424617,-1.0,20.910792646852993
1,EV_B07_C030_Mototaxi_Electrica,6.0,87.27745322424617,-1.0,20.910792646852993
1,EV_B07_C030_Mototaxi_Electrica,5.0,87.27745322424617,-1.0,20.910792646852993
1,EV_B07_C030_Mototaxi_Electrica,4.0,87.27745322424617,-1.0,20.910792646852993
1,EV_B07_C030_Mototaxi_Electrica,3.0,87.27745322424617,-1.0,20.910792646852993
1,EV_B07_C030_Mototaxi_Electrica,2.0,87.27745322424617,-1.0,20.910792646852993
1,EV_B07_C030_Mototaxi_Electrica,1.0,87.27745322424617,-1.0,20.910792646852993
1,EV_B07_C030_Mototaxi_Electrica,0.0,87.27745322424617,-1.0,20.910792646852993
3,NONE,-1.0,-0.1,-1.0,-0.1
3,NONE,-1.0,-0.1,-1.0,-0.1
3,NONE,-1.0,-0.1,-1.0,-0.1
3,NONE,-1.0,-0.1,-1.0,-0.1
3,NONE,-1.0,-0.1,-1.0,-0.1
3,NONE,-1.0,-0.1,-1.0,-0.1
3,NONE,-1.0,-0.1,-1.0,-0.1
3,NONE,-1.0,-0.1,-1.0,-0.1
3,NONE,-1.0,-0.1,-1.0,-0.1
3,NONE,-1.0,-0.1,-1.0,-0.1
3,NONE,-1.0,-0.1,-1.0,-0.1
3,NONE,-1.0,-0.1,-1.0,-0.1
3,NONE,-1.0,-0.1,-1.0,-0.1
3,NONE,-1.0,-0.1,-1.0,-0.1
3,NONE,-1.0,-0.1,-1.0,-0.1
3,NONE,-1.0,-0.1,-1.0,-0.1
3,NONE,-1.0,-0.1,-1.0,-0.1
3,NONE,-1.0,-0.1,-1.0,-0.1
3,NONE,-1.0,-0.1,-1.0,-0.1
3,NONE,-1.0,-0.1,-1.0,-0.1
3,NONE,-1.0,-0.1,-1.0,-0.1
3,NONE,-1.0,-0.1,-1.0,-0.1
3,NONE,-1.0,-0.1,-1.0,-0.1
3,NONE,-1.0,-0.1,-1.0,-0.1
3,NONE,-1.0,-0.1,-1.0,-0.1
3,NONE,-1.0,-0.1,-1.0,-0.1
3,NONE,-1.0,-0.1,-1.0,-0.1
3,NONE,-1.0,-0.1,-1.0,-0.1
3,NONE,-1.0,-0.1,-1.0,-0.1
3,NONE,-1.0,-0.1,-1.0,-0.1
3,NONE,-1.0,-0.1,-1.0,-0.1
3,NONE,-1.0,-0.1,-1.0,-0.1
3,NONE,-1.0,-0.1,-1.0,-0.1
3,NONE,-1.0,-0.1,-1.0,-0.1
3,NONE,-1.0,-0.1,-1.0,-0.1
3,NONE,-1.0,-0.1,-1.0,-0.1
3,NONE,-1.0,-0.1,-1.0,-0.1
3,NONE,-1.0,-0.1,-1.0,-0.1
3,NONE,-1.0,-0.1,-1.0,-0.1
3,NONE,-1.0,-0.1,-1.0,-0.1
3,NONE,-1.0,-0.1,-1.0,-0.1
3,NONE,-1.0,-0.1,-1.0,-0.1
3,NONE,-1.0,-0.1,-1.0,-0.1
3,NONE,-1.0,-0.1,-1.0,-0.1
3,NONE,-1.0,-0.1,-1.0,-0.1
3,NONE,-1.0,-0.1,-1.0,-0.1
3,NONE,-1.0,-0.1,-1.0,-0.1
3,NONE,-1.0,-0.1,-1.0,-0.1
3,NONE,-1.0,-0.1,-1.0,-0.1
3,NONE,-1.0,-0.1,-1.0,-0.1
3,NONE,-1.0,-0.1,-1.0,-0.1
3,NONE,-1.0,-0.1,-1.0,-0.1
3,NONE,-1.0,-0.1,-1.0,-0.1
3,NONE,-1.0,-0.1,-1.0,-0.1
3,NONE,-1.0,-0.1,-1.0,-0.1
3,NONE,-1.0,-0.1,-1.0,-0.1
3,NONE,-1.0,-0.1,-1.0,-0.1
3,NONE,-1.0,-0.1,-1.0,-0.1
3,NONE,-1.0,-0.1,-1.0,-0.1
3,NONE,-1.0,-0.1,-1.0,-0.1
3,NONE,-1.0,-0.1,-1.0,-0.1
3,NONE,-1.0,-0.1,-1.0,-0.1
3,NONE,-1.0,-0.1,-1.0,-0.1
3,NONE,-1.0,-0.1,-1.0,-0.1
3,NONE,-1.0,-0.1,-1.0,-0.1
3,NONE,-1.0,-0.1,-1.0,-0.1
3,NONE,-1.0,-0.1,-1.0,-0.1
3,NONE,-1.0,-0.1,-1.0,-0.1
3,NONE,-1.0,-0.1,-1.0,-0.1
3,NONE,-1.0,-0.1,-1.0,-0.1
3,NONE,-1.0,-0.1,-1.0,-0.1
3,NONE,-1.0,-0.1,-1.0,-0.1
3,NONE,-1.0,-0.1,-1.0,-0.1
3,NONE,-1.0,-0.1,-1.0,-0.1
3,NONE,-1.0,-0.1,-1.0,-0.1
3,NONE,-1.0,-0.1,-1.0,-0.1
3,NONE,-1.0,-0.1,-1.0,-0.1
3,NONE,-1.0,-0.1,-1.0,-0.1
3,NONE,-1.0,-0.1,-1.0,-0.1
3,NONE,-1.0,-0.1,-1.0,-0.1
3,NONE,-1.0,-0.1,-1.0,-0.1
3,NONE,-1.0,-0.1,-1.0,-0.1
3,NONE,-1.0,-0.1,-1.0,-0.1
3,NONE,-1.0,-0.1,-1.0,-0.1
3,NONE,-1.0,-0.1,-1.0,-0.1
3,NONE,-1.0,-0.1,-1.0,-0.1
3,NONE,-1.0,-0.1,-1.0,-0.1
2,EV_B07_C030_Mototaxi_Electrica,-1.0,-0.1,7.0,22.495639804206032
1,EV_B07_C030_Mototaxi_Electrica,7.0,79.72791328291909,-1.0,22.495639804206032
1,EV_B07_C030_Mototaxi_Electrica,6.0,79.72791328291909,-1.0,22.495639804206032
1,EV_B07_C030_Mototaxi_Electrica,5.0,79.72791328291909,-1.0,22.495639804206032
1,EV_B07_C030_Mototaxi_Electrica,4.0,79.72791328291909,-1.0,22.495639804206032
1,EV_B07_C030_Mototaxi_Electrica,3.0,79.72791328291909,-1.0,22.495639804206032
1,EV_B07_C030_Mototaxi_Electrica,2.0,79.72791328291909,-1.0,22.495639804206032
1,EV_B07_C030_Mototaxi_Electrica,1.0,79.72791328291909,-1.0,22.495639804206032
1,EV_B07_C030_Mototaxi_Electrica,0.0,79.72791328291909,-1.0,22.495639804206032
3,NONE,-1.0,-0.1,-1.0,-0.1
3,NONE,-1.0,-0.1,-1.0,-0.1
3,NONE,-1.0,-0.1,-1.0,-0.1
3,NONE,-1.0,-0.1,-1.0,-0.1
3,NONE,-1.0,-0.1,-1.0,-0.1
3,NONE,-1.0,-0.1,-1.0,-0.1
3,NONE,-1.0,-0.1,-1.0,-0.1
3,NONE,-1.0,-0.1,-1.0,-0.1
3,NONE,-1.0,-0.1,-1.0,-0.1
3,NONE,-1.0,-0.1,-1.0,-0.1
3,NONE,-1.0,-0.1,-1.0,-0.1
3,NONE,-1.0,-0.1,-1.0,-0.1
3,NONE,-1.0,-0.1,-1.0,-0.1
3,NONE,-1.0,-0.1,-1.0,-0.1
3,NONE,-1.0,-0.1,-1.0,-0.1
3,NONE,-1.0,-0.1,-1.0,-0.1
3,NONE,-1.0,-0.1,-1.0,-0.1
3,NONE,-1.0,-0.1,-1.0,-0.1
3,NONE,-1.0,-0.1,-1.0,-0.1
3,NONE,-1.0,-0.1,-1.0,-0.1
3,NONE,-1.0,-0.1,-1.0,-0.1
3,NONE,-1.0,-0.1,-1.0,-0.1
3,NONE,-1.0,-0.1,-1.0,-0.1
3,NONE,-1.0,-0.1,-1.0,-0.1
3,NONE,-1.0,-0.1,-1.0,-0.1
3,NONE,-1.0,-0.1,-1.0,-0.1
3,NONE,-1.0,-0.1,-1.0,-0.1
3,NONE,-1.0,-0.1,-1.0,-0.1
3,NONE,-1.0,-0.1,-1.0,-0.1
3,NONE,-1.0,-0.1,-1.0,-0.1
3,NONE,-1.0,-0.1,-1.0,-0.1
3,NONE,-1.0,-0.1,-1.0,-0.1
3,NONE,-1.0,-0.1,-1.0,-0.1
3,NONE,-1.0,-0.1,-1.0,-0.1
3,NONE,-1.0,-0.1,-1.0,-0.1
3,NONE,-1.0,-0.1,-1.0,-0.1
3,NONE,-1.0,-0.1,-1.0,-0.1
3,NONE,-1.0,-0.1,-1.0,-0.1
3,NONE,-1.0,-0.1,-1.0,-0.1
2,EV_B07_C030_Mototaxi_Electrica,-1.0,-0.1,7.0,30.048930012338026
1,EV_B07_C030_Mototaxi_Electrica,7.0,82.87409789188115,-1.0,30.048930012338026
1,EV_B07_C030_Mototaxi_Electrica,6.0,82.87409789188115,-1.0,30.048930012338026
1,EV_B07_C030_Mototaxi_Electrica,5.0,82.87409789188115,-1.0,30.048930012338026
1,EV_B07_C030_Mototaxi_Electrica,4.0,82.87409789188115,-1.0,30.048930012338026
1,EV_B07_C030_Mototaxi_Electrica,3.0,82.87409789188115,-1.0,30.048930012338026
1,EV_B07_C030_Mototaxi_Electrica,2.0,82.87409789188115,-1.0,30.048930012338026
1,EV_B07_C030_Mototaxi_Electrica,1.0,82.87409789188115,-1.0,30.048930012338026
1,EV_B07_C030_Mototaxi_Electrica,0.0,82.87409789188115,-1.0,30.048930012338026
3,NONE,-1.0,-0.1,-1.0,-0.1
3,NONE,-1.0,-0.1,-1.0,-0.1
3,NONE,-1.0,-0.1,-1.0,-0.1
3,NONE,-1.0,-0.1,-1.0,-0.1
3,NONE,-1.0,-0.1,-1.0,-0.1
3,NONE,-1.0,-0.1,-1.0,-0.1
3,NONE,-1.0,-0.1,-1.0,-0.1
3,NONE,-1.0,-0.1,-1.0,-0.1
3,NONE,-1.0,-0.1,-1.0,-0.1
3,NONE,-1.0,-0.1,-1.0,-0.1
3,NONE,-1.0,-0.1,-1.0,-0.1
3,NONE,-1.0,-0.1,-1.0,-0.1
3,NONE,-1.0,-0.1,-1.0,-0.1
3,NONE,-1.0,-0.1,-1.0,-0.1
3,NONE,-1.0,-0.1,-1.0,-0.1
3,NONE,-1.0,-0.1,-1.0,-0.1
3,NONE,-1.0,-0.1,-1.0,-0.1
2,EV_B07_C030_Mototaxi_Electrica,-1.0,-0.1,9.0,25.94627015909022
1,EV_B07_C030_Mototaxi_Electrica,5.0,81.31684482545386,-1.0,25.94627015909022
1,EV_B07_C030_Mototaxi_Electrica,4.0,81.31684482545386,-1.0,25.94627015909022
1,EV_B07_C030_Mototaxi_Electrica,3.0,81.31684482545386,-1.0,25.94627015909022
1,EV_B07_C030_Mototaxi_Electrica,2.0,81.31684482545386,-1.0,25.94627015909022
1,EV_B07_C030_Mototaxi_Electrica,1.0,81.31684482545386,-1.0,25.94627015909022
1,EV_B07_C030_Mototaxi_Electrica,0.0,81.31684482545386,-1.0,25.94627015909022
3,NONE,-1.0,-0.1,-1.0,-0.1
3,NONE,-1.0,-0.1,-1.0,-0.1
3,NONE,-1.0,-0.1,-1.0,-0.1
3,NONE,-1.0,-0.1,-1.0,-0.1
3,NONE,-1.0,-0.1,-1.0,-0.1
3,NONE,-1.0,-0.1,-1.0,-0.1
3,NONE,-1.0,-0.1,-1.0,-0.1
3,NONE,-1.0,-0.1,-1.0,-0.1
3,NONE,-1.0,-0.1,-1.0,-0.1
3,NONE,-1.0,-0.1,-1.0,-0.1
3,NONE,-1.0,-0.1,-1.0,-0.1
3,NONE,-1.0,-0.1,-1.0,-0.1
3,NONE,-1.0,-0.1,-1.0,-0.1
3,NONE,-1.0,-0.1,-1.0,-0.1
3,NONE,-1.0,-0.1,-1.0,-0.1
3,NONE,-1.0,-0.1,-1.0,-0.1
3,NONE,-1.0,-0.1,-1.0,-0.1
3,NONE,-1.0,-0.1,-1.0,-0.1
3,NONE,-1.0,-0.1,-1.0,-0.1
3,NONE,-1.0,-0.1,-1.0,-0.1
3,NONE,-1.0,-0.1,-1.0,-0.1
3,NONE,-1.0,-0.1,-1.0,-0.1
3,NONE,-1.0,-0.1,-1.0,-0.1
3,NONE,-1.0,-0.1,-1.0,-0.1
3,NONE,-1.0,-0.1,-1.0,-0.1
3,NONE,-1.0,-0.1,-1.0,-0.1
3,NONE,-1.0,-0.1,-1.0,-0.1
3,NONE,-1.0,-0.1,-1.0,-0.1
3,NONE,-1.0,-0.1,-1.0,-0.1
3,NONE,-1.0,-0.1,-1.0,-0.1
3,NONE,-1.0,-0.1,-1.0,-0.1
3,NONE,-1.0,-0.1,-1.0,-0.1
3,NONE,-1.0,-0.1,-1.0,-0.1
3,NONE,-1.0,-0.1,-1.0,-0.1
3,NONE,-1.0,-0.1,-1.0,-0.1
3,NONE,-1.0,-0.1,-1.0,-0.1
3,NONE,-1.0,-0.1,-1.0,-0.1
3,NONE,-1.0,-0.1,-1.0,-0.1
3,NONE,-1.0,-0.1,-1.0,-0.1
3,NONE,-1.0,-0.1,-1.0,-0.1
3,NONE,-1.0,-0.1,-1.0,-0.1
3,NONE,-1.0,-0.1,-1.0,-0.1
3,NONE,-1.0,-0.1,-1.0,-0.1
3,NONE,-1.0,-0.1,-1.0,-0.1
3,NONE,-1.0,-0.1,-1.0,-0.1
3,NONE,-1.0,-0.1,-1.0,-0.1
3,NONE,-1.0,-0.1,-1.0,-0.1
3,NONE,-1.0,-0.1,-1.0,-0.1
3,NONE,-1.0,-0.1,-1.0,-0.1
3,NONE,-1.0,-0.1,-1.0,-0.1
3,NONE,-1.0,-0.1,-1.0,-0.1
3,NONE,-1.0,-0.1,-1.0,-0.1
3,NONE,-1.0,-0.1,-1.0,-0.1
3,NONE,-1.0,-0.1,-1.0,-0.1
3,NONE,-1.0,-0.1,-1.0,-0.1
3,NONE,-1.0,-0.1,-1.0,-0.1
3,NONE,-1.0,-0.1,-1.0,-0.1
3,NONE,-1.0,-0.1,-1.0,-0.1
3,NONE,-1.0,-0.1,-1.0,-0.1
3,NONE,-1.0,-0.1,-1.0,-0.1
3,NONE,-1.0,-0.1,-1.0,-0.1
3,NONE,-1.0,-0.1,-1.0,-0.1
3,NONE,-1.0,-0.1,-1.0,-0.1
3,NONE,-1.0,-0.1,-1.0,-0.1
3,NONE,-1.0,-0.1,-1.0,-0.1
3,NONE,-1.0,-0.1,-1.0,-0.1
3,NONE,-1.0,-0.1,-1.0,-0.1
3,NONE,-1.0,-0.1,-1.0,-0.1
3,NONE,-1.0,-0.1,-1.0,-0.1
3,NONE,-1.0,-0.1,-1.0,-0.1
3,NONE,-1.0,-0.1,-1.0,-0.1
3,NONE,-1.0,-0.1,-1.0,-0.1
3,NONE,-1.0,-0.1,-1.0,-0.1
3,NONE,-1.0,-0.1,-1.0,-0.1
3,NONE,-1.0,-0.1,-1.0,-0.1
3,NONE,-1.0,-0.1,-1.0,-0.1
3,NONE,-1.0,-0.1,-1.0,-0.1
3,NONE,-1.0,-0.1,-1.0,-0.1
3,NONE,-1.0,-0.1,-1.0,-0.1
3,NONE,-1.0,-0.1,-1.0,-0.1
3,NONE,-1.0,-0.1,-1.0,-0.1
3,NONE,-1.0,-0.1,-1.0,-0.1
3,NONE,-1.0,-0.1,-1.0,-0.1
3,NONE,-1.0,-0.1,-1.0,-0.1
3,NONE,-1.0,-0.1,-1.0,-0.1
3,NONE,-1.0,-0.1,-1.0,-0.1
3,NONE,-1.0,-0.1,-1.0,-0.1
3,NONE,-1.0,-0.1,-1.0,-0.1
2,EV_B07_C030_Mototaxi_Electrica,-1.0,-0.1,8.0,20.490257841255
1,EV_B07_C030_Mototaxi_Electrica,5.0,84.71596880339284,-1.0,20.490257841255
1,EV_B07_C030_Mototaxi_Electrica,4.0,84.71596880339284,-1.0,20.490257841255
1,EV_B07_C030_Mototaxi_Electrica,3.0,84.71596880339284,-1.0,20.490257841255
1,EV_B07_C030_Mototaxi_Electrica,2.0,84.71596880339284,-1.0,20.490257841255
1,EV_B07_C030_Mototaxi_Electrica,1.0,84.71596880339284,-1.0,20.490257841255
1,EV_B07_C030_Mototaxi_Electrica,0.0,84.71596880339284,-1.0,20.490257841255
3,NONE,-1.0,-0.1,-1.0,-0.1
3,NONE,-1.0,-0.1,-1.0,-0.1
3,NONE,-1.0,-0.1,-1.0,-0.1
3,NONE,-1.0,-0.1,-1.0,-0.1
3,NONE,-1.0,-0.1,-1.0,-0.1
3,NONE,-1.0,-0.1,-1.0,-0.1
3,NONE,-1.0,-0.1,-1.0,-0.1
3,NONE,-1.0,-0.1,-1.0,-0.1
3,NONE,-1.0,-0.1,-1.0,-0.1
3,NONE,-1.0,-0.1,-1.0,-0.1
3,NONE,-1.0,-0.1,-1.0,-0.1
3,NONE,-1.0,-0.1,-1.0,-0.1
3,NONE,-1.0,-0.1,-1.0,-0.1
3,NONE,-1.0,-0.1,-1.0,-0.1
3,NONE,-1.0,-0.1,-1.0,-0.1
3,NONE,-1.0,-0.1,-1.0,-0.1
2,EV_B07_C030_Mototaxi_Electrica,-1.0,-0.1,7.0,30.41639630258379
1,EV_B07_C030_Mototaxi_Electrica,7.0,79.92839661156542,-1.0,30.41639630258379
1,EV_B07_C030_Mototaxi_Electrica,6.0,79.92839661156542,-1.0,30.41639630258379
1,EV_B07_C030_Mototaxi_Electrica,5.0,79.92839661156542,-1.0,30.41639630258379
1,EV_B07_C030_Mototaxi_Electrica,4.0,79.92839661156542,-1.0,30.41639630258379
1,EV_B07_C030_Mototaxi_Electrica,3.0,79.92839661156542,-1.0,30.41639630258379
1,EV_B07_C030_Mototaxi_Electrica,2.0,79.92839661156542,-1.0,30.41639630258379
1,EV_B07_C030_Mototaxi_Electrica,1.0,79.92839661156542,-1.0,30.41639630258379
1,EV_B07_C030_Mototaxi_Electrica,0.0,79.92839661156542,-1.0,30.41639630258379
3,NONE,-1.0,-0.1,-1.0,-0.1
3,NONE,-1.0,-0.1,-1.0,-0.1
3,NONE,-1.0,-0.1,-1.0,-0.1
3,NONE,-1.0,-0.1,-1.0,-0.1
3,NONE,-1.0,-0.1,-1.0,-0.1
3,NONE,-1.0,-0.1,-1.0,-0.1
3,NONE,-1.0,-0.1,-1.0,-0.1
3,NONE,-1.0,-0.1,-1.0,-0.1
3,NONE,-1.0,-0.1,-1.0,-0.1
3,NONE,-1.0,-0.1,-1.0,-0.1
3,NONE,-1.0,-0.1,-1.0,-0.1
3,NONE,-1.0,-0.1,-1.0,-0.1
3,NONE,-1.0,-0.1,-1.0,-0.1
3,NONE,-1.0,-0.1,-1.0,-0.1
3,NONE,-1.0,-0.1,-1.0,-0.1
3,NONE,-1.0,-0.1,-1.0,-0.1
3,NONE,-1.0,-0.1,-1.0,-0.1
2,EV_B07_C030_Mototaxi_Electrica,-1.0,-0.1,9.0,22.64607481482336
1,EV_B07_C030_Mototaxi_Electrica,5.0,82.49090247936417,-1.0,22.64607481482336
1,EV_B07_C030_Mototaxi_Electrica,4.0,82.49090247936417,-1.0,22.64607481482336
1,EV_B07_C030_Mototaxi_Electrica,3.0,82.49090247936417,-1.0,22.64607481482336
1,EV_B07_C030_Mototaxi_Electrica,2.0,82.49090247936417,-1.0,22.64607481482336
1,EV_B07_C030_Mototaxi_Electrica,1.0,82.49090247936417,-1.0,22.64607481482336
1,EV_B07_C030_Mototaxi_Electrica,0.0,82.49090247936417,-1.0,22.64607481482336
3,NONE,-1.0,-0.1,-1.0,-0.1
3,NONE,-1.0,-0.1,-1.0,-0.1
3,NONE,-1.0,-0.1,-1.0,-0.1
3,NONE,-1.0,-0.1,-1.0,-0.1
3,NONE,-1.0,-0.1,-1.0,-0.1
3,NONE,-1.0,-0.1,-1.0,-0.1
3,NONE,-1.0,-0.1,-1.0,-0.1
3,NONE,-1.0,-0.1,-1.0,-0.1
3,NONE,-1.0,-0.1,-1.0,-0.1
3,NONE,-1.0,-0.1,-1.0,-0.1
3,NONE,-1.0,-0.1,-1.0,-0.1
3,NONE,-1.0,-0.1,-1.0,-0.1
3,NONE,-1.0,-0.1,-1.0,-0.1
3,NONE,-1.0,-0.1,-1.0,-0.1
3,NONE,-1.0,-0.1,-1.0,-0.1
3,NONE,-1.0,-0.1,-1.0,-0.1
3,NONE,-1.0,-0.1,-1.0,-0.1
2,EV_B07_C030_Mototaxi_Electrica,-1.0,-0.1,9.0,48.27639799246649
1,EV_B07_C030_Mototaxi_Electrica,5.0,72.91707807224925,-1.0,48.27639799246649
1,EV_B07_C030_Mototaxi_Electrica,4.0,72.91707807224925,-1.0,48.27639799246649
1,EV_B07_C030_Mototaxi_Electrica,3.0,72.91707807224925,-1.0,48.27639799246649
1,EV_B07_C030_Mototaxi_Electrica,2.0,72.91707807224925,-1.0,48.27639799246649
1,EV_B07_C030_Mototaxi_Electrica,1.0,72.91707807224925,-1.0,48.27639799246649
1,EV_B07_C030_Mototaxi_Electrica,0.0,72.91707807224925,-1.0,48.27639799246649
3,NONE,-1.0,-0.1,-1.0,-0.1
3,NONE,-1.0,-0.1,-1.0,-0.1
3,NONE,-1.0,-0.1,-1.0,-0.1
3,NONE,-1.0,-0.1,-1.0,-0.1
3,NONE,-1.0,-0.1,-1.0,-0.1
3,NONE,-1.0,-0.1,-1.0,-0.1
3,NONE,-1.0,-0.1,-1.0,-0.1
3,NONE,-1.0,-0.1,-1.0,-0.1
3,NONE,-1.0,-0.1,-1.0,-0.1
3,NONE,-1.0,-0.1,-1.0,-0.1
3,NONE,-1.0,-0.1,-1.0,-0.1
3,NONE,-1.0,-0.1,-1.0,-0.1
3,NONE,-1.0,-0.1,-1.0,-0.1
3,NONE,-1.0,-0.1,-1.0,-0.1
3,NONE,-1.0,-0.1,-1.0,-0.1
2,EV_B07_C030_Mototaxi_Electrica,-1.0,-0.1,7.0,43.477473012435105
1,EV_B07_C030_Mototaxi_Electrica,7.0,86.79088682825872,-1.0,43.477473012435105
1,EV_B07_C030_Mototaxi_Electrica,6.0,86.79088682825872,-1.0,43.477473012435105
1,EV_B07_C030_Mototaxi_Electrica,5.0,86.79088682825872,-1.0,43.477473012435105
1,EV_B07_C030_Mototaxi_Electrica,4.0,86.79088682825872,-1.0,43.477473012435105
1,EV_B07_C030_Mototaxi_Electrica,3.0,86.79088682825872,-1.0,43.477473012435105
1,EV_B07_C030_Mototaxi_Electrica,2.0,86.79088682825872,-1.0,43.477473012435105
1,EV_B07_C030_Mototaxi_Electrica,1.0,86.79088682825872,-1.0,43.477473012435105
1,EV_B07_C030_Mototaxi_Electrica,0.0,86.79088682825872,-1.0,43.477473012435105
3,NONE,-1.0,-0.1,-1.0,-0.1
3,NONE,-1.0,-0.1,-1.0,-0.1
3,NONE,-1.0,-0.1,-1.0,-0.1
3,NONE,-1.0,-0.1,-1.0,-0.1
3,NONE,-1.0,-0.1,-1.0,-0.1
3,NONE,-1.0,-0.1,-1.0,-0.1
3,NONE,-1.0,-0.1,-1.0,-0.1
3,NONE,-1.0,-0.1,-1.0,-0.1
3,NONE,-1.0,-0.1,-1.0,-0.1
3,NONE,-1.0,-0.1,-1.0,-0.1
3,NONE,-1.0,-0.1,-1.0,-0.1
3,NONE,-1.0,-0.1,-1.0,-0.1
3,NONE,-1.0,-0.1,-1.0,-0.1
3,NONE,-1.0,-0.1,-1.0,-0.1
3,NONE,-1.0,-0.1,-1.0,-0.1
3,NONE,-1.0,-0.1,-1.0,-0.1
3,NONE,-1.0,-0.1,-1.0,-0.1
3,NONE,-1.0,-0.1,-1.0,-0.1
3,NONE,-1.0,-0.1,-1.0,-0.1
3,NONE,-1.0,-0.1,-1.0,-0.1
3,NONE,-1.0,-0.1,-1.0,-0.1
3,NONE,-1.0,-0.1,-1.0,-0.1
3,NONE,-1.0,-0.1,-1.0,-0.1
3,NONE,-1.0,-0.1,-1.0,-0.1
3,NONE,-1.0,-0.1,-1.0,-0.1
3,NONE,-1.0,-0.1,-1.0,-0.1
3,NONE,-1.0,-0.1,-1.0,-0.1
3,NONE,-1.0,-0.1,-1.0,-0.1
3,NONE,-1.0,-0.1,-1.0,-0.1
3,NONE,-1.0,-0.1,-1.0,-0.1
3,NONE,-1.0,-0.1,-1.0,-0.1
3,NONE,-1.0,-0.1,-1.0,-0.1
3,NONE,-1.0,-0.1,-1.0,-0.1
3,NONE,-1.0,-0.1,-1.0,-0.1
3,NONE,-1.0,-0.1,-1.0,-0.1
3,NONE,-1.0,-0.1,-1.0,-0.1
3,NONE,-1.0,-0.1,-1.0,-0.1
3,NONE,-1.0,-0.1,-1.0,-0.1
3,NONE,-1.0,-0.1,-1.0,-0.1
3,NONE,-1.0,-0.1,-1.0,-0.1
3,NONE,-1.0,-0.1,-1.0,-0.1
3,NONE,-1.0,-0.1,-1.0,-0.1
3,NONE,-1.0,-0.1,-1.0,-0.1
3,NONE,-1.0,-0.1,-1.0,-0.1
3,NONE,-1.0,-0.1,-1.0,-0.1
3,NONE,-1.0,-0.1,-1.0,-0.1
3,NONE,-1.0,-0.1,-1.0,-0.1
3,NONE,-1.0,-0.1,-1.0,-0.1
3,NONE,-1.0,-0.1,-1.0,-0.1
3,NONE,-1.0,-0.1,-1.0,-0.1
3,NONE,-1.0,-0.1,-1.0,-0.1
3,NONE,-1.0,-0.1,-1.0,-0.1
3,NONE,-1.0,-0.1,-1.0,-0.1
3,NONE,-1.0,-0.1,-1.0,-0.1
3,NONE,-1.0,-0.1,-1.0,-0.1
3,NONE,-1.0,-0.1,-1.0,-0.1
3,NONE,-1.0,-0.1,-1.0,-0.1
3,NONE,-1.0,-0.1,-1.0,-0.1
3,NONE,-1.0,-0.1,-1.0,-0.1
3,NONE,-1.0,-0.1,-1.0,-0.1
3,NONE,-1.0,-0.1,-1.0,-0.1
3,NONE,-1.0,-0.1,-1.0,-0.1
3,NONE,-1.0,-0.1,-1.0,-0.1
2,EV_B07_C030_Mototaxi_Electrica,-1.0,-0.1,7.0,36.69533928840508
1,EV_B07_C030_Mototaxi_Electrica,7.0,85.54458709503766,-1.0,36.69533928840508
1,EV_B07_C030_Mototaxi_Electrica,6.0,85.54458709503766,-1.0,36.69533928840508
1,EV_B07_C030_Mototaxi_Electrica,5.0,85.54458709503766,-1.0,36.69533928840508
1,EV_B07_C030_Mototaxi_Electrica,4.0,85.54458709503766,-1.0,36.69533928840508
1,EV_B07_C030_Mototaxi_Electrica,3.0,85.54458709503766,-1.0,36.69533928840508
1,EV_B07_C030_Mototaxi_Electrica,2.0,85.54458709503766,-1.0,36.69533928840508
1,EV_B07_C030_Mototaxi_Electrica,1.0,85.54458709503766,-1.0,36.69533928840508
1,EV_B07_C030_Mototaxi_Electrica,0.0,85.54458709503766,-1.0,36.69533928840508
3,NONE,-1.0,-0.1,-1.0,-0.1
3,NONE,-1.0,-0.1,-1.0,-0.1
3,NONE,-1.0,-0.1,-1.0,-0.1
3,NONE,-1.0,-0.1,-1.0,-0.1
3,NONE,-1.0,-0.1,-1.0,-0.1
3,NONE,-1.0,-0.1,-1.0,-0.1
3,NONE,-1.0,-0.1,-1.0,-0.1
3,NONE,-1.0,-0.1,-1.0,-0.1
3,NONE,-1.0,-0.1,-1.0,-0.1
3,NONE,-1.0,-0.1,-1.0,-0.1
3,NONE,-1.0,-0.1,-1.0,-0.1
3,NONE,-1.0,-0.1,-1.0,-0.1
3,NONE,-1.0,-0.1,-1.0,-0.1
3,NONE,-1.0,-0.1,-1.0,-0.1
3,NONE,-1.0,-0.1,-1.0,-0.1
3,NONE,-1.0,-0.1,-1.0,-0.1
2,EV_B07_C030_Mototaxi_Electrica,-1.0,-0.1,8.0,52.55916317883276
1,EV_B07_C030_Mototaxi_Electrica,6.0,79.76238335747881,-1.0,52.55916317883276
1,EV_B07_C030_Mototaxi_Electrica,5.0,79.76238335747881,-1.0,52.55916317883276
1,EV_B07_C030_Mototaxi_Electrica,4.0,79.76238335747881,-1.0,52.55916317883276
1,EV_B07_C030_Mototaxi_Electrica,3.0,79.76238335747881,-1.0,52.55916317883276
1,EV_B07_C030_Mototaxi_Electrica,2.0,79.76238335747881,-1.0,52.55916317883276
1,EV_B07_C030_Mototaxi_Electrica,1.0,79.76238335747881,-1.0,52.55916317883276
1,EV_B07_C030_Mototaxi_Electrica,0.0,79.76238335747881,-1.0,52.55916317883276
3,NONE,-1.0,-0.1,-1.0,-0.1
3,NONE,-1.0,-0.1,-1.0,-0.1
3,NONE,-1.0,-0.1,-1.0,-0.1
3,NONE,-1.0,-0.1,-1.0,-0.1
3,NONE,-1.0,-0.1,-1.0,-0.1
3,NONE,-1.0,-0.1,-1.0,-0.1
3,NONE,-1.0,-0.1,-1.0,-0.1
3,NONE,-1.0,-0.1,-1.0,-0.1
3,NONE,-1.0,-0.1,-1.0,-0.1
3,NONE,-1.0,-0.1,-1.0,-0.1
3,NONE,-1.0,-0.1,-1.0,-0.1
3,NONE,-1.0,-0.1,-1.0,-0.1
3,NONE,-1.0,-0.1,-1.0,-0.1
3,NONE,-1.0,-0.1,-1.0,-0.1
3,NONE,-1.0,-0.1,-1.0,-0.1
3,NONE,-1.0,-0.1,-1.0,-0.1
3,NONE,-1.0,-0.1,-1.0,-0.1
3,NONE,-1.0,-0.1,-1.0,-0.1
3,NONE,-1.0,-0.1,-1.0,-0.1
3,NONE,-1.0,-0.1,-1.0,-0.1
3,NONE,-1.0,-0.1,-1.0,-0.1
3,NONE,-1.0,-0.1,-1.0,-0.1
3,NONE,-1.0,-0.1,-1.0,-0.1
3,NONE,-1.0,-0.1,-1.0,-0.1
3,NONE,-1.0,-0.1,-1.0,-0.1
3,NONE,-1.0,-0.1,-1.0,-0.1
3,NONE,-1.0,-0.1,-1.0,-0.1
3,NONE,-1.0,-0.1,-1.0,-0.1
3,NONE,-1.0,-0.1,-1.0,-0.1
3,NONE,-1.0,-0.1,-1.0,-0.1
3,NONE,-1.0,-0.1,-1.0,-0.1
3,NONE,-1.0,-0.1,-1.0,-0.1
3,NONE,-1.0,-0.1,-1.0,-0.1
3,NONE,-1.0,-0.1,-1.0,-0.1
3,NONE,-1.0,-0.1,-1.0,-0.1
3,NONE,-1.0,-0.1,-1.0,-0.1
3,NONE,-1.0,-0.1,-1.0,-0.1
3,NONE,-1.0,-0.1,-1.0,-0.1
3,NONE,-1.0,-0.1,-1.0,-0.1
3,NONE,-1.0,-0.1,-1.0,-0.1
3,NONE,-1.0,-0.1,-1.0,-0.1
3,NONE,-1.0,-0.1,-1.0,-0.1
3,NONE,-1.0,-0.1,-1.0,-0.1
3,NONE,-1.0,-0.1,-1.0,-0.1
3,NONE,-1.0,-0.1,-1.0,-0.1
3,NONE,-1.0,-0.1,-1.0,-0.1
3,NONE,-1.0,-0.1,-1.0,-0.1
3,NONE,-1.0,-0.1,-1.0,-0.1
3,NONE,-1.0,-0.1,-1.0,-0.1
3,NONE,-1.0,-0.1,-1.0,-0.1
3,NONE,-1.0,-0.1,-1.0,-0.1
3,NONE,-1.0,-0.1,-1.0,-0.1
3,NONE,-1.0,-0.1,-1.0,-0.1
3,NONE,-1.0,-0.1,-1.0,-0.1
3,NONE,-1.0,-0.1,-1.0,-0.1
3,NONE,-1.0,-0.1,-1.0,-0.1
3,NONE,-1.0,-0.1,-1.0,-0.1
3,NONE,-1.0,-0.1,-1.0,-0.1
3,NONE,-1.0,-0.1,-1.0,-0.1
3,NONE,-1.0,-0.1,-1.0,-0.1
3,NONE,-1.0,-0.1,-1.0,-0.1
3,NONE,-1.0,-0.1,-1.0,-0.1
3,NONE,-1.0,-0.1,-1.0,-0.1
3,NONE,-1.0,-0.1,-1.0,-0.1
2,EV_B07_C030_Mototaxi_Electrica,-1.0,-0.1,8.0,13.34839517438595
1,EV_B07_C030_Mototaxi_Electrica,6.0,84.05641556034179,-1.0,13.34839517438595
1,EV_B07_C030_Mototaxi_Electrica,5.0,84.05641556034179,-1.0,13.34839517438595
1,EV_B07_C030_Mototaxi_Electrica,4.0,84.05641556034179,-1.0,13.34839517438595
1,EV_B07_C030_Mototaxi_Electrica,3.0,84.05641556034179,-1.0,13.34839517438595
1,EV_B07_C030_Mototaxi_Electrica,2.0,84.05641556034179,-1.0,13.34839517438595
1,EV_B07_C030_Mototaxi_Electrica,1.0,84.05641556034179,-1.0,13.34839517438595
1,EV_B07_C030_Mototaxi_Electrica,0.0,84.05641556034179,-1.0,13.34839517438595
3,NONE,-1.0,-0.1,-1.0,-0.1
3,NONE,-1.0,-0.1,-1.0,-0.1
3,NONE,-1.0,-0.1,-1.0,-0.1
3,NONE,-1.0,-0.1,-1.0,-0.1
3,NONE,-1.0,-0.1,-1.0,-0.1
3,NONE,-1.0,-0.1,-1.0,-0.1
3,NONE,-1.0,-0.1,-1.0,-0.1
3,NONE,-1.0,-0.1,-1.0,-0.1
3,NONE,-1.0,-0.1,-1.0,-0.1
3,NONE,-1.0,-0.1,-1.0,-0.1
3,NONE,-1.0,-0.1,-1.0,-0.1
3,NONE,-1.0,-0.1,-1.0,-0.1
3,NONE,-1.0,-0.1,-1.0,-0.1
3,NONE,-1.0,-0.1,-1.0,-0.1
3,NONE,-1.0,-0.1,-1.0,-0.1
3,NONE,-1.0,-0.1,-1.0,-0.1
3,NONE,-1.0,-0.1,-1.0,-0.1
3,NONE,-1.0,-0.1,-1.0,-0.1
3,NONE,-1.0,-0.1,-1.0,-0.1
3,NONE,-1.0,-0.1,-1.0,-0.1
3,NONE,-1.0,-0.1,-1.0,-0.1
3,NONE,-1.0,-0.1,-1.0,-0.1
3,NONE,-1.0,-0.1,-1.0,-0.1
3,NONE,-1.0,-0.1,-1.0,-0.1
3,NONE,-1.0,-0.1,-1.0,-0.1
3,NONE,-1.0,-0.1,-1.0,-0.1
3,NONE,-1.0,-0.1,-1.0,-0.1
3,NONE,-1.0,-0.1,-1.0,-0.1
3,NONE,-1.0,-0.1,-1.0,-0.1
3,NONE,-1.0,-0.1,-1.0,-0.1
3,NONE,-1.0,-0.1,-1.0,-0.1
3,NONE,-1.0,-0.1,-1.0,-0.1
3,NONE,-1.0,-0.1,-1.0,-0.1
3,NONE,-1.0,-0.1,-1.0,-0.1
3,NONE,-1.0,-0.1,-1.0,-0.1
3,NONE,-1.0,-0.1,-1.0,-0.1
3,NONE,-1.0,-0.1,-1.0,-0.1
3,NONE,-1.0,-0.1,-1.0,-0.1
3,NONE,-1.0,-0.1,-1.0,-0.1
3,NONE,-1.0,-0.1,-1.0,-0.1
3,NONE,-1.0,-0.1,-1.0,-0.1
3,NONE,-1.0,-0.1,-1.0,-0.1
3,NONE,-1.0,-0.1,-1.0,-0.1
3,NONE,-1.0,-0.1,-1.0,-0.1
3,NONE,-1.0,-0.1,-1.0,-0.1
3,NONE,-1.0,-0.1,-1.0,-0.1
3,NONE,-1.0,-0.1,-1.0,-0.1
3,NONE,-1.0,-0.1,-1.0,-0.1
3,NONE,-1.0,-0.1,-1.0,-0.1
3,NONE,-1.0,-0.1,-1.0,-0.1
3,NONE,-1.0,-0.1,-1.0,-0.1
3,NONE,-1.0,-0.1,-1.0,-0.1
3,NONE,-1.0,-0.1,-1.0,-0.1
3,NONE,-1.0,-0.1,-1.0,-0.1
3,NONE,-1.0,-0.1,-1.0,-0.1
3,NONE,-1.0,-0.1,-1.0,-0.1
3,NONE,-1.0,-0.1,-1.0,-0.1
3,NONE,-1.0,-0.1,-1.0,-0.1
3,NONE,-1.0,-0.1,-1.0,-0.1
3,NONE,-1.0,-0.1,-1.0,-0.1
3,NONE,-1.0,-0.1,-1.0,-0.1
3,NONE,-1.0,-0.1,-1.0,-0.1
3,NONE,-1.0,-0.1,-1.0,-0.1
2,EV_B07_C030_Mototaxi_Electrica,-1.0,-0.1,7.0,9.08282704520867
1,EV_B07_C030_Mototaxi_Electrica,7.0,79.4340980213766,-1.0,9.08282704520867
1,EV_B07_C030_Mototaxi_Electrica,6.0,79.4340980213766,-1.0,9.08282704520867
1,EV_B07_C030_Mototaxi_Electrica,5.0,79.4340980213766,-1.0,9.08282704520867
1,EV_B07_C030_Mototaxi_Electrica,4.0,79.4340980213766,-1.0,9.08282704520867
1,EV_B07_C030_Mototaxi_Electrica,3.0,79.4340980213766,-1.0,9.08282704520867
1,EV_B07_C030_Mototaxi_Electrica,2.0,79.4340980213766,-1.0,9.08282704520867
1,EV_B07_C030_Mototaxi_Electrica,1.0,79.4340980213766,-1.0,9.08282704520867
1,EV_B07_C030_Mototaxi_Electrica,0.0,79.4340980213766,-1.0,9.08282704520867
3,NONE,-1.0,-0.1,-1.0,-0.1
3,NONE,-1.0,-0.1,-1.0,-0.1
3,NONE,-1.0,-0.1,-1.0,-0.1
3,NONE,-1.0,-0.1,-1.0,-0.1
3,NONE,-1.0,-0.1,-1.0,-0.1
3,NONE,-1.0,-0.1,-1.0,-0.1
3,NONE,-1.0,-0.1,-1.0,-0.1
3,NONE,-1.0,-0.1,-1.0,-0.1
3,NONE,-1.0,-0.1,-1.0,-0.1
3,NONE,-1.0,-0.1,-1.0,-0.1
3,NONE,-1.0,-0.1,-1.0,-0.1
3,NONE,-1.0,-0.1,-1.0,-0.1
3,NONE,-1.0,-0.1,-1.0,-0.1
3,NONE,-1.0,-0.1,-1.0,-0.1
3,NONE,-1.0,-0.1,-1.0,-0.1
3,NONE,-1.0,-0.1,-1.0,-0.1
3,NONE,-1.0,-0.1,-1.0,-0.1
2,EV_B07_C030_Mototaxi_Electrica,-1.0,-0.1,9.0,30.554996083981962
1,EV_B07_C030_Mototaxi_Electrica,5.0,78.23335885131769,-1.0,30.554996083981962
1,EV_B07_C030_Mototaxi_Electrica,4.0,78.23335885131769,-1.0,30.554996083981962
1,EV_B07_C030_Mototaxi_Electrica,3.0,78.23335885131769,-1.0,30.554996083981962
1,EV_B07_C030_Mototaxi_Electrica,2.0,78.23335885131769,-1.0,30.554996083981962
1,EV_B07_C030_Mototaxi_Electrica,1.0,78.23335885131769,-1.0,30.554996083981962
1,EV_B07_C030_Mototaxi_Electrica,0.0,78.23335885131769,-1.0,30.554996083981962
3,NONE,-1.0,-0.1,-1.0,-0.1
3,NONE,-1.0,-0.1,-1.0,-0.1
3,NONE,-1.0,-0.1,-1.0,-0.1
3,NONE,-1.0,-0.1,-1.0,-0.1
3,NONE,-1.0,-0.1,-1.0,-0.1
3,NONE,-1.0,-0.1,-1.0,-0.1
3,NONE,-1.0,-0.1,-1.0,-0.1
3,NONE,-1.0,-0.1,-1.0,-0.1
3,NONE,-1.0,-0.1,-1.0,-0.1
3,NONE,-1.0,-0.1,-1.0,-0.1
3,NONE,-1.0,-0.1,-1.0,-0.1
3,NONE,-1.0,-0.1,-1.0,-0.1
3,NONE,-1.0,-0.1,-1.0,-0.1
3,NONE,-1.0,-0.1,-1.0,-0.1
3,NONE,-1.0,-0.1,-1.0,-0.1
3,NONE,-1.0,-0.1,-1.0,-0.1
2,EV_B07_C030_Mototaxi_Electrica,-1.0,-0.1,8.0,31.220280421554826
1,EV_B07_C030_Mototaxi_Electrica,6.0,88.58758108685863,-1.0,31.220280421554826
1,EV_B07_C030_Mototaxi_Electrica,5.0,88.58758108685863,-1.0,31.220280421554826
1,EV_B07_C030_Mototaxi_Electrica,4.0,88.58758108685863,-1.0,31.220280421554826
1,EV_B07_C030_Mototaxi_Electrica,3.0,88.58758108685863,-1.0,31.220280421554826
1,EV_B07_C030_Mototaxi_Electrica,2.0,88.58758108685863,-1.0,31.220280421554826
1,EV_B07_C030_Mototaxi_Electrica,1.0,88.58758108685863,-1.0,31.220280421554826
1,EV_B07_C030_Mototaxi_Electrica,0.0,88.58758108685863,-1.0,31.220280421554826
3,NONE,-1.0,-0.1,-1.0,-0.1
3,NONE,-1.0,-0.1,-1.0,-0.1
3,NONE,-1.0,-0.1,-1.0,-0.1
3,NONE,-1.0,-0.1,-1.0,-0.1
3,NONE,-1.0,-0.1,-1.0,-0.1
3,NONE,-1.0,-0.1,-1.0,-0.1
3,NONE,-1.0,-0.1,-1.0,-0.1
3,NONE,-1.0,-0.1,-1.0,-0.1
3,NONE,-1.0,-0.1,-1.0,-0.1
3,NONE,-1.0,-0.1,-1.0,-0.1
3,NONE,-1.0,-0.1,-1.0,-0.1
3,NONE,-1.0,-0.1,-1.0,-0.1
3,NONE,-1.0,-0.1,-1.0,-0.1
3,NONE,-1.0,-0.1,-1.0,-0.1
3,NONE,-1.0,-0.1,-1.0,-0.1
2,EV_B07_C030_Mototaxi_Electrica,-1.0,-0.1,7.0,36.19961133175315
1,EV_B07_C030_Mototaxi_Electrica,7.0,82.73505211169432,-1.0,36.19961133175315
1,EV_B07_C030_Mototaxi_Electrica,6.0,82.73505211169432,-1.0,36.19961133175315
1,EV_B07_C030_Mototaxi_Electrica,5.0,82.73505211169432,-1.0,36.19961133175315
1,EV_B07_C030_Mototaxi_Electrica,4.0,82.73505211169432,-1.0,36.19961133175315
1,EV_B07_C030_Mototaxi_Electrica,3.0,82.73505211169432,-1.0,36.19961133175315
1,EV_B07_C030_Mototaxi_Electrica,2.0,82.73505211169432,-1.0,36.19961133175315
1,EV_B07_C030_Mototaxi_Electrica,1.0,82.73505211169432,-1.0,36.19961133175315
1,EV_B07_C030_Mototaxi_Electrica,0.0,82.73505211169432,-1.0,36.19961133175315
3,NONE,-1.0,-0.1,-1.0,-0.1
3,NONE,-1.0,-0.1,-1.0,-0.1
3,NONE,-1.0,-0.1,-1.0,-0.1
3,NONE,-1.0,-0.1,-1.0,-0.1
3,NONE,-1.0,-0.1,-1.0,-0.1
3,NONE,-1.0,-0.1,-1.0,-0.1
3,NONE,-1.0,-0.1,-1.0,-0.1
3,NONE,-1.0,-0.1,-1.0,-0.1
3,NONE,-1.0,-0.1,-1.0,-0.1
3,NONE,-1.0,-0.1,-1.0,-0.1
3,NONE,-1.0,-0.1,-1.0,-0.1
3,NONE,-1.0,-0.1,-1.0,-0.1
3,NONE,-1.0,-0.1,-1.0,-0.1
3,NONE,-1.0,-0.1,-1.0,-0.1
3,NONE,-1.0,-0.1,-1.0,-0.1
3,NONE,-1.0,-0.1,-1.0,-0.1
3,NONE,-1.0,-0.1,-1.0,-0.1
2,EV_B07_C030_Mototaxi_Electrica,-1.0,-0.1,9.0,29.100746949123863
1,EV_B07_C030_Mototaxi_Electrica,5.0,87.3085648683029,-1.0,29.100746949123863
1,EV_B07_C030_Mototaxi_Electrica,4.0,87.3085648683029,-1.0,29.100746949123863
1,EV_B07_C030_Mototaxi_Electrica,3.0,87.3085648683029,-1.0,29.100746949123863
1,EV_B07_C030_Mototaxi_Electrica,2.0,87.3085648683029,-1.0,29.100746949123863
1,EV_B07_C030_Mototaxi_Electrica,1.0,87.3085648683029,-1.0,29.100746949123863
1,EV_B07_C030_Mototaxi_Electrica,0.0,87.3085648683029,-1.0,29.100746949123863
3,NONE,-1.0,-0.1,-1.0,-0.1
3,NONE,-1.0,-0.1,-1.0,-0.1
3,NONE,-1.0,-0.1,-1.0,-0.1
3,NONE,-1.0,-0.1,-1.0,-0.1
3,NONE,-1.0,-0.1,-1.0,-0.1
3,NONE,-1.0,-0.1,-1.0,-0.1
3,NONE,-1.0,-0.1,-1.0,-0.1
3,NONE,-1.0,-0.1,-1.0,-0.1
3,NONE,-1.0,-0.1,-1.0,-0.1
3,NONE,-1.0,-0.1,-1.0,-0.1
3,NONE,-1.0,-0.1,-1.0,-0.1
3,NONE,-1.0,-0.1,-1.0,-0.1
3,NONE,-1.0,-0.1,-1.0,-0.1
3,NONE,-1.0,-0.1,-1.0,-0.1
3,NONE,-1.0,-0.1,-1.0,-0.1
3,NONE,-1.0,-0.1,-1.0,-0.1
3,NONE,-1.0,-0.1,-1.0,-0.1
3,NONE,-1.0,-0.1,-1.0,-0.1
3,NONE,-1.0,-0.1,-1.0,-0.1
3,NONE,-1.0,-0.1,-1.0,-0.1
3,NONE,-1.0,-0.1,-1.0,-0.1
3,NONE,-1.0,-0.1,-1.0,-0.1
3,NONE,-1.0,-0.1,-1.0,-0.1
3,NONE,-1.0,-0.1,-1.0,-0.1
3,NONE,-1.0,-0.1,-1.0,-0.1
3,NONE,-1.0,-0.1,-1.0,-0.1
3,NONE,-1.0,-0.1,-1.0,-0.1
3,NONE,-1.0,-0.1,-1.0,-0.1
3,NONE,-1.0,-0.1,-1.0,-0.1
3,NONE,-1.0,-0.1,-1.0,-0.1
3,NONE,-1.0,-0.1,-1.0,-0.1
3,NONE,-1.0,-0.1,-1.0,-0.1
3,NONE,-1.0,-0.1,-1.0,-0.1
3,NONE,-1.0,-0.1,-1.0,-0.1
3,NONE,-1.0,-0.1,-1.0,-0.1
3,NONE,-1.0,-0.1,-1.0,-0.1
3,NONE,-1.0,-0.1,-1.0,-0.1
3,NONE,-1.0,-0.1,-1.0,-0.1
3,NONE,-1.0,-0.1,-1.0,-0.1
3,NONE,-1.0,-0.1,-1.0,-0.1
3,NONE,-1.0,-0.1,-1.0,-0.1
3,NONE,-1.0,-0.1,-1.0,-0.1
3,NONE,-1.0,-0.1,-1.0,-0.1
3,NONE,-1.0,-0.1,-1.0,-0.1
3,NONE,-1.0,-0.1,-1.0,-0.1
3,NONE,-1.0,-0.1,-1.0,-0.1
3,NONE,-1.0,-0.1,-1.0,-0.1
3,NONE,-1.0,-0.1,-1.0,-0.1
3,NONE,-1.0,-0.1,-1.0,-0.1
3,NONE,-1.0,-0.1,-1.0,-0.1
3,NONE,-1.0,-0.1,-1.0,-0.1
3,NONE,-1.0,-0.1,-1.0,-0.1
3,NONE,-1.0,-0.1,-1.0,-0.1
3,NONE,-1.0,-0.1,-1.0,-0.1
3,NONE,-1.0,-0.1,-1.0,-0.1
3,NONE,-1.0,-0.1,-1.0,-0.1
3,NONE,-1.0,-0.1,-1.0,-0.1
3,NONE,-1.0,-0.1,-1.0,-0.1
3,NONE,-1.0,-0.1,-1.0,-0.1
3,NONE,-1.0,-0.1,-1.0,-0.1
3,NONE,-1.0,-0.1,-1.0,-0.1
3,NONE,-1.0,-0.1,-1.0,-0.1
3,NONE,-1.0,-0.1,-1.0,-0.1
3,NONE,-1.0,-0.1,-1.0,-0.1
3,NONE,-1.0,-0.1,-1.0,-0.1
3,NONE,-1.0,-0.1,-1.0,-0.1
3,NONE,-1.0,-0.1,-1.0,-0.1
3,NONE,-1.0,-0.1,-1.0,-0.1
3,NONE,-1.0,-0.1,-1.0,-0.1
3,NONE,-1.0,-0.1,-1.0,-0.1
3,NONE,-1.0,-0.1,-1.0,-0.1
3,NONE,-1.0,-0.1,-1.0,-0.1
3,NONE,-1.0,-0.1,-1.0,-0.1
3,NONE,-1.0,-0.1,-1.0,-0.1
3,NONE,-1.0,-0.1,-1.0,-0.1
3,NONE,-1.0,-0.1,-1.0,-0.1
3,NONE,-1.0,-0.1,-1.0,-0.1
3,NONE,-1.0,-0.1,-1.0,-0.1
3,NONE,-1.0,-0.1,-1.0,-0.1
3,NONE,-1.0,-0.1,-1.0,-0.1
3,NONE,-1.0,-0.1,-1.0,-0.1
3,NONE,-1.0,-0.1,-1.0,-0.1
3,NONE,-1.0,-0.1,-1.0,-0.1
3,NONE,-1.0,-0.1,-1.0,-0.1
3,NONE,-1.0,-0.1,-1.0,-0.1
3,NONE,-1.0,-0.1,-1.0,-0.1
3,NONE,-1.0,-0.1,-1.0,-0.1
3,NONE,-1.0,-0.1,-1.0,-0.1
2,EV_B07_C030_Mototaxi_Electrica,-1.0,-0.1,8.0,23.265670434673304
1,EV_B07_C030_Mototaxi_Electrica,6.0,85.82213080144692,-1.0,23.265670434673304
1,EV_B07_C030_Mototaxi_Electrica,5.0,85.82213080144692,-1.0,23.265670434673304
1,EV_B07_C030_Mototaxi_Electrica,4.0,85.82213080144692,-1.0,23.265670434673304
1,EV_B07_C030_Mototaxi_Electrica,3.0,85.82213080144692,-1.0,23.265670434673304
1,EV_B07_C030_Mototaxi_Electrica,2.0,85.82213080144692,-1.0,23.265670434673304
1,EV_B07_C030_Mototaxi_Electrica,1.0,85.82213080144692,-1.0,23.265670434673304
1,EV_B07_C030_Mototaxi_Electrica,0.0,85.82213080144692,-1.0,23.265670434673304
3,NONE,-1.0,-0.1,-1.0,-0.1
3,NONE,-1.0,-0.1,-1.0,-0.1
3,NONE,-1.0,-0.1,-1.0,-0.1
3,NONE,-1.0,-0.1,-1.0,-0.1
3,NONE,-1.0,-0.1,-1.0,-0.1
3,NONE,-1.0,-0.1,-1.0,-0.1
3,NONE,-1.0,-0.1,-1.0,-0.1
3,NONE,-1.0,-0.1,-1.0,-0.1
3,NONE,-1.0,-0.1,-1.0,-0.1
3,NONE,-1.0,-0.1,-1.0,-0.1
3,NONE,-1.0,-0.1,-1.0,-0.1
3,NONE,-1.0,-0.1,-1.0,-0.1
3,NONE,-1.0,-0.1,-1.0,-0.1
3,NONE,-1.0,-0.1,-1.0,-0.1
3,NONE,-1.0,-0.1,-1.0,-0.1
3,NONE,-1.0,-0.1,-1.0,-0.1
3,NONE,-1.0,-0.1,-1.0,-0.1
3,NONE,-1.0,-0.1,-1.0,-0.1
3,NONE,-1.0,-0.1,-1.0,-0.1
3,NONE,-1.0,-0.1,-1.0,-0.1
3,NONE,-1.0,-0.1,-1.0,-0.1
3,NONE,-1.0,-0.1,-1.0,-0.1
3,NONE,-1.0,-0.1,-1.0,-0.1
3,NONE,-1.0,-0.1,-1.0,-0.1
3,NONE,-1.0,-0.1,-1.0,-0.1
3,NONE,-1.0,-0.1,-1.0,-0.1
3,NONE,-1.0,-0.1,-1.0,-0.1
3,NONE,-1.0,-0.1,-1.0,-0.1
3,NONE,-1.0,-0.1,-1.0,-0.1
3,NONE,-1.0,-0.1,-1.0,-0.1
3,NONE,-1.0,-0.1,-1.0,-0.1
3,NONE,-1.0,-0.1,-1.0,-0.1
3,NONE,-1.0,-0.1,-1.0,-0.1
3,NONE,-1.0,-0.1,-1.0,-0.1
3,NONE,-1.0,-0.1,-1.0,-0.1
3,NONE,-1.0,-0.1,-1.0,-0.1
3,NONE,-1.0,-0.1,-1.0,-0.1
3,NONE,-1.0,-0.1,-1.0,-0.1
3,NONE,-1.0,-0.1,-1.0,-0.1
3,NONE,-1.0,-0.1,-1.0,-0.1
2,EV_B07_C030_Mototaxi_Electrica,-1.0,-0.1,8.0,10.510064544543553
1,EV_B07_C030_Mototaxi_Electrica,6.0,90.8847049893659,-1.0,10.510064544543553
1,EV_B07_C030_Mototaxi_Electrica,5.0,90.8847049893659,-1.0,10.510064544543553
1,EV_B07_C030_Mototaxi_Electrica,4.0,90.8847049893659,-1.0,10.510064544543553
1,EV_B07_C030_Mototaxi_Electrica,3.0,90.8847049893659,-1.0,10.510064544543553
1,EV_B07_C030_Mototaxi_Electrica,2.0,90.8847049893659,-1.0,10.510064544543553
1,EV_B07_C030_Mototaxi_Electrica,1.0,90.8847049893659,-1.0,10.510064544543553
1,EV_B07_C030_Mototaxi_Electrica,0.0,90.8847049893659,-1.0,10.510064544543553
3,NONE,-1.0,-0.1,-1.0,-0.1
3,NONE,-1.0,-0.1,-1.0,-0.1
3,NONE,-1.0,-0.1,-1.0,-0.1
3,NONE,-1.0,-0.1,-1.0,-0.1
3,NONE,-1.0,-0.1,-1.0,-0.1
3,NONE,-1.0,-0.1,-1.0,-0.1
3,NONE,-1.0,-0.1,-1.0,-0.1
3,NONE,-1.0,-0.1,-1.0,-0.1
3,NONE,-1.0,-0.1,-1.0,-0.1
3,NONE,-1.0,-0.1,-1.0,-0.1
3,NONE,-1.0,-0.1,-1.0,-0.1
3,NONE,-1.0,-0.1,-1.0,-0.1
3,NONE,-1.0,-0.1,-1.0,-0.1
3,NONE,-1.0,-0.1,-1.0,-0.1
3,NONE,-1.0,-0.1,-1.0,-0.1
2,EV_B07_C030_Mototaxi_Electrica,-1.0,-0.1,7.0,41.88455273269071
1,EV_B07_C030_Mototaxi_Electrica,7.0,88.50840690672041,-1.0,41.88455273269071
1,EV_B07_C030_Mototaxi_Electrica,6.0,88.50840690672041,-1.0,41.88455273269071
1,EV_B07_C030_Mototaxi_Electrica,5.0,88.50840690672041,-1.0,41.88455273269071
1,EV_B07_C030_Mototaxi_Electrica,4.0,88.50840690672041,-1.0,41.88455273269071
1,EV_B07_C030_Mototaxi_Electrica,3.0,88.50840690672041,-1.0,41.88455273269071
1,EV_B07_C030_Mototaxi_Electrica,2.0,88.50840690672041,-1.0,41.88455273269071
1,EV_B07_C030_Mototaxi_Electrica,1.0,88.50840690672041,-1.0,41.88455273269071
1,EV_B07_C030_Mototaxi_Electrica,0.0,88.50840690672041,-1.0,41.88455273269071
3,NONE,-1.0,-0.1,-1.0,-0.1
3,NONE,-1.0,-0.1,-1.0,-0.1
3,NONE,-1.0,-0.1,-1.0,-0.1
3,NONE,-1.0,-0.1,-1.0,-0.1
3,NONE,-1.0,-0.1,-1.0,-0.1
3,NONE,-1.0,-0.1,-1.0,-0.1
3,NONE,-1.0,-0.1,-1.0,-0.1
3,NONE,-1.0,-0.1,-1.0,-0.1
3,NONE,-1.0,-0.1,-1.0,-0.1
3,NONE,-1.0,-0.1,-1.0,-0.1
3,NONE,-1.0,-0.1,-1.0,-0.1
3,NONE,-1.0,-0.1,-1.0,-0.1
3,NONE,-1.0,-0.1,-1.0,-0.1
3,NONE,-1.0,-0.1,-1.0,-0.1
3,NONE,-1.0,-0.1,-1.0,-0.1
3,NONE,-1.0,-0.1,-1.0,-0.1
3,NONE,-1.0,-0.1,-1.0,-0.1
3,NONE,-1.0,-0.1,-1.0,-0.1
3,NONE,-1.0,-0.1,-1.0,-0.1
3,NONE,-1.0,-0.1,-1.0,-0.1
3,NONE,-1.0,-0.1,-1.0,-0.1
3,NONE,-1.0,-0.1,-1.0,-0.1
3,NONE,-1.0,-0.1,-1.0,-0.1
3,NONE,-1.0,-0.1,-1.0,-0.1
3,NONE,-1.0,-0.1,-1.0,-0.1
3,NONE,-1.0,-0.1,-1.0,-0.1
3,NONE,-1.0,-0.1,-1.0,-0.1
3,NONE,-1.0,-0.1,-1.0,-0.1
3,NONE,-1.0,-0.1,-1.0,-0.1
3,NONE,-1.0,-0.1,-1.0,-0.1
3,NONE,-1.0,-0.1,-1.0,-0.1
3,NONE,-1.0,-0.1,-1.0,-0.1
3,NONE,-1.0,-0.1,-1.0,-0.1
3,NONE,-1.0,-0.1,-1.0,-0.1
3,NONE,-1.0,-0.1,-1.0,-0.1
3,NONE,-1.0,-0.1,-1.0,-0.1
3,NONE,-1.0,-0.1,-1.0,-0.1
3,NONE,-1.0,-0.1,-1.0,-0.1
3,NONE,-1.0,-0.1,-1.0,-0.1
3,NONE,-1.0,-0.1,-1.0,-0.1
3,NONE,-1.0,-0.1,-1.0,-0.1
3,NONE,-1.0,-0.1,-1.0,-0.1
3,NONE,-1.0,-0.1,-1.0,-0.1
3,NONE,-1.0,-0.1,-1.0,-0.1
3,NONE,-1.0,-0.1,-1.0,-0.1
3,NONE,-1.0,-0.1,-1.0,-0.1
3,NONE,-1.0,-0.1,-1.0,-0.1
3,NONE,-1.0,-0.1,-1.0,-0.1
3,NONE,-1.0,-0.1,-1.0,-0.1
3,NONE,-1.0,-0.1,-1.0,-0.1
3,NONE,-1.0,-0.1,-1.0,-0.1
3,NONE,-1.0,-0.1,-1.0,-0.1
3,NONE,-1.0,-0.1,-1.0,-0.1
3,NONE,-1.0,-0.1,-1.0,-0.1
3,NONE,-1.0,-0.1,-1.0,-0.1
3,NONE,-1.0,-0.1,-1.0,-0.1
3,NONE,-1.0,-0.1,-1.0,-0.1
3,NONE,-1.0,-0.1,-1.0,-0.1
3,NONE,-1.0,-0.1,-1.0,-0.1
3,NONE,-1.0,-0.1,-1.0,-0.1
3,NONE,-1.0,-0.1,-1.0,-0.1
3,NONE,-1.0,-0.1,-1.0,-0.1
3,NONE,-1.0,-0.1,-1.0,-0.1
2,EV_B07_C030_Mototaxi_Electrica,-1.0,-0.1,7.0,38.733732946628685
1,EV_B07_C030_Mototaxi_Electrica,6.0,87.12666035603286,-1.0,38.733732946628685
1,EV_B07_C030_Mototaxi_Electrica,5.0,87.12666035603286,-1.0,38.733732946628685
1,EV_B07_C030_Mototaxi_Electrica,4.0,87.12666035603286,-1.0,38.733732946628685
1,EV_B07_C030_Mototaxi_Electrica,3.0,87.12666035603286,-1.0,38.733732946628685
1,EV_B07_C030_Mototaxi_Electrica,2.0,87.12666035603286,-1.0,38.733732946628685
1,EV_B07_C030_Mototaxi_Electrica,1.0,87.12666035603286,-1.0,38.733732946628685
1,EV_B07_C030_Mototaxi_Electrica,0.0,87.12666035603286,-1.0,38.733732946628685
3,NONE,-1.0,-0.1,-1.0,-0.1
3,NONE,-1.0,-0.1,-1.0,-0.1
3,NONE,-1.0,-0.1,-1.0,-0.1
3,NONE,-1.0,-0.1,-1.0,-0.1
3,NONE,-1.0,-0.1,-1.0,-0.1
3,NONE,-1.0,-0.1,-1.0,-0.1
3,NONE,-1.0,-0.1,-1.0,-0.1
3,NONE,-1.0,-0.1,-1.0,-0.1
3,NONE,-1.0,-0.1,-1.0,-0.1
3,NONE,-1.0,-0.1,-1.0,-0.1
3,NONE,-1.0,-0.1,-1.0,-0.1
3,NONE,-1.0,-0.1,-1.0,-0.1
3,NONE,-1.0,-0.1,-1.0,-0.1
3,NONE,-1.0,-0.1,-1.0,-0.1
3,NONE,-1.0,-0.1,-1.0,-0.1
3,NONE,-1.0,-0.1,-1.0,-0.1
3,NONE,-1.0,-0.1,-1.0,-0.1
3,NONE,-1.0,-0.1,-1.0,-0.1
3,NONE,-1.0,-0.1,-1.0,-0.1
3,NONE,-1.0,-0.1,-1.0,-0.1
3,NONE,-1.0,-0.1,-1.0,-0.1
3,NONE,-1.0,-0.1,-1.0,-0.1
3,NONE,-1.0,-0.1,-1.0,-0.1
3,NONE,-1.0,-0.1,-1.0,-0.1
3,NONE,-1.0,-0.1,-1.0,-0.1
3,NONE,-1.0,-0.1,-1.0,-0.1
3,NONE,-1.0,-0.1,-1.0,-0.1
3,NONE,-1.0,-0.1,-1.0,-0.1
3,NONE,-1.0,-0.1,-1.0,-0.1
3,NONE,-1.0,-0.1,-1.0,-0.1
3,NONE,-1.0,-0.1,-1.0,-0.1
3,NONE,-1.0,-0.1,-1.0,-0.1
3,NONE,-1.0,-0.1,-1.0,-0.1
3,NONE,-1.0,-0.1,-1.0,-0.1
3,NONE,-1.0,-0.1,-1.0,-0.1
3,NONE,-1.0,-0.1,-1.0,-0.1
3,NONE,-1.0,-0.1,-1.0,-0.1
3,NONE,-1.0,-0.1,-1.0,-0.1
3,NONE,-1.0,-0.1,-1.0,-0.1
3,NONE,-1.0,-0.1,-1.0,-0.1
3,NONE,-1.0,-0.1,-1.0,-0.1
3,NONE,-1.0,-0.1,-1.0,-0.1
3,NONE,-1.0,-0.1,-1.0,-0.1
3,NONE,-1.0,-0.1,-1.0,-0.1
3,NONE,-1.0,-0.1,-1.0,-0.1
3,NONE,-1.0,-0.1,-1.0,-0.1
3,NONE,-1.0,-0.1,-1.0,-0.1
3,NONE,-1.0,-0.1,-1.0,-0.1
3,NONE,-1.0,-0.1,-1.0,-0.1
3,NONE,-1.0,-0.1,-1.0,-0.1
3,NONE,-1.0,-0.1,-1.0,-0.1
3,NONE,-1.0,-0.1,-1.0,-0.1
3,NONE,-1.0,-0.1,-1.0,-0.1
3,NONE,-1.0,-0.1,-1.0,-0.1
3,NONE,-1.0,-0.1,-1.0,-0.1
3,NONE,-1.0,-0.1,-1.0,-0.1
3,NONE,-1.0,-0.1,-1.0,-0.1
3,NONE,-1.0,-0.1,-1.0,-0.1
3,NONE,-1.0,-0.1,-1.0,-0.1
3,NONE,-1.0,-0.1,-1.0,-0.1
3,NONE,-1.0,-0.1,-1.0,-0.1
3,NONE,-1.0,-0.1,-1.0,-0.1
3,NONE,-1.0,-0.1,-1.0,-0.1
3,NONE,-1.0,-0.1,-1.0,-0.1
3,NONE,-1.0,-0.1,-1.0,-0.1
2,EV_B07_C030_Mototaxi_Electrica,-1.0,-0.1,8.0,31.29812127877248
1,EV_B07_C030_Mototaxi_Electrica,6.0,83.8243884350829,-1.0,31.29812127877248
1,EV_B07_C030_Mototaxi_Electrica,5.0,83.8243884350829,-1.0,31.29812127877248
1,EV_B07_C030_Mototaxi_Electrica,4.0,83.8243884350829,-1.0,31.29812127877248
1,EV_B07_C030_Mototaxi_Electrica,3.0,83.8243884350829,-1.0,31.29812127877248
1,EV_B07_C030_Mototaxi_Electrica,2.0,83.8243884350829,-1.0,31.29812127877248
1,EV_B07_C030_Mototaxi_Electrica,1.0,83.8243884350829,-1.0,31.29812127877248
1,EV_B07_C030_Mototaxi_Electrica,0.0,83.8243884350829,-1.0,31.29812127877248
3,NONE,-1.0,-0.1,-1.0,-0.1
3,NONE,-1.0,-0.1,-1.0,-0.1
3,NONE,-1.0,-0.1,-1.0,-0.1
3,NONE,-1.0,-0.1,-1.0,-0.1
3,NONE,-1.0,-0.1,-1.0,-0.1
3,NONE,-1.0,-0.1,-1.0,-0.1
3,NONE,-1.0,-0.1,-1.0,-0.1
3,NONE,-1.0,-0.1,-1.0,-0.1
3,NONE,-1.0,-0.1,-1.0,-0.1
3,NONE,-1.0,-0.1,-1.0,-0.1
3,NONE,-1.0,-0.1,-1.0,-0.1
3,NONE,-1.0,-0.1,-1.0,-0.1
3,NONE,-1.0,-0.1,-1.0,-0.1
3,NONE,-1.0,-0.1,-1.0,-0.1
3,NONE,-1.0,-0.1,-1.0,-0.1
3,NONE,-1.0,-0.1,-1.0,-0.1
2,EV_B07_C030_Mototaxi_Electrica,-1.0,-0.1,8.0,44.92588158533381
1,EV_B07_C030_Mototaxi_Electrica,6.0,75.47229959721946,-1.0,44.92588158533381
1,EV_B07_C030_Mototaxi_Electrica,5.0,75.47229959721946,-1.0,44.92588158533381
1,EV_B07_C030_Mototaxi_Electrica,4.0,75.47229959721946,-1.0,44.92588158533381
1,EV_B07_C030_Mototaxi_Electrica,3.0,75.47229959721946,-1.0,44.92588158533381
1,EV_B07_C030_Mototaxi_Electrica,2.0,75.47229959721946,-1.0,44.92588158533381
1,EV_B07_C030_Mototaxi_Electrica,1.0,75.47229959721946,-1.0,44.92588158533381
1,EV_B07_C030_Mototaxi_Electrica,0.0,75.47229959721946,-1.0,44.92588158533381
3,NONE,-1.0,-0.1,-1.0,-0.1
3,NONE,-1.0,-0.1,-1.0,-0.1
3,NONE,-1.0,-0.1,-1.0,-0.1
3,NONE,-1.0,-0.1,-1.0,-0.1
3,NONE,-1.0,-0.1,-1.0,-0.1
3,NONE,-1.0,-0.1,-1.0,-0.1
3,NONE,-1.0,-0.1,-1.0,-0.1
3,NONE,-1.0,-0.1,-1.0,-0.1
3,NONE,-1.0,-0.1,-1.0,-0.1
3,NONE,-1.0,-0.1,-1.0,-0.1
3,NONE,-1.0,-0.1,-1.0,-0.1
3,NONE,-1.0,-0.1,-1.0,-0.1
3,NONE,-1.0,-0.1,-1.0,-0.1
3,NONE,-1.0,-0.1,-1.0,-0.1
3,NONE,-1.0,-0.1,-1.0,-0.1
3,NONE,-1.0,-0.1,-1.0,-0.1
3,NONE,-1.0,-0.1,-1.0,-0.1
3,NONE,-1.0,-0.1,-1.0,-0.1
3,NONE,-1.0,-0.1,-1.0,-0.1
3,NONE,-1.0,-0.1,-1.0,-0.1
3,NONE,-1.0,-0.1,-1.0,-0.1
3,NONE,-1.0,-0.1,-1.0,-0.1
3,NONE,-1.0,-0.1,-1.0,-0.1
3,NONE,-1.0,-0.1,-1.0,-0.1
3,NONE,-1.0,-0.1,-1.0,-0.1
3,NONE,-1.0,-0.1,-1.0,-0.1
3,NONE,-1.0,-0.1,-1.0,-0.1
3,NONE,-1.0,-0.1,-1.0,-0.1
3,NONE,-1.0,-0.1,-1.0,-0.1
3,NONE,-1.0,-0.1,-1.0,-0.1
3,NONE,-1.0,-0.1,-1.0,-0.1
3,NONE,-1.0,-0.1,-1.0,-0.1
3,NONE,-1.0,-0.1,-1.0,-0.1
3,NONE,-1.0,-0.1,-1.0,-0.1
3,NONE,-1.0,-0.1,-1.0,-0.1
3,NONE,-1.0,-0.1,-1.0,-0.1
3,NONE,-1.0,-0.1,-1.0,-0.1
3,NONE,-1.0,-0.1,-1.0,-0.1
3,NONE,-1.0,-0.1,-1.0,-0.1
3,NONE,-1.0,-0.1,-1.0,-0.1
3,NONE,-1.0,-0.1,-1.0,-0.1
3,NONE,-1.0,-0.1,-1.0,-0.1
3,NONE,-1.0,-0.1,-1.0,-0.1
3,NONE,-1.0,-0.1,-1.0,-0.1
3,NONE,-1.0,-0.1,-1.0,-0.1
3,NONE,-1.0,-0.1,-1.0,-0.1
3,NONE,-1.0,-0.1,-1.0,-0.1
3,NONE,-1.0,-0.1,-1.0,-0.1
3,NONE,-1.0,-0.1,-1.0,-0.1
3,NONE,-1.0,-0.1,-1.0,-0.1
3,NONE,-1.0,-0.1,-1.0,-0.1
3,NONE,-1.0,-0.1,-1.0,-0.1
3,NONE,-1.0,-0.1,-1.0,-0.1
3,NONE,-1.0,-0.1,-1.0,-0.1
3,NONE,-1.0,-0.1,-1.0,-0.1
3,NONE,-1.0,-0.1,-1.0,-0.1
3,NONE,-1.0,-0.1,-1.0,-0.1
3,NONE,-1.0,-0.1,-1.0,-0.1
3,NONE,-1.0,-0.1,-1.0,-0.1
3,NONE,-1.0,-0.1,-1.0,-0.1
3,NONE,-1.0,-0.1,-1.0,-0.1
3,NONE,-1.0,-0.1,-1.0,-0.1
3,NONE,-1.0,-0.1,-1.0,-0.1
2,EV_B07_C030_Mototaxi_Electrica,-1.0,-0.1,7.0,44.098444960337574
1,EV_B07_C030_Mototaxi_Electrica,7.0,84.88759329599272,-1.0,44.098444960337574
1,EV_B07_C030_Mototaxi_Electrica,6.0,84.88759329599272,-1.0,44.098444960337574
1,EV_B07_C030_Mototaxi_Electrica,5.0,84.88759329599272,-1.0,44.098444960337574
1,EV_B07_C030_Mototaxi_Electrica,4.0,84.88759329599272,-1.0,44.098444960337574
1,EV_B07_C030_Mototaxi_Electrica,3.0,84.88759329599272,-1.0,44.098444960337574
1,EV_B07_C030_Mototaxi_Electrica,2.0,84.88759329599272,-1.0,44.098444960337574
1,EV_B07_C030_Mototaxi_Electrica,1.0,84.88759329599272,-1.0,44.098444960337574
1,EV_B07_C030_Mototaxi_Electrica,0.0,84.88759329599272,-1.0,44.098444960337574
3,NONE,-1.0,-0.1,-1.0,-0.1
3,NONE,-1.0,-0.1,-1.0,-0.1
3,NONE,-1.0,-0.1,-1.0,-0.1
3,NONE,-1.0,-0.1,-1.0,-0.1
3,NONE,-1.0,-0.1,-1.0,-0.1
3,NONE,-1.0,-0.1,-1.0,-0.1
3,NONE,-1.0,-0.1,-1.0,-0.1
3,NONE,-1.0,-0.1,-1.0,-0.1
3,NONE,-1.0,-0.1,-1.0,-0.1
3,NONE,-1.0,-0.1,-1.0,-0.1
3,NONE,-1.0,-0.1,-1.0,-0.1
3,NONE,-1.0,-0.1,-1.0,-0.1
3,NONE,-1.0,-0.1,-1.0,-0.1
3,NONE,-1.0,-0.1,-1.0,-0.1
3,NONE,-1.0,-0.1,-1.0,-0.1
3,NONE,-1.0,-0.1,-1.0,-0.1
3,NONE,-1.0,-0.1,-1.0,-0.1
3,NONE,-1.0,-0.1,-1.0,-0.1
3,NONE,-1.0,-0.1,-1.0,-0.1
3,NONE,-1.0,-0.1,-1.0,-0.1
3,NONE,-1.0,-0.1,-1.0,-0.1
3,NONE,-1.0,-0.1,-1.0,-0.1
3,NONE,-1.0,-0.1,-1.0,-0.1
3,NONE,-1.0,-0.1,-1.0,-0.1
3,NONE,-1.0,-0.1,-1.0,-0.1
3,NONE,-1.0,-0.1,-1.0,-0.1
3,NONE,-1.0,-0.1,-1.0,-0.1
3,NONE,-1.0,-0.1,-1.0,-0.1
3,NONE,-1.0,-0.1,-1.0,-0.1
3,NONE,-1.0,-0.1,-1.0,-0.1
3,NONE,-1.0,-0.1,-1.0,-0.1
3,NONE,-1.0,-0.1,-1.0,-0.1
3,NONE,-1.0,-0.1,-1.0,-0.1
3,NONE,-1.0,-0.1,-1.0,-0.1
3,NONE,-1.0,-0.1,-1.0,-0.1
3,NONE,-1.0,-0.1,-1.0,-0.1
3,NONE,-1.0,-0.1,-1.0,-0.1
3,NONE,-1.0,-0.1,-1.0,-0.1
3,NONE,-1.0,-0.1,-1.0,-0.1
3,NONE,-1.0,-0.1,-1.0,-0.1
3,NONE,-1.0,-0.1,-1.0,-0.1
2,EV_B07_C030_Mototaxi_Electrica,-1.0,-0.1,9.0,46.41860402376204
1,EV_B07_C030_Mototaxi_Electrica,5.0,87.39493978908676,-1.0,46.41860402376204
1,EV_B07_C030_Mototaxi_Electrica,4.0,87.39493978908676,-1.0,46.41860402376204
1,EV_B07_C030_Mototaxi_Electrica,3.0,87.39493978908676,-1.0,46.41860402376204
1,EV_B07_C030_Mototaxi_Electrica,2.0,87.39493978908676,-1.0,46.41860402376204
1,EV_B07_C030_Mototaxi_Electrica,1.0,87.39493978908676,-1.0,46.41860402376204
1,EV_B07_C030_Mototaxi_Electrica,0.0,87.39493978908676,-1.0,46.41860402376204
3,NONE,-1.0,-0.1,-1.0,-0.1
3,NONE,-1.0,-0.1,-1.0,-0.1
3,NONE,-1.0,-0.1,-1.0,-0.1
3,NONE,-1.0,-0.1,-1.0,-0.1
3,NONE,-1.0,-0.1,-1.0,-0.1
3,NONE,-1.0,-0.1,-1.0,-0.1
3,NONE,-1.0,-0.1,-1.0,-0.1
3,NONE,-1.0,-0.1,-1.0,-0.1
3,NONE,-1.0,-0.1,-1.0,-0.1
3,NONE,-1.0,-0.1,-1.0,-0.1
3,NONE,-1.0,-0.1,-1.0,-0.1
3,NONE,-1.0,-0.1,-1.0,-0.1
3,NONE,-1.0,-0.1,-1.0,-0.1
3,NONE,-1.0,-0.1,-1.0,-0.1
3,NONE,-1.0,-0.1,-1.0,-0.1
3,NONE,-1.0,-0.1,-1.0,-0.1
3,NONE,-1.0,-0.1,-1.0,-0.1
3,NONE,-1.0,-0.1,-1.0,-0.1
3,NONE,-1.0,-0.1,-1.0,-0.1
3,NONE,-1.0,-0.1,-1.0,-0.1
3,NONE,-1.0,-0.1,-1.0,-0.1
3,NONE,-1.0,-0.1,-1.0,-0.1
3,NONE,-1.0,-0.1,-1.0,-0.1
3,NONE,-1.0,-0.1,-1.0,-0.1
3,NONE,-1.0,-0.1,-1.0,-0.1
3,NONE,-1.0,-0.1,-1.0,-0.1
3,NONE,-1.0,-0.1,-1.0,-0.1
3,NONE,-1.0,-0.1,-1.0,-0.1
3,NONE,-1.0,-0.1,-1.0,-0.1
3,NONE,-1.0,-0.1,-1.0,-0.1
3,NONE,-1.0,-0.1,-1.0,-0.1
3,NONE,-1.0,-0.1,-1.0,-0.1
3,NONE,-1.0,-0.1,-1.0,-0.1
3,NONE,-1.0,-0.1,-1.0,-0.1
3,NONE,-1.0,-0.1,-1.0,-0.1
3,NONE,-1.0,-0.1,-1.0,-0.1
3,NONE,-1.0,-0.1,-1.0,-0.1
3,NONE,-1.0,-0.1,-1.0,-0.1
3,NONE,-1.0,-0.1,-1.0,-0.1
3,NONE,-1.0,-0.1,-1.0,-0.1
2,EV_B07_C030_Mototaxi_Electrica,-1.0,-0.1,8.0,45.89503360131198
1,EV_B07_C030_Mototaxi_Electrica,6.0,87.31730894237688,-1.0,45.89503360131198
1,EV_B07_C030_Mototaxi_Electrica,5.0,87.31730894237688,-1.0,45.89503360131198
1,EV_B07_C030_Mototaxi_Electrica,4.0,87.31730894237688,-1.0,45.89503360131198
1,EV_B07_C030_Mototaxi_Electrica,3.0,87.31730894237688,-1.0,45.89503360131198
1,EV_B07_C030_Mototaxi_Electrica,2.0,87.31730894237688,-1.0,45.89503360131198
1,EV_B07_C030_Mototaxi_Electrica,1.0,87.31730894237688,-1.0,45.89503360131198
1,EV_B07_C030_Mototaxi_Electrica,0.0,87.31730894237688,-1.0,45.89503360131198
3,NONE,-1.0,-0.1,-1.0,-0.1
3,NONE,-1.0,-0.1,-1.0,-0.1
3,NONE,-1.0,-0.1,-1.0,-0.1
3,NONE,-1.0,-0.1,-1.0,-0.1
3,NONE,-1.0,-0.1,-1.0,-0.1
3,NONE,-1.0,-0.1,-1.0,-0.1
3,NONE,-1.0,-0.1,-1.0,-0.1
3,NONE,-1.0,-0.1,-1.0,-0.1
3,NONE,-1.0,-0.1,-1.0,-0.1
3,NONE,-1.0,-0.1,-1.0,-0.1
3,NONE,-1.0,-0.1,-1.0,-0.1
3,NONE,-1.0,-0.1,-1.0,-0.1
3,NONE,-1.0,-0.1,-1.0,-0.1
3,NONE,-1.0,-0.1,-1.0,-0.1
3,NONE,-1.0,-0.1,-1.0,-0.1
3,NONE,-1.0,-0.1,-1.0,-0.1
3,NONE,-1.0,-0.1,-1.0,-0.1
3,NONE,-1.0,-0.1,-1.0,-0.1
3,NONE,-1.0,-0.1,-1.0,-0.1
3,NONE,-1.0,-0.1,-1.0,-0.1
3,NONE,-1.0,-0.1,-1.0,-0.1
3,NONE,-1.0,-0.1,-1.0,-0.1
3,NONE,-1.0,-0.1,-1.0,-0.1
3,NONE,-1.0,-0.1,-1.0,-0.1
3,NONE,-1.0,-0.1,-1.0,-0.1
3,NONE,-1.0,-0.1,-1.0,-0.1
3,NONE,-1.0,-0.1,-1.0,-0.1
3,NONE,-1.0,-0.1,-1.0,-0.1
3,NONE,-1.0,-0.1,-1.0,-0.1
3,NONE,-1.0,-0.1,-1.0,-0.1
3,NONE,-1.0,-0.1,-1.0,-0.1
3,NONE,-1.0,-0.1,-1.0,-0.1
3,NONE,-1.0,-0.1,-1.0,-0.1
3,NONE,-1.0,-0.1,-1.0,-0.1
3,NONE,-1.0,-0.1,-1.0,-0.1
3,NONE,-1.0,-0.1,-1.0,-0.1
3,NONE,-1.0,-0.1,-1.0,-0.1
3,NONE,-1.0,-0.1,-1.0,-0.1
3,NONE,-1.0,-0.1,-1.0,-0.1
3,NONE,-1.0,-0.1,-1.0,-0.1
3,NONE,-1.0,-0.1,-1.0,-0.1
3,NONE,-1.0,-0.1,-1.0,-0.1
3,NONE,-1.0,-0.1,-1.0,-0.1
3,NONE,-1.0,-0.1,-1.0,-0.1
3,NONE,-1.0,-0.1,-1.0,-0.1
3,NONE,-1.0,-0.1,-1.0,-0.1
3,NONE,-1.0,-0.1,-1.0,-0.1
3,NONE,-1.0,-0.1,-1.0,-0.1
3,NONE,-1.0,-0.1,-1.0,-0.1
3,NONE,-1.0,-0.1,-1.0,-0.1
3,NONE,-1.0,-0.1,-1.0,-0.1
3,NONE,-1.0,-0.1,-1.0,-0.1
3,NONE,-1.0,-0.1,-1.0,-0.1
3,NONE,-1.0,-0.1,-1.0,-0.1
3,NONE,-1.0,-0.1,-1.0,-0.1
3,NONE,-1.0,-0.1,-1.0,-0.1
3,NONE,-1.0,-0.1,-1.0,-0.1
3,NONE,-1.0,-0.1,-1.0,-0.1
3,NONE,-1.0,-0.1,-1.0,-0.1
3,NONE,-1.0,-0.1,-1.0,-0.1
3,NONE,-1.0,-0.1,-1.0,-0.1
3,NONE,-1.0,-0.1,-1.0,-0.1
3,NONE,-1.0,-0.1,-1.0,-0.1
3,NONE,-1.0,-0.1,-1.0,-0.1
3,NONE,-1.0,-0.1,-1.0,-0.1
3,NONE,-1.0,-0.1,-1.0,-0.1
3,NONE,-1.0,-0.1,-1.0,-0.1
3,NONE,-1.0,-0.1,-1.0,-0.1
3,NONE,-1.0,-0.1,-1.0,-0.1
3,NONE,-1.0,-0.1,-1.0,-0.1
3,NONE,-1.0,-0.1,-1.0,-0.1
3,NONE,-1.0,-0.1,-1.0,-0.1
3,NONE,-1.0,-0.1,-1.0,-0.1
3,NONE,-1.0,-0.1,-1.0,-0.1
3,NONE,-1.0,-0.1,-1.0,-0.1
3,NONE,-1.0,-0.1,-1.0,-0.1
3,NONE,-1.0,-0.1,-1.0,-0.1
3,NONE,-1.0,-0.1,-1.0,-0.1
3,NONE,-1.0,-0.1,-1.0,-0.1
3,NONE,-1.0,-0.1,-1.0,-0.1
3,NONE,-1.0,-0.1,-1.0,-0.1
3,NONE,-1.0,-0.1,-1.0,-0.1
3,NONE,-1.0,-0.1,-1.0,-0.1
3,NONE,-1.0,-0.1,-1.0,-0.1
3,NONE,-1.0,-0.1,-1.0,-0.1
3,NONE,-1.0,-0.1,-1.0,-0.1
3,NONE,-1.0,-0.1,-1.0,-0.1
3,NONE,-1.0,-0.1,-1.0,-0.1
3,NONE,-1.0,-0.1,-1.0,-0.1
2,EV_B07_C030_Mototaxi_Electrica,-1.0,-0.1,9.0,35.8179863256682
1,EV_B07_C030_Mototaxi_Electrica,5.0,69.89352670579302,-1.0,35.8179863256682
1,EV_B07_C030_Mototaxi_Electrica,4.0,69.89352670579302,-1.0,35.8179863256682
1,EV_B07_C030_Mototaxi_Electrica,3.0,69.89352670579302,-1.0,35.8179863256682
1,EV_B07_C030_Mototaxi_Electrica,2.0,69.89352670579302,-1.0,35.8179863256682
1,EV_B07_C030_Mototaxi_Electrica,1.0,69.89352670579302,-1.0,35.8179863256682
1,EV_B07_C030_Mototaxi_Electrica,0.0,69.89352670579302,-1.0,35.8179863256682
3,NONE,-1.0,-0.1,-1.0,-0.1
3,NONE,-1.0,-0.1,-1.0,-0.1
3,NONE,-1.0,-0.1,-1.0,-0.1
3,NONE,-1.0,-0.1,-1.0,-0.1
3,NONE,-1.0,-0.1,-1.0,-0.1
3,NONE,-1.0,-0.1,-1.0,-0.1
3,NONE,-1.0,-0.1,-1.0,-0.1
3,NONE,-1.0,-0.1,-1.0,-0.1
3,NONE,-1.0,-0.1,-1.0,-0.1
3,NONE,-1.0,-0.1,-1.0,-0.1
3,NONE,-1.0,-0.1,-1.0,-0.1
3,NONE,-1.0,-0.1,-1.0,-0.1
3,NONE,-1.0,-0.1,-1.0,-0.1
3,NONE,-1.0,-0.1,-1.0,-0.1
3,NONE,-1.0,-0.1,-1.0,-0.1
2,EV_B07_C030_Mototaxi_Electrica,-1.0,-0.1,7.0,26.540141521975563
1,EV_B07_C030_Mototaxi_Electrica,7.0,85.74497291426732,-1.0,26.540141521975563
1,EV_B07_C030_Mototaxi_Electrica,6.0,85.74497291426732,-1.0,26.540141521975563
1,EV_B07_C030_Mototaxi_Electrica,5.0,85.74497291426732,-1.0,26.540141521975563
1,EV_B07_C030_Mototaxi_Electrica,4.0,85.74497291426732,-1.0,26.540141521975563
1,EV_B07_C030_Mototaxi_Electrica,3.0,85.74497291426732,-1.0,26.540141521975563
1,EV_B07_C030_Mototaxi_Electrica,2.0,85.74497291426732,-1.0,26.540141521975563
1,EV_B07_C030_Mototaxi_Electrica,1.0,85.74497291426732,-1.0,26.540141521975563
1,EV_B07_C030_Mototaxi_Electrica,0.0,85.74497291426732,-1.0,26.540141521975563
3,NONE,-1.0,-0.1,-1.0,-0.1
3,NONE,-1.0,-0.1,-1.0,-0.1
3,NONE,-1.0,-0.1,-1.0,-0.1
3,NONE,-1.0,-0.1,-1.0,-0.1
3,NONE,-1.0,-0.1,-1.0,-0.1
3,NONE,-1.0,-0.1,-1.0,-0.1
3,NONE,-1.0,-0.1,-1.0,-0.1
3,NONE,-1.0,-0.1,-1.0,-0.1
3,NONE,-1.0,-0.1,-1.0,-0.1
3,NONE,-1.0,-0.1,-1.0,-0.1
3,NONE,-1.0,-0.1,-1.0,-0.1
3,NONE,-1.0,-0.1,-1.0,-0.1
3,NONE,-1.0,-0.1,-1.0,-0.1
3,NONE,-1.0,-0.1,-1.0,-0.1
3,NONE,-1.0,-0.1,-1.0,-0.1
2,EV_B07_C030_Mototaxi_Electrica,-1.0,-0.1,7.0,56.81037473959244
1,EV_B07_C030_Mototaxi_Electrica,7.0,78.41784403546527,-1.0,56.81037473959244
1,EV_B07_C030_Mototaxi_Electrica,6.0,78.41784403546527,-1.0,56.81037473959244
1,EV_B07_C030_Mototaxi_Electrica,5.0,78.41784403546527,-1.0,56.81037473959244
1,EV_B07_C030_Mototaxi_Electrica,4.0,78.41784403546527,-1.0,56.81037473959244
1,EV_B07_C030_Mototaxi_Electrica,3.0,78.41784403546527,-1.0,56.81037473959244
1,EV_B07_C030_Mototaxi_Electrica,2.0,78.41784403546527,-1.0,56.81037473959244
1,EV_B07_C030_Mototaxi_Electrica,1.0,78.41784403546527,-1.0,56.81037473959244
1,EV_B07_C030_Mototaxi_Electrica,0.0,78.41784403546527,-1.0,56.81037473959244
3,NONE,-1.0,-0.1,-1.0,-0.1
3,NONE,-1.0,-0.1,-1.0,-0.1
3,NONE,-1.0,-0.1,-1.0,-0.1
3,NONE,-1.0,-0.1,-1.0,-0.1
3,NONE,-1.0,-0.1,-1.0,-0.1
3,NONE,-1.0,-0.1,-1.0,-0.1
3,NONE,-1.0,-0.1,-1.0,-0.1
3,NONE,-1.0,-0.1,-1.0,-0.1
3,NONE,-1.0,-0.1,-1.0,-0.1
3,NONE,-1.0,-0.1,-1.0,-0.1
3,NONE,-1.0,-0.1,-1.0,-0.1
3,NONE,-1.0,-0.1,-1.0,-0.1
3,NONE,-1.0,-0.1,-1.0,-0.1
3,NONE,-1.0,-0.1,-1.0,-0.1
3,NONE,-1.0,-0.1,-1.0,-0.1
3,NONE,-1.0,-0.1,-1.0,-0.1
3,NONE,-1.0,-0.1,-1.0,-0.1
2,EV_B07_C030_Mototaxi_Electrica,-1.0,-0.1,9.0,14.309753836372803
1,EV_B07_C030_Mototaxi_Electrica,5.0,84.63240012787281,-1.0,14.309753836372803
1,EV_B07_C030_Mototaxi_Electrica,4.0,84.63240012787281,-1.0,14.309753836372803
1,EV_B07_C030_Mototaxi_Electrica,3.0,84.63240012787281,-1.0,14.309753836372803
1,EV_B07_C030_Mototaxi_Electrica,2.0,84.63240012787281,-1.0,14.309753836372803
1,EV_B07_C030_Mototaxi_Electrica,1.0,84.63240012787281,-1.0,14.309753836372803
1,EV_B07_C030_Mototaxi_Electrica,0.0,84.63240012787281,-1.0,14.309753836372803
3,NONE,-1.0,-0.1,-1.0,-0.1
3,NONE,-1.0,-0.1,-1.0,-0.1
3,NONE,-1.0,-0.1,-1.0,-0.1
3,NONE,-1.0,-0.1,-1.0,-0.1
3,NONE,-1.0,-0.1,-1.0,-0.1
3,NONE,-1.0,-0.1,-1.0,-0.1
3,NONE,-1.0,-0.1,-1.0,-0.1
3,NONE,-1.0,-0.1,-1.0,-0.1
3,NONE,-1.0,-0.1,-1.0,-0.1
3,NONE,-1.0,-0.1,-1.0,-0.1
3,NONE,-1.0,-0.1,-1.0,-0.1
3,NONE,-1.0,-0.1,-1.0,-0.1
3,NONE,-1.0,-0.1,-1.0,-0.1
3,NONE,-1.0,-0.1,-1.0,-0.1
3,NONE,-1.0,-0.1,-1.0,-0.1
3,NONE,-1.0,-0.1,-1.0,-0.1
3,NONE,-1.0,-0.1,-1.0,-0.1
3,NONE,-1.0,-0.1,-1.0,-0.1
3,NONE,-1.0,-0.1,-1.0,-0.1
3,NONE,-1.0,-0.1,-1.0,-0.1
3,NONE,-1.0,-0.1,-1.0,-0.1
3,NONE,-1.0,-0.1,-1.0,-0.1
3,NONE,-1.0,-0.1,-1.0,-0.1
3,NONE,-1.0,-0.1,-1.0,-0.1
3,NONE,-1.0,-0.1,-1.0,-0.1
3,NONE,-1.0,-0.1,-1.0,-0.1
3,NONE,-1.0,-0.1,-1.0,-0.1
3,NONE,-1.0,-0.1,-1.0,-0.1
3,NONE,-1.0,-0.1,-1.0,-0.1
3,NONE,-1.0,-0.1,-1.0,-0.1
3,NONE,-1.0,-0.1,-1.0,-0.1
3,NONE,-1.0,-0.1,-1.0,-0.1
3,NONE,-1.0,-0.1,-1.0,-0.1
3,NONE,-1.0,-0.1,-1.0,-0.1
3,NONE,-1.0,-0.1,-1.0,-0.1
3,NONE,-1.0,-0.1,-1.0,-0.1
3,NONE,-1.0,-0.1,-1.0,-0.1
3,NONE,-1.0,-0.1,-1.0,-0.1
3,NONE,-1.0,-0.1,-1.0,-0.1
3,NONE,-1.0,-0.1,-1.0,-0.1
3,NONE,-1.0,-0.1,-1.0,-0.1
3,NONE,-1.0,-0.1,-1.0,-0.1
3,NONE,-1.0,-0.1,-1.0,-0.1
3,NONE,-1.0,-0.1,-1.0,-0.1
3,NONE,-1.0,-0.1,-1.0,-0.1
3,NONE,-1.0,-0.1,-1.0,-0.1
3,NONE,-1.0,-0.1,-1.0,-0.1
3,NONE,-1.0,-0.1,-1.0,-0.1
3,NONE,-1.0,-0.1,-1.0,-0.1
3,NONE,-1.0,-0.1,-1.0,-0.1
3,NONE,-1.0,-0.1,-1.0,-0.1
3,NONE,-1.0,-0.1,-1.0,-0.1
3,NONE,-1.0,-0.1,-1.0,-0.1
3,NONE,-1.0,-0.1,-1.0,-0.1
3,NONE,-1.0,-0.1,-1.0,-0.1
3,NONE,-1.0,-0.1,-1.0,-0.1
3,NONE,-1.0,-0.1,-1.0,-0.1
3,NONE,-1.0,-0.1,-1.0,-0.1
3,NONE,-1.0,-0.1,-1.0,-0.1
3,NONE,-1.0,-0.1,-1.0,-0.1
3,NONE,-1.0,-0.1,-1.0,-0.1
3,NONE,-1.0,-0.1,-1.0,-0.1
3,NONE,-1.0,-0.1,-1.0,-0.1
3,NONE,-1.0,-0.1,-1.0,-0.1
3,NONE,-1.0,-0.1,-1.0,-0.1
3,NONE,-1.0,-0.1,-1.0,-0.1
2,EV_B07_C030_Mototaxi_Electrica,-1.0,-0.1,10.0,25.032620825803654
1,EV_B07_C030_Mototaxi_Electrica,4.0,82.04607860178365,-1.0,25.032620825803654
1,EV_B07_C030_Mototaxi_Electrica,3.0,82.04607860178365,-1.0,25.032620825803654
1,EV_B07_C030_Mototaxi_Electrica,2.0,82.04607860178365,-1.0,25.032620825803654
1,EV_B07_C030_Mototaxi_Electrica,1.0,82.04607860178365,-1.0,25.032620825803654
1,EV_B07_C030_Mototaxi_Electrica,0.0,82.04607860178365,-1.0,25.032620825803654
3,NONE,-1.0,-0.1,-1.0,-0.1
3,NONE,-1.0,-0.1,-1.0,-0.1
3,NONE,-1.0,-0.1,-1.0,-0.1
3,NONE,-1.0,-0.1,-1.0,-0.1
3,NONE,-1.0,-0.1,-1.0,-0.1
3,NONE,-1.0,-0.1,-1.0,-0.1
3,NONE,-1.0,-0.1,-1.0,-0.1
3,NONE,-1.0,-0.1,-1.0,-0.1
3,NONE,-1.0,-0.1,-1.0,-0.1
3,NONE,-1.0,-0.1,-1.0,-0.1
3,NONE,-1.0,-0.1,-1.0,-0.1
3,NONE,-1.0,-0.1,-1.0,-0.1
3,NONE,-1.0,-0.1,-1.0,-0.1
3,NONE,-1.0,-0.1,-1.0,-0.1
3,NONE,-1.0,-0.1,-1.0,-0.1
3,NONE,-1.0,-0.1,-1.0,-0.1
2,EV_B07_C030_Mototaxi_Electrica,-1.0,-0.1,8.0,31.66466759935205
1,EV_B07_C030_Mototaxi_Electrica,6.0,88.37637930919435,-1.0,31.66466759935205
1,EV_B07_C030_Mototaxi_Electrica,5.0,88.37637930919435,-1.0,31.66466759935205
1,EV_B07_C030_Mototaxi_Electrica,4.0,88.37637930919435,-1.0,31.66466759935205
1,EV_B07_C030_Mototaxi_Electrica,3.0,88.37637930919435,-1.0,31.66466759935205
1,EV_B07_C030_Mototaxi_Electrica,2.0,88.37637930919435,-1.0,31.66466759935205
1,EV_B07_C030_Mototaxi_Electrica,1.0,88.37637930919435,-1.0,31.66466759935205
1,EV_B07_C030_Mototaxi_Electrica,0.0,88.37637930919435,-1.0,31.66466759935205
3,NONE,-1.0,-0.1,-1.0,-0.1
3,NONE,-1.0,-0.1,-1.0,-0.1
3,NONE,-1.0,-0.1,-1.0,-0.1
3,NONE,-1.0,-0.1,-1.0,-0.1
3,NONE,-1.0,-0.1,-1.0,-0.1
3,NONE,-1.0,-0.1,-1.0,-0.1
3,NONE,-1.0,-0.1,-1.0,-0.1
3,NONE,-1.0,-0.1,-1.0,-0.1
3,NONE,-1.0,-0.1,-1.0,-0.1
3,NONE,-1.0,-0.1,-1.0,-0.1
3,NONE,-1.0,-0.1,-1.0,-0.1
3,NONE,-1.0,-0.1,-1.0,-0.1
3,NONE,-1.0,-0.1,-1.0,-0.1
3,NONE,-1.0,-0.1,-1.0,-0.1
3,NONE,-1.0,-0.1,-1.0,-0.1
3,NONE,-1.0,-0.1,-1.0,-0.1
3,NONE,-1.0,-0.1,-1.0,-0.1
2,EV_B07_C030_Mototaxi_Electrica,-1.0,-0.1,9.0,35.423313961035575
1,EV_B07_C030_Mototaxi_Electrica,5.0,85.99962268928215,-1.0,35.423313961035575
1,EV_B07_C030_Mototaxi_Electrica,4.0,85.99962268928215,-1.0,35.423313961035575
1,EV_B07_C030_Mototaxi_Electrica,3.0,85.99962268928215,-1.0,35.423313961035575
1,EV_B07_C030_Mototaxi_Electrica,2.0,85.99962268928215,-1.0,35.423313961035575
1,EV_B07_C030_Mototaxi_Electrica,1.0,85.99962268928215,-1.0,35.423313961035575
1,EV_B07_C030_Mototaxi_Electrica,0.0,85.99962268928215,-1.0,35.423313961035575
3,NONE,-1.0,-0.1,-1.0,-0.1
3,NONE,-1.0,-0.1,-1.0,-0.1
3,NONE,-1.0,-0.1,-1.0,-0.1
3,NONE,-1.0,-0.1,-1.0,-0.1
3,NONE,-1.0,-0.1,-1.0,-0.1
3,NONE,-1.0,-0.1,-1.0,-0.1
3,NONE,-1.0,-0.1,-1.0,-0.1
3,NONE,-1.0,-0.1,-1.0,-0.1
3,NONE,-1.0,-0.1,-1.0,-0.1
3,NONE,-1.0,-0.1,-1.0,-0.1
3,NONE,-1.0,-0.1,-1.0,-0.1
3,NONE,-1.0,-0.1,-1.0,-0.1
3,NONE,-1.0,-0.1,-1.0,-0.1
3,NONE,-1.0,-0.1,-1.0,-0.1
3,NONE,-1.0,-0.1,-1.0,-0.1
3,NONE,-1.0,-0.1,-1.0,-0.1
3,NONE,-1.0,-0.1,-1.0,-0.1
3,NONE,-1.0,-0.1,-1.0,-0.1
3,NONE,-1.0,-0.1,-1.0,-0.1
3,NONE,-1.0,-0.1,-1.0,-0.1
3,NONE,-1.0,-0.1,-1.0,-0.1
3,NONE,-1.0,-0.1,-1.0,-0.1
3,NONE,-1.0,-0.1,-1.0,-0.1
3,NONE,-1.0,-0.1,-1.0,-0.1
3,NONE,-1.0,-0.1,-1.0,-0.1
3,NONE,-1.0,-0.1,-1.0,-0.1
3,NONE,-1.0,-0.1,-1.0,-0.1
3,NONE,-1.0,-0.1,-1.0,-0.1
3,NONE,-1.0,-0.1,-1.0,-0.1
3,NONE,-1.0,-0.1,-1.0,-0.1
3,NONE,-1.0,-0.1,-1.0,-0.1
3,NONE,-1.0,-0.1,-1.0,-0.1
3,NONE,-1.0,-0.1,-1.0,-0.1
3,NONE,-1.0,-0.1,-1.0,-0.1
3,NONE,-1.0,-0.1,-1.0,-0.1
3,NONE,-1.0,-0.1,-1.0,-0.1
3,NONE,-1.0,-0.1,-1.0,-0.1
3,NONE,-1.0,-0.1,-1.0,-0.1
3,NONE,-1.0,-0.1,-1.0,-0.1
3,NONE,-1.0,-0.1,-1.0,-0.1
3,NONE,-1.0,-0.1,-1.0,-0.1
3,NONE,-1.0,-0.1,-1.0,-0.1
3,NONE,-1.0,-0.1,-1.0,-0.1
3,NONE,-1.0,-0.1,-1.0,-0.1
3,NONE,-1.0,-0.1,-1.0,-0.1
3,NONE,-1.0,-0.1,-1.0,-0.1
3,NONE,-1.0,-0.1,-1.0,-0.1
3,NONE,-1.0,-0.1,-1.0,-0.1
3,NONE,-1.0,-0.1,-1.0,-0.1
3,NONE,-1.0,-0.1,-1.0,-0.1
3,NONE,-1.0,-0.1,-1.0,-0.1
3,NONE,-1.0,-0.1,-1.0,-0.1
3,NONE,-1.0,-0.1,-1.0,-0.1
3,NONE,-1.0,-0.1,-1.0,-0.1
3,NONE,-1.0,-0.1,-1.0,-0.1
3,NONE,-1.0,-0.1,-1.0,-0.1
3,NONE,-1.0,-0.1,-1.0,-0.1
3,NONE,-1.0,-0.1,-1.0,-0.1
3,NONE,-1.0,-0.1,-1.0,-0.1
3,NONE,-1.0,-0.1,-1.0,-0.1
3,NONE,-1.0,-0.1,-1.0,-0.1
3,NONE,-1.0,-0.1,-1.0,-0.1
3,NONE,-1.0,-0.1,-1.0,-0.1
3,NONE,-1.0,-0.1,-1.0,-0.1
3,NONE,-1.0,-0.1,-1.0,-0.1
3,NONE,-1.0,-0.1,-1.0,-0.1
3,NONE,-1.0,-0.1,-1.0,-0.1
3,NONE,-1.0,-0.1,-1.0,-0.1
3,NONE,-1.0,-0.1,-1.0,-0.1
3,NONE,-1.0,-0.1,-1.0,-0.1
3,NONE,-1.0,-0.1,-1.0,-0.1
3,NONE,-1.0,-0.1,-1.0,-0.1
3,NONE,-1.0,-0.1,-1.0,-0.1
3,NONE,-1.0,-0.1,-1.0,-0.1
3,NONE,-1.0,-0.1,-1.0,-0.1
3,NONE,-1.0,-0.1,-1.0,-0.1
3,NONE,-1.0,-0.1,-1.0,-0.1
3,NONE,-1.0,-0.1,-1.0,-0.1
3,NONE,-1.0,-0.1,-1.0,-0.1
3,NONE,-1.0,-0.1,-1.0,-0.1
3,NONE,-1.0,-0.1,-1.0,-0.1
3,NONE,-1.0,-0.1,-1.0,-0.1
3,NONE,-1.0,-0.1,-1.0,-0.1
3,NONE,-1.0,-0.1,-1.0,-0.1
3,NONE,-1.0,-0.1,-1.0,-0.1
3,NONE,-1.0,-0.1,-1.0,-0.1
3,NONE,-1.0,-0.1,-1.0,-0.1
3,NONE,-1.0,-0.1,-1.0,-0.1
3,NONE,-1.0,-0.1,-1.0,-0.1
3,NONE,-1.0,-0.1,-1.0,-0.1
3,NONE,-1.0,-0.1,-1.0,-0.1
3,NONE,-1.0,-0.1,-1.0,-0.1
3,NONE,-1.0,-0.1,-1.0,-0.1
3,NONE,-1.0,-0.1,-1.0,-0.1
3,NONE,-1.0,-0.1,-1.0,-0.1
3,NONE,-1.0,-0.1,-1.0,-0.1
3,NONE,-1.0,-0.1,-1.0,-0.1
3,NONE,-1.0,-0.1,-1.0,-0.1
3,NONE,-1.0,-0.1,-1.0,-0.1
3,NONE,-1.0,-0.1,-1.0,-0.1
3,NONE,-1.0,-0.1,-1.0,-0.1
3,NONE,-1.0,-0.1,-1.0,-0.1
3,NONE,-1.0,-0.1,-1.0,-0.1
3,NONE,-1.0,-0.1,-1.0,-0.1
3,NONE,-1.0,-0.1,-1.0,-0.1
3,NONE,-1.0,-0.1,-1.0,-0.1
3,NONE,-1.0,-0.1,-1.0,-0.1
3,NONE,-1.0,-0.1,-1.0,-0.1
3,NONE,-1.0,-0.1,-1.0,-0.1
3,NONE,-1.0,-0.1,-1.0,-0.1
3,NONE,-1.0,-0.1,-1.0,-0.1
3,NONE,-1.0,-0.1,-1.0,-0.1
3,NONE,-1.0,-0.1,-1.0,-0.1
2,EV_B07_C030_Mototaxi_Electrica,-1.0,-0.1,9.0,38.25994809226666
1,EV_B07_C030_Mototaxi_Electrica,5.0,76.0474781497863,-1.0,38.25994809226666
1,EV_B07_C030_Mototaxi_Electrica,4.0,76.0474781497863,-1.0,38.25994809226666
1,EV_B07_C030_Mototaxi_Electrica,3.0,76.0474781497863,-1.0,38.25994809226666
1,EV_B07_C030_Mototaxi_Electrica,2.0,76.0474781497863,-1.0,38.25994809226666
1,EV_B07_C030_Mototaxi_Electrica,1.0,76.0474781497863,-1.0,38.25994809226666
1,EV_B07_C030_Mototaxi_Electrica,0.0,76.0474781497863,-1.0,38.25994809226666
3,NONE,-1.0,-0.1,-1.0,-0.1
3,NONE,-1.0,-0.1,-1.0,-0.1
3,NONE,-1.0,-0.1,-1.0,-0.1
3,NONE,-1.0,-0.1,-1.0,-0.1
3,NONE,-1.0,-0.1,-1.0,-0.1
3,NONE,-1.0,-0.1,-1.0,-0.1
3,NONE,-1.0,-0.1,-1.0,-0.1
3,NONE,-1.0,-0.1,-1.0,-0.1
3,NONE,-1.0,-0.1,-1.0,-0.1
3,NONE,-1.0,-0.1,-1.0,-0.1
3,NONE,-1.0,-0.1,-1.0,-0.1
3,NONE,-1.0,-0.1,-1.0,-0.1
3,NONE,-1.0,-0.1,-1.0,-0.1
3,NONE,-1.0,-0.1,-1.0,-0.1
3,NONE,-1.0,-0.1,-1.0,-0.1
3,NONE,-1.0,-0.1,-1.0,-0.1
2,EV_B07_C030_Mototaxi_Electrica,-1.0,-0.1,8.0,49.19679565304586
1,EV_B07_C030_Mototaxi_Electrica,6.0,89.62314720215528,-1.0,49.19679565304586
1,EV_B07_C030_Mototaxi_Electrica,5.0,89.62314720215528,-1.0,49.19679565304586
1,EV_B07_C030_Mototaxi_Electrica,4.0,89.62314720215528,-1.0,49.19679565304586
1,EV_B07_C030_Mototaxi_Electrica,3.0,89.62314720215528,-1.0,49.19679565304586
1,EV_B07_C030_Mototaxi_Electrica,2.0,89.62314720215528,-1.0,49.19679565304586
1,EV_B07_C030_Mototaxi_Electrica,1.0,89.62314720215528,-1.0,49.19679565304586
1,EV_B07_C030_Mototaxi_Electrica,0.0,89.62314720215528,-1.0,49.19679565304586
3,NONE,-1.0,-0.1,-1.0,-0.1
3,NONE,-1.0,-0.1,-1.0,-0.1
3,NONE,-1.0,-0.1,-1.0,-0.1
3,NONE,-1.0,-0.1,-1.0,-0.1
3,NONE,-1.0,-0.1,-1.0,-0.1
3,NONE,-1.0,-0.1,-1.0,-0.1
3,NONE,-1.0,-0.1,-1.0,-0.1
3,NONE,-1.0,-0.1,-1.0,-0.1
3,NONE,-1.0,-0.1,-1.0,-0.1
3,NONE,-1.0,-0.1,-1.0,-0.1
3,NONE,-1.0,-0.1,-1.0,-0.1
3,NONE,-1.0,-0.1,-1.0,-0.1
3,NONE,-1.0,-0.1,-1.0,-0.1
3,NONE,-1.0,-0.1,-1.0,-0.1
3,NONE,-1.0,-0.1,-1.0,-0.1
3,NONE,-1.0,-0.1,-1.0,-0.1
3,NONE,-1.0,-0.1,-1.0,-0.1
3,NONE,-1.0,-0.1,-1.0,-0.1
3,NONE,-1.0,-0.1,-1.0,-0.1
3,NONE,-1.0,-0.1,-1.0,-0.1
3,NONE,-1.0,-0.1,-1.0,-0.1
3,NONE,-1.0,-0.1,-1.0,-0.1
3,NONE,-1.0,-0.1,-1.0,-0.1
3,NONE,-1.0,-0.1,-1.0,-0.1
3,NONE,-1.0,-0.1,-1.0,-0.1
3,NONE,-1.0,-0.1,-1.0,-0.1
3,NONE,-1.0,-0.1,-1.0,-0.1
3,NONE,-1.0,-0.1,-1.0,-0.1
3,NONE,-1.0,-0.1,-1.0,-0.1
3,NONE,-1.0,-0.1,-1.0,-0.1
3,NONE,-1.0,-0.1,-1.0,-0.1
3,NONE,-1.0,-0.1,-1.0,-0.1
3,NONE,-1.0,-0.1,-1.0,-0.1
3,NONE,-1.0,-0.1,-1.0,-0.1
3,NONE,-1.0,-0.1,-1.0,-0.1
3,NONE,-1.0,-0.1,-1.0,-0.1
3,NONE,-1.0,-0.1,-1.0,-0.1
3,NONE,-1.0,-0.1,-1.0,-0.1
3,NONE,-1.0,-0.1,-1.0,-0.1
3,NONE,-1.0,-0.1,-1.0,-0.1
3,NONE,-1.0,-0.1,-1.0,-0.1
3,NONE,-1.0,-0.1,-1.0,-0.1
3,NONE,-1.0,-0.1,-1.0,-0.1
3,NONE,-1.0,-0.1,-1.0,-0.1
3,NONE,-1.0,-0.1,-1.0,-0.1
3,NONE,-1.0,-0.1,-1.0,-0.1
3,NONE,-1.0,-0.1,-1.0,-0.1
3,NONE,-1.0,-0.1,-1.0,-0.1
3,NONE,-1.0,-0.1,-1.0,-0.1
3,NONE,-1.0,-0.1,-1.0,-0.1
3,NONE,-1.0,-0.1,-1.0,-0.1
3,NONE,-1.0,-0.1,-1.0,-0.1
3,NONE,-1.0,-0.1,-1.0,-0.1
3,NONE,-1.0,-0.1,-1.0,-0.1
3,NONE,-1.0,-0.1,-1.0,-0.1
3,NONE,-1.0,-0.1,-1.0,-0.1
3,NONE,-1.0,-0.1,-1.0,-0.1
3,NONE,-1.0,-0.1,-1.0,-0.1
3,NONE,-1.0,-0.1,-1.0,-0.1
3,NONE,-1.0,-0.1,-1.0,-0.1
3,NONE,-1.0,-0.1,-1.0,-0.1
3,NONE,-1.0,-0.1,-1.0,-0.1
3,NONE,-1.0,-0.1,-1.0,-0.1
2,EV_B07_C030_Mototaxi_Electrica,-1.0,-0.1,7.0,24.4931722846078
1,EV_B07_C030_Mototaxi_Electrica,7.0,92.2657882060174,-1.0,24.4931722846078
1,EV_B07_C030_Mototaxi_Electrica,6.0,92.2657882060174,-1.0,24.4931722846078
1,EV_B07_C030_Mototaxi_Electrica,5.0,92.2657882060174,-1.0,24.4931722846078
1,EV_B07_C030_Mototaxi_Electrica,4.0,92.2657882060174,-1.0,24.4931722846078
1,EV_B07_C030_Mototaxi_Electrica,3.0,92.2657882060174,-1.0,24.4931722846078
1,EV_B07_C030_Mototaxi_Electrica,2.0,92.2657882060174,-1.0,24.4931722846078
1,EV_B07_C030_Mototaxi_Electrica,1.0,92.2657882060174,-1.0,24.4931722846078
1,EV_B07_C030_Mototaxi_Electrica,0.0,92.2657882060174,-1.0,24.4931722846078
3,NONE,-1.0,-0.1,-1.0,-0.1
3,NONE,-1.0,-0.1,-1.0,-0.1
3,NONE,-1.0,-0.1,-1.0,-0.1
3,NONE,-1.0,-0.1,-1.0,-0.1
3,NONE,-1.0,-0.1,-1.0,-0.1
3,NONE,-1.0,-0.1,-1.0,-0.1
3,NONE,-1.0,-0.1,-1.0,-0.1
3,NONE,-1.0,-0.1,-1.0,-0.1
3,NONE,-1.0,-0.1,-1.0,-0.1
3,NONE,-1.0,-0.1,-1.0,-0.1
3,NONE,-1.0,-0.1,-1.0,-0.1
3,NONE,-1.0,-0.1,-1.0,-0.1
3,NONE,-1.0,-0.1,-1.0,-0.1
3,NONE,-1.0,-0.1,-1.0,-0.1
3,NONE,-1.0,-0.1,-1.0,-0.1
3,NONE,-1.0,-0.1,-1.0,-0.1
3,NONE,-1.0,-0.1,-1.0,-0.1
3,NONE,-1.0,-0.1,-1.0,-0.1
3,NONE,-1.0,-0.1,-1.0,-0.1
3,NONE,-1.0,-0.1,-1.0,-0.1
3,NONE,-1.0,-0.1,-1.0,-0.1
3,NONE,-1.0,-0.1,-1.0,-0.1
3,NONE,-1.0,-0.1,-1.0,-0.1
3,NONE,-1.0,-0.1,-1.0,-0.1
3,NONE,-1.0,-0.1,-1.0,-0.1
3,NONE,-1.0,-0.1,-1.0,-0.1
3,NONE,-1.0,-0.1,-1.0,-0.1
3,NONE,-1.0,-0.1,-1.0,-0.1
3,NONE,-1.0,-0.1,-1.0,-0.1
3,NONE,-1.0,-0.1,-1.0,-0.1
3,NONE,-1.0,-0.1,-1.0,-0.1
3,NONE,-1.0,-0.1,-1.0,-0.1
3,NONE,-1.0,-0.1,-1.0,-0.1
3,NONE,-1.0,-0.1,-1.0,-0.1
3,NONE,-1.0,-0.1,-1.0,-0.1
3,NONE,-1.0,-0.1,-1.0,-0.1
3,NONE,-1.0,-0.1,-1.0,-0.1
3,NONE,-1.0,-0.1,-1.0,-0.1
3,NONE,-1.0,-0.1,-1.0,-0.1
3,NONE,-1.0,-0.1,-1.0,-0.1
3,NONE,-1.0,-0.1,-1.0,-0.1
3,NONE,-1.0,-0.1,-1.0,-0.1
3,NONE,-1.0,-0.1,-1.0,-0.1
3,NONE,-1.0,-0.1,-1.0,-0.1
3,NONE,-1.0,-0.1,-1.0,-0.1
3,NONE,-1.0,-0.1,-1.0,-0.1
3,NONE,-1.0,-0.1,-1.0,-0.1
3,NONE,-1.0,-0.1,-1.0,-0.1
3,NONE,-1.0,-0.1,-1.0,-0.1
3,NONE,-1.0,-0.1,-1.0,-0.1
3,NONE,-1.0,-0.1,-1.0,-0.1
3,NONE,-1.0,-0.1,-1.0,-0.1
3,NONE,-1.0,-0.1,-1.0,-0.1
3,NONE,-1.0,-0.1,-1.0,-0.1
3,NONE,-1.0,-0.1,-1.0,-0.1
3,NONE,-1.0,-0.1,-1.0,-0.1
3,NONE,-1.0,-0.1,-1.0,-0.1
3,NONE,-1.0,-0.1,-1.0,-0.1
3,NONE,-1.0,-0.1,-1.0,-0.1
3,NONE,-1.0,-0.1,-1.0,-0.1
3,NONE,-1.0,-0.1,-1.0,-0.1
3,NONE,-1.0,-0.1,-1.0,-0.1
3,NONE,-1.0,-0.1,-1.0,-0.1
3,NONE,-1.0,-0.1,-1.0,-0.1
3,NONE,-1.0,-0.1,-1.0,-0.1
2,EV_B07_C030_Mototaxi_Electrica,-1.0,-0.1,9.0,48.03277122547736
1,EV_B07_C030_Mototaxi_Electrica,5.0,81.73379110547552,-1.0,48.03277122547736
1,EV_B07_C030_Mototaxi_Electrica,4.0,81.73379110547552,-1.0,48.03277122547736
1,EV_B07_C030_Mototaxi_Electrica,3.0,81.73379110547552,-1.0,48.03277122547736
1,EV_B07_C030_Mototaxi_Electrica,2.0,81.73379110547552,-1.0,48.03277122547736
1,EV_B07_C030_Mototaxi_Electrica,1.0,81.73379110547552,-1.0,48.03277122547736
1,EV_B07_C030_Mototaxi_Electrica,0.0,81.73379110547552,-1.0,48.03277122547736
3,NONE,-1.0,-0.1,-1.0,-0.1
3,NONE,-1.0,-0.1,-1.0,-0.1
3,NONE,-1.0,-0.1,-1.0,-0.1
3,NONE,-1.0,-0.1,-1.0,-0.1
3,NONE,-1.0,-0.1,-1.0,-0.1
3,NONE,-1.0,-0.1,-1.0,-0.1
3,NONE,-1.0,-0.1,-1.0,-0.1
3,NONE,-1.0,-0.1,-1.0,-0.1
3,NONE,-1.0,-0.1,-1.0,-0.1
3,NONE,-1.0,-0.1,-1.0,-0.1
3,NONE,-1.0,-0.1,-1.0,-0.1
3,NONE,-1.0,-0.1,-1.0,-0.1
3,NONE,-1.0,-0.1,-1.0,-0.1
3,NONE,-1.0,-0.1,-1.0,-0.1
3,NONE,-1.0,-0.1,-1.0,-0.1
3,NONE,-1.0,-0.1,-1.0,-0.1
3,NONE,-1.0,-0.1,-1.0,-0.1
3,NONE,-1.0,-0.1,-1.0,-0.1
3,NONE,-1.0,-0.1,-1.0,-0.1
3,NONE,-1.0,-0.1,-1.0,-0.1
3,NONE,-1.0,-0.1,-1.0,-0.1
3,NONE,-1.0,-0.1,-1.0,-0.1
3,NONE,-1.0,-0.1,-1.0,-0.1
3,NONE,-1.0,-0.1,-1.0,-0.1
3,NONE,-1.0,-0.1,-1.0,-0.1
3,NONE,-1.0,-0.1,-1.0,-0.1
3,NONE,-1.0,-0.1,-1.0,-0.1
3,NONE,-1.0,-0.1,-1.0,-0.1
3,NONE,-1.0,-0.1,-1.0,-0.1
3,NONE,-1.0,-0.1,-1.0,-0.1
3,NONE,-1.0,-0.1,-1.0,-0.1
3,NONE,-1.0,-0.1,-1.0,-0.1
3,NONE,-1.0,-0.1,-1.0,-0.1
3,NONE,-1.0,-0.1,-1.0,-0.1
3,NONE,-1.0,-0.1,-1.0,-0.1
3,NONE,-1.0,-0.1,-1.0,-0.1
3,NONE,-1.0,-0.1,-1.0,-0.1
3,NONE,-1.0,-0.1,-1.0,-0.1
3,NONE,-1.0,-0.1,-1.0,-0.1
2,EV_B07_C030_Mototaxi_Electrica,-1.0,-0.1,7.0,35.98603524905237
1,EV_B07_C030_Mototaxi_Electrica,7.0,81.39571381686366,-1.0,35.98603524905237
1,EV_B07_C030_Mototaxi_Electrica,6.0,81.39571381686366,-1.0,35.98603524905237
1,EV_B07_C030_Mototaxi_Electrica,5.0,81.39571381686366,-1.0,35.98603524905237
1,EV_B07_C030_Mototaxi_Electrica,4.0,81.39571381686366,-1.0,35.98603524905237
1,EV_B07_C030_Mototaxi_Electrica,3.0,81.39571381686366,-1.0,35.98603524905237
1,EV_B07_C030_Mototaxi_Electrica,2.0,81.39571381686366,-1.0,35.98603524905237
1,EV_B07_C030_Mototaxi_Electrica,1.0,81.39571381686366,-1.0,35.98603524905237
1,EV_B07_C030_Mototaxi_Electrica,0.0,81.39571381686366,-1.0,35.98603524905237
3,NONE,-1.0,-0.1,-1.0,-0.1
3,NONE,-1.0,-0.1,-1.0,-0.1
3,NONE,-1.0,-0.1,-1.0,-0.1
3,NONE,-1.0,-0.1,-1.0,-0.1
3,NONE,-1.0,-0.1,-1.0,-0.1
3,NONE,-1.0,-0.1,-1.0,-0.1
3,NONE,-1.0,-0.1,-1.0,-0.1
3,NONE,-1.0,-0.1,-1.0,-0.1
3,NONE,-1.0,-0.1,-1.0,-0.1
3,NONE,-1.0,-0.1,-1.0,-0.1
3,NONE,-1.0,-0.1,-1.0,-0.1
3,NONE,-1.0,-0.1,-1.0,-0.1
3,NONE,-1.0,-0.1,-1.0,-0.1
3,NONE,-1.0,-0.1,-1.0,-0.1
3,NONE,-1.0,-0.1,-1.0,-0.1
3,NONE,-1.0,-0.1,-1.0,-0.1
3,NONE,-1.0,-0.1,-1.0,-0.1
3,NONE,-1.0,-0.1,-1.0,-0.1
3,NONE,-1.0,-0.1,-1.0,-0.1
3,NONE,-1.0,-0.1,-1.0,-0.1
3,NONE,-1.0,-0.1,-1.0,-0.1
3,NONE,-1.0,-0.1,-1.0,-0.1
3,NONE,-1.0,-0.1,-1.0,-0.1
3,NONE,-1.0,-0.1,-1.0,-0.1
3,NONE,-1.0,-0.1,-1.0,-0.1
3,NONE,-1.0,-0.1,-1.0,-0.1
3,NONE,-1.0,-0.1,-1.0,-0.1
3,NONE,-1.0,-0.1,-1.0,-0.1
3,NONE,-1.0,-0.1,-1.0,-0.1
3,NONE,-1.0,-0.1,-1.0,-0.1
3,NONE,-1.0,-0.1,-1.0,-0.1
3,NONE,-1.0,-0.1,-1.0,-0.1
3,NONE,-1.0,-0.1,-1.0,-0.1
3,NONE,-1.0,-0.1,-1.0,-0.1
3,NONE,-1.0,-0.1,-1.0,-0.1
3,NONE,-1.0,-0.1,-1.0,-0.1
3,NONE,-1.0,-0.1,-1.0,-0.1
3,NONE,-1.0,-0.1,-1.0,-0.1
3,NONE,-1.0,-0.1,-1.0,-0.1
2,EV_B07_C030_Mototaxi_Electrica,-1.0,-0.1,7.0,36.50553079464904
1,EV_B07_C030_Mototaxi_Electrica,7.0,92.88923655741813,-1.0,36.50553079464904
1,EV_B07_C030_Mototaxi_Electrica,6.0,92.88923655741813,-1.0,36.50553079464904
1,EV_B07_C030_Mototaxi_Electrica,5.0,92.88923655741813,-1.0,36.50553079464904
1,EV_B07_C030_Mototaxi_Electrica,4.0,92.88923655741813,-1.0,36.50553079464904
1,EV_B07_C030_Mototaxi_Electrica,3.0,92.88923655741813,-1.0,36.50553079464904
1,EV_B07_C030_Mototaxi_Electrica,2.0,92.88923655741813,-1.0,36.50553079464904
1,EV_B07_C030_Mototaxi_Electrica,1.0,92.88923655741813,-1.0,36.50553079464904
1,EV_B07_C030_Mototaxi_Electrica,0.0,92.88923655741813,-1.0,36.50553079464904
3,NONE,-1.0,-0.1,-1.0,-0.1
3,NONE,-1.0,-0.1,-1.0,-0.1
3,NONE,-1.0,-0.1,-1.0,-0.1
3,NONE,-1.0,-0.1,-1.0,-0.1
3,NONE,-1.0,-0.1,-1.0,-0.1
3,NONE,-1.0,-0.1,-1.0,-0.1
3,NONE,-1.0,-0.1,-1.0,-0.1
3,NONE,-1.0,-0.1,-1.0,-0.1
3,NONE,-1.0,-0.1,-1.0,-0.1
3,NONE,-1.0,-0.1,-1.0,-0.1
3,NONE,-1.0,-0.1,-1.0,-0.1
3,NONE,-1.0,-0.1,-1.0,-0.1
3,NONE,-1.0,-0.1,-1.0,-0.1
3,NONE,-1.0,-0.1,-1.0,-0.1
3,NONE,-1.0,-0.1,-1.0,-0.1
3,NONE,-1.0,-0.1,-1.0,-0.1
3,NONE,-1.0,-0.1,-1.0,-0.1
3,NONE,-1.0,-0.1,-1.0,-0.1
3,NONE,-1.0,-0.1,-1.0,-0.1
3,NONE,-1.0,-0.1,-1.0,-0.1
3,NONE,-1.0,-0.1,-1.0,-0.1
3,NONE,-1.0,-0.1,-1.0,-0.1
3,NONE,-1.0,-0.1,-1.0,-0.1
3,NONE,-1.0,-0.1,-1.0,-0.1
3,NONE,-1.0,-0.1,-1.0,-0.1
3,NONE,-1.0,-0.1,-1.0,-0.1
3,NONE,-1.0,-0.1,-1.0,-0.1
3,NONE,-1.0,-0.1,-1.0,-0.1
3,NONE,-1.0,-0.1,-1.0,-0.1
3,NONE,-1.0,-0.1,-1.0,-0.1
3,NONE,-1.0,-0.1,-1.0,-0.1
3,NONE,-1.0,-0.1,-1.0,-0.1
3,NONE,-1.0,-0.1,-1.0,-0.1
3,NONE,-1.0,-0.1,-1.0,-0.1
3,NONE,-1.0,-0.1,-1.0,-0.1
3,NONE,-1.0,-0.1,-1.0,-0.1
3,NONE,-1.0,-0.1,-1.0,-0.1
3,NONE,-1.0,-0.1,-1.0,-0.1
3,NONE,-1.0,-0.1,-1.0,-0.1
3,NONE,-1.0,-0.1,-1.0,-0.1
3,NONE,-1.0,-0.1,-1.0,-0.1
3,NONE,-1.0,-0.1,-1.0,-0.1
3,NONE,-1.0,-0.1,-1.0,-0.1
3,NONE,-1.0,-0.1,-1.0,-0.1
3,NONE,-1.0,-0.1,-1.0,-0.1
3,NONE,-1.0,-0.1,-1.0,-0.1
3,NONE,-1.0,-0.1,-1.0,-0.1
3,NONE,-1.0,-0.1,-1.0,-0.1
3,NONE,-1.0,-0.1,-1.0,-0.1
3,NONE,-1.0,-0.1,-1.0,-0.1
3,NONE,-1.0,-0.1,-1.0,-0.1
3,NONE,-1.0,-0.1,-1.0,-0.1
3,NONE,-1.0,-0.1,-1.0,-0.1
3,NONE,-1.0,-0.1,-1.0,-0.1
3,NONE,-1.0,-0.1,-1.0,-0.1
3,NONE,-1.0,-0.1,-1.0,-0.1
3,NONE,-1.0,-0.1,-1.0,-0.1
3,NONE,-1.0,-0.1,-1.0,-0.1
3,NONE,-1.0,-0.1,-1.0,-0.1
3,NONE,-1.0,-0.1,-1.0,-0.1
3,NONE,-1.0,-0.1,-1.0,-0.1
3,NONE,-1.0,-0.1,-1.0,-0.1
3,NONE,-1.0,-0.1,-1.0,-0.1
3,NONE,-1.0,-0.1,-1.0,-0.1
3,NONE,-1.0,-0.1,-1.0,-0.1
3,NONE,-1.0,-0.1,-1.0,-0.1
3,NONE,-1.0,-0.1,-1.0,-0.1
3,NONE,-1.0,-0.1,-1.0,-0.1
3,NONE,-1.0,-0.1,-1.0,-0.1
3,NONE,-1.0,-0.1,-1.0,-0.1
3,NONE,-1.0,-0.1,-1.0,-0.1
3,NONE,-1.0,-0.1,-1.0,-0.1
3,NONE,-1.0,-0.1,-1.0,-0.1
3,NONE,-1.0,-0.1,-1.0,-0.1
3,NONE,-1.0,-0.1,-1.0,-0.1
3,NONE,-1.0,-0.1,-1.0,-0.1
3,NONE,-1.0,-0.1,-1.0,-0.1
3,NONE,-1.0,-0.1,-1.0,-0.1
3,NONE,-1.0,-0.1,-1.0,-0.1
3,NONE,-1.0,-0.1,-1.0,-0.1
3,NONE,-1.0,-0.1,-1.0,-0.1
3,NONE,-1.0,-0.1,-1.0,-0.1
3,NONE,-1.0,-0.1,-1.0,-0.1
3,NONE,-1.0,-0.1,-1.0,-0.1
3,NONE,-1.0,-0.1,-1.0,-0.1
3,NONE,-1.0,-0.1,-1.0,-0.1
3,NONE,-1.0,-0.1,-1.0,-0.1
3,NONE,-1.0,-0.1,-1.0,-0.1
2,EV_B07_C030_Mototaxi_Electrica,-1.0,-0.1,8.0,35.89712509921447
1,EV_B07_C030_Mototaxi_Electrica,6.0,94.72475431292303,-1.0,35.89712509921447
1,EV_B07_C030_Mototaxi_Electrica,5.0,94.72475431292303,-1.0,35.89712509921447
1,EV_B07_C030_Mototaxi_Electrica,4.0,94.72475431292303,-1.0,35.89712509921447
1,EV_B07_C030_Mototaxi_Electrica,3.0,94.72475431292303,-1.0,35.89712509921447
1,EV_B07_C030_Mototaxi_Electrica,2.0,94.72475431292303,-1.0,35.89712509921447
1,EV_B07_C030_Mototaxi_Electrica,1.0,94.72475431292303,-1.0,35.89712509921447
1,EV_B07_C030_Mototaxi_Electrica,0.0,94.72475431292303,-1.0,35.89712509921447
3,NONE,-1.0,-0.1,-1.0,-0.1
3,NONE,-1.0,-0.1,-1.0,-0.1
3,NONE,-1.0,-0.1,-1.0,-0.1
3,NONE,-1.0,-0.1,-1.0,-0.1
3,NONE,-1.0,-0.1,-1.0,-0.1
3,NONE,-1.0,-0.1,-1.0,-0.1
3,NONE,-1.0,-0.1,-1.0,-0.1
3,NONE,-1.0,-0.1,-1.0,-0.1
3,NONE,-1.0,-0.1,-1.0,-0.1
3,NONE,-1.0,-0.1,-1.0,-0.1
3,NONE,-1.0,-0.1,-1.0,-0.1
3,NONE,-1.0,-0.1,-1.0,-0.1
3,NONE,-1.0,-0.1,-1.0,-0.1
3,NONE,-1.0,-0.1,-1.0,-0.1
3,NONE,-1.0,-0.1,-1.0,-0.1
3,NONE,-1.0,-0.1,-1.0,-0.1
3,NONE,-1.0,-0.1,-1.0,-0.1
3,NONE,-1.0,-0.1,-1.0,-0.1
2,EV_B07_C030_Mototaxi_Electrica,-1.0,-0.1,10.0,46.81333330118318
1,EV_B07_C030_Mototaxi_Electrica,4.0,76.92716589305992,-1.0,46.81333330118318
1,EV_B07_C030_Mototaxi_Electrica,3.0,76.92716589305992,-1.0,46.81333330118318
1,EV_B07_C030_Mototaxi_Electrica,2.0,76.92716589305992,-1.0,46.81333330118318
1,EV_B07_C030_Mototaxi_Electrica,1.0,76.92716589305992,-1.0,46.81333330118318
1,EV_B07_C030_Mototaxi_Electrica,0.0,76.92716589305992,-1.0,46.81333330118318
3,NONE,-1.0,-0.1,-1.0,-0.1
3,NONE,-1.0,-0.1,-1.0,-0.1
3,NONE,-1.0,-0.1,-1.0,-0.1
3,NONE,-1.0,-0.1,-1.0,-0.1
3,NONE,-1.0,-0.1,-1.0,-0.1
3,NONE,-1.0,-0.1,-1.0,-0.1
3,NONE,-1.0,-0.1,-1.0,-0.1
3,NONE,-1.0,-0.1,-1.0,-0.1
3,NONE,-1.0,-0.1,-1.0,-0.1
3,NONE,-1.0,-0.1,-1.0,-0.1
3,NONE,-1.0,-0.1,-1.0,-0.1
3,NONE,-1.0,-0.1,-1.0,-0.1
3,NONE,-1.0,-0.1,-1.0,-0.1
3,NONE,-1.0,-0.1,-1.0,-0.1
3,NONE,-1.0,-0.1,-1.0,-0.1
3,NONE,-1.0,-0.1,-1.0,-0.1
3,NONE,-1.0,-0.1,-1.0,-0.1
3,NONE,-1.0,-0.1,-1.0,-0.1
3,NONE,-1.0,-0.1,-1.0,-0.1
3,NONE,-1.0,-0.1,-1.0,-0.1
3,NONE,-1.0,-0.1,-1.0,-0.1
3,NONE,-1.0,-0.1,-1.0,-0.1
3,NONE,-1.0,-0.1,-1.0,-0.1
3,NONE,-1.0,-0.1,-1.0,-0.1
3,NONE,-1.0,-0.1,-1.0,-0.1
3,NONE,-1.0,-0.1,-1.0,-0.1
3,NONE,-1.0,-0.1,-1.0,-0.1
3,NONE,-1.0,-0.1,-1.0,-0.1
3,NONE,-1.0,-0.1,-1.0,-0.1
3,NONE,-1.0,-0.1,-1.0,-0.1
3,NONE,-1.0,-0.1,-1.0,-0.1
3,NONE,-1.0,-0.1,-1.0,-0.1
3,NONE,-1.0,-0.1,-1.0,-0.1
3,NONE,-1.0,-0.1,-1.0,-0.1
3,NONE,-1.0,-0.1,-1.0,-0.1
3,NONE,-1.0,-0.1,-1.0,-0.1
3,NONE,-1.0,-0.1,-1.0,-0.1
3,NONE,-1.0,-0.1,-1.0,-0.1
3,NONE,-1.0,-0.1,-1.0,-0.1
3,NONE,-1.0,-0.1,-1.0,-0.1
2,EV_B07_C030_Mototaxi_Electrica,-1.0,-0.1,8.0,5.0
1,EV_B07_C030_Mototaxi_Electrica,6.0,78.70877995802165,-1.0,5.0
1,EV_B07_C030_Mototaxi_Electrica,5.0,78.70877995802165,-1.0,5.0
1,EV_B07_C030_Mototaxi_Electrica,4.0,78.70877995802165,-1.0,5.0
1,EV_B07_C030_Mototaxi_Electrica,3.0,78.70877995802165,-1.0,5.0
1,EV_B07_C030_Mototaxi_Electrica,2.0,78.70877995802165,-1.0,5.0
1,EV_B07_C030_Mototaxi_Electrica,1.0,78.70877995802165,-1.0,5.0
1,EV_B07_C030_Mototaxi_Electrica,0.0,78.70877995802165,-1.0,5.0
3,NONE,-1.0,-0.1,-1.0,-0.1
3,NONE,-1.0,-0.1,-1.0,-0.1
3,NONE,-1.0,-0.1,-1.0,-0.1
3,NONE,-1.0,-0.1,-1.0,-0.1
3,NONE,-1.0,-0.1,-1.0,-0.1
3,NONE,-1.0,-0.1,-1.0,-0.1
3,NONE,-1.0,-0.1,-1.0,-0.1
3,NONE,-1.0,-0.1,-1.0,-0.1
3,NONE,-1.0,-0.1,-1.0,-0.1
3,NONE,-1.0,-0.1,-1.0,-0.1
3,NONE,-1.0,-0.1,-1.0,-0.1
3,NONE,-1.0,-0.1,-1.0,-0.1
3,NONE,-1.0,-0.1,-1.0,-0.1
3,NONE,-1.0,-0.1,-1.0,-0.1
3,NONE,-1.0,-0.1,-1.0,-0.1
3,NONE,-1.0,-0.1,-1.0,-0.1
3,NONE,-1.0,-0.1,-1.0,-0.1
3,NONE,-1.0,-0.1,-1.0,-0.1
3,NONE,-1.0,-0.1,-1.0,-0.1
3,NONE,-1.0,-0.1,-1.0,-0.1
3,NONE,-1.0,-0.1,-1.0,-0.1
3,NONE,-1.0,-0.1,-1.0,-0.1
3,NONE,-1.0,-0.1,-1.0,-0.1
3,NONE,-1.0,-0.1,-1.0,-0.1
3,NONE,-1.0,-0.1,-1.0,-0.1
3,NONE,-1.0,-0.1,-1.0,-0.1
3,NONE,-1.0,-0.1,-1.0,-0.1
3,NONE,-1.0,-0.1,-1.0,-0.1
3,NONE,-1.0,-0.1,-1.0,-0.1
3,NONE,-1.0,-0.1,-1.0,-0.1
3,NONE,-1.0,-0.1,-1.0,-0.1
3,NONE,-1.0,-0.1,-1.0,-0.1
3,NONE,-1.0,-0.1,-1.0,-0.1
3,NONE,-1.0,-0.1,-1.0,-0.1
3,NONE,-1.0,-0.1,-1.0,-0.1
3,NONE,-1.0,-0.1,-1.0,-0.1
3,NONE,-1.0,-0.1,-1.0,-0.1
3,NONE,-1.0,-0.1,-1.0,-0.1
3,NONE,-1.0,-0.1,-1.0,-0.1
3,NONE,-1.0,-0.1,-1.0,-0.1
3,NONE,-1.0,-0.1,-1.0,-0.1
3,NONE,-1.0,-0.1,-1.0,-0.1
3,NONE,-1.0,-0.1,-1.0,-0.1
3,NONE,-1.0,-0.1,-1.0,-0.1
3,NONE,-1.0,-0.1,-1.0,-0.1
3,NONE,-1.0,-0.1,-1.0,-0.1
3,NONE,-1.0,-0.1,-1.0,-0.1
3,NONE,-1.0,-0.1,-1.0,-0.1
3,NONE,-1.0,-0.1,-1.0,-0.1
3,NONE,-1.0,-0.1,-1.0,-0.1
3,NONE,-1.0,-0.1,-1.0,-0.1
3,NONE,-1.0,-0.1,-1.0,-0.1
3,NONE,-1.0,-0.1,-1.0,-0.1
3,NONE,-1.0,-0.1,-1.0,-0.1
3,NONE,-1.0,-0.1,-1.0,-0.1
3,NONE,-1.0,-0.1,-1.0,-0.1
3,NONE,-1.0,-0.1,-1.0,-0.1
3,NONE,-1.0,-0.1,-1.0,-0.1
3,NONE,-1.0,-0.1,-1.0,-0.1
3,NONE,-1.0,-0.1,-1.0,-0.1
3,NONE,-1.0,-0.1,-1.0,-0.1
3,NONE,-1.0,-0.1,-1.0,-0.1
3,NONE,-1.0,-0.1,-1.0,-0.1
3,NONE,-1.0,-0.1,-1.0,-0.1
3,NONE,-1.0,-0.1,-1.0,-0.1
3,NONE,-1.0,-0.1,-1.0,-0.1
2,EV_B07_C030_Mototaxi_Electrica,-1.0,-0.1,10.0,22.391625653641498
1,EV_B07_C030_Mototaxi_Electrica,4.0,85.06830548797141,-1.0,22.391625653641498
1,EV_B07_C030_Mototaxi_Electrica,3.0,85.06830548797141,-1.0,22.391625653641498
1,EV_B07_C030_Mototaxi_Electrica,2.0,85.06830548797141,-1.0,22.391625653641498
1,EV_B07_C030_Mototaxi_Electrica,1.0,85.06830548797141,-1.0,22.391625653641498
1,EV_B07_C030_Mototaxi_Electrica,0.0,85.06830548797141,-1.0,22.391625653641498
3,NONE,-1.0,-0.1,-1.0,-0.1
3,NONE,-1.0,-0.1,-1.0,-0.1
3,NONE,-1.0,-0.1,-1.0,-0.1
3,NONE,-1.0,-0.1,-1.0,-0.1
3,NONE,-1.0,-0.1,-1.0,-0.1
3,NONE,-1.0,-0.1,-1.0,-0.1
3,NONE,-1.0,-0.1,-1.0,-0.1
3,NONE,-1.0,-0.1,-1.0,-0.1
3,NONE,-1.0,-0.1,-1.0,-0.1
3,NONE,-1.0,-0.1,-1.0,-0.1
3,NONE,-1.0,-0.1,-1.0,-0.1
3,NONE,-1.0,-0.1,-1.0,-0.1
3,NONE,-1.0,-0.1,-1.0,-0.1
3,NONE,-1.0,-0.1,-1.0,-0.1
3,NONE,-1.0,-0.1,-1.0,-0.1
3,NONE,-1.0,-0.1,-1.0,-0.1
3,NONE,-1.0,-0.1,-1.0,-0.1
2,EV_B07_C030_Mototaxi_Electrica,-1.0,-0.1,9.0,30.939707058340176
1,EV_B07_C030_Mototaxi_Electrica,5.0,76.1634627328544,-1.0,30.939707058340176
1,EV_B07_C030_Mototaxi_Electrica,4.0,76.1634627328544,-1.0,30.939707058340176
1,EV_B07_C030_Mototaxi_Electrica,3.0,76.1634627328544,-1.0,30.939707058340176
1,EV_B07_C030_Mototaxi_Electrica,2.0,76.1634627328544,-1.0,30.939707058340176
1,EV_B07_C030_Mototaxi_Electrica,1.0,76.1634627328544,-1.0,30.939707058340176
1,EV_B07_C030_Mototaxi_Electrica,0.0,76.1634627328544,-1.0,30.939707058340176
3,NONE,-1.0,-0.1,-1.0,-0.1
3,NONE,-1.0,-0.1,-1.0,-0.1
3,NONE,-1.0,-0.1,-1.0,-0.1
3,NONE,-1.0,-0.1,-1.0,-0.1
3,NONE,-1.0,-0.1,-1.0,-0.1
3,NONE,-1.0,-0.1,-1.0,-0.1
3,NONE,-1.0,-0.1,-1.0,-0.1
3,NONE,-1.0,-0.1,-1.0,-0.1
3,NONE,-1.0,-0.1,-1.0,-0.1
3,NONE,-1.0,-0.1,-1.0,-0.1
3,NONE,-1.0,-0.1,-1.0,-0.1
3,NONE,-1.0,-0.1,-1.0,-0.1
3,NONE,-1.0,-0.1,-1.0,-0.1
3,NONE,-1.0,-0.1,-1.0,-0.1
3,NONE,-1.0,-0.1,-1.0,-0.1
3,NONE,-1.0,-0.1,-1.0,-0.1
3,NONE,-1.0,-0.1,-1.0,-0.1
3,NONE,-1.0,-0.1,-1.0,-0.1
3,NONE,-1.0,-0.1,-1.0,-0.1
3,NONE,-1.0,-0.1,-1.0,-0.1
3,NONE,-1.0,-0.1,-1.0,-0.1
3,NONE,-1.0,-0.1,-1.0,-0.1
3,NONE,-1.0,-0.1,-1.0,-0.1
3,NONE,-1.0,-0.1,-1.0,-0.1
3,NONE,-1.0,-0.1,-1.0,-0.1
3,NONE,-1.0,-0.1,-1.0,-0.1
3,NONE,-1.0,-0.1,-1.0,-0.1
3,NONE,-1.0,-0.1,-1.0,-0.1
3,NONE,-1.0,-0.1,-1.0,-0.1
3,NONE,-1.0,-0.1,-1.0,-0.1
3,NONE,-1.0,-0.1,-1.0,-0.1
3,NONE,-1.0,-0.1,-1.0,-0.1
3,NONE,-1.0,-0.1,-1.0,-0.1
3,NONE,-1.0,-0.1,-1.0,-0.1
3,NONE,-1.0,-0.1,-1.0,-0.1
3,NONE,-1.0,-0.1,-1.0,-0.1
3,NONE,-1.0,-0.1,-1.0,-0.1
3,NONE,-1.0,-0.1,-1.0,-0.1
3,NONE,-1.0,-0.1,-1.0,-0.1
3,NONE,-1.0,-0.1,-1.0,-0.1
3,NONE,-1.0,-0.1,-1.0,-0.1
2,EV_B07_C030_Mototaxi_Electrica,-1.0,-0.1,9.0,39.686579720116534
1,EV_B07_C030_Mototaxi_Electrica,5.0,81.99174148194015,-1.0,39.686579720116534
1,EV_B07_C030_Mototaxi_Electrica,4.0,81.99174148194015,-1.0,39.686579720116534
1,EV_B07_C030_Mototaxi_Electrica,3.0,81.99174148194015,-1.0,39.686579720116534
1,EV_B07_C030_Mototaxi_Electrica,2.0,81.99174148194015,-1.0,39.686579720116534
1,EV_B07_C030_Mototaxi_Electrica,1.0,81.99174148194015,-1.0,39.686579720116534
1,EV_B07_C030_Mototaxi_Electrica,0.0,81.99174148194015,-1.0,39.686579720116534
3,NONE,-1.0,-0.1,-1.0,-0.1
3,NONE,-1.0,-0.1,-1.0,-0.1
3,NONE,-1.0,-0.1,-1.0,-0.1
3,NONE,-1.0,-0.1,-1.0,-0.1
3,NONE,-1.0,-0.1,-1.0,-0.1
3,NONE,-1.0,-0.1,-1.0,-0.1
3,NONE,-1.0,-0.1,-1.0,-0.1
3,NONE,-1.0,-0.1,-1.0,-0.1
3,NONE,-1.0,-0.1,-1.0,-0.1
3,NONE,-1.0,-0.1,-1.0,-0.1
3,NONE,-1.0,-0.1,-1.0,-0.1
3,NONE,-1.0,-0.1,-1.0,-0.1
3,NONE,-1.0,-0.1,-1.0,-0.1
3,NONE,-1.0,-0.1,-1.0,-0.1
3,NONE,-1.0,-0.1,-1.0,-0.1
2,EV_B07_C030_Mototaxi_Electrica,-1.0,-0.1,7.0,45.80406935879431
1,EV_B07_C030_Mototaxi_Electrica,7.0,76.39891453684832,-1.0,45.80406935879431
1,EV_B07_C030_Mototaxi_Electrica,6.0,76.39891453684832,-1.0,45.80406935879431
1,EV_B07_C030_Mototaxi_Electrica,5.0,76.39891453684832,-1.0,45.80406935879431
1,EV_B07_C030_Mototaxi_Electrica,4.0,76.39891453684832,-1.0,45.80406935879431
1,EV_B07_C030_Mototaxi_Electrica,3.0,76.39891453684832,-1.0,45.80406935879431
1,EV_B07_C030_Mototaxi_Electrica,2.0,76.39891453684832,-1.0,45.80406935879431
1,EV_B07_C030_Mototaxi_Electrica,1.0,76.39891453684832,-1.0,45.80406935879431
1,EV_B07_C030_Mototaxi_Electrica,0.0,76.39891453684832,-1.0,45.80406935879431
3,NONE,-1.0,-0.1,-1.0,-0.1
3,NONE,-1.0,-0.1,-1.0,-0.1
3,NONE,-1.0,-0.1,-1.0,-0.1
3,NONE,-1.0,-0.1,-1.0,-0.1
3,NONE,-1.0,-0.1,-1.0,-0.1
3,NONE,-1.0,-0.1,-1.0,-0.1
3,NONE,-1.0,-0.1,-1.0,-0.1
3,NONE,-1.0,-0.1,-1.0,-0.1
3,NONE,-1.0,-0.1,-1.0,-0.1
3,NONE,-1.0,-0.1,-1.0,-0.1
3,NONE,-1.0,-0.1,-1.0,-0.1
3,NONE,-1.0,-0.1,-1.0,-0.1
3,NONE,-1.0,-0.1,-1.0,-0.1
3,NONE,-1.0,-0.1,-1.0,-0.1
3,NONE,-1.0,-0.1,-1.0,-0.1
3,NONE,-1.0,-0.1,-1.0,-0.1
3,NONE,-1.0,-0.1,-1.0,-0.1
3,NONE,-1.0,-0.1,-1.0,-0.1
3,NONE,-1.0,-0.1,-1.0,-0.1
3,NONE,-1.0,-0.1,-1.0,-0.1
3,NONE,-1.0,-0.1,-1.0,-0.1
3,NONE,-1.0,-0.1,-1.0,-0.1
3,NONE,-1.0,-0.1,-1.0,-0.1
3,NONE,-1.0,-0.1,-1.0,-0.1
3,NONE,-1.0,-0.1,-1.0,-0.1
3,NONE,-1.0,-0.1,-1.0,-0.1
3,NONE,-1.0,-0.1,-1.0,-0.1
3,NONE,-1.0,-0.1,-1.0,-0.1
3,NONE,-1.0,-0.1,-1.0,-0.1
3,NONE,-1.0,-0.1,-1.0,-0.1
3,NONE,-1.0,-0.1,-1.0,-0.1
3,NONE,-1.0,-0.1,-1.0,-0.1
3,NONE,-1.0,-0.1,-1.0,-0.1
3,NONE,-1.0,-0.1,-1.0,-0.1
3,NONE,-1.0,-0.1,-1.0,-0.1
3,NONE,-1.0,-0.1,-1.0,-0.1
3,NONE,-1.0,-0.1,-1.0,-0.1
3,NONE,-1.0,-0.1,-1.0,-0.1
3,NONE,-1.0,-0.1,-1.0,-0.1
3,NONE,-1.0,-0.1,-1.0,-0.1
3,NONE,-1.0,-0.1,-1.0,-0.1
3,NONE,-1.0,-0.1,-1.0,-0.1
3,NONE,-1.0,-0.1,-1.0,-0.1
3,NONE,-1.0,-0.1,-1.0,-0.1
3,NONE,-1.0,-0.1,-1.0,-0.1
3,NONE,-1.0,-0.1,-1.0,-0.1
3,NONE,-1.0,-0.1,-1.0,-0.1
3,NONE,-1.0,-0.1,-1.0,-0.1
3,NONE,-1.0,-0.1,-1.0,-0.1
3,NONE,-1.0,-0.1,-1.0,-0.1
3,NONE,-1.0,-0.1,-1.0,-0.1
3,NONE,-1.0,-0.1,-1.0,-0.1
3,NONE,-1.0,-0.1,-1.0,-0.1
3,NONE,-1.0,-0.1,-1.0,-0.1
3,NONE,-1.0,-0.1,-1.0,-0.1
3,NONE,-1.0,-0.1,-1.0,-0.1
3,NONE,-1.0,-0.1,-1.0,-0.1
3,NONE,-1.0,-0.1,-1.0,-0.1
3,NONE,-1.0,-0.1,-1.0,-0.1
3,NONE,-1.0,-0.1,-1.0,-0.1
3,NONE,-1.0,-0.1,-1.0,-0.1
3,NONE,-1.0,-0.1,-1.0,-0.1
3,NONE,-1.0,-0.1,-1.0,-0.1
3,NONE,-1.0,-0.1,-1.0,-0.1
3,NONE,-1.0,-0.1,-1.0,-0.1
3,NONE,-1.0,-0.1,-1.0,-0.1
3,NONE,-1.0,-0.1,-1.0,-0.1
3,NONE,-1.0,-0.1,-1.0,-0.1
3,NONE,-1.0,-0.1,-1.0,-0.1
3,NONE,-1.0,-0.1,-1.0,-0.1
3,NONE,-1.0,-0.1,-1.0,-0.1
3,NONE,-1.0,-0.1,-1.0,-0.1
3,NONE,-1.0,-0.1,-1.0,-0.1
3,NONE,-1.0,-0.1,-1.0,-0.1
3,NONE,-1.0,-0.1,-1.0,-0.1
3,NONE,-1.0,-0.1,-1.0,-0.1
3,NONE,-1.0,-0.1,-1.0,-0.1
3,NONE,-1.0,-0.1,-1.0,-0.1
3,NONE,-1.0,-0.1,-1.0,-0.1
3,NONE,-1.0,-0.1,-1.0,-0.1
3,NONE,-1.0,-0.1,-1.0,-0.1
3,NONE,-1.0,-0.1,-1.0,-0.1
3,NONE,-1.0,-0.1,-1.0,-0.1
3,NONE,-1.0,-0.1,-1.0,-0.1
3,NONE,-1.0,-0.1,-1.0,-0.1
3,NONE,-1.0,-0.1,-1.0,-0.1
3,NONE,-1.0,-0.1,-1.0,-0.1
2,EV_B07_C030_Mototaxi_Electrica,-1.0,-0.1,7.0,42.62712734650479
1,EV_B07_C030_Mototaxi_Electrica,7.0,82.23007117938187,-1.0,42.62712734650479
1,EV_B07_C030_Mototaxi_Electrica,6.0,82.23007117938187,-1.0,42.62712734650479
1,EV_B07_C030_Mototaxi_Electrica,5.0,82.23007117938187,-1.0,42.62712734650479
1,EV_B07_C030_Mototaxi_Electrica,4.0,82.23007117938187,-1.0,42.62712734650479
1,EV_B07_C030_Mototaxi_Electrica,3.0,82.23007117938187,-1.0,42.62712734650479
1,EV_B07_C030_Mototaxi_Electrica,2.0,82.23007117938187,-1.0,42.62712734650479
1,EV_B07_C030_Mototaxi_Electrica,1.0,82.23007117938187,-1.0,42.62712734650479
1,EV_B07_C030_Mototaxi_Electrica,0.0,82.23007117938187,-1.0,42.62712734650479
3,NONE,-1.0,-0.1,-1.0,-0.1
3,NONE,-1.0,-0.1,-1.0,-0.1
3,NONE,-1.0,-0.1,-1.0,-0.1
3,NONE,-1.0,-0.1,-1.0,-0.1
3,NONE,-1.0,-0.1,-1.0,-0.1
3,NONE,-1.0,-0.1,-1.0,-0.1
3,NONE,-1.0,-0.1,-1.0,-0.1
3,NONE,-1.0,-0.1,-1.0,-0.1
3,NONE,-1.0,-0.1,-1.0,-0.1
3,NONE,-1.0,-0.1,-1.0,-0.1
3,NONE,-1.0,-0.1,-1.0,-0.1
3,NONE,-1.0,-0.1,-1.0,-0.1
3,NONE,-1.0,-0.1,-1.0,-0.1
3,NONE,-1.0,-0.1,-1.0,-0.1
3,NONE,-1.0,-0.1,-1.0,-0.1
3,NONE,-1.0,-0.1,-1.0,-0.1
3,NONE,-1.0,-0.1,-1.0,-0.1
2,EV_B07_C030_Mototaxi_Electrica,-1.0,-0.1,9.0,35.38841466234172
1,EV_B07_C030_Mototaxi_Electrica,5.0,76.23520251251146,-1.0,35.38841466234172
1,EV_B07_C030_Mototaxi_Electrica,4.0,76.23520251251146,-1.0,35.38841466234172
1,EV_B07_C030_Mototaxi_Electrica,3.0,76.23520251251146,-1.0,35.38841466234172
1,EV_B07_C030_Mototaxi_Electrica,2.0,76.23520251251146,-1.0,35.38841466234172
1,EV_B07_C030_Mototaxi_Electrica,1.0,76.23520251251146,-1.0,35.38841466234172
1,EV_B07_C030_Mototaxi_Electrica,0.0,76.23520251251146,-1.0,35.38841466234172
3,NONE,-1.0,-0.1,-1.0,-0.1
3,NONE,-1.0,-0.1,-1.0,-0.1
3,NONE,-1.0,-0.1,-1.0,-0.1
3,NONE,-1.0,-0.1,-1.0,-0.1
3,NONE,-1.0,-0.1,-1.0,-0.1
3,NONE,-1.0,-0.1,-1.0,-0.1
3,NONE,-1.0,-0.1,-1.0,-0.1
3,NONE,-1.0,-0.1,-1.0,-0.1
3,NONE,-1.0,-0.1,-1.0,-0.1
3,NONE,-1.0,-0.1,-1.0,-0.1
3,NONE,-1.0,-0.1,-1.0,-0.1
3,NONE,-1.0,-0.1,-1.0,-0.1
3,NONE,-1.0,-0.1,-1.0,-0.1
3,NONE,-1.0,-0.1,-1.0,-0.1
3,NONE,-1.0,-0.1,-1.0,-0.1
3,NONE,-1.0,-0.1,-1.0,-0.1
3,NONE,-1.0,-0.1,-1.0,-0.1
3,NONE,-1.0,-0.1,-1.0,-0.1
3,NONE,-1.0,-0.1,-1.0,-0.1
3,NONE,-1.0,-0.1,-1.0,-0.1
3,NONE,-1.0,-0.1,-1.0,-0.1
3,NONE,-1.0,-0.1,-1.0,-0.1
3,NONE,-1.0,-0.1,-1.0,-0.1
3,NONE,-1.0,-0.1,-1.0,-0.1
3,NONE,-1.0,-0.1,-1.0,-0.1
3,NONE,-1.0,-0.1,-1.0,-0.1
3,NONE,-1.0,-0.1,-1.0,-0.1
3,NONE,-1.0,-0.1,-1.0,-0.1
3,NONE,-1.0,-0.1,-1.0,-0.1
3,NONE,-1.0,-0.1,-1.0,-0.1
3,NONE,-1.0,-0.1,-1.0,-0.1
3,NONE,-1.0,-0.1,-1.0,-0.1
3,NONE,-1.0,-0.1,-1.0,-0.1
3,NONE,-1.0,-0.1,-1.0,-0.1
3,NONE,-1.0,-0.1,-1.0,-0.1
3,NONE,-1.0,-0.1,-1.0,-0.1
3,NONE,-1.0,-0.1,-1.0,-0.1
3,NONE,-1.0,-0.1,-1.0,-0.1
3,NONE,-1.0,-0.1,-1.0,-0.1
3,NONE,-1.0,-0.1,-1.0,-0.1
3,NONE,-1.0,-0.1,-1.0,-0.1
3,NONE,-1.0,-0.1,-1.0,-0.1
3,NONE,-1.0,-0.1,-1.0,-0.1
3,NONE,-1.0,-0.1,-1.0,-0.1
3,NONE,-1.0,-0.1,-1.0,-0.1
3,NONE,-1.0,-0.1,-1.0,-0.1
3,NONE,-1.0,-0.1,-1.0,-0.1
3,NONE,-1.0,-0.1,-1.0,-0.1
3,NONE,-1.0,-0.1,-1.0,-0.1
3,NONE,-1.0,-0.1,-1.0,-0.1
3,NONE,-1.0,-0.1,-1.0,-0.1
3,NONE,-1.0,-0.1,-1.0,-0.1
3,NONE,-1.0,-0.1,-1.0,-0.1
3,NONE,-1.0,-0.1,-1.0,-0.1
3,NONE,-1.0,-0.1,-1.0,-0.1
3,NONE,-1.0,-0.1,-1.0,-0.1
3,NONE,-1.0,-0.1,-1.0,-0.1
3,NONE,-1.0,-0.1,-1.0,-0.1
3,NONE,-1.0,-0.1,-1.0,-0.1
3,NONE,-1.0,-0.1,-1.0,-0.1
3,NONE,-1.0,-0.1,-1.0,-0.1
3,NONE,-1.0,-0.1,-1.0,-0.1
3,NONE,-1.0,-0.1,-1.0,-0.1
3,NONE,-1.0,-0.1,-1.0,-0.1
3,NONE,-1.0,-0.1,-1.0,-0.1
3,NONE,-1.0,-0.1,-1.0,-0.1
3,NONE,-1.0,-0.1,-1.0,-0.1
3,NONE,-1.0,-0.1,-1.0,-0.1
3,NONE,-1.0,-0.1,-1.0,-0.1
3,NONE,-1.0,-0.1,-1.0,-0.1
3,NONE,-1.0,-0.1,-1.0,-0.1
3,NONE,-1.0,-0.1,-1.0,-0.1
3,NONE,-1.0,-0.1,-1.0,-0.1
3,NONE,-1.0,-0.1,-1.0,-0.1
3,NONE,-1.0,-0.1,-1.0,-0.1
3,NONE,-1.0,-0.1,-1.0,-0.1
3,NONE,-1.0,-0.1,-1.0,-0.1
3,NONE,-1.0,-0.1,-1.0,-0.1
3,NONE,-1.0,-0.1,-1.0,-0.1
3,NONE,-1.0,-0.1,-1.0,-0.1
3,NONE,-1.0,-0.1,-1.0,-0.1
3,NONE,-1.0,-0.1,-1.0,-0.1
3,NONE,-1.0,-0.1,-1.0,-0.1
3,NONE,-1.0,-0.1,-1.0,-0.1
3,NONE,-1.0,-0.1,-1.0,-0.1
3,NONE,-1.0,-0.1,-1.0,-0.1
3,NONE,-1.0,-0.1,-1.0,-0.1
3,NONE,-1.0,-0.1,-1.0,-0.1
3,NONE,-1.0,-0.1,-1.0,-0.1
3,NONE,-1.0,-0.1,-1.0,-0.1
3,NONE,-1.0,-0.1,-1.0,-0.1
3,NONE,-1.0,-0.1,-1.0,-0.1
3,NONE,-1.0,-0.1,-1.0,-0.1
3,NONE,-1.0,-0.1,-1.0,-0.1
3,NONE,-1.0,-0.1,-1.0,-0.1
3,NONE,-1.0,-0.1,-1.0,-0.1
3,NONE,-1.0,-0.1,-1.0,-0.1
3,NONE,-1.0,-0.1,-1.0,-0.1
3,NONE,-1.0,-0.1,-1.0,-0.1
3,NONE,-1.0,-0.1,-1.0,-0.1
3,NONE,-1.0,-0.1,-1.0,-0.1
3,NONE,-1.0,-0.1,-1.0,-0.1
3,NONE,-1.0,-0.1,-1.0,-0.1
3,NONE,-1.0,-0.1,-1.0,-0.1
3,NONE,-1.0,-0.1,-1.0,-0.1
3,NONE,-1.0,-0.1,-1.0,-0.1
3,NONE,-1.0,-0.1,-1.0,-0.1
3,NONE,-1.0,-0.1,-1.0,-0.1
3,NONE,-1.0,-0.1,-1.0,-0.1
3,NONE,-1.0,-0.1,-1.0,-0.1
3,NONE,-1.0,-0.1,-1.0,-0.1
3,NONE,-1.0,-0.1,-1.0,-0.1
3,NONE,-1.0,-0.1,-1.0,-0.1
3,NONE,-1.0,-0.1,-1.0,-0.1
3,NONE,-1.0,-0.1,-1.0,-0.1
3,NONE,-1.0,-0.1,-1.0,-0.1
3,NONE,-1.0,-0.1,-1.0,-0.1
3,NONE,-1.0,-0.1,-1.0,-0.1
3,NONE,-1.0,-0.1,-1.0,-0.1
3,NONE,-1.0,-0.1,-1.0,-0.1
3,NONE,-1.0,-0.1,-1.0,-0.1
3,NONE,-1.0,-0.1,-1.0,-0.1
3,NONE,-1.0,-0.1,-1.0,-0.1
3,NONE,-1.0,-0.1,-1.0,-0.1
3,NONE,-1.0,-0.1,-1.0,-0.1
3,NONE,-1.0,-0.1,-1.0,-0.1
3,NONE,-1.0,-0.1,-1.0,-0.1
3,NONE,-1.0,-0.1,-1.0,-0.1
3,NONE,-1.0,-0.1,-1.0,-0.1
3,NONE,-1.0,-0.1,-1.0,-0.1
3,NONE,-1.0,-0.1,-1.0,-0.1
3,NONE,-1.0,-0.1,-1.0,-0.1
3,NONE,-1.0,-0.1,-1.0,-0.1
3,NONE,-1.0,-0.1,-1.0,-0.1
3,NONE,-1.0,-0.1,-1.0,-0.1
2,EV_B07_C030_Mototaxi_Electrica,-1.0,-0.1,7.0,22.95848845959697
1,EV_B07_C030_Mototaxi_Electrica,7.0,82.33667830124753,-1.0,22.95848845959697
1,EV_B07_C030_Mototaxi_Electrica,6.0,82.33667830124753,-1.0,22.95848845959697
1,EV_B07_C030_Mototaxi_Electrica,5.0,82.33667830124753,-1.0,22.95848845959697
1,EV_B07_C030_Mototaxi_Electrica,4.0,82.33667830124753,-1.0,22.95848845959697
1,EV_B07_C030_Mototaxi_Electrica,3.0,82.33667830124753,-1.0,22.95848845959697
1,EV_B07_C030_Mototaxi_Electrica,2.0,82.33667830124753,-1.0,22.95848845959697
1,EV_B07_C030_Mototaxi_Electrica,1.0,82.33667830124753,-1.0,22.95848845959697
1,EV_B07_C030_Mototaxi_Electrica,0.0,82.33667830124753,-1.0,22.95848845959697
3,NONE,-1.0,-0.1,-1.0,-0.1
3,NONE,-1.0,-0.1,-1.0,-0.1
3,NONE,-1.0,-0.1,-1.0,-0.1
3,NONE,-1.0,-0.1,-1.0,-0.1
3,NONE,-1.0,-0.1,-1.0,-0.1
3,NONE,-1.0,-0.1,-1.0,-0.1
3,NONE,-1.0,-0.1,-1.0,-0.1
3,NONE,-1.0,-0.1,-1.0,-0.1
3,NONE,-1.0,-0.1,-1.0,-0.1
3,NONE,-1.0,-0.1,-1.0,-0.1
3,NONE,-1.0,-0.1,-1.0,-0.1
3,NONE,-1.0,-0.1,-1.0,-0.1
3,NONE,-1.0,-0.1,-1.0,-0.1
3,NONE,-1.0,-0.1,-1.0,-0.1
3,NONE,-1.0,-0.1,-1.0,-0.1
3,NONE,-1.0,-0.1,-1.0,-0.1
3,NONE,-1.0,-0.1,-1.0,-0.1
3,NONE,-1.0,-0.1,-1.0,-0.1
3,NONE,-1.0,-0.1,-1.0,-0.1
3,NONE,-1.0,-0.1,-1.0,-0.1
3,NONE,-1.0,-0.1,-1.0,-0.1
3,NONE,-1.0,-0.1,-1.0,-0.1
3,NONE,-1.0,-0.1,-1.0,-0.1
3,NONE,-1.0,-0.1,-1.0,-0.1
3,NONE,-1.0,-0.1,-1.0,-0.1
3,NONE,-1.0,-0.1,-1.0,-0.1
3,NONE,-1.0,-0.1,-1.0,-0.1
3,NONE,-1.0,-0.1,-1.0,-0.1
3,NONE,-1.0,-0.1,-1.0,-0.1
3,NONE,-1.0,-0.1,-1.0,-0.1
3,NONE,-1.0,-0.1,-1.0,-0.1
3,NONE,-1.0,-0.1,-1.0,-0.1
3,NONE,-1.0,-0.1,-1.0,-0.1
3,NONE,-1.0,-0.1,-1.0,-0.1
3,NONE,-1.0,-0.1,-1.0,-0.1
3,NONE,-1.0,-0.1,-1.0,-0.1
3,NONE,-1.0,-0.1,-1.0,-0.1
3,NONE,-1.0,-0.1,-1.0,-0.1
3,NONE,-1.0,-0.1,-1.0,-0.1
3,NONE,-1.0,-0.1,-1.0,-0.1
2,EV_B07_C030_Mototaxi_Electrica,-1.0,-0.1,8.0,39.34212214167301
1,EV_B07_C030_Mototaxi_Electrica,6.0,80.35676251046337,-1.0,39.34212214167301
1,EV_B07_C030_Mototaxi_Electrica,5.0,80.35676251046337,-1.0,39.34212214167301
1,EV_B07_C030_Mototaxi_Electrica,4.0,80.35676251046337,-1.0,39.34212214167301
1,EV_B07_C030_Mototaxi_Electrica,3.0,80.35676251046337,-1.0,39.34212214167301
1,EV_B07_C030_Mototaxi_Electrica,2.0,80.35676251046337,-1.0,39.34212214167301
1,EV_B07_C030_Mototaxi_Electrica,1.0,80.35676251046337,-1.0,39.34212214167301
1,EV_B07_C030_Mototaxi_Electrica,0.0,80.35676251046337,-1.0,39.34212214167301
3,NONE,-1.0,-0.1,-1.0,-0.1
3,NONE,-1.0,-0.1,-1.0,-0.1
3,NONE,-1.0,-0.1,-1.0,-0.1
3,NONE,-1.0,-0.1,-1.0,-0.1
3,NONE,-1.0,-0.1,-1.0,-0.1
3,NONE,-1.0,-0.1,-1.0,-0.1
3,NONE,-1.0,-0.1,-1.0,-0.1
3,NONE,-1.0,-0.1,-1.0,-0.1
3,NONE,-1.0,-0.1,-1.0,-0.1
3,NONE,-1.0,-0.1,-1.0,-0.1
3,NONE,-1.0,-0.1,-1.0,-0.1
3,NONE,-1.0,-0.1,-1.0,-0.1
3,NONE,-1.0,-0.1,-1.0,-0.1
3,NONE,-1.0,-0.1,-1.0,-0.1
3,NONE,-1.0,-0.1,-1.0,-0.1
2,EV_B07_C030_Mototaxi_Electrica,-1.0,-0.1,7.0,35.96441210935493
1,EV_B07_C030_Mototaxi_Electrica,7.0,82.81388450477492,-1.0,35.96441210935493
1,EV_B07_C030_Mototaxi_Electrica,6.0,82.81388450477492,-1.0,35.96441210935493
1,EV_B07_C030_Mototaxi_Electrica,5.0,82.81388450477492,-1.0,35.96441210935493
1,EV_B07_C030_Mototaxi_Electrica,4.0,82.81388450477492,-1.0,35.96441210935493
1,EV_B07_C030_Mototaxi_Electrica,3.0,82.81388450477492,-1.0,35.96441210935493
1,EV_B07_C030_Mototaxi_Electrica,2.0,82.81388450477492,-1.0,35.96441210935493
1,EV_B07_C030_Mototaxi_Electrica,1.0,82.81388450477492,-1.0,35.96441210935493
1,EV_B07_C030_Mototaxi_Electrica,0.0,82.81388450477492,-1.0,35.96441210935493
3,NONE,-1.0,-0.1,-1.0,-0.1
3,NONE,-1.0,-0.1,-1.0,-0.1
3,NONE,-1.0,-0.1,-1.0,-0.1
3,NONE,-1.0,-0.1,-1.0,-0.1
3,NONE,-1.0,-0.1,-1.0,-0.1
3,NONE,-1.0,-0.1,-1.0,-0.1
3,NONE,-1.0,-0.1,-1.0,-0.1
3,NONE,-1.0,-0.1,-1.0,-0.1
3,NONE,-1.0,-0.1,-1.0,-0.1
3,NONE,-1.0,-0.1,-1.0,-0.1
3,NONE,-1.0,-0.1,-1.0,-0.1
3,NONE,-1.0,-0.1,-1.0,-0.1
3,NONE,-1.0,-0.1,-1.0,-0.1
3,NONE,-1.0,-0.1,-1.0,-0.1
3,NONE,-1.0,-0.1,-1.0,-0.1
3,NONE,-1.0,-0.1,-1.0,-0.1
3,NONE,-1.0,-0.1,-1.0,-0.1
3,NONE,-1.0,-0.1,-1.0,-0.1
3,NONE,-1.0,-0.1,-1.0,-0.1
3,NONE,-1.0,-0.1,-1.0,-0.1
3,NONE,-1.0,-0.1,-1.0,-0.1
3,NONE,-1.0,-0.1,-1.0,-0.1
3,NONE,-1.0,-0.1,-1.0,-0.1
3,NONE,-1.0,-0.1,-1.0,-0.1
3,NONE,-1.0,-0.1,-1.0,-0.1
3,NONE,-1.0,-0.1,-1.0,-0.1
3,NONE,-1.0,-0.1,-1.0,-0.1
3,NONE,-1.0,-0.1,-1.0,-0.1
3,NONE,-1.0,-0.1,-1.0,-0.1
3,NONE,-1.0,-0.1,-1.0,-0.1
3,NONE,-1.0,-0.1,-1.0,-0.1
3,NONE,-1.0,-0.1,-1.0,-0.1
3,NONE,-1.0,-0.1,-1.0,-0.1
3,NONE,-1.0,-0.1,-1.0,-0.1
3,NONE,-1.0,-0.1,-1.0,-0.1
3,NONE,-1.0,-0.1,-1.0,-0.1
3,NONE,-1.0,-0.1,-1.0,-0.1
3,NONE,-1.0,-0.1,-1.0,-0.1
3,NONE,-1.0,-0.1,-1.0,-0.1
3,NONE,-1.0,-0.1,-1.0,-0.1
3,NONE,-1.0,-0.1,-1.0,-0.1
3,NONE,-1.0,-0.1,-1.0,-0.1
3,NONE,-1.0,-0.1,-1.0,-0.1
3,NONE,-1.0,-0.1,-1.0,-0.1
3,NONE,-1.0,-0.1,-1.0,-0.1
3,NONE,-1.0,-0.1,-1.0,-0.1
3,NONE,-1.0,-0.1,-1.0,-0.1
3,NONE,-1.0,-0.1,-1.0,-0.1
3,NONE,-1.0,-0.1,-1.0,-0.1
3,NONE,-1.0,-0.1,-1.0,-0.1
3,NONE,-1.0,-0.1,-1.0,-0.1
3,NONE,-1.0,-0.1,-1.0,-0.1
3,NONE,-1.0,-0.1,-1.0,-0.1
3,NONE,-1.0,-0.1,-1.0,-0.1
3,NONE,-1.0,-0.1,-1.0,-0.1
3,NONE,-1.0,-0.1,-1.0,-0.1
3,NONE,-1.0,-0.1,-1.0,-0.1
3,NONE,-1.0,-0.1,-1.0,-0.1
3,NONE,-1.0,-0.1,-1.0,-0.1
3,NONE,-1.0,-0.1,-1.0,-0.1
3,NONE,-1.0,-0.1,-1.0,-0.1
3,NONE,-1.0,-0.1,-1.0,-0.1
3,NONE,-1.0,-0.1,-1.0,-0.1
3,NONE,-1.0,-0.1,-1.0,-0.1
3,NONE,-1.0,-0.1,-1.0,-0.1
3,NONE,-1.0,-0.1,-1.0,-0.1
2,EV_B07_C030_Mototaxi_Electrica,-1.0,-0.1,10.0,25.767399829299173
1,EV_B07_C030_Mototaxi_Electrica,4.0,84.85961996893103,-1.0,25.767399829299173
1,EV_B07_C030_Mototaxi_Electrica,3.0,84.85961996893103,-1.0,25.767399829299173
1,EV_B07_C030_Mototaxi_Electrica,2.0,84.85961996893103,-1.0,25.767399829299173
1,EV_B07_C030_Mototaxi_Electrica,1.0,84.85961996893103,-1.0,25.767399829299173
1,EV_B07_C030_Mototaxi_Electrica,0.0,84.85961996893103,-1.0,25.767399829299173
3,NONE,-1.0,-0.1,-1.0,-0.1
3,NONE,-1.0,-0.1,-1.0,-0.1
3,NONE,-1.0,-0.1,-1.0,-0.1
3,NONE,-1.0,-0.1,-1.0,-0.1
3,NONE,-1.0,-0.1,-1.0,-0.1
3,NONE,-1.0,-0.1,-1.0,-0.1
3,NONE,-1.0,-0.1,-1.0,-0.1
3,NONE,-1.0,-0.1,-1.0,-0.1
3,NONE,-1.0,-0.1,-1.0,-0.1
3,NONE,-1.0,-0.1,-1.0,-0.1
3,NONE,-1.0,-0.1,-1.0,-0.1
3,NONE,-1.0,-0.1,-1.0,-0.1
3,NONE,-1.0,-0.1,-1.0,-0.1
3,NONE,-1.0,-0.1,-1.0,-0.1
3,NONE,-1.0,-0.1,-1.0,-0.1
3,NONE,-1.0,-0.1,-1.0,-0.1
3,NONE,-1.0,-0.1,-1.0,-0.1
3,NONE,-1.0,-0.1,-1.0,-0.1
3,NONE,-1.0,-0.1,-1.0,-0.1
3,NONE,-1.0,-0.1,-1.0,-0.1
3,NONE,-1.0,-0.1,-1.0,-0.1
3,NONE,-1.0,-0.1,-1.0,-0.1
3,NONE,-1.0,-0.1,-1.0,-0.1
3,NONE,-1.0,-0.1,-1.0,-0.1
3,NONE,-1.0,-0.1,-1.0,-0.1
3,NONE,-1.0,-0.1,-1.0,-0.1
3,NONE,-1.0,-0.1,-1.0,-0.1
3,NONE,-1.0,-0.1,-1.0,-0.1
3,NONE,-1.0,-0.1,-1.0,-0.1
3,NONE,-1.0,-0.1,-1.0,-0.1
3,NONE,-1.0,-0.1,-1.0,-0.1
3,NONE,-1.0,-0.1,-1.0,-0.1
3,NONE,-1.0,-0.1,-1.0,-0.1
3,NONE,-1.0,-0.1,-1.0,-0.1
3,NONE,-1.0,-0.1,-1.0,-0.1
3,NONE,-1.0,-0.1,-1.0,-0.1
3,NONE,-1.0,-0.1,-1.0,-0.1
3,NONE,-1.0,-0.1,-1.0,-0.1
3,NONE,-1.0,-0.1,-1.0,-0.1
3,NONE,-1.0,-0.1,-1.0,-0.1
3,NONE,-1.0,-0.1,-1.0,-0.1
3,NONE,-1.0,-0.1,-1.0,-0.1
3,NONE,-1.0,-0.1,-1.0,-0.1
3,NONE,-1.0,-0.1,-1.0,-0.1
3,NONE,-1.0,-0.1,-1.0,-0.1
3,NONE,-1.0,-0.1,-1.0,-0.1
3,NONE,-1.0,-0.1,-1.0,-0.1
3,NONE,-1.0,-0.1,-1.0,-0.1
3,NONE,-1.0,-0.1,-1.0,-0.1
3,NONE,-1.0,-0.1,-1.0,-0.1
3,NONE,-1.0,-0.1,-1.0,-0.1
3,NONE,-1.0,-0.1,-1.0,-0.1
3,NONE,-1.0,-0.1,-1.0,-0.1
3,NONE,-1.0,-0.1,-1.0,-0.1
3,NONE,-1.0,-0.1,-1.0,-0.1
3,NONE,-1.0,-0.1,-1.0,-0.1
3,NONE,-1.0,-0.1,-1.0,-0.1
3,NONE,-1.0,-0.1,-1.0,-0.1
3,NONE,-1.0,-0.1,-1.0,-0.1
3,NONE,-1.0,-0.1,-1.0,-0.1
3,NONE,-1.0,-0.1,-1.0,-0.1
3,NONE,-1.0,-0.1,-1.0,-0.1
3,NONE,-1.0,-0.1,-1.0,-0.1
3,NONE,-1.0,-0.1,-1.0,-0.1
3,NONE,-1.0,-0.1,-1.0,-0.1
2,EV_B07_C030_Mototaxi_Electrica,-1.0,-0.1,9.0,44.80926558065658
1,EV_B07_C030_Mototaxi_Electrica,5.0,71.41148880888579,-1.0,44.80926558065658
1,EV_B07_C030_Mototaxi_Electrica,4.0,71.41148880888579,-1.0,44.80926558065658
1,EV_B07_C030_Mototaxi_Electrica,3.0,71.41148880888579,-1.0,44.80926558065658
1,EV_B07_C030_Mototaxi_Electrica,2.0,71.41148880888579,-1.0,44.80926558065658
1,EV_B07_C030_Mototaxi_Electrica,1.0,71.41148880888579,-1.0,44.80926558065658
1,EV_B07_C030_Mototaxi_Electrica,0.0,71.41148880888579,-1.0,44.80926558065658
3,NONE,-1.0,-0.1,-1.0,-0.1
3,NONE,-1.0,-0.1,-1.0,-0.1
3,NONE,-1.0,-0.1,-1.0,-0.1
3,NONE,-1.0,-0.1,-1.0,-0.1
3,NONE,-1.0,-0.1,-1.0,-0.1
3,NONE,-1.0,-0.1,-1.0,-0.1
3,NONE,-1.0,-0.1,-1.0,-0.1
3,NONE,-1.0,-0.1,-1.0,-0.1
3,NONE,-1.0,-0.1,-1.0,-0.1
3,NONE,-1.0,-0.1,-1.0,-0.1
3,NONE,-1.0,-0.1,-1.0,-0.1
3,NONE,-1.0,-0.1,-1.0,-0.1
3,NONE,-1.0,-0.1,-1.0,-0.1
3,NONE,-1.0,-0.1,-1.0,-0.1
3,NONE,-1.0,-0.1,-1.0,-0.1
3,NONE,-1.0,-0.1,-1.0,-0.1
3,NONE,-1.0,-0.1,-1.0,-0.1
3,NONE,-1.0,-0.1,-1.0,-0.1
3,NONE,-1.0,-0.1,-1.0,-0.1
3,NONE,-1.0,-0.1,-1.0,-0.1
3,NONE,-1.0,-0.1,-1.0,-0.1
3,NONE,-1.0,-0.1,-1.0,-0.1
3,NONE,-1.0,-0.1,-1.0,-0.1
3,NONE,-1.0,-0.1,-1.0,-0.1
3,NONE,-1.0,-0.1,-1.0,-0.1
3,NONE,-1.0,-0.1,-1.0,-0.1
3,NONE,-1.0,-0.1,-1.0,-0.1
3,NONE,-1.0,-0.1,-1.0,-0.1
3,NONE,-1.0,-0.1,-1.0,-0.1
3,NONE,-1.0,-0.1,-1.0,-0.1
3,NONE,-1.0,-0.1,-1.0,-0.1
3,NONE,-1.0,-0.1,-1.0,-0.1
3,NONE,-1.0,-0.1,-1.0,-0.1
3,NONE,-1.0,-0.1,-1.0,-0.1
3,NONE,-1.0,-0.1,-1.0,-0.1
3,NONE,-1.0,-0.1,-1.0,-0.1
3,NONE,-1.0,-0.1,-1.0,-0.1
3,NONE,-1.0,-0.1,-1.0,-0.1
3,NONE,-1.0,-0.1,-1.0,-0.1
3,NONE,-1.0,-0.1,-1.0,-0.1
3,NONE,-1.0,-0.1,-1.0,-0.1
3,NONE,-1.0,-0.1,-1.0,-0.1
3,NONE,-1.0,-0.1,-1.0,-0.1
3,NONE,-1.0,-0.1,-1.0,-0.1
3,NONE,-1.0,-0.1,-1.0,-0.1
3,NONE,-1.0,-0.1,-1.0,-0.1
3,NONE,-1.0,-0.1,-1.0,-0.1
3,NONE,-1.0,-0.1,-1.0,-0.1
3,NONE,-1.0,-0.1,-1.0,-0.1
3,NONE,-1.0,-0.1,-1.0,-0.1
3,NONE,-1.0,-0.1,-1.0,-0.1
3,NONE,-1.0,-0.1,-1.0,-0.1
3,NONE,-1.0,-0.1,-1.0,-0.1
3,NONE,-1.0,-0.1,-1.0,-0.1
3,NONE,-1.0,-0.1,-1.0,-0.1
3,NONE,-1.0,-0.1,-1.0,-0.1
3,NONE,-1.0,-0.1,-1.0,-0.1
3,NONE,-1.0,-0.1,-1.0,-0.1
3,NONE,-1.0,-0.1,-1.0,-0.1
3,NONE,-1.0,-0.1,-1.0,-0.1
3,NONE,-1.0,-0.1,-1.0,-0.1
3,NONE,-1.0,-0.1,-1.0,-0.1
3,NONE,-1.0,-0.1,-1.0,-0.1
3,NONE,-1.0,-0.1,-1.0,-0.1
3,NONE,-1.0,-0.1,-1.0,-0.1
3,NONE,-1.0,-0.1,-1.0,-0.1
3,NONE,-1.0,-0.1,-1.0,-0.1
3,NONE,-1.0,-0.1,-1.0,-0.1
3,NONE,-1.0,-0.1,-1.0,-0.1
3,NONE,-1.0,-0.1,-1.0,-0.1
3,NONE,-1.0,-0.1,-1.0,-0.1
3,NONE,-1.0,-0.1,-1.0,-0.1
3,NONE,-1.0,-0.1,-1.0,-0.1
3,NONE,-1.0,-0.1,-1.0,-0.1
3,NONE,-1.0,-0.1,-1.0,-0.1
3,NONE,-1.0,-0.1,-1.0,-0.1
3,NONE,-1.0,-0.1,-1.0,-0.1
3,NONE,-1.0,-0.1,-1.0,-0.1
3,NONE,-1.0,-0.1,-1.0,-0.1
3,NONE,-1.0,-0.1,-1.0,-0.1
3,NONE,-1.0,-0.1,-1.0,-0.1
3,NONE,-1.0,-0.1,-1.0,-0.1
3,NONE,-1.0,-0.1,-1.0,-0.1
3,NONE,-1.0,-0.1,-1.0,-0.1
3,NONE,-1.0,-0.1,-1.0,-0.1
3,NONE,-1.0,-0.1,-1.0,-0.1
3,NONE,-1.0,-0.1,-1.0,-0.1
3,NONE,-1.0,-0.1,-1.0,-0.1
3,NONE,-1.0,-0.1,-1.0,-0.1
2,EV_B07_C030_Mototaxi_Electrica,-1.0,-0.1,9.0,23.631000806955427
1,EV_B07_C030_Mototaxi_Electrica,5.0,81.45669317269682,-1.0,23.631000806955427
1,EV_B07_C030_Mototaxi_Electrica,4.0,81.45669317269682,-1.0,23.631000806955427
1,EV_B07_C030_Mototaxi_Electrica,3.0,81.45669317269682,-1.0,23.631000806955427
1,EV_B07_C030_Mototaxi_Electrica,2.0,81.45669317269682,-1.0,23.631000806955427
1,EV_B07_C030_Mototaxi_Electrica,1.0,81.45669317269682,-1.0,23.631000806955427
1,EV_B07_C030_Mototaxi_Electrica,0.0,81.45669317269682,-1.0,23.631000806955427
3,NONE,-1.0,-0.1,-1.0,-0.1
3,NONE,-1.0,-0.1,-1.0,-0.1
3,NONE,-1.0,-0.1,-1.0,-0.1
3,NONE,-1.0,-0.1,-1.0,-0.1
3,NONE,-1.0,-0.1,-1.0,-0.1
3,NONE,-1.0,-0.1,-1.0,-0.1
3,NONE,-1.0,-0.1,-1.0,-0.1
3,NONE,-1.0,-0.1,-1.0,-0.1
3,NONE,-1.0,-0.1,-1.0,-0.1
3,NONE,-1.0,-0.1,-1.0,-0.1
3,NONE,-1.0,-0.1,-1.0,-0.1
3,NONE,-1.0,-0.1,-1.0,-0.1
3,NONE,-1.0,-0.1,-1.0,-0.1
3,NONE,-1.0,-0.1,-1.0,-0.1
3,NONE,-1.0,-0.1,-1.0,-0.1
3,NONE,-1.0,-0.1,-1.0,-0.1
3,NONE,-1.0,-0.1,-1.0,-0.1
3,NONE,-1.0,-0.1,-1.0,-0.1
3,NONE,-1.0,-0.1,-1.0,-0.1
3,NONE,-1.0,-0.1,-1.0,-0.1
3,NONE,-1.0,-0.1,-1.0,-0.1
3,NONE,-1.0,-0.1,-1.0,-0.1
3,NONE,-1.0,-0.1,-1.0,-0.1
3,NONE,-1.0,-0.1,-1.0,-0.1
3,NONE,-1.0,-0.1,-1.0,-0.1
3,NONE,-1.0,-0.1,-1.0,-0.1
3,NONE,-1.0,-0.1,-1.0,-0.1
3,NONE,-1.0,-0.1,-1.0,-0.1
3,NONE,-1.0,-0.1,-1.0,-0.1
3,NONE,-1.0,-0.1,-1.0,-0.1
3,NONE,-1.0,-0.1,-1.0,-0.1
3,NONE,-1.0,-0.1,-1.0,-0.1
3,NONE,-1.0,-0.1,-1.0,-0.1
3,NONE,-1.0,-0.1,-1.0,-0.1
3,NONE,-1.0,-0.1,-1.0,-0.1
3,NONE,-1.0,-0.1,-1.0,-0.1
3,NONE,-1.0,-0.1,-1.0,-0.1
3,NONE,-1.0,-0.1,-1.0,-0.1
3,NONE,-1.0,-0.1,-1.0,-0.1
3,NONE,-1.0,-0.1,-1.0,-0.1
3,NONE,-1.0,-0.1,-1.0,-0.1
3,NONE,-1.0,-0.1,-1.0,-0.1
2,EV_B07_C030_Mototaxi_Electrica,-1.0,-0.1,10.0,39.935941142462205
1,EV_B07_C030_Mototaxi_Electrica,4.0,85.4812323919099,-1.0,39.935941142462205
1,EV_B07_C030_Mototaxi_Electrica,3.0,85.4812323919099,-1.0,39.935941142462205
1,EV_B07_C030_Mototaxi_Electrica,2.0,85.4812323919099,-1.0,39.935941142462205
1,EV_B07_C030_Mototaxi_Electrica,1.0,85.4812323919099,-1.0,39.935941142462205
1,EV_B07_C030_Mototaxi_Electrica,0.0,85.4812323919099,-1.0,39.935941142462205
3,NONE,-1.0,-0.1,-1.0,-0.1
3,NONE,-1.0,-0.1,-1.0,-0.1
3,NONE,-1.0,-0.1,-1.0,-0.1
3,NONE,-1.0,-0.1,-1.0,-0.1
3,NONE,-1.0,-0.1,-1.0,-0.1
3,NONE,-1.0,-0.1,-1.0,-0.1
3,NONE,-1.0,-0.1,-1.0,-0.1
3,NONE,-1.0,-0.1,-1.0,-0.1
3,NONE,-1.0,-0.1,-1.0,-0.1
3,NONE,-1.0,-0.1,-1.0,-0.1
3,NONE,-1.0,-0.1,-1.0,-0.1
3,NONE,-1.0,-0.1,-1.0,-0.1
3,NONE,-1.0,-0.1,-1.0,-0.1
3,NONE,-1.0,-0.1,-1.0,-0.1
3,NONE,-1.0,-0.1,-1.0,-0.1
3,NONE,-1.0,-0.1,-1.0,-0.1
3,NONE,-1.0,-0.1,-1.0,-0.1
3,NONE,-1.0,-0.1,-1.0,-0.1
3,NONE,-1.0,-0.1,-1.0,-0.1
3,NONE,-1.0,-0.1,-1.0,-0.1
3,NONE,-1.0,-0.1,-1.0,-0.1
3,NONE,-1.0,-0.1,-1.0,-0.1
3,NONE,-1.0,-0.1,-1.0,-0.1
3,NONE,-1.0,-0.1,-1.0,-0.1
3,NONE,-1.0,-0.1,-1.0,-0.1
3,NONE,-1.0,-0.1,-1.0,-0.1
3,NONE,-1.0,-0.1,-1.0,-0.1
3,NONE,-1.0,-0.1,-1.0,-0.1
3,NONE,-1.0,-0.1,-1.0,-0.1
3,NONE,-1.0,-0.1,-1.0,-0.1
3,NONE,-1.0,-0.1,-1.0,-0.1
3,NONE,-1.0,-0.1,-1.0,-0.1
3,NONE,-1.0,-0.1,-1.0,-0.1
3,NONE,-1.0,-0.1,-1.0,-0.1
3,NONE,-1.0,-0.1,-1.0,-0.1
3,NONE,-1.0,-0.1,-1.0,-0.1
3,NONE,-1.0,-0.1,-1.0,-0.1
3,NONE,-1.0,-0.1,-1.0,-0.1
3,NONE,-1.0,-0.1,-1.0,-0.1
3,NONE,-1.0,-0.1,-1.0,-0.1
3,NONE,-1.0,-0.1,-1.0,-0.1
3,NONE,-1.0,-0.1,-1.0,-0.1
3,NONE,-1.0,-0.1,-1.0,-0.1
3,NONE,-1.0,-0.1,-1.0,-0.1
3,NONE,-1.0,-0.1,-1.0,-0.1
3,NONE,-1.0,-0.1,-1.0,-0.1
3,NONE,-1.0,-0.1,-1.0,-0.1
3,NONE,-1.0,-0.1,-1.0,-0.1
3,NONE,-1.0,-0.1,-1.0,-0.1
3,NONE,-1.0,-0.1,-1.0,-0.1
3,NONE,-1.0,-0.1,-1.0,-0.1
3,NONE,-1.0,-0.1,-1.0,-0.1
3,NONE,-1.0,-0.1,-1.0,-0.1
3,NONE,-1.0,-0.1,-1.0,-0.1
3,NONE,-1.0,-0.1,-1.0,-0.1
3,NONE,-1.0,-0.1,-1.0,-0.1
3,NONE,-1.0,-0.1,-1.0,-0.1
3,NONE,-1.0,-0.1,-1.0,-0.1
3,NONE,-1.0,-0.1,-1.0,-0.1
3,NONE,-1.0,-0.1,-1.0,-0.1
3,NONE,-1.0,-0.1,-1.0,-0.1
3,NONE,-1.0,-0.1,-1.0,-0.1
3,NONE,-1.0,-0.1,-1.0,-0.1
3,NONE,-1.0,-0.1,-1.0,-0.1
3,NONE,-1.0,-0.1,-1.0,-0.1
3,NONE,-1.0,-0.1,-1.0,-0.1
3,NONE,-1.0,-0.1,-1.0,-0.1
3,NONE,-1.0,-0.1,-1.0,-0.1
3,NONE,-1.0,-0.1,-1.0,-0.1
3,NONE,-1.0,-0.1,-1.0,-0.1
3,NONE,-1.0,-0.1,-1.0,-0.1
3,NONE,-1.0,-0.1,-1.0,-0.1
3,NONE,-1.0,-0.1,-1.0,-0.1
3,NONE,-1.0,-0.1,-1.0,-0.1
3,NONE,-1.0,-0.1,-1.0,-0.1
3,NONE,-1.0,-0.1,-1.0,-0.1
3,NONE,-1.0,-0.1,-1.0,-0.1
3,NONE,-1.0,-0.1,-1.0,-0.1
3,NONE,-1.0,-0.1,-1.0,-0.1
3,NONE,-1.0,-0.1,-1.0,-0.1
3,NONE,-1.0,-0.1,-1.0,-0.1
3,NONE,-1.0,-0.1,-1.0,-0.1
3,NONE,-1.0,-0.1,-1.0,-0.1
3,NONE,-1.0,-0.1,-1.0,-0.1
3,NONE,-1.0,-0.1,-1.0,-0.1
3,NONE,-1.0,-0.1,-1.0,-0.1
3,NONE,-1.0,-0.1,-1.0,-0.1
3,NONE,-1.0,-0.1,-1.0,-0.1
3,NONE,-1.0,-0.1,-1.0,-0.1
3,NONE,-1.0,-0.1,-1.0,-0.1
3,NONE,-1.0,-0.1,-1.0,-0.1
3,NONE,-1.0,-0.1,-1.0,-0.1
3,NONE,-1.0,-0.1,-1.0,-0.1
3,NONE,-1.0,-0.1,-1.0,-0.1
3,NONE,-1.0,-0.1,-1.0,-0.1
3,NONE,-1.0,-0.1,-1.0,-0.1
3,NONE,-1.0,-0.1,-1.0,-0.1
3,NONE,-1.0,-0.1,-1.0,-0.1
3,NONE,-1.0,-0.1,-1.0,-0.1
3,NONE,-1.0,-0.1,-1.0,-0.1
3,NONE,-1.0,-0.1,-1.0,-0.1
3,NONE,-1.0,-0.1,-1.0,-0.1
3,NONE,-1.0,-0.1,-1.0,-0.1
3,NONE,-1.0,-0.1,-1.0,-0.1
3,NONE,-1.0,-0.1,-1.0,-0.1
3,NONE,-1.0,-0.1,-1.0,-0.1
3,NONE,-1.0,-0.1,-1.0,-0.1
3,NONE,-1.0,-0.1,-1.0,-0.1
3,NONE,-1.0,-0.1,-1.0,-0.1
3,NONE,-1.0,-0.1,-1.0,-0.1
3,NONE,-1.0,-0.1,-1.0,-0.1
3,NONE,-1.0,-0.1,-1.0,-0.1
3,NONE,-1.0,-0.1,-1.0,-0.1
3,NONE,-1.0,-0.1,-1.0,-0.1
3,NONE,-1.0,-0.1,-1.0,-0.1
3,NONE,-1.0,-0.1,-1.0,-0.1
3,NONE,-1.0,-0.1,-1.0,-0.1
3,NONE,-1.0,-0.1,-1.0,-0.1
3,NONE,-1.0,-0.1,-1.0,-0.1
3,NONE,-1.0,-0.1,-1.0,-0.1
3,NONE,-1.0,-0.1,-1.0,-0.1
3,NONE,-1.0,-0.1,-1.0,-0.1
3,NONE,-1.0,-0.1,-1.0,-0.1
3,NONE,-1.0,-0.1,-1.0,-0.1
3,NONE,-1.0,-0.1,-1.0,-0.1
3,NONE,-1.0,-0.1,-1.0,-0.1
3,NONE,-1.0,-0.1,-1.0,-0.1
3,NONE,-1.0,-0.1,-1.0,-0.1
3,NONE,-1.0,-0.1,-1.0,-0.1
3,NONE,-1.0,-0.1,-1.0,-0.1
3,NONE,-1.0,-0.1,-1.0,-0.1
3,NONE,-1.0,-0.1,-1.0,-0.1
3,NONE,-1.0,-0.1,-1.0,-0.1
3,NONE,-1.0,-0.1,-1.0,-0.1
3,NONE,-1.0,-0.1,-1.0,-0.1
2,EV_B07_C030_Mototaxi_Electrica,-1.0,-0.1,7.0,31.814896645045117
1,EV_B07_C030_Mototaxi_Electrica,7.0,91.95567217117005,-1.0,31.814896645045117
1,EV_B07_C030_Mototaxi_Electrica,6.0,91.95567217117005,-1.0,31.814896645045117
1,EV_B07_C030_Mototaxi_Electrica,5.0,91.95567217117005,-1.0,31.814896645045117
1,EV_B07_C030_Mototaxi_Electrica,4.0,91.95567217117005,-1.0,31.814896645045117
1,EV_B07_C030_Mototaxi_Electrica,3.0,91.95567217117005,-1.0,31.814896645045117
1,EV_B07_C030_Mototaxi_Electrica,2.0,91.95567217117005,-1.0,31.814896645045117
1,EV_B07_C030_Mototaxi_Electrica,1.0,91.95567217117005,-1.0,31.814896645045117
1,EV_B07_C030_Mototaxi_Electrica,0.0,91.95567217117005,-1.0,31.814896645045117
3,NONE,-1.0,-0.1,-1.0,-0.1
3,NONE,-1.0,-0.1,-1.0,-0.1
3,NONE,-1.0,-0.1,-1.0,-0.1
3,NONE,-1.0,-0.1,-1.0,-0.1
3,NONE,-1.0,-0.1,-1.0,-0.1
3,NONE,-1.0,-0.1,-1.0,-0.1
3,NONE,-1.0,-0.1,-1.0,-0.1
3,NONE,-1.0,-0.1,-1.0,-0.1
3,NONE,-1.0,-0.1,-1.0,-0.1
3,NONE,-1.0,-0.1,-1.0,-0.1
3,NONE,-1.0,-0.1,-1.0,-0.1
3,NONE,-1.0,-0.1,-1.0,-0.1
3,NONE,-1.0,-0.1,-1.0,-0.1
3,NONE,-1.0,-0.1,-1.0,-0.1
3,NONE,-1.0,-0.1,-1.0,-0.1
3,NONE,-1.0,-0.1,-1.0,-0.1
3,NONE,-1.0,-0.1,-1.0,-0.1
3,NONE,-1.0,-0.1,-1.0,-0.1
3,NONE,-1.0,-0.1,-1.0,-0.1
3,NONE,-1.0,-0.1,-1.0,-0.1
3,NONE,-1.0,-0.1,-1.0,-0.1
3,NONE,-1.0,-0.1,-1.0,-0.1
3,NONE,-1.0,-0.1,-1.0,-0.1
3,NONE,-1.0,-0.1,-1.0,-0.1
3,NONE,-1.0,-0.1,-1.0,-0.1
3,NONE,-1.0,-0.1,-1.0,-0.1
3,NONE,-1.0,-0.1,-1.0,-0.1
3,NONE,-1.0,-0.1,-1.0,-0.1
3,NONE,-1.0,-0.1,-1.0,-0.1
3,NONE,-1.0,-0.1,-1.0,-0.1
3,NONE,-1.0,-0.1,-1.0,-0.1
3,NONE,-1.0,-0.1,-1.0,-0.1
3,NONE,-1.0,-0.1,-1.0,-0.1
3,NONE,-1.0,-0.1,-1.0,-0.1
3,NONE,-1.0,-0.1,-1.0,-0.1
3,NONE,-1.0,-0.1,-1.0,-0.1
3,NONE,-1.0,-0.1,-1.0,-0.1
3,NONE,-1.0,-0.1,-1.0,-0.1
3,NONE,-1.0,-0.1,-1.0,-0.1
3,NONE,-1.0,-0.1,-1.0,-0.1
3,NONE,-1.0,-0.1,-1.0,-0.1
3,NONE,-1.0,-0.1,-1.0,-0.1
3,NONE,-1.0,-0.1,-1.0,-0.1
3,NONE,-1.0,-0.1,-1.0,-0.1
3,NONE,-1.0,-0.1,-1.0,-0.1
3,NONE,-1.0,-0.1,-1.0,-0.1
3,NONE,-1.0,-0.1,-1.0,-0.1
3,NONE,-1.0,-0.1,-1.0,-0.1
3,NONE,-1.0,-0.1,-1.0,-0.1
3,NONE,-1.0,-0.1,-1.0,-0.1
3,NONE,-1.0,-0.1,-1.0,-0.1
3,NONE,-1.0,-0.1,-1.0,-0.1
3,NONE,-1.0,-0.1,-1.0,-0.1
3,NONE,-1.0,-0.1,-1.0,-0.1
3,NONE,-1.0,-0.1,-1.0,-0.1
3,NONE,-1.0,-0.1,-1.0,-0.1
3,NONE,-1.0,-0.1,-1.0,-0.1
3,NONE,-1.0,-0.1,-1.0,-0.1
3,NONE,-1.0,-0.1,-1.0,-0.1
3,NONE,-1.0,-0.1,-1.0,-0.1
3,NONE,-1.0,-0.1,-1.0,-0.1
3,NONE,-1.0,-0.1,-1.0,-0.1
3,NONE,-1.0,-0.1,-1.0,-0.1
3,NONE,-1.0,-0.1,-1.0,-0.1
3,NONE,-1.0,-0.1,-1.0,-0.1
3,NONE,-1.0,-0.1,-1.0,-0.1
3,NONE,-1.0,-0.1,-1.0,-0.1
3,NONE,-1.0,-0.1,-1.0,-0.1
3,NONE,-1.0,-0.1,-1.0,-0.1
3,NONE,-1.0,-0.1,-1.0,-0.1
3,NONE,-1.0,-0.1,-1.0,-0.1
3,NONE,-1.0,-0.1,-1.0,-0.1
3,NONE,-1.0,-0.1,-1.0,-0.1
3,NONE,-1.0,-0.1,-1.0,-0.1
3,NONE,-1.0,-0.1,-1.0,-0.1
3,NONE,-1.0,-0.1,-1.0,-0.1
3,NONE,-1.0,-0.1,-1.0,-0.1
3,NONE,-1.0,-0.1,-1.0,-0.1
3,NONE,-1.0,-0.1,-1.0,-0.1
3,NONE,-1.0,-0.1,-1.0,-0.1
3,NONE,-1.0,-0.1,-1.0,-0.1
3,NONE,-1.0,-0.1,-1.0,-0.1
3,NONE,-1.0,-0.1,-1.0,-0.1
3,NONE,-1.0,-0.1,-1.0,-0.1
3,NONE,-1.0,-0.1,-1.0,-0.1
3,NONE,-1.0,-0.1,-1.0,-0.1
3,NONE,-1.0,-0.1,-1.0,-0.1
3,NONE,-1.0,-0.1,-1.0,-0.1
3,NONE,-1.0,-0.1,-1.0,-0.1
3,NONE,-1.0,-0.1,-1.0,-0.1
3,NONE,-1.0,-0.1,-1.0,-0.1
3,NONE,-1.0,-0.1,-1.0,-0.1
3,NONE,-1.0,-0.1,-1.0,-0.1
3,NONE,-1.0,-0.1,-1.0,-0.1
3,NONE,-1.0,-0.1,-1.0,-0.1
3,NONE,-1.0,-0.1,-1.0,-0.1
3,NONE,-1.0,-0.1,-1.0,-0.1
3,NONE,-1.0,-0.1,-1.0,-0.1
3,NONE,-1.0,-0.1,-1.0,-0.1
3,NONE,-1.0,-0.1,-1.0,-0.1
3,NONE,-1.0,-0.1,-1.0,-0.1
3,NONE,-1.0,-0.1,-1.0,-0.1
3,NONE,-1.0,-0.1,-1.0,-0.1
3,NONE,-1.0,-0.1,-1.0,-0.1
3,NONE,-1.0,-0.1,-1.0,-0.1
3,NONE,-1.0,-0.1,-1.0,-0.1
3,NONE,-1.0,-0.1,-1.0,-0.1
3,NONE,-1.0,-0.1,-1.0,-0.1
3,NONE,-1.0,-0.1,-1.0,-0.1
3,NONE,-1.0,-0.1,-1.0,-0.1
3,NONE,-1.0,-0.1,-1.0,-0.1
3,NONE,-1.0,-0.1,-1.0,-0.1
3,NONE,-1.0,-0.1,-1.0,-0.1
3,NONE,-1.0,-0.1,-1.0,-0.1
3,NONE,-1.0,-0.1,-1.0,-0.1
3,NONE,-1.0,-0.1,-1.0,-0.1
3,NONE,-1.0,-0.1,-1.0,-0.1
3,NONE,-1.0,-0.1,-1.0,-0.1
3,NONE,-1.0,-0.1,-1.0,-0.1
3,NONE,-1.0,-0.1,-1.0,-0.1
3,NONE,-1.0,-0.1,-1.0,-0.1
3,NONE,-1.0,-0.1,-1.0,-0.1
3,NONE,-1.0,-0.1,-1.0,-0.1
3,NONE,-1.0,-0.1,-1.0,-0.1
3,NONE,-1.0,-0.1,-1.0,-0.1
3,NONE,-1.0,-0.1,-1.0,-0.1
3,NONE,-1.0,-0.1,-1.0,-0.1
3,NONE,-1.0,-0.1,-1.0,-0.1
3,NONE,-1.0,-0.1,-1.0,-0.1
3,NONE,-1.0,-0.1,-1.0,-0.1
3,NONE,-1.0,-0.1,-1.0,-0.1
3,NONE,-1.0,-0.1,-1.0,-0.1
3,NONE,-1.0,-0.1,-1.0,-0.1
3,NONE,-1.0,-0.1,-1.0,-0.1
3,NONE,-1.0,-0.1,-1.0,-0.1
2,EV_B07_C030_Mototaxi_Electrica,-1.0,-0.1,7.0,42.76957111328011
1,EV_B07_C030_Mototaxi_Electrica,7.0,83.33588093760312,-1.0,42.76957111328011
1,EV_B07_C030_Mototaxi_Electrica,6.0,83.33588093760312,-1.0,42.76957111328011
1,EV_B07_C030_Mototaxi_Electrica,5.0,83.33588093760312,-1.0,42.76957111328011
1,EV_B07_C030_Mototaxi_Electrica,4.0,83.33588093760312,-1.0,42.76957111328011
1,EV_B07_C030_Mototaxi_Electrica,3.0,83.33588093760312,-1.0,42.76957111328011
1,EV_B07_C030_Mototaxi_Electrica,2.0,83.33588093760312,-1.0,42.76957111328011
1,EV_B07_C030_Mototaxi_Electrica,1.0,83.33588093760312,-1.0,42.76957111328011
1,EV_B07_C030_Mototaxi_Electrica,0.0,83.33588093760312,-1.0,42.76957111328011
3,NONE,-1.0,-0.1,-1.0,-0.1
3,NONE,-1.0,-0.1,-1.0,-0.1
3,NONE,-1.0,-0.1,-1.0,-0.1
3,NONE,-1.0,-0.1,-1.0,-0.1
3,NONE,-1.0,-0.1,-1.0,-0.1
3,NONE,-1.0,-0.1,-1.0,-0.1
3,NONE,-1.0,-0.1,-1.0,-0.1
3,NONE,-1.0,-0.1,-1.0,-0.1
3,NONE,-1.0,-0.1,-1.0,-0.1
3,NONE,-1.0,-0.1,-1.0,-0.1
3,NONE,-1.0,-0.1,-1.0,-0.1
3,NONE,-1.0,-0.1,-1.0,-0.1
3,NONE,-1.0,-0.1,-1.0,-0.1
3,NONE,-1.0,-0.1,-1.0,-0.1
3,NONE,-1.0,-0.1,-1.0,-0.1
3,NONE,-1.0,-0.1,-1.0,-0.1
3,NONE,-1.0,-0.1,-1.0,-0.1
3,NONE,-1.0,-0.1,-1.0,-0.1
2,EV_B07_C030_Mototaxi_Electrica,-1.0,-0.1,10.0,30.321067626961682
1,EV_B07_C030_Mototaxi_Electrica,4.0,78.96584898521216,-1.0,30.321067626961682
1,EV_B07_C030_Mototaxi_Electrica,3.0,78.96584898521216,-1.0,30.321067626961682
1,EV_B07_C030_Mototaxi_Electrica,2.0,78.96584898521216,-1.0,30.321067626961682
1,EV_B07_C030_Mototaxi_Electrica,1.0,78.96584898521216,-1.0,30.321067626961682
1,EV_B07_C030_Mototaxi_Electrica,0.0,78.96584898521216,-1.0,30.321067626961682
3,NONE,-1.0,-0.1,-1.0,-0.1
3,NONE,-1.0,-0.1,-1.0,-0.1
3,NONE,-1.0,-0.1,-1.0,-0.1
3,NONE,-1.0,-0.1,-1.0,-0.1
3,NONE,-1.0,-0.1,-1.0,-0.1
3,NONE,-1.0,-0.1,-1.0,-0.1
3,NONE,-1.0,-0.1,-1.0,-0.1
3,NONE,-1.0,-0.1,-1.0,-0.1
3,NONE,-1.0,-0.1,-1.0,-0.1
3,NONE,-1.0,-0.1,-1.0,-0.1
3,NONE,-1.0,-0.1,-1.0,-0.1
3,NONE,-1.0,-0.1,-1.0,-0.1
3,NONE,-1.0,-0.1,-1.0,-0.1
3,NONE,-1.0,-0.1,-1.0,-0.1
3,NONE,-1.0,-0.1,-1.0,-0.1
2,EV_B07_C030_Mototaxi_Electrica,-1.0,-0.1,7.0,39.742416778443264
1,EV_B07_C030_Mototaxi_Electrica,7.0,77.20089533530474,-1.0,39.742416778443264
1,EV_B07_C030_Mototaxi_Electrica,6.0,77.20089533530474,-1.0,39.742416778443264
1,EV_B07_C030_Mototaxi_Electrica,5.0,77.20089533530474,-1.0,39.742416778443264
1,EV_B07_C030_Mototaxi_Electrica,4.0,77.20089533530474,-1.0,39.742416778443264
1,EV_B07_C030_Mototaxi_Electrica,3.0,77.20089533530474,-1.0,39.742416778443264
1,EV_B07_C030_Mototaxi_Electrica,2.0,77.20089533530474,-1.0,39.742416778443264
1,EV_B07_C030_Mototaxi_Electrica,1.0,77.20089533530474,-1.0,39.742416778443264
1,EV_B07_C030_Mototaxi_Electrica,0.0,77.20089533530474,-1.0,39.742416778443264
3,NONE,-1.0,-0.1,-1.0,-0.1
3,NONE,-1.0,-0.1,-1.0,-0.1
3,NONE,-1.0,-0.1,-1.0,-0.1
3,NONE,-1.0,-0.1,-1.0,-0.1
3,NONE,-1.0,-0.1,-1.0,-0.1
3,NONE,-1.0,-0.1,-1.0,-0.1
3,NONE,-1.0,-0.1,-1.0,-0.1
3,NONE,-1.0,-0.1,-1.0,-0.1
3,NONE,-1.0,-0.1,-1.0,-0.1
3,NONE,-1.0,-0.1,-1.0,-0.1
3,NONE,-1.0,-0.1,-1.0,-0.1
3,NONE,-1.0,-0.1,-1.0,-0.1
3,NONE,-1.0,-0.1,-1.0,-0.1
3,NONE,-1.0,-0.1,-1.0,-0.1
3,NONE,-1.0,-0.1,-1.0,-0.1
2,EV_B07_C030_Mototaxi_Electrica,-1.0,-0.1,7.0,59.38704800926754
1,EV_B07_C030_Mototaxi_Electrica,5.0,82.83998413054714,-1.0,59.38704800926754
1,EV_B07_C030_Mototaxi_Electrica,4.0,82.83998413054714,-1.0,59.38704800926754
1,EV_B07_C030_Mototaxi_Electrica,3.0,82.83998413054714,-1.0,59.38704800926754
1,EV_B07_C030_Mototaxi_Electrica,2.0,82.83998413054714,-1.0,59.38704800926754
1,EV_B07_C030_Mototaxi_Electrica,1.0,82.83998413054714,-1.0,59.38704800926754
1,EV_B07_C030_Mototaxi_Electrica,0.0,82.83998413054714,-1.0,59.38704800926754
3,NONE,-1.0,-0.1,-1.0,-0.1
3,NONE,-1.0,-0.1,-1.0,-0.1
3,NONE,-1.0,-0.1,-1.0,-0.1
3,NONE,-1.0,-0.1,-1.0,-0.1
3,NONE,-1.0,-0.1,-1.0,-0.1
3,NONE,-1.0,-0.1,-1.0,-0.1
3,NONE,-1.0,-0.1,-1.0,-0.1
3,NONE,-1.0,-0.1,-1.0,-0.1
3,NONE,-1.0,-0.1,-1.0,-0.1
3,NONE,-1.0,-0.1,-1.0,-0.1
3,NONE,-1.0,-0.1,-1.0,-0.1
3,NONE,-1.0,-0.1,-1.0,-0.1
3,NONE,-1.0,-0.1,-1.0,-0.1
3,NONE,-1.0,-0.1,-1.0,-0.1
3,NONE,-1.0,-0.1,-1.0,-0.1
3,NONE,-1.0,-0.1,-1.0,-0.1
3,NONE,-1.0,-0.1,-1.0,-0.1
3,NONE,-1.0,-0.1,-1.0,-0.1
3,NONE,-1.0,-0.1,-1.0,-0.1
3,NONE,-1.0,-0.1,-1.0,-0.1
3,NONE,-1.0,-0.1,-1.0,-0.1
3,NONE,-1.0,-0.1,-1.0,-0.1
3,NONE,-1.0,-0.1,-1.0,-0.1
3,NONE,-1.0,-0.1,-1.0,-0.1
3,NONE,-1.0,-0.1,-1.0,-0.1
3,NONE,-1.0,-0.1,-1.0,-0.1
3,NONE,-1.0,-0.1,-1.0,-0.1
3,NONE,-1.0,-0.1,-1.0,-0.1
3,NONE,-1.0,-0.1,-1.0,-0.1
3,NONE,-1.0,-0.1,-1.0,-0.1
3,NONE,-1.0,-0.1,-1.0,-0.1
3,NONE,-1.0,-0.1,-1.0,-0.1
3,NONE,-1.0,-0.1,-1.0,-0.1
3,NONE,-1.0,-0.1,-1.0,-0.1
3,NONE,-1.0,-0.1,-1.0,-0.1
3,NONE,-1.0,-0.1,-1.0,-0.1
3,NONE,-1.0,-0.1,-1.0,-0.1
3,NONE,-1.0,-0.1,-1.0,-0.1
3,NONE,-1.0,-0.1,-1.0,-0.1
3,NONE,-1.0,-0.1,-1.0,-0.1
3,NONE,-1.0,-0.1,-1.0,-0.1
3,NONE,-1.0,-0.1,-1.0,-0.1
3,NONE,-1.0,-0.1,-1.0,-0.1
3,NONE,-1.0,-0.1,-1.0,-0.1
3,NONE,-1.0,-0.1,-1.0,-0.1
3,NONE,-1.0,-0.1,-1.0,-0.1
3,NONE,-1.0,-0.1,-1.0,-0.1
3,NONE,-1.0,-0.1,-1.0,-0.1
3,NONE,-1.0,-0.1,-1.0,-0.1
3,NONE,-1.0,-0.1,-1.0,-0.1
3,NONE,-1.0,-0.1,-1.0,-0.1
3,NONE,-1.0,-0.1,-1.0,-0.1
3,NONE,-1.0,-0.1,-1.0,-0.1
3,NONE,-1.0,-0.1,-1.0,-0.1
3,NONE,-1.0,-0.1,-1.0,-0.1
3,NONE,-1.0,-0.1,-1.0,-0.1
3,NONE,-1.0,-0.1,-1.0,-0.1
3,NONE,-1.0,-0.1,-1.0,-0.1
3,NONE,-1.0,-0.1,-1.0,-0.1
3,NONE,-1.0,-0.1,-1.0,-0.1
3,NONE,-1.0,-0.1,-1.0,-0.1
3,NONE,-1.0,-0.1,-1.0,-0.1
3,NONE,-1.0,-0.1,-1.0,-0.1
3,NONE,-1.0,-0.1,-1.0,-0.1
3,NONE,-1.0,-0.1,-1.0,-0.1
3,NONE,-1.0,-0.1,-1.0,-0.1
3,NONE,-1.0,-0.1,-1.0,-0.1
3,NONE,-1.0,-0.1,-1.0,-0.1
3,NONE,-1.0,-0.1,-1.0,-0.1
3,NONE,-1.0,-0.1,-1.0,-0.1
3,NONE,-1.0,-0.1,-1.0,-0.1
3,NONE,-1.0,-0.1,-1.0,-0.1
3,NONE,-1.0,-0.1,-1.0,-0.1
3,NONE,-1.0,-0.1,-1.0,-0.1
3,NONE,-1.0,-0.1,-1.0,-0.1
3,NONE,-1.0,-0.1,-1.0,-0.1
3,NONE,-1.0,-0.1,-1.0,-0.1
3,NONE,-1.0,-0.1,-1.0,-0.1
3,NONE,-1.0,-0.1,-1.0,-0.1
3,NONE,-1.0,-0.1,-1.0,-0.1
3,NONE,-1.0,-0.1,-1.0,-0.1
3,NONE,-1.0,-0.1,-1.0,-0.1
3,NONE,-1.0,-0.1,-1.0,-0.1
3,NONE,-1.0,-0.1,-1.0,-0.1
3,NONE,-1.0,-0.1,-1.0,-0.1
3,NONE,-1.0,-0.1,-1.0,-0.1
3,NONE,-1.0,-0.1,-1.0,-0.1
3,NONE,-1.0,-0.1,-1.0,-0.1
3,NONE,-1.0,-0.1,-1.0,-0.1
2,EV_B07_C030_Mototaxi_Electrica,-1.0,-0.1,7.0,29.63573266074317
1,EV_B07_C030_Mototaxi_Electrica,7.0,83.48616596213584,-1.0,29.63573266074317
1,EV_B07_C030_Mototaxi_Electrica,6.0,83.48616596213584,-1.0,29.63573266074317
1,EV_B07_C030_Mototaxi_Electrica,5.0,83.48616596213584,-1.0,29.63573266074317
1,EV_B07_C030_Mototaxi_Electrica,4.0,83.48616596213584,-1.0,29.63573266074317
1,EV_B07_C030_Mototaxi_Electrica,3.0,83.48616596213584,-1.0,29.63573266074317
1,EV_B07_C030_Mototaxi_Electrica,2.0,83.48616596213584,-1.0,29.63573266074317
1,EV_B07_C030_Mototaxi_Electrica,1.0,83.48616596213584,-1.0,29.63573266074317
1,EV_B07_C030_Mototaxi_Electrica,0.0,83.48616596213584,-1.0,29.63573266074317
3,NONE,-1.0,-0.1,-1.0,-0.1
3,NONE,-1.0,-0.1,-1.0,-0.1
3,NONE,-1.0,-0.1,-1.0,-0.1
3,NONE,-1.0,-0.1,-1.0,-0.1
3,NONE,-1.0,-0.1,-1.0,-0.1
3,NONE,-1.0,-0.1,-1.0,-0.1
3,NONE,-1.0,-0.1,-1.0,-0.1
3,NONE,-1.0,-0.1,-1.0,-0.1
3,NONE,-1.0,-0.1,-1.0,-0.1
3,NONE,-1.0,-0.1,-1.0,-0.1
3,NONE,-1.0,-0.1,-1.0,-0.1
3,NONE,-1.0,-0.1,-1.0,-0.1
3,NONE,-1.0,-0.1,-1.0,-0.1
3,NONE,-1.0,-0.1,-1.0,-0.1
3,NONE,-1.0,-0.1,-1.0,-0.1
3,NONE,-1.0,-0.1,-1.0,-0.1
3,NONE,-1.0,-0.1,-1.0,-0.1
3,NONE,-1.0,-0.1,-1.0,-0.1
2,EV_B07_C030_Mototaxi_Electrica,-1.0,-0.1,10.0,27.753509885661007
1,EV_B07_C030_Mototaxi_Electrica,4.0,71.563161960575,-1.0,27.753509885661007
1,EV_B07_C030_Mototaxi_Electrica,3.0,71.563161960575,-1.0,27.753509885661007
1,EV_B07_C030_Mototaxi_Electrica,2.0,71.563161960575,-1.0,27.753509885661007
1,EV_B07_C030_Mototaxi_Electrica,1.0,71.563161960575,-1.0,27.753509885661007
1,EV_B07_C030_Mototaxi_Electrica,0.0,71.563161960575,-1.0,27.753509885661007
3,NONE,-1.0,-0.1,-1.0,-0.1
3,NONE,-1.0,-0.1,-1.0,-0.1
3,NONE,-1.0,-0.1,-1.0,-0.1
3,NONE,-1.0,-0.1,-1.0,-0.1
3,NONE,-1.0,-0.1,-1.0,-0.1
3,NONE,-1.0,-0.1,-1.0,-0.1
3,NONE,-1.0,-0.1,-1.0,-0.1
3,NONE,-1.0,-0.1,-1.0,-0.1
3,NONE,-1.0,-0.1,-1.0,-0.1
3,NONE,-1.0,-0.1,-1.0,-0.1
3,NONE,-1.0,-0.1,-1.0,-0.1
3,NONE,-1.0,-0.1,-1.0,-0.1
3,NONE,-1.0,-0.1,-1.0,-0.1
3,NONE,-1.0,-0.1,-1.0,-0.1
3,NONE,-1.0,-0.1,-1.0,-0.1
3,NONE,-1.0,-0.1,-1.0,-0.1
3,NONE,-1.0,-0.1,-1.0,-0.1
3,NONE,-1.0,-0.1,-1.0,-0.1
2,EV_B07_C030_Mototaxi_Electrica,-1.0,-0.1,10.0,48.51560699784298
1,EV_B07_C030_Mototaxi_Electrica,4.0,86.77533997812924,-1.0,48.51560699784298
1,EV_B07_C030_Mototaxi_Electrica,3.0,86.77533997812924,-1.0,48.51560699784298
1,EV_B07_C030_Mototaxi_Electrica,2.0,86.77533997812924,-1.0,48.51560699784298
1,EV_B07_C030_Mototaxi_Electrica,1.0,86.77533997812924,-1.0,48.51560699784298
1,EV_B07_C030_Mototaxi_Electrica,0.0,86.77533997812924,-1.0,48.51560699784298
3,NONE,-1.0,-0.1,-1.0,-0.1
3,NONE,-1.0,-0.1,-1.0,-0.1
3,NONE,-1.0,-0.1,-1.0,-0.1
3,NONE,-1.0,-0.1,-1.0,-0.1
3,NONE,-1.0,-0.1,-1.0,-0.1
3,NONE,-1.0,-0.1,-1.0,-0.1
3,NONE,-1.0,-0.1,-1.0,-0.1
3,NONE,-1.0,-0.1,-1.0,-0.1
3,NONE,-1.0,-0.1,-1.0,-0.1
3,NONE,-1.0,-0.1,-1.0,-0.1
3,NONE,-1.0,-0.1,-1.0,-0.1
3,NONE,-1.0,-0.1,-1.0,-0.1
3,NONE,-1.0,-0.1,-1.0,-0.1
3,NONE,-1.0,-0.1,-1.0,-0.1
3,NONE,-1.0,-0.1,-1.0,-0.1
3,NONE,-1.0,-0.1,-1.0,-0.1
3,NONE,-1.0,-0.1,-1.0,-0.1
2,EV_B07_C030_Mototaxi_Electrica,-1.0,-0.1,9.0,45.08448968432593
1,EV_B07_C030_Mototaxi_Electrica,5.0,82.33444058812628,-1.0,45.08448968432593
1,EV_B07_C030_Mototaxi_Electrica,4.0,82.33444058812628,-1.0,45.08448968432593
1,EV_B07_C030_Mototaxi_Electrica,3.0,82.33444058812628,-1.0,45.08448968432593
1,EV_B07_C030_Mototaxi_Electrica,2.0,82.33444058812628,-1.0,45.08448968432593
1,EV_B07_C030_Mototaxi_Electrica,1.0,82.33444058812628,-1.0,45.08448968432593
1,EV_B07_C030_Mototaxi_Electrica,0.0,82.33444058812628,-1.0,45.08448968432593
3,NONE,-1.0,-0.1,-1.0,-0.1
3,NONE,-1.0,-0.1,-1.0,-0.1
3,NONE,-1.0,-0.1,-1.0,-0.1
3,NONE,-1.0,-0.1,-1.0,-0.1
3,NONE,-1.0,-0.1,-1.0,-0.1
3,NONE,-1.0,-0.1,-1.0,-0.1
3,NONE,-1.0,-0.1,-1.0,-0.1
3,NONE,-1.0,-0.1,-1.0,-0.1
3,NONE,-1.0,-0.1,-1.0,-0.1
3,NONE,-1.0,-0.1,-1.0,-0.1
3,NONE,-1.0,-0.1,-1.0,-0.1
3,NONE,-1.0,-0.1,-1.0,-0.1
3,NONE,-1.0,-0.1,-1.0,-0.1
3,NONE,-1.0,-0.1,-1.0,-0.1
3,NONE,-1.0,-0.1,-1.0,-0.1
3,NONE,-1.0,-0.1,-1.0,-0.1
3,NONE,-1.0,-0.1,-1.0,-0.1
3,NONE,-1.0,-0.1,-1.0,-0.1
3,NONE,-1.0,-0.1,-1.0,-0.1
3,NONE,-1.0,-0.1,-1.0,-0.1
3,NONE,-1.0,-0.1,-1.0,-0.1
3,NONE,-1.0,-0.1,-1.0,-0.1
3,NONE,-1.0,-0.1,-1.0,-0.1
3,NONE,-1.0,-0.1,-1.0,-0.1
3,NONE,-1.0,-0.1,-1.0,-0.1
3,NONE,-1.0,-0.1,-1.0,-0.1
3,NONE,-1.0,-0.1,-1.0,-0.1
3,NONE,-1.0,-0.1,-1.0,-0.1
3,NONE,-1.0,-0.1,-1.0,-0.1
3,NONE,-1.0,-0.1,-1.0,-0.1
3,NONE,-1.0,-0.1,-1.0,-0.1
3,NONE,-1.0,-0.1,-1.0,-0.1
3,NONE,-1.0,-0.1,-1.0,-0.1
3,NONE,-1.0,-0.1,-1.0,-0.1
3,NONE,-1.0,-0.1,-1.0,-0.1
3,NONE,-1.0,-0.1,-1.0,-0.1
3,NONE,-1.0,-0.1,-1.0,-0.1
3,NONE,-1.0,-0.1,-1.0,-0.1
3,NONE,-1.0,-0.1,-1.0,-0.1
3,NONE,-1.0,-0.1,-1.0,-0.1
3,NONE,-1.0,-0.1,-1.0,-0.1
3,NONE,-1.0,-0.1,-1.0,-0.1
3,NONE,-1.0,-0.1,-1.0,-0.1
3,NONE,-1.0,-0.1,-1.0,-0.1
3,NONE,-1.0,-0.1,-1.0,-0.1
3,NONE,-1.0,-0.1,-1.0,-0.1
3,NONE,-1.0,-0.1,-1.0,-0.1
3,NONE,-1.0,-0.1,-1.0,-0.1
3,NONE,-1.0,-0.1,-1.0,-0.1
3,NONE,-1.0,-0.1,-1.0,-0.1
3,NONE,-1.0,-0.1,-1.0,-0.1
3,NONE,-1.0,-0.1,-1.0,-0.1
3,NONE,-1.0,-0.1,-1.0,-0.1
3,NONE,-1.0,-0.1,-1.0,-0.1
3,NONE,-1.0,-0.1,-1.0,-0.1
3,NONE,-1.0,-0.1,-1.0,-0.1
3,NONE,-1.0,-0.1,-1.0,-0.1
3,NONE,-1.0,-0.1,-1.0,-0.1
3,NONE,-1.0,-0.1,-1.0,-0.1
3,NONE,-1.0,-0.1,-1.0,-0.1
3,NONE,-1.0,-0.1,-1.0,-0.1
3,NONE,-1.0,-0.1,-1.0,-0.1
3,NONE,-1.0,-0.1,-1.0,-0.1
3,NONE,-1.0,-0.1,-1.0,-0.1
3,NONE,-1.0,-0.1,-1.0,-0.1
3,NONE,-1.0,-0.1,-1.0,-0.1
3,NONE,-1.0,-0.1,-1.0,-0.1
3,NONE,-1.0,-0.1,-1.0,-0.1
3,NONE,-1.0,-0.1,-1.0,-0.1
3,NONE,-1.0,-0.1,-1.0,-0.1
3,NONE,-1.0,-0.1,-1.0,-0.1
3,NONE,-1.0,-0.1,-1.0,-0.1
3,NONE,-1.0,-0.1,-1.0,-0.1
3,NONE,-1.0,-0.1,-1.0,-0.1
3,NONE,-1.0,-0.1,-1.0,-0.1
3,NONE,-1.0,-0.1,-1.0,-0.1
3,NONE,-1.0,-0.1,-1.0,-0.1
3,NONE,-1.0,-0.1,-1.0,-0.1
3,NONE,-1.0,-0.1,-1.0,-0.1
3,NONE,-1.0,-0.1,-1.0,-0.1
3,NONE,-1.0,-0.1,-1.0,-0.1
3,NONE,-1.0,-0.1,-1.0,-0.1
3,NONE,-1.0,-0.1,-1.0,-0.1
3,NONE,-1.0,-0.1,-1.0,-0.1
3,NONE,-1.0,-0.1,-1.0,-0.1
3,NONE,-1.0,-0.1,-1.0,-0.1
3,NONE,-1.0,-0.1,-1.0,-0.1
3,NONE,-1.0,-0.1,-1.0,-0.1
2,EV_B07_C030_Mototaxi_Electrica,-1.0,-0.1,8.0,45.473885863990006
1,EV_B07_C030_Mototaxi_Electrica,6.0,87.13631648871464,-1.0,45.473885863990006
1,EV_B07_C030_Mototaxi_Electrica,5.0,87.13631648871464,-1.0,45.473885863990006
1,EV_B07_C030_Mototaxi_Electrica,4.0,87.13631648871464,-1.0,45.473885863990006
1,EV_B07_C030_Mototaxi_Electrica,3.0,87.13631648871464,-1.0,45.473885863990006
1,EV_B07_C030_Mototaxi_Electrica,2.0,87.13631648871464,-1.0,45.473885863990006
1,EV_B07_C030_Mototaxi_Electrica,1.0,87.13631648871464,-1.0,45.473885863990006
1,EV_B07_C030_Mototaxi_Electrica,0.0,87.13631648871464,-1.0,45.473885863990006
3,NONE,-1.0,-0.1,-1.0,-0.1
3,NONE,-1.0,-0.1,-1.0,-0.1
3,NONE,-1.0,-0.1,-1.0,-0.1
3,NONE,-1.0,-0.1,-1.0,-0.1
3,NONE,-1.0,-0.1,-1.0,-0.1
3,NONE,-1.0,-0.1,-1.0,-0.1
3,NONE,-1.0,-0.1,-1.0,-0.1
3,NONE,-1.0,-0.1,-1.0,-0.1
3,NONE,-1.0,-0.1,-1.0,-0.1
3,NONE,-1.0,-0.1,-1.0,-0.1
3,NONE,-1.0,-0.1,-1.0,-0.1
3,NONE,-1.0,-0.1,-1.0,-0.1
3,NONE,-1.0,-0.1,-1.0,-0.1
3,NONE,-1.0,-0.1,-1.0,-0.1
3,NONE,-1.0,-0.1,-1.0,-0.1
3,NONE,-1.0,-0.1,-1.0,-0.1
3,NONE,-1.0,-0.1,-1.0,-0.1
3,NONE,-1.0,-0.1,-1.0,-0.1
3,NONE,-1.0,-0.1,-1.0,-0.1
3,NONE,-1.0,-0.1,-1.0,-0.1
3,NONE,-1.0,-0.1,-1.0,-0.1
3,NONE,-1.0,-0.1,-1.0,-0.1
3,NONE,-1.0,-0.1,-1.0,-0.1
3,NONE,-1.0,-0.1,-1.0,-0.1
3,NONE,-1.0,-0.1,-1.0,-0.1
3,NONE,-1.0,-0.1,-1.0,-0.1
3,NONE,-1.0,-0.1,-1.0,-0.1
3,NONE,-1.0,-0.1,-1.0,-0.1
3,NONE,-1.0,-0.1,-1.0,-0.1
3,NONE,-1.0,-0.1,-1.0,-0.1
3,NONE,-1.0,-0.1,-1.0,-0.1
3,NONE,-1.0,-0.1,-1.0,-0.1
3,NONE,-1.0,-0.1,-1.0,-0.1
3,NONE,-1.0,-0.1,-1.0,-0.1
3,NONE,-1.0,-0.1,-1.0,-0.1
3,NONE,-1.0,-0.1,-1.0,-0.1
3,NONE,-1.0,-0.1,-1.0,-0.1
3,NONE,-1.0,-0.1,-1.0,-0.1
3,NONE,-1.0,-0.1,-1.0,-0.1
3,NONE,-1.0,-0.1,-1.0,-0.1
3,NONE,-1.0,-0.1,-1.0,-0.1
3,NONE,-1.0,-0.1,-1.0,-0.1
3,NONE,-1.0,-0.1,-1.0,-0.1
3,NONE,-1.0,-0.1,-1.0,-0.1
3,NONE,-1.0,-0.1,-1.0,-0.1
3,NONE,-1.0,-0.1,-1.0,-0.1
3,NONE,-1.0,-0.1,-1.0,-0.1
3,NONE,-1.0,-0.1,-1.0,-0.1
3,NONE,-1.0,-0.1,-1.0,-0.1
3,NONE,-1.0,-0.1,-1.0,-0.1
3,NONE,-1.0,-0.1,-1.0,-0.1
3,NONE,-1.0,-0.1,-1.0,-0.1
3,NONE,-1.0,-0.1,-1.0,-0.1
3,NONE,-1.0,-0.1,-1.0,-0.1
3,NONE,-1.0,-0.1,-1.0,-0.1
3,NONE,-1.0,-0.1,-1.0,-0.1
3,NONE,-1.0,-0.1,-1.0,-0.1
3,NONE,-1.0,-0.1,-1.0,-0.1
3,NONE,-1.0,-0.1,-1.0,-0.1
3,NONE,-1.0,-0.1,-1.0,-0.1
3,NONE,-1.0,-0.1,-1.0,-0.1
3,NONE,-1.0,-0.1,-1.0,-0.1
3,NONE,-1.0,-0.1,-1.0,-0.1
3,NONE,-1.0,-0.1,-1.0,-0.1
2,EV_B07_C030_Mototaxi_Electrica,-1.0,-0.1,8.0,38.505304425069845
1,EV_B07_C030_Mototaxi_Electrica,5.0,80.02340373215713,-1.0,38.505304425069845
1,EV_B07_C030_Mototaxi_Electrica,4.0,80.02340373215713,-1.0,38.505304425069845
1,EV_B07_C030_Mototaxi_Electrica,3.0,80.02340373215713,-1.0,38.505304425069845
1,EV_B07_C030_Mototaxi_Electrica,2.0,80.02340373215713,-1.0,38.505304425069845
1,EV_B07_C030_Mototaxi_Electrica,1.0,80.02340373215713,-1.0,38.505304425069845
1,EV_B07_C030_Mototaxi_Electrica,0.0,80.02340373215713,-1.0,38.505304425069845
3,NONE,-1.0,-0.1,-1.0,-0.1
3,NONE,-1.0,-0.1,-1.0,-0.1
3,NONE,-1.0,-0.1,-1.0,-0.1
3,NONE,-1.0,-0.1,-1.0,-0.1
3,NONE,-1.0,-0.1,-1.0,-0.1
3,NONE,-1.0,-0.1,-1.0,-0.1
3,NONE,-1.0,-0.1,-1.0,-0.1
3,NONE,-1.0,-0.1,-1.0,-0.1
3,NONE,-1.0,-0.1,-1.0,-0.1
3,NONE,-1.0,-0.1,-1.0,-0.1
3,NONE,-1.0,-0.1,-1.0,-0.1
3,NONE,-1.0,-0.1,-1.0,-0.1
3,NONE,-1.0,-0.1,-1.0,-0.1
3,NONE,-1.0,-0.1,-1.0,-0.1
3,NONE,-1.0,-0.1,-1.0,-0.1
3,NONE,-1.0,-0.1,-1.0,-0.1
3,NONE,-1.0,-0.1,-1.0,-0.1
3,NONE,-1.0,-0.1,-1.0,-0.1
3,NONE,-1.0,-0.1,-1.0,-0.1
2,EV_B07_C030_Mototaxi_Electrica,-1.0,-0.1,10.0,17.13992792938761
1,EV_B07_C030_Mototaxi_Electrica,4.0,74.42338824414323,-1.0,17.13992792938761
1,EV_B07_C030_Mototaxi_Electrica,3.0,74.42338824414323,-1.0,17.13992792938761
1,EV_B07_C030_Mototaxi_Electrica,2.0,74.42338824414323,-1.0,17.13992792938761
1,EV_B07_C030_Mototaxi_Electrica,1.0,74.42338824414323,-1.0,17.13992792938761
1,EV_B07_C030_Mototaxi_Electrica,0.0,74.42338824414323,-1.0,17.13992792938761
3,NONE,-1.0,-0.1,-1.0,-0.1
3,NONE,-1.0,-0.1,-1.0,-0.1
3,NONE,-1.0,-0.1,-1.0,-0.1
3,NONE,-1.0,-0.1,-1.0,-0.1
3,NONE,-1.0,-0.1,-1.0,-0.1
3,NONE,-1.0,-0.1,-1.0,-0.1
3,NONE,-1.0,-0.1,-1.0,-0.1
3,NONE,-1.0,-0.1,-1.0,-0.1
3,NONE,-1.0,-0.1,-1.0,-0.1
3,NONE,-1.0,-0.1,-1.0,-0.1
3,NONE,-1.0,-0.1,-1.0,-0.1
3,NONE,-1.0,-0.1,-1.0,-0.1
3,NONE,-1.0,-0.1,-1.0,-0.1
3,NONE,-1.0,-0.1,-1.0,-0.1
3,NONE,-1.0,-0.1,-1.0,-0.1
3,NONE,-1.0,-0.1,-1.0,-0.1
3,NONE,-1.0,-0.1,-1.0,-0.1
3,NONE,-1.0,-0.1,-1.0,-0.1
3,NONE,-1.0,-0.1,-1.0,-0.1
3,NONE,-1.0,-0.1,-1.0,-0.1
3,NONE,-1.0,-0.1,-1.0,-0.1
3,NONE,-1.0,-0.1,-1.0,-0.1
3,NONE,-1.0,-0.1,-1.0,-0.1
3,NONE,-1.0,-0.1,-1.0,-0.1
3,NONE,-1.0,-0.1,-1.0,-0.1
3,NONE,-1.0,-0.1,-1.0,-0.1
3,NONE,-1.0,-0.1,-1.0,-0.1
3,NONE,-1.0,-0.1,-1.0,-0.1
3,NONE,-1.0,-0.1,-1.0,-0.1
3,NONE,-1.0,-0.1,-1.0,-0.1
3,NONE,-1.0,-0.1,-1.0,-0.1
3,NONE,-1.0,-0.1,-1.0,-0.1
3,NONE,-1.0,-0.1,-1.0,-0.1
3,NONE,-1.0,-0.1,-1.0,-0.1
3,NONE,-1.0,-0.1,-1.0,-0.1
3,NONE,-1.0,-0.1,-1.0,-0.1
3,NONE,-1.0,-0.1,-1.0,-0.1
3,NONE,-1.0,-0.1,-1.0,-0.1
3,NONE,-1.0,-0.1,-1.0,-0.1
3,NONE,-1.0,-0.1,-1.0,-0.1
3,NONE,-1.0,-0.1,-1.0,-0.1
3,NONE,-1.0,-0.1,-1.0,-0.1
3,NONE,-1.0,-0.1,-1.0,-0.1
3,NONE,-1.0,-0.1,-1.0,-0.1
3,NONE,-1.0,-0.1,-1.0,-0.1
3,NONE,-1.0,-0.1,-1.0,-0.1
3,NONE,-1.0,-0.1,-1.0,-0.1
3,NONE,-1.0,-0.1,-1.0,-0.1
3,NONE,-1.0,-0.1,-1.0,-0.1
3,NONE,-1.0,-0.1,-1.0,-0.1
3,NONE,-1.0,-0.1,-1.0,-0.1
3,NONE,-1.0,-0.1,-1.0,-0.1
3,NONE,-1.0,-0.1,-1.0,-0.1
3,NONE,-1.0,-0.1,-1.0,-0.1
3,NONE,-1.0,-0.1,-1.0,-0.1
3,NONE,-1.0,-0.1,-1.0,-0.1
3,NONE,-1.0,-0.1,-1.0,-0.1
3,NONE,-1.0,-0.1,-1.0,-0.1
3,NONE,-1.0,-0.1,-1.0,-0.1
3,NONE,-1.0,-0.1,-1.0,-0.1
3,NONE,-1.0,-0.1,-1.0,-0.1
3,NONE,-1.0,-0.1,-1.0,-0.1
3,NONE,-1.0,-0.1,-1.0,-0.1
3,NONE,-1.0,-0.1,-1.0,-0.1
3,NONE,-1.0,-0.1,-1.0,-0.1
2,EV_B07_C030_Mototaxi_Electrica,-1.0,-0.1,9.0,45.289860995801774
1,EV_B07_C030_Mototaxi_Electrica,5.0,81.54822117973177,-1.0,45.289860995801774
1,EV_B07_C030_Mototaxi_Electrica,4.0,81.54822117973177,-1.0,45.289860995801774
1,EV_B07_C030_Mototaxi_Electrica,3.0,81.54822117973177,-1.0,45.289860995801774
1,EV_B07_C030_Mototaxi_Electrica,2.0,81.54822117973177,-1.0,45.289860995801774
1,EV_B07_C030_Mototaxi_Electrica,1.0,81.54822117973177,-1.0,45.289860995801774
1,EV_B07_C030_Mototaxi_Electrica,0.0,81.54822117973177,-1.0,45.289860995801774
3,NONE,-1.0,-0.1,-1.0,-0.1
3,NONE,-1.0,-0.1,-1.0,-0.1
3,NONE,-1.0,-0.1,-1.0,-0.1
3,NONE,-1.0,-0.1,-1.0,-0.1
3,NONE,-1.0,-0.1,-1.0,-0.1
3,NONE,-1.0,-0.1,-1.0,-0.1
3,NONE,-1.0,-0.1,-1.0,-0.1
3,NONE,-1.0,-0.1,-1.0,-0.1
3,NONE,-1.0,-0.1,-1.0,-0.1
3,NONE,-1.0,-0.1,-1.0,-0.1
3,NONE,-1.0,-0.1,-1.0,-0.1
3,NONE,-1.0,-0.1,-1.0,-0.1
3,NONE,-1.0,-0.1,-1.0,-0.1
3,NONE,-1.0,-0.1,-1.0,-0.1
3,NONE,-1.0,-0.1,-1.0,-0.1
3,NONE,-1.0,-0.1,-1.0,-0.1
3,NONE,-1.0,-0.1,-1.0,-0.1
3,NONE,-1.0,-0.1,-1.0,-0.1
3,NONE,-1.0,-0.1,-1.0,-0.1
3,NONE,-1.0,-0.1,-1.0,-0.1
3,NONE,-1.0,-0.1,-1.0,-0.1
3,NONE,-1.0,-0.1,-1.0,-0.1
3,NONE,-1.0,-0.1,-1.0,-0.1
3,NONE,-1.0,-0.1,-1.0,-0.1
3,NONE,-1.0,-0.1,-1.0,-0.1
3,NONE,-1.0,-0.1,-1.0,-0.1
3,NONE,-1.0,-0.1,-1.0,-0.1
3,NONE,-1.0,-0.1,-1.0,-0.1
3,NONE,-1.0,-0.1,-1.0,-0.1
3,NONE,-1.0,-0.1,-1.0,-0.1
3,NONE,-1.0,-0.1,-1.0,-0.1
3,NONE,-1.0,-0.1,-1.0,-0.1
3,NONE,-1.0,-0.1,-1.0,-0.1
3,NONE,-1.0,-0.1,-1.0,-0.1
3,NONE,-1.0,-0.1,-1.0,-0.1
3,NONE,-1.0,-0.1,-1.0,-0.1
3,NONE,-1.0,-0.1,-1.0,-0.1
3,NONE,-1.0,-0.1,-1.0,-0.1
3,NONE,-1.0,-0.1,-1.0,-0.1
3,NONE,-1.0,-0.1,-1.0,-0.1
3,NONE,-1.0,-0.1,-1.0,-0.1
3,NONE,-1.0,-0.1,-1.0,-0.1
3,NONE,-1.0,-0.1,-1.0,-0.1
3,NONE,-1.0,-0.1,-1.0,-0.1
3,NONE,-1.0,-0.1,-1.0,-0.1
3,NONE,-1.0,-0.1,-1.0,-0.1
3,NONE,-1.0,-0.1,-1.0,-0.1
3,NONE,-1.0,-0.1,-1.0,-0.1
3,NONE,-1.0,-0.1,-1.0,-0.1
3,NONE,-1.0,-0.1,-1.0,-0.1
3,NONE,-1.0,-0.1,-1.0,-0.1
3,NONE,-1.0,-0.1,-1.0,-0.1
3,NONE,-1.0,-0.1,-1.0,-0.1
3,NONE,-1.0,-0.1,-1.0,-0.1
3,NONE,-1.0,-0.1,-1.0,-0.1
3,NONE,-1.0,-0.1,-1.0,-0.1
3,NONE,-1.0,-0.1,-1.0,-0.1
3,NONE,-1.0,-0.1,-1.0,-0.1
3,NONE,-1.0,-0.1,-1.0,-0.1
3,NONE,-1.0,-0.1,-1.0,-0.1
3,NONE,-1.0,-0.1,-1.0,-0.1
3,NONE,-1.0,-0.1,-1.0,-0.1
3,NONE,-1.0,-0.1,-1.0,-0.1
3,NONE,-1.0,-0.1,-1.0,-0.1
3,NONE,-1.0,-0.1,-1.0,-0.1
3,NONE,-1.0,-0.1,-1.0,-0.1
3,NONE,-1.0,-0.1,-1.0,-0.1
3,NONE,-1.0,-0.1,-1.0,-0.1
3,NONE,-1.0,-0.1,-1.0,-0.1
3,NONE,-1.0,-0.1,-1.0,-0.1
3,NONE,-1.0,-0.1,-1.0,-0.1
3,NONE,-1.0,-0.1,-1.0,-0.1
3,NONE,-1.0,-0.1,-1.0,-0.1
3,NONE,-1.0,-0.1,-1.0,-0.1
3,NONE,-1.0,-0.1,-1.0,-0.1
3,NONE,-1.0,-0.1,-1.0,-0.1
3,NONE,-1.0,-0.1,-1.0,-0.1
3,NONE,-1.0,-0.1,-1.0,-0.1
3,NONE,-1.0,-0.1,-1.0,-0.1
3,NONE,-1.0,-0.1,-1.0,-0.1
3,NONE,-1.0,-0.1,-1.0,-0.1
3,NONE,-1.0,-0.1,-1.0,-0.1
3,NONE,-1.0,-0.1,-1.0,-0.1
3,NONE,-1.0,-0.1,-1.0,-0.1
3,NONE,-1.0,-0.1,-1.0,-0.1
3,NONE,-1.0,-0.1,-1.0,-0.1
3,NONE,-1.0,-0.1,-1.0,-0.1
3,NONE,-1.0,-0.1,-1.0,-0.1
2,EV_B07_C030_Mototaxi_Electrica,-1.0,-0.1,8.0,30.584507830375554
1,EV_B07_C030_Mototaxi_Electrica,5.0,87.01644445271731,-1.0,30.584507830375554
1,EV_B07_C030_Mototaxi_Electrica,4.0,87.01644445271731,-1.0,30.584507830375554
1,EV_B07_C030_Mototaxi_Electrica,3.0,87.01644445271731,-1.0,30.584507830375554
1,EV_B07_C030_Mototaxi_Electrica,2.0,87.01644445271731,-1.0,30.584507830375554
1,EV_B07_C030_Mototaxi_Electrica,1.0,87.01644445271731,-1.0,30.584507830375554
1,EV_B07_C030_Mototaxi_Electrica,0.0,87.01644445271731,-1.0,30.584507830375554
3,NONE,-1.0,-0.1,-1.0,-0.1
3,NONE,-1.0,-0.1,-1.0,-0.1
3,NONE,-1.0,-0.1,-1.0,-0.1
3,NONE,-1.0,-0.1,-1.0,-0.1
3,NONE,-1.0,-0.1,-1.0,-0.1
3,NONE,-1.0,-0.1,-1.0,-0.1
3,NONE,-1.0,-0.1,-1.0,-0.1
3,NONE,-1.0,-0.1,-1.0,-0.1
3,NONE,-1.0,-0.1,-1.0,-0.1
3,NONE,-1.0,-0.1,-1.0,-0.1
3,NONE,-1.0,-0.1,-1.0,-0.1
3,NONE,-1.0,-0.1,-1.0,-0.1
3,NONE,-1.0,-0.1,-1.0,-0.1
3,NONE,-1.0,-0.1,-1.0,-0.1
3,NONE,-1.0,-0.1,-1.0,-0.1
3,NONE,-1.0,-0.1,-1.0,-0.1
3,NONE,-1.0,-0.1,-1.0,-0.1
3,NONE,-1.0,-0.1,-1.0,-0.1
3,NONE,-1.0,-0.1,-1.0,-0.1
3,NONE,-1.0,-0.1,-1.0,-0.1
3,NONE,-1.0,-0.1,-1.0,-0.1
3,NONE,-1.0,-0.1,-1.0,-0.1
3,NONE,-1.0,-0.1,-1.0,-0.1
3,NONE,-1.0,-0.1,-1.0,-0.1
3,NONE,-1.0,-0.1,-1.0,-0.1
3,NONE,-1.0,-0.1,-1.0,-0.1
3,NONE,-1.0,-0.1,-1.0,-0.1
3,NONE,-1.0,-0.1,-1.0,-0.1
3,NONE,-1.0,-0.1,-1.0,-0.1
3,NONE,-1.0,-0.1,-1.0,-0.1
3,NONE,-1.0,-0.1,-1.0,-0.1
3,NONE,-1.0,-0.1,-1.0,-0.1
3,NONE,-1.0,-0.1,-1.0,-0.1
3,NONE,-1.0,-0.1,-1.0,-0.1
3,NONE,-1.0,-0.1,-1.0,-0.1
3,NONE,-1.0,-0.1,-1.0,-0.1
3,NONE,-1.0,-0.1,-1.0,-0.1
3,NONE,-1.0,-0.1,-1.0,-0.1
3,NONE,-1.0,-0.1,-1.0,-0.1
3,NONE,-1.0,-0.1,-1.0,-0.1
3,NONE,-1.0,-0.1,-1.0,-0.1
3,NONE,-1.0,-0.1,-1.0,-0.1
3,NONE,-1.0,-0.1,-1.0,-0.1
3,NONE,-1.0,-0.1,-1.0,-0.1
3,NONE,-1.0,-0.1,-1.0,-0.1
3,NONE,-1.0,-0.1,-1.0,-0.1
3,NONE,-1.0,-0.1,-1.0,-0.1
3,NONE,-1.0,-0.1,-1.0,-0.1
3,NONE,-1.0,-0.1,-1.0,-0.1
3,NONE,-1.0,-0.1,-1.0,-0.1
3,NONE,-1.0,-0.1,-1.0,-0.1
3,NONE,-1.0,-0.1,-1.0,-0.1
3,NONE,-1.0,-0.1,-1.0,-0.1
3,NONE,-1.0,-0.1,-1.0,-0.1
3,NONE,-1.0,-0.1,-1.0,-0.1
3,NONE,-1.0,-0.1,-1.0,-0.1
3,NONE,-1.0,-0.1,-1.0,-0.1
3,NONE,-1.0,-0.1,-1.0,-0.1
3,NONE,-1.0,-0.1,-1.0,-0.1
3,NONE,-1.0,-0.1,-1.0,-0.1
3,NONE,-1.0,-0.1,-1.0,-0.1
3,NONE,-1.0,-0.1,-1.0,-0.1
3,NONE,-1.0,-0.1,-1.0,-0.1
3,NONE,-1.0,-0.1,-1.0,-0.1
3,NONE,-1.0,-0.1,-1.0,-0.1
2,EV_B07_C030_Mototaxi_Electrica,-1.0,-0.1,8.0,44.38677355367355
1,EV_B07_C030_Mototaxi_Electrica,6.0,79.20080136044267,-1.0,44.38677355367355
1,EV_B07_C030_Mototaxi_Electrica,5.0,79.20080136044267,-1.0,44.38677355367355
1,EV_B07_C030_Mototaxi_Electrica,4.0,79.20080136044267,-1.0,44.38677355367355
1,EV_B07_C030_Mototaxi_Electrica,3.0,79.20080136044267,-1.0,44.38677355367355
1,EV_B07_C030_Mototaxi_Electrica,2.0,79.20080136044267,-1.0,44.38677355367355
1,EV_B07_C030_Mototaxi_Electrica,1.0,79.20080136044267,-1.0,44.38677355367355
1,EV_B07_C030_Mototaxi_Electrica,0.0,79.20080136044267,-1.0,44.38677355367355
3,NONE,-1.0,-0.1,-1.0,-0.1
3,NONE,-1.0,-0.1,-1.0,-0.1
3,NONE,-1.0,-0.1,-1.0,-0.1
3,NONE,-1.0,-0.1,-1.0,-0.1
3,NONE,-1.0,-0.1,-1.0,-0.1
3,NONE,-1.0,-0.1,-1.0,-0.1
3,NONE,-1.0,-0.1,-1.0,-0.1
3,NONE,-1.0,-0.1,-1.0,-0.1
3,NONE,-1.0,-0.1,-1.0,-0.1
3,NONE,-1.0,-0.1,-1.0,-0.1
3,NONE,-1.0,-0.1,-1.0,-0.1
3,NONE,-1.0,-0.1,-1.0,-0.1
3,NONE,-1.0,-0.1,-1.0,-0.1
3,NONE,-1.0,-0.1,-1.0,-0.1
3,NONE,-1.0,-0.1,-1.0,-0.1
3,NONE,-1.0,-0.1,-1.0,-0.1
3,NONE,-1.0,-0.1,-1.0,-0.1
2,EV_B07_C030_Mototaxi_Electrica,-1.0,-0.1,9.0,48.273093527072106
1,EV_B07_C030_Mototaxi_Electrica,5.0,83.69252069858688,-1.0,48.273093527072106
1,EV_B07_C030_Mototaxi_Electrica,4.0,83.69252069858688,-1.0,48.273093527072106
1,EV_B07_C030_Mototaxi_Electrica,3.0,83.69252069858688,-1.0,48.273093527072106
1,EV_B07_C030_Mototaxi_Electrica,2.0,83.69252069858688,-1.0,48.273093527072106
1,EV_B07_C030_Mototaxi_Electrica,1.0,83.69252069858688,-1.0,48.273093527072106
1,EV_B07_C030_Mototaxi_Electrica,0.0,83.69252069858688,-1.0,48.273093527072106
3,NONE,-1.0,-0.1,-1.0,-0.1
3,NONE,-1.0,-0.1,-1.0,-0.1
3,NONE,-1.0,-0.1,-1.0,-0.1
3,NONE,-1.0,-0.1,-1.0,-0.1
3,NONE,-1.0,-0.1,-1.0,-0.1
3,NONE,-1.0,-0.1,-1.0,-0.1
3,NONE,-1.0,-0.1,-1.0,-0.1
3,NONE,-1.0,-0.1,-1.0,-0.1
3,NONE,-1.0,-0.1,-1.0,-0.1
3,NONE,-1.0,-0.1,-1.0,-0.1
3,NONE,-1.0,-0.1,-1.0,-0.1
3,NONE,-1.0,-0.1,-1.0,-0.1
3,NONE,-1.0,-0.1,-1.0,-0.1
3,NONE,-1.0,-0.1,-1.0,-0.1
3,NONE,-1.0,-0.1,-1.0,-0.1
3,NONE,-1.0,-0.1,-1.0,-0.1
3,NONE,-1.0,-0.1,-1.0,-0.1
3,NONE,-1.0,-0.1,-1.0,-0.1
3,NONE,-1.0,-0.1,-1.0,-0.1
3,NONE,-1.0,-0.1,-1.0,-0.1
3,NONE,-1.0,-0.1,-1.0,-0.1
3,NONE,-1.0,-0.1,-1.0,-0.1
3,NONE,-1.0,-0.1,-1.0,-0.1
3,NONE,-1.0,-0.1,-1.0,-0.1
3,NONE,-1.0,-0.1,-1.0,-0.1
3,NONE,-1.0,-0.1,-1.0,-0.1
3,NONE,-1.0,-0.1,-1.0,-0.1
3,NONE,-1.0,-0.1,-1.0,-0.1
3,NONE,-1.0,-0.1,-1.0,-0.1
3,NONE,-1.0,-0.1,-1.0,-0.1
3,NONE,-1.0,-0.1,-1.0,-0.1
3,NONE,-1.0,-0.1,-1.0,-0.1
3,NONE,-1.0,-0.1,-1.0,-0.1
3,NONE,-1.0,-0.1,-1.0,-0.1
3,NONE,-1.0,-0.1,-1.0,-0.1
3,NONE,-1.0,-0.1,-1.0,-0.1
3,NONE,-1.0,-0.1,-1.0,-0.1
3,NONE,-1.0,-0.1,-1.0,-0.1
3,NONE,-1.0,-0.1,-1.0,-0.1
2,EV_B07_C030_Mototaxi_Electrica,-1.0,-0.1,7.0,38.417385954436234
1,EV_B07_C030_Mototaxi_Electrica,7.0,70.87525887256348,-1.0,38.417385954436234
1,EV_B07_C030_Mototaxi_Electrica,6.0,70.87525887256348,-1.0,38.417385954436234
1,EV_B07_C030_Mototaxi_Electrica,5.0,70.87525887256348,-1.0,38.417385954436234
1,EV_B07_C030_Mototaxi_Electrica,4.0,70.87525887256348,-1.0,38.417385954436234
1,EV_B07_C030_Mototaxi_Electrica,3.0,70.87525887256348,-1.0,38.417385954436234
1,EV_B07_C030_Mototaxi_Electrica,2.0,70.87525887256348,-1.0,38.417385954436234
1,EV_B07_C030_Mototaxi_Electrica,1.0,70.87525887256348,-1.0,38.417385954436234
1,EV_B07_C030_Mototaxi_Electrica,0.0,70.87525887256348,-1.0,38.417385954436234
3,NONE,-1.0,-0.1,-1.0,-0.1
3,NONE,-1.0,-0.1,-1.0,-0.1
3,NONE,-1.0,-0.1,-1.0,-0.1
3,NONE,-1.0,-0.1,-1.0,-0.1
3,NONE,-1.0,-0.1,-1.0,-0.1
3,NONE,-1.0,-0.1,-1.0,-0.1
3,NONE,-1.0,-0.1,-1.0,-0.1
3,NONE,-1.0,-0.1,-1.0,-0.1
3,NONE,-1.0,-0.1,-1.0,-0.1
3,NONE,-1.0,-0.1,-1.0,-0.1
3,NONE,-1.0,-0.1,-1.0,-0.1
3,NONE,-1.0,-0.1,-1.0,-0.1
3,NONE,-1.0,-0.1,-1.0,-0.1
3,NONE,-1.0,-0.1,-1.0,-0.1
3,NONE,-1.0,-0.1,-1.0,-0.1
3,NONE,-1.0,-0.1,-1.0,-0.1
2,EV_B07_C030_Mototaxi_Electrica,-1.0,-0.1,8.0,26.574882966668014
1,EV_B07_C030_Mototaxi_Electrica,6.0,76.07173303077157,-1.0,26.574882966668014
1,EV_B07_C030_Mototaxi_Electrica,5.0,76.07173303077157,-1.0,26.574882966668014
1,EV_B07_C030_Mototaxi_Electrica,4.0,76.07173303077157,-1.0,26.574882966668014
1,EV_B07_C030_Mototaxi_Electrica,3.0,76.07173303077157,-1.0,26.574882966668014
1,EV_B07_C030_Mototaxi_Electrica,2.0,76.07173303077157,-1.0,26.574882966668014
1,EV_B07_C030_Mototaxi_Electrica,1.0,76.07173303077157,-1.0,26.574882966668014
1,EV_B07_C030_Mototaxi_Electrica,0.0,76.07173303077157,-1.0,26.574882966668014
3,NONE,-1.0,-0.1,-1.0,-0.1
3,NONE,-1.0,-0.1,-1.0,-0.1
3,NONE,-1.0,-0.1,-1.0,-0.1
3,NONE,-1.0,-0.1,-1.0,-0.1
3,NONE,-1.0,-0.1,-1.0,-0.1
3,NONE,-1.0,-0.1,-1.0,-0.1
3,NONE,-1.0,-0.1,-1.0,-0.1
3,NONE,-1.0,-0.1,-1.0,-0.1
3,NONE,-1.0,-0.1,-1.0,-0.1
3,NONE,-1.0,-0.1,-1.0,-0.1
3,NONE,-1.0,-0.1,-1.0,-0.1
3,NONE,-1.0,-0.1,-1.0,-0.1
3,NONE,-1.0,-0.1,-1.0,-0.1
3,NONE,-1.0,-0.1,-1.0,-0.1
3,NONE,-1.0,-0.1,-1.0,-0.1
3,NONE,-1.0,-0.1,-1.0,-0.1
3,NONE,-1.0,-0.1,-1.0,-0.1
3,NONE,-1.0,-0.1,-1.0,-0.1
3,NONE,-1.0,-0.1,-1.0,-0.1
3,NONE,-1.0,-0.1,-1.0,-0.1
3,NONE,-1.0,-0.1,-1.0,-0.1
3,NONE,-1.0,-0.1,-1.0,-0.1
3,NONE,-1.0,-0.1,-1.0,-0.1
3,NONE,-1.0,-0.1,-1.0,-0.1
3,NONE,-1.0,-0.1,-1.0,-0.1
3,NONE,-1.0,-0.1,-1.0,-0.1
3,NONE,-1.0,-0.1,-1.0,-0.1
3,NONE,-1.0,-0.1,-1.0,-0.1
3,NONE,-1.0,-0.1,-1.0,-0.1
3,NONE,-1.0,-0.1,-1.0,-0.1
3,NONE,-1.0,-0.1,-1.0,-0.1
3,NONE,-1.0,-0.1,-1.0,-0.1
3,NONE,-1.0,-0.1,-1.0,-0.1
3,NONE,-1.0,-0.1,-1.0,-0.1
3,NONE,-1.0,-0.1,-1.0,-0.1
3,NONE,-1.0,-0.1,-1.0,-0.1
3,NONE,-1.0,-0.1,-1.0,-0.1
3,NONE,-1.0,-0.1,-1.0,-0.1
3,NONE,-1.0,-0.1,-1.0,-0.1
3,NONE,-1.0,-0.1,-1.0,-0.1
3,NONE,-1.0,-0.1,-1.0,-0.1
3,NONE,-1.0,-0.1,-1.0,-0.1
3,NONE,-1.0,-0.1,-1.0,-0.1
3,NONE,-1.0,-0.1,-1.0,-0.1
3,NONE,-1.0,-0.1,-1.0,-0.1
3,NONE,-1.0,-0.1,-1.0,-0.1
3,NONE,-1.0,-0.1,-1.0,-0.1
3,NONE,-1.0,-0.1,-1.0,-0.1
3,NONE,-1.0,-0.1,-1.0,-0.1
3,NONE,-1.0,-0.1,-1.0,-0.1
3,NONE,-1.0,-0.1,-1.0,-0.1
3,NONE,-1.0,-0.1,-1.0,-0.1
3,NONE,-1.0,-0.1,-1.0,-0.1
3,NONE,-1.0,-0.1,-1.0,-0.1
3,NONE,-1.0,-0.1,-1.0,-0.1
3,NONE,-1.0,-0.1,-1.0,-0.1
3,NONE,-1.0,-0.1,-1.0,-0.1
3,NONE,-1.0,-0.1,-1.0,-0.1
3,NONE,-1.0,-0.1,-1.0,-0.1
3,NONE,-1.0,-0.1,-1.0,-0.1
3,NONE,-1.0,-0.1,-1.0,-0.1
3,NONE,-1.0,-0.1,-1.0,-0.1
3,NONE,-1.0,-0.1,-1.0,-0.1
2,EV_B07_C030_Mototaxi_Electrica,-1.0,-0.1,7.0,39.70116666731187
1,EV_B07_C030_Mototaxi_Electrica,7.0,69.15111109921753,-1.0,39.70116666731187
1,EV_B07_C030_Mototaxi_Electrica,6.0,69.15111109921753,-1.0,39.70116666731187
1,EV_B07_C030_Mototaxi_Electrica,5.0,69.15111109921753,-1.0,39.70116666731187
1,EV_B07_C030_Mototaxi_Electrica,4.0,69.15111109921753,-1.0,39.70116666731187
1,EV_B07_C030_Mototaxi_Electrica,3.0,69.15111109921753,-1.0,39.70116666731187
1,EV_B07_C030_Mototaxi_Electrica,2.0,69.15111109921753,-1.0,39.70116666731187
1,EV_B07_C030_Mototaxi_Electrica,1.0,69.15111109921753,-1.0,39.70116666731187
1,EV_B07_C030_Mototaxi_Electrica,0.0,69.15111109921753,-1.0,39.70116666731187
3,NONE,-1.0,-0.1,-1.0,-0.1
3,NONE,-1.0,-0.1,-1.0,-0.1
3,NONE,-1.0,-0.1,-1.0,-0.1
3,NONE,-1.0,-0.1,-1.0,-0.1
3,NONE,-1.0,-0.1,-1.0,-0.1
3,NONE,-1.0,-0.1,-1.0,-0.1
3,NONE,-1.0,-0.1,-1.0,-0.1
3,NONE,-1.0,-0.1,-1.0,-0.1
3,NONE,-1.0,-0.1,-1.0,-0.1
3,NONE,-1.0,-0.1,-1.0,-0.1
3,NONE,-1.0,-0.1,-1.0,-0.1
3,NONE,-1.0,-0.1,-1.0,-0.1
3,NONE,-1.0,-0.1,-1.0,-0.1
3,NONE,-1.0,-0.1,-1.0,-0.1
3,NONE,-1.0,-0.1,-1.0,-0.1
3,NONE,-1.0,-0.1,-1.0,-0.1
2,EV_B07_C030_Mototaxi_Electrica,-1.0,-0.1,8.0,38.05672878275835
1,EV_B07_C030_Mototaxi_Electrica,6.0,77.8178661341591,-1.0,38.05672878275835
1,EV_B07_C030_Mototaxi_Electrica,5.0,77.8178661341591,-1.0,38.05672878275835
1,EV_B07_C030_Mototaxi_Electrica,4.0,77.8178661341591,-1.0,38.05672878275835
1,EV_B07_C030_Mototaxi_Electrica,3.0,77.8178661341591,-1.0,38.05672878275835
1,EV_B07_C030_Mototaxi_Electrica,2.0,77.8178661341591,-1.0,38.05672878275835
1,EV_B07_C030_Mototaxi_Electrica,1.0,77.8178661341591,-1.0,38.05672878275835
1,EV_B07_C030_Mototaxi_Electrica,0.0,77.8178661341591,-1.0,38.05672878275835
3,NONE,-1.0,-0.1,-1.0,-0.1
3,NONE,-1.0,-0.1,-1.0,-0.1
3,NONE,-1.0,-0.1,-1.0,-0.1
3,NONE,-1.0,-0.1,-1.0,-0.1
3,NONE,-1.0,-0.1,-1.0,-0.1
3,NONE,-1.0,-0.1,-1.0,-0.1
3,NONE,-1.0,-0.1,-1.0,-0.1
3,NONE,-1.0,-0.1,-1.0,-0.1
3,NONE,-1.0,-0.1,-1.0,-0.1
3,NONE,-1.0,-0.1,-1.0,-0.1
3,NONE,-1.0,-0.1,-1.0,-0.1
3,NONE,-1.0,-0.1,-1.0,-0.1
3,NONE,-1.0,-0.1,-1.0,-0.1
3,NONE,-1.0,-0.1,-1.0,-0.1
3,NONE,-1.0,-0.1,-1.0,-0.1
3,NONE,-1.0,-0.1,-1.0,-0.1
2,EV_B07_C030_Mototaxi_Electrica,-1.0,-0.1,8.0,34.38288119151987
1,EV_B07_C030_Mototaxi_Electrica,6.0,71.8629223492272,-1.0,34.38288119151987
1,EV_B07_C030_Mototaxi_Electrica,5.0,71.8629223492272,-1.0,34.38288119151987
1,EV_B07_C030_Mototaxi_Electrica,4.0,71.8629223492272,-1.0,34.38288119151987
1,EV_B07_C030_Mototaxi_Electrica,3.0,71.8629223492272,-1.0,34.38288119151987
1,EV_B07_C030_Mototaxi_Electrica,2.0,71.8629223492272,-1.0,34.38288119151987
1,EV_B07_C030_Mototaxi_Electrica,1.0,71.8629223492272,-1.0,34.38288119151987
1,EV_B07_C030_Mototaxi_Electrica,0.0,71.8629223492272,-1.0,34.38288119151987
3,NONE,-1.0,-0.1,-1.0,-0.1
3,NONE,-1.0,-0.1,-1.0,-0.1
3,NONE,-1.0,-0.1,-1.0,-0.1
3,NONE,-1.0,-0.1,-1.0,-0.1
3,NONE,-1.0,-0.1,-1.0,-0.1
3,NONE,-1.0,-0.1,-1.0,-0.1
3,NONE,-1.0,-0.1,-1.0,-0.1
3,NONE,-1.0,-0.1,-1.0,-0.1
3,NONE,-1.0,-0.1,-1.0,-0.1
3,NONE,-1.0,-0.1,-1.0,-0.1
3,NONE,-1.0,-0.1,-1.0,-0.1
3,NONE,-1.0,-0.1,-1.0,-0.1
3,NONE,-1.0,-0.1,-1.0,-0.1
3,NONE,-1.0,-0.1,-1.0,-0.1
3,NONE,-1.0,-0.1,-1.0,-0.1
3,NONE,-1.0,-0.1,-1.0,-0.1
3,NONE,-1.0,-0.1,-1.0,-0.1
2,EV_B07_C030_Mototaxi_Electrica,-1.0,-0.1,9.0,43.078174060137194
1,EV_B07_C030_Mototaxi_Electrica,5.0,85.4226875416606,-1.0,43.078174060137194
1,EV_B07_C030_Mototaxi_Electrica,4.0,85.4226875416606,-1.0,43.078174060137194
1,EV_B07_C030_Mototaxi_Electrica,3.0,85.4226875416606,-1.0,43.078174060137194
1,EV_B07_C030_Mototaxi_Electrica,2.0,85.4226875416606,-1.0,43.078174060137194
1,EV_B07_C030_Mototaxi_Electrica,1.0,85.4226875416606,-1.0,43.078174060137194
1,EV_B07_C030_Mototaxi_Electrica,0.0,85.4226875416606,-1.0,43.078174060137194
3,NONE,-1.0,-0.1,-1.0,-0.1
3,NONE,-1.0,-0.1,-1.0,-0.1
3,NONE,-1.0,-0.1,-1.0,-0.1
3,NONE,-1.0,-0.1,-1.0,-0.1
3,NONE,-1.0,-0.1,-1.0,-0.1
3,NONE,-1.0,-0.1,-1.0,-0.1
3,NONE,-1.0,-0.1,-1.0,-0.1
3,NONE,-1.0,-0.1,-1.0,-0.1
3,NONE,-1.0,-0.1,-1.0,-0.1
3,NONE,-1.0,-0.1,-1.0,-0.1
3,NONE,-1.0,-0.1,-1.0,-0.1
3,NONE,-1.0,-0.1,-1.0,-0.1
3,NONE,-1.0,-0.1,-1.0,-0.1
3,NONE,-1.0,-0.1,-1.0,-0.1
3,NONE,-1.0,-0.1,-1.0,-0.1
3,NONE,-1.0,-0.1,-1.0,-0.1
3,NONE,-1.0,-0.1,-1.0,-0.1
3,NONE,-1.0,-0.1,-1.0,-0.1
3,NONE,-1.0,-0.1,-1.0,-0.1
3,NONE,-1.0,-0.1,-1.0,-0.1
3,NONE,-1.0,-0.1,-1.0,-0.1
3,NONE,-1.0,-0.1,-1.0,-0.1
3,NONE,-1.0,-0.1,-1.0,-0.1
3,NONE,-1.0,-0.1,-1.0,-0.1
3,NONE,-1.0,-0.1,-1.0,-0.1
3,NONE,-1.0,-0.1,-1.0,-0.1
3,NONE,-1.0,-0.1,-1.0,-0.1
3,NONE,-1.0,-0.1,-1.0,-0.1
3,NONE,-1.0,-0.1,-1.0,-0.1
3,NONE,-1.0,-0.1,-1.0,-0.1
3,NONE,-1.0,-0.1,-1.0,-0.1
3,NONE,-1.0,-0.1,-1.0,-0.1
3,NONE,-1.0,-0.1,-1.0,-0.1
3,NONE,-1.0,-0.1,-1.0,-0.1
3,NONE,-1.0,-0.1,-1.0,-0.1
3,NONE,-1.0,-0.1,-1.0,-0.1
3,NONE,-1.0,-0.1,-1.0,-0.1
3,NONE,-1.0,-0.1,-1.0,-0.1
3,NONE,-1.0,-0.1,-1.0,-0.1
3,NONE,-1.0,-0.1,-1.0,-0.1
3,NONE,-1.0,-0.1,-1.0,-0.1
3,NONE,-1.0,-0.1,-1.0,-0.1
3,NONE,-1.0,-0.1,-1.0,-0.1
3,NONE,-1.0,-0.1,-1.0,-0.1
3,NONE,-1.0,-0.1,-1.0,-0.1
3,NONE,-1.0,-0.1,-1.0,-0.1
3,NONE,-1.0,-0.1,-1.0,-0.1
3,NONE,-1.0,-0.1,-1.0,-0.1
3,NONE,-1.0,-0.1,-1.0,-0.1
3,NONE,-1.0,-0.1,-1.0,-0.1
3,NONE,-1.0,-0.1,-1.0,-0.1
3,NONE,-1.0,-0.1,-1.0,-0.1
3,NONE,-1.0,-0.1,-1.0,-0.1
3,NONE,-1.0,-0.1,-1.0,-0.1
3,NONE,-1.0,-0.1,-1.0,-0.1
3,NONE,-1.0,-0.1,-1.0,-0.1
3,NONE,-1.0,-0.1,-1.0,-0.1
3,NONE,-1.0,-0.1,-1.0,-0.1
3,NONE,-1.0,-0.1,-1.0,-0.1
3,NONE,-1.0,-0.1,-1.0,-0.1
3,NONE,-1.0,-0.1,-1.0,-0.1
3,NONE,-1.0,-0.1,-1.0,-0.1
3,NONE,-1.0,-0.1,-1.0,-0.1
3,NONE,-1.0,-0.1,-1.0,-0.1
3,NONE,-1.0,-0.1,-1.0,-0.1
3,NONE,-1.0,-0.1,-1.0,-0.1
3,NONE,-1.0,-0.1,-1.0,-0.1
3,NONE,-1.0,-0.1,-1.0,-0.1
3,NONE,-1.0,-0.1,-1.0,-0.1
3,NONE,-1.0,-0.1,-1.0,-0.1
3,NONE,-1.0,-0.1,-1.0,-0.1
3,NONE,-1.0,-0.1,-1.0,-0.1
3,NONE,-1.0,-0.1,-1.0,-0.1
3,NONE,-1.0,-0.1,-1.0,-0.1
3,NONE,-1.0,-0.1,-1.0,-0.1
3,NONE,-1.0,-0.1,-1.0,-0.1
3,NONE,-1.0,-0.1,-1.0,-0.1
3,NONE,-1.0,-0.1,-1.0,-0.1
3,NONE,-1.0,-0.1,-1.0,-0.1
3,NONE,-1.0,-0.1,-1.0,-0.1
3,NONE,-1.0,-0.1,-1.0,-0.1
3,NONE,-1.0,-0.1,-1.0,-0.1
3,NONE,-1.0,-0.1,-1.0,-0.1
3,NONE,-1.0,-0.1,-1.0,-0.1
3,NONE,-1.0,-0.1,-1.0,-0.1
3,NONE,-1.0,-0.1,-1.0,-0.1
3,NONE,-1.0,-0.1,-1.0,-0.1
3,NONE,-1.0,-0.1,-1.0,-0.1
2,EV_B07_C030_Mototaxi_Electrica,-1.0,-0.1,8.0,32.27148856763347
1,EV_B07_C030_Mototaxi_Electrica,5.0,73.26417776263108,-1.0,32.27148856763347
1,EV_B07_C030_Mototaxi_Electrica,4.0,73.26417776263108,-1.0,32.27148856763347
1,EV_B07_C030_Mototaxi_Electrica,3.0,73.26417776263108,-1.0,32.27148856763347
1,EV_B07_C030_Mototaxi_Electrica,2.0,73.26417776263108,-1.0,32.27148856763347
1,EV_B07_C030_Mototaxi_Electrica,1.0,73.26417776263108,-1.0,32.27148856763347
1,EV_B07_C030_Mototaxi_Electrica,0.0,73.26417776263108,-1.0,32.27148856763347
3,NONE,-1.0,-0.1,-1.0,-0.1
3,NONE,-1.0,-0.1,-1.0,-0.1
3,NONE,-1.0,-0.1,-1.0,-0.1
3,NONE,-1.0,-0.1,-1.0,-0.1
3,NONE,-1.0,-0.1,-1.0,-0.1
3,NONE,-1.0,-0.1,-1.0,-0.1
3,NONE,-1.0,-0.1,-1.0,-0.1
3,NONE,-1.0,-0.1,-1.0,-0.1
3,NONE,-1.0,-0.1,-1.0,-0.1
3,NONE,-1.0,-0.1,-1.0,-0.1
3,NONE,-1.0,-0.1,-1.0,-0.1
3,NONE,-1.0,-0.1,-1.0,-0.1
3,NONE,-1.0,-0.1,-1.0,-0.1
3,NONE,-1.0,-0.1,-1.0,-0.1
3,NONE,-1.0,-0.1,-1.0,-0.1
3,NONE,-1.0,-0.1,-1.0,-0.1
2,EV_B07_C030_Mototaxi_Electrica,-1.0,-0.1,7.0,26.583803472580996
1,EV_B07_C030_Mototaxi_Electrica,7.0,76.61324870020196,-1.0,26.583803472580996
1,EV_B07_C030_Mototaxi_Electrica,6.0,76.61324870020196,-1.0,26.583803472580996
1,EV_B07_C030_Mototaxi_Electrica,5.0,76.61324870020196,-1.0,26.583803472580996
1,EV_B07_C030_Mototaxi_Electrica,4.0,76.61324870020196,-1.0,26.583803472580996
1,EV_B07_C030_Mototaxi_Electrica,3.0,76.61324870020196,-1.0,26.583803472580996
1,EV_B07_C030_Mototaxi_Electrica,2.0,76.61324870020196,-1.0,26.583803472580996
1,EV_B07_C030_Mototaxi_Electrica,1.0,76.61324870020196,-1.0,26.583803472580996
1,EV_B07_C030_Mototaxi_Electrica,0.0,76.61324870020196,-1.0,26.583803472580996
3,NONE,-1.0,-0.1,-1.0,-0.1
3,NONE,-1.0,-0.1,-1.0,-0.1
3,NONE,-1.0,-0.1,-1.0,-0.1
3,NONE,-1.0,-0.1,-1.0,-0.1
3,NONE,-1.0,-0.1,-1.0,-0.1
3,NONE,-1.0,-0.1,-1.0,-0.1
3,NONE,-1.0,-0.1,-1.0,-0.1
3,NONE,-1.0,-0.1,-1.0,-0.1
3,NONE,-1.0,-0.1,-1.0,-0.1
3,NONE,-1.0,-0.1,-1.0,-0.1
3,NONE,-1.0,-0.1,-1.0,-0.1
3,NONE,-1.0,-0.1,-1.0,-0.1
3,NONE,-1.0,-0.1,-1.0,-0.1
3,NONE,-1.0,-0.1,-1.0,-0.1
3,NONE,-1.0,-0.1,-1.0,-0.1
3,NONE,-1.0,-0.1,-1.0,-0.1
3,NONE,-1.0,-0.1,-1.0,-0.1
3,NONE,-1.0,-0.1,-1.0,-0.1
3,NONE,-1.0,-0.1,-1.0,-0.1
3,NONE,-1.0,-0.1,-1.0,-0.1
3,NONE,-1.0,-0.1,-1.0,-0.1
3,NONE,-1.0,-0.1,-1.0,-0.1
3,NONE,-1.0,-0.1,-1.0,-0.1
3,NONE,-1.0,-0.1,-1.0,-0.1
3,NONE,-1.0,-0.1,-1.0,-0.1
3,NONE,-1.0,-0.1,-1.0,-0.1
3,NONE,-1.0,-0.1,-1.0,-0.1
3,NONE,-1.0,-0.1,-1.0,-0.1
3,NONE,-1.0,-0.1,-1.0,-0.1
3,NONE,-1.0,-0.1,-1.0,-0.1
3,NONE,-1.0,-0.1,-1.0,-0.1
3,NONE,-1.0,-0.1,-1.0,-0.1
3,NONE,-1.0,-0.1,-1.0,-0.1
3,NONE,-1.0,-0.1,-1.0,-0.1
3,NONE,-1.0,-0.1,-1.0,-0.1
3,NONE,-1.0,-0.1,-1.0,-0.1
3,NONE,-1.0,-0.1,-1.0,-0.1
3,NONE,-1.0,-0.1,-1.0,-0.1
3,NONE,-1.0,-0.1,-1.0,-0.1
3,NONE,-1.0,-0.1,-1.0,-0.1
2,EV_B07_C030_Mototaxi_Electrica,-1.0,-0.1,8.0,9.268644953063024
1,EV_B07_C030_Mototaxi_Electrica,6.0,85.48696355611624,-1.0,9.268644953063024
1,EV_B07_C030_Mototaxi_Electrica,5.0,85.48696355611624,-1.0,9.268644953063024
1,EV_B07_C030_Mototaxi_Electrica,4.0,85.48696355611624,-1.0,9.268644953063024
1,EV_B07_C030_Mototaxi_Electrica,3.0,85.48696355611624,-1.0,9.268644953063024
1,EV_B07_C030_Mototaxi_Electrica,2.0,85.48696355611624,-1.0,9.268644953063024
1,EV_B07_C030_Mototaxi_Electrica,1.0,85.48696355611624,-1.0,9.268644953063024
1,EV_B07_C030_Mototaxi_Electrica,0.0,85.48696355611624,-1.0,9.268644953063024
3,NONE,-1.0,-0.1,-1.0,-0.1
3,NONE,-1.0,-0.1,-1.0,-0.1
3,NONE,-1.0,-0.1,-1.0,-0.1
3,NONE,-1.0,-0.1,-1.0,-0.1
3,NONE,-1.0,-0.1,-1.0,-0.1
3,NONE,-1.0,-0.1,-1.0,-0.1
3,NONE,-1.0,-0.1,-1.0,-0.1
3,NONE,-1.0,-0.1,-1.0,-0.1
3,NONE,-1.0,-0.1,-1.0,-0.1
3,NONE,-1.0,-0.1,-1.0,-0.1
3,NONE,-1.0,-0.1,-1.0,-0.1
3,NONE,-1.0,-0.1,-1.0,-0.1
3,NONE,-1.0,-0.1,-1.0,-0.1
3,NONE,-1.0,-0.1,-1.0,-0.1
3,NONE,-1.0,-0.1,-1.0,-0.1
2,EV_B07_C030_Mototaxi_Electrica,-1.0,-0.1,7.0,48.32283192306634
1,EV_B07_C030_Mototaxi_Electrica,6.0,84.26030782641506,-1.0,48.32283192306634
1,EV_B07_C030_Mototaxi_Electrica,5.0,84.26030782641506,-1.0,48.32283192306634
1,EV_B07_C030_Mototaxi_Electrica,4.0,84.26030782641506,-1.0,48.32283192306634
1,EV_B07_C030_Mototaxi_Electrica,3.0,84.26030782641506,-1.0,48.32283192306634
1,EV_B07_C030_Mototaxi_Electrica,2.0,84.26030782641506,-1.0,48.32283192306634
1,EV_B07_C030_Mototaxi_Electrica,1.0,84.26030782641506,-1.0,48.32283192306634
1,EV_B07_C030_Mototaxi_Electrica,0.0,84.26030782641506,-1.0,48.32283192306634
3,NONE,-1.0,-0.1,-1.0,-0.1
3,NONE,-1.0,-0.1,-1.0,-0.1
3,NONE,-1.0,-0.1,-1.0,-0.1
3,NONE,-1.0,-0.1,-1.0,-0.1
3,NONE,-1.0,-0.1,-1.0,-0.1
3,NONE,-1.0,-0.1,-1.0,-0.1
3,NONE,-1.0,-0.1,-1.0,-0.1
3,NONE,-1.0,-0.1,-1.0,-0.1
3,NONE,-1.0,-0.1,-1.0,-0.1
3,NONE,-1.0,-0.1,-1.0,-0.1
3,NONE,-1.0,-0.1,-1.0,-0.1
3,NONE,-1.0,-0.1,-1.0,-0.1
3,NONE,-1.0,-0.1,-1.0,-0.1
3,NONE,-1.0,-0.1,-1.0,-0.1
3,NONE,-1.0,-0.1,-1.0,-0.1
3,NONE,-1.0,-0.1,-1.0,-0.1
3,NONE,-1.0,-0.1,-1.0,-0.1
3,NONE,-1.0,-0.1,-1.0,-0.1
3,NONE,-1.0,-0.1,-1.0,-0.1
3,NONE,-1.0,-0.1,-1.0,-0.1
3,NONE,-1.0,-0.1,-1.0,-0.1
3,NONE,-1.0,-0.1,-1.0,-0.1
3,NONE,-1.0,-0.1,-1.0,-0.1
3,NONE,-1.0,-0.1,-1.0,-0.1
3,NONE,-1.0,-0.1,-1.0,-0.1
3,NONE,-1.0,-0.1,-1.0,-0.1
3,NONE,-1.0,-0.1,-1.0,-0.1
3,NONE,-1.0,-0.1,-1.0,-0.1
3,NONE,-1.0,-0.1,-1.0,-0.1
3,NONE,-1.0,-0.1,-1.0,-0.1
3,NONE,-1.0,-0.1,-1.0,-0.1
3,NONE,-1.0,-0.1,-1.0,-0.1
3,NONE,-1.0,-0.1,-1.0,-0.1
3,NONE,-1.0,-0.1,-1.0,-0.1
3,NONE,-1.0,-0.1,-1.0,-0.1
3,NONE,-1.0,-0.1,-1.0,-0.1
3,NONE,-1.0,-0.1,-1.0,-0.1
3,NONE,-1.0,-0.1,-1.0,-0.1
3,NONE,-1.0,-0.1,-1.0,-0.1
3,NONE,-1.0,-0.1,-1.0,-0.1
3,NONE,-1.0,-0.1,-1.0,-0.1
3,NONE,-1.0,-0.1,-1.0,-0.1
3,NONE,-1.0,-0.1,-1.0,-0.1
3,NONE,-1.0,-0.1,-1.0,-0.1
3,NONE,-1.0,-0.1,-1.0,-0.1
3,NONE,-1.0,-0.1,-1.0,-0.1
3,NONE,-1.0,-0.1,-1.0,-0.1
3,NONE,-1.0,-0.1,-1.0,-0.1
3,NONE,-1.0,-0.1,-1.0,-0.1
3,NONE,-1.0,-0.1,-1.0,-0.1
3,NONE,-1.0,-0.1,-1.0,-0.1
3,NONE,-1.0,-0.1,-1.0,-0.1
3,NONE,-1.0,-0.1,-1.0,-0.1
3,NONE,-1.0,-0.1,-1.0,-0.1
3,NONE,-1.0,-0.1,-1.0,-0.1
3,NONE,-1.0,-0.1,-1.0,-0.1
3,NONE,-1.0,-0.1,-1.0,-0.1
3,NONE,-1.0,-0.1,-1.0,-0.1
3,NONE,-1.0,-0.1,-1.0,-0.1
3,NONE,-1.0,-0.1,-1.0,-0.1
3,NONE,-1.0,-0.1,-1.0,-0.1
3,NONE,-1.0,-0.1,-1.0,-0.1
3,NONE,-1.0,-0.1,-1.0,-0.1
3,NONE,-1.0,-0.1,-1.0,-0.1
3,NONE,-1.0,-0.1,-1.0,-0.1
3,NONE,-1.0,-0.1,-1.0,-0.1
3,NONE,-1.0,-0.1,-1.0,-0.1
3,NONE,-1.0,-0.1,-1.0,-0.1
3,NONE,-1.0,-0.1,-1.0,-0.1
3,NONE,-1.0,-0.1,-1.0,-0.1
3,NONE,-1.0,-0.1,-1.0,-0.1
3,NONE,-1.0,-0.1,-1.0,-0.1
3,NONE,-1.0,-0.1,-1.0,-0.1
3,NONE,-1.0,-0.1,-1.0,-0.1
3,NONE,-1.0,-0.1,-1.0,-0.1
3,NONE,-1.0,-0.1,-1.0,-0.1
3,NONE,-1.0,-0.1,-1.0,-0.1
3,NONE,-1.0,-0.1,-1.0,-0.1
3,NONE,-1.0,-0.1,-1.0,-0.1
3,NONE,-1.0,-0.1,-1.0,-0.1
3,NONE,-1.0,-0.1,-1.0,-0.1
3,NONE,-1.0,-0.1,-1.0,-0.1
3,NONE,-1.0,-0.1,-1.0,-0.1
3,NONE,-1.0,-0.1,-1.0,-0.1
3,NONE,-1.0,-0.1,-1.0,-0.1
3,NONE,-1.0,-0.1,-1.0,-0.1
3,NONE,-1.0,-0.1,-1.0,-0.1
3,NONE,-1.0,-0.1,-1.0,-0.1
3,NONE,-1.0,-0.1,-1.0,-0.1
3,NONE,-1.0,-0.1,-1.0,-0.1
2,EV_B07_C030_Mototaxi_Electrica,-1.0,-0.1,9.0,19.039983447879088
1,EV_B07_C030_Mototaxi_Electrica,5.0,98.45258853806796,-1.0,19.039983447879088
1,EV_B07_C030_Mototaxi_Electrica,4.0,98.45258853806796,-1.0,19.039983447879088
1,EV_B07_C030_Mototaxi_Electrica,3.0,98.45258853806796,-1.0,19.039983447879088
1,EV_B07_C030_Mototaxi_Electrica,2.0,98.45258853806796,-1.0,19.039983447879088
1,EV_B07_C030_Mototaxi_Electrica,1.0,98.45258853806796,-1.0,19.039983447879088
1,EV_B07_C030_Mototaxi_Electrica,0.0,98.45258853806796,-1.0,19.039983447879088
3,NONE,-1.0,-0.1,-1.0,-0.1
3,NONE,-1.0,-0.1,-1.0,-0.1
3,NONE,-1.0,-0.1,-1.0,-0.1
3,NONE,-1.0,-0.1,-1.0,-0.1
3,NONE,-1.0,-0.1,-1.0,-0.1
3,NONE,-1.0,-0.1,-1.0,-0.1
3,NONE,-1.0,-0.1,-1.0,-0.1
3,NONE,-1.0,-0.1,-1.0,-0.1
3,NONE,-1.0,-0.1,-1.0,-0.1
3,NONE,-1.0,-0.1,-1.0,-0.1
3,NONE,-1.0,-0.1,-1.0,-0.1
3,NONE,-1.0,-0.1,-1.0,-0.1
3,NONE,-1.0,-0.1,-1.0,-0.1
3,NONE,-1.0,-0.1,-1.0,-0.1
3,NONE,-1.0,-0.1,-1.0,-0.1
3,NONE,-1.0,-0.1,-1.0,-0.1
3,NONE,-1.0,-0.1,-1.0,-0.1
3,NONE,-1.0,-0.1,-1.0,-0.1
3,NONE,-1.0,-0.1,-1.0,-0.1
2,EV_B07_C030_Mototaxi_Electrica,-1.0,-0.1,11.0,12.146657667311715
1,EV_B07_C030_Mototaxi_Electrica,3.0,88.50277890337108,-1.0,12.146657667311715
1,EV_B07_C030_Mototaxi_Electrica,2.0,88.50277890337108,-1.0,12.146657667311715
1,EV_B07_C030_Mototaxi_Electrica,1.0,88.50277890337108,-1.0,12.146657667311715
1,EV_B07_C030_Mototaxi_Electrica,0.0,88.50277890337108,-1.0,12.146657667311715
3,NONE,-1.0,-0.1,-1.0,-0.1
3,NONE,-1.0,-0.1,-1.0,-0.1
3,NONE,-1.0,-0.1,-1.0,-0.1
3,NONE,-1.0,-0.1,-1.0,-0.1
3,NONE,-1.0,-0.1,-1.0,-0.1
3,NONE,-1.0,-0.1,-1.0,-0.1
3,NONE,-1.0,-0.1,-1.0,-0.1
3,NONE,-1.0,-0.1,-1.0,-0.1
3,NONE,-1.0,-0.1,-1.0,-0.1
3,NONE,-1.0,-0.1,-1.0,-0.1
3,NONE,-1.0,-0.1,-1.0,-0.1
3,NONE,-1.0,-0.1,-1.0,-0.1
3,NONE,-1.0,-0.1,-1.0,-0.1
3,NONE,-1.0,-0.1,-1.0,-0.1
3,NONE,-1.0,-0.1,-1.0,-0.1
3,NONE,-1.0,-0.1,-1.0,-0.1
3,NONE,-1.0,-0.1,-1.0,-0.1
2,EV_B07_C030_Mototaxi_Electrica,-1.0,-0.1,9.0,37.104267440275386
1,EV_B07_C030_Mototaxi_Electrica,5.0,85.49594153685038,-1.0,37.104267440275386
1,EV_B07_C030_Mototaxi_Electrica,4.0,85.49594153685038,-1.0,37.104267440275386
1,EV_B07_C030_Mototaxi_Electrica,3.0,85.49594153685038,-1.0,37.104267440275386
1,EV_B07_C030_Mototaxi_Electrica,2.0,85.49594153685038,-1.0,37.104267440275386
1,EV_B07_C030_Mototaxi_Electrica,1.0,85.49594153685038,-1.0,37.104267440275386
1,EV_B07_C030_Mototaxi_Electrica,0.0,85.49594153685038,-1.0,37.104267440275386
3,NONE,-1.0,-0.1,-1.0,-0.1
3,NONE,-1.0,-0.1,-1.0,-0.1
3,NONE,-1.0,-0.1,-1.0,-0.1
3,NONE,-1.0,-0.1,-1.0,-0.1
3,NONE,-1.0,-0.1,-1.0,-0.1
3,NONE,-1.0,-0.1,-1.0,-0.1
3,NONE,-1.0,-0.1,-1.0,-0.1
3,NONE,-1.0,-0.1,-1.0,-0.1
3,NONE,-1.0,-0.1,-1.0,-0.1
3,NONE,-1.0,-0.1,-1.0,-0.1
3,NONE,-1.0,-0.1,-1.0,-0.1
3,NONE,-1.0,-0.1,-1.0,-0.1
3,NONE,-1.0,-0.1,-1.0,-0.1
3,NONE,-1.0,-0.1,-1.0,-0.1
3,NONE,-1.0,-0.1,-1.0,-0.1
2,EV_B07_C030_Mototaxi_Electrica,-1.0,-0.1,7.0,62.37588753944589
1,EV_B07_C030_Mototaxi_Electrica,7.0,83.79680713188634,-1.0,62.37588753944589
1,EV_B07_C030_Mototaxi_Electrica,6.0,83.79680713188634,-1.0,62.37588753944589
1,EV_B07_C030_Mototaxi_Electrica,5.0,83.79680713188634,-1.0,62.37588753944589
1,EV_B07_C030_Mototaxi_Electrica,4.0,83.79680713188634,-1.0,62.37588753944589
1,EV_B07_C030_Mototaxi_Electrica,3.0,83.79680713188634,-1.0,62.37588753944589
1,EV_B07_C030_Mototaxi_Electrica,2.0,83.79680713188634,-1.0,62.37588753944589
1,EV_B07_C030_Mototaxi_Electrica,1.0,83.79680713188634,-1.0,62.37588753944589
1,EV_B07_C030_Mototaxi_Electrica,0.0,83.79680713188634,-1.0,62.37588753944589
3,NONE,-1.0,-0.1,-1.0,-0.1
3,NONE,-1.0,-0.1,-1.0,-0.1
3,NONE,-1.0,-0.1,-1.0,-0.1
3,NONE,-1.0,-0.1,-1.0,-0.1
3,NONE,-1.0,-0.1,-1.0,-0.1
3,NONE,-1.0,-0.1,-1.0,-0.1
3,NONE,-1.0,-0.1,-1.0,-0.1
3,NONE,-1.0,-0.1,-1.0,-0.1
3,NONE,-1.0,-0.1,-1.0,-0.1
3,NONE,-1.0,-0.1,-1.0,-0.1
3,NONE,-1.0,-0.1,-1.0,-0.1
3,NONE,-1.0,-0.1,-1.0,-0.1
3,NONE,-1.0,-0.1,-1.0,-0.1
3,NONE,-1.0,-0.1,-1.0,-0.1
3,NONE,-1.0,-0.1,-1.0,-0.1
3,NONE,-1.0,-0.1,-1.0,-0.1
3,NONE,-1.0,-0.1,-1.0,-0.1
3,NONE,-1.0,-0.1,-1.0,-0.1
3,NONE,-1.0,-0.1,-1.0,-0.1
3,NONE,-1.0,-0.1,-1.0,-0.1
3,NONE,-1.0,-0.1,-1.0,-0.1
3,NONE,-1.0,-0.1,-1.0,-0.1
3,NONE,-1.0,-0.1,-1.0,-0.1
3,NONE,-1.0,-0.1,-1.0,-0.1
3,NONE,-1.0,-0.1,-1.0,-0.1
3,NONE,-1.0,-0.1,-1.0,-0.1
3,NONE,-1.0,-0.1,-1.0,-0.1
3,NONE,-1.0,-0.1,-1.0,-0.1
3,NONE,-1.0,-0.1,-1.0,-0.1
3,NONE,-1.0,-0.1,-1.0,-0.1
3,NONE,-1.0,-0.1,-1.0,-0.1
3,NONE,-1.0,-0.1,-1.0,-0.1
3,NONE,-1.0,-0.1,-1.0,-0.1
3,NONE,-1.0,-0.1,-1.0,-0.1
3,NONE,-1.0,-0.1,-1.0,-0.1
3,NONE,-1.0,-0.1,-1.0,-0.1
3,NONE,-1.0,-0.1,-1.0,-0.1
3,NONE,-1.0,-0.1,-1.0,-0.1
3,NONE,-1.0,-0.1,-1.0,-0.1
3,NONE,-1.0,-0.1,-1.0,-0.1
3,NONE,-1.0,-0.1,-1.0,-0.1
3,NONE,-1.0,-0.1,-1.0,-0.1
3,NONE,-1.0,-0.1,-1.0,-0.1
3,NONE,-1.0,-0.1,-1.0,-0.1
3,NONE,-1.0,-0.1,-1.0,-0.1
3,NONE,-1.0,-0.1,-1.0,-0.1
3,NONE,-1.0,-0.1,-1.0,-0.1
3,NONE,-1.0,-0.1,-1.0,-0.1
3,NONE,-1.0,-0.1,-1.0,-0.1
3,NONE,-1.0,-0.1,-1.0,-0.1
3,NONE,-1.0,-0.1,-1.0,-0.1
3,NONE,-1.0,-0.1,-1.0,-0.1
3,NONE,-1.0,-0.1,-1.0,-0.1
3,NONE,-1.0,-0.1,-1.0,-0.1
3,NONE,-1.0,-0.1,-1.0,-0.1
3,NONE,-1.0,-0.1,-1.0,-0.1
3,NONE,-1.0,-0.1,-1.0,-0.1
3,NONE,-1.0,-0.1,-1.0,-0.1
3,NONE,-1.0,-0.1,-1.0,-0.1
3,NONE,-1.0,-0.1,-1.0,-0.1
3,NONE,-1.0,-0.1,-1.0,-0.1
3,NONE,-1.0,-0.1,-1.0,-0.1
3,NONE,-1.0,-0.1,-1.0,-0.1
3,NONE,-1.0,-0.1,-1.0,-0.1
3,NONE,-1.0,-0.1,-1.0,-0.1
3,NONE,-1.0,-0.1,-1.0,-0.1
3,NONE,-1.0,-0.1,-1.0,-0.1
3,NONE,-1.0,-0.1,-1.0,-0.1
3,NONE,-1.0,-0.1,-1.0,-0.1
3,NONE,-1.0,-0.1,-1.0,-0.1
3,NONE,-1.0,-0.1,-1.0,-0.1
3,NONE,-1.0,-0.1,-1.0,-0.1
3,NONE,-1.0,-0.1,-1.0,-0.1
3,NONE,-1.0,-0.1,-1.0,-0.1
3,NONE,-1.0,-0.1,-1.0,-0.1
3,NONE,-1.0,-0.1,-1.0,-0.1
3,NONE,-1.0,-0.1,-1.0,-0.1
3,NONE,-1.0,-0.1,-1.0,-0.1
3,NONE,-1.0,-0.1,-1.0,-0.1
3,NONE,-1.0,-0.1,-1.0,-0.1
3,NONE,-1.0,-0.1,-1.0,-0.1
3,NONE,-1.0,-0.1,-1.0,-0.1
3,NONE,-1.0,-0.1,-1.0,-0.1
3,NONE,-1.0,-0.1,-1.0,-0.1
3,NONE,-1.0,-0.1,-1.0,-0.1
3,NONE,-1.0,-0.1,-1.0,-0.1
3,NONE,-1.0,-0.1,-1.0,-0.1
3,NONE,-1.0,-0.1,-1.0,-0.1
3,NONE,-1.0,-0.1,-1.0,-0.1
3,NONE,-1.0,-0.1,-1.0,-0.1
3,NONE,-1.0,-0.1,-1.0,-0.1
3,NONE,-1.0,-0.1,-1.0,-0.1
3,NONE,-1.0,-0.1,-1.0,-0.1
3,NONE,-1.0,-0.1,-1.0,-0.1
3,NONE,-1.0,-0.1,-1.0,-0.1
3,NONE,-1.0,-0.1,-1.0,-0.1
3,NONE,-1.0,-0.1,-1.0,-0.1
3,NONE,-1.0,-0.1,-1.0,-0.1
3,NONE,-1.0,-0.1,-1.0,-0.1
3,NONE,-1.0,-0.1,-1.0,-0.1
3,NONE,-1.0,-0.1,-1.0,-0.1
3,NONE,-1.0,-0.1,-1.0,-0.1
3,NONE,-1.0,-0.1,-1.0,-0.1
3,NONE,-1.0,-0.1,-1.0,-0.1
3,NONE,-1.0,-0.1,-1.0,-0.1
3,NONE,-1.0,-0.1,-1.0,-0.1
3,NONE,-1.0,-0.1,-1.0,-0.1
3,NONE,-1.0,-0.1,-1.0,-0.1
3,NONE,-1.0,-0.1,-1.0,-0.1
3,NONE,-1.0,-0.1,-1.0,-0.1
3,NONE,-1.0,-0.1,-1.0,-0.1
3,NONE,-1.0,-0.1,-1.0,-0.1
3,NONE,-1.0,-0.1,-1.0,-0.1
3,NONE,-1.0,-0.1,-1.0,-0.1
3,NONE,-1.0,-0.1,-1.0,-0.1
3,NONE,-1.0,-0.1,-1.0,-0.1
3,NONE,-1.0,-0.1,-1.0,-0.1
3,NONE,-1.0,-0.1,-1.0,-0.1
3,NONE,-1.0,-0.1,-1.0,-0.1
3,NONE,-1.0,-0.1,-1.0,-0.1
3,NONE,-1.0,-0.1,-1.0,-0.1
3,NONE,-1.0,-0.1,-1.0,-0.1
3,NONE,-1.0,-0.1,-1.0,-0.1
3,NONE,-1.0,-0.1,-1.0,-0.1
3,NONE,-1.0,-0.1,-1.0,-0.1
3,NONE,-1.0,-0.1,-1.0,-0.1
3,NONE,-1.0,-0.1,-1.0,-0.1
3,NONE,-1.0,-0.1,-1.0,-0.1
3,NONE,-1.0,-0.1,-1.0,-0.1
3,NONE,-1.0,-0.1,-1.0,-0.1
3,NONE,-1.0,-0.1,-1.0,-0.1
3,NONE,-1.0,-0.1,-1.0,-0.1
3,NONE,-1.0,-0.1,-1.0,-0.1
3,NONE,-1.0,-0.1,-1.0,-0.1
3,NONE,-1.0,-0.1,-1.0,-0.1
2,EV_B07_C030_Mototaxi_Electrica,-1.0,-0.1,7.0,17.59040728674464
1,EV_B07_C030_Mototaxi_Electrica,6.0,83.05640483822815,-1.0,17.59040728674464
1,EV_B07_C030_Mototaxi_Electrica,5.0,83.05640483822815,-1.0,17.59040728674464
1,EV_B07_C030_Mototaxi_Electrica,4.0,83.05640483822815,-1.0,17.59040728674464
1,EV_B07_C030_Mototaxi_Electrica,3.0,83.05640483822815,-1.0,17.59040728674464
1,EV_B07_C030_Mototaxi_Electrica,2.0,83.05640483822815,-1.0,17.59040728674464
1,EV_B07_C030_Mototaxi_Electrica,1.0,83.05640483822815,-1.0,17.59040728674464
1,EV_B07_C030_Mototaxi_Electrica,0.0,83.05640483822815,-1.0,17.59040728674464
3,NONE,-1.0,-0.1,-1.0,-0.1
3,NONE,-1.0,-0.1,-1.0,-0.1
3,NONE,-1.0,-0.1,-1.0,-0.1
3,NONE,-1.0,-0.1,-1.0,-0.1
3,NONE,-1.0,-0.1,-1.0,-0.1
3,NONE,-1.0,-0.1,-1.0,-0.1
3,NONE,-1.0,-0.1,-1.0,-0.1
3,NONE,-1.0,-0.1,-1.0,-0.1
3,NONE,-1.0,-0.1,-1.0,-0.1
3,NONE,-1.0,-0.1,-1.0,-0.1
3,NONE,-1.0,-0.1,-1.0,-0.1
3,NONE,-1.0,-0.1,-1.0,-0.1
3,NONE,-1.0,-0.1,-1.0,-0.1
3,NONE,-1.0,-0.1,-1.0,-0.1
3,NONE,-1.0,-0.1,-1.0,-0.1
3,NONE,-1.0,-0.1,-1.0,-0.1
3,NONE,-1.0,-0.1,-1.0,-0.1
3,NONE,-1.0,-0.1,-1.0,-0.1
2,EV_B07_C030_Mototaxi_Electrica,-1.0,-0.1,9.0,44.15345642352899
1,EV_B07_C030_Mototaxi_Electrica,5.0,78.49038529018996,-1.0,44.15345642352899
1,EV_B07_C030_Mototaxi_Electrica,4.0,78.49038529018996,-1.0,44.15345642352899
1,EV_B07_C030_Mototaxi_Electrica,3.0,78.49038529018996,-1.0,44.15345642352899
1,EV_B07_C030_Mototaxi_Electrica,2.0,78.49038529018996,-1.0,44.15345642352899
1,EV_B07_C030_Mototaxi_Electrica,1.0,78.49038529018996,-1.0,44.15345642352899
1,EV_B07_C030_Mototaxi_Electrica,0.0,78.49038529018996,-1.0,44.15345642352899
3,NONE,-1.0,-0.1,-1.0,-0.1
3,NONE,-1.0,-0.1,-1.0,-0.1
3,NONE,-1.0,-0.1,-1.0,-0.1
3,NONE,-1.0,-0.1,-1.0,-0.1
3,NONE,-1.0,-0.1,-1.0,-0.1
3,NONE,-1.0,-0.1,-1.0,-0.1
3,NONE,-1.0,-0.1,-1.0,-0.1
3,NONE,-1.0,-0.1,-1.0,-0.1
3,NONE,-1.0,-0.1,-1.0,-0.1
3,NONE,-1.0,-0.1,-1.0,-0.1
3,NONE,-1.0,-0.1,-1.0,-0.1
3,NONE,-1.0,-0.1,-1.0,-0.1
3,NONE,-1.0,-0.1,-1.0,-0.1
3,NONE,-1.0,-0.1,-1.0,-0.1
3,NONE,-1.0,-0.1,-1.0,-0.1
3,NONE,-1.0,-0.1,-1.0,-0.1
3,NONE,-1.0,-0.1,-1.0,-0.1
3,NONE,-1.0,-0.1,-1.0,-0.1
3,NONE,-1.0,-0.1,-1.0,-0.1
3,NONE,-1.0,-0.1,-1.0,-0.1
3,NONE,-1.0,-0.1,-1.0,-0.1
3,NONE,-1.0,-0.1,-1.0,-0.1
3,NONE,-1.0,-0.1,-1.0,-0.1
3,NONE,-1.0,-0.1,-1.0,-0.1
3,NONE,-1.0,-0.1,-1.0,-0.1
3,NONE,-1.0,-0.1,-1.0,-0.1
3,NONE,-1.0,-0.1,-1.0,-0.1
3,NONE,-1.0,-0.1,-1.0,-0.1
3,NONE,-1.0,-0.1,-1.0,-0.1
3,NONE,-1.0,-0.1,-1.0,-0.1
3,NONE,-1.0,-0.1,-1.0,-0.1
3,NONE,-1.0,-0.1,-1.0,-0.1
3,NONE,-1.0,-0.1,-1.0,-0.1
3,NONE,-1.0,-0.1,-1.0,-0.1
3,NONE,-1.0,-0.1,-1.0,-0.1
3,NONE,-1.0,-0.1,-1.0,-0.1
3,NONE,-1.0,-0.1,-1.0,-0.1
3,NONE,-1.0,-0.1,-1.0,-0.1
3,NONE,-1.0,-0.1,-1.0,-0.1
3,NONE,-1.0,-0.1,-1.0,-0.1
3,NONE,-1.0,-0.1,-1.0,-0.1
3,NONE,-1.0,-0.1,-1.0,-0.1
3,NONE,-1.0,-0.1,-1.0,-0.1
3,NONE,-1.0,-0.1,-1.0,-0.1
3,NONE,-1.0,-0.1,-1.0,-0.1
3,NONE,-1.0,-0.1,-1.0,-0.1
3,NONE,-1.0,-0.1,-1.0,-0.1
3,NONE,-1.0,-0.1,-1.0,-0.1
3,NONE,-1.0,-0.1,-1.0,-0.1
3,NONE,-1.0,-0.1,-1.0,-0.1
3,NONE,-1.0,-0.1,-1.0,-0.1
3,NONE,-1.0,-0.1,-1.0,-0.1
3,NONE,-1.0,-0.1,-1.0,-0.1
3,NONE,-1.0,-0.1,-1.0,-0.1
3,NONE,-1.0,-0.1,-1.0,-0.1
3,NONE,-1.0,-0.1,-1.0,-0.1
3,NONE,-1.0,-0.1,-1.0,-0.1
3,NONE,-1.0,-0.1,-1.0,-0.1
3,NONE,-1.0,-0.1,-1.0,-0.1
3,NONE,-1.0,-0.1,-1.0,-0.1
3,NONE,-1.0,-0.1,-1.0,-0.1
3,NONE,-1.0,-0.1,-1.0,-0.1
3,NONE,-1.0,-0.1,-1.0,-0.1
3,NONE,-1.0,-0.1,-1.0,-0.1
2,EV_B07_C030_Mototaxi_Electrica,-1.0,-0.1,8.0,22.245796572019508
1,EV_B07_C030_Mototaxi_Electrica,6.0,88.68326441688656,-1.0,22.245796572019508
1,EV_B07_C030_Mototaxi_Electrica,5.0,88.68326441688656,-1.0,22.245796572019508
1,EV_B07_C030_Mototaxi_Electrica,4.0,88.68326441688656,-1.0,22.245796572019508
1,EV_B07_C030_Mototaxi_Electrica,3.0,88.68326441688656,-1.0,22.245796572019508
1,EV_B07_C030_Mototaxi_Electrica,2.0,88.68326441688656,-1.0,22.245796572019508
1,EV_B07_C030_Mototaxi_Electrica,1.0,88.68326441688656,-1.0,22.245796572019508
1,EV_B07_C030_Mototaxi_Electrica,0.0,88.68326441688656,-1.0,22.245796572019508
3,NONE,-1.0,-0.1,-1.0,-0.1
3,NONE,-1.0,-0.1,-1.0,-0.1
3,NONE,-1.0,-0.1,-1.0,-0.1
3,NONE,-1.0,-0.1,-1.0,-0.1
3,NONE,-1.0,-0.1,-1.0,-0.1
3,NONE,-1.0,-0.1,-1.0,-0.1
3,NONE,-1.0,-0.1,-1.0,-0.1
3,NONE,-1.0,-0.1,-1.0,-0.1
3,NONE,-1.0,-0.1,-1.0,-0.1
3,NONE,-1.0,-0.1,-1.0,-0.1
3,NONE,-1.0,-0.1,-1.0,-0.1
3,NONE,-1.0,-0.1,-1.0,-0.1
3,NONE,-1.0,-0.1,-1.0,-0.1
3,NONE,-1.0,-0.1,-1.0,-0.1
3,NONE,-1.0,-0.1,-1.0,-0.1
3,NONE,-1.0,-0.1,-1.0,-0.1
3,NONE,-1.0,-0.1,-1.0,-0.1
3,NONE,-1.0,-0.1,-1.0,-0.1
2,EV_B07_C030_Mototaxi_Electrica,-1.0,-0.1,10.0,50.38711254348816
1,EV_B07_C030_Mototaxi_Electrica,4.0,77.37950989975917,-1.0,50.38711254348816
1,EV_B07_C030_Mototaxi_Electrica,3.0,77.37950989975917,-1.0,50.38711254348816
1,EV_B07_C030_Mototaxi_Electrica,2.0,77.37950989975917,-1.0,50.38711254348816
1,EV_B07_C030_Mototaxi_Electrica,1.0,77.37950989975917,-1.0,50.38711254348816
1,EV_B07_C030_Mototaxi_Electrica,0.0,77.37950989975917,-1.0,50.38711254348816
3,NONE,-1.0,-0.1,-1.0,-0.1
3,NONE,-1.0,-0.1,-1.0,-0.1
3,NONE,-1.0,-0.1,-1.0,-0.1
3,NONE,-1.0,-0.1,-1.0,-0.1
3,NONE,-1.0,-0.1,-1.0,-0.1
3,NONE,-1.0,-0.1,-1.0,-0.1
3,NONE,-1.0,-0.1,-1.0,-0.1
3,NONE,-1.0,-0.1,-1.0,-0.1
3,NONE,-1.0,-0.1,-1.0,-0.1
3,NONE,-1.0,-0.1,-1.0,-0.1
3,NONE,-1.0,-0.1,-1.0,-0.1
3,NONE,-1.0,-0.1,-1.0,-0.1
3,NONE,-1.0,-0.1,-1.0,-0.1
3,NONE,-1.0,-0.1,-1.0,-0.1
3,NONE,-1.0,-0.1,-1.0,-0.1
3,NONE,-1.0,-0.1,-1.0,-0.1
3,NONE,-1.0,-0.1,-1.0,-0.1
2,EV_B07_C030_Mototaxi_Electrica,-1.0,-0.1,9.0,34.61074271256187
1,EV_B07_C030_Mototaxi_Electrica,5.0,82.0124176664009,-1.0,34.61074271256187
1,EV_B07_C030_Mototaxi_Electrica,4.0,82.0124176664009,-1.0,34.61074271256187
1,EV_B07_C030_Mototaxi_Electrica,3.0,82.0124176664009,-1.0,34.61074271256187
1,EV_B07_C030_Mototaxi_Electrica,2.0,82.0124176664009,-1.0,34.61074271256187
1,EV_B07_C030_Mototaxi_Electrica,1.0,82.0124176664009,-1.0,34.61074271256187
1,EV_B07_C030_Mototaxi_Electrica,0.0,82.0124176664009,-1.0,34.61074271256187
3,NONE,-1.0,-0.1,-1.0,-0.1
3,NONE,-1.0,-0.1,-1.0,-0.1
3,NONE,-1.0,-0.1,-1.0,-0.1
3,NONE,-1.0,-0.1,-1.0,-0.1
3,NONE,-1.0,-0.1,-1.0,-0.1
3,NONE,-1.0,-0.1,-1.0,-0.1
3,NONE,-1.0,-0.1,-1.0,-0.1
3,NONE,-1.0,-0.1,-1.0,-0.1
3,NONE,-1.0,-0.1,-1.0,-0.1
3,NONE,-1.0,-0.1,-1.0,-0.1
3,NONE,-1.0,-0.1,-1.0,-0.1
3,NONE,-1.0,-0.1,-1.0,-0.1
3,NONE,-1.0,-0.1,-1.0,-0.1
3,NONE,-1.0,-0.1,-1.0,-0.1
3,NONE,-1.0,-0.1,-1.0,-0.1
3,NONE,-1.0,-0.1,-1.0,-0.1
3,NONE,-1.0,-0.1,-1.0,-0.1
2,EV_B07_C030_Mototaxi_Electrica,-1.0,-0.1,9.0,47.95189740826267
1,EV_B07_C030_Mototaxi_Electrica,5.0,96.6031848768427,-1.0,47.95189740826267
1,EV_B07_C030_Mototaxi_Electrica,4.0,96.6031848768427,-1.0,47.95189740826267
1,EV_B07_C030_Mototaxi_Electrica,3.0,96.6031848768427,-1.0,47.95189740826267
1,EV_B07_C030_Mototaxi_Electrica,2.0,96.6031848768427,-1.0,47.95189740826267
1,EV_B07_C030_Mototaxi_Electrica,1.0,96.6031848768427,-1.0,47.95189740826267
1,EV_B07_C030_Mototaxi_Electrica,0.0,96.6031848768427,-1.0,47.95189740826267
3,NONE,-1.0,-0.1,-1.0,-0.1
3,NONE,-1.0,-0.1,-1.0,-0.1
3,NONE,-1.0,-0.1,-1.0,-0.1
3,NONE,-1.0,-0.1,-1.0,-0.1
3,NONE,-1.0,-0.1,-1.0,-0.1
3,NONE,-1.0,-0.1,-1.0,-0.1
3,NONE,-1.0,-0.1,-1.0,-0.1
3,NONE,-1.0,-0.1,-1.0,-0.1
3,NONE,-1.0,-0.1,-1.0,-0.1
3,NONE,-1.0,-0.1,-1.0,-0.1
3,NONE,-1.0,-0.1,-1.0,-0.1
3,NONE,-1.0,-0.1,-1.0,-0.1
3,NONE,-1.0,-0.1,-1.0,-0.1
3,NONE,-1.0,-0.1,-1.0,-0.1
3,NONE,-1.0,-0.1,-1.0,-0.1
3,NONE,-1.0,-0.1,-1.0,-0.1
3,NONE,-1.0,-0.1,-1.0,-0.1
2,EV_B07_C030_Mototaxi_Electrica,-1.0,-0.1,9.0,15.973645813747435
1,EV_B07_C030_Mototaxi_Electrica,5.0,82.20121828405031,-1.0,15.973645813747435
1,EV_B07_C030_Mototaxi_Electrica,4.0,82.20121828405031,-1.0,15.973645813747435
1,EV_B07_C030_Mototaxi_Electrica,3.0,82.20121828405031,-1.0,15.973645813747435
1,EV_B07_C030_Mototaxi_Electrica,2.0,82.20121828405031,-1.0,15.973645813747435
1,EV_B07_C030_Mototaxi_Electrica,1.0,82.20121828405031,-1.0,15.973645813747435
1,EV_B07_C030_Mototaxi_Electrica,0.0,82.20121828405031,-1.0,15.973645813747435
3,NONE,-1.0,-0.1,-1.0,-0.1
3,NONE,-1.0,-0.1,-1.0,-0.1
3,NONE,-1.0,-0.1,-1.0,-0.1
3,NONE,-1.0,-0.1,-1.0,-0.1
3,NONE,-1.0,-0.1,-1.0,-0.1
3,NONE,-1.0,-0.1,-1.0,-0.1
3,NONE,-1.0,-0.1,-1.0,-0.1
3,NONE,-1.0,-0.1,-1.0,-0.1
3,NONE,-1.0,-0.1,-1.0,-0.1
3,NONE,-1.0,-0.1,-1.0,-0.1
3,NONE,-1.0,-0.1,-1.0,-0.1
3,NONE,-1.0,-0.1,-1.0,-0.1
3,NONE,-1.0,-0.1,-1.0,-0.1
3,NONE,-1.0,-0.1,-1.0,-0.1
3,NONE,-1.0,-0.1,-1.0,-0.1
3,NONE,-1.0,-0.1,-1.0,-0.1
3,NONE,-1.0,-0.1,-1.0,-0.1
3,NONE,-1.0,-0.1,-1.0,-0.1
3,NONE,-1.0,-0.1,-1.0,-0.1
3,NONE,-1.0,-0.1,-1.0,-0.1
3,NONE,-1.0,-0.1,-1.0,-0.1
3,NONE,-1.0,-0.1,-1.0,-0.1
3,NONE,-1.0,-0.1,-1.0,-0.1
3,NONE,-1.0,-0.1,-1.0,-0.1
3,NONE,-1.0,-0.1,-1.0,-0.1
3,NONE,-1.0,-0.1,-1.0,-0.1
3,NONE,-1.0,-0.1,-1.0,-0.1
3,NONE,-1.0,-0.1,-1.0,-0.1
3,NONE,-1.0,-0.1,-1.0,-0.1
3,NONE,-1.0,-0.1,-1.0,-0.1
3,NONE,-1.0,-0.1,-1.0,-0.1
3,NONE,-1.0,-0.1,-1.0,-0.1
3,NONE,-1.0,-0.1,-1.0,-0.1
3,NONE,-1.0,-0.1,-1.0,-0.1
3,NONE,-1.0,-0.1,-1.0,-0.1
3,NONE,-1.0,-0.1,-1.0,-0.1
3,NONE,-1.0,-0.1,-1.0,-0.1
3,NONE,-1.0,-0.1,-1.0,-0.1
3,NONE,-1.0,-0.1,-1.0,-0.1
3,NONE,-1.0,-0.1,-1.0,-0.1
3,NONE,-1.0,-0.1,-1.0,-0.1
3,NONE,-1.0,-0.1,-1.0,-0.1
3,NONE,-1.0,-0.1,-1.0,-0.1
3,NONE,-1.0,-0.1,-1.0,-0.1
3,NONE,-1.0,-0.1,-1.0,-0.1
3,NONE,-1.0,-0.1,-1.0,-0.1
3,NONE,-1.0,-0.1,-1.0,-0.1
3,NONE,-1.0,-0.1,-1.0,-0.1
3,NONE,-1.0,-0.1,-1.0,-0.1
3,NONE,-1.0,-0.1,-1.0,-0.1
3,NONE,-1.0,-0.1,-1.0,-0.1
3,NONE,-1.0,-0.1,-1.0,-0.1
3,NONE,-1.0,-0.1,-1.0,-0.1
3,NONE,-1.0,-0.1,-1.0,-0.1
3,NONE,-1.0,-0.1,-1.0,-0.1
3,NONE,-1.0,-0.1,-1.0,-0.1
3,NONE,-1.0,-0.1,-1.0,-0.1
3,NONE,-1.0,-0.1,-1.0,-0.1
3,NONE,-1.0,-0.1,-1.0,-0.1
3,NONE,-1.0,-0.1,-1.0,-0.1
3,NONE,-1.0,-0.1,-1.0,-0.1
3,NONE,-1.0,-0.1,-1.0,-0.1
3,NONE,-1.0,-0.1,-1.0,-0.1
3,NONE,-1.0,-0.1,-1.0,-0.1
3,NONE,-1.0,-0.1,-1.0,-0.1
2,EV_B07_C030_Mototaxi_Electrica,-1.0,-0.1,9.0,25.381952583232724
1,EV_B07_C030_Mototaxi_Electrica,5.0,85.00683175532798,-1.0,25.381952583232724
1,EV_B07_C030_Mototaxi_Electrica,4.0,85.00683175532798,-1.0,25.381952583232724
1,EV_B07_C030_Mototaxi_Electrica,3.0,85.00683175532798,-1.0,25.381952583232724
1,EV_B07_C030_Mototaxi_Electrica,2.0,85.00683175532798,-1.0,25.381952583232724
1,EV_B07_C030_Mototaxi_Electrica,1.0,85.00683175532798,-1.0,25.381952583232724
1,EV_B07_C030_Mototaxi_Electrica,0.0,85.00683175532798,-1.0,25.381952583232724
3,NONE,-1.0,-0.1,-1.0,-0.1
3,NONE,-1.0,-0.1,-1.0,-0.1
3,NONE,-1.0,-0.1,-1.0,-0.1
3,NONE,-1.0,-0.1,-1.0,-0.1
3,NONE,-1.0,-0.1,-1.0,-0.1
3,NONE,-1.0,-0.1,-1.0,-0.1
3,NONE,-1.0,-0.1,-1.0,-0.1
3,NONE,-1.0,-0.1,-1.0,-0.1
3,NONE,-1.0,-0.1,-1.0,-0.1
3,NONE,-1.0,-0.1,-1.0,-0.1
3,NONE,-1.0,-0.1,-1.0,-0.1
3,NONE,-1.0,-0.1,-1.0,-0.1
3,NONE,-1.0,-0.1,-1.0,-0.1
3,NONE,-1.0,-0.1,-1.0,-0.1
3,NONE,-1.0,-0.1,-1.0,-0.1
3,NONE,-1.0,-0.1,-1.0,-0.1
3,NONE,-1.0,-0.1,-1.0,-0.1
3,NONE,-1.0,-0.1,-1.0,-0.1
3,NONE,-1.0,-0.1,-1.0,-0.1
3,NONE,-1.0,-0.1,-1.0,-0.1
3,NONE,-1.0,-0.1,-1.0,-0.1
3,NONE,-1.0,-0.1,-1.0,-0.1
3,NONE,-1.0,-0.1,-1.0,-0.1
3,NONE,-1.0,-0.1,-1.0,-0.1
3,NONE,-1.0,-0.1,-1.0,-0.1
3,NONE,-1.0,-0.1,-1.0,-0.1
3,NONE,-1.0,-0.1,-1.0,-0.1
3,NONE,-1.0,-0.1,-1.0,-0.1
3,NONE,-1.0,-0.1,-1.0,-0.1
3,NONE,-1.0,-0.1,-1.0,-0.1
3,NONE,-1.0,-0.1,-1.0,-0.1
3,NONE,-1.0,-0.1,-1.0,-0.1
3,NONE,-1.0,-0.1,-1.0,-0.1
3,NONE,-1.0,-0.1,-1.0,-0.1
3,NONE,-1.0,-0.1,-1.0,-0.1
3,NONE,-1.0,-0.1,-1.0,-0.1
3,NONE,-1.0,-0.1,-1.0,-0.1
3,NONE,-1.0,-0.1,-1.0,-0.1
3,NONE,-1.0,-0.1,-1.0,-0.1
3,NONE,-1.0,-0.1,-1.0,-0.1
3,NONE,-1.0,-0.1,-1.0,-0.1
3,NONE,-1.0,-0.1,-1.0,-0.1
3,NONE,-1.0,-0.1,-1.0,-0.1
3,NONE,-1.0,-0.1,-1.0,-0.1
3,NONE,-1.0,-0.1,-1.0,-0.1
3,NONE,-1.0,-0.1,-1.0,-0.1
3,NONE,-1.0,-0.1,-1.0,-0.1
3,NONE,-1.0,-0.1,-1.0,-0.1
3,NONE,-1.0,-0.1,-1.0,-0.1
3,NONE,-1.0,-0.1,-1.0,-0.1
3,NONE,-1.0,-0.1,-1.0,-0.1
3,NONE,-1.0,-0.1,-1.0,-0.1
3,NONE,-1.0,-0.1,-1.0,-0.1
3,NONE,-1.0,-0.1,-1.0,-0.1
3,NONE,-1.0,-0.1,-1.0,-0.1
3,NONE,-1.0,-0.1,-1.0,-0.1
3,NONE,-1.0,-0.1,-1.0,-0.1
3,NONE,-1.0,-0.1,-1.0,-0.1
3,NONE,-1.0,-0.1,-1.0,-0.1
3,NONE,-1.0,-0.1,-1.0,-0.1
3,NONE,-1.0,-0.1,-1.0,-0.1
3,NONE,-1.0,-0.1,-1.0,-0.1
3,NONE,-1.0,-0.1,-1.0,-0.1
3,NONE,-1.0,-0.1,-1.0,-0.1
3,NONE,-1.0,-0.1,-1.0,-0.1
3,NONE,-1.0,-0.1,-1.0,-0.1
2,EV_B07_C030_Mototaxi_Electrica,-1.0,-0.1,10.0,29.44740298670431
1,EV_B07_C030_Mototaxi_Electrica,4.0,86.70447149670403,-1.0,29.44740298670431
1,EV_B07_C030_Mototaxi_Electrica,3.0,86.70447149670403,-1.0,29.44740298670431
1,EV_B07_C030_Mototaxi_Electrica,2.0,86.70447149670403,-1.0,29.44740298670431
1,EV_B07_C030_Mototaxi_Electrica,1.0,86.70447149670403,-1.0,29.44740298670431
1,EV_B07_C030_Mototaxi_Electrica,0.0,86.70447149670403,-1.0,29.44740298670431
3,NONE,-1.0,-0.1,-1.0,-0.1
3,NONE,-1.0,-0.1,-1.0,-0.1
3,NONE,-1.0,-0.1,-1.0,-0.1
3,NONE,-1.0,-0.1,-1.0,-0.1
3,NONE,-1.0,-0.1,-1.0,-0.1
3,NONE,-1.0,-0.1,-1.0,-0.1
3,NONE,-1.0,-0.1,-1.0,-0.1
3,NONE,-1.0,-0.1,-1.0,-0.1
3,NONE,-1.0,-0.1,-1.0,-0.1
3,NONE,-1.0,-0.1,-1.0,-0.1
3,NONE,-1.0,-0.1,-1.0,-0.1
3,NONE,-1.0,-0.1,-1.0,-0.1
3,NONE,-1.0,-0.1,-1.0,-0.1
3,NONE,-1.0,-0.1,-1.0,-0.1
3,NONE,-1.0,-0.1,-1.0,-0.1
2,EV_B07_C030_Mototaxi_Electrica,-1.0,-0.1,7.0,15.008972133551087
1,EV_B07_C030_Mototaxi_Electrica,7.0,86.25210495765964,-1.0,15.008972133551087
1,EV_B07_C030_Mototaxi_Electrica,6.0,86.25210495765964,-1.0,15.008972133551087
1,EV_B07_C030_Mototaxi_Electrica,5.0,86.25210495765964,-1.0,15.008972133551087
1,EV_B07_C030_Mototaxi_Electrica,4.0,86.25210495765964,-1.0,15.008972133551087
1,EV_B07_C030_Mototaxi_Electrica,3.0,86.25210495765964,-1.0,15.008972133551087
1,EV_B07_C030_Mototaxi_Electrica,2.0,86.25210495765964,-1.0,15.008972133551087
1,EV_B07_C030_Mototaxi_Electrica,1.0,86.25210495765964,-1.0,15.008972133551087
1,EV_B07_C030_Mototaxi_Electrica,0.0,86.25210495765964,-1.0,15.008972133551087
3,NONE,-1.0,-0.1,-1.0,-0.1
3,NONE,-1.0,-0.1,-1.0,-0.1
3,NONE,-1.0,-0.1,-1.0,-0.1
3,NONE,-1.0,-0.1,-1.0,-0.1
3,NONE,-1.0,-0.1,-1.0,-0.1
3,NONE,-1.0,-0.1,-1.0,-0.1
3,NONE,-1.0,-0.1,-1.0,-0.1
3,NONE,-1.0,-0.1,-1.0,-0.1
3,NONE,-1.0,-0.1,-1.0,-0.1
3,NONE,-1.0,-0.1,-1.0,-0.1
3,NONE,-1.0,-0.1,-1.0,-0.1
3,NONE,-1.0,-0.1,-1.0,-0.1
3,NONE,-1.0,-0.1,-1.0,-0.1
3,NONE,-1.0,-0.1,-1.0,-0.1
3,NONE,-1.0,-0.1,-1.0,-0.1
3,NONE,-1.0,-0.1,-1.0,-0.1
3,NONE,-1.0,-0.1,-1.0,-0.1
3,NONE,-1.0,-0.1,-1.0,-0.1
3,NONE,-1.0,-0.1,-1.0,-0.1
3,NONE,-1.0,-0.1,-1.0,-0.1
3,NONE,-1.0,-0.1,-1.0,-0.1
3,NONE,-1.0,-0.1,-1.0,-0.1
3,NONE,-1.0,-0.1,-1.0,-0.1
3,NONE,-1.0,-0.1,-1.0,-0.1
3,NONE,-1.0,-0.1,-1.0,-0.1
3,NONE,-1.0,-0.1,-1.0,-0.1
3,NONE,-1.0,-0.1,-1.0,-0.1
3,NONE,-1.0,-0.1,-1.0,-0.1
3,NONE,-1.0,-0.1,-1.0,-0.1
3,NONE,-1.0,-0.1,-1.0,-0.1
3,NONE,-1.0,-0.1,-1.0,-0.1
3,NONE,-1.0,-0.1,-1.0,-0.1
3,NONE,-1.0,-0.1,-1.0,-0.1
3,NONE,-1.0,-0.1,-1.0,-0.1
3,NONE,-1.0,-0.1,-1.0,-0.1
3,NONE,-1.0,-0.1,-1.0,-0.1
3,NONE,-1.0,-0.1,-1.0,-0.1
3,NONE,-1.0,-0.1,-1.0,-0.1
3,NONE,-1.0,-0.1,-1.0,-0.1
3,NONE,-1.0,-0.1,-1.0,-0.1
3,NONE,-1.0,-0.1,-1.0,-0.1
3,NONE,-1.0,-0.1,-1.0,-0.1
3,NONE,-1.0,-0.1,-1.0,-0.1
3,NONE,-1.0,-0.1,-1.0,-0.1
3,NONE,-1.0,-0.1,-1.0,-0.1
3,NONE,-1.0,-0.1,-1.0,-0.1
3,NONE,-1.0,-0.1,-1.0,-0.1
3,NONE,-1.0,-0.1,-1.0,-0.1
3,NONE,-1.0,-0.1,-1.0,-0.1
3,NONE,-1.0,-0.1,-1.0,-0.1
3,NONE,-1.0,-0.1,-1.0,-0.1
3,NONE,-1.0,-0.1,-1.0,-0.1
3,NONE,-1.0,-0.1,-1.0,-0.1
3,NONE,-1.0,-0.1,-1.0,-0.1
3,NONE,-1.0,-0.1,-1.0,-0.1
3,NONE,-1.0,-0.1,-1.0,-0.1
3,NONE,-1.0,-0.1,-1.0,-0.1
3,NONE,-1.0,-0.1,-1.0,-0.1
3,NONE,-1.0,-0.1,-1.0,-0.1
3,NONE,-1.0,-0.1,-1.0,-0.1
3,NONE,-1.0,-0.1,-1.0,-0.1
3,NONE,-1.0,-0.1,-1.0,-0.1
3,NONE,-1.0,-0.1,-1.0,-0.1
2,EV_B07_C030_Mototaxi_Electrica,-1.0,-0.1,7.0,31.13924680846455
1,EV_B07_C030_Mototaxi_Electrica,6.0,73.75574993485189,-1.0,31.13924680846455
1,EV_B07_C030_Mototaxi_Electrica,5.0,73.75574993485189,-1.0,31.13924680846455
1,EV_B07_C030_Mototaxi_Electrica,4.0,73.75574993485189,-1.0,31.13924680846455
1,EV_B07_C030_Mototaxi_Electrica,3.0,73.75574993485189,-1.0,31.13924680846455
1,EV_B07_C030_Mototaxi_Electrica,2.0,73.75574993485189,-1.0,31.13924680846455
1,EV_B07_C030_Mototaxi_Electrica,1.0,73.75574993485189,-1.0,31.13924680846455
1,EV_B07_C030_Mototaxi_Electrica,0.0,73.75574993485189,-1.0,31.13924680846455
3,NONE,-1.0,-0.1,-1.0,-0.1
3,NONE,-1.0,-0.1,-1.0,-0.1
3,NONE,-1.0,-0.1,-1.0,-0.1
3,NONE,-1.0,-0.1,-1.0,-0.1
3,NONE,-1.0,-0.1,-1.0,-0.1
3,NONE,-1.0,-0.1,-1.0,-0.1
3,NONE,-1.0,-0.1,-1.0,-0.1
3,NONE,-1.0,-0.1,-1.0,-0.1
3,NONE,-1.0,-0.1,-1.0,-0.1
3,NONE,-1.0,-0.1,-1.0,-0.1
3,NONE,-1.0,-0.1,-1.0,-0.1
3,NONE,-1.0,-0.1,-1.0,-0.1
3,NONE,-1.0,-0.1,-1.0,-0.1
3,NONE,-1.0,-0.1,-1.0,-0.1
3,NONE,-1.0,-0.1,-1.0,-0.1
3,NONE,-1.0,-0.1,-1.0,-0.1
3,NONE,-1.0,-0.1,-1.0,-0.1
3,NONE,-1.0,-0.1,-1.0,-0.1
2,EV_B07_C030_Mototaxi_Electrica,-1.0,-0.1,9.0,40.43731527017542
1,EV_B07_C030_Mototaxi_Electrica,5.0,86.00183043606754,-1.0,40.43731527017542
1,EV_B07_C030_Mototaxi_Electrica,4.0,86.00183043606754,-1.0,40.43731527017542
1,EV_B07_C030_Mototaxi_Electrica,3.0,86.00183043606754,-1.0,40.43731527017542
1,EV_B07_C030_Mototaxi_Electrica,2.0,86.00183043606754,-1.0,40.43731527017542
1,EV_B07_C030_Mototaxi_Electrica,1.0,86.00183043606754,-1.0,40.43731527017542
1,EV_B07_C030_Mototaxi_Electrica,0.0,86.00183043606754,-1.0,40.43731527017542
3,NONE,-1.0,-0.1,-1.0,-0.1
3,NONE,-1.0,-0.1,-1.0,-0.1
3,NONE,-1.0,-0.1,-1.0,-0.1
3,NONE,-1.0,-0.1,-1.0,-0.1
3,NONE,-1.0,-0.1,-1.0,-0.1
3,NONE,-1.0,-0.1,-1.0,-0.1
3,NONE,-1.0,-0.1,-1.0,-0.1
3,NONE,-1.0,-0.1,-1.0,-0.1
3,NONE,-1.0,-0.1,-1.0,-0.1
3,NONE,-1.0,-0.1,-1.0,-0.1
3,NONE,-1.0,-0.1,-1.0,-0.1
3,NONE,-1.0,-0.1,-1.0,-0.1
3,NONE,-1.0,-0.1,-1.0,-0.1
3,NONE,-1.0,-0.1,-1.0,-0.1
3,NONE,-1.0,-0.1,-1.0,-0.1
3,NONE,-1.0,-0.1,-1.0,-0.1
2,EV_B07_C030_Mototaxi_Electrica,-1.0,-0.1,8.0,46.42321180295765
1,EV_B07_C030_Mototaxi_Electrica,6.0,91.21640881858447,-1.0,46.42321180295765
1,EV_B07_C030_Mototaxi_Electrica,5.0,91.21640881858447,-1.0,46.42321180295765
1,EV_B07_C030_Mototaxi_Electrica,4.0,91.21640881858447,-1.0,46.42321180295765
1,EV_B07_C030_Mototaxi_Electrica,3.0,91.21640881858447,-1.0,46.42321180295765
1,EV_B07_C030_Mototaxi_Electrica,2.0,91.21640881858447,-1.0,46.42321180295765
1,EV_B07_C030_Mototaxi_Electrica,1.0,91.21640881858447,-1.0,46.42321180295765
1,EV_B07_C030_Mototaxi_Electrica,0.0,91.21640881858447,-1.0,46.42321180295765
3,NONE,-1.0,-0.1,-1.0,-0.1
3,NONE,-1.0,-0.1,-1.0,-0.1
3,NONE,-1.0,-0.1,-1.0,-0.1
3,NONE,-1.0,-0.1,-1.0,-0.1
3,NONE,-1.0,-0.1,-1.0,-0.1
3,NONE,-1.0,-0.1,-1.0,-0.1
3,NONE,-1.0,-0.1,-1.0,-0.1
3,NONE,-1.0,-0.1,-1.0,-0.1
3,NONE,-1.0,-0.1,-1.0,-0.1
3,NONE,-1.0,-0.1,-1.0,-0.1
3,NONE,-1.0,-0.1,-1.0,-0.1
3,NONE,-1.0,-0.1,-1.0,-0.1
3,NONE,-1.0,-0.1,-1.0,-0.1
3,NONE,-1.0,-0.1,-1.0,-0.1
3,NONE,-1.0,-0.1,-1.0,-0.1
3,NONE,-1.0,-0.1,-1.0,-0.1
3,NONE,-1.0,-0.1,-1.0,-0.1
3,NONE,-1.0,-0.1,-1.0,-0.1
2,EV_B07_C030_Mototaxi_Electrica,-1.0,-0.1,10.0,35.80070290166374
1,EV_B07_C030_Mototaxi_Electrica,4.0,84.02611899421484,-1.0,35.80070290166374
1,EV_B07_C030_Mototaxi_Electrica,3.0,84.02611899421484,-1.0,35.80070290166374
1,EV_B07_C030_Mototaxi_Electrica,2.0,84.02611899421484,-1.0,35.80070290166374
1,EV_B07_C030_Mototaxi_Electrica,1.0,84.02611899421484,-1.0,35.80070290166374
1,EV_B07_C030_Mototaxi_Electrica,0.0,84.02611899421484,-1.0,35.80070290166374
3,NONE,-1.0,-0.1,-1.0,-0.1
3,NONE,-1.0,-0.1,-1.0,-0.1
3,NONE,-1.0,-0.1,-1.0,-0.1
3,NONE,-1.0,-0.1,-1.0,-0.1
3,NONE,-1.0,-0.1,-1.0,-0.1
3,NONE,-1.0,-0.1,-1.0,-0.1
3,NONE,-1.0,-0.1,-1.0,-0.1
3,NONE,-1.0,-0.1,-1.0,-0.1
3,NONE,-1.0,-0.1,-1.0,-0.1
3,NONE,-1.0,-0.1,-1.0,-0.1
3,NONE,-1.0,-0.1,-1.0,-0.1
3,NONE,-1.0,-0.1,-1.0,-0.1
3,NONE,-1.0,-0.1,-1.0,-0.1
3,NONE,-1.0,-0.1,-1.0,-0.1
3,NONE,-1.0,-0.1,-1.0,-0.1
3,NONE,-1.0,-0.1,-1.0,-0.1
2,EV_B07_C030_Mototaxi_Electrica,-1.0,-0.1,8.0,25.468824852174944
1,EV_B07_C030_Mototaxi_Electrica,6.0,79.21732765266879,-1.0,25.468824852174944
1,EV_B07_C030_Mototaxi_Electrica,5.0,79.21732765266879,-1.0,25.468824852174944
1,EV_B07_C030_Mototaxi_Electrica,4.0,79.21732765266879,-1.0,25.468824852174944
1,EV_B07_C030_Mototaxi_Electrica,3.0,79.21732765266879,-1.0,25.468824852174944
1,EV_B07_C030_Mototaxi_Electrica,2.0,79.21732765266879,-1.0,25.468824852174944
1,EV_B07_C030_Mototaxi_Electrica,1.0,79.21732765266879,-1.0,25.468824852174944
1,EV_B07_C030_Mototaxi_Electrica,0.0,79.21732765266879,-1.0,25.468824852174944
3,NONE,-1.0,-0.1,-1.0,-0.1
3,NONE,-1.0,-0.1,-1.0,-0.1
3,NONE,-1.0,-0.1,-1.0,-0.1
3,NONE,-1.0,-0.1,-1.0,-0.1
3,NONE,-1.0,-0.1,-1.0,-0.1
3,NONE,-1.0,-0.1,-1.0,-0.1
3,NONE,-1.0,-0.1,-1.0,-0.1
3,NONE,-1.0,-0.1,-1.0,-0.1
3,NONE,-1.0,-0.1,-1.0,-0.1
3,NONE,-1.0,-0.1,-1.0,-0.1
3,NONE,-1.0,-0.1,-1.0,-0.1
3,NONE,-1.0,-0.1,-1.0,-0.1
3,NONE,-1.0,-0.1,-1.0,-0.1
3,NONE,-1.0,-0.1,-1.0,-0.1
3,NONE,-1.0,-0.1,-1.0,-0.1
3,NONE,-1.0,-0.1,-1.0,-0.1
3,NONE,-1.0,-0.1,-1.0,-0.1
3,NONE,-1.0,-0.1,-1.0,-0.1
3,NONE,-1.0,-0.1,-1.0,-0.1
3,NONE,-1.0,-0.1,-1.0,-0.1
3,NONE,-1.0,-0.1,-1.0,-0.1
3,NONE,-1.0,-0.1,-1.0,-0.1
3,NONE,-1.0,-0.1,-1.0,-0.1
3,NONE,-1.0,-0.1,-1.0,-0.1
3,NONE,-1.0,-0.1,-1.0,-0.1
3,NONE,-1.0,-0.1,-1.0,-0.1
3,NONE,-1.0,-0.1,-1.0,-0.1
3,NONE,-1.0,-0.1,-1.0,-0.1
3,NONE,-1.0,-0.1,-1.0,-0.1
3,NONE,-1.0,-0.1,-1.0,-0.1
3,NONE,-1.0,-0.1,-1.0,-0.1
3,NONE,-1.0,-0.1,-1.0,-0.1
3,NONE,-1.0,-0.1,-1.0,-0.1
3,NONE,-1.0,-0.1,-1.0,-0.1
3,NONE,-1.0,-0.1,-1.0,-0.1
3,NONE,-1.0,-0.1,-1.0,-0.1
3,NONE,-1.0,-0.1,-1.0,-0.1
3,NONE,-1.0,-0.1,-1.0,-0.1
3,NONE,-1.0,-0.1,-1.0,-0.1
3,NONE,-1.0,-0.1,-1.0,-0.1
3,NONE,-1.0,-0.1,-1.0,-0.1
3,NONE,-1.0,-0.1,-1.0,-0.1
3,NONE,-1.0,-0.1,-1.0,-0.1
3,NONE,-1.0,-0.1,-1.0,-0.1
3,NONE,-1.0,-0.1,-1.0,-0.1
3,NONE,-1.0,-0.1,-1.0,-0.1
3,NONE,-1.0,-0.1,-1.0,-0.1
3,NONE,-1.0,-0.1,-1.0,-0.1
3,NONE,-1.0,-0.1,-1.0,-0.1
3,NONE,-1.0,-0.1,-1.0,-0.1
3,NONE,-1.0,-0.1,-1.0,-0.1
3,NONE,-1.0,-0.1,-1.0,-0.1
3,NONE,-1.0,-0.1,-1.0,-0.1
3,NONE,-1.0,-0.1,-1.0,-0.1
3,NONE,-1.0,-0.1,-1.0,-0.1
3,NONE,-1.0,-0.1,-1.0,-0.1
3,NONE,-1.0,-0.1,-1.0,-0.1
3,NONE,-1.0,-0.1,-1.0,-0.1
3,NONE,-1.0,-0.1,-1.0,-0.1
3,NONE,-1.0,-0.1,-1.0,-0.1
3,NONE,-1.0,-0.1,-1.0,-0.1
3,NONE,-1.0,-0.1,-1.0,-0.1
3,NONE,-1.0,-0.1,-1.0,-0.1
2,EV_B07_C030_Mototaxi_Electrica,-1.0,-0.1,7.0,28.74478762618471
1,EV_B07_C030_Mototaxi_Electrica,6.0,86.393545775593,-1.0,28.74478762618471
1,EV_B07_C030_Mototaxi_Electrica,5.0,86.393545775593,-1.0,28.74478762618471
1,EV_B07_C030_Mototaxi_Electrica,4.0,86.393545775593,-1.0,28.74478762618471
1,EV_B07_C030_Mototaxi_Electrica,3.0,86.393545775593,-1.0,28.74478762618471
1,EV_B07_C030_Mototaxi_Electrica,2.0,86.393545775593,-1.0,28.74478762618471
1,EV_B07_C030_Mototaxi_Electrica,1.0,86.393545775593,-1.0,28.74478762618471
1,EV_B07_C030_Mototaxi_Electrica,0.0,86.393545775593,-1.0,28.74478762618471
3,NONE,-1.0,-0.1,-1.0,-0.1
3,NONE,-1.0,-0.1,-1.0,-0.1
3,NONE,-1.0,-0.1,-1.0,-0.1
3,NONE,-1.0,-0.1,-1.0,-0.1
3,NONE,-1.0,-0.1,-1.0,-0.1
3,NONE,-1.0,-0.1,-1.0,-0.1
3,NONE,-1.0,-0.1,-1.0,-0.1
3,NONE,-1.0,-0.1,-1.0,-0.1
3,NONE,-1.0,-0.1,-1.0,-0.1
3,NONE,-1.0,-0.1,-1.0,-0.1
3,NONE,-1.0,-0.1,-1.0,-0.1
3,NONE,-1.0,-0.1,-1.0,-0.1
3,NONE,-1.0,-0.1,-1.0,-0.1
3,NONE,-1.0,-0.1,-1.0,-0.1
3,NONE,-1.0,-0.1,-1.0,-0.1
3,NONE,-1.0,-0.1,-1.0,-0.1
2,EV_B07_C030_Mototaxi_Electrica,-1.0,-0.1,7.0,47.33417087492219
1,EV_B07_C030_Mototaxi_Electrica,7.0,77.07295318540417,-1.0,47.33417087492219
1,EV_B07_C030_Mototaxi_Electrica,6.0,77.07295318540417,-1.0,47.33417087492219
1,EV_B07_C030_Mototaxi_Electrica,5.0,77.07295318540417,-1.0,47.33417087492219
1,EV_B07_C030_Mototaxi_Electrica,4.0,77.07295318540417,-1.0,47.33417087492219
1,EV_B07_C030_Mototaxi_Electrica,3.0,77.07295318540417,-1.0,47.33417087492219
1,EV_B07_C030_Mototaxi_Electrica,2.0,77.07295318540417,-1.0,47.33417087492219
1,EV_B07_C030_Mototaxi_Electrica,1.0,77.07295318540417,-1.0,47.33417087492219
1,EV_B07_C030_Mototaxi_Electrica,0.0,77.07295318540417,-1.0,47.33417087492219
3,NONE,-1.0,-0.1,-1.0,-0.1
3,NONE,-1.0,-0.1,-1.0,-0.1
3,NONE,-1.0,-0.1,-1.0,-0.1
3,NONE,-1.0,-0.1,-1.0,-0.1
3,NONE,-1.0,-0.1,-1.0,-0.1
3,NONE,-1.0,-0.1,-1.0,-0.1
3,NONE,-1.0,-0.1,-1.0,-0.1
3,NONE,-1.0,-0.1,-1.0,-0.1
3,NONE,-1.0,-0.1,-1.0,-0.1
3,NONE,-1.0,-0.1,-1.0,-0.1
3,NONE,-1.0,-0.1,-1.0,-0.1
3,NONE,-1.0,-0.1,-1.0,-0.1
3,NONE,-1.0,-0.1,-1.0,-0.1
3,NONE,-1.0,-0.1,-1.0,-0.1
3,NONE,-1.0,-0.1,-1.0,-0.1
3,NONE,-1.0,-0.1,-1.0,-0.1
3,NONE,-1.0,-0.1,-1.0,-0.1
3,NONE,-1.0,-0.1,-1.0,-0.1
3,NONE,-1.0,-0.1,-1.0,-0.1
3,NONE,-1.0,-0.1,-1.0,-0.1
3,NONE,-1.0,-0.1,-1.0,-0.1
3,NONE,-1.0,-0.1,-1.0,-0.1
3,NONE,-1.0,-0.1,-1.0,-0.1
3,NONE,-1.0,-0.1,-1.0,-0.1
3,NONE,-1.0,-0.1,-1.0,-0.1
3,NONE,-1.0,-0.1,-1.0,-0.1
3,NONE,-1.0,-0.1,-1.0,-0.1
3,NONE,-1.0,-0.1,-1.0,-0.1
3,NONE,-1.0,-0.1,-1.0,-0.1
3,NONE,-1.0,-0.1,-1.0,-0.1
3,NONE,-1.0,-0.1,-1.0,-0.1
3,NONE,-1.0,-0.1,-1.0,-0.1
3,NONE,-1.0,-0.1,-1.0,-0.1
3,NONE,-1.0,-0.1,-1.0,-0.1
3,NONE,-1.0,-0.1,-1.0,-0.1
3,NONE,-1.0,-0.1,-1.0,-0.1
3,NONE,-1.0,-0.1,-1.0,-0.1
3,NONE,-1.0,-0.1,-1.0,-0.1
3,NONE,-1.0,-0.1,-1.0,-0.1
3,NONE,-1.0,-0.1,-1.0,-0.1
3,NONE,-1.0,-0.1,-1.0,-0.1
3,NONE,-1.0,-0.1,-1.0,-0.1
3,NONE,-1.0,-0.1,-1.0,-0.1
3,NONE,-1.0,-0.1,-1.0,-0.1
3,NONE,-1.0,-0.1,-1.0,-0.1
3,NONE,-1.0,-0.1,-1.0,-0.1
3,NONE,-1.0,-0.1,-1.0,-0.1
3,NONE,-1.0,-0.1,-1.0,-0.1
3,NONE,-1.0,-0.1,-1.0,-0.1
3,NONE,-1.0,-0.1,-1.0,-0.1
3,NONE,-1.0,-0.1,-1.0,-0.1
3,NONE,-1.0,-0.1,-1.0,-0.1
3,NONE,-1.0,-0.1,-1.0,-0.1
3,NONE,-1.0,-0.1,-1.0,-0.1
3,NONE,-1.0,-0.1,-1.0,-0.1
3,NONE,-1.0,-0.1,-1.0,-0.1
3,NONE,-1.0,-0.1,-1.0,-0.1
3,NONE,-1.0,-0.1,-1.0,-0.1
3,NONE,-1.0,-0.1,-1.0,-0.1
3,NONE,-1.0,-0.1,-1.0,-0.1
3,NONE,-1.0,-0.1,-1.0,-0.1
3,NONE,-1.0,-0.1,-1.0,-0.1
3,NONE,-1.0,-0.1,-1.0,-0.1
3,NONE,-1.0,-0.1,-1.0,-0.1
3,NONE,-1.0,-0.1,-1.0,-0.1
3,NONE,-1.0,-0.1,-1.0,-0.1
2,EV_B07_C030_Mototaxi_Electrica,-1.0,-0.1,10.0,36.61180108267
1,EV_B07_C030_Mototaxi_Electrica,4.0,77.51199538363655,-1.0,36.61180108267
1,EV_B07_C030_Mototaxi_Electrica,3.0,77.51199538363655,-1.0,36.61180108267
1,EV_B07_C030_Mototaxi_Electrica,2.0,77.51199538363655,-1.0,36.61180108267
1,EV_B07_C030_Mototaxi_Electrica,1.0,77.51199538363655,-1.0,36.61180108267
1,EV_B07_C030_Mototaxi_Electrica,0.0,77.51199538363655,-1.0,36.61180108267
3,NONE,-1.0,-0.1,-1.0,-0.1
3,NONE,-1.0,-0.1,-1.0,-0.1
3,NONE,-1.0,-0.1,-1.0,-0.1
3,NONE,-1.0,-0.1,-1.0,-0.1
3,NONE,-1.0,-0.1,-1.0,-0.1
3,NONE,-1.0,-0.1,-1.0,-0.1
3,NONE,-1.0,-0.1,-1.0,-0.1
3,NONE,-1.0,-0.1,-1.0,-0.1
3,NONE,-1.0,-0.1,-1.0,-0.1
3,NONE,-1.0,-0.1,-1.0,-0.1
3,NONE,-1.0,-0.1,-1.0,-0.1
3,NONE,-1.0,-0.1,-1.0,-0.1
3,NONE,-1.0,-0.1,-1.0,-0.1
3,NONE,-1.0,-0.1,-1.0,-0.1
3,NONE,-1.0,-0.1,-1.0,-0.1
3,NONE,-1.0,-0.1,-1.0,-0.1
3,NONE,-1.0,-0.1,-1.0,-0.1
3,NONE,-1.0,-0.1,-1.0,-0.1
3,NONE,-1.0,-0.1,-1.0,-0.1
3,NONE,-1.0,-0.1,-1.0,-0.1
3,NONE,-1.0,-0.1,-1.0,-0.1
3,NONE,-1.0,-0.1,-1.0,-0.1
3,NONE,-1.0,-0.1,-1.0,-0.1
3,NONE,-1.0,-0.1,-1.0,-0.1
3,NONE,-1.0,-0.1,-1.0,-0.1
3,NONE,-1.0,-0.1,-1.0,-0.1
3,NONE,-1.0,-0.1,-1.0,-0.1
3,NONE,-1.0,-0.1,-1.0,-0.1
3,NONE,-1.0,-0.1,-1.0,-0.1
3,NONE,-1.0,-0.1,-1.0,-0.1
3,NONE,-1.0,-0.1,-1.0,-0.1
3,NONE,-1.0,-0.1,-1.0,-0.1
3,NONE,-1.0,-0.1,-1.0,-0.1
3,NONE,-1.0,-0.1,-1.0,-0.1
3,NONE,-1.0,-0.1,-1.0,-0.1
3,NONE,-1.0,-0.1,-1.0,-0.1
3,NONE,-1.0,-0.1,-1.0,-0.1
3,NONE,-1.0,-0.1,-1.0,-0.1
3,NONE,-1.0,-0.1,-1.0,-0.1
3,NONE,-1.0,-0.1,-1.0,-0.1
3,NONE,-1.0,-0.1,-1.0,-0.1
3,NONE,-1.0,-0.1,-1.0,-0.1
3,NONE,-1.0,-0.1,-1.0,-0.1
3,NONE,-1.0,-0.1,-1.0,-0.1
3,NONE,-1.0,-0.1,-1.0,-0.1
3,NONE,-1.0,-0.1,-1.0,-0.1
3,NONE,-1.0,-0.1,-1.0,-0.1
3,NONE,-1.0,-0.1,-1.0,-0.1
3,NONE,-1.0,-0.1,-1.0,-0.1
3,NONE,-1.0,-0.1,-1.0,-0.1
3,NONE,-1.0,-0.1,-1.0,-0.1
3,NONE,-1.0,-0.1,-1.0,-0.1
3,NONE,-1.0,-0.1,-1.0,-0.1
3,NONE,-1.0,-0.1,-1.0,-0.1
3,NONE,-1.0,-0.1,-1.0,-0.1
3,NONE,-1.0,-0.1,-1.0,-0.1
3,NONE,-1.0,-0.1,-1.0,-0.1
3,NONE,-1.0,-0.1,-1.0,-0.1
3,NONE,-1.0,-0.1,-1.0,-0.1
3,NONE,-1.0,-0.1,-1.0,-0.1
3,NONE,-1.0,-0.1,-1.0,-0.1
3,NONE,-1.0,-0.1,-1.0,-0.1
3,NONE,-1.0,-0.1,-1.0,-0.1
2,EV_B07_C030_Mototaxi_Electrica,-1.0,-0.1,7.0,30.069201048196934
1,EV_B07_C030_Mototaxi_Electrica,7.0,77.32271729767545,-1.0,30.069201048196934
1,EV_B07_C030_Mototaxi_Electrica,6.0,77.32271729767545,-1.0,30.069201048196934
1,EV_B07_C030_Mototaxi_Electrica,5.0,77.32271729767545,-1.0,30.069201048196934
1,EV_B07_C030_Mototaxi_Electrica,4.0,77.32271729767545,-1.0,30.069201048196934
1,EV_B07_C030_Mototaxi_Electrica,3.0,77.32271729767545,-1.0,30.069201048196934
1,EV_B07_C030_Mototaxi_Electrica,2.0,77.32271729767545,-1.0,30.069201048196934
1,EV_B07_C030_Mototaxi_Electrica,1.0,77.32271729767545,-1.0,30.069201048196934
1,EV_B07_C030_Mototaxi_Electrica,0.0,77.32271729767545,-1.0,30.069201048196934
3,NONE,-1.0,-0.1,-1.0,-0.1
3,NONE,-1.0,-0.1,-1.0,-0.1
3,NONE,-1.0,-0.1,-1.0,-0.1
3,NONE,-1.0,-0.1,-1.0,-0.1
3,NONE,-1.0,-0.1,-1.0,-0.1
3,NONE,-1.0,-0.1,-1.0,-0.1
3,NONE,-1.0,-0.1,-1.0,-0.1
3,NONE,-1.0,-0.1,-1.0,-0.1
3,NONE,-1.0,-0.1,-1.0,-0.1
3,NONE,-1.0,-0.1,-1.0,-0.1
3,NONE,-1.0,-0.1,-1.0,-0.1
3,NONE,-1.0,-0.1,-1.0,-0.1
3,NONE,-1.0,-0.1,-1.0,-0.1
3,NONE,-1.0,-0.1,-1.0,-0.1
3,NONE,-1.0,-0.1,-1.0,-0.1
3,NONE,-1.0,-0.1,-1.0,-0.1
3,NONE,-1.0,-0.1,-1.0,-0.1
3,NONE,-1.0,-0.1,-1.0,-0.1
3,NONE,-1.0,-0.1,-1.0,-0.1
3,NONE,-1.0,-0.1,-1.0,-0.1
3,NONE,-1.0,-0.1,-1.0,-0.1
3,NONE,-1.0,-0.1,-1.0,-0.1
3,NONE,-1.0,-0.1,-1.0,-0.1
3,NONE,-1.0,-0.1,-1.0,-0.1
3,NONE,-1.0,-0.1,-1.0,-0.1
3,NONE,-1.0,-0.1,-1.0,-0.1
3,NONE,-1.0,-0.1,-1.0,-0.1
3,NONE,-1.0,-0.1,-1.0,-0.1
3,NONE,-1.0,-0.1,-1.0,-0.1
3,NONE,-1.0,-0.1,-1.0,-0.1
3,NONE,-1.0,-0.1,-1.0,-0.1
3,NONE,-1.0,-0.1,-1.0,-0.1
3,NONE,-1.0,-0.1,-1.0,-0.1
3,NONE,-1.0,-0.1,-1.0,-0.1
3,NONE,-1.0,-0.1,-1.0,-0.1
3,NONE,-1.0,-0.1,-1.0,-0.1
3,NONE,-1.0,-0.1,-1.0,-0.1
3,NONE,-1.0,-0.1,-1.0,-0.1
3,NONE,-1.0,-0.1,-1.0,-0.1
2,EV_B07_C030_Mototaxi_Electrica,-1.0,-0.1,7.0,42.793033154988116
1,EV_B07_C030_Mototaxi_Electrica,7.0,85.06093056651738,-1.0,42.793033154988116
1,EV_B07_C030_Mototaxi_Electrica,6.0,85.06093056651738,-1.0,42.793033154988116
1,EV_B07_C030_Mototaxi_Electrica,5.0,85.06093056651738,-1.0,42.793033154988116
1,EV_B07_C030_Mototaxi_Electrica,4.0,85.06093056651738,-1.0,42.793033154988116
1,EV_B07_C030_Mototaxi_Electrica,3.0,85.06093056651738,-1.0,42.793033154988116
1,EV_B07_C030_Mototaxi_Electrica,2.0,85.06093056651738,-1.0,42.793033154988116
1,EV_B07_C030_Mototaxi_Electrica,1.0,85.06093056651738,-1.0,42.793033154988116
1,EV_B07_C030_Mototaxi_Electrica,0.0,85.06093056651738,-1.0,42.793033154988116
3,NONE,-1.0,-0.1,-1.0,-0.1
3,NONE,-1.0,-0.1,-1.0,-0.1
3,NONE,-1.0,-0.1,-1.0,-0.1
3,NONE,-1.0,-0.1,-1.0,-0.1
3,NONE,-1.0,-0.1,-1.0,-0.1
3,NONE,-1.0,-0.1,-1.0,-0.1
3,NONE,-1.0,-0.1,-1.0,-0.1
3,NONE,-1.0,-0.1,-1.0,-0.1
3,NONE,-1.0,-0.1,-1.0,-0.1
3,NONE,-1.0,-0.1,-1.0,-0.1
3,NONE,-1.0,-0.1,-1.0,-0.1
3,NONE,-1.0,-0.1,-1.0,-0.1
3,NONE,-1.0,-0.1,-1.0,-0.1
3,NONE,-1.0,-0.1,-1.0,-0.1
3,NONE,-1.0,-0.1,-1.0,-0.1
2,EV_B07_C030_Mototaxi_Electrica,-1.0,-0.1,7.0,27.34834951292889
1,EV_B07_C030_Mototaxi_Electrica,7.0,89.5195433522715,-1.0,27.34834951292889
1,EV_B07_C030_Mototaxi_Electrica,6.0,89.5195433522715,-1.0,27.34834951292889
1,EV_B07_C030_Mototaxi_Electrica,5.0,89.5195433522715,-1.0,27.34834951292889
1,EV_B07_C030_Mototaxi_Electrica,4.0,89.5195433522715,-1.0,27.34834951292889
1,EV_B07_C030_Mototaxi_Electrica,3.0,89.5195433522715,-1.0,27.34834951292889
1,EV_B07_C030_Mototaxi_Electrica,2.0,89.5195433522715,-1.0,27.34834951292889
1,EV_B07_C030_Mototaxi_Electrica,1.0,89.5195433522715,-1.0,27.34834951292889
1,EV_B07_C030_Mototaxi_Electrica,0.0,89.5195433522715,-1.0,27.34834951292889
3,NONE,-1.0,-0.1,-1.0,-0.1
3,NONE,-1.0,-0.1,-1.0,-0.1
3,NONE,-1.0,-0.1,-1.0,-0.1
3,NONE,-1.0,-0.1,-1.0,-0.1
3,NONE,-1.0,-0.1,-1.0,-0.1
3,NONE,-1.0,-0.1,-1.0,-0.1
3,NONE,-1.0,-0.1,-1.0,-0.1
3,NONE,-1.0,-0.1,-1.0,-0.1
3,NONE,-1.0,-0.1,-1.0,-0.1
3,NONE,-1.0,-0.1,-1.0,-0.1
3,NONE,-1.0,-0.1,-1.0,-0.1
3,NONE,-1.0,-0.1,-1.0,-0.1
3,NONE,-1.0,-0.1,-1.0,-0.1
3,NONE,-1.0,-0.1,-1.0,-0.1
3,NONE,-1.0,-0.1,-1.0,-0.1
3,NONE,-1.0,-0.1,-1.0,-0.1
2,EV_B07_C030_Mototaxi_Electrica,-1.0,-0.1,8.0,42.184687229000026
1,EV_B07_C030_Mototaxi_Electrica,6.0,94.20576077713503,-1.0,42.184687229000026
1,EV_B07_C030_Mototaxi_Electrica,5.0,94.20576077713503,-1.0,42.184687229000026
1,EV_B07_C030_Mototaxi_Electrica,4.0,94.20576077713503,-1.0,42.184687229000026
1,EV_B07_C030_Mototaxi_Electrica,3.0,94.20576077713503,-1.0,42.184687229000026
1,EV_B07_C030_Mototaxi_Electrica,2.0,94.20576077713503,-1.0,42.184687229000026
1,EV_B07_C030_Mototaxi_Electrica,1.0,94.20576077713503,-1.0,42.184687229000026
1,EV_B07_C030_Mototaxi_Electrica,0.0,94.20576077713503,-1.0,42.184687229000026
3,NONE,-1.0,-0.1,-1.0,-0.1
3,NONE,-1.0,-0.1,-1.0,-0.1
3,NONE,-1.0,-0.1,-1.0,-0.1
3,NONE,-1.0,-0.1,-1.0,-0.1
3,NONE,-1.0,-0.1,-1.0,-0.1
3,NONE,-1.0,-0.1,-1.0,-0.1
3,NONE,-1.0,-0.1,-1.0,-0.1
3,NONE,-1.0,-0.1,-1.0,-0.1
3,NONE,-1.0,-0.1,-1.0,-0.1
3,NONE,-1.0,-0.1,-1.0,-0.1
3,NONE,-1.0,-0.1,-1.0,-0.1
3,NONE,-1.0,-0.1,-1.0,-0.1
3,NONE,-1.0,-0.1,-1.0,-0.1
3,NONE,-1.0,-0.1,-1.0,-0.1
3,NONE,-1.0,-0.1,-1.0,-0.1
3,NONE,-1.0,-0.1,-1.0,-0.1
3,NONE,-1.0,-0.1,-1.0,-0.1
3,NONE,-1.0,-0.1,-1.0,-0.1
3,NONE,-1.0,-0.1,-1.0,-0.1
3,NONE,-1.0,-0.1,-1.0,-0.1
3,NONE,-1.0,-0.1,-1.0,-0.1
3,NONE,-1.0,-0.1,-1.0,-0.1
3,NONE,-1.0,-0.1,-1.0,-0.1
3,NONE,-1.0,-0.1,-1.0,-0.1
3,NONE,-1.0,-0.1,-1.0,-0.1
3,NONE,-1.0,-0.1,-1.0,-0.1
3,NONE,-1.0,-0.1,-1.0,-0.1
3,NONE,-1.0,-0.1,-1.0,-0.1
3,NONE,-1.0,-0.1,-1.0,-0.1
3,NONE,-1.0,-0.1,-1.0,-0.1
3,NONE,-1.0,-0.1,-1.0,-0.1
3,NONE,-1.0,-0.1,-1.0,-0.1
3,NONE,-1.0,-0.1,-1.0,-0.1
3,NONE,-1.0,-0.1,-1.0,-0.1
3,NONE,-1.0,-0.1,-1.0,-0.1
3,NONE,-1.0,-0.1,-1.0,-0.1
3,NONE,-1.0,-0.1,-1.0,-0.1
3,NONE,-1.0,-0.1,-1.0,-0.1
3,NONE,-1.0,-0.1,-1.0,-0.1
3,NONE,-1.0,-0.1,-1.0,-0.1
3,NONE,-1.0,-0.1,-1.0,-0.1
3,NONE,-1.0,-0.1,-1.0,-0.1
3,NONE,-1.0,-0.1,-1.0,-0.1
3,NONE,-1.0,-0.1,-1.0,-0.1
3,NONE,-1.0,-0.1,-1.0,-0.1
3,NONE,-1.0,-0.1,-1.0,-0.1
3,NONE,-1.0,-0.1,-1.0,-0.1
3,NONE,-1.0,-0.1,-1.0,-0.1
3,NONE,-1.0,-0.1,-1.0,-0.1
3,NONE,-1.0,-0.1,-1.0,-0.1
3,NONE,-1.0,-0.1,-1.0,-0.1
3,NONE,-1.0,-0.1,-1.0,-0.1
3,NONE,-1.0,-0.1,-1.0,-0.1
3,NONE,-1.0,-0.1,-1.0,-0.1
3,NONE,-1.0,-0.1,-1.0,-0.1
3,NONE,-1.0,-0.1,-1.0,-0.1
3,NONE,-1.0,-0.1,-1.0,-0.1
3,NONE,-1.0,-0.1,-1.0,-0.1
3,NONE,-1.0,-0.1,-1.0,-0.1
3,NONE,-1.0,-0.1,-1.0,-0.1
3,NONE,-1.0,-0.1,-1.0,-0.1
3,NONE,-1.0,-0.1,-1.0,-0.1
3,NONE,-1.0,-0.1,-1.0,-0.1
3,NONE,-1.0,-0.1,-1.0,-0.1
3,NONE,-1.0,-0.1,-1.0,-0.1
2,EV_B07_C030_Mototaxi_Electrica,-1.0,-0.1,9.0,30.790701702396255
1,EV_B07_C030_Mototaxi_Electrica,5.0,75.21926724019505,-1.0,30.790701702396255
1,EV_B07_C030_Mototaxi_Electrica,4.0,75.21926724019505,-1.0,30.790701702396255
1,EV_B07_C030_Mototaxi_Electrica,3.0,75.21926724019505,-1.0,30.790701702396255
1,EV_B07_C030_Mototaxi_Electrica,2.0,75.21926724019505,-1.0,30.790701702396255
1,EV_B07_C030_Mototaxi_Electrica,1.0,75.21926724019505,-1.0,30.790701702396255
1,EV_B07_C030_Mototaxi_Electrica,0.0,75.21926724019505,-1.0,30.790701702396255
3,NONE,-1.0,-0.1,-1.0,-0.1
3,NONE,-1.0,-0.1,-1.0,-0.1
3,NONE,-1.0,-0.1,-1.0,-0.1
3,NONE,-1.0,-0.1,-1.0,-0.1
3,NONE,-1.0,-0.1,-1.0,-0.1
3,NONE,-1.0,-0.1,-1.0,-0.1
3,NONE,-1.0,-0.1,-1.0,-0.1
3,NONE,-1.0,-0.1,-1.0,-0.1
3,NONE,-1.0,-0.1,-1.0,-0.1
3,NONE,-1.0,-0.1,-1.0,-0.1
3,NONE,-1.0,-0.1,-1.0,-0.1
3,NONE,-1.0,-0.1,-1.0,-0.1
3,NONE,-1.0,-0.1,-1.0,-0.1
3,NONE,-1.0,-0.1,-1.0,-0.1
3,NONE,-1.0,-0.1,-1.0,-0.1
3,NONE,-1.0,-0.1,-1.0,-0.1
3,NONE,-1.0,-0.1,-1.0,-0.1
3,NONE,-1.0,-0.1,-1.0,-0.1
3,NONE,-1.0,-0.1,-1.0,-0.1
3,NONE,-1.0,-0.1,-1.0,-0.1
3,NONE,-1.0,-0.1,-1.0,-0.1
3,NONE,-1.0,-0.1,-1.0,-0.1
3,NONE,-1.0,-0.1,-1.0,-0.1
3,NONE,-1.0,-0.1,-1.0,-0.1
3,NONE,-1.0,-0.1,-1.0,-0.1
3,NONE,-1.0,-0.1,-1.0,-0.1
3,NONE,-1.0,-0.1,-1.0,-0.1
3,NONE,-1.0,-0.1,-1.0,-0.1
3,NONE,-1.0,-0.1,-1.0,-0.1
3,NONE,-1.0,-0.1,-1.0,-0.1
3,NONE,-1.0,-0.1,-1.0,-0.1
3,NONE,-1.0,-0.1,-1.0,-0.1
3,NONE,-1.0,-0.1,-1.0,-0.1
3,NONE,-1.0,-0.1,-1.0,-0.1
3,NONE,-1.0,-0.1,-1.0,-0.1
3,NONE,-1.0,-0.1,-1.0,-0.1
3,NONE,-1.0,-0.1,-1.0,-0.1
3,NONE,-1.0,-0.1,-1.0,-0.1
3,NONE,-1.0,-0.1,-1.0,-0.1
3,NONE,-1.0,-0.1,-1.0,-0.1
3,NONE,-1.0,-0.1,-1.0,-0.1
2,EV_B07_C030_Mototaxi_Electrica,-1.0,-0.1,9.0,54.15733406587072
1,EV_B07_C030_Mototaxi_Electrica,5.0,78.72594466014712,-1.0,54.15733406587072
1,EV_B07_C030_Mototaxi_Electrica,4.0,78.72594466014712,-1.0,54.15733406587072
1,EV_B07_C030_Mototaxi_Electrica,3.0,78.72594466014712,-1.0,54.15733406587072
1,EV_B07_C030_Mototaxi_Electrica,2.0,78.72594466014712,-1.0,54.15733406587072
1,EV_B07_C030_Mototaxi_Electrica,1.0,78.72594466014712,-1.0,54.15733406587072
1,EV_B07_C030_Mototaxi_Electrica,0.0,78.72594466014712,-1.0,54.15733406587072
3,NONE,-1.0,-0.1,-1.0,-0.1
3,NONE,-1.0,-0.1,-1.0,-0.1
3,NONE,-1.0,-0.1,-1.0,-0.1
3,NONE,-1.0,-0.1,-1.0,-0.1
3,NONE,-1.0,-0.1,-1.0,-0.1
3,NONE,-1.0,-0.1,-1.0,-0.1
3,NONE,-1.0,-0.1,-1.0,-0.1
3,NONE,-1.0,-0.1,-1.0,-0.1
3,NONE,-1.0,-0.1,-1.0,-0.1
3,NONE,-1.0,-0.1,-1.0,-0.1
3,NONE,-1.0,-0.1,-1.0,-0.1
3,NONE,-1.0,-0.1,-1.0,-0.1
3,NONE,-1.0,-0.1,-1.0,-0.1
3,NONE,-1.0,-0.1,-1.0,-0.1
3,NONE,-1.0,-0.1,-1.0,-0.1
2,EV_B07_C030_Mototaxi_Electrica,-1.0,-0.1,7.0,42.076801660132695
1,EV_B07_C030_Mototaxi_Electrica,7.0,82.43810188163513,-1.0,42.076801660132695
1,EV_B07_C030_Mototaxi_Electrica,6.0,82.43810188163513,-1.0,42.076801660132695
1,EV_B07_C030_Mototaxi_Electrica,5.0,82.43810188163513,-1.0,42.076801660132695
1,EV_B07_C030_Mototaxi_Electrica,4.0,82.43810188163513,-1.0,42.076801660132695
1,EV_B07_C030_Mototaxi_Electrica,3.0,82.43810188163513,-1.0,42.076801660132695
1,EV_B07_C030_Mototaxi_Electrica,2.0,82.43810188163513,-1.0,42.076801660132695
1,EV_B07_C030_Mototaxi_Electrica,1.0,82.43810188163513,-1.0,42.076801660132695
1,EV_B07_C030_Mototaxi_Electrica,0.0,82.43810188163513,-1.0,42.076801660132695
3,NONE,-1.0,-0.1,-1.0,-0.1
3,NONE,-1.0,-0.1,-1.0,-0.1
3,NONE,-1.0,-0.1,-1.0,-0.1
3,NONE,-1.0,-0.1,-1.0,-0.1
3,NONE,-1.0,-0.1,-1.0,-0.1
3,NONE,-1.0,-0.1,-1.0,-0.1
3,NONE,-1.0,-0.1,-1.0,-0.1
3,NONE,-1.0,-0.1,-1.0,-0.1
3,NONE,-1.0,-0.1,-1.0,-0.1
3,NONE,-1.0,-0.1,-1.0,-0.1
3,NONE,-1.0,-0.1,-1.0,-0.1
3,NONE,-1.0,-0.1,-1.0,-0.1
3,NONE,-1.0,-0.1,-1.0,-0.1
3,NONE,-1.0,-0.1,-1.0,-0.1
3,NONE,-1.0,-0.1,-1.0,-0.1
3,NONE,-1.0,-0.1,-1.0,-0.1
3,NONE,-1.0,-0.1,-1.0,-0.1
2,EV_B07_C030_Mototaxi_Electrica,-1.0,-0.1,9.0,43.28201370307693
1,EV_B07_C030_Mototaxi_Electrica,5.0,81.12939493105031,-1.0,43.28201370307693
1,EV_B07_C030_Mototaxi_Electrica,4.0,81.12939493105031,-1.0,43.28201370307693
1,EV_B07_C030_Mototaxi_Electrica,3.0,81.12939493105031,-1.0,43.28201370307693
1,EV_B07_C030_Mototaxi_Electrica,2.0,81.12939493105031,-1.0,43.28201370307693
1,EV_B07_C030_Mototaxi_Electrica,1.0,81.12939493105031,-1.0,43.28201370307693
1,EV_B07_C030_Mototaxi_Electrica,0.0,81.12939493105031,-1.0,43.28201370307693
3,NONE,-1.0,-0.1,-1.0,-0.1
3,NONE,-1.0,-0.1,-1.0,-0.1
3,NONE,-1.0,-0.1,-1.0,-0.1
3,NONE,-1.0,-0.1,-1.0,-0.1
3,NONE,-1.0,-0.1,-1.0,-0.1
3,NONE,-1.0,-0.1,-1.0,-0.1
3,NONE,-1.0,-0.1,-1.0,-0.1
3,NONE,-1.0,-0.1,-1.0,-0.1
3,NONE,-1.0,-0.1,-1.0,-0.1
3,NONE,-1.0,-0.1,-1.0,-0.1
3,NONE,-1.0,-0.1,-1.0,-0.1
3,NONE,-1.0,-0.1,-1.0,-0.1
3,NONE,-1.0,-0.1,-1.0,-0.1
3,NONE,-1.0,-0.1,-1.0,-0.1
3,NONE,-1.0,-0.1,-1.0,-0.1
3,NONE,-1.0,-0.1,-1.0,-0.1
3,NONE,-1.0,-0.1,-1.0,-0.1
3,NONE,-1.0,-0.1,-1.0,-0.1
3,NONE,-1.0,-0.1,-1.0,-0.1
3,NONE,-1.0,-0.1,-1.0,-0.1
3,NONE,-1.0,-0.1,-1.0,-0.1
3,NONE,-1.0,-0.1,-1.0,-0.1
3,NONE,-1.0,-0.1,-1.0,-0.1
3,NONE,-1.0,-0.1,-1.0,-0.1
3,NONE,-1.0,-0.1,-1.0,-0.1
3,NONE,-1.0,-0.1,-1.0,-0.1
3,NONE,-1.0,-0.1,-1.0,-0.1
3,NONE,-1.0,-0.1,-1.0,-0.1
3,NONE,-1.0,-0.1,-1.0,-0.1
3,NONE,-1.0,-0.1,-1.0,-0.1
3,NONE,-1.0,-0.1,-1.0,-0.1
3,NONE,-1.0,-0.1,-1.0,-0.1
3,NONE,-1.0,-0.1,-1.0,-0.1
3,NONE,-1.0,-0.1,-1.0,-0.1
3,NONE,-1.0,-0.1,-1.0,-0.1
3,NONE,-1.0,-0.1,-1.0,-0.1
3,NONE,-1.0,-0.1,-1.0,-0.1
3,NONE,-1.0,-0.1,-1.0,-0.1
3,NONE,-1.0,-0.1,-1.0,-0.1
3,NONE,-1.0,-0.1,-1.0,-0.1
3,NONE,-1.0,-0.1,-1.0,-0.1
3,NONE,-1.0,-0.1,-1.0,-0.1
3,NONE,-1.0,-0.1,-1.0,-0.1
3,NONE,-1.0,-0.1,-1.0,-0.1
3,NONE,-1.0,-0.1,-1.0,-0.1
3,NONE,-1.0,-0.1,-1.0,-0.1
3,NONE,-1.0,-0.1,-1.0,-0.1
3,NONE,-1.0,-0.1,-1.0,-0.1
3,NONE,-1.0,-0.1,-1.0,-0.1
3,NONE,-1.0,-0.1,-1.0,-0.1
3,NONE,-1.0,-0.1,-1.0,-0.1
3,NONE,-1.0,-0.1,-1.0,-0.1
3,NONE,-1.0,-0.1,-1.0,-0.1
3,NONE,-1.0,-0.1,-1.0,-0.1
3,NONE,-1.0,-0.1,-1.0,-0.1
3,NONE,-1.0,-0.1,-1.0,-0.1
3,NONE,-1.0,-0.1,-1.0,-0.1
3,NONE,-1.0,-0.1,-1.0,-0.1
3,NONE,-1.0,-0.1,-1.0,-0.1
3,NONE,-1.0,-0.1,-1.0,-0.1
3,NONE,-1.0,-0.1,-1.0,-0.1
3,NONE,-1.0,-0.1,-1.0,-0.1
3,NONE,-1.0,-0.1,-1.0,-0.1
3,NONE,-1.0,-0.1,-1.0,-0.1
3,NONE,-1.0,-0.1,-1.0,-0.1
2,EV_B07_C030_Mototaxi_Electrica,-1.0,-0.1,9.0,36.07446034645103
1,EV_B07_C030_Mototaxi_Electrica,5.0,76.18081517715905,-1.0,36.07446034645103
1,EV_B07_C030_Mototaxi_Electrica,4.0,76.18081517715905,-1.0,36.07446034645103
1,EV_B07_C030_Mototaxi_Electrica,3.0,76.18081517715905,-1.0,36.07446034645103
1,EV_B07_C030_Mototaxi_Electrica,2.0,76.18081517715905,-1.0,36.07446034645103
1,EV_B07_C030_Mototaxi_Electrica,1.0,76.18081517715905,-1.0,36.07446034645103
1,EV_B07_C030_Mototaxi_Electrica,0.0,76.18081517715905,-1.0,36.07446034645103
3,NONE,-1.0,-0.1,-1.0,-0.1
3,NONE,-1.0,-0.1,-1.0,-0.1
3,NONE,-1.0,-0.1,-1.0,-0.1
3,NONE,-1.0,-0.1,-1.0,-0.1
3,NONE,-1.0,-0.1,-1.0,-0.1
3,NONE,-1.0,-0.1,-1.0,-0.1
3,NONE,-1.0,-0.1,-1.0,-0.1
3,NONE,-1.0,-0.1,-1.0,-0.1
3,NONE,-1.0,-0.1,-1.0,-0.1
3,NONE,-1.0,-0.1,-1.0,-0.1
3,NONE,-1.0,-0.1,-1.0,-0.1
3,NONE,-1.0,-0.1,-1.0,-0.1
3,NONE,-1.0,-0.1,-1.0,-0.1
3,NONE,-1.0,-0.1,-1.0,-0.1
3,NONE,-1.0,-0.1,-1.0,-0.1
3,NONE,-1.0,-0.1,-1.0,-0.1
2,EV_B07_C030_Mototaxi_Electrica,-1.0,-0.1,8.0,36.050233315880114
1,EV_B07_C030_Mototaxi_Electrica,6.0,77.56238021953286,-1.0,36.050233315880114
1,EV_B07_C030_Mototaxi_Electrica,5.0,77.56238021953286,-1.0,36.050233315880114
1,EV_B07_C030_Mototaxi_Electrica,4.0,77.56238021953286,-1.0,36.050233315880114
1,EV_B07_C030_Mototaxi_Electrica,3.0,77.56238021953286,-1.0,36.050233315880114
1,EV_B07_C030_Mototaxi_Electrica,2.0,77.56238021953286,-1.0,36.050233315880114
1,EV_B07_C030_Mototaxi_Electrica,1.0,77.56238021953286,-1.0,36.050233315880114
1,EV_B07_C030_Mototaxi_Electrica,0.0,77.56238021953286,-1.0,36.050233315880114
3,NONE,-1.0,-0.1,-1.0,-0.1
3,NONE,-1.0,-0.1,-1.0,-0.1
3,NONE,-1.0,-0.1,-1.0,-0.1
3,NONE,-1.0,-0.1,-1.0,-0.1
3,NONE,-1.0,-0.1,-1.0,-0.1
3,NONE,-1.0,-0.1,-1.0,-0.1
3,NONE,-1.0,-0.1,-1.0,-0.1
3,NONE,-1.0,-0.1,-1.0,-0.1
3,NONE,-1.0,-0.1,-1.0,-0.1
3,NONE,-1.0,-0.1,-1.0,-0.1
3,NONE,-1.0,-0.1,-1.0,-0.1
3,NONE,-1.0,-0.1,-1.0,-0.1
3,NONE,-1.0,-0.1,-1.0,-0.1
3,NONE,-1.0,-0.1,-1.0,-0.1
3,NONE,-1.0,-0.1,-1.0,-0.1
3,NONE,-1.0,-0.1,-1.0,-0.1
3,NONE,-1.0,-0.1,-1.0,-0.1
2,EV_B07_C030_Mototaxi_Electrica,-1.0,-0.1,9.0,28.282244974550217
1,EV_B07_C030_Mototaxi_Electrica,5.0,89.41066916529891,-1.0,28.282244974550217
1,EV_B07_C030_Mototaxi_Electrica,4.0,89.41066916529891,-1.0,28.282244974550217
1,EV_B07_C030_Mototaxi_Electrica,3.0,89.41066916529891,-1.0,28.282244974550217
1,EV_B07_C030_Mototaxi_Electrica,2.0,89.41066916529891,-1.0,28.282244974550217
1,EV_B07_C030_Mototaxi_Electrica,1.0,89.41066916529891,-1.0,28.282244974550217
1,EV_B07_C030_Mototaxi_Electrica,0.0,89.41066916529891,-1.0,28.282244974550217
3,NONE,-1.0,-0.1,-1.0,-0.1
3,NONE,-1.0,-0.1,-1.0,-0.1
3,NONE,-1.0,-0.1,-1.0,-0.1
3,NONE,-1.0,-0.1,-1.0,-0.1
3,NONE,-1.0,-0.1,-1.0,-0.1
3,NONE,-1.0,-0.1,-1.0,-0.1
3,NONE,-1.0,-0.1,-1.0,-0.1
3,NONE,-1.0,-0.1,-1.0,-0.1
3,NONE,-1.0,-0.1,-1.0,-0.1
3,NONE,-1.0,-0.1,-1.0,-0.1
3,NONE,-1.0,-0.1,-1.0,-0.1
3,NONE,-1.0,-0.1,-1.0,-0.1
3,NONE,-1.0,-0.1,-1.0,-0.1
3,NONE,-1.0,-0.1,-1.0,-0.1
3,NONE,-1.0,-0.1,-1.0,-0.1
2,EV_B07_C030_Mototaxi_Electrica,-1.0,-0.1,7.0,14.588143579498716
1,EV_B07_C030_Mototaxi_Electrica,6.0,88.6105184307191,-1.0,14.588143579498716
1,EV_B07_C030_Mototaxi_Electrica,5.0,88.6105184307191,-1.0,14.588143579498716
1,EV_B07_C030_Mototaxi_Electrica,4.0,88.6105184307191,-1.0,14.588143579498716
1,EV_B07_C030_Mototaxi_Electrica,3.0,88.6105184307191,-1.0,14.588143579498716
1,EV_B07_C030_Mototaxi_Electrica,2.0,88.6105184307191,-1.0,14.588143579498716
1,EV_B07_C030_Mototaxi_Electrica,1.0,88.6105184307191,-1.0,14.588143579498716
1,EV_B07_C030_Mototaxi_Electrica,0.0,88.6105184307191,-1.0,14.588143579498716
3,NONE,-1.0,-0.1,-1.0,-0.1
3,NONE,-1.0,-0.1,-1.0,-0.1
3,NONE,-1.0,-0.1,-1.0,-0.1
3,NONE,-1.0,-0.1,-1.0,-0.1
3,NONE,-1.0,-0.1,-1.0,-0.1
3,NONE,-1.0,-0.1,-1.0,-0.1
3,NONE,-1.0,-0.1,-1.0,-0.1
3,NONE,-1.0,-0.1,-1.0,-0.1
3,NONE,-1.0,-0.1,-1.0,-0.1
3,NONE,-1.0,-0.1,-1.0,-0.1
3,NONE,-1.0,-0.1,-1.0,-0.1
3,NONE,-1.0,-0.1,-1.0,-0.1
3,NONE,-1.0,-0.1,-1.0,-0.1
3,NONE,-1.0,-0.1,-1.0,-0.1
3,NONE,-1.0,-0.1,-1.0,-0.1
3,NONE,-1.0,-0.1,-1.0,-0.1
3,NONE,-1.0,-0.1,-1.0,-0.1
3,NONE,-1.0,-0.1,-1.0,-0.1
3,NONE,-1.0,-0.1,-1.0,-0.1
3,NONE,-1.0,-0.1,-1.0,-0.1
3,NONE,-1.0,-0.1,-1.0,-0.1
3,NONE,-1.0,-0.1,-1.0,-0.1
3,NONE,-1.0,-0.1,-1.0,-0.1
3,NONE,-1.0,-0.1,-1.0,-0.1
3,NONE,-1.0,-0.1,-1.0,-0.1
3,NONE,-1.0,-0.1,-1.0,-0.1
3,NONE,-1.0,-0.1,-1.0,-0.1
3,NONE,-1.0,-0.1,-1.0,-0.1
3,NONE,-1.0,-0.1,-1.0,-0.1
3,NONE,-1.0,-0.1,-1.0,-0.1
3,NONE,-1.0,-0.1,-1.0,-0.1
3,NONE,-1.0,-0.1,-1.0,-0.1
3,NONE,-1.0,-0.1,-1.0,-0.1
3,NONE,-1.0,-0.1,-1.0,-0.1
3,NONE,-1.0,-0.1,-1.0,-0.1
3,NONE,-1.0,-0.1,-1.0,-0.1
3,NONE,-1.0,-0.1,-1.0,-0.1
3,NONE,-1.0,-0.1,-1.0,-0.1
3,NONE,-1.0,-0.1,-1.0,-0.1
3,NONE,-1.0,-0.1,-1.0,-0.1
3,NONE,-1.0,-0.1,-1.0,-0.1
3,NONE,-1.0,-0.1,-1.0,-0.1
3,NONE,-1.0,-0.1,-1.0,-0.1
3,NONE,-1.0,-0.1,-1.0,-0.1
3,NONE,-1.0,-0.1,-1.0,-0.1
3,NONE,-1.0,-0.1,-1.0,-0.1
3,NONE,-1.0,-0.1,-1.0,-0.1
3,NONE,-1.0,-0.1,-1.0,-0.1
3,NONE,-1.0,-0.1,-1.0,-0.1
3,NONE,-1.0,-0.1,-1.0,-0.1
3,NONE,-1.0,-0.1,-1.0,-0.1
3,NONE,-1.0,-0.1,-1.0,-0.1
3,NONE,-1.0,-0.1,-1.0,-0.1
3,NONE,-1.0,-0.1,-1.0,-0.1
3,NONE,-1.0,-0.1,-1.0,-0.1
3,NONE,-1.0,-0.1,-1.0,-0.1
3,NONE,-1.0,-0.1,-1.0,-0.1
3,NONE,-1.0,-0.1,-1.0,-0.1
3,NONE,-1.0,-0.1,-1.0,-0.1
3,NONE,-1.0,-0.1,-1.0,-0.1
3,NONE,-1.0,-0.1,-1.0,-0.1
3,NONE,-1.0,-0.1,-1.0,-0.1
3,NONE,-1.0,-0.1,-1.0,-0.1
3,NONE,-1.0,-0.1,-1.0,-0.1
3,NONE,-1.0,-0.1,-1.0,-0.1
3,NONE,-1.0,-0.1,-1.0,-0.1
3,NONE,-1.0,-0.1,-1.0,-0.1
3,NONE,-1.0,-0.1,-1.0,-0.1
3,NONE,-1.0,-0.1,-1.0,-0.1
3,NONE,-1.0,-0.1,-1.0,-0.1
3,NONE,-1.0,-0.1,-1.0,-0.1
3,NONE,-1.0,-0.1,-1.0,-0.1
3,NONE,-1.0,-0.1,-1.0,-0.1
3,NONE,-1.0,-0.1,-1.0,-0.1
3,NONE,-1.0,-0.1,-1.0,-0.1
3,NONE,-1.0,-0.1,-1.0,-0.1
3,NONE,-1.0,-0.1,-1.0,-0.1
3,NONE,-1.0,-0.1,-1.0,-0.1
3,NONE,-1.0,-0.1,-1.0,-0.1
3,NONE,-1.0,-0.1,-1.0,-0.1
3,NONE,-1.0,-0.1,-1.0,-0.1
3,NONE,-1.0,-0.1,-1.0,-0.1
3,NONE,-1.0,-0.1,-1.0,-0.1
3,NONE,-1.0,-0.1,-1.0,-0.1
3,NONE,-1.0,-0.1,-1.0,-0.1
3,NONE,-1.0,-0.1,-1.0,-0.1
3,NONE,-1.0,-0.1,-1.0,-0.1
3,NONE,-1.0,-0.1,-1.0,-0.1
3,NONE,-1.0,-0.1,-1.0,-0.1
3,NONE,-1.0,-0.1,-1.0,-0.1
3,NONE,-1.0,-0.1,-1.0,-0.1
3,NONE,-1.0,-0.1,-1.0,-0.1
3,NONE,-1.0,-0.1,-1.0,-0.1
3,NONE,-1.0,-0.1,-1.0,-0.1
3,NONE,-1.0,-0.1,-1.0,-0.1
3,NONE,-1.0,-0.1,-1.0,-0.1
3,NONE,-1.0,-0.1,-1.0,-0.1
3,NONE,-1.0,-0.1,-1.0,-0.1
3,NONE,-1.0,-0.1,-1.0,-0.1
3,NONE,-1.0,-0.1,-1.0,-0.1
3,NONE,-1.0,-0.1,-1.0,-0.1
3,NONE,-1.0,-0.1,-1.0,-0.1
3,NONE,-1.0,-0.1,-1.0,-0.1
3,NONE,-1.0,-0.1,-1.0,-0.1
3,NONE,-1.0,-0.1,-1.0,-0.1
3,NONE,-1.0,-0.1,-1.0,-0.1
3,NONE,-1.0,-0.1,-1.0,-0.1
3,NONE,-1.0,-0.1,-1.0,-0.1
3,NONE,-1.0,-0.1,-1.0,-0.1
3,NONE,-1.0,-0.1,-1.0,-0.1
3,NONE,-1.0,-0.1,-1.0,-0.1
3,NONE,-1.0,-0.1,-1.0,-0.1
2,EV_B07_C030_Mototaxi_Electrica,-1.0,-0.1,7.0,51.89660116468984
1,EV_B07_C030_Mototaxi_Electrica,7.0,86.32593924351598,-1.0,51.89660116468984
1,EV_B07_C030_Mototaxi_Electrica,6.0,86.32593924351598,-1.0,51.89660116468984
1,EV_B07_C030_Mototaxi_Electrica,5.0,86.32593924351598,-1.0,51.89660116468984
1,EV_B07_C030_Mototaxi_Electrica,4.0,86.32593924351598,-1.0,51.89660116468984
1,EV_B07_C030_Mototaxi_Electrica,3.0,86.32593924351598,-1.0,51.89660116468984
1,EV_B07_C030_Mototaxi_Electrica,2.0,86.32593924351598,-1.0,51.89660116468984
1,EV_B07_C030_Mototaxi_Electrica,1.0,86.32593924351598,-1.0,51.89660116468984
1,EV_B07_C030_Mototaxi_Electrica,0.0,86.32593924351598,-1.0,51.89660116468984
3,NONE,-1.0,-0.1,-1.0,-0.1
3,NONE,-1.0,-0.1,-1.0,-0.1
3,NONE,-1.0,-0.1,-1.0,-0.1
3,NONE,-1.0,-0.1,-1.0,-0.1
3,NONE,-1.0,-0.1,-1.0,-0.1
3,NONE,-1.0,-0.1,-1.0,-0.1
3,NONE,-1.0,-0.1,-1.0,-0.1
3,NONE,-1.0,-0.1,-1.0,-0.1
3,NONE,-1.0,-0.1,-1.0,-0.1
3,NONE,-1.0,-0.1,-1.0,-0.1
3,NONE,-1.0,-0.1,-1.0,-0.1
3,NONE,-1.0,-0.1,-1.0,-0.1
3,NONE,-1.0,-0.1,-1.0,-0.1
3,NONE,-1.0,-0.1,-1.0,-0.1
3,NONE,-1.0,-0.1,-1.0,-0.1
3,NONE,-1.0,-0.1,-1.0,-0.1
2,EV_B07_C030_Mototaxi_Electrica,-1.0,-0.1,8.0,19.60131806571229
1,EV_B07_C030_Mototaxi_Electrica,6.0,81.23329150503197,-1.0,19.60131806571229
1,EV_B07_C030_Mototaxi_Electrica,5.0,81.23329150503197,-1.0,19.60131806571229
1,EV_B07_C030_Mototaxi_Electrica,4.0,81.23329150503197,-1.0,19.60131806571229
1,EV_B07_C030_Mototaxi_Electrica,3.0,81.23329150503197,-1.0,19.60131806571229
1,EV_B07_C030_Mototaxi_Electrica,2.0,81.23329150503197,-1.0,19.60131806571229
1,EV_B07_C030_Mototaxi_Electrica,1.0,81.23329150503197,-1.0,19.60131806571229
1,EV_B07_C030_Mototaxi_Electrica,0.0,81.23329150503197,-1.0,19.60131806571229
3,NONE,-1.0,-0.1,-1.0,-0.1
3,NONE,-1.0,-0.1,-1.0,-0.1
3,NONE,-1.0,-0.1,-1.0,-0.1
3,NONE,-1.0,-0.1,-1.0,-0.1
3,NONE,-1.0,-0.1,-1.0,-0.1
3,NONE,-1.0,-0.1,-1.0,-0.1
3,NONE,-1.0,-0.1,-1.0,-0.1
3,NONE,-1.0,-0.1,-1.0,-0.1
3,NONE,-1.0,-0.1,-1.0,-0.1
3,NONE,-1.0,-0.1,-1.0,-0.1
3,NONE,-1.0,-0.1,-1.0,-0.1
3,NONE,-1.0,-0.1,-1.0,-0.1
3,NONE,-1.0,-0.1,-1.0,-0.1
3,NONE,-1.0,-0.1,-1.0,-0.1
3,NONE,-1.0,-0.1,-1.0,-0.1
3,NONE,-1.0,-0.1,-1.0,-0.1
3,NONE,-1.0,-0.1,-1.0,-0.1
3,NONE,-1.0,-0.1,-1.0,-0.1
3,NONE,-1.0,-0.1,-1.0,-0.1
2,EV_B07_C030_Mototaxi_Electrica,-1.0,-0.1,11.0,14.782167623641463
1,EV_B07_C030_Mototaxi_Electrica,3.0,92.38071608763352,-1.0,14.782167623641463
1,EV_B07_C030_Mototaxi_Electrica,2.0,92.38071608763352,-1.0,14.782167623641463
1,EV_B07_C030_Mototaxi_Electrica,1.0,92.38071608763352,-1.0,14.782167623641463
1,EV_B07_C030_Mototaxi_Electrica,0.0,92.38071608763352,-1.0,14.782167623641463
3,NONE,-1.0,-0.1,-1.0,-0.1
3,NONE,-1.0,-0.1,-1.0,-0.1
3,NONE,-1.0,-0.1,-1.0,-0.1
3,NONE,-1.0,-0.1,-1.0,-0.1
3,NONE,-1.0,-0.1,-1.0,-0.1
3,NONE,-1.0,-0.1,-1.0,-0.1
3,NONE,-1.0,-0.1,-1.0,-0.1
3,NONE,-1.0,-0.1,-1.0,-0.1
3,NONE,-1.0,-0.1,-1.0,-0.1
3,NONE,-1.0,-0.1,-1.0,-0.1
3,NONE,-1.0,-0.1,-1.0,-0.1
3,NONE,-1.0,-0.1,-1.0,-0.1
3,NONE,-1.0,-0.1,-1.0,-0.1
3,NONE,-1.0,-0.1,-1.0,-0.1
3,NONE,-1.0,-0.1,-1.0,-0.1
2,EV_B07_C030_Mototaxi_Electrica,-1.0,-0.1,7.0,27.19408281876922
1,EV_B07_C030_Mototaxi_Electrica,7.0,71.53313650431335,-1.0,27.19408281876922
1,EV_B07_C030_Mototaxi_Electrica,6.0,71.53313650431335,-1.0,27.19408281876922
1,EV_B07_C030_Mototaxi_Electrica,5.0,71.53313650431335,-1.0,27.19408281876922
1,EV_B07_C030_Mototaxi_Electrica,4.0,71.53313650431335,-1.0,27.19408281876922
1,EV_B07_C030_Mototaxi_Electrica,3.0,71.53313650431335,-1.0,27.19408281876922
1,EV_B07_C030_Mototaxi_Electrica,2.0,71.53313650431335,-1.0,27.19408281876922
1,EV_B07_C030_Mototaxi_Electrica,1.0,71.53313650431335,-1.0,27.19408281876922
1,EV_B07_C030_Mototaxi_Electrica,0.0,71.53313650431335,-1.0,27.19408281876922
3,NONE,-1.0,-0.1,-1.0,-0.1
3,NONE,-1.0,-0.1,-1.0,-0.1
3,NONE,-1.0,-0.1,-1.0,-0.1
3,NONE,-1.0,-0.1,-1.0,-0.1
3,NONE,-1.0,-0.1,-1.0,-0.1
3,NONE,-1.0,-0.1,-1.0,-0.1
3,NONE,-1.0,-0.1,-1.0,-0.1
3,NONE,-1.0,-0.1,-1.0,-0.1
3,NONE,-1.0,-0.1,-1.0,-0.1
3,NONE,-1.0,-0.1,-1.0,-0.1
3,NONE,-1.0,-0.1,-1.0,-0.1
3,NONE,-1.0,-0.1,-1.0,-0.1
3,NONE,-1.0,-0.1,-1.0,-0.1
3,NONE,-1.0,-0.1,-1.0,-0.1
3,NONE,-1.0,-0.1,-1.0,-0.1
3,NONE,-1.0,-0.1,-1.0,-0.1
3,NONE,-1.0,-0.1,-1.0,-0.1
3,NONE,-1.0,-0.1,-1.0,-0.1
3,NONE,-1.0,-0.1,-1.0,-0.1
3,NONE,-1.0,-0.1,-1.0,-0.1
3,NONE,-1.0,-0.1,-1.0,-0.1
3,NONE,-1.0,-0.1,-1.0,-0.1
3,NONE,-1.0,-0.1,-1.0,-0.1
3,NONE,-1.0,-0.1,-1.0,-0.1
3,NONE,-1.0,-0.1,-1.0,-0.1
3,NONE,-1.0,-0.1,-1.0,-0.1
3,NONE,-1.0,-0.1,-1.0,-0.1
3,NONE,-1.0,-0.1,-1.0,-0.1
3,NONE,-1.0,-0.1,-1.0,-0.1
3,NONE,-1.0,-0.1,-1.0,-0.1
3,NONE,-1.0,-0.1,-1.0,-0.1
3,NONE,-1.0,-0.1,-1.0,-0.1
3,NONE,-1.0,-0.1,-1.0,-0.1
3,NONE,-1.0,-0.1,-1.0,-0.1
3,NONE,-1.0,-0.1,-1.0,-0.1
3,NONE,-1.0,-0.1,-1.0,-0.1
3,NONE,-1.0,-0.1,-1.0,-0.1
3,NONE,-1.0,-0.1,-1.0,-0.1
3,NONE,-1.0,-0.1,-1.0,-0.1
3,NONE,-1.0,-0.1,-1.0,-0.1
3,NONE,-1.0,-0.1,-1.0,-0.1
3,NONE,-1.0,-0.1,-1.0,-0.1
3,NONE,-1.0,-0.1,-1.0,-0.1
3,NONE,-1.0,-0.1,-1.0,-0.1
3,NONE,-1.0,-0.1,-1.0,-0.1
3,NONE,-1.0,-0.1,-1.0,-0.1
3,NONE,-1.0,-0.1,-1.0,-0.1
3,NONE,-1.0,-0.1,-1.0,-0.1
3,NONE,-1.0,-0.1,-1.0,-0.1
3,NONE,-1.0,-0.1,-1.0,-0.1
3,NONE,-1.0,-0.1,-1.0,-0.1
3,NONE,-1.0,-0.1,-1.0,-0.1
3,NONE,-1.0,-0.1,-1.0,-0.1
3,NONE,-1.0,-0.1,-1.0,-0.1
3,NONE,-1.0,-0.1,-1.0,-0.1
3,NONE,-1.0,-0.1,-1.0,-0.1
3,NONE,-1.0,-0.1,-1.0,-0.1
3,NONE,-1.0,-0.1,-1.0,-0.1
3,NONE,-1.0,-0.1,-1.0,-0.1
3,NONE,-1.0,-0.1,-1.0,-0.1
3,NONE,-1.0,-0.1,-1.0,-0.1
3,NONE,-1.0,-0.1,-1.0,-0.1
3,NONE,-1.0,-0.1,-1.0,-0.1
3,NONE,-1.0,-0.1,-1.0,-0.1
2,EV_B07_C030_Mototaxi_Electrica,-1.0,-0.1,8.0,30.366591833334184
1,EV_B07_C030_Mototaxi_Electrica,6.0,78.19509577934764,-1.0,30.366591833334184
1,EV_B07_C030_Mototaxi_Electrica,5.0,78.19509577934764,-1.0,30.366591833334184
1,EV_B07_C030_Mototaxi_Electrica,4.0,78.19509577934764,-1.0,30.366591833334184
1,EV_B07_C030_Mototaxi_Electrica,3.0,78.19509577934764,-1.0,30.366591833334184
1,EV_B07_C030_Mototaxi_Electrica,2.0,78.19509577934764,-1.0,30.366591833334184
1,EV_B07_C030_Mototaxi_Electrica,1.0,78.19509577934764,-1.0,30.366591833334184
1,EV_B07_C030_Mototaxi_Electrica,0.0,78.19509577934764,-1.0,30.366591833334184
3,NONE,-1.0,-0.1,-1.0,-0.1
3,NONE,-1.0,-0.1,-1.0,-0.1
3,NONE,-1.0,-0.1,-1.0,-0.1
3,NONE,-1.0,-0.1,-1.0,-0.1
3,NONE,-1.0,-0.1,-1.0,-0.1
3,NONE,-1.0,-0.1,-1.0,-0.1
3,NONE,-1.0,-0.1,-1.0,-0.1
3,NONE,-1.0,-0.1,-1.0,-0.1
3,NONE,-1.0,-0.1,-1.0,-0.1
3,NONE,-1.0,-0.1,-1.0,-0.1
3,NONE,-1.0,-0.1,-1.0,-0.1
3,NONE,-1.0,-0.1,-1.0,-0.1
3,NONE,-1.0,-0.1,-1.0,-0.1
3,NONE,-1.0,-0.1,-1.0,-0.1
3,NONE,-1.0,-0.1,-1.0,-0.1
3,NONE,-1.0,-0.1,-1.0,-0.1
3,NONE,-1.0,-0.1,-1.0,-0.1
2,EV_B07_C030_Mototaxi_Electrica,-1.0,-0.1,9.0,51.80608542700486
1,EV_B07_C030_Mototaxi_Electrica,5.0,87.17094924529924,-1.0,51.80608542700486
1,EV_B07_C030_Mototaxi_Electrica,4.0,87.17094924529924,-1.0,51.80608542700486
1,EV_B07_C030_Mototaxi_Electrica,3.0,87.17094924529924,-1.0,51.80608542700486
1,EV_B07_C030_Mototaxi_Electrica,2.0,87.17094924529924,-1.0,51.80608542700486
1,EV_B07_C030_Mototaxi_Electrica,1.0,87.17094924529924,-1.0,51.80608542700486
1,EV_B07_C030_Mototaxi_Electrica,0.0,87.17094924529924,-1.0,51.80608542700486
3,NONE,-1.0,-0.1,-1.0,-0.1
3,NONE,-1.0,-0.1,-1.0,-0.1
3,NONE,-1.0,-0.1,-1.0,-0.1
3,NONE,-1.0,-0.1,-1.0,-0.1
3,NONE,-1.0,-0.1,-1.0,-0.1
3,NONE,-1.0,-0.1,-1.0,-0.1
3,NONE,-1.0,-0.1,-1.0,-0.1
3,NONE,-1.0,-0.1,-1.0,-0.1
3,NONE,-1.0,-0.1,-1.0,-0.1
3,NONE,-1.0,-0.1,-1.0,-0.1
3,NONE,-1.0,-0.1,-1.0,-0.1
3,NONE,-1.0,-0.1,-1.0,-0.1
3,NONE,-1.0,-0.1,-1.0,-0.1
3,NONE,-1.0,-0.1,-1.0,-0.1
3,NONE,-1.0,-0.1,-1.0,-0.1
3,NONE,-1.0,-0.1,-1.0,-0.1
3,NONE,-1.0,-0.1,-1.0,-0.1
2,EV_B07_C030_Mototaxi_Electrica,-1.0,-0.1,9.0,30.191951418669138
1,EV_B07_C030_Mototaxi_Electrica,5.0,89.94958607125676,-1.0,30.191951418669138
1,EV_B07_C030_Mototaxi_Electrica,4.0,89.94958607125676,-1.0,30.191951418669138
1,EV_B07_C030_Mototaxi_Electrica,3.0,89.94958607125676,-1.0,30.191951418669138
1,EV_B07_C030_Mototaxi_Electrica,2.0,89.94958607125676,-1.0,30.191951418669138
1,EV_B07_C030_Mototaxi_Electrica,1.0,89.94958607125676,-1.0,30.191951418669138
1,EV_B07_C030_Mototaxi_Electrica,0.0,89.94958607125676,-1.0,30.191951418669138
3,NONE,-1.0,-0.1,-1.0,-0.1
3,NONE,-1.0,-0.1,-1.0,-0.1
3,NONE,-1.0,-0.1,-1.0,-0.1
3,NONE,-1.0,-0.1,-1.0,-0.1
3,NONE,-1.0,-0.1,-1.0,-0.1
3,NONE,-1.0,-0.1,-1.0,-0.1
3,NONE,-1.0,-0.1,-1.0,-0.1
3,NONE,-1.0,-0.1,-1.0,-0.1
3,NONE,-1.0,-0.1,-1.0,-0.1
3,NONE,-1.0,-0.1,-1.0,-0.1
3,NONE,-1.0,-0.1,-1.0,-0.1
3,NONE,-1.0,-0.1,-1.0,-0.1
3,NONE,-1.0,-0.1,-1.0,-0.1
3,NONE,-1.0,-0.1,-1.0,-0.1
3,NONE,-1.0,-0.1,-1.0,-0.1
3,NONE,-1.0,-0.1,-1.0,-0.1
2,EV_B07_C030_Mototaxi_Electrica,-1.0,-0.1,8.0,62.58390967147708
1,EV_B07_C030_Mototaxi_Electrica,6.0,82.46069675352162,-1.0,62.58390967147708
1,EV_B07_C030_Mototaxi_Electrica,5.0,82.46069675352162,-1.0,62.58390967147708
1,EV_B07_C030_Mototaxi_Electrica,4.0,82.46069675352162,-1.0,62.58390967147708
1,EV_B07_C030_Mototaxi_Electrica,3.0,82.46069675352162,-1.0,62.58390967147708
1,EV_B07_C030_Mototaxi_Electrica,2.0,82.46069675352162,-1.0,62.58390967147708
1,EV_B07_C030_Mototaxi_Electrica,1.0,82.46069675352162,-1.0,62.58390967147708
1,EV_B07_C030_Mototaxi_Electrica,0.0,82.46069675352162,-1.0,62.58390967147708
3,NONE,-1.0,-0.1,-1.0,-0.1
3,NONE,-1.0,-0.1,-1.0,-0.1
3,NONE,-1.0,-0.1,-1.0,-0.1
3,NONE,-1.0,-0.1,-1.0,-0.1
3,NONE,-1.0,-0.1,-1.0,-0.1
3,NONE,-1.0,-0.1,-1.0,-0.1
3,NONE,-1.0,-0.1,-1.0,-0.1
3,NONE,-1.0,-0.1,-1.0,-0.1
3,NONE,-1.0,-0.1,-1.0,-0.1
3,NONE,-1.0,-0.1,-1.0,-0.1
3,NONE,-1.0,-0.1,-1.0,-0.1
3,NONE,-1.0,-0.1,-1.0,-0.1
3,NONE,-1.0,-0.1,-1.0,-0.1
3,NONE,-1.0,-0.1,-1.0,-0.1
3,NONE,-1.0,-0.1,-1.0,-0.1
2,EV_B07_C030_Mototaxi_Electrica,-1.0,-0.1,7.0,46.0093330101913
1,EV_B07_C030_Mototaxi_Electrica,7.0,83.80895883271481,-1.0,46.0093330101913
1,EV_B07_C030_Mototaxi_Electrica,6.0,83.80895883271481,-1.0,46.0093330101913
1,EV_B07_C030_Mototaxi_Electrica,5.0,83.80895883271481,-1.0,46.0093330101913
1,EV_B07_C030_Mototaxi_Electrica,4.0,83.80895883271481,-1.0,46.0093330101913
1,EV_B07_C030_Mototaxi_Electrica,3.0,83.80895883271481,-1.0,46.0093330101913
1,EV_B07_C030_Mototaxi_Electrica,2.0,83.80895883271481,-1.0,46.0093330101913
1,EV_B07_C030_Mototaxi_Electrica,1.0,83.80895883271481,-1.0,46.0093330101913
1,EV_B07_C030_Mototaxi_Electrica,0.0,83.80895883271481,-1.0,46.0093330101913
3,NONE,-1.0,-0.1,-1.0,-0.1
3,NONE,-1.0,-0.1,-1.0,-0.1
3,NONE,-1.0,-0.1,-1.0,-0.1
3,NONE,-1.0,-0.1,-1.0,-0.1
3,NONE,-1.0,-0.1,-1.0,-0.1
3,NONE,-1.0,-0.1,-1.0,-0.1
3,NONE,-1.0,-0.1,-1.0,-0.1
3,NONE,-1.0,-0.1,-1.0,-0.1
3,NONE,-1.0,-0.1,-1.0,-0.1
3,NONE,-1.0,-0.1,-1.0,-0.1
3,NONE,-1.0,-0.1,-1.0,-0.1
3,NONE,-1.0,-0.1,-1.0,-0.1
3,NONE,-1.0,-0.1,-1.0,-0.1
3,NONE,-1.0,-0.1,-1.0,-0.1
3,NONE,-1.0,-0.1,-1.0,-0.1
3,NONE,-1.0,-0.1,-1.0,-0.1
3,NONE,-1.0,-0.1,-1.0,-0.1
3,NONE,-1.0,-0.1,-1.0,-0.1
3,NONE,-1.0,-0.1,-1.0,-0.1
3,NONE,-1.0,-0.1,-1.0,-0.1
3,NONE,-1.0,-0.1,-1.0,-0.1
3,NONE,-1.0,-0.1,-1.0,-0.1
3,NONE,-1.0,-0.1,-1.0,-0.1
3,NONE,-1.0,-0.1,-1.0,-0.1
3,NONE,-1.0,-0.1,-1.0,-0.1
3,NONE,-1.0,-0.1,-1.0,-0.1
3,NONE,-1.0,-0.1,-1.0,-0.1
3,NONE,-1.0,-0.1,-1.0,-0.1
3,NONE,-1.0,-0.1,-1.0,-0.1
3,NONE,-1.0,-0.1,-1.0,-0.1
3,NONE,-1.0,-0.1,-1.0,-0.1
3,NONE,-1.0,-0.1,-1.0,-0.1
3,NONE,-1.0,-0.1,-1.0,-0.1
3,NONE,-1.0,-0.1,-1.0,-0.1
3,NONE,-1.0,-0.1,-1.0,-0.1
3,NONE,-1.0,-0.1,-1.0,-0.1
3,NONE,-1.0,-0.1,-1.0,-0.1
3,NONE,-1.0,-0.1,-1.0,-0.1
3,NONE,-1.0,-0.1,-1.0,-0.1
3,NONE,-1.0,-0.1,-1.0,-0.1
3,NONE,-1.0,-0.1,-1.0,-0.1
3,NONE,-1.0,-0.1,-1.0,-0.1
3,NONE,-1.0,-0.1,-1.0,-0.1
3,NONE,-1.0,-0.1,-1.0,-0.1
3,NONE,-1.0,-0.1,-1.0,-0.1
3,NONE,-1.0,-0.1,-1.0,-0.1
3,NONE,-1.0,-0.1,-1.0,-0.1
3,NONE,-1.0,-0.1,-1.0,-0.1
3,NONE,-1.0,-0.1,-1.0,-0.1
3,NONE,-1.0,-0.1,-1.0,-0.1
3,NONE,-1.0,-0.1,-1.0,-0.1
3,NONE,-1.0,-0.1,-1.0,-0.1
3,NONE,-1.0,-0.1,-1.0,-0.1
3,NONE,-1.0,-0.1,-1.0,-0.1
3,NONE,-1.0,-0.1,-1.0,-0.1
3,NONE,-1.0,-0.1,-1.0,-0.1
3,NONE,-1.0,-0.1,-1.0,-0.1
3,NONE,-1.0,-0.1,-1.0,-0.1
3,NONE,-1.0,-0.1,-1.0,-0.1
3,NONE,-1.0,-0.1,-1.0,-0.1
3,NONE,-1.0,-0.1,-1.0,-0.1
3,NONE,-1.0,-0.1,-1.0,-0.1
3,NONE,-1.0,-0.1,-1.0,-0.1
3,NONE,-1.0,-0.1,-1.0,-0.1
2,EV_B07_C030_Mototaxi_Electrica,-1.0,-0.1,8.0,52.015273840823625
1,EV_B07_C030_Mototaxi_Electrica,6.0,77.81912861250174,-1.0,52.015273840823625
1,EV_B07_C030_Mototaxi_Electrica,5.0,77.81912861250174,-1.0,52.015273840823625
1,EV_B07_C030_Mototaxi_Electrica,4.0,77.81912861250174,-1.0,52.015273840823625
1,EV_B07_C030_Mototaxi_Electrica,3.0,77.81912861250174,-1.0,52.015273840823625
1,EV_B07_C030_Mototaxi_Electrica,2.0,77.81912861250174,-1.0,52.015273840823625
1,EV_B07_C030_Mototaxi_Electrica,1.0,77.81912861250174,-1.0,52.015273840823625
1,EV_B07_C030_Mototaxi_Electrica,0.0,77.81912861250174,-1.0,52.015273840823625
3,NONE,-1.0,-0.1,-1.0,-0.1
3,NONE,-1.0,-0.1,-1.0,-0.1
3,NONE,-1.0,-0.1,-1.0,-0.1
3,NONE,-1.0,-0.1,-1.0,-0.1
3,NONE,-1.0,-0.1,-1.0,-0.1
3,NONE,-1.0,-0.1,-1.0,-0.1
3,NONE,-1.0,-0.1,-1.0,-0.1
3,NONE,-1.0,-0.1,-1.0,-0.1
3,NONE,-1.0,-0.1,-1.0,-0.1
3,NONE,-1.0,-0.1,-1.0,-0.1
3,NONE,-1.0,-0.1,-1.0,-0.1
3,NONE,-1.0,-0.1,-1.0,-0.1
3,NONE,-1.0,-0.1,-1.0,-0.1
3,NONE,-1.0,-0.1,-1.0,-0.1
3,NONE,-1.0,-0.1,-1.0,-0.1
3,NONE,-1.0,-0.1,-1.0,-0.1
3,NONE,-1.0,-0.1,-1.0,-0.1
3,NONE,-1.0,-0.1,-1.0,-0.1
3,NONE,-1.0,-0.1,-1.0,-0.1
3,NONE,-1.0,-0.1,-1.0,-0.1
3,NONE,-1.0,-0.1,-1.0,-0.1
3,NONE,-1.0,-0.1,-1.0,-0.1
3,NONE,-1.0,-0.1,-1.0,-0.1
3,NONE,-1.0,-0.1,-1.0,-0.1
3,NONE,-1.0,-0.1,-1.0,-0.1
3,NONE,-1.0,-0.1,-1.0,-0.1
3,NONE,-1.0,-0.1,-1.0,-0.1
3,NONE,-1.0,-0.1,-1.0,-0.1
3,NONE,-1.0,-0.1,-1.0,-0.1
3,NONE,-1.0,-0.1,-1.0,-0.1
3,NONE,-1.0,-0.1,-1.0,-0.1
3,NONE,-1.0,-0.1,-1.0,-0.1
3,NONE,-1.0,-0.1,-1.0,-0.1
3,NONE,-1.0,-0.1,-1.0,-0.1
3,NONE,-1.0,-0.1,-1.0,-0.1
3,NONE,-1.0,-0.1,-1.0,-0.1
3,NONE,-1.0,-0.1,-1.0,-0.1
3,NONE,-1.0,-0.1,-1.0,-0.1
3,NONE,-1.0,-0.1,-1.0,-0.1
3,NONE,-1.0,-0.1,-1.0,-0.1
2,EV_B07_C030_Mototaxi_Electrica,-1.0,-0.1,8.0,30.22782484775021
1,EV_B07_C030_Mototaxi_Electrica,6.0,80.60476774623054,-1.0,30.22782484775021
1,EV_B07_C030_Mototaxi_Electrica,5.0,80.60476774623054,-1.0,30.22782484775021
1,EV_B07_C030_Mototaxi_Electrica,4.0,80.60476774623054,-1.0,30.22782484775021
1,EV_B07_C030_Mototaxi_Electrica,3.0,80.60476774623054,-1.0,30.22782484775021
1,EV_B07_C030_Mototaxi_Electrica,2.0,80.60476774623054,-1.0,30.22782484775021
1,EV_B07_C030_Mototaxi_Electrica,1.0,80.60476774623054,-1.0,30.22782484775021
1,EV_B07_C030_Mototaxi_Electrica,0.0,80.60476774623054,-1.0,30.22782484775021
3,NONE,-1.0,-0.1,-1.0,-0.1
3,NONE,-1.0,-0.1,-1.0,-0.1
3,NONE,-1.0,-0.1,-1.0,-0.1
3,NONE,-1.0,-0.1,-1.0,-0.1
3,NONE,-1.0,-0.1,-1.0,-0.1
3,NONE,-1.0,-0.1,-1.0,-0.1
3,NONE,-1.0,-0.1,-1.0,-0.1
3,NONE,-1.0,-0.1,-1.0,-0.1
3,NONE,-1.0,-0.1,-1.0,-0.1
3,NONE,-1.0,-0.1,-1.0,-0.1
3,NONE,-1.0,-0.1,-1.0,-0.1
3,NONE,-1.0,-0.1,-1.0,-0.1
3,NONE,-1.0,-0.1,-1.0,-0.1
3,NONE,-1.0,-0.1,-1.0,-0.1
3,NONE,-1.0,-0.1,-1.0,-0.1
3,NONE,-1.0,-0.1,-1.0,-0.1
3,NONE,-1.0,-0.1,-1.0,-0.1
3,NONE,-1.0,-0.1,-1.0,-0.1
3,NONE,-1.0,-0.1,-1.0,-0.1
3,NONE,-1.0,-0.1,-1.0,-0.1
3,NONE,-1.0,-0.1,-1.0,-0.1
3,NONE,-1.0,-0.1,-1.0,-0.1
3,NONE,-1.0,-0.1,-1.0,-0.1
3,NONE,-1.0,-0.1,-1.0,-0.1
3,NONE,-1.0,-0.1,-1.0,-0.1
3,NONE,-1.0,-0.1,-1.0,-0.1
3,NONE,-1.0,-0.1,-1.0,-0.1
3,NONE,-1.0,-0.1,-1.0,-0.1
3,NONE,-1.0,-0.1,-1.0,-0.1
3,NONE,-1.0,-0.1,-1.0,-0.1
3,NONE,-1.0,-0.1,-1.0,-0.1
3,NONE,-1.0,-0.1,-1.0,-0.1
3,NONE,-1.0,-0.1,-1.0,-0.1
3,NONE,-1.0,-0.1,-1.0,-0.1
3,NONE,-1.0,-0.1,-1.0,-0.1
3,NONE,-1.0,-0.1,-1.0,-0.1
3,NONE,-1.0,-0.1,-1.0,-0.1
3,NONE,-1.0,-0.1,-1.0,-0.1
3,NONE,-1.0,-0.1,-1.0,-0.1
3,NONE,-1.0,-0.1,-1.0,-0.1
3,NONE,-1.0,-0.1,-1.0,-0.1
2,EV_B07_C030_Mototaxi_Electrica,-1.0,-0.1,9.0,37.19753925972335
1,EV_B07_C030_Mototaxi_Electrica,5.0,100.0,-1.0,37.19753925972335
1,EV_B07_C030_Mototaxi_Electrica,4.0,100.0,-1.0,37.19753925972335
1,EV_B07_C030_Mototaxi_Electrica,3.0,100.0,-1.0,37.19753925972335
1,EV_B07_C030_Mototaxi_Electrica,2.0,100.0,-1.0,37.19753925972335
1,EV_B07_C030_Mototaxi_Electrica,1.0,100.0,-1.0,37.19753925972335
1,EV_B07_C030_Mototaxi_Electrica,0.0,100.0,-1.0,37.19753925972335
3,NONE,-1.0,-0.1,-1.0,-0.1
3,NONE,-1.0,-0.1,-1.0,-0.1
3,NONE,-1.0,-0.1,-1.0,-0.1
3,NONE,-1.0,-0.1,-1.0,-0.1
3,NONE,-1.0,-0.1,-1.0,-0.1
3,NONE,-1.0,-0.1,-1.0,-0.1
3,NONE,-1.0,-0.1,-1.0,-0.1
3,NONE,-1.0,-0.1,-1.0,-0.1
3,NONE,-1.0,-0.1,-1.0,-0.1
3,NONE,-1.0,-0.1,-1.0,-0.1
3,NONE,-1.0,-0.1,-1.0,-0.1
3,NONE,-1.0,-0.1,-1.0,-0.1
3,NONE,-1.0,-0.1,-1.0,-0.1
3,NONE,-1.0,-0.1,-1.0,-0.1
3,NONE,-1.0,-0.1,-1.0,-0.1
3,NONE,-1.0,-0.1,-1.0,-0.1
3,NONE,-1.0,-0.1,-1.0,-0.1
3,NONE,-1.0,-0.1,-1.0,-0.1
3,NONE,-1.0,-0.1,-1.0,-0.1
3,NONE,-1.0,-0.1,-1.0,-0.1
3,NONE,-1.0,-0.1,-1.0,-0.1
3,NONE,-1.0,-0.1,-1.0,-0.1
3,NONE,-1.0,-0.1,-1.0,-0.1
3,NONE,-1.0,-0.1,-1.0,-0.1
3,NONE,-1.0,-0.1,-1.0,-0.1
3,NONE,-1.0,-0.1,-1.0,-0.1
3,NONE,-1.0,-0.1,-1.0,-0.1
3,NONE,-1.0,-0.1,-1.0,-0.1
3,NONE,-1.0,-0.1,-1.0,-0.1
3,NONE,-1.0,-0.1,-1.0,-0.1
3,NONE,-1.0,-0.1,-1.0,-0.1
3,NONE,-1.0,-0.1,-1.0,-0.1
3,NONE,-1.0,-0.1,-1.0,-0.1
3,NONE,-1.0,-0.1,-1.0,-0.1
3,NONE,-1.0,-0.1,-1.0,-0.1
3,NONE,-1.0,-0.1,-1.0,-0.1
3,NONE,-1.0,-0.1,-1.0,-0.1
3,NONE,-1.0,-0.1,-1.0,-0.1
3,NONE,-1.0,-0.1,-1.0,-0.1
3,NONE,-1.0,-0.1,-1.0,-0.1
3,NONE,-1.0,-0.1,-1.0,-0.1
3,NONE,-1.0,-0.1,-1.0,-0.1
3,NONE,-1.0,-0.1,-1.0,-0.1
3,NONE,-1.0,-0.1,-1.0,-0.1
3,NONE,-1.0,-0.1,-1.0,-0.1
3,NONE,-1.0,-0.1,-1.0,-0.1
3,NONE,-1.0,-0.1,-1.0,-0.1
3,NONE,-1.0,-0.1,-1.0,-0.1
3,NONE,-1.0,-0.1,-1.0,-0.1
3,NONE,-1.0,-0.1,-1.0,-0.1
3,NONE,-1.0,-0.1,-1.0,-0.1
3,NONE,-1.0,-0.1,-1.0,-0.1
3,NONE,-1.0,-0.1,-1.0,-0.1
3,NONE,-1.0,-0.1,-1.0,-0.1
3,NONE,-1.0,-0.1,-1.0,-0.1
3,NONE,-1.0,-0.1,-1.0,-0.1
3,NONE,-1.0,-0.1,-1.0,-0.1
3,NONE,-1.0,-0.1,-1.0,-0.1
3,NONE,-1.0,-0.1,-1.0,-0.1
3,NONE,-1.0,-0.1,-1.0,-0.1
3,NONE,-1.0,-0.1,-1.0,-0.1
3,NONE,-1.0,-0.1,-1.0,-0.1
3,NONE,-1.0,-0.1,-1.0,-0.1
3,NONE,-1.0,-0.1,-1.0,-0.1
2,EV_B07_C030_Mototaxi_Electrica,-1.0,-0.1,8.0,47.99780513831038
1,EV_B07_C030_Mototaxi_Electrica,6.0,87.80293685082951,-1.0,47.99780513831038
1,EV_B07_C030_Mototaxi_Electrica,5.0,87.80293685082951,-1.0,47.99780513831038
1,EV_B07_C030_Mototaxi_Electrica,4.0,87.80293685082951,-1.0,47.99780513831038
1,EV_B07_C030_Mototaxi_Electrica,3.0,87.80293685082951,-1.0,47.99780513831038
1,EV_B07_C030_Mototaxi_Electrica,2.0,87.80293685082951,-1.0,47.99780513831038
1,EV_B07_C030_Mototaxi_Electrica,1.0,87.80293685082951,-1.0,47.99780513831038
1,EV_B07_C030_Mototaxi_Electrica,0.0,87.80293685082951,-1.0,47.99780513831038
3,NONE,-1.0,-0.1,-1.0,-0.1
3,NONE,-1.0,-0.1,-1.0,-0.1
3,NONE,-1.0,-0.1,-1.0,-0.1
3,NONE,-1.0,-0.1,-1.0,-0.1
3,NONE,-1.0,-0.1,-1.0,-0.1
3,NONE,-1.0,-0.1,-1.0,-0.1
3,NONE,-1.0,-0.1,-1.0,-0.1
3,NONE,-1.0,-0.1,-1.0,-0.1
3,NONE,-1.0,-0.1,-1.0,-0.1
3,NONE,-1.0,-0.1,-1.0,-0.1
3,NONE,-1.0,-0.1,-1.0,-0.1
3,NONE,-1.0,-0.1,-1.0,-0.1
3,NONE,-1.0,-0.1,-1.0,-0.1
3,NONE,-1.0,-0.1,-1.0,-0.1
3,NONE,-1.0,-0.1,-1.0,-0.1
3,NONE,-1.0,-0.1,-1.0,-0.1
3,NONE,-1.0,-0.1,-1.0,-0.1
3,NONE,-1.0,-0.1,-1.0,-0.1
3,NONE,-1.0,-0.1,-1.0,-0.1
3,NONE,-1.0,-0.1,-1.0,-0.1
3,NONE,-1.0,-0.1,-1.0,-0.1
3,NONE,-1.0,-0.1,-1.0,-0.1
3,NONE,-1.0,-0.1,-1.0,-0.1
3,NONE,-1.0,-0.1,-1.0,-0.1
3,NONE,-1.0,-0.1,-1.0,-0.1
3,NONE,-1.0,-0.1,-1.0,-0.1
3,NONE,-1.0,-0.1,-1.0,-0.1
3,NONE,-1.0,-0.1,-1.0,-0.1
3,NONE,-1.0,-0.1,-1.0,-0.1
3,NONE,-1.0,-0.1,-1.0,-0.1
3,NONE,-1.0,-0.1,-1.0,-0.1
3,NONE,-1.0,-0.1,-1.0,-0.1
3,NONE,-1.0,-0.1,-1.0,-0.1
3,NONE,-1.0,-0.1,-1.0,-0.1
3,NONE,-1.0,-0.1,-1.0,-0.1
3,NONE,-1.0,-0.1,-1.0,-0.1
3,NONE,-1.0,-0.1,-1.0,-0.1
3,NONE,-1.0,-0.1,-1.0,-0.1
3,NONE,-1.0,-0.1,-1.0,-0.1
3,NONE,-1.0,-0.1,-1.0,-0.1
3,NONE,-1.0,-0.1,-1.0,-0.1
3,NONE,-1.0,-0.1,-1.0,-0.1
3,NONE,-1.0,-0.1,-1.0,-0.1
3,NONE,-1.0,-0.1,-1.0,-0.1
3,NONE,-1.0,-0.1,-1.0,-0.1
3,NONE,-1.0,-0.1,-1.0,-0.1
3,NONE,-1.0,-0.1,-1.0,-0.1
3,NONE,-1.0,-0.1,-1.0,-0.1
3,NONE,-1.0,-0.1,-1.0,-0.1
3,NONE,-1.0,-0.1,-1.0,-0.1
3,NONE,-1.0,-0.1,-1.0,-0.1
3,NONE,-1.0,-0.1,-1.0,-0.1
3,NONE,-1.0,-0.1,-1.0,-0.1
3,NONE,-1.0,-0.1,-1.0,-0.1
3,NONE,-1.0,-0.1,-1.0,-0.1
3,NONE,-1.0,-0.1,-1.0,-0.1
3,NONE,-1.0,-0.1,-1.0,-0.1
3,NONE,-1.0,-0.1,-1.0,-0.1
3,NONE,-1.0,-0.1,-1.0,-0.1
3,NONE,-1.0,-0.1,-1.0,-0.1
3,NONE,-1.0,-0.1,-1.0,-0.1
3,NONE,-1.0,-0.1,-1.0,-0.1
3,NONE,-1.0,-0.1,-1.0,-0.1
2,EV_B07_C030_Mototaxi_Electrica,-1.0,-0.1,7.0,16.159935551230486
1,EV_B07_C030_Mototaxi_Electrica,6.0,81.43055761754867,-1.0,16.159935551230486
1,EV_B07_C030_Mototaxi_Electrica,5.0,81.43055761754867,-1.0,16.159935551230486
1,EV_B07_C030_Mototaxi_Electrica,4.0,81.43055761754867,-1.0,16.159935551230486
1,EV_B07_C030_Mototaxi_Electrica,3.0,81.43055761754867,-1.0,16.159935551230486
1,EV_B07_C030_Mototaxi_Electrica,2.0,81.43055761754867,-1.0,16.159935551230486
1,EV_B07_C030_Mototaxi_Electrica,1.0,81.43055761754867,-1.0,16.159935551230486
1,EV_B07_C030_Mototaxi_Electrica,0.0,81.43055761754867,-1.0,16.159935551230486
3,NONE,-1.0,-0.1,-1.0,-0.1
3,NONE,-1.0,-0.1,-1.0,-0.1
3,NONE,-1.0,-0.1,-1.0,-0.1
3,NONE,-1.0,-0.1,-1.0,-0.1
3,NONE,-1.0,-0.1,-1.0,-0.1
3,NONE,-1.0,-0.1,-1.0,-0.1
3,NONE,-1.0,-0.1,-1.0,-0.1
3,NONE,-1.0,-0.1,-1.0,-0.1
3,NONE,-1.0,-0.1,-1.0,-0.1
3,NONE,-1.0,-0.1,-1.0,-0.1
3,NONE,-1.0,-0.1,-1.0,-0.1
3,NONE,-1.0,-0.1,-1.0,-0.1
3,NONE,-1.0,-0.1,-1.0,-0.1
3,NONE,-1.0,-0.1,-1.0,-0.1
3,NONE,-1.0,-0.1,-1.0,-0.1
3,NONE,-1.0,-0.1,-1.0,-0.1
2,EV_B07_C030_Mototaxi_Electrica,-1.0,-0.1,7.0,50.00849170639094
1,EV_B07_C030_Mototaxi_Electrica,7.0,82.00578101017983,-1.0,50.00849170639094
1,EV_B07_C030_Mototaxi_Electrica,6.0,82.00578101017983,-1.0,50.00849170639094
1,EV_B07_C030_Mototaxi_Electrica,5.0,82.00578101017983,-1.0,50.00849170639094
1,EV_B07_C030_Mototaxi_Electrica,4.0,82.00578101017983,-1.0,50.00849170639094
1,EV_B07_C030_Mototaxi_Electrica,3.0,82.00578101017983,-1.0,50.00849170639094
1,EV_B07_C030_Mototaxi_Electrica,2.0,82.00578101017983,-1.0,50.00849170639094
1,EV_B07_C030_Mototaxi_Electrica,1.0,82.00578101017983,-1.0,50.00849170639094
1,EV_B07_C030_Mototaxi_Electrica,0.0,82.00578101017983,-1.0,50.00849170639094
3,NONE,-1.0,-0.1,-1.0,-0.1
3,NONE,-1.0,-0.1,-1.0,-0.1
3,NONE,-1.0,-0.1,-1.0,-0.1
3,NONE,-1.0,-0.1,-1.0,-0.1
3,NONE,-1.0,-0.1,-1.0,-0.1
3,NONE,-1.0,-0.1,-1.0,-0.1
3,NONE,-1.0,-0.1,-1.0,-0.1
3,NONE,-1.0,-0.1,-1.0,-0.1
3,NONE,-1.0,-0.1,-1.0,-0.1
3,NONE,-1.0,-0.1,-1.0,-0.1
3,NONE,-1.0,-0.1,-1.0,-0.1
3,NONE,-1.0,-0.1,-1.0,-0.1
3,NONE,-1.0,-0.1,-1.0,-0.1
3,NONE,-1.0,-0.1,-1.0,-0.1
3,NONE,-1.0,-0.1,-1.0,-0.1
3,NONE,-1.0,-0.1,-1.0,-0.1
3,NONE,-1.0,-0.1,-1.0,-0.1
3,NONE,-1.0,-0.1,-1.0,-0.1
3,NONE,-1.0,-0.1,-1.0,-0.1
3,NONE,-1.0,-0.1,-1.0,-0.1
3,NONE,-1.0,-0.1,-1.0,-0.1
3,NONE,-1.0,-0.1,-1.0,-0.1
3,NONE,-1.0,-0.1,-1.0,-0.1
3,NONE,-1.0,-0.1,-1.0,-0.1
3,NONE,-1.0,-0.1,-1.0,-0.1
3,NONE,-1.0,-0.1,-1.0,-0.1
3,NONE,-1.0,-0.1,-1.0,-0.1
3,NONE,-1.0,-0.1,-1.0,-0.1
3,NONE,-1.0,-0.1,-1.0,-0.1
3,NONE,-1.0,-0.1,-1.0,-0.1
3,NONE,-1.0,-0.1,-1.0,-0.1
3,NONE,-1.0,-0.1,-1.0,-0.1
3,NONE,-1.0,-0.1,-1.0,-0.1
3,NONE,-1.0,-0.1,-1.0,-0.1
3,NONE,-1.0,-0.1,-1.0,-0.1
3,NONE,-1.0,-0.1,-1.0,-0.1
3,NONE,-1.0,-0.1,-1.0,-0.1
3,NONE,-1.0,-0.1,-1.0,-0.1
3,NONE,-1.0,-0.1,-1.0,-0.1
3,NONE,-1.0,-0.1,-1.0,-0.1
3,NONE,-1.0,-0.1,-1.0,-0.1
3,NONE,-1.0,-0.1,-1.0,-0.1
3,NONE,-1.0,-0.1,-1.0,-0.1
3,NONE,-1.0,-0.1,-1.0,-0.1
3,NONE,-1.0,-0.1,-1.0,-0.1
3,NONE,-1.0,-0.1,-1.0,-0.1
3,NONE,-1.0,-0.1,-1.0,-0.1
3,NONE,-1.0,-0.1,-1.0,-0.1
3,NONE,-1.0,-0.1,-1.0,-0.1
3,NONE,-1.0,-0.1,-1.0,-0.1
3,NONE,-1.0,-0.1,-1.0,-0.1
3,NONE,-1.0,-0.1,-1.0,-0.1
3,NONE,-1.0,-0.1,-1.0,-0.1
3,NONE,-1.0,-0.1,-1.0,-0.1
3,NONE,-1.0,-0.1,-1.0,-0.1
3,NONE,-1.0,-0.1,-1.0,-0.1
3,NONE,-1.0,-0.1,-1.0,-0.1
3,NONE,-1.0,-0.1,-1.0,-0.1
3,NONE,-1.0,-0.1,-1.0,-0.1
3,NONE,-1.0,-0.1,-1.0,-0.1
3,NONE,-1.0,-0.1,-1.0,-0.1
3,NONE,-1.0,-0.1,-1.0,-0.1
3,NONE,-1.0,-0.1,-1.0,-0.1
2,EV_B07_C030_Mototaxi_Electrica,-1.0,-0.1,7.0,38.99754172540828
1,EV_B07_C030_Mototaxi_Electrica,7.0,79.90711815058319,-1.0,38.99754172540828
1,EV_B07_C030_Mototaxi_Electrica,6.0,79.90711815058319,-1.0,38.99754172540828
1,EV_B07_C030_Mototaxi_Electrica,5.0,79.90711815058319,-1.0,38.99754172540828
1,EV_B07_C030_Mototaxi_Electrica,4.0,79.90711815058319,-1.0,38.99754172540828
1,EV_B07_C030_Mototaxi_Electrica,3.0,79.90711815058319,-1.0,38.99754172540828
1,EV_B07_C030_Mototaxi_Electrica,2.0,79.90711815058319,-1.0,38.99754172540828
1,EV_B07_C030_Mototaxi_Electrica,1.0,79.90711815058319,-1.0,38.99754172540828
1,EV_B07_C030_Mototaxi_Electrica,0.0,79.90711815058319,-1.0,38.99754172540828
3,NONE,-1.0,-0.1,-1.0,-0.1
3,NONE,-1.0,-0.1,-1.0,-0.1
3,NONE,-1.0,-0.1,-1.0,-0.1
3,NONE,-1.0,-0.1,-1.0,-0.1
3,NONE,-1.0,-0.1,-1.0,-0.1
3,NONE,-1.0,-0.1,-1.0,-0.1
3,NONE,-1.0,-0.1,-1.0,-0.1
3,NONE,-1.0,-0.1,-1.0,-0.1
3,NONE,-1.0,-0.1,-1.0,-0.1
3,NONE,-1.0,-0.1,-1.0,-0.1
3,NONE,-1.0,-0.1,-1.0,-0.1
3,NONE,-1.0,-0.1,-1.0,-0.1
3,NONE,-1.0,-0.1,-1.0,-0.1
3,NONE,-1.0,-0.1,-1.0,-0.1
3,NONE,-1.0,-0.1,-1.0,-0.1
3,NONE,-1.0,-0.1,-1.0,-0.1
3,NONE,-1.0,-0.1,-1.0,-0.1
3,NONE,-1.0,-0.1,-1.0,-0.1
3,NONE,-1.0,-0.1,-1.0,-0.1
3,NONE,-1.0,-0.1,-1.0,-0.1
3,NONE,-1.0,-0.1,-1.0,-0.1
3,NONE,-1.0,-0.1,-1.0,-0.1
3,NONE,-1.0,-0.1,-1.0,-0.1
3,NONE,-1.0,-0.1,-1.0,-0.1
3,NONE,-1.0,-0.1,-1.0,-0.1
3,NONE,-1.0,-0.1,-1.0,-0.1
3,NONE,-1.0,-0.1,-1.0,-0.1
3,NONE,-1.0,-0.1,-1.0,-0.1
3,NONE,-1.0,-0.1,-1.0,-0.1
3,NONE,-1.0,-0.1,-1.0,-0.1
3,NONE,-1.0,-0.1,-1.0,-0.1
3,NONE,-1.0,-0.1,-1.0,-0.1
3,NONE,-1.0,-0.1,-1.0,-0.1
3,NONE,-1.0,-0.1,-1.0,-0.1
3,NONE,-1.0,-0.1,-1.0,-0.1
3,NONE,-1.0,-0.1,-1.0,-0.1
3,NONE,-1.0,-0.1,-1.0,-0.1
3,NONE,-1.0,-0.1,-1.0,-0.1
3,NONE,-1.0,-0.1,-1.0,-0.1
3,NONE,-1.0,-0.1,-1.0,-0.1
3,NONE,-1.0,-0.1,-1.0,-0.1
2,EV_B07_C030_Mototaxi_Electrica,-1.0,-0.1,9.0,26.935499194176984
1,EV_B07_C030_Mototaxi_Electrica,5.0,77.03454078303744,-1.0,26.935499194176984
1,EV_B07_C030_Mototaxi_Electrica,4.0,77.03454078303744,-1.0,26.935499194176984
1,EV_B07_C030_Mototaxi_Electrica,3.0,77.03454078303744,-1.0,26.935499194176984
1,EV_B07_C030_Mototaxi_Electrica,2.0,77.03454078303744,-1.0,26.935499194176984
1,EV_B07_C030_Mototaxi_Electrica,1.0,77.03454078303744,-1.0,26.935499194176984
1,EV_B07_C030_Mototaxi_Electrica,0.0,77.03454078303744,-1.0,26.935499194176984
3,NONE,-1.0,-0.1,-1.0,-0.1
3,NONE,-1.0,-0.1,-1.0,-0.1
3,NONE,-1.0,-0.1,-1.0,-0.1
3,NONE,-1.0,-0.1,-1.0,-0.1
3,NONE,-1.0,-0.1,-1.0,-0.1
3,NONE,-1.0,-0.1,-1.0,-0.1
3,NONE,-1.0,-0.1,-1.0,-0.1
3,NONE,-1.0,-0.1,-1.0,-0.1
3,NONE,-1.0,-0.1,-1.0,-0.1
3,NONE,-1.0,-0.1,-1.0,-0.1
3,NONE,-1.0,-0.1,-1.0,-0.1
3,NONE,-1.0,-0.1,-1.0,-0.1
3,NONE,-1.0,-0.1,-1.0,-0.1
3,NONE,-1.0,-0.1,-1.0,-0.1
3,NONE,-1.0,-0.1,-1.0,-0.1
3,NONE,-1.0,-0.1,-1.0,-0.1
2,EV_B07_C030_Mototaxi_Electrica,-1.0,-0.1,8.0,46.19201936618696
1,EV_B07_C030_Mototaxi_Electrica,6.0,80.22538131812338,-1.0,46.19201936618696
1,EV_B07_C030_Mototaxi_Electrica,5.0,80.22538131812338,-1.0,46.19201936618696
1,EV_B07_C030_Mototaxi_Electrica,4.0,80.22538131812338,-1.0,46.19201936618696
1,EV_B07_C030_Mototaxi_Electrica,3.0,80.22538131812338,-1.0,46.19201936618696
1,EV_B07_C030_Mototaxi_Electrica,2.0,80.22538131812338,-1.0,46.19201936618696
1,EV_B07_C030_Mototaxi_Electrica,1.0,80.22538131812338,-1.0,46.19201936618696
1,EV_B07_C030_Mototaxi_Electrica,0.0,80.22538131812338,-1.0,46.19201936618696
3,NONE,-1.0,-0.1,-1.0,-0.1
3,NONE,-1.0,-0.1,-1.0,-0.1
3,NONE,-1.0,-0.1,-1.0,-0.1
3,NONE,-1.0,-0.1,-1.0,-0.1
3,NONE,-1.0,-0.1,-1.0,-0.1
3,NONE,-1.0,-0.1,-1.0,-0.1
3,NONE,-1.0,-0.1,-1.0,-0.1
3,NONE,-1.0,-0.1,-1.0,-0.1
3,NONE,-1.0,-0.1,-1.0,-0.1
3,NONE,-1.0,-0.1,-1.0,-0.1
3,NONE,-1.0,-0.1,-1.0,-0.1
3,NONE,-1.0,-0.1,-1.0,-0.1
3,NONE,-1.0,-0.1,-1.0,-0.1
3,NONE,-1.0,-0.1,-1.0,-0.1
3,NONE,-1.0,-0.1,-1.0,-0.1
2,EV_B07_C030_Mototaxi_Electrica,-1.0,-0.1,7.0,30.44544993481071
1,EV_B07_C030_Mototaxi_Electrica,7.0,81.11678305261444,-1.0,30.44544993481071
1,EV_B07_C030_Mototaxi_Electrica,6.0,81.11678305261444,-1.0,30.44544993481071
1,EV_B07_C030_Mototaxi_Electrica,5.0,81.11678305261444,-1.0,30.44544993481071
1,EV_B07_C030_Mototaxi_Electrica,4.0,81.11678305261444,-1.0,30.44544993481071
1,EV_B07_C030_Mototaxi_Electrica,3.0,81.11678305261444,-1.0,30.44544993481071
1,EV_B07_C030_Mototaxi_Electrica,2.0,81.11678305261444,-1.0,30.44544993481071
1,EV_B07_C030_Mototaxi_Electrica,1.0,81.11678305261444,-1.0,30.44544993481071
1,EV_B07_C030_Mototaxi_Electrica,0.0,81.11678305261444,-1.0,30.44544993481071
3,NONE,-1.0,-0.1,-1.0,-0.1
3,NONE,-1.0,-0.1,-1.0,-0.1
3,NONE,-1.0,-0.1,-1.0,-0.1
3,NONE,-1.0,-0.1,-1.0,-0.1
3,NONE,-1.0,-0.1,-1.0,-0.1
3,NONE,-1.0,-0.1,-1.0,-0.1
3,NONE,-1.0,-0.1,-1.0,-0.1
3,NONE,-1.0,-0.1,-1.0,-0.1
3,NONE,-1.0,-0.1,-1.0,-0.1
3,NONE,-1.0,-0.1,-1.0,-0.1
3,NONE,-1.0,-0.1,-1.0,-0.1
3,NONE,-1.0,-0.1,-1.0,-0.1
3,NONE,-1.0,-0.1,-1.0,-0.1
3,NONE,-1.0,-0.1,-1.0,-0.1
3,NONE,-1.0,-0.1,-1.0,-0.1
3,NONE,-1.0,-0.1,-1.0,-0.1
3,NONE,-1.0,-0.1,-1.0,-0.1
3,NONE,-1.0,-0.1,-1.0,-0.1
3,NONE,-1.0,-0.1,-1.0,-0.1
3,NONE,-1.0,-0.1,-1.0,-0.1
3,NONE,-1.0,-0.1,-1.0,-0.1
3,NONE,-1.0,-0.1,-1.0,-0.1
3,NONE,-1.0,-0.1,-1.0,-0.1
3,NONE,-1.0,-0.1,-1.0,-0.1
3,NONE,-1.0,-0.1,-1.0,-0.1
3,NONE,-1.0,-0.1,-1.0,-0.1
3,NONE,-1.0,-0.1,-1.0,-0.1
3,NONE,-1.0,-0.1,-1.0,-0.1
3,NONE,-1.0,-0.1,-1.0,-0.1
3,NONE,-1.0,-0.1,-1.0,-0.1
3,NONE,-1.0,-0.1,-1.0,-0.1
3,NONE,-1.0,-0.1,-1.0,-0.1
3,NONE,-1.0,-0.1,-1.0,-0.1
3,NONE,-1.0,-0.1,-1.0,-0.1
3,NONE,-1.0,-0.1,-1.0,-0.1
3,NONE,-1.0,-0.1,-1.0,-0.1
3,NONE,-1.0,-0.1,-1.0,-0.1
3,NONE,-1.0,-0.1,-1.0,-0.1
3,NONE,-1.0,-0.1,-1.0,-0.1
3,NONE,-1.0,-0.1,-1.0,-0.1
3,NONE,-1.0,-0.1,-1.0,-0.1
3,NONE,-1.0,-0.1,-1.0,-0.1
3,NONE,-1.0,-0.1,-1.0,-0.1
3,NONE,-1.0,-0.1,-1.0,-0.1
3,NONE,-1.0,-0.1,-1.0,-0.1
3,NONE,-1.0,-0.1,-1.0,-0.1
3,NONE,-1.0,-0.1,-1.0,-0.1
3,NONE,-1.0,-0.1,-1.0,-0.1
3,NONE,-1.0,-0.1,-1.0,-0.1
3,NONE,-1.0,-0.1,-1.0,-0.1
3,NONE,-1.0,-0.1,-1.0,-0.1
3,NONE,-1.0,-0.1,-1.0,-0.1
3,NONE,-1.0,-0.1,-1.0,-0.1
3,NONE,-1.0,-0.1,-1.0,-0.1
3,NONE,-1.0,-0.1,-1.0,-0.1
3,NONE,-1.0,-0.1,-1.0,-0.1
3,NONE,-1.0,-0.1,-1.0,-0.1
3,NONE,-1.0,-0.1,-1.0,-0.1
3,NONE,-1.0,-0.1,-1.0,-0.1
3,NONE,-1.0,-0.1,-1.0,-0.1
3,NONE,-1.0,-0.1,-1.0,-0.1
3,NONE,-1.0,-0.1,-1.0,-0.1
3,NONE,-1.0,-0.1,-1.0,-0.1
2,EV_B07_C030_Mototaxi_Electrica,-1.0,-0.1,7.0,26.4696625703306
1,EV_B07_C030_Mototaxi_Electrica,6.0,72.25955186363134,-1.0,26.4696625703306
1,EV_B07_C030_Mototaxi_Electrica,5.0,72.25955186363134,-1.0,26.4696625703306
1,EV_B07_C030_Mototaxi_Electrica,4.0,72.25955186363134,-1.0,26.4696625703306
1,EV_B07_C030_Mototaxi_Electrica,3.0,72.25955186363134,-1.0,26.4696625703306
1,EV_B07_C030_Mototaxi_Electrica,2.0,72.25955186363134,-1.0,26.4696625703306
1,EV_B07_C030_Mototaxi_Electrica,1.0,72.25955186363134,-1.0,26.4696625703306
1,EV_B07_C030_Mototaxi_Electrica,0.0,72.25955186363134,-1.0,26.4696625703306
3,NONE,-1.0,-0.1,-1.0,-0.1
3,NONE,-1.0,-0.1,-1.0,-0.1
3,NONE,-1.0,-0.1,-1.0,-0.1
3,NONE,-1.0,-0.1,-1.0,-0.1
3,NONE,-1.0,-0.1,-1.0,-0.1
3,NONE,-1.0,-0.1,-1.0,-0.1
3,NONE,-1.0,-0.1,-1.0,-0.1
3,NONE,-1.0,-0.1,-1.0,-0.1
3,NONE,-1.0,-0.1,-1.0,-0.1
3,NONE,-1.0,-0.1,-1.0,-0.1
3,NONE,-1.0,-0.1,-1.0,-0.1
3,NONE,-1.0,-0.1,-1.0,-0.1
3,NONE,-1.0,-0.1,-1.0,-0.1
3,NONE,-1.0,-0.1,-1.0,-0.1
3,NONE,-1.0,-0.1,-1.0,-0.1
3,NONE,-1.0,-0.1,-1.0,-0.1
2,EV_B07_C030_Mototaxi_Electrica,-1.0,-0.1,7.0,42.41076873904065
1,EV_B07_C030_Mototaxi_Electrica,7.0,82.41695972357522,-1.0,42.41076873904065
1,EV_B07_C030_Mototaxi_Electrica,6.0,82.41695972357522,-1.0,42.41076873904065
1,EV_B07_C030_Mototaxi_Electrica,5.0,82.41695972357522,-1.0,42.41076873904065
1,EV_B07_C030_Mototaxi_Electrica,4.0,82.41695972357522,-1.0,42.41076873904065
1,EV_B07_C030_Mototaxi_Electrica,3.0,82.41695972357522,-1.0,42.41076873904065
1,EV_B07_C030_Mototaxi_Electrica,2.0,82.41695972357522,-1.0,42.41076873904065
1,EV_B07_C030_Mototaxi_Electrica,1.0,82.41695972357522,-1.0,42.41076873904065
1,EV_B07_C030_Mototaxi_Electrica,0.0,82.41695972357522,-1.0,42.41076873904065
3,NONE,-1.0,-0.1,-1.0,-0.1
3,NONE,-1.0,-0.1,-1.0,-0.1
3,NONE,-1.0,-0.1,-1.0,-0.1
3,NONE,-1.0,-0.1,-1.0,-0.1
3,NONE,-1.0,-0.1,-1.0,-0.1
3,NONE,-1.0,-0.1,-1.0,-0.1
3,NONE,-1.0,-0.1,-1.0,-0.1
3,NONE,-1.0,-0.1,-1.0,-0.1
3,NONE,-1.0,-0.1,-1.0,-0.1
3,NONE,-1.0,-0.1,-1.0,-0.1
3,NONE,-1.0,-0.1,-1.0,-0.1
3,NONE,-1.0,-0.1,-1.0,-0.1
3,NONE,-1.0,-0.1,-1.0,-0.1
3,NONE,-1.0,-0.1,-1.0,-0.1
3,NONE,-1.0,-0.1,-1.0,-0.1
3,NONE,-1.0,-0.1,-1.0,-0.1
3,NONE,-1.0,-0.1,-1.0,-0.1
3,NONE,-1.0,-0.1,-1.0,-0.1
2,EV_B07_C030_Mototaxi_Electrica,-1.0,-0.1,10.0,32.868213240345575
1,EV_B07_C030_Mototaxi_Electrica,4.0,88.29517638822965,-1.0,32.868213240345575
1,EV_B07_C030_Mototaxi_Electrica,3.0,88.29517638822965,-1.0,32.868213240345575
1,EV_B07_C030_Mototaxi_Electrica,2.0,88.29517638822965,-1.0,32.868213240345575
1,EV_B07_C030_Mototaxi_Electrica,1.0,88.29517638822965,-1.0,32.868213240345575
1,EV_B07_C030_Mototaxi_Electrica,0.0,88.29517638822965,-1.0,32.868213240345575
3,NONE,-1.0,-0.1,-1.0,-0.1
3,NONE,-1.0,-0.1,-1.0,-0.1
3,NONE,-1.0,-0.1,-1.0,-0.1
3,NONE,-1.0,-0.1,-1.0,-0.1
3,NONE,-1.0,-0.1,-1.0,-0.1
3,NONE,-1.0,-0.1,-1.0,-0.1
3,NONE,-1.0,-0.1,-1.0,-0.1
3,NONE,-1.0,-0.1,-1.0,-0.1
3,NONE,-1.0,-0.1,-1.0,-0.1
3,NONE,-1.0,-0.1,-1.0,-0.1
3,NONE,-1.0,-0.1,-1.0,-0.1
3,NONE,-1.0,-0.1,-1.0,-0.1
3,NONE,-1.0,-0.1,-1.0,-0.1
3,NONE,-1.0,-0.1,-1.0,-0.1
3,NONE,-1.0,-0.1,-1.0,-0.1
3,NONE,-1.0,-0.1,-1.0,-0.1
3,NONE,-1.0,-0.1,-1.0,-0.1
3,NONE,-1.0,-0.1,-1.0,-0.1
3,NONE,-1.0,-0.1,-1.0,-0.1
3,NONE,-1.0,-0.1,-1.0,-0.1
3,NONE,-1.0,-0.1,-1.0,-0.1
3,NONE,-1.0,-0.1,-1.0,-0.1
3,NONE,-1.0,-0.1,-1.0,-0.1
3,NONE,-1.0,-0.1,-1.0,-0.1
3,NONE,-1.0,-0.1,-1.0,-0.1
3,NONE,-1.0,-0.1,-1.0,-0.1
3,NONE,-1.0,-0.1,-1.0,-0.1
3,NONE,-1.0,-0.1,-1.0,-0.1
3,NONE,-1.0,-0.1,-1.0,-0.1
3,NONE,-1.0,-0.1,-1.0,-0.1
3,NONE,-1.0,-0.1,-1.0,-0.1
3,NONE,-1.0,-0.1,-1.0,-0.1
3,NONE,-1.0,-0.1,-1.0,-0.1
3,NONE,-1.0,-0.1,-1.0,-0.1
3,NONE,-1.0,-0.1,-1.0,-0.1
3,NONE,-1.0,-0.1,-1.0,-0.1
3,NONE,-1.0,-0.1,-1.0,-0.1
3,NONE,-1.0,-0.1,-1.0,-0.1
3,NONE,-1.0,-0.1,-1.0,-0.1
2,EV_B07_C030_Mototaxi_Electrica,-1.0,-0.1,7.0,33.644231174381595
1,EV_B07_C030_Mototaxi_Electrica,7.0,90.48978047542113,-1.0,33.644231174381595
1,EV_B07_C030_Mototaxi_Electrica,6.0,90.48978047542113,-1.0,33.644231174381595
1,EV_B07_C030_Mototaxi_Electrica,5.0,90.48978047542113,-1.0,33.644231174381595
1,EV_B07_C030_Mototaxi_Electrica,4.0,90.48978047542113,-1.0,33.644231174381595
1,EV_B07_C030_Mototaxi_Electrica,3.0,90.48978047542113,-1.0,33.644231174381595
1,EV_B07_C030_Mototaxi_Electrica,2.0,90.48978047542113,-1.0,33.644231174381595
1,EV_B07_C030_Mototaxi_Electrica,1.0,90.48978047542113,-1.0,33.644231174381595
1,EV_B07_C030_Mototaxi_Electrica,0.0,90.48978047542113,-1.0,33.644231174381595
3,NONE,-1.0,-0.1,-1.0,-0.1
3,NONE,-1.0,-0.1,-1.0,-0.1
3,NONE,-1.0,-0.1,-1.0,-0.1
3,NONE,-1.0,-0.1,-1.0,-0.1
3,NONE,-1.0,-0.1,-1.0,-0.1
3,NONE,-1.0,-0.1,-1.0,-0.1
3,NONE,-1.0,-0.1,-1.0,-0.1
3,NONE,-1.0,-0.1,-1.0,-0.1
3,NONE,-1.0,-0.1,-1.0,-0.1
3,NONE,-1.0,-0.1,-1.0,-0.1
3,NONE,-1.0,-0.1,-1.0,-0.1
3,NONE,-1.0,-0.1,-1.0,-0.1
3,NONE,-1.0,-0.1,-1.0,-0.1
3,NONE,-1.0,-0.1,-1.0,-0.1
3,NONE,-1.0,-0.1,-1.0,-0.1
3,NONE,-1.0,-0.1,-1.0,-0.1
3,NONE,-1.0,-0.1,-1.0,-0.1
3,NONE,-1.0,-0.1,-1.0,-0.1
3,NONE,-1.0,-0.1,-1.0,-0.1
3,NONE,-1.0,-0.1,-1.0,-0.1
3,NONE,-1.0,-0.1,-1.0,-0.1
3,NONE,-1.0,-0.1,-1.0,-0.1
3,NONE,-1.0,-0.1,-1.0,-0.1
3,NONE,-1.0,-0.1,-1.0,-0.1
3,NONE,-1.0,-0.1,-1.0,-0.1
3,NONE,-1.0,-0.1,-1.0,-0.1
3,NONE,-1.0,-0.1,-1.0,-0.1
3,NONE,-1.0,-0.1,-1.0,-0.1
3,NONE,-1.0,-0.1,-1.0,-0.1
3,NONE,-1.0,-0.1,-1.0,-0.1
3,NONE,-1.0,-0.1,-1.0,-0.1
3,NONE,-1.0,-0.1,-1.0,-0.1
3,NONE,-1.0,-0.1,-1.0,-0.1
3,NONE,-1.0,-0.1,-1.0,-0.1
3,NONE,-1.0,-0.1,-1.0,-0.1
3,NONE,-1.0,-0.1,-1.0,-0.1
3,NONE,-1.0,-0.1,-1.0,-0.1
3,NONE,-1.0,-0.1,-1.0,-0.1
3,NONE,-1.0,-0.1,-1.0,-0.1
3,NONE,-1.0,-0.1,-1.0,-0.1
3,NONE,-1.0,-0.1,-1.0,-0.1
3,NONE,-1.0,-0.1,-1.0,-0.1
3,NONE,-1.0,-0.1,-1.0,-0.1
3,NONE,-1.0,-0.1,-1.0,-0.1
3,NONE,-1.0,-0.1,-1.0,-0.1
3,NONE,-1.0,-0.1,-1.0,-0.1
3,NONE,-1.0,-0.1,-1.0,-0.1
3,NONE,-1.0,-0.1,-1.0,-0.1
3,NONE,-1.0,-0.1,-1.0,-0.1
3,NONE,-1.0,-0.1,-1.0,-0.1
3,NONE,-1.0,-0.1,-1.0,-0.1
3,NONE,-1.0,-0.1,-1.0,-0.1
3,NONE,-1.0,-0.1,-1.0,-0.1
3,NONE,-1.0,-0.1,-1.0,-0.1
3,NONE,-1.0,-0.1,-1.0,-0.1
3,NONE,-1.0,-0.1,-1.0,-0.1
3,NONE,-1.0,-0.1,-1.0,-0.1
3,NONE,-1.0,-0.1,-1.0,-0.1
3,NONE,-1.0,-0.1,-1.0,-0.1
3,NONE,-1.0,-0.1,-1.0,-0.1
3,NONE,-1.0,-0.1,-1.0,-0.1
3,NONE,-1.0,-0.1,-1.0,-0.1
3,NONE,-1.0,-0.1,-1.0,-0.1
2,EV_B07_C030_Mototaxi_Electrica,-1.0,-0.1,7.0,35.195207025005544
1,EV_B07_C030_Mototaxi_Electrica,7.0,83.89466485050119,-1.0,35.195207025005544
1,EV_B07_C030_Mototaxi_Electrica,6.0,83.89466485050119,-1.0,35.195207025005544
1,EV_B07_C030_Mototaxi_Electrica,5.0,83.89466485050119,-1.0,35.195207025005544
1,EV_B07_C030_Mototaxi_Electrica,4.0,83.89466485050119,-1.0,35.195207025005544
1,EV_B07_C030_Mototaxi_Electrica,3.0,83.89466485050119,-1.0,35.195207025005544
1,EV_B07_C030_Mototaxi_Electrica,2.0,83.89466485050119,-1.0,35.195207025005544
1,EV_B07_C030_Mototaxi_Electrica,1.0,83.89466485050119,-1.0,35.195207025005544
1,EV_B07_C030_Mototaxi_Electrica,0.0,83.89466485050119,-1.0,35.195207025005544
3,NONE,-1.0,-0.1,-1.0,-0.1
3,NONE,-1.0,-0.1,-1.0,-0.1
3,NONE,-1.0,-0.1,-1.0,-0.1
3,NONE,-1.0,-0.1,-1.0,-0.1
3,NONE,-1.0,-0.1,-1.0,-0.1
3,NONE,-1.0,-0.1,-1.0,-0.1
3,NONE,-1.0,-0.1,-1.0,-0.1
3,NONE,-1.0,-0.1,-1.0,-0.1
3,NONE,-1.0,-0.1,-1.0,-0.1
3,NONE,-1.0,-0.1,-1.0,-0.1
3,NONE,-1.0,-0.1,-1.0,-0.1
3,NONE,-1.0,-0.1,-1.0,-0.1
3,NONE,-1.0,-0.1,-1.0,-0.1
3,NONE,-1.0,-0.1,-1.0,-0.1
3,NONE,-1.0,-0.1,-1.0,-0.1
3,NONE,-1.0,-0.1,-1.0,-0.1
3,NONE,-1.0,-0.1,-1.0,-0.1
3,NONE,-1.0,-0.1,-1.0,-0.1
3,NONE,-1.0,-0.1,-1.0,-0.1
3,NONE,-1.0,-0.1,-1.0,-0.1
3,NONE,-1.0,-0.1,-1.0,-0.1
3,NONE,-1.0,-0.1,-1.0,-0.1
3,NONE,-1.0,-0.1,-1.0,-0.1
3,NONE,-1.0,-0.1,-1.0,-0.1
3,NONE,-1.0,-0.1,-1.0,-0.1
3,NONE,-1.0,-0.1,-1.0,-0.1
3,NONE,-1.0,-0.1,-1.0,-0.1
3,NONE,-1.0,-0.1,-1.0,-0.1
3,NONE,-1.0,-0.1,-1.0,-0.1
3,NONE,-1.0,-0.1,-1.0,-0.1
3,NONE,-1.0,-0.1,-1.0,-0.1
3,NONE,-1.0,-0.1,-1.0,-0.1
3,NONE,-1.0,-0.1,-1.0,-0.1
3,NONE,-1.0,-0.1,-1.0,-0.1
3,NONE,-1.0,-0.1,-1.0,-0.1
3,NONE,-1.0,-0.1,-1.0,-0.1
3,NONE,-1.0,-0.1,-1.0,-0.1
3,NONE,-1.0,-0.1,-1.0,-0.1
3,NONE,-1.0,-0.1,-1.0,-0.1
2,EV_B07_C030_Mototaxi_Electrica,-1.0,-0.1,7.0,40.49132465946141
1,EV_B07_C030_Mototaxi_Electrica,6.0,77.09040543001721,-1.0,40.49132465946141
1,EV_B07_C030_Mototaxi_Electrica,5.0,77.09040543001721,-1.0,40.49132465946141
1,EV_B07_C030_Mototaxi_Electrica,4.0,77.09040543001721,-1.0,40.49132465946141
1,EV_B07_C030_Mototaxi_Electrica,3.0,77.09040543001721,-1.0,40.49132465946141
1,EV_B07_C030_Mototaxi_Electrica,2.0,77.09040543001721,-1.0,40.49132465946141
1,EV_B07_C030_Mototaxi_Electrica,1.0,77.09040543001721,-1.0,40.49132465946141
1,EV_B07_C030_Mototaxi_Electrica,0.0,77.09040543001721,-1.0,40.49132465946141
3,NONE,-1.0,-0.1,-1.0,-0.1
3,NONE,-1.0,-0.1,-1.0,-0.1
3,NONE,-1.0,-0.1,-1.0,-0.1
3,NONE,-1.0,-0.1,-1.0,-0.1
3,NONE,-1.0,-0.1,-1.0,-0.1
3,NONE,-1.0,-0.1,-1.0,-0.1
3,NONE,-1.0,-0.1,-1.0,-0.1
3,NONE,-1.0,-0.1,-1.0,-0.1
3,NONE,-1.0,-0.1,-1.0,-0.1
3,NONE,-1.0,-0.1,-1.0,-0.1
3,NONE,-1.0,-0.1,-1.0,-0.1
3,NONE,-1.0,-0.1,-1.0,-0.1
3,NONE,-1.0,-0.1,-1.0,-0.1
3,NONE,-1.0,-0.1,-1.0,-0.1
3,NONE,-1.0,-0.1,-1.0,-0.1
3,NONE,-1.0,-0.1,-1.0,-0.1
3,NONE,-1.0,-0.1,-1.0,-0.1
2,EV_B07_C030_Mototaxi_Electrica,-1.0,-0.1,8.0,47.04660244848617
1,EV_B07_C030_Mototaxi_Electrica,6.0,92.67392293979118,-1.0,47.04660244848617
1,EV_B07_C030_Mototaxi_Electrica,5.0,92.67392293979118,-1.0,47.04660244848617
1,EV_B07_C030_Mototaxi_Electrica,4.0,92.67392293979118,-1.0,47.04660244848617
1,EV_B07_C030_Mototaxi_Electrica,3.0,92.67392293979118,-1.0,47.04660244848617
1,EV_B07_C030_Mototaxi_Electrica,2.0,92.67392293979118,-1.0,47.04660244848617
1,EV_B07_C030_Mototaxi_Electrica,1.0,92.67392293979118,-1.0,47.04660244848617
1,EV_B07_C030_Mototaxi_Electrica,0.0,92.67392293979118,-1.0,47.04660244848617
3,NONE,-1.0,-0.1,-1.0,-0.1
3,NONE,-1.0,-0.1,-1.0,-0.1
3,NONE,-1.0,-0.1,-1.0,-0.1
3,NONE,-1.0,-0.1,-1.0,-0.1
3,NONE,-1.0,-0.1,-1.0,-0.1
3,NONE,-1.0,-0.1,-1.0,-0.1
3,NONE,-1.0,-0.1,-1.0,-0.1
3,NONE,-1.0,-0.1,-1.0,-0.1
3,NONE,-1.0,-0.1,-1.0,-0.1
3,NONE,-1.0,-0.1,-1.0,-0.1
3,NONE,-1.0,-0.1,-1.0,-0.1
3,NONE,-1.0,-0.1,-1.0,-0.1
3,NONE,-1.0,-0.1,-1.0,-0.1
3,NONE,-1.0,-0.1,-1.0,-0.1
3,NONE,-1.0,-0.1,-1.0,-0.1
3,NONE,-1.0,-0.1,-1.0,-0.1
3,NONE,-1.0,-0.1,-1.0,-0.1
3,NONE,-1.0,-0.1,-1.0,-0.1
3,NONE,-1.0,-0.1,-1.0,-0.1
3,NONE,-1.0,-0.1,-1.0,-0.1
3,NONE,-1.0,-0.1,-1.0,-0.1
3,NONE,-1.0,-0.1,-1.0,-0.1
3,NONE,-1.0,-0.1,-1.0,-0.1
3,NONE,-1.0,-0.1,-1.0,-0.1
3,NONE,-1.0,-0.1,-1.0,-0.1
3,NONE,-1.0,-0.1,-1.0,-0.1
3,NONE,-1.0,-0.1,-1.0,-0.1
3,NONE,-1.0,-0.1,-1.0,-0.1
3,NONE,-1.0,-0.1,-1.0,-0.1
3,NONE,-1.0,-0.1,-1.0,-0.1
3,NONE,-1.0,-0.1,-1.0,-0.1
3,NONE,-1.0,-0.1,-1.0,-0.1
3,NONE,-1.0,-0.1,-1.0,-0.1
3,NONE,-1.0,-0.1,-1.0,-0.1
3,NONE,-1.0,-0.1,-1.0,-0.1
3,NONE,-1.0,-0.1,-1.0,-0.1
3,NONE,-1.0,-0.1,-1.0,-0.1
3,NONE,-1.0,-0.1,-1.0,-0.1
3,NONE,-1.0,-0.1,-1.0,-0.1
3,NONE,-1.0,-0.1,-1.0,-0.1
3,NONE,-1.0,-0.1,-1.0,-0.1
3,NONE,-1.0,-0.1,-1.0,-0.1
3,NONE,-1.0,-0.1,-1.0,-0.1
3,NONE,-1.0,-0.1,-1.0,-0.1
3,NONE,-1.0,-0.1,-1.0,-0.1
3,NONE,-1.0,-0.1,-1.0,-0.1
3,NONE,-1.0,-0.1,-1.0,-0.1
3,NONE,-1.0,-0.1,-1.0,-0.1
3,NONE,-1.0,-0.1,-1.0,-0.1
3,NONE,-1.0,-0.1,-1.0,-0.1
3,NONE,-1.0,-0.1,-1.0,-0.1
3,NONE,-1.0,-0.1,-1.0,-0.1
3,NONE,-1.0,-0.1,-1.0,-0.1
3,NONE,-1.0,-0.1,-1.0,-0.1
3,NONE,-1.0,-0.1,-1.0,-0.1
3,NONE,-1.0,-0.1,-1.0,-0.1
3,NONE,-1.0,-0.1,-1.0,-0.1
3,NONE,-1.0,-0.1,-1.0,-0.1
3,NONE,-1.0,-0.1,-1.0,-0.1
3,NONE,-1.0,-0.1,-1.0,-0.1
3,NONE,-1.0,-0.1,-1.0,-0.1
3,NONE,-1.0,-0.1,-1.0,-0.1
3,NONE,-1.0,-0.1,-1.0,-0.1
3,NONE,-1.0,-0.1,-1.0,-0.1
3,NONE,-1.0,-0.1,-1.0,-0.1
3,NONE,-1.0,-0.1,-1.0,-0.1
3,NONE,-1.0,-0.1,-1.0,-0.1
3,NONE,-1.0,-0.1,-1.0,-0.1
3,NONE,-1.0,-0.1,-1.0,-0.1
3,NONE,-1.0,-0.1,-1.0,-0.1
3,NONE,-1.0,-0.1,-1.0,-0.1
3,NONE,-1.0,-0.1,-1.0,-0.1
3,NONE,-1.0,-0.1,-1.0,-0.1
3,NONE,-1.0,-0.1,-1.0,-0.1
3,NONE,-1.0,-0.1,-1.0,-0.1
3,NONE,-1.0,-0.1,-1.0,-0.1
3,NONE,-1.0,-0.1,-1.0,-0.1
3,NONE,-1.0,-0.1,-1.0,-0.1
3,NONE,-1.0,-0.1,-1.0,-0.1
3,NONE,-1.0,-0.1,-1.0,-0.1
3,NONE,-1.0,-0.1,-1.0,-0.1
3,NONE,-1.0,-0.1,-1.0,-0.1
3,NONE,-1.0,-0.1,-1.0,-0.1
3,NONE,-1.0,-0.1,-1.0,-0.1
3,NONE,-1.0,-0.1,-1.0,-0.1
3,NONE,-1.0,-0.1,-1.0,-0.1
3,NONE,-1.0,-0.1,-1.0,-0.1
3,NONE,-1.0,-0.1,-1.0,-0.1
2,EV_B07_C030_Mototaxi_Electrica,-1.0,-0.1,8.0,25.171520031947043
1,EV_B07_C030_Mototaxi_Electrica,6.0,91.27291132154281,-1.0,25.171520031947043
1,EV_B07_C030_Mototaxi_Electrica,5.0,91.27291132154281,-1.0,25.171520031947043
1,EV_B07_C030_Mototaxi_Electrica,4.0,91.27291132154281,-1.0,25.171520031947043
1,EV_B07_C030_Mototaxi_Electrica,3.0,91.27291132154281,-1.0,25.171520031947043
1,EV_B07_C030_Mototaxi_Electrica,2.0,91.27291132154281,-1.0,25.171520031947043
1,EV_B07_C030_Mototaxi_Electrica,1.0,91.27291132154281,-1.0,25.171520031947043
1,EV_B07_C030_Mototaxi_Electrica,0.0,91.27291132154281,-1.0,25.171520031947043
3,NONE,-1.0,-0.1,-1.0,-0.1
3,NONE,-1.0,-0.1,-1.0,-0.1
3,NONE,-1.0,-0.1,-1.0,-0.1
3,NONE,-1.0,-0.1,-1.0,-0.1
3,NONE,-1.0,-0.1,-1.0,-0.1
3,NONE,-1.0,-0.1,-1.0,-0.1
3,NONE,-1.0,-0.1,-1.0,-0.1
3,NONE,-1.0,-0.1,-1.0,-0.1
3,NONE,-1.0,-0.1,-1.0,-0.1
3,NONE,-1.0,-0.1,-1.0,-0.1
3,NONE,-1.0,-0.1,-1.0,-0.1
3,NONE,-1.0,-0.1,-1.0,-0.1
3,NONE,-1.0,-0.1,-1.0,-0.1
3,NONE,-1.0,-0.1,-1.0,-0.1
3,NONE,-1.0,-0.1,-1.0,-0.1
2,EV_B07_C030_Mototaxi_Electrica,-1.0,-0.1,7.0,27.633671196555344
1,EV_B07_C030_Mototaxi_Electrica,6.0,77.27325776524272,-1.0,27.633671196555344
1,EV_B07_C030_Mototaxi_Electrica,5.0,77.27325776524272,-1.0,27.633671196555344
1,EV_B07_C030_Mototaxi_Electrica,4.0,77.27325776524272,-1.0,27.633671196555344
1,EV_B07_C030_Mototaxi_Electrica,3.0,77.27325776524272,-1.0,27.633671196555344
1,EV_B07_C030_Mototaxi_Electrica,2.0,77.27325776524272,-1.0,27.633671196555344
1,EV_B07_C030_Mototaxi_Electrica,1.0,77.27325776524272,-1.0,27.633671196555344
1,EV_B07_C030_Mototaxi_Electrica,0.0,77.27325776524272,-1.0,27.633671196555344
3,NONE,-1.0,-0.1,-1.0,-0.1
3,NONE,-1.0,-0.1,-1.0,-0.1
3,NONE,-1.0,-0.1,-1.0,-0.1
3,NONE,-1.0,-0.1,-1.0,-0.1
3,NONE,-1.0,-0.1,-1.0,-0.1
3,NONE,-1.0,-0.1,-1.0,-0.1
3,NONE,-1.0,-0.1,-1.0,-0.1
3,NONE,-1.0,-0.1,-1.0,-0.1
3,NONE,-1.0,-0.1,-1.0,-0.1
3,NONE,-1.0,-0.1,-1.0,-0.1
3,NONE,-1.0,-0.1,-1.0,-0.1
3,NONE,-1.0,-0.1,-1.0,-0.1
3,NONE,-1.0,-0.1,-1.0,-0.1
3,NONE,-1.0,-0.1,-1.0,-0.1
3,NONE,-1.0,-0.1,-1.0,-0.1
3,NONE,-1.0,-0.1,-1.0,-0.1
3,NONE,-1.0,-0.1,-1.0,-0.1
3,NONE,-1.0,-0.1,-1.0,-0.1
3,NONE,-1.0,-0.1,-1.0,-0.1
3,NONE,-1.0,-0.1,-1.0,-0.1
3,NONE,-1.0,-0.1,-1.0,-0.1
3,NONE,-1.0,-0.1,-1.0,-0.1
3,NONE,-1.0,-0.1,-1.0,-0.1
3,NONE,-1.0,-0.1,-1.0,-0.1
3,NONE,-1.0,-0.1,-1.0,-0.1
3,NONE,-1.0,-0.1,-1.0,-0.1
3,NONE,-1.0,-0.1,-1.0,-0.1
3,NONE,-1.0,-0.1,-1.0,-0.1
3,NONE,-1.0,-0.1,-1.0,-0.1
3,NONE,-1.0,-0.1,-1.0,-0.1
3,NONE,-1.0,-0.1,-1.0,-0.1
3,NONE,-1.0,-0.1,-1.0,-0.1
3,NONE,-1.0,-0.1,-1.0,-0.1
3,NONE,-1.0,-0.1,-1.0,-0.1
3,NONE,-1.0,-0.1,-1.0,-0.1
3,NONE,-1.0,-0.1,-1.0,-0.1
3,NONE,-1.0,-0.1,-1.0,-0.1
3,NONE,-1.0,-0.1,-1.0,-0.1
3,NONE,-1.0,-0.1,-1.0,-0.1
3,NONE,-1.0,-0.1,-1.0,-0.1
3,NONE,-1.0,-0.1,-1.0,-0.1
3,NONE,-1.0,-0.1,-1.0,-0.1
3,NONE,-1.0,-0.1,-1.0,-0.1
3,NONE,-1.0,-0.1,-1.0,-0.1
3,NONE,-1.0,-0.1,-1.0,-0.1
3,NONE,-1.0,-0.1,-1.0,-0.1
3,NONE,-1.0,-0.1,-1.0,-0.1
3,NONE,-1.0,-0.1,-1.0,-0.1
3,NONE,-1.0,-0.1,-1.0,-0.1
3,NONE,-1.0,-0.1,-1.0,-0.1
3,NONE,-1.0,-0.1,-1.0,-0.1
3,NONE,-1.0,-0.1,-1.0,-0.1
3,NONE,-1.0,-0.1,-1.0,-0.1
3,NONE,-1.0,-0.1,-1.0,-0.1
3,NONE,-1.0,-0.1,-1.0,-0.1
3,NONE,-1.0,-0.1,-1.0,-0.1
3,NONE,-1.0,-0.1,-1.0,-0.1
3,NONE,-1.0,-0.1,-1.0,-0.1
3,NONE,-1.0,-0.1,-1.0,-0.1
3,NONE,-1.0,-0.1,-1.0,-0.1
3,NONE,-1.0,-0.1,-1.0,-0.1
3,NONE,-1.0,-0.1,-1.0,-0.1
3,NONE,-1.0,-0.1,-1.0,-0.1
3,NONE,-1.0,-0.1,-1.0,-0.1
3,NONE,-1.0,-0.1,-1.0,-0.1
3,NONE,-1.0,-0.1,-1.0,-0.1
3,NONE,-1.0,-0.1,-1.0,-0.1
3,NONE,-1.0,-0.1,-1.0,-0.1
3,NONE,-1.0,-0.1,-1.0,-0.1
3,NONE,-1.0,-0.1,-1.0,-0.1
3,NONE,-1.0,-0.1,-1.0,-0.1
3,NONE,-1.0,-0.1,-1.0,-0.1
3,NONE,-1.0,-0.1,-1.0,-0.1
3,NONE,-1.0,-0.1,-1.0,-0.1
3,NONE,-1.0,-0.1,-1.0,-0.1
3,NONE,-1.0,-0.1,-1.0,-0.1
3,NONE,-1.0,-0.1,-1.0,-0.1
3,NONE,-1.0,-0.1,-1.0,-0.1
3,NONE,-1.0,-0.1,-1.0,-0.1
3,NONE,-1.0,-0.1,-1.0,-0.1
3,NONE,-1.0,-0.1,-1.0,-0.1
3,NONE,-1.0,-0.1,-1.0,-0.1
3,NONE,-1.0,-0.1,-1.0,-0.1
3,NONE,-1.0,-0.1,-1.0,-0.1
3,NONE,-1.0,-0.1,-1.0,-0.1
3,NONE,-1.0,-0.1,-1.0,-0.1
3,NONE,-1.0,-0.1,-1.0,-0.1
3,NONE,-1.0,-0.1,-1.0,-0.1
3,NONE,-1.0,-0.1,-1.0,-0.1
3,NONE,-1.0,-0.1,-1.0,-0.1
3,NONE,-1.0,-0.1,-1.0,-0.1
3,NONE,-1.0,-0.1,-1.0,-0.1
3,NONE,-1.0,-0.1,-1.0,-0.1
3,NONE,-1.0,-0.1,-1.0,-0.1
3,NONE,-1.0,-0.1,-1.0,-0.1
3,NONE,-1.0,-0.1,-1.0,-0.1
3,NONE,-1.0,-0.1,-1.0,-0.1
3,NONE,-1.0,-0.1,-1.0,-0.1
3,NONE,-1.0,-0.1,-1.0,-0.1
3,NONE,-1.0,-0.1,-1.0,-0.1
3,NONE,-1.0,-0.1,-1.0,-0.1
3,NONE,-1.0,-0.1,-1.0,-0.1
3,NONE,-1.0,-0.1,-1.0,-0.1
3,NONE,-1.0,-0.1,-1.0,-0.1
3,NONE,-1.0,-0.1,-1.0,-0.1
3,NONE,-1.0,-0.1,-1.0,-0.1
3,NONE,-1.0,-0.1,-1.0,-0.1
3,NONE,-1.0,-0.1,-1.0,-0.1
3,NONE,-1.0,-0.1,-1.0,-0.1
3,NONE,-1.0,-0.1,-1.0,-0.1
3,NONE,-1.0,-0.1,-1.0,-0.1
3,NONE,-1.0,-0.1,-1.0,-0.1
3,NONE,-1.0,-0.1,-1.0,-0.1
3,NONE,-1.0,-0.1,-1.0,-0.1
3,NONE,-1.0,-0.1,-1.0,-0.1
3,NONE,-1.0,-0.1,-1.0,-0.1
3,NONE,-1.0,-0.1,-1.0,-0.1
3,NONE,-1.0,-0.1,-1.0,-0.1
3,NONE,-1.0,-0.1,-1.0,-0.1
3,NONE,-1.0,-0.1,-1.0,-0.1
3,NONE,-1.0,-0.1,-1.0,-0.1
3,NONE,-1.0,-0.1,-1.0,-0.1
3,NONE,-1.0,-0.1,-1.0,-0.1
3,NONE,-1.0,-0.1,-1.0,-0.1
3,NONE,-1.0,-0.1,-1.0,-0.1
3,NONE,-1.0,-0.1,-1.0,-0.1
3,NONE,-1.0,-0.1,-1.0,-0.1
3,NONE,-1.0,-0.1,-1.0,-0.1
3,NONE,-1.0,-0.1,-1.0,-0.1
3,NONE,-1.0,-0.1,-1.0,-0.1
3,NONE,-1.0,-0.1,-1.0,-0.1
3,NONE,-1.0,-0.1,-1.0,-0.1
3,NONE,-1.0,-0.1,-1.0,-0.1
3,NONE,-1.0,-0.1,-1.0,-0.1
3,NONE,-1.0,-0.1,-1.0,-0.1
3,NONE,-1.0,-0.1,-1.0,-0.1
3,NONE,-1.0,-0.1,-1.0,-0.1
3,NONE,-1.0,-0.1,-1.0,-0.1
3,NONE,-1.0,-0.1,-1.0,-0.1
3,NONE,-1.0,-0.1,-1.0,-0.1
3,NONE,-1.0,-0.1,-1.0,-0.1
3,NONE,-1.0,-0.1,-1.0,-0.1
3,NONE,-1.0,-0.1,-1.0,-0.1
3,NONE,-1.0,-0.1,-1.0,-0.1
3,NONE,-1.0,-0.1,-1.0,-0.1
3,NONE,-1.0,-0.1,-1.0,-0.1
3,NONE,-1.0,-0.1,-1.0,-0.1
3,NONE,-1.0,-0.1,-1.0,-0.1
3,NONE,-1.0,-0.1,-1.0,-0.1
3,NONE,-1.0,-0.1,-1.0,-0.1
3,NONE,-1.0,-0.1,-1.0,-0.1
3,NONE,-1.0,-0.1,-1.0,-0.1
3,NONE,-1.0,-0.1,-1.0,-0.1
3,NONE,-1.0,-0.1,-1.0,-0.1
3,NONE,-1.0,-0.1,-1.0,-0.1
3,NONE,-1.0,-0.1,-1.0,-0.1
3,NONE,-1.0,-0.1,-1.0,-0.1
3,NONE,-1.0,-0.1,-1.0,-0.1
3,NONE,-1.0,-0.1,-1.0,-0.1
3,NONE,-1.0,-0.1,-1.0,-0.1
2,EV_B07_C030_Mototaxi_Electrica,-1.0,-0.1,7.0,24.29372825931238
1,EV_B07_C030_Mototaxi_Electrica,7.0,83.10852259559923,-1.0,24.29372825931238
1,EV_B07_C030_Mototaxi_Electrica,6.0,83.10852259559923,-1.0,24.29372825931238
1,EV_B07_C030_Mototaxi_Electrica,5.0,83.10852259559923,-1.0,24.29372825931238
1,EV_B07_C030_Mototaxi_Electrica,4.0,83.10852259559923,-1.0,24.29372825931238
1,EV_B07_C030_Mototaxi_Electrica,3.0,83.10852259559923,-1.0,24.29372825931238
1,EV_B07_C030_Mototaxi_Electrica,2.0,83.10852259559923,-1.0,24.29372825931238
1,EV_B07_C030_Mototaxi_Electrica,1.0,83.10852259559923,-1.0,24.29372825931238
1,EV_B07_C030_Mototaxi_Electrica,0.0,83.10852259559923,-1.0,24.29372825931238
3,NONE,-1.0,-0.1,-1.0,-0.1
3,NONE,-1.0,-0.1,-1.0,-0.1
3,NONE,-1.0,-0.1,-1.0,-0.1
3,NONE,-1.0,-0.1,-1.0,-0.1
3,NONE,-1.0,-0.1,-1.0,-0.1
3,NONE,-1.0,-0.1,-1.0,-0.1
3,NONE,-1.0,-0.1,-1.0,-0.1
3,NONE,-1.0,-0.1,-1.0,-0.1
3,NONE,-1.0,-0.1,-1.0,-0.1
3,NONE,-1.0,-0.1,-1.0,-0.1
3,NONE,-1.0,-0.1,-1.0,-0.1
3,NONE,-1.0,-0.1,-1.0,-0.1
3,NONE,-1.0,-0.1,-1.0,-0.1
3,NONE,-1.0,-0.1,-1.0,-0.1
3,NONE,-1.0,-0.1,-1.0,-0.1
2,EV_B07_C030_Mototaxi_Electrica,-1.0,-0.1,7.0,33.75787429121937
1,EV_B07_C030_Mototaxi_Electrica,7.0,80.57383361818957,-1.0,33.75787429121937
1,EV_B07_C030_Mototaxi_Electrica,6.0,80.57383361818957,-1.0,33.75787429121937
1,EV_B07_C030_Mototaxi_Electrica,5.0,80.57383361818957,-1.0,33.75787429121937
1,EV_B07_C030_Mototaxi_Electrica,4.0,80.57383361818957,-1.0,33.75787429121937
1,EV_B07_C030_Mototaxi_Electrica,3.0,80.57383361818957,-1.0,33.75787429121937
1,EV_B07_C030_Mototaxi_Electrica,2.0,80.57383361818957,-1.0,33.75787429121937
1,EV_B07_C030_Mototaxi_Electrica,1.0,80.57383361818957,-1.0,33.75787429121937
1,EV_B07_C030_Mototaxi_Electrica,0.0,80.57383361818957,-1.0,33.75787429121937
3,NONE,-1.0,-0.1,-1.0,-0.1
3,NONE,-1.0,-0.1,-1.0,-0.1
3,NONE,-1.0,-0.1,-1.0,-0.1
3,NONE,-1.0,-0.1,-1.0,-0.1
3,NONE,-1.0,-0.1,-1.0,-0.1
3,NONE,-1.0,-0.1,-1.0,-0.1
3,NONE,-1.0,-0.1,-1.0,-0.1
3,NONE,-1.0,-0.1,-1.0,-0.1
3,NONE,-1.0,-0.1,-1.0,-0.1
3,NONE,-1.0,-0.1,-1.0,-0.1
3,NONE,-1.0,-0.1,-1.0,-0.1
3,NONE,-1.0,-0.1,-1.0,-0.1
3,NONE,-1.0,-0.1,-1.0,-0.1
3,NONE,-1.0,-0.1,-1.0,-0.1
3,NONE,-1.0,-0.1,-1.0,-0.1
2,EV_B07_C030_Mototaxi_Electrica,-1.0,-0.1,7.0,42.22859938127052
1,EV_B07_C030_Mototaxi_Electrica,6.0,81.31631031601837,-1.0,42.22859938127052
1,EV_B07_C030_Mototaxi_Electrica,5.0,81.31631031601837,-1.0,42.22859938127052
1,EV_B07_C030_Mototaxi_Electrica,4.0,81.31631031601837,-1.0,42.22859938127052
1,EV_B07_C030_Mototaxi_Electrica,3.0,81.31631031601837,-1.0,42.22859938127052
1,EV_B07_C030_Mototaxi_Electrica,2.0,81.31631031601837,-1.0,42.22859938127052
1,EV_B07_C030_Mototaxi_Electrica,1.0,81.31631031601837,-1.0,42.22859938127052
1,EV_B07_C030_Mototaxi_Electrica,0.0,81.31631031601837,-1.0,42.22859938127052
3,NONE,-1.0,-0.1,-1.0,-0.1
3,NONE,-1.0,-0.1,-1.0,-0.1
3,NONE,-1.0,-0.1,-1.0,-0.1
3,NONE,-1.0,-0.1,-1.0,-0.1
3,NONE,-1.0,-0.1,-1.0,-0.1
3,NONE,-1.0,-0.1,-1.0,-0.1
3,NONE,-1.0,-0.1,-1.0,-0.1
3,NONE,-1.0,-0.1,-1.0,-0.1
3,NONE,-1.0,-0.1,-1.0,-0.1
3,NONE,-1.0,-0.1,-1.0,-0.1
3,NONE,-1.0,-0.1,-1.0,-0.1
3,NONE,-1.0,-0.1,-1.0,-0.1
3,NONE,-1.0,-0.1,-1.0,-0.1
3,NONE,-1.0,-0.1,-1.0,-0.1
3,NONE,-1.0,-0.1,-1.0,-0.1
3,NONE,-1.0,-0.1,-1.0,-0.1
2,EV_B07_C030_Mototaxi_Electrica,-1.0,-0.1,7.0,45.07612485607362
1,EV_B07_C030_Mototaxi_Electrica,7.0,83.73699541304185,-1.0,45.07612485607362
1,EV_B07_C030_Mototaxi_Electrica,6.0,83.73699541304185,-1.0,45.07612485607362
1,EV_B07_C030_Mototaxi_Electrica,5.0,83.73699541304185,-1.0,45.07612485607362
1,EV_B07_C030_Mototaxi_Electrica,4.0,83.73699541304185,-1.0,45.07612485607362
1,EV_B07_C030_Mototaxi_Electrica,3.0,83.73699541304185,-1.0,45.07612485607362
1,EV_B07_C030_Mototaxi_Electrica,2.0,83.73699541304185,-1.0,45.07612485607362
1,EV_B07_C030_Mototaxi_Electrica,1.0,83.73699541304185,-1.0,45.07612485607362
1,EV_B07_C030_Mototaxi_Electrica,0.0,83.73699541304185,-1.0,45.07612485607362
3,NONE,-1.0,-0.1,-1.0,-0.1
3,NONE,-1.0,-0.1,-1.0,-0.1
3,NONE,-1.0,-0.1,-1.0,-0.1
3,NONE,-1.0,-0.1,-1.0,-0.1
3,NONE,-1.0,-0.1,-1.0,-0.1
3,NONE,-1.0,-0.1,-1.0,-0.1
3,NONE,-1.0,-0.1,-1.0,-0.1
3,NONE,-1.0,-0.1,-1.0,-0.1
3,NONE,-1.0,-0.1,-1.0,-0.1
3,NONE,-1.0,-0.1,-1.0,-0.1
3,NONE,-1.0,-0.1,-1.0,-0.1
3,NONE,-1.0,-0.1,-1.0,-0.1
3,NONE,-1.0,-0.1,-1.0,-0.1
3,NONE,-1.0,-0.1,-1.0,-0.1
3,NONE,-1.0,-0.1,-1.0,-0.1
3,NONE,-1.0,-0.1,-1.0,-0.1
3,NONE,-1.0,-0.1,-1.0,-0.1
3,NONE,-1.0,-0.1,-1.0,-0.1
3,NONE,-1.0,-0.1,-1.0,-0.1
3,NONE,-1.0,-0.1,-1.0,-0.1
3,NONE,-1.0,-0.1,-1.0,-0.1
3,NONE,-1.0,-0.1,-1.0,-0.1
3,NONE,-1.0,-0.1,-1.0,-0.1
3,NONE,-1.0,-0.1,-1.0,-0.1
3,NONE,-1.0,-0.1,-1.0,-0.1
3,NONE,-1.0,-0.1,-1.0,-0.1
3,NONE,-1.0,-0.1,-1.0,-0.1
3,NONE,-1.0,-0.1,-1.0,-0.1
3,NONE,-1.0,-0.1,-1.0,-0.1
3,NONE,-1.0,-0.1,-1.0,-0.1
3,NONE,-1.0,-0.1,-1.0,-0.1
3,NONE,-1.0,-0.1,-1.0,-0.1
3,NONE,-1.0,-0.1,-1.0,-0.1
3,NONE,-1.0,-0.1,-1.0,-0.1
3,NONE,-1.0,-0.1,-1.0,-0.1
3,NONE,-1.0,-0.1,-1.0,-0.1
3,NONE,-1.0,-0.1,-1.0,-0.1
3,NONE,-1.0,-0.1,-1.0,-0.1
3,NONE,-1.0,-0.1,-1.0,-0.1
3,NONE,-1.0,-0.1,-1.0,-0.1
3,NONE,-1.0,-0.1,-1.0,-0.1
3,NONE,-1.0,-0.1,-1.0,-0.1
3,NONE,-1.0,-0.1,-1.0,-0.1
3,NONE,-1.0,-0.1,-1.0,-0.1
3,NONE,-1.0,-0.1,-1.0,-0.1
3,NONE,-1.0,-0.1,-1.0,-0.1
3,NONE,-1.0,-0.1,-1.0,-0.1
3,NONE,-1.0,-0.1,-1.0,-0.1
3,NONE,-1.0,-0.1,-1.0,-0.1
3,NONE,-1.0,-0.1,-1.0,-0.1
3,NONE,-1.0,-0.1,-1.0,-0.1
3,NONE,-1.0,-0.1,-1.0,-0.1
3,NONE,-1.0,-0.1,-1.0,-0.1
3,NONE,-1.0,-0.1,-1.0,-0.1
3,NONE,-1.0,-0.1,-1.0,-0.1
3,NONE,-1.0,-0.1,-1.0,-0.1
3,NONE,-1.0,-0.1,-1.0,-0.1
3,NONE,-1.0,-0.1,-1.0,-0.1
3,NONE,-1.0,-0.1,-1.0,-0.1
3,NONE,-1.0,-0.1,-1.0,-0.1
3,NONE,-1.0,-0.1,-1.0,-0.1
3,NONE,-1.0,-0.1,-1.0,-0.1
3,NONE,-1.0,-0.1,-1.0,-0.1
3,NONE,-1.0,-0.1,-1.0,-0.1
2,EV_B07_C030_Mototaxi_Electrica,-1.0,-0.1,8.0,48.157383402220596
1,EV_B07_C030_Mototaxi_Electrica,6.0,80.40775615935388,-1.0,48.157383402220596
1,EV_B07_C030_Mototaxi_Electrica,5.0,80.40775615935388,-1.0,48.157383402220596
1,EV_B07_C030_Mototaxi_Electrica,4.0,80.40775615935388,-1.0,48.157383402220596
1,EV_B07_C030_Mototaxi_Electrica,3.0,80.40775615935388,-1.0,48.157383402220596
1,EV_B07_C030_Mototaxi_Electrica,2.0,80.40775615935388,-1.0,48.157383402220596
1,EV_B07_C030_Mototaxi_Electrica,1.0,80.40775615935388,-1.0,48.157383402220596
1,EV_B07_C030_Mototaxi_Electrica,0.0,80.40775615935388,-1.0,48.157383402220596
3,NONE,-1.0,-0.1,-1.0,-0.1
3,NONE,-1.0,-0.1,-1.0,-0.1
3,NONE,-1.0,-0.1,-1.0,-0.1
3,NONE,-1.0,-0.1,-1.0,-0.1
3,NONE,-1.0,-0.1,-1.0,-0.1
3,NONE,-1.0,-0.1,-1.0,-0.1
3,NONE,-1.0,-0.1,-1.0,-0.1
3,NONE,-1.0,-0.1,-1.0,-0.1
3,NONE,-1.0,-0.1,-1.0,-0.1
3,NONE,-1.0,-0.1,-1.0,-0.1
3,NONE,-1.0,-0.1,-1.0,-0.1
3,NONE,-1.0,-0.1,-1.0,-0.1
3,NONE,-1.0,-0.1,-1.0,-0.1
3,NONE,-1.0,-0.1,-1.0,-0.1
3,NONE,-1.0,-0.1,-1.0,-0.1
3,NONE,-1.0,-0.1,-1.0,-0.1
3,NONE,-1.0,-0.1,-1.0,-0.1
3,NONE,-1.0,-0.1,-1.0,-0.1
3,NONE,-1.0,-0.1,-1.0,-0.1
3,NONE,-1.0,-0.1,-1.0,-0.1
3,NONE,-1.0,-0.1,-1.0,-0.1
3,NONE,-1.0,-0.1,-1.0,-0.1
3,NONE,-1.0,-0.1,-1.0,-0.1
3,NONE,-1.0,-0.1,-1.0,-0.1
3,NONE,-1.0,-0.1,-1.0,-0.1
3,NONE,-1.0,-0.1,-1.0,-0.1
3,NONE,-1.0,-0.1,-1.0,-0.1
3,NONE,-1.0,-0.1,-1.0,-0.1
3,NONE,-1.0,-0.1,-1.0,-0.1
3,NONE,-1.0,-0.1,-1.0,-0.1
3,NONE,-1.0,-0.1,-1.0,-0.1
3,NONE,-1.0,-0.1,-1.0,-0.1
3,NONE,-1.0,-0.1,-1.0,-0.1
3,NONE,-1.0,-0.1,-1.0,-0.1
3,NONE,-1.0,-0.1,-1.0,-0.1
3,NONE,-1.0,-0.1,-1.0,-0.1
3,NONE,-1.0,-0.1,-1.0,-0.1
3,NONE,-1.0,-0.1,-1.0,-0.1
3,NONE,-1.0,-0.1,-1.0,-0.1
3,NONE,-1.0,-0.1,-1.0,-0.1
3,NONE,-1.0,-0.1,-1.0,-0.1
3,NONE,-1.0,-0.1,-1.0,-0.1
3,NONE,-1.0,-0.1,-1.0,-0.1
3,NONE,-1.0,-0.1,-1.0,-0.1
3,NONE,-1.0,-0.1,-1.0,-0.1
3,NONE,-1.0,-0.1,-1.0,-0.1
3,NONE,-1.0,-0.1,-1.0,-0.1
3,NONE,-1.0,-0.1,-1.0,-0.1
3,NONE,-1.0,-0.1,-1.0,-0.1
3,NONE,-1.0,-0.1,-1.0,-0.1
3,NONE,-1.0,-0.1,-1.0,-0.1
3,NONE,-1.0,-0.1,-1.0,-0.1
3,NONE,-1.0,-0.1,-1.0,-0.1
3,NONE,-1.0,-0.1,-1.0,-0.1
3,NONE,-1.0,-0.1,-1.0,-0.1
3,NONE,-1.0,-0.1,-1.0,-0.1
3,NONE,-1.0,-0.1,-1.0,-0.1
3,NONE,-1.0,-0.1,-1.0,-0.1
3,NONE,-1.0,-0.1,-1.0,-0.1
3,NONE,-1.0,-0.1,-1.0,-0.1
3,NONE,-1.0,-0.1,-1.0,-0.1
3,NONE,-1.0,-0.1,-1.0,-0.1
3,NONE,-1.0,-0.1,-1.0,-0.1
3,NONE,-1.0,-0.1,-1.0,-0.1
3,NONE,-1.0,-0.1,-1.0,-0.1
3,NONE,-1.0,-0.1,-1.0,-0.1
3,NONE,-1.0,-0.1,-1.0,-0.1
3,NONE,-1.0,-0.1,-1.0,-0.1
3,NONE,-1.0,-0.1,-1.0,-0.1
3,NONE,-1.0,-0.1,-1.0,-0.1
3,NONE,-1.0,-0.1,-1.0,-0.1
3,NONE,-1.0,-0.1,-1.0,-0.1
3,NONE,-1.0,-0.1,-1.0,-0.1
3,NONE,-1.0,-0.1,-1.0,-0.1
3,NONE,-1.0,-0.1,-1.0,-0.1
3,NONE,-1.0,-0.1,-1.0,-0.1
3,NONE,-1.0,-0.1,-1.0,-0.1
3,NONE,-1.0,-0.1,-1.0,-0.1
3,NONE,-1.0,-0.1,-1.0,-0.1
3,NONE,-1.0,-0.1,-1.0,-0.1
3,NONE,-1.0,-0.1,-1.0,-0.1
3,NONE,-1.0,-0.1,-1.0,-0.1
3,NONE,-1.0,-0.1,-1.0,-0.1
3,NONE,-1.0,-0.1,-1.0,-0.1
3,NONE,-1.0,-0.1,-1.0,-0.1
3,NONE,-1.0,-0.1,-1.0,-0.1
3,NONE,-1.0,-0.1,-1.0,-0.1
3,NONE,-1.0,-0.1,-1.0,-0.1
2,EV_B07_C030_Mototaxi_Electrica,-1.0,-0.1,8.0,40.869189552588075
1,EV_B07_C030_Mototaxi_Electrica,6.0,78.55921015802852,-1.0,40.869189552588075
1,EV_B07_C030_Mototaxi_Electrica,5.0,78.55921015802852,-1.0,40.869189552588075
1,EV_B07_C030_Mototaxi_Electrica,4.0,78.55921015802852,-1.0,40.869189552588075
1,EV_B07_C030_Mototaxi_Electrica,3.0,78.55921015802852,-1.0,40.869189552588075
1,EV_B07_C030_Mototaxi_Electrica,2.0,78.55921015802852,-1.0,40.869189552588075
1,EV_B07_C030_Mototaxi_Electrica,1.0,78.55921015802852,-1.0,40.869189552588075
1,EV_B07_C030_Mototaxi_Electrica,0.0,78.55921015802852,-1.0,40.869189552588075
3,NONE,-1.0,-0.1,-1.0,-0.1
3,NONE,-1.0,-0.1,-1.0,-0.1
3,NONE,-1.0,-0.1,-1.0,-0.1
3,NONE,-1.0,-0.1,-1.0,-0.1
3,NONE,-1.0,-0.1,-1.0,-0.1
3,NONE,-1.0,-0.1,-1.0,-0.1
3,NONE,-1.0,-0.1,-1.0,-0.1
3,NONE,-1.0,-0.1,-1.0,-0.1
3,NONE,-1.0,-0.1,-1.0,-0.1
3,NONE,-1.0,-0.1,-1.0,-0.1
3,NONE,-1.0,-0.1,-1.0,-0.1
3,NONE,-1.0,-0.1,-1.0,-0.1
3,NONE,-1.0,-0.1,-1.0,-0.1
3,NONE,-1.0,-0.1,-1.0,-0.1
3,NONE,-1.0,-0.1,-1.0,-0.1
3,NONE,-1.0,-0.1,-1.0,-0.1
3,NONE,-1.0,-0.1,-1.0,-0.1
3,NONE,-1.0,-0.1,-1.0,-0.1
3,NONE,-1.0,-0.1,-1.0,-0.1
3,NONE,-1.0,-0.1,-1.0,-0.1
3,NONE,-1.0,-0.1,-1.0,-0.1
3,NONE,-1.0,-0.1,-1.0,-0.1
3,NONE,-1.0,-0.1,-1.0,-0.1
3,NONE,-1.0,-0.1,-1.0,-0.1
3,NONE,-1.0,-0.1,-1.0,-0.1
3,NONE,-1.0,-0.1,-1.0,-0.1
3,NONE,-1.0,-0.1,-1.0,-0.1
3,NONE,-1.0,-0.1,-1.0,-0.1
3,NONE,-1.0,-0.1,-1.0,-0.1
3,NONE,-1.0,-0.1,-1.0,-0.1
3,NONE,-1.0,-0.1,-1.0,-0.1
3,NONE,-1.0,-0.1,-1.0,-0.1
3,NONE,-1.0,-0.1,-1.0,-0.1
3,NONE,-1.0,-0.1,-1.0,-0.1
3,NONE,-1.0,-0.1,-1.0,-0.1
3,NONE,-1.0,-0.1,-1.0,-0.1
3,NONE,-1.0,-0.1,-1.0,-0.1
3,NONE,-1.0,-0.1,-1.0,-0.1
3,NONE,-1.0,-0.1,-1.0,-0.1
3,NONE,-1.0,-0.1,-1.0,-0.1
3,NONE,-1.0,-0.1,-1.0,-0.1
3,NONE,-1.0,-0.1,-1.0,-0.1
3,NONE,-1.0,-0.1,-1.0,-0.1
3,NONE,-1.0,-0.1,-1.0,-0.1
3,NONE,-1.0,-0.1,-1.0,-0.1
3,NONE,-1.0,-0.1,-1.0,-0.1
3,NONE,-1.0,-0.1,-1.0,-0.1
3,NONE,-1.0,-0.1,-1.0,-0.1
3,NONE,-1.0,-0.1,-1.0,-0.1
3,NONE,-1.0,-0.1,-1.0,-0.1
3,NONE,-1.0,-0.1,-1.0,-0.1
3,NONE,-1.0,-0.1,-1.0,-0.1
3,NONE,-1.0,-0.1,-1.0,-0.1
3,NONE,-1.0,-0.1,-1.0,-0.1
3,NONE,-1.0,-0.1,-1.0,-0.1
3,NONE,-1.0,-0.1,-1.0,-0.1
3,NONE,-1.0,-0.1,-1.0,-0.1
3,NONE,-1.0,-0.1,-1.0,-0.1
3,NONE,-1.0,-0.1,-1.0,-0.1
3,NONE,-1.0,-0.1,-1.0,-0.1
3,NONE,-1.0,-0.1,-1.0,-0.1
3,NONE,-1.0,-0.1,-1.0,-0.1
3,NONE,-1.0,-0.1,-1.0,-0.1
3,NONE,-1.0,-0.1,-1.0,-0.1
3,NONE,-1.0,-0.1,-1.0,-0.1
3,NONE,-1.0,-0.1,-1.0,-0.1
3,NONE,-1.0,-0.1,-1.0,-0.1
3,NONE,-1.0,-0.1,-1.0,-0.1
3,NONE,-1.0,-0.1,-1.0,-0.1
3,NONE,-1.0,-0.1,-1.0,-0.1
3,NONE,-1.0,-0.1,-1.0,-0.1
3,NONE,-1.0,-0.1,-1.0,-0.1
3,NONE,-1.0,-0.1,-1.0,-0.1
3,NONE,-1.0,-0.1,-1.0,-0.1
3,NONE,-1.0,-0.1,-1.0,-0.1
3,NONE,-1.0,-0.1,-1.0,-0.1
3,NONE,-1.0,-0.1,-1.0,-0.1
3,NONE,-1.0,-0.1,-1.0,-0.1
3,NONE,-1.0,-0.1,-1.0,-0.1
3,NONE,-1.0,-0.1,-1.0,-0.1
3,NONE,-1.0,-0.1,-1.0,-0.1
3,NONE,-1.0,-0.1,-1.0,-0.1
3,NONE,-1.0,-0.1,-1.0,-0.1
3,NONE,-1.0,-0.1,-1.0,-0.1
3,NONE,-1.0,-0.1,-1.0,-0.1
3,NONE,-1.0,-0.1,-1.0,-0.1
3,NONE,-1.0,-0.1,-1.0,-0.1
3,NONE,-1.0,-0.1,-1.0,-0.1
3,NONE,-1.0,-0.1,-1.0,-0.1
2,EV_B07_C030_Mototaxi_Electrica,-1.0,-0.1,9.0,35.664567906743855
1,EV_B07_C030_Mototaxi_Electrica,5.0,85.86138045413404,-1.0,35.664567906743855
1,EV_B07_C030_Mototaxi_Electrica,4.0,85.86138045413404,-1.0,35.664567906743855
1,EV_B07_C030_Mototaxi_Electrica,3.0,85.86138045413404,-1.0,35.664567906743855
1,EV_B07_C030_Mototaxi_Electrica,2.0,85.86138045413404,-1.0,35.664567906743855
1,EV_B07_C030_Mototaxi_Electrica,1.0,85.86138045413404,-1.0,35.664567906743855
1,EV_B07_C030_Mototaxi_Electrica,0.0,85.86138045413404,-1.0,35.664567906743855
3,NONE,-1.0,-0.1,-1.0,-0.1
3,NONE,-1.0,-0.1,-1.0,-0.1
3,NONE,-1.0,-0.1,-1.0,-0.1
3,NONE,-1.0,-0.1,-1.0,-0.1
3,NONE,-1.0,-0.1,-1.0,-0.1
3,NONE,-1.0,-0.1,-1.0,-0.1
3,NONE,-1.0,-0.1,-1.0,-0.1
3,NONE,-1.0,-0.1,-1.0,-0.1
3,NONE,-1.0,-0.1,-1.0,-0.1
3,NONE,-1.0,-0.1,-1.0,-0.1
3,NONE,-1.0,-0.1,-1.0,-0.1
3,NONE,-1.0,-0.1,-1.0,-0.1
3,NONE,-1.0,-0.1,-1.0,-0.1
3,NONE,-1.0,-0.1,-1.0,-0.1
3,NONE,-1.0,-0.1,-1.0,-0.1
3,NONE,-1.0,-0.1,-1.0,-0.1
3,NONE,-1.0,-0.1,-1.0,-0.1
2,EV_B07_C030_Mototaxi_Electrica,-1.0,-0.1,9.0,43.79415761095547
1,EV_B07_C030_Mototaxi_Electrica,5.0,76.83592089728909,-1.0,43.79415761095547
1,EV_B07_C030_Mototaxi_Electrica,4.0,76.83592089728909,-1.0,43.79415761095547
1,EV_B07_C030_Mototaxi_Electrica,3.0,76.83592089728909,-1.0,43.79415761095547
1,EV_B07_C030_Mototaxi_Electrica,2.0,76.83592089728909,-1.0,43.79415761095547
1,EV_B07_C030_Mototaxi_Electrica,1.0,76.83592089728909,-1.0,43.79415761095547
1,EV_B07_C030_Mototaxi_Electrica,0.0,76.83592089728909,-1.0,43.79415761095547
3,NONE,-1.0,-0.1,-1.0,-0.1
3,NONE,-1.0,-0.1,-1.0,-0.1
3,NONE,-1.0,-0.1,-1.0,-0.1
3,NONE,-1.0,-0.1,-1.0,-0.1
3,NONE,-1.0,-0.1,-1.0,-0.1
3,NONE,-1.0,-0.1,-1.0,-0.1
3,NONE,-1.0,-0.1,-1.0,-0.1
3,NONE,-1.0,-0.1,-1.0,-0.1
3,NONE,-1.0,-0.1,-1.0,-0.1
3,NONE,-1.0,-0.1,-1.0,-0.1
3,NONE,-1.0,-0.1,-1.0,-0.1
3,NONE,-1.0,-0.1,-1.0,-0.1
3,NONE,-1.0,-0.1,-1.0,-0.1
3,NONE,-1.0,-0.1,-1.0,-0.1
3,NONE,-1.0,-0.1,-1.0,-0.1
3,NONE,-1.0,-0.1,-1.0,-0.1
3,NONE,-1.0,-0.1,-1.0,-0.1
3,NONE,-1.0,-0.1,-1.0,-0.1
3,NONE,-1.0,-0.1,-1.0,-0.1
3,NONE,-1.0,-0.1,-1.0,-0.1
3,NONE,-1.0,-0.1,-1.0,-0.1
3,NONE,-1.0,-0.1,-1.0,-0.1
3,NONE,-1.0,-0.1,-1.0,-0.1
3,NONE,-1.0,-0.1,-1.0,-0.1
3,NONE,-1.0,-0.1,-1.0,-0.1
3,NONE,-1.0,-0.1,-1.0,-0.1
3,NONE,-1.0,-0.1,-1.0,-0.1
3,NONE,-1.0,-0.1,-1.0,-0.1
3,NONE,-1.0,-0.1,-1.0,-0.1
3,NONE,-1.0,-0.1,-1.0,-0.1
3,NONE,-1.0,-0.1,-1.0,-0.1
3,NONE,-1.0,-0.1,-1.0,-0.1
3,NONE,-1.0,-0.1,-1.0,-0.1
3,NONE,-1.0,-0.1,-1.0,-0.1
3,NONE,-1.0,-0.1,-1.0,-0.1
3,NONE,-1.0,-0.1,-1.0,-0.1
3,NONE,-1.0,-0.1,-1.0,-0.1
3,NONE,-1.0,-0.1,-1.0,-0.1
3,NONE,-1.0,-0.1,-1.0,-0.1
3,NONE,-1.0,-0.1,-1.0,-0.1
3,NONE,-1.0,-0.1,-1.0,-0.1
2,EV_B07_C030_Mototaxi_Electrica,-1.0,-0.1,9.0,35.605116470784914
1,EV_B07_C030_Mototaxi_Electrica,5.0,89.5993817270666,-1.0,35.605116470784914
1,EV_B07_C030_Mototaxi_Electrica,4.0,89.5993817270666,-1.0,35.605116470784914
1,EV_B07_C030_Mototaxi_Electrica,3.0,89.5993817270666,-1.0,35.605116470784914
1,EV_B07_C030_Mototaxi_Electrica,2.0,89.5993817270666,-1.0,35.605116470784914
1,EV_B07_C030_Mototaxi_Electrica,1.0,89.5993817270666,-1.0,35.605116470784914
1,EV_B07_C030_Mototaxi_Electrica,0.0,89.5993817270666,-1.0,35.605116470784914
3,NONE,-1.0,-0.1,-1.0,-0.1
3,NONE,-1.0,-0.1,-1.0,-0.1
3,NONE,-1.0,-0.1,-1.0,-0.1
3,NONE,-1.0,-0.1,-1.0,-0.1
3,NONE,-1.0,-0.1,-1.0,-0.1
3,NONE,-1.0,-0.1,-1.0,-0.1
3,NONE,-1.0,-0.1,-1.0,-0.1
3,NONE,-1.0,-0.1,-1.0,-0.1
3,NONE,-1.0,-0.1,-1.0,-0.1
3,NONE,-1.0,-0.1,-1.0,-0.1
3,NONE,-1.0,-0.1,-1.0,-0.1
3,NONE,-1.0,-0.1,-1.0,-0.1
3,NONE,-1.0,-0.1,-1.0,-0.1
3,NONE,-1.0,-0.1,-1.0,-0.1
3,NONE,-1.0,-0.1,-1.0,-0.1
3,NONE,-1.0,-0.1,-1.0,-0.1
3,NONE,-1.0,-0.1,-1.0,-0.1
3,NONE,-1.0,-0.1,-1.0,-0.1
3,NONE,-1.0,-0.1,-1.0,-0.1
3,NONE,-1.0,-0.1,-1.0,-0.1
3,NONE,-1.0,-0.1,-1.0,-0.1
3,NONE,-1.0,-0.1,-1.0,-0.1
3,NONE,-1.0,-0.1,-1.0,-0.1
3,NONE,-1.0,-0.1,-1.0,-0.1
3,NONE,-1.0,-0.1,-1.0,-0.1
3,NONE,-1.0,-0.1,-1.0,-0.1
3,NONE,-1.0,-0.1,-1.0,-0.1
3,NONE,-1.0,-0.1,-1.0,-0.1
3,NONE,-1.0,-0.1,-1.0,-0.1
3,NONE,-1.0,-0.1,-1.0,-0.1
3,NONE,-1.0,-0.1,-1.0,-0.1
3,NONE,-1.0,-0.1,-1.0,-0.1
3,NONE,-1.0,-0.1,-1.0,-0.1
3,NONE,-1.0,-0.1,-1.0,-0.1
3,NONE,-1.0,-0.1,-1.0,-0.1
3,NONE,-1.0,-0.1,-1.0,-0.1
3,NONE,-1.0,-0.1,-1.0,-0.1
3,NONE,-1.0,-0.1,-1.0,-0.1
3,NONE,-1.0,-0.1,-1.0,-0.1
3,NONE,-1.0,-0.1,-1.0,-0.1
3,NONE,-1.0,-0.1,-1.0,-0.1
3,NONE,-1.0,-0.1,-1.0,-0.1
3,NONE,-1.0,-0.1,-1.0,-0.1
3,NONE,-1.0,-0.1,-1.0,-0.1
3,NONE,-1.0,-0.1,-1.0,-0.1
3,NONE,-1.0,-0.1,-1.0,-0.1
3,NONE,-1.0,-0.1,-1.0,-0.1
3,NONE,-1.0,-0.1,-1.0,-0.1
3,NONE,-1.0,-0.1,-1.0,-0.1
3,NONE,-1.0,-0.1,-1.0,-0.1
3,NONE,-1.0,-0.1,-1.0,-0.1
3,NONE,-1.0,-0.1,-1.0,-0.1
3,NONE,-1.0,-0.1,-1.0,-0.1
3,NONE,-1.0,-0.1,-1.0,-0.1
3,NONE,-1.0,-0.1,-1.0,-0.1
3,NONE,-1.0,-0.1,-1.0,-0.1
3,NONE,-1.0,-0.1,-1.0,-0.1
3,NONE,-1.0,-0.1,-1.0,-0.1
3,NONE,-1.0,-0.1,-1.0,-0.1
3,NONE,-1.0,-0.1,-1.0,-0.1
3,NONE,-1.0,-0.1,-1.0,-0.1
3,NONE,-1.0,-0.1,-1.0,-0.1
3,NONE,-1.0,-0.1,-1.0,-0.1
3,NONE,-1.0,-0.1,-1.0,-0.1
3,NONE,-1.0,-0.1,-1.0,-0.1
2,EV_B07_C030_Mototaxi_Electrica,-1.0,-0.1,9.0,38.11600839550871
1,EV_B07_C030_Mototaxi_Electrica,5.0,77.24669898782493,-1.0,38.11600839550871
1,EV_B07_C030_Mototaxi_Electrica,4.0,77.24669898782493,-1.0,38.11600839550871
1,EV_B07_C030_Mototaxi_Electrica,3.0,77.24669898782493,-1.0,38.11600839550871
1,EV_B07_C030_Mototaxi_Electrica,2.0,77.24669898782493,-1.0,38.11600839550871
1,EV_B07_C030_Mototaxi_Electrica,1.0,77.24669898782493,-1.0,38.11600839550871
1,EV_B07_C030_Mototaxi_Electrica,0.0,77.24669898782493,-1.0,38.11600839550871
3,NONE,-1.0,-0.1,-1.0,-0.1
3,NONE,-1.0,-0.1,-1.0,-0.1
3,NONE,-1.0,-0.1,-1.0,-0.1
3,NONE,-1.0,-0.1,-1.0,-0.1
3,NONE,-1.0,-0.1,-1.0,-0.1
3,NONE,-1.0,-0.1,-1.0,-0.1
3,NONE,-1.0,-0.1,-1.0,-0.1
3,NONE,-1.0,-0.1,-1.0,-0.1
3,NONE,-1.0,-0.1,-1.0,-0.1
3,NONE,-1.0,-0.1,-1.0,-0.1
3,NONE,-1.0,-0.1,-1.0,-0.1
3,NONE,-1.0,-0.1,-1.0,-0.1
3,NONE,-1.0,-0.1,-1.0,-0.1
3,NONE,-1.0,-0.1,-1.0,-0.1
3,NONE,-1.0,-0.1,-1.0,-0.1
3,NONE,-1.0,-0.1,-1.0,-0.1
2,EV_B07_C030_Mototaxi_Electrica,-1.0,-0.1,8.0,53.855510436994166
1,EV_B07_C030_Mototaxi_Electrica,6.0,81.91204353670014,-1.0,53.855510436994166
1,EV_B07_C030_Mototaxi_Electrica,5.0,81.91204353670014,-1.0,53.855510436994166
1,EV_B07_C030_Mototaxi_Electrica,4.0,81.91204353670014,-1.0,53.855510436994166
1,EV_B07_C030_Mototaxi_Electrica,3.0,81.91204353670014,-1.0,53.855510436994166
1,EV_B07_C030_Mototaxi_Electrica,2.0,81.91204353670014,-1.0,53.855510436994166
1,EV_B07_C030_Mototaxi_Electrica,1.0,81.91204353670014,-1.0,53.855510436994166
1,EV_B07_C030_Mototaxi_Electrica,0.0,81.91204353670014,-1.0,53.855510436994166
3,NONE,-1.0,-0.1,-1.0,-0.1
3,NONE,-1.0,-0.1,-1.0,-0.1
3,NONE,-1.0,-0.1,-1.0,-0.1
3,NONE,-1.0,-0.1,-1.0,-0.1
3,NONE,-1.0,-0.1,-1.0,-0.1
3,NONE,-1.0,-0.1,-1.0,-0.1
3,NONE,-1.0,-0.1,-1.0,-0.1
3,NONE,-1.0,-0.1,-1.0,-0.1
3,NONE,-1.0,-0.1,-1.0,-0.1
3,NONE,-1.0,-0.1,-1.0,-0.1
3,NONE,-1.0,-0.1,-1.0,-0.1
3,NONE,-1.0,-0.1,-1.0,-0.1
3,NONE,-1.0,-0.1,-1.0,-0.1
3,NONE,-1.0,-0.1,-1.0,-0.1
3,NONE,-1.0,-0.1,-1.0,-0.1
3,NONE,-1.0,-0.1,-1.0,-0.1
3,NONE,-1.0,-0.1,-1.0,-0.1
3,NONE,-1.0,-0.1,-1.0,-0.1
3,NONE,-1.0,-0.1,-1.0,-0.1
3,NONE,-1.0,-0.1,-1.0,-0.1
3,NONE,-1.0,-0.1,-1.0,-0.1
3,NONE,-1.0,-0.1,-1.0,-0.1
3,NONE,-1.0,-0.1,-1.0,-0.1
3,NONE,-1.0,-0.1,-1.0,-0.1
3,NONE,-1.0,-0.1,-1.0,-0.1
3,NONE,-1.0,-0.1,-1.0,-0.1
3,NONE,-1.0,-0.1,-1.0,-0.1
3,NONE,-1.0,-0.1,-1.0,-0.1
3,NONE,-1.0,-0.1,-1.0,-0.1
3,NONE,-1.0,-0.1,-1.0,-0.1
3,NONE,-1.0,-0.1,-1.0,-0.1
3,NONE,-1.0,-0.1,-1.0,-0.1
3,NONE,-1.0,-0.1,-1.0,-0.1
3,NONE,-1.0,-0.1,-1.0,-0.1
3,NONE,-1.0,-0.1,-1.0,-0.1
3,NONE,-1.0,-0.1,-1.0,-0.1
3,NONE,-1.0,-0.1,-1.0,-0.1
3,NONE,-1.0,-0.1,-1.0,-0.1
3,NONE,-1.0,-0.1,-1.0,-0.1
2,EV_B07_C030_Mototaxi_Electrica,-1.0,-0.1,7.0,33.137049657606774
1,EV_B07_C030_Mototaxi_Electrica,7.0,78.57885759420265,-1.0,33.137049657606774
1,EV_B07_C030_Mototaxi_Electrica,6.0,78.57885759420265,-1.0,33.137049657606774
1,EV_B07_C030_Mototaxi_Electrica,5.0,78.57885759420265,-1.0,33.137049657606774
1,EV_B07_C030_Mototaxi_Electrica,4.0,78.57885759420265,-1.0,33.137049657606774
1,EV_B07_C030_Mototaxi_Electrica,3.0,78.57885759420265,-1.0,33.137049657606774
1,EV_B07_C030_Mototaxi_Electrica,2.0,78.57885759420265,-1.0,33.137049657606774
1,EV_B07_C030_Mototaxi_Electrica,1.0,78.57885759420265,-1.0,33.137049657606774
1,EV_B07_C030_Mototaxi_Electrica,0.0,78.57885759420265,-1.0,33.137049657606774
3,NONE,-1.0,-0.1,-1.0,-0.1
3,NONE,-1.0,-0.1,-1.0,-0.1
3,NONE,-1.0,-0.1,-1.0,-0.1
3,NONE,-1.0,-0.1,-1.0,-0.1
3,NONE,-1.0,-0.1,-1.0,-0.1
3,NONE,-1.0,-0.1,-1.0,-0.1
3,NONE,-1.0,-0.1,-1.0,-0.1
3,NONE,-1.0,-0.1,-1.0,-0.1
3,NONE,-1.0,-0.1,-1.0,-0.1
3,NONE,-1.0,-0.1,-1.0,-0.1
3,NONE,-1.0,-0.1,-1.0,-0.1
3,NONE,-1.0,-0.1,-1.0,-0.1
3,NONE,-1.0,-0.1,-1.0,-0.1
3,NONE,-1.0,-0.1,-1.0,-0.1
3,NONE,-1.0,-0.1,-1.0,-0.1
2,EV_B07_C030_Mototaxi_Electrica,-1.0,-0.1,7.0,21.97090144108764
1,EV_B07_C030_Mototaxi_Electrica,7.0,76.19149891918319,-1.0,21.97090144108764
1,EV_B07_C030_Mototaxi_Electrica,6.0,76.19149891918319,-1.0,21.97090144108764
1,EV_B07_C030_Mototaxi_Electrica,5.0,76.19149891918319,-1.0,21.97090144108764
1,EV_B07_C030_Mototaxi_Electrica,4.0,76.19149891918319,-1.0,21.97090144108764
1,EV_B07_C030_Mototaxi_Electrica,3.0,76.19149891918319,-1.0,21.97090144108764
1,EV_B07_C030_Mototaxi_Electrica,2.0,76.19149891918319,-1.0,21.97090144108764
1,EV_B07_C030_Mototaxi_Electrica,1.0,76.19149891918319,-1.0,21.97090144108764
1,EV_B07_C030_Mototaxi_Electrica,0.0,76.19149891918319,-1.0,21.97090144108764
3,NONE,-1.0,-0.1,-1.0,-0.1
3,NONE,-1.0,-0.1,-1.0,-0.1
3,NONE,-1.0,-0.1,-1.0,-0.1
3,NONE,-1.0,-0.1,-1.0,-0.1
3,NONE,-1.0,-0.1,-1.0,-0.1
3,NONE,-1.0,-0.1,-1.0,-0.1
3,NONE,-1.0,-0.1,-1.0,-0.1
3,NONE,-1.0,-0.1,-1.0,-0.1
3,NONE,-1.0,-0.1,-1.0,-0.1
3,NONE,-1.0,-0.1,-1.0,-0.1
3,NONE,-1.0,-0.1,-1.0,-0.1
3,NONE,-1.0,-0.1,-1.0,-0.1
3,NONE,-1.0,-0.1,-1.0,-0.1
3,NONE,-1.0,-0.1,-1.0,-0.1
3,NONE,-1.0,-0.1,-1.0,-0.1
3,NONE,-1.0,-0.1,-1.0,-0.1
3,NONE,-1.0,-0.1,-1.0,-0.1
3,NONE,-1.0,-0.1,-1.0,-0.1
3,NONE,-1.0,-0.1,-1.0,-0.1
3,NONE,-1.0,-0.1,-1.0,-0.1
3,NONE,-1.0,-0.1,-1.0,-0.1
3,NONE,-1.0,-0.1,-1.0,-0.1
3,NONE,-1.0,-0.1,-1.0,-0.1
3,NONE,-1.0,-0.1,-1.0,-0.1
3,NONE,-1.0,-0.1,-1.0,-0.1
3,NONE,-1.0,-0.1,-1.0,-0.1
3,NONE,-1.0,-0.1,-1.0,-0.1
3,NONE,-1.0,-0.1,-1.0,-0.1
3,NONE,-1.0,-0.1,-1.0,-0.1
3,NONE,-1.0,-0.1,-1.0,-0.1
3,NONE,-1.0,-0.1,-1.0,-0.1
3,NONE,-1.0,-0.1,-1.0,-0.1
3,NONE,-1.0,-0.1,-1.0,-0.1
3,NONE,-1.0,-0.1,-1.0,-0.1
3,NONE,-1.0,-0.1,-1.0,-0.1
3,NONE,-1.0,-0.1,-1.0,-0.1
3,NONE,-1.0,-0.1,-1.0,-0.1
3,NONE,-1.0,-0.1,-1.0,-0.1
3,NONE,-1.0,-0.1,-1.0,-0.1
3,NONE,-1.0,-0.1,-1.0,-0.1
3,NONE,-1.0,-0.1,-1.0,-0.1
3,NONE,-1.0,-0.1,-1.0,-0.1
3,NONE,-1.0,-0.1,-1.0,-0.1
3,NONE,-1.0,-0.1,-1.0,-0.1
3,NONE,-1.0,-0.1,-1.0,-0.1
3,NONE,-1.0,-0.1,-1.0,-0.1
3,NONE,-1.0,-0.1,-1.0,-0.1
3,NONE,-1.0,-0.1,-1.0,-0.1
3,NONE,-1.0,-0.1,-1.0,-0.1
3,NONE,-1.0,-0.1,-1.0,-0.1
3,NONE,-1.0,-0.1,-1.0,-0.1
3,NONE,-1.0,-0.1,-1.0,-0.1
3,NONE,-1.0,-0.1,-1.0,-0.1
3,NONE,-1.0,-0.1,-1.0,-0.1
3,NONE,-1.0,-0.1,-1.0,-0.1
3,NONE,-1.0,-0.1,-1.0,-0.1
3,NONE,-1.0,-0.1,-1.0,-0.1
3,NONE,-1.0,-0.1,-1.0,-0.1
3,NONE,-1.0,-0.1,-1.0,-0.1
3,NONE,-1.0,-0.1,-1.0,-0.1
3,NONE,-1.0,-0.1,-1.0,-0.1
3,NONE,-1.0,-0.1,-1.0,-0.1
3,NONE,-1.0,-0.1,-1.0,-0.1
3,NONE,-1.0,-0.1,-1.0,-0.1
2,EV_B07_C030_Mototaxi_Electrica,-1.0,-0.1,8.0,33.097348637238426
1,EV_B07_C030_Mototaxi_Electrica,6.0,76.93624795598706,-1.0,33.097348637238426
1,EV_B07_C030_Mototaxi_Electrica,5.0,76.93624795598706,-1.0,33.097348637238426
1,EV_B07_C030_Mototaxi_Electrica,4.0,76.93624795598706,-1.0,33.097348637238426
1,EV_B07_C030_Mototaxi_Electrica,3.0,76.93624795598706,-1.0,33.097348637238426
1,EV_B07_C030_Mototaxi_Electrica,2.0,76.93624795598706,-1.0,33.097348637238426
1,EV_B07_C030_Mototaxi_Electrica,1.0,76.93624795598706,-1.0,33.097348637238426
1,EV_B07_C030_Mototaxi_Electrica,0.0,76.93624795598706,-1.0,33.097348637238426
3,NONE,-1.0,-0.1,-1.0,-0.1
3,NONE,-1.0,-0.1,-1.0,-0.1
3,NONE,-1.0,-0.1,-1.0,-0.1
3,NONE,-1.0,-0.1,-1.0,-0.1
3,NONE,-1.0,-0.1,-1.0,-0.1
3,NONE,-1.0,-0.1,-1.0,-0.1
3,NONE,-1.0,-0.1,-1.0,-0.1
3,NONE,-1.0,-0.1,-1.0,-0.1
3,NONE,-1.0,-0.1,-1.0,-0.1
3,NONE,-1.0,-0.1,-1.0,-0.1
3,NONE,-1.0,-0.1,-1.0,-0.1
3,NONE,-1.0,-0.1,-1.0,-0.1
3,NONE,-1.0,-0.1,-1.0,-0.1
3,NONE,-1.0,-0.1,-1.0,-0.1
3,NONE,-1.0,-0.1,-1.0,-0.1
3,NONE,-1.0,-0.1,-1.0,-0.1
3,NONE,-1.0,-0.1,-1.0,-0.1
3,NONE,-1.0,-0.1,-1.0,-0.1
3,NONE,-1.0,-0.1,-1.0,-0.1
3,NONE,-1.0,-0.1,-1.0,-0.1
3,NONE,-1.0,-0.1,-1.0,-0.1
3,NONE,-1.0,-0.1,-1.0,-0.1
3,NONE,-1.0,-0.1,-1.0,-0.1
3,NONE,-1.0,-0.1,-1.0,-0.1
3,NONE,-1.0,-0.1,-1.0,-0.1
3,NONE,-1.0,-0.1,-1.0,-0.1
3,NONE,-1.0,-0.1,-1.0,-0.1
3,NONE,-1.0,-0.1,-1.0,-0.1
3,NONE,-1.0,-0.1,-1.0,-0.1
3,NONE,-1.0,-0.1,-1.0,-0.1
3,NONE,-1.0,-0.1,-1.0,-0.1
3,NONE,-1.0,-0.1,-1.0,-0.1
3,NONE,-1.0,-0.1,-1.0,-0.1
3,NONE,-1.0,-0.1,-1.0,-0.1
3,NONE,-1.0,-0.1,-1.0,-0.1
3,NONE,-1.0,-0.1,-1.0,-0.1
3,NONE,-1.0,-0.1,-1.0,-0.1
3,NONE,-1.0,-0.1,-1.0,-0.1
3,NONE,-1.0,-0.1,-1.0,-0.1
2,EV_B07_C030_Mototaxi_Electrica,-1.0,-0.1,7.0,27.685431544832486
1,EV_B07_C030_Mototaxi_Electrica,7.0,77.17967101696216,-1.0,27.685431544832486
1,EV_B07_C030_Mototaxi_Electrica,6.0,77.17967101696216,-1.0,27.685431544832486
1,EV_B07_C030_Mototaxi_Electrica,5.0,77.17967101696216,-1.0,27.685431544832486
1,EV_B07_C030_Mototaxi_Electrica,4.0,77.17967101696216,-1.0,27.685431544832486
1,EV_B07_C030_Mototaxi_Electrica,3.0,77.17967101696216,-1.0,27.685431544832486
1,EV_B07_C030_Mototaxi_Electrica,2.0,77.17967101696216,-1.0,27.685431544832486
1,EV_B07_C030_Mototaxi_Electrica,1.0,77.17967101696216,-1.0,27.685431544832486
1,EV_B07_C030_Mototaxi_Electrica,0.0,77.17967101696216,-1.0,27.685431544832486
3,NONE,-1.0,-0.1,-1.0,-0.1
3,NONE,-1.0,-0.1,-1.0,-0.1
3,NONE,-1.0,-0.1,-1.0,-0.1
3,NONE,-1.0,-0.1,-1.0,-0.1
3,NONE,-1.0,-0.1,-1.0,-0.1
3,NONE,-1.0,-0.1,-1.0,-0.1
3,NONE,-1.0,-0.1,-1.0,-0.1
3,NONE,-1.0,-0.1,-1.0,-0.1
3,NONE,-1.0,-0.1,-1.0,-0.1
3,NONE,-1.0,-0.1,-1.0,-0.1
3,NONE,-1.0,-0.1,-1.0,-0.1
3,NONE,-1.0,-0.1,-1.0,-0.1
3,NONE,-1.0,-0.1,-1.0,-0.1
3,NONE,-1.0,-0.1,-1.0,-0.1
3,NONE,-1.0,-0.1,-1.0,-0.1
2,EV_B07_C030_Mototaxi_Electrica,-1.0,-0.1,7.0,38.41008721127023
1,EV_B07_C030_Mototaxi_Electrica,7.0,76.64141634285468,-1.0,38.41008721127023
1,EV_B07_C030_Mototaxi_Electrica,6.0,76.64141634285468,-1.0,38.41008721127023
1,EV_B07_C030_Mototaxi_Electrica,5.0,76.64141634285468,-1.0,38.41008721127023
1,EV_B07_C030_Mototaxi_Electrica,4.0,76.64141634285468,-1.0,38.41008721127023
1,EV_B07_C030_Mototaxi_Electrica,3.0,76.64141634285468,-1.0,38.41008721127023
1,EV_B07_C030_Mototaxi_Electrica,2.0,76.64141634285468,-1.0,38.41008721127023
1,EV_B07_C030_Mototaxi_Electrica,1.0,76.64141634285468,-1.0,38.41008721127023
1,EV_B07_C030_Mototaxi_Electrica,0.0,76.64141634285468,-1.0,38.41008721127023
3,NONE,-1.0,-0.1,-1.0,-0.1
3,NONE,-1.0,-0.1,-1.0,-0.1
3,NONE,-1.0,-0.1,-1.0,-0.1
3,NONE,-1.0,-0.1,-1.0,-0.1
3,NONE,-1.0,-0.1,-1.0,-0.1
3,NONE,-1.0,-0.1,-1.0,-0.1
3,NONE,-1.0,-0.1,-1.0,-0.1
3,NONE,-1.0,-0.1,-1.0,-0.1
3,NONE,-1.0,-0.1,-1.0,-0.1
3,NONE,-1.0,-0.1,-1.0,-0.1
3,NONE,-1.0,-0.1,-1.0,-0.1
3,NONE,-1.0,-0.1,-1.0,-0.1
3,NONE,-1.0,-0.1,-1.0,-0.1
3,NONE,-1.0,-0.1,-1.0,-0.1
3,NONE,-1.0,-0.1,-1.0,-0.1
2,EV_B07_C030_Mototaxi_Electrica,-1.0,-0.1,7.0,43.65052489206497
1,EV_B07_C030_Mototaxi_Electrica,6.0,69.53010522182724,-1.0,43.65052489206497
1,EV_B07_C030_Mototaxi_Electrica,5.0,69.53010522182724,-1.0,43.65052489206497
1,EV_B07_C030_Mototaxi_Electrica,4.0,69.53010522182724,-1.0,43.65052489206497
1,EV_B07_C030_Mototaxi_Electrica,3.0,69.53010522182724,-1.0,43.65052489206497
1,EV_B07_C030_Mototaxi_Electrica,2.0,69.53010522182724,-1.0,43.65052489206497
1,EV_B07_C030_Mototaxi_Electrica,1.0,69.53010522182724,-1.0,43.65052489206497
1,EV_B07_C030_Mototaxi_Electrica,0.0,69.53010522182724,-1.0,43.65052489206497
3,NONE,-1.0,-0.1,-1.0,-0.1
3,NONE,-1.0,-0.1,-1.0,-0.1
3,NONE,-1.0,-0.1,-1.0,-0.1
3,NONE,-1.0,-0.1,-1.0,-0.1
3,NONE,-1.0,-0.1,-1.0,-0.1
3,NONE,-1.0,-0.1,-1.0,-0.1
3,NONE,-1.0,-0.1,-1.0,-0.1
3,NONE,-1.0,-0.1,-1.0,-0.1
3,NONE,-1.0,-0.1,-1.0,-0.1
3,NONE,-1.0,-0.1,-1.0,-0.1
3,NONE,-1.0,-0.1,-1.0,-0.1
3,NONE,-1.0,-0.1,-1.0,-0.1
3,NONE,-1.0,-0.1,-1.0,-0.1
3,NONE,-1.0,-0.1,-1.0,-0.1
3,NONE,-1.0,-0.1,-1.0,-0.1
3,NONE,-1.0,-0.1,-1.0,-0.1
3,NONE,-1.0,-0.1,-1.0,-0.1
3,NONE,-1.0,-0.1,-1.0,-0.1
3,NONE,-1.0,-0.1,-1.0,-0.1
3,NONE,-1.0,-0.1,-1.0,-0.1
3,NONE,-1.0,-0.1,-1.0,-0.1
3,NONE,-1.0,-0.1,-1.0,-0.1
3,NONE,-1.0,-0.1,-1.0,-0.1
3,NONE,-1.0,-0.1,-1.0,-0.1
3,NONE,-1.0,-0.1,-1.0,-0.1
3,NONE,-1.0,-0.1,-1.0,-0.1
3,NONE,-1.0,-0.1,-1.0,-0.1
3,NONE,-1.0,-0.1,-1.0,-0.1
3,NONE,-1.0,-0.1,-1.0,-0.1
3,NONE,-1.0,-0.1,-1.0,-0.1
3,NONE,-1.0,-0.1,-1.0,-0.1
3,NONE,-1.0,-0.1,-1.0,-0.1
3,NONE,-1.0,-0.1,-1.0,-0.1
3,NONE,-1.0,-0.1,-1.0,-0.1
3,NONE,-1.0,-0.1,-1.0,-0.1
3,NONE,-1.0,-0.1,-1.0,-0.1
3,NONE,-1.0,-0.1,-1.0,-0.1
3,NONE,-1.0,-0.1,-1.0,-0.1
3,NONE,-1.0,-0.1,-1.0,-0.1
3,NONE,-1.0,-0.1,-1.0,-0.1
3,NONE,-1.0,-0.1,-1.0,-0.1
3,NONE,-1.0,-0.1,-1.0,-0.1
3,NONE,-1.0,-0.1,-1.0,-0.1
3,NONE,-1.0,-0.1,-1.0,-0.1
3,NONE,-1.0,-0.1,-1.0,-0.1
3,NONE,-1.0,-0.1,-1.0,-0.1
3,NONE,-1.0,-0.1,-1.0,-0.1
3,NONE,-1.0,-0.1,-1.0,-0.1
3,NONE,-1.0,-0.1,-1.0,-0.1
3,NONE,-1.0,-0.1,-1.0,-0.1
3,NONE,-1.0,-0.1,-1.0,-0.1
3,NONE,-1.0,-0.1,-1.0,-0.1
3,NONE,-1.0,-0.1,-1.0,-0.1
3,NONE,-1.0,-0.1,-1.0,-0.1
3,NONE,-1.0,-0.1,-1.0,-0.1
3,NONE,-1.0,-0.1,-1.0,-0.1
3,NONE,-1.0,-0.1,-1.0,-0.1
3,NONE,-1.0,-0.1,-1.0,-0.1
3,NONE,-1.0,-0.1,-1.0,-0.1
3,NONE,-1.0,-0.1,-1.0,-0.1
3,NONE,-1.0,-0.1,-1.0,-0.1
3,NONE,-1.0,-0.1,-1.0,-0.1
3,NONE,-1.0,-0.1,-1.0,-0.1
3,NONE,-1.0,-0.1,-1.0,-0.1
3,NONE,-1.0,-0.1,-1.0,-0.1
2,EV_B07_C030_Mototaxi_Electrica,-1.0,-0.1,8.0,12.088174102397407
1,EV_B07_C030_Mototaxi_Electrica,5.0,76.63656281899756,-1.0,12.088174102397407
1,EV_B07_C030_Mototaxi_Electrica,4.0,76.63656281899756,-1.0,12.088174102397407
1,EV_B07_C030_Mototaxi_Electrica,3.0,76.63656281899756,-1.0,12.088174102397407
1,EV_B07_C030_Mototaxi_Electrica,2.0,76.63656281899756,-1.0,12.088174102397407
1,EV_B07_C030_Mototaxi_Electrica,1.0,76.63656281899756,-1.0,12.088174102397407
1,EV_B07_C030_Mototaxi_Electrica,0.0,76.63656281899756,-1.0,12.088174102397407
3,NONE,-1.0,-0.1,-1.0,-0.1
3,NONE,-1.0,-0.1,-1.0,-0.1
3,NONE,-1.0,-0.1,-1.0,-0.1
3,NONE,-1.0,-0.1,-1.0,-0.1
3,NONE,-1.0,-0.1,-1.0,-0.1
3,NONE,-1.0,-0.1,-1.0,-0.1
3,NONE,-1.0,-0.1,-1.0,-0.1
3,NONE,-1.0,-0.1,-1.0,-0.1
3,NONE,-1.0,-0.1,-1.0,-0.1
3,NONE,-1.0,-0.1,-1.0,-0.1
3,NONE,-1.0,-0.1,-1.0,-0.1
3,NONE,-1.0,-0.1,-1.0,-0.1
3,NONE,-1.0,-0.1,-1.0,-0.1
3,NONE,-1.0,-0.1,-1.0,-0.1
3,NONE,-1.0,-0.1,-1.0,-0.1
3,NONE,-1.0,-0.1,-1.0,-0.1
3,NONE,-1.0,-0.1,-1.0,-0.1
3,NONE,-1.0,-0.1,-1.0,-0.1
3,NONE,-1.0,-0.1,-1.0,-0.1
3,NONE,-1.0,-0.1,-1.0,-0.1
3,NONE,-1.0,-0.1,-1.0,-0.1
3,NONE,-1.0,-0.1,-1.0,-0.1
3,NONE,-1.0,-0.1,-1.0,-0.1
3,NONE,-1.0,-0.1,-1.0,-0.1
3,NONE,-1.0,-0.1,-1.0,-0.1
3,NONE,-1.0,-0.1,-1.0,-0.1
3,NONE,-1.0,-0.1,-1.0,-0.1
3,NONE,-1.0,-0.1,-1.0,-0.1
3,NONE,-1.0,-0.1,-1.0,-0.1
3,NONE,-1.0,-0.1,-1.0,-0.1
3,NONE,-1.0,-0.1,-1.0,-0.1
3,NONE,-1.0,-0.1,-1.0,-0.1
3,NONE,-1.0,-0.1,-1.0,-0.1
3,NONE,-1.0,-0.1,-1.0,-0.1
3,NONE,-1.0,-0.1,-1.0,-0.1
3,NONE,-1.0,-0.1,-1.0,-0.1
3,NONE,-1.0,-0.1,-1.0,-0.1
3,NONE,-1.0,-0.1,-1.0,-0.1
3,NONE,-1.0,-0.1,-1.0,-0.1
3,NONE,-1.0,-0.1,-1.0,-0.1
2,EV_B07_C030_Mototaxi_Electrica,-1.0,-0.1,7.0,44.81305620088155
1,EV_B07_C030_Mototaxi_Electrica,7.0,73.89925325622369,-1.0,44.81305620088155
1,EV_B07_C030_Mototaxi_Electrica,6.0,73.89925325622369,-1.0,44.81305620088155
1,EV_B07_C030_Mototaxi_Electrica,5.0,73.89925325622369,-1.0,44.81305620088155
1,EV_B07_C030_Mototaxi_Electrica,4.0,73.89925325622369,-1.0,44.81305620088155
1,EV_B07_C030_Mototaxi_Electrica,3.0,73.89925325622369,-1.0,44.81305620088155
1,EV_B07_C030_Mototaxi_Electrica,2.0,73.89925325622369,-1.0,44.81305620088155
1,EV_B07_C030_Mototaxi_Electrica,1.0,73.89925325622369,-1.0,44.81305620088155
1,EV_B07_C030_Mototaxi_Electrica,0.0,73.89925325622369,-1.0,44.81305620088155
3,NONE,-1.0,-0.1,-1.0,-0.1
3,NONE,-1.0,-0.1,-1.0,-0.1
3,NONE,-1.0,-0.1,-1.0,-0.1
3,NONE,-1.0,-0.1,-1.0,-0.1
3,NONE,-1.0,-0.1,-1.0,-0.1
3,NONE,-1.0,-0.1,-1.0,-0.1
3,NONE,-1.0,-0.1,-1.0,-0.1
3,NONE,-1.0,-0.1,-1.0,-0.1
3,NONE,-1.0,-0.1,-1.0,-0.1
3,NONE,-1.0,-0.1,-1.0,-0.1
3,NONE,-1.0,-0.1,-1.0,-0.1
3,NONE,-1.0,-0.1,-1.0,-0.1
3,NONE,-1.0,-0.1,-1.0,-0.1
3,NONE,-1.0,-0.1,-1.0,-0.1
3,NONE,-1.0,-0.1,-1.0,-0.1
3,NONE,-1.0,-0.1,-1.0,-0.1
2,EV_B07_C030_Mototaxi_Electrica,-1.0,-0.1,8.0,35.07452638727948
1,EV_B07_C030_Mototaxi_Electrica,6.0,82.3711380831531,-1.0,35.07452638727948
1,EV_B07_C030_Mototaxi_Electrica,5.0,82.3711380831531,-1.0,35.07452638727948
1,EV_B07_C030_Mototaxi_Electrica,4.0,82.3711380831531,-1.0,35.07452638727948
1,EV_B07_C030_Mototaxi_Electrica,3.0,82.3711380831531,-1.0,35.07452638727948
1,EV_B07_C030_Mototaxi_Electrica,2.0,82.3711380831531,-1.0,35.07452638727948
1,EV_B07_C030_Mototaxi_Electrica,1.0,82.3711380831531,-1.0,35.07452638727948
1,EV_B07_C030_Mototaxi_Electrica,0.0,82.3711380831531,-1.0,35.07452638727948
3,NONE,-1.0,-0.1,-1.0,-0.1
3,NONE,-1.0,-0.1,-1.0,-0.1
3,NONE,-1.0,-0.1,-1.0,-0.1
3,NONE,-1.0,-0.1,-1.0,-0.1
3,NONE,-1.0,-0.1,-1.0,-0.1
3,NONE,-1.0,-0.1,-1.0,-0.1
3,NONE,-1.0,-0.1,-1.0,-0.1
3,NONE,-1.0,-0.1,-1.0,-0.1
3,NONE,-1.0,-0.1,-1.0,-0.1
3,NONE,-1.0,-0.1,-1.0,-0.1
3,NONE,-1.0,-0.1,-1.0,-0.1
3,NONE,-1.0,-0.1,-1.0,-0.1
3,NONE,-1.0,-0.1,-1.0,-0.1
3,NONE,-1.0,-0.1,-1.0,-0.1
3,NONE,-1.0,-0.1,-1.0,-0.1
3,NONE,-1.0,-0.1,-1.0,-0.1
3,NONE,-1.0,-0.1,-1.0,-0.1
3,NONE,-1.0,-0.1,-1.0,-0.1
3,NONE,-1.0,-0.1,-1.0,-0.1
3,NONE,-1.0,-0.1,-1.0,-0.1
3,NONE,-1.0,-0.1,-1.0,-0.1
3,NONE,-1.0,-0.1,-1.0,-0.1
3,NONE,-1.0,-0.1,-1.0,-0.1
3,NONE,-1.0,-0.1,-1.0,-0.1
3,NONE,-1.0,-0.1,-1.0,-0.1
3,NONE,-1.0,-0.1,-1.0,-0.1
3,NONE,-1.0,-0.1,-1.0,-0.1
3,NONE,-1.0,-0.1,-1.0,-0.1
3,NONE,-1.0,-0.1,-1.0,-0.1
3,NONE,-1.0,-0.1,-1.0,-0.1
3,NONE,-1.0,-0.1,-1.0,-0.1
3,NONE,-1.0,-0.1,-1.0,-0.1
3,NONE,-1.0,-0.1,-1.0,-0.1
3,NONE,-1.0,-0.1,-1.0,-0.1
3,NONE,-1.0,-0.1,-1.0,-0.1
3,NONE,-1.0,-0.1,-1.0,-0.1
3,NONE,-1.0,-0.1,-1.0,-0.1
3,NONE,-1.0,-0.1,-1.0,-0.1
3,NONE,-1.0,-0.1,-1.0,-0.1
3,NONE,-1.0,-0.1,-1.0,-0.1
3,NONE,-1.0,-0.1,-1.0,-0.1
3,NONE,-1.0,-0.1,-1.0,-0.1
3,NONE,-1.0,-0.1,-1.0,-0.1
3,NONE,-1.0,-0.1,-1.0,-0.1
3,NONE,-1.0,-0.1,-1.0,-0.1
3,NONE,-1.0,-0.1,-1.0,-0.1
3,NONE,-1.0,-0.1,-1.0,-0.1
3,NONE,-1.0,-0.1,-1.0,-0.1
3,NONE,-1.0,-0.1,-1.0,-0.1
3,NONE,-1.0,-0.1,-1.0,-0.1
3,NONE,-1.0,-0.1,-1.0,-0.1
3,NONE,-1.0,-0.1,-1.0,-0.1
3,NONE,-1.0,-0.1,-1.0,-0.1
3,NONE,-1.0,-0.1,-1.0,-0.1
3,NONE,-1.0,-0.1,-1.0,-0.1
3,NONE,-1.0,-0.1,-1.0,-0.1
3,NONE,-1.0,-0.1,-1.0,-0.1
3,NONE,-1.0,-0.1,-1.0,-0.1
3,NONE,-1.0,-0.1,-1.0,-0.1
3,NONE,-1.0,-0.1,-1.0,-0.1
3,NONE,-1.0,-0.1,-1.0,-0.1
3,NONE,-1.0,-0.1,-1.0,-0.1
3,NONE,-1.0,-0.1,-1.0,-0.1
3,NONE,-1.0,-0.1,-1.0,-0.1
3,NONE,-1.0,-0.1,-1.0,-0.1
3,NONE,-1.0,-0.1,-1.0,-0.1
3,NONE,-1.0,-0.1,-1.0,-0.1
3,NONE,-1.0,-0.1,-1.0,-0.1
3,NONE,-1.0,-0.1,-1.0,-0.1
3,NONE,-1.0,-0.1,-1.0,-0.1
3,NONE,-1.0,-0.1,-1.0,-0.1
3,NONE,-1.0,-0.1,-1.0,-0.1
3,NONE,-1.0,-0.1,-1.0,-0.1
3,NONE,-1.0,-0.1,-1.0,-0.1
3,NONE,-1.0,-0.1,-1.0,-0.1
3,NONE,-1.0,-0.1,-1.0,-0.1
3,NONE,-1.0,-0.1,-1.0,-0.1
3,NONE,-1.0,-0.1,-1.0,-0.1
3,NONE,-1.0,-0.1,-1.0,-0.1
3,NONE,-1.0,-0.1,-1.0,-0.1
3,NONE,-1.0,-0.1,-1.0,-0.1
3,NONE,-1.0,-0.1,-1.0,-0.1
3,NONE,-1.0,-0.1,-1.0,-0.1
3,NONE,-1.0,-0.1,-1.0,-0.1
3,NONE,-1.0,-0.1,-1.0,-0.1
3,NONE,-1.0,-0.1,-1.0,-0.1
3,NONE,-1.0,-0.1,-1.0,-0.1
3,NONE,-1.0,-0.1,-1.0,-0.1
3,NONE,-1.0,-0.1,-1.0,-0.1
3,NONE,-1.0,-0.1,-1.0,-0.1
2,EV_B07_C030_Mototaxi_Electrica,-1.0,-0.1,10.0,48.98615124674443
1,EV_B07_C030_Mototaxi_Electrica,4.0,90.09452208062518,-1.0,48.98615124674443
1,EV_B07_C030_Mototaxi_Electrica,3.0,90.09452208062518,-1.0,48.98615124674443
1,EV_B07_C030_Mototaxi_Electrica,2.0,90.09452208062518,-1.0,48.98615124674443
1,EV_B07_C030_Mototaxi_Electrica,1.0,90.09452208062518,-1.0,48.98615124674443
1,EV_B07_C030_Mototaxi_Electrica,0.0,90.09452208062518,-1.0,48.98615124674443
3,NONE,-1.0,-0.1,-1.0,-0.1
3,NONE,-1.0,-0.1,-1.0,-0.1
3,NONE,-1.0,-0.1,-1.0,-0.1
3,NONE,-1.0,-0.1,-1.0,-0.1
3,NONE,-1.0,-0.1,-1.0,-0.1
3,NONE,-1.0,-0.1,-1.0,-0.1
3,NONE,-1.0,-0.1,-1.0,-0.1
3,NONE,-1.0,-0.1,-1.0,-0.1
3,NONE,-1.0,-0.1,-1.0,-0.1
3,NONE,-1.0,-0.1,-1.0,-0.1
3,NONE,-1.0,-0.1,-1.0,-0.1
3,NONE,-1.0,-0.1,-1.0,-0.1
3,NONE,-1.0,-0.1,-1.0,-0.1
3,NONE,-1.0,-0.1,-1.0,-0.1
3,NONE,-1.0,-0.1,-1.0,-0.1
3,NONE,-1.0,-0.1,-1.0,-0.1
3,NONE,-1.0,-0.1,-1.0,-0.1
3,NONE,-1.0,-0.1,-1.0,-0.1
3,NONE,-1.0,-0.1,-1.0,-0.1
3,NONE,-1.0,-0.1,-1.0,-0.1
3,NONE,-1.0,-0.1,-1.0,-0.1
3,NONE,-1.0,-0.1,-1.0,-0.1
3,NONE,-1.0,-0.1,-1.0,-0.1
3,NONE,-1.0,-0.1,-1.0,-0.1
3,NONE,-1.0,-0.1,-1.0,-0.1
3,NONE,-1.0,-0.1,-1.0,-0.1
3,NONE,-1.0,-0.1,-1.0,-0.1
3,NONE,-1.0,-0.1,-1.0,-0.1
3,NONE,-1.0,-0.1,-1.0,-0.1
3,NONE,-1.0,-0.1,-1.0,-0.1
3,NONE,-1.0,-0.1,-1.0,-0.1
3,NONE,-1.0,-0.1,-1.0,-0.1
3,NONE,-1.0,-0.1,-1.0,-0.1
3,NONE,-1.0,-0.1,-1.0,-0.1
3,NONE,-1.0,-0.1,-1.0,-0.1
3,NONE,-1.0,-0.1,-1.0,-0.1
3,NONE,-1.0,-0.1,-1.0,-0.1
3,NONE,-1.0,-0.1,-1.0,-0.1
3,NONE,-1.0,-0.1,-1.0,-0.1
3,NONE,-1.0,-0.1,-1.0,-0.1
3,NONE,-1.0,-0.1,-1.0,-0.1
3,NONE,-1.0,-0.1,-1.0,-0.1
3,NONE,-1.0,-0.1,-1.0,-0.1
3,NONE,-1.0,-0.1,-1.0,-0.1
3,NONE,-1.0,-0.1,-1.0,-0.1
3,NONE,-1.0,-0.1,-1.0,-0.1
3,NONE,-1.0,-0.1,-1.0,-0.1
3,NONE,-1.0,-0.1,-1.0,-0.1
3,NONE,-1.0,-0.1,-1.0,-0.1
3,NONE,-1.0,-0.1,-1.0,-0.1
3,NONE,-1.0,-0.1,-1.0,-0.1
3,NONE,-1.0,-0.1,-1.0,-0.1
3,NONE,-1.0,-0.1,-1.0,-0.1
3,NONE,-1.0,-0.1,-1.0,-0.1
3,NONE,-1.0,-0.1,-1.0,-0.1
3,NONE,-1.0,-0.1,-1.0,-0.1
3,NONE,-1.0,-0.1,-1.0,-0.1
3,NONE,-1.0,-0.1,-1.0,-0.1
3,NONE,-1.0,-0.1,-1.0,-0.1
3,NONE,-1.0,-0.1,-1.0,-0.1
3,NONE,-1.0,-0.1,-1.0,-0.1
3,NONE,-1.0,-0.1,-1.0,-0.1
3,NONE,-1.0,-0.1,-1.0,-0.1
3,NONE,-1.0,-0.1,-1.0,-0.1
3,NONE,-1.0,-0.1,-1.0,-0.1
3,NONE,-1.0,-0.1,-1.0,-0.1
2,EV_B07_C030_Mototaxi_Electrica,-1.0,-0.1,10.0,42.35548408180251
1,EV_B07_C030_Mototaxi_Electrica,4.0,98.27549381086136,-1.0,42.35548408180251
1,EV_B07_C030_Mototaxi_Electrica,3.0,98.27549381086136,-1.0,42.35548408180251
1,EV_B07_C030_Mototaxi_Electrica,2.0,98.27549381086136,-1.0,42.35548408180251
1,EV_B07_C030_Mototaxi_Electrica,1.0,98.27549381086136,-1.0,42.35548408180251
1,EV_B07_C030_Mototaxi_Electrica,0.0,98.27549381086136,-1.0,42.35548408180251
3,NONE,-1.0,-0.1,-1.0,-0.1
3,NONE,-1.0,-0.1,-1.0,-0.1
3,NONE,-1.0,-0.1,-1.0,-0.1
3,NONE,-1.0,-0.1,-1.0,-0.1
3,NONE,-1.0,-0.1,-1.0,-0.1
3,NONE,-1.0,-0.1,-1.0,-0.1
3,NONE,-1.0,-0.1,-1.0,-0.1
3,NONE,-1.0,-0.1,-1.0,-0.1
3,NONE,-1.0,-0.1,-1.0,-0.1
3,NONE,-1.0,-0.1,-1.0,-0.1
3,NONE,-1.0,-0.1,-1.0,-0.1
3,NONE,-1.0,-0.1,-1.0,-0.1
3,NONE,-1.0,-0.1,-1.0,-0.1
3,NONE,-1.0,-0.1,-1.0,-0.1
3,NONE,-1.0,-0.1,-1.0,-0.1
2,EV_B07_C030_Mototaxi_Electrica,-1.0,-0.1,7.0,27.90615390752548
1,EV_B07_C030_Mototaxi_Electrica,7.0,85.9884513210855,-1.0,27.90615390752548
1,EV_B07_C030_Mototaxi_Electrica,6.0,85.9884513210855,-1.0,27.90615390752548
1,EV_B07_C030_Mototaxi_Electrica,5.0,85.9884513210855,-1.0,27.90615390752548
1,EV_B07_C030_Mototaxi_Electrica,4.0,85.9884513210855,-1.0,27.90615390752548
1,EV_B07_C030_Mototaxi_Electrica,3.0,85.9884513210855,-1.0,27.90615390752548
1,EV_B07_C030_Mototaxi_Electrica,2.0,85.9884513210855,-1.0,27.90615390752548
1,EV_B07_C030_Mototaxi_Electrica,1.0,85.9884513210855,-1.0,27.90615390752548
1,EV_B07_C030_Mototaxi_Electrica,0.0,85.9884513210855,-1.0,27.90615390752548
3,NONE,-1.0,-0.1,-1.0,-0.1
3,NONE,-1.0,-0.1,-1.0,-0.1
3,NONE,-1.0,-0.1,-1.0,-0.1
3,NONE,-1.0,-0.1,-1.0,-0.1
3,NONE,-1.0,-0.1,-1.0,-0.1
3,NONE,-1.0,-0.1,-1.0,-0.1
3,NONE,-1.0,-0.1,-1.0,-0.1
3,NONE,-1.0,-0.1,-1.0,-0.1
3,NONE,-1.0,-0.1,-1.0,-0.1
3,NONE,-1.0,-0.1,-1.0,-0.1
3,NONE,-1.0,-0.1,-1.0,-0.1
3,NONE,-1.0,-0.1,-1.0,-0.1
3,NONE,-1.0,-0.1,-1.0,-0.1
3,NONE,-1.0,-0.1,-1.0,-0.1
3,NONE,-1.0,-0.1,-1.0,-0.1
3,NONE,-1.0,-0.1,-1.0,-0.1
3,NONE,-1.0,-0.1,-1.0,-0.1
3,NONE,-1.0,-0.1,-1.0,-0.1
3,NONE,-1.0,-0.1,-1.0,-0.1
3,NONE,-1.0,-0.1,-1.0,-0.1
3,NONE,-1.0,-0.1,-1.0,-0.1
3,NONE,-1.0,-0.1,-1.0,-0.1
3,NONE,-1.0,-0.1,-1.0,-0.1
3,NONE,-1.0,-0.1,-1.0,-0.1
3,NONE,-1.0,-0.1,-1.0,-0.1
3,NONE,-1.0,-0.1,-1.0,-0.1
3,NONE,-1.0,-0.1,-1.0,-0.1
3,NONE,-1.0,-0.1,-1.0,-0.1
3,NONE,-1.0,-0.1,-1.0,-0.1
3,NONE,-1.0,-0.1,-1.0,-0.1
3,NONE,-1.0,-0.1,-1.0,-0.1
3,NONE,-1.0,-0.1,-1.0,-0.1
3,NONE,-1.0,-0.1,-1.0,-0.1
3,NONE,-1.0,-0.1,-1.0,-0.1
3,NONE,-1.0,-0.1,-1.0,-0.1
3,NONE,-1.0,-0.1,-1.0,-0.1
3,NONE,-1.0,-0.1,-1.0,-0.1
3,NONE,-1.0,-0.1,-1.0,-0.1
3,NONE,-1.0,-0.1,-1.0,-0.1
3,NONE,-1.0,-0.1,-1.0,-0.1
3,NONE,-1.0,-0.1,-1.0,-0.1
3,NONE,-1.0,-0.1,-1.0,-0.1
3,NONE,-1.0,-0.1,-1.0,-0.1
3,NONE,-1.0,-0.1,-1.0,-0.1
3,NONE,-1.0,-0.1,-1.0,-0.1
3,NONE,-1.0,-0.1,-1.0,-0.1
3,NONE,-1.0,-0.1,-1.0,-0.1
3,NONE,-1.0,-0.1,-1.0,-0.1
3,NONE,-1.0,-0.1,-1.0,-0.1
3,NONE,-1.0,-0.1,-1.0,-0.1
3,NONE,-1.0,-0.1,-1.0,-0.1
3,NONE,-1.0,-0.1,-1.0,-0.1
3,NONE,-1.0,-0.1,-1.0,-0.1
3,NONE,-1.0,-0.1,-1.0,-0.1
3,NONE,-1.0,-0.1,-1.0,-0.1
3,NONE,-1.0,-0.1,-1.0,-0.1
3,NONE,-1.0,-0.1,-1.0,-0.1
3,NONE,-1.0,-0.1,-1.0,-0.1
3,NONE,-1.0,-0.1,-1.0,-0.1
3,NONE,-1.0,-0.1,-1.0,-0.1
3,NONE,-1.0,-0.1,-1.0,-0.1
3,NONE,-1.0,-0.1,-1.0,-0.1
3,NONE,-1.0,-0.1,-1.0,-0.1
3,NONE,-1.0,-0.1,-1.0,-0.1
2,EV_B07_C030_Mototaxi_Electrica,-1.0,-0.1,8.0,40.97458398767475
1,EV_B07_C030_Mototaxi_Electrica,6.0,73.2516708448377,-1.0,40.97458398767475
1,EV_B07_C030_Mototaxi_Electrica,5.0,73.2516708448377,-1.0,40.97458398767475
1,EV_B07_C030_Mototaxi_Electrica,4.0,73.2516708448377,-1.0,40.97458398767475
1,EV_B07_C030_Mototaxi_Electrica,3.0,73.2516708448377,-1.0,40.97458398767475
1,EV_B07_C030_Mototaxi_Electrica,2.0,73.2516708448377,-1.0,40.97458398767475
1,EV_B07_C030_Mototaxi_Electrica,1.0,73.2516708448377,-1.0,40.97458398767475
1,EV_B07_C030_Mototaxi_Electrica,0.0,73.2516708448377,-1.0,40.97458398767475
3,NONE,-1.0,-0.1,-1.0,-0.1
3,NONE,-1.0,-0.1,-1.0,-0.1
3,NONE,-1.0,-0.1,-1.0,-0.1
3,NONE,-1.0,-0.1,-1.0,-0.1
3,NONE,-1.0,-0.1,-1.0,-0.1
3,NONE,-1.0,-0.1,-1.0,-0.1
3,NONE,-1.0,-0.1,-1.0,-0.1
3,NONE,-1.0,-0.1,-1.0,-0.1
3,NONE,-1.0,-0.1,-1.0,-0.1
3,NONE,-1.0,-0.1,-1.0,-0.1
3,NONE,-1.0,-0.1,-1.0,-0.1
3,NONE,-1.0,-0.1,-1.0,-0.1
3,NONE,-1.0,-0.1,-1.0,-0.1
3,NONE,-1.0,-0.1,-1.0,-0.1
3,NONE,-1.0,-0.1,-1.0,-0.1
3,NONE,-1.0,-0.1,-1.0,-0.1
2,EV_B07_C030_Mototaxi_Electrica,-1.0,-0.1,8.0,32.70810833375636
1,EV_B07_C030_Mototaxi_Electrica,6.0,82.9059537106792,-1.0,32.70810833375636
1,EV_B07_C030_Mototaxi_Electrica,5.0,82.9059537106792,-1.0,32.70810833375636
1,EV_B07_C030_Mototaxi_Electrica,4.0,82.9059537106792,-1.0,32.70810833375636
1,EV_B07_C030_Mototaxi_Electrica,3.0,82.9059537106792,-1.0,32.70810833375636
1,EV_B07_C030_Mototaxi_Electrica,2.0,82.9059537106792,-1.0,32.70810833375636
1,EV_B07_C030_Mototaxi_Electrica,1.0,82.9059537106792,-1.0,32.70810833375636
1,EV_B07_C030_Mototaxi_Electrica,0.0,82.9059537106792,-1.0,32.70810833375636
3,NONE,-1.0,-0.1,-1.0,-0.1
3,NONE,-1.0,-0.1,-1.0,-0.1
3,NONE,-1.0,-0.1,-1.0,-0.1
3,NONE,-1.0,-0.1,-1.0,-0.1
3,NONE,-1.0,-0.1,-1.0,-0.1
3,NONE,-1.0,-0.1,-1.0,-0.1
3,NONE,-1.0,-0.1,-1.0,-0.1
3,NONE,-1.0,-0.1,-1.0,-0.1
3,NONE,-1.0,-0.1,-1.0,-0.1
3,NONE,-1.0,-0.1,-1.0,-0.1
3,NONE,-1.0,-0.1,-1.0,-0.1
3,NONE,-1.0,-0.1,-1.0,-0.1
3,NONE,-1.0,-0.1,-1.0,-0.1
3,NONE,-1.0,-0.1,-1.0,-0.1
3,NONE,-1.0,-0.1,-1.0,-0.1
3,NONE,-1.0,-0.1,-1.0,-0.1
3,NONE,-1.0,-0.1,-1.0,-0.1
3,NONE,-1.0,-0.1,-1.0,-0.1
3,NONE,-1.0,-0.1,-1.0,-0.1
3,NONE,-1.0,-0.1,-1.0,-0.1
3,NONE,-1.0,-0.1,-1.0,-0.1
3,NONE,-1.0,-0.1,-1.0,-0.1
3,NONE,-1.0,-0.1,-1.0,-0.1
3,NONE,-1.0,-0.1,-1.0,-0.1
3,NONE,-1.0,-0.1,-1.0,-0.1
3,NONE,-1.0,-0.1,-1.0,-0.1
3,NONE,-1.0,-0.1,-1.0,-0.1
3,NONE,-1.0,-0.1,-1.0,-0.1
3,NONE,-1.0,-0.1,-1.0,-0.1
3,NONE,-1.0,-0.1,-1.0,-0.1
3,NONE,-1.0,-0.1,-1.0,-0.1
3,NONE,-1.0,-0.1,-1.0,-0.1
3,NONE,-1.0,-0.1,-1.0,-0.1
3,NONE,-1.0,-0.1,-1.0,-0.1
3,NONE,-1.0,-0.1,-1.0,-0.1
3,NONE,-1.0,-0.1,-1.0,-0.1
3,NONE,-1.0,-0.1,-1.0,-0.1
3,NONE,-1.0,-0.1,-1.0,-0.1
3,NONE,-1.0,-0.1,-1.0,-0.1
2,EV_B07_C030_Mototaxi_Electrica,-1.0,-0.1,7.0,64.37463636221065
1,EV_B07_C030_Mototaxi_Electrica,7.0,79.98242319431888,-1.0,64.37463636221065
1,EV_B07_C030_Mototaxi_Electrica,6.0,79.98242319431888,-1.0,64.37463636221065
1,EV_B07_C030_Mototaxi_Electrica,5.0,79.98242319431888,-1.0,64.37463636221065
1,EV_B07_C030_Mototaxi_Electrica,4.0,79.98242319431888,-1.0,64.37463636221065
1,EV_B07_C030_Mototaxi_Electrica,3.0,79.98242319431888,-1.0,64.37463636221065
1,EV_B07_C030_Mototaxi_Electrica,2.0,79.98242319431888,-1.0,64.37463636221065
1,EV_B07_C030_Mototaxi_Electrica,1.0,79.98242319431888,-1.0,64.37463636221065
1,EV_B07_C030_Mototaxi_Electrica,0.0,79.98242319431888,-1.0,64.37463636221065
3,NONE,-1.0,-0.1,-1.0,-0.1
3,NONE,-1.0,-0.1,-1.0,-0.1
3,NONE,-1.0,-0.1,-1.0,-0.1
3,NONE,-1.0,-0.1,-1.0,-0.1
3,NONE,-1.0,-0.1,-1.0,-0.1
3,NONE,-1.0,-0.1,-1.0,-0.1
3,NONE,-1.0,-0.1,-1.0,-0.1
3,NONE,-1.0,-0.1,-1.0,-0.1
3,NONE,-1.0,-0.1,-1.0,-0.1
3,NONE,-1.0,-0.1,-1.0,-0.1
3,NONE,-1.0,-0.1,-1.0,-0.1
3,NONE,-1.0,-0.1,-1.0,-0.1
3,NONE,-1.0,-0.1,-1.0,-0.1
3,NONE,-1.0,-0.1,-1.0,-0.1
3,NONE,-1.0,-0.1,-1.0,-0.1
3,NONE,-1.0,-0.1,-1.0,-0.1
2,EV_B07_C030_Mototaxi_Electrica,-1.0,-0.1,8.0,54.92851474356044
1,EV_B07_C030_Mototaxi_Electrica,6.0,83.02968605545891,-1.0,54.92851474356044
1,EV_B07_C030_Mototaxi_Electrica,5.0,83.02968605545891,-1.0,54.92851474356044
1,EV_B07_C030_Mototaxi_Electrica,4.0,83.02968605545891,-1.0,54.92851474356044
1,EV_B07_C030_Mototaxi_Electrica,3.0,83.02968605545891,-1.0,54.92851474356044
1,EV_B07_C030_Mototaxi_Electrica,2.0,83.02968605545891,-1.0,54.92851474356044
1,EV_B07_C030_Mototaxi_Electrica,1.0,83.02968605545891,-1.0,54.92851474356044
1,EV_B07_C030_Mototaxi_Electrica,0.0,83.02968605545891,-1.0,54.92851474356044
3,NONE,-1.0,-0.1,-1.0,-0.1
3,NONE,-1.0,-0.1,-1.0,-0.1
3,NONE,-1.0,-0.1,-1.0,-0.1
3,NONE,-1.0,-0.1,-1.0,-0.1
3,NONE,-1.0,-0.1,-1.0,-0.1
3,NONE,-1.0,-0.1,-1.0,-0.1
3,NONE,-1.0,-0.1,-1.0,-0.1
3,NONE,-1.0,-0.1,-1.0,-0.1
3,NONE,-1.0,-0.1,-1.0,-0.1
3,NONE,-1.0,-0.1,-1.0,-0.1
3,NONE,-1.0,-0.1,-1.0,-0.1
3,NONE,-1.0,-0.1,-1.0,-0.1
3,NONE,-1.0,-0.1,-1.0,-0.1
3,NONE,-1.0,-0.1,-1.0,-0.1
3,NONE,-1.0,-0.1,-1.0,-0.1
3,NONE,-1.0,-0.1,-1.0,-0.1
3,NONE,-1.0,-0.1,-1.0,-0.1
3,NONE,-1.0,-0.1,-1.0,-0.1
3,NONE,-1.0,-0.1,-1.0,-0.1
3,NONE,-1.0,-0.1,-1.0,-0.1
3,NONE,-1.0,-0.1,-1.0,-0.1
3,NONE,-1.0,-0.1,-1.0,-0.1
3,NONE,-1.0,-0.1,-1.0,-0.1
3,NONE,-1.0,-0.1,-1.0,-0.1
3,NONE,-1.0,-0.1,-1.0,-0.1
3,NONE,-1.0,-0.1,-1.0,-0.1
3,NONE,-1.0,-0.1,-1.0,-0.1
3,NONE,-1.0,-0.1,-1.0,-0.1
3,NONE,-1.0,-0.1,-1.0,-0.1
3,NONE,-1.0,-0.1,-1.0,-0.1
3,NONE,-1.0,-0.1,-1.0,-0.1
3,NONE,-1.0,-0.1,-1.0,-0.1
3,NONE,-1.0,-0.1,-1.0,-0.1
3,NONE,-1.0,-0.1,-1.0,-0.1
3,NONE,-1.0,-0.1,-1.0,-0.1
3,NONE,-1.0,-0.1,-1.0,-0.1
3,NONE,-1.0,-0.1,-1.0,-0.1
3,NONE,-1.0,-0.1,-1.0,-0.1
3,NONE,-1.0,-0.1,-1.0,-0.1
3,NONE,-1.0,-0.1,-1.0,-0.1
3,NONE,-1.0,-0.1,-1.0,-0.1
3,NONE,-1.0,-0.1,-1.0,-0.1
3,NONE,-1.0,-0.1,-1.0,-0.1
3,NONE,-1.0,-0.1,-1.0,-0.1
3,NONE,-1.0,-0.1,-1.0,-0.1
3,NONE,-1.0,-0.1,-1.0,-0.1
3,NONE,-1.0,-0.1,-1.0,-0.1
3,NONE,-1.0,-0.1,-1.0,-0.1
3,NONE,-1.0,-0.1,-1.0,-0.1
3,NONE,-1.0,-0.1,-1.0,-0.1
3,NONE,-1.0,-0.1,-1.0,-0.1
3,NONE,-1.0,-0.1,-1.0,-0.1
3,NONE,-1.0,-0.1,-1.0,-0.1
3,NONE,-1.0,-0.1,-1.0,-0.1
3,NONE,-1.0,-0.1,-1.0,-0.1
3,NONE,-1.0,-0.1,-1.0,-0.1
3,NONE,-1.0,-0.1,-1.0,-0.1
3,NONE,-1.0,-0.1,-1.0,-0.1
3,NONE,-1.0,-0.1,-1.0,-0.1
3,NONE,-1.0,-0.1,-1.0,-0.1
3,NONE,-1.0,-0.1,-1.0,-0.1
3,NONE,-1.0,-0.1,-1.0,-0.1
3,NONE,-1.0,-0.1,-1.0,-0.1
3,NONE,-1.0,-0.1,-1.0,-0.1
3,NONE,-1.0,-0.1,-1.0,-0.1
3,NONE,-1.0,-0.1,-1.0,-0.1
3,NONE,-1.0,-0.1,-1.0,-0.1
3,NONE,-1.0,-0.1,-1.0,-0.1
3,NONE,-1.0,-0.1,-1.0,-0.1
3,NONE,-1.0,-0.1,-1.0,-0.1
3,NONE,-1.0,-0.1,-1.0,-0.1
3,NONE,-1.0,-0.1,-1.0,-0.1
3,NONE,-1.0,-0.1,-1.0,-0.1
3,NONE,-1.0,-0.1,-1.0,-0.1
3,NONE,-1.0,-0.1,-1.0,-0.1
3,NONE,-1.0,-0.1,-1.0,-0.1
3,NONE,-1.0,-0.1,-1.0,-0.1
3,NONE,-1.0,-0.1,-1.0,-0.1
3,NONE,-1.0,-0.1,-1.0,-0.1
3,NONE,-1.0,-0.1,-1.0,-0.1
3,NONE,-1.0,-0.1,-1.0,-0.1
3,NONE,-1.0,-0.1,-1.0,-0.1
3,NONE,-1.0,-0.1,-1.0,-0.1
3,NONE,-1.0,-0.1,-1.0,-0.1
3,NONE,-1.0,-0.1,-1.0,-0.1
3,NONE,-1.0,-0.1,-1.0,-0.1
3,NONE,-1.0,-0.1,-1.0,-0.1
3,NONE,-1.0,-0.1,-1.0,-0.1
3,NONE,-1.0,-0.1,-1.0,-0.1
2,EV_B07_C030_Mototaxi_Electrica,-1.0,-0.1,9.0,48.95127699009551
1,EV_B07_C030_Mototaxi_Electrica,5.0,78.8067815935938,-1.0,48.95127699009551
1,EV_B07_C030_Mototaxi_Electrica,4.0,78.8067815935938,-1.0,48.95127699009551
1,EV_B07_C030_Mototaxi_Electrica,3.0,78.8067815935938,-1.0,48.95127699009551
1,EV_B07_C030_Mototaxi_Electrica,2.0,78.8067815935938,-1.0,48.95127699009551
1,EV_B07_C030_Mototaxi_Electrica,1.0,78.8067815935938,-1.0,48.95127699009551
1,EV_B07_C030_Mototaxi_Electrica,0.0,78.8067815935938,-1.0,48.95127699009551
3,NONE,-1.0,-0.1,-1.0,-0.1
3,NONE,-1.0,-0.1,-1.0,-0.1
3,NONE,-1.0,-0.1,-1.0,-0.1
3,NONE,-1.0,-0.1,-1.0,-0.1
3,NONE,-1.0,-0.1,-1.0,-0.1
3,NONE,-1.0,-0.1,-1.0,-0.1
3,NONE,-1.0,-0.1,-1.0,-0.1
3,NONE,-1.0,-0.1,-1.0,-0.1
3,NONE,-1.0,-0.1,-1.0,-0.1
3,NONE,-1.0,-0.1,-1.0,-0.1
3,NONE,-1.0,-0.1,-1.0,-0.1
3,NONE,-1.0,-0.1,-1.0,-0.1
3,NONE,-1.0,-0.1,-1.0,-0.1
3,NONE,-1.0,-0.1,-1.0,-0.1
3,NONE,-1.0,-0.1,-1.0,-0.1
3,NONE,-1.0,-0.1,-1.0,-0.1
3,NONE,-1.0,-0.1,-1.0,-0.1
3,NONE,-1.0,-0.1,-1.0,-0.1
3,NONE,-1.0,-0.1,-1.0,-0.1
3,NONE,-1.0,-0.1,-1.0,-0.1
3,NONE,-1.0,-0.1,-1.0,-0.1
3,NONE,-1.0,-0.1,-1.0,-0.1
3,NONE,-1.0,-0.1,-1.0,-0.1
3,NONE,-1.0,-0.1,-1.0,-0.1
3,NONE,-1.0,-0.1,-1.0,-0.1
3,NONE,-1.0,-0.1,-1.0,-0.1
3,NONE,-1.0,-0.1,-1.0,-0.1
3,NONE,-1.0,-0.1,-1.0,-0.1
3,NONE,-1.0,-0.1,-1.0,-0.1
3,NONE,-1.0,-0.1,-1.0,-0.1
3,NONE,-1.0,-0.1,-1.0,-0.1
3,NONE,-1.0,-0.1,-1.0,-0.1
3,NONE,-1.0,-0.1,-1.0,-0.1
3,NONE,-1.0,-0.1,-1.0,-0.1
3,NONE,-1.0,-0.1,-1.0,-0.1
3,NONE,-1.0,-0.1,-1.0,-0.1
3,NONE,-1.0,-0.1,-1.0,-0.1
3,NONE,-1.0,-0.1,-1.0,-0.1
3,NONE,-1.0,-0.1,-1.0,-0.1
2,EV_B07_C030_Mototaxi_Electrica,-1.0,-0.1,7.0,47.17710956721116
1,EV_B07_C030_Mototaxi_Electrica,7.0,76.33629413295577,-1.0,47.17710956721116
1,EV_B07_C030_Mototaxi_Electrica,6.0,76.33629413295577,-1.0,47.17710956721116
1,EV_B07_C030_Mototaxi_Electrica,5.0,76.33629413295577,-1.0,47.17710956721116
1,EV_B07_C030_Mototaxi_Electrica,4.0,76.33629413295577,-1.0,47.17710956721116
1,EV_B07_C030_Mototaxi_Electrica,3.0,76.33629413295577,-1.0,47.17710956721116
1,EV_B07_C030_Mototaxi_Electrica,2.0,76.33629413295577,-1.0,47.17710956721116
1,EV_B07_C030_Mototaxi_Electrica,1.0,76.33629413295577,-1.0,47.17710956721116
1,EV_B07_C030_Mototaxi_Electrica,0.0,76.33629413295577,-1.0,47.17710956721116
3,NONE,-1.0,-0.1,-1.0,-0.1
3,NONE,-1.0,-0.1,-1.0,-0.1
3,NONE,-1.0,-0.1,-1.0,-0.1
3,NONE,-1.0,-0.1,-1.0,-0.1
3,NONE,-1.0,-0.1,-1.0,-0.1
3,NONE,-1.0,-0.1,-1.0,-0.1
3,NONE,-1.0,-0.1,-1.0,-0.1
3,NONE,-1.0,-0.1,-1.0,-0.1
3,NONE,-1.0,-0.1,-1.0,-0.1
3,NONE,-1.0,-0.1,-1.0,-0.1
3,NONE,-1.0,-0.1,-1.0,-0.1
3,NONE,-1.0,-0.1,-1.0,-0.1
3,NONE,-1.0,-0.1,-1.0,-0.1
3,NONE,-1.0,-0.1,-1.0,-0.1
3,NONE,-1.0,-0.1,-1.0,-0.1
2,EV_B07_C030_Mototaxi_Electrica,-1.0,-0.1,7.0,25.283253257155394
1,EV_B07_C030_Mototaxi_Electrica,6.0,69.22324620541403,-1.0,25.283253257155394
1,EV_B07_C030_Mototaxi_Electrica,5.0,69.22324620541403,-1.0,25.283253257155394
1,EV_B07_C030_Mototaxi_Electrica,4.0,69.22324620541403,-1.0,25.283253257155394
1,EV_B07_C030_Mototaxi_Electrica,3.0,69.22324620541403,-1.0,25.283253257155394
1,EV_B07_C030_Mototaxi_Electrica,2.0,69.22324620541403,-1.0,25.283253257155394
1,EV_B07_C030_Mototaxi_Electrica,1.0,69.22324620541403,-1.0,25.283253257155394
1,EV_B07_C030_Mototaxi_Electrica,0.0,69.22324620541403,-1.0,25.283253257155394
3,NONE,-1.0,-0.1,-1.0,-0.1
3,NONE,-1.0,-0.1,-1.0,-0.1
3,NONE,-1.0,-0.1,-1.0,-0.1
3,NONE,-1.0,-0.1,-1.0,-0.1
3,NONE,-1.0,-0.1,-1.0,-0.1
3,NONE,-1.0,-0.1,-1.0,-0.1
3,NONE,-1.0,-0.1,-1.0,-0.1
3,NONE,-1.0,-0.1,-1.0,-0.1
3,NONE,-1.0,-0.1,-1.0,-0.1
3,NONE,-1.0,-0.1,-1.0,-0.1
3,NONE,-1.0,-0.1,-1.0,-0.1
3,NONE,-1.0,-0.1,-1.0,-0.1
3,NONE,-1.0,-0.1,-1.0,-0.1
3,NONE,-1.0,-0.1,-1.0,-0.1
3,NONE,-1.0,-0.1,-1.0,-0.1
3,NONE,-1.0,-0.1,-1.0,-0.1
3,NONE,-1.0,-0.1,-1.0,-0.1
3,NONE,-1.0,-0.1,-1.0,-0.1
3,NONE,-1.0,-0.1,-1.0,-0.1
3,NONE,-1.0,-0.1,-1.0,-0.1
3,NONE,-1.0,-0.1,-1.0,-0.1
3,NONE,-1.0,-0.1,-1.0,-0.1
3,NONE,-1.0,-0.1,-1.0,-0.1
3,NONE,-1.0,-0.1,-1.0,-0.1
3,NONE,-1.0,-0.1,-1.0,-0.1
3,NONE,-1.0,-0.1,-1.0,-0.1
3,NONE,-1.0,-0.1,-1.0,-0.1
3,NONE,-1.0,-0.1,-1.0,-0.1
3,NONE,-1.0,-0.1,-1.0,-0.1
3,NONE,-1.0,-0.1,-1.0,-0.1
3,NONE,-1.0,-0.1,-1.0,-0.1
3,NONE,-1.0,-0.1,-1.0,-0.1
3,NONE,-1.0,-0.1,-1.0,-0.1
3,NONE,-1.0,-0.1,-1.0,-0.1
3,NONE,-1.0,-0.1,-1.0,-0.1
3,NONE,-1.0,-0.1,-1.0,-0.1
3,NONE,-1.0,-0.1,-1.0,-0.1
3,NONE,-1.0,-0.1,-1.0,-0.1
3,NONE,-1.0,-0.1,-1.0,-0.1
3,NONE,-1.0,-0.1,-1.0,-0.1
3,NONE,-1.0,-0.1,-1.0,-0.1
3,NONE,-1.0,-0.1,-1.0,-0.1
3,NONE,-1.0,-0.1,-1.0,-0.1
3,NONE,-1.0,-0.1,-1.0,-0.1
3,NONE,-1.0,-0.1,-1.0,-0.1
3,NONE,-1.0,-0.1,-1.0,-0.1
3,NONE,-1.0,-0.1,-1.0,-0.1
3,NONE,-1.0,-0.1,-1.0,-0.1
3,NONE,-1.0,-0.1,-1.0,-0.1
3,NONE,-1.0,-0.1,-1.0,-0.1
3,NONE,-1.0,-0.1,-1.0,-0.1
3,NONE,-1.0,-0.1,-1.0,-0.1
3,NONE,-1.0,-0.1,-1.0,-0.1
3,NONE,-1.0,-0.1,-1.0,-0.1
3,NONE,-1.0,-0.1,-1.0,-0.1
3,NONE,-1.0,-0.1,-1.0,-0.1
3,NONE,-1.0,-0.1,-1.0,-0.1
3,NONE,-1.0,-0.1,-1.0,-0.1
3,NONE,-1.0,-0.1,-1.0,-0.1
3,NONE,-1.0,-0.1,-1.0,-0.1
3,NONE,-1.0,-0.1,-1.0,-0.1
3,NONE,-1.0,-0.1,-1.0,-0.1
3,NONE,-1.0,-0.1,-1.0,-0.1
3,NONE,-1.0,-0.1,-1.0,-0.1
3,NONE,-1.0,-0.1,-1.0,-0.1
3,NONE,-1.0,-0.1,-1.0,-0.1
2,EV_B07_C030_Mototaxi_Electrica,-1.0,-0.1,9.0,19.08029871410609
1,EV_B07_C030_Mototaxi_Electrica,5.0,81.43808908209981,-1.0,19.08029871410609
1,EV_B07_C030_Mototaxi_Electrica,4.0,81.43808908209981,-1.0,19.08029871410609
1,EV_B07_C030_Mototaxi_Electrica,3.0,81.43808908209981,-1.0,19.08029871410609
1,EV_B07_C030_Mototaxi_Electrica,2.0,81.43808908209981,-1.0,19.08029871410609
1,EV_B07_C030_Mototaxi_Electrica,1.0,81.43808908209981,-1.0,19.08029871410609
1,EV_B07_C030_Mototaxi_Electrica,0.0,81.43808908209981,-1.0,19.08029871410609
3,NONE,-1.0,-0.1,-1.0,-0.1
3,NONE,-1.0,-0.1,-1.0,-0.1
3,NONE,-1.0,-0.1,-1.0,-0.1
3,NONE,-1.0,-0.1,-1.0,-0.1
3,NONE,-1.0,-0.1,-1.0,-0.1
3,NONE,-1.0,-0.1,-1.0,-0.1
3,NONE,-1.0,-0.1,-1.0,-0.1
3,NONE,-1.0,-0.1,-1.0,-0.1
3,NONE,-1.0,-0.1,-1.0,-0.1
3,NONE,-1.0,-0.1,-1.0,-0.1
3,NONE,-1.0,-0.1,-1.0,-0.1
3,NONE,-1.0,-0.1,-1.0,-0.1
3,NONE,-1.0,-0.1,-1.0,-0.1
3,NONE,-1.0,-0.1,-1.0,-0.1
3,NONE,-1.0,-0.1,-1.0,-0.1
3,NONE,-1.0,-0.1,-1.0,-0.1
2,EV_B07_C030_Mototaxi_Electrica,-1.0,-0.1,8.0,23.925141857186706
1,EV_B07_C030_Mototaxi_Electrica,6.0,80.48239318481423,-1.0,23.925141857186706
1,EV_B07_C030_Mototaxi_Electrica,5.0,80.48239318481423,-1.0,23.925141857186706
1,EV_B07_C030_Mototaxi_Electrica,4.0,80.48239318481423,-1.0,23.925141857186706
1,EV_B07_C030_Mototaxi_Electrica,3.0,80.48239318481423,-1.0,23.925141857186706
1,EV_B07_C030_Mototaxi_Electrica,2.0,80.48239318481423,-1.0,23.925141857186706
1,EV_B07_C030_Mototaxi_Electrica,1.0,80.48239318481423,-1.0,23.925141857186706
1,EV_B07_C030_Mototaxi_Electrica,0.0,80.48239318481423,-1.0,23.925141857186706
3,NONE,-1.0,-0.1,-1.0,-0.1
3,NONE,-1.0,-0.1,-1.0,-0.1
3,NONE,-1.0,-0.1,-1.0,-0.1
3,NONE,-1.0,-0.1,-1.0,-0.1
3,NONE,-1.0,-0.1,-1.0,-0.1
3,NONE,-1.0,-0.1,-1.0,-0.1
3,NONE,-1.0,-0.1,-1.0,-0.1
3,NONE,-1.0,-0.1,-1.0,-0.1
3,NONE,-1.0,-0.1,-1.0,-0.1
3,NONE,-1.0,-0.1,-1.0,-0.1
3,NONE,-1.0,-0.1,-1.0,-0.1
3,NONE,-1.0,-0.1,-1.0,-0.1
3,NONE,-1.0,-0.1,-1.0,-0.1
3,NONE,-1.0,-0.1,-1.0,-0.1
3,NONE,-1.0,-0.1,-1.0,-0.1
3,NONE,-1.0,-0.1,-1.0,-0.1
3,NONE,-1.0,-0.1,-1.0,-0.1
3,NONE,-1.0,-0.1,-1.0,-0.1
3,NONE,-1.0,-0.1,-1.0,-0.1
3,NONE,-1.0,-0.1,-1.0,-0.1
3,NONE,-1.0,-0.1,-1.0,-0.1
3,NONE,-1.0,-0.1,-1.0,-0.1
3,NONE,-1.0,-0.1,-1.0,-0.1
3,NONE,-1.0,-0.1,-1.0,-0.1
3,NONE,-1.0,-0.1,-1.0,-0.1
3,NONE,-1.0,-0.1,-1.0,-0.1
3,NONE,-1.0,-0.1,-1.0,-0.1
3,NONE,-1.0,-0.1,-1.0,-0.1
3,NONE,-1.0,-0.1,-1.0,-0.1
3,NONE,-1.0,-0.1,-1.0,-0.1
3,NONE,-1.0,-0.1,-1.0,-0.1
3,NONE,-1.0,-0.1,-1.0,-0.1
3,NONE,-1.0,-0.1,-1.0,-0.1
3,NONE,-1.0,-0.1,-1.0,-0.1
3,NONE,-1.0,-0.1,-1.0,-0.1
3,NONE,-1.0,-0.1,-1.0,-0.1
3,NONE,-1.0,-0.1,-1.0,-0.1
3,NONE,-1.0,-0.1,-1.0,-0.1
3,NONE,-1.0,-0.1,-1.0,-0.1
2,EV_B07_C030_Mototaxi_Electrica,-1.0,-0.1,7.0,18.150483543206654
1,EV_B07_C030_Mototaxi_Electrica,7.0,83.68267818785729,-1.0,18.150483543206654
1,EV_B07_C030_Mototaxi_Electrica,6.0,83.68267818785729,-1.0,18.150483543206654
1,EV_B07_C030_Mototaxi_Electrica,5.0,83.68267818785729,-1.0,18.150483543206654
1,EV_B07_C030_Mototaxi_Electrica,4.0,83.68267818785729,-1.0,18.150483543206654
1,EV_B07_C030_Mototaxi_Electrica,3.0,83.68267818785729,-1.0,18.150483543206654
1,EV_B07_C030_Mototaxi_Electrica,2.0,83.68267818785729,-1.0,18.150483543206654
1,EV_B07_C030_Mototaxi_Electrica,1.0,83.68267818785729,-1.0,18.150483543206654
1,EV_B07_C030_Mototaxi_Electrica,0.0,83.68267818785729,-1.0,18.150483543206654
3,NONE,-1.0,-0.1,-1.0,-0.1
3,NONE,-1.0,-0.1,-1.0,-0.1
3,NONE,-1.0,-0.1,-1.0,-0.1
3,NONE,-1.0,-0.1,-1.0,-0.1
3,NONE,-1.0,-0.1,-1.0,-0.1
3,NONE,-1.0,-0.1,-1.0,-0.1
3,NONE,-1.0,-0.1,-1.0,-0.1
3,NONE,-1.0,-0.1,-1.0,-0.1
3,NONE,-1.0,-0.1,-1.0,-0.1
3,NONE,-1.0,-0.1,-1.0,-0.1
3,NONE,-1.0,-0.1,-1.0,-0.1
3,NONE,-1.0,-0.1,-1.0,-0.1
3,NONE,-1.0,-0.1,-1.0,-0.1
3,NONE,-1.0,-0.1,-1.0,-0.1
3,NONE,-1.0,-0.1,-1.0,-0.1
2,EV_B07_C030_Mototaxi_Electrica,-1.0,-0.1,7.0,30.086232503616788
1,EV_B07_C030_Mototaxi_Electrica,7.0,79.59167472255625,-1.0,30.086232503616788
1,EV_B07_C030_Mototaxi_Electrica,6.0,79.59167472255625,-1.0,30.086232503616788
1,EV_B07_C030_Mototaxi_Electrica,5.0,79.59167472255625,-1.0,30.086232503616788
1,EV_B07_C030_Mototaxi_Electrica,4.0,79.59167472255625,-1.0,30.086232503616788
1,EV_B07_C030_Mototaxi_Electrica,3.0,79.59167472255625,-1.0,30.086232503616788
1,EV_B07_C030_Mototaxi_Electrica,2.0,79.59167472255625,-1.0,30.086232503616788
1,EV_B07_C030_Mototaxi_Electrica,1.0,79.59167472255625,-1.0,30.086232503616788
1,EV_B07_C030_Mototaxi_Electrica,0.0,79.59167472255625,-1.0,30.086232503616788
3,NONE,-1.0,-0.1,-1.0,-0.1
3,NONE,-1.0,-0.1,-1.0,-0.1
3,NONE,-1.0,-0.1,-1.0,-0.1
3,NONE,-1.0,-0.1,-1.0,-0.1
3,NONE,-1.0,-0.1,-1.0,-0.1
3,NONE,-1.0,-0.1,-1.0,-0.1
3,NONE,-1.0,-0.1,-1.0,-0.1
3,NONE,-1.0,-0.1,-1.0,-0.1
3,NONE,-1.0,-0.1,-1.0,-0.1
3,NONE,-1.0,-0.1,-1.0,-0.1
3,NONE,-1.0,-0.1,-1.0,-0.1
3,NONE,-1.0,-0.1,-1.0,-0.1
3,NONE,-1.0,-0.1,-1.0,-0.1
3,NONE,-1.0,-0.1,-1.0,-0.1
3,NONE,-1.0,-0.1,-1.0,-0.1
3,NONE,-1.0,-0.1,-1.0,-0.1
3,NONE,-1.0,-0.1,-1.0,-0.1
3,NONE,-1.0,-0.1,-1.0,-0.1
3,NONE,-1.0,-0.1,-1.0,-0.1
3,NONE,-1.0,-0.1,-1.0,-0.1
3,NONE,-1.0,-0.1,-1.0,-0.1
3,NONE,-1.0,-0.1,-1.0,-0.1
3,NONE,-1.0,-0.1,-1.0,-0.1
3,NONE,-1.0,-0.1,-1.0,-0.1
3,NONE,-1.0,-0.1,-1.0,-0.1
3,NONE,-1.0,-0.1,-1.0,-0.1
3,NONE,-1.0,-0.1,-1.0,-0.1
3,NONE,-1.0,-0.1,-1.0,-0.1
3,NONE,-1.0,-0.1,-1.0,-0.1
3,NONE,-1.0,-0.1,-1.0,-0.1
3,NONE,-1.0,-0.1,-1.0,-0.1
3,NONE,-1.0,-0.1,-1.0,-0.1
3,NONE,-1.0,-0.1,-1.0,-0.1
3,NONE,-1.0,-0.1,-1.0,-0.1
3,NONE,-1.0,-0.1,-1.0,-0.1
3,NONE,-1.0,-0.1,-1.0,-0.1
3,NONE,-1.0,-0.1,-1.0,-0.1
3,NONE,-1.0,-0.1,-1.0,-0.1
3,NONE,-1.0,-0.1,-1.0,-0.1
3,NONE,-1.0,-0.1,-1.0,-0.1
3,NONE,-1.0,-0.1,-1.0,-0.1
3,NONE,-1.0,-0.1,-1.0,-0.1
3,NONE,-1.0,-0.1,-1.0,-0.1
3,NONE,-1.0,-0.1,-1.0,-0.1
3,NONE,-1.0,-0.1,-1.0,-0.1
3,NONE,-1.0,-0.1,-1.0,-0.1
3,NONE,-1.0,-0.1,-1.0,-0.1
3,NONE,-1.0,-0.1,-1.0,-0.1
3,NONE,-1.0,-0.1,-1.0,-0.1
3,NONE,-1.0,-0.1,-1.0,-0.1
3,NONE,-1.0,-0.1,-1.0,-0.1
3,NONE,-1.0,-0.1,-1.0,-0.1
3,NONE,-1.0,-0.1,-1.0,-0.1
3,NONE,-1.0,-0.1,-1.0,-0.1
3,NONE,-1.0,-0.1,-1.0,-0.1
3,NONE,-1.0,-0.1,-1.0,-0.1
3,NONE,-1.0,-0.1,-1.0,-0.1
3,NONE,-1.0,-0.1,-1.0,-0.1
3,NONE,-1.0,-0.1,-1.0,-0.1
3,NONE,-1.0,-0.1,-1.0,-0.1
3,NONE,-1.0,-0.1,-1.0,-0.1
3,NONE,-1.0,-0.1,-1.0,-0.1
3,NONE,-1.0,-0.1,-1.0,-0.1
3,NONE,-1.0,-0.1,-1.0,-0.1
3,NONE,-1.0,-0.1,-1.0,-0.1
3,NONE,-1.0,-0.1,-1.0,-0.1
3,NONE,-1.0,-0.1,-1.0,-0.1
3,NONE,-1.0,-0.1,-1.0,-0.1
3,NONE,-1.0,-0.1,-1.0,-0.1
3,NONE,-1.0,-0.1,-1.0,-0.1
3,NONE,-1.0,-0.1,-1.0,-0.1
3,NONE,-1.0,-0.1,-1.0,-0.1
3,NONE,-1.0,-0.1,-1.0,-0.1
3,NONE,-1.0,-0.1,-1.0,-0.1
3,NONE,-1.0,-0.1,-1.0,-0.1
3,NONE,-1.0,-0.1,-1.0,-0.1
3,NONE,-1.0,-0.1,-1.0,-0.1
3,NONE,-1.0,-0.1,-1.0,-0.1
3,NONE,-1.0,-0.1,-1.0,-0.1
3,NONE,-1.0,-0.1,-1.0,-0.1
3,NONE,-1.0,-0.1,-1.0,-0.1
3,NONE,-1.0,-0.1,-1.0,-0.1
3,NONE,-1.0,-0.1,-1.0,-0.1
3,NONE,-1.0,-0.1,-1.0,-0.1
3,NONE,-1.0,-0.1,-1.0,-0.1
3,NONE,-1.0,-0.1,-1.0,-0.1
3,NONE,-1.0,-0.1,-1.0,-0.1
3,NONE,-1.0,-0.1,-1.0,-0.1
2,EV_B07_C030_Mototaxi_Electrica,-1.0,-0.1,8.0,27.773832911087986
1,EV_B07_C030_Mototaxi_Electrica,6.0,90.38537401004035,-1.0,27.773832911087986
1,EV_B07_C030_Mototaxi_Electrica,5.0,90.38537401004035,-1.0,27.773832911087986
1,EV_B07_C030_Mototaxi_Electrica,4.0,90.38537401004035,-1.0,27.773832911087986
1,EV_B07_C030_Mototaxi_Electrica,3.0,90.38537401004035,-1.0,27.773832911087986
1,EV_B07_C030_Mototaxi_Electrica,2.0,90.38537401004035,-1.0,27.773832911087986
1,EV_B07_C030_Mototaxi_Electrica,1.0,90.38537401004035,-1.0,27.773832911087986
1,EV_B07_C030_Mototaxi_Electrica,0.0,90.38537401004035,-1.0,27.773832911087986
3,NONE,-1.0,-0.1,-1.0,-0.1
3,NONE,-1.0,-0.1,-1.0,-0.1
3,NONE,-1.0,-0.1,-1.0,-0.1
3,NONE,-1.0,-0.1,-1.0,-0.1
3,NONE,-1.0,-0.1,-1.0,-0.1
3,NONE,-1.0,-0.1,-1.0,-0.1
3,NONE,-1.0,-0.1,-1.0,-0.1
3,NONE,-1.0,-0.1,-1.0,-0.1
3,NONE,-1.0,-0.1,-1.0,-0.1
3,NONE,-1.0,-0.1,-1.0,-0.1
3,NONE,-1.0,-0.1,-1.0,-0.1
3,NONE,-1.0,-0.1,-1.0,-0.1
3,NONE,-1.0,-0.1,-1.0,-0.1
3,NONE,-1.0,-0.1,-1.0,-0.1
3,NONE,-1.0,-0.1,-1.0,-0.1
2,EV_B07_C030_Mototaxi_Electrica,-1.0,-0.1,7.0,21.704290001868372
1,EV_B07_C030_Mototaxi_Electrica,6.0,80.53608383023222,-1.0,21.704290001868372
1,EV_B07_C030_Mototaxi_Electrica,5.0,80.53608383023222,-1.0,21.704290001868372
1,EV_B07_C030_Mototaxi_Electrica,4.0,80.53608383023222,-1.0,21.704290001868372
1,EV_B07_C030_Mototaxi_Electrica,3.0,80.53608383023222,-1.0,21.704290001868372
1,EV_B07_C030_Mototaxi_Electrica,2.0,80.53608383023222,-1.0,21.704290001868372
1,EV_B07_C030_Mototaxi_Electrica,1.0,80.53608383023222,-1.0,21.704290001868372
1,EV_B07_C030_Mototaxi_Electrica,0.0,80.53608383023222,-1.0,21.704290001868372
3,NONE,-1.0,-0.1,-1.0,-0.1
3,NONE,-1.0,-0.1,-1.0,-0.1
3,NONE,-1.0,-0.1,-1.0,-0.1
3,NONE,-1.0,-0.1,-1.0,-0.1
3,NONE,-1.0,-0.1,-1.0,-0.1
3,NONE,-1.0,-0.1,-1.0,-0.1
3,NONE,-1.0,-0.1,-1.0,-0.1
3,NONE,-1.0,-0.1,-1.0,-0.1
3,NONE,-1.0,-0.1,-1.0,-0.1
3,NONE,-1.0,-0.1,-1.0,-0.1
3,NONE,-1.0,-0.1,-1.0,-0.1
3,NONE,-1.0,-0.1,-1.0,-0.1
3,NONE,-1.0,-0.1,-1.0,-0.1
3,NONE,-1.0,-0.1,-1.0,-0.1
3,NONE,-1.0,-0.1,-1.0,-0.1
3,NONE,-1.0,-0.1,-1.0,-0.1
3,NONE,-1.0,-0.1,-1.0,-0.1
3,NONE,-1.0,-0.1,-1.0,-0.1
3,NONE,-1.0,-0.1,-1.0,-0.1
3,NONE,-1.0,-0.1,-1.0,-0.1
3,NONE,-1.0,-0.1,-1.0,-0.1
3,NONE,-1.0,-0.1,-1.0,-0.1
3,NONE,-1.0,-0.1,-1.0,-0.1
3,NONE,-1.0,-0.1,-1.0,-0.1
3,NONE,-1.0,-0.1,-1.0,-0.1
3,NONE,-1.0,-0.1,-1.0,-0.1
3,NONE,-1.0,-0.1,-1.0,-0.1
3,NONE,-1.0,-0.1,-1.0,-0.1
3,NONE,-1.0,-0.1,-1.0,-0.1
3,NONE,-1.0,-0.1,-1.0,-0.1
3,NONE,-1.0,-0.1,-1.0,-0.1
3,NONE,-1.0,-0.1,-1.0,-0.1
3,NONE,-1.0,-0.1,-1.0,-0.1
3,NONE,-1.0,-0.1,-1.0,-0.1
3,NONE,-1.0,-0.1,-1.0,-0.1
3,NONE,-1.0,-0.1,-1.0,-0.1
3,NONE,-1.0,-0.1,-1.0,-0.1
3,NONE,-1.0,-0.1,-1.0,-0.1
3,NONE,-1.0,-0.1,-1.0,-0.1
3,NONE,-1.0,-0.1,-1.0,-0.1
2,EV_B07_C030_Mototaxi_Electrica,-1.0,-0.1,7.0,39.93933901935781
1,EV_B07_C030_Mototaxi_Electrica,7.0,83.48191691217802,-1.0,39.93933901935781
1,EV_B07_C030_Mototaxi_Electrica,6.0,83.48191691217802,-1.0,39.93933901935781
1,EV_B07_C030_Mototaxi_Electrica,5.0,83.48191691217802,-1.0,39.93933901935781
1,EV_B07_C030_Mototaxi_Electrica,4.0,83.48191691217802,-1.0,39.93933901935781
1,EV_B07_C030_Mototaxi_Electrica,3.0,83.48191691217802,-1.0,39.93933901935781
1,EV_B07_C030_Mototaxi_Electrica,2.0,83.48191691217802,-1.0,39.93933901935781
1,EV_B07_C030_Mototaxi_Electrica,1.0,83.48191691217802,-1.0,39.93933901935781
1,EV_B07_C030_Mototaxi_Electrica,0.0,83.48191691217802,-1.0,39.93933901935781
3,NONE,-1.0,-0.1,-1.0,-0.1
3,NONE,-1.0,-0.1,-1.0,-0.1
3,NONE,-1.0,-0.1,-1.0,-0.1
3,NONE,-1.0,-0.1,-1.0,-0.1
3,NONE,-1.0,-0.1,-1.0,-0.1
3,NONE,-1.0,-0.1,-1.0,-0.1
3,NONE,-1.0,-0.1,-1.0,-0.1
3,NONE,-1.0,-0.1,-1.0,-0.1
3,NONE,-1.0,-0.1,-1.0,-0.1
3,NONE,-1.0,-0.1,-1.0,-0.1
3,NONE,-1.0,-0.1,-1.0,-0.1
3,NONE,-1.0,-0.1,-1.0,-0.1
3,NONE,-1.0,-0.1,-1.0,-0.1
3,NONE,-1.0,-0.1,-1.0,-0.1
3,NONE,-1.0,-0.1,-1.0,-0.1
3,NONE,-1.0,-0.1,-1.0,-0.1
3,NONE,-1.0,-0.1,-1.0,-0.1
3,NONE,-1.0,-0.1,-1.0,-0.1
3,NONE,-1.0,-0.1,-1.0,-0.1
3,NONE,-1.0,-0.1,-1.0,-0.1
3,NONE,-1.0,-0.1,-1.0,-0.1
3,NONE,-1.0,-0.1,-1.0,-0.1
3,NONE,-1.0,-0.1,-1.0,-0.1
3,NONE,-1.0,-0.1,-1.0,-0.1
3,NONE,-1.0,-0.1,-1.0,-0.1
3,NONE,-1.0,-0.1,-1.0,-0.1
3,NONE,-1.0,-0.1,-1.0,-0.1
3,NONE,-1.0,-0.1,-1.0,-0.1
3,NONE,-1.0,-0.1,-1.0,-0.1
3,NONE,-1.0,-0.1,-1.0,-0.1
3,NONE,-1.0,-0.1,-1.0,-0.1
3,NONE,-1.0,-0.1,-1.0,-0.1
3,NONE,-1.0,-0.1,-1.0,-0.1
3,NONE,-1.0,-0.1,-1.0,-0.1
3,NONE,-1.0,-0.1,-1.0,-0.1
3,NONE,-1.0,-0.1,-1.0,-0.1
3,NONE,-1.0,-0.1,-1.0,-0.1
3,NONE,-1.0,-0.1,-1.0,-0.1
3,NONE,-1.0,-0.1,-1.0,-0.1
3,NONE,-1.0,-0.1,-1.0,-0.1
3,NONE,-1.0,-0.1,-1.0,-0.1
3,NONE,-1.0,-0.1,-1.0,-0.1
3,NONE,-1.0,-0.1,-1.0,-0.1
3,NONE,-1.0,-0.1,-1.0,-0.1
3,NONE,-1.0,-0.1,-1.0,-0.1
3,NONE,-1.0,-0.1,-1.0,-0.1
3,NONE,-1.0,-0.1,-1.0,-0.1
3,NONE,-1.0,-0.1,-1.0,-0.1
3,NONE,-1.0,-0.1,-1.0,-0.1
3,NONE,-1.0,-0.1,-1.0,-0.1
3,NONE,-1.0,-0.1,-1.0,-0.1
3,NONE,-1.0,-0.1,-1.0,-0.1
3,NONE,-1.0,-0.1,-1.0,-0.1
3,NONE,-1.0,-0.1,-1.0,-0.1
3,NONE,-1.0,-0.1,-1.0,-0.1
3,NONE,-1.0,-0.1,-1.0,-0.1
3,NONE,-1.0,-0.1,-1.0,-0.1
3,NONE,-1.0,-0.1,-1.0,-0.1
3,NONE,-1.0,-0.1,-1.0,-0.1
3,NONE,-1.0,-0.1,-1.0,-0.1
3,NONE,-1.0,-0.1,-1.0,-0.1
3,NONE,-1.0,-0.1,-1.0,-0.1
3,NONE,-1.0,-0.1,-1.0,-0.1
3,NONE,-1.0,-0.1,-1.0,-0.1
3,NONE,-1.0,-0.1,-1.0,-0.1
3,NONE,-1.0,-0.1,-1.0,-0.1
3,NONE,-1.0,-0.1,-1.0,-0.1
3,NONE,-1.0,-0.1,-1.0,-0.1
3,NONE,-1.0,-0.1,-1.0,-0.1
3,NONE,-1.0,-0.1,-1.0,-0.1
3,NONE,-1.0,-0.1,-1.0,-0.1
3,NONE,-1.0,-0.1,-1.0,-0.1
3,NONE,-1.0,-0.1,-1.0,-0.1
3,NONE,-1.0,-0.1,-1.0,-0.1
3,NONE,-1.0,-0.1,-1.0,-0.1
3,NONE,-1.0,-0.1,-1.0,-0.1
3,NONE,-1.0,-0.1,-1.0,-0.1
3,NONE,-1.0,-0.1,-1.0,-0.1
3,NONE,-1.0,-0.1,-1.0,-0.1
3,NONE,-1.0,-0.1,-1.0,-0.1
3,NONE,-1.0,-0.1,-1.0,-0.1
3,NONE,-1.0,-0.1,-1.0,-0.1
3,NONE,-1.0,-0.1,-1.0,-0.1
3,NONE,-1.0,-0.1,-1.0,-0.1
3,NONE,-1.0,-0.1,-1.0,-0.1
3,NONE,-1.0,-0.1,-1.0,-0.1
3,NONE,-1.0,-0.1,-1.0,-0.1
3,NONE,-1.0,-0.1,-1.0,-0.1
2,EV_B07_C030_Mototaxi_Electrica,-1.0,-0.1,8.0,29.37104132447704
1,EV_B07_C030_Mototaxi_Electrica,6.0,83.75398090007572,-1.0,29.37104132447704
1,EV_B07_C030_Mototaxi_Electrica,5.0,83.75398090007572,-1.0,29.37104132447704
1,EV_B07_C030_Mototaxi_Electrica,4.0,83.75398090007572,-1.0,29.37104132447704
1,EV_B07_C030_Mototaxi_Electrica,3.0,83.75398090007572,-1.0,29.37104132447704
1,EV_B07_C030_Mototaxi_Electrica,2.0,83.75398090007572,-1.0,29.37104132447704
1,EV_B07_C030_Mototaxi_Electrica,1.0,83.75398090007572,-1.0,29.37104132447704
1,EV_B07_C030_Mototaxi_Electrica,0.0,83.75398090007572,-1.0,29.37104132447704
3,NONE,-1.0,-0.1,-1.0,-0.1
3,NONE,-1.0,-0.1,-1.0,-0.1
3,NONE,-1.0,-0.1,-1.0,-0.1
3,NONE,-1.0,-0.1,-1.0,-0.1
3,NONE,-1.0,-0.1,-1.0,-0.1
3,NONE,-1.0,-0.1,-1.0,-0.1
3,NONE,-1.0,-0.1,-1.0,-0.1
3,NONE,-1.0,-0.1,-1.0,-0.1
3,NONE,-1.0,-0.1,-1.0,-0.1
3,NONE,-1.0,-0.1,-1.0,-0.1
3,NONE,-1.0,-0.1,-1.0,-0.1
3,NONE,-1.0,-0.1,-1.0,-0.1
3,NONE,-1.0,-0.1,-1.0,-0.1
3,NONE,-1.0,-0.1,-1.0,-0.1
3,NONE,-1.0,-0.1,-1.0,-0.1
3,NONE,-1.0,-0.1,-1.0,-0.1
2,EV_B07_C030_Mototaxi_Electrica,-1.0,-0.1,8.0,43.81911175813059
1,EV_B07_C030_Mototaxi_Electrica,5.0,88.61111299443401,-1.0,43.81911175813059
1,EV_B07_C030_Mototaxi_Electrica,4.0,88.61111299443401,-1.0,43.81911175813059
1,EV_B07_C030_Mototaxi_Electrica,3.0,88.61111299443401,-1.0,43.81911175813059
1,EV_B07_C030_Mototaxi_Electrica,2.0,88.61111299443401,-1.0,43.81911175813059
1,EV_B07_C030_Mototaxi_Electrica,1.0,88.61111299443401,-1.0,43.81911175813059
1,EV_B07_C030_Mototaxi_Electrica,0.0,88.61111299443401,-1.0,43.81911175813059
3,NONE,-1.0,-0.1,-1.0,-0.1
3,NONE,-1.0,-0.1,-1.0,-0.1
3,NONE,-1.0,-0.1,-1.0,-0.1
3,NONE,-1.0,-0.1,-1.0,-0.1
3,NONE,-1.0,-0.1,-1.0,-0.1
3,NONE,-1.0,-0.1,-1.0,-0.1
3,NONE,-1.0,-0.1,-1.0,-0.1
3,NONE,-1.0,-0.1,-1.0,-0.1
3,NONE,-1.0,-0.1,-1.0,-0.1
3,NONE,-1.0,-0.1,-1.0,-0.1
3,NONE,-1.0,-0.1,-1.0,-0.1
3,NONE,-1.0,-0.1,-1.0,-0.1
3,NONE,-1.0,-0.1,-1.0,-0.1
3,NONE,-1.0,-0.1,-1.0,-0.1
3,NONE,-1.0,-0.1,-1.0,-0.1
3,NONE,-1.0,-0.1,-1.0,-0.1
3,NONE,-1.0,-0.1,-1.0,-0.1
2,EV_B07_C030_Mototaxi_Electrica,-1.0,-0.1,8.0,32.98032698414862
1,EV_B07_C030_Mototaxi_Electrica,6.0,80.9178042243656,-1.0,32.98032698414862
1,EV_B07_C030_Mototaxi_Electrica,5.0,80.9178042243656,-1.0,32.98032698414862
1,EV_B07_C030_Mototaxi_Electrica,4.0,80.9178042243656,-1.0,32.98032698414862
1,EV_B07_C030_Mototaxi_Electrica,3.0,80.9178042243656,-1.0,32.98032698414862
1,EV_B07_C030_Mototaxi_Electrica,2.0,80.9178042243656,-1.0,32.98032698414862
1,EV_B07_C030_Mototaxi_Electrica,1.0,80.9178042243656,-1.0,32.98032698414862
1,EV_B07_C030_Mototaxi_Electrica,0.0,80.9178042243656,-1.0,32.98032698414862
3,NONE,-1.0,-0.1,-1.0,-0.1
3,NONE,-1.0,-0.1,-1.0,-0.1
3,NONE,-1.0,-0.1,-1.0,-0.1
3,NONE,-1.0,-0.1,-1.0,-0.1
3,NONE,-1.0,-0.1,-1.0,-0.1
3,NONE,-1.0,-0.1,-1.0,-0.1
3,NONE,-1.0,-0.1,-1.0,-0.1
3,NONE,-1.0,-0.1,-1.0,-0.1
3,NONE,-1.0,-0.1,-1.0,-0.1
3,NONE,-1.0,-0.1,-1.0,-0.1
3,NONE,-1.0,-0.1,-1.0,-0.1
3,NONE,-1.0,-0.1,-1.0,-0.1
3,NONE,-1.0,-0.1,-1.0,-0.1
3,NONE,-1.0,-0.1,-1.0,-0.1
3,NONE,-1.0,-0.1,-1.0,-0.1
2,EV_B07_C030_Mototaxi_Electrica,-1.0,-0.1,7.0,37.354976201198575
1,EV_B07_C030_Mototaxi_Electrica,7.0,85.7441300144777,-1.0,37.354976201198575
1,EV_B07_C030_Mototaxi_Electrica,6.0,85.7441300144777,-1.0,37.354976201198575
1,EV_B07_C030_Mototaxi_Electrica,5.0,85.7441300144777,-1.0,37.354976201198575
1,EV_B07_C030_Mototaxi_Electrica,4.0,85.7441300144777,-1.0,37.354976201198575
1,EV_B07_C030_Mototaxi_Electrica,3.0,85.7441300144777,-1.0,37.354976201198575
1,EV_B07_C030_Mototaxi_Electrica,2.0,85.7441300144777,-1.0,37.354976201198575
1,EV_B07_C030_Mototaxi_Electrica,1.0,85.7441300144777,-1.0,37.354976201198575
1,EV_B07_C030_Mototaxi_Electrica,0.0,85.7441300144777,-1.0,37.354976201198575
3,NONE,-1.0,-0.1,-1.0,-0.1
3,NONE,-1.0,-0.1,-1.0,-0.1
3,NONE,-1.0,-0.1,-1.0,-0.1
3,NONE,-1.0,-0.1,-1.0,-0.1
3,NONE,-1.0,-0.1,-1.0,-0.1
3,NONE,-1.0,-0.1,-1.0,-0.1
3,NONE,-1.0,-0.1,-1.0,-0.1
3,NONE,-1.0,-0.1,-1.0,-0.1
3,NONE,-1.0,-0.1,-1.0,-0.1
3,NONE,-1.0,-0.1,-1.0,-0.1
3,NONE,-1.0,-0.1,-1.0,-0.1
3,NONE,-1.0,-0.1,-1.0,-0.1
3,NONE,-1.0,-0.1,-1.0,-0.1
3,NONE,-1.0,-0.1,-1.0,-0.1
3,NONE,-1.0,-0.1,-1.0,-0.1
3,NONE,-1.0,-0.1,-1.0,-0.1
3,NONE,-1.0,-0.1,-1.0,-0.1
3,NONE,-1.0,-0.1,-1.0,-0.1
3,NONE,-1.0,-0.1,-1.0,-0.1
3,NONE,-1.0,-0.1,-1.0,-0.1
3,NONE,-1.0,-0.1,-1.0,-0.1
3,NONE,-1.0,-0.1,-1.0,-0.1
3,NONE,-1.0,-0.1,-1.0,-0.1
3,NONE,-1.0,-0.1,-1.0,-0.1
3,NONE,-1.0,-0.1,-1.0,-0.1
3,NONE,-1.0,-0.1,-1.0,-0.1
3,NONE,-1.0,-0.1,-1.0,-0.1
3,NONE,-1.0,-0.1,-1.0,-0.1
3,NONE,-1.0,-0.1,-1.0,-0.1
3,NONE,-1.0,-0.1,-1.0,-0.1
3,NONE,-1.0,-0.1,-1.0,-0.1
3,NONE,-1.0,-0.1,-1.0,-0.1
3,NONE,-1.0,-0.1,-1.0,-0.1
3,NONE,-1.0,-0.1,-1.0,-0.1
3,NONE,-1.0,-0.1,-1.0,-0.1
3,NONE,-1.0,-0.1,-1.0,-0.1
3,NONE,-1.0,-0.1,-1.0,-0.1
3,NONE,-1.0,-0.1,-1.0,-0.1
3,NONE,-1.0,-0.1,-1.0,-0.1
3,NONE,-1.0,-0.1,-1.0,-0.1
3,NONE,-1.0,-0.1,-1.0,-0.1
3,NONE,-1.0,-0.1,-1.0,-0.1
3,NONE,-1.0,-0.1,-1.0,-0.1
3,NONE,-1.0,-0.1,-1.0,-0.1
3,NONE,-1.0,-0.1,-1.0,-0.1
3,NONE,-1.0,-0.1,-1.0,-0.1
3,NONE,-1.0,-0.1,-1.0,-0.1
3,NONE,-1.0,-0.1,-1.0,-0.1
3,NONE,-1.0,-0.1,-1.0,-0.1
3,NONE,-1.0,-0.1,-1.0,-0.1
3,NONE,-1.0,-0.1,-1.0,-0.1
3,NONE,-1.0,-0.1,-1.0,-0.1
3,NONE,-1.0,-0.1,-1.0,-0.1
3,NONE,-1.0,-0.1,-1.0,-0.1
3,NONE,-1.0,-0.1,-1.0,-0.1
3,NONE,-1.0,-0.1,-1.0,-0.1
3,NONE,-1.0,-0.1,-1.0,-0.1
3,NONE,-1.0,-0.1,-1.0,-0.1
3,NONE,-1.0,-0.1,-1.0,-0.1
3,NONE,-1.0,-0.1,-1.0,-0.1
3,NONE,-1.0,-0.1,-1.0,-0.1
3,NONE,-1.0,-0.1,-1.0,-0.1
3,NONE,-1.0,-0.1,-1.0,-0.1
3,NONE,-1.0,-0.1,-1.0,-0.1
2,EV_B07_C030_Mototaxi_Electrica,-1.0,-0.1,8.0,23.012410608716973
1,EV_B07_C030_Mototaxi_Electrica,6.0,74.49200742319177,-1.0,23.012410608716973
1,EV_B07_C030_Mototaxi_Electrica,5.0,74.49200742319177,-1.0,23.012410608716973
1,EV_B07_C030_Mototaxi_Electrica,4.0,74.49200742319177,-1.0,23.012410608716973
1,EV_B07_C030_Mototaxi_Electrica,3.0,74.49200742319177,-1.0,23.012410608716973
1,EV_B07_C030_Mototaxi_Electrica,2.0,74.49200742319177,-1.0,23.012410608716973
1,EV_B07_C030_Mototaxi_Electrica,1.0,74.49200742319177,-1.0,23.012410608716973
1,EV_B07_C030_Mototaxi_Electrica,0.0,74.49200742319177,-1.0,23.012410608716973
3,NONE,-1.0,-0.1,-1.0,-0.1
3,NONE,-1.0,-0.1,-1.0,-0.1
3,NONE,-1.0,-0.1,-1.0,-0.1
3,NONE,-1.0,-0.1,-1.0,-0.1
3,NONE,-1.0,-0.1,-1.0,-0.1
3,NONE,-1.0,-0.1,-1.0,-0.1
3,NONE,-1.0,-0.1,-1.0,-0.1
3,NONE,-1.0,-0.1,-1.0,-0.1
3,NONE,-1.0,-0.1,-1.0,-0.1
3,NONE,-1.0,-0.1,-1.0,-0.1
3,NONE,-1.0,-0.1,-1.0,-0.1
3,NONE,-1.0,-0.1,-1.0,-0.1
3,NONE,-1.0,-0.1,-1.0,-0.1
3,NONE,-1.0,-0.1,-1.0,-0.1
3,NONE,-1.0,-0.1,-1.0,-0.1
3,NONE,-1.0,-0.1,-1.0,-0.1
3,NONE,-1.0,-0.1,-1.0,-0.1
3,NONE,-1.0,-0.1,-1.0,-0.1
2,EV_B07_C030_Mototaxi_Electrica,-1.0,-0.1,10.0,40.87165069171516
1,EV_B07_C030_Mototaxi_Electrica,4.0,85.26242412011099,-1.0,40.87165069171516
1,EV_B07_C030_Mototaxi_Electrica,3.0,85.26242412011099,-1.0,40.87165069171516
1,EV_B07_C030_Mototaxi_Electrica,2.0,85.26242412011099,-1.0,40.87165069171516
1,EV_B07_C030_Mototaxi_Electrica,1.0,85.26242412011099,-1.0,40.87165069171516
1,EV_B07_C030_Mototaxi_Electrica,0.0,85.26242412011099,-1.0,40.87165069171516
3,NONE,-1.0,-0.1,-1.0,-0.1
3,NONE,-1.0,-0.1,-1.0,-0.1
3,NONE,-1.0,-0.1,-1.0,-0.1
3,NONE,-1.0,-0.1,-1.0,-0.1
3,NONE,-1.0,-0.1,-1.0,-0.1
3,NONE,-1.0,-0.1,-1.0,-0.1
3,NONE,-1.0,-0.1,-1.0,-0.1
3,NONE,-1.0,-0.1,-1.0,-0.1
3,NONE,-1.0,-0.1,-1.0,-0.1
3,NONE,-1.0,-0.1,-1.0,-0.1
3,NONE,-1.0,-0.1,-1.0,-0.1
3,NONE,-1.0,-0.1,-1.0,-0.1
3,NONE,-1.0,-0.1,-1.0,-0.1
3,NONE,-1.0,-0.1,-1.0,-0.1
3,NONE,-1.0,-0.1,-1.0,-0.1
2,EV_B07_C030_Mototaxi_Electrica,-1.0,-0.1,7.0,33.06074330126763
1,EV_B07_C030_Mototaxi_Electrica,7.0,90.13546120486271,-1.0,33.06074330126763
1,EV_B07_C030_Mototaxi_Electrica,6.0,90.13546120486271,-1.0,33.06074330126763
1,EV_B07_C030_Mototaxi_Electrica,5.0,90.13546120486271,-1.0,33.06074330126763
1,EV_B07_C030_Mototaxi_Electrica,4.0,90.13546120486271,-1.0,33.06074330126763
1,EV_B07_C030_Mototaxi_Electrica,3.0,90.13546120486271,-1.0,33.06074330126763
1,EV_B07_C030_Mototaxi_Electrica,2.0,90.13546120486271,-1.0,33.06074330126763
1,EV_B07_C030_Mototaxi_Electrica,1.0,90.13546120486271,-1.0,33.06074330126763
1,EV_B07_C030_Mototaxi_Electrica,0.0,90.13546120486271,-1.0,33.06074330126763
3,NONE,-1.0,-0.1,-1.0,-0.1
3,NONE,-1.0,-0.1,-1.0,-0.1
3,NONE,-1.0,-0.1,-1.0,-0.1
3,NONE,-1.0,-0.1,-1.0,-0.1
3,NONE,-1.0,-0.1,-1.0,-0.1
3,NONE,-1.0,-0.1,-1.0,-0.1
3,NONE,-1.0,-0.1,-1.0,-0.1
3,NONE,-1.0,-0.1,-1.0,-0.1
3,NONE,-1.0,-0.1,-1.0,-0.1
3,NONE,-1.0,-0.1,-1.0,-0.1
3,NONE,-1.0,-0.1,-1.0,-0.1
3,NONE,-1.0,-0.1,-1.0,-0.1
3,NONE,-1.0,-0.1,-1.0,-0.1
3,NONE,-1.0,-0.1,-1.0,-0.1
3,NONE,-1.0,-0.1,-1.0,-0.1
3,NONE,-1.0,-0.1,-1.0,-0.1
3,NONE,-1.0,-0.1,-1.0,-0.1
3,NONE,-1.0,-0.1,-1.0,-0.1
3,NONE,-1.0,-0.1,-1.0,-0.1
3,NONE,-1.0,-0.1,-1.0,-0.1
3,NONE,-1.0,-0.1,-1.0,-0.1
3,NONE,-1.0,-0.1,-1.0,-0.1
3,NONE,-1.0,-0.1,-1.0,-0.1
3,NONE,-1.0,-0.1,-1.0,-0.1
3,NONE,-1.0,-0.1,-1.0,-0.1
3,NONE,-1.0,-0.1,-1.0,-0.1
3,NONE,-1.0,-0.1,-1.0,-0.1
3,NONE,-1.0,-0.1,-1.0,-0.1
3,NONE,-1.0,-0.1,-1.0,-0.1
3,NONE,-1.0,-0.1,-1.0,-0.1
3,NONE,-1.0,-0.1,-1.0,-0.1
3,NONE,-1.0,-0.1,-1.0,-0.1
3,NONE,-1.0,-0.1,-1.0,-0.1
3,NONE,-1.0,-0.1,-1.0,-0.1
3,NONE,-1.0,-0.1,-1.0,-0.1
3,NONE,-1.0,-0.1,-1.0,-0.1
3,NONE,-1.0,-0.1,-1.0,-0.1
3,NONE,-1.0,-0.1,-1.0,-0.1
3,NONE,-1.0,-0.1,-1.0,-0.1
2,EV_B07_C030_Mototaxi_Electrica,-1.0,-0.1,7.0,48.49712934035897
1,EV_B07_C030_Mototaxi_Electrica,7.0,75.24640590226088,-1.0,48.49712934035897
1,EV_B07_C030_Mototaxi_Electrica,6.0,75.24640590226088,-1.0,48.49712934035897
1,EV_B07_C030_Mototaxi_Electrica,5.0,75.24640590226088,-1.0,48.49712934035897
1,EV_B07_C030_Mototaxi_Electrica,4.0,75.24640590226088,-1.0,48.49712934035897
1,EV_B07_C030_Mototaxi_Electrica,3.0,75.24640590226088,-1.0,48.49712934035897
1,EV_B07_C030_Mototaxi_Electrica,2.0,75.24640590226088,-1.0,48.49712934035897
1,EV_B07_C030_Mototaxi_Electrica,1.0,75.24640590226088,-1.0,48.49712934035897
1,EV_B07_C030_Mototaxi_Electrica,0.0,75.24640590226088,-1.0,48.49712934035897
3,NONE,-1.0,-0.1,-1.0,-0.1
3,NONE,-1.0,-0.1,-1.0,-0.1
3,NONE,-1.0,-0.1,-1.0,-0.1
3,NONE,-1.0,-0.1,-1.0,-0.1
3,NONE,-1.0,-0.1,-1.0,-0.1
3,NONE,-1.0,-0.1,-1.0,-0.1
3,NONE,-1.0,-0.1,-1.0,-0.1
3,NONE,-1.0,-0.1,-1.0,-0.1
3,NONE,-1.0,-0.1,-1.0,-0.1
3,NONE,-1.0,-0.1,-1.0,-0.1
3,NONE,-1.0,-0.1,-1.0,-0.1
3,NONE,-1.0,-0.1,-1.0,-0.1
3,NONE,-1.0,-0.1,-1.0,-0.1
3,NONE,-1.0,-0.1,-1.0,-0.1
3,NONE,-1.0,-0.1,-1.0,-0.1
3,NONE,-1.0,-0.1,-1.0,-0.1
3,NONE,-1.0,-0.1,-1.0,-0.1
3,NONE,-1.0,-0.1,-1.0,-0.1
3,NONE,-1.0,-0.1,-1.0,-0.1
3,NONE,-1.0,-0.1,-1.0,-0.1
3,NONE,-1.0,-0.1,-1.0,-0.1
3,NONE,-1.0,-0.1,-1.0,-0.1
3,NONE,-1.0,-0.1,-1.0,-0.1
3,NONE,-1.0,-0.1,-1.0,-0.1
3,NONE,-1.0,-0.1,-1.0,-0.1
3,NONE,-1.0,-0.1,-1.0,-0.1
3,NONE,-1.0,-0.1,-1.0,-0.1
3,NONE,-1.0,-0.1,-1.0,-0.1
3,NONE,-1.0,-0.1,-1.0,-0.1
3,NONE,-1.0,-0.1,-1.0,-0.1
3,NONE,-1.0,-0.1,-1.0,-0.1
3,NONE,-1.0,-0.1,-1.0,-0.1
3,NONE,-1.0,-0.1,-1.0,-0.1
3,NONE,-1.0,-0.1,-1.0,-0.1
3,NONE,-1.0,-0.1,-1.0,-0.1
3,NONE,-1.0,-0.1,-1.0,-0.1
3,NONE,-1.0,-0.1,-1.0,-0.1
3,NONE,-1.0,-0.1,-1.0,-0.1
3,NONE,-1.0,-0.1,-1.0,-0.1
3,NONE,-1.0,-0.1,-1.0,-0.1
3,NONE,-1.0,-0.1,-1.0,-0.1
3,NONE,-1.0,-0.1,-1.0,-0.1
3,NONE,-1.0,-0.1,-1.0,-0.1
3,NONE,-1.0,-0.1,-1.0,-0.1
3,NONE,-1.0,-0.1,-1.0,-0.1
3,NONE,-1.0,-0.1,-1.0,-0.1
3,NONE,-1.0,-0.1,-1.0,-0.1
3,NONE,-1.0,-0.1,-1.0,-0.1
3,NONE,-1.0,-0.1,-1.0,-0.1
3,NONE,-1.0,-0.1,-1.0,-0.1
3,NONE,-1.0,-0.1,-1.0,-0.1
3,NONE,-1.0,-0.1,-1.0,-0.1
3,NONE,-1.0,-0.1,-1.0,-0.1
3,NONE,-1.0,-0.1,-1.0,-0.1
3,NONE,-1.0,-0.1,-1.0,-0.1
3,NONE,-1.0,-0.1,-1.0,-0.1
3,NONE,-1.0,-0.1,-1.0,-0.1
3,NONE,-1.0,-0.1,-1.0,-0.1
3,NONE,-1.0,-0.1,-1.0,-0.1
3,NONE,-1.0,-0.1,-1.0,-0.1
3,NONE,-1.0,-0.1,-1.0,-0.1
3,NONE,-1.0,-0.1,-1.0,-0.1
3,NONE,-1.0,-0.1,-1.0,-0.1
3,NONE,-1.0,-0.1,-1.0,-0.1
3,NONE,-1.0,-0.1,-1.0,-0.1
3,NONE,-1.0,-0.1,-1.0,-0.1
3,NONE,-1.0,-0.1,-1.0,-0.1
3,NONE,-1.0,-0.1,-1.0,-0.1
3,NONE,-1.0,-0.1,-1.0,-0.1
3,NONE,-1.0,-0.1,-1.0,-0.1
3,NONE,-1.0,-0.1,-1.0,-0.1
3,NONE,-1.0,-0.1,-1.0,-0.1
3,NONE,-1.0,-0.1,-1.0,-0.1
3,NONE,-1.0,-0.1,-1.0,-0.1
3,NONE,-1.0,-0.1,-1.0,-0.1
3,NONE,-1.0,-0.1,-1.0,-0.1
3,NONE,-1.0,-0.1,-1.0,-0.1
3,NONE,-1.0,-0.1,-1.0,-0.1
3,NONE,-1.0,-0.1,-1.0,-0.1
3,NONE,-1.0,-0.1,-1.0,-0.1
3,NONE,-1.0,-0.1,-1.0,-0.1
3,NONE,-1.0,-0.1,-1.0,-0.1
3,NONE,-1.0,-0.1,-1.0,-0.1
3,NONE,-1.0,-0.1,-1.0,-0.1
3,NONE,-1.0,-0.1,-1.0,-0.1
3,NONE,-1.0,-0.1,-1.0,-0.1
3,NONE,-1.0,-0.1,-1.0,-0.1
3,NONE,-1.0,-0.1,-1.0,-0.1
2,EV_B07_C030_Mototaxi_Electrica,-1.0,-0.1,8.0,28.135974138987287
1,EV_B07_C030_Mototaxi_Electrica,6.0,73.39243541697786,-1.0,28.135974138987287
1,EV_B07_C030_Mototaxi_Electrica,5.0,73.39243541697786,-1.0,28.135974138987287
1,EV_B07_C030_Mototaxi_Electrica,4.0,73.39243541697786,-1.0,28.135974138987287
1,EV_B07_C030_Mototaxi_Electrica,3.0,73.39243541697786,-1.0,28.135974138987287
1,EV_B07_C030_Mototaxi_Electrica,2.0,73.39243541697786,-1.0,28.135974138987287
1,EV_B07_C030_Mototaxi_Electrica,1.0,73.39243541697786,-1.0,28.135974138987287
1,EV_B07_C030_Mototaxi_Electrica,0.0,73.39243541697786,-1.0,28.135974138987287
3,NONE,-1.0,-0.1,-1.0,-0.1
3,NONE,-1.0,-0.1,-1.0,-0.1
3,NONE,-1.0,-0.1,-1.0,-0.1
3,NONE,-1.0,-0.1,-1.0,-0.1
3,NONE,-1.0,-0.1,-1.0,-0.1
3,NONE,-1.0,-0.1,-1.0,-0.1
3,NONE,-1.0,-0.1,-1.0,-0.1
3,NONE,-1.0,-0.1,-1.0,-0.1
3,NONE,-1.0,-0.1,-1.0,-0.1
3,NONE,-1.0,-0.1,-1.0,-0.1
3,NONE,-1.0,-0.1,-1.0,-0.1
3,NONE,-1.0,-0.1,-1.0,-0.1
3,NONE,-1.0,-0.1,-1.0,-0.1
3,NONE,-1.0,-0.1,-1.0,-0.1
3,NONE,-1.0,-0.1,-1.0,-0.1
2,EV_B07_C030_Mototaxi_Electrica,-1.0,-0.1,7.0,28.749445797685
1,EV_B07_C030_Mototaxi_Electrica,7.0,74.1520608796285,-1.0,28.749445797685
1,EV_B07_C030_Mototaxi_Electrica,6.0,74.1520608796285,-1.0,28.749445797685
1,EV_B07_C030_Mototaxi_Electrica,5.0,74.1520608796285,-1.0,28.749445797685
1,EV_B07_C030_Mototaxi_Electrica,4.0,74.1520608796285,-1.0,28.749445797685
1,EV_B07_C030_Mototaxi_Electrica,3.0,74.1520608796285,-1.0,28.749445797685
1,EV_B07_C030_Mototaxi_Electrica,2.0,74.1520608796285,-1.0,28.749445797685
1,EV_B07_C030_Mototaxi_Electrica,1.0,74.1520608796285,-1.0,28.749445797685
1,EV_B07_C030_Mototaxi_Electrica,0.0,74.1520608796285,-1.0,28.749445797685
3,NONE,-1.0,-0.1,-1.0,-0.1
3,NONE,-1.0,-0.1,-1.0,-0.1
3,NONE,-1.0,-0.1,-1.0,-0.1
3,NONE,-1.0,-0.1,-1.0,-0.1
3,NONE,-1.0,-0.1,-1.0,-0.1
3,NONE,-1.0,-0.1,-1.0,-0.1
3,NONE,-1.0,-0.1,-1.0,-0.1
3,NONE,-1.0,-0.1,-1.0,-0.1
3,NONE,-1.0,-0.1,-1.0,-0.1
3,NONE,-1.0,-0.1,-1.0,-0.1
3,NONE,-1.0,-0.1,-1.0,-0.1
3,NONE,-1.0,-0.1,-1.0,-0.1
3,NONE,-1.0,-0.1,-1.0,-0.1
3,NONE,-1.0,-0.1,-1.0,-0.1
3,NONE,-1.0,-0.1,-1.0,-0.1
3,NONE,-1.0,-0.1,-1.0,-0.1
3,NONE,-1.0,-0.1,-1.0,-0.1
3,NONE,-1.0,-0.1,-1.0,-0.1
3,NONE,-1.0,-0.1,-1.0,-0.1
3,NONE,-1.0,-0.1,-1.0,-0.1
3,NONE,-1.0,-0.1,-1.0,-0.1
3,NONE,-1.0,-0.1,-1.0,-0.1
3,NONE,-1.0,-0.1,-1.0,-0.1
3,NONE,-1.0,-0.1,-1.0,-0.1
3,NONE,-1.0,-0.1,-1.0,-0.1
3,NONE,-1.0,-0.1,-1.0,-0.1
3,NONE,-1.0,-0.1,-1.0,-0.1
3,NONE,-1.0,-0.1,-1.0,-0.1
3,NONE,-1.0,-0.1,-1.0,-0.1
3,NONE,-1.0,-0.1,-1.0,-0.1
3,NONE,-1.0,-0.1,-1.0,-0.1
3,NONE,-1.0,-0.1,-1.0,-0.1
3,NONE,-1.0,-0.1,-1.0,-0.1
3,NONE,-1.0,-0.1,-1.0,-0.1
3,NONE,-1.0,-0.1,-1.0,-0.1
3,NONE,-1.0,-0.1,-1.0,-0.1
3,NONE,-1.0,-0.1,-1.0,-0.1
3,NONE,-1.0,-0.1,-1.0,-0.1
3,NONE,-1.0,-0.1,-1.0,-0.1
2,EV_B07_C030_Mototaxi_Electrica,-1.0,-0.1,7.0,20.799594680357718
1,EV_B07_C030_Mototaxi_Electrica,7.0,79.3063792568091,-1.0,20.799594680357718
1,EV_B07_C030_Mototaxi_Electrica,6.0,79.3063792568091,-1.0,20.799594680357718
1,EV_B07_C030_Mototaxi_Electrica,5.0,79.3063792568091,-1.0,20.799594680357718
1,EV_B07_C030_Mototaxi_Electrica,4.0,79.3063792568091,-1.0,20.799594680357718
1,EV_B07_C030_Mototaxi_Electrica,3.0,79.3063792568091,-1.0,20.799594680357718
1,EV_B07_C030_Mototaxi_Electrica,2.0,79.3063792568091,-1.0,20.799594680357718
1,EV_B07_C030_Mototaxi_Electrica,1.0,79.3063792568091,-1.0,20.799594680357718
1,EV_B07_C030_Mototaxi_Electrica,0.0,79.3063792568091,-1.0,20.799594680357718
3,NONE,-1.0,-0.1,-1.0,-0.1
3,NONE,-1.0,-0.1,-1.0,-0.1
3,NONE,-1.0,-0.1,-1.0,-0.1
3,NONE,-1.0,-0.1,-1.0,-0.1
3,NONE,-1.0,-0.1,-1.0,-0.1
3,NONE,-1.0,-0.1,-1.0,-0.1
3,NONE,-1.0,-0.1,-1.0,-0.1
3,NONE,-1.0,-0.1,-1.0,-0.1
3,NONE,-1.0,-0.1,-1.0,-0.1
3,NONE,-1.0,-0.1,-1.0,-0.1
3,NONE,-1.0,-0.1,-1.0,-0.1
3,NONE,-1.0,-0.1,-1.0,-0.1
3,NONE,-1.0,-0.1,-1.0,-0.1
3,NONE,-1.0,-0.1,-1.0,-0.1
3,NONE,-1.0,-0.1,-1.0,-0.1
3,NONE,-1.0,-0.1,-1.0,-0.1
3,NONE,-1.0,-0.1,-1.0,-0.1
3,NONE,-1.0,-0.1,-1.0,-0.1
3,NONE,-1.0,-0.1,-1.0,-0.1
3,NONE,-1.0,-0.1,-1.0,-0.1
3,NONE,-1.0,-0.1,-1.0,-0.1
3,NONE,-1.0,-0.1,-1.0,-0.1
3,NONE,-1.0,-0.1,-1.0,-0.1
3,NONE,-1.0,-0.1,-1.0,-0.1
3,NONE,-1.0,-0.1,-1.0,-0.1
3,NONE,-1.0,-0.1,-1.0,-0.1
3,NONE,-1.0,-0.1,-1.0,-0.1
3,NONE,-1.0,-0.1,-1.0,-0.1
3,NONE,-1.0,-0.1,-1.0,-0.1
3,NONE,-1.0,-0.1,-1.0,-0.1
3,NONE,-1.0,-0.1,-1.0,-0.1
3,NONE,-1.0,-0.1,-1.0,-0.1
3,NONE,-1.0,-0.1,-1.0,-0.1
3,NONE,-1.0,-0.1,-1.0,-0.1
3,NONE,-1.0,-0.1,-1.0,-0.1
3,NONE,-1.0,-0.1,-1.0,-0.1
3,NONE,-1.0,-0.1,-1.0,-0.1
3,NONE,-1.0,-0.1,-1.0,-0.1
3,NONE,-1.0,-0.1,-1.0,-0.1
3,NONE,-1.0,-0.1,-1.0,-0.1
3,NONE,-1.0,-0.1,-1.0,-0.1
3,NONE,-1.0,-0.1,-1.0,-0.1
3,NONE,-1.0,-0.1,-1.0,-0.1
3,NONE,-1.0,-0.1,-1.0,-0.1
3,NONE,-1.0,-0.1,-1.0,-0.1
3,NONE,-1.0,-0.1,-1.0,-0.1
3,NONE,-1.0,-0.1,-1.0,-0.1
3,NONE,-1.0,-0.1,-1.0,-0.1
3,NONE,-1.0,-0.1,-1.0,-0.1
3,NONE,-1.0,-0.1,-1.0,-0.1
3,NONE,-1.0,-0.1,-1.0,-0.1
3,NONE,-1.0,-0.1,-1.0,-0.1
3,NONE,-1.0,-0.1,-1.0,-0.1
3,NONE,-1.0,-0.1,-1.0,-0.1
3,NONE,-1.0,-0.1,-1.0,-0.1
3,NONE,-1.0,-0.1,-1.0,-0.1
3,NONE,-1.0,-0.1,-1.0,-0.1
3,NONE,-1.0,-0.1,-1.0,-0.1
3,NONE,-1.0,-0.1,-1.0,-0.1
3,NONE,-1.0,-0.1,-1.0,-0.1
3,NONE,-1.0,-0.1,-1.0,-0.1
3,NONE,-1.0,-0.1,-1.0,-0.1
3,NONE,-1.0,-0.1,-1.0,-0.1
3,NONE,-1.0,-0.1,-1.0,-0.1
2,EV_B07_C030_Mototaxi_Electrica,-1.0,-0.1,8.0,22.589200762476043
1,EV_B07_C030_Mototaxi_Electrica,6.0,77.75757737417757,-1.0,22.589200762476043
1,EV_B07_C030_Mototaxi_Electrica,5.0,77.75757737417757,-1.0,22.589200762476043
1,EV_B07_C030_Mototaxi_Electrica,4.0,77.75757737417757,-1.0,22.589200762476043
1,EV_B07_C030_Mototaxi_Electrica,3.0,77.75757737417757,-1.0,22.589200762476043
1,EV_B07_C030_Mototaxi_Electrica,2.0,77.75757737417757,-1.0,22.589200762476043
1,EV_B07_C030_Mototaxi_Electrica,1.0,77.75757737417757,-1.0,22.589200762476043
1,EV_B07_C030_Mototaxi_Electrica,0.0,77.75757737417757,-1.0,22.589200762476043
3,NONE,-1.0,-0.1,-1.0,-0.1
3,NONE,-1.0,-0.1,-1.0,-0.1
3,NONE,-1.0,-0.1,-1.0,-0.1
3,NONE,-1.0,-0.1,-1.0,-0.1
3,NONE,-1.0,-0.1,-1.0,-0.1
3,NONE,-1.0,-0.1,-1.0,-0.1
3,NONE,-1.0,-0.1,-1.0,-0.1
3,NONE,-1.0,-0.1,-1.0,-0.1
3,NONE,-1.0,-0.1,-1.0,-0.1
3,NONE,-1.0,-0.1,-1.0,-0.1
3,NONE,-1.0,-0.1,-1.0,-0.1
3,NONE,-1.0,-0.1,-1.0,-0.1
3,NONE,-1.0,-0.1,-1.0,-0.1
3,NONE,-1.0,-0.1,-1.0,-0.1
3,NONE,-1.0,-0.1,-1.0,-0.1
2,EV_B07_C030_Mototaxi_Electrica,-1.0,-0.1,7.0,38.87174774830486
1,EV_B07_C030_Mototaxi_Electrica,7.0,71.05525627965056,-1.0,38.87174774830486
1,EV_B07_C030_Mototaxi_Electrica,6.0,71.05525627965056,-1.0,38.87174774830486
1,EV_B07_C030_Mototaxi_Electrica,5.0,71.05525627965056,-1.0,38.87174774830486
1,EV_B07_C030_Mototaxi_Electrica,4.0,71.05525627965056,-1.0,38.87174774830486
1,EV_B07_C030_Mototaxi_Electrica,3.0,71.05525627965056,-1.0,38.87174774830486
1,EV_B07_C030_Mototaxi_Electrica,2.0,71.05525627965056,-1.0,38.87174774830486
1,EV_B07_C030_Mototaxi_Electrica,1.0,71.05525627965056,-1.0,38.87174774830486
1,EV_B07_C030_Mototaxi_Electrica,0.0,71.05525627965056,-1.0,38.87174774830486
3,NONE,-1.0,-0.1,-1.0,-0.1
3,NONE,-1.0,-0.1,-1.0,-0.1
3,NONE,-1.0,-0.1,-1.0,-0.1
3,NONE,-1.0,-0.1,-1.0,-0.1
3,NONE,-1.0,-0.1,-1.0,-0.1
3,NONE,-1.0,-0.1,-1.0,-0.1
3,NONE,-1.0,-0.1,-1.0,-0.1
3,NONE,-1.0,-0.1,-1.0,-0.1
3,NONE,-1.0,-0.1,-1.0,-0.1
3,NONE,-1.0,-0.1,-1.0,-0.1
3,NONE,-1.0,-0.1,-1.0,-0.1
3,NONE,-1.0,-0.1,-1.0,-0.1
3,NONE,-1.0,-0.1,-1.0,-0.1
3,NONE,-1.0,-0.1,-1.0,-0.1
3,NONE,-1.0,-0.1,-1.0,-0.1
3,NONE,-1.0,-0.1,-1.0,-0.1
2,EV_B07_C030_Mototaxi_Electrica,-1.0,-0.1,8.0,31.701075999489635
1,EV_B07_C030_Mototaxi_Electrica,6.0,84.3238127538236,-1.0,31.701075999489635
1,EV_B07_C030_Mototaxi_Electrica,5.0,84.3238127538236,-1.0,31.701075999489635
1,EV_B07_C030_Mototaxi_Electrica,4.0,84.3238127538236,-1.0,31.701075999489635
1,EV_B07_C030_Mototaxi_Electrica,3.0,84.3238127538236,-1.0,31.701075999489635
1,EV_B07_C030_Mototaxi_Electrica,2.0,84.3238127538236,-1.0,31.701075999489635
1,EV_B07_C030_Mototaxi_Electrica,1.0,84.3238127538236,-1.0,31.701075999489635
1,EV_B07_C030_Mototaxi_Electrica,0.0,84.3238127538236,-1.0,31.701075999489635
3,NONE,-1.0,-0.1,-1.0,-0.1
3,NONE,-1.0,-0.1,-1.0,-0.1
3,NONE,-1.0,-0.1,-1.0,-0.1
3,NONE,-1.0,-0.1,-1.0,-0.1
3,NONE,-1.0,-0.1,-1.0,-0.1
3,NONE,-1.0,-0.1,-1.0,-0.1
3,NONE,-1.0,-0.1,-1.0,-0.1
3,NONE,-1.0,-0.1,-1.0,-0.1
3,NONE,-1.0,-0.1,-1.0,-0.1
3,NONE,-1.0,-0.1,-1.0,-0.1
3,NONE,-1.0,-0.1,-1.0,-0.1
3,NONE,-1.0,-0.1,-1.0,-0.1
3,NONE,-1.0,-0.1,-1.0,-0.1
3,NONE,-1.0,-0.1,-1.0,-0.1
3,NONE,-1.0,-0.1,-1.0,-0.1
3,NONE,-1.0,-0.1,-1.0,-0.1
3,NONE,-1.0,-0.1,-1.0,-0.1
3,NONE,-1.0,-0.1,-1.0,-0.1
3,NONE,-1.0,-0.1,-1.0,-0.1
3,NONE,-1.0,-0.1,-1.0,-0.1
3,NONE,-1.0,-0.1,-1.0,-0.1
3,NONE,-1.0,-0.1,-1.0,-0.1
3,NONE,-1.0,-0.1,-1.0,-0.1
3,NONE,-1.0,-0.1,-1.0,-0.1
3,NONE,-1.0,-0.1,-1.0,-0.1
3,NONE,-1.0,-0.1,-1.0,-0.1
3,NONE,-1.0,-0.1,-1.0,-0.1
3,NONE,-1.0,-0.1,-1.0,-0.1
3,NONE,-1.0,-0.1,-1.0,-0.1
3,NONE,-1.0,-0.1,-1.0,-0.1
3,NONE,-1.0,-0.1,-1.0,-0.1
3,NONE,-1.0,-0.1,-1.0,-0.1
3,NONE,-1.0,-0.1,-1.0,-0.1
3,NONE,-1.0,-0.1,-1.0,-0.1
3,NONE,-1.0,-0.1,-1.0,-0.1
3,NONE,-1.0,-0.1,-1.0,-0.1
3,NONE,-1.0,-0.1,-1.0,-0.1
3,NONE,-1.0,-0.1,-1.0,-0.1
3,NONE,-1.0,-0.1,-1.0,-0.1
3,NONE,-1.0,-0.1,-1.0,-0.1
3,NONE,-1.0,-0.1,-1.0,-0.1
3,NONE,-1.0,-0.1,-1.0,-0.1
3,NONE,-1.0,-0.1,-1.0,-0.1
3,NONE,-1.0,-0.1,-1.0,-0.1
3,NONE,-1.0,-0.1,-1.0,-0.1
3,NONE,-1.0,-0.1,-1.0,-0.1
3,NONE,-1.0,-0.1,-1.0,-0.1
3,NONE,-1.0,-0.1,-1.0,-0.1
3,NONE,-1.0,-0.1,-1.0,-0.1
3,NONE,-1.0,-0.1,-1.0,-0.1
3,NONE,-1.0,-0.1,-1.0,-0.1
3,NONE,-1.0,-0.1,-1.0,-0.1
3,NONE,-1.0,-0.1,-1.0,-0.1
3,NONE,-1.0,-0.1,-1.0,-0.1
3,NONE,-1.0,-0.1,-1.0,-0.1
3,NONE,-1.0,-0.1,-1.0,-0.1
3,NONE,-1.0,-0.1,-1.0,-0.1
3,NONE,-1.0,-0.1,-1.0,-0.1
3,NONE,-1.0,-0.1,-1.0,-0.1
3,NONE,-1.0,-0.1,-1.0,-0.1
3,NONE,-1.0,-0.1,-1.0,-0.1
3,NONE,-1.0,-0.1,-1.0,-0.1
3,NONE,-1.0,-0.1,-1.0,-0.1
3,NONE,-1.0,-0.1,-1.0,-0.1
3,NONE,-1.0,-0.1,-1.0,-0.1
3,NONE,-1.0,-0.1,-1.0,-0.1
3,NONE,-1.0,-0.1,-1.0,-0.1
3,NONE,-1.0,-0.1,-1.0,-0.1
3,NONE,-1.0,-0.1,-1.0,-0.1
3,NONE,-1.0,-0.1,-1.0,-0.1
3,NONE,-1.0,-0.1,-1.0,-0.1
3,NONE,-1.0,-0.1,-1.0,-0.1
3,NONE,-1.0,-0.1,-1.0,-0.1
3,NONE,-1.0,-0.1,-1.0,-0.1
3,NONE,-1.0,-0.1,-1.0,-0.1
3,NONE,-1.0,-0.1,-1.0,-0.1
3,NONE,-1.0,-0.1,-1.0,-0.1
3,NONE,-1.0,-0.1,-1.0,-0.1
3,NONE,-1.0,-0.1,-1.0,-0.1
3,NONE,-1.0,-0.1,-1.0,-0.1
3,NONE,-1.0,-0.1,-1.0,-0.1
3,NONE,-1.0,-0.1,-1.0,-0.1
3,NONE,-1.0,-0.1,-1.0,-0.1
3,NONE,-1.0,-0.1,-1.0,-0.1
3,NONE,-1.0,-0.1,-1.0,-0.1
3,NONE,-1.0,-0.1,-1.0,-0.1
3,NONE,-1.0,-0.1,-1.0,-0.1
3,NONE,-1.0,-0.1,-1.0,-0.1
3,NONE,-1.0,-0.1,-1.0,-0.1
3,NONE,-1.0,-0.1,-1.0,-0.1
3,NONE,-1.0,-0.1,-1.0,-0.1
3,NONE,-1.0,-0.1,-1.0,-0.1
3,NONE,-1.0,-0.1,-1.0,-0.1
3,NONE,-1.0,-0.1,-1.0,-0.1
3,NONE,-1.0,-0.1,-1.0,-0.1
3,NONE,-1.0,-0.1,-1.0,-0.1
3,NONE,-1.0,-0.1,-1.0,-0.1
3,NONE,-1.0,-0.1,-1.0,-0.1
3,NONE,-1.0,-0.1,-1.0,-0.1
3,NONE,-1.0,-0.1,-1.0,-0.1
3,NONE,-1.0,-0.1,-1.0,-0.1
3,NONE,-1.0,-0.1,-1.0,-0.1
3,NONE,-1.0,-0.1,-1.0,-0.1
3,NONE,-1.0,-0.1,-1.0,-0.1
3,NONE,-1.0,-0.1,-1.0,-0.1
3,NONE,-1.0,-0.1,-1.0,-0.1
3,NONE,-1.0,-0.1,-1.0,-0.1
3,NONE,-1.0,-0.1,-1.0,-0.1
3,NONE,-1.0,-0.1,-1.0,-0.1
3,NONE,-1.0,-0.1,-1.0,-0.1
3,NONE,-1.0,-0.1,-1.0,-0.1
3,NONE,-1.0,-0.1,-1.0,-0.1
3,NONE,-1.0,-0.1,-1.0,-0.1
2,EV_B07_C030_Mototaxi_Electrica,-1.0,-0.1,9.0,55.224311905060965
1,EV_B07_C030_Mototaxi_Electrica,5.0,82.31199709415594,-1.0,55.224311905060965
1,EV_B07_C030_Mototaxi_Electrica,4.0,82.31199709415594,-1.0,55.224311905060965
1,EV_B07_C030_Mototaxi_Electrica,3.0,82.31199709415594,-1.0,55.224311905060965
1,EV_B07_C030_Mototaxi_Electrica,2.0,82.31199709415594,-1.0,55.224311905060965
1,EV_B07_C030_Mototaxi_Electrica,1.0,82.31199709415594,-1.0,55.224311905060965
1,EV_B07_C030_Mototaxi_Electrica,0.0,82.31199709415594,-1.0,55.224311905060965
3,NONE,-1.0,-0.1,-1.0,-0.1
3,NONE,-1.0,-0.1,-1.0,-0.1
3,NONE,-1.0,-0.1,-1.0,-0.1
3,NONE,-1.0,-0.1,-1.0,-0.1
3,NONE,-1.0,-0.1,-1.0,-0.1
3,NONE,-1.0,-0.1,-1.0,-0.1
3,NONE,-1.0,-0.1,-1.0,-0.1
3,NONE,-1.0,-0.1,-1.0,-0.1
3,NONE,-1.0,-0.1,-1.0,-0.1
3,NONE,-1.0,-0.1,-1.0,-0.1
3,NONE,-1.0,-0.1,-1.0,-0.1
3,NONE,-1.0,-0.1,-1.0,-0.1
3,NONE,-1.0,-0.1,-1.0,-0.1
3,NONE,-1.0,-0.1,-1.0,-0.1
3,NONE,-1.0,-0.1,-1.0,-0.1
3,NONE,-1.0,-0.1,-1.0,-0.1
3,NONE,-1.0,-0.1,-1.0,-0.1
3,NONE,-1.0,-0.1,-1.0,-0.1
3,NONE,-1.0,-0.1,-1.0,-0.1
3,NONE,-1.0,-0.1,-1.0,-0.1
2,EV_B07_C030_Mototaxi_Electrica,-1.0,-0.1,12.0,15.007939933670777
1,EV_B07_C030_Mototaxi_Electrica,2.0,97.97167251755653,-1.0,15.007939933670777
1,EV_B07_C030_Mototaxi_Electrica,1.0,97.97167251755653,-1.0,15.007939933670777
1,EV_B07_C030_Mototaxi_Electrica,0.0,97.97167251755653,-1.0,15.007939933670777
3,NONE,-1.0,-0.1,-1.0,-0.1
3,NONE,-1.0,-0.1,-1.0,-0.1
3,NONE,-1.0,-0.1,-1.0,-0.1
3,NONE,-1.0,-0.1,-1.0,-0.1
3,NONE,-1.0,-0.1,-1.0,-0.1
3,NONE,-1.0,-0.1,-1.0,-0.1
3,NONE,-1.0,-0.1,-1.0,-0.1
3,NONE,-1.0,-0.1,-1.0,-0.1
3,NONE,-1.0,-0.1,-1.0,-0.1
3,NONE,-1.0,-0.1,-1.0,-0.1
3,NONE,-1.0,-0.1,-1.0,-0.1
3,NONE,-1.0,-0.1,-1.0,-0.1
3,NONE,-1.0,-0.1,-1.0,-0.1
3,NONE,-1.0,-0.1,-1.0,-0.1
3,NONE,-1.0,-0.1,-1.0,-0.1
2,EV_B07_C030_Mototaxi_Electrica,-1.0,-0.1,7.0,24.49005515840434
1,EV_B07_C030_Mototaxi_Electrica,7.0,71.5256344490355,-1.0,24.49005515840434
1,EV_B07_C030_Mototaxi_Electrica,6.0,71.5256344490355,-1.0,24.49005515840434
1,EV_B07_C030_Mototaxi_Electrica,5.0,71.5256344490355,-1.0,24.49005515840434
1,EV_B07_C030_Mototaxi_Electrica,4.0,71.5256344490355,-1.0,24.49005515840434
1,EV_B07_C030_Mototaxi_Electrica,3.0,71.5256344490355,-1.0,24.49005515840434
1,EV_B07_C030_Mototaxi_Electrica,2.0,71.5256344490355,-1.0,24.49005515840434
1,EV_B07_C030_Mototaxi_Electrica,1.0,71.5256344490355,-1.0,24.49005515840434
1,EV_B07_C030_Mototaxi_Electrica,0.0,71.5256344490355,-1.0,24.49005515840434
3,NONE,-1.0,-0.1,-1.0,-0.1
3,NONE,-1.0,-0.1,-1.0,-0.1
3,NONE,-1.0,-0.1,-1.0,-0.1
3,NONE,-1.0,-0.1,-1.0,-0.1
3,NONE,-1.0,-0.1,-1.0,-0.1
3,NONE,-1.0,-0.1,-1.0,-0.1
3,NONE,-1.0,-0.1,-1.0,-0.1
3,NONE,-1.0,-0.1,-1.0,-0.1
3,NONE,-1.0,-0.1,-1.0,-0.1
3,NONE,-1.0,-0.1,-1.0,-0.1
3,NONE,-1.0,-0.1,-1.0,-0.1
3,NONE,-1.0,-0.1,-1.0,-0.1
3,NONE,-1.0,-0.1,-1.0,-0.1
3,NONE,-1.0,-0.1,-1.0,-0.1
3,NONE,-1.0,-0.1,-1.0,-0.1
2,EV_B07_C030_Mototaxi_Electrica,-1.0,-0.1,7.0,35.668277267727
1,EV_B07_C030_Mototaxi_Electrica,7.0,69.02466899542243,-1.0,35.668277267727
1,EV_B07_C030_Mototaxi_Electrica,6.0,69.02466899542243,-1.0,35.668277267727
1,EV_B07_C030_Mototaxi_Electrica,5.0,69.02466899542243,-1.0,35.668277267727
1,EV_B07_C030_Mototaxi_Electrica,4.0,69.02466899542243,-1.0,35.668277267727
1,EV_B07_C030_Mototaxi_Electrica,3.0,69.02466899542243,-1.0,35.668277267727
1,EV_B07_C030_Mototaxi_Electrica,2.0,69.02466899542243,-1.0,35.668277267727
1,EV_B07_C030_Mototaxi_Electrica,1.0,69.02466899542243,-1.0,35.668277267727
1,EV_B07_C030_Mototaxi_Electrica,0.0,69.02466899542243,-1.0,35.668277267727
3,NONE,-1.0,-0.1,-1.0,-0.1
3,NONE,-1.0,-0.1,-1.0,-0.1
3,NONE,-1.0,-0.1,-1.0,-0.1
3,NONE,-1.0,-0.1,-1.0,-0.1
3,NONE,-1.0,-0.1,-1.0,-0.1
3,NONE,-1.0,-0.1,-1.0,-0.1
3,NONE,-1.0,-0.1,-1.0,-0.1
3,NONE,-1.0,-0.1,-1.0,-0.1
3,NONE,-1.0,-0.1,-1.0,-0.1
3,NONE,-1.0,-0.1,-1.0,-0.1
3,NONE,-1.0,-0.1,-1.0,-0.1
3,NONE,-1.0,-0.1,-1.0,-0.1
3,NONE,-1.0,-0.1,-1.0,-0.1
3,NONE,-1.0,-0.1,-1.0,-0.1
3,NONE,-1.0,-0.1,-1.0,-0.1
2,EV_B07_C030_Mototaxi_Electrica,-1.0,-0.1,7.0,27.128817421769956
1,EV_B07_C030_Mototaxi_Electrica,7.0,88.08251685758079,-1.0,27.128817421769956
1,EV_B07_C030_Mototaxi_Electrica,6.0,88.08251685758079,-1.0,27.128817421769956
1,EV_B07_C030_Mototaxi_Electrica,5.0,88.08251685758079,-1.0,27.128817421769956
1,EV_B07_C030_Mototaxi_Electrica,4.0,88.08251685758079,-1.0,27.128817421769956
1,EV_B07_C030_Mototaxi_Electrica,3.0,88.08251685758079,-1.0,27.128817421769956
1,EV_B07_C030_Mototaxi_Electrica,2.0,88.08251685758079,-1.0,27.128817421769956
1,EV_B07_C030_Mototaxi_Electrica,1.0,88.08251685758079,-1.0,27.128817421769956
1,EV_B07_C030_Mototaxi_Electrica,0.0,88.08251685758079,-1.0,27.128817421769956
3,NONE,-1.0,-0.1,-1.0,-0.1
3,NONE,-1.0,-0.1,-1.0,-0.1
3,NONE,-1.0,-0.1,-1.0,-0.1
3,NONE,-1.0,-0.1,-1.0,-0.1
3,NONE,-1.0,-0.1,-1.0,-0.1
3,NONE,-1.0,-0.1,-1.0,-0.1
3,NONE,-1.0,-0.1,-1.0,-0.1
3,NONE,-1.0,-0.1,-1.0,-0.1
3,NONE,-1.0,-0.1,-1.0,-0.1
3,NONE,-1.0,-0.1,-1.0,-0.1
3,NONE,-1.0,-0.1,-1.0,-0.1
3,NONE,-1.0,-0.1,-1.0,-0.1
3,NONE,-1.0,-0.1,-1.0,-0.1
3,NONE,-1.0,-0.1,-1.0,-0.1
3,NONE,-1.0,-0.1,-1.0,-0.1
3,NONE,-1.0,-0.1,-1.0,-0.1
3,NONE,-1.0,-0.1,-1.0,-0.1
3,NONE,-1.0,-0.1,-1.0,-0.1
3,NONE,-1.0,-0.1,-1.0,-0.1
3,NONE,-1.0,-0.1,-1.0,-0.1
3,NONE,-1.0,-0.1,-1.0,-0.1
3,NONE,-1.0,-0.1,-1.0,-0.1
3,NONE,-1.0,-0.1,-1.0,-0.1
3,NONE,-1.0,-0.1,-1.0,-0.1
3,NONE,-1.0,-0.1,-1.0,-0.1
3,NONE,-1.0,-0.1,-1.0,-0.1
3,NONE,-1.0,-0.1,-1.0,-0.1
3,NONE,-1.0,-0.1,-1.0,-0.1
3,NONE,-1.0,-0.1,-1.0,-0.1
3,NONE,-1.0,-0.1,-1.0,-0.1
3,NONE,-1.0,-0.1,-1.0,-0.1
3,NONE,-1.0,-0.1,-1.0,-0.1
3,NONE,-1.0,-0.1,-1.0,-0.1
3,NONE,-1.0,-0.1,-1.0,-0.1
3,NONE,-1.0,-0.1,-1.0,-0.1
3,NONE,-1.0,-0.1,-1.0,-0.1
3,NONE,-1.0,-0.1,-1.0,-0.1
3,NONE,-1.0,-0.1,-1.0,-0.1
3,NONE,-1.0,-0.1,-1.0,-0.1
3,NONE,-1.0,-0.1,-1.0,-0.1
3,NONE,-1.0,-0.1,-1.0,-0.1
3,NONE,-1.0,-0.1,-1.0,-0.1
3,NONE,-1.0,-0.1,-1.0,-0.1
3,NONE,-1.0,-0.1,-1.0,-0.1
3,NONE,-1.0,-0.1,-1.0,-0.1
3,NONE,-1.0,-0.1,-1.0,-0.1
3,NONE,-1.0,-0.1,-1.0,-0.1
3,NONE,-1.0,-0.1,-1.0,-0.1
3,NONE,-1.0,-0.1,-1.0,-0.1
3,NONE,-1.0,-0.1,-1.0,-0.1
3,NONE,-1.0,-0.1,-1.0,-0.1
3,NONE,-1.0,-0.1,-1.0,-0.1
3,NONE,-1.0,-0.1,-1.0,-0.1
3,NONE,-1.0,-0.1,-1.0,-0.1
3,NONE,-1.0,-0.1,-1.0,-0.1
3,NONE,-1.0,-0.1,-1.0,-0.1
3,NONE,-1.0,-0.1,-1.0,-0.1
3,NONE,-1.0,-0.1,-1.0,-0.1
3,NONE,-1.0,-0.1,-1.0,-0.1
3,NONE,-1.0,-0.1,-1.0,-0.1
3,NONE,-1.0,-0.1,-1.0,-0.1
3,NONE,-1.0,-0.1,-1.0,-0.1
3,NONE,-1.0,-0.1,-1.0,-0.1
3,NONE,-1.0,-0.1,-1.0,-0.1
3,NONE,-1.0,-0.1,-1.0,-0.1
2,EV_B07_C030_Mototaxi_Electrica,-1.0,-0.1,9.0,48.78704063700403
1,EV_B07_C030_Mototaxi_Electrica,5.0,71.65376641289248,-1.0,48.78704063700403
1,EV_B07_C030_Mototaxi_Electrica,4.0,71.65376641289248,-1.0,48.78704063700403
1,EV_B07_C030_Mototaxi_Electrica,3.0,71.65376641289248,-1.0,48.78704063700403
1,EV_B07_C030_Mototaxi_Electrica,2.0,71.65376641289248,-1.0,48.78704063700403
1,EV_B07_C030_Mototaxi_Electrica,1.0,71.65376641289248,-1.0,48.78704063700403
1,EV_B07_C030_Mototaxi_Electrica,0.0,71.65376641289248,-1.0,48.78704063700403
3,NONE,-1.0,-0.1,-1.0,-0.1
3,NONE,-1.0,-0.1,-1.0,-0.1
3,NONE,-1.0,-0.1,-1.0,-0.1
3,NONE,-1.0,-0.1,-1.0,-0.1
3,NONE,-1.0,-0.1,-1.0,-0.1
3,NONE,-1.0,-0.1,-1.0,-0.1
3,NONE,-1.0,-0.1,-1.0,-0.1
3,NONE,-1.0,-0.1,-1.0,-0.1
3,NONE,-1.0,-0.1,-1.0,-0.1
3,NONE,-1.0,-0.1,-1.0,-0.1
3,NONE,-1.0,-0.1,-1.0,-0.1
3,NONE,-1.0,-0.1,-1.0,-0.1
3,NONE,-1.0,-0.1,-1.0,-0.1
3,NONE,-1.0,-0.1,-1.0,-0.1
3,NONE,-1.0,-0.1,-1.0,-0.1
3,NONE,-1.0,-0.1,-1.0,-0.1
3,NONE,-1.0,-0.1,-1.0,-0.1
3,NONE,-1.0,-0.1,-1.0,-0.1
2,EV_B07_C030_Mototaxi_Electrica,-1.0,-0.1,10.0,37.42048673535855
1,EV_B07_C030_Mototaxi_Electrica,4.0,82.2236192136166,-1.0,37.42048673535855
1,EV_B07_C030_Mototaxi_Electrica,3.0,82.2236192136166,-1.0,37.42048673535855
1,EV_B07_C030_Mototaxi_Electrica,2.0,82.2236192136166,-1.0,37.42048673535855
1,EV_B07_C030_Mototaxi_Electrica,1.0,82.2236192136166,-1.0,37.42048673535855
1,EV_B07_C030_Mototaxi_Electrica,0.0,82.2236192136166,-1.0,37.42048673535855
3,NONE,-1.0,-0.1,-1.0,-0.1
3,NONE,-1.0,-0.1,-1.0,-0.1
3,NONE,-1.0,-0.1,-1.0,-0.1
3,NONE,-1.0,-0.1,-1.0,-0.1
3,NONE,-1.0,-0.1,-1.0,-0.1
3,NONE,-1.0,-0.1,-1.0,-0.1
3,NONE,-1.0,-0.1,-1.0,-0.1
3,NONE,-1.0,-0.1,-1.0,-0.1
3,NONE,-1.0,-0.1,-1.0,-0.1
3,NONE,-1.0,-0.1,-1.0,-0.1
3,NONE,-1.0,-0.1,-1.0,-0.1
3,NONE,-1.0,-0.1,-1.0,-0.1
3,NONE,-1.0,-0.1,-1.0,-0.1
3,NONE,-1.0,-0.1,-1.0,-0.1
3,NONE,-1.0,-0.1,-1.0,-0.1
3,NONE,-1.0,-0.1,-1.0,-0.1
3,NONE,-1.0,-0.1,-1.0,-0.1
2,EV_B07_C030_Mototaxi_Electrica,-1.0,-0.1,9.0,28.94234518699134
1,EV_B07_C030_Mototaxi_Electrica,5.0,77.00397011914062,-1.0,28.94234518699134
1,EV_B07_C030_Mototaxi_Electrica,4.0,77.00397011914062,-1.0,28.94234518699134
1,EV_B07_C030_Mototaxi_Electrica,3.0,77.00397011914062,-1.0,28.94234518699134
1,EV_B07_C030_Mototaxi_Electrica,2.0,77.00397011914062,-1.0,28.94234518699134
1,EV_B07_C030_Mototaxi_Electrica,1.0,77.00397011914062,-1.0,28.94234518699134
1,EV_B07_C030_Mototaxi_Electrica,0.0,77.00397011914062,-1.0,28.94234518699134
3,NONE,-1.0,-0.1,-1.0,-0.1
3,NONE,-1.0,-0.1,-1.0,-0.1
3,NONE,-1.0,-0.1,-1.0,-0.1
3,NONE,-1.0,-0.1,-1.0,-0.1
3,NONE,-1.0,-0.1,-1.0,-0.1
3,NONE,-1.0,-0.1,-1.0,-0.1
3,NONE,-1.0,-0.1,-1.0,-0.1
3,NONE,-1.0,-0.1,-1.0,-0.1
3,NONE,-1.0,-0.1,-1.0,-0.1
3,NONE,-1.0,-0.1,-1.0,-0.1
3,NONE,-1.0,-0.1,-1.0,-0.1
3,NONE,-1.0,-0.1,-1.0,-0.1
3,NONE,-1.0,-0.1,-1.0,-0.1
3,NONE,-1.0,-0.1,-1.0,-0.1
3,NONE,-1.0,-0.1,-1.0,-0.1
3,NONE,-1.0,-0.1,-1.0,-0.1
3,NONE,-1.0,-0.1,-1.0,-0.1
3,NONE,-1.0,-0.1,-1.0,-0.1
2,EV_B07_C030_Mototaxi_Electrica,-1.0,-0.1,10.0,29.10386554718276
1,EV_B07_C030_Mototaxi_Electrica,4.0,88.49862741894319,-1.0,29.10386554718276
1,EV_B07_C030_Mototaxi_Electrica,3.0,88.49862741894319,-1.0,29.10386554718276
1,EV_B07_C030_Mototaxi_Electrica,2.0,88.49862741894319,-1.0,29.10386554718276
1,EV_B07_C030_Mototaxi_Electrica,1.0,88.49862741894319,-1.0,29.10386554718276
1,EV_B07_C030_Mototaxi_Electrica,0.0,88.49862741894319,-1.0,29.10386554718276
3,NONE,-1.0,-0.1,-1.0,-0.1
3,NONE,-1.0,-0.1,-1.0,-0.1
3,NONE,-1.0,-0.1,-1.0,-0.1
3,NONE,-1.0,-0.1,-1.0,-0.1
3,NONE,-1.0,-0.1,-1.0,-0.1
3,NONE,-1.0,-0.1,-1.0,-0.1
3,NONE,-1.0,-0.1,-1.0,-0.1
3,NONE,-1.0,-0.1,-1.0,-0.1
3,NONE,-1.0,-0.1,-1.0,-0.1
3,NONE,-1.0,-0.1,-1.0,-0.1
3,NONE,-1.0,-0.1,-1.0,-0.1
3,NONE,-1.0,-0.1,-1.0,-0.1
3,NONE,-1.0,-0.1,-1.0,-0.1
3,NONE,-1.0,-0.1,-1.0,-0.1
3,NONE,-1.0,-0.1,-1.0,-0.1
3,NONE,-1.0,-0.1,-1.0,-0.1
2,EV_B07_C030_Mototaxi_Electrica,-1.0,-0.1,8.0,42.763880301291735
1,EV_B07_C030_Mototaxi_Electrica,6.0,67.75683274773561,-1.0,42.763880301291735
1,EV_B07_C030_Mototaxi_Electrica,5.0,67.75683274773561,-1.0,42.763880301291735
1,EV_B07_C030_Mototaxi_Electrica,4.0,67.75683274773561,-1.0,42.763880301291735
1,EV_B07_C030_Mototaxi_Electrica,3.0,67.75683274773561,-1.0,42.763880301291735
1,EV_B07_C030_Mototaxi_Electrica,2.0,67.75683274773561,-1.0,42.763880301291735
1,EV_B07_C030_Mototaxi_Electrica,1.0,67.75683274773561,-1.0,42.763880301291735
1,EV_B07_C030_Mototaxi_Electrica,0.0,67.75683274773561,-1.0,42.763880301291735
3,NONE,-1.0,-0.1,-1.0,-0.1
3,NONE,-1.0,-0.1,-1.0,-0.1
3,NONE,-1.0,-0.1,-1.0,-0.1
3,NONE,-1.0,-0.1,-1.0,-0.1
3,NONE,-1.0,-0.1,-1.0,-0.1
3,NONE,-1.0,-0.1,-1.0,-0.1
3,NONE,-1.0,-0.1,-1.0,-0.1
3,NONE,-1.0,-0.1,-1.0,-0.1
3,NONE,-1.0,-0.1,-1.0,-0.1
3,NONE,-1.0,-0.1,-1.0,-0.1
3,NONE,-1.0,-0.1,-1.0,-0.1
3,NONE,-1.0,-0.1,-1.0,-0.1
3,NONE,-1.0,-0.1,-1.0,-0.1
3,NONE,-1.0,-0.1,-1.0,-0.1
3,NONE,-1.0,-0.1,-1.0,-0.1
3,NONE,-1.0,-0.1,-1.0,-0.1
3,NONE,-1.0,-0.1,-1.0,-0.1
3,NONE,-1.0,-0.1,-1.0,-0.1
3,NONE,-1.0,-0.1,-1.0,-0.1
3,NONE,-1.0,-0.1,-1.0,-0.1
3,NONE,-1.0,-0.1,-1.0,-0.1
3,NONE,-1.0,-0.1,-1.0,-0.1
3,NONE,-1.0,-0.1,-1.0,-0.1
3,NONE,-1.0,-0.1,-1.0,-0.1
3,NONE,-1.0,-0.1,-1.0,-0.1
3,NONE,-1.0,-0.1,-1.0,-0.1
3,NONE,-1.0,-0.1,-1.0,-0.1
3,NONE,-1.0,-0.1,-1.0,-0.1
3,NONE,-1.0,-0.1,-1.0,-0.1
3,NONE,-1.0,-0.1,-1.0,-0.1
3,NONE,-1.0,-0.1,-1.0,-0.1
3,NONE,-1.0,-0.1,-1.0,-0.1
3,NONE,-1.0,-0.1,-1.0,-0.1
3,NONE,-1.0,-0.1,-1.0,-0.1
3,NONE,-1.0,-0.1,-1.0,-0.1
3,NONE,-1.0,-0.1,-1.0,-0.1
3,NONE,-1.0,-0.1,-1.0,-0.1
3,NONE,-1.0,-0.1,-1.0,-0.1
3,NONE,-1.0,-0.1,-1.0,-0.1
3,NONE,-1.0,-0.1,-1.0,-0.1
3,NONE,-1.0,-0.1,-1.0,-0.1
3,NONE,-1.0,-0.1,-1.0,-0.1
3,NONE,-1.0,-0.1,-1.0,-0.1
3,NONE,-1.0,-0.1,-1.0,-0.1
3,NONE,-1.0,-0.1,-1.0,-0.1
3,NONE,-1.0,-0.1,-1.0,-0.1
3,NONE,-1.0,-0.1,-1.0,-0.1
3,NONE,-1.0,-0.1,-1.0,-0.1
3,NONE,-1.0,-0.1,-1.0,-0.1
3,NONE,-1.0,-0.1,-1.0,-0.1
3,NONE,-1.0,-0.1,-1.0,-0.1
3,NONE,-1.0,-0.1,-1.0,-0.1
3,NONE,-1.0,-0.1,-1.0,-0.1
3,NONE,-1.0,-0.1,-1.0,-0.1
3,NONE,-1.0,-0.1,-1.0,-0.1
3,NONE,-1.0,-0.1,-1.0,-0.1
3,NONE,-1.0,-0.1,-1.0,-0.1
3,NONE,-1.0,-0.1,-1.0,-0.1
3,NONE,-1.0,-0.1,-1.0,-0.1
3,NONE,-1.0,-0.1,-1.0,-0.1
3,NONE,-1.0,-0.1,-1.0,-0.1
3,NONE,-1.0,-0.1,-1.0,-0.1
3,NONE,-1.0,-0.1,-1.0,-0.1
2,EV_B07_C030_Mototaxi_Electrica,-1.0,-0.1,7.0,44.407599664413944
1,EV_B07_C030_Mototaxi_Electrica,6.0,82.37028997733688,-1.0,44.407599664413944
1,EV_B07_C030_Mototaxi_Electrica,5.0,82.37028997733688,-1.0,44.407599664413944
1,EV_B07_C030_Mototaxi_Electrica,4.0,82.37028997733688,-1.0,44.407599664413944
1,EV_B07_C030_Mototaxi_Electrica,3.0,82.37028997733688,-1.0,44.407599664413944
1,EV_B07_C030_Mototaxi_Electrica,2.0,82.37028997733688,-1.0,44.407599664413944
1,EV_B07_C030_Mototaxi_Electrica,1.0,82.37028997733688,-1.0,44.407599664413944
1,EV_B07_C030_Mototaxi_Electrica,0.0,82.37028997733688,-1.0,44.407599664413944
3,NONE,-1.0,-0.1,-1.0,-0.1
3,NONE,-1.0,-0.1,-1.0,-0.1
3,NONE,-1.0,-0.1,-1.0,-0.1
3,NONE,-1.0,-0.1,-1.0,-0.1
3,NONE,-1.0,-0.1,-1.0,-0.1
3,NONE,-1.0,-0.1,-1.0,-0.1
3,NONE,-1.0,-0.1,-1.0,-0.1
3,NONE,-1.0,-0.1,-1.0,-0.1
3,NONE,-1.0,-0.1,-1.0,-0.1
3,NONE,-1.0,-0.1,-1.0,-0.1
3,NONE,-1.0,-0.1,-1.0,-0.1
3,NONE,-1.0,-0.1,-1.0,-0.1
3,NONE,-1.0,-0.1,-1.0,-0.1
3,NONE,-1.0,-0.1,-1.0,-0.1
3,NONE,-1.0,-0.1,-1.0,-0.1
3,NONE,-1.0,-0.1,-1.0,-0.1
3,NONE,-1.0,-0.1,-1.0,-0.1
3,NONE,-1.0,-0.1,-1.0,-0.1
3,NONE,-1.0,-0.1,-1.0,-0.1
2,EV_B07_C030_Mototaxi_Electrica,-1.0,-0.1,10.0,38.53376874832755
1,EV_B07_C030_Mototaxi_Electrica,4.0,92.12896788220168,-1.0,38.53376874832755
1,EV_B07_C030_Mototaxi_Electrica,3.0,92.12896788220168,-1.0,38.53376874832755
1,EV_B07_C030_Mototaxi_Electrica,2.0,92.12896788220168,-1.0,38.53376874832755
1,EV_B07_C030_Mototaxi_Electrica,1.0,92.12896788220168,-1.0,38.53376874832755
1,EV_B07_C030_Mototaxi_Electrica,0.0,92.12896788220168,-1.0,38.53376874832755
3,NONE,-1.0,-0.1,-1.0,-0.1
3,NONE,-1.0,-0.1,-1.0,-0.1
3,NONE,-1.0,-0.1,-1.0,-0.1
3,NONE,-1.0,-0.1,-1.0,-0.1
3,NONE,-1.0,-0.1,-1.0,-0.1
3,NONE,-1.0,-0.1,-1.0,-0.1
3,NONE,-1.0,-0.1,-1.0,-0.1
3,NONE,-1.0,-0.1,-1.0,-0.1
3,NONE,-1.0,-0.1,-1.0,-0.1
3,NONE,-1.0,-0.1,-1.0,-0.1
3,NONE,-1.0,-0.1,-1.0,-0.1
3,NONE,-1.0,-0.1,-1.0,-0.1
3,NONE,-1.0,-0.1,-1.0,-0.1
3,NONE,-1.0,-0.1,-1.0,-0.1
3,NONE,-1.0,-0.1,-1.0,-0.1
3,NONE,-1.0,-0.1,-1.0,-0.1
3,NONE,-1.0,-0.1,-1.0,-0.1
2,EV_B07_C030_Mototaxi_Electrica,-1.0,-0.1,9.0,37.49446366411305
1,EV_B07_C030_Mototaxi_Electrica,5.0,82.77124878752889,-1.0,37.49446366411305
1,EV_B07_C030_Mototaxi_Electrica,4.0,82.77124878752889,-1.0,37.49446366411305
1,EV_B07_C030_Mototaxi_Electrica,3.0,82.77124878752889,-1.0,37.49446366411305
1,EV_B07_C030_Mototaxi_Electrica,2.0,82.77124878752889,-1.0,37.49446366411305
1,EV_B07_C030_Mototaxi_Electrica,1.0,82.77124878752889,-1.0,37.49446366411305
1,EV_B07_C030_Mototaxi_Electrica,0.0,82.77124878752889,-1.0,37.49446366411305
3,NONE,-1.0,-0.1,-1.0,-0.1
3,NONE,-1.0,-0.1,-1.0,-0.1
3,NONE,-1.0,-0.1,-1.0,-0.1
3,NONE,-1.0,-0.1,-1.0,-0.1
3,NONE,-1.0,-0.1,-1.0,-0.1
3,NONE,-1.0,-0.1,-1.0,-0.1
3,NONE,-1.0,-0.1,-1.0,-0.1
3,NONE,-1.0,-0.1,-1.0,-0.1
3,NONE,-1.0,-0.1,-1.0,-0.1
3,NONE,-1.0,-0.1,-1.0,-0.1
3,NONE,-1.0,-0.1,-1.0,-0.1
3,NONE,-1.0,-0.1,-1.0,-0.1
3,NONE,-1.0,-0.1,-1.0,-0.1
3,NONE,-1.0,-0.1,-1.0,-0.1
3,NONE,-1.0,-0.1,-1.0,-0.1
3,NONE,-1.0,-0.1,-1.0,-0.1
3,NONE,-1.0,-0.1,-1.0,-0.1
2,EV_B07_C030_Mototaxi_Electrica,-1.0,-0.1,9.0,59.3349607059938
1,EV_B07_C030_Mototaxi_Electrica,5.0,74.6057856445392,-1.0,59.3349607059938
1,EV_B07_C030_Mototaxi_Electrica,4.0,74.6057856445392,-1.0,59.3349607059938
1,EV_B07_C030_Mototaxi_Electrica,3.0,74.6057856445392,-1.0,59.3349607059938
1,EV_B07_C030_Mototaxi_Electrica,2.0,74.6057856445392,-1.0,59.3349607059938
1,EV_B07_C030_Mototaxi_Electrica,1.0,74.6057856445392,-1.0,59.3349607059938
1,EV_B07_C030_Mototaxi_Electrica,0.0,74.6057856445392,-1.0,59.3349607059938
3,NONE,-1.0,-0.1,-1.0,-0.1
3,NONE,-1.0,-0.1,-1.0,-0.1
3,NONE,-1.0,-0.1,-1.0,-0.1
3,NONE,-1.0,-0.1,-1.0,-0.1
3,NONE,-1.0,-0.1,-1.0,-0.1
3,NONE,-1.0,-0.1,-1.0,-0.1
3,NONE,-1.0,-0.1,-1.0,-0.1
3,NONE,-1.0,-0.1,-1.0,-0.1
3,NONE,-1.0,-0.1,-1.0,-0.1
3,NONE,-1.0,-0.1,-1.0,-0.1
3,NONE,-1.0,-0.1,-1.0,-0.1
3,NONE,-1.0,-0.1,-1.0,-0.1
3,NONE,-1.0,-0.1,-1.0,-0.1
3,NONE,-1.0,-0.1,-1.0,-0.1
3,NONE,-1.0,-0.1,-1.0,-0.1
3,NONE,-1.0,-0.1,-1.0,-0.1
2,EV_B07_C030_Mototaxi_Electrica,-1.0,-0.1,8.0,27.097756368332114
1,EV_B07_C030_Mototaxi_Electrica,6.0,82.50901649412849,-1.0,27.097756368332114
1,EV_B07_C030_Mototaxi_Electrica,5.0,82.50901649412849,-1.0,27.097756368332114
1,EV_B07_C030_Mototaxi_Electrica,4.0,82.50901649412849,-1.0,27.097756368332114
1,EV_B07_C030_Mototaxi_Electrica,3.0,82.50901649412849,-1.0,27.097756368332114
1,EV_B07_C030_Mototaxi_Electrica,2.0,82.50901649412849,-1.0,27.097756368332114
1,EV_B07_C030_Mototaxi_Electrica,1.0,82.50901649412849,-1.0,27.097756368332114
1,EV_B07_C030_Mototaxi_Electrica,0.0,82.50901649412849,-1.0,27.097756368332114
3,NONE,-1.0,-0.1,-1.0,-0.1
3,NONE,-1.0,-0.1,-1.0,-0.1
3,NONE,-1.0,-0.1,-1.0,-0.1
3,NONE,-1.0,-0.1,-1.0,-0.1
3,NONE,-1.0,-0.1,-1.0,-0.1
3,NONE,-1.0,-0.1,-1.0,-0.1
3,NONE,-1.0,-0.1,-1.0,-0.1
3,NONE,-1.0,-0.1,-1.0,-0.1
3,NONE,-1.0,-0.1,-1.0,-0.1
3,NONE,-1.0,-0.1,-1.0,-0.1
3,NONE,-1.0,-0.1,-1.0,-0.1
3,NONE,-1.0,-0.1,-1.0,-0.1
3,NONE,-1.0,-0.1,-1.0,-0.1
3,NONE,-1.0,-0.1,-1.0,-0.1
3,NONE,-1.0,-0.1,-1.0,-0.1
3,NONE,-1.0,-0.1,-1.0,-0.1
3,NONE,-1.0,-0.1,-1.0,-0.1
3,NONE,-1.0,-0.1,-1.0,-0.1
3,NONE,-1.0,-0.1,-1.0,-0.1
3,NONE,-1.0,-0.1,-1.0,-0.1
3,NONE,-1.0,-0.1,-1.0,-0.1
3,NONE,-1.0,-0.1,-1.0,-0.1
3,NONE,-1.0,-0.1,-1.0,-0.1
3,NONE,-1.0,-0.1,-1.0,-0.1
3,NONE,-1.0,-0.1,-1.0,-0.1
3,NONE,-1.0,-0.1,-1.0,-0.1
3,NONE,-1.0,-0.1,-1.0,-0.1
3,NONE,-1.0,-0.1,-1.0,-0.1
3,NONE,-1.0,-0.1,-1.0,-0.1
3,NONE,-1.0,-0.1,-1.0,-0.1
3,NONE,-1.0,-0.1,-1.0,-0.1
3,NONE,-1.0,-0.1,-1.0,-0.1
3,NONE,-1.0,-0.1,-1.0,-0.1
3,NONE,-1.0,-0.1,-1.0,-0.1
3,NONE,-1.0,-0.1,-1.0,-0.1
3,NONE,-1.0,-0.1,-1.0,-0.1
3,NONE,-1.0,-0.1,-1.0,-0.1
3,NONE,-1.0,-0.1,-1.0,-0.1
3,NONE,-1.0,-0.1,-1.0,-0.1
3,NONE,-1.0,-0.1,-1.0,-0.1
3,NONE,-1.0,-0.1,-1.0,-0.1
3,NONE,-1.0,-0.1,-1.0,-0.1
3,NONE,-1.0,-0.1,-1.0,-0.1
3,NONE,-1.0,-0.1,-1.0,-0.1
3,NONE,-1.0,-0.1,-1.0,-0.1
3,NONE,-1.0,-0.1,-1.0,-0.1
3,NONE,-1.0,-0.1,-1.0,-0.1
3,NONE,-1.0,-0.1,-1.0,-0.1
3,NONE,-1.0,-0.1,-1.0,-0.1
3,NONE,-1.0,-0.1,-1.0,-0.1
3,NONE,-1.0,-0.1,-1.0,-0.1
3,NONE,-1.0,-0.1,-1.0,-0.1
3,NONE,-1.0,-0.1,-1.0,-0.1
3,NONE,-1.0,-0.1,-1.0,-0.1
3,NONE,-1.0,-0.1,-1.0,-0.1
3,NONE,-1.0,-0.1,-1.0,-0.1
3,NONE,-1.0,-0.1,-1.0,-0.1
3,NONE,-1.0,-0.1,-1.0,-0.1
3,NONE,-1.0,-0.1,-1.0,-0.1
3,NONE,-1.0,-0.1,-1.0,-0.1
3,NONE,-1.0,-0.1,-1.0,-0.1
3,NONE,-1.0,-0.1,-1.0,-0.1
3,NONE,-1.0,-0.1,-1.0,-0.1
3,NONE,-1.0,-0.1,-1.0,-0.1
3,NONE,-1.0,-0.1,-1.0,-0.1
3,NONE,-1.0,-0.1,-1.0,-0.1
3,NONE,-1.0,-0.1,-1.0,-0.1
3,NONE,-1.0,-0.1,-1.0,-0.1
3,NONE,-1.0,-0.1,-1.0,-0.1
3,NONE,-1.0,-0.1,-1.0,-0.1
3,NONE,-1.0,-0.1,-1.0,-0.1
3,NONE,-1.0,-0.1,-1.0,-0.1
3,NONE,-1.0,-0.1,-1.0,-0.1
3,NONE,-1.0,-0.1,-1.0,-0.1
3,NONE,-1.0,-0.1,-1.0,-0.1
3,NONE,-1.0,-0.1,-1.0,-0.1
3,NONE,-1.0,-0.1,-1.0,-0.1
3,NONE,-1.0,-0.1,-1.0,-0.1
3,NONE,-1.0,-0.1,-1.0,-0.1
3,NONE,-1.0,-0.1,-1.0,-0.1
3,NONE,-1.0,-0.1,-1.0,-0.1
3,NONE,-1.0,-0.1,-1.0,-0.1
3,NONE,-1.0,-0.1,-1.0,-0.1
3,NONE,-1.0,-0.1,-1.0,-0.1
3,NONE,-1.0,-0.1,-1.0,-0.1
3,NONE,-1.0,-0.1,-1.0,-0.1
3,NONE,-1.0,-0.1,-1.0,-0.1
3,NONE,-1.0,-0.1,-1.0,-0.1
3,NONE,-1.0,-0.1,-1.0,-0.1
3,NONE,-1.0,-0.1,-1.0,-0.1
3,NONE,-1.0,-0.1,-1.0,-0.1
3,NONE,-1.0,-0.1,-1.0,-0.1
3,NONE,-1.0,-0.1,-1.0,-0.1
3,NONE,-1.0,-0.1,-1.0,-0.1
3,NONE,-1.0,-0.1,-1.0,-0.1
3,NONE,-1.0,-0.1,-1.0,-0.1
3,NONE,-1.0,-0.1,-1.0,-0.1
3,NONE,-1.0,-0.1,-1.0,-0.1
3,NONE,-1.0,-0.1,-1.0,-0.1
3,NONE,-1.0,-0.1,-1.0,-0.1
3,NONE,-1.0,-0.1,-1.0,-0.1
3,NONE,-1.0,-0.1,-1.0,-0.1
3,NONE,-1.0,-0.1,-1.0,-0.1
3,NONE,-1.0,-0.1,-1.0,-0.1
3,NONE,-1.0,-0.1,-1.0,-0.1
3,NONE,-1.0,-0.1,-1.0,-0.1
3,NONE,-1.0,-0.1,-1.0,-0.1
3,NONE,-1.0,-0.1,-1.0,-0.1
3,NONE,-1.0,-0.1,-1.0,-0.1
3,NONE,-1.0,-0.1,-1.0,-0.1
3,NONE,-1.0,-0.1,-1.0,-0.1
3,NONE,-1.0,-0.1,-1.0,-0.1
2,EV_B07_C030_Mototaxi_Electrica,-1.0,-0.1,8.0,47.64644848904138
1,EV_B07_C030_Mototaxi_Electrica,6.0,70.14421072473618,-1.0,47.64644848904138
1,EV_B07_C030_Mototaxi_Electrica,5.0,70.14421072473618,-1.0,47.64644848904138
1,EV_B07_C030_Mototaxi_Electrica,4.0,70.14421072473618,-1.0,47.64644848904138
1,EV_B07_C030_Mototaxi_Electrica,3.0,70.14421072473618,-1.0,47.64644848904138
1,EV_B07_C030_Mototaxi_Electrica,2.0,70.14421072473618,-1.0,47.64644848904138
1,EV_B07_C030_Mototaxi_Electrica,1.0,70.14421072473618,-1.0,47.64644848904138
1,EV_B07_C030_Mototaxi_Electrica,0.0,70.14421072473618,-1.0,47.64644848904138
3,NONE,-1.0,-0.1,-1.0,-0.1
3,NONE,-1.0,-0.1,-1.0,-0.1
3,NONE,-1.0,-0.1,-1.0,-0.1
3,NONE,-1.0,-0.1,-1.0,-0.1
3,NONE,-1.0,-0.1,-1.0,-0.1
3,NONE,-1.0,-0.1,-1.0,-0.1
3,NONE,-1.0,-0.1,-1.0,-0.1
3,NONE,-1.0,-0.1,-1.0,-0.1
3,NONE,-1.0,-0.1,-1.0,-0.1
3,NONE,-1.0,-0.1,-1.0,-0.1
3,NONE,-1.0,-0.1,-1.0,-0.1
3,NONE,-1.0,-0.1,-1.0,-0.1
3,NONE,-1.0,-0.1,-1.0,-0.1
3,NONE,-1.0,-0.1,-1.0,-0.1
3,NONE,-1.0,-0.1,-1.0,-0.1
2,EV_B07_C030_Mototaxi_Electrica,-1.0,-0.1,7.0,38.38134237501727
1,EV_B07_C030_Mototaxi_Electrica,7.0,92.06922516165173,-1.0,38.38134237501727
1,EV_B07_C030_Mototaxi_Electrica,6.0,92.06922516165173,-1.0,38.38134237501727
1,EV_B07_C030_Mototaxi_Electrica,5.0,92.06922516165173,-1.0,38.38134237501727
1,EV_B07_C030_Mototaxi_Electrica,4.0,92.06922516165173,-1.0,38.38134237501727
1,EV_B07_C030_Mototaxi_Electrica,3.0,92.06922516165173,-1.0,38.38134237501727
1,EV_B07_C030_Mototaxi_Electrica,2.0,92.06922516165173,-1.0,38.38134237501727
1,EV_B07_C030_Mototaxi_Electrica,1.0,92.06922516165173,-1.0,38.38134237501727
1,EV_B07_C030_Mototaxi_Electrica,0.0,92.06922516165173,-1.0,38.38134237501727
3,NONE,-1.0,-0.1,-1.0,-0.1
3,NONE,-1.0,-0.1,-1.0,-0.1
3,NONE,-1.0,-0.1,-1.0,-0.1
3,NONE,-1.0,-0.1,-1.0,-0.1
3,NONE,-1.0,-0.1,-1.0,-0.1
3,NONE,-1.0,-0.1,-1.0,-0.1
3,NONE,-1.0,-0.1,-1.0,-0.1
3,NONE,-1.0,-0.1,-1.0,-0.1
3,NONE,-1.0,-0.1,-1.0,-0.1
3,NONE,-1.0,-0.1,-1.0,-0.1
3,NONE,-1.0,-0.1,-1.0,-0.1
3,NONE,-1.0,-0.1,-1.0,-0.1
3,NONE,-1.0,-0.1,-1.0,-0.1
3,NONE,-1.0,-0.1,-1.0,-0.1
3,NONE,-1.0,-0.1,-1.0,-0.1
3,NONE,-1.0,-0.1,-1.0,-0.1
3,NONE,-1.0,-0.1,-1.0,-0.1
3,NONE,-1.0,-0.1,-1.0,-0.1
3,NONE,-1.0,-0.1,-1.0,-0.1
3,NONE,-1.0,-0.1,-1.0,-0.1
3,NONE,-1.0,-0.1,-1.0,-0.1
3,NONE,-1.0,-0.1,-1.0,-0.1
3,NONE,-1.0,-0.1,-1.0,-0.1
3,NONE,-1.0,-0.1,-1.0,-0.1
3,NONE,-1.0,-0.1,-1.0,-0.1
3,NONE,-1.0,-0.1,-1.0,-0.1
3,NONE,-1.0,-0.1,-1.0,-0.1
3,NONE,-1.0,-0.1,-1.0,-0.1
3,NONE,-1.0,-0.1,-1.0,-0.1
3,NONE,-1.0,-0.1,-1.0,-0.1
3,NONE,-1.0,-0.1,-1.0,-0.1
3,NONE,-1.0,-0.1,-1.0,-0.1
3,NONE,-1.0,-0.1,-1.0,-0.1
3,NONE,-1.0,-0.1,-1.0,-0.1
3,NONE,-1.0,-0.1,-1.0,-0.1
3,NONE,-1.0,-0.1,-1.0,-0.1
3,NONE,-1.0,-0.1,-1.0,-0.1
3,NONE,-1.0,-0.1,-1.0,-0.1
3,NONE,-1.0,-0.1,-1.0,-0.1
3,NONE,-1.0,-0.1,-1.0,-0.1
3,NONE,-1.0,-0.1,-1.0,-0.1
3,NONE,-1.0,-0.1,-1.0,-0.1
3,NONE,-1.0,-0.1,-1.0,-0.1
3,NONE,-1.0,-0.1,-1.0,-0.1
3,NONE,-1.0,-0.1,-1.0,-0.1
3,NONE,-1.0,-0.1,-1.0,-0.1
3,NONE,-1.0,-0.1,-1.0,-0.1
3,NONE,-1.0,-0.1,-1.0,-0.1
3,NONE,-1.0,-0.1,-1.0,-0.1
3,NONE,-1.0,-0.1,-1.0,-0.1
3,NONE,-1.0,-0.1,-1.0,-0.1
3,NONE,-1.0,-0.1,-1.0,-0.1
3,NONE,-1.0,-0.1,-1.0,-0.1
3,NONE,-1.0,-0.1,-1.0,-0.1
3,NONE,-1.0,-0.1,-1.0,-0.1
3,NONE,-1.0,-0.1,-1.0,-0.1
3,NONE,-1.0,-0.1,-1.0,-0.1
3,NONE,-1.0,-0.1,-1.0,-0.1
3,NONE,-1.0,-0.1,-1.0,-0.1
3,NONE,-1.0,-0.1,-1.0,-0.1
3,NONE,-1.0,-0.1,-1.0,-0.1
3,NONE,-1.0,-0.1,-1.0,-0.1
3,NONE,-1.0,-0.1,-1.0,-0.1
3,NONE,-1.0,-0.1,-1.0,-0.1
3,NONE,-1.0,-0.1,-1.0,-0.1
3,NONE,-1.0,-0.1,-1.0,-0.1
3,NONE,-1.0,-0.1,-1.0,-0.1
3,NONE,-1.0,-0.1,-1.0,-0.1
3,NONE,-1.0,-0.1,-1.0,-0.1
3,NONE,-1.0,-0.1,-1.0,-0.1
3,NONE,-1.0,-0.1,-1.0,-0.1
3,NONE,-1.0,-0.1,-1.0,-0.1
3,NONE,-1.0,-0.1,-1.0,-0.1
3,NONE,-1.0,-0.1,-1.0,-0.1
3,NONE,-1.0,-0.1,-1.0,-0.1
3,NONE,-1.0,-0.1,-1.0,-0.1
3,NONE,-1.0,-0.1,-1.0,-0.1
3,NONE,-1.0,-0.1,-1.0,-0.1
3,NONE,-1.0,-0.1,-1.0,-0.1
3,NONE,-1.0,-0.1,-1.0,-0.1
3,NONE,-1.0,-0.1,-1.0,-0.1
3,NONE,-1.0,-0.1,-1.0,-0.1
3,NONE,-1.0,-0.1,-1.0,-0.1
3,NONE,-1.0,-0.1,-1.0,-0.1
3,NONE,-1.0,-0.1,-1.0,-0.1
3,NONE,-1.0,-0.1,-1.0,-0.1
3,NONE,-1.0,-0.1,-1.0,-0.1
3,NONE,-1.0,-0.1,-1.0,-0.1
3,NONE,-1.0,-0.1,-1.0,-0.1
2,EV_B07_C030_Mototaxi_Electrica,-1.0,-0.1,9.0,34.397249243753336
1,EV_B07_C030_Mototaxi_Electrica,5.0,75.07917908773248,-1.0,34.397249243753336
1,EV_B07_C030_Mototaxi_Electrica,4.0,75.07917908773248,-1.0,34.397249243753336
1,EV_B07_C030_Mototaxi_Electrica,3.0,75.07917908773248,-1.0,34.397249243753336
1,EV_B07_C030_Mototaxi_Electrica,2.0,75.07917908773248,-1.0,34.397249243753336
1,EV_B07_C030_Mototaxi_Electrica,1.0,75.07917908773248,-1.0,34.397249243753336
1,EV_B07_C030_Mototaxi_Electrica,0.0,75.07917908773248,-1.0,34.397249243753336
3,NONE,-1.0,-0.1,-1.0,-0.1
3,NONE,-1.0,-0.1,-1.0,-0.1
3,NONE,-1.0,-0.1,-1.0,-0.1
3,NONE,-1.0,-0.1,-1.0,-0.1
3,NONE,-1.0,-0.1,-1.0,-0.1
3,NONE,-1.0,-0.1,-1.0,-0.1
3,NONE,-1.0,-0.1,-1.0,-0.1
3,NONE,-1.0,-0.1,-1.0,-0.1
3,NONE,-1.0,-0.1,-1.0,-0.1
3,NONE,-1.0,-0.1,-1.0,-0.1
3,NONE,-1.0,-0.1,-1.0,-0.1
3,NONE,-1.0,-0.1,-1.0,-0.1
3,NONE,-1.0,-0.1,-1.0,-0.1
3,NONE,-1.0,-0.1,-1.0,-0.1
3,NONE,-1.0,-0.1,-1.0,-0.1
3,NONE,-1.0,-0.1,-1.0,-0.1
2,EV_B07_C030_Mototaxi_Electrica,-1.0,-0.1,8.0,57.56857213799093
1,EV_B07_C030_Mototaxi_Electrica,6.0,85.81905161729028,-1.0,57.56857213799093
1,EV_B07_C030_Mototaxi_Electrica,5.0,85.81905161729028,-1.0,57.56857213799093
1,EV_B07_C030_Mototaxi_Electrica,4.0,85.81905161729028,-1.0,57.56857213799093
1,EV_B07_C030_Mototaxi_Electrica,3.0,85.81905161729028,-1.0,57.56857213799093
1,EV_B07_C030_Mototaxi_Electrica,2.0,85.81905161729028,-1.0,57.56857213799093
1,EV_B07_C030_Mototaxi_Electrica,1.0,85.81905161729028,-1.0,57.56857213799093
1,EV_B07_C030_Mototaxi_Electrica,0.0,85.81905161729028,-1.0,57.56857213799093
3,NONE,-1.0,-0.1,-1.0,-0.1
3,NONE,-1.0,-0.1,-1.0,-0.1
3,NONE,-1.0,-0.1,-1.0,-0.1
3,NONE,-1.0,-0.1,-1.0,-0.1
3,NONE,-1.0,-0.1,-1.0,-0.1
3,NONE,-1.0,-0.1,-1.0,-0.1
3,NONE,-1.0,-0.1,-1.0,-0.1
3,NONE,-1.0,-0.1,-1.0,-0.1
3,NONE,-1.0,-0.1,-1.0,-0.1
3,NONE,-1.0,-0.1,-1.0,-0.1
3,NONE,-1.0,-0.1,-1.0,-0.1
3,NONE,-1.0,-0.1,-1.0,-0.1
3,NONE,-1.0,-0.1,-1.0,-0.1
3,NONE,-1.0,-0.1,-1.0,-0.1
3,NONE,-1.0,-0.1,-1.0,-0.1
3,NONE,-1.0,-0.1,-1.0,-0.1
3,NONE,-1.0,-0.1,-1.0,-0.1
2,EV_B07_C030_Mototaxi_Electrica,-1.0,-0.1,9.0,35.91476289915773
1,EV_B07_C030_Mototaxi_Electrica,5.0,70.85103513172677,-1.0,35.91476289915773
1,EV_B07_C030_Mototaxi_Electrica,4.0,70.85103513172677,-1.0,35.91476289915773
1,EV_B07_C030_Mototaxi_Electrica,3.0,70.85103513172677,-1.0,35.91476289915773
1,EV_B07_C030_Mototaxi_Electrica,2.0,70.85103513172677,-1.0,35.91476289915773
1,EV_B07_C030_Mototaxi_Electrica,1.0,70.85103513172677,-1.0,35.91476289915773
1,EV_B07_C030_Mototaxi_Electrica,0.0,70.85103513172677,-1.0,35.91476289915773
3,NONE,-1.0,-0.1,-1.0,-0.1
3,NONE,-1.0,-0.1,-1.0,-0.1
3,NONE,-1.0,-0.1,-1.0,-0.1
3,NONE,-1.0,-0.1,-1.0,-0.1
3,NONE,-1.0,-0.1,-1.0,-0.1
3,NONE,-1.0,-0.1,-1.0,-0.1
3,NONE,-1.0,-0.1,-1.0,-0.1
3,NONE,-1.0,-0.1,-1.0,-0.1
3,NONE,-1.0,-0.1,-1.0,-0.1
3,NONE,-1.0,-0.1,-1.0,-0.1
3,NONE,-1.0,-0.1,-1.0,-0.1
3,NONE,-1.0,-0.1,-1.0,-0.1
3,NONE,-1.0,-0.1,-1.0,-0.1
3,NONE,-1.0,-0.1,-1.0,-0.1
3,NONE,-1.0,-0.1,-1.0,-0.1
3,NONE,-1.0,-0.1,-1.0,-0.1
3,NONE,-1.0,-0.1,-1.0,-0.1
2,EV_B07_C030_Mototaxi_Electrica,-1.0,-0.1,9.0,64.58614864604652
1,EV_B07_C030_Mototaxi_Electrica,5.0,74.2391621243644,-1.0,64.58614864604652
1,EV_B07_C030_Mototaxi_Electrica,4.0,74.2391621243644,-1.0,64.58614864604652
1,EV_B07_C030_Mototaxi_Electrica,3.0,74.2391621243644,-1.0,64.58614864604652
1,EV_B07_C030_Mototaxi_Electrica,2.0,74.2391621243644,-1.0,64.58614864604652
1,EV_B07_C030_Mototaxi_Electrica,1.0,74.2391621243644,-1.0,64.58614864604652
1,EV_B07_C030_Mototaxi_Electrica,0.0,74.2391621243644,-1.0,64.58614864604652
3,NONE,-1.0,-0.1,-1.0,-0.1
3,NONE,-1.0,-0.1,-1.0,-0.1
3,NONE,-1.0,-0.1,-1.0,-0.1
3,NONE,-1.0,-0.1,-1.0,-0.1
3,NONE,-1.0,-0.1,-1.0,-0.1
3,NONE,-1.0,-0.1,-1.0,-0.1
3,NONE,-1.0,-0.1,-1.0,-0.1
3,NONE,-1.0,-0.1,-1.0,-0.1
3,NONE,-1.0,-0.1,-1.0,-0.1
3,NONE,-1.0,-0.1,-1.0,-0.1
3,NONE,-1.0,-0.1,-1.0,-0.1
3,NONE,-1.0,-0.1,-1.0,-0.1
3,NONE,-1.0,-0.1,-1.0,-0.1
3,NONE,-1.0,-0.1,-1.0,-0.1
3,NONE,-1.0,-0.1,-1.0,-0.1
3,NONE,-1.0,-0.1,-1.0,-0.1
3,NONE,-1.0,-0.1,-1.0,-0.1
3,NONE,-1.0,-0.1,-1.0,-0.1
3,NONE,-1.0,-0.1,-1.0,-0.1
3,NONE,-1.0,-0.1,-1.0,-0.1
3,NONE,-1.0,-0.1,-1.0,-0.1
3,NONE,-1.0,-0.1,-1.0,-0.1
3,NONE,-1.0,-0.1,-1.0,-0.1
3,NONE,-1.0,-0.1,-1.0,-0.1
3,NONE,-1.0,-0.1,-1.0,-0.1
3,NONE,-1.0,-0.1,-1.0,-0.1
3,NONE,-1.0,-0.1,-1.0,-0.1
3,NONE,-1.0,-0.1,-1.0,-0.1
3,NONE,-1.0,-0.1,-1.0,-0.1
3,NONE,-1.0,-0.1,-1.0,-0.1
3,NONE,-1.0,-0.1,-1.0,-0.1
3,NONE,-1.0,-0.1,-1.0,-0.1
3,NONE,-1.0,-0.1,-1.0,-0.1
3,NONE,-1.0,-0.1,-1.0,-0.1
3,NONE,-1.0,-0.1,-1.0,-0.1
3,NONE,-1.0,-0.1,-1.0,-0.1
3,NONE,-1.0,-0.1,-1.0,-0.1
3,NONE,-1.0,-0.1,-1.0,-0.1
3,NONE,-1.0,-0.1,-1.0,-0.1
3,NONE,-1.0,-0.1,-1.0,-0.1
3,NONE,-1.0,-0.1,-1.0,-0.1
3,NONE,-1.0,-0.1,-1.0,-0.1
3,NONE,-1.0,-0.1,-1.0,-0.1
3,NONE,-1.0,-0.1,-1.0,-0.1
3,NONE,-1.0,-0.1,-1.0,-0.1
3,NONE,-1.0,-0.1,-1.0,-0.1
3,NONE,-1.0,-0.1,-1.0,-0.1
3,NONE,-1.0,-0.1,-1.0,-0.1
3,NONE,-1.0,-0.1,-1.0,-0.1
3,NONE,-1.0,-0.1,-1.0,-0.1
3,NONE,-1.0,-0.1,-1.0,-0.1
3,NONE,-1.0,-0.1,-1.0,-0.1
3,NONE,-1.0,-0.1,-1.0,-0.1
3,NONE,-1.0,-0.1,-1.0,-0.1
3,NONE,-1.0,-0.1,-1.0,-0.1
3,NONE,-1.0,-0.1,-1.0,-0.1
3,NONE,-1.0,-0.1,-1.0,-0.1
3,NONE,-1.0,-0.1,-1.0,-0.1
3,NONE,-1.0,-0.1,-1.0,-0.1
3,NONE,-1.0,-0.1,-1.0,-0.1
3,NONE,-1.0,-0.1,-1.0,-0.1
3,NONE,-1.0,-0.1,-1.0,-0.1
3,NONE,-1.0,-0.1,-1.0,-0.1
3,NONE,-1.0,-0.1,-1.0,-0.1
3,NONE,-1.0,-0.1,-1.0,-0.1
3,NONE,-1.0,-0.1,-1.0,-0.1
3,NONE,-1.0,-0.1,-1.0,-0.1
3,NONE,-1.0,-0.1,-1.0,-0.1
3,NONE,-1.0,-0.1,-1.0,-0.1
3,NONE,-1.0,-0.1,-1.0,-0.1
3,NONE,-1.0,-0.1,-1.0,-0.1
3,NONE,-1.0,-0.1,-1.0,-0.1
3,NONE,-1.0,-0.1,-1.0,-0.1
3,NONE,-1.0,-0.1,-1.0,-0.1
3,NONE,-1.0,-0.1,-1.0,-0.1
3,NONE,-1.0,-0.1,-1.0,-0.1
3,NONE,-1.0,-0.1,-1.0,-0.1
3,NONE,-1.0,-0.1,-1.0,-0.1
3,NONE,-1.0,-0.1,-1.0,-0.1
3,NONE,-1.0,-0.1,-1.0,-0.1
3,NONE,-1.0,-0.1,-1.0,-0.1
3,NONE,-1.0,-0.1,-1.0,-0.1
3,NONE,-1.0,-0.1,-1.0,-0.1
3,NONE,-1.0,-0.1,-1.0,-0.1
3,NONE,-1.0,-0.1,-1.0,-0.1
3,NONE,-1.0,-0.1,-1.0,-0.1
3,NONE,-1.0,-0.1,-1.0,-0.1
2,EV_B07_C030_Mototaxi_Electrica,-1.0,-0.1,7.0,37.64298097162932
1,EV_B07_C030_Mototaxi_Electrica,7.0,90.41113383122475,-1.0,37.64298097162932
1,EV_B07_C030_Mototaxi_Electrica,6.0,90.41113383122475,-1.0,37.64298097162932
1,EV_B07_C030_Mototaxi_Electrica,5.0,90.41113383122475,-1.0,37.64298097162932
1,EV_B07_C030_Mototaxi_Electrica,4.0,90.41113383122475,-1.0,37.64298097162932
1,EV_B07_C030_Mototaxi_Electrica,3.0,90.41113383122475,-1.0,37.64298097162932
1,EV_B07_C030_Mototaxi_Electrica,2.0,90.41113383122475,-1.0,37.64298097162932
1,EV_B07_C030_Mototaxi_Electrica,1.0,90.41113383122475,-1.0,37.64298097162932
1,EV_B07_C030_Mototaxi_Electrica,0.0,90.41113383122475,-1.0,37.64298097162932
3,NONE,-1.0,-0.1,-1.0,-0.1
3,NONE,-1.0,-0.1,-1.0,-0.1
3,NONE,-1.0,-0.1,-1.0,-0.1
3,NONE,-1.0,-0.1,-1.0,-0.1
3,NONE,-1.0,-0.1,-1.0,-0.1
3,NONE,-1.0,-0.1,-1.0,-0.1
3,NONE,-1.0,-0.1,-1.0,-0.1
3,NONE,-1.0,-0.1,-1.0,-0.1
3,NONE,-1.0,-0.1,-1.0,-0.1
3,NONE,-1.0,-0.1,-1.0,-0.1
3,NONE,-1.0,-0.1,-1.0,-0.1
3,NONE,-1.0,-0.1,-1.0,-0.1
3,NONE,-1.0,-0.1,-1.0,-0.1
3,NONE,-1.0,-0.1,-1.0,-0.1
3,NONE,-1.0,-0.1,-1.0,-0.1
3,NONE,-1.0,-0.1,-1.0,-0.1
3,NONE,-1.0,-0.1,-1.0,-0.1
3,NONE,-1.0,-0.1,-1.0,-0.1
3,NONE,-1.0,-0.1,-1.0,-0.1
3,NONE,-1.0,-0.1,-1.0,-0.1
3,NONE,-1.0,-0.1,-1.0,-0.1
3,NONE,-1.0,-0.1,-1.0,-0.1
3,NONE,-1.0,-0.1,-1.0,-0.1
3,NONE,-1.0,-0.1,-1.0,-0.1
3,NONE,-1.0,-0.1,-1.0,-0.1
3,NONE,-1.0,-0.1,-1.0,-0.1
3,NONE,-1.0,-0.1,-1.0,-0.1
3,NONE,-1.0,-0.1,-1.0,-0.1
3,NONE,-1.0,-0.1,-1.0,-0.1
3,NONE,-1.0,-0.1,-1.0,-0.1
3,NONE,-1.0,-0.1,-1.0,-0.1
3,NONE,-1.0,-0.1,-1.0,-0.1
3,NONE,-1.0,-0.1,-1.0,-0.1
3,NONE,-1.0,-0.1,-1.0,-0.1
3,NONE,-1.0,-0.1,-1.0,-0.1
3,NONE,-1.0,-0.1,-1.0,-0.1
3,NONE,-1.0,-0.1,-1.0,-0.1
3,NONE,-1.0,-0.1,-1.0,-0.1
3,NONE,-1.0,-0.1,-1.0,-0.1
3,NONE,-1.0,-0.1,-1.0,-0.1
3,NONE,-1.0,-0.1,-1.0,-0.1
3,NONE,-1.0,-0.1,-1.0,-0.1
3,NONE,-1.0,-0.1,-1.0,-0.1
3,NONE,-1.0,-0.1,-1.0,-0.1
3,NONE,-1.0,-0.1,-1.0,-0.1
3,NONE,-1.0,-0.1,-1.0,-0.1
3,NONE,-1.0,-0.1,-1.0,-0.1
3,NONE,-1.0,-0.1,-1.0,-0.1
3,NONE,-1.0,-0.1,-1.0,-0.1
3,NONE,-1.0,-0.1,-1.0,-0.1
3,NONE,-1.0,-0.1,-1.0,-0.1
3,NONE,-1.0,-0.1,-1.0,-0.1
3,NONE,-1.0,-0.1,-1.0,-0.1
3,NONE,-1.0,-0.1,-1.0,-0.1
3,NONE,-1.0,-0.1,-1.0,-0.1
3,NONE,-1.0,-0.1,-1.0,-0.1
3,NONE,-1.0,-0.1,-1.0,-0.1
3,NONE,-1.0,-0.1,-1.0,-0.1
3,NONE,-1.0,-0.1,-1.0,-0.1
3,NONE,-1.0,-0.1,-1.0,-0.1
3,NONE,-1.0,-0.1,-1.0,-0.1
3,NONE,-1.0,-0.1,-1.0,-0.1
3,NONE,-1.0,-0.1,-1.0,-0.1
2,EV_B07_C030_Mototaxi_Electrica,-1.0,-0.1,7.0,54.34318145840247
1,EV_B07_C030_Mototaxi_Electrica,7.0,88.26746630598257,-1.0,54.34318145840247
1,EV_B07_C030_Mototaxi_Electrica,6.0,88.26746630598257,-1.0,54.34318145840247
1,EV_B07_C030_Mototaxi_Electrica,5.0,88.26746630598257,-1.0,54.34318145840247
1,EV_B07_C030_Mototaxi_Electrica,4.0,88.26746630598257,-1.0,54.34318145840247
1,EV_B07_C030_Mototaxi_Electrica,3.0,88.26746630598257,-1.0,54.34318145840247
1,EV_B07_C030_Mototaxi_Electrica,2.0,88.26746630598257,-1.0,54.34318145840247
1,EV_B07_C030_Mototaxi_Electrica,1.0,88.26746630598257,-1.0,54.34318145840247
1,EV_B07_C030_Mototaxi_Electrica,0.0,88.26746630598257,-1.0,54.34318145840247
3,NONE,-1.0,-0.1,-1.0,-0.1
3,NONE,-1.0,-0.1,-1.0,-0.1
3,NONE,-1.0,-0.1,-1.0,-0.1
3,NONE,-1.0,-0.1,-1.0,-0.1
3,NONE,-1.0,-0.1,-1.0,-0.1
3,NONE,-1.0,-0.1,-1.0,-0.1
3,NONE,-1.0,-0.1,-1.0,-0.1
3,NONE,-1.0,-0.1,-1.0,-0.1
3,NONE,-1.0,-0.1,-1.0,-0.1
3,NONE,-1.0,-0.1,-1.0,-0.1
3,NONE,-1.0,-0.1,-1.0,-0.1
3,NONE,-1.0,-0.1,-1.0,-0.1
3,NONE,-1.0,-0.1,-1.0,-0.1
3,NONE,-1.0,-0.1,-1.0,-0.1
3,NONE,-1.0,-0.1,-1.0,-0.1
3,NONE,-1.0,-0.1,-1.0,-0.1
2,EV_B07_C030_Mototaxi_Electrica,-1.0,-0.1,8.0,36.876192472791395
1,EV_B07_C030_Mototaxi_Electrica,6.0,93.39434526986693,-1.0,36.876192472791395
1,EV_B07_C030_Mototaxi_Electrica,5.0,93.39434526986693,-1.0,36.876192472791395
1,EV_B07_C030_Mototaxi_Electrica,4.0,93.39434526986693,-1.0,36.876192472791395
1,EV_B07_C030_Mototaxi_Electrica,3.0,93.39434526986693,-1.0,36.876192472791395
1,EV_B07_C030_Mototaxi_Electrica,2.0,93.39434526986693,-1.0,36.876192472791395
1,EV_B07_C030_Mototaxi_Electrica,1.0,93.39434526986693,-1.0,36.876192472791395
1,EV_B07_C030_Mototaxi_Electrica,0.0,93.39434526986693,-1.0,36.876192472791395
3,NONE,-1.0,-0.1,-1.0,-0.1
3,NONE,-1.0,-0.1,-1.0,-0.1
3,NONE,-1.0,-0.1,-1.0,-0.1
3,NONE,-1.0,-0.1,-1.0,-0.1
3,NONE,-1.0,-0.1,-1.0,-0.1
3,NONE,-1.0,-0.1,-1.0,-0.1
3,NONE,-1.0,-0.1,-1.0,-0.1
3,NONE,-1.0,-0.1,-1.0,-0.1
3,NONE,-1.0,-0.1,-1.0,-0.1
3,NONE,-1.0,-0.1,-1.0,-0.1
3,NONE,-1.0,-0.1,-1.0,-0.1
3,NONE,-1.0,-0.1,-1.0,-0.1
3,NONE,-1.0,-0.1,-1.0,-0.1
3,NONE,-1.0,-0.1,-1.0,-0.1
3,NONE,-1.0,-0.1,-1.0,-0.1
3,NONE,-1.0,-0.1,-1.0,-0.1
3,NONE,-1.0,-0.1,-1.0,-0.1
3,NONE,-1.0,-0.1,-1.0,-0.1
3,NONE,-1.0,-0.1,-1.0,-0.1
3,NONE,-1.0,-0.1,-1.0,-0.1
3,NONE,-1.0,-0.1,-1.0,-0.1
3,NONE,-1.0,-0.1,-1.0,-0.1
3,NONE,-1.0,-0.1,-1.0,-0.1
3,NONE,-1.0,-0.1,-1.0,-0.1
3,NONE,-1.0,-0.1,-1.0,-0.1
3,NONE,-1.0,-0.1,-1.0,-0.1
3,NONE,-1.0,-0.1,-1.0,-0.1
3,NONE,-1.0,-0.1,-1.0,-0.1
3,NONE,-1.0,-0.1,-1.0,-0.1
3,NONE,-1.0,-0.1,-1.0,-0.1
3,NONE,-1.0,-0.1,-1.0,-0.1
3,NONE,-1.0,-0.1,-1.0,-0.1
3,NONE,-1.0,-0.1,-1.0,-0.1
3,NONE,-1.0,-0.1,-1.0,-0.1
3,NONE,-1.0,-0.1,-1.0,-0.1
3,NONE,-1.0,-0.1,-1.0,-0.1
3,NONE,-1.0,-0.1,-1.0,-0.1
3,NONE,-1.0,-0.1,-1.0,-0.1
3,NONE,-1.0,-0.1,-1.0,-0.1
3,NONE,-1.0,-0.1,-1.0,-0.1
3,NONE,-1.0,-0.1,-1.0,-0.1
3,NONE,-1.0,-0.1,-1.0,-0.1
3,NONE,-1.0,-0.1,-1.0,-0.1
3,NONE,-1.0,-0.1,-1.0,-0.1
3,NONE,-1.0,-0.1,-1.0,-0.1
3,NONE,-1.0,-0.1,-1.0,-0.1
3,NONE,-1.0,-0.1,-1.0,-0.1
3,NONE,-1.0,-0.1,-1.0,-0.1
3,NONE,-1.0,-0.1,-1.0,-0.1
3,NONE,-1.0,-0.1,-1.0,-0.1
3,NONE,-1.0,-0.1,-1.0,-0.1
3,NONE,-1.0,-0.1,-1.0,-0.1
3,NONE,-1.0,-0.1,-1.0,-0.1
3,NONE,-1.0,-0.1,-1.0,-0.1
3,NONE,-1.0,-0.1,-1.0,-0.1
3,NONE,-1.0,-0.1,-1.0,-0.1
3,NONE,-1.0,-0.1,-1.0,-0.1
3,NONE,-1.0,-0.1,-1.0,-0.1
3,NONE,-1.0,-0.1,-1.0,-0.1
3,NONE,-1.0,-0.1,-1.0,-0.1
3,NONE,-1.0,-0.1,-1.0,-0.1
3,NONE,-1.0,-0.1,-1.0,-0.1
3,NONE,-1.0,-0.1,-1.0,-0.1
3,NONE,-1.0,-0.1,-1.0,-0.1
2,EV_B07_C030_Mototaxi_Electrica,-1.0,-0.1,8.0,41.88188751728272
1,EV_B07_C030_Mototaxi_Electrica,6.0,77.67821228394858,-1.0,41.88188751728272
1,EV_B07_C030_Mototaxi_Electrica,5.0,77.67821228394858,-1.0,41.88188751728272
1,EV_B07_C030_Mototaxi_Electrica,4.0,77.67821228394858,-1.0,41.88188751728272
1,EV_B07_C030_Mototaxi_Electrica,3.0,77.67821228394858,-1.0,41.88188751728272
1,EV_B07_C030_Mototaxi_Electrica,2.0,77.67821228394858,-1.0,41.88188751728272
1,EV_B07_C030_Mototaxi_Electrica,1.0,77.67821228394858,-1.0,41.88188751728272
1,EV_B07_C030_Mototaxi_Electrica,0.0,77.67821228394858,-1.0,41.88188751728272
3,NONE,-1.0,-0.1,-1.0,-0.1
3,NONE,-1.0,-0.1,-1.0,-0.1
3,NONE,-1.0,-0.1,-1.0,-0.1
3,NONE,-1.0,-0.1,-1.0,-0.1
3,NONE,-1.0,-0.1,-1.0,-0.1
3,NONE,-1.0,-0.1,-1.0,-0.1
3,NONE,-1.0,-0.1,-1.0,-0.1
3,NONE,-1.0,-0.1,-1.0,-0.1
3,NONE,-1.0,-0.1,-1.0,-0.1
3,NONE,-1.0,-0.1,-1.0,-0.1
3,NONE,-1.0,-0.1,-1.0,-0.1
3,NONE,-1.0,-0.1,-1.0,-0.1
3,NONE,-1.0,-0.1,-1.0,-0.1
3,NONE,-1.0,-0.1,-1.0,-0.1
3,NONE,-1.0,-0.1,-1.0,-0.1
3,NONE,-1.0,-0.1,-1.0,-0.1
2,EV_B07_C030_Mototaxi_Electrica,-1.0,-0.1,8.0,31.151731513537726
1,EV_B07_C030_Mototaxi_Electrica,6.0,92.47142867699478,-1.0,31.151731513537726
1,EV_B07_C030_Mototaxi_Electrica,5.0,92.47142867699478,-1.0,31.151731513537726
1,EV_B07_C030_Mototaxi_Electrica,4.0,92.47142867699478,-1.0,31.151731513537726
1,EV_B07_C030_Mototaxi_Electrica,3.0,92.47142867699478,-1.0,31.151731513537726
1,EV_B07_C030_Mototaxi_Electrica,2.0,92.47142867699478,-1.0,31.151731513537726
1,EV_B07_C030_Mototaxi_Electrica,1.0,92.47142867699478,-1.0,31.151731513537726
1,EV_B07_C030_Mototaxi_Electrica,0.0,92.47142867699478,-1.0,31.151731513537726
3,NONE,-1.0,-0.1,-1.0,-0.1
3,NONE,-1.0,-0.1,-1.0,-0.1
3,NONE,-1.0,-0.1,-1.0,-0.1
3,NONE,-1.0,-0.1,-1.0,-0.1
3,NONE,-1.0,-0.1,-1.0,-0.1
3,NONE,-1.0,-0.1,-1.0,-0.1
3,NONE,-1.0,-0.1,-1.0,-0.1
3,NONE,-1.0,-0.1,-1.0,-0.1
3,NONE,-1.0,-0.1,-1.0,-0.1
3,NONE,-1.0,-0.1,-1.0,-0.1
3,NONE,-1.0,-0.1,-1.0,-0.1
3,NONE,-1.0,-0.1,-1.0,-0.1
3,NONE,-1.0,-0.1,-1.0,-0.1
3,NONE,-1.0,-0.1,-1.0,-0.1
3,NONE,-1.0,-0.1,-1.0,-0.1
3,NONE,-1.0,-0.1,-1.0,-0.1
3,NONE,-1.0,-0.1,-1.0,-0.1
3,NONE,-1.0,-0.1,-1.0,-0.1
3,NONE,-1.0,-0.1,-1.0,-0.1
3,NONE,-1.0,-0.1,-1.0,-0.1
3,NONE,-1.0,-0.1,-1.0,-0.1
3,NONE,-1.0,-0.1,-1.0,-0.1
3,NONE,-1.0,-0.1,-1.0,-0.1
3,NONE,-1.0,-0.1,-1.0,-0.1
3,NONE,-1.0,-0.1,-1.0,-0.1
3,NONE,-1.0,-0.1,-1.0,-0.1
3,NONE,-1.0,-0.1,-1.0,-0.1
3,NONE,-1.0,-0.1,-1.0,-0.1
3,NONE,-1.0,-0.1,-1.0,-0.1
3,NONE,-1.0,-0.1,-1.0,-0.1
3,NONE,-1.0,-0.1,-1.0,-0.1
3,NONE,-1.0,-0.1,-1.0,-0.1
3,NONE,-1.0,-0.1,-1.0,-0.1
3,NONE,-1.0,-0.1,-1.0,-0.1
3,NONE,-1.0,-0.1,-1.0,-0.1
3,NONE,-1.0,-0.1,-1.0,-0.1
3,NONE,-1.0,-0.1,-1.0,-0.1
3,NONE,-1.0,-0.1,-1.0,-0.1
3,NONE,-1.0,-0.1,-1.0,-0.1
3,NONE,-1.0,-0.1,-1.0,-0.1
3,NONE,-1.0,-0.1,-1.0,-0.1
3,NONE,-1.0,-0.1,-1.0,-0.1
3,NONE,-1.0,-0.1,-1.0,-0.1
3,NONE,-1.0,-0.1,-1.0,-0.1
3,NONE,-1.0,-0.1,-1.0,-0.1
3,NONE,-1.0,-0.1,-1.0,-0.1
3,NONE,-1.0,-0.1,-1.0,-0.1
3,NONE,-1.0,-0.1,-1.0,-0.1
3,NONE,-1.0,-0.1,-1.0,-0.1
3,NONE,-1.0,-0.1,-1.0,-0.1
3,NONE,-1.0,-0.1,-1.0,-0.1
3,NONE,-1.0,-0.1,-1.0,-0.1
3,NONE,-1.0,-0.1,-1.0,-0.1
3,NONE,-1.0,-0.1,-1.0,-0.1
3,NONE,-1.0,-0.1,-1.0,-0.1
3,NONE,-1.0,-0.1,-1.0,-0.1
3,NONE,-1.0,-0.1,-1.0,-0.1
3,NONE,-1.0,-0.1,-1.0,-0.1
3,NONE,-1.0,-0.1,-1.0,-0.1
3,NONE,-1.0,-0.1,-1.0,-0.1
3,NONE,-1.0,-0.1,-1.0,-0.1
3,NONE,-1.0,-0.1,-1.0,-0.1
3,NONE,-1.0,-0.1,-1.0,-0.1
3,NONE,-1.0,-0.1,-1.0,-0.1
3,NONE,-1.0,-0.1,-1.0,-0.1
3,NONE,-1.0,-0.1,-1.0,-0.1
3,NONE,-1.0,-0.1,-1.0,-0.1
3,NONE,-1.0,-0.1,-1.0,-0.1
3,NONE,-1.0,-0.1,-1.0,-0.1
3,NONE,-1.0,-0.1,-1.0,-0.1
3,NONE,-1.0,-0.1,-1.0,-0.1
3,NONE,-1.0,-0.1,-1.0,-0.1
3,NONE,-1.0,-0.1,-1.0,-0.1
3,NONE,-1.0,-0.1,-1.0,-0.1
3,NONE,-1.0,-0.1,-1.0,-0.1
3,NONE,-1.0,-0.1,-1.0,-0.1
3,NONE,-1.0,-0.1,-1.0,-0.1
3,NONE,-1.0,-0.1,-1.0,-0.1
3,NONE,-1.0,-0.1,-1.0,-0.1
3,NONE,-1.0,-0.1,-1.0,-0.1
3,NONE,-1.0,-0.1,-1.0,-0.1
3,NONE,-1.0,-0.1,-1.0,-0.1
3,NONE,-1.0,-0.1,-1.0,-0.1
3,NONE,-1.0,-0.1,-1.0,-0.1
3,NONE,-1.0,-0.1,-1.0,-0.1
3,NONE,-1.0,-0.1,-1.0,-0.1
3,NONE,-1.0,-0.1,-1.0,-0.1
3,NONE,-1.0,-0.1,-1.0,-0.1
3,NONE,-1.0,-0.1,-1.0,-0.1
3,NONE,-1.0,-0.1,-1.0,-0.1
3,NONE,-1.0,-0.1,-1.0,-0.1
3,NONE,-1.0,-0.1,-1.0,-0.1
3,NONE,-1.0,-0.1,-1.0,-0.1
3,NONE,-1.0,-0.1,-1.0,-0.1
3,NONE,-1.0,-0.1,-1.0,-0.1
3,NONE,-1.0,-0.1,-1.0,-0.1
3,NONE,-1.0,-0.1,-1.0,-0.1
3,NONE,-1.0,-0.1,-1.0,-0.1
3,NONE,-1.0,-0.1,-1.0,-0.1
3,NONE,-1.0,-0.1,-1.0,-0.1
3,NONE,-1.0,-0.1,-1.0,-0.1
3,NONE,-1.0,-0.1,-1.0,-0.1
3,NONE,-1.0,-0.1,-1.0,-0.1
3,NONE,-1.0,-0.1,-1.0,-0.1
3,NONE,-1.0,-0.1,-1.0,-0.1
3,NONE,-1.0,-0.1,-1.0,-0.1
3,NONE,-1.0,-0.1,-1.0,-0.1
3,NONE,-1.0,-0.1,-1.0,-0.1
3,NONE,-1.0,-0.1,-1.0,-0.1
3,NONE,-1.0,-0.1,-1.0,-0.1
3,NONE,-1.0,-0.1,-1.0,-0.1
3,NONE,-1.0,-0.1,-1.0,-0.1
3,NONE,-1.0,-0.1,-1.0,-0.1
3,NONE,-1.0,-0.1,-1.0,-0.1
3,NONE,-1.0,-0.1,-1.0,-0.1
3,NONE,-1.0,-0.1,-1.0,-0.1
3,NONE,-1.0,-0.1,-1.0,-0.1
3,NONE,-1.0,-0.1,-1.0,-0.1
3,NONE,-1.0,-0.1,-1.0,-0.1
3,NONE,-1.0,-0.1,-1.0,-0.1
3,NONE,-1.0,-0.1,-1.0,-0.1
3,NONE,-1.0,-0.1,-1.0,-0.1
3,NONE,-1.0,-0.1,-1.0,-0.1
3,NONE,-1.0,-0.1,-1.0,-0.1
3,NONE,-1.0,-0.1,-1.0,-0.1
3,NONE,-1.0,-0.1,-1.0,-0.1
3,NONE,-1.0,-0.1,-1.0,-0.1
3,NONE,-1.0,-0.1,-1.0,-0.1
3,NONE,-1.0,-0.1,-1.0,-0.1
3,NONE,-1.0,-0.1,-1.0,-0.1
3,NONE,-1.0,-0.1,-1.0,-0.1
3,NONE,-1.0,-0.1,-1.0,-0.1
3,NONE,-1.0,-0.1,-1.0,-0.1
3,NONE,-1.0,-0.1,-1.0,-0.1
3,NONE,-1.0,-0.1,-1.0,-0.1
2,EV_B07_C030_Mototaxi_Electrica,-1.0,-0.1,7.0,24.648733941671978
1,EV_B07_C030_Mototaxi_Electrica,7.0,74.75378584166438,-1.0,24.648733941671978
1,EV_B07_C030_Mototaxi_Electrica,6.0,74.75378584166438,-1.0,24.648733941671978
1,EV_B07_C030_Mototaxi_Electrica,5.0,74.75378584166438,-1.0,24.648733941671978
1,EV_B07_C030_Mototaxi_Electrica,4.0,74.75378584166438,-1.0,24.648733941671978
1,EV_B07_C030_Mototaxi_Electrica,3.0,74.75378584166438,-1.0,24.648733941671978
1,EV_B07_C030_Mototaxi_Electrica,2.0,74.75378584166438,-1.0,24.648733941671978
1,EV_B07_C030_Mototaxi_Electrica,1.0,74.75378584166438,-1.0,24.648733941671978
1,EV_B07_C030_Mototaxi_Electrica,0.0,74.75378584166438,-1.0,24.648733941671978
3,NONE,-1.0,-0.1,-1.0,-0.1
3,NONE,-1.0,-0.1,-1.0,-0.1
3,NONE,-1.0,-0.1,-1.0,-0.1
3,NONE,-1.0,-0.1,-1.0,-0.1
3,NONE,-1.0,-0.1,-1.0,-0.1
3,NONE,-1.0,-0.1,-1.0,-0.1
3,NONE,-1.0,-0.1,-1.0,-0.1
3,NONE,-1.0,-0.1,-1.0,-0.1
3,NONE,-1.0,-0.1,-1.0,-0.1
3,NONE,-1.0,-0.1,-1.0,-0.1
3,NONE,-1.0,-0.1,-1.0,-0.1
3,NONE,-1.0,-0.1,-1.0,-0.1
3,NONE,-1.0,-0.1,-1.0,-0.1
3,NONE,-1.0,-0.1,-1.0,-0.1
3,NONE,-1.0,-0.1,-1.0,-0.1
2,EV_B07_C030_Mototaxi_Electrica,-1.0,-0.1,7.0,18.360488078817593
1,EV_B07_C030_Mototaxi_Electrica,7.0,77.04822500519994,-1.0,18.360488078817593
1,EV_B07_C030_Mototaxi_Electrica,6.0,77.04822500519994,-1.0,18.360488078817593
1,EV_B07_C030_Mototaxi_Electrica,5.0,77.04822500519994,-1.0,18.360488078817593
1,EV_B07_C030_Mototaxi_Electrica,4.0,77.04822500519994,-1.0,18.360488078817593
1,EV_B07_C030_Mototaxi_Electrica,3.0,77.04822500519994,-1.0,18.360488078817593
1,EV_B07_C030_Mototaxi_Electrica,2.0,77.04822500519994,-1.0,18.360488078817593
1,EV_B07_C030_Mototaxi_Electrica,1.0,77.04822500519994,-1.0,18.360488078817593
1,EV_B07_C030_Mototaxi_Electrica,0.0,77.04822500519994,-1.0,18.360488078817593
3,NONE,-1.0,-0.1,-1.0,-0.1
3,NONE,-1.0,-0.1,-1.0,-0.1
3,NONE,-1.0,-0.1,-1.0,-0.1
3,NONE,-1.0,-0.1,-1.0,-0.1
3,NONE,-1.0,-0.1,-1.0,-0.1
3,NONE,-1.0,-0.1,-1.0,-0.1
3,NONE,-1.0,-0.1,-1.0,-0.1
3,NONE,-1.0,-0.1,-1.0,-0.1
3,NONE,-1.0,-0.1,-1.0,-0.1
3,NONE,-1.0,-0.1,-1.0,-0.1
3,NONE,-1.0,-0.1,-1.0,-0.1
3,NONE,-1.0,-0.1,-1.0,-0.1
3,NONE,-1.0,-0.1,-1.0,-0.1
3,NONE,-1.0,-0.1,-1.0,-0.1
3,NONE,-1.0,-0.1,-1.0,-0.1
2,EV_B07_C030_Mototaxi_Electrica,-1.0,-0.1,7.0,31.092094766103155
1,EV_B07_C030_Mototaxi_Electrica,7.0,87.43735754643167,-1.0,31.092094766103155
1,EV_B07_C030_Mototaxi_Electrica,6.0,87.43735754643167,-1.0,31.092094766103155
1,EV_B07_C030_Mototaxi_Electrica,5.0,87.43735754643167,-1.0,31.092094766103155
1,EV_B07_C030_Mototaxi_Electrica,4.0,87.43735754643167,-1.0,31.092094766103155
1,EV_B07_C030_Mototaxi_Electrica,3.0,87.43735754643167,-1.0,31.092094766103155
1,EV_B07_C030_Mototaxi_Electrica,2.0,87.43735754643167,-1.0,31.092094766103155
1,EV_B07_C030_Mototaxi_Electrica,1.0,87.43735754643167,-1.0,31.092094766103155
1,EV_B07_C030_Mototaxi_Electrica,0.0,87.43735754643167,-1.0,31.092094766103155
3,NONE,-1.0,-0.1,-1.0,-0.1
3,NONE,-1.0,-0.1,-1.0,-0.1
3,NONE,-1.0,-0.1,-1.0,-0.1
3,NONE,-1.0,-0.1,-1.0,-0.1
3,NONE,-1.0,-0.1,-1.0,-0.1
3,NONE,-1.0,-0.1,-1.0,-0.1
3,NONE,-1.0,-0.1,-1.0,-0.1
3,NONE,-1.0,-0.1,-1.0,-0.1
3,NONE,-1.0,-0.1,-1.0,-0.1
3,NONE,-1.0,-0.1,-1.0,-0.1
3,NONE,-1.0,-0.1,-1.0,-0.1
3,NONE,-1.0,-0.1,-1.0,-0.1
3,NONE,-1.0,-0.1,-1.0,-0.1
3,NONE,-1.0,-0.1,-1.0,-0.1
3,NONE,-1.0,-0.1,-1.0,-0.1
3,NONE,-1.0,-0.1,-1.0,-0.1
3,NONE,-1.0,-0.1,-1.0,-0.1
3,NONE,-1.0,-0.1,-1.0,-0.1
2,EV_B07_C030_Mototaxi_Electrica,-1.0,-0.1,10.0,52.27277348394138
1,EV_B07_C030_Mototaxi_Electrica,4.0,83.02151132571029,-1.0,52.27277348394138
1,EV_B07_C030_Mototaxi_Electrica,3.0,83.02151132571029,-1.0,52.27277348394138
1,EV_B07_C030_Mototaxi_Electrica,2.0,83.02151132571029,-1.0,52.27277348394138
1,EV_B07_C030_Mototaxi_Electrica,1.0,83.02151132571029,-1.0,52.27277348394138
1,EV_B07_C030_Mototaxi_Electrica,0.0,83.02151132571029,-1.0,52.27277348394138
3,NONE,-1.0,-0.1,-1.0,-0.1
3,NONE,-1.0,-0.1,-1.0,-0.1
3,NONE,-1.0,-0.1,-1.0,-0.1
3,NONE,-1.0,-0.1,-1.0,-0.1
3,NONE,-1.0,-0.1,-1.0,-0.1
3,NONE,-1.0,-0.1,-1.0,-0.1
3,NONE,-1.0,-0.1,-1.0,-0.1
3,NONE,-1.0,-0.1,-1.0,-0.1
3,NONE,-1.0,-0.1,-1.0,-0.1
3,NONE,-1.0,-0.1,-1.0,-0.1
3,NONE,-1.0,-0.1,-1.0,-0.1
3,NONE,-1.0,-0.1,-1.0,-0.1
3,NONE,-1.0,-0.1,-1.0,-0.1
3,NONE,-1.0,-0.1,-1.0,-0.1
3,NONE,-1.0,-0.1,-1.0,-0.1
3,NONE,-1.0,-0.1,-1.0,-0.1
3,NONE,-1.0,-0.1,-1.0,-0.1
3,NONE,-1.0,-0.1,-1.0,-0.1
3,NONE,-1.0,-0.1,-1.0,-0.1
3,NONE,-1.0,-0.1,-1.0,-0.1
3,NONE,-1.0,-0.1,-1.0,-0.1
3,NONE,-1.0,-0.1,-1.0,-0.1
3,NONE,-1.0,-0.1,-1.0,-0.1
3,NONE,-1.0,-0.1,-1.0,-0.1
3,NONE,-1.0,-0.1,-1.0,-0.1
3,NONE,-1.0,-0.1,-1.0,-0.1
3,NONE,-1.0,-0.1,-1.0,-0.1
3,NONE,-1.0,-0.1,-1.0,-0.1
3,NONE,-1.0,-0.1,-1.0,-0.1
3,NONE,-1.0,-0.1,-1.0,-0.1
3,NONE,-1.0,-0.1,-1.0,-0.1
3,NONE,-1.0,-0.1,-1.0,-0.1
3,NONE,-1.0,-0.1,-1.0,-0.1
3,NONE,-1.0,-0.1,-1.0,-0.1
3,NONE,-1.0,-0.1,-1.0,-0.1
3,NONE,-1.0,-0.1,-1.0,-0.1
3,NONE,-1.0,-0.1,-1.0,-0.1
3,NONE,-1.0,-0.1,-1.0,-0.1
3,NONE,-1.0,-0.1,-1.0,-0.1
3,NONE,-1.0,-0.1,-1.0,-0.1
3,NONE,-1.0,-0.1,-1.0,-0.1
3,NONE,-1.0,-0.1,-1.0,-0.1
3,NONE,-1.0,-0.1,-1.0,-0.1
3,NONE,-1.0,-0.1,-1.0,-0.1
3,NONE,-1.0,-0.1,-1.0,-0.1
3,NONE,-1.0,-0.1,-1.0,-0.1
3,NONE,-1.0,-0.1,-1.0,-0.1
3,NONE,-1.0,-0.1,-1.0,-0.1
3,NONE,-1.0,-0.1,-1.0,-0.1
3,NONE,-1.0,-0.1,-1.0,-0.1
3,NONE,-1.0,-0.1,-1.0,-0.1
3,NONE,-1.0,-0.1,-1.0,-0.1
3,NONE,-1.0,-0.1,-1.0,-0.1
3,NONE,-1.0,-0.1,-1.0,-0.1
3,NONE,-1.0,-0.1,-1.0,-0.1
3,NONE,-1.0,-0.1,-1.0,-0.1
3,NONE,-1.0,-0.1,-1.0,-0.1
3,NONE,-1.0,-0.1,-1.0,-0.1
3,NONE,-1.0,-0.1,-1.0,-0.1
3,NONE,-1.0,-0.1,-1.0,-0.1
3,NONE,-1.0,-0.1,-1.0,-0.1
3,NONE,-1.0,-0.1,-1.0,-0.1
3,NONE,-1.0,-0.1,-1.0,-0.1
3,NONE,-1.0,-0.1,-1.0,-0.1
3,NONE,-1.0,-0.1,-1.0,-0.1
3,NONE,-1.0,-0.1,-1.0,-0.1
3,NONE,-1.0,-0.1,-1.0,-0.1
3,NONE,-1.0,-0.1,-1.0,-0.1
3,NONE,-1.0,-0.1,-1.0,-0.1
3,NONE,-1.0,-0.1,-1.0,-0.1
3,NONE,-1.0,-0.1,-1.0,-0.1
3,NONE,-1.0,-0.1,-1.0,-0.1
3,NONE,-1.0,-0.1,-1.0,-0.1
3,NONE,-1.0,-0.1,-1.0,-0.1
3,NONE,-1.0,-0.1,-1.0,-0.1
3,NONE,-1.0,-0.1,-1.0,-0.1
3,NONE,-1.0,-0.1,-1.0,-0.1
3,NONE,-1.0,-0.1,-1.0,-0.1
3,NONE,-1.0,-0.1,-1.0,-0.1
3,NONE,-1.0,-0.1,-1.0,-0.1
3,NONE,-1.0,-0.1,-1.0,-0.1
3,NONE,-1.0,-0.1,-1.0,-0.1
3,NONE,-1.0,-0.1,-1.0,-0.1
3,NONE,-1.0,-0.1,-1.0,-0.1
3,NONE,-1.0,-0.1,-1.0,-0.1
3,NONE,-1.0,-0.1,-1.0,-0.1
3,NONE,-1.0,-0.1,-1.0,-0.1
3,NONE,-1.0,-0.1,-1.0,-0.1
3,NONE,-1.0,-0.1,-1.0,-0.1
2,EV_B07_C030_Mototaxi_Electrica,-1.0,-0.1,9.0,54.28078541076263
1,EV_B07_C030_Mototaxi_Electrica,5.0,67.22422653961497,-1.0,54.28078541076263
1,EV_B07_C030_Mototaxi_Electrica,4.0,67.22422653961497,-1.0,54.28078541076263
1,EV_B07_C030_Mototaxi_Electrica,3.0,67.22422653961497,-1.0,54.28078541076263
1,EV_B07_C030_Mototaxi_Electrica,2.0,67.22422653961497,-1.0,54.28078541076263
1,EV_B07_C030_Mototaxi_Electrica,1.0,67.22422653961497,-1.0,54.28078541076263
1,EV_B07_C030_Mototaxi_Electrica,0.0,67.22422653961497,-1.0,54.28078541076263
3,NONE,-1.0,-0.1,-1.0,-0.1
3,NONE,-1.0,-0.1,-1.0,-0.1
3,NONE,-1.0,-0.1,-1.0,-0.1
3,NONE,-1.0,-0.1,-1.0,-0.1
3,NONE,-1.0,-0.1,-1.0,-0.1
3,NONE,-1.0,-0.1,-1.0,-0.1
3,NONE,-1.0,-0.1,-1.0,-0.1
3,NONE,-1.0,-0.1,-1.0,-0.1
3,NONE,-1.0,-0.1,-1.0,-0.1
3,NONE,-1.0,-0.1,-1.0,-0.1
3,NONE,-1.0,-0.1,-1.0,-0.1
3,NONE,-1.0,-0.1,-1.0,-0.1
3,NONE,-1.0,-0.1,-1.0,-0.1
3,NONE,-1.0,-0.1,-1.0,-0.1
3,NONE,-1.0,-0.1,-1.0,-0.1
3,NONE,-1.0,-0.1,-1.0,-0.1
2,EV_B07_C030_Mototaxi_Electrica,-1.0,-0.1,8.0,20.942344631452407
1,EV_B07_C030_Mototaxi_Electrica,6.0,84.35127019166076,-1.0,20.942344631452407
1,EV_B07_C030_Mototaxi_Electrica,5.0,84.35127019166076,-1.0,20.942344631452407
1,EV_B07_C030_Mototaxi_Electrica,4.0,84.35127019166076,-1.0,20.942344631452407
1,EV_B07_C030_Mototaxi_Electrica,3.0,84.35127019166076,-1.0,20.942344631452407
1,EV_B07_C030_Mototaxi_Electrica,2.0,84.35127019166076,-1.0,20.942344631452407
1,EV_B07_C030_Mototaxi_Electrica,1.0,84.35127019166076,-1.0,20.942344631452407
1,EV_B07_C030_Mototaxi_Electrica,0.0,84.35127019166076,-1.0,20.942344631452407
3,NONE,-1.0,-0.1,-1.0,-0.1
3,NONE,-1.0,-0.1,-1.0,-0.1
3,NONE,-1.0,-0.1,-1.0,-0.1
3,NONE,-1.0,-0.1,-1.0,-0.1
3,NONE,-1.0,-0.1,-1.0,-0.1
3,NONE,-1.0,-0.1,-1.0,-0.1
3,NONE,-1.0,-0.1,-1.0,-0.1
3,NONE,-1.0,-0.1,-1.0,-0.1
3,NONE,-1.0,-0.1,-1.0,-0.1
3,NONE,-1.0,-0.1,-1.0,-0.1
3,NONE,-1.0,-0.1,-1.0,-0.1
3,NONE,-1.0,-0.1,-1.0,-0.1
3,NONE,-1.0,-0.1,-1.0,-0.1
3,NONE,-1.0,-0.1,-1.0,-0.1
3,NONE,-1.0,-0.1,-1.0,-0.1
3,NONE,-1.0,-0.1,-1.0,-0.1
3,NONE,-1.0,-0.1,-1.0,-0.1
3,NONE,-1.0,-0.1,-1.0,-0.1
3,NONE,-1.0,-0.1,-1.0,-0.1
3,NONE,-1.0,-0.1,-1.0,-0.1
3,NONE,-1.0,-0.1,-1.0,-0.1
3,NONE,-1.0,-0.1,-1.0,-0.1
3,NONE,-1.0,-0.1,-1.0,-0.1
3,NONE,-1.0,-0.1,-1.0,-0.1
3,NONE,-1.0,-0.1,-1.0,-0.1
3,NONE,-1.0,-0.1,-1.0,-0.1
3,NONE,-1.0,-0.1,-1.0,-0.1
3,NONE,-1.0,-0.1,-1.0,-0.1
3,NONE,-1.0,-0.1,-1.0,-0.1
3,NONE,-1.0,-0.1,-1.0,-0.1
3,NONE,-1.0,-0.1,-1.0,-0.1
3,NONE,-1.0,-0.1,-1.0,-0.1
3,NONE,-1.0,-0.1,-1.0,-0.1
3,NONE,-1.0,-0.1,-1.0,-0.1
3,NONE,-1.0,-0.1,-1.0,-0.1
3,NONE,-1.0,-0.1,-1.0,-0.1
3,NONE,-1.0,-0.1,-1.0,-0.1
3,NONE,-1.0,-0.1,-1.0,-0.1
3,NONE,-1.0,-0.1,-1.0,-0.1
3,NONE,-1.0,-0.1,-1.0,-0.1
3,NONE,-1.0,-0.1,-1.0,-0.1
3,NONE,-1.0,-0.1,-1.0,-0.1
3,NONE,-1.0,-0.1,-1.0,-0.1
3,NONE,-1.0,-0.1,-1.0,-0.1
3,NONE,-1.0,-0.1,-1.0,-0.1
3,NONE,-1.0,-0.1,-1.0,-0.1
3,NONE,-1.0,-0.1,-1.0,-0.1
3,NONE,-1.0,-0.1,-1.0,-0.1
3,NONE,-1.0,-0.1,-1.0,-0.1
3,NONE,-1.0,-0.1,-1.0,-0.1
3,NONE,-1.0,-0.1,-1.0,-0.1
3,NONE,-1.0,-0.1,-1.0,-0.1
3,NONE,-1.0,-0.1,-1.0,-0.1
3,NONE,-1.0,-0.1,-1.0,-0.1
3,NONE,-1.0,-0.1,-1.0,-0.1
3,NONE,-1.0,-0.1,-1.0,-0.1
3,NONE,-1.0,-0.1,-1.0,-0.1
3,NONE,-1.0,-0.1,-1.0,-0.1
3,NONE,-1.0,-0.1,-1.0,-0.1
3,NONE,-1.0,-0.1,-1.0,-0.1
3,NONE,-1.0,-0.1,-1.0,-0.1
3,NONE,-1.0,-0.1,-1.0,-0.1
3,NONE,-1.0,-0.1,-1.0,-0.1
2,EV_B07_C030_Mototaxi_Electrica,-1.0,-0.1,7.0,27.007945745310018
1,EV_B07_C030_Mototaxi_Electrica,7.0,84.52284315484879,-1.0,27.007945745310018
1,EV_B07_C030_Mototaxi_Electrica,6.0,84.52284315484879,-1.0,27.007945745310018
1,EV_B07_C030_Mototaxi_Electrica,5.0,84.52284315484879,-1.0,27.007945745310018
1,EV_B07_C030_Mototaxi_Electrica,4.0,84.52284315484879,-1.0,27.007945745310018
1,EV_B07_C030_Mototaxi_Electrica,3.0,84.52284315484879,-1.0,27.007945745310018
1,EV_B07_C030_Mototaxi_Electrica,2.0,84.52284315484879,-1.0,27.007945745310018
1,EV_B07_C030_Mototaxi_Electrica,1.0,84.52284315484879,-1.0,27.007945745310018
1,EV_B07_C030_Mototaxi_Electrica,0.0,84.52284315484879,-1.0,27.007945745310018
3,NONE,-1.0,-0.1,-1.0,-0.1
3,NONE,-1.0,-0.1,-1.0,-0.1
3,NONE,-1.0,-0.1,-1.0,-0.1
3,NONE,-1.0,-0.1,-1.0,-0.1
3,NONE,-1.0,-0.1,-1.0,-0.1
3,NONE,-1.0,-0.1,-1.0,-0.1
3,NONE,-1.0,-0.1,-1.0,-0.1
3,NONE,-1.0,-0.1,-1.0,-0.1
3,NONE,-1.0,-0.1,-1.0,-0.1
3,NONE,-1.0,-0.1,-1.0,-0.1
3,NONE,-1.0,-0.1,-1.0,-0.1
3,NONE,-1.0,-0.1,-1.0,-0.1
3,NONE,-1.0,-0.1,-1.0,-0.1
3,NONE,-1.0,-0.1,-1.0,-0.1
3,NONE,-1.0,-0.1,-1.0,-0.1
3,NONE,-1.0,-0.1,-1.0,-0.1
3,NONE,-1.0,-0.1,-1.0,-0.1
3,NONE,-1.0,-0.1,-1.0,-0.1
3,NONE,-1.0,-0.1,-1.0,-0.1
3,NONE,-1.0,-0.1,-1.0,-0.1
3,NONE,-1.0,-0.1,-1.0,-0.1
3,NONE,-1.0,-0.1,-1.0,-0.1
3,NONE,-1.0,-0.1,-1.0,-0.1
3,NONE,-1.0,-0.1,-1.0,-0.1
3,NONE,-1.0,-0.1,-1.0,-0.1
3,NONE,-1.0,-0.1,-1.0,-0.1
3,NONE,-1.0,-0.1,-1.0,-0.1
3,NONE,-1.0,-0.1,-1.0,-0.1
3,NONE,-1.0,-0.1,-1.0,-0.1
3,NONE,-1.0,-0.1,-1.0,-0.1
3,NONE,-1.0,-0.1,-1.0,-0.1
3,NONE,-1.0,-0.1,-1.0,-0.1
3,NONE,-1.0,-0.1,-1.0,-0.1
3,NONE,-1.0,-0.1,-1.0,-0.1
3,NONE,-1.0,-0.1,-1.0,-0.1
3,NONE,-1.0,-0.1,-1.0,-0.1
3,NONE,-1.0,-0.1,-1.0,-0.1
3,NONE,-1.0,-0.1,-1.0,-0.1
3,NONE,-1.0,-0.1,-1.0,-0.1
3,NONE,-1.0,-0.1,-1.0,-0.1
3,NONE,-1.0,-0.1,-1.0,-0.1
3,NONE,-1.0,-0.1,-1.0,-0.1
3,NONE,-1.0,-0.1,-1.0,-0.1
3,NONE,-1.0,-0.1,-1.0,-0.1
3,NONE,-1.0,-0.1,-1.0,-0.1
3,NONE,-1.0,-0.1,-1.0,-0.1
3,NONE,-1.0,-0.1,-1.0,-0.1
3,NONE,-1.0,-0.1,-1.0,-0.1
3,NONE,-1.0,-0.1,-1.0,-0.1
3,NONE,-1.0,-0.1,-1.0,-0.1
3,NONE,-1.0,-0.1,-1.0,-0.1
3,NONE,-1.0,-0.1,-1.0,-0.1
3,NONE,-1.0,-0.1,-1.0,-0.1
3,NONE,-1.0,-0.1,-1.0,-0.1
3,NONE,-1.0,-0.1,-1.0,-0.1
3,NONE,-1.0,-0.1,-1.0,-0.1
3,NONE,-1.0,-0.1,-1.0,-0.1
3,NONE,-1.0,-0.1,-1.0,-0.1
3,NONE,-1.0,-0.1,-1.0,-0.1
3,NONE,-1.0,-0.1,-1.0,-0.1
3,NONE,-1.0,-0.1,-1.0,-0.1
3,NONE,-1.0,-0.1,-1.0,-0.1
3,NONE,-1.0,-0.1,-1.0,-0.1
3,NONE,-1.0,-0.1,-1.0,-0.1
3,NONE,-1.0,-0.1,-1.0,-0.1
2,EV_B07_C030_Mototaxi_Electrica,-1.0,-0.1,9.0,60.65651898594455
1,EV_B07_C030_Mototaxi_Electrica,5.0,81.25424440228748,-1.0,60.65651898594455
1,EV_B07_C030_Mototaxi_Electrica,4.0,81.25424440228748,-1.0,60.65651898594455
1,EV_B07_C030_Mototaxi_Electrica,3.0,81.25424440228748,-1.0,60.65651898594455
1,EV_B07_C030_Mototaxi_Electrica,2.0,81.25424440228748,-1.0,60.65651898594455
1,EV_B07_C030_Mototaxi_Electrica,1.0,81.25424440228748,-1.0,60.65651898594455
1,EV_B07_C030_Mototaxi_Electrica,0.0,81.25424440228748,-1.0,60.65651898594455
3,NONE,-1.0,-0.1,-1.0,-0.1
3,NONE,-1.0,-0.1,-1.0,-0.1
3,NONE,-1.0,-0.1,-1.0,-0.1
3,NONE,-1.0,-0.1,-1.0,-0.1
3,NONE,-1.0,-0.1,-1.0,-0.1
3,NONE,-1.0,-0.1,-1.0,-0.1
3,NONE,-1.0,-0.1,-1.0,-0.1
3,NONE,-1.0,-0.1,-1.0,-0.1
3,NONE,-1.0,-0.1,-1.0,-0.1
3,NONE,-1.0,-0.1,-1.0,-0.1
3,NONE,-1.0,-0.1,-1.0,-0.1
3,NONE,-1.0,-0.1,-1.0,-0.1
3,NONE,-1.0,-0.1,-1.0,-0.1
3,NONE,-1.0,-0.1,-1.0,-0.1
3,NONE,-1.0,-0.1,-1.0,-0.1
3,NONE,-1.0,-0.1,-1.0,-0.1
3,NONE,-1.0,-0.1,-1.0,-0.1
2,EV_B07_C030_Mototaxi_Electrica,-1.0,-0.1,9.0,19.10562098352733
1,EV_B07_C030_Mototaxi_Electrica,5.0,88.51743019491187,-1.0,19.10562098352733
1,EV_B07_C030_Mototaxi_Electrica,4.0,88.51743019491187,-1.0,19.10562098352733
1,EV_B07_C030_Mototaxi_Electrica,3.0,88.51743019491187,-1.0,19.10562098352733
1,EV_B07_C030_Mototaxi_Electrica,2.0,88.51743019491187,-1.0,19.10562098352733
1,EV_B07_C030_Mototaxi_Electrica,1.0,88.51743019491187,-1.0,19.10562098352733
1,EV_B07_C030_Mototaxi_Electrica,0.0,88.51743019491187,-1.0,19.10562098352733
3,NONE,-1.0,-0.1,-1.0,-0.1
3,NONE,-1.0,-0.1,-1.0,-0.1
3,NONE,-1.0,-0.1,-1.0,-0.1
3,NONE,-1.0,-0.1,-1.0,-0.1
3,NONE,-1.0,-0.1,-1.0,-0.1
3,NONE,-1.0,-0.1,-1.0,-0.1
3,NONE,-1.0,-0.1,-1.0,-0.1
3,NONE,-1.0,-0.1,-1.0,-0.1
3,NONE,-1.0,-0.1,-1.0,-0.1
3,NONE,-1.0,-0.1,-1.0,-0.1
3,NONE,-1.0,-0.1,-1.0,-0.1
3,NONE,-1.0,-0.1,-1.0,-0.1
3,NONE,-1.0,-0.1,-1.0,-0.1
3,NONE,-1.0,-0.1,-1.0,-0.1
3,NONE,-1.0,-0.1,-1.0,-0.1
3,NONE,-1.0,-0.1,-1.0,-0.1
3,NONE,-1.0,-0.1,-1.0,-0.1
3,NONE,-1.0,-0.1,-1.0,-0.1
2,EV_B07_C030_Mototaxi_Electrica,-1.0,-0.1,10.0,35.26236590619697
1,EV_B07_C030_Mototaxi_Electrica,4.0,81.80320386390851,-1.0,35.26236590619697
1,EV_B07_C030_Mototaxi_Electrica,3.0,81.80320386390851,-1.0,35.26236590619697
1,EV_B07_C030_Mototaxi_Electrica,2.0,81.80320386390851,-1.0,35.26236590619697
1,EV_B07_C030_Mototaxi_Electrica,1.0,81.80320386390851,-1.0,35.26236590619697
1,EV_B07_C030_Mototaxi_Electrica,0.0,81.80320386390851,-1.0,35.26236590619697
3,NONE,-1.0,-0.1,-1.0,-0.1
3,NONE,-1.0,-0.1,-1.0,-0.1
3,NONE,-1.0,-0.1,-1.0,-0.1
3,NONE,-1.0,-0.1,-1.0,-0.1
3,NONE,-1.0,-0.1,-1.0,-0.1
3,NONE,-1.0,-0.1,-1.0,-0.1
3,NONE,-1.0,-0.1,-1.0,-0.1
3,NONE,-1.0,-0.1,-1.0,-0.1
3,NONE,-1.0,-0.1,-1.0,-0.1
3,NONE,-1.0,-0.1,-1.0,-0.1
3,NONE,-1.0,-0.1,-1.0,-0.1
3,NONE,-1.0,-0.1,-1.0,-0.1
3,NONE,-1.0,-0.1,-1.0,-0.1
3,NONE,-1.0,-0.1,-1.0,-0.1
3,NONE,-1.0,-0.1,-1.0,-0.1
3,NONE,-1.0,-0.1,-1.0,-0.1
3,NONE,-1.0,-0.1,-1.0,-0.1
2,EV_B07_C030_Mototaxi_Electrica,-1.0,-0.1,9.0,39.12986334916738
1,EV_B07_C030_Mototaxi_Electrica,5.0,70.52342769775551,-1.0,39.12986334916738
1,EV_B07_C030_Mototaxi_Electrica,4.0,70.52342769775551,-1.0,39.12986334916738
1,EV_B07_C030_Mototaxi_Electrica,3.0,70.52342769775551,-1.0,39.12986334916738
1,EV_B07_C030_Mototaxi_Electrica,2.0,70.52342769775551,-1.0,39.12986334916738
1,EV_B07_C030_Mototaxi_Electrica,1.0,70.52342769775551,-1.0,39.12986334916738
1,EV_B07_C030_Mototaxi_Electrica,0.0,70.52342769775551,-1.0,39.12986334916738
3,NONE,-1.0,-0.1,-1.0,-0.1
3,NONE,-1.0,-0.1,-1.0,-0.1
3,NONE,-1.0,-0.1,-1.0,-0.1
3,NONE,-1.0,-0.1,-1.0,-0.1
3,NONE,-1.0,-0.1,-1.0,-0.1
3,NONE,-1.0,-0.1,-1.0,-0.1
3,NONE,-1.0,-0.1,-1.0,-0.1
3,NONE,-1.0,-0.1,-1.0,-0.1
3,NONE,-1.0,-0.1,-1.0,-0.1
3,NONE,-1.0,-0.1,-1.0,-0.1
3,NONE,-1.0,-0.1,-1.0,-0.1
3,NONE,-1.0,-0.1,-1.0,-0.1
3,NONE,-1.0,-0.1,-1.0,-0.1
3,NONE,-1.0,-0.1,-1.0,-0.1
3,NONE,-1.0,-0.1,-1.0,-0.1
3,NONE,-1.0,-0.1,-1.0,-0.1
3,NONE,-1.0,-0.1,-1.0,-0.1
2,EV_B07_C030_Mototaxi_Electrica,-1.0,-0.1,9.0,46.72766403279119
1,EV_B07_C030_Mototaxi_Electrica,5.0,74.51510775869649,-1.0,46.72766403279119
1,EV_B07_C030_Mototaxi_Electrica,4.0,74.51510775869649,-1.0,46.72766403279119
1,EV_B07_C030_Mototaxi_Electrica,3.0,74.51510775869649,-1.0,46.72766403279119
1,EV_B07_C030_Mototaxi_Electrica,2.0,74.51510775869649,-1.0,46.72766403279119
1,EV_B07_C030_Mototaxi_Electrica,1.0,74.51510775869649,-1.0,46.72766403279119
1,EV_B07_C030_Mototaxi_Electrica,0.0,74.51510775869649,-1.0,46.72766403279119
3,NONE,-1.0,-0.1,-1.0,-0.1
3,NONE,-1.0,-0.1,-1.0,-0.1
3,NONE,-1.0,-0.1,-1.0,-0.1
3,NONE,-1.0,-0.1,-1.0,-0.1
3,NONE,-1.0,-0.1,-1.0,-0.1
3,NONE,-1.0,-0.1,-1.0,-0.1
3,NONE,-1.0,-0.1,-1.0,-0.1
3,NONE,-1.0,-0.1,-1.0,-0.1
3,NONE,-1.0,-0.1,-1.0,-0.1
3,NONE,-1.0,-0.1,-1.0,-0.1
3,NONE,-1.0,-0.1,-1.0,-0.1
3,NONE,-1.0,-0.1,-1.0,-0.1
3,NONE,-1.0,-0.1,-1.0,-0.1
3,NONE,-1.0,-0.1,-1.0,-0.1
3,NONE,-1.0,-0.1,-1.0,-0.1
3,NONE,-1.0,-0.1,-1.0,-0.1
3,NONE,-1.0,-0.1,-1.0,-0.1
3,NONE,-1.0,-0.1,-1.0,-0.1
3,NONE,-1.0,-0.1,-1.0,-0.1
3,NONE,-1.0,-0.1,-1.0,-0.1
3,NONE,-1.0,-0.1,-1.0,-0.1
3,NONE,-1.0,-0.1,-1.0,-0.1
3,NONE,-1.0,-0.1,-1.0,-0.1
3,NONE,-1.0,-0.1,-1.0,-0.1
3,NONE,-1.0,-0.1,-1.0,-0.1
3,NONE,-1.0,-0.1,-1.0,-0.1
3,NONE,-1.0,-0.1,-1.0,-0.1
3,NONE,-1.0,-0.1,-1.0,-0.1
3,NONE,-1.0,-0.1,-1.0,-0.1
3,NONE,-1.0,-0.1,-1.0,-0.1
3,NONE,-1.0,-0.1,-1.0,-0.1
3,NONE,-1.0,-0.1,-1.0,-0.1
3,NONE,-1.0,-0.1,-1.0,-0.1
3,NONE,-1.0,-0.1,-1.0,-0.1
3,NONE,-1.0,-0.1,-1.0,-0.1
3,NONE,-1.0,-0.1,-1.0,-0.1
3,NONE,-1.0,-0.1,-1.0,-0.1
3,NONE,-1.0,-0.1,-1.0,-0.1
3,NONE,-1.0,-0.1,-1.0,-0.1
3,NONE,-1.0,-0.1,-1.0,-0.1
3,NONE,-1.0,-0.1,-1.0,-0.1
3,NONE,-1.0,-0.1,-1.0,-0.1
3,NONE,-1.0,-0.1,-1.0,-0.1
3,NONE,-1.0,-0.1,-1.0,-0.1
3,NONE,-1.0,-0.1,-1.0,-0.1
3,NONE,-1.0,-0.1,-1.0,-0.1
3,NONE,-1.0,-0.1,-1.0,-0.1
3,NONE,-1.0,-0.1,-1.0,-0.1
3,NONE,-1.0,-0.1,-1.0,-0.1
3,NONE,-1.0,-0.1,-1.0,-0.1
3,NONE,-1.0,-0.1,-1.0,-0.1
3,NONE,-1.0,-0.1,-1.0,-0.1
3,NONE,-1.0,-0.1,-1.0,-0.1
3,NONE,-1.0,-0.1,-1.0,-0.1
3,NONE,-1.0,-0.1,-1.0,-0.1
3,NONE,-1.0,-0.1,-1.0,-0.1
3,NONE,-1.0,-0.1,-1.0,-0.1
3,NONE,-1.0,-0.1,-1.0,-0.1
3,NONE,-1.0,-0.1,-1.0,-0.1
3,NONE,-1.0,-0.1,-1.0,-0.1
3,NONE,-1.0,-0.1,-1.0,-0.1
3,NONE,-1.0,-0.1,-1.0,-0.1
3,NONE,-1.0,-0.1,-1.0,-0.1
3,NONE,-1.0,-0.1,-1.0,-0.1
3,NONE,-1.0,-0.1,-1.0,-0.1
3,NONE,-1.0,-0.1,-1.0,-0.1
3,NONE,-1.0,-0.1,-1.0,-0.1
3,NONE,-1.0,-0.1,-1.0,-0.1
3,NONE,-1.0,-0.1,-1.0,-0.1
3,NONE,-1.0,-0.1,-1.0,-0.1
3,NONE,-1.0,-0.1,-1.0,-0.1
3,NONE,-1.0,-0.1,-1.0,-0.1
3,NONE,-1.0,-0.1,-1.0,-0.1
3,NONE,-1.0,-0.1,-1.0,-0.1
3,NONE,-1.0,-0.1,-1.0,-0.1
3,NONE,-1.0,-0.1,-1.0,-0.1
3,NONE,-1.0,-0.1,-1.0,-0.1
3,NONE,-1.0,-0.1,-1.0,-0.1
3,NONE,-1.0,-0.1,-1.0,-0.1
3,NONE,-1.0,-0.1,-1.0,-0.1
3,NONE,-1.0,-0.1,-1.0,-0.1
3,NONE,-1.0,-0.1,-1.0,-0.1
3,NONE,-1.0,-0.1,-1.0,-0.1
3,NONE,-1.0,-0.1,-1.0,-0.1
3,NONE,-1.0,-0.1,-1.0,-0.1
3,NONE,-1.0,-0.1,-1.0,-0.1
3,NONE,-1.0,-0.1,-1.0,-0.1
3,NONE,-1.0,-0.1,-1.0,-0.1
3,NONE,-1.0,-0.1,-1.0,-0.1
2,EV_B07_C030_Mototaxi_Electrica,-1.0,-0.1,9.0,30.28574694359063
1,EV_B07_C030_Mototaxi_Electrica,5.0,92.5439664808465,-1.0,30.28574694359063
1,EV_B07_C030_Mototaxi_Electrica,4.0,92.5439664808465,-1.0,30.28574694359063
1,EV_B07_C030_Mototaxi_Electrica,3.0,92.5439664808465,-1.0,30.28574694359063
1,EV_B07_C030_Mototaxi_Electrica,2.0,92.5439664808465,-1.0,30.28574694359063
1,EV_B07_C030_Mototaxi_Electrica,1.0,92.5439664808465,-1.0,30.28574694359063
1,EV_B07_C030_Mototaxi_Electrica,0.0,92.5439664808465,-1.0,30.28574694359063
3,NONE,-1.0,-0.1,-1.0,-0.1
3,NONE,-1.0,-0.1,-1.0,-0.1
3,NONE,-1.0,-0.1,-1.0,-0.1
3,NONE,-1.0,-0.1,-1.0,-0.1
3,NONE,-1.0,-0.1,-1.0,-0.1
3,NONE,-1.0,-0.1,-1.0,-0.1
3,NONE,-1.0,-0.1,-1.0,-0.1
3,NONE,-1.0,-0.1,-1.0,-0.1
3,NONE,-1.0,-0.1,-1.0,-0.1
3,NONE,-1.0,-0.1,-1.0,-0.1
3,NONE,-1.0,-0.1,-1.0,-0.1
3,NONE,-1.0,-0.1,-1.0,-0.1
3,NONE,-1.0,-0.1,-1.0,-0.1
3,NONE,-1.0,-0.1,-1.0,-0.1
3,NONE,-1.0,-0.1,-1.0,-0.1
3,NONE,-1.0,-0.1,-1.0,-0.1
3,NONE,-1.0,-0.1,-1.0,-0.1
3,NONE,-1.0,-0.1,-1.0,-0.1
3,NONE,-1.0,-0.1,-1.0,-0.1
3,NONE,-1.0,-0.1,-1.0,-0.1
3,NONE,-1.0,-0.1,-1.0,-0.1
3,NONE,-1.0,-0.1,-1.0,-0.1
3,NONE,-1.0,-0.1,-1.0,-0.1
3,NONE,-1.0,-0.1,-1.0,-0.1
3,NONE,-1.0,-0.1,-1.0,-0.1
3,NONE,-1.0,-0.1,-1.0,-0.1
3,NONE,-1.0,-0.1,-1.0,-0.1
3,NONE,-1.0,-0.1,-1.0,-0.1
3,NONE,-1.0,-0.1,-1.0,-0.1
3,NONE,-1.0,-0.1,-1.0,-0.1
3,NONE,-1.0,-0.1,-1.0,-0.1
3,NONE,-1.0,-0.1,-1.0,-0.1
3,NONE,-1.0,-0.1,-1.0,-0.1
3,NONE,-1.0,-0.1,-1.0,-0.1
3,NONE,-1.0,-0.1,-1.0,-0.1
3,NONE,-1.0,-0.1,-1.0,-0.1
3,NONE,-1.0,-0.1,-1.0,-0.1
3,NONE,-1.0,-0.1,-1.0,-0.1
3,NONE,-1.0,-0.1,-1.0,-0.1
2,EV_B07_C030_Mototaxi_Electrica,-1.0,-0.1,7.0,61.179086137864424
1,EV_B07_C030_Mototaxi_Electrica,6.0,82.48880098458056,-1.0,61.179086137864424
1,EV_B07_C030_Mototaxi_Electrica,5.0,82.48880098458056,-1.0,61.179086137864424
1,EV_B07_C030_Mototaxi_Electrica,4.0,82.48880098458056,-1.0,61.179086137864424
1,EV_B07_C030_Mototaxi_Electrica,3.0,82.48880098458056,-1.0,61.179086137864424
1,EV_B07_C030_Mototaxi_Electrica,2.0,82.48880098458056,-1.0,61.179086137864424
1,EV_B07_C030_Mototaxi_Electrica,1.0,82.48880098458056,-1.0,61.179086137864424
1,EV_B07_C030_Mototaxi_Electrica,0.0,82.48880098458056,-1.0,61.179086137864424
3,NONE,-1.0,-0.1,-1.0,-0.1
3,NONE,-1.0,-0.1,-1.0,-0.1
3,NONE,-1.0,-0.1,-1.0,-0.1
3,NONE,-1.0,-0.1,-1.0,-0.1
3,NONE,-1.0,-0.1,-1.0,-0.1
3,NONE,-1.0,-0.1,-1.0,-0.1
3,NONE,-1.0,-0.1,-1.0,-0.1
3,NONE,-1.0,-0.1,-1.0,-0.1
3,NONE,-1.0,-0.1,-1.0,-0.1
3,NONE,-1.0,-0.1,-1.0,-0.1
3,NONE,-1.0,-0.1,-1.0,-0.1
3,NONE,-1.0,-0.1,-1.0,-0.1
3,NONE,-1.0,-0.1,-1.0,-0.1
3,NONE,-1.0,-0.1,-1.0,-0.1
3,NONE,-1.0,-0.1,-1.0,-0.1
3,NONE,-1.0,-0.1,-1.0,-0.1
3,NONE,-1.0,-0.1,-1.0,-0.1
3,NONE,-1.0,-0.1,-1.0,-0.1
3,NONE,-1.0,-0.1,-1.0,-0.1
3,NONE,-1.0,-0.1,-1.0,-0.1
3,NONE,-1.0,-0.1,-1.0,-0.1
3,NONE,-1.0,-0.1,-1.0,-0.1
3,NONE,-1.0,-0.1,-1.0,-0.1
3,NONE,-1.0,-0.1,-1.0,-0.1
3,NONE,-1.0,-0.1,-1.0,-0.1
3,NONE,-1.0,-0.1,-1.0,-0.1
3,NONE,-1.0,-0.1,-1.0,-0.1
3,NONE,-1.0,-0.1,-1.0,-0.1
3,NONE,-1.0,-0.1,-1.0,-0.1
3,NONE,-1.0,-0.1,-1.0,-0.1
3,NONE,-1.0,-0.1,-1.0,-0.1
3,NONE,-1.0,-0.1,-1.0,-0.1
3,NONE,-1.0,-0.1,-1.0,-0.1
3,NONE,-1.0,-0.1,-1.0,-0.1
3,NONE,-1.0,-0.1,-1.0,-0.1
3,NONE,-1.0,-0.1,-1.0,-0.1
3,NONE,-1.0,-0.1,-1.0,-0.1
3,NONE,-1.0,-0.1,-1.0,-0.1
3,NONE,-1.0,-0.1,-1.0,-0.1
3,NONE,-1.0,-0.1,-1.0,-0.1
3,NONE,-1.0,-0.1,-1.0,-0.1
3,NONE,-1.0,-0.1,-1.0,-0.1
3,NONE,-1.0,-0.1,-1.0,-0.1
3,NONE,-1.0,-0.1,-1.0,-0.1
3,NONE,-1.0,-0.1,-1.0,-0.1
3,NONE,-1.0,-0.1,-1.0,-0.1
3,NONE,-1.0,-0.1,-1.0,-0.1
3,NONE,-1.0,-0.1,-1.0,-0.1
3,NONE,-1.0,-0.1,-1.0,-0.1
3,NONE,-1.0,-0.1,-1.0,-0.1
3,NONE,-1.0,-0.1,-1.0,-0.1
3,NONE,-1.0,-0.1,-1.0,-0.1
3,NONE,-1.0,-0.1,-1.0,-0.1
3,NONE,-1.0,-0.1,-1.0,-0.1
3,NONE,-1.0,-0.1,-1.0,-0.1
3,NONE,-1.0,-0.1,-1.0,-0.1
3,NONE,-1.0,-0.1,-1.0,-0.1
3,NONE,-1.0,-0.1,-1.0,-0.1
3,NONE,-1.0,-0.1,-1.0,-0.1
3,NONE,-1.0,-0.1,-1.0,-0.1
3,NONE,-1.0,-0.1,-1.0,-0.1
3,NONE,-1.0,-0.1,-1.0,-0.1
3,NONE,-1.0,-0.1,-1.0,-0.1
3,NONE,-1.0,-0.1,-1.0,-0.1
3,NONE,-1.0,-0.1,-1.0,-0.1
3,NONE,-1.0,-0.1,-1.0,-0.1
3,NONE,-1.0,-0.1,-1.0,-0.1
3,NONE,-1.0,-0.1,-1.0,-0.1
3,NONE,-1.0,-0.1,-1.0,-0.1
3,NONE,-1.0,-0.1,-1.0,-0.1
3,NONE,-1.0,-0.1,-1.0,-0.1
3,NONE,-1.0,-0.1,-1.0,-0.1
3,NONE,-1.0,-0.1,-1.0,-0.1
3,NONE,-1.0,-0.1,-1.0,-0.1
3,NONE,-1.0,-0.1,-1.0,-0.1
3,NONE,-1.0,-0.1,-1.0,-0.1
3,NONE,-1.0,-0.1,-1.0,-0.1
3,NONE,-1.0,-0.1,-1.0,-0.1
3,NONE,-1.0,-0.1,-1.0,-0.1
3,NONE,-1.0,-0.1,-1.0,-0.1
3,NONE,-1.0,-0.1,-1.0,-0.1
3,NONE,-1.0,-0.1,-1.0,-0.1
3,NONE,-1.0,-0.1,-1.0,-0.1
3,NONE,-1.0,-0.1,-1.0,-0.1
3,NONE,-1.0,-0.1,-1.0,-0.1
3,NONE,-1.0,-0.1,-1.0,-0.1
3,NONE,-1.0,-0.1,-1.0,-0.1
3,NONE,-1.0,-0.1,-1.0,-0.1
3,NONE,-1.0,-0.1,-1.0,-0.1
3,NONE,-1.0,-0.1,-1.0,-0.1
3,NONE,-1.0,-0.1,-1.0,-0.1
3,NONE,-1.0,-0.1,-1.0,-0.1
3,NONE,-1.0,-0.1,-1.0,-0.1
3,NONE,-1.0,-0.1,-1.0,-0.1
3,NONE,-1.0,-0.1,-1.0,-0.1
3,NONE,-1.0,-0.1,-1.0,-0.1
3,NONE,-1.0,-0.1,-1.0,-0.1
3,NONE,-1.0,-0.1,-1.0,-0.1
3,NONE,-1.0,-0.1,-1.0,-0.1
3,NONE,-1.0,-0.1,-1.0,-0.1
3,NONE,-1.0,-0.1,-1.0,-0.1
3,NONE,-1.0,-0.1,-1.0,-0.1
3,NONE,-1.0,-0.1,-1.0,-0.1
3,NONE,-1.0,-0.1,-1.0,-0.1
3,NONE,-1.0,-0.1,-1.0,-0.1
3,NONE,-1.0,-0.1,-1.0,-0.1
3,NONE,-1.0,-0.1,-1.0,-0.1
3,NONE,-1.0,-0.1,-1.0,-0.1
3,NONE,-1.0,-0.1,-1.0,-0.1
3,NONE,-1.0,-0.1,-1.0,-0.1
3,NONE,-1.0,-0.1,-1.0,-0.1
3,NONE,-1.0,-0.1,-1.0,-0.1
3,NONE,-1.0,-0.1,-1.0,-0.1
3,NONE,-1.0,-0.1,-1.0,-0.1
3,NONE,-1.0,-0.1,-1.0,-0.1
2,EV_B07_C030_Mototaxi_Electrica,-1.0,-0.1,10.0,8.055779536314382
1,EV_B07_C030_Mototaxi_Electrica,4.0,75.95202032973495,-1.0,8.055779536314382
1,EV_B07_C030_Mototaxi_Electrica,3.0,75.95202032973495,-1.0,8.055779536314382
1,EV_B07_C030_Mototaxi_Electrica,2.0,75.95202032973495,-1.0,8.055779536314382
1,EV_B07_C030_Mototaxi_Electrica,1.0,75.95202032973495,-1.0,8.055779536314382
1,EV_B07_C030_Mototaxi_Electrica,0.0,75.95202032973495,-1.0,8.055779536314382
3,NONE,-1.0,-0.1,-1.0,-0.1
3,NONE,-1.0,-0.1,-1.0,-0.1
3,NONE,-1.0,-0.1,-1.0,-0.1
3,NONE,-1.0,-0.1,-1.0,-0.1
3,NONE,-1.0,-0.1,-1.0,-0.1
3,NONE,-1.0,-0.1,-1.0,-0.1
3,NONE,-1.0,-0.1,-1.0,-0.1
3,NONE,-1.0,-0.1,-1.0,-0.1
3,NONE,-1.0,-0.1,-1.0,-0.1
3,NONE,-1.0,-0.1,-1.0,-0.1
3,NONE,-1.0,-0.1,-1.0,-0.1
3,NONE,-1.0,-0.1,-1.0,-0.1
3,NONE,-1.0,-0.1,-1.0,-0.1
3,NONE,-1.0,-0.1,-1.0,-0.1
3,NONE,-1.0,-0.1,-1.0,-0.1
3,NONE,-1.0,-0.1,-1.0,-0.1
3,NONE,-1.0,-0.1,-1.0,-0.1
3,NONE,-1.0,-0.1,-1.0,-0.1
2,EV_B07_C030_Mototaxi_Electrica,-1.0,-0.1,10.0,23.087254286282047
1,EV_B07_C030_Mototaxi_Electrica,4.0,85.80689770767766,-1.0,23.087254286282047
1,EV_B07_C030_Mototaxi_Electrica,3.0,85.80689770767766,-1.0,23.087254286282047
1,EV_B07_C030_Mototaxi_Electrica,2.0,85.80689770767766,-1.0,23.087254286282047
1,EV_B07_C030_Mototaxi_Electrica,1.0,85.80689770767766,-1.0,23.087254286282047
1,EV_B07_C030_Mototaxi_Electrica,0.0,85.80689770767766,-1.0,23.087254286282047
3,NONE,-1.0,-0.1,-1.0,-0.1
3,NONE,-1.0,-0.1,-1.0,-0.1
3,NONE,-1.0,-0.1,-1.0,-0.1
3,NONE,-1.0,-0.1,-1.0,-0.1
3,NONE,-1.0,-0.1,-1.0,-0.1
3,NONE,-1.0,-0.1,-1.0,-0.1
3,NONE,-1.0,-0.1,-1.0,-0.1
3,NONE,-1.0,-0.1,-1.0,-0.1
3,NONE,-1.0,-0.1,-1.0,-0.1
3,NONE,-1.0,-0.1,-1.0,-0.1
3,NONE,-1.0,-0.1,-1.0,-0.1
3,NONE,-1.0,-0.1,-1.0,-0.1
3,NONE,-1.0,-0.1,-1.0,-0.1
3,NONE,-1.0,-0.1,-1.0,-0.1
3,NONE,-1.0,-0.1,-1.0,-0.1
3,NONE,-1.0,-0.1,-1.0,-0.1
2,EV_B07_C030_Mototaxi_Electrica,-1.0,-0.1,8.0,27.15127490674236
1,EV_B07_C030_Mototaxi_Electrica,5.0,78.56820043489026,-1.0,27.15127490674236
1,EV_B07_C030_Mototaxi_Electrica,4.0,78.56820043489026,-1.0,27.15127490674236
1,EV_B07_C030_Mototaxi_Electrica,3.0,78.56820043489026,-1.0,27.15127490674236
1,EV_B07_C030_Mototaxi_Electrica,2.0,78.56820043489026,-1.0,27.15127490674236
1,EV_B07_C030_Mototaxi_Electrica,1.0,78.56820043489026,-1.0,27.15127490674236
1,EV_B07_C030_Mototaxi_Electrica,0.0,78.56820043489026,-1.0,27.15127490674236
3,NONE,-1.0,-0.1,-1.0,-0.1
3,NONE,-1.0,-0.1,-1.0,-0.1
3,NONE,-1.0,-0.1,-1.0,-0.1
3,NONE,-1.0,-0.1,-1.0,-0.1
3,NONE,-1.0,-0.1,-1.0,-0.1
3,NONE,-1.0,-0.1,-1.0,-0.1
3,NONE,-1.0,-0.1,-1.0,-0.1
3,NONE,-1.0,-0.1,-1.0,-0.1
3,NONE,-1.0,-0.1,-1.0,-0.1
3,NONE,-1.0,-0.1,-1.0,-0.1
3,NONE,-1.0,-0.1,-1.0,-0.1
3,NONE,-1.0,-0.1,-1.0,-0.1
3,NONE,-1.0,-0.1,-1.0,-0.1
3,NONE,-1.0,-0.1,-1.0,-0.1
3,NONE,-1.0,-0.1,-1.0,-0.1
3,NONE,-1.0,-0.1,-1.0,-0.1
2,EV_B07_C030_Mototaxi_Electrica,-1.0,-0.1,7.0,37.49750849274768
1,EV_B07_C030_Mototaxi_Electrica,6.0,76.0161510664508,-1.0,37.49750849274768
1,EV_B07_C030_Mototaxi_Electrica,5.0,76.0161510664508,-1.0,37.49750849274768
1,EV_B07_C030_Mototaxi_Electrica,4.0,76.0161510664508,-1.0,37.49750849274768
1,EV_B07_C030_Mototaxi_Electrica,3.0,76.0161510664508,-1.0,37.49750849274768
1,EV_B07_C030_Mototaxi_Electrica,2.0,76.0161510664508,-1.0,37.49750849274768
1,EV_B07_C030_Mototaxi_Electrica,1.0,76.0161510664508,-1.0,37.49750849274768
1,EV_B07_C030_Mototaxi_Electrica,0.0,76.0161510664508,-1.0,37.49750849274768
3,NONE,-1.0,-0.1,-1.0,-0.1
3,NONE,-1.0,-0.1,-1.0,-0.1
3,NONE,-1.0,-0.1,-1.0,-0.1
3,NONE,-1.0,-0.1,-1.0,-0.1
3,NONE,-1.0,-0.1,-1.0,-0.1
3,NONE,-1.0,-0.1,-1.0,-0.1
3,NONE,-1.0,-0.1,-1.0,-0.1
3,NONE,-1.0,-0.1,-1.0,-0.1
3,NONE,-1.0,-0.1,-1.0,-0.1
3,NONE,-1.0,-0.1,-1.0,-0.1
3,NONE,-1.0,-0.1,-1.0,-0.1
3,NONE,-1.0,-0.1,-1.0,-0.1
3,NONE,-1.0,-0.1,-1.0,-0.1
3,NONE,-1.0,-0.1,-1.0,-0.1
3,NONE,-1.0,-0.1,-1.0,-0.1
3,NONE,-1.0,-0.1,-1.0,-0.1
3,NONE,-1.0,-0.1,-1.0,-0.1
3,NONE,-1.0,-0.1,-1.0,-0.1
3,NONE,-1.0,-0.1,-1.0,-0.1
3,NONE,-1.0,-0.1,-1.0,-0.1
3,NONE,-1.0,-0.1,-1.0,-0.1
3,NONE,-1.0,-0.1,-1.0,-0.1
3,NONE,-1.0,-0.1,-1.0,-0.1
3,NONE,-1.0,-0.1,-1.0,-0.1
3,NONE,-1.0,-0.1,-1.0,-0.1
3,NONE,-1.0,-0.1,-1.0,-0.1
3,NONE,-1.0,-0.1,-1.0,-0.1
3,NONE,-1.0,-0.1,-1.0,-0.1
3,NONE,-1.0,-0.1,-1.0,-0.1
3,NONE,-1.0,-0.1,-1.0,-0.1
3,NONE,-1.0,-0.1,-1.0,-0.1
3,NONE,-1.0,-0.1,-1.0,-0.1
3,NONE,-1.0,-0.1,-1.0,-0.1
3,NONE,-1.0,-0.1,-1.0,-0.1
3,NONE,-1.0,-0.1,-1.0,-0.1
3,NONE,-1.0,-0.1,-1.0,-0.1
3,NONE,-1.0,-0.1,-1.0,-0.1
3,NONE,-1.0,-0.1,-1.0,-0.1
3,NONE,-1.0,-0.1,-1.0,-0.1
3,NONE,-1.0,-0.1,-1.0,-0.1
3,NONE,-1.0,-0.1,-1.0,-0.1
3,NONE,-1.0,-0.1,-1.0,-0.1
3,NONE,-1.0,-0.1,-1.0,-0.1
3,NONE,-1.0,-0.1,-1.0,-0.1
3,NONE,-1.0,-0.1,-1.0,-0.1
3,NONE,-1.0,-0.1,-1.0,-0.1
3,NONE,-1.0,-0.1,-1.0,-0.1
3,NONE,-1.0,-0.1,-1.0,-0.1
3,NONE,-1.0,-0.1,-1.0,-0.1
3,NONE,-1.0,-0.1,-1.0,-0.1
3,NONE,-1.0,-0.1,-1.0,-0.1
3,NONE,-1.0,-0.1,-1.0,-0.1
3,NONE,-1.0,-0.1,-1.0,-0.1
3,NONE,-1.0,-0.1,-1.0,-0.1
3,NONE,-1.0,-0.1,-1.0,-0.1
3,NONE,-1.0,-0.1,-1.0,-0.1
3,NONE,-1.0,-0.1,-1.0,-0.1
3,NONE,-1.0,-0.1,-1.0,-0.1
3,NONE,-1.0,-0.1,-1.0,-0.1
3,NONE,-1.0,-0.1,-1.0,-0.1
3,NONE,-1.0,-0.1,-1.0,-0.1
3,NONE,-1.0,-0.1,-1.0,-0.1
3,NONE,-1.0,-0.1,-1.0,-0.1
3,NONE,-1.0,-0.1,-1.0,-0.1
3,NONE,-1.0,-0.1,-1.0,-0.1
3,NONE,-1.0,-0.1,-1.0,-0.1
3,NONE,-1.0,-0.1,-1.0,-0.1
3,NONE,-1.0,-0.1,-1.0,-0.1
3,NONE,-1.0,-0.1,-1.0,-0.1
3,NONE,-1.0,-0.1,-1.0,-0.1
3,NONE,-1.0,-0.1,-1.0,-0.1
3,NONE,-1.0,-0.1,-1.0,-0.1
3,NONE,-1.0,-0.1,-1.0,-0.1
3,NONE,-1.0,-0.1,-1.0,-0.1
3,NONE,-1.0,-0.1,-1.0,-0.1
3,NONE,-1.0,-0.1,-1.0,-0.1
3,NONE,-1.0,-0.1,-1.0,-0.1
3,NONE,-1.0,-0.1,-1.0,-0.1
3,NONE,-1.0,-0.1,-1.0,-0.1
3,NONE,-1.0,-0.1,-1.0,-0.1
3,NONE,-1.0,-0.1,-1.0,-0.1
3,NONE,-1.0,-0.1,-1.0,-0.1
3,NONE,-1.0,-0.1,-1.0,-0.1
3,NONE,-1.0,-0.1,-1.0,-0.1
3,NONE,-1.0,-0.1,-1.0,-0.1
3,NONE,-1.0,-0.1,-1.0,-0.1
3,NONE,-1.0,-0.1,-1.0,-0.1
3,NONE,-1.0,-0.1,-1.0,-0.1
3,NONE,-1.0,-0.1,-1.0,-0.1
3,NONE,-1.0,-0.1,-1.0,-0.1
2,EV_B07_C030_Mototaxi_Electrica,-1.0,-0.1,9.0,38.81034638956905
1,EV_B07_C030_Mototaxi_Electrica,5.0,91.16114530728744,-1.0,38.81034638956905
1,EV_B07_C030_Mototaxi_Electrica,4.0,91.16114530728744,-1.0,38.81034638956905
1,EV_B07_C030_Mototaxi_Electrica,3.0,91.16114530728744,-1.0,38.81034638956905
1,EV_B07_C030_Mototaxi_Electrica,2.0,91.16114530728744,-1.0,38.81034638956905
1,EV_B07_C030_Mototaxi_Electrica,1.0,91.16114530728744,-1.0,38.81034638956905
1,EV_B07_C030_Mototaxi_Electrica,0.0,91.16114530728744,-1.0,38.81034638956905
3,NONE,-1.0,-0.1,-1.0,-0.1
3,NONE,-1.0,-0.1,-1.0,-0.1
3,NONE,-1.0,-0.1,-1.0,-0.1
3,NONE,-1.0,-0.1,-1.0,-0.1
3,NONE,-1.0,-0.1,-1.0,-0.1
3,NONE,-1.0,-0.1,-1.0,-0.1
3,NONE,-1.0,-0.1,-1.0,-0.1
3,NONE,-1.0,-0.1,-1.0,-0.1
3,NONE,-1.0,-0.1,-1.0,-0.1
3,NONE,-1.0,-0.1,-1.0,-0.1
3,NONE,-1.0,-0.1,-1.0,-0.1
3,NONE,-1.0,-0.1,-1.0,-0.1
3,NONE,-1.0,-0.1,-1.0,-0.1
3,NONE,-1.0,-0.1,-1.0,-0.1
3,NONE,-1.0,-0.1,-1.0,-0.1
3,NONE,-1.0,-0.1,-1.0,-0.1
3,NONE,-1.0,-0.1,-1.0,-0.1
2,EV_B07_C030_Mototaxi_Electrica,-1.0,-0.1,9.0,41.65506242862533
1,EV_B07_C030_Mototaxi_Electrica,5.0,84.01007190137972,-1.0,41.65506242862533
1,EV_B07_C030_Mototaxi_Electrica,4.0,84.01007190137972,-1.0,41.65506242862533
1,EV_B07_C030_Mototaxi_Electrica,3.0,84.01007190137972,-1.0,41.65506242862533
1,EV_B07_C030_Mototaxi_Electrica,2.0,84.01007190137972,-1.0,41.65506242862533
1,EV_B07_C030_Mototaxi_Electrica,1.0,84.01007190137972,-1.0,41.65506242862533
1,EV_B07_C030_Mototaxi_Electrica,0.0,84.01007190137972,-1.0,41.65506242862533
3,NONE,-1.0,-0.1,-1.0,-0.1
3,NONE,-1.0,-0.1,-1.0,-0.1
3,NONE,-1.0,-0.1,-1.0,-0.1
3,NONE,-1.0,-0.1,-1.0,-0.1
3,NONE,-1.0,-0.1,-1.0,-0.1
3,NONE,-1.0,-0.1,-1.0,-0.1
3,NONE,-1.0,-0.1,-1.0,-0.1
3,NONE,-1.0,-0.1,-1.0,-0.1
3,NONE,-1.0,-0.1,-1.0,-0.1
3,NONE,-1.0,-0.1,-1.0,-0.1
3,NONE,-1.0,-0.1,-1.0,-0.1
3,NONE,-1.0,-0.1,-1.0,-0.1
3,NONE,-1.0,-0.1,-1.0,-0.1
3,NONE,-1.0,-0.1,-1.0,-0.1
3,NONE,-1.0,-0.1,-1.0,-0.1
3,NONE,-1.0,-0.1,-1.0,-0.1
3,NONE,-1.0,-0.1,-1.0,-0.1
3,NONE,-1.0,-0.1,-1.0,-0.1
3,NONE,-1.0,-0.1,-1.0,-0.1
3,NONE,-1.0,-0.1,-1.0,-0.1
3,NONE,-1.0,-0.1,-1.0,-0.1
3,NONE,-1.0,-0.1,-1.0,-0.1
3,NONE,-1.0,-0.1,-1.0,-0.1
3,NONE,-1.0,-0.1,-1.0,-0.1
3,NONE,-1.0,-0.1,-1.0,-0.1
3,NONE,-1.0,-0.1,-1.0,-0.1
3,NONE,-1.0,-0.1,-1.0,-0.1
3,NONE,-1.0,-0.1,-1.0,-0.1
3,NONE,-1.0,-0.1,-1.0,-0.1
3,NONE,-1.0,-0.1,-1.0,-0.1
3,NONE,-1.0,-0.1,-1.0,-0.1
3,NONE,-1.0,-0.1,-1.0,-0.1
3,NONE,-1.0,-0.1,-1.0,-0.1
3,NONE,-1.0,-0.1,-1.0,-0.1
3,NONE,-1.0,-0.1,-1.0,-0.1
3,NONE,-1.0,-0.1,-1.0,-0.1
3,NONE,-1.0,-0.1,-1.0,-0.1
3,NONE,-1.0,-0.1,-1.0,-0.1
3,NONE,-1.0,-0.1,-1.0,-0.1
3,NONE,-1.0,-0.1,-1.0,-0.1
3,NONE,-1.0,-0.1,-1.0,-0.1
2,EV_B07_C030_Mototaxi_Electrica,-1.0,-0.1,9.0,40.435137243548546
1,EV_B07_C030_Mototaxi_Electrica,5.0,90.5480128073751,-1.0,40.435137243548546
1,EV_B07_C030_Mototaxi_Electrica,4.0,90.5480128073751,-1.0,40.435137243548546
1,EV_B07_C030_Mototaxi_Electrica,3.0,90.5480128073751,-1.0,40.435137243548546
1,EV_B07_C030_Mototaxi_Electrica,2.0,90.5480128073751,-1.0,40.435137243548546
1,EV_B07_C030_Mototaxi_Electrica,1.0,90.5480128073751,-1.0,40.435137243548546
1,EV_B07_C030_Mototaxi_Electrica,0.0,90.5480128073751,-1.0,40.435137243548546
3,NONE,-1.0,-0.1,-1.0,-0.1
3,NONE,-1.0,-0.1,-1.0,-0.1
3,NONE,-1.0,-0.1,-1.0,-0.1
3,NONE,-1.0,-0.1,-1.0,-0.1
3,NONE,-1.0,-0.1,-1.0,-0.1
3,NONE,-1.0,-0.1,-1.0,-0.1
3,NONE,-1.0,-0.1,-1.0,-0.1
3,NONE,-1.0,-0.1,-1.0,-0.1
3,NONE,-1.0,-0.1,-1.0,-0.1
3,NONE,-1.0,-0.1,-1.0,-0.1
3,NONE,-1.0,-0.1,-1.0,-0.1
3,NONE,-1.0,-0.1,-1.0,-0.1
3,NONE,-1.0,-0.1,-1.0,-0.1
3,NONE,-1.0,-0.1,-1.0,-0.1
3,NONE,-1.0,-0.1,-1.0,-0.1
3,NONE,-1.0,-0.1,-1.0,-0.1
3,NONE,-1.0,-0.1,-1.0,-0.1
3,NONE,-1.0,-0.1,-1.0,-0.1
3,NONE,-1.0,-0.1,-1.0,-0.1
3,NONE,-1.0,-0.1,-1.0,-0.1
3,NONE,-1.0,-0.1,-1.0,-0.1
3,NONE,-1.0,-0.1,-1.0,-0.1
3,NONE,-1.0,-0.1,-1.0,-0.1
3,NONE,-1.0,-0.1,-1.0,-0.1
3,NONE,-1.0,-0.1,-1.0,-0.1
3,NONE,-1.0,-0.1,-1.0,-0.1
3,NONE,-1.0,-0.1,-1.0,-0.1
3,NONE,-1.0,-0.1,-1.0,-0.1
3,NONE,-1.0,-0.1,-1.0,-0.1
3,NONE,-1.0,-0.1,-1.0,-0.1
3,NONE,-1.0,-0.1,-1.0,-0.1
3,NONE,-1.0,-0.1,-1.0,-0.1
3,NONE,-1.0,-0.1,-1.0,-0.1
3,NONE,-1.0,-0.1,-1.0,-0.1
3,NONE,-1.0,-0.1,-1.0,-0.1
3,NONE,-1.0,-0.1,-1.0,-0.1
3,NONE,-1.0,-0.1,-1.0,-0.1
3,NONE,-1.0,-0.1,-1.0,-0.1
3,NONE,-1.0,-0.1,-1.0,-0.1
3,NONE,-1.0,-0.1,-1.0,-0.1
3,NONE,-1.0,-0.1,-1.0,-0.1
3,NONE,-1.0,-0.1,-1.0,-0.1
3,NONE,-1.0,-0.1,-1.0,-0.1
3,NONE,-1.0,-0.1,-1.0,-0.1
3,NONE,-1.0,-0.1,-1.0,-0.1
3,NONE,-1.0,-0.1,-1.0,-0.1
3,NONE,-1.0,-0.1,-1.0,-0.1
3,NONE,-1.0,-0.1,-1.0,-0.1
3,NONE,-1.0,-0.1,-1.0,-0.1
3,NONE,-1.0,-0.1,-1.0,-0.1
3,NONE,-1.0,-0.1,-1.0,-0.1
3,NONE,-1.0,-0.1,-1.0,-0.1
3,NONE,-1.0,-0.1,-1.0,-0.1
3,NONE,-1.0,-0.1,-1.0,-0.1
3,NONE,-1.0,-0.1,-1.0,-0.1
3,NONE,-1.0,-0.1,-1.0,-0.1
3,NONE,-1.0,-0.1,-1.0,-0.1
3,NONE,-1.0,-0.1,-1.0,-0.1
3,NONE,-1.0,-0.1,-1.0,-0.1
3,NONE,-1.0,-0.1,-1.0,-0.1
3,NONE,-1.0,-0.1,-1.0,-0.1
3,NONE,-1.0,-0.1,-1.0,-0.1
3,NONE,-1.0,-0.1,-1.0,-0.1
3,NONE,-1.0,-0.1,-1.0,-0.1
3,NONE,-1.0,-0.1,-1.0,-0.1
3,NONE,-1.0,-0.1,-1.0,-0.1
3,NONE,-1.0,-0.1,-1.0,-0.1
3,NONE,-1.0,-0.1,-1.0,-0.1
3,NONE,-1.0,-0.1,-1.0,-0.1
3,NONE,-1.0,-0.1,-1.0,-0.1
3,NONE,-1.0,-0.1,-1.0,-0.1
3,NONE,-1.0,-0.1,-1.0,-0.1
3,NONE,-1.0,-0.1,-1.0,-0.1
3,NONE,-1.0,-0.1,-1.0,-0.1
3,NONE,-1.0,-0.1,-1.0,-0.1
3,NONE,-1.0,-0.1,-1.0,-0.1
3,NONE,-1.0,-0.1,-1.0,-0.1
3,NONE,-1.0,-0.1,-1.0,-0.1
3,NONE,-1.0,-0.1,-1.0,-0.1
3,NONE,-1.0,-0.1,-1.0,-0.1
3,NONE,-1.0,-0.1,-1.0,-0.1
3,NONE,-1.0,-0.1,-1.0,-0.1
3,NONE,-1.0,-0.1,-1.0,-0.1
3,NONE,-1.0,-0.1,-1.0,-0.1
3,NONE,-1.0,-0.1,-1.0,-0.1
3,NONE,-1.0,-0.1,-1.0,-0.1
3,NONE,-1.0,-0.1,-1.0,-0.1
3,NONE,-1.0,-0.1,-1.0,-0.1
3,NONE,-1.0,-0.1,-1.0,-0.1
2,EV_B07_C030_Mototaxi_Electrica,-1.0,-0.1,9.0,48.23799639125555
1,EV_B07_C030_Mototaxi_Electrica,5.0,88.74952596066515,-1.0,48.23799639125555
1,EV_B07_C030_Mototaxi_Electrica,4.0,88.74952596066515,-1.0,48.23799639125555
1,EV_B07_C030_Mototaxi_Electrica,3.0,88.74952596066515,-1.0,48.23799639125555
1,EV_B07_C030_Mototaxi_Electrica,2.0,88.74952596066515,-1.0,48.23799639125555
1,EV_B07_C030_Mototaxi_Electrica,1.0,88.74952596066515,-1.0,48.23799639125555
1,EV_B07_C030_Mototaxi_Electrica,0.0,88.74952596066515,-1.0,48.23799639125555
3,NONE,-1.0,-0.1,-1.0,-0.1
3,NONE,-1.0,-0.1,-1.0,-0.1
3,NONE,-1.0,-0.1,-1.0,-0.1
3,NONE,-1.0,-0.1,-1.0,-0.1
3,NONE,-1.0,-0.1,-1.0,-0.1
3,NONE,-1.0,-0.1,-1.0,-0.1
3,NONE,-1.0,-0.1,-1.0,-0.1
3,NONE,-1.0,-0.1,-1.0,-0.1
3,NONE,-1.0,-0.1,-1.0,-0.1
3,NONE,-1.0,-0.1,-1.0,-0.1
3,NONE,-1.0,-0.1,-1.0,-0.1
3,NONE,-1.0,-0.1,-1.0,-0.1
3,NONE,-1.0,-0.1,-1.0,-0.1
3,NONE,-1.0,-0.1,-1.0,-0.1
3,NONE,-1.0,-0.1,-1.0,-0.1
3,NONE,-1.0,-0.1,-1.0,-0.1
3,NONE,-1.0,-0.1,-1.0,-0.1
3,NONE,-1.0,-0.1,-1.0,-0.1
2,EV_B07_C030_Mototaxi_Electrica,-1.0,-0.1,10.0,23.760182651386224
1,EV_B07_C030_Mototaxi_Electrica,4.0,75.5036979112349,-1.0,23.760182651386224
1,EV_B07_C030_Mototaxi_Electrica,3.0,75.5036979112349,-1.0,23.760182651386224
1,EV_B07_C030_Mototaxi_Electrica,2.0,75.5036979112349,-1.0,23.760182651386224
1,EV_B07_C030_Mototaxi_Electrica,1.0,75.5036979112349,-1.0,23.760182651386224
1,EV_B07_C030_Mototaxi_Electrica,0.0,75.5036979112349,-1.0,23.760182651386224
3,NONE,-1.0,-0.1,-1.0,-0.1
3,NONE,-1.0,-0.1,-1.0,-0.1
3,NONE,-1.0,-0.1,-1.0,-0.1
3,NONE,-1.0,-0.1,-1.0,-0.1
3,NONE,-1.0,-0.1,-1.0,-0.1
3,NONE,-1.0,-0.1,-1.0,-0.1
3,NONE,-1.0,-0.1,-1.0,-0.1
3,NONE,-1.0,-0.1,-1.0,-0.1
3,NONE,-1.0,-0.1,-1.0,-0.1
3,NONE,-1.0,-0.1,-1.0,-0.1
3,NONE,-1.0,-0.1,-1.0,-0.1
3,NONE,-1.0,-0.1,-1.0,-0.1
3,NONE,-1.0,-0.1,-1.0,-0.1
3,NONE,-1.0,-0.1,-1.0,-0.1
3,NONE,-1.0,-0.1,-1.0,-0.1
3,NONE,-1.0,-0.1,-1.0,-0.1
3,NONE,-1.0,-0.1,-1.0,-0.1
3,NONE,-1.0,-0.1,-1.0,-0.1
3,NONE,-1.0,-0.1,-1.0,-0.1
3,NONE,-1.0,-0.1,-1.0,-0.1
3,NONE,-1.0,-0.1,-1.0,-0.1
3,NONE,-1.0,-0.1,-1.0,-0.1
3,NONE,-1.0,-0.1,-1.0,-0.1
3,NONE,-1.0,-0.1,-1.0,-0.1
3,NONE,-1.0,-0.1,-1.0,-0.1
3,NONE,-1.0,-0.1,-1.0,-0.1
3,NONE,-1.0,-0.1,-1.0,-0.1
3,NONE,-1.0,-0.1,-1.0,-0.1
3,NONE,-1.0,-0.1,-1.0,-0.1
3,NONE,-1.0,-0.1,-1.0,-0.1
3,NONE,-1.0,-0.1,-1.0,-0.1
3,NONE,-1.0,-0.1,-1.0,-0.1
3,NONE,-1.0,-0.1,-1.0,-0.1
3,NONE,-1.0,-0.1,-1.0,-0.1
3,NONE,-1.0,-0.1,-1.0,-0.1
3,NONE,-1.0,-0.1,-1.0,-0.1
3,NONE,-1.0,-0.1,-1.0,-0.1
3,NONE,-1.0,-0.1,-1.0,-0.1
3,NONE,-1.0,-0.1,-1.0,-0.1
3,NONE,-1.0,-0.1,-1.0,-0.1
3,NONE,-1.0,-0.1,-1.0,-0.1
2,EV_B07_C030_Mototaxi_Electrica,-1.0,-0.1,9.0,17.494142886548293
1,EV_B07_C030_Mototaxi_Electrica,5.0,86.09035109127154,-1.0,17.494142886548293
1,EV_B07_C030_Mototaxi_Electrica,4.0,86.09035109127154,-1.0,17.494142886548293
1,EV_B07_C030_Mototaxi_Electrica,3.0,86.09035109127154,-1.0,17.494142886548293
1,EV_B07_C030_Mototaxi_Electrica,2.0,86.09035109127154,-1.0,17.494142886548293
1,EV_B07_C030_Mototaxi_Electrica,1.0,86.09035109127154,-1.0,17.494142886548293
1,EV_B07_C030_Mototaxi_Electrica,0.0,86.09035109127154,-1.0,17.494142886548293
3,NONE,-1.0,-0.1,-1.0,-0.1
3,NONE,-1.0,-0.1,-1.0,-0.1
3,NONE,-1.0,-0.1,-1.0,-0.1
3,NONE,-1.0,-0.1,-1.0,-0.1
3,NONE,-1.0,-0.1,-1.0,-0.1
3,NONE,-1.0,-0.1,-1.0,-0.1
3,NONE,-1.0,-0.1,-1.0,-0.1
3,NONE,-1.0,-0.1,-1.0,-0.1
3,NONE,-1.0,-0.1,-1.0,-0.1
3,NONE,-1.0,-0.1,-1.0,-0.1
3,NONE,-1.0,-0.1,-1.0,-0.1
3,NONE,-1.0,-0.1,-1.0,-0.1
3,NONE,-1.0,-0.1,-1.0,-0.1
3,NONE,-1.0,-0.1,-1.0,-0.1
3,NONE,-1.0,-0.1,-1.0,-0.1
3,NONE,-1.0,-0.1,-1.0,-0.1
3,NONE,-1.0,-0.1,-1.0,-0.1
3,NONE,-1.0,-0.1,-1.0,-0.1
3,NONE,-1.0,-0.1,-1.0,-0.1
3,NONE,-1.0,-0.1,-1.0,-0.1
3,NONE,-1.0,-0.1,-1.0,-0.1
3,NONE,-1.0,-0.1,-1.0,-0.1
3,NONE,-1.0,-0.1,-1.0,-0.1
3,NONE,-1.0,-0.1,-1.0,-0.1
3,NONE,-1.0,-0.1,-1.0,-0.1
3,NONE,-1.0,-0.1,-1.0,-0.1
3,NONE,-1.0,-0.1,-1.0,-0.1
3,NONE,-1.0,-0.1,-1.0,-0.1
3,NONE,-1.0,-0.1,-1.0,-0.1
3,NONE,-1.0,-0.1,-1.0,-0.1
3,NONE,-1.0,-0.1,-1.0,-0.1
3,NONE,-1.0,-0.1,-1.0,-0.1
3,NONE,-1.0,-0.1,-1.0,-0.1
3,NONE,-1.0,-0.1,-1.0,-0.1
3,NONE,-1.0,-0.1,-1.0,-0.1
3,NONE,-1.0,-0.1,-1.0,-0.1
3,NONE,-1.0,-0.1,-1.0,-0.1
3,NONE,-1.0,-0.1,-1.0,-0.1
3,NONE,-1.0,-0.1,-1.0,-0.1
3,NONE,-1.0,-0.1,-1.0,-0.1
3,NONE,-1.0,-0.1,-1.0,-0.1
3,NONE,-1.0,-0.1,-1.0,-0.1
3,NONE,-1.0,-0.1,-1.0,-0.1
3,NONE,-1.0,-0.1,-1.0,-0.1
3,NONE,-1.0,-0.1,-1.0,-0.1
3,NONE,-1.0,-0.1,-1.0,-0.1
3,NONE,-1.0,-0.1,-1.0,-0.1
3,NONE,-1.0,-0.1,-1.0,-0.1
3,NONE,-1.0,-0.1,-1.0,-0.1
3,NONE,-1.0,-0.1,-1.0,-0.1
3,NONE,-1.0,-0.1,-1.0,-0.1
3,NONE,-1.0,-0.1,-1.0,-0.1
3,NONE,-1.0,-0.1,-1.0,-0.1
3,NONE,-1.0,-0.1,-1.0,-0.1
3,NONE,-1.0,-0.1,-1.0,-0.1
3,NONE,-1.0,-0.1,-1.0,-0.1
3,NONE,-1.0,-0.1,-1.0,-0.1
3,NONE,-1.0,-0.1,-1.0,-0.1
3,NONE,-1.0,-0.1,-1.0,-0.1
3,NONE,-1.0,-0.1,-1.0,-0.1
3,NONE,-1.0,-0.1,-1.0,-0.1
3,NONE,-1.0,-0.1,-1.0,-0.1
3,NONE,-1.0,-0.1,-1.0,-0.1
2,EV_B07_C030_Mototaxi_Electrica,-1.0,-0.1,7.0,49.3890865347429
1,EV_B07_C030_Mototaxi_Electrica,7.0,70.13206057249452,-1.0,49.3890865347429
1,EV_B07_C030_Mototaxi_Electrica,6.0,70.13206057249452,-1.0,49.3890865347429
1,EV_B07_C030_Mototaxi_Electrica,5.0,70.13206057249452,-1.0,49.3890865347429
1,EV_B07_C030_Mototaxi_Electrica,4.0,70.13206057249452,-1.0,49.3890865347429
1,EV_B07_C030_Mototaxi_Electrica,3.0,70.13206057249452,-1.0,49.3890865347429
1,EV_B07_C030_Mototaxi_Electrica,2.0,70.13206057249452,-1.0,49.3890865347429
1,EV_B07_C030_Mototaxi_Electrica,1.0,70.13206057249452,-1.0,49.3890865347429
1,EV_B07_C030_Mototaxi_Electrica,0.0,70.13206057249452,-1.0,49.3890865347429
3,NONE,-1.0,-0.1,-1.0,-0.1
3,NONE,-1.0,-0.1,-1.0,-0.1
3,NONE,-1.0,-0.1,-1.0,-0.1
3,NONE,-1.0,-0.1,-1.0,-0.1
3,NONE,-1.0,-0.1,-1.0,-0.1
3,NONE,-1.0,-0.1,-1.0,-0.1
3,NONE,-1.0,-0.1,-1.0,-0.1
3,NONE,-1.0,-0.1,-1.0,-0.1
3,NONE,-1.0,-0.1,-1.0,-0.1
3,NONE,-1.0,-0.1,-1.0,-0.1
3,NONE,-1.0,-0.1,-1.0,-0.1
3,NONE,-1.0,-0.1,-1.0,-0.1
3,NONE,-1.0,-0.1,-1.0,-0.1
3,NONE,-1.0,-0.1,-1.0,-0.1
3,NONE,-1.0,-0.1,-1.0,-0.1
2,EV_B07_C030_Mototaxi_Electrica,-1.0,-0.1,7.0,31.036288186985544
1,EV_B07_C030_Mototaxi_Electrica,6.0,78.52865506921054,-1.0,31.036288186985544
1,EV_B07_C030_Mototaxi_Electrica,5.0,78.52865506921054,-1.0,31.036288186985544
1,EV_B07_C030_Mototaxi_Electrica,4.0,78.52865506921054,-1.0,31.036288186985544
1,EV_B07_C030_Mototaxi_Electrica,3.0,78.52865506921054,-1.0,31.036288186985544
1,EV_B07_C030_Mototaxi_Electrica,2.0,78.52865506921054,-1.0,31.036288186985544
1,EV_B07_C030_Mototaxi_Electrica,1.0,78.52865506921054,-1.0,31.036288186985544
1,EV_B07_C030_Mototaxi_Electrica,0.0,78.52865506921054,-1.0,31.036288186985544
3,NONE,-1.0,-0.1,-1.0,-0.1
3,NONE,-1.0,-0.1,-1.0,-0.1
3,NONE,-1.0,-0.1,-1.0,-0.1
3,NONE,-1.0,-0.1,-1.0,-0.1
3,NONE,-1.0,-0.1,-1.0,-0.1
3,NONE,-1.0,-0.1,-1.0,-0.1
3,NONE,-1.0,-0.1,-1.0,-0.1
3,NONE,-1.0,-0.1,-1.0,-0.1
3,NONE,-1.0,-0.1,-1.0,-0.1
3,NONE,-1.0,-0.1,-1.0,-0.1
3,NONE,-1.0,-0.1,-1.0,-0.1
3,NONE,-1.0,-0.1,-1.0,-0.1
3,NONE,-1.0,-0.1,-1.0,-0.1
3,NONE,-1.0,-0.1,-1.0,-0.1
3,NONE,-1.0,-0.1,-1.0,-0.1
3,NONE,-1.0,-0.1,-1.0,-0.1
3,NONE,-1.0,-0.1,-1.0,-0.1
3,NONE,-1.0,-0.1,-1.0,-0.1
2,EV_B07_C030_Mototaxi_Electrica,-1.0,-0.1,9.0,21.59974814188685
1,EV_B07_C030_Mototaxi_Electrica,5.0,86.08979844170624,-1.0,21.59974814188685
1,EV_B07_C030_Mototaxi_Electrica,4.0,86.08979844170624,-1.0,21.59974814188685
1,EV_B07_C030_Mototaxi_Electrica,3.0,86.08979844170624,-1.0,21.59974814188685
1,EV_B07_C030_Mototaxi_Electrica,2.0,86.08979844170624,-1.0,21.59974814188685
1,EV_B07_C030_Mototaxi_Electrica,1.0,86.08979844170624,-1.0,21.59974814188685
1,EV_B07_C030_Mototaxi_Electrica,0.0,86.08979844170624,-1.0,21.59974814188685
3,NONE,-1.0,-0.1,-1.0,-0.1
3,NONE,-1.0,-0.1,-1.0,-0.1
3,NONE,-1.0,-0.1,-1.0,-0.1
3,NONE,-1.0,-0.1,-1.0,-0.1
3,NONE,-1.0,-0.1,-1.0,-0.1
3,NONE,-1.0,-0.1,-1.0,-0.1
3,NONE,-1.0,-0.1,-1.0,-0.1
3,NONE,-1.0,-0.1,-1.0,-0.1
3,NONE,-1.0,-0.1,-1.0,-0.1
3,NONE,-1.0,-0.1,-1.0,-0.1
3,NONE,-1.0,-0.1,-1.0,-0.1
3,NONE,-1.0,-0.1,-1.0,-0.1
3,NONE,-1.0,-0.1,-1.0,-0.1
3,NONE,-1.0,-0.1,-1.0,-0.1
3,NONE,-1.0,-0.1,-1.0,-0.1
3,NONE,-1.0,-0.1,-1.0,-0.1
3,NONE,-1.0,-0.1,-1.0,-0.1
3,NONE,-1.0,-0.1,-1.0,-0.1
3,NONE,-1.0,-0.1,-1.0,-0.1
3,NONE,-1.0,-0.1,-1.0,-0.1
3,NONE,-1.0,-0.1,-1.0,-0.1
3,NONE,-1.0,-0.1,-1.0,-0.1
3,NONE,-1.0,-0.1,-1.0,-0.1
3,NONE,-1.0,-0.1,-1.0,-0.1
3,NONE,-1.0,-0.1,-1.0,-0.1
3,NONE,-1.0,-0.1,-1.0,-0.1
3,NONE,-1.0,-0.1,-1.0,-0.1
3,NONE,-1.0,-0.1,-1.0,-0.1
3,NONE,-1.0,-0.1,-1.0,-0.1
3,NONE,-1.0,-0.1,-1.0,-0.1
3,NONE,-1.0,-0.1,-1.0,-0.1
3,NONE,-1.0,-0.1,-1.0,-0.1
3,NONE,-1.0,-0.1,-1.0,-0.1
3,NONE,-1.0,-0.1,-1.0,-0.1
3,NONE,-1.0,-0.1,-1.0,-0.1
3,NONE,-1.0,-0.1,-1.0,-0.1
3,NONE,-1.0,-0.1,-1.0,-0.1
3,NONE,-1.0,-0.1,-1.0,-0.1
3,NONE,-1.0,-0.1,-1.0,-0.1
3,NONE,-1.0,-0.1,-1.0,-0.1
3,NONE,-1.0,-0.1,-1.0,-0.1
2,EV_B07_C030_Mototaxi_Electrica,-1.0,-0.1,9.0,48.388774789664495
1,EV_B07_C030_Mototaxi_Electrica,5.0,70.67070912700675,-1.0,48.388774789664495
1,EV_B07_C030_Mototaxi_Electrica,4.0,70.67070912700675,-1.0,48.388774789664495
1,EV_B07_C030_Mototaxi_Electrica,3.0,70.67070912700675,-1.0,48.388774789664495
1,EV_B07_C030_Mototaxi_Electrica,2.0,70.67070912700675,-1.0,48.388774789664495
1,EV_B07_C030_Mototaxi_Electrica,1.0,70.67070912700675,-1.0,48.388774789664495
1,EV_B07_C030_Mototaxi_Electrica,0.0,70.67070912700675,-1.0,48.388774789664495
3,NONE,-1.0,-0.1,-1.0,-0.1
3,NONE,-1.0,-0.1,-1.0,-0.1
3,NONE,-1.0,-0.1,-1.0,-0.1
3,NONE,-1.0,-0.1,-1.0,-0.1
3,NONE,-1.0,-0.1,-1.0,-0.1
3,NONE,-1.0,-0.1,-1.0,-0.1
3,NONE,-1.0,-0.1,-1.0,-0.1
3,NONE,-1.0,-0.1,-1.0,-0.1
3,NONE,-1.0,-0.1,-1.0,-0.1
3,NONE,-1.0,-0.1,-1.0,-0.1
3,NONE,-1.0,-0.1,-1.0,-0.1
3,NONE,-1.0,-0.1,-1.0,-0.1
3,NONE,-1.0,-0.1,-1.0,-0.1
3,NONE,-1.0,-0.1,-1.0,-0.1
3,NONE,-1.0,-0.1,-1.0,-0.1
3,NONE,-1.0,-0.1,-1.0,-0.1
3,NONE,-1.0,-0.1,-1.0,-0.1
3,NONE,-1.0,-0.1,-1.0,-0.1
3,NONE,-1.0,-0.1,-1.0,-0.1
3,NONE,-1.0,-0.1,-1.0,-0.1
3,NONE,-1.0,-0.1,-1.0,-0.1
3,NONE,-1.0,-0.1,-1.0,-0.1
3,NONE,-1.0,-0.1,-1.0,-0.1
3,NONE,-1.0,-0.1,-1.0,-0.1
3,NONE,-1.0,-0.1,-1.0,-0.1
3,NONE,-1.0,-0.1,-1.0,-0.1
3,NONE,-1.0,-0.1,-1.0,-0.1
3,NONE,-1.0,-0.1,-1.0,-0.1
3,NONE,-1.0,-0.1,-1.0,-0.1
3,NONE,-1.0,-0.1,-1.0,-0.1
3,NONE,-1.0,-0.1,-1.0,-0.1
3,NONE,-1.0,-0.1,-1.0,-0.1
3,NONE,-1.0,-0.1,-1.0,-0.1
3,NONE,-1.0,-0.1,-1.0,-0.1
3,NONE,-1.0,-0.1,-1.0,-0.1
3,NONE,-1.0,-0.1,-1.0,-0.1
3,NONE,-1.0,-0.1,-1.0,-0.1
3,NONE,-1.0,-0.1,-1.0,-0.1
3,NONE,-1.0,-0.1,-1.0,-0.1
3,NONE,-1.0,-0.1,-1.0,-0.1
3,NONE,-1.0,-0.1,-1.0,-0.1
3,NONE,-1.0,-0.1,-1.0,-0.1
3,NONE,-1.0,-0.1,-1.0,-0.1
3,NONE,-1.0,-0.1,-1.0,-0.1
3,NONE,-1.0,-0.1,-1.0,-0.1
3,NONE,-1.0,-0.1,-1.0,-0.1
3,NONE,-1.0,-0.1,-1.0,-0.1
3,NONE,-1.0,-0.1,-1.0,-0.1
3,NONE,-1.0,-0.1,-1.0,-0.1
3,NONE,-1.0,-0.1,-1.0,-0.1
3,NONE,-1.0,-0.1,-1.0,-0.1
3,NONE,-1.0,-0.1,-1.0,-0.1
3,NONE,-1.0,-0.1,-1.0,-0.1
3,NONE,-1.0,-0.1,-1.0,-0.1
3,NONE,-1.0,-0.1,-1.0,-0.1
3,NONE,-1.0,-0.1,-1.0,-0.1
3,NONE,-1.0,-0.1,-1.0,-0.1
3,NONE,-1.0,-0.1,-1.0,-0.1
3,NONE,-1.0,-0.1,-1.0,-0.1
3,NONE,-1.0,-0.1,-1.0,-0.1
3,NONE,-1.0,-0.1,-1.0,-0.1
3,NONE,-1.0,-0.1,-1.0,-0.1
3,NONE,-1.0,-0.1,-1.0,-0.1
3,NONE,-1.0,-0.1,-1.0,-0.1
3,NONE,-1.0,-0.1,-1.0,-0.1
2,EV_B07_C030_Mototaxi_Electrica,-1.0,-0.1,9.0,35.57428162672407
1,EV_B07_C030_Mototaxi_Electrica,5.0,84.67791533293078,-1.0,35.57428162672407
1,EV_B07_C030_Mototaxi_Electrica,4.0,84.67791533293078,-1.0,35.57428162672407
1,EV_B07_C030_Mototaxi_Electrica,3.0,84.67791533293078,-1.0,35.57428162672407
1,EV_B07_C030_Mototaxi_Electrica,2.0,84.67791533293078,-1.0,35.57428162672407
1,EV_B07_C030_Mototaxi_Electrica,1.0,84.67791533293078,-1.0,35.57428162672407
1,EV_B07_C030_Mototaxi_Electrica,0.0,84.67791533293078,-1.0,35.57428162672407
3,NONE,-1.0,-0.1,-1.0,-0.1
3,NONE,-1.0,-0.1,-1.0,-0.1
3,NONE,-1.0,-0.1,-1.0,-0.1
3,NONE,-1.0,-0.1,-1.0,-0.1
3,NONE,-1.0,-0.1,-1.0,-0.1
3,NONE,-1.0,-0.1,-1.0,-0.1
3,NONE,-1.0,-0.1,-1.0,-0.1
3,NONE,-1.0,-0.1,-1.0,-0.1
3,NONE,-1.0,-0.1,-1.0,-0.1
3,NONE,-1.0,-0.1,-1.0,-0.1
3,NONE,-1.0,-0.1,-1.0,-0.1
3,NONE,-1.0,-0.1,-1.0,-0.1
3,NONE,-1.0,-0.1,-1.0,-0.1
3,NONE,-1.0,-0.1,-1.0,-0.1
3,NONE,-1.0,-0.1,-1.0,-0.1
2,EV_B07_C030_Mototaxi_Electrica,-1.0,-0.1,7.0,34.246367520689596
1,EV_B07_C030_Mototaxi_Electrica,6.0,79.83769221382884,-1.0,34.246367520689596
1,EV_B07_C030_Mototaxi_Electrica,5.0,79.83769221382884,-1.0,34.246367520689596
1,EV_B07_C030_Mototaxi_Electrica,4.0,79.83769221382884,-1.0,34.246367520689596
1,EV_B07_C030_Mototaxi_Electrica,3.0,79.83769221382884,-1.0,34.246367520689596
1,EV_B07_C030_Mototaxi_Electrica,2.0,79.83769221382884,-1.0,34.246367520689596
1,EV_B07_C030_Mototaxi_Electrica,1.0,79.83769221382884,-1.0,34.246367520689596
1,EV_B07_C030_Mototaxi_Electrica,0.0,79.83769221382884,-1.0,34.246367520689596
3,NONE,-1.0,-0.1,-1.0,-0.1
3,NONE,-1.0,-0.1,-1.0,-0.1
3,NONE,-1.0,-0.1,-1.0,-0.1
3,NONE,-1.0,-0.1,-1.0,-0.1
3,NONE,-1.0,-0.1,-1.0,-0.1
3,NONE,-1.0,-0.1,-1.0,-0.1
3,NONE,-1.0,-0.1,-1.0,-0.1
3,NONE,-1.0,-0.1,-1.0,-0.1
3,NONE,-1.0,-0.1,-1.0,-0.1
3,NONE,-1.0,-0.1,-1.0,-0.1
3,NONE,-1.0,-0.1,-1.0,-0.1
3,NONE,-1.0,-0.1,-1.0,-0.1
3,NONE,-1.0,-0.1,-1.0,-0.1
3,NONE,-1.0,-0.1,-1.0,-0.1
3,NONE,-1.0,-0.1,-1.0,-0.1
3,NONE,-1.0,-0.1,-1.0,-0.1
3,NONE,-1.0,-0.1,-1.0,-0.1
3,NONE,-1.0,-0.1,-1.0,-0.1
3,NONE,-1.0,-0.1,-1.0,-0.1
3,NONE,-1.0,-0.1,-1.0,-0.1
3,NONE,-1.0,-0.1,-1.0,-0.1
3,NONE,-1.0,-0.1,-1.0,-0.1
3,NONE,-1.0,-0.1,-1.0,-0.1
3,NONE,-1.0,-0.1,-1.0,-0.1
3,NONE,-1.0,-0.1,-1.0,-0.1
3,NONE,-1.0,-0.1,-1.0,-0.1
3,NONE,-1.0,-0.1,-1.0,-0.1
3,NONE,-1.0,-0.1,-1.0,-0.1
3,NONE,-1.0,-0.1,-1.0,-0.1
3,NONE,-1.0,-0.1,-1.0,-0.1
3,NONE,-1.0,-0.1,-1.0,-0.1
3,NONE,-1.0,-0.1,-1.0,-0.1
3,NONE,-1.0,-0.1,-1.0,-0.1
3,NONE,-1.0,-0.1,-1.0,-0.1
3,NONE,-1.0,-0.1,-1.0,-0.1
3,NONE,-1.0,-0.1,-1.0,-0.1
3,NONE,-1.0,-0.1,-1.0,-0.1
3,NONE,-1.0,-0.1,-1.0,-0.1
3,NONE,-1.0,-0.1,-1.0,-0.1
3,NONE,-1.0,-0.1,-1.0,-0.1
2,EV_B07_C030_Mototaxi_Electrica,-1.0,-0.1,7.0,45.995378579387676
1,EV_B07_C030_Mototaxi_Electrica,7.0,73.70547184074024,-1.0,45.995378579387676
1,EV_B07_C030_Mototaxi_Electrica,6.0,73.70547184074024,-1.0,45.995378579387676
1,EV_B07_C030_Mototaxi_Electrica,5.0,73.70547184074024,-1.0,45.995378579387676
1,EV_B07_C030_Mototaxi_Electrica,4.0,73.70547184074024,-1.0,45.995378579387676
1,EV_B07_C030_Mototaxi_Electrica,3.0,73.70547184074024,-1.0,45.995378579387676
1,EV_B07_C030_Mototaxi_Electrica,2.0,73.70547184074024,-1.0,45.995378579387676
1,EV_B07_C030_Mototaxi_Electrica,1.0,73.70547184074024,-1.0,45.995378579387676
1,EV_B07_C030_Mototaxi_Electrica,0.0,73.70547184074024,-1.0,45.995378579387676
3,NONE,-1.0,-0.1,-1.0,-0.1
3,NONE,-1.0,-0.1,-1.0,-0.1
3,NONE,-1.0,-0.1,-1.0,-0.1
3,NONE,-1.0,-0.1,-1.0,-0.1
3,NONE,-1.0,-0.1,-1.0,-0.1
3,NONE,-1.0,-0.1,-1.0,-0.1
3,NONE,-1.0,-0.1,-1.0,-0.1
3,NONE,-1.0,-0.1,-1.0,-0.1
3,NONE,-1.0,-0.1,-1.0,-0.1
3,NONE,-1.0,-0.1,-1.0,-0.1
3,NONE,-1.0,-0.1,-1.0,-0.1
3,NONE,-1.0,-0.1,-1.0,-0.1
3,NONE,-1.0,-0.1,-1.0,-0.1
3,NONE,-1.0,-0.1,-1.0,-0.1
3,NONE,-1.0,-0.1,-1.0,-0.1
2,EV_B07_C030_Mototaxi_Electrica,-1.0,-0.1,7.0,18.530421159511466
1,EV_B07_C030_Mototaxi_Electrica,6.0,81.95141373495784,-1.0,18.530421159511466
1,EV_B07_C030_Mototaxi_Electrica,5.0,81.95141373495784,-1.0,18.530421159511466
1,EV_B07_C030_Mototaxi_Electrica,4.0,81.95141373495784,-1.0,18.530421159511466
1,EV_B07_C030_Mototaxi_Electrica,3.0,81.95141373495784,-1.0,18.530421159511466
1,EV_B07_C030_Mototaxi_Electrica,2.0,81.95141373495784,-1.0,18.530421159511466
1,EV_B07_C030_Mototaxi_Electrica,1.0,81.95141373495784,-1.0,18.530421159511466
1,EV_B07_C030_Mototaxi_Electrica,0.0,81.95141373495784,-1.0,18.530421159511466
3,NONE,-1.0,-0.1,-1.0,-0.1
3,NONE,-1.0,-0.1,-1.0,-0.1
3,NONE,-1.0,-0.1,-1.0,-0.1
3,NONE,-1.0,-0.1,-1.0,-0.1
3,NONE,-1.0,-0.1,-1.0,-0.1
3,NONE,-1.0,-0.1,-1.0,-0.1
3,NONE,-1.0,-0.1,-1.0,-0.1
3,NONE,-1.0,-0.1,-1.0,-0.1
3,NONE,-1.0,-0.1,-1.0,-0.1
3,NONE,-1.0,-0.1,-1.0,-0.1
3,NONE,-1.0,-0.1,-1.0,-0.1
3,NONE,-1.0,-0.1,-1.0,-0.1
3,NONE,-1.0,-0.1,-1.0,-0.1
3,NONE,-1.0,-0.1,-1.0,-0.1
3,NONE,-1.0,-0.1,-1.0,-0.1
3,NONE,-1.0,-0.1,-1.0,-0.1
3,NONE,-1.0,-0.1,-1.0,-0.1
3,NONE,-1.0,-0.1,-1.0,-0.1
3,NONE,-1.0,-0.1,-1.0,-0.1
3,NONE,-1.0,-0.1,-1.0,-0.1
3,NONE,-1.0,-0.1,-1.0,-0.1
3,NONE,-1.0,-0.1,-1.0,-0.1
3,NONE,-1.0,-0.1,-1.0,-0.1
3,NONE,-1.0,-0.1,-1.0,-0.1
3,NONE,-1.0,-0.1,-1.0,-0.1
3,NONE,-1.0,-0.1,-1.0,-0.1
3,NONE,-1.0,-0.1,-1.0,-0.1
3,NONE,-1.0,-0.1,-1.0,-0.1
3,NONE,-1.0,-0.1,-1.0,-0.1
3,NONE,-1.0,-0.1,-1.0,-0.1
3,NONE,-1.0,-0.1,-1.0,-0.1
3,NONE,-1.0,-0.1,-1.0,-0.1
3,NONE,-1.0,-0.1,-1.0,-0.1
3,NONE,-1.0,-0.1,-1.0,-0.1
3,NONE,-1.0,-0.1,-1.0,-0.1
3,NONE,-1.0,-0.1,-1.0,-0.1
3,NONE,-1.0,-0.1,-1.0,-0.1
3,NONE,-1.0,-0.1,-1.0,-0.1
3,NONE,-1.0,-0.1,-1.0,-0.1
3,NONE,-1.0,-0.1,-1.0,-0.1
3,NONE,-1.0,-0.1,-1.0,-0.1
3,NONE,-1.0,-0.1,-1.0,-0.1
3,NONE,-1.0,-0.1,-1.0,-0.1
3,NONE,-1.0,-0.1,-1.0,-0.1
3,NONE,-1.0,-0.1,-1.0,-0.1
3,NONE,-1.0,-0.1,-1.0,-0.1
3,NONE,-1.0,-0.1,-1.0,-0.1
3,NONE,-1.0,-0.1,-1.0,-0.1
3,NONE,-1.0,-0.1,-1.0,-0.1
3,NONE,-1.0,-0.1,-1.0,-0.1
3,NONE,-1.0,-0.1,-1.0,-0.1
3,NONE,-1.0,-0.1,-1.0,-0.1
3,NONE,-1.0,-0.1,-1.0,-0.1
3,NONE,-1.0,-0.1,-1.0,-0.1
3,NONE,-1.0,-0.1,-1.0,-0.1
3,NONE,-1.0,-0.1,-1.0,-0.1
3,NONE,-1.0,-0.1,-1.0,-0.1
3,NONE,-1.0,-0.1,-1.0,-0.1
3,NONE,-1.0,-0.1,-1.0,-0.1
3,NONE,-1.0,-0.1,-1.0,-0.1
3,NONE,-1.0,-0.1,-1.0,-0.1
3,NONE,-1.0,-0.1,-1.0,-0.1
3,NONE,-1.0,-0.1,-1.0,-0.1
3,NONE,-1.0,-0.1,-1.0,-0.1
2,EV_B07_C030_Mototaxi_Electrica,-1.0,-0.1,7.0,32.63894046942934
1,EV_B07_C030_Mototaxi_Electrica,7.0,76.32913027477244,-1.0,32.63894046942934
1,EV_B07_C030_Mototaxi_Electrica,6.0,76.32913027477244,-1.0,32.63894046942934
1,EV_B07_C030_Mototaxi_Electrica,5.0,76.32913027477244,-1.0,32.63894046942934
1,EV_B07_C030_Mototaxi_Electrica,4.0,76.32913027477244,-1.0,32.63894046942934
1,EV_B07_C030_Mototaxi_Electrica,3.0,76.32913027477244,-1.0,32.63894046942934
1,EV_B07_C030_Mototaxi_Electrica,2.0,76.32913027477244,-1.0,32.63894046942934
1,EV_B07_C030_Mototaxi_Electrica,1.0,76.32913027477244,-1.0,32.63894046942934
1,EV_B07_C030_Mototaxi_Electrica,0.0,76.32913027477244,-1.0,32.63894046942934
3,NONE,-1.0,-0.1,-1.0,-0.1
3,NONE,-1.0,-0.1,-1.0,-0.1
3,NONE,-1.0,-0.1,-1.0,-0.1
3,NONE,-1.0,-0.1,-1.0,-0.1
3,NONE,-1.0,-0.1,-1.0,-0.1
3,NONE,-1.0,-0.1,-1.0,-0.1
3,NONE,-1.0,-0.1,-1.0,-0.1
3,NONE,-1.0,-0.1,-1.0,-0.1
3,NONE,-1.0,-0.1,-1.0,-0.1
3,NONE,-1.0,-0.1,-1.0,-0.1
3,NONE,-1.0,-0.1,-1.0,-0.1
3,NONE,-1.0,-0.1,-1.0,-0.1
3,NONE,-1.0,-0.1,-1.0,-0.1
3,NONE,-1.0,-0.1,-1.0,-0.1
3,NONE,-1.0,-0.1,-1.0,-0.1
3,NONE,-1.0,-0.1,-1.0,-0.1
3,NONE,-1.0,-0.1,-1.0,-0.1
3,NONE,-1.0,-0.1,-1.0,-0.1
3,NONE,-1.0,-0.1,-1.0,-0.1
3,NONE,-1.0,-0.1,-1.0,-0.1
3,NONE,-1.0,-0.1,-1.0,-0.1
3,NONE,-1.0,-0.1,-1.0,-0.1
3,NONE,-1.0,-0.1,-1.0,-0.1
3,NONE,-1.0,-0.1,-1.0,-0.1
3,NONE,-1.0,-0.1,-1.0,-0.1
3,NONE,-1.0,-0.1,-1.0,-0.1
3,NONE,-1.0,-0.1,-1.0,-0.1
3,NONE,-1.0,-0.1,-1.0,-0.1
3,NONE,-1.0,-0.1,-1.0,-0.1
3,NONE,-1.0,-0.1,-1.0,-0.1
3,NONE,-1.0,-0.1,-1.0,-0.1
3,NONE,-1.0,-0.1,-1.0,-0.1
3,NONE,-1.0,-0.1,-1.0,-0.1
3,NONE,-1.0,-0.1,-1.0,-0.1
3,NONE,-1.0,-0.1,-1.0,-0.1
3,NONE,-1.0,-0.1,-1.0,-0.1
3,NONE,-1.0,-0.1,-1.0,-0.1
3,NONE,-1.0,-0.1,-1.0,-0.1
3,NONE,-1.0,-0.1,-1.0,-0.1
3,NONE,-1.0,-0.1,-1.0,-0.1
3,NONE,-1.0,-0.1,-1.0,-0.1
2,EV_B07_C030_Mototaxi_Electrica,-1.0,-0.1,9.0,37.378304938418644
1,EV_B07_C030_Mototaxi_Electrica,5.0,80.14860913024897,-1.0,37.378304938418644
1,EV_B07_C030_Mototaxi_Electrica,4.0,80.14860913024897,-1.0,37.378304938418644
1,EV_B07_C030_Mototaxi_Electrica,3.0,80.14860913024897,-1.0,37.378304938418644
1,EV_B07_C030_Mototaxi_Electrica,2.0,80.14860913024897,-1.0,37.378304938418644
1,EV_B07_C030_Mototaxi_Electrica,1.0,80.14860913024897,-1.0,37.378304938418644
1,EV_B07_C030_Mototaxi_Electrica,0.0,80.14860913024897,-1.0,37.378304938418644
3,NONE,-1.0,-0.1,-1.0,-0.1
3,NONE,-1.0,-0.1,-1.0,-0.1
3,NONE,-1.0,-0.1,-1.0,-0.1
3,NONE,-1.0,-0.1,-1.0,-0.1
3,NONE,-1.0,-0.1,-1.0,-0.1
3,NONE,-1.0,-0.1,-1.0,-0.1
3,NONE,-1.0,-0.1,-1.0,-0.1
3,NONE,-1.0,-0.1,-1.0,-0.1
3,NONE,-1.0,-0.1,-1.0,-0.1
3,NONE,-1.0,-0.1,-1.0,-0.1
3,NONE,-1.0,-0.1,-1.0,-0.1
3,NONE,-1.0,-0.1,-1.0,-0.1
3,NONE,-1.0,-0.1,-1.0,-0.1
3,NONE,-1.0,-0.1,-1.0,-0.1
3,NONE,-1.0,-0.1,-1.0,-0.1
3,NONE,-1.0,-0.1,-1.0,-0.1
3,NONE,-1.0,-0.1,-1.0,-0.1
3,NONE,-1.0,-0.1,-1.0,-0.1
2,EV_B07_C030_Mototaxi_Electrica,-1.0,-0.1,10.0,63.94893384797541
1,EV_B07_C030_Mototaxi_Electrica,4.0,88.81583415761546,-1.0,63.94893384797541
1,EV_B07_C030_Mototaxi_Electrica,3.0,88.81583415761546,-1.0,63.94893384797541
1,EV_B07_C030_Mototaxi_Electrica,2.0,88.81583415761546,-1.0,63.94893384797541
1,EV_B07_C030_Mototaxi_Electrica,1.0,88.81583415761546,-1.0,63.94893384797541
1,EV_B07_C030_Mototaxi_Electrica,0.0,88.81583415761546,-1.0,63.94893384797541
3,NONE,-1.0,-0.1,-1.0,-0.1
3,NONE,-1.0,-0.1,-1.0,-0.1
3,NONE,-1.0,-0.1,-1.0,-0.1
3,NONE,-1.0,-0.1,-1.0,-0.1
3,NONE,-1.0,-0.1,-1.0,-0.1
3,NONE,-1.0,-0.1,-1.0,-0.1
3,NONE,-1.0,-0.1,-1.0,-0.1
3,NONE,-1.0,-0.1,-1.0,-0.1
3,NONE,-1.0,-0.1,-1.0,-0.1
3,NONE,-1.0,-0.1,-1.0,-0.1
3,NONE,-1.0,-0.1,-1.0,-0.1
3,NONE,-1.0,-0.1,-1.0,-0.1
3,NONE,-1.0,-0.1,-1.0,-0.1
3,NONE,-1.0,-0.1,-1.0,-0.1
3,NONE,-1.0,-0.1,-1.0,-0.1
3,NONE,-1.0,-0.1,-1.0,-0.1
2,EV_B07_C030_Mototaxi_Electrica,-1.0,-0.1,8.0,30.589534225523053
1,EV_B07_C030_Mototaxi_Electrica,6.0,92.91501952197012,-1.0,30.589534225523053
1,EV_B07_C030_Mototaxi_Electrica,5.0,92.91501952197012,-1.0,30.589534225523053
1,EV_B07_C030_Mototaxi_Electrica,4.0,92.91501952197012,-1.0,30.589534225523053
1,EV_B07_C030_Mototaxi_Electrica,3.0,92.91501952197012,-1.0,30.589534225523053
1,EV_B07_C030_Mototaxi_Electrica,2.0,92.91501952197012,-1.0,30.589534225523053
1,EV_B07_C030_Mototaxi_Electrica,1.0,92.91501952197012,-1.0,30.589534225523053
1,EV_B07_C030_Mototaxi_Electrica,0.0,92.91501952197012,-1.0,30.589534225523053
3,NONE,-1.0,-0.1,-1.0,-0.1
3,NONE,-1.0,-0.1,-1.0,-0.1
3,NONE,-1.0,-0.1,-1.0,-0.1
3,NONE,-1.0,-0.1,-1.0,-0.1
3,NONE,-1.0,-0.1,-1.0,-0.1
3,NONE,-1.0,-0.1,-1.0,-0.1
3,NONE,-1.0,-0.1,-1.0,-0.1
3,NONE,-1.0,-0.1,-1.0,-0.1
3,NONE,-1.0,-0.1,-1.0,-0.1
3,NONE,-1.0,-0.1,-1.0,-0.1
3,NONE,-1.0,-0.1,-1.0,-0.1
3,NONE,-1.0,-0.1,-1.0,-0.1
3,NONE,-1.0,-0.1,-1.0,-0.1
3,NONE,-1.0,-0.1,-1.0,-0.1
3,NONE,-1.0,-0.1,-1.0,-0.1
3,NONE,-1.0,-0.1,-1.0,-0.1
3,NONE,-1.0,-0.1,-1.0,-0.1
3,NONE,-1.0,-0.1,-1.0,-0.1
3,NONE,-1.0,-0.1,-1.0,-0.1
3,NONE,-1.0,-0.1,-1.0,-0.1
3,NONE,-1.0,-0.1,-1.0,-0.1
3,NONE,-1.0,-0.1,-1.0,-0.1
3,NONE,-1.0,-0.1,-1.0,-0.1
3,NONE,-1.0,-0.1,-1.0,-0.1
3,NONE,-1.0,-0.1,-1.0,-0.1
3,NONE,-1.0,-0.1,-1.0,-0.1
3,NONE,-1.0,-0.1,-1.0,-0.1
3,NONE,-1.0,-0.1,-1.0,-0.1
3,NONE,-1.0,-0.1,-1.0,-0.1
3,NONE,-1.0,-0.1,-1.0,-0.1
3,NONE,-1.0,-0.1,-1.0,-0.1
3,NONE,-1.0,-0.1,-1.0,-0.1
3,NONE,-1.0,-0.1,-1.0,-0.1
3,NONE,-1.0,-0.1,-1.0,-0.1
3,NONE,-1.0,-0.1,-1.0,-0.1
3,NONE,-1.0,-0.1,-1.0,-0.1
3,NONE,-1.0,-0.1,-1.0,-0.1
3,NONE,-1.0,-0.1,-1.0,-0.1
3,NONE,-1.0,-0.1,-1.0,-0.1
3,NONE,-1.0,-0.1,-1.0,-0.1
3,NONE,-1.0,-0.1,-1.0,-0.1
3,NONE,-1.0,-0.1,-1.0,-0.1
3,NONE,-1.0,-0.1,-1.0,-0.1
3,NONE,-1.0,-0.1,-1.0,-0.1
3,NONE,-1.0,-0.1,-1.0,-0.1
3,NONE,-1.0,-0.1,-1.0,-0.1
3,NONE,-1.0,-0.1,-1.0,-0.1
3,NONE,-1.0,-0.1,-1.0,-0.1
3,NONE,-1.0,-0.1,-1.0,-0.1
3,NONE,-1.0,-0.1,-1.0,-0.1
3,NONE,-1.0,-0.1,-1.0,-0.1
3,NONE,-1.0,-0.1,-1.0,-0.1
3,NONE,-1.0,-0.1,-1.0,-0.1
3,NONE,-1.0,-0.1,-1.0,-0.1
3,NONE,-1.0,-0.1,-1.0,-0.1
3,NONE,-1.0,-0.1,-1.0,-0.1
3,NONE,-1.0,-0.1,-1.0,-0.1
3,NONE,-1.0,-0.1,-1.0,-0.1
3,NONE,-1.0,-0.1,-1.0,-0.1
3,NONE,-1.0,-0.1,-1.0,-0.1
3,NONE,-1.0,-0.1,-1.0,-0.1
3,NONE,-1.0,-0.1,-1.0,-0.1
3,NONE,-1.0,-0.1,-1.0,-0.1
3,NONE,-1.0,-0.1,-1.0,-0.1
2,EV_B07_C030_Mototaxi_Electrica,-1.0,-0.1,8.0,33.19076344765418
1,EV_B07_C030_Mototaxi_Electrica,6.0,82.39221060097523,-1.0,33.19076344765418
1,EV_B07_C030_Mototaxi_Electrica,5.0,82.39221060097523,-1.0,33.19076344765418
1,EV_B07_C030_Mototaxi_Electrica,4.0,82.39221060097523,-1.0,33.19076344765418
1,EV_B07_C030_Mototaxi_Electrica,3.0,82.39221060097523,-1.0,33.19076344765418
1,EV_B07_C030_Mototaxi_Electrica,2.0,82.39221060097523,-1.0,33.19076344765418
1,EV_B07_C030_Mototaxi_Electrica,1.0,82.39221060097523,-1.0,33.19076344765418
1,EV_B07_C030_Mototaxi_Electrica,0.0,82.39221060097523,-1.0,33.19076344765418
3,NONE,-1.0,-0.1,-1.0,-0.1
3,NONE,-1.0,-0.1,-1.0,-0.1
3,NONE,-1.0,-0.1,-1.0,-0.1
3,NONE,-1.0,-0.1,-1.0,-0.1
3,NONE,-1.0,-0.1,-1.0,-0.1
3,NONE,-1.0,-0.1,-1.0,-0.1
3,NONE,-1.0,-0.1,-1.0,-0.1
3,NONE,-1.0,-0.1,-1.0,-0.1
3,NONE,-1.0,-0.1,-1.0,-0.1
3,NONE,-1.0,-0.1,-1.0,-0.1
3,NONE,-1.0,-0.1,-1.0,-0.1
3,NONE,-1.0,-0.1,-1.0,-0.1
3,NONE,-1.0,-0.1,-1.0,-0.1
3,NONE,-1.0,-0.1,-1.0,-0.1
3,NONE,-1.0,-0.1,-1.0,-0.1
3,NONE,-1.0,-0.1,-1.0,-0.1
3,NONE,-1.0,-0.1,-1.0,-0.1
2,EV_B07_C030_Mototaxi_Electrica,-1.0,-0.1,9.0,31.583953356210216
1,EV_B07_C030_Mototaxi_Electrica,5.0,80.50082745687152,-1.0,31.583953356210216
1,EV_B07_C030_Mototaxi_Electrica,4.0,80.50082745687152,-1.0,31.583953356210216
1,EV_B07_C030_Mototaxi_Electrica,3.0,80.50082745687152,-1.0,31.583953356210216
1,EV_B07_C030_Mototaxi_Electrica,2.0,80.50082745687152,-1.0,31.583953356210216
1,EV_B07_C030_Mototaxi_Electrica,1.0,80.50082745687152,-1.0,31.583953356210216
1,EV_B07_C030_Mototaxi_Electrica,0.0,80.50082745687152,-1.0,31.583953356210216
3,NONE,-1.0,-0.1,-1.0,-0.1
3,NONE,-1.0,-0.1,-1.0,-0.1
3,NONE,-1.0,-0.1,-1.0,-0.1
3,NONE,-1.0,-0.1,-1.0,-0.1
3,NONE,-1.0,-0.1,-1.0,-0.1
3,NONE,-1.0,-0.1,-1.0,-0.1
3,NONE,-1.0,-0.1,-1.0,-0.1
3,NONE,-1.0,-0.1,-1.0,-0.1
3,NONE,-1.0,-0.1,-1.0,-0.1
3,NONE,-1.0,-0.1,-1.0,-0.1
3,NONE,-1.0,-0.1,-1.0,-0.1
3,NONE,-1.0,-0.1,-1.0,-0.1
3,NONE,-1.0,-0.1,-1.0,-0.1
3,NONE,-1.0,-0.1,-1.0,-0.1
3,NONE,-1.0,-0.1,-1.0,-0.1
3,NONE,-1.0,-0.1,-1.0,-0.1
3,NONE,-1.0,-0.1,-1.0,-0.1
3,NONE,-1.0,-0.1,-1.0,-0.1
3,NONE,-1.0,-0.1,-1.0,-0.1
3,NONE,-1.0,-0.1,-1.0,-0.1
3,NONE,-1.0,-0.1,-1.0,-0.1
3,NONE,-1.0,-0.1,-1.0,-0.1
3,NONE,-1.0,-0.1,-1.0,-0.1
3,NONE,-1.0,-0.1,-1.0,-0.1
3,NONE,-1.0,-0.1,-1.0,-0.1
3,NONE,-1.0,-0.1,-1.0,-0.1
3,NONE,-1.0,-0.1,-1.0,-0.1
3,NONE,-1.0,-0.1,-1.0,-0.1
3,NONE,-1.0,-0.1,-1.0,-0.1
3,NONE,-1.0,-0.1,-1.0,-0.1
3,NONE,-1.0,-0.1,-1.0,-0.1
3,NONE,-1.0,-0.1,-1.0,-0.1
3,NONE,-1.0,-0.1,-1.0,-0.1
3,NONE,-1.0,-0.1,-1.0,-0.1
3,NONE,-1.0,-0.1,-1.0,-0.1
3,NONE,-1.0,-0.1,-1.0,-0.1
3,NONE,-1.0,-0.1,-1.0,-0.1
3,NONE,-1.0,-0.1,-1.0,-0.1
3,NONE,-1.0,-0.1,-1.0,-0.1
3,NONE,-1.0,-0.1,-1.0,-0.1
2,EV_B07_C030_Mototaxi_Electrica,-1.0,-0.1,8.0,36.76129976486444
1,EV_B07_C030_Mototaxi_Electrica,6.0,77.15150847748441,-1.0,36.76129976486444
1,EV_B07_C030_Mototaxi_Electrica,5.0,77.15150847748441,-1.0,36.76129976486444
1,EV_B07_C030_Mototaxi_Electrica,4.0,77.15150847748441,-1.0,36.76129976486444
1,EV_B07_C030_Mototaxi_Electrica,3.0,77.15150847748441,-1.0,36.76129976486444
1,EV_B07_C030_Mototaxi_Electrica,2.0,77.15150847748441,-1.0,36.76129976486444
1,EV_B07_C030_Mototaxi_Electrica,1.0,77.15150847748441,-1.0,36.76129976486444
1,EV_B07_C030_Mototaxi_Electrica,0.0,77.15150847748441,-1.0,36.76129976486444
3,NONE,-1.0,-0.1,-1.0,-0.1
3,NONE,-1.0,-0.1,-1.0,-0.1
3,NONE,-1.0,-0.1,-1.0,-0.1
3,NONE,-1.0,-0.1,-1.0,-0.1
3,NONE,-1.0,-0.1,-1.0,-0.1
3,NONE,-1.0,-0.1,-1.0,-0.1
3,NONE,-1.0,-0.1,-1.0,-0.1
3,NONE,-1.0,-0.1,-1.0,-0.1
3,NONE,-1.0,-0.1,-1.0,-0.1
3,NONE,-1.0,-0.1,-1.0,-0.1
3,NONE,-1.0,-0.1,-1.0,-0.1
3,NONE,-1.0,-0.1,-1.0,-0.1
3,NONE,-1.0,-0.1,-1.0,-0.1
3,NONE,-1.0,-0.1,-1.0,-0.1
3,NONE,-1.0,-0.1,-1.0,-0.1
2,EV_B07_C030_Mototaxi_Electrica,-1.0,-0.1,7.0,33.21753341150787
1,EV_B07_C030_Mototaxi_Electrica,7.0,83.62530352736361,-1.0,33.21753341150787
1,EV_B07_C030_Mototaxi_Electrica,6.0,83.62530352736361,-1.0,33.21753341150787
1,EV_B07_C030_Mototaxi_Electrica,5.0,83.62530352736361,-1.0,33.21753341150787
1,EV_B07_C030_Mototaxi_Electrica,4.0,83.62530352736361,-1.0,33.21753341150787
1,EV_B07_C030_Mototaxi_Electrica,3.0,83.62530352736361,-1.0,33.21753341150787
1,EV_B07_C030_Mototaxi_Electrica,2.0,83.62530352736361,-1.0,33.21753341150787
1,EV_B07_C030_Mototaxi_Electrica,1.0,83.62530352736361,-1.0,33.21753341150787
1,EV_B07_C030_Mototaxi_Electrica,0.0,83.62530352736361,-1.0,33.21753341150787
3,NONE,-1.0,-0.1,-1.0,-0.1
3,NONE,-1.0,-0.1,-1.0,-0.1
3,NONE,-1.0,-0.1,-1.0,-0.1
3,NONE,-1.0,-0.1,-1.0,-0.1
3,NONE,-1.0,-0.1,-1.0,-0.1
3,NONE,-1.0,-0.1,-1.0,-0.1
3,NONE,-1.0,-0.1,-1.0,-0.1
3,NONE,-1.0,-0.1,-1.0,-0.1
3,NONE,-1.0,-0.1,-1.0,-0.1
3,NONE,-1.0,-0.1,-1.0,-0.1
3,NONE,-1.0,-0.1,-1.0,-0.1
3,NONE,-1.0,-0.1,-1.0,-0.1
3,NONE,-1.0,-0.1,-1.0,-0.1
3,NONE,-1.0,-0.1,-1.0,-0.1
3,NONE,-1.0,-0.1,-1.0,-0.1
3,NONE,-1.0,-0.1,-1.0,-0.1
3,NONE,-1.0,-0.1,-1.0,-0.1
3,NONE,-1.0,-0.1,-1.0,-0.1
3,NONE,-1.0,-0.1,-1.0,-0.1
3,NONE,-1.0,-0.1,-1.0,-0.1
3,NONE,-1.0,-0.1,-1.0,-0.1
3,NONE,-1.0,-0.1,-1.0,-0.1
3,NONE,-1.0,-0.1,-1.0,-0.1
3,NONE,-1.0,-0.1,-1.0,-0.1
3,NONE,-1.0,-0.1,-1.0,-0.1
3,NONE,-1.0,-0.1,-1.0,-0.1
3,NONE,-1.0,-0.1,-1.0,-0.1
3,NONE,-1.0,-0.1,-1.0,-0.1
3,NONE,-1.0,-0.1,-1.0,-0.1
3,NONE,-1.0,-0.1,-1.0,-0.1
3,NONE,-1.0,-0.1,-1.0,-0.1
3,NONE,-1.0,-0.1,-1.0,-0.1
3,NONE,-1.0,-0.1,-1.0,-0.1
3,NONE,-1.0,-0.1,-1.0,-0.1
3,NONE,-1.0,-0.1,-1.0,-0.1
3,NONE,-1.0,-0.1,-1.0,-0.1
3,NONE,-1.0,-0.1,-1.0,-0.1
3,NONE,-1.0,-0.1,-1.0,-0.1
3,NONE,-1.0,-0.1,-1.0,-0.1
3,NONE,-1.0,-0.1,-1.0,-0.1
3,NONE,-1.0,-0.1,-1.0,-0.1
3,NONE,-1.0,-0.1,-1.0,-0.1
3,NONE,-1.0,-0.1,-1.0,-0.1
3,NONE,-1.0,-0.1,-1.0,-0.1
3,NONE,-1.0,-0.1,-1.0,-0.1
3,NONE,-1.0,-0.1,-1.0,-0.1
3,NONE,-1.0,-0.1,-1.0,-0.1
3,NONE,-1.0,-0.1,-1.0,-0.1
3,NONE,-1.0,-0.1,-1.0,-0.1
3,NONE,-1.0,-0.1,-1.0,-0.1
3,NONE,-1.0,-0.1,-1.0,-0.1
3,NONE,-1.0,-0.1,-1.0,-0.1
3,NONE,-1.0,-0.1,-1.0,-0.1
3,NONE,-1.0,-0.1,-1.0,-0.1
3,NONE,-1.0,-0.1,-1.0,-0.1
3,NONE,-1.0,-0.1,-1.0,-0.1
3,NONE,-1.0,-0.1,-1.0,-0.1
3,NONE,-1.0,-0.1,-1.0,-0.1
3,NONE,-1.0,-0.1,-1.0,-0.1
3,NONE,-1.0,-0.1,-1.0,-0.1
3,NONE,-1.0,-0.1,-1.0,-0.1
3,NONE,-1.0,-0.1,-1.0,-0.1
3,NONE,-1.0,-0.1,-1.0,-0.1
3,NONE,-1.0,-0.1,-1.0,-0.1
3,NONE,-1.0,-0.1,-1.0,-0.1
3,NONE,-1.0,-0.1,-1.0,-0.1
3,NONE,-1.0,-0.1,-1.0,-0.1
3,NONE,-1.0,-0.1,-1.0,-0.1
3,NONE,-1.0,-0.1,-1.0,-0.1
3,NONE,-1.0,-0.1,-1.0,-0.1
3,NONE,-1.0,-0.1,-1.0,-0.1
3,NONE,-1.0,-0.1,-1.0,-0.1
3,NONE,-1.0,-0.1,-1.0,-0.1
3,NONE,-1.0,-0.1,-1.0,-0.1
3,NONE,-1.0,-0.1,-1.0,-0.1
3,NONE,-1.0,-0.1,-1.0,-0.1
3,NONE,-1.0,-0.1,-1.0,-0.1
3,NONE,-1.0,-0.1,-1.0,-0.1
3,NONE,-1.0,-0.1,-1.0,-0.1
3,NONE,-1.0,-0.1,-1.0,-0.1
3,NONE,-1.0,-0.1,-1.0,-0.1
3,NONE,-1.0,-0.1,-1.0,-0.1
3,NONE,-1.0,-0.1,-1.0,-0.1
3,NONE,-1.0,-0.1,-1.0,-0.1
3,NONE,-1.0,-0.1,-1.0,-0.1
3,NONE,-1.0,-0.1,-1.0,-0.1
3,NONE,-1.0,-0.1,-1.0,-0.1
3,NONE,-1.0,-0.1,-1.0,-0.1
3,NONE,-1.0,-0.1,-1.0,-0.1
3,NONE,-1.0,-0.1,-1.0,-0.1
3,NONE,-1.0,-0.1,-1.0,-0.1
3,NONE,-1.0,-0.1,-1.0,-0.1
3,NONE,-1.0,-0.1,-1.0,-0.1
3,NONE,-1.0,-0.1,-1.0,-0.1
3,NONE,-1.0,-0.1,-1.0,-0.1
3,NONE,-1.0,-0.1,-1.0,-0.1
3,NONE,-1.0,-0.1,-1.0,-0.1
3,NONE,-1.0,-0.1,-1.0,-0.1
3,NONE,-1.0,-0.1,-1.0,-0.1
3,NONE,-1.0,-0.1,-1.0,-0.1
3,NONE,-1.0,-0.1,-1.0,-0.1
3,NONE,-1.0,-0.1,-1.0,-0.1
3,NONE,-1.0,-0.1,-1.0,-0.1
3,NONE,-1.0,-0.1,-1.0,-0.1
3,NONE,-1.0,-0.1,-1.0,-0.1
3,NONE,-1.0,-0.1,-1.0,-0.1
3,NONE,-1.0,-0.1,-1.0,-0.1
3,NONE,-1.0,-0.1,-1.0,-0.1
3,NONE,-1.0,-0.1,-1.0,-0.1
3,NONE,-1.0,-0.1,-1.0,-0.1
3,NONE,-1.0,-0.1,-1.0,-0.1
3,NONE,-1.0,-0.1,-1.0,-0.1
3,NONE,-1.0,-0.1,-1.0,-0.1
3,NONE,-1.0,-0.1,-1.0,-0.1
3,NONE,-1.0,-0.1,-1.0,-0.1
3,NONE,-1.0,-0.1,-1.0,-0.1
3,NONE,-1.0,-0.1,-1.0,-0.1
3,NONE,-1.0,-0.1,-1.0,-0.1
3,NONE,-1.0,-0.1,-1.0,-0.1
3,NONE,-1.0,-0.1,-1.0,-0.1
3,NONE,-1.0,-0.1,-1.0,-0.1
3,NONE,-1.0,-0.1,-1.0,-0.1
3,NONE,-1.0,-0.1,-1.0,-0.1
3,NONE,-1.0,-0.1,-1.0,-0.1
3,NONE,-1.0,-0.1,-1.0,-0.1
3,NONE,-1.0,-0.1,-1.0,-0.1
3,NONE,-1.0,-0.1,-1.0,-0.1
3,NONE,-1.0,-0.1,-1.0,-0.1
3,NONE,-1.0,-0.1,-1.0,-0.1
3,NONE,-1.0,-0.1,-1.0,-0.1
3,NONE,-1.0,-0.1,-1.0,-0.1
3,NONE,-1.0,-0.1,-1.0,-0.1
3,NONE,-1.0,-0.1,-1.0,-0.1
3,NONE,-1.0,-0.1,-1.0,-0.1
3,NONE,-1.0,-0.1,-1.0,-0.1
3,NONE,-1.0,-0.1,-1.0,-0.1
3,NONE,-1.0,-0.1,-1.0,-0.1
3,NONE,-1.0,-0.1,-1.0,-0.1
3,NONE,-1.0,-0.1,-1.0,-0.1
3,NONE,-1.0,-0.1,-1.0,-0.1
3,NONE,-1.0,-0.1,-1.0,-0.1
3,NONE,-1.0,-0.1,-1.0,-0.1
3,NONE,-1.0,-0.1,-1.0,-0.1
3,NONE,-1.0,-0.1,-1.0,-0.1
3,NONE,-1.0,-0.1,-1.0,-0.1
3,NONE,-1.0,-0.1,-1.0,-0.1
3,NONE,-1.0,-0.1,-1.0,-0.1
3,NONE,-1.0,-0.1,-1.0,-0.1
3,NONE,-1.0,-0.1,-1.0,-0.1
3,NONE,-1.0,-0.1,-1.0,-0.1
3,NONE,-1.0,-0.1,-1.0,-0.1
3,NONE,-1.0,-0.1,-1.0,-0.1
3,NONE,-1.0,-0.1,-1.0,-0.1
3,NONE,-1.0,-0.1,-1.0,-0.1
3,NONE,-1.0,-0.1,-1.0,-0.1
3,NONE,-1.0,-0.1,-1.0,-0.1
3,NONE,-1.0,-0.1,-1.0,-0.1
3,NONE,-1.0,-0.1,-1.0,-0.1
3,NONE,-1.0,-0.1,-1.0,-0.1
3,NONE,-1.0,-0.1,-1.0,-0.1
2,EV_B07_C030_Mototaxi_Electrica,-1.0,-0.1,8.0,51.11274411771812
1,EV_B07_C030_Mototaxi_Electrica,6.0,86.54166121797333,-1.0,51.11274411771812
1,EV_B07_C030_Mototaxi_Electrica,5.0,86.54166121797333,-1.0,51.11274411771812
1,EV_B07_C030_Mototaxi_Electrica,4.0,86.54166121797333,-1.0,51.11274411771812
1,EV_B07_C030_Mototaxi_Electrica,3.0,86.54166121797333,-1.0,51.11274411771812
1,EV_B07_C030_Mototaxi_Electrica,2.0,86.54166121797333,-1.0,51.11274411771812
1,EV_B07_C030_Mototaxi_Electrica,1.0,86.54166121797333,-1.0,51.11274411771812
1,EV_B07_C030_Mototaxi_Electrica,0.0,86.54166121797333,-1.0,51.11274411771812
3,NONE,-1.0,-0.1,-1.0,-0.1
3,NONE,-1.0,-0.1,-1.0,-0.1
3,NONE,-1.0,-0.1,-1.0,-0.1
3,NONE,-1.0,-0.1,-1.0,-0.1
3,NONE,-1.0,-0.1,-1.0,-0.1
3,NONE,-1.0,-0.1,-1.0,-0.1
3,NONE,-1.0,-0.1,-1.0,-0.1
3,NONE,-1.0,-0.1,-1.0,-0.1
3,NONE,-1.0,-0.1,-1.0,-0.1
3,NONE,-1.0,-0.1,-1.0,-0.1
3,NONE,-1.0,-0.1,-1.0,-0.1
3,NONE,-1.0,-0.1,-1.0,-0.1
3,NONE,-1.0,-0.1,-1.0,-0.1
3,NONE,-1.0,-0.1,-1.0,-0.1
3,NONE,-1.0,-0.1,-1.0,-0.1
3,NONE,-1.0,-0.1,-1.0,-0.1
3,NONE,-1.0,-0.1,-1.0,-0.1
3,NONE,-1.0,-0.1,-1.0,-0.1
3,NONE,-1.0,-0.1,-1.0,-0.1
3,NONE,-1.0,-0.1,-1.0,-0.1
3,NONE,-1.0,-0.1,-1.0,-0.1
3,NONE,-1.0,-0.1,-1.0,-0.1
3,NONE,-1.0,-0.1,-1.0,-0.1
3,NONE,-1.0,-0.1,-1.0,-0.1
3,NONE,-1.0,-0.1,-1.0,-0.1
3,NONE,-1.0,-0.1,-1.0,-0.1
3,NONE,-1.0,-0.1,-1.0,-0.1
3,NONE,-1.0,-0.1,-1.0,-0.1
3,NONE,-1.0,-0.1,-1.0,-0.1
3,NONE,-1.0,-0.1,-1.0,-0.1
3,NONE,-1.0,-0.1,-1.0,-0.1
3,NONE,-1.0,-0.1,-1.0,-0.1
3,NONE,-1.0,-0.1,-1.0,-0.1
3,NONE,-1.0,-0.1,-1.0,-0.1
3,NONE,-1.0,-0.1,-1.0,-0.1
3,NONE,-1.0,-0.1,-1.0,-0.1
3,NONE,-1.0,-0.1,-1.0,-0.1
3,NONE,-1.0,-0.1,-1.0,-0.1
3,NONE,-1.0,-0.1,-1.0,-0.1
3,NONE,-1.0,-0.1,-1.0,-0.1
3,NONE,-1.0,-0.1,-1.0,-0.1
3,NONE,-1.0,-0.1,-1.0,-0.1
3,NONE,-1.0,-0.1,-1.0,-0.1
3,NONE,-1.0,-0.1,-1.0,-0.1
3,NONE,-1.0,-0.1,-1.0,-0.1
3,NONE,-1.0,-0.1,-1.0,-0.1
3,NONE,-1.0,-0.1,-1.0,-0.1
3,NONE,-1.0,-0.1,-1.0,-0.1
3,NONE,-1.0,-0.1,-1.0,-0.1
3,NONE,-1.0,-0.1,-1.0,-0.1
3,NONE,-1.0,-0.1,-1.0,-0.1
3,NONE,-1.0,-0.1,-1.0,-0.1
3,NONE,-1.0,-0.1,-1.0,-0.1
3,NONE,-1.0,-0.1,-1.0,-0.1
3,NONE,-1.0,-0.1,-1.0,-0.1
3,NONE,-1.0,-0.1,-1.0,-0.1
3,NONE,-1.0,-0.1,-1.0,-0.1
3,NONE,-1.0,-0.1,-1.0,-0.1
3,NONE,-1.0,-0.1,-1.0,-0.1
3,NONE,-1.0,-0.1,-1.0,-0.1
3,NONE,-1.0,-0.1,-1.0,-0.1
3,NONE,-1.0,-0.1,-1.0,-0.1
3,NONE,-1.0,-0.1,-1.0,-0.1
2,EV_B07_C030_Mototaxi_Electrica,-1.0,-0.1,7.0,37.87982975133619
1,EV_B07_C030_Mototaxi_Electrica,7.0,88.48577486522016,-1.0,37.87982975133619
1,EV_B07_C030_Mototaxi_Electrica,6.0,88.48577486522016,-1.0,37.87982975133619
1,EV_B07_C030_Mototaxi_Electrica,5.0,88.48577486522016,-1.0,37.87982975133619
1,EV_B07_C030_Mototaxi_Electrica,4.0,88.48577486522016,-1.0,37.87982975133619
1,EV_B07_C030_Mototaxi_Electrica,3.0,88.48577486522016,-1.0,37.87982975133619
1,EV_B07_C030_Mototaxi_Electrica,2.0,88.48577486522016,-1.0,37.87982975133619
1,EV_B07_C030_Mototaxi_Electrica,1.0,88.48577486522016,-1.0,37.87982975133619
1,EV_B07_C030_Mototaxi_Electrica,0.0,88.48577486522016,-1.0,37.87982975133619
3,NONE,-1.0,-0.1,-1.0,-0.1
3,NONE,-1.0,-0.1,-1.0,-0.1
3,NONE,-1.0,-0.1,-1.0,-0.1
3,NONE,-1.0,-0.1,-1.0,-0.1
3,NONE,-1.0,-0.1,-1.0,-0.1
3,NONE,-1.0,-0.1,-1.0,-0.1
3,NONE,-1.0,-0.1,-1.0,-0.1
3,NONE,-1.0,-0.1,-1.0,-0.1
3,NONE,-1.0,-0.1,-1.0,-0.1
3,NONE,-1.0,-0.1,-1.0,-0.1
3,NONE,-1.0,-0.1,-1.0,-0.1
3,NONE,-1.0,-0.1,-1.0,-0.1
3,NONE,-1.0,-0.1,-1.0,-0.1
3,NONE,-1.0,-0.1,-1.0,-0.1
3,NONE,-1.0,-0.1,-1.0,-0.1
3,NONE,-1.0,-0.1,-1.0,-0.1
3,NONE,-1.0,-0.1,-1.0,-0.1
2,EV_B07_C030_Mototaxi_Electrica,-1.0,-0.1,9.0,69.39305542997545
1,EV_B07_C030_Mototaxi_Electrica,5.0,83.06158740108727,-1.0,69.39305542997545
1,EV_B07_C030_Mototaxi_Electrica,4.0,83.06158740108727,-1.0,69.39305542997545
1,EV_B07_C030_Mototaxi_Electrica,3.0,83.06158740108727,-1.0,69.39305542997545
1,EV_B07_C030_Mototaxi_Electrica,2.0,83.06158740108727,-1.0,69.39305542997545
1,EV_B07_C030_Mototaxi_Electrica,1.0,83.06158740108727,-1.0,69.39305542997545
1,EV_B07_C030_Mototaxi_Electrica,0.0,83.06158740108727,-1.0,69.39305542997545
3,NONE,-1.0,-0.1,-1.0,-0.1
3,NONE,-1.0,-0.1,-1.0,-0.1
3,NONE,-1.0,-0.1,-1.0,-0.1
3,NONE,-1.0,-0.1,-1.0,-0.1
3,NONE,-1.0,-0.1,-1.0,-0.1
3,NONE,-1.0,-0.1,-1.0,-0.1
3,NONE,-1.0,-0.1,-1.0,-0.1
3,NONE,-1.0,-0.1,-1.0,-0.1
3,NONE,-1.0,-0.1,-1.0,-0.1
3,NONE,-1.0,-0.1,-1.0,-0.1
3,NONE,-1.0,-0.1,-1.0,-0.1
3,NONE,-1.0,-0.1,-1.0,-0.1
3,NONE,-1.0,-0.1,-1.0,-0.1
3,NONE,-1.0,-0.1,-1.0,-0.1
3,NONE,-1.0,-0.1,-1.0,-0.1
3,NONE,-1.0,-0.1,-1.0,-0.1
3,NONE,-1.0,-0.1,-1.0,-0.1
3,NONE,-1.0,-0.1,-1.0,-0.1
3,NONE,-1.0,-0.1,-1.0,-0.1
3,NONE,-1.0,-0.1,-1.0,-0.1
3,NONE,-1.0,-0.1,-1.0,-0.1
3,NONE,-1.0,-0.1,-1.0,-0.1
3,NONE,-1.0,-0.1,-1.0,-0.1
3,NONE,-1.0,-0.1,-1.0,-0.1
3,NONE,-1.0,-0.1,-1.0,-0.1
3,NONE,-1.0,-0.1,-1.0,-0.1
3,NONE,-1.0,-0.1,-1.0,-0.1
3,NONE,-1.0,-0.1,-1.0,-0.1
3,NONE,-1.0,-0.1,-1.0,-0.1
3,NONE,-1.0,-0.1,-1.0,-0.1
3,NONE,-1.0,-0.1,-1.0,-0.1
3,NONE,-1.0,-0.1,-1.0,-0.1
3,NONE,-1.0,-0.1,-1.0,-0.1
3,NONE,-1.0,-0.1,-1.0,-0.1
3,NONE,-1.0,-0.1,-1.0,-0.1
3,NONE,-1.0,-0.1,-1.0,-0.1
3,NONE,-1.0,-0.1,-1.0,-0.1
3,NONE,-1.0,-0.1,-1.0,-0.1
3,NONE,-1.0,-0.1,-1.0,-0.1
3,NONE,-1.0,-0.1,-1.0,-0.1
3,NONE,-1.0,-0.1,-1.0,-0.1
2,EV_B07_C030_Mototaxi_Electrica,-1.0,-0.1,9.0,35.97194051948705
1,EV_B07_C030_Mototaxi_Electrica,5.0,80.33087810252222,-1.0,35.97194051948705
1,EV_B07_C030_Mototaxi_Electrica,4.0,80.33087810252222,-1.0,35.97194051948705
1,EV_B07_C030_Mototaxi_Electrica,3.0,80.33087810252222,-1.0,35.97194051948705
1,EV_B07_C030_Mototaxi_Electrica,2.0,80.33087810252222,-1.0,35.97194051948705
1,EV_B07_C030_Mototaxi_Electrica,1.0,80.33087810252222,-1.0,35.97194051948705
1,EV_B07_C030_Mototaxi_Electrica,0.0,80.33087810252222,-1.0,35.97194051948705
3,NONE,-1.0,-0.1,-1.0,-0.1
3,NONE,-1.0,-0.1,-1.0,-0.1
3,NONE,-1.0,-0.1,-1.0,-0.1
3,NONE,-1.0,-0.1,-1.0,-0.1
3,NONE,-1.0,-0.1,-1.0,-0.1
3,NONE,-1.0,-0.1,-1.0,-0.1
3,NONE,-1.0,-0.1,-1.0,-0.1
3,NONE,-1.0,-0.1,-1.0,-0.1
3,NONE,-1.0,-0.1,-1.0,-0.1
3,NONE,-1.0,-0.1,-1.0,-0.1
3,NONE,-1.0,-0.1,-1.0,-0.1
3,NONE,-1.0,-0.1,-1.0,-0.1
3,NONE,-1.0,-0.1,-1.0,-0.1
3,NONE,-1.0,-0.1,-1.0,-0.1
3,NONE,-1.0,-0.1,-1.0,-0.1
3,NONE,-1.0,-0.1,-1.0,-0.1
3,NONE,-1.0,-0.1,-1.0,-0.1
3,NONE,-1.0,-0.1,-1.0,-0.1
3,NONE,-1.0,-0.1,-1.0,-0.1
3,NONE,-1.0,-0.1,-1.0,-0.1
3,NONE,-1.0,-0.1,-1.0,-0.1
3,NONE,-1.0,-0.1,-1.0,-0.1
3,NONE,-1.0,-0.1,-1.0,-0.1
3,NONE,-1.0,-0.1,-1.0,-0.1
3,NONE,-1.0,-0.1,-1.0,-0.1
3,NONE,-1.0,-0.1,-1.0,-0.1
3,NONE,-1.0,-0.1,-1.0,-0.1
3,NONE,-1.0,-0.1,-1.0,-0.1
3,NONE,-1.0,-0.1,-1.0,-0.1
3,NONE,-1.0,-0.1,-1.0,-0.1
3,NONE,-1.0,-0.1,-1.0,-0.1
3,NONE,-1.0,-0.1,-1.0,-0.1
3,NONE,-1.0,-0.1,-1.0,-0.1
3,NONE,-1.0,-0.1,-1.0,-0.1
3,NONE,-1.0,-0.1,-1.0,-0.1
3,NONE,-1.0,-0.1,-1.0,-0.1
3,NONE,-1.0,-0.1,-1.0,-0.1
3,NONE,-1.0,-0.1,-1.0,-0.1
3,NONE,-1.0,-0.1,-1.0,-0.1
3,NONE,-1.0,-0.1,-1.0,-0.1
3,NONE,-1.0,-0.1,-1.0,-0.1
3,NONE,-1.0,-0.1,-1.0,-0.1
3,NONE,-1.0,-0.1,-1.0,-0.1
3,NONE,-1.0,-0.1,-1.0,-0.1
3,NONE,-1.0,-0.1,-1.0,-0.1
3,NONE,-1.0,-0.1,-1.0,-0.1
3,NONE,-1.0,-0.1,-1.0,-0.1
3,NONE,-1.0,-0.1,-1.0,-0.1
3,NONE,-1.0,-0.1,-1.0,-0.1
3,NONE,-1.0,-0.1,-1.0,-0.1
3,NONE,-1.0,-0.1,-1.0,-0.1
3,NONE,-1.0,-0.1,-1.0,-0.1
3,NONE,-1.0,-0.1,-1.0,-0.1
3,NONE,-1.0,-0.1,-1.0,-0.1
3,NONE,-1.0,-0.1,-1.0,-0.1
3,NONE,-1.0,-0.1,-1.0,-0.1
3,NONE,-1.0,-0.1,-1.0,-0.1
3,NONE,-1.0,-0.1,-1.0,-0.1
3,NONE,-1.0,-0.1,-1.0,-0.1
3,NONE,-1.0,-0.1,-1.0,-0.1
3,NONE,-1.0,-0.1,-1.0,-0.1
3,NONE,-1.0,-0.1,-1.0,-0.1
3,NONE,-1.0,-0.1,-1.0,-0.1
3,NONE,-1.0,-0.1,-1.0,-0.1
3,NONE,-1.0,-0.1,-1.0,-0.1
3,NONE,-1.0,-0.1,-1.0,-0.1
3,NONE,-1.0,-0.1,-1.0,-0.1
3,NONE,-1.0,-0.1,-1.0,-0.1
3,NONE,-1.0,-0.1,-1.0,-0.1
3,NONE,-1.0,-0.1,-1.0,-0.1
3,NONE,-1.0,-0.1,-1.0,-0.1
3,NONE,-1.0,-0.1,-1.0,-0.1
3,NONE,-1.0,-0.1,-1.0,-0.1
3,NONE,-1.0,-0.1,-1.0,-0.1
3,NONE,-1.0,-0.1,-1.0,-0.1
3,NONE,-1.0,-0.1,-1.0,-0.1
3,NONE,-1.0,-0.1,-1.0,-0.1
3,NONE,-1.0,-0.1,-1.0,-0.1
3,NONE,-1.0,-0.1,-1.0,-0.1
3,NONE,-1.0,-0.1,-1.0,-0.1
3,NONE,-1.0,-0.1,-1.0,-0.1
3,NONE,-1.0,-0.1,-1.0,-0.1
3,NONE,-1.0,-0.1,-1.0,-0.1
3,NONE,-1.0,-0.1,-1.0,-0.1
3,NONE,-1.0,-0.1,-1.0,-0.1
3,NONE,-1.0,-0.1,-1.0,-0.1
3,NONE,-1.0,-0.1,-1.0,-0.1
3,NONE,-1.0,-0.1,-1.0,-0.1
3,NONE,-1.0,-0.1,-1.0,-0.1
2,EV_B07_C030_Mototaxi_Electrica,-1.0,-0.1,9.0,31.766520605157673
1,EV_B07_C030_Mototaxi_Electrica,5.0,79.32668138373664,-1.0,31.766520605157673
1,EV_B07_C030_Mototaxi_Electrica,4.0,79.32668138373664,-1.0,31.766520605157673
1,EV_B07_C030_Mototaxi_Electrica,3.0,79.32668138373664,-1.0,31.766520605157673
1,EV_B07_C030_Mototaxi_Electrica,2.0,79.32668138373664,-1.0,31.766520605157673
1,EV_B07_C030_Mototaxi_Electrica,1.0,79.32668138373664,-1.0,31.766520605157673
1,EV_B07_C030_Mototaxi_Electrica,0.0,79.32668138373664,-1.0,31.766520605157673
3,NONE,-1.0,-0.1,-1.0,-0.1
3,NONE,-1.0,-0.1,-1.0,-0.1
3,NONE,-1.0,-0.1,-1.0,-0.1
3,NONE,-1.0,-0.1,-1.0,-0.1
3,NONE,-1.0,-0.1,-1.0,-0.1
3,NONE,-1.0,-0.1,-1.0,-0.1
3,NONE,-1.0,-0.1,-1.0,-0.1
3,NONE,-1.0,-0.1,-1.0,-0.1
3,NONE,-1.0,-0.1,-1.0,-0.1
3,NONE,-1.0,-0.1,-1.0,-0.1
3,NONE,-1.0,-0.1,-1.0,-0.1
3,NONE,-1.0,-0.1,-1.0,-0.1
3,NONE,-1.0,-0.1,-1.0,-0.1
3,NONE,-1.0,-0.1,-1.0,-0.1
3,NONE,-1.0,-0.1,-1.0,-0.1
3,NONE,-1.0,-0.1,-1.0,-0.1
2,EV_B07_C030_Mototaxi_Electrica,-1.0,-0.1,8.0,19.859596649786678
1,EV_B07_C030_Mototaxi_Electrica,6.0,78.62438081057743,-1.0,19.859596649786678
1,EV_B07_C030_Mototaxi_Electrica,5.0,78.62438081057743,-1.0,19.859596649786678
1,EV_B07_C030_Mototaxi_Electrica,4.0,78.62438081057743,-1.0,19.859596649786678
1,EV_B07_C030_Mototaxi_Electrica,3.0,78.62438081057743,-1.0,19.859596649786678
1,EV_B07_C030_Mototaxi_Electrica,2.0,78.62438081057743,-1.0,19.859596649786678
1,EV_B07_C030_Mototaxi_Electrica,1.0,78.62438081057743,-1.0,19.859596649786678
1,EV_B07_C030_Mototaxi_Electrica,0.0,78.62438081057743,-1.0,19.859596649786678
3,NONE,-1.0,-0.1,-1.0,-0.1
3,NONE,-1.0,-0.1,-1.0,-0.1
3,NONE,-1.0,-0.1,-1.0,-0.1
3,NONE,-1.0,-0.1,-1.0,-0.1
3,NONE,-1.0,-0.1,-1.0,-0.1
3,NONE,-1.0,-0.1,-1.0,-0.1
3,NONE,-1.0,-0.1,-1.0,-0.1
3,NONE,-1.0,-0.1,-1.0,-0.1
3,NONE,-1.0,-0.1,-1.0,-0.1
3,NONE,-1.0,-0.1,-1.0,-0.1
3,NONE,-1.0,-0.1,-1.0,-0.1
3,NONE,-1.0,-0.1,-1.0,-0.1
3,NONE,-1.0,-0.1,-1.0,-0.1
3,NONE,-1.0,-0.1,-1.0,-0.1
3,NONE,-1.0,-0.1,-1.0,-0.1
3,NONE,-1.0,-0.1,-1.0,-0.1
3,NONE,-1.0,-0.1,-1.0,-0.1
3,NONE,-1.0,-0.1,-1.0,-0.1
3,NONE,-1.0,-0.1,-1.0,-0.1
3,NONE,-1.0,-0.1,-1.0,-0.1
3,NONE,-1.0,-0.1,-1.0,-0.1
3,NONE,-1.0,-0.1,-1.0,-0.1
3,NONE,-1.0,-0.1,-1.0,-0.1
3,NONE,-1.0,-0.1,-1.0,-0.1
3,NONE,-1.0,-0.1,-1.0,-0.1
3,NONE,-1.0,-0.1,-1.0,-0.1
3,NONE,-1.0,-0.1,-1.0,-0.1
3,NONE,-1.0,-0.1,-1.0,-0.1
3,NONE,-1.0,-0.1,-1.0,-0.1
3,NONE,-1.0,-0.1,-1.0,-0.1
3,NONE,-1.0,-0.1,-1.0,-0.1
3,NONE,-1.0,-0.1,-1.0,-0.1
3,NONE,-1.0,-0.1,-1.0,-0.1
3,NONE,-1.0,-0.1,-1.0,-0.1
3,NONE,-1.0,-0.1,-1.0,-0.1
3,NONE,-1.0,-0.1,-1.0,-0.1
3,NONE,-1.0,-0.1,-1.0,-0.1
3,NONE,-1.0,-0.1,-1.0,-0.1
3,NONE,-1.0,-0.1,-1.0,-0.1
3,NONE,-1.0,-0.1,-1.0,-0.1
2,EV_B07_C030_Mototaxi_Electrica,-1.0,-0.1,8.0,36.320132141635064
1,EV_B07_C030_Mototaxi_Electrica,6.0,81.970677084461,-1.0,36.320132141635064
1,EV_B07_C030_Mototaxi_Electrica,5.0,81.970677084461,-1.0,36.320132141635064
1,EV_B07_C030_Mototaxi_Electrica,4.0,81.970677084461,-1.0,36.320132141635064
1,EV_B07_C030_Mototaxi_Electrica,3.0,81.970677084461,-1.0,36.320132141635064
1,EV_B07_C030_Mototaxi_Electrica,2.0,81.970677084461,-1.0,36.320132141635064
1,EV_B07_C030_Mototaxi_Electrica,1.0,81.970677084461,-1.0,36.320132141635064
1,EV_B07_C030_Mototaxi_Electrica,0.0,81.970677084461,-1.0,36.320132141635064
3,NONE,-1.0,-0.1,-1.0,-0.1
3,NONE,-1.0,-0.1,-1.0,-0.1
3,NONE,-1.0,-0.1,-1.0,-0.1
3,NONE,-1.0,-0.1,-1.0,-0.1
3,NONE,-1.0,-0.1,-1.0,-0.1
3,NONE,-1.0,-0.1,-1.0,-0.1
3,NONE,-1.0,-0.1,-1.0,-0.1
3,NONE,-1.0,-0.1,-1.0,-0.1
3,NONE,-1.0,-0.1,-1.0,-0.1
3,NONE,-1.0,-0.1,-1.0,-0.1
3,NONE,-1.0,-0.1,-1.0,-0.1
3,NONE,-1.0,-0.1,-1.0,-0.1
3,NONE,-1.0,-0.1,-1.0,-0.1
3,NONE,-1.0,-0.1,-1.0,-0.1
3,NONE,-1.0,-0.1,-1.0,-0.1
3,NONE,-1.0,-0.1,-1.0,-0.1
3,NONE,-1.0,-0.1,-1.0,-0.1
2,EV_B07_C030_Mototaxi_Electrica,-1.0,-0.1,9.0,13.70722950626552
1,EV_B07_C030_Mototaxi_Electrica,5.0,80.90144276748298,-1.0,13.70722950626552
1,EV_B07_C030_Mototaxi_Electrica,4.0,80.90144276748298,-1.0,13.70722950626552
1,EV_B07_C030_Mototaxi_Electrica,3.0,80.90144276748298,-1.0,13.70722950626552
1,EV_B07_C030_Mototaxi_Electrica,2.0,80.90144276748298,-1.0,13.70722950626552
1,EV_B07_C030_Mototaxi_Electrica,1.0,80.90144276748298,-1.0,13.70722950626552
1,EV_B07_C030_Mototaxi_Electrica,0.0,80.90144276748298,-1.0,13.70722950626552
3,NONE,-1.0,-0.1,-1.0,-0.1
3,NONE,-1.0,-0.1,-1.0,-0.1
3,NONE,-1.0,-0.1,-1.0,-0.1
3,NONE,-1.0,-0.1,-1.0,-0.1
3,NONE,-1.0,-0.1,-1.0,-0.1
3,NONE,-1.0,-0.1,-1.0,-0.1
3,NONE,-1.0,-0.1,-1.0,-0.1
3,NONE,-1.0,-0.1,-1.0,-0.1
3,NONE,-1.0,-0.1,-1.0,-0.1
3,NONE,-1.0,-0.1,-1.0,-0.1
3,NONE,-1.0,-0.1,-1.0,-0.1
3,NONE,-1.0,-0.1,-1.0,-0.1
3,NONE,-1.0,-0.1,-1.0,-0.1
3,NONE,-1.0,-0.1,-1.0,-0.1
3,NONE,-1.0,-0.1,-1.0,-0.1
3,NONE,-1.0,-0.1,-1.0,-0.1
3,NONE,-1.0,-0.1,-1.0,-0.1
3,NONE,-1.0,-0.1,-1.0,-0.1
3,NONE,-1.0,-0.1,-1.0,-0.1
3,NONE,-1.0,-0.1,-1.0,-0.1
3,NONE,-1.0,-0.1,-1.0,-0.1
3,NONE,-1.0,-0.1,-1.0,-0.1
3,NONE,-1.0,-0.1,-1.0,-0.1
3,NONE,-1.0,-0.1,-1.0,-0.1
3,NONE,-1.0,-0.1,-1.0,-0.1
3,NONE,-1.0,-0.1,-1.0,-0.1
3,NONE,-1.0,-0.1,-1.0,-0.1
3,NONE,-1.0,-0.1,-1.0,-0.1
3,NONE,-1.0,-0.1,-1.0,-0.1
3,NONE,-1.0,-0.1,-1.0,-0.1
3,NONE,-1.0,-0.1,-1.0,-0.1
3,NONE,-1.0,-0.1,-1.0,-0.1
3,NONE,-1.0,-0.1,-1.0,-0.1
3,NONE,-1.0,-0.1,-1.0,-0.1
3,NONE,-1.0,-0.1,-1.0,-0.1
3,NONE,-1.0,-0.1,-1.0,-0.1
3,NONE,-1.0,-0.1,-1.0,-0.1
3,NONE,-1.0,-0.1,-1.0,-0.1
3,NONE,-1.0,-0.1,-1.0,-0.1
3,NONE,-1.0,-0.1,-1.0,-0.1
3,NONE,-1.0,-0.1,-1.0,-0.1
3,NONE,-1.0,-0.1,-1.0,-0.1
3,NONE,-1.0,-0.1,-1.0,-0.1
3,NONE,-1.0,-0.1,-1.0,-0.1
3,NONE,-1.0,-0.1,-1.0,-0.1
3,NONE,-1.0,-0.1,-1.0,-0.1
3,NONE,-1.0,-0.1,-1.0,-0.1
3,NONE,-1.0,-0.1,-1.0,-0.1
3,NONE,-1.0,-0.1,-1.0,-0.1
3,NONE,-1.0,-0.1,-1.0,-0.1
3,NONE,-1.0,-0.1,-1.0,-0.1
3,NONE,-1.0,-0.1,-1.0,-0.1
3,NONE,-1.0,-0.1,-1.0,-0.1
3,NONE,-1.0,-0.1,-1.0,-0.1
3,NONE,-1.0,-0.1,-1.0,-0.1
3,NONE,-1.0,-0.1,-1.0,-0.1
3,NONE,-1.0,-0.1,-1.0,-0.1
3,NONE,-1.0,-0.1,-1.0,-0.1
3,NONE,-1.0,-0.1,-1.0,-0.1
3,NONE,-1.0,-0.1,-1.0,-0.1
3,NONE,-1.0,-0.1,-1.0,-0.1
3,NONE,-1.0,-0.1,-1.0,-0.1
3,NONE,-1.0,-0.1,-1.0,-0.1
2,EV_B07_C030_Mototaxi_Electrica,-1.0,-0.1,7.0,25.111721766358354
1,EV_B07_C030_Mototaxi_Electrica,7.0,79.93662406916255,-1.0,25.111721766358354
1,EV_B07_C030_Mototaxi_Electrica,6.0,79.93662406916255,-1.0,25.111721766358354
1,EV_B07_C030_Mototaxi_Electrica,5.0,79.93662406916255,-1.0,25.111721766358354
1,EV_B07_C030_Mototaxi_Electrica,4.0,79.93662406916255,-1.0,25.111721766358354
1,EV_B07_C030_Mototaxi_Electrica,3.0,79.93662406916255,-1.0,25.111721766358354
1,EV_B07_C030_Mototaxi_Electrica,2.0,79.93662406916255,-1.0,25.111721766358354
1,EV_B07_C030_Mototaxi_Electrica,1.0,79.93662406916255,-1.0,25.111721766358354
1,EV_B07_C030_Mototaxi_Electrica,0.0,79.93662406916255,-1.0,25.111721766358354
3,NONE,-1.0,-0.1,-1.0,-0.1
3,NONE,-1.0,-0.1,-1.0,-0.1
3,NONE,-1.0,-0.1,-1.0,-0.1
3,NONE,-1.0,-0.1,-1.0,-0.1
3,NONE,-1.0,-0.1,-1.0,-0.1
3,NONE,-1.0,-0.1,-1.0,-0.1
3,NONE,-1.0,-0.1,-1.0,-0.1
3,NONE,-1.0,-0.1,-1.0,-0.1
3,NONE,-1.0,-0.1,-1.0,-0.1
3,NONE,-1.0,-0.1,-1.0,-0.1
3,NONE,-1.0,-0.1,-1.0,-0.1
3,NONE,-1.0,-0.1,-1.0,-0.1
3,NONE,-1.0,-0.1,-1.0,-0.1
3,NONE,-1.0,-0.1,-1.0,-0.1
3,NONE,-1.0,-0.1,-1.0,-0.1
3,NONE,-1.0,-0.1,-1.0,-0.1
3,NONE,-1.0,-0.1,-1.0,-0.1
3,NONE,-1.0,-0.1,-1.0,-0.1
3,NONE,-1.0,-0.1,-1.0,-0.1
3,NONE,-1.0,-0.1,-1.0,-0.1
3,NONE,-1.0,-0.1,-1.0,-0.1
3,NONE,-1.0,-0.1,-1.0,-0.1
3,NONE,-1.0,-0.1,-1.0,-0.1
3,NONE,-1.0,-0.1,-1.0,-0.1
3,NONE,-1.0,-0.1,-1.0,-0.1
3,NONE,-1.0,-0.1,-1.0,-0.1
3,NONE,-1.0,-0.1,-1.0,-0.1
3,NONE,-1.0,-0.1,-1.0,-0.1
3,NONE,-1.0,-0.1,-1.0,-0.1
3,NONE,-1.0,-0.1,-1.0,-0.1
3,NONE,-1.0,-0.1,-1.0,-0.1
3,NONE,-1.0,-0.1,-1.0,-0.1
3,NONE,-1.0,-0.1,-1.0,-0.1
3,NONE,-1.0,-0.1,-1.0,-0.1
3,NONE,-1.0,-0.1,-1.0,-0.1
3,NONE,-1.0,-0.1,-1.0,-0.1
3,NONE,-1.0,-0.1,-1.0,-0.1
3,NONE,-1.0,-0.1,-1.0,-0.1
3,NONE,-1.0,-0.1,-1.0,-0.1
3,NONE,-1.0,-0.1,-1.0,-0.1
3,NONE,-1.0,-0.1,-1.0,-0.1
2,EV_B07_C030_Mototaxi_Electrica,-1.0,-0.1,9.0,14.038605888340243
1,EV_B07_C030_Mototaxi_Electrica,5.0,81.83627457642079,-1.0,14.038605888340243
1,EV_B07_C030_Mototaxi_Electrica,4.0,81.83627457642079,-1.0,14.038605888340243
1,EV_B07_C030_Mototaxi_Electrica,3.0,81.83627457642079,-1.0,14.038605888340243
1,EV_B07_C030_Mototaxi_Electrica,2.0,81.83627457642079,-1.0,14.038605888340243
1,EV_B07_C030_Mototaxi_Electrica,1.0,81.83627457642079,-1.0,14.038605888340243
1,EV_B07_C030_Mototaxi_Electrica,0.0,81.83627457642079,-1.0,14.038605888340243
3,NONE,-1.0,-0.1,-1.0,-0.1
3,NONE,-1.0,-0.1,-1.0,-0.1
3,NONE,-1.0,-0.1,-1.0,-0.1
3,NONE,-1.0,-0.1,-1.0,-0.1
3,NONE,-1.0,-0.1,-1.0,-0.1
3,NONE,-1.0,-0.1,-1.0,-0.1
3,NONE,-1.0,-0.1,-1.0,-0.1
3,NONE,-1.0,-0.1,-1.0,-0.1
3,NONE,-1.0,-0.1,-1.0,-0.1
3,NONE,-1.0,-0.1,-1.0,-0.1
3,NONE,-1.0,-0.1,-1.0,-0.1
3,NONE,-1.0,-0.1,-1.0,-0.1
3,NONE,-1.0,-0.1,-1.0,-0.1
3,NONE,-1.0,-0.1,-1.0,-0.1
3,NONE,-1.0,-0.1,-1.0,-0.1
3,NONE,-1.0,-0.1,-1.0,-0.1
3,NONE,-1.0,-0.1,-1.0,-0.1
3,NONE,-1.0,-0.1,-1.0,-0.1
3,NONE,-1.0,-0.1,-1.0,-0.1
3,NONE,-1.0,-0.1,-1.0,-0.1
3,NONE,-1.0,-0.1,-1.0,-0.1
3,NONE,-1.0,-0.1,-1.0,-0.1
3,NONE,-1.0,-0.1,-1.0,-0.1
3,NONE,-1.0,-0.1,-1.0,-0.1
3,NONE,-1.0,-0.1,-1.0,-0.1
3,NONE,-1.0,-0.1,-1.0,-0.1
3,NONE,-1.0,-0.1,-1.0,-0.1
3,NONE,-1.0,-0.1,-1.0,-0.1
3,NONE,-1.0,-0.1,-1.0,-0.1
3,NONE,-1.0,-0.1,-1.0,-0.1
3,NONE,-1.0,-0.1,-1.0,-0.1
3,NONE,-1.0,-0.1,-1.0,-0.1
3,NONE,-1.0,-0.1,-1.0,-0.1
3,NONE,-1.0,-0.1,-1.0,-0.1
3,NONE,-1.0,-0.1,-1.0,-0.1
3,NONE,-1.0,-0.1,-1.0,-0.1
3,NONE,-1.0,-0.1,-1.0,-0.1
3,NONE,-1.0,-0.1,-1.0,-0.1
3,NONE,-1.0,-0.1,-1.0,-0.1
3,NONE,-1.0,-0.1,-1.0,-0.1
3,NONE,-1.0,-0.1,-1.0,-0.1
3,NONE,-1.0,-0.1,-1.0,-0.1
3,NONE,-1.0,-0.1,-1.0,-0.1
3,NONE,-1.0,-0.1,-1.0,-0.1
3,NONE,-1.0,-0.1,-1.0,-0.1
3,NONE,-1.0,-0.1,-1.0,-0.1
3,NONE,-1.0,-0.1,-1.0,-0.1
3,NONE,-1.0,-0.1,-1.0,-0.1
3,NONE,-1.0,-0.1,-1.0,-0.1
3,NONE,-1.0,-0.1,-1.0,-0.1
3,NONE,-1.0,-0.1,-1.0,-0.1
3,NONE,-1.0,-0.1,-1.0,-0.1
3,NONE,-1.0,-0.1,-1.0,-0.1
3,NONE,-1.0,-0.1,-1.0,-0.1
3,NONE,-1.0,-0.1,-1.0,-0.1
3,NONE,-1.0,-0.1,-1.0,-0.1
3,NONE,-1.0,-0.1,-1.0,-0.1
3,NONE,-1.0,-0.1,-1.0,-0.1
3,NONE,-1.0,-0.1,-1.0,-0.1
3,NONE,-1.0,-0.1,-1.0,-0.1
3,NONE,-1.0,-0.1,-1.0,-0.1
3,NONE,-1.0,-0.1,-1.0,-0.1
3,NONE,-1.0,-0.1,-1.0,-0.1
3,NONE,-1.0,-0.1,-1.0,-0.1
3,NONE,-1.0,-0.1,-1.0,-0.1
3,NONE,-1.0,-0.1,-1.0,-0.1
3,NONE,-1.0,-0.1,-1.0,-0.1
3,NONE,-1.0,-0.1,-1.0,-0.1
3,NONE,-1.0,-0.1,-1.0,-0.1
3,NONE,-1.0,-0.1,-1.0,-0.1
3,NONE,-1.0,-0.1,-1.0,-0.1
3,NONE,-1.0,-0.1,-1.0,-0.1
3,NONE,-1.0,-0.1,-1.0,-0.1
3,NONE,-1.0,-0.1,-1.0,-0.1
3,NONE,-1.0,-0.1,-1.0,-0.1
3,NONE,-1.0,-0.1,-1.0,-0.1
3,NONE,-1.0,-0.1,-1.0,-0.1
3,NONE,-1.0,-0.1,-1.0,-0.1
3,NONE,-1.0,-0.1,-1.0,-0.1
3,NONE,-1.0,-0.1,-1.0,-0.1
3,NONE,-1.0,-0.1,-1.0,-0.1
3,NONE,-1.0,-0.1,-1.0,-0.1
3,NONE,-1.0,-0.1,-1.0,-0.1
3,NONE,-1.0,-0.1,-1.0,-0.1
3,NONE,-1.0,-0.1,-1.0,-0.1
3,NONE,-1.0,-0.1,-1.0,-0.1
3,NONE,-1.0,-0.1,-1.0,-0.1
3,NONE,-1.0,-0.1,-1.0,-0.1
3,NONE,-1.0,-0.1,-1.0,-0.1
3,NONE,-1.0,-0.1,-1.0,-0.1
3,NONE,-1.0,-0.1,-1.0,-0.1
3,NONE,-1.0,-0.1,-1.0,-0.1
3,NONE,-1.0,-0.1,-1.0,-0.1
3,NONE,-1.0,-0.1,-1.0,-0.1
3,NONE,-1.0,-0.1,-1.0,-0.1
3,NONE,-1.0,-0.1,-1.0,-0.1
3,NONE,-1.0,-0.1,-1.0,-0.1
3,NONE,-1.0,-0.1,-1.0,-0.1
3,NONE,-1.0,-0.1,-1.0,-0.1
3,NONE,-1.0,-0.1,-1.0,-0.1
3,NONE,-1.0,-0.1,-1.0,-0.1
3,NONE,-1.0,-0.1,-1.0,-0.1
3,NONE,-1.0,-0.1,-1.0,-0.1
3,NONE,-1.0,-0.1,-1.0,-0.1
3,NONE,-1.0,-0.1,-1.0,-0.1
3,NONE,-1.0,-0.1,-1.0,-0.1
3,NONE,-1.0,-0.1,-1.0,-0.1
3,NONE,-1.0,-0.1,-1.0,-0.1
3,NONE,-1.0,-0.1,-1.0,-0.1
3,NONE,-1.0,-0.1,-1.0,-0.1
3,NONE,-1.0,-0.1,-1.0,-0.1
3,NONE,-1.0,-0.1,-1.0,-0.1
2,EV_B07_C030_Mototaxi_Electrica,-1.0,-0.1,8.0,45.619186515047325
1,EV_B07_C030_Mototaxi_Electrica,6.0,74.47038788617932,-1.0,45.619186515047325
1,EV_B07_C030_Mototaxi_Electrica,5.0,74.47038788617932,-1.0,45.619186515047325
1,EV_B07_C030_Mototaxi_Electrica,4.0,74.47038788617932,-1.0,45.619186515047325
1,EV_B07_C030_Mototaxi_Electrica,3.0,74.47038788617932,-1.0,45.619186515047325
1,EV_B07_C030_Mototaxi_Electrica,2.0,74.47038788617932,-1.0,45.619186515047325
1,EV_B07_C030_Mototaxi_Electrica,1.0,74.47038788617932,-1.0,45.619186515047325
1,EV_B07_C030_Mototaxi_Electrica,0.0,74.47038788617932,-1.0,45.619186515047325
3,NONE,-1.0,-0.1,-1.0,-0.1
3,NONE,-1.0,-0.1,-1.0,-0.1
3,NONE,-1.0,-0.1,-1.0,-0.1
3,NONE,-1.0,-0.1,-1.0,-0.1
3,NONE,-1.0,-0.1,-1.0,-0.1
3,NONE,-1.0,-0.1,-1.0,-0.1
3,NONE,-1.0,-0.1,-1.0,-0.1
3,NONE,-1.0,-0.1,-1.0,-0.1
3,NONE,-1.0,-0.1,-1.0,-0.1
3,NONE,-1.0,-0.1,-1.0,-0.1
3,NONE,-1.0,-0.1,-1.0,-0.1
3,NONE,-1.0,-0.1,-1.0,-0.1
3,NONE,-1.0,-0.1,-1.0,-0.1
3,NONE,-1.0,-0.1,-1.0,-0.1
3,NONE,-1.0,-0.1,-1.0,-0.1
2,EV_B07_C030_Mototaxi_Electrica,-1.0,-0.1,7.0,52.81049591165338
1,EV_B07_C030_Mototaxi_Electrica,7.0,89.88881634071126,-1.0,52.81049591165338
1,EV_B07_C030_Mototaxi_Electrica,6.0,89.88881634071126,-1.0,52.81049591165338
1,EV_B07_C030_Mototaxi_Electrica,5.0,89.88881634071126,-1.0,52.81049591165338
1,EV_B07_C030_Mototaxi_Electrica,4.0,89.88881634071126,-1.0,52.81049591165338
1,EV_B07_C030_Mototaxi_Electrica,3.0,89.88881634071126,-1.0,52.81049591165338
1,EV_B07_C030_Mototaxi_Electrica,2.0,89.88881634071126,-1.0,52.81049591165338
1,EV_B07_C030_Mototaxi_Electrica,1.0,89.88881634071126,-1.0,52.81049591165338
1,EV_B07_C030_Mototaxi_Electrica,0.0,89.88881634071126,-1.0,52.81049591165338
3,NONE,-1.0,-0.1,-1.0,-0.1
3,NONE,-1.0,-0.1,-1.0,-0.1
3,NONE,-1.0,-0.1,-1.0,-0.1
3,NONE,-1.0,-0.1,-1.0,-0.1
3,NONE,-1.0,-0.1,-1.0,-0.1
3,NONE,-1.0,-0.1,-1.0,-0.1
3,NONE,-1.0,-0.1,-1.0,-0.1
3,NONE,-1.0,-0.1,-1.0,-0.1
3,NONE,-1.0,-0.1,-1.0,-0.1
3,NONE,-1.0,-0.1,-1.0,-0.1
3,NONE,-1.0,-0.1,-1.0,-0.1
3,NONE,-1.0,-0.1,-1.0,-0.1
3,NONE,-1.0,-0.1,-1.0,-0.1
3,NONE,-1.0,-0.1,-1.0,-0.1
3,NONE,-1.0,-0.1,-1.0,-0.1
3,NONE,-1.0,-0.1,-1.0,-0.1
3,NONE,-1.0,-0.1,-1.0,-0.1
3,NONE,-1.0,-0.1,-1.0,-0.1
3,NONE,-1.0,-0.1,-1.0,-0.1
3,NONE,-1.0,-0.1,-1.0,-0.1
3,NONE,-1.0,-0.1,-1.0,-0.1
3,NONE,-1.0,-0.1,-1.0,-0.1
3,NONE,-1.0,-0.1,-1.0,-0.1
3,NONE,-1.0,-0.1,-1.0,-0.1
3,NONE,-1.0,-0.1,-1.0,-0.1
3,NONE,-1.0,-0.1,-1.0,-0.1
3,NONE,-1.0,-0.1,-1.0,-0.1
3,NONE,-1.0,-0.1,-1.0,-0.1
3,NONE,-1.0,-0.1,-1.0,-0.1
3,NONE,-1.0,-0.1,-1.0,-0.1
3,NONE,-1.0,-0.1,-1.0,-0.1
3,NONE,-1.0,-0.1,-1.0,-0.1
3,NONE,-1.0,-0.1,-1.0,-0.1
3,NONE,-1.0,-0.1,-1.0,-0.1
3,NONE,-1.0,-0.1,-1.0,-0.1
3,NONE,-1.0,-0.1,-1.0,-0.1
3,NONE,-1.0,-0.1,-1.0,-0.1
3,NONE,-1.0,-0.1,-1.0,-0.1
3,NONE,-1.0,-0.1,-1.0,-0.1
3,NONE,-1.0,-0.1,-1.0,-0.1
3,NONE,-1.0,-0.1,-1.0,-0.1
3,NONE,-1.0,-0.1,-1.0,-0.1
2,EV_B07_C030_Mototaxi_Electrica,-1.0,-0.1,10.0,43.92632466342934
1,EV_B07_C030_Mototaxi_Electrica,4.0,75.28115765701813,-1.0,43.92632466342934
1,EV_B07_C030_Mototaxi_Electrica,3.0,75.28115765701813,-1.0,43.92632466342934
1,EV_B07_C030_Mototaxi_Electrica,2.0,75.28115765701813,-1.0,43.92632466342934
1,EV_B07_C030_Mototaxi_Electrica,1.0,75.28115765701813,-1.0,43.92632466342934
1,EV_B07_C030_Mototaxi_Electrica,0.0,75.28115765701813,-1.0,43.92632466342934
3,NONE,-1.0,-0.1,-1.0,-0.1
3,NONE,-1.0,-0.1,-1.0,-0.1
3,NONE,-1.0,-0.1,-1.0,-0.1
3,NONE,-1.0,-0.1,-1.0,-0.1
3,NONE,-1.0,-0.1,-1.0,-0.1
3,NONE,-1.0,-0.1,-1.0,-0.1
3,NONE,-1.0,-0.1,-1.0,-0.1
3,NONE,-1.0,-0.1,-1.0,-0.1
3,NONE,-1.0,-0.1,-1.0,-0.1
3,NONE,-1.0,-0.1,-1.0,-0.1
3,NONE,-1.0,-0.1,-1.0,-0.1
3,NONE,-1.0,-0.1,-1.0,-0.1
3,NONE,-1.0,-0.1,-1.0,-0.1
3,NONE,-1.0,-0.1,-1.0,-0.1
3,NONE,-1.0,-0.1,-1.0,-0.1
3,NONE,-1.0,-0.1,-1.0,-0.1
2,EV_B07_C030_Mototaxi_Electrica,-1.0,-0.1,8.0,24.764271396369196
1,EV_B07_C030_Mototaxi_Electrica,6.0,94.43908307786786,-1.0,24.764271396369196
1,EV_B07_C030_Mototaxi_Electrica,5.0,94.43908307786786,-1.0,24.764271396369196
1,EV_B07_C030_Mototaxi_Electrica,4.0,94.43908307786786,-1.0,24.764271396369196
1,EV_B07_C030_Mototaxi_Electrica,3.0,94.43908307786786,-1.0,24.764271396369196
1,EV_B07_C030_Mototaxi_Electrica,2.0,94.43908307786786,-1.0,24.764271396369196
1,EV_B07_C030_Mototaxi_Electrica,1.0,94.43908307786786,-1.0,24.764271396369196
1,EV_B07_C030_Mototaxi_Electrica,0.0,94.43908307786786,-1.0,24.764271396369196
3,NONE,-1.0,-0.1,-1.0,-0.1
3,NONE,-1.0,-0.1,-1.0,-0.1
3,NONE,-1.0,-0.1,-1.0,-0.1
3,NONE,-1.0,-0.1,-1.0,-0.1
3,NONE,-1.0,-0.1,-1.0,-0.1
3,NONE,-1.0,-0.1,-1.0,-0.1
3,NONE,-1.0,-0.1,-1.0,-0.1
3,NONE,-1.0,-0.1,-1.0,-0.1
3,NONE,-1.0,-0.1,-1.0,-0.1
3,NONE,-1.0,-0.1,-1.0,-0.1
3,NONE,-1.0,-0.1,-1.0,-0.1
3,NONE,-1.0,-0.1,-1.0,-0.1
3,NONE,-1.0,-0.1,-1.0,-0.1
3,NONE,-1.0,-0.1,-1.0,-0.1
3,NONE,-1.0,-0.1,-1.0,-0.1
3,NONE,-1.0,-0.1,-1.0,-0.1
3,NONE,-1.0,-0.1,-1.0,-0.1
3,NONE,-1.0,-0.1,-1.0,-0.1
3,NONE,-1.0,-0.1,-1.0,-0.1
3,NONE,-1.0,-0.1,-1.0,-0.1
3,NONE,-1.0,-0.1,-1.0,-0.1
3,NONE,-1.0,-0.1,-1.0,-0.1
3,NONE,-1.0,-0.1,-1.0,-0.1
3,NONE,-1.0,-0.1,-1.0,-0.1
3,NONE,-1.0,-0.1,-1.0,-0.1
3,NONE,-1.0,-0.1,-1.0,-0.1
3,NONE,-1.0,-0.1,-1.0,-0.1
3,NONE,-1.0,-0.1,-1.0,-0.1
3,NONE,-1.0,-0.1,-1.0,-0.1
3,NONE,-1.0,-0.1,-1.0,-0.1
3,NONE,-1.0,-0.1,-1.0,-0.1
3,NONE,-1.0,-0.1,-1.0,-0.1
3,NONE,-1.0,-0.1,-1.0,-0.1
3,NONE,-1.0,-0.1,-1.0,-0.1
3,NONE,-1.0,-0.1,-1.0,-0.1
3,NONE,-1.0,-0.1,-1.0,-0.1
3,NONE,-1.0,-0.1,-1.0,-0.1
3,NONE,-1.0,-0.1,-1.0,-0.1
3,NONE,-1.0,-0.1,-1.0,-0.1
3,NONE,-1.0,-0.1,-1.0,-0.1
3,NONE,-1.0,-0.1,-1.0,-0.1
3,NONE,-1.0,-0.1,-1.0,-0.1
3,NONE,-1.0,-0.1,-1.0,-0.1
3,NONE,-1.0,-0.1,-1.0,-0.1
3,NONE,-1.0,-0.1,-1.0,-0.1
3,NONE,-1.0,-0.1,-1.0,-0.1
3,NONE,-1.0,-0.1,-1.0,-0.1
3,NONE,-1.0,-0.1,-1.0,-0.1
3,NONE,-1.0,-0.1,-1.0,-0.1
3,NONE,-1.0,-0.1,-1.0,-0.1
3,NONE,-1.0,-0.1,-1.0,-0.1
3,NONE,-1.0,-0.1,-1.0,-0.1
3,NONE,-1.0,-0.1,-1.0,-0.1
3,NONE,-1.0,-0.1,-1.0,-0.1
3,NONE,-1.0,-0.1,-1.0,-0.1
3,NONE,-1.0,-0.1,-1.0,-0.1
3,NONE,-1.0,-0.1,-1.0,-0.1
3,NONE,-1.0,-0.1,-1.0,-0.1
3,NONE,-1.0,-0.1,-1.0,-0.1
3,NONE,-1.0,-0.1,-1.0,-0.1
3,NONE,-1.0,-0.1,-1.0,-0.1
3,NONE,-1.0,-0.1,-1.0,-0.1
3,NONE,-1.0,-0.1,-1.0,-0.1
3,NONE,-1.0,-0.1,-1.0,-0.1
3,NONE,-1.0,-0.1,-1.0,-0.1
2,EV_B07_C030_Mototaxi_Electrica,-1.0,-0.1,9.0,27.682343791358946
1,EV_B07_C030_Mototaxi_Electrica,5.0,78.43116416677945,-1.0,27.682343791358946
1,EV_B07_C030_Mototaxi_Electrica,4.0,78.43116416677945,-1.0,27.682343791358946
1,EV_B07_C030_Mototaxi_Electrica,3.0,78.43116416677945,-1.0,27.682343791358946
1,EV_B07_C030_Mototaxi_Electrica,2.0,78.43116416677945,-1.0,27.682343791358946
1,EV_B07_C030_Mototaxi_Electrica,1.0,78.43116416677945,-1.0,27.682343791358946
1,EV_B07_C030_Mototaxi_Electrica,0.0,78.43116416677945,-1.0,27.682343791358946
3,NONE,-1.0,-0.1,-1.0,-0.1
3,NONE,-1.0,-0.1,-1.0,-0.1
3,NONE,-1.0,-0.1,-1.0,-0.1
3,NONE,-1.0,-0.1,-1.0,-0.1
3,NONE,-1.0,-0.1,-1.0,-0.1
3,NONE,-1.0,-0.1,-1.0,-0.1
3,NONE,-1.0,-0.1,-1.0,-0.1
3,NONE,-1.0,-0.1,-1.0,-0.1
3,NONE,-1.0,-0.1,-1.0,-0.1
3,NONE,-1.0,-0.1,-1.0,-0.1
3,NONE,-1.0,-0.1,-1.0,-0.1
3,NONE,-1.0,-0.1,-1.0,-0.1
3,NONE,-1.0,-0.1,-1.0,-0.1
3,NONE,-1.0,-0.1,-1.0,-0.1
3,NONE,-1.0,-0.1,-1.0,-0.1
2,EV_B07_C030_Mototaxi_Electrica,-1.0,-0.1,7.0,35.97693443499685
1,EV_B07_C030_Mototaxi_Electrica,7.0,84.69321616060881,-1.0,35.97693443499685
1,EV_B07_C030_Mototaxi_Electrica,6.0,84.69321616060881,-1.0,35.97693443499685
1,EV_B07_C030_Mototaxi_Electrica,5.0,84.69321616060881,-1.0,35.97693443499685
1,EV_B07_C030_Mototaxi_Electrica,4.0,84.69321616060881,-1.0,35.97693443499685
1,EV_B07_C030_Mototaxi_Electrica,3.0,84.69321616060881,-1.0,35.97693443499685
1,EV_B07_C030_Mototaxi_Electrica,2.0,84.69321616060881,-1.0,35.97693443499685
1,EV_B07_C030_Mototaxi_Electrica,1.0,84.69321616060881,-1.0,35.97693443499685
1,EV_B07_C030_Mototaxi_Electrica,0.0,84.69321616060881,-1.0,35.97693443499685
3,NONE,-1.0,-0.1,-1.0,-0.1
3,NONE,-1.0,-0.1,-1.0,-0.1
3,NONE,-1.0,-0.1,-1.0,-0.1
3,NONE,-1.0,-0.1,-1.0,-0.1
3,NONE,-1.0,-0.1,-1.0,-0.1
3,NONE,-1.0,-0.1,-1.0,-0.1
3,NONE,-1.0,-0.1,-1.0,-0.1
3,NONE,-1.0,-0.1,-1.0,-0.1
3,NONE,-1.0,-0.1,-1.0,-0.1
3,NONE,-1.0,-0.1,-1.0,-0.1
3,NONE,-1.0,-0.1,-1.0,-0.1
3,NONE,-1.0,-0.1,-1.0,-0.1
3,NONE,-1.0,-0.1,-1.0,-0.1
3,NONE,-1.0,-0.1,-1.0,-0.1
3,NONE,-1.0,-0.1,-1.0,-0.1
3,NONE,-1.0,-0.1,-1.0,-0.1
3,NONE,-1.0,-0.1,-1.0,-0.1
2,EV_B07_C030_Mototaxi_Electrica,-1.0,-0.1,9.0,25.851178067080326
1,EV_B07_C030_Mototaxi_Electrica,5.0,79.60554243217175,-1.0,25.851178067080326
1,EV_B07_C030_Mototaxi_Electrica,4.0,79.60554243217175,-1.0,25.851178067080326
1,EV_B07_C030_Mototaxi_Electrica,3.0,79.60554243217175,-1.0,25.851178067080326
1,EV_B07_C030_Mototaxi_Electrica,2.0,79.60554243217175,-1.0,25.851178067080326
1,EV_B07_C030_Mototaxi_Electrica,1.0,79.60554243217175,-1.0,25.851178067080326
1,EV_B07_C030_Mototaxi_Electrica,0.0,79.60554243217175,-1.0,25.851178067080326
3,NONE,-1.0,-0.1,-1.0,-0.1
3,NONE,-1.0,-0.1,-1.0,-0.1
3,NONE,-1.0,-0.1,-1.0,-0.1
3,NONE,-1.0,-0.1,-1.0,-0.1
3,NONE,-1.0,-0.1,-1.0,-0.1
3,NONE,-1.0,-0.1,-1.0,-0.1
3,NONE,-1.0,-0.1,-1.0,-0.1
3,NONE,-1.0,-0.1,-1.0,-0.1
3,NONE,-1.0,-0.1,-1.0,-0.1
3,NONE,-1.0,-0.1,-1.0,-0.1
3,NONE,-1.0,-0.1,-1.0,-0.1
3,NONE,-1.0,-0.1,-1.0,-0.1
3,NONE,-1.0,-0.1,-1.0,-0.1
3,NONE,-1.0,-0.1,-1.0,-0.1
3,NONE,-1.0,-0.1,-1.0,-0.1
3,NONE,-1.0,-0.1,-1.0,-0.1
3,NONE,-1.0,-0.1,-1.0,-0.1
3,NONE,-1.0,-0.1,-1.0,-0.1
3,NONE,-1.0,-0.1,-1.0,-0.1
3,NONE,-1.0,-0.1,-1.0,-0.1
3,NONE,-1.0,-0.1,-1.0,-0.1
3,NONE,-1.0,-0.1,-1.0,-0.1
3,NONE,-1.0,-0.1,-1.0,-0.1
3,NONE,-1.0,-0.1,-1.0,-0.1
3,NONE,-1.0,-0.1,-1.0,-0.1
3,NONE,-1.0,-0.1,-1.0,-0.1
3,NONE,-1.0,-0.1,-1.0,-0.1
3,NONE,-1.0,-0.1,-1.0,-0.1
3,NONE,-1.0,-0.1,-1.0,-0.1
3,NONE,-1.0,-0.1,-1.0,-0.1
3,NONE,-1.0,-0.1,-1.0,-0.1
3,NONE,-1.0,-0.1,-1.0,-0.1
3,NONE,-1.0,-0.1,-1.0,-0.1
3,NONE,-1.0,-0.1,-1.0,-0.1
3,NONE,-1.0,-0.1,-1.0,-0.1
3,NONE,-1.0,-0.1,-1.0,-0.1
3,NONE,-1.0,-0.1,-1.0,-0.1
3,NONE,-1.0,-0.1,-1.0,-0.1
3,NONE,-1.0,-0.1,-1.0,-0.1
3,NONE,-1.0,-0.1,-1.0,-0.1
2,EV_B07_C030_Mototaxi_Electrica,-1.0,-0.1,8.0,30.697964632659655
1,EV_B07_C030_Mototaxi_Electrica,6.0,93.41312552475569,-1.0,30.697964632659655
1,EV_B07_C030_Mototaxi_Electrica,5.0,93.41312552475569,-1.0,30.697964632659655
1,EV_B07_C030_Mototaxi_Electrica,4.0,93.41312552475569,-1.0,30.697964632659655
1,EV_B07_C030_Mototaxi_Electrica,3.0,93.41312552475569,-1.0,30.697964632659655
1,EV_B07_C030_Mototaxi_Electrica,2.0,93.41312552475569,-1.0,30.697964632659655
1,EV_B07_C030_Mototaxi_Electrica,1.0,93.41312552475569,-1.0,30.697964632659655
1,EV_B07_C030_Mototaxi_Electrica,0.0,93.41312552475569,-1.0,30.697964632659655
3,NONE,-1.0,-0.1,-1.0,-0.1
3,NONE,-1.0,-0.1,-1.0,-0.1
3,NONE,-1.0,-0.1,-1.0,-0.1
3,NONE,-1.0,-0.1,-1.0,-0.1
3,NONE,-1.0,-0.1,-1.0,-0.1
3,NONE,-1.0,-0.1,-1.0,-0.1
3,NONE,-1.0,-0.1,-1.0,-0.1
3,NONE,-1.0,-0.1,-1.0,-0.1
3,NONE,-1.0,-0.1,-1.0,-0.1
3,NONE,-1.0,-0.1,-1.0,-0.1
3,NONE,-1.0,-0.1,-1.0,-0.1
3,NONE,-1.0,-0.1,-1.0,-0.1
3,NONE,-1.0,-0.1,-1.0,-0.1
3,NONE,-1.0,-0.1,-1.0,-0.1
3,NONE,-1.0,-0.1,-1.0,-0.1
3,NONE,-1.0,-0.1,-1.0,-0.1
3,NONE,-1.0,-0.1,-1.0,-0.1
3,NONE,-1.0,-0.1,-1.0,-0.1
3,NONE,-1.0,-0.1,-1.0,-0.1
3,NONE,-1.0,-0.1,-1.0,-0.1
3,NONE,-1.0,-0.1,-1.0,-0.1
3,NONE,-1.0,-0.1,-1.0,-0.1
3,NONE,-1.0,-0.1,-1.0,-0.1
3,NONE,-1.0,-0.1,-1.0,-0.1
3,NONE,-1.0,-0.1,-1.0,-0.1
3,NONE,-1.0,-0.1,-1.0,-0.1
3,NONE,-1.0,-0.1,-1.0,-0.1
3,NONE,-1.0,-0.1,-1.0,-0.1
3,NONE,-1.0,-0.1,-1.0,-0.1
3,NONE,-1.0,-0.1,-1.0,-0.1
3,NONE,-1.0,-0.1,-1.0,-0.1
3,NONE,-1.0,-0.1,-1.0,-0.1
3,NONE,-1.0,-0.1,-1.0,-0.1
3,NONE,-1.0,-0.1,-1.0,-0.1
3,NONE,-1.0,-0.1,-1.0,-0.1
3,NONE,-1.0,-0.1,-1.0,-0.1
3,NONE,-1.0,-0.1,-1.0,-0.1
3,NONE,-1.0,-0.1,-1.0,-0.1
3,NONE,-1.0,-0.1,-1.0,-0.1
3,NONE,-1.0,-0.1,-1.0,-0.1
3,NONE,-1.0,-0.1,-1.0,-0.1
3,NONE,-1.0,-0.1,-1.0,-0.1
3,NONE,-1.0,-0.1,-1.0,-0.1
3,NONE,-1.0,-0.1,-1.0,-0.1
3,NONE,-1.0,-0.1,-1.0,-0.1
3,NONE,-1.0,-0.1,-1.0,-0.1
3,NONE,-1.0,-0.1,-1.0,-0.1
3,NONE,-1.0,-0.1,-1.0,-0.1
3,NONE,-1.0,-0.1,-1.0,-0.1
3,NONE,-1.0,-0.1,-1.0,-0.1
3,NONE,-1.0,-0.1,-1.0,-0.1
3,NONE,-1.0,-0.1,-1.0,-0.1
3,NONE,-1.0,-0.1,-1.0,-0.1
3,NONE,-1.0,-0.1,-1.0,-0.1
3,NONE,-1.0,-0.1,-1.0,-0.1
3,NONE,-1.0,-0.1,-1.0,-0.1
3,NONE,-1.0,-0.1,-1.0,-0.1
3,NONE,-1.0,-0.1,-1.0,-0.1
3,NONE,-1.0,-0.1,-1.0,-0.1
3,NONE,-1.0,-0.1,-1.0,-0.1
3,NONE,-1.0,-0.1,-1.0,-0.1
3,NONE,-1.0,-0.1,-1.0,-0.1
3,NONE,-1.0,-0.1,-1.0,-0.1
3,NONE,-1.0,-0.1,-1.0,-0.1
3,NONE,-1.0,-0.1,-1.0,-0.1
3,NONE,-1.0,-0.1,-1.0,-0.1
3,NONE,-1.0,-0.1,-1.0,-0.1
3,NONE,-1.0,-0.1,-1.0,-0.1
3,NONE,-1.0,-0.1,-1.0,-0.1
3,NONE,-1.0,-0.1,-1.0,-0.1
3,NONE,-1.0,-0.1,-1.0,-0.1
3,NONE,-1.0,-0.1,-1.0,-0.1
3,NONE,-1.0,-0.1,-1.0,-0.1
3,NONE,-1.0,-0.1,-1.0,-0.1
3,NONE,-1.0,-0.1,-1.0,-0.1
3,NONE,-1.0,-0.1,-1.0,-0.1
3,NONE,-1.0,-0.1,-1.0,-0.1
3,NONE,-1.0,-0.1,-1.0,-0.1
3,NONE,-1.0,-0.1,-1.0,-0.1
3,NONE,-1.0,-0.1,-1.0,-0.1
3,NONE,-1.0,-0.1,-1.0,-0.1
3,NONE,-1.0,-0.1,-1.0,-0.1
3,NONE,-1.0,-0.1,-1.0,-0.1
3,NONE,-1.0,-0.1,-1.0,-0.1
3,NONE,-1.0,-0.1,-1.0,-0.1
3,NONE,-1.0,-0.1,-1.0,-0.1
3,NONE,-1.0,-0.1,-1.0,-0.1
3,NONE,-1.0,-0.1,-1.0,-0.1
3,NONE,-1.0,-0.1,-1.0,-0.1
2,EV_B07_C030_Mototaxi_Electrica,-1.0,-0.1,9.0,47.150637609410076
1,EV_B07_C030_Mototaxi_Electrica,5.0,83.8728007749455,-1.0,47.150637609410076
1,EV_B07_C030_Mototaxi_Electrica,4.0,83.8728007749455,-1.0,47.150637609410076
1,EV_B07_C030_Mototaxi_Electrica,3.0,83.8728007749455,-1.0,47.150637609410076
1,EV_B07_C030_Mototaxi_Electrica,2.0,83.8728007749455,-1.0,47.150637609410076
1,EV_B07_C030_Mototaxi_Electrica,1.0,83.8728007749455,-1.0,47.150637609410076
1,EV_B07_C030_Mototaxi_Electrica,0.0,83.8728007749455,-1.0,47.150637609410076
3,NONE,-1.0,-0.1,-1.0,-0.1
3,NONE,-1.0,-0.1,-1.0,-0.1
3,NONE,-1.0,-0.1,-1.0,-0.1
3,NONE,-1.0,-0.1,-1.0,-0.1
3,NONE,-1.0,-0.1,-1.0,-0.1
3,NONE,-1.0,-0.1,-1.0,-0.1
3,NONE,-1.0,-0.1,-1.0,-0.1
3,NONE,-1.0,-0.1,-1.0,-0.1
3,NONE,-1.0,-0.1,-1.0,-0.1
3,NONE,-1.0,-0.1,-1.0,-0.1
3,NONE,-1.0,-0.1,-1.0,-0.1
3,NONE,-1.0,-0.1,-1.0,-0.1
3,NONE,-1.0,-0.1,-1.0,-0.1
3,NONE,-1.0,-0.1,-1.0,-0.1
3,NONE,-1.0,-0.1,-1.0,-0.1
3,NONE,-1.0,-0.1,-1.0,-0.1
3,NONE,-1.0,-0.1,-1.0,-0.1
3,NONE,-1.0,-0.1,-1.0,-0.1
3,NONE,-1.0,-0.1,-1.0,-0.1
3,NONE,-1.0,-0.1,-1.0,-0.1
3,NONE,-1.0,-0.1,-1.0,-0.1
3,NONE,-1.0,-0.1,-1.0,-0.1
3,NONE,-1.0,-0.1,-1.0,-0.1
3,NONE,-1.0,-0.1,-1.0,-0.1
3,NONE,-1.0,-0.1,-1.0,-0.1
3,NONE,-1.0,-0.1,-1.0,-0.1
3,NONE,-1.0,-0.1,-1.0,-0.1
3,NONE,-1.0,-0.1,-1.0,-0.1
3,NONE,-1.0,-0.1,-1.0,-0.1
3,NONE,-1.0,-0.1,-1.0,-0.1
3,NONE,-1.0,-0.1,-1.0,-0.1
3,NONE,-1.0,-0.1,-1.0,-0.1
3,NONE,-1.0,-0.1,-1.0,-0.1
3,NONE,-1.0,-0.1,-1.0,-0.1
3,NONE,-1.0,-0.1,-1.0,-0.1
3,NONE,-1.0,-0.1,-1.0,-0.1
3,NONE,-1.0,-0.1,-1.0,-0.1
3,NONE,-1.0,-0.1,-1.0,-0.1
3,NONE,-1.0,-0.1,-1.0,-0.1
3,NONE,-1.0,-0.1,-1.0,-0.1
3,NONE,-1.0,-0.1,-1.0,-0.1
3,NONE,-1.0,-0.1,-1.0,-0.1
3,NONE,-1.0,-0.1,-1.0,-0.1
3,NONE,-1.0,-0.1,-1.0,-0.1
3,NONE,-1.0,-0.1,-1.0,-0.1
3,NONE,-1.0,-0.1,-1.0,-0.1
3,NONE,-1.0,-0.1,-1.0,-0.1
3,NONE,-1.0,-0.1,-1.0,-0.1
3,NONE,-1.0,-0.1,-1.0,-0.1
3,NONE,-1.0,-0.1,-1.0,-0.1
3,NONE,-1.0,-0.1,-1.0,-0.1
3,NONE,-1.0,-0.1,-1.0,-0.1
3,NONE,-1.0,-0.1,-1.0,-0.1
3,NONE,-1.0,-0.1,-1.0,-0.1
3,NONE,-1.0,-0.1,-1.0,-0.1
3,NONE,-1.0,-0.1,-1.0,-0.1
3,NONE,-1.0,-0.1,-1.0,-0.1
3,NONE,-1.0,-0.1,-1.0,-0.1
3,NONE,-1.0,-0.1,-1.0,-0.1
3,NONE,-1.0,-0.1,-1.0,-0.1
3,NONE,-1.0,-0.1,-1.0,-0.1
3,NONE,-1.0,-0.1,-1.0,-0.1
3,NONE,-1.0,-0.1,-1.0,-0.1
3,NONE,-1.0,-0.1,-1.0,-0.1
3,NONE,-1.0,-0.1,-1.0,-0.1
2,EV_B07_C030_Mototaxi_Electrica,-1.0,-0.1,9.0,40.70810262919913
1,EV_B07_C030_Mototaxi_Electrica,5.0,74.89711014084409,-1.0,40.70810262919913
1,EV_B07_C030_Mototaxi_Electrica,4.0,74.89711014084409,-1.0,40.70810262919913
1,EV_B07_C030_Mototaxi_Electrica,3.0,74.89711014084409,-1.0,40.70810262919913
1,EV_B07_C030_Mototaxi_Electrica,2.0,74.89711014084409,-1.0,40.70810262919913
1,EV_B07_C030_Mototaxi_Electrica,1.0,74.89711014084409,-1.0,40.70810262919913
1,EV_B07_C030_Mototaxi_Electrica,0.0,74.89711014084409,-1.0,40.70810262919913
3,NONE,-1.0,-0.1,-1.0,-0.1
3,NONE,-1.0,-0.1,-1.0,-0.1
3,NONE,-1.0,-0.1,-1.0,-0.1
3,NONE,-1.0,-0.1,-1.0,-0.1
3,NONE,-1.0,-0.1,-1.0,-0.1
3,NONE,-1.0,-0.1,-1.0,-0.1
3,NONE,-1.0,-0.1,-1.0,-0.1
3,NONE,-1.0,-0.1,-1.0,-0.1
3,NONE,-1.0,-0.1,-1.0,-0.1
3,NONE,-1.0,-0.1,-1.0,-0.1
3,NONE,-1.0,-0.1,-1.0,-0.1
3,NONE,-1.0,-0.1,-1.0,-0.1
3,NONE,-1.0,-0.1,-1.0,-0.1
3,NONE,-1.0,-0.1,-1.0,-0.1
3,NONE,-1.0,-0.1,-1.0,-0.1
3,NONE,-1.0,-0.1,-1.0,-0.1
3,NONE,-1.0,-0.1,-1.0,-0.1
3,NONE,-1.0,-0.1,-1.0,-0.1
3,NONE,-1.0,-0.1,-1.0,-0.1
3,NONE,-1.0,-0.1,-1.0,-0.1
3,NONE,-1.0,-0.1,-1.0,-0.1
3,NONE,-1.0,-0.1,-1.0,-0.1
3,NONE,-1.0,-0.1,-1.0,-0.1
3,NONE,-1.0,-0.1,-1.0,-0.1
3,NONE,-1.0,-0.1,-1.0,-0.1
3,NONE,-1.0,-0.1,-1.0,-0.1
3,NONE,-1.0,-0.1,-1.0,-0.1
3,NONE,-1.0,-0.1,-1.0,-0.1
3,NONE,-1.0,-0.1,-1.0,-0.1
3,NONE,-1.0,-0.1,-1.0,-0.1
3,NONE,-1.0,-0.1,-1.0,-0.1
3,NONE,-1.0,-0.1,-1.0,-0.1
3,NONE,-1.0,-0.1,-1.0,-0.1
3,NONE,-1.0,-0.1,-1.0,-0.1
3,NONE,-1.0,-0.1,-1.0,-0.1
3,NONE,-1.0,-0.1,-1.0,-0.1
3,NONE,-1.0,-0.1,-1.0,-0.1
3,NONE,-1.0,-0.1,-1.0,-0.1
3,NONE,-1.0,-0.1,-1.0,-0.1
3,NONE,-1.0,-0.1,-1.0,-0.1
3,NONE,-1.0,-0.1,-1.0,-0.1
3,NONE,-1.0,-0.1,-1.0,-0.1
3,NONE,-1.0,-0.1,-1.0,-0.1
3,NONE,-1.0,-0.1,-1.0,-0.1
3,NONE,-1.0,-0.1,-1.0,-0.1
3,NONE,-1.0,-0.1,-1.0,-0.1
3,NONE,-1.0,-0.1,-1.0,-0.1
3,NONE,-1.0,-0.1,-1.0,-0.1
3,NONE,-1.0,-0.1,-1.0,-0.1
3,NONE,-1.0,-0.1,-1.0,-0.1
3,NONE,-1.0,-0.1,-1.0,-0.1
3,NONE,-1.0,-0.1,-1.0,-0.1
3,NONE,-1.0,-0.1,-1.0,-0.1
3,NONE,-1.0,-0.1,-1.0,-0.1
3,NONE,-1.0,-0.1,-1.0,-0.1
3,NONE,-1.0,-0.1,-1.0,-0.1
3,NONE,-1.0,-0.1,-1.0,-0.1
3,NONE,-1.0,-0.1,-1.0,-0.1
3,NONE,-1.0,-0.1,-1.0,-0.1
3,NONE,-1.0,-0.1,-1.0,-0.1
3,NONE,-1.0,-0.1,-1.0,-0.1
3,NONE,-1.0,-0.1,-1.0,-0.1
3,NONE,-1.0,-0.1,-1.0,-0.1
3,NONE,-1.0,-0.1,-1.0,-0.1
2,EV_B07_C030_Mototaxi_Electrica,-1.0,-0.1,8.0,28.369821735006987
1,EV_B07_C030_Mototaxi_Electrica,6.0,81.74032778062116,-1.0,28.369821735006987
1,EV_B07_C030_Mototaxi_Electrica,5.0,81.74032778062116,-1.0,28.369821735006987
1,EV_B07_C030_Mototaxi_Electrica,4.0,81.74032778062116,-1.0,28.369821735006987
1,EV_B07_C030_Mototaxi_Electrica,3.0,81.74032778062116,-1.0,28.369821735006987
1,EV_B07_C030_Mototaxi_Electrica,2.0,81.74032778062116,-1.0,28.369821735006987
1,EV_B07_C030_Mototaxi_Electrica,1.0,81.74032778062116,-1.0,28.369821735006987
1,EV_B07_C030_Mototaxi_Electrica,0.0,81.74032778062116,-1.0,28.369821735006987
3,NONE,-1.0,-0.1,-1.0,-0.1
3,NONE,-1.0,-0.1,-1.0,-0.1
3,NONE,-1.0,-0.1,-1.0,-0.1
3,NONE,-1.0,-0.1,-1.0,-0.1
3,NONE,-1.0,-0.1,-1.0,-0.1
3,NONE,-1.0,-0.1,-1.0,-0.1
3,NONE,-1.0,-0.1,-1.0,-0.1
3,NONE,-1.0,-0.1,-1.0,-0.1
3,NONE,-1.0,-0.1,-1.0,-0.1
3,NONE,-1.0,-0.1,-1.0,-0.1
3,NONE,-1.0,-0.1,-1.0,-0.1
3,NONE,-1.0,-0.1,-1.0,-0.1
3,NONE,-1.0,-0.1,-1.0,-0.1
3,NONE,-1.0,-0.1,-1.0,-0.1
3,NONE,-1.0,-0.1,-1.0,-0.1
2,EV_B07_C030_Mototaxi_Electrica,-1.0,-0.1,7.0,50.09476732909985
1,EV_B07_C030_Mototaxi_Electrica,7.0,79.17717073643308,-1.0,50.09476732909985
1,EV_B07_C030_Mototaxi_Electrica,6.0,79.17717073643308,-1.0,50.09476732909985
1,EV_B07_C030_Mototaxi_Electrica,5.0,79.17717073643308,-1.0,50.09476732909985
1,EV_B07_C030_Mototaxi_Electrica,4.0,79.17717073643308,-1.0,50.09476732909985
1,EV_B07_C030_Mototaxi_Electrica,3.0,79.17717073643308,-1.0,50.09476732909985
1,EV_B07_C030_Mototaxi_Electrica,2.0,79.17717073643308,-1.0,50.09476732909985
1,EV_B07_C030_Mototaxi_Electrica,1.0,79.17717073643308,-1.0,50.09476732909985
1,EV_B07_C030_Mototaxi_Electrica,0.0,79.17717073643308,-1.0,50.09476732909985
3,NONE,-1.0,-0.1,-1.0,-0.1
3,NONE,-1.0,-0.1,-1.0,-0.1
3,NONE,-1.0,-0.1,-1.0,-0.1
3,NONE,-1.0,-0.1,-1.0,-0.1
3,NONE,-1.0,-0.1,-1.0,-0.1
3,NONE,-1.0,-0.1,-1.0,-0.1
3,NONE,-1.0,-0.1,-1.0,-0.1
3,NONE,-1.0,-0.1,-1.0,-0.1
3,NONE,-1.0,-0.1,-1.0,-0.1
3,NONE,-1.0,-0.1,-1.0,-0.1
3,NONE,-1.0,-0.1,-1.0,-0.1
3,NONE,-1.0,-0.1,-1.0,-0.1
3,NONE,-1.0,-0.1,-1.0,-0.1
3,NONE,-1.0,-0.1,-1.0,-0.1
3,NONE,-1.0,-0.1,-1.0,-0.1
3,NONE,-1.0,-0.1,-1.0,-0.1
3,NONE,-1.0,-0.1,-1.0,-0.1
2,EV_B07_C030_Mototaxi_Electrica,-1.0,-0.1,9.0,31.91357025609353
1,EV_B07_C030_Mototaxi_Electrica,5.0,79.96184114906629,-1.0,31.91357025609353
1,EV_B07_C030_Mototaxi_Electrica,4.0,79.96184114906629,-1.0,31.91357025609353
1,EV_B07_C030_Mototaxi_Electrica,3.0,79.96184114906629,-1.0,31.91357025609353
1,EV_B07_C030_Mototaxi_Electrica,2.0,79.96184114906629,-1.0,31.91357025609353
1,EV_B07_C030_Mototaxi_Electrica,1.0,79.96184114906629,-1.0,31.91357025609353
1,EV_B07_C030_Mototaxi_Electrica,0.0,79.96184114906629,-1.0,31.91357025609353
3,NONE,-1.0,-0.1,-1.0,-0.1
3,NONE,-1.0,-0.1,-1.0,-0.1
3,NONE,-1.0,-0.1,-1.0,-0.1
3,NONE,-1.0,-0.1,-1.0,-0.1
3,NONE,-1.0,-0.1,-1.0,-0.1
3,NONE,-1.0,-0.1,-1.0,-0.1
3,NONE,-1.0,-0.1,-1.0,-0.1
3,NONE,-1.0,-0.1,-1.0,-0.1
3,NONE,-1.0,-0.1,-1.0,-0.1
3,NONE,-1.0,-0.1,-1.0,-0.1
3,NONE,-1.0,-0.1,-1.0,-0.1
3,NONE,-1.0,-0.1,-1.0,-0.1
3,NONE,-1.0,-0.1,-1.0,-0.1
3,NONE,-1.0,-0.1,-1.0,-0.1
3,NONE,-1.0,-0.1,-1.0,-0.1
2,EV_B07_C030_Mototaxi_Electrica,-1.0,-0.1,7.0,38.57381066477274
1,EV_B07_C030_Mototaxi_Electrica,7.0,86.85786570138131,-1.0,38.57381066477274
1,EV_B07_C030_Mototaxi_Electrica,6.0,86.85786570138131,-1.0,38.57381066477274
1,EV_B07_C030_Mototaxi_Electrica,5.0,86.85786570138131,-1.0,38.57381066477274
1,EV_B07_C030_Mototaxi_Electrica,4.0,86.85786570138131,-1.0,38.57381066477274
1,EV_B07_C030_Mototaxi_Electrica,3.0,86.85786570138131,-1.0,38.57381066477274
1,EV_B07_C030_Mototaxi_Electrica,2.0,86.85786570138131,-1.0,38.57381066477274
1,EV_B07_C030_Mototaxi_Electrica,1.0,86.85786570138131,-1.0,38.57381066477274
1,EV_B07_C030_Mototaxi_Electrica,0.0,86.85786570138131,-1.0,38.57381066477274
3,NONE,-1.0,-0.1,-1.0,-0.1
3,NONE,-1.0,-0.1,-1.0,-0.1
3,NONE,-1.0,-0.1,-1.0,-0.1
3,NONE,-1.0,-0.1,-1.0,-0.1
3,NONE,-1.0,-0.1,-1.0,-0.1
3,NONE,-1.0,-0.1,-1.0,-0.1
3,NONE,-1.0,-0.1,-1.0,-0.1
3,NONE,-1.0,-0.1,-1.0,-0.1
3,NONE,-1.0,-0.1,-1.0,-0.1
3,NONE,-1.0,-0.1,-1.0,-0.1
3,NONE,-1.0,-0.1,-1.0,-0.1
3,NONE,-1.0,-0.1,-1.0,-0.1
3,NONE,-1.0,-0.1,-1.0,-0.1
3,NONE,-1.0,-0.1,-1.0,-0.1
3,NONE,-1.0,-0.1,-1.0,-0.1
3,NONE,-1.0,-0.1,-1.0,-0.1
2,EV_B07_C030_Mototaxi_Electrica,-1.0,-0.1,8.0,42.443158015495925
1,EV_B07_C030_Mototaxi_Electrica,6.0,88.44907735384709,-1.0,42.443158015495925
1,EV_B07_C030_Mototaxi_Electrica,5.0,88.44907735384709,-1.0,42.443158015495925
1,EV_B07_C030_Mototaxi_Electrica,4.0,88.44907735384709,-1.0,42.443158015495925
1,EV_B07_C030_Mototaxi_Electrica,3.0,88.44907735384709,-1.0,42.443158015495925
1,EV_B07_C030_Mototaxi_Electrica,2.0,88.44907735384709,-1.0,42.443158015495925
1,EV_B07_C030_Mototaxi_Electrica,1.0,88.44907735384709,-1.0,42.443158015495925
1,EV_B07_C030_Mototaxi_Electrica,0.0,88.44907735384709,-1.0,42.443158015495925
3,NONE,-1.0,-0.1,-1.0,-0.1
3,NONE,-1.0,-0.1,-1.0,-0.1
3,NONE,-1.0,-0.1,-1.0,-0.1
3,NONE,-1.0,-0.1,-1.0,-0.1
3,NONE,-1.0,-0.1,-1.0,-0.1
3,NONE,-1.0,-0.1,-1.0,-0.1
3,NONE,-1.0,-0.1,-1.0,-0.1
3,NONE,-1.0,-0.1,-1.0,-0.1
3,NONE,-1.0,-0.1,-1.0,-0.1
3,NONE,-1.0,-0.1,-1.0,-0.1
3,NONE,-1.0,-0.1,-1.0,-0.1
3,NONE,-1.0,-0.1,-1.0,-0.1
3,NONE,-1.0,-0.1,-1.0,-0.1
3,NONE,-1.0,-0.1,-1.0,-0.1
3,NONE,-1.0,-0.1,-1.0,-0.1
3,NONE,-1.0,-0.1,-1.0,-0.1
3,NONE,-1.0,-0.1,-1.0,-0.1
3,NONE,-1.0,-0.1,-1.0,-0.1
3,NONE,-1.0,-0.1,-1.0,-0.1
3,NONE,-1.0,-0.1,-1.0,-0.1
3,NONE,-1.0,-0.1,-1.0,-0.1
3,NONE,-1.0,-0.1,-1.0,-0.1
3,NONE,-1.0,-0.1,-1.0,-0.1
3,NONE,-1.0,-0.1,-1.0,-0.1
3,NONE,-1.0,-0.1,-1.0,-0.1
3,NONE,-1.0,-0.1,-1.0,-0.1
3,NONE,-1.0,-0.1,-1.0,-0.1
3,NONE,-1.0,-0.1,-1.0,-0.1
3,NONE,-1.0,-0.1,-1.0,-0.1
3,NONE,-1.0,-0.1,-1.0,-0.1
3,NONE,-1.0,-0.1,-1.0,-0.1
3,NONE,-1.0,-0.1,-1.0,-0.1
3,NONE,-1.0,-0.1,-1.0,-0.1
3,NONE,-1.0,-0.1,-1.0,-0.1
3,NONE,-1.0,-0.1,-1.0,-0.1
3,NONE,-1.0,-0.1,-1.0,-0.1
3,NONE,-1.0,-0.1,-1.0,-0.1
3,NONE,-1.0,-0.1,-1.0,-0.1
3,NONE,-1.0,-0.1,-1.0,-0.1
3,NONE,-1.0,-0.1,-1.0,-0.1
3,NONE,-1.0,-0.1,-1.0,-0.1
3,NONE,-1.0,-0.1,-1.0,-0.1
3,NONE,-1.0,-0.1,-1.0,-0.1
3,NONE,-1.0,-0.1,-1.0,-0.1
3,NONE,-1.0,-0.1,-1.0,-0.1
3,NONE,-1.0,-0.1,-1.0,-0.1
3,NONE,-1.0,-0.1,-1.0,-0.1
3,NONE,-1.0,-0.1,-1.0,-0.1
3,NONE,-1.0,-0.1,-1.0,-0.1
3,NONE,-1.0,-0.1,-1.0,-0.1
3,NONE,-1.0,-0.1,-1.0,-0.1
3,NONE,-1.0,-0.1,-1.0,-0.1
3,NONE,-1.0,-0.1,-1.0,-0.1
3,NONE,-1.0,-0.1,-1.0,-0.1
3,NONE,-1.0,-0.1,-1.0,-0.1
3,NONE,-1.0,-0.1,-1.0,-0.1
3,NONE,-1.0,-0.1,-1.0,-0.1
3,NONE,-1.0,-0.1,-1.0,-0.1
3,NONE,-1.0,-0.1,-1.0,-0.1
3,NONE,-1.0,-0.1,-1.0,-0.1
3,NONE,-1.0,-0.1,-1.0,-0.1
3,NONE,-1.0,-0.1,-1.0,-0.1
3,NONE,-1.0,-0.1,-1.0,-0.1
3,NONE,-1.0,-0.1,-1.0,-0.1
2,EV_B07_C030_Mototaxi_Electrica,-1.0,-0.1,8.0,50.67776434574232
1,EV_B07_C030_Mototaxi_Electrica,6.0,87.28795957327894,-1.0,50.67776434574232
1,EV_B07_C030_Mototaxi_Electrica,5.0,87.28795957327894,-1.0,50.67776434574232
1,EV_B07_C030_Mototaxi_Electrica,4.0,87.28795957327894,-1.0,50.67776434574232
1,EV_B07_C030_Mototaxi_Electrica,3.0,87.28795957327894,-1.0,50.67776434574232
1,EV_B07_C030_Mototaxi_Electrica,2.0,87.28795957327894,-1.0,50.67776434574232
1,EV_B07_C030_Mototaxi_Electrica,1.0,87.28795957327894,-1.0,50.67776434574232
1,EV_B07_C030_Mototaxi_Electrica,0.0,87.28795957327894,-1.0,50.67776434574232
3,NONE,-1.0,-0.1,-1.0,-0.1
3,NONE,-1.0,-0.1,-1.0,-0.1
3,NONE,-1.0,-0.1,-1.0,-0.1
3,NONE,-1.0,-0.1,-1.0,-0.1
3,NONE,-1.0,-0.1,-1.0,-0.1
3,NONE,-1.0,-0.1,-1.0,-0.1
3,NONE,-1.0,-0.1,-1.0,-0.1
3,NONE,-1.0,-0.1,-1.0,-0.1
3,NONE,-1.0,-0.1,-1.0,-0.1
3,NONE,-1.0,-0.1,-1.0,-0.1
3,NONE,-1.0,-0.1,-1.0,-0.1
3,NONE,-1.0,-0.1,-1.0,-0.1
3,NONE,-1.0,-0.1,-1.0,-0.1
3,NONE,-1.0,-0.1,-1.0,-0.1
3,NONE,-1.0,-0.1,-1.0,-0.1
3,NONE,-1.0,-0.1,-1.0,-0.1
2,EV_B07_C030_Mototaxi_Electrica,-1.0,-0.1,8.0,25.282011901174144
1,EV_B07_C030_Mototaxi_Electrica,6.0,86.12566055573106,-1.0,25.282011901174144
1,EV_B07_C030_Mototaxi_Electrica,5.0,86.12566055573106,-1.0,25.282011901174144
1,EV_B07_C030_Mototaxi_Electrica,4.0,86.12566055573106,-1.0,25.282011901174144
1,EV_B07_C030_Mototaxi_Electrica,3.0,86.12566055573106,-1.0,25.282011901174144
1,EV_B07_C030_Mototaxi_Electrica,2.0,86.12566055573106,-1.0,25.282011901174144
1,EV_B07_C030_Mototaxi_Electrica,1.0,86.12566055573106,-1.0,25.282011901174144
1,EV_B07_C030_Mototaxi_Electrica,0.0,86.12566055573106,-1.0,25.282011901174144
3,NONE,-1.0,-0.1,-1.0,-0.1
3,NONE,-1.0,-0.1,-1.0,-0.1
3,NONE,-1.0,-0.1,-1.0,-0.1
3,NONE,-1.0,-0.1,-1.0,-0.1
3,NONE,-1.0,-0.1,-1.0,-0.1
3,NONE,-1.0,-0.1,-1.0,-0.1
3,NONE,-1.0,-0.1,-1.0,-0.1
3,NONE,-1.0,-0.1,-1.0,-0.1
3,NONE,-1.0,-0.1,-1.0,-0.1
3,NONE,-1.0,-0.1,-1.0,-0.1
3,NONE,-1.0,-0.1,-1.0,-0.1
3,NONE,-1.0,-0.1,-1.0,-0.1
3,NONE,-1.0,-0.1,-1.0,-0.1
3,NONE,-1.0,-0.1,-1.0,-0.1
3,NONE,-1.0,-0.1,-1.0,-0.1
3,NONE,-1.0,-0.1,-1.0,-0.1
3,NONE,-1.0,-0.1,-1.0,-0.1
3,NONE,-1.0,-0.1,-1.0,-0.1
3,NONE,-1.0,-0.1,-1.0,-0.1
3,NONE,-1.0,-0.1,-1.0,-0.1
3,NONE,-1.0,-0.1,-1.0,-0.1
3,NONE,-1.0,-0.1,-1.0,-0.1
3,NONE,-1.0,-0.1,-1.0,-0.1
3,NONE,-1.0,-0.1,-1.0,-0.1
3,NONE,-1.0,-0.1,-1.0,-0.1
3,NONE,-1.0,-0.1,-1.0,-0.1
3,NONE,-1.0,-0.1,-1.0,-0.1
3,NONE,-1.0,-0.1,-1.0,-0.1
3,NONE,-1.0,-0.1,-1.0,-0.1
3,NONE,-1.0,-0.1,-1.0,-0.1
3,NONE,-1.0,-0.1,-1.0,-0.1
3,NONE,-1.0,-0.1,-1.0,-0.1
3,NONE,-1.0,-0.1,-1.0,-0.1
3,NONE,-1.0,-0.1,-1.0,-0.1
3,NONE,-1.0,-0.1,-1.0,-0.1
3,NONE,-1.0,-0.1,-1.0,-0.1
3,NONE,-1.0,-0.1,-1.0,-0.1
3,NONE,-1.0,-0.1,-1.0,-0.1
3,NONE,-1.0,-0.1,-1.0,-0.1
3,NONE,-1.0,-0.1,-1.0,-0.1
3,NONE,-1.0,-0.1,-1.0,-0.1
3,NONE,-1.0,-0.1,-1.0,-0.1
3,NONE,-1.0,-0.1,-1.0,-0.1
3,NONE,-1.0,-0.1,-1.0,-0.1
3,NONE,-1.0,-0.1,-1.0,-0.1
3,NONE,-1.0,-0.1,-1.0,-0.1
3,NONE,-1.0,-0.1,-1.0,-0.1
3,NONE,-1.0,-0.1,-1.0,-0.1
3,NONE,-1.0,-0.1,-1.0,-0.1
3,NONE,-1.0,-0.1,-1.0,-0.1
3,NONE,-1.0,-0.1,-1.0,-0.1
3,NONE,-1.0,-0.1,-1.0,-0.1
3,NONE,-1.0,-0.1,-1.0,-0.1
3,NONE,-1.0,-0.1,-1.0,-0.1
3,NONE,-1.0,-0.1,-1.0,-0.1
3,NONE,-1.0,-0.1,-1.0,-0.1
3,NONE,-1.0,-0.1,-1.0,-0.1
3,NONE,-1.0,-0.1,-1.0,-0.1
3,NONE,-1.0,-0.1,-1.0,-0.1
3,NONE,-1.0,-0.1,-1.0,-0.1
3,NONE,-1.0,-0.1,-1.0,-0.1
3,NONE,-1.0,-0.1,-1.0,-0.1
3,NONE,-1.0,-0.1,-1.0,-0.1
2,EV_B07_C030_Mototaxi_Electrica,-1.0,-0.1,7.0,36.993693297658815
1,EV_B07_C030_Mototaxi_Electrica,7.0,85.74253272350106,-1.0,36.993693297658815
1,EV_B07_C030_Mototaxi_Electrica,6.0,85.74253272350106,-1.0,36.993693297658815
1,EV_B07_C030_Mototaxi_Electrica,5.0,85.74253272350106,-1.0,36.993693297658815
1,EV_B07_C030_Mototaxi_Electrica,4.0,85.74253272350106,-1.0,36.993693297658815
1,EV_B07_C030_Mototaxi_Electrica,3.0,85.74253272350106,-1.0,36.993693297658815
1,EV_B07_C030_Mototaxi_Electrica,2.0,85.74253272350106,-1.0,36.993693297658815
1,EV_B07_C030_Mototaxi_Electrica,1.0,85.74253272350106,-1.0,36.993693297658815
1,EV_B07_C030_Mototaxi_Electrica,0.0,85.74253272350106,-1.0,36.993693297658815
3,NONE,-1.0,-0.1,-1.0,-0.1
3,NONE,-1.0,-0.1,-1.0,-0.1
3,NONE,-1.0,-0.1,-1.0,-0.1
3,NONE,-1.0,-0.1,-1.0,-0.1
3,NONE,-1.0,-0.1,-1.0,-0.1
3,NONE,-1.0,-0.1,-1.0,-0.1
3,NONE,-1.0,-0.1,-1.0,-0.1
3,NONE,-1.0,-0.1,-1.0,-0.1
3,NONE,-1.0,-0.1,-1.0,-0.1
3,NONE,-1.0,-0.1,-1.0,-0.1
3,NONE,-1.0,-0.1,-1.0,-0.1
3,NONE,-1.0,-0.1,-1.0,-0.1
3,NONE,-1.0,-0.1,-1.0,-0.1
3,NONE,-1.0,-0.1,-1.0,-0.1
3,NONE,-1.0,-0.1,-1.0,-0.1
3,NONE,-1.0,-0.1,-1.0,-0.1
3,NONE,-1.0,-0.1,-1.0,-0.1
3,NONE,-1.0,-0.1,-1.0,-0.1
3,NONE,-1.0,-0.1,-1.0,-0.1
3,NONE,-1.0,-0.1,-1.0,-0.1
3,NONE,-1.0,-0.1,-1.0,-0.1
3,NONE,-1.0,-0.1,-1.0,-0.1
3,NONE,-1.0,-0.1,-1.0,-0.1
3,NONE,-1.0,-0.1,-1.0,-0.1
3,NONE,-1.0,-0.1,-1.0,-0.1
3,NONE,-1.0,-0.1,-1.0,-0.1
3,NONE,-1.0,-0.1,-1.0,-0.1
3,NONE,-1.0,-0.1,-1.0,-0.1
3,NONE,-1.0,-0.1,-1.0,-0.1
3,NONE,-1.0,-0.1,-1.0,-0.1
3,NONE,-1.0,-0.1,-1.0,-0.1
3,NONE,-1.0,-0.1,-1.0,-0.1
3,NONE,-1.0,-0.1,-1.0,-0.1
3,NONE,-1.0,-0.1,-1.0,-0.1
3,NONE,-1.0,-0.1,-1.0,-0.1
3,NONE,-1.0,-0.1,-1.0,-0.1
3,NONE,-1.0,-0.1,-1.0,-0.1
3,NONE,-1.0,-0.1,-1.0,-0.1
3,NONE,-1.0,-0.1,-1.0,-0.1
3,NONE,-1.0,-0.1,-1.0,-0.1
3,NONE,-1.0,-0.1,-1.0,-0.1
3,NONE,-1.0,-0.1,-1.0,-0.1
3,NONE,-1.0,-0.1,-1.0,-0.1
3,NONE,-1.0,-0.1,-1.0,-0.1
3,NONE,-1.0,-0.1,-1.0,-0.1
3,NONE,-1.0,-0.1,-1.0,-0.1
3,NONE,-1.0,-0.1,-1.0,-0.1
3,NONE,-1.0,-0.1,-1.0,-0.1
3,NONE,-1.0,-0.1,-1.0,-0.1
3,NONE,-1.0,-0.1,-1.0,-0.1
3,NONE,-1.0,-0.1,-1.0,-0.1
3,NONE,-1.0,-0.1,-1.0,-0.1
3,NONE,-1.0,-0.1,-1.0,-0.1
3,NONE,-1.0,-0.1,-1.0,-0.1
3,NONE,-1.0,-0.1,-1.0,-0.1
3,NONE,-1.0,-0.1,-1.0,-0.1
3,NONE,-1.0,-0.1,-1.0,-0.1
3,NONE,-1.0,-0.1,-1.0,-0.1
3,NONE,-1.0,-0.1,-1.0,-0.1
3,NONE,-1.0,-0.1,-1.0,-0.1
3,NONE,-1.0,-0.1,-1.0,-0.1
3,NONE,-1.0,-0.1,-1.0,-0.1
3,NONE,-1.0,-0.1,-1.0,-0.1
3,NONE,-1.0,-0.1,-1.0,-0.1
2,EV_B07_C030_Mototaxi_Electrica,-1.0,-0.1,8.0,22.921261196825185
1,EV_B07_C030_Mototaxi_Electrica,6.0,79.78106364755803,-1.0,22.921261196825185
1,EV_B07_C030_Mototaxi_Electrica,5.0,79.78106364755803,-1.0,22.921261196825185
1,EV_B07_C030_Mototaxi_Electrica,4.0,79.78106364755803,-1.0,22.921261196825185
1,EV_B07_C030_Mototaxi_Electrica,3.0,79.78106364755803,-1.0,22.921261196825185
1,EV_B07_C030_Mototaxi_Electrica,2.0,79.78106364755803,-1.0,22.921261196825185
1,EV_B07_C030_Mototaxi_Electrica,1.0,79.78106364755803,-1.0,22.921261196825185
1,EV_B07_C030_Mototaxi_Electrica,0.0,79.78106364755803,-1.0,22.921261196825185
3,NONE,-1.0,-0.1,-1.0,-0.1
3,NONE,-1.0,-0.1,-1.0,-0.1
3,NONE,-1.0,-0.1,-1.0,-0.1
3,NONE,-1.0,-0.1,-1.0,-0.1
3,NONE,-1.0,-0.1,-1.0,-0.1
3,NONE,-1.0,-0.1,-1.0,-0.1
3,NONE,-1.0,-0.1,-1.0,-0.1
3,NONE,-1.0,-0.1,-1.0,-0.1
3,NONE,-1.0,-0.1,-1.0,-0.1
3,NONE,-1.0,-0.1,-1.0,-0.1
3,NONE,-1.0,-0.1,-1.0,-0.1
3,NONE,-1.0,-0.1,-1.0,-0.1
3,NONE,-1.0,-0.1,-1.0,-0.1
3,NONE,-1.0,-0.1,-1.0,-0.1
3,NONE,-1.0,-0.1,-1.0,-0.1
3,NONE,-1.0,-0.1,-1.0,-0.1
3,NONE,-1.0,-0.1,-1.0,-0.1
3,NONE,-1.0,-0.1,-1.0,-0.1
3,NONE,-1.0,-0.1,-1.0,-0.1
3,NONE,-1.0,-0.1,-1.0,-0.1
3,NONE,-1.0,-0.1,-1.0,-0.1
3,NONE,-1.0,-0.1,-1.0,-0.1
3,NONE,-1.0,-0.1,-1.0,-0.1
3,NONE,-1.0,-0.1,-1.0,-0.1
3,NONE,-1.0,-0.1,-1.0,-0.1
3,NONE,-1.0,-0.1,-1.0,-0.1
3,NONE,-1.0,-0.1,-1.0,-0.1
3,NONE,-1.0,-0.1,-1.0,-0.1
3,NONE,-1.0,-0.1,-1.0,-0.1
3,NONE,-1.0,-0.1,-1.0,-0.1
3,NONE,-1.0,-0.1,-1.0,-0.1
3,NONE,-1.0,-0.1,-1.0,-0.1
3,NONE,-1.0,-0.1,-1.0,-0.1
3,NONE,-1.0,-0.1,-1.0,-0.1
3,NONE,-1.0,-0.1,-1.0,-0.1
3,NONE,-1.0,-0.1,-1.0,-0.1
3,NONE,-1.0,-0.1,-1.0,-0.1
3,NONE,-1.0,-0.1,-1.0,-0.1
3,NONE,-1.0,-0.1,-1.0,-0.1
2,EV_B07_C030_Mototaxi_Electrica,-1.0,-0.1,7.0,47.340990272139514
1,EV_B07_C030_Mototaxi_Electrica,7.0,75.43113786801074,-1.0,47.340990272139514
1,EV_B07_C030_Mototaxi_Electrica,6.0,75.43113786801074,-1.0,47.340990272139514
1,EV_B07_C030_Mototaxi_Electrica,5.0,75.43113786801074,-1.0,47.340990272139514
1,EV_B07_C030_Mototaxi_Electrica,4.0,75.43113786801074,-1.0,47.340990272139514
1,EV_B07_C030_Mototaxi_Electrica,3.0,75.43113786801074,-1.0,47.340990272139514
1,EV_B07_C030_Mototaxi_Electrica,2.0,75.43113786801074,-1.0,47.340990272139514
1,EV_B07_C030_Mototaxi_Electrica,1.0,75.43113786801074,-1.0,47.340990272139514
1,EV_B07_C030_Mototaxi_Electrica,0.0,75.43113786801074,-1.0,47.340990272139514
3,NONE,-1.0,-0.1,-1.0,-0.1
3,NONE,-1.0,-0.1,-1.0,-0.1
3,NONE,-1.0,-0.1,-1.0,-0.1
3,NONE,-1.0,-0.1,-1.0,-0.1
3,NONE,-1.0,-0.1,-1.0,-0.1
3,NONE,-1.0,-0.1,-1.0,-0.1
3,NONE,-1.0,-0.1,-1.0,-0.1
3,NONE,-1.0,-0.1,-1.0,-0.1
3,NONE,-1.0,-0.1,-1.0,-0.1
3,NONE,-1.0,-0.1,-1.0,-0.1
3,NONE,-1.0,-0.1,-1.0,-0.1
3,NONE,-1.0,-0.1,-1.0,-0.1
3,NONE,-1.0,-0.1,-1.0,-0.1
3,NONE,-1.0,-0.1,-1.0,-0.1
3,NONE,-1.0,-0.1,-1.0,-0.1
3,NONE,-1.0,-0.1,-1.0,-0.1
3,NONE,-1.0,-0.1,-1.0,-0.1
3,NONE,-1.0,-0.1,-1.0,-0.1
2,EV_B07_C030_Mototaxi_Electrica,-1.0,-0.1,10.0,32.0438196352063
1,EV_B07_C030_Mototaxi_Electrica,4.0,79.26934757856706,-1.0,32.0438196352063
1,EV_B07_C030_Mototaxi_Electrica,3.0,79.26934757856706,-1.0,32.0438196352063
1,EV_B07_C030_Mototaxi_Electrica,2.0,79.26934757856706,-1.0,32.0438196352063
1,EV_B07_C030_Mototaxi_Electrica,1.0,79.26934757856706,-1.0,32.0438196352063
1,EV_B07_C030_Mototaxi_Electrica,0.0,79.26934757856706,-1.0,32.0438196352063
3,NONE,-1.0,-0.1,-1.0,-0.1
3,NONE,-1.0,-0.1,-1.0,-0.1
3,NONE,-1.0,-0.1,-1.0,-0.1
3,NONE,-1.0,-0.1,-1.0,-0.1
3,NONE,-1.0,-0.1,-1.0,-0.1
3,NONE,-1.0,-0.1,-1.0,-0.1
3,NONE,-1.0,-0.1,-1.0,-0.1
3,NONE,-1.0,-0.1,-1.0,-0.1
3,NONE,-1.0,-0.1,-1.0,-0.1
3,NONE,-1.0,-0.1,-1.0,-0.1
3,NONE,-1.0,-0.1,-1.0,-0.1
3,NONE,-1.0,-0.1,-1.0,-0.1
3,NONE,-1.0,-0.1,-1.0,-0.1
3,NONE,-1.0,-0.1,-1.0,-0.1
3,NONE,-1.0,-0.1,-1.0,-0.1
3,NONE,-1.0,-0.1,-1.0,-0.1
3,NONE,-1.0,-0.1,-1.0,-0.1
3,NONE,-1.0,-0.1,-1.0,-0.1
3,NONE,-1.0,-0.1,-1.0,-0.1
3,NONE,-1.0,-0.1,-1.0,-0.1
3,NONE,-1.0,-0.1,-1.0,-0.1
3,NONE,-1.0,-0.1,-1.0,-0.1
3,NONE,-1.0,-0.1,-1.0,-0.1
3,NONE,-1.0,-0.1,-1.0,-0.1
3,NONE,-1.0,-0.1,-1.0,-0.1
3,NONE,-1.0,-0.1,-1.0,-0.1
3,NONE,-1.0,-0.1,-1.0,-0.1
3,NONE,-1.0,-0.1,-1.0,-0.1
3,NONE,-1.0,-0.1,-1.0,-0.1
3,NONE,-1.0,-0.1,-1.0,-0.1
3,NONE,-1.0,-0.1,-1.0,-0.1
3,NONE,-1.0,-0.1,-1.0,-0.1
3,NONE,-1.0,-0.1,-1.0,-0.1
3,NONE,-1.0,-0.1,-1.0,-0.1
3,NONE,-1.0,-0.1,-1.0,-0.1
3,NONE,-1.0,-0.1,-1.0,-0.1
3,NONE,-1.0,-0.1,-1.0,-0.1
3,NONE,-1.0,-0.1,-1.0,-0.1
3,NONE,-1.0,-0.1,-1.0,-0.1
3,NONE,-1.0,-0.1,-1.0,-0.1
3,NONE,-1.0,-0.1,-1.0,-0.1
3,NONE,-1.0,-0.1,-1.0,-0.1
3,NONE,-1.0,-0.1,-1.0,-0.1
3,NONE,-1.0,-0.1,-1.0,-0.1
3,NONE,-1.0,-0.1,-1.0,-0.1
3,NONE,-1.0,-0.1,-1.0,-0.1
3,NONE,-1.0,-0.1,-1.0,-0.1
3,NONE,-1.0,-0.1,-1.0,-0.1
3,NONE,-1.0,-0.1,-1.0,-0.1
3,NONE,-1.0,-0.1,-1.0,-0.1
3,NONE,-1.0,-0.1,-1.0,-0.1
3,NONE,-1.0,-0.1,-1.0,-0.1
3,NONE,-1.0,-0.1,-1.0,-0.1
3,NONE,-1.0,-0.1,-1.0,-0.1
3,NONE,-1.0,-0.1,-1.0,-0.1
3,NONE,-1.0,-0.1,-1.0,-0.1
3,NONE,-1.0,-0.1,-1.0,-0.1
3,NONE,-1.0,-0.1,-1.0,-0.1
3,NONE,-1.0,-0.1,-1.0,-0.1
3,NONE,-1.0,-0.1,-1.0,-0.1
3,NONE,-1.0,-0.1,-1.0,-0.1
3,NONE,-1.0,-0.1,-1.0,-0.1
3,NONE,-1.0,-0.1,-1.0,-0.1
3,NONE,-1.0,-0.1,-1.0,-0.1
3,NONE,-1.0,-0.1,-1.0,-0.1
3,NONE,-1.0,-0.1,-1.0,-0.1
3,NONE,-1.0,-0.1,-1.0,-0.1
3,NONE,-1.0,-0.1,-1.0,-0.1
3,NONE,-1.0,-0.1,-1.0,-0.1
3,NONE,-1.0,-0.1,-1.0,-0.1
3,NONE,-1.0,-0.1,-1.0,-0.1
3,NONE,-1.0,-0.1,-1.0,-0.1
3,NONE,-1.0,-0.1,-1.0,-0.1
3,NONE,-1.0,-0.1,-1.0,-0.1
3,NONE,-1.0,-0.1,-1.0,-0.1
3,NONE,-1.0,-0.1,-1.0,-0.1
3,NONE,-1.0,-0.1,-1.0,-0.1
3,NONE,-1.0,-0.1,-1.0,-0.1
3,NONE,-1.0,-0.1,-1.0,-0.1
3,NONE,-1.0,-0.1,-1.0,-0.1
3,NONE,-1.0,-0.1,-1.0,-0.1
3,NONE,-1.0,-0.1,-1.0,-0.1
3,NONE,-1.0,-0.1,-1.0,-0.1
3,NONE,-1.0,-0.1,-1.0,-0.1
3,NONE,-1.0,-0.1,-1.0,-0.1
3,NONE,-1.0,-0.1,-1.0,-0.1
3,NONE,-1.0,-0.1,-1.0,-0.1
3,NONE,-1.0,-0.1,-1.0,-0.1
3,NONE,-1.0,-0.1,-1.0,-0.1
2,EV_B07_C030_Mototaxi_Electrica,-1.0,-0.1,9.0,38.733116201502796
1,EV_B07_C030_Mototaxi_Electrica,5.0,82.83340629372218,-1.0,38.733116201502796
1,EV_B07_C030_Mototaxi_Electrica,4.0,82.83340629372218,-1.0,38.733116201502796
1,EV_B07_C030_Mototaxi_Electrica,3.0,82.83340629372218,-1.0,38.733116201502796
1,EV_B07_C030_Mototaxi_Electrica,2.0,82.83340629372218,-1.0,38.733116201502796
1,EV_B07_C030_Mototaxi_Electrica,1.0,82.83340629372218,-1.0,38.733116201502796
1,EV_B07_C030_Mototaxi_Electrica,0.0,82.83340629372218,-1.0,38.733116201502796
3,NONE,-1.0,-0.1,-1.0,-0.1
3,NONE,-1.0,-0.1,-1.0,-0.1
3,NONE,-1.0,-0.1,-1.0,-0.1
3,NONE,-1.0,-0.1,-1.0,-0.1
3,NONE,-1.0,-0.1,-1.0,-0.1
3,NONE,-1.0,-0.1,-1.0,-0.1
3,NONE,-1.0,-0.1,-1.0,-0.1
3,NONE,-1.0,-0.1,-1.0,-0.1
3,NONE,-1.0,-0.1,-1.0,-0.1
3,NONE,-1.0,-0.1,-1.0,-0.1
3,NONE,-1.0,-0.1,-1.0,-0.1
3,NONE,-1.0,-0.1,-1.0,-0.1
3,NONE,-1.0,-0.1,-1.0,-0.1
3,NONE,-1.0,-0.1,-1.0,-0.1
3,NONE,-1.0,-0.1,-1.0,-0.1
3,NONE,-1.0,-0.1,-1.0,-0.1
2,EV_B07_C030_Mototaxi_Electrica,-1.0,-0.1,8.0,43.105381900253235
1,EV_B07_C030_Mototaxi_Electrica,6.0,79.6897559211993,-1.0,43.105381900253235
1,EV_B07_C030_Mototaxi_Electrica,5.0,79.6897559211993,-1.0,43.105381900253235
1,EV_B07_C030_Mototaxi_Electrica,4.0,79.6897559211993,-1.0,43.105381900253235
1,EV_B07_C030_Mototaxi_Electrica,3.0,79.6897559211993,-1.0,43.105381900253235
1,EV_B07_C030_Mototaxi_Electrica,2.0,79.6897559211993,-1.0,43.105381900253235
1,EV_B07_C030_Mototaxi_Electrica,1.0,79.6897559211993,-1.0,43.105381900253235
1,EV_B07_C030_Mototaxi_Electrica,0.0,79.6897559211993,-1.0,43.105381900253235
3,NONE,-1.0,-0.1,-1.0,-0.1
3,NONE,-1.0,-0.1,-1.0,-0.1
3,NONE,-1.0,-0.1,-1.0,-0.1
3,NONE,-1.0,-0.1,-1.0,-0.1
3,NONE,-1.0,-0.1,-1.0,-0.1
3,NONE,-1.0,-0.1,-1.0,-0.1
3,NONE,-1.0,-0.1,-1.0,-0.1
3,NONE,-1.0,-0.1,-1.0,-0.1
3,NONE,-1.0,-0.1,-1.0,-0.1
3,NONE,-1.0,-0.1,-1.0,-0.1
3,NONE,-1.0,-0.1,-1.0,-0.1
3,NONE,-1.0,-0.1,-1.0,-0.1
3,NONE,-1.0,-0.1,-1.0,-0.1
3,NONE,-1.0,-0.1,-1.0,-0.1
3,NONE,-1.0,-0.1,-1.0,-0.1
3,NONE,-1.0,-0.1,-1.0,-0.1
2,EV_B07_C030_Mototaxi_Electrica,-1.0,-0.1,8.0,42.778826998865185
1,EV_B07_C030_Mototaxi_Electrica,6.0,83.12767494340817,-1.0,42.778826998865185
1,EV_B07_C030_Mototaxi_Electrica,5.0,83.12767494340817,-1.0,42.778826998865185
1,EV_B07_C030_Mototaxi_Electrica,4.0,83.12767494340817,-1.0,42.778826998865185
1,EV_B07_C030_Mototaxi_Electrica,3.0,83.12767494340817,-1.0,42.778826998865185
1,EV_B07_C030_Mototaxi_Electrica,2.0,83.12767494340817,-1.0,42.778826998865185
1,EV_B07_C030_Mototaxi_Electrica,1.0,83.12767494340817,-1.0,42.778826998865185
1,EV_B07_C030_Mototaxi_Electrica,0.0,83.12767494340817,-1.0,42.778826998865185
3,NONE,-1.0,-0.1,-1.0,-0.1
3,NONE,-1.0,-0.1,-1.0,-0.1
3,NONE,-1.0,-0.1,-1.0,-0.1
3,NONE,-1.0,-0.1,-1.0,-0.1
3,NONE,-1.0,-0.1,-1.0,-0.1
3,NONE,-1.0,-0.1,-1.0,-0.1
3,NONE,-1.0,-0.1,-1.0,-0.1
3,NONE,-1.0,-0.1,-1.0,-0.1
3,NONE,-1.0,-0.1,-1.0,-0.1
3,NONE,-1.0,-0.1,-1.0,-0.1
3,NONE,-1.0,-0.1,-1.0,-0.1
3,NONE,-1.0,-0.1,-1.0,-0.1
3,NONE,-1.0,-0.1,-1.0,-0.1
3,NONE,-1.0,-0.1,-1.0,-0.1
3,NONE,-1.0,-0.1,-1.0,-0.1
3,NONE,-1.0,-0.1,-1.0,-0.1
2,EV_B07_C030_Mototaxi_Electrica,-1.0,-0.1,8.0,24.129819227843736
1,EV_B07_C030_Mototaxi_Electrica,6.0,80.58338336701,-1.0,24.129819227843736
1,EV_B07_C030_Mototaxi_Electrica,5.0,80.58338336701,-1.0,24.129819227843736
1,EV_B07_C030_Mototaxi_Electrica,4.0,80.58338336701,-1.0,24.129819227843736
1,EV_B07_C030_Mototaxi_Electrica,3.0,80.58338336701,-1.0,24.129819227843736
1,EV_B07_C030_Mototaxi_Electrica,2.0,80.58338336701,-1.0,24.129819227843736
1,EV_B07_C030_Mototaxi_Electrica,1.0,80.58338336701,-1.0,24.129819227843736
1,EV_B07_C030_Mototaxi_Electrica,0.0,80.58338336701,-1.0,24.129819227843736
3,NONE,-1.0,-0.1,-1.0,-0.1
3,NONE,-1.0,-0.1,-1.0,-0.1
3,NONE,-1.0,-0.1,-1.0,-0.1
3,NONE,-1.0,-0.1,-1.0,-0.1
3,NONE,-1.0,-0.1,-1.0,-0.1
3,NONE,-1.0,-0.1,-1.0,-0.1
3,NONE,-1.0,-0.1,-1.0,-0.1
3,NONE,-1.0,-0.1,-1.0,-0.1
3,NONE,-1.0,-0.1,-1.0,-0.1
3,NONE,-1.0,-0.1,-1.0,-0.1
3,NONE,-1.0,-0.1,-1.0,-0.1
3,NONE,-1.0,-0.1,-1.0,-0.1
3,NONE,-1.0,-0.1,-1.0,-0.1
3,NONE,-1.0,-0.1,-1.0,-0.1
3,NONE,-1.0,-0.1,-1.0,-0.1
3,NONE,-1.0,-0.1,-1.0,-0.1
3,NONE,-1.0,-0.1,-1.0,-0.1
2,EV_B07_C030_Mototaxi_Electrica,-1.0,-0.1,9.0,27.786692393155015
1,EV_B07_C030_Mototaxi_Electrica,5.0,93.99932487081017,-1.0,27.786692393155015
1,EV_B07_C030_Mototaxi_Electrica,4.0,93.99932487081017,-1.0,27.786692393155015
1,EV_B07_C030_Mototaxi_Electrica,3.0,93.99932487081017,-1.0,27.786692393155015
1,EV_B07_C030_Mototaxi_Electrica,2.0,93.99932487081017,-1.0,27.786692393155015
1,EV_B07_C030_Mototaxi_Electrica,1.0,93.99932487081017,-1.0,27.786692393155015
1,EV_B07_C030_Mototaxi_Electrica,0.0,93.99932487081017,-1.0,27.786692393155015
3,NONE,-1.0,-0.1,-1.0,-0.1
3,NONE,-1.0,-0.1,-1.0,-0.1
3,NONE,-1.0,-0.1,-1.0,-0.1
3,NONE,-1.0,-0.1,-1.0,-0.1
3,NONE,-1.0,-0.1,-1.0,-0.1
3,NONE,-1.0,-0.1,-1.0,-0.1
3,NONE,-1.0,-0.1,-1.0,-0.1
3,NONE,-1.0,-0.1,-1.0,-0.1
3,NONE,-1.0,-0.1,-1.0,-0.1
3,NONE,-1.0,-0.1,-1.0,-0.1
3,NONE,-1.0,-0.1,-1.0,-0.1
3,NONE,-1.0,-0.1,-1.0,-0.1
3,NONE,-1.0,-0.1,-1.0,-0.1
3,NONE,-1.0,-0.1,-1.0,-0.1
3,NONE,-1.0,-0.1,-1.0,-0.1
3,NONE,-1.0,-0.1,-1.0,-0.1
3,NONE,-1.0,-0.1,-1.0,-0.1
3,NONE,-1.0,-0.1,-1.0,-0.1
3,NONE,-1.0,-0.1,-1.0,-0.1
3,NONE,-1.0,-0.1,-1.0,-0.1
3,NONE,-1.0,-0.1,-1.0,-0.1
3,NONE,-1.0,-0.1,-1.0,-0.1
3,NONE,-1.0,-0.1,-1.0,-0.1
3,NONE,-1.0,-0.1,-1.0,-0.1
3,NONE,-1.0,-0.1,-1.0,-0.1
3,NONE,-1.0,-0.1,-1.0,-0.1
3,NONE,-1.0,-0.1,-1.0,-0.1
3,NONE,-1.0,-0.1,-1.0,-0.1
3,NONE,-1.0,-0.1,-1.0,-0.1
3,NONE,-1.0,-0.1,-1.0,-0.1
3,NONE,-1.0,-0.1,-1.0,-0.1
3,NONE,-1.0,-0.1,-1.0,-0.1
3,NONE,-1.0,-0.1,-1.0,-0.1
3,NONE,-1.0,-0.1,-1.0,-0.1
3,NONE,-1.0,-0.1,-1.0,-0.1
3,NONE,-1.0,-0.1,-1.0,-0.1
3,NONE,-1.0,-0.1,-1.0,-0.1
3,NONE,-1.0,-0.1,-1.0,-0.1
3,NONE,-1.0,-0.1,-1.0,-0.1
3,NONE,-1.0,-0.1,-1.0,-0.1
3,NONE,-1.0,-0.1,-1.0,-0.1
3,NONE,-1.0,-0.1,-1.0,-0.1
3,NONE,-1.0,-0.1,-1.0,-0.1
3,NONE,-1.0,-0.1,-1.0,-0.1
3,NONE,-1.0,-0.1,-1.0,-0.1
3,NONE,-1.0,-0.1,-1.0,-0.1
3,NONE,-1.0,-0.1,-1.0,-0.1
3,NONE,-1.0,-0.1,-1.0,-0.1
3,NONE,-1.0,-0.1,-1.0,-0.1
3,NONE,-1.0,-0.1,-1.0,-0.1
3,NONE,-1.0,-0.1,-1.0,-0.1
3,NONE,-1.0,-0.1,-1.0,-0.1
3,NONE,-1.0,-0.1,-1.0,-0.1
3,NONE,-1.0,-0.1,-1.0,-0.1
3,NONE,-1.0,-0.1,-1.0,-0.1
3,NONE,-1.0,-0.1,-1.0,-0.1
3,NONE,-1.0,-0.1,-1.0,-0.1
3,NONE,-1.0,-0.1,-1.0,-0.1
3,NONE,-1.0,-0.1,-1.0,-0.1
3,NONE,-1.0,-0.1,-1.0,-0.1
3,NONE,-1.0,-0.1,-1.0,-0.1
3,NONE,-1.0,-0.1,-1.0,-0.1
3,NONE,-1.0,-0.1,-1.0,-0.1
3,NONE,-1.0,-0.1,-1.0,-0.1
3,NONE,-1.0,-0.1,-1.0,-0.1
3,NONE,-1.0,-0.1,-1.0,-0.1
3,NONE,-1.0,-0.1,-1.0,-0.1
3,NONE,-1.0,-0.1,-1.0,-0.1
3,NONE,-1.0,-0.1,-1.0,-0.1
3,NONE,-1.0,-0.1,-1.0,-0.1
3,NONE,-1.0,-0.1,-1.0,-0.1
3,NONE,-1.0,-0.1,-1.0,-0.1
3,NONE,-1.0,-0.1,-1.0,-0.1
3,NONE,-1.0,-0.1,-1.0,-0.1
3,NONE,-1.0,-0.1,-1.0,-0.1
3,NONE,-1.0,-0.1,-1.0,-0.1
3,NONE,-1.0,-0.1,-1.0,-0.1
3,NONE,-1.0,-0.1,-1.0,-0.1
3,NONE,-1.0,-0.1,-1.0,-0.1
3,NONE,-1.0,-0.1,-1.0,-0.1
3,NONE,-1.0,-0.1,-1.0,-0.1
3,NONE,-1.0,-0.1,-1.0,-0.1
3,NONE,-1.0,-0.1,-1.0,-0.1
3,NONE,-1.0,-0.1,-1.0,-0.1
3,NONE,-1.0,-0.1,-1.0,-0.1
3,NONE,-1.0,-0.1,-1.0,-0.1
3,NONE,-1.0,-0.1,-1.0,-0.1
3,NONE,-1.0,-0.1,-1.0,-0.1
3,NONE,-1.0,-0.1,-1.0,-0.1
3,NONE,-1.0,-0.1,-1.0,-0.1
3,NONE,-1.0,-0.1,-1.0,-0.1
3,NONE,-1.0,-0.1,-1.0,-0.1
3,NONE,-1.0,-0.1,-1.0,-0.1
3,NONE,-1.0,-0.1,-1.0,-0.1
3,NONE,-1.0,-0.1,-1.0,-0.1
3,NONE,-1.0,-0.1,-1.0,-0.1
3,NONE,-1.0,-0.1,-1.0,-0.1
3,NONE,-1.0,-0.1,-1.0,-0.1
3,NONE,-1.0,-0.1,-1.0,-0.1
3,NONE,-1.0,-0.1,-1.0,-0.1
3,NONE,-1.0,-0.1,-1.0,-0.1
3,NONE,-1.0,-0.1,-1.0,-0.1
3,NONE,-1.0,-0.1,-1.0,-0.1
3,NONE,-1.0,-0.1,-1.0,-0.1
3,NONE,-1.0,-0.1,-1.0,-0.1
3,NONE,-1.0,-0.1,-1.0,-0.1
3,NONE,-1.0,-0.1,-1.0,-0.1
3,NONE,-1.0,-0.1,-1.0,-0.1
3,NONE,-1.0,-0.1,-1.0,-0.1
3,NONE,-1.0,-0.1,-1.0,-0.1
3,NONE,-1.0,-0.1,-1.0,-0.1
2,EV_B07_C030_Mototaxi_Electrica,-1.0,-0.1,7.0,27.794219011055304
1,EV_B07_C030_Mototaxi_Electrica,7.0,83.06807719662251,-1.0,27.794219011055304
1,EV_B07_C030_Mototaxi_Electrica,6.0,83.06807719662251,-1.0,27.794219011055304
1,EV_B07_C030_Mototaxi_Electrica,5.0,83.06807719662251,-1.0,27.794219011055304
1,EV_B07_C030_Mototaxi_Electrica,4.0,83.06807719662251,-1.0,27.794219011055304
1,EV_B07_C030_Mototaxi_Electrica,3.0,83.06807719662251,-1.0,27.794219011055304
1,EV_B07_C030_Mototaxi_Electrica,2.0,83.06807719662251,-1.0,27.794219011055304
1,EV_B07_C030_Mototaxi_Electrica,1.0,83.06807719662251,-1.0,27.794219011055304
1,EV_B07_C030_Mototaxi_Electrica,0.0,83.06807719662251,-1.0,27.794219011055304
3,NONE,-1.0,-0.1,-1.0,-0.1
3,NONE,-1.0,-0.1,-1.0,-0.1
3,NONE,-1.0,-0.1,-1.0,-0.1
3,NONE,-1.0,-0.1,-1.0,-0.1
3,NONE,-1.0,-0.1,-1.0,-0.1
3,NONE,-1.0,-0.1,-1.0,-0.1
3,NONE,-1.0,-0.1,-1.0,-0.1
3,NONE,-1.0,-0.1,-1.0,-0.1
3,NONE,-1.0,-0.1,-1.0,-0.1
3,NONE,-1.0,-0.1,-1.0,-0.1
3,NONE,-1.0,-0.1,-1.0,-0.1
3,NONE,-1.0,-0.1,-1.0,-0.1
3,NONE,-1.0,-0.1,-1.0,-0.1
3,NONE,-1.0,-0.1,-1.0,-0.1
3,NONE,-1.0,-0.1,-1.0,-0.1
3,NONE,-1.0,-0.1,-1.0,-0.1
3,NONE,-1.0,-0.1,-1.0,-0.1
3,NONE,-1.0,-0.1,-1.0,-0.1
2,EV_B07_C030_Mototaxi_Electrica,-1.0,-0.1,10.0,35.64028339040256
1,EV_B07_C030_Mototaxi_Electrica,4.0,73.4229202771006,-1.0,35.64028339040256
1,EV_B07_C030_Mototaxi_Electrica,3.0,73.4229202771006,-1.0,35.64028339040256
1,EV_B07_C030_Mototaxi_Electrica,2.0,73.4229202771006,-1.0,35.64028339040256
1,EV_B07_C030_Mototaxi_Electrica,1.0,73.4229202771006,-1.0,35.64028339040256
1,EV_B07_C030_Mototaxi_Electrica,0.0,73.4229202771006,-1.0,35.64028339040256
3,NONE,-1.0,-0.1,-1.0,-0.1
3,NONE,-1.0,-0.1,-1.0,-0.1
3,NONE,-1.0,-0.1,-1.0,-0.1
3,NONE,-1.0,-0.1,-1.0,-0.1
3,NONE,-1.0,-0.1,-1.0,-0.1
3,NONE,-1.0,-0.1,-1.0,-0.1
3,NONE,-1.0,-0.1,-1.0,-0.1
3,NONE,-1.0,-0.1,-1.0,-0.1
3,NONE,-1.0,-0.1,-1.0,-0.1
3,NONE,-1.0,-0.1,-1.0,-0.1
3,NONE,-1.0,-0.1,-1.0,-0.1
3,NONE,-1.0,-0.1,-1.0,-0.1
3,NONE,-1.0,-0.1,-1.0,-0.1
3,NONE,-1.0,-0.1,-1.0,-0.1
3,NONE,-1.0,-0.1,-1.0,-0.1
3,NONE,-1.0,-0.1,-1.0,-0.1
2,EV_B07_C030_Mototaxi_Electrica,-1.0,-0.1,8.0,33.92711004302969
1,EV_B07_C030_Mototaxi_Electrica,6.0,79.8497903202266,-1.0,33.92711004302969
1,EV_B07_C030_Mototaxi_Electrica,5.0,79.8497903202266,-1.0,33.92711004302969
1,EV_B07_C030_Mototaxi_Electrica,4.0,79.8497903202266,-1.0,33.92711004302969
1,EV_B07_C030_Mototaxi_Electrica,3.0,79.8497903202266,-1.0,33.92711004302969
1,EV_B07_C030_Mototaxi_Electrica,2.0,79.8497903202266,-1.0,33.92711004302969
1,EV_B07_C030_Mototaxi_Electrica,1.0,79.8497903202266,-1.0,33.92711004302969
1,EV_B07_C030_Mototaxi_Electrica,0.0,79.8497903202266,-1.0,33.92711004302969
3,NONE,-1.0,-0.1,-1.0,-0.1
3,NONE,-1.0,-0.1,-1.0,-0.1
3,NONE,-1.0,-0.1,-1.0,-0.1
3,NONE,-1.0,-0.1,-1.0,-0.1
3,NONE,-1.0,-0.1,-1.0,-0.1
3,NONE,-1.0,-0.1,-1.0,-0.1
3,NONE,-1.0,-0.1,-1.0,-0.1
3,NONE,-1.0,-0.1,-1.0,-0.1
3,NONE,-1.0,-0.1,-1.0,-0.1
3,NONE,-1.0,-0.1,-1.0,-0.1
3,NONE,-1.0,-0.1,-1.0,-0.1
3,NONE,-1.0,-0.1,-1.0,-0.1
3,NONE,-1.0,-0.1,-1.0,-0.1
3,NONE,-1.0,-0.1,-1.0,-0.1
3,NONE,-1.0,-0.1,-1.0,-0.1
3,NONE,-1.0,-0.1,-1.0,-0.1
3,NONE,-1.0,-0.1,-1.0,-0.1
3,NONE,-1.0,-0.1,-1.0,-0.1
3,NONE,-1.0,-0.1,-1.0,-0.1
3,NONE,-1.0,-0.1,-1.0,-0.1
3,NONE,-1.0,-0.1,-1.0,-0.1
3,NONE,-1.0,-0.1,-1.0,-0.1
3,NONE,-1.0,-0.1,-1.0,-0.1
3,NONE,-1.0,-0.1,-1.0,-0.1
3,NONE,-1.0,-0.1,-1.0,-0.1
3,NONE,-1.0,-0.1,-1.0,-0.1
3,NONE,-1.0,-0.1,-1.0,-0.1
3,NONE,-1.0,-0.1,-1.0,-0.1
3,NONE,-1.0,-0.1,-1.0,-0.1
3,NONE,-1.0,-0.1,-1.0,-0.1
3,NONE,-1.0,-0.1,-1.0,-0.1
3,NONE,-1.0,-0.1,-1.0,-0.1
3,NONE,-1.0,-0.1,-1.0,-0.1
3,NONE,-1.0,-0.1,-1.0,-0.1
3,NONE,-1.0,-0.1,-1.0,-0.1
3,NONE,-1.0,-0.1,-1.0,-0.1
3,NONE,-1.0,-0.1,-1.0,-0.1
3,NONE,-1.0,-0.1,-1.0,-0.1
3,NONE,-1.0,-0.1,-1.0,-0.1
3,NONE,-1.0,-0.1,-1.0,-0.1
3,NONE,-1.0,-0.1,-1.0,-0.1
3,NONE,-1.0,-0.1,-1.0,-0.1
3,NONE,-1.0,-0.1,-1.0,-0.1
3,NONE,-1.0,-0.1,-1.0,-0.1
3,NONE,-1.0,-0.1,-1.0,-0.1
3,NONE,-1.0,-0.1,-1.0,-0.1
3,NONE,-1.0,-0.1,-1.0,-0.1
3,NONE,-1.0,-0.1,-1.0,-0.1
3,NONE,-1.0,-0.1,-1.0,-0.1
3,NONE,-1.0,-0.1,-1.0,-0.1
3,NONE,-1.0,-0.1,-1.0,-0.1
3,NONE,-1.0,-0.1,-1.0,-0.1
3,NONE,-1.0,-0.1,-1.0,-0.1
3,NONE,-1.0,-0.1,-1.0,-0.1
3,NONE,-1.0,-0.1,-1.0,-0.1
3,NONE,-1.0,-0.1,-1.0,-0.1
3,NONE,-1.0,-0.1,-1.0,-0.1
3,NONE,-1.0,-0.1,-1.0,-0.1
3,NONE,-1.0,-0.1,-1.0,-0.1
3,NONE,-1.0,-0.1,-1.0,-0.1
3,NONE,-1.0,-0.1,-1.0,-0.1
3,NONE,-1.0,-0.1,-1.0,-0.1
3,NONE,-1.0,-0.1,-1.0,-0.1
3,NONE,-1.0,-0.1,-1.0,-0.1
2,EV_B07_C030_Mototaxi_Electrica,-1.0,-0.1,8.0,44.400432793192465
1,EV_B07_C030_Mototaxi_Electrica,6.0,80.95564331925738,-1.0,44.400432793192465
1,EV_B07_C030_Mototaxi_Electrica,5.0,80.95564331925738,-1.0,44.400432793192465
1,EV_B07_C030_Mototaxi_Electrica,4.0,80.95564331925738,-1.0,44.400432793192465
1,EV_B07_C030_Mototaxi_Electrica,3.0,80.95564331925738,-1.0,44.400432793192465
1,EV_B07_C030_Mototaxi_Electrica,2.0,80.95564331925738,-1.0,44.400432793192465
1,EV_B07_C030_Mototaxi_Electrica,1.0,80.95564331925738,-1.0,44.400432793192465
1,EV_B07_C030_Mototaxi_Electrica,0.0,80.95564331925738,-1.0,44.400432793192465
3,NONE,-1.0,-0.1,-1.0,-0.1
3,NONE,-1.0,-0.1,-1.0,-0.1
3,NONE,-1.0,-0.1,-1.0,-0.1
3,NONE,-1.0,-0.1,-1.0,-0.1
3,NONE,-1.0,-0.1,-1.0,-0.1
3,NONE,-1.0,-0.1,-1.0,-0.1
3,NONE,-1.0,-0.1,-1.0,-0.1
3,NONE,-1.0,-0.1,-1.0,-0.1
3,NONE,-1.0,-0.1,-1.0,-0.1
3,NONE,-1.0,-0.1,-1.0,-0.1
3,NONE,-1.0,-0.1,-1.0,-0.1
3,NONE,-1.0,-0.1,-1.0,-0.1
3,NONE,-1.0,-0.1,-1.0,-0.1
3,NONE,-1.0,-0.1,-1.0,-0.1
3,NONE,-1.0,-0.1,-1.0,-0.1
2,EV_B07_C030_Mototaxi_Electrica,-1.0,-0.1,7.0,44.97309418688973
1,EV_B07_C030_Mototaxi_Electrica,6.0,75.11165504549511,-1.0,44.97309418688973
1,EV_B07_C030_Mototaxi_Electrica,5.0,75.11165504549511,-1.0,44.97309418688973
1,EV_B07_C030_Mototaxi_Electrica,4.0,75.11165504549511,-1.0,44.97309418688973
1,EV_B07_C030_Mototaxi_Electrica,3.0,75.11165504549511,-1.0,44.97309418688973
1,EV_B07_C030_Mototaxi_Electrica,2.0,75.11165504549511,-1.0,44.97309418688973
1,EV_B07_C030_Mototaxi_Electrica,1.0,75.11165504549511,-1.0,44.97309418688973
1,EV_B07_C030_Mototaxi_Electrica,0.0,75.11165504549511,-1.0,44.97309418688973
3,NONE,-1.0,-0.1,-1.0,-0.1
3,NONE,-1.0,-0.1,-1.0,-0.1
3,NONE,-1.0,-0.1,-1.0,-0.1
3,NONE,-1.0,-0.1,-1.0,-0.1
3,NONE,-1.0,-0.1,-1.0,-0.1
3,NONE,-1.0,-0.1,-1.0,-0.1
3,NONE,-1.0,-0.1,-1.0,-0.1
3,NONE,-1.0,-0.1,-1.0,-0.1
3,NONE,-1.0,-0.1,-1.0,-0.1
3,NONE,-1.0,-0.1,-1.0,-0.1
3,NONE,-1.0,-0.1,-1.0,-0.1
3,NONE,-1.0,-0.1,-1.0,-0.1
3,NONE,-1.0,-0.1,-1.0,-0.1
3,NONE,-1.0,-0.1,-1.0,-0.1
3,NONE,-1.0,-0.1,-1.0,-0.1
3,NONE,-1.0,-0.1,-1.0,-0.1
2,EV_B07_C030_Mototaxi_Electrica,-1.0,-0.1,7.0,17.505176787995428
1,EV_B07_C030_Mototaxi_Electrica,7.0,77.05672777241048,-1.0,17.505176787995428
1,EV_B07_C030_Mototaxi_Electrica,6.0,77.05672777241048,-1.0,17.505176787995428
1,EV_B07_C030_Mototaxi_Electrica,5.0,77.05672777241048,-1.0,17.505176787995428
1,EV_B07_C030_Mototaxi_Electrica,4.0,77.05672777241048,-1.0,17.505176787995428
1,EV_B07_C030_Mototaxi_Electrica,3.0,77.05672777241048,-1.0,17.505176787995428
1,EV_B07_C030_Mototaxi_Electrica,2.0,77.05672777241048,-1.0,17.505176787995428
1,EV_B07_C030_Mototaxi_Electrica,1.0,77.05672777241048,-1.0,17.505176787995428
1,EV_B07_C030_Mototaxi_Electrica,0.0,77.05672777241048,-1.0,17.505176787995428
3,NONE,-1.0,-0.1,-1.0,-0.1
3,NONE,-1.0,-0.1,-1.0,-0.1
3,NONE,-1.0,-0.1,-1.0,-0.1
3,NONE,-1.0,-0.1,-1.0,-0.1
3,NONE,-1.0,-0.1,-1.0,-0.1
3,NONE,-1.0,-0.1,-1.0,-0.1
3,NONE,-1.0,-0.1,-1.0,-0.1
3,NONE,-1.0,-0.1,-1.0,-0.1
3,NONE,-1.0,-0.1,-1.0,-0.1
3,NONE,-1.0,-0.1,-1.0,-0.1
3,NONE,-1.0,-0.1,-1.0,-0.1
3,NONE,-1.0,-0.1,-1.0,-0.1
3,NONE,-1.0,-0.1,-1.0,-0.1
3,NONE,-1.0,-0.1,-1.0,-0.1
3,NONE,-1.0,-0.1,-1.0,-0.1
3,NONE,-1.0,-0.1,-1.0,-0.1
3,NONE,-1.0,-0.1,-1.0,-0.1
2,EV_B07_C030_Mototaxi_Electrica,-1.0,-0.1,9.0,37.77680340770164
1,EV_B07_C030_Mototaxi_Electrica,5.0,78.21178864675579,-1.0,37.77680340770164
1,EV_B07_C030_Mototaxi_Electrica,4.0,78.21178864675579,-1.0,37.77680340770164
1,EV_B07_C030_Mototaxi_Electrica,3.0,78.21178864675579,-1.0,37.77680340770164
1,EV_B07_C030_Mototaxi_Electrica,2.0,78.21178864675579,-1.0,37.77680340770164
1,EV_B07_C030_Mototaxi_Electrica,1.0,78.21178864675579,-1.0,37.77680340770164
1,EV_B07_C030_Mototaxi_Electrica,0.0,78.21178864675579,-1.0,37.77680340770164
3,NONE,-1.0,-0.1,-1.0,-0.1
3,NONE,-1.0,-0.1,-1.0,-0.1
3,NONE,-1.0,-0.1,-1.0,-0.1
3,NONE,-1.0,-0.1,-1.0,-0.1
3,NONE,-1.0,-0.1,-1.0,-0.1
3,NONE,-1.0,-0.1,-1.0,-0.1
3,NONE,-1.0,-0.1,-1.0,-0.1
3,NONE,-1.0,-0.1,-1.0,-0.1
3,NONE,-1.0,-0.1,-1.0,-0.1
3,NONE,-1.0,-0.1,-1.0,-0.1
3,NONE,-1.0,-0.1,-1.0,-0.1
3,NONE,-1.0,-0.1,-1.0,-0.1
3,NONE,-1.0,-0.1,-1.0,-0.1
3,NONE,-1.0,-0.1,-1.0,-0.1
3,NONE,-1.0,-0.1,-1.0,-0.1
3,NONE,-1.0,-0.1,-1.0,-0.1
3,NONE,-1.0,-0.1,-1.0,-0.1
3,NONE,-1.0,-0.1,-1.0,-0.1
3,NONE,-1.0,-0.1,-1.0,-0.1
3,NONE,-1.0,-0.1,-1.0,-0.1
3,NONE,-1.0,-0.1,-1.0,-0.1
3,NONE,-1.0,-0.1,-1.0,-0.1
3,NONE,-1.0,-0.1,-1.0,-0.1
3,NONE,-1.0,-0.1,-1.0,-0.1
3,NONE,-1.0,-0.1,-1.0,-0.1
3,NONE,-1.0,-0.1,-1.0,-0.1
3,NONE,-1.0,-0.1,-1.0,-0.1
3,NONE,-1.0,-0.1,-1.0,-0.1
3,NONE,-1.0,-0.1,-1.0,-0.1
3,NONE,-1.0,-0.1,-1.0,-0.1
3,NONE,-1.0,-0.1,-1.0,-0.1
3,NONE,-1.0,-0.1,-1.0,-0.1
3,NONE,-1.0,-0.1,-1.0,-0.1
3,NONE,-1.0,-0.1,-1.0,-0.1
3,NONE,-1.0,-0.1,-1.0,-0.1
3,NONE,-1.0,-0.1,-1.0,-0.1
3,NONE,-1.0,-0.1,-1.0,-0.1
3,NONE,-1.0,-0.1,-1.0,-0.1
3,NONE,-1.0,-0.1,-1.0,-0.1
3,NONE,-1.0,-0.1,-1.0,-0.1
3,NONE,-1.0,-0.1,-1.0,-0.1
3,NONE,-1.0,-0.1,-1.0,-0.1
3,NONE,-1.0,-0.1,-1.0,-0.1
3,NONE,-1.0,-0.1,-1.0,-0.1
3,NONE,-1.0,-0.1,-1.0,-0.1
3,NONE,-1.0,-0.1,-1.0,-0.1
3,NONE,-1.0,-0.1,-1.0,-0.1
3,NONE,-1.0,-0.1,-1.0,-0.1
3,NONE,-1.0,-0.1,-1.0,-0.1
3,NONE,-1.0,-0.1,-1.0,-0.1
3,NONE,-1.0,-0.1,-1.0,-0.1
3,NONE,-1.0,-0.1,-1.0,-0.1
3,NONE,-1.0,-0.1,-1.0,-0.1
3,NONE,-1.0,-0.1,-1.0,-0.1
3,NONE,-1.0,-0.1,-1.0,-0.1
3,NONE,-1.0,-0.1,-1.0,-0.1
3,NONE,-1.0,-0.1,-1.0,-0.1
3,NONE,-1.0,-0.1,-1.0,-0.1
3,NONE,-1.0,-0.1,-1.0,-0.1
3,NONE,-1.0,-0.1,-1.0,-0.1
3,NONE,-1.0,-0.1,-1.0,-0.1
3,NONE,-1.0,-0.1,-1.0,-0.1
3,NONE,-1.0,-0.1,-1.0,-0.1
3,NONE,-1.0,-0.1,-1.0,-0.1
3,NONE,-1.0,-0.1,-1.0,-0.1
3,NONE,-1.0,-0.1,-1.0,-0.1
3,NONE,-1.0,-0.1,-1.0,-0.1
3,NONE,-1.0,-0.1,-1.0,-0.1
3,NONE,-1.0,-0.1,-1.0,-0.1
3,NONE,-1.0,-0.1,-1.0,-0.1
3,NONE,-1.0,-0.1,-1.0,-0.1
3,NONE,-1.0,-0.1,-1.0,-0.1
3,NONE,-1.0,-0.1,-1.0,-0.1
3,NONE,-1.0,-0.1,-1.0,-0.1
3,NONE,-1.0,-0.1,-1.0,-0.1
3,NONE,-1.0,-0.1,-1.0,-0.1
3,NONE,-1.0,-0.1,-1.0,-0.1
3,NONE,-1.0,-0.1,-1.0,-0.1
3,NONE,-1.0,-0.1,-1.0,-0.1
3,NONE,-1.0,-0.1,-1.0,-0.1
3,NONE,-1.0,-0.1,-1.0,-0.1
3,NONE,-1.0,-0.1,-1.0,-0.1
3,NONE,-1.0,-0.1,-1.0,-0.1
3,NONE,-1.0,-0.1,-1.0,-0.1
3,NONE,-1.0,-0.1,-1.0,-0.1
3,NONE,-1.0,-0.1,-1.0,-0.1
3,NONE,-1.0,-0.1,-1.0,-0.1
2,EV_B07_C030_Mototaxi_Electrica,-1.0,-0.1,7.0,30.870024907075152
1,EV_B07_C030_Mototaxi_Electrica,5.0,78.5311297913311,-1.0,30.870024907075152
1,EV_B07_C030_Mototaxi_Electrica,4.0,78.5311297913311,-1.0,30.870024907075152
1,EV_B07_C030_Mototaxi_Electrica,3.0,78.5311297913311,-1.0,30.870024907075152
1,EV_B07_C030_Mototaxi_Electrica,2.0,78.5311297913311,-1.0,30.870024907075152
1,EV_B07_C030_Mototaxi_Electrica,1.0,78.5311297913311,-1.0,30.870024907075152
1,EV_B07_C030_Mototaxi_Electrica,0.0,78.5311297913311,-1.0,30.870024907075152
3,NONE,-1.0,-0.1,-1.0,-0.1
3,NONE,-1.0,-0.1,-1.0,-0.1
3,NONE,-1.0,-0.1,-1.0,-0.1
3,NONE,-1.0,-0.1,-1.0,-0.1
3,NONE,-1.0,-0.1,-1.0,-0.1
3,NONE,-1.0,-0.1,-1.0,-0.1
3,NONE,-1.0,-0.1,-1.0,-0.1
3,NONE,-1.0,-0.1,-1.0,-0.1
3,NONE,-1.0,-0.1,-1.0,-0.1
3,NONE,-1.0,-0.1,-1.0,-0.1
3,NONE,-1.0,-0.1,-1.0,-0.1
3,NONE,-1.0,-0.1,-1.0,-0.1
3,NONE,-1.0,-0.1,-1.0,-0.1
3,NONE,-1.0,-0.1,-1.0,-0.1
3,NONE,-1.0,-0.1,-1.0,-0.1
3,NONE,-1.0,-0.1,-1.0,-0.1
3,NONE,-1.0,-0.1,-1.0,-0.1
2,EV_B07_C030_Mototaxi_Electrica,-1.0,-0.1,7.0,50.12759218832999
1,EV_B07_C030_Mototaxi_Electrica,7.0,81.34221200654154,-1.0,50.12759218832999
1,EV_B07_C030_Mototaxi_Electrica,6.0,81.34221200654154,-1.0,50.12759218832999
1,EV_B07_C030_Mototaxi_Electrica,5.0,81.34221200654154,-1.0,50.12759218832999
1,EV_B07_C030_Mototaxi_Electrica,4.0,81.34221200654154,-1.0,50.12759218832999
1,EV_B07_C030_Mototaxi_Electrica,3.0,81.34221200654154,-1.0,50.12759218832999
1,EV_B07_C030_Mototaxi_Electrica,2.0,81.34221200654154,-1.0,50.12759218832999
1,EV_B07_C030_Mototaxi_Electrica,1.0,81.34221200654154,-1.0,50.12759218832999
1,EV_B07_C030_Mototaxi_Electrica,0.0,81.34221200654154,-1.0,50.12759218832999
3,NONE,-1.0,-0.1,-1.0,-0.1
3,NONE,-1.0,-0.1,-1.0,-0.1
3,NONE,-1.0,-0.1,-1.0,-0.1
3,NONE,-1.0,-0.1,-1.0,-0.1
3,NONE,-1.0,-0.1,-1.0,-0.1
3,NONE,-1.0,-0.1,-1.0,-0.1
3,NONE,-1.0,-0.1,-1.0,-0.1
3,NONE,-1.0,-0.1,-1.0,-0.1
3,NONE,-1.0,-0.1,-1.0,-0.1
3,NONE,-1.0,-0.1,-1.0,-0.1
3,NONE,-1.0,-0.1,-1.0,-0.1
3,NONE,-1.0,-0.1,-1.0,-0.1
3,NONE,-1.0,-0.1,-1.0,-0.1
3,NONE,-1.0,-0.1,-1.0,-0.1
3,NONE,-1.0,-0.1,-1.0,-0.1
3,NONE,-1.0,-0.1,-1.0,-0.1
3,NONE,-1.0,-0.1,-1.0,-0.1
3,NONE,-1.0,-0.1,-1.0,-0.1
3,NONE,-1.0,-0.1,-1.0,-0.1
3,NONE,-1.0,-0.1,-1.0,-0.1
3,NONE,-1.0,-0.1,-1.0,-0.1
3,NONE,-1.0,-0.1,-1.0,-0.1
3,NONE,-1.0,-0.1,-1.0,-0.1
3,NONE,-1.0,-0.1,-1.0,-0.1
3,NONE,-1.0,-0.1,-1.0,-0.1
3,NONE,-1.0,-0.1,-1.0,-0.1
3,NONE,-1.0,-0.1,-1.0,-0.1
3,NONE,-1.0,-0.1,-1.0,-0.1
3,NONE,-1.0,-0.1,-1.0,-0.1
3,NONE,-1.0,-0.1,-1.0,-0.1
3,NONE,-1.0,-0.1,-1.0,-0.1
3,NONE,-1.0,-0.1,-1.0,-0.1
3,NONE,-1.0,-0.1,-1.0,-0.1
3,NONE,-1.0,-0.1,-1.0,-0.1
3,NONE,-1.0,-0.1,-1.0,-0.1
3,NONE,-1.0,-0.1,-1.0,-0.1
3,NONE,-1.0,-0.1,-1.0,-0.1
3,NONE,-1.0,-0.1,-1.0,-0.1
3,NONE,-1.0,-0.1,-1.0,-0.1
3,NONE,-1.0,-0.1,-1.0,-0.1
2,EV_B07_C030_Mototaxi_Electrica,-1.0,-0.1,8.0,37.920845297244746
1,EV_B07_C030_Mototaxi_Electrica,6.0,85.69998781411591,-1.0,37.920845297244746
1,EV_B07_C030_Mototaxi_Electrica,5.0,85.69998781411591,-1.0,37.920845297244746
1,EV_B07_C030_Mototaxi_Electrica,4.0,85.69998781411591,-1.0,37.920845297244746
1,EV_B07_C030_Mototaxi_Electrica,3.0,85.69998781411591,-1.0,37.920845297244746
1,EV_B07_C030_Mototaxi_Electrica,2.0,85.69998781411591,-1.0,37.920845297244746
1,EV_B07_C030_Mototaxi_Electrica,1.0,85.69998781411591,-1.0,37.920845297244746
1,EV_B07_C030_Mototaxi_Electrica,0.0,85.69998781411591,-1.0,37.920845297244746
3,NONE,-1.0,-0.1,-1.0,-0.1
3,NONE,-1.0,-0.1,-1.0,-0.1
3,NONE,-1.0,-0.1,-1.0,-0.1
3,NONE,-1.0,-0.1,-1.0,-0.1
3,NONE,-1.0,-0.1,-1.0,-0.1
3,NONE,-1.0,-0.1,-1.0,-0.1
3,NONE,-1.0,-0.1,-1.0,-0.1
3,NONE,-1.0,-0.1,-1.0,-0.1
3,NONE,-1.0,-0.1,-1.0,-0.1
3,NONE,-1.0,-0.1,-1.0,-0.1
3,NONE,-1.0,-0.1,-1.0,-0.1
3,NONE,-1.0,-0.1,-1.0,-0.1
3,NONE,-1.0,-0.1,-1.0,-0.1
3,NONE,-1.0,-0.1,-1.0,-0.1
3,NONE,-1.0,-0.1,-1.0,-0.1
3,NONE,-1.0,-0.1,-1.0,-0.1
2,EV_B07_C030_Mototaxi_Electrica,-1.0,-0.1,8.0,49.60768567975681
1,EV_B07_C030_Mototaxi_Electrica,6.0,92.37497444292255,-1.0,49.60768567975681
1,EV_B07_C030_Mototaxi_Electrica,5.0,92.37497444292255,-1.0,49.60768567975681
1,EV_B07_C030_Mototaxi_Electrica,4.0,92.37497444292255,-1.0,49.60768567975681
1,EV_B07_C030_Mototaxi_Electrica,3.0,92.37497444292255,-1.0,49.60768567975681
1,EV_B07_C030_Mototaxi_Electrica,2.0,92.37497444292255,-1.0,49.60768567975681
1,EV_B07_C030_Mototaxi_Electrica,1.0,92.37497444292255,-1.0,49.60768567975681
1,EV_B07_C030_Mototaxi_Electrica,0.0,92.37497444292255,-1.0,49.60768567975681
3,NONE,-1.0,-0.1,-1.0,-0.1
3,NONE,-1.0,-0.1,-1.0,-0.1
3,NONE,-1.0,-0.1,-1.0,-0.1
3,NONE,-1.0,-0.1,-1.0,-0.1
3,NONE,-1.0,-0.1,-1.0,-0.1
3,NONE,-1.0,-0.1,-1.0,-0.1
3,NONE,-1.0,-0.1,-1.0,-0.1
3,NONE,-1.0,-0.1,-1.0,-0.1
3,NONE,-1.0,-0.1,-1.0,-0.1
3,NONE,-1.0,-0.1,-1.0,-0.1
3,NONE,-1.0,-0.1,-1.0,-0.1
3,NONE,-1.0,-0.1,-1.0,-0.1
3,NONE,-1.0,-0.1,-1.0,-0.1
3,NONE,-1.0,-0.1,-1.0,-0.1
3,NONE,-1.0,-0.1,-1.0,-0.1
3,NONE,-1.0,-0.1,-1.0,-0.1
3,NONE,-1.0,-0.1,-1.0,-0.1
3,NONE,-1.0,-0.1,-1.0,-0.1
3,NONE,-1.0,-0.1,-1.0,-0.1
3,NONE,-1.0,-0.1,-1.0,-0.1
3,NONE,-1.0,-0.1,-1.0,-0.1
3,NONE,-1.0,-0.1,-1.0,-0.1
3,NONE,-1.0,-0.1,-1.0,-0.1
3,NONE,-1.0,-0.1,-1.0,-0.1
3,NONE,-1.0,-0.1,-1.0,-0.1
3,NONE,-1.0,-0.1,-1.0,-0.1
3,NONE,-1.0,-0.1,-1.0,-0.1
3,NONE,-1.0,-0.1,-1.0,-0.1
3,NONE,-1.0,-0.1,-1.0,-0.1
3,NONE,-1.0,-0.1,-1.0,-0.1
3,NONE,-1.0,-0.1,-1.0,-0.1
3,NONE,-1.0,-0.1,-1.0,-0.1
3,NONE,-1.0,-0.1,-1.0,-0.1
3,NONE,-1.0,-0.1,-1.0,-0.1
3,NONE,-1.0,-0.1,-1.0,-0.1
3,NONE,-1.0,-0.1,-1.0,-0.1
3,NONE,-1.0,-0.1,-1.0,-0.1
3,NONE,-1.0,-0.1,-1.0,-0.1
3,NONE,-1.0,-0.1,-1.0,-0.1
3,NONE,-1.0,-0.1,-1.0,-0.1
3,NONE,-1.0,-0.1,-1.0,-0.1
3,NONE,-1.0,-0.1,-1.0,-0.1
3,NONE,-1.0,-0.1,-1.0,-0.1
3,NONE,-1.0,-0.1,-1.0,-0.1
3,NONE,-1.0,-0.1,-1.0,-0.1
3,NONE,-1.0,-0.1,-1.0,-0.1
3,NONE,-1.0,-0.1,-1.0,-0.1
3,NONE,-1.0,-0.1,-1.0,-0.1
3,NONE,-1.0,-0.1,-1.0,-0.1
3,NONE,-1.0,-0.1,-1.0,-0.1
3,NONE,-1.0,-0.1,-1.0,-0.1
3,NONE,-1.0,-0.1,-1.0,-0.1
3,NONE,-1.0,-0.1,-1.0,-0.1
3,NONE,-1.0,-0.1,-1.0,-0.1
3,NONE,-1.0,-0.1,-1.0,-0.1
3,NONE,-1.0,-0.1,-1.0,-0.1
3,NONE,-1.0,-0.1,-1.0,-0.1
3,NONE,-1.0,-0.1,-1.0,-0.1
3,NONE,-1.0,-0.1,-1.0,-0.1
3,NONE,-1.0,-0.1,-1.0,-0.1
3,NONE,-1.0,-0.1,-1.0,-0.1
3,NONE,-1.0,-0.1,-1.0,-0.1
3,NONE,-1.0,-0.1,-1.0,-0.1
3,NONE,-1.0,-0.1,-1.0,-0.1
3,NONE,-1.0,-0.1,-1.0,-0.1
2,EV_B07_C030_Mototaxi_Electrica,-1.0,-0.1,9.0,69.66666308079353
1,EV_B07_C030_Mototaxi_Electrica,5.0,84.91855323759658,-1.0,69.66666308079353
1,EV_B07_C030_Mototaxi_Electrica,4.0,84.91855323759658,-1.0,69.66666308079353
1,EV_B07_C030_Mototaxi_Electrica,3.0,84.91855323759658,-1.0,69.66666308079353
1,EV_B07_C030_Mototaxi_Electrica,2.0,84.91855323759658,-1.0,69.66666308079353
1,EV_B07_C030_Mototaxi_Electrica,1.0,84.91855323759658,-1.0,69.66666308079353
1,EV_B07_C030_Mototaxi_Electrica,0.0,84.91855323759658,-1.0,69.66666308079353
3,NONE,-1.0,-0.1,-1.0,-0.1
3,NONE,-1.0,-0.1,-1.0,-0.1
3,NONE,-1.0,-0.1,-1.0,-0.1
3,NONE,-1.0,-0.1,-1.0,-0.1
3,NONE,-1.0,-0.1,-1.0,-0.1
3,NONE,-1.0,-0.1,-1.0,-0.1
3,NONE,-1.0,-0.1,-1.0,-0.1
3,NONE,-1.0,-0.1,-1.0,-0.1
3,NONE,-1.0,-0.1,-1.0,-0.1
3,NONE,-1.0,-0.1,-1.0,-0.1
3,NONE,-1.0,-0.1,-1.0,-0.1
3,NONE,-1.0,-0.1,-1.0,-0.1
3,NONE,-1.0,-0.1,-1.0,-0.1
3,NONE,-1.0,-0.1,-1.0,-0.1
3,NONE,-1.0,-0.1,-1.0,-0.1
2,EV_B07_C030_Mototaxi_Electrica,-1.0,-0.1,7.0,62.63138127197945
1,EV_B07_C030_Mototaxi_Electrica,7.0,90.77912047545827,-1.0,62.63138127197945
1,EV_B07_C030_Mototaxi_Electrica,6.0,90.77912047545827,-1.0,62.63138127197945
1,EV_B07_C030_Mototaxi_Electrica,5.0,90.77912047545827,-1.0,62.63138127197945
1,EV_B07_C030_Mototaxi_Electrica,4.0,90.77912047545827,-1.0,62.63138127197945
1,EV_B07_C030_Mototaxi_Electrica,3.0,90.77912047545827,-1.0,62.63138127197945
1,EV_B07_C030_Mototaxi_Electrica,2.0,90.77912047545827,-1.0,62.63138127197945
1,EV_B07_C030_Mototaxi_Electrica,1.0,90.77912047545827,-1.0,62.63138127197945
1,EV_B07_C030_Mototaxi_Electrica,0.0,90.77912047545827,-1.0,62.63138127197945
3,NONE,-1.0,-0.1,-1.0,-0.1
3,NONE,-1.0,-0.1,-1.0,-0.1
3,NONE,-1.0,-0.1,-1.0,-0.1
3,NONE,-1.0,-0.1,-1.0,-0.1
3,NONE,-1.0,-0.1,-1.0,-0.1
3,NONE,-1.0,-0.1,-1.0,-0.1
3,NONE,-1.0,-0.1,-1.0,-0.1
3,NONE,-1.0,-0.1,-1.0,-0.1
3,NONE,-1.0,-0.1,-1.0,-0.1
3,NONE,-1.0,-0.1,-1.0,-0.1
3,NONE,-1.0,-0.1,-1.0,-0.1
3,NONE,-1.0,-0.1,-1.0,-0.1
3,NONE,-1.0,-0.1,-1.0,-0.1
3,NONE,-1.0,-0.1,-1.0,-0.1
3,NONE,-1.0,-0.1,-1.0,-0.1
3,NONE,-1.0,-0.1,-1.0,-0.1
2,EV_B07_C030_Mototaxi_Electrica,-1.0,-0.1,8.0,40.508104333747234
1,EV_B07_C030_Mototaxi_Electrica,6.0,71.96874833203607,-1.0,40.508104333747234
1,EV_B07_C030_Mototaxi_Electrica,5.0,71.96874833203607,-1.0,40.508104333747234
1,EV_B07_C030_Mototaxi_Electrica,4.0,71.96874833203607,-1.0,40.508104333747234
1,EV_B07_C030_Mototaxi_Electrica,3.0,71.96874833203607,-1.0,40.508104333747234
1,EV_B07_C030_Mototaxi_Electrica,2.0,71.96874833203607,-1.0,40.508104333747234
1,EV_B07_C030_Mototaxi_Electrica,1.0,71.96874833203607,-1.0,40.508104333747234
1,EV_B07_C030_Mototaxi_Electrica,0.0,71.96874833203607,-1.0,40.508104333747234
3,NONE,-1.0,-0.1,-1.0,-0.1
3,NONE,-1.0,-0.1,-1.0,-0.1
3,NONE,-1.0,-0.1,-1.0,-0.1
3,NONE,-1.0,-0.1,-1.0,-0.1
3,NONE,-1.0,-0.1,-1.0,-0.1
3,NONE,-1.0,-0.1,-1.0,-0.1
3,NONE,-1.0,-0.1,-1.0,-0.1
3,NONE,-1.0,-0.1,-1.0,-0.1
3,NONE,-1.0,-0.1,-1.0,-0.1
3,NONE,-1.0,-0.1,-1.0,-0.1
3,NONE,-1.0,-0.1,-1.0,-0.1
3,NONE,-1.0,-0.1,-1.0,-0.1
3,NONE,-1.0,-0.1,-1.0,-0.1
3,NONE,-1.0,-0.1,-1.0,-0.1
3,NONE,-1.0,-0.1,-1.0,-0.1
3,NONE,-1.0,-0.1,-1.0,-0.1
3,NONE,-1.0,-0.1,-1.0,-0.1
3,NONE,-1.0,-0.1,-1.0,-0.1
3,NONE,-1.0,-0.1,-1.0,-0.1
3,NONE,-1.0,-0.1,-1.0,-0.1
3,NONE,-1.0,-0.1,-1.0,-0.1
3,NONE,-1.0,-0.1,-1.0,-0.1
3,NONE,-1.0,-0.1,-1.0,-0.1
3,NONE,-1.0,-0.1,-1.0,-0.1
3,NONE,-1.0,-0.1,-1.0,-0.1
3,NONE,-1.0,-0.1,-1.0,-0.1
3,NONE,-1.0,-0.1,-1.0,-0.1
3,NONE,-1.0,-0.1,-1.0,-0.1
3,NONE,-1.0,-0.1,-1.0,-0.1
3,NONE,-1.0,-0.1,-1.0,-0.1
3,NONE,-1.0,-0.1,-1.0,-0.1
3,NONE,-1.0,-0.1,-1.0,-0.1
3,NONE,-1.0,-0.1,-1.0,-0.1
3,NONE,-1.0,-0.1,-1.0,-0.1
3,NONE,-1.0,-0.1,-1.0,-0.1
3,NONE,-1.0,-0.1,-1.0,-0.1
3,NONE,-1.0,-0.1,-1.0,-0.1
3,NONE,-1.0,-0.1,-1.0,-0.1
3,NONE,-1.0,-0.1,-1.0,-0.1
3,NONE,-1.0,-0.1,-1.0,-0.1
3,NONE,-1.0,-0.1,-1.0,-0.1
3,NONE,-1.0,-0.1,-1.0,-0.1
3,NONE,-1.0,-0.1,-1.0,-0.1
3,NONE,-1.0,-0.1,-1.0,-0.1
3,NONE,-1.0,-0.1,-1.0,-0.1
3,NONE,-1.0,-0.1,-1.0,-0.1
3,NONE,-1.0,-0.1,-1.0,-0.1
3,NONE,-1.0,-0.1,-1.0,-0.1
3,NONE,-1.0,-0.1,-1.0,-0.1
3,NONE,-1.0,-0.1,-1.0,-0.1
3,NONE,-1.0,-0.1,-1.0,-0.1
3,NONE,-1.0,-0.1,-1.0,-0.1
3,NONE,-1.0,-0.1,-1.0,-0.1
3,NONE,-1.0,-0.1,-1.0,-0.1
3,NONE,-1.0,-0.1,-1.0,-0.1
3,NONE,-1.0,-0.1,-1.0,-0.1
3,NONE,-1.0,-0.1,-1.0,-0.1
3,NONE,-1.0,-0.1,-1.0,-0.1
3,NONE,-1.0,-0.1,-1.0,-0.1
3,NONE,-1.0,-0.1,-1.0,-0.1
3,NONE,-1.0,-0.1,-1.0,-0.1
3,NONE,-1.0,-0.1,-1.0,-0.1
3,NONE,-1.0,-0.1,-1.0,-0.1
3,NONE,-1.0,-0.1,-1.0,-0.1
3,NONE,-1.0,-0.1,-1.0,-0.1
3,NONE,-1.0,-0.1,-1.0,-0.1
3,NONE,-1.0,-0.1,-1.0,-0.1
3,NONE,-1.0,-0.1,-1.0,-0.1
3,NONE,-1.0,-0.1,-1.0,-0.1
3,NONE,-1.0,-0.1,-1.0,-0.1
3,NONE,-1.0,-0.1,-1.0,-0.1
3,NONE,-1.0,-0.1,-1.0,-0.1
3,NONE,-1.0,-0.1,-1.0,-0.1
3,NONE,-1.0,-0.1,-1.0,-0.1
3,NONE,-1.0,-0.1,-1.0,-0.1
3,NONE,-1.0,-0.1,-1.0,-0.1
3,NONE,-1.0,-0.1,-1.0,-0.1
3,NONE,-1.0,-0.1,-1.0,-0.1
3,NONE,-1.0,-0.1,-1.0,-0.1
3,NONE,-1.0,-0.1,-1.0,-0.1
3,NONE,-1.0,-0.1,-1.0,-0.1
3,NONE,-1.0,-0.1,-1.0,-0.1
3,NONE,-1.0,-0.1,-1.0,-0.1
3,NONE,-1.0,-0.1,-1.0,-0.1
3,NONE,-1.0,-0.1,-1.0,-0.1
3,NONE,-1.0,-0.1,-1.0,-0.1
3,NONE,-1.0,-0.1,-1.0,-0.1
3,NONE,-1.0,-0.1,-1.0,-0.1
3,NONE,-1.0,-0.1,-1.0,-0.1
3,NONE,-1.0,-0.1,-1.0,-0.1
3,NONE,-1.0,-0.1,-1.0,-0.1
3,NONE,-1.0,-0.1,-1.0,-0.1
3,NONE,-1.0,-0.1,-1.0,-0.1
3,NONE,-1.0,-0.1,-1.0,-0.1
3,NONE,-1.0,-0.1,-1.0,-0.1
3,NONE,-1.0,-0.1,-1.0,-0.1
3,NONE,-1.0,-0.1,-1.0,-0.1
3,NONE,-1.0,-0.1,-1.0,-0.1
3,NONE,-1.0,-0.1,-1.0,-0.1
3,NONE,-1.0,-0.1,-1.0,-0.1
3,NONE,-1.0,-0.1,-1.0,-0.1
3,NONE,-1.0,-0.1,-1.0,-0.1
3,NONE,-1.0,-0.1,-1.0,-0.1
3,NONE,-1.0,-0.1,-1.0,-0.1
3,NONE,-1.0,-0.1,-1.0,-0.1
3,NONE,-1.0,-0.1,-1.0,-0.1
3,NONE,-1.0,-0.1,-1.0,-0.1
3,NONE,-1.0,-0.1,-1.0,-0.1
3,NONE,-1.0,-0.1,-1.0,-0.1
3,NONE,-1.0,-0.1,-1.0,-0.1
3,NONE,-1.0,-0.1,-1.0,-0.1
3,NONE,-1.0,-0.1,-1.0,-0.1
3,NONE,-1.0,-0.1,-1.0,-0.1
2,EV_B07_C030_Mototaxi_Electrica,-1.0,-0.1,9.0,29.459799992035713
1,EV_B07_C030_Mototaxi_Electrica,5.0,85.93454044340628,-1.0,29.459799992035713
1,EV_B07_C030_Mototaxi_Electrica,4.0,85.93454044340628,-1.0,29.459799992035713
1,EV_B07_C030_Mototaxi_Electrica,3.0,85.93454044340628,-1.0,29.459799992035713
1,EV_B07_C030_Mototaxi_Electrica,2.0,85.93454044340628,-1.0,29.459799992035713
1,EV_B07_C030_Mototaxi_Electrica,1.0,85.93454044340628,-1.0,29.459799992035713
1,EV_B07_C030_Mototaxi_Electrica,0.0,85.93454044340628,-1.0,29.459799992035713
3,NONE,-1.0,-0.1,-1.0,-0.1
3,NONE,-1.0,-0.1,-1.0,-0.1
3,NONE,-1.0,-0.1,-1.0,-0.1
3,NONE,-1.0,-0.1,-1.0,-0.1
3,NONE,-1.0,-0.1,-1.0,-0.1
3,NONE,-1.0,-0.1,-1.0,-0.1
3,NONE,-1.0,-0.1,-1.0,-0.1
3,NONE,-1.0,-0.1,-1.0,-0.1
3,NONE,-1.0,-0.1,-1.0,-0.1
3,NONE,-1.0,-0.1,-1.0,-0.1
3,NONE,-1.0,-0.1,-1.0,-0.1
3,NONE,-1.0,-0.1,-1.0,-0.1
3,NONE,-1.0,-0.1,-1.0,-0.1
3,NONE,-1.0,-0.1,-1.0,-0.1
3,NONE,-1.0,-0.1,-1.0,-0.1
3,NONE,-1.0,-0.1,-1.0,-0.1
2,EV_B07_C030_Mototaxi_Electrica,-1.0,-0.1,8.0,35.284404652970174
1,EV_B07_C030_Mototaxi_Electrica,6.0,67.6111251788588,-1.0,35.284404652970174
1,EV_B07_C030_Mototaxi_Electrica,5.0,67.6111251788588,-1.0,35.284404652970174
1,EV_B07_C030_Mototaxi_Electrica,4.0,67.6111251788588,-1.0,35.284404652970174
1,EV_B07_C030_Mototaxi_Electrica,3.0,67.6111251788588,-1.0,35.284404652970174
1,EV_B07_C030_Mototaxi_Electrica,2.0,67.6111251788588,-1.0,35.284404652970174
1,EV_B07_C030_Mototaxi_Electrica,1.0,67.6111251788588,-1.0,35.284404652970174
1,EV_B07_C030_Mototaxi_Electrica,0.0,67.6111251788588,-1.0,35.284404652970174
3,NONE,-1.0,-0.1,-1.0,-0.1
3,NONE,-1.0,-0.1,-1.0,-0.1
3,NONE,-1.0,-0.1,-1.0,-0.1
3,NONE,-1.0,-0.1,-1.0,-0.1
3,NONE,-1.0,-0.1,-1.0,-0.1
3,NONE,-1.0,-0.1,-1.0,-0.1
3,NONE,-1.0,-0.1,-1.0,-0.1
3,NONE,-1.0,-0.1,-1.0,-0.1
3,NONE,-1.0,-0.1,-1.0,-0.1
3,NONE,-1.0,-0.1,-1.0,-0.1
3,NONE,-1.0,-0.1,-1.0,-0.1
3,NONE,-1.0,-0.1,-1.0,-0.1
3,NONE,-1.0,-0.1,-1.0,-0.1
3,NONE,-1.0,-0.1,-1.0,-0.1
3,NONE,-1.0,-0.1,-1.0,-0.1
3,NONE,-1.0,-0.1,-1.0,-0.1
3,NONE,-1.0,-0.1,-1.0,-0.1
3,NONE,-1.0,-0.1,-1.0,-0.1
2,EV_B07_C030_Mototaxi_Electrica,-1.0,-0.1,10.0,23.5614833868124
1,EV_B07_C030_Mototaxi_Electrica,4.0,75.26239992862648,-1.0,23.5614833868124
1,EV_B07_C030_Mototaxi_Electrica,3.0,75.26239992862648,-1.0,23.5614833868124
1,EV_B07_C030_Mototaxi_Electrica,2.0,75.26239992862648,-1.0,23.5614833868124
1,EV_B07_C030_Mototaxi_Electrica,1.0,75.26239992862648,-1.0,23.5614833868124
1,EV_B07_C030_Mototaxi_Electrica,0.0,75.26239992862648,-1.0,23.5614833868124
3,NONE,-1.0,-0.1,-1.0,-0.1
3,NONE,-1.0,-0.1,-1.0,-0.1
3,NONE,-1.0,-0.1,-1.0,-0.1
3,NONE,-1.0,-0.1,-1.0,-0.1
3,NONE,-1.0,-0.1,-1.0,-0.1
3,NONE,-1.0,-0.1,-1.0,-0.1
3,NONE,-1.0,-0.1,-1.0,-0.1
3,NONE,-1.0,-0.1,-1.0,-0.1
3,NONE,-1.0,-0.1,-1.0,-0.1
3,NONE,-1.0,-0.1,-1.0,-0.1
3,NONE,-1.0,-0.1,-1.0,-0.1
3,NONE,-1.0,-0.1,-1.0,-0.1
3,NONE,-1.0,-0.1,-1.0,-0.1
3,NONE,-1.0,-0.1,-1.0,-0.1
3,NONE,-1.0,-0.1,-1.0,-0.1
3,NONE,-1.0,-0.1,-1.0,-0.1
2,EV_B07_C030_Mototaxi_Electrica,-1.0,-0.1,8.0,42.3144353889643
1,EV_B07_C030_Mototaxi_Electrica,6.0,76.68720544089162,-1.0,42.3144353889643
1,EV_B07_C030_Mototaxi_Electrica,5.0,76.68720544089162,-1.0,42.3144353889643
1,EV_B07_C030_Mototaxi_Electrica,4.0,76.68720544089162,-1.0,42.3144353889643
1,EV_B07_C030_Mototaxi_Electrica,3.0,76.68720544089162,-1.0,42.3144353889643
1,EV_B07_C030_Mototaxi_Electrica,2.0,76.68720544089162,-1.0,42.3144353889643
1,EV_B07_C030_Mototaxi_Electrica,1.0,76.68720544089162,-1.0,42.3144353889643
1,EV_B07_C030_Mototaxi_Electrica,0.0,76.68720544089162,-1.0,42.3144353889643
3,NONE,-1.0,-0.1,-1.0,-0.1
3,NONE,-1.0,-0.1,-1.0,-0.1
3,NONE,-1.0,-0.1,-1.0,-0.1
3,NONE,-1.0,-0.1,-1.0,-0.1
3,NONE,-1.0,-0.1,-1.0,-0.1
3,NONE,-1.0,-0.1,-1.0,-0.1
3,NONE,-1.0,-0.1,-1.0,-0.1
3,NONE,-1.0,-0.1,-1.0,-0.1
3,NONE,-1.0,-0.1,-1.0,-0.1
3,NONE,-1.0,-0.1,-1.0,-0.1
3,NONE,-1.0,-0.1,-1.0,-0.1
3,NONE,-1.0,-0.1,-1.0,-0.1
3,NONE,-1.0,-0.1,-1.0,-0.1
3,NONE,-1.0,-0.1,-1.0,-0.1
3,NONE,-1.0,-0.1,-1.0,-0.1
3,NONE,-1.0,-0.1,-1.0,-0.1
2,EV_B07_C030_Mototaxi_Electrica,-1.0,-0.1,8.0,40.69943456190487
1,EV_B07_C030_Mototaxi_Electrica,6.0,79.39100772358178,-1.0,40.69943456190487
1,EV_B07_C030_Mototaxi_Electrica,5.0,79.39100772358178,-1.0,40.69943456190487
1,EV_B07_C030_Mototaxi_Electrica,4.0,79.39100772358178,-1.0,40.69943456190487
1,EV_B07_C030_Mototaxi_Electrica,3.0,79.39100772358178,-1.0,40.69943456190487
1,EV_B07_C030_Mototaxi_Electrica,2.0,79.39100772358178,-1.0,40.69943456190487
1,EV_B07_C030_Mototaxi_Electrica,1.0,79.39100772358178,-1.0,40.69943456190487
1,EV_B07_C030_Mototaxi_Electrica,0.0,79.39100772358178,-1.0,40.69943456190487
3,NONE,-1.0,-0.1,-1.0,-0.1
3,NONE,-1.0,-0.1,-1.0,-0.1
3,NONE,-1.0,-0.1,-1.0,-0.1
3,NONE,-1.0,-0.1,-1.0,-0.1
3,NONE,-1.0,-0.1,-1.0,-0.1
3,NONE,-1.0,-0.1,-1.0,-0.1
3,NONE,-1.0,-0.1,-1.0,-0.1
3,NONE,-1.0,-0.1,-1.0,-0.1
3,NONE,-1.0,-0.1,-1.0,-0.1
3,NONE,-1.0,-0.1,-1.0,-0.1
3,NONE,-1.0,-0.1,-1.0,-0.1
3,NONE,-1.0,-0.1,-1.0,-0.1
3,NONE,-1.0,-0.1,-1.0,-0.1
3,NONE,-1.0,-0.1,-1.0,-0.1
3,NONE,-1.0,-0.1,-1.0,-0.1
3,NONE,-1.0,-0.1,-1.0,-0.1
3,NONE,-1.0,-0.1,-1.0,-0.1
3,NONE,-1.0,-0.1,-1.0,-0.1
3,NONE,-1.0,-0.1,-1.0,-0.1
3,NONE,-1.0,-0.1,-1.0,-0.1
3,NONE,-1.0,-0.1,-1.0,-0.1
3,NONE,-1.0,-0.1,-1.0,-0.1
3,NONE,-1.0,-0.1,-1.0,-0.1
3,NONE,-1.0,-0.1,-1.0,-0.1
3,NONE,-1.0,-0.1,-1.0,-0.1
3,NONE,-1.0,-0.1,-1.0,-0.1
3,NONE,-1.0,-0.1,-1.0,-0.1
3,NONE,-1.0,-0.1,-1.0,-0.1
3,NONE,-1.0,-0.1,-1.0,-0.1
3,NONE,-1.0,-0.1,-1.0,-0.1
3,NONE,-1.0,-0.1,-1.0,-0.1
3,NONE,-1.0,-0.1,-1.0,-0.1
3,NONE,-1.0,-0.1,-1.0,-0.1
3,NONE,-1.0,-0.1,-1.0,-0.1
3,NONE,-1.0,-0.1,-1.0,-0.1
3,NONE,-1.0,-0.1,-1.0,-0.1
3,NONE,-1.0,-0.1,-1.0,-0.1
3,NONE,-1.0,-0.1,-1.0,-0.1
3,NONE,-1.0,-0.1,-1.0,-0.1
3,NONE,-1.0,-0.1,-1.0,-0.1
3,NONE,-1.0,-0.1,-1.0,-0.1
3,NONE,-1.0,-0.1,-1.0,-0.1
3,NONE,-1.0,-0.1,-1.0,-0.1
3,NONE,-1.0,-0.1,-1.0,-0.1
3,NONE,-1.0,-0.1,-1.0,-0.1
3,NONE,-1.0,-0.1,-1.0,-0.1
3,NONE,-1.0,-0.1,-1.0,-0.1
3,NONE,-1.0,-0.1,-1.0,-0.1
3,NONE,-1.0,-0.1,-1.0,-0.1
3,NONE,-1.0,-0.1,-1.0,-0.1
3,NONE,-1.0,-0.1,-1.0,-0.1
3,NONE,-1.0,-0.1,-1.0,-0.1
3,NONE,-1.0,-0.1,-1.0,-0.1
3,NONE,-1.0,-0.1,-1.0,-0.1
3,NONE,-1.0,-0.1,-1.0,-0.1
3,NONE,-1.0,-0.1,-1.0,-0.1
3,NONE,-1.0,-0.1,-1.0,-0.1
3,NONE,-1.0,-0.1,-1.0,-0.1
3,NONE,-1.0,-0.1,-1.0,-0.1
3,NONE,-1.0,-0.1,-1.0,-0.1
3,NONE,-1.0,-0.1,-1.0,-0.1
3,NONE,-1.0,-0.1,-1.0,-0.1
3,NONE,-1.0,-0.1,-1.0,-0.1
3,NONE,-1.0,-0.1,-1.0,-0.1
3,NONE,-1.0,-0.1,-1.0,-0.1
3,NONE,-1.0,-0.1,-1.0,-0.1
3,NONE,-1.0,-0.1,-1.0,-0.1
3,NONE,-1.0,-0.1,-1.0,-0.1
3,NONE,-1.0,-0.1,-1.0,-0.1
3,NONE,-1.0,-0.1,-1.0,-0.1
3,NONE,-1.0,-0.1,-1.0,-0.1
3,NONE,-1.0,-0.1,-1.0,-0.1
3,NONE,-1.0,-0.1,-1.0,-0.1
3,NONE,-1.0,-0.1,-1.0,-0.1
3,NONE,-1.0,-0.1,-1.0,-0.1
3,NONE,-1.0,-0.1,-1.0,-0.1
3,NONE,-1.0,-0.1,-1.0,-0.1
3,NONE,-1.0,-0.1,-1.0,-0.1
3,NONE,-1.0,-0.1,-1.0,-0.1
3,NONE,-1.0,-0.1,-1.0,-0.1
3,NONE,-1.0,-0.1,-1.0,-0.1
3,NONE,-1.0,-0.1,-1.0,-0.1
3,NONE,-1.0,-0.1,-1.0,-0.1
3,NONE,-1.0,-0.1,-1.0,-0.1
3,NONE,-1.0,-0.1,-1.0,-0.1
3,NONE,-1.0,-0.1,-1.0,-0.1
3,NONE,-1.0,-0.1,-1.0,-0.1
3,NONE,-1.0,-0.1,-1.0,-0.1
3,NONE,-1.0,-0.1,-1.0,-0.1
3,NONE,-1.0,-0.1,-1.0,-0.1
3,NONE,-1.0,-0.1,-1.0,-0.1
3,NONE,-1.0,-0.1,-1.0,-0.1
3,NONE,-1.0,-0.1,-1.0,-0.1
3,NONE,-1.0,-0.1,-1.0,-0.1
3,NONE,-1.0,-0.1,-1.0,-0.1
3,NONE,-1.0,-0.1,-1.0,-0.1
3,NONE,-1.0,-0.1,-1.0,-0.1
3,NONE,-1.0,-0.1,-1.0,-0.1
3,NONE,-1.0,-0.1,-1.0,-0.1
3,NONE,-1.0,-0.1,-1.0,-0.1
3,NONE,-1.0,-0.1,-1.0,-0.1
3,NONE,-1.0,-0.1,-1.0,-0.1
3,NONE,-1.0,-0.1,-1.0,-0.1
3,NONE,-1.0,-0.1,-1.0,-0.1
3,NONE,-1.0,-0.1,-1.0,-0.1
3,NONE,-1.0,-0.1,-1.0,-0.1
3,NONE,-1.0,-0.1,-1.0,-0.1
3,NONE,-1.0,-0.1,-1.0,-0.1
3,NONE,-1.0,-0.1,-1.0,-0.1
3,NONE,-1.0,-0.1,-1.0,-0.1
3,NONE,-1.0,-0.1,-1.0,-0.1
3,NONE,-1.0,-0.1,-1.0,-0.1
3,NONE,-1.0,-0.1,-1.0,-0.1
2,EV_B07_C030_Mototaxi_Electrica,-1.0,-0.1,9.0,25.501617700681805
1,EV_B07_C030_Mototaxi_Electrica,5.0,93.10242757114588,-1.0,25.501617700681805
1,EV_B07_C030_Mototaxi_Electrica,4.0,93.10242757114588,-1.0,25.501617700681805
1,EV_B07_C030_Mototaxi_Electrica,3.0,93.10242757114588,-1.0,25.501617700681805
1,EV_B07_C030_Mototaxi_Electrica,2.0,93.10242757114588,-1.0,25.501617700681805
1,EV_B07_C030_Mototaxi_Electrica,1.0,93.10242757114588,-1.0,25.501617700681805
1,EV_B07_C030_Mototaxi_Electrica,0.0,93.10242757114588,-1.0,25.501617700681805
3,NONE,-1.0,-0.1,-1.0,-0.1
3,NONE,-1.0,-0.1,-1.0,-0.1
3,NONE,-1.0,-0.1,-1.0,-0.1
3,NONE,-1.0,-0.1,-1.0,-0.1
3,NONE,-1.0,-0.1,-1.0,-0.1
3,NONE,-1.0,-0.1,-1.0,-0.1
3,NONE,-1.0,-0.1,-1.0,-0.1
3,NONE,-1.0,-0.1,-1.0,-0.1
3,NONE,-1.0,-0.1,-1.0,-0.1
3,NONE,-1.0,-0.1,-1.0,-0.1
3,NONE,-1.0,-0.1,-1.0,-0.1
3,NONE,-1.0,-0.1,-1.0,-0.1
3,NONE,-1.0,-0.1,-1.0,-0.1
3,NONE,-1.0,-0.1,-1.0,-0.1
3,NONE,-1.0,-0.1,-1.0,-0.1
3,NONE,-1.0,-0.1,-1.0,-0.1
3,NONE,-1.0,-0.1,-1.0,-0.1
3,NONE,-1.0,-0.1,-1.0,-0.1
3,NONE,-1.0,-0.1,-1.0,-0.1
3,NONE,-1.0,-0.1,-1.0,-0.1
3,NONE,-1.0,-0.1,-1.0,-0.1
3,NONE,-1.0,-0.1,-1.0,-0.1
3,NONE,-1.0,-0.1,-1.0,-0.1
3,NONE,-1.0,-0.1,-1.0,-0.1
3,NONE,-1.0,-0.1,-1.0,-0.1
3,NONE,-1.0,-0.1,-1.0,-0.1
3,NONE,-1.0,-0.1,-1.0,-0.1
3,NONE,-1.0,-0.1,-1.0,-0.1
3,NONE,-1.0,-0.1,-1.0,-0.1
3,NONE,-1.0,-0.1,-1.0,-0.1
3,NONE,-1.0,-0.1,-1.0,-0.1
3,NONE,-1.0,-0.1,-1.0,-0.1
3,NONE,-1.0,-0.1,-1.0,-0.1
3,NONE,-1.0,-0.1,-1.0,-0.1
3,NONE,-1.0,-0.1,-1.0,-0.1
3,NONE,-1.0,-0.1,-1.0,-0.1
3,NONE,-1.0,-0.1,-1.0,-0.1
3,NONE,-1.0,-0.1,-1.0,-0.1
3,NONE,-1.0,-0.1,-1.0,-0.1
2,EV_B07_C030_Mototaxi_Electrica,-1.0,-0.1,7.0,16.933821709977348
1,EV_B07_C030_Mototaxi_Electrica,7.0,80.62334534250029,-1.0,16.933821709977348
1,EV_B07_C030_Mototaxi_Electrica,6.0,80.62334534250029,-1.0,16.933821709977348
1,EV_B07_C030_Mototaxi_Electrica,5.0,80.62334534250029,-1.0,16.933821709977348
1,EV_B07_C030_Mototaxi_Electrica,4.0,80.62334534250029,-1.0,16.933821709977348
1,EV_B07_C030_Mototaxi_Electrica,3.0,80.62334534250029,-1.0,16.933821709977348
1,EV_B07_C030_Mototaxi_Electrica,2.0,80.62334534250029,-1.0,16.933821709977348
1,EV_B07_C030_Mototaxi_Electrica,1.0,80.62334534250029,-1.0,16.933821709977348
1,EV_B07_C030_Mototaxi_Electrica,0.0,80.62334534250029,-1.0,16.933821709977348
3,NONE,-1.0,-0.1,-1.0,-0.1
3,NONE,-1.0,-0.1,-1.0,-0.1
3,NONE,-1.0,-0.1,-1.0,-0.1
3,NONE,-1.0,-0.1,-1.0,-0.1
3,NONE,-1.0,-0.1,-1.0,-0.1
3,NONE,-1.0,-0.1,-1.0,-0.1
3,NONE,-1.0,-0.1,-1.0,-0.1
3,NONE,-1.0,-0.1,-1.0,-0.1
3,NONE,-1.0,-0.1,-1.0,-0.1
3,NONE,-1.0,-0.1,-1.0,-0.1
3,NONE,-1.0,-0.1,-1.0,-0.1
3,NONE,-1.0,-0.1,-1.0,-0.1
3,NONE,-1.0,-0.1,-1.0,-0.1
3,NONE,-1.0,-0.1,-1.0,-0.1
3,NONE,-1.0,-0.1,-1.0,-0.1
3,NONE,-1.0,-0.1,-1.0,-0.1
3,NONE,-1.0,-0.1,-1.0,-0.1
3,NONE,-1.0,-0.1,-1.0,-0.1
3,NONE,-1.0,-0.1,-1.0,-0.1
3,NONE,-1.0,-0.1,-1.0,-0.1
3,NONE,-1.0,-0.1,-1.0,-0.1
3,NONE,-1.0,-0.1,-1.0,-0.1
3,NONE,-1.0,-0.1,-1.0,-0.1
3,NONE,-1.0,-0.1,-1.0,-0.1
3,NONE,-1.0,-0.1,-1.0,-0.1
3,NONE,-1.0,-0.1,-1.0,-0.1
3,NONE,-1.0,-0.1,-1.0,-0.1
3,NONE,-1.0,-0.1,-1.0,-0.1
3,NONE,-1.0,-0.1,-1.0,-0.1
3,NONE,-1.0,-0.1,-1.0,-0.1
3,NONE,-1.0,-0.1,-1.0,-0.1
3,NONE,-1.0,-0.1,-1.0,-0.1
3,NONE,-1.0,-0.1,-1.0,-0.1
3,NONE,-1.0,-0.1,-1.0,-0.1
3,NONE,-1.0,-0.1,-1.0,-0.1
3,NONE,-1.0,-0.1,-1.0,-0.1
3,NONE,-1.0,-0.1,-1.0,-0.1
3,NONE,-1.0,-0.1,-1.0,-0.1
3,NONE,-1.0,-0.1,-1.0,-0.1
3,NONE,-1.0,-0.1,-1.0,-0.1
3,NONE,-1.0,-0.1,-1.0,-0.1
3,NONE,-1.0,-0.1,-1.0,-0.1
3,NONE,-1.0,-0.1,-1.0,-0.1
3,NONE,-1.0,-0.1,-1.0,-0.1
3,NONE,-1.0,-0.1,-1.0,-0.1
3,NONE,-1.0,-0.1,-1.0,-0.1
3,NONE,-1.0,-0.1,-1.0,-0.1
3,NONE,-1.0,-0.1,-1.0,-0.1
3,NONE,-1.0,-0.1,-1.0,-0.1
3,NONE,-1.0,-0.1,-1.0,-0.1
3,NONE,-1.0,-0.1,-1.0,-0.1
3,NONE,-1.0,-0.1,-1.0,-0.1
3,NONE,-1.0,-0.1,-1.0,-0.1
3,NONE,-1.0,-0.1,-1.0,-0.1
3,NONE,-1.0,-0.1,-1.0,-0.1
3,NONE,-1.0,-0.1,-1.0,-0.1
3,NONE,-1.0,-0.1,-1.0,-0.1
3,NONE,-1.0,-0.1,-1.0,-0.1
3,NONE,-1.0,-0.1,-1.0,-0.1
3,NONE,-1.0,-0.1,-1.0,-0.1
3,NONE,-1.0,-0.1,-1.0,-0.1
3,NONE,-1.0,-0.1,-1.0,-0.1
3,NONE,-1.0,-0.1,-1.0,-0.1
2,EV_B07_C030_Mototaxi_Electrica,-1.0,-0.1,7.0,37.88264597137497
1,EV_B07_C030_Mototaxi_Electrica,7.0,76.32372519099275,-1.0,37.88264597137497
1,EV_B07_C030_Mototaxi_Electrica,6.0,76.32372519099275,-1.0,37.88264597137497
1,EV_B07_C030_Mototaxi_Electrica,5.0,76.32372519099275,-1.0,37.88264597137497
1,EV_B07_C030_Mototaxi_Electrica,4.0,76.32372519099275,-1.0,37.88264597137497
1,EV_B07_C030_Mototaxi_Electrica,3.0,76.32372519099275,-1.0,37.88264597137497
1,EV_B07_C030_Mototaxi_Electrica,2.0,76.32372519099275,-1.0,37.88264597137497
1,EV_B07_C030_Mototaxi_Electrica,1.0,76.32372519099275,-1.0,37.88264597137497
1,EV_B07_C030_Mototaxi_Electrica,0.0,76.32372519099275,-1.0,37.88264597137497
3,NONE,-1.0,-0.1,-1.0,-0.1
3,NONE,-1.0,-0.1,-1.0,-0.1
3,NONE,-1.0,-0.1,-1.0,-0.1
3,NONE,-1.0,-0.1,-1.0,-0.1
3,NONE,-1.0,-0.1,-1.0,-0.1
3,NONE,-1.0,-0.1,-1.0,-0.1
3,NONE,-1.0,-0.1,-1.0,-0.1
3,NONE,-1.0,-0.1,-1.0,-0.1
3,NONE,-1.0,-0.1,-1.0,-0.1
3,NONE,-1.0,-0.1,-1.0,-0.1
3,NONE,-1.0,-0.1,-1.0,-0.1
3,NONE,-1.0,-0.1,-1.0,-0.1
3,NONE,-1.0,-0.1,-1.0,-0.1
3,NONE,-1.0,-0.1,-1.0,-0.1
3,NONE,-1.0,-0.1,-1.0,-0.1
3,NONE,-1.0,-0.1,-1.0,-0.1
3,NONE,-1.0,-0.1,-1.0,-0.1
3,NONE,-1.0,-0.1,-1.0,-0.1
3,NONE,-1.0,-0.1,-1.0,-0.1
3,NONE,-1.0,-0.1,-1.0,-0.1
3,NONE,-1.0,-0.1,-1.0,-0.1
3,NONE,-1.0,-0.1,-1.0,-0.1
3,NONE,-1.0,-0.1,-1.0,-0.1
3,NONE,-1.0,-0.1,-1.0,-0.1
3,NONE,-1.0,-0.1,-1.0,-0.1
3,NONE,-1.0,-0.1,-1.0,-0.1
3,NONE,-1.0,-0.1,-1.0,-0.1
3,NONE,-1.0,-0.1,-1.0,-0.1
3,NONE,-1.0,-0.1,-1.0,-0.1
3,NONE,-1.0,-0.1,-1.0,-0.1
3,NONE,-1.0,-0.1,-1.0,-0.1
3,NONE,-1.0,-0.1,-1.0,-0.1
3,NONE,-1.0,-0.1,-1.0,-0.1
3,NONE,-1.0,-0.1,-1.0,-0.1
3,NONE,-1.0,-0.1,-1.0,-0.1
3,NONE,-1.0,-0.1,-1.0,-0.1
3,NONE,-1.0,-0.1,-1.0,-0.1
3,NONE,-1.0,-0.1,-1.0,-0.1
3,NONE,-1.0,-0.1,-1.0,-0.1
3,NONE,-1.0,-0.1,-1.0,-0.1
2,EV_B07_C030_Mototaxi_Electrica,-1.0,-0.1,8.0,43.23223028143262
1,EV_B07_C030_Mototaxi_Electrica,6.0,75.41688645432224,-1.0,43.23223028143262
1,EV_B07_C030_Mototaxi_Electrica,5.0,75.41688645432224,-1.0,43.23223028143262
1,EV_B07_C030_Mototaxi_Electrica,4.0,75.41688645432224,-1.0,43.23223028143262
1,EV_B07_C030_Mototaxi_Electrica,3.0,75.41688645432224,-1.0,43.23223028143262
1,EV_B07_C030_Mototaxi_Electrica,2.0,75.41688645432224,-1.0,43.23223028143262
1,EV_B07_C030_Mototaxi_Electrica,1.0,75.41688645432224,-1.0,43.23223028143262
1,EV_B07_C030_Mototaxi_Electrica,0.0,75.41688645432224,-1.0,43.23223028143262
3,NONE,-1.0,-0.1,-1.0,-0.1
3,NONE,-1.0,-0.1,-1.0,-0.1
3,NONE,-1.0,-0.1,-1.0,-0.1
3,NONE,-1.0,-0.1,-1.0,-0.1
3,NONE,-1.0,-0.1,-1.0,-0.1
3,NONE,-1.0,-0.1,-1.0,-0.1
3,NONE,-1.0,-0.1,-1.0,-0.1
3,NONE,-1.0,-0.1,-1.0,-0.1
3,NONE,-1.0,-0.1,-1.0,-0.1
3,NONE,-1.0,-0.1,-1.0,-0.1
3,NONE,-1.0,-0.1,-1.0,-0.1
3,NONE,-1.0,-0.1,-1.0,-0.1
3,NONE,-1.0,-0.1,-1.0,-0.1
3,NONE,-1.0,-0.1,-1.0,-0.1
3,NONE,-1.0,-0.1,-1.0,-0.1
2,EV_B07_C030_Mototaxi_Electrica,-1.0,-0.1,7.0,40.39820575985699
1,EV_B07_C030_Mototaxi_Electrica,7.0,76.14020757278347,-1.0,40.39820575985699
1,EV_B07_C030_Mototaxi_Electrica,6.0,76.14020757278347,-1.0,40.39820575985699
1,EV_B07_C030_Mototaxi_Electrica,5.0,76.14020757278347,-1.0,40.39820575985699
1,EV_B07_C030_Mototaxi_Electrica,4.0,76.14020757278347,-1.0,40.39820575985699
1,EV_B07_C030_Mototaxi_Electrica,3.0,76.14020757278347,-1.0,40.39820575985699
1,EV_B07_C030_Mototaxi_Electrica,2.0,76.14020757278347,-1.0,40.39820575985699
1,EV_B07_C030_Mototaxi_Electrica,1.0,76.14020757278347,-1.0,40.39820575985699
1,EV_B07_C030_Mototaxi_Electrica,0.0,76.14020757278347,-1.0,40.39820575985699
3,NONE,-1.0,-0.1,-1.0,-0.1
3,NONE,-1.0,-0.1,-1.0,-0.1
3,NONE,-1.0,-0.1,-1.0,-0.1
3,NONE,-1.0,-0.1,-1.0,-0.1
3,NONE,-1.0,-0.1,-1.0,-0.1
3,NONE,-1.0,-0.1,-1.0,-0.1
3,NONE,-1.0,-0.1,-1.0,-0.1
3,NONE,-1.0,-0.1,-1.0,-0.1
3,NONE,-1.0,-0.1,-1.0,-0.1
3,NONE,-1.0,-0.1,-1.0,-0.1
3,NONE,-1.0,-0.1,-1.0,-0.1
3,NONE,-1.0,-0.1,-1.0,-0.1
3,NONE,-1.0,-0.1,-1.0,-0.1
3,NONE,-1.0,-0.1,-1.0,-0.1
3,NONE,-1.0,-0.1,-1.0,-0.1
3,NONE,-1.0,-0.1,-1.0,-0.1
3,NONE,-1.0,-0.1,-1.0,-0.1
3,NONE,-1.0,-0.1,-1.0,-0.1
3,NONE,-1.0,-0.1,-1.0,-0.1
3,NONE,-1.0,-0.1,-1.0,-0.1
3,NONE,-1.0,-0.1,-1.0,-0.1
3,NONE,-1.0,-0.1,-1.0,-0.1
3,NONE,-1.0,-0.1,-1.0,-0.1
3,NONE,-1.0,-0.1,-1.0,-0.1
3,NONE,-1.0,-0.1,-1.0,-0.1
3,NONE,-1.0,-0.1,-1.0,-0.1
3,NONE,-1.0,-0.1,-1.0,-0.1
3,NONE,-1.0,-0.1,-1.0,-0.1
3,NONE,-1.0,-0.1,-1.0,-0.1
3,NONE,-1.0,-0.1,-1.0,-0.1
3,NONE,-1.0,-0.1,-1.0,-0.1
3,NONE,-1.0,-0.1,-1.0,-0.1
3,NONE,-1.0,-0.1,-1.0,-0.1
3,NONE,-1.0,-0.1,-1.0,-0.1
3,NONE,-1.0,-0.1,-1.0,-0.1
3,NONE,-1.0,-0.1,-1.0,-0.1
3,NONE,-1.0,-0.1,-1.0,-0.1
3,NONE,-1.0,-0.1,-1.0,-0.1
3,NONE,-1.0,-0.1,-1.0,-0.1
3,NONE,-1.0,-0.1,-1.0,-0.1
3,NONE,-1.0,-0.1,-1.0,-0.1
3,NONE,-1.0,-0.1,-1.0,-0.1
3,NONE,-1.0,-0.1,-1.0,-0.1
3,NONE,-1.0,-0.1,-1.0,-0.1
3,NONE,-1.0,-0.1,-1.0,-0.1
3,NONE,-1.0,-0.1,-1.0,-0.1
3,NONE,-1.0,-0.1,-1.0,-0.1
3,NONE,-1.0,-0.1,-1.0,-0.1
3,NONE,-1.0,-0.1,-1.0,-0.1
3,NONE,-1.0,-0.1,-1.0,-0.1
3,NONE,-1.0,-0.1,-1.0,-0.1
3,NONE,-1.0,-0.1,-1.0,-0.1
3,NONE,-1.0,-0.1,-1.0,-0.1
3,NONE,-1.0,-0.1,-1.0,-0.1
3,NONE,-1.0,-0.1,-1.0,-0.1
3,NONE,-1.0,-0.1,-1.0,-0.1
3,NONE,-1.0,-0.1,-1.0,-0.1
3,NONE,-1.0,-0.1,-1.0,-0.1
3,NONE,-1.0,-0.1,-1.0,-0.1
3,NONE,-1.0,-0.1,-1.0,-0.1
3,NONE,-1.0,-0.1,-1.0,-0.1
3,NONE,-1.0,-0.1,-1.0,-0.1
3,NONE,-1.0,-0.1,-1.0,-0.1
3,NONE,-1.0,-0.1,-1.0,-0.1
3,NONE,-1.0,-0.1,-1.0,-0.1
3,NONE,-1.0,-0.1,-1.0,-0.1
3,NONE,-1.0,-0.1,-1.0,-0.1
3,NONE,-1.0,-0.1,-1.0,-0.1
3,NONE,-1.0,-0.1,-1.0,-0.1
3,NONE,-1.0,-0.1,-1.0,-0.1
3,NONE,-1.0,-0.1,-1.0,-0.1
3,NONE,-1.0,-0.1,-1.0,-0.1
3,NONE,-1.0,-0.1,-1.0,-0.1
3,NONE,-1.0,-0.1,-1.0,-0.1
3,NONE,-1.0,-0.1,-1.0,-0.1
3,NONE,-1.0,-0.1,-1.0,-0.1
3,NONE,-1.0,-0.1,-1.0,-0.1
3,NONE,-1.0,-0.1,-1.0,-0.1
3,NONE,-1.0,-0.1,-1.0,-0.1
3,NONE,-1.0,-0.1,-1.0,-0.1
3,NONE,-1.0,-0.1,-1.0,-0.1
3,NONE,-1.0,-0.1,-1.0,-0.1
3,NONE,-1.0,-0.1,-1.0,-0.1
3,NONE,-1.0,-0.1,-1.0,-0.1
3,NONE,-1.0,-0.1,-1.0,-0.1
3,NONE,-1.0,-0.1,-1.0,-0.1
3,NONE,-1.0,-0.1,-1.0,-0.1
3,NONE,-1.0,-0.1,-1.0,-0.1
3,NONE,-1.0,-0.1,-1.0,-0.1
3,NONE,-1.0,-0.1,-1.0,-0.1
3,NONE,-1.0,-0.1,-1.0,-0.1
3,NONE,-1.0,-0.1,-1.0,-0.1
3,NONE,-1.0,-0.1,-1.0,-0.1
3,NONE,-1.0,-0.1,-1.0,-0.1
3,NONE,-1.0,-0.1,-1.0,-0.1
3,NONE,-1.0,-0.1,-1.0,-0.1
3,NONE,-1.0,-0.1,-1.0,-0.1
3,NONE,-1.0,-0.1,-1.0,-0.1
3,NONE,-1.0,-0.1,-1.0,-0.1
3,NONE,-1.0,-0.1,-1.0,-0.1
3,NONE,-1.0,-0.1,-1.0,-0.1
3,NONE,-1.0,-0.1,-1.0,-0.1
3,NONE,-1.0,-0.1,-1.0,-0.1
3,NONE,-1.0,-0.1,-1.0,-0.1
3,NONE,-1.0,-0.1,-1.0,-0.1
3,NONE,-1.0,-0.1,-1.0,-0.1
3,NONE,-1.0,-0.1,-1.0,-0.1
3,NONE,-1.0,-0.1,-1.0,-0.1
3,NONE,-1.0,-0.1,-1.0,-0.1
3,NONE,-1.0,-0.1,-1.0,-0.1
3,NONE,-1.0,-0.1,-1.0,-0.1
3,NONE,-1.0,-0.1,-1.0,-0.1
3,NONE,-1.0,-0.1,-1.0,-0.1
3,NONE,-1.0,-0.1,-1.0,-0.1
2,EV_B07_C030_Mototaxi_Electrica,-1.0,-0.1,10.0,21.154770890542743
1,EV_B07_C030_Mototaxi_Electrica,4.0,77.21106858884067,-1.0,21.154770890542743
1,EV_B07_C030_Mototaxi_Electrica,3.0,77.21106858884067,-1.0,21.154770890542743
1,EV_B07_C030_Mototaxi_Electrica,2.0,77.21106858884067,-1.0,21.154770890542743
1,EV_B07_C030_Mototaxi_Electrica,1.0,77.21106858884067,-1.0,21.154770890542743
1,EV_B07_C030_Mototaxi_Electrica,0.0,77.21106858884067,-1.0,21.154770890542743
3,NONE,-1.0,-0.1,-1.0,-0.1
3,NONE,-1.0,-0.1,-1.0,-0.1
3,NONE,-1.0,-0.1,-1.0,-0.1
3,NONE,-1.0,-0.1,-1.0,-0.1
3,NONE,-1.0,-0.1,-1.0,-0.1
3,NONE,-1.0,-0.1,-1.0,-0.1
3,NONE,-1.0,-0.1,-1.0,-0.1
3,NONE,-1.0,-0.1,-1.0,-0.1
3,NONE,-1.0,-0.1,-1.0,-0.1
3,NONE,-1.0,-0.1,-1.0,-0.1
3,NONE,-1.0,-0.1,-1.0,-0.1
3,NONE,-1.0,-0.1,-1.0,-0.1
3,NONE,-1.0,-0.1,-1.0,-0.1
3,NONE,-1.0,-0.1,-1.0,-0.1
3,NONE,-1.0,-0.1,-1.0,-0.1
3,NONE,-1.0,-0.1,-1.0,-0.1
3,NONE,-1.0,-0.1,-1.0,-0.1
3,NONE,-1.0,-0.1,-1.0,-0.1
3,NONE,-1.0,-0.1,-1.0,-0.1
3,NONE,-1.0,-0.1,-1.0,-0.1
3,NONE,-1.0,-0.1,-1.0,-0.1
3,NONE,-1.0,-0.1,-1.0,-0.1
3,NONE,-1.0,-0.1,-1.0,-0.1
3,NONE,-1.0,-0.1,-1.0,-0.1
3,NONE,-1.0,-0.1,-1.0,-0.1
3,NONE,-1.0,-0.1,-1.0,-0.1
3,NONE,-1.0,-0.1,-1.0,-0.1
3,NONE,-1.0,-0.1,-1.0,-0.1
3,NONE,-1.0,-0.1,-1.0,-0.1
3,NONE,-1.0,-0.1,-1.0,-0.1
3,NONE,-1.0,-0.1,-1.0,-0.1
3,NONE,-1.0,-0.1,-1.0,-0.1
3,NONE,-1.0,-0.1,-1.0,-0.1
3,NONE,-1.0,-0.1,-1.0,-0.1
3,NONE,-1.0,-0.1,-1.0,-0.1
3,NONE,-1.0,-0.1,-1.0,-0.1
3,NONE,-1.0,-0.1,-1.0,-0.1
3,NONE,-1.0,-0.1,-1.0,-0.1
3,NONE,-1.0,-0.1,-1.0,-0.1
3,NONE,-1.0,-0.1,-1.0,-0.1
3,NONE,-1.0,-0.1,-1.0,-0.1
3,NONE,-1.0,-0.1,-1.0,-0.1
3,NONE,-1.0,-0.1,-1.0,-0.1
3,NONE,-1.0,-0.1,-1.0,-0.1
3,NONE,-1.0,-0.1,-1.0,-0.1
3,NONE,-1.0,-0.1,-1.0,-0.1
3,NONE,-1.0,-0.1,-1.0,-0.1
3,NONE,-1.0,-0.1,-1.0,-0.1
3,NONE,-1.0,-0.1,-1.0,-0.1
3,NONE,-1.0,-0.1,-1.0,-0.1
3,NONE,-1.0,-0.1,-1.0,-0.1
3,NONE,-1.0,-0.1,-1.0,-0.1
3,NONE,-1.0,-0.1,-1.0,-0.1
3,NONE,-1.0,-0.1,-1.0,-0.1
3,NONE,-1.0,-0.1,-1.0,-0.1
3,NONE,-1.0,-0.1,-1.0,-0.1
3,NONE,-1.0,-0.1,-1.0,-0.1
3,NONE,-1.0,-0.1,-1.0,-0.1
3,NONE,-1.0,-0.1,-1.0,-0.1
3,NONE,-1.0,-0.1,-1.0,-0.1
3,NONE,-1.0,-0.1,-1.0,-0.1
3,NONE,-1.0,-0.1,-1.0,-0.1
3,NONE,-1.0,-0.1,-1.0,-0.1
3,NONE,-1.0,-0.1,-1.0,-0.1
3,NONE,-1.0,-0.1,-1.0,-0.1
2,EV_B07_C030_Mototaxi_Electrica,-1.0,-0.1,9.0,33.57979406928363
1,EV_B07_C030_Mototaxi_Electrica,5.0,88.13283380881097,-1.0,33.57979406928363
1,EV_B07_C030_Mototaxi_Electrica,4.0,88.13283380881097,-1.0,33.57979406928363
1,EV_B07_C030_Mototaxi_Electrica,3.0,88.13283380881097,-1.0,33.57979406928363
1,EV_B07_C030_Mototaxi_Electrica,2.0,88.13283380881097,-1.0,33.57979406928363
1,EV_B07_C030_Mototaxi_Electrica,1.0,88.13283380881097,-1.0,33.57979406928363
1,EV_B07_C030_Mototaxi_Electrica,0.0,88.13283380881097,-1.0,33.57979406928363
3,NONE,-1.0,-0.1,-1.0,-0.1
3,NONE,-1.0,-0.1,-1.0,-0.1
3,NONE,-1.0,-0.1,-1.0,-0.1
3,NONE,-1.0,-0.1,-1.0,-0.1
3,NONE,-1.0,-0.1,-1.0,-0.1
3,NONE,-1.0,-0.1,-1.0,-0.1
3,NONE,-1.0,-0.1,-1.0,-0.1
3,NONE,-1.0,-0.1,-1.0,-0.1
3,NONE,-1.0,-0.1,-1.0,-0.1
3,NONE,-1.0,-0.1,-1.0,-0.1
3,NONE,-1.0,-0.1,-1.0,-0.1
3,NONE,-1.0,-0.1,-1.0,-0.1
3,NONE,-1.0,-0.1,-1.0,-0.1
3,NONE,-1.0,-0.1,-1.0,-0.1
3,NONE,-1.0,-0.1,-1.0,-0.1
3,NONE,-1.0,-0.1,-1.0,-0.1
3,NONE,-1.0,-0.1,-1.0,-0.1
3,NONE,-1.0,-0.1,-1.0,-0.1
3,NONE,-1.0,-0.1,-1.0,-0.1
3,NONE,-1.0,-0.1,-1.0,-0.1
3,NONE,-1.0,-0.1,-1.0,-0.1
3,NONE,-1.0,-0.1,-1.0,-0.1
3,NONE,-1.0,-0.1,-1.0,-0.1
3,NONE,-1.0,-0.1,-1.0,-0.1
3,NONE,-1.0,-0.1,-1.0,-0.1
3,NONE,-1.0,-0.1,-1.0,-0.1
3,NONE,-1.0,-0.1,-1.0,-0.1
3,NONE,-1.0,-0.1,-1.0,-0.1
3,NONE,-1.0,-0.1,-1.0,-0.1
3,NONE,-1.0,-0.1,-1.0,-0.1
3,NONE,-1.0,-0.1,-1.0,-0.1
3,NONE,-1.0,-0.1,-1.0,-0.1
3,NONE,-1.0,-0.1,-1.0,-0.1
3,NONE,-1.0,-0.1,-1.0,-0.1
3,NONE,-1.0,-0.1,-1.0,-0.1
3,NONE,-1.0,-0.1,-1.0,-0.1
3,NONE,-1.0,-0.1,-1.0,-0.1
3,NONE,-1.0,-0.1,-1.0,-0.1
3,NONE,-1.0,-0.1,-1.0,-0.1
3,NONE,-1.0,-0.1,-1.0,-0.1
3,NONE,-1.0,-0.1,-1.0,-0.1
3,NONE,-1.0,-0.1,-1.0,-0.1
3,NONE,-1.0,-0.1,-1.0,-0.1
3,NONE,-1.0,-0.1,-1.0,-0.1
3,NONE,-1.0,-0.1,-1.0,-0.1
3,NONE,-1.0,-0.1,-1.0,-0.1
3,NONE,-1.0,-0.1,-1.0,-0.1
3,NONE,-1.0,-0.1,-1.0,-0.1
3,NONE,-1.0,-0.1,-1.0,-0.1
3,NONE,-1.0,-0.1,-1.0,-0.1
3,NONE,-1.0,-0.1,-1.0,-0.1
3,NONE,-1.0,-0.1,-1.0,-0.1
3,NONE,-1.0,-0.1,-1.0,-0.1
3,NONE,-1.0,-0.1,-1.0,-0.1
3,NONE,-1.0,-0.1,-1.0,-0.1
3,NONE,-1.0,-0.1,-1.0,-0.1
3,NONE,-1.0,-0.1,-1.0,-0.1
3,NONE,-1.0,-0.1,-1.0,-0.1
3,NONE,-1.0,-0.1,-1.0,-0.1
3,NONE,-1.0,-0.1,-1.0,-0.1
3,NONE,-1.0,-0.1,-1.0,-0.1
3,NONE,-1.0,-0.1,-1.0,-0.1
3,NONE,-1.0,-0.1,-1.0,-0.1
3,NONE,-1.0,-0.1,-1.0,-0.1
3,NONE,-1.0,-0.1,-1.0,-0.1
2,EV_B07_C030_Mototaxi_Electrica,-1.0,-0.1,9.0,7.9010390117080505
1,EV_B07_C030_Mototaxi_Electrica,5.0,74.26656815447002,-1.0,7.9010390117080505
1,EV_B07_C030_Mototaxi_Electrica,4.0,74.26656815447002,-1.0,7.9010390117080505
1,EV_B07_C030_Mototaxi_Electrica,3.0,74.26656815447002,-1.0,7.9010390117080505
1,EV_B07_C030_Mototaxi_Electrica,2.0,74.26656815447002,-1.0,7.9010390117080505
1,EV_B07_C030_Mototaxi_Electrica,1.0,74.26656815447002,-1.0,7.9010390117080505
1,EV_B07_C030_Mototaxi_Electrica,0.0,74.26656815447002,-1.0,7.9010390117080505
3,NONE,-1.0,-0.1,-1.0,-0.1
3,NONE,-1.0,-0.1,-1.0,-0.1
3,NONE,-1.0,-0.1,-1.0,-0.1
3,NONE,-1.0,-0.1,-1.0,-0.1
3,NONE,-1.0,-0.1,-1.0,-0.1
3,NONE,-1.0,-0.1,-1.0,-0.1
3,NONE,-1.0,-0.1,-1.0,-0.1
3,NONE,-1.0,-0.1,-1.0,-0.1
3,NONE,-1.0,-0.1,-1.0,-0.1
3,NONE,-1.0,-0.1,-1.0,-0.1
3,NONE,-1.0,-0.1,-1.0,-0.1
3,NONE,-1.0,-0.1,-1.0,-0.1
3,NONE,-1.0,-0.1,-1.0,-0.1
3,NONE,-1.0,-0.1,-1.0,-0.1
3,NONE,-1.0,-0.1,-1.0,-0.1
3,NONE,-1.0,-0.1,-1.0,-0.1
3,NONE,-1.0,-0.1,-1.0,-0.1
3,NONE,-1.0,-0.1,-1.0,-0.1
3,NONE,-1.0,-0.1,-1.0,-0.1
3,NONE,-1.0,-0.1,-1.0,-0.1
3,NONE,-1.0,-0.1,-1.0,-0.1
3,NONE,-1.0,-0.1,-1.0,-0.1
3,NONE,-1.0,-0.1,-1.0,-0.1
3,NONE,-1.0,-0.1,-1.0,-0.1
3,NONE,-1.0,-0.1,-1.0,-0.1
3,NONE,-1.0,-0.1,-1.0,-0.1
3,NONE,-1.0,-0.1,-1.0,-0.1
3,NONE,-1.0,-0.1,-1.0,-0.1
3,NONE,-1.0,-0.1,-1.0,-0.1
3,NONE,-1.0,-0.1,-1.0,-0.1
3,NONE,-1.0,-0.1,-1.0,-0.1
3,NONE,-1.0,-0.1,-1.0,-0.1
3,NONE,-1.0,-0.1,-1.0,-0.1
3,NONE,-1.0,-0.1,-1.0,-0.1
3,NONE,-1.0,-0.1,-1.0,-0.1
3,NONE,-1.0,-0.1,-1.0,-0.1
3,NONE,-1.0,-0.1,-1.0,-0.1
3,NONE,-1.0,-0.1,-1.0,-0.1
3,NONE,-1.0,-0.1,-1.0,-0.1
3,NONE,-1.0,-0.1,-1.0,-0.1
3,NONE,-1.0,-0.1,-1.0,-0.1
3,NONE,-1.0,-0.1,-1.0,-0.1
3,NONE,-1.0,-0.1,-1.0,-0.1
3,NONE,-1.0,-0.1,-1.0,-0.1
3,NONE,-1.0,-0.1,-1.0,-0.1
3,NONE,-1.0,-0.1,-1.0,-0.1
3,NONE,-1.0,-0.1,-1.0,-0.1
3,NONE,-1.0,-0.1,-1.0,-0.1
3,NONE,-1.0,-0.1,-1.0,-0.1
3,NONE,-1.0,-0.1,-1.0,-0.1
3,NONE,-1.0,-0.1,-1.0,-0.1
3,NONE,-1.0,-0.1,-1.0,-0.1
3,NONE,-1.0,-0.1,-1.0,-0.1
3,NONE,-1.0,-0.1,-1.0,-0.1
3,NONE,-1.0,-0.1,-1.0,-0.1
3,NONE,-1.0,-0.1,-1.0,-0.1
3,NONE,-1.0,-0.1,-1.0,-0.1
3,NONE,-1.0,-0.1,-1.0,-0.1
3,NONE,-1.0,-0.1,-1.0,-0.1
3,NONE,-1.0,-0.1,-1.0,-0.1
3,NONE,-1.0,-0.1,-1.0,-0.1
3,NONE,-1.0,-0.1,-1.0,-0.1
3,NONE,-1.0,-0.1,-1.0,-0.1
3,NONE,-1.0,-0.1,-1.0,-0.1
3,NONE,-1.0,-0.1,-1.0,-0.1
2,EV_B07_C030_Mototaxi_Electrica,-1.0,-0.1,9.0,58.31320784809523
1,EV_B07_C030_Mototaxi_Electrica,5.0,85.13267408638919,-1.0,58.31320784809523
1,EV_B07_C030_Mototaxi_Electrica,4.0,85.13267408638919,-1.0,58.31320784809523
1,EV_B07_C030_Mototaxi_Electrica,3.0,85.13267408638919,-1.0,58.31320784809523
1,EV_B07_C030_Mototaxi_Electrica,2.0,85.13267408638919,-1.0,58.31320784809523
1,EV_B07_C030_Mototaxi_Electrica,1.0,85.13267408638919,-1.0,58.31320784809523
1,EV_B07_C030_Mototaxi_Electrica,0.0,85.13267408638919,-1.0,58.31320784809523
3,NONE,-1.0,-0.1,-1.0,-0.1
3,NONE,-1.0,-0.1,-1.0,-0.1
3,NONE,-1.0,-0.1,-1.0,-0.1
3,NONE,-1.0,-0.1,-1.0,-0.1
3,NONE,-1.0,-0.1,-1.0,-0.1
3,NONE,-1.0,-0.1,-1.0,-0.1
3,NONE,-1.0,-0.1,-1.0,-0.1
3,NONE,-1.0,-0.1,-1.0,-0.1
3,NONE,-1.0,-0.1,-1.0,-0.1
3,NONE,-1.0,-0.1,-1.0,-0.1
3,NONE,-1.0,-0.1,-1.0,-0.1
3,NONE,-1.0,-0.1,-1.0,-0.1
3,NONE,-1.0,-0.1,-1.0,-0.1
3,NONE,-1.0,-0.1,-1.0,-0.1
3,NONE,-1.0,-0.1,-1.0,-0.1
3,NONE,-1.0,-0.1,-1.0,-0.1
3,NONE,-1.0,-0.1,-1.0,-0.1
3,NONE,-1.0,-0.1,-1.0,-0.1
3,NONE,-1.0,-0.1,-1.0,-0.1
3,NONE,-1.0,-0.1,-1.0,-0.1
3,NONE,-1.0,-0.1,-1.0,-0.1
3,NONE,-1.0,-0.1,-1.0,-0.1
3,NONE,-1.0,-0.1,-1.0,-0.1
3,NONE,-1.0,-0.1,-1.0,-0.1
3,NONE,-1.0,-0.1,-1.0,-0.1
3,NONE,-1.0,-0.1,-1.0,-0.1
3,NONE,-1.0,-0.1,-1.0,-0.1
3,NONE,-1.0,-0.1,-1.0,-0.1
3,NONE,-1.0,-0.1,-1.0,-0.1
3,NONE,-1.0,-0.1,-1.0,-0.1
3,NONE,-1.0,-0.1,-1.0,-0.1
3,NONE,-1.0,-0.1,-1.0,-0.1
3,NONE,-1.0,-0.1,-1.0,-0.1
3,NONE,-1.0,-0.1,-1.0,-0.1
3,NONE,-1.0,-0.1,-1.0,-0.1
3,NONE,-1.0,-0.1,-1.0,-0.1
3,NONE,-1.0,-0.1,-1.0,-0.1
3,NONE,-1.0,-0.1,-1.0,-0.1
3,NONE,-1.0,-0.1,-1.0,-0.1
3,NONE,-1.0,-0.1,-1.0,-0.1
3,NONE,-1.0,-0.1,-1.0,-0.1
3,NONE,-1.0,-0.1,-1.0,-0.1
3,NONE,-1.0,-0.1,-1.0,-0.1
3,NONE,-1.0,-0.1,-1.0,-0.1
3,NONE,-1.0,-0.1,-1.0,-0.1
3,NONE,-1.0,-0.1,-1.0,-0.1
3,NONE,-1.0,-0.1,-1.0,-0.1
3,NONE,-1.0,-0.1,-1.0,-0.1
3,NONE,-1.0,-0.1,-1.0,-0.1
3,NONE,-1.0,-0.1,-1.0,-0.1
3,NONE,-1.0,-0.1,-1.0,-0.1
3,NONE,-1.0,-0.1,-1.0,-0.1
3,NONE,-1.0,-0.1,-1.0,-0.1
3,NONE,-1.0,-0.1,-1.0,-0.1
3,NONE,-1.0,-0.1,-1.0,-0.1
3,NONE,-1.0,-0.1,-1.0,-0.1
3,NONE,-1.0,-0.1,-1.0,-0.1
3,NONE,-1.0,-0.1,-1.0,-0.1
3,NONE,-1.0,-0.1,-1.0,-0.1
3,NONE,-1.0,-0.1,-1.0,-0.1
3,NONE,-1.0,-0.1,-1.0,-0.1
3,NONE,-1.0,-0.1,-1.0,-0.1
3,NONE,-1.0,-0.1,-1.0,-0.1
3,NONE,-1.0,-0.1,-1.0,-0.1
3,NONE,-1.0,-0.1,-1.0,-0.1
3,NONE,-1.0,-0.1,-1.0,-0.1
3,NONE,-1.0,-0.1,-1.0,-0.1
3,NONE,-1.0,-0.1,-1.0,-0.1
3,NONE,-1.0,-0.1,-1.0,-0.1
3,NONE,-1.0,-0.1,-1.0,-0.1
3,NONE,-1.0,-0.1,-1.0,-0.1
3,NONE,-1.0,-0.1,-1.0,-0.1
3,NONE,-1.0,-0.1,-1.0,-0.1
3,NONE,-1.0,-0.1,-1.0,-0.1
3,NONE,-1.0,-0.1,-1.0,-0.1
3,NONE,-1.0,-0.1,-1.0,-0.1
3,NONE,-1.0,-0.1,-1.0,-0.1
3,NONE,-1.0,-0.1,-1.0,-0.1
3,NONE,-1.0,-0.1,-1.0,-0.1
3,NONE,-1.0,-0.1,-1.0,-0.1
3,NONE,-1.0,-0.1,-1.0,-0.1
3,NONE,-1.0,-0.1,-1.0,-0.1
3,NONE,-1.0,-0.1,-1.0,-0.1
3,NONE,-1.0,-0.1,-1.0,-0.1
3,NONE,-1.0,-0.1,-1.0,-0.1
3,NONE,-1.0,-0.1,-1.0,-0.1
3,NONE,-1.0,-0.1,-1.0,-0.1
3,NONE,-1.0,-0.1,-1.0,-0.1
2,EV_B07_C030_Mototaxi_Electrica,-1.0,-0.1,8.0,25.8483528349774
1,EV_B07_C030_Mototaxi_Electrica,6.0,75.10437857374454,-1.0,25.8483528349774
1,EV_B07_C030_Mototaxi_Electrica,5.0,75.10437857374454,-1.0,25.8483528349774
1,EV_B07_C030_Mototaxi_Electrica,4.0,75.10437857374454,-1.0,25.8483528349774
1,EV_B07_C030_Mototaxi_Electrica,3.0,75.10437857374454,-1.0,25.8483528349774
1,EV_B07_C030_Mototaxi_Electrica,2.0,75.10437857374454,-1.0,25.8483528349774
1,EV_B07_C030_Mototaxi_Electrica,1.0,75.10437857374454,-1.0,25.8483528349774
1,EV_B07_C030_Mototaxi_Electrica,0.0,75.10437857374454,-1.0,25.8483528349774
3,NONE,-1.0,-0.1,-1.0,-0.1
3,NONE,-1.0,-0.1,-1.0,-0.1
3,NONE,-1.0,-0.1,-1.0,-0.1
3,NONE,-1.0,-0.1,-1.0,-0.1
3,NONE,-1.0,-0.1,-1.0,-0.1
3,NONE,-1.0,-0.1,-1.0,-0.1
3,NONE,-1.0,-0.1,-1.0,-0.1
3,NONE,-1.0,-0.1,-1.0,-0.1
3,NONE,-1.0,-0.1,-1.0,-0.1
3,NONE,-1.0,-0.1,-1.0,-0.1
3,NONE,-1.0,-0.1,-1.0,-0.1
3,NONE,-1.0,-0.1,-1.0,-0.1
3,NONE,-1.0,-0.1,-1.0,-0.1
3,NONE,-1.0,-0.1,-1.0,-0.1
3,NONE,-1.0,-0.1,-1.0,-0.1
2,EV_B07_C030_Mototaxi_Electrica,-1.0,-0.1,7.0,39.20672885717872
1,EV_B07_C030_Mototaxi_Electrica,7.0,86.56713115752586,-1.0,39.20672885717872
1,EV_B07_C030_Mototaxi_Electrica,6.0,86.56713115752586,-1.0,39.20672885717872
1,EV_B07_C030_Mototaxi_Electrica,5.0,86.56713115752586,-1.0,39.20672885717872
1,EV_B07_C030_Mototaxi_Electrica,4.0,86.56713115752586,-1.0,39.20672885717872
1,EV_B07_C030_Mototaxi_Electrica,3.0,86.56713115752586,-1.0,39.20672885717872
1,EV_B07_C030_Mototaxi_Electrica,2.0,86.56713115752586,-1.0,39.20672885717872
1,EV_B07_C030_Mototaxi_Electrica,1.0,86.56713115752586,-1.0,39.20672885717872
1,EV_B07_C030_Mototaxi_Electrica,0.0,86.56713115752586,-1.0,39.20672885717872
3,NONE,-1.0,-0.1,-1.0,-0.1
3,NONE,-1.0,-0.1,-1.0,-0.1
3,NONE,-1.0,-0.1,-1.0,-0.1
3,NONE,-1.0,-0.1,-1.0,-0.1
3,NONE,-1.0,-0.1,-1.0,-0.1
3,NONE,-1.0,-0.1,-1.0,-0.1
3,NONE,-1.0,-0.1,-1.0,-0.1
3,NONE,-1.0,-0.1,-1.0,-0.1
3,NONE,-1.0,-0.1,-1.0,-0.1
3,NONE,-1.0,-0.1,-1.0,-0.1
3,NONE,-1.0,-0.1,-1.0,-0.1
3,NONE,-1.0,-0.1,-1.0,-0.1
3,NONE,-1.0,-0.1,-1.0,-0.1
3,NONE,-1.0,-0.1,-1.0,-0.1
3,NONE,-1.0,-0.1,-1.0,-0.1
3,NONE,-1.0,-0.1,-1.0,-0.1
2,EV_B07_C030_Mototaxi_Electrica,-1.0,-0.1,8.0,40.16857818358197
1,EV_B07_C030_Mototaxi_Electrica,6.0,76.19748278491109,-1.0,40.16857818358197
1,EV_B07_C030_Mototaxi_Electrica,5.0,76.19748278491109,-1.0,40.16857818358197
1,EV_B07_C030_Mototaxi_Electrica,4.0,76.19748278491109,-1.0,40.16857818358197
1,EV_B07_C030_Mototaxi_Electrica,3.0,76.19748278491109,-1.0,40.16857818358197
1,EV_B07_C030_Mototaxi_Electrica,2.0,76.19748278491109,-1.0,40.16857818358197
1,EV_B07_C030_Mototaxi_Electrica,1.0,76.19748278491109,-1.0,40.16857818358197
1,EV_B07_C030_Mototaxi_Electrica,0.0,76.19748278491109,-1.0,40.16857818358197
3,NONE,-1.0,-0.1,-1.0,-0.1
3,NONE,-1.0,-0.1,-1.0,-0.1
3,NONE,-1.0,-0.1,-1.0,-0.1
3,NONE,-1.0,-0.1,-1.0,-0.1
3,NONE,-1.0,-0.1,-1.0,-0.1
3,NONE,-1.0,-0.1,-1.0,-0.1
3,NONE,-1.0,-0.1,-1.0,-0.1
3,NONE,-1.0,-0.1,-1.0,-0.1
3,NONE,-1.0,-0.1,-1.0,-0.1
3,NONE,-1.0,-0.1,-1.0,-0.1
3,NONE,-1.0,-0.1,-1.0,-0.1
3,NONE,-1.0,-0.1,-1.0,-0.1
3,NONE,-1.0,-0.1,-1.0,-0.1
3,NONE,-1.0,-0.1,-1.0,-0.1
3,NONE,-1.0,-0.1,-1.0,-0.1
3,NONE,-1.0,-0.1,-1.0,-0.1
3,NONE,-1.0,-0.1,-1.0,-0.1
2,EV_B07_C030_Mototaxi_Electrica,-1.0,-0.1,9.0,46.67132894625994
1,EV_B07_C030_Mototaxi_Electrica,5.0,81.09312299330907,-1.0,46.67132894625994
1,EV_B07_C030_Mototaxi_Electrica,4.0,81.09312299330907,-1.0,46.67132894625994
1,EV_B07_C030_Mototaxi_Electrica,3.0,81.09312299330907,-1.0,46.67132894625994
1,EV_B07_C030_Mototaxi_Electrica,2.0,81.09312299330907,-1.0,46.67132894625994
1,EV_B07_C030_Mototaxi_Electrica,1.0,81.09312299330907,-1.0,46.67132894625994
1,EV_B07_C030_Mototaxi_Electrica,0.0,81.09312299330907,-1.0,46.67132894625994
3,NONE,-1.0,-0.1,-1.0,-0.1
3,NONE,-1.0,-0.1,-1.0,-0.1
3,NONE,-1.0,-0.1,-1.0,-0.1
3,NONE,-1.0,-0.1,-1.0,-0.1
3,NONE,-1.0,-0.1,-1.0,-0.1
3,NONE,-1.0,-0.1,-1.0,-0.1
3,NONE,-1.0,-0.1,-1.0,-0.1
3,NONE,-1.0,-0.1,-1.0,-0.1
3,NONE,-1.0,-0.1,-1.0,-0.1
3,NONE,-1.0,-0.1,-1.0,-0.1
3,NONE,-1.0,-0.1,-1.0,-0.1
3,NONE,-1.0,-0.1,-1.0,-0.1
3,NONE,-1.0,-0.1,-1.0,-0.1
3,NONE,-1.0,-0.1,-1.0,-0.1
3,NONE,-1.0,-0.1,-1.0,-0.1
3,NONE,-1.0,-0.1,-1.0,-0.1
3,NONE,-1.0,-0.1,-1.0,-0.1
3,NONE,-1.0,-0.1,-1.0,-0.1
3,NONE,-1.0,-0.1,-1.0,-0.1
3,NONE,-1.0,-0.1,-1.0,-0.1
3,NONE,-1.0,-0.1,-1.0,-0.1
3,NONE,-1.0,-0.1,-1.0,-0.1
3,NONE,-1.0,-0.1,-1.0,-0.1
3,NONE,-1.0,-0.1,-1.0,-0.1
3,NONE,-1.0,-0.1,-1.0,-0.1
3,NONE,-1.0,-0.1,-1.0,-0.1
3,NONE,-1.0,-0.1,-1.0,-0.1
3,NONE,-1.0,-0.1,-1.0,-0.1
3,NONE,-1.0,-0.1,-1.0,-0.1
3,NONE,-1.0,-0.1,-1.0,-0.1
3,NONE,-1.0,-0.1,-1.0,-0.1
3,NONE,-1.0,-0.1,-1.0,-0.1
3,NONE,-1.0,-0.1,-1.0,-0.1
3,NONE,-1.0,-0.1,-1.0,-0.1
3,NONE,-1.0,-0.1,-1.0,-0.1
3,NONE,-1.0,-0.1,-1.0,-0.1
3,NONE,-1.0,-0.1,-1.0,-0.1
3,NONE,-1.0,-0.1,-1.0,-0.1
3,NONE,-1.0,-0.1,-1.0,-0.1
3,NONE,-1.0,-0.1,-1.0,-0.1
3,NONE,-1.0,-0.1,-1.0,-0.1
3,NONE,-1.0,-0.1,-1.0,-0.1
3,NONE,-1.0,-0.1,-1.0,-0.1
3,NONE,-1.0,-0.1,-1.0,-0.1
3,NONE,-1.0,-0.1,-1.0,-0.1
3,NONE,-1.0,-0.1,-1.0,-0.1
3,NONE,-1.0,-0.1,-1.0,-0.1
3,NONE,-1.0,-0.1,-1.0,-0.1
3,NONE,-1.0,-0.1,-1.0,-0.1
3,NONE,-1.0,-0.1,-1.0,-0.1
3,NONE,-1.0,-0.1,-1.0,-0.1
3,NONE,-1.0,-0.1,-1.0,-0.1
3,NONE,-1.0,-0.1,-1.0,-0.1
3,NONE,-1.0,-0.1,-1.0,-0.1
3,NONE,-1.0,-0.1,-1.0,-0.1
3,NONE,-1.0,-0.1,-1.0,-0.1
3,NONE,-1.0,-0.1,-1.0,-0.1
3,NONE,-1.0,-0.1,-1.0,-0.1
3,NONE,-1.0,-0.1,-1.0,-0.1
3,NONE,-1.0,-0.1,-1.0,-0.1
3,NONE,-1.0,-0.1,-1.0,-0.1
3,NONE,-1.0,-0.1,-1.0,-0.1
3,NONE,-1.0,-0.1,-1.0,-0.1
3,NONE,-1.0,-0.1,-1.0,-0.1
3,NONE,-1.0,-0.1,-1.0,-0.1
3,NONE,-1.0,-0.1,-1.0,-0.1
3,NONE,-1.0,-0.1,-1.0,-0.1
3,NONE,-1.0,-0.1,-1.0,-0.1
3,NONE,-1.0,-0.1,-1.0,-0.1
3,NONE,-1.0,-0.1,-1.0,-0.1
3,NONE,-1.0,-0.1,-1.0,-0.1
3,NONE,-1.0,-0.1,-1.0,-0.1
3,NONE,-1.0,-0.1,-1.0,-0.1
3,NONE,-1.0,-0.1,-1.0,-0.1
3,NONE,-1.0,-0.1,-1.0,-0.1
3,NONE,-1.0,-0.1,-1.0,-0.1
3,NONE,-1.0,-0.1,-1.0,-0.1
3,NONE,-1.0,-0.1,-1.0,-0.1
3,NONE,-1.0,-0.1,-1.0,-0.1
3,NONE,-1.0,-0.1,-1.0,-0.1
3,NONE,-1.0,-0.1,-1.0,-0.1
3,NONE,-1.0,-0.1,-1.0,-0.1
3,NONE,-1.0,-0.1,-1.0,-0.1
3,NONE,-1.0,-0.1,-1.0,-0.1
3,NONE,-1.0,-0.1,-1.0,-0.1
3,NONE,-1.0,-0.1,-1.0,-0.1
3,NONE,-1.0,-0.1,-1.0,-0.1
2,EV_B07_C030_Mototaxi_Electrica,-1.0,-0.1,7.0,17.652740966873814
1,EV_B07_C030_Mototaxi_Electrica,7.0,81.17548513182783,-1.0,17.652740966873814
1,EV_B07_C030_Mototaxi_Electrica,6.0,81.17548513182783,-1.0,17.652740966873814
1,EV_B07_C030_Mototaxi_Electrica,5.0,81.17548513182783,-1.0,17.652740966873814
1,EV_B07_C030_Mototaxi_Electrica,4.0,81.17548513182783,-1.0,17.652740966873814
1,EV_B07_C030_Mototaxi_Electrica,3.0,81.17548513182783,-1.0,17.652740966873814
1,EV_B07_C030_Mototaxi_Electrica,2.0,81.17548513182783,-1.0,17.652740966873814
1,EV_B07_C030_Mototaxi_Electrica,1.0,81.17548513182783,-1.0,17.652740966873814
1,EV_B07_C030_Mototaxi_Electrica,0.0,81.17548513182783,-1.0,17.652740966873814
3,NONE,-1.0,-0.1,-1.0,-0.1
3,NONE,-1.0,-0.1,-1.0,-0.1
3,NONE,-1.0,-0.1,-1.0,-0.1
3,NONE,-1.0,-0.1,-1.0,-0.1
3,NONE,-1.0,-0.1,-1.0,-0.1
3,NONE,-1.0,-0.1,-1.0,-0.1
3,NONE,-1.0,-0.1,-1.0,-0.1
3,NONE,-1.0,-0.1,-1.0,-0.1
3,NONE,-1.0,-0.1,-1.0,-0.1
3,NONE,-1.0,-0.1,-1.0,-0.1
3,NONE,-1.0,-0.1,-1.0,-0.1
3,NONE,-1.0,-0.1,-1.0,-0.1
3,NONE,-1.0,-0.1,-1.0,-0.1
3,NONE,-1.0,-0.1,-1.0,-0.1
3,NONE,-1.0,-0.1,-1.0,-0.1
3,NONE,-1.0,-0.1,-1.0,-0.1
2,EV_B07_C030_Mototaxi_Electrica,-1.0,-0.1,8.0,14.256680560200476
1,EV_B07_C030_Mototaxi_Electrica,6.0,83.27324795277197,-1.0,14.256680560200476
1,EV_B07_C030_Mototaxi_Electrica,5.0,83.27324795277197,-1.0,14.256680560200476
1,EV_B07_C030_Mototaxi_Electrica,4.0,83.27324795277197,-1.0,14.256680560200476
1,EV_B07_C030_Mototaxi_Electrica,3.0,83.27324795277197,-1.0,14.256680560200476
1,EV_B07_C030_Mototaxi_Electrica,2.0,83.27324795277197,-1.0,14.256680560200476
1,EV_B07_C030_Mototaxi_Electrica,1.0,83.27324795277197,-1.0,14.256680560200476
1,EV_B07_C030_Mototaxi_Electrica,0.0,83.27324795277197,-1.0,14.256680560200476
3,NONE,-1.0,-0.1,-1.0,-0.1
3,NONE,-1.0,-0.1,-1.0,-0.1
3,NONE,-1.0,-0.1,-1.0,-0.1
3,NONE,-1.0,-0.1,-1.0,-0.1
3,NONE,-1.0,-0.1,-1.0,-0.1
3,NONE,-1.0,-0.1,-1.0,-0.1
3,NONE,-1.0,-0.1,-1.0,-0.1
3,NONE,-1.0,-0.1,-1.0,-0.1
3,NONE,-1.0,-0.1,-1.0,-0.1
3,NONE,-1.0,-0.1,-1.0,-0.1
3,NONE,-1.0,-0.1,-1.0,-0.1
3,NONE,-1.0,-0.1,-1.0,-0.1
3,NONE,-1.0,-0.1,-1.0,-0.1
3,NONE,-1.0,-0.1,-1.0,-0.1
3,NONE,-1.0,-0.1,-1.0,-0.1
3,NONE,-1.0,-0.1,-1.0,-0.1
3,NONE,-1.0,-0.1,-1.0,-0.1
3,NONE,-1.0,-0.1,-1.0,-0.1
3,NONE,-1.0,-0.1,-1.0,-0.1
3,NONE,-1.0,-0.1,-1.0,-0.1
3,NONE,-1.0,-0.1,-1.0,-0.1
3,NONE,-1.0,-0.1,-1.0,-0.1
3,NONE,-1.0,-0.1,-1.0,-0.1
3,NONE,-1.0,-0.1,-1.0,-0.1
3,NONE,-1.0,-0.1,-1.0,-0.1
3,NONE,-1.0,-0.1,-1.0,-0.1
3,NONE,-1.0,-0.1,-1.0,-0.1
3,NONE,-1.0,-0.1,-1.0,-0.1
3,NONE,-1.0,-0.1,-1.0,-0.1
3,NONE,-1.0,-0.1,-1.0,-0.1
3,NONE,-1.0,-0.1,-1.0,-0.1
3,NONE,-1.0,-0.1,-1.0,-0.1
3,NONE,-1.0,-0.1,-1.0,-0.1
3,NONE,-1.0,-0.1,-1.0,-0.1
3,NONE,-1.0,-0.1,-1.0,-0.1
3,NONE,-1.0,-0.1,-1.0,-0.1
3,NONE,-1.0,-0.1,-1.0,-0.1
3,NONE,-1.0,-0.1,-1.0,-0.1
3,NONE,-1.0,-0.1,-1.0,-0.1
2,EV_B07_C030_Mototaxi_Electrica,-1.0,-0.1,7.0,8.377440512174317
1,EV_B07_C030_Mototaxi_Electrica,6.0,87.53950239603532,-1.0,8.377440512174317
1,EV_B07_C030_Mototaxi_Electrica,5.0,87.53950239603532,-1.0,8.377440512174317
1,EV_B07_C030_Mototaxi_Electrica,4.0,87.53950239603532,-1.0,8.377440512174317
1,EV_B07_C030_Mototaxi_Electrica,3.0,87.53950239603532,-1.0,8.377440512174317
1,EV_B07_C030_Mototaxi_Electrica,2.0,87.53950239603532,-1.0,8.377440512174317
1,EV_B07_C030_Mototaxi_Electrica,1.0,87.53950239603532,-1.0,8.377440512174317
1,EV_B07_C030_Mototaxi_Electrica,0.0,87.53950239603532,-1.0,8.377440512174317
3,NONE,-1.0,-0.1,-1.0,-0.1
3,NONE,-1.0,-0.1,-1.0,-0.1
3,NONE,-1.0,-0.1,-1.0,-0.1
3,NONE,-1.0,-0.1,-1.0,-0.1
3,NONE,-1.0,-0.1,-1.0,-0.1
3,NONE,-1.0,-0.1,-1.0,-0.1
3,NONE,-1.0,-0.1,-1.0,-0.1
3,NONE,-1.0,-0.1,-1.0,-0.1
3,NONE,-1.0,-0.1,-1.0,-0.1
3,NONE,-1.0,-0.1,-1.0,-0.1
3,NONE,-1.0,-0.1,-1.0,-0.1
3,NONE,-1.0,-0.1,-1.0,-0.1
3,NONE,-1.0,-0.1,-1.0,-0.1
3,NONE,-1.0,-0.1,-1.0,-0.1
3,NONE,-1.0,-0.1,-1.0,-0.1
3,NONE,-1.0,-0.1,-1.0,-0.1
3,NONE,-1.0,-0.1,-1.0,-0.1
2,EV_B07_C030_Mototaxi_Electrica,-1.0,-0.1,8.0,53.05929912697479
1,EV_B07_C030_Mototaxi_Electrica,6.0,89.42625693840583,-1.0,53.05929912697479
1,EV_B07_C030_Mototaxi_Electrica,5.0,89.42625693840583,-1.0,53.05929912697479
1,EV_B07_C030_Mototaxi_Electrica,4.0,89.42625693840583,-1.0,53.05929912697479
1,EV_B07_C030_Mototaxi_Electrica,3.0,89.42625693840583,-1.0,53.05929912697479
1,EV_B07_C030_Mototaxi_Electrica,2.0,89.42625693840583,-1.0,53.05929912697479
1,EV_B07_C030_Mototaxi_Electrica,1.0,89.42625693840583,-1.0,53.05929912697479
1,EV_B07_C030_Mototaxi_Electrica,0.0,89.42625693840583,-1.0,53.05929912697479
3,NONE,-1.0,-0.1,-1.0,-0.1
3,NONE,-1.0,-0.1,-1.0,-0.1
3,NONE,-1.0,-0.1,-1.0,-0.1
3,NONE,-1.0,-0.1,-1.0,-0.1
3,NONE,-1.0,-0.1,-1.0,-0.1
3,NONE,-1.0,-0.1,-1.0,-0.1
3,NONE,-1.0,-0.1,-1.0,-0.1
3,NONE,-1.0,-0.1,-1.0,-0.1
3,NONE,-1.0,-0.1,-1.0,-0.1
3,NONE,-1.0,-0.1,-1.0,-0.1
3,NONE,-1.0,-0.1,-1.0,-0.1
3,NONE,-1.0,-0.1,-1.0,-0.1
3,NONE,-1.0,-0.1,-1.0,-0.1
3,NONE,-1.0,-0.1,-1.0,-0.1
3,NONE,-1.0,-0.1,-1.0,-0.1
3,NONE,-1.0,-0.1,-1.0,-0.1
3,NONE,-1.0,-0.1,-1.0,-0.1
3,NONE,-1.0,-0.1,-1.0,-0.1
3,NONE,-1.0,-0.1,-1.0,-0.1
3,NONE,-1.0,-0.1,-1.0,-0.1
3,NONE,-1.0,-0.1,-1.0,-0.1
3,NONE,-1.0,-0.1,-1.0,-0.1
3,NONE,-1.0,-0.1,-1.0,-0.1
3,NONE,-1.0,-0.1,-1.0,-0.1
3,NONE,-1.0,-0.1,-1.0,-0.1
3,NONE,-1.0,-0.1,-1.0,-0.1
3,NONE,-1.0,-0.1,-1.0,-0.1
3,NONE,-1.0,-0.1,-1.0,-0.1
3,NONE,-1.0,-0.1,-1.0,-0.1
3,NONE,-1.0,-0.1,-1.0,-0.1
3,NONE,-1.0,-0.1,-1.0,-0.1
3,NONE,-1.0,-0.1,-1.0,-0.1
3,NONE,-1.0,-0.1,-1.0,-0.1
3,NONE,-1.0,-0.1,-1.0,-0.1
3,NONE,-1.0,-0.1,-1.0,-0.1
3,NONE,-1.0,-0.1,-1.0,-0.1
3,NONE,-1.0,-0.1,-1.0,-0.1
3,NONE,-1.0,-0.1,-1.0,-0.1
3,NONE,-1.0,-0.1,-1.0,-0.1
3,NONE,-1.0,-0.1,-1.0,-0.1
3,NONE,-1.0,-0.1,-1.0,-0.1
3,NONE,-1.0,-0.1,-1.0,-0.1
3,NONE,-1.0,-0.1,-1.0,-0.1
3,NONE,-1.0,-0.1,-1.0,-0.1
3,NONE,-1.0,-0.1,-1.0,-0.1
3,NONE,-1.0,-0.1,-1.0,-0.1
3,NONE,-1.0,-0.1,-1.0,-0.1
3,NONE,-1.0,-0.1,-1.0,-0.1
3,NONE,-1.0,-0.1,-1.0,-0.1
3,NONE,-1.0,-0.1,-1.0,-0.1
3,NONE,-1.0,-0.1,-1.0,-0.1
3,NONE,-1.0,-0.1,-1.0,-0.1
3,NONE,-1.0,-0.1,-1.0,-0.1
3,NONE,-1.0,-0.1,-1.0,-0.1
3,NONE,-1.0,-0.1,-1.0,-0.1
3,NONE,-1.0,-0.1,-1.0,-0.1
3,NONE,-1.0,-0.1,-1.0,-0.1
3,NONE,-1.0,-0.1,-1.0,-0.1
3,NONE,-1.0,-0.1,-1.0,-0.1
3,NONE,-1.0,-0.1,-1.0,-0.1
3,NONE,-1.0,-0.1,-1.0,-0.1
3,NONE,-1.0,-0.1,-1.0,-0.1
3,NONE,-1.0,-0.1,-1.0,-0.1
2,EV_B07_C030_Mototaxi_Electrica,-1.0,-0.1,7.0,37.347457005013446
1,EV_B07_C030_Mototaxi_Electrica,7.0,79.67642494961254,-1.0,37.347457005013446
1,EV_B07_C030_Mototaxi_Electrica,6.0,79.67642494961254,-1.0,37.347457005013446
1,EV_B07_C030_Mototaxi_Electrica,5.0,79.67642494961254,-1.0,37.347457005013446
1,EV_B07_C030_Mototaxi_Electrica,4.0,79.67642494961254,-1.0,37.347457005013446
1,EV_B07_C030_Mototaxi_Electrica,3.0,79.67642494961254,-1.0,37.347457005013446
1,EV_B07_C030_Mototaxi_Electrica,2.0,79.67642494961254,-1.0,37.347457005013446
1,EV_B07_C030_Mototaxi_Electrica,1.0,79.67642494961254,-1.0,37.347457005013446
1,EV_B07_C030_Mototaxi_Electrica,0.0,79.67642494961254,-1.0,37.347457005013446
3,NONE,-1.0,-0.1,-1.0,-0.1
3,NONE,-1.0,-0.1,-1.0,-0.1
3,NONE,-1.0,-0.1,-1.0,-0.1
3,NONE,-1.0,-0.1,-1.0,-0.1
3,NONE,-1.0,-0.1,-1.0,-0.1
3,NONE,-1.0,-0.1,-1.0,-0.1
3,NONE,-1.0,-0.1,-1.0,-0.1
3,NONE,-1.0,-0.1,-1.0,-0.1
3,NONE,-1.0,-0.1,-1.0,-0.1
3,NONE,-1.0,-0.1,-1.0,-0.1
3,NONE,-1.0,-0.1,-1.0,-0.1
3,NONE,-1.0,-0.1,-1.0,-0.1
3,NONE,-1.0,-0.1,-1.0,-0.1
3,NONE,-1.0,-0.1,-1.0,-0.1
3,NONE,-1.0,-0.1,-1.0,-0.1
3,NONE,-1.0,-0.1,-1.0,-0.1
3,NONE,-1.0,-0.1,-1.0,-0.1
3,NONE,-1.0,-0.1,-1.0,-0.1
2,EV_B07_C030_Mototaxi_Electrica,-1.0,-0.1,10.0,27.227815081633103
1,EV_B07_C030_Mototaxi_Electrica,4.0,68.37852384435001,-1.0,27.227815081633103
1,EV_B07_C030_Mototaxi_Electrica,3.0,68.37852384435001,-1.0,27.227815081633103
1,EV_B07_C030_Mototaxi_Electrica,2.0,68.37852384435001,-1.0,27.227815081633103
1,EV_B07_C030_Mototaxi_Electrica,1.0,68.37852384435001,-1.0,27.227815081633103
1,EV_B07_C030_Mototaxi_Electrica,0.0,68.37852384435001,-1.0,27.227815081633103
3,NONE,-1.0,-0.1,-1.0,-0.1
3,NONE,-1.0,-0.1,-1.0,-0.1
3,NONE,-1.0,-0.1,-1.0,-0.1
3,NONE,-1.0,-0.1,-1.0,-0.1
3,NONE,-1.0,-0.1,-1.0,-0.1
3,NONE,-1.0,-0.1,-1.0,-0.1
3,NONE,-1.0,-0.1,-1.0,-0.1
3,NONE,-1.0,-0.1,-1.0,-0.1
3,NONE,-1.0,-0.1,-1.0,-0.1
3,NONE,-1.0,-0.1,-1.0,-0.1
3,NONE,-1.0,-0.1,-1.0,-0.1
3,NONE,-1.0,-0.1,-1.0,-0.1
3,NONE,-1.0,-0.1,-1.0,-0.1
3,NONE,-1.0,-0.1,-1.0,-0.1
3,NONE,-1.0,-0.1,-1.0,-0.1
3,NONE,-1.0,-0.1,-1.0,-0.1
3,NONE,-1.0,-0.1,-1.0,-0.1
2,EV_B07_C030_Mototaxi_Electrica,-1.0,-0.1,9.0,55.17196335194656
1,EV_B07_C030_Mototaxi_Electrica,5.0,75.24079821387684,-1.0,55.17196335194656
1,EV_B07_C030_Mototaxi_Electrica,4.0,75.24079821387684,-1.0,55.17196335194656
1,EV_B07_C030_Mototaxi_Electrica,3.0,75.24079821387684,-1.0,55.17196335194656
1,EV_B07_C030_Mototaxi_Electrica,2.0,75.24079821387684,-1.0,55.17196335194656
1,EV_B07_C030_Mototaxi_Electrica,1.0,75.24079821387684,-1.0,55.17196335194656
1,EV_B07_C030_Mototaxi_Electrica,0.0,75.24079821387684,-1.0,55.17196335194656
3,NONE,-1.0,-0.1,-1.0,-0.1
3,NONE,-1.0,-0.1,-1.0,-0.1
3,NONE,-1.0,-0.1,-1.0,-0.1
3,NONE,-1.0,-0.1,-1.0,-0.1
3,NONE,-1.0,-0.1,-1.0,-0.1
3,NONE,-1.0,-0.1,-1.0,-0.1
3,NONE,-1.0,-0.1,-1.0,-0.1
3,NONE,-1.0,-0.1,-1.0,-0.1
3,NONE,-1.0,-0.1,-1.0,-0.1
3,NONE,-1.0,-0.1,-1.0,-0.1
3,NONE,-1.0,-0.1,-1.0,-0.1
3,NONE,-1.0,-0.1,-1.0,-0.1
3,NONE,-1.0,-0.1,-1.0,-0.1
3,NONE,-1.0,-0.1,-1.0,-0.1
3,NONE,-1.0,-0.1,-1.0,-0.1
2,EV_B07_C030_Mototaxi_Electrica,-1.0,-0.1,7.0,24.915534285256864
1,EV_B07_C030_Mototaxi_Electrica,7.0,76.05817928172229,-1.0,24.915534285256864
1,EV_B07_C030_Mototaxi_Electrica,6.0,76.05817928172229,-1.0,24.915534285256864
1,EV_B07_C030_Mototaxi_Electrica,5.0,76.05817928172229,-1.0,24.915534285256864
1,EV_B07_C030_Mototaxi_Electrica,4.0,76.05817928172229,-1.0,24.915534285256864
1,EV_B07_C030_Mototaxi_Electrica,3.0,76.05817928172229,-1.0,24.915534285256864
1,EV_B07_C030_Mototaxi_Electrica,2.0,76.05817928172229,-1.0,24.915534285256864
1,EV_B07_C030_Mototaxi_Electrica,1.0,76.05817928172229,-1.0,24.915534285256864
1,EV_B07_C030_Mototaxi_Electrica,0.0,76.05817928172229,-1.0,24.915534285256864
3,NONE,-1.0,-0.1,-1.0,-0.1
3,NONE,-1.0,-0.1,-1.0,-0.1
3,NONE,-1.0,-0.1,-1.0,-0.1
3,NONE,-1.0,-0.1,-1.0,-0.1
3,NONE,-1.0,-0.1,-1.0,-0.1
3,NONE,-1.0,-0.1,-1.0,-0.1
3,NONE,-1.0,-0.1,-1.0,-0.1
3,NONE,-1.0,-0.1,-1.0,-0.1
3,NONE,-1.0,-0.1,-1.0,-0.1
3,NONE,-1.0,-0.1,-1.0,-0.1
3,NONE,-1.0,-0.1,-1.0,-0.1
3,NONE,-1.0,-0.1,-1.0,-0.1
3,NONE,-1.0,-0.1,-1.0,-0.1
3,NONE,-1.0,-0.1,-1.0,-0.1
3,NONE,-1.0,-0.1,-1.0,-0.1
2,EV_B07_C030_Mototaxi_Electrica,-1.0,-0.1,7.0,41.04826905540692
1,EV_B07_C030_Mototaxi_Electrica,6.0,81.97946859829322,-1.0,41.04826905540692
1,EV_B07_C030_Mototaxi_Electrica,5.0,81.97946859829322,-1.0,41.04826905540692
1,EV_B07_C030_Mototaxi_Electrica,4.0,81.97946859829322,-1.0,41.04826905540692
1,EV_B07_C030_Mototaxi_Electrica,3.0,81.97946859829322,-1.0,41.04826905540692
1,EV_B07_C030_Mototaxi_Electrica,2.0,81.97946859829322,-1.0,41.04826905540692
1,EV_B07_C030_Mototaxi_Electrica,1.0,81.97946859829322,-1.0,41.04826905540692
1,EV_B07_C030_Mototaxi_Electrica,0.0,81.97946859829322,-1.0,41.04826905540692
3,NONE,-1.0,-0.1,-1.0,-0.1
3,NONE,-1.0,-0.1,-1.0,-0.1
3,NONE,-1.0,-0.1,-1.0,-0.1
3,NONE,-1.0,-0.1,-1.0,-0.1
3,NONE,-1.0,-0.1,-1.0,-0.1
3,NONE,-1.0,-0.1,-1.0,-0.1
3,NONE,-1.0,-0.1,-1.0,-0.1
3,NONE,-1.0,-0.1,-1.0,-0.1
3,NONE,-1.0,-0.1,-1.0,-0.1
3,NONE,-1.0,-0.1,-1.0,-0.1
3,NONE,-1.0,-0.1,-1.0,-0.1
3,NONE,-1.0,-0.1,-1.0,-0.1
3,NONE,-1.0,-0.1,-1.0,-0.1
3,NONE,-1.0,-0.1,-1.0,-0.1
3,NONE,-1.0,-0.1,-1.0,-0.1
3,NONE,-1.0,-0.1,-1.0,-0.1
3,NONE,-1.0,-0.1,-1.0,-0.1
3,NONE,-1.0,-0.1,-1.0,-0.1
3,NONE,-1.0,-0.1,-1.0,-0.1
3,NONE,-1.0,-0.1,-1.0,-0.1
3,NONE,-1.0,-0.1,-1.0,-0.1
3,NONE,-1.0,-0.1,-1.0,-0.1
3,NONE,-1.0,-0.1,-1.0,-0.1
3,NONE,-1.0,-0.1,-1.0,-0.1
3,NONE,-1.0,-0.1,-1.0,-0.1
3,NONE,-1.0,-0.1,-1.0,-0.1
3,NONE,-1.0,-0.1,-1.0,-0.1
3,NONE,-1.0,-0.1,-1.0,-0.1
3,NONE,-1.0,-0.1,-1.0,-0.1
3,NONE,-1.0,-0.1,-1.0,-0.1
3,NONE,-1.0,-0.1,-1.0,-0.1
3,NONE,-1.0,-0.1,-1.0,-0.1
3,NONE,-1.0,-0.1,-1.0,-0.1
3,NONE,-1.0,-0.1,-1.0,-0.1
3,NONE,-1.0,-0.1,-1.0,-0.1
3,NONE,-1.0,-0.1,-1.0,-0.1
3,NONE,-1.0,-0.1,-1.0,-0.1
3,NONE,-1.0,-0.1,-1.0,-0.1
3,NONE,-1.0,-0.1,-1.0,-0.1
3,NONE,-1.0,-0.1,-1.0,-0.1
3,NONE,-1.0,-0.1,-1.0,-0.1
3,NONE,-1.0,-0.1,-1.0,-0.1
3,NONE,-1.0,-0.1,-1.0,-0.1
3,NONE,-1.0,-0.1,-1.0,-0.1
3,NONE,-1.0,-0.1,-1.0,-0.1
3,NONE,-1.0,-0.1,-1.0,-0.1
3,NONE,-1.0,-0.1,-1.0,-0.1
3,NONE,-1.0,-0.1,-1.0,-0.1
3,NONE,-1.0,-0.1,-1.0,-0.1
3,NONE,-1.0,-0.1,-1.0,-0.1
3,NONE,-1.0,-0.1,-1.0,-0.1
3,NONE,-1.0,-0.1,-1.0,-0.1
3,NONE,-1.0,-0.1,-1.0,-0.1
3,NONE,-1.0,-0.1,-1.0,-0.1
3,NONE,-1.0,-0.1,-1.0,-0.1
3,NONE,-1.0,-0.1,-1.0,-0.1
3,NONE,-1.0,-0.1,-1.0,-0.1
3,NONE,-1.0,-0.1,-1.0,-0.1
3,NONE,-1.0,-0.1,-1.0,-0.1
3,NONE,-1.0,-0.1,-1.0,-0.1
3,NONE,-1.0,-0.1,-1.0,-0.1
3,NONE,-1.0,-0.1,-1.0,-0.1
3,NONE,-1.0,-0.1,-1.0,-0.1
3,NONE,-1.0,-0.1,-1.0,-0.1
2,EV_B07_C030_Mototaxi_Electrica,-1.0,-0.1,7.0,46.54219147090302
1,EV_B07_C030_Mototaxi_Electrica,7.0,80.1591565302612,-1.0,46.54219147090302
1,EV_B07_C030_Mototaxi_Electrica,6.0,80.1591565302612,-1.0,46.54219147090302
1,EV_B07_C030_Mototaxi_Electrica,5.0,80.1591565302612,-1.0,46.54219147090302
1,EV_B07_C030_Mototaxi_Electrica,4.0,80.1591565302612,-1.0,46.54219147090302
1,EV_B07_C030_Mototaxi_Electrica,3.0,80.1591565302612,-1.0,46.54219147090302
1,EV_B07_C030_Mototaxi_Electrica,2.0,80.1591565302612,-1.0,46.54219147090302
1,EV_B07_C030_Mototaxi_Electrica,1.0,80.1591565302612,-1.0,46.54219147090302
1,EV_B07_C030_Mototaxi_Electrica,0.0,80.1591565302612,-1.0,46.54219147090302
3,NONE,-1.0,-0.1,-1.0,-0.1
3,NONE,-1.0,-0.1,-1.0,-0.1
3,NONE,-1.0,-0.1,-1.0,-0.1
3,NONE,-1.0,-0.1,-1.0,-0.1
3,NONE,-1.0,-0.1,-1.0,-0.1
3,NONE,-1.0,-0.1,-1.0,-0.1
3,NONE,-1.0,-0.1,-1.0,-0.1
3,NONE,-1.0,-0.1,-1.0,-0.1
3,NONE,-1.0,-0.1,-1.0,-0.1
3,NONE,-1.0,-0.1,-1.0,-0.1
3,NONE,-1.0,-0.1,-1.0,-0.1
3,NONE,-1.0,-0.1,-1.0,-0.1
3,NONE,-1.0,-0.1,-1.0,-0.1
3,NONE,-1.0,-0.1,-1.0,-0.1
3,NONE,-1.0,-0.1,-1.0,-0.1
3,NONE,-1.0,-0.1,-1.0,-0.1
3,NONE,-1.0,-0.1,-1.0,-0.1
3,NONE,-1.0,-0.1,-1.0,-0.1
2,EV_B07_C030_Mototaxi_Electrica,-1.0,-0.1,10.0,41.603885934578784
1,EV_B07_C030_Mototaxi_Electrica,4.0,74.40123377601368,-1.0,41.603885934578784
1,EV_B07_C030_Mototaxi_Electrica,3.0,74.40123377601368,-1.0,41.603885934578784
1,EV_B07_C030_Mototaxi_Electrica,2.0,74.40123377601368,-1.0,41.603885934578784
1,EV_B07_C030_Mototaxi_Electrica,1.0,74.40123377601368,-1.0,41.603885934578784
1,EV_B07_C030_Mototaxi_Electrica,0.0,74.40123377601368,-1.0,41.603885934578784
3,NONE,-1.0,-0.1,-1.0,-0.1
3,NONE,-1.0,-0.1,-1.0,-0.1
3,NONE,-1.0,-0.1,-1.0,-0.1
3,NONE,-1.0,-0.1,-1.0,-0.1
3,NONE,-1.0,-0.1,-1.0,-0.1
3,NONE,-1.0,-0.1,-1.0,-0.1
3,NONE,-1.0,-0.1,-1.0,-0.1
3,NONE,-1.0,-0.1,-1.0,-0.1
3,NONE,-1.0,-0.1,-1.0,-0.1
3,NONE,-1.0,-0.1,-1.0,-0.1
3,NONE,-1.0,-0.1,-1.0,-0.1
3,NONE,-1.0,-0.1,-1.0,-0.1
3,NONE,-1.0,-0.1,-1.0,-0.1
3,NONE,-1.0,-0.1,-1.0,-0.1
3,NONE,-1.0,-0.1,-1.0,-0.1
2,EV_B07_C030_Mototaxi_Electrica,-1.0,-0.1,7.0,30.06354181399697
1,EV_B07_C030_Mototaxi_Electrica,7.0,80.29771864131934,-1.0,30.06354181399697
1,EV_B07_C030_Mototaxi_Electrica,6.0,80.29771864131934,-1.0,30.06354181399697
1,EV_B07_C030_Mototaxi_Electrica,5.0,80.29771864131934,-1.0,30.06354181399697
1,EV_B07_C030_Mototaxi_Electrica,4.0,80.29771864131934,-1.0,30.06354181399697
1,EV_B07_C030_Mototaxi_Electrica,3.0,80.29771864131934,-1.0,30.06354181399697
1,EV_B07_C030_Mototaxi_Electrica,2.0,80.29771864131934,-1.0,30.06354181399697
1,EV_B07_C030_Mototaxi_Electrica,1.0,80.29771864131934,-1.0,30.06354181399697
1,EV_B07_C030_Mototaxi_Electrica,0.0,80.29771864131934,-1.0,30.06354181399697
3,NONE,-1.0,-0.1,-1.0,-0.1
3,NONE,-1.0,-0.1,-1.0,-0.1
3,NONE,-1.0,-0.1,-1.0,-0.1
3,NONE,-1.0,-0.1,-1.0,-0.1
3,NONE,-1.0,-0.1,-1.0,-0.1
3,NONE,-1.0,-0.1,-1.0,-0.1
3,NONE,-1.0,-0.1,-1.0,-0.1
3,NONE,-1.0,-0.1,-1.0,-0.1
3,NONE,-1.0,-0.1,-1.0,-0.1
3,NONE,-1.0,-0.1,-1.0,-0.1
3,NONE,-1.0,-0.1,-1.0,-0.1
3,NONE,-1.0,-0.1,-1.0,-0.1
3,NONE,-1.0,-0.1,-1.0,-0.1
3,NONE,-1.0,-0.1,-1.0,-0.1
3,NONE,-1.0,-0.1,-1.0,-0.1
3,NONE,-1.0,-0.1,-1.0,-0.1
3,NONE,-1.0,-0.1,-1.0,-0.1
2,EV_B07_C030_Mototaxi_Electrica,-1.0,-0.1,9.0,27.769189657979503
1,EV_B07_C030_Mototaxi_Electrica,5.0,81.98250704293851,-1.0,27.769189657979503
1,EV_B07_C030_Mototaxi_Electrica,4.0,81.98250704293851,-1.0,27.769189657979503
1,EV_B07_C030_Mototaxi_Electrica,3.0,81.98250704293851,-1.0,27.769189657979503
1,EV_B07_C030_Mototaxi_Electrica,2.0,81.98250704293851,-1.0,27.769189657979503
1,EV_B07_C030_Mototaxi_Electrica,1.0,81.98250704293851,-1.0,27.769189657979503
1,EV_B07_C030_Mototaxi_Electrica,0.0,81.98250704293851,-1.0,27.769189657979503
3,NONE,-1.0,-0.1,-1.0,-0.1
3,NONE,-1.0,-0.1,-1.0,-0.1
3,NONE,-1.0,-0.1,-1.0,-0.1
3,NONE,-1.0,-0.1,-1.0,-0.1
3,NONE,-1.0,-0.1,-1.0,-0.1
3,NONE,-1.0,-0.1,-1.0,-0.1
3,NONE,-1.0,-0.1,-1.0,-0.1
3,NONE,-1.0,-0.1,-1.0,-0.1
3,NONE,-1.0,-0.1,-1.0,-0.1
3,NONE,-1.0,-0.1,-1.0,-0.1
3,NONE,-1.0,-0.1,-1.0,-0.1
3,NONE,-1.0,-0.1,-1.0,-0.1
3,NONE,-1.0,-0.1,-1.0,-0.1
3,NONE,-1.0,-0.1,-1.0,-0.1
3,NONE,-1.0,-0.1,-1.0,-0.1
3,NONE,-1.0,-0.1,-1.0,-0.1
2,EV_B07_C030_Mototaxi_Electrica,-1.0,-0.1,8.0,15.459143234594297
1,EV_B07_C030_Mototaxi_Electrica,6.0,72.34279013679479,-1.0,15.459143234594297
1,EV_B07_C030_Mototaxi_Electrica,5.0,72.34279013679479,-1.0,15.459143234594297
1,EV_B07_C030_Mototaxi_Electrica,4.0,72.34279013679479,-1.0,15.459143234594297
1,EV_B07_C030_Mototaxi_Electrica,3.0,72.34279013679479,-1.0,15.459143234594297
1,EV_B07_C030_Mototaxi_Electrica,2.0,72.34279013679479,-1.0,15.459143234594297
1,EV_B07_C030_Mototaxi_Electrica,1.0,72.34279013679479,-1.0,15.459143234594297
1,EV_B07_C030_Mototaxi_Electrica,0.0,72.34279013679479,-1.0,15.459143234594297
3,NONE,-1.0,-0.1,-1.0,-0.1
3,NONE,-1.0,-0.1,-1.0,-0.1
3,NONE,-1.0,-0.1,-1.0,-0.1
3,NONE,-1.0,-0.1,-1.0,-0.1
3,NONE,-1.0,-0.1,-1.0,-0.1
3,NONE,-1.0,-0.1,-1.0,-0.1
3,NONE,-1.0,-0.1,-1.0,-0.1
3,NONE,-1.0,-0.1,-1.0,-0.1
3,NONE,-1.0,-0.1,-1.0,-0.1
3,NONE,-1.0,-0.1,-1.0,-0.1
3,NONE,-1.0,-0.1,-1.0,-0.1
3,NONE,-1.0,-0.1,-1.0,-0.1
3,NONE,-1.0,-0.1,-1.0,-0.1
3,NONE,-1.0,-0.1,-1.0,-0.1
3,NONE,-1.0,-0.1,-1.0,-0.1
3,NONE,-1.0,-0.1,-1.0,-0.1
3,NONE,-1.0,-0.1,-1.0,-0.1
3,NONE,-1.0,-0.1,-1.0,-0.1
3,NONE,-1.0,-0.1,-1.0,-0.1
3,NONE,-1.0,-0.1,-1.0,-0.1
3,NONE,-1.0,-0.1,-1.0,-0.1
3,NONE,-1.0,-0.1,-1.0,-0.1
3,NONE,-1.0,-0.1,-1.0,-0.1
3,NONE,-1.0,-0.1,-1.0,-0.1
3,NONE,-1.0,-0.1,-1.0,-0.1
3,NONE,-1.0,-0.1,-1.0,-0.1
3,NONE,-1.0,-0.1,-1.0,-0.1
3,NONE,-1.0,-0.1,-1.0,-0.1
3,NONE,-1.0,-0.1,-1.0,-0.1
3,NONE,-1.0,-0.1,-1.0,-0.1
3,NONE,-1.0,-0.1,-1.0,-0.1
3,NONE,-1.0,-0.1,-1.0,-0.1
3,NONE,-1.0,-0.1,-1.0,-0.1
3,NONE,-1.0,-0.1,-1.0,-0.1
3,NONE,-1.0,-0.1,-1.0,-0.1
3,NONE,-1.0,-0.1,-1.0,-0.1
3,NONE,-1.0,-0.1,-1.0,-0.1
3,NONE,-1.0,-0.1,-1.0,-0.1
3,NONE,-1.0,-0.1,-1.0,-0.1
3,NONE,-1.0,-0.1,-1.0,-0.1
3,NONE,-1.0,-0.1,-1.0,-0.1
3,NONE,-1.0,-0.1,-1.0,-0.1
3,NONE,-1.0,-0.1,-1.0,-0.1
3,NONE,-1.0,-0.1,-1.0,-0.1
3,NONE,-1.0,-0.1,-1.0,-0.1
3,NONE,-1.0,-0.1,-1.0,-0.1
3,NONE,-1.0,-0.1,-1.0,-0.1
3,NONE,-1.0,-0.1,-1.0,-0.1
3,NONE,-1.0,-0.1,-1.0,-0.1
3,NONE,-1.0,-0.1,-1.0,-0.1
3,NONE,-1.0,-0.1,-1.0,-0.1
3,NONE,-1.0,-0.1,-1.0,-0.1
3,NONE,-1.0,-0.1,-1.0,-0.1
3,NONE,-1.0,-0.1,-1.0,-0.1
3,NONE,-1.0,-0.1,-1.0,-0.1
3,NONE,-1.0,-0.1,-1.0,-0.1
3,NONE,-1.0,-0.1,-1.0,-0.1
3,NONE,-1.0,-0.1,-1.0,-0.1
3,NONE,-1.0,-0.1,-1.0,-0.1
3,NONE,-1.0,-0.1,-1.0,-0.1
3,NONE,-1.0,-0.1,-1.0,-0.1
3,NONE,-1.0,-0.1,-1.0,-0.1
3,NONE,-1.0,-0.1,-1.0,-0.1
3,NONE,-1.0,-0.1,-1.0,-0.1
3,NONE,-1.0,-0.1,-1.0,-0.1
3,NONE,-1.0,-0.1,-1.0,-0.1
3,NONE,-1.0,-0.1,-1.0,-0.1
3,NONE,-1.0,-0.1,-1.0,-0.1
3,NONE,-1.0,-0.1,-1.0,-0.1
3,NONE,-1.0,-0.1,-1.0,-0.1
3,NONE,-1.0,-0.1,-1.0,-0.1
3,NONE,-1.0,-0.1,-1.0,-0.1
3,NONE,-1.0,-0.1,-1.0,-0.1
3,NONE,-1.0,-0.1,-1.0,-0.1
3,NONE,-1.0,-0.1,-1.0,-0.1
3,NONE,-1.0,-0.1,-1.0,-0.1
3,NONE,-1.0,-0.1,-1.0,-0.1
3,NONE,-1.0,-0.1,-1.0,-0.1
3,NONE,-1.0,-0.1,-1.0,-0.1
3,NONE,-1.0,-0.1,-1.0,-0.1
3,NONE,-1.0,-0.1,-1.0,-0.1
3,NONE,-1.0,-0.1,-1.0,-0.1
3,NONE,-1.0,-0.1,-1.0,-0.1
3,NONE,-1.0,-0.1,-1.0,-0.1
3,NONE,-1.0,-0.1,-1.0,-0.1
3,NONE,-1.0,-0.1,-1.0,-0.1
3,NONE,-1.0,-0.1,-1.0,-0.1
3,NONE,-1.0,-0.1,-1.0,-0.1
3,NONE,-1.0,-0.1,-1.0,-0.1
2,EV_B07_C030_Mototaxi_Electrica,-1.0,-0.1,9.0,36.12932426328276
1,EV_B07_C030_Mototaxi_Electrica,5.0,78.60765125237124,-1.0,36.12932426328276
1,EV_B07_C030_Mototaxi_Electrica,4.0,78.60765125237124,-1.0,36.12932426328276
1,EV_B07_C030_Mototaxi_Electrica,3.0,78.60765125237124,-1.0,36.12932426328276
1,EV_B07_C030_Mototaxi_Electrica,2.0,78.60765125237124,-1.0,36.12932426328276
1,EV_B07_C030_Mototaxi_Electrica,1.0,78.60765125237124,-1.0,36.12932426328276
1,EV_B07_C030_Mototaxi_Electrica,0.0,78.60765125237124,-1.0,36.12932426328276
3,NONE,-1.0,-0.1,-1.0,-0.1
3,NONE,-1.0,-0.1,-1.0,-0.1
3,NONE,-1.0,-0.1,-1.0,-0.1
3,NONE,-1.0,-0.1,-1.0,-0.1
3,NONE,-1.0,-0.1,-1.0,-0.1
3,NONE,-1.0,-0.1,-1.0,-0.1
3,NONE,-1.0,-0.1,-1.0,-0.1
3,NONE,-1.0,-0.1,-1.0,-0.1
3,NONE,-1.0,-0.1,-1.0,-0.1
3,NONE,-1.0,-0.1,-1.0,-0.1
3,NONE,-1.0,-0.1,-1.0,-0.1
3,NONE,-1.0,-0.1,-1.0,-0.1
3,NONE,-1.0,-0.1,-1.0,-0.1
3,NONE,-1.0,-0.1,-1.0,-0.1
3,NONE,-1.0,-0.1,-1.0,-0.1
3,NONE,-1.0,-0.1,-1.0,-0.1
2,EV_B07_C030_Mototaxi_Electrica,-1.0,-0.1,8.0,38.67065375975542
1,EV_B07_C030_Mototaxi_Electrica,6.0,78.7447700082408,-1.0,38.67065375975542
1,EV_B07_C030_Mototaxi_Electrica,5.0,78.7447700082408,-1.0,38.67065375975542
1,EV_B07_C030_Mototaxi_Electrica,4.0,78.7447700082408,-1.0,38.67065375975542
1,EV_B07_C030_Mototaxi_Electrica,3.0,78.7447700082408,-1.0,38.67065375975542
1,EV_B07_C030_Mototaxi_Electrica,2.0,78.7447700082408,-1.0,38.67065375975542
1,EV_B07_C030_Mototaxi_Electrica,1.0,78.7447700082408,-1.0,38.67065375975542
1,EV_B07_C030_Mototaxi_Electrica,0.0,78.7447700082408,-1.0,38.67065375975542
3,NONE,-1.0,-0.1,-1.0,-0.1
3,NONE,-1.0,-0.1,-1.0,-0.1
3,NONE,-1.0,-0.1,-1.0,-0.1
3,NONE,-1.0,-0.1,-1.0,-0.1
3,NONE,-1.0,-0.1,-1.0,-0.1
3,NONE,-1.0,-0.1,-1.0,-0.1
3,NONE,-1.0,-0.1,-1.0,-0.1
3,NONE,-1.0,-0.1,-1.0,-0.1
3,NONE,-1.0,-0.1,-1.0,-0.1
3,NONE,-1.0,-0.1,-1.0,-0.1
3,NONE,-1.0,-0.1,-1.0,-0.1
3,NONE,-1.0,-0.1,-1.0,-0.1
3,NONE,-1.0,-0.1,-1.0,-0.1
3,NONE,-1.0,-0.1,-1.0,-0.1
3,NONE,-1.0,-0.1,-1.0,-0.1
3,NONE,-1.0,-0.1,-1.0,-0.1
3,NONE,-1.0,-0.1,-1.0,-0.1
3,NONE,-1.0,-0.1,-1.0,-0.1
3,NONE,-1.0,-0.1,-1.0,-0.1
3,NONE,-1.0,-0.1,-1.0,-0.1
3,NONE,-1.0,-0.1,-1.0,-0.1
3,NONE,-1.0,-0.1,-1.0,-0.1
3,NONE,-1.0,-0.1,-1.0,-0.1
3,NONE,-1.0,-0.1,-1.0,-0.1
3,NONE,-1.0,-0.1,-1.0,-0.1
3,NONE,-1.0,-0.1,-1.0,-0.1
3,NONE,-1.0,-0.1,-1.0,-0.1
3,NONE,-1.0,-0.1,-1.0,-0.1
3,NONE,-1.0,-0.1,-1.0,-0.1
3,NONE,-1.0,-0.1,-1.0,-0.1
3,NONE,-1.0,-0.1,-1.0,-0.1
3,NONE,-1.0,-0.1,-1.0,-0.1
3,NONE,-1.0,-0.1,-1.0,-0.1
3,NONE,-1.0,-0.1,-1.0,-0.1
3,NONE,-1.0,-0.1,-1.0,-0.1
3,NONE,-1.0,-0.1,-1.0,-0.1
3,NONE,-1.0,-0.1,-1.0,-0.1
3,NONE,-1.0,-0.1,-1.0,-0.1
3,NONE,-1.0,-0.1,-1.0,-0.1
3,NONE,-1.0,-0.1,-1.0,-0.1
3,NONE,-1.0,-0.1,-1.0,-0.1
3,NONE,-1.0,-0.1,-1.0,-0.1
3,NONE,-1.0,-0.1,-1.0,-0.1
3,NONE,-1.0,-0.1,-1.0,-0.1
3,NONE,-1.0,-0.1,-1.0,-0.1
3,NONE,-1.0,-0.1,-1.0,-0.1
3,NONE,-1.0,-0.1,-1.0,-0.1
3,NONE,-1.0,-0.1,-1.0,-0.1
3,NONE,-1.0,-0.1,-1.0,-0.1
3,NONE,-1.0,-0.1,-1.0,-0.1
3,NONE,-1.0,-0.1,-1.0,-0.1
3,NONE,-1.0,-0.1,-1.0,-0.1
3,NONE,-1.0,-0.1,-1.0,-0.1
3,NONE,-1.0,-0.1,-1.0,-0.1
3,NONE,-1.0,-0.1,-1.0,-0.1
3,NONE,-1.0,-0.1,-1.0,-0.1
3,NONE,-1.0,-0.1,-1.0,-0.1
3,NONE,-1.0,-0.1,-1.0,-0.1
3,NONE,-1.0,-0.1,-1.0,-0.1
3,NONE,-1.0,-0.1,-1.0,-0.1
3,NONE,-1.0,-0.1,-1.0,-0.1
3,NONE,-1.0,-0.1,-1.0,-0.1
3,NONE,-1.0,-0.1,-1.0,-0.1
3,NONE,-1.0,-0.1,-1.0,-0.1
3,NONE,-1.0,-0.1,-1.0,-0.1
3,NONE,-1.0,-0.1,-1.0,-0.1
3,NONE,-1.0,-0.1,-1.0,-0.1
3,NONE,-1.0,-0.1,-1.0,-0.1
3,NONE,-1.0,-0.1,-1.0,-0.1
3,NONE,-1.0,-0.1,-1.0,-0.1
3,NONE,-1.0,-0.1,-1.0,-0.1
3,NONE,-1.0,-0.1,-1.0,-0.1
3,NONE,-1.0,-0.1,-1.0,-0.1
3,NONE,-1.0,-0.1,-1.0,-0.1
3,NONE,-1.0,-0.1,-1.0,-0.1
3,NONE,-1.0,-0.1,-1.0,-0.1
3,NONE,-1.0,-0.1,-1.0,-0.1
3,NONE,-1.0,-0.1,-1.0,-0.1
3,NONE,-1.0,-0.1,-1.0,-0.1
3,NONE,-1.0,-0.1,-1.0,-0.1
3,NONE,-1.0,-0.1,-1.0,-0.1
3,NONE,-1.0,-0.1,-1.0,-0.1
3,NONE,-1.0,-0.1,-1.0,-0.1
3,NONE,-1.0,-0.1,-1.0,-0.1
3,NONE,-1.0,-0.1,-1.0,-0.1
3,NONE,-1.0,-0.1,-1.0,-0.1
3,NONE,-1.0,-0.1,-1.0,-0.1
3,NONE,-1.0,-0.1,-1.0,-0.1
3,NONE,-1.0,-0.1,-1.0,-0.1
3,NONE,-1.0,-0.1,-1.0,-0.1
3,NONE,-1.0,-0.1,-1.0,-0.1
3,NONE,-1.0,-0.1,-1.0,-0.1
3,NONE,-1.0,-0.1,-1.0,-0.1
3,NONE,-1.0,-0.1,-1.0,-0.1
3,NONE,-1.0,-0.1,-1.0,-0.1
3,NONE,-1.0,-0.1,-1.0,-0.1
3,NONE,-1.0,-0.1,-1.0,-0.1
3,NONE,-1.0,-0.1,-1.0,-0.1
3,NONE,-1.0,-0.1,-1.0,-0.1
3,NONE,-1.0,-0.1,-1.0,-0.1
3,NONE,-1.0,-0.1,-1.0,-0.1
3,NONE,-1.0,-0.1,-1.0,-0.1
3,NONE,-1.0,-0.1,-1.0,-0.1
3,NONE,-1.0,-0.1,-1.0,-0.1
3,NONE,-1.0,-0.1,-1.0,-0.1
3,NONE,-1.0,-0.1,-1.0,-0.1
3,NONE,-1.0,-0.1,-1.0,-0.1
3,NONE,-1.0,-0.1,-1.0,-0.1
3,NONE,-1.0,-0.1,-1.0,-0.1
3,NONE,-1.0,-0.1,-1.0,-0.1
3,NONE,-1.0,-0.1,-1.0,-0.1
3,NONE,-1.0,-0.1,-1.0,-0.1
3,NONE,-1.0,-0.1,-1.0,-0.1
3,NONE,-1.0,-0.1,-1.0,-0.1
2,EV_B07_C030_Mototaxi_Electrica,-1.0,-0.1,10.0,37.63903371960514
1,EV_B07_C030_Mototaxi_Electrica,4.0,81.77661169770985,-1.0,37.63903371960514
1,EV_B07_C030_Mototaxi_Electrica,3.0,81.77661169770985,-1.0,37.63903371960514
1,EV_B07_C030_Mototaxi_Electrica,2.0,81.77661169770985,-1.0,37.63903371960514
1,EV_B07_C030_Mototaxi_Electrica,1.0,81.77661169770985,-1.0,37.63903371960514
1,EV_B07_C030_Mototaxi_Electrica,0.0,81.77661169770985,-1.0,37.63903371960514
3,NONE,-1.0,-0.1,-1.0,-0.1
3,NONE,-1.0,-0.1,-1.0,-0.1
3,NONE,-1.0,-0.1,-1.0,-0.1
3,NONE,-1.0,-0.1,-1.0,-0.1
3,NONE,-1.0,-0.1,-1.0,-0.1
3,NONE,-1.0,-0.1,-1.0,-0.1
3,NONE,-1.0,-0.1,-1.0,-0.1
3,NONE,-1.0,-0.1,-1.0,-0.1
3,NONE,-1.0,-0.1,-1.0,-0.1
3,NONE,-1.0,-0.1,-1.0,-0.1
3,NONE,-1.0,-0.1,-1.0,-0.1
3,NONE,-1.0,-0.1,-1.0,-0.1
3,NONE,-1.0,-0.1,-1.0,-0.1
3,NONE,-1.0,-0.1,-1.0,-0.1
3,NONE,-1.0,-0.1,-1.0,-0.1
2,EV_B07_C030_Mototaxi_Electrica,-1.0,-0.1,7.0,23.47601812705245
1,EV_B07_C030_Mototaxi_Electrica,7.0,78.80436381250841,-1.0,23.47601812705245
1,EV_B07_C030_Mototaxi_Electrica,6.0,78.80436381250841,-1.0,23.47601812705245
1,EV_B07_C030_Mototaxi_Electrica,5.0,78.80436381250841,-1.0,23.47601812705245
1,EV_B07_C030_Mototaxi_Electrica,4.0,78.80436381250841,-1.0,23.47601812705245
1,EV_B07_C030_Mototaxi_Electrica,3.0,78.80436381250841,-1.0,23.47601812705245
1,EV_B07_C030_Mototaxi_Electrica,2.0,78.80436381250841,-1.0,23.47601812705245
1,EV_B07_C030_Mototaxi_Electrica,1.0,78.80436381250841,-1.0,23.47601812705245
1,EV_B07_C030_Mototaxi_Electrica,0.0,78.80436381250841,-1.0,23.47601812705245
3,NONE,-1.0,-0.1,-1.0,-0.1
3,NONE,-1.0,-0.1,-1.0,-0.1
3,NONE,-1.0,-0.1,-1.0,-0.1
3,NONE,-1.0,-0.1,-1.0,-0.1
3,NONE,-1.0,-0.1,-1.0,-0.1
3,NONE,-1.0,-0.1,-1.0,-0.1
3,NONE,-1.0,-0.1,-1.0,-0.1
3,NONE,-1.0,-0.1,-1.0,-0.1
3,NONE,-1.0,-0.1,-1.0,-0.1
3,NONE,-1.0,-0.1,-1.0,-0.1
3,NONE,-1.0,-0.1,-1.0,-0.1
3,NONE,-1.0,-0.1,-1.0,-0.1
3,NONE,-1.0,-0.1,-1.0,-0.1
3,NONE,-1.0,-0.1,-1.0,-0.1
3,NONE,-1.0,-0.1,-1.0,-0.1
2,EV_B07_C030_Mototaxi_Electrica,-1.0,-0.1,7.0,38.21166022507148
1,EV_B07_C030_Mototaxi_Electrica,6.0,74.23007315233959,-1.0,38.21166022507148
1,EV_B07_C030_Mototaxi_Electrica,5.0,74.23007315233959,-1.0,38.21166022507148
1,EV_B07_C030_Mototaxi_Electrica,4.0,74.23007315233959,-1.0,38.21166022507148
1,EV_B07_C030_Mototaxi_Electrica,3.0,74.23007315233959,-1.0,38.21166022507148
1,EV_B07_C030_Mototaxi_Electrica,2.0,74.23007315233959,-1.0,38.21166022507148
1,EV_B07_C030_Mototaxi_Electrica,1.0,74.23007315233959,-1.0,38.21166022507148
1,EV_B07_C030_Mototaxi_Electrica,0.0,74.23007315233959,-1.0,38.21166022507148
3,NONE,-1.0,-0.1,-1.0,-0.1
3,NONE,-1.0,-0.1,-1.0,-0.1
3,NONE,-1.0,-0.1,-1.0,-0.1
3,NONE,-1.0,-0.1,-1.0,-0.1
3,NONE,-1.0,-0.1,-1.0,-0.1
3,NONE,-1.0,-0.1,-1.0,-0.1
3,NONE,-1.0,-0.1,-1.0,-0.1
3,NONE,-1.0,-0.1,-1.0,-0.1
3,NONE,-1.0,-0.1,-1.0,-0.1
3,NONE,-1.0,-0.1,-1.0,-0.1
3,NONE,-1.0,-0.1,-1.0,-0.1
3,NONE,-1.0,-0.1,-1.0,-0.1
3,NONE,-1.0,-0.1,-1.0,-0.1
3,NONE,-1.0,-0.1,-1.0,-0.1
3,NONE,-1.0,-0.1,-1.0,-0.1
3,NONE,-1.0,-0.1,-1.0,-0.1
3,NONE,-1.0,-0.1,-1.0,-0.1
2,EV_B07_C030_Mototaxi_Electrica,-1.0,-0.1,8.0,25.518827564356094
1,EV_B07_C030_Mototaxi_Electrica,6.0,75.5350664391938,-1.0,25.518827564356094
1,EV_B07_C030_Mototaxi_Electrica,5.0,75.5350664391938,-1.0,25.518827564356094
1,EV_B07_C030_Mototaxi_Electrica,4.0,75.5350664391938,-1.0,25.518827564356094
1,EV_B07_C030_Mototaxi_Electrica,3.0,75.5350664391938,-1.0,25.518827564356094
1,EV_B07_C030_Mototaxi_Electrica,2.0,75.5350664391938,-1.0,25.518827564356094
1,EV_B07_C030_Mototaxi_Electrica,1.0,75.5350664391938,-1.0,25.518827564356094
1,EV_B07_C030_Mototaxi_Electrica,0.0,75.5350664391938,-1.0,25.518827564356094
3,NONE,-1.0,-0.1,-1.0,-0.1
3,NONE,-1.0,-0.1,-1.0,-0.1
3,NONE,-1.0,-0.1,-1.0,-0.1
3,NONE,-1.0,-0.1,-1.0,-0.1
3,NONE,-1.0,-0.1,-1.0,-0.1
3,NONE,-1.0,-0.1,-1.0,-0.1
3,NONE,-1.0,-0.1,-1.0,-0.1
3,NONE,-1.0,-0.1,-1.0,-0.1
3,NONE,-1.0,-0.1,-1.0,-0.1
3,NONE,-1.0,-0.1,-1.0,-0.1
3,NONE,-1.0,-0.1,-1.0,-0.1
3,NONE,-1.0,-0.1,-1.0,-0.1
3,NONE,-1.0,-0.1,-1.0,-0.1
3,NONE,-1.0,-0.1,-1.0,-0.1
3,NONE,-1.0,-0.1,-1.0,-0.1
3,NONE,-1.0,-0.1,-1.0,-0.1
3,NONE,-1.0,-0.1,-1.0,-0.1
2,EV_B07_C030_Mototaxi_Electrica,-1.0,-0.1,9.0,34.93383081752074
1,EV_B07_C030_Mototaxi_Electrica,5.0,83.35429121955231,-1.0,34.93383081752074
1,EV_B07_C030_Mototaxi_Electrica,4.0,83.35429121955231,-1.0,34.93383081752074
1,EV_B07_C030_Mototaxi_Electrica,3.0,83.35429121955231,-1.0,34.93383081752074
1,EV_B07_C030_Mototaxi_Electrica,2.0,83.35429121955231,-1.0,34.93383081752074
1,EV_B07_C030_Mototaxi_Electrica,1.0,83.35429121955231,-1.0,34.93383081752074
1,EV_B07_C030_Mototaxi_Electrica,0.0,83.35429121955231,-1.0,34.93383081752074
3,NONE,-1.0,-0.1,-1.0,-0.1
3,NONE,-1.0,-0.1,-1.0,-0.1
3,NONE,-1.0,-0.1,-1.0,-0.1
3,NONE,-1.0,-0.1,-1.0,-0.1
3,NONE,-1.0,-0.1,-1.0,-0.1
3,NONE,-1.0,-0.1,-1.0,-0.1
3,NONE,-1.0,-0.1,-1.0,-0.1
3,NONE,-1.0,-0.1,-1.0,-0.1
3,NONE,-1.0,-0.1,-1.0,-0.1
3,NONE,-1.0,-0.1,-1.0,-0.1
3,NONE,-1.0,-0.1,-1.0,-0.1
3,NONE,-1.0,-0.1,-1.0,-0.1
3,NONE,-1.0,-0.1,-1.0,-0.1
3,NONE,-1.0,-0.1,-1.0,-0.1
3,NONE,-1.0,-0.1,-1.0,-0.1
3,NONE,-1.0,-0.1,-1.0,-0.1
3,NONE,-1.0,-0.1,-1.0,-0.1
3,NONE,-1.0,-0.1,-1.0,-0.1
3,NONE,-1.0,-0.1,-1.0,-0.1
3,NONE,-1.0,-0.1,-1.0,-0.1
3,NONE,-1.0,-0.1,-1.0,-0.1
3,NONE,-1.0,-0.1,-1.0,-0.1
3,NONE,-1.0,-0.1,-1.0,-0.1
3,NONE,-1.0,-0.1,-1.0,-0.1
3,NONE,-1.0,-0.1,-1.0,-0.1
3,NONE,-1.0,-0.1,-1.0,-0.1
3,NONE,-1.0,-0.1,-1.0,-0.1
3,NONE,-1.0,-0.1,-1.0,-0.1
3,NONE,-1.0,-0.1,-1.0,-0.1
3,NONE,-1.0,-0.1,-1.0,-0.1
3,NONE,-1.0,-0.1,-1.0,-0.1
3,NONE,-1.0,-0.1,-1.0,-0.1
3,NONE,-1.0,-0.1,-1.0,-0.1
3,NONE,-1.0,-0.1,-1.0,-0.1
3,NONE,-1.0,-0.1,-1.0,-0.1
3,NONE,-1.0,-0.1,-1.0,-0.1
3,NONE,-1.0,-0.1,-1.0,-0.1
3,NONE,-1.0,-0.1,-1.0,-0.1
3,NONE,-1.0,-0.1,-1.0,-0.1
3,NONE,-1.0,-0.1,-1.0,-0.1
3,NONE,-1.0,-0.1,-1.0,-0.1
3,NONE,-1.0,-0.1,-1.0,-0.1
3,NONE,-1.0,-0.1,-1.0,-0.1
3,NONE,-1.0,-0.1,-1.0,-0.1
3,NONE,-1.0,-0.1,-1.0,-0.1
3,NONE,-1.0,-0.1,-1.0,-0.1
3,NONE,-1.0,-0.1,-1.0,-0.1
3,NONE,-1.0,-0.1,-1.0,-0.1
3,NONE,-1.0,-0.1,-1.0,-0.1
3,NONE,-1.0,-0.1,-1.0,-0.1
3,NONE,-1.0,-0.1,-1.0,-0.1
3,NONE,-1.0,-0.1,-1.0,-0.1
3,NONE,-1.0,-0.1,-1.0,-0.1
3,NONE,-1.0,-0.1,-1.0,-0.1
3,NONE,-1.0,-0.1,-1.0,-0.1
3,NONE,-1.0,-0.1,-1.0,-0.1
3,NONE,-1.0,-0.1,-1.0,-0.1
3,NONE,-1.0,-0.1,-1.0,-0.1
3,NONE,-1.0,-0.1,-1.0,-0.1
3,NONE,-1.0,-0.1,-1.0,-0.1
3,NONE,-1.0,-0.1,-1.0,-0.1
3,NONE,-1.0,-0.1,-1.0,-0.1
3,NONE,-1.0,-0.1,-1.0,-0.1
2,EV_B07_C030_Mototaxi_Electrica,-1.0,-0.1,7.0,40.03394022777007
1,EV_B07_C030_Mototaxi_Electrica,7.0,75.94121892495458,-1.0,40.03394022777007
1,EV_B07_C030_Mototaxi_Electrica,6.0,75.94121892495458,-1.0,40.03394022777007
1,EV_B07_C030_Mototaxi_Electrica,5.0,75.94121892495458,-1.0,40.03394022777007
1,EV_B07_C030_Mototaxi_Electrica,4.0,75.94121892495458,-1.0,40.03394022777007
1,EV_B07_C030_Mototaxi_Electrica,3.0,75.94121892495458,-1.0,40.03394022777007
1,EV_B07_C030_Mototaxi_Electrica,2.0,75.94121892495458,-1.0,40.03394022777007
1,EV_B07_C030_Mototaxi_Electrica,1.0,75.94121892495458,-1.0,40.03394022777007
1,EV_B07_C030_Mototaxi_Electrica,0.0,75.94121892495458,-1.0,40.03394022777007
3,NONE,-1.0,-0.1,-1.0,-0.1
3,NONE,-1.0,-0.1,-1.0,-0.1
3,NONE,-1.0,-0.1,-1.0,-0.1
3,NONE,-1.0,-0.1,-1.0,-0.1
3,NONE,-1.0,-0.1,-1.0,-0.1
3,NONE,-1.0,-0.1,-1.0,-0.1
3,NONE,-1.0,-0.1,-1.0,-0.1
3,NONE,-1.0,-0.1,-1.0,-0.1
3,NONE,-1.0,-0.1,-1.0,-0.1
3,NONE,-1.0,-0.1,-1.0,-0.1
3,NONE,-1.0,-0.1,-1.0,-0.1
3,NONE,-1.0,-0.1,-1.0,-0.1
3,NONE,-1.0,-0.1,-1.0,-0.1
3,NONE,-1.0,-0.1,-1.0,-0.1
3,NONE,-1.0,-0.1,-1.0,-0.1
3,NONE,-1.0,-0.1,-1.0,-0.1
3,NONE,-1.0,-0.1,-1.0,-0.1
2,EV_B07_C030_Mototaxi_Electrica,-1.0,-0.1,9.0,25.446457925986845
1,EV_B07_C030_Mototaxi_Electrica,5.0,87.41050338774349,-1.0,25.446457925986845
1,EV_B07_C030_Mototaxi_Electrica,4.0,87.41050338774349,-1.0,25.446457925986845
1,EV_B07_C030_Mototaxi_Electrica,3.0,87.41050338774349,-1.0,25.446457925986845
1,EV_B07_C030_Mototaxi_Electrica,2.0,87.41050338774349,-1.0,25.446457925986845
1,EV_B07_C030_Mototaxi_Electrica,1.0,87.41050338774349,-1.0,25.446457925986845
1,EV_B07_C030_Mototaxi_Electrica,0.0,87.41050338774349,-1.0,25.446457925986845
3,NONE,-1.0,-0.1,-1.0,-0.1
3,NONE,-1.0,-0.1,-1.0,-0.1
3,NONE,-1.0,-0.1,-1.0,-0.1
3,NONE,-1.0,-0.1,-1.0,-0.1
3,NONE,-1.0,-0.1,-1.0,-0.1
3,NONE,-1.0,-0.1,-1.0,-0.1
3,NONE,-1.0,-0.1,-1.0,-0.1
3,NONE,-1.0,-0.1,-1.0,-0.1
3,NONE,-1.0,-0.1,-1.0,-0.1
3,NONE,-1.0,-0.1,-1.0,-0.1
3,NONE,-1.0,-0.1,-1.0,-0.1
3,NONE,-1.0,-0.1,-1.0,-0.1
3,NONE,-1.0,-0.1,-1.0,-0.1
3,NONE,-1.0,-0.1,-1.0,-0.1
3,NONE,-1.0,-0.1,-1.0,-0.1
3,NONE,-1.0,-0.1,-1.0,-0.1
2,EV_B07_C030_Mototaxi_Electrica,-1.0,-0.1,8.0,54.09705117843281
1,EV_B07_C030_Mototaxi_Electrica,6.0,74.91893148420773,-1.0,54.09705117843281
1,EV_B07_C030_Mototaxi_Electrica,5.0,74.91893148420773,-1.0,54.09705117843281
1,EV_B07_C030_Mototaxi_Electrica,4.0,74.91893148420773,-1.0,54.09705117843281
1,EV_B07_C030_Mototaxi_Electrica,3.0,74.91893148420773,-1.0,54.09705117843281
1,EV_B07_C030_Mototaxi_Electrica,2.0,74.91893148420773,-1.0,54.09705117843281
1,EV_B07_C030_Mototaxi_Electrica,1.0,74.91893148420773,-1.0,54.09705117843281
1,EV_B07_C030_Mototaxi_Electrica,0.0,74.91893148420773,-1.0,54.09705117843281
3,NONE,-1.0,-0.1,-1.0,-0.1
3,NONE,-1.0,-0.1,-1.0,-0.1
3,NONE,-1.0,-0.1,-1.0,-0.1
3,NONE,-1.0,-0.1,-1.0,-0.1
3,NONE,-1.0,-0.1,-1.0,-0.1
3,NONE,-1.0,-0.1,-1.0,-0.1
3,NONE,-1.0,-0.1,-1.0,-0.1
3,NONE,-1.0,-0.1,-1.0,-0.1
3,NONE,-1.0,-0.1,-1.0,-0.1
3,NONE,-1.0,-0.1,-1.0,-0.1
3,NONE,-1.0,-0.1,-1.0,-0.1
3,NONE,-1.0,-0.1,-1.0,-0.1
3,NONE,-1.0,-0.1,-1.0,-0.1
3,NONE,-1.0,-0.1,-1.0,-0.1
3,NONE,-1.0,-0.1,-1.0,-0.1
3,NONE,-1.0,-0.1,-1.0,-0.1
3,NONE,-1.0,-0.1,-1.0,-0.1
2,EV_B07_C030_Mototaxi_Electrica,-1.0,-0.1,9.0,36.026322647012336
1,EV_B07_C030_Mototaxi_Electrica,5.0,81.5284892568846,-1.0,36.026322647012336
1,EV_B07_C030_Mototaxi_Electrica,4.0,81.5284892568846,-1.0,36.026322647012336
1,EV_B07_C030_Mototaxi_Electrica,3.0,81.5284892568846,-1.0,36.026322647012336
1,EV_B07_C030_Mototaxi_Electrica,2.0,81.5284892568846,-1.0,36.026322647012336
1,EV_B07_C030_Mototaxi_Electrica,1.0,81.5284892568846,-1.0,36.026322647012336
1,EV_B07_C030_Mototaxi_Electrica,0.0,81.5284892568846,-1.0,36.026322647012336
3,NONE,-1.0,-0.1,-1.0,-0.1
3,NONE,-1.0,-0.1,-1.0,-0.1
3,NONE,-1.0,-0.1,-1.0,-0.1
3,NONE,-1.0,-0.1,-1.0,-0.1
3,NONE,-1.0,-0.1,-1.0,-0.1
3,NONE,-1.0,-0.1,-1.0,-0.1
3,NONE,-1.0,-0.1,-1.0,-0.1
3,NONE,-1.0,-0.1,-1.0,-0.1
3,NONE,-1.0,-0.1,-1.0,-0.1
3,NONE,-1.0,-0.1,-1.0,-0.1
3,NONE,-1.0,-0.1,-1.0,-0.1
3,NONE,-1.0,-0.1,-1.0,-0.1
3,NONE,-1.0,-0.1,-1.0,-0.1
3,NONE,-1.0,-0.1,-1.0,-0.1
3,NONE,-1.0,-0.1,-1.0,-0.1
3,NONE,-1.0,-0.1,-1.0,-0.1
2,EV_B07_C030_Mototaxi_Electrica,-1.0,-0.1,8.0,32.604342116796516
1,EV_B07_C030_Mototaxi_Electrica,6.0,88.12168669405311,-1.0,32.604342116796516
1,EV_B07_C030_Mototaxi_Electrica,5.0,88.12168669405311,-1.0,32.604342116796516
1,EV_B07_C030_Mototaxi_Electrica,4.0,88.12168669405311,-1.0,32.604342116796516
1,EV_B07_C030_Mototaxi_Electrica,3.0,88.12168669405311,-1.0,32.604342116796516
1,EV_B07_C030_Mototaxi_Electrica,2.0,88.12168669405311,-1.0,32.604342116796516
1,EV_B07_C030_Mototaxi_Electrica,1.0,88.12168669405311,-1.0,32.604342116796516
1,EV_B07_C030_Mototaxi_Electrica,0.0,88.12168669405311,-1.0,32.604342116796516
3,NONE,-1.0,-0.1,-1.0,-0.1
3,NONE,-1.0,-0.1,-1.0,-0.1
3,NONE,-1.0,-0.1,-1.0,-0.1
3,NONE,-1.0,-0.1,-1.0,-0.1
3,NONE,-1.0,-0.1,-1.0,-0.1
3,NONE,-1.0,-0.1,-1.0,-0.1
3,NONE,-1.0,-0.1,-1.0,-0.1
3,NONE,-1.0,-0.1,-1.0,-0.1
3,NONE,-1.0,-0.1,-1.0,-0.1
3,NONE,-1.0,-0.1,-1.0,-0.1
3,NONE,-1.0,-0.1,-1.0,-0.1
3,NONE,-1.0,-0.1,-1.0,-0.1
3,NONE,-1.0,-0.1,-1.0,-0.1
3,NONE,-1.0,-0.1,-1.0,-0.1
3,NONE,-1.0,-0.1,-1.0,-0.1
3,NONE,-1.0,-0.1,-1.0,-0.1
3,NONE,-1.0,-0.1,-1.0,-0.1
3,NONE,-1.0,-0.1,-1.0,-0.1
3,NONE,-1.0,-0.1,-1.0,-0.1
3,NONE,-1.0,-0.1,-1.0,-0.1
3,NONE,-1.0,-0.1,-1.0,-0.1
3,NONE,-1.0,-0.1,-1.0,-0.1
3,NONE,-1.0,-0.1,-1.0,-0.1
3,NONE,-1.0,-0.1,-1.0,-0.1
3,NONE,-1.0,-0.1,-1.0,-0.1
3,NONE,-1.0,-0.1,-1.0,-0.1
3,NONE,-1.0,-0.1,-1.0,-0.1
3,NONE,-1.0,-0.1,-1.0,-0.1
3,NONE,-1.0,-0.1,-1.0,-0.1
3,NONE,-1.0,-0.1,-1.0,-0.1
3,NONE,-1.0,-0.1,-1.0,-0.1
3,NONE,-1.0,-0.1,-1.0,-0.1
3,NONE,-1.0,-0.1,-1.0,-0.1
3,NONE,-1.0,-0.1,-1.0,-0.1
3,NONE,-1.0,-0.1,-1.0,-0.1
3,NONE,-1.0,-0.1,-1.0,-0.1
3,NONE,-1.0,-0.1,-1.0,-0.1
3,NONE,-1.0,-0.1,-1.0,-0.1
3,NONE,-1.0,-0.1,-1.0,-0.1
3,NONE,-1.0,-0.1,-1.0,-0.1
3,NONE,-1.0,-0.1,-1.0,-0.1
3,NONE,-1.0,-0.1,-1.0,-0.1
3,NONE,-1.0,-0.1,-1.0,-0.1
3,NONE,-1.0,-0.1,-1.0,-0.1
3,NONE,-1.0,-0.1,-1.0,-0.1
3,NONE,-1.0,-0.1,-1.0,-0.1
3,NONE,-1.0,-0.1,-1.0,-0.1
3,NONE,-1.0,-0.1,-1.0,-0.1
3,NONE,-1.0,-0.1,-1.0,-0.1
3,NONE,-1.0,-0.1,-1.0,-0.1
3,NONE,-1.0,-0.1,-1.0,-0.1
3,NONE,-1.0,-0.1,-1.0,-0.1
3,NONE,-1.0,-0.1,-1.0,-0.1
3,NONE,-1.0,-0.1,-1.0,-0.1
3,NONE,-1.0,-0.1,-1.0,-0.1
3,NONE,-1.0,-0.1,-1.0,-0.1
3,NONE,-1.0,-0.1,-1.0,-0.1
3,NONE,-1.0,-0.1,-1.0,-0.1
3,NONE,-1.0,-0.1,-1.0,-0.1
3,NONE,-1.0,-0.1,-1.0,-0.1
3,NONE,-1.0,-0.1,-1.0,-0.1
3,NONE,-1.0,-0.1,-1.0,-0.1
3,NONE,-1.0,-0.1,-1.0,-0.1
3,NONE,-1.0,-0.1,-1.0,-0.1
2,EV_B07_C030_Mototaxi_Electrica,-1.0,-0.1,8.0,13.402378505701229
1,EV_B07_C030_Mototaxi_Electrica,6.0,74.47996099232313,-1.0,13.402378505701229
1,EV_B07_C030_Mototaxi_Electrica,5.0,74.47996099232313,-1.0,13.402378505701229
1,EV_B07_C030_Mototaxi_Electrica,4.0,74.47996099232313,-1.0,13.402378505701229
1,EV_B07_C030_Mototaxi_Electrica,3.0,74.47996099232313,-1.0,13.402378505701229
1,EV_B07_C030_Mototaxi_Electrica,2.0,74.47996099232313,-1.0,13.402378505701229
1,EV_B07_C030_Mototaxi_Electrica,1.0,74.47996099232313,-1.0,13.402378505701229
1,EV_B07_C030_Mototaxi_Electrica,0.0,74.47996099232313,-1.0,13.402378505701229
3,NONE,-1.0,-0.1,-1.0,-0.1
3,NONE,-1.0,-0.1,-1.0,-0.1
3,NONE,-1.0,-0.1,-1.0,-0.1
3,NONE,-1.0,-0.1,-1.0,-0.1
3,NONE,-1.0,-0.1,-1.0,-0.1
3,NONE,-1.0,-0.1,-1.0,-0.1
3,NONE,-1.0,-0.1,-1.0,-0.1
3,NONE,-1.0,-0.1,-1.0,-0.1
3,NONE,-1.0,-0.1,-1.0,-0.1
3,NONE,-1.0,-0.1,-1.0,-0.1
3,NONE,-1.0,-0.1,-1.0,-0.1
3,NONE,-1.0,-0.1,-1.0,-0.1
3,NONE,-1.0,-0.1,-1.0,-0.1
3,NONE,-1.0,-0.1,-1.0,-0.1
3,NONE,-1.0,-0.1,-1.0,-0.1
3,NONE,-1.0,-0.1,-1.0,-0.1
2,EV_B07_C030_Mototaxi_Electrica,-1.0,-0.1,8.0,30.12499705571989
1,EV_B07_C030_Mototaxi_Electrica,6.0,80.02022813660037,-1.0,30.12499705571989
1,EV_B07_C030_Mototaxi_Electrica,5.0,80.02022813660037,-1.0,30.12499705571989
1,EV_B07_C030_Mototaxi_Electrica,4.0,80.02022813660037,-1.0,30.12499705571989
1,EV_B07_C030_Mototaxi_Electrica,3.0,80.02022813660037,-1.0,30.12499705571989
1,EV_B07_C030_Mototaxi_Electrica,2.0,80.02022813660037,-1.0,30.12499705571989
1,EV_B07_C030_Mototaxi_Electrica,1.0,80.02022813660037,-1.0,30.12499705571989
1,EV_B07_C030_Mototaxi_Electrica,0.0,80.02022813660037,-1.0,30.12499705571989
3,NONE,-1.0,-0.1,-1.0,-0.1
3,NONE,-1.0,-0.1,-1.0,-0.1
3,NONE,-1.0,-0.1,-1.0,-0.1
3,NONE,-1.0,-0.1,-1.0,-0.1
3,NONE,-1.0,-0.1,-1.0,-0.1
3,NONE,-1.0,-0.1,-1.0,-0.1
3,NONE,-1.0,-0.1,-1.0,-0.1
3,NONE,-1.0,-0.1,-1.0,-0.1
3,NONE,-1.0,-0.1,-1.0,-0.1
3,NONE,-1.0,-0.1,-1.0,-0.1
3,NONE,-1.0,-0.1,-1.0,-0.1
3,NONE,-1.0,-0.1,-1.0,-0.1
3,NONE,-1.0,-0.1,-1.0,-0.1
3,NONE,-1.0,-0.1,-1.0,-0.1
3,NONE,-1.0,-0.1,-1.0,-0.1
3,NONE,-1.0,-0.1,-1.0,-0.1
3,NONE,-1.0,-0.1,-1.0,-0.1
3,NONE,-1.0,-0.1,-1.0,-0.1
3,NONE,-1.0,-0.1,-1.0,-0.1
3,NONE,-1.0,-0.1,-1.0,-0.1
3,NONE,-1.0,-0.1,-1.0,-0.1
3,NONE,-1.0,-0.1,-1.0,-0.1
3,NONE,-1.0,-0.1,-1.0,-0.1
3,NONE,-1.0,-0.1,-1.0,-0.1
3,NONE,-1.0,-0.1,-1.0,-0.1
3,NONE,-1.0,-0.1,-1.0,-0.1
3,NONE,-1.0,-0.1,-1.0,-0.1
3,NONE,-1.0,-0.1,-1.0,-0.1
3,NONE,-1.0,-0.1,-1.0,-0.1
3,NONE,-1.0,-0.1,-1.0,-0.1
3,NONE,-1.0,-0.1,-1.0,-0.1
3,NONE,-1.0,-0.1,-1.0,-0.1
3,NONE,-1.0,-0.1,-1.0,-0.1
3,NONE,-1.0,-0.1,-1.0,-0.1
3,NONE,-1.0,-0.1,-1.0,-0.1
3,NONE,-1.0,-0.1,-1.0,-0.1
3,NONE,-1.0,-0.1,-1.0,-0.1
3,NONE,-1.0,-0.1,-1.0,-0.1
3,NONE,-1.0,-0.1,-1.0,-0.1
2,EV_B07_C030_Mototaxi_Electrica,-1.0,-0.1,7.0,60.100090552168126
1,EV_B07_C030_Mototaxi_Electrica,6.0,78.30010156935941,-1.0,60.100090552168126
1,EV_B07_C030_Mototaxi_Electrica,5.0,78.30010156935941,-1.0,60.100090552168126
1,EV_B07_C030_Mototaxi_Electrica,4.0,78.30010156935941,-1.0,60.100090552168126
1,EV_B07_C030_Mototaxi_Electrica,3.0,78.30010156935941,-1.0,60.100090552168126
1,EV_B07_C030_Mototaxi_Electrica,2.0,78.30010156935941,-1.0,60.100090552168126
1,EV_B07_C030_Mototaxi_Electrica,1.0,78.30010156935941,-1.0,60.100090552168126
1,EV_B07_C030_Mototaxi_Electrica,0.0,78.30010156935941,-1.0,60.100090552168126
3,NONE,-1.0,-0.1,-1.0,-0.1
3,NONE,-1.0,-0.1,-1.0,-0.1
3,NONE,-1.0,-0.1,-1.0,-0.1
3,NONE,-1.0,-0.1,-1.0,-0.1
3,NONE,-1.0,-0.1,-1.0,-0.1
3,NONE,-1.0,-0.1,-1.0,-0.1
3,NONE,-1.0,-0.1,-1.0,-0.1
3,NONE,-1.0,-0.1,-1.0,-0.1
3,NONE,-1.0,-0.1,-1.0,-0.1
3,NONE,-1.0,-0.1,-1.0,-0.1
3,NONE,-1.0,-0.1,-1.0,-0.1
3,NONE,-1.0,-0.1,-1.0,-0.1
3,NONE,-1.0,-0.1,-1.0,-0.1
3,NONE,-1.0,-0.1,-1.0,-0.1
3,NONE,-1.0,-0.1,-1.0,-0.1
3,NONE,-1.0,-0.1,-1.0,-0.1
3,NONE,-1.0,-0.1,-1.0,-0.1
3,NONE,-1.0,-0.1,-1.0,-0.1
3,NONE,-1.0,-0.1,-1.0,-0.1
3,NONE,-1.0,-0.1,-1.0,-0.1
3,NONE,-1.0,-0.1,-1.0,-0.1
3,NONE,-1.0,-0.1,-1.0,-0.1
3,NONE,-1.0,-0.1,-1.0,-0.1
3,NONE,-1.0,-0.1,-1.0,-0.1
3,NONE,-1.0,-0.1,-1.0,-0.1
3,NONE,-1.0,-0.1,-1.0,-0.1
3,NONE,-1.0,-0.1,-1.0,-0.1
3,NONE,-1.0,-0.1,-1.0,-0.1
3,NONE,-1.0,-0.1,-1.0,-0.1
3,NONE,-1.0,-0.1,-1.0,-0.1
3,NONE,-1.0,-0.1,-1.0,-0.1
3,NONE,-1.0,-0.1,-1.0,-0.1
3,NONE,-1.0,-0.1,-1.0,-0.1
3,NONE,-1.0,-0.1,-1.0,-0.1
3,NONE,-1.0,-0.1,-1.0,-0.1
3,NONE,-1.0,-0.1,-1.0,-0.1
3,NONE,-1.0,-0.1,-1.0,-0.1
3,NONE,-1.0,-0.1,-1.0,-0.1
3,NONE,-1.0,-0.1,-1.0,-0.1
3,NONE,-1.0,-0.1,-1.0,-0.1
3,NONE,-1.0,-0.1,-1.0,-0.1
3,NONE,-1.0,-0.1,-1.0,-0.1
3,NONE,-1.0,-0.1,-1.0,-0.1
3,NONE,-1.0,-0.1,-1.0,-0.1
3,NONE,-1.0,-0.1,-1.0,-0.1
3,NONE,-1.0,-0.1,-1.0,-0.1
3,NONE,-1.0,-0.1,-1.0,-0.1
3,NONE,-1.0,-0.1,-1.0,-0.1
3,NONE,-1.0,-0.1,-1.0,-0.1
3,NONE,-1.0,-0.1,-1.0,-0.1
3,NONE,-1.0,-0.1,-1.0,-0.1
3,NONE,-1.0,-0.1,-1.0,-0.1
3,NONE,-1.0,-0.1,-1.0,-0.1
3,NONE,-1.0,-0.1,-1.0,-0.1
3,NONE,-1.0,-0.1,-1.0,-0.1
3,NONE,-1.0,-0.1,-1.0,-0.1
3,NONE,-1.0,-0.1,-1.0,-0.1
3,NONE,-1.0,-0.1,-1.0,-0.1
3,NONE,-1.0,-0.1,-1.0,-0.1
3,NONE,-1.0,-0.1,-1.0,-0.1
3,NONE,-1.0,-0.1,-1.0,-0.1
3,NONE,-1.0,-0.1,-1.0,-0.1
3,NONE,-1.0,-0.1,-1.0,-0.1
3,NONE,-1.0,-0.1,-1.0,-0.1
3,NONE,-1.0,-0.1,-1.0,-0.1
3,NONE,-1.0,-0.1,-1.0,-0.1
3,NONE,-1.0,-0.1,-1.0,-0.1
3,NONE,-1.0,-0.1,-1.0,-0.1
3,NONE,-1.0,-0.1,-1.0,-0.1
3,NONE,-1.0,-0.1,-1.0,-0.1
3,NONE,-1.0,-0.1,-1.0,-0.1
3,NONE,-1.0,-0.1,-1.0,-0.1
3,NONE,-1.0,-0.1,-1.0,-0.1
3,NONE,-1.0,-0.1,-1.0,-0.1
3,NONE,-1.0,-0.1,-1.0,-0.1
3,NONE,-1.0,-0.1,-1.0,-0.1
3,NONE,-1.0,-0.1,-1.0,-0.1
3,NONE,-1.0,-0.1,-1.0,-0.1
3,NONE,-1.0,-0.1,-1.0,-0.1
3,NONE,-1.0,-0.1,-1.0,-0.1
3,NONE,-1.0,-0.1,-1.0,-0.1
3,NONE,-1.0,-0.1,-1.0,-0.1
3,NONE,-1.0,-0.1,-1.0,-0.1
3,NONE,-1.0,-0.1,-1.0,-0.1
3,NONE,-1.0,-0.1,-1.0,-0.1
3,NONE,-1.0,-0.1,-1.0,-0.1
3,NONE,-1.0,-0.1,-1.0,-0.1
3,NONE,-1.0,-0.1,-1.0,-0.1
3,NONE,-1.0,-0.1,-1.0,-0.1
3,NONE,-1.0,-0.1,-1.0,-0.1
2,EV_B07_C030_Mototaxi_Electrica,-1.0,-0.1,9.0,31.9279982733795
1,EV_B07_C030_Mototaxi_Electrica,5.0,85.89099276142329,-1.0,31.9279982733795
1,EV_B07_C030_Mototaxi_Electrica,4.0,85.89099276142329,-1.0,31.9279982733795
1,EV_B07_C030_Mototaxi_Electrica,3.0,85.89099276142329,-1.0,31.9279982733795
1,EV_B07_C030_Mototaxi_Electrica,2.0,85.89099276142329,-1.0,31.9279982733795
1,EV_B07_C030_Mototaxi_Electrica,1.0,85.89099276142329,-1.0,31.9279982733795
1,EV_B07_C030_Mototaxi_Electrica,0.0,85.89099276142329,-1.0,31.9279982733795
3,NONE,-1.0,-0.1,-1.0,-0.1
3,NONE,-1.0,-0.1,-1.0,-0.1
3,NONE,-1.0,-0.1,-1.0,-0.1
3,NONE,-1.0,-0.1,-1.0,-0.1
3,NONE,-1.0,-0.1,-1.0,-0.1
3,NONE,-1.0,-0.1,-1.0,-0.1
3,NONE,-1.0,-0.1,-1.0,-0.1
3,NONE,-1.0,-0.1,-1.0,-0.1
3,NONE,-1.0,-0.1,-1.0,-0.1
3,NONE,-1.0,-0.1,-1.0,-0.1
3,NONE,-1.0,-0.1,-1.0,-0.1
3,NONE,-1.0,-0.1,-1.0,-0.1
3,NONE,-1.0,-0.1,-1.0,-0.1
3,NONE,-1.0,-0.1,-1.0,-0.1
3,NONE,-1.0,-0.1,-1.0,-0.1
3,NONE,-1.0,-0.1,-1.0,-0.1
3,NONE,-1.0,-0.1,-1.0,-0.1
3,NONE,-1.0,-0.1,-1.0,-0.1
3,NONE,-1.0,-0.1,-1.0,-0.1
3,NONE,-1.0,-0.1,-1.0,-0.1
3,NONE,-1.0,-0.1,-1.0,-0.1
3,NONE,-1.0,-0.1,-1.0,-0.1
3,NONE,-1.0,-0.1,-1.0,-0.1
3,NONE,-1.0,-0.1,-1.0,-0.1
3,NONE,-1.0,-0.1,-1.0,-0.1
3,NONE,-1.0,-0.1,-1.0,-0.1
3,NONE,-1.0,-0.1,-1.0,-0.1
3,NONE,-1.0,-0.1,-1.0,-0.1
3,NONE,-1.0,-0.1,-1.0,-0.1
3,NONE,-1.0,-0.1,-1.0,-0.1
3,NONE,-1.0,-0.1,-1.0,-0.1
3,NONE,-1.0,-0.1,-1.0,-0.1
3,NONE,-1.0,-0.1,-1.0,-0.1
3,NONE,-1.0,-0.1,-1.0,-0.1
3,NONE,-1.0,-0.1,-1.0,-0.1
3,NONE,-1.0,-0.1,-1.0,-0.1
3,NONE,-1.0,-0.1,-1.0,-0.1
3,NONE,-1.0,-0.1,-1.0,-0.1
3,NONE,-1.0,-0.1,-1.0,-0.1
3,NONE,-1.0,-0.1,-1.0,-0.1
3,NONE,-1.0,-0.1,-1.0,-0.1
3,NONE,-1.0,-0.1,-1.0,-0.1
2,EV_B07_C030_Mototaxi_Electrica,-1.0,-0.1,10.0,43.177166805690575
1,EV_B07_C030_Mototaxi_Electrica,4.0,78.19857800508558,-1.0,43.177166805690575
1,EV_B07_C030_Mototaxi_Electrica,3.0,78.19857800508558,-1.0,43.177166805690575
1,EV_B07_C030_Mototaxi_Electrica,2.0,78.19857800508558,-1.0,43.177166805690575
1,EV_B07_C030_Mototaxi_Electrica,1.0,78.19857800508558,-1.0,43.177166805690575
1,EV_B07_C030_Mototaxi_Electrica,0.0,78.19857800508558,-1.0,43.177166805690575
3,NONE,-1.0,-0.1,-1.0,-0.1
3,NONE,-1.0,-0.1,-1.0,-0.1
3,NONE,-1.0,-0.1,-1.0,-0.1
3,NONE,-1.0,-0.1,-1.0,-0.1
3,NONE,-1.0,-0.1,-1.0,-0.1
3,NONE,-1.0,-0.1,-1.0,-0.1
3,NONE,-1.0,-0.1,-1.0,-0.1
3,NONE,-1.0,-0.1,-1.0,-0.1
3,NONE,-1.0,-0.1,-1.0,-0.1
3,NONE,-1.0,-0.1,-1.0,-0.1
3,NONE,-1.0,-0.1,-1.0,-0.1
3,NONE,-1.0,-0.1,-1.0,-0.1
3,NONE,-1.0,-0.1,-1.0,-0.1
3,NONE,-1.0,-0.1,-1.0,-0.1
3,NONE,-1.0,-0.1,-1.0,-0.1
3,NONE,-1.0,-0.1,-1.0,-0.1
2,EV_B07_C030_Mototaxi_Electrica,-1.0,-0.1,8.0,53.07931136495411
1,EV_B07_C030_Mototaxi_Electrica,6.0,85.10582225964457,-1.0,53.07931136495411
1,EV_B07_C030_Mototaxi_Electrica,5.0,85.10582225964457,-1.0,53.07931136495411
1,EV_B07_C030_Mototaxi_Electrica,4.0,85.10582225964457,-1.0,53.07931136495411
1,EV_B07_C030_Mototaxi_Electrica,3.0,85.10582225964457,-1.0,53.07931136495411
1,EV_B07_C030_Mototaxi_Electrica,2.0,85.10582225964457,-1.0,53.07931136495411
1,EV_B07_C030_Mototaxi_Electrica,1.0,85.10582225964457,-1.0,53.07931136495411
1,EV_B07_C030_Mototaxi_Electrica,0.0,85.10582225964457,-1.0,53.07931136495411
3,NONE,-1.0,-0.1,-1.0,-0.1
3,NONE,-1.0,-0.1,-1.0,-0.1
3,NONE,-1.0,-0.1,-1.0,-0.1
3,NONE,-1.0,-0.1,-1.0,-0.1
3,NONE,-1.0,-0.1,-1.0,-0.1
3,NONE,-1.0,-0.1,-1.0,-0.1
3,NONE,-1.0,-0.1,-1.0,-0.1
3,NONE,-1.0,-0.1,-1.0,-0.1
3,NONE,-1.0,-0.1,-1.0,-0.1
3,NONE,-1.0,-0.1,-1.0,-0.1
3,NONE,-1.0,-0.1,-1.0,-0.1
3,NONE,-1.0,-0.1,-1.0,-0.1
3,NONE,-1.0,-0.1,-1.0,-0.1
3,NONE,-1.0,-0.1,-1.0,-0.1
3,NONE,-1.0,-0.1,-1.0,-0.1
3,NONE,-1.0,-0.1,-1.0,-0.1
3,NONE,-1.0,-0.1,-1.0,-0.1
3,NONE,-1.0,-0.1,-1.0,-0.1
3,NONE,-1.0,-0.1,-1.0,-0.1
3,NONE,-1.0,-0.1,-1.0,-0.1
3,NONE,-1.0,-0.1,-1.0,-0.1
3,NONE,-1.0,-0.1,-1.0,-0.1
3,NONE,-1.0,-0.1,-1.0,-0.1
3,NONE,-1.0,-0.1,-1.0,-0.1
3,NONE,-1.0,-0.1,-1.0,-0.1
3,NONE,-1.0,-0.1,-1.0,-0.1
3,NONE,-1.0,-0.1,-1.0,-0.1
3,NONE,-1.0,-0.1,-1.0,-0.1
3,NONE,-1.0,-0.1,-1.0,-0.1
3,NONE,-1.0,-0.1,-1.0,-0.1
3,NONE,-1.0,-0.1,-1.0,-0.1
3,NONE,-1.0,-0.1,-1.0,-0.1
3,NONE,-1.0,-0.1,-1.0,-0.1
3,NONE,-1.0,-0.1,-1.0,-0.1
3,NONE,-1.0,-0.1,-1.0,-0.1
3,NONE,-1.0,-0.1,-1.0,-0.1
3,NONE,-1.0,-0.1,-1.0,-0.1
3,NONE,-1.0,-0.1,-1.0,-0.1
3,NONE,-1.0,-0.1,-1.0,-0.1
3,NONE,-1.0,-0.1,-1.0,-0.1
3,NONE,-1.0,-0.1,-1.0,-0.1
3,NONE,-1.0,-0.1,-1.0,-0.1
3,NONE,-1.0,-0.1,-1.0,-0.1
3,NONE,-1.0,-0.1,-1.0,-0.1
3,NONE,-1.0,-0.1,-1.0,-0.1
3,NONE,-1.0,-0.1,-1.0,-0.1
3,NONE,-1.0,-0.1,-1.0,-0.1
3,NONE,-1.0,-0.1,-1.0,-0.1
3,NONE,-1.0,-0.1,-1.0,-0.1
3,NONE,-1.0,-0.1,-1.0,-0.1
3,NONE,-1.0,-0.1,-1.0,-0.1
3,NONE,-1.0,-0.1,-1.0,-0.1
3,NONE,-1.0,-0.1,-1.0,-0.1
3,NONE,-1.0,-0.1,-1.0,-0.1
3,NONE,-1.0,-0.1,-1.0,-0.1
3,NONE,-1.0,-0.1,-1.0,-0.1
3,NONE,-1.0,-0.1,-1.0,-0.1
3,NONE,-1.0,-0.1,-1.0,-0.1
3,NONE,-1.0,-0.1,-1.0,-0.1
3,NONE,-1.0,-0.1,-1.0,-0.1
3,NONE,-1.0,-0.1,-1.0,-0.1
3,NONE,-1.0,-0.1,-1.0,-0.1
3,NONE,-1.0,-0.1,-1.0,-0.1
3,NONE,-1.0,-0.1,-1.0,-0.1
3,NONE,-1.0,-0.1,-1.0,-0.1
3,NONE,-1.0,-0.1,-1.0,-0.1
3,NONE,-1.0,-0.1,-1.0,-0.1
3,NONE,-1.0,-0.1,-1.0,-0.1
3,NONE,-1.0,-0.1,-1.0,-0.1
3,NONE,-1.0,-0.1,-1.0,-0.1
3,NONE,-1.0,-0.1,-1.0,-0.1
3,NONE,-1.0,-0.1,-1.0,-0.1
3,NONE,-1.0,-0.1,-1.0,-0.1
3,NONE,-1.0,-0.1,-1.0,-0.1
3,NONE,-1.0,-0.1,-1.0,-0.1
3,NONE,-1.0,-0.1,-1.0,-0.1
3,NONE,-1.0,-0.1,-1.0,-0.1
3,NONE,-1.0,-0.1,-1.0,-0.1
3,NONE,-1.0,-0.1,-1.0,-0.1
3,NONE,-1.0,-0.1,-1.0,-0.1
3,NONE,-1.0,-0.1,-1.0,-0.1
3,NONE,-1.0,-0.1,-1.0,-0.1
3,NONE,-1.0,-0.1,-1.0,-0.1
3,NONE,-1.0,-0.1,-1.0,-0.1
3,NONE,-1.0,-0.1,-1.0,-0.1
3,NONE,-1.0,-0.1,-1.0,-0.1
3,NONE,-1.0,-0.1,-1.0,-0.1
3,NONE,-1.0,-0.1,-1.0,-0.1
3,NONE,-1.0,-0.1,-1.0,-0.1
3,NONE,-1.0,-0.1,-1.0,-0.1
3,NONE,-1.0,-0.1,-1.0,-0.1
3,NONE,-1.0,-0.1,-1.0,-0.1
3,NONE,-1.0,-0.1,-1.0,-0.1
3,NONE,-1.0,-0.1,-1.0,-0.1
3,NONE,-1.0,-0.1,-1.0,-0.1
3,NONE,-1.0,-0.1,-1.0,-0.1
3,NONE,-1.0,-0.1,-1.0,-0.1
3,NONE,-1.0,-0.1,-1.0,-0.1
3,NONE,-1.0,-0.1,-1.0,-0.1
3,NONE,-1.0,-0.1,-1.0,-0.1
3,NONE,-1.0,-0.1,-1.0,-0.1
3,NONE,-1.0,-0.1,-1.0,-0.1
3,NONE,-1.0,-0.1,-1.0,-0.1
3,NONE,-1.0,-0.1,-1.0,-0.1
3,NONE,-1.0,-0.1,-1.0,-0.1
3,NONE,-1.0,-0.1,-1.0,-0.1
3,NONE,-1.0,-0.1,-1.0,-0.1
3,NONE,-1.0,-0.1,-1.0,-0.1
3,NONE,-1.0,-0.1,-1.0,-0.1
3,NONE,-1.0,-0.1,-1.0,-0.1
3,NONE,-1.0,-0.1,-1.0,-0.1
2,EV_B07_C030_Mototaxi_Electrica,-1.0,-0.1,7.0,41.54223505908208
1,EV_B07_C030_Mototaxi_Electrica,6.0,80.44564047276559,-1.0,41.54223505908208
1,EV_B07_C030_Mototaxi_Electrica,5.0,80.44564047276559,-1.0,41.54223505908208
1,EV_B07_C030_Mototaxi_Electrica,4.0,80.44564047276559,-1.0,41.54223505908208
1,EV_B07_C030_Mototaxi_Electrica,3.0,80.44564047276559,-1.0,41.54223505908208
1,EV_B07_C030_Mototaxi_Electrica,2.0,80.44564047276559,-1.0,41.54223505908208
1,EV_B07_C030_Mototaxi_Electrica,1.0,80.44564047276559,-1.0,41.54223505908208
1,EV_B07_C030_Mototaxi_Electrica,0.0,80.44564047276559,-1.0,41.54223505908208
3,NONE,-1.0,-0.1,-1.0,-0.1
3,NONE,-1.0,-0.1,-1.0,-0.1
3,NONE,-1.0,-0.1,-1.0,-0.1
3,NONE,-1.0,-0.1,-1.0,-0.1
3,NONE,-1.0,-0.1,-1.0,-0.1
3,NONE,-1.0,-0.1,-1.0,-0.1
3,NONE,-1.0,-0.1,-1.0,-0.1
3,NONE,-1.0,-0.1,-1.0,-0.1
3,NONE,-1.0,-0.1,-1.0,-0.1
3,NONE,-1.0,-0.1,-1.0,-0.1
3,NONE,-1.0,-0.1,-1.0,-0.1
3,NONE,-1.0,-0.1,-1.0,-0.1
3,NONE,-1.0,-0.1,-1.0,-0.1
3,NONE,-1.0,-0.1,-1.0,-0.1
3,NONE,-1.0,-0.1,-1.0,-0.1
3,NONE,-1.0,-0.1,-1.0,-0.1
3,NONE,-1.0,-0.1,-1.0,-0.1
3,NONE,-1.0,-0.1,-1.0,-0.1
2,EV_B07_C030_Mototaxi_Electrica,-1.0,-0.1,9.0,57.641423517314735
1,EV_B07_C030_Mototaxi_Electrica,5.0,87.73680862286909,-1.0,57.641423517314735
1,EV_B07_C030_Mototaxi_Electrica,4.0,87.73680862286909,-1.0,57.641423517314735
1,EV_B07_C030_Mototaxi_Electrica,3.0,87.73680862286909,-1.0,57.641423517314735
1,EV_B07_C030_Mototaxi_Electrica,2.0,87.73680862286909,-1.0,57.641423517314735
1,EV_B07_C030_Mototaxi_Electrica,1.0,87.73680862286909,-1.0,57.641423517314735
1,EV_B07_C030_Mototaxi_Electrica,0.0,87.73680862286909,-1.0,57.641423517314735
3,NONE,-1.0,-0.1,-1.0,-0.1
3,NONE,-1.0,-0.1,-1.0,-0.1
3,NONE,-1.0,-0.1,-1.0,-0.1
3,NONE,-1.0,-0.1,-1.0,-0.1
3,NONE,-1.0,-0.1,-1.0,-0.1
3,NONE,-1.0,-0.1,-1.0,-0.1
3,NONE,-1.0,-0.1,-1.0,-0.1
3,NONE,-1.0,-0.1,-1.0,-0.1
3,NONE,-1.0,-0.1,-1.0,-0.1
3,NONE,-1.0,-0.1,-1.0,-0.1
3,NONE,-1.0,-0.1,-1.0,-0.1
3,NONE,-1.0,-0.1,-1.0,-0.1
3,NONE,-1.0,-0.1,-1.0,-0.1
3,NONE,-1.0,-0.1,-1.0,-0.1
3,NONE,-1.0,-0.1,-1.0,-0.1
3,NONE,-1.0,-0.1,-1.0,-0.1
2,EV_B07_C030_Mototaxi_Electrica,-1.0,-0.1,8.0,34.22052102261224
1,EV_B07_C030_Mototaxi_Electrica,6.0,86.36729649968878,-1.0,34.22052102261224
1,EV_B07_C030_Mototaxi_Electrica,5.0,86.36729649968878,-1.0,34.22052102261224
1,EV_B07_C030_Mototaxi_Electrica,4.0,86.36729649968878,-1.0,34.22052102261224
1,EV_B07_C030_Mototaxi_Electrica,3.0,86.36729649968878,-1.0,34.22052102261224
1,EV_B07_C030_Mototaxi_Electrica,2.0,86.36729649968878,-1.0,34.22052102261224
1,EV_B07_C030_Mototaxi_Electrica,1.0,86.36729649968878,-1.0,34.22052102261224
1,EV_B07_C030_Mototaxi_Electrica,0.0,86.36729649968878,-1.0,34.22052102261224
3,NONE,-1.0,-0.1,-1.0,-0.1
3,NONE,-1.0,-0.1,-1.0,-0.1
3,NONE,-1.0,-0.1,-1.0,-0.1
3,NONE,-1.0,-0.1,-1.0,-0.1
3,NONE,-1.0,-0.1,-1.0,-0.1
3,NONE,-1.0,-0.1,-1.0,-0.1
3,NONE,-1.0,-0.1,-1.0,-0.1
3,NONE,-1.0,-0.1,-1.0,-0.1
3,NONE,-1.0,-0.1,-1.0,-0.1
3,NONE,-1.0,-0.1,-1.0,-0.1
3,NONE,-1.0,-0.1,-1.0,-0.1
3,NONE,-1.0,-0.1,-1.0,-0.1
3,NONE,-1.0,-0.1,-1.0,-0.1
3,NONE,-1.0,-0.1,-1.0,-0.1
3,NONE,-1.0,-0.1,-1.0,-0.1
3,NONE,-1.0,-0.1,-1.0,-0.1
3,NONE,-1.0,-0.1,-1.0,-0.1
3,NONE,-1.0,-0.1,-1.0,-0.1
3,NONE,-1.0,-0.1,-1.0,-0.1
3,NONE,-1.0,-0.1,-1.0,-0.1
3,NONE,-1.0,-0.1,-1.0,-0.1
3,NONE,-1.0,-0.1,-1.0,-0.1
3,NONE,-1.0,-0.1,-1.0,-0.1
3,NONE,-1.0,-0.1,-1.0,-0.1
3,NONE,-1.0,-0.1,-1.0,-0.1
3,NONE,-1.0,-0.1,-1.0,-0.1
3,NONE,-1.0,-0.1,-1.0,-0.1
3,NONE,-1.0,-0.1,-1.0,-0.1
3,NONE,-1.0,-0.1,-1.0,-0.1
3,NONE,-1.0,-0.1,-1.0,-0.1
3,NONE,-1.0,-0.1,-1.0,-0.1
3,NONE,-1.0,-0.1,-1.0,-0.1
3,NONE,-1.0,-0.1,-1.0,-0.1
3,NONE,-1.0,-0.1,-1.0,-0.1
3,NONE,-1.0,-0.1,-1.0,-0.1
3,NONE,-1.0,-0.1,-1.0,-0.1
3,NONE,-1.0,-0.1,-1.0,-0.1
3,NONE,-1.0,-0.1,-1.0,-0.1
3,NONE,-1.0,-0.1,-1.0,-0.1
3,NONE,-1.0,-0.1,-1.0,-0.1
3,NONE,-1.0,-0.1,-1.0,-0.1
3,NONE,-1.0,-0.1,-1.0,-0.1
3,NONE,-1.0,-0.1,-1.0,-0.1
3,NONE,-1.0,-0.1,-1.0,-0.1
3,NONE,-1.0,-0.1,-1.0,-0.1
3,NONE,-1.0,-0.1,-1.0,-0.1
3,NONE,-1.0,-0.1,-1.0,-0.1
3,NONE,-1.0,-0.1,-1.0,-0.1
3,NONE,-1.0,-0.1,-1.0,-0.1
3,NONE,-1.0,-0.1,-1.0,-0.1
3,NONE,-1.0,-0.1,-1.0,-0.1
3,NONE,-1.0,-0.1,-1.0,-0.1
3,NONE,-1.0,-0.1,-1.0,-0.1
3,NONE,-1.0,-0.1,-1.0,-0.1
3,NONE,-1.0,-0.1,-1.0,-0.1
3,NONE,-1.0,-0.1,-1.0,-0.1
3,NONE,-1.0,-0.1,-1.0,-0.1
3,NONE,-1.0,-0.1,-1.0,-0.1
3,NONE,-1.0,-0.1,-1.0,-0.1
3,NONE,-1.0,-0.1,-1.0,-0.1
3,NONE,-1.0,-0.1,-1.0,-0.1
3,NONE,-1.0,-0.1,-1.0,-0.1
3,NONE,-1.0,-0.1,-1.0,-0.1
3,NONE,-1.0,-0.1,-1.0,-0.1
3,NONE,-1.0,-0.1,-1.0,-0.1
3,NONE,-1.0,-0.1,-1.0,-0.1
3,NONE,-1.0,-0.1,-1.0,-0.1
3,NONE,-1.0,-0.1,-1.0,-0.1
3,NONE,-1.0,-0.1,-1.0,-0.1
3,NONE,-1.0,-0.1,-1.0,-0.1
3,NONE,-1.0,-0.1,-1.0,-0.1
3,NONE,-1.0,-0.1,-1.0,-0.1
3,NONE,-1.0,-0.1,-1.0,-0.1
3,NONE,-1.0,-0.1,-1.0,-0.1
3,NONE,-1.0,-0.1,-1.0,-0.1
3,NONE,-1.0,-0.1,-1.0,-0.1
3,NONE,-1.0,-0.1,-1.0,-0.1
3,NONE,-1.0,-0.1,-1.0,-0.1
3,NONE,-1.0,-0.1,-1.0,-0.1
3,NONE,-1.0,-0.1,-1.0,-0.1
3,NONE,-1.0,-0.1,-1.0,-0.1
3,NONE,-1.0,-0.1,-1.0,-0.1
3,NONE,-1.0,-0.1,-1.0,-0.1
3,NONE,-1.0,-0.1,-1.0,-0.1
3,NONE,-1.0,-0.1,-1.0,-0.1
3,NONE,-1.0,-0.1,-1.0,-0.1
3,NONE,-1.0,-0.1,-1.0,-0.1
3,NONE,-1.0,-0.1,-1.0,-0.1
3,NONE,-1.0,-0.1,-1.0,-0.1
3,NONE,-1.0,-0.1,-1.0,-0.1
3,NONE,-1.0,-0.1,-1.0,-0.1
3,NONE,-1.0,-0.1,-1.0,-0.1
3,NONE,-1.0,-0.1,-1.0,-0.1
3,NONE,-1.0,-0.1,-1.0,-0.1
3,NONE,-1.0,-0.1,-1.0,-0.1
3,NONE,-1.0,-0.1,-1.0,-0.1
3,NONE,-1.0,-0.1,-1.0,-0.1
3,NONE,-1.0,-0.1,-1.0,-0.1
3,NONE,-1.0,-0.1,-1.0,-0.1
3,NONE,-1.0,-0.1,-1.0,-0.1
3,NONE,-1.0,-0.1,-1.0,-0.1
3,NONE,-1.0,-0.1,-1.0,-0.1
3,NONE,-1.0,-0.1,-1.0,-0.1
3,NONE,-1.0,-0.1,-1.0,-0.1
3,NONE,-1.0,-0.1,-1.0,-0.1
3,NONE,-1.0,-0.1,-1.0,-0.1
3,NONE,-1.0,-0.1,-1.0,-0.1
3,NONE,-1.0,-0.1,-1.0,-0.1
3,NONE,-1.0,-0.1,-1.0,-0.1
3,NONE,-1.0,-0.1,-1.0,-0.1
3,NONE,-1.0,-0.1,-1.0,-0.1
3,NONE,-1.0,-0.1,-1.0,-0.1
2,EV_B07_C030_Mototaxi_Electrica,-1.0,-0.1,8.0,18.492153277534147
1,EV_B07_C030_Mototaxi_Electrica,6.0,78.18958653463619,-1.0,18.492153277534147
1,EV_B07_C030_Mototaxi_Electrica,5.0,78.18958653463619,-1.0,18.492153277534147
1,EV_B07_C030_Mototaxi_Electrica,4.0,78.18958653463619,-1.0,18.492153277534147
1,EV_B07_C030_Mototaxi_Electrica,3.0,78.18958653463619,-1.0,18.492153277534147
1,EV_B07_C030_Mototaxi_Electrica,2.0,78.18958653463619,-1.0,18.492153277534147
1,EV_B07_C030_Mototaxi_Electrica,1.0,78.18958653463619,-1.0,18.492153277534147
1,EV_B07_C030_Mototaxi_Electrica,0.0,78.18958653463619,-1.0,18.492153277534147
3,NONE,-1.0,-0.1,-1.0,-0.1
3,NONE,-1.0,-0.1,-1.0,-0.1
3,NONE,-1.0,-0.1,-1.0,-0.1
3,NONE,-1.0,-0.1,-1.0,-0.1
3,NONE,-1.0,-0.1,-1.0,-0.1
3,NONE,-1.0,-0.1,-1.0,-0.1
3,NONE,-1.0,-0.1,-1.0,-0.1
3,NONE,-1.0,-0.1,-1.0,-0.1
3,NONE,-1.0,-0.1,-1.0,-0.1
3,NONE,-1.0,-0.1,-1.0,-0.1
3,NONE,-1.0,-0.1,-1.0,-0.1
3,NONE,-1.0,-0.1,-1.0,-0.1
3,NONE,-1.0,-0.1,-1.0,-0.1
3,NONE,-1.0,-0.1,-1.0,-0.1
3,NONE,-1.0,-0.1,-1.0,-0.1
3,NONE,-1.0,-0.1,-1.0,-0.1
3,NONE,-1.0,-0.1,-1.0,-0.1
3,NONE,-1.0,-0.1,-1.0,-0.1
3,NONE,-1.0,-0.1,-1.0,-0.1
3,NONE,-1.0,-0.1,-1.0,-0.1
3,NONE,-1.0,-0.1,-1.0,-0.1
3,NONE,-1.0,-0.1,-1.0,-0.1
3,NONE,-1.0,-0.1,-1.0,-0.1
3,NONE,-1.0,-0.1,-1.0,-0.1
3,NONE,-1.0,-0.1,-1.0,-0.1
3,NONE,-1.0,-0.1,-1.0,-0.1
3,NONE,-1.0,-0.1,-1.0,-0.1
3,NONE,-1.0,-0.1,-1.0,-0.1
3,NONE,-1.0,-0.1,-1.0,-0.1
3,NONE,-1.0,-0.1,-1.0,-0.1
3,NONE,-1.0,-0.1,-1.0,-0.1
3,NONE,-1.0,-0.1,-1.0,-0.1
3,NONE,-1.0,-0.1,-1.0,-0.1
3,NONE,-1.0,-0.1,-1.0,-0.1
3,NONE,-1.0,-0.1,-1.0,-0.1
3,NONE,-1.0,-0.1,-1.0,-0.1
3,NONE,-1.0,-0.1,-1.0,-0.1
3,NONE,-1.0,-0.1,-1.0,-0.1
3,NONE,-1.0,-0.1,-1.0,-0.1
3,NONE,-1.0,-0.1,-1.0,-0.1
3,NONE,-1.0,-0.1,-1.0,-0.1
3,NONE,-1.0,-0.1,-1.0,-0.1
3,NONE,-1.0,-0.1,-1.0,-0.1
3,NONE,-1.0,-0.1,-1.0,-0.1
3,NONE,-1.0,-0.1,-1.0,-0.1
3,NONE,-1.0,-0.1,-1.0,-0.1
3,NONE,-1.0,-0.1,-1.0,-0.1
3,NONE,-1.0,-0.1,-1.0,-0.1
3,NONE,-1.0,-0.1,-1.0,-0.1
3,NONE,-1.0,-0.1,-1.0,-0.1
3,NONE,-1.0,-0.1,-1.0,-0.1
3,NONE,-1.0,-0.1,-1.0,-0.1
3,NONE,-1.0,-0.1,-1.0,-0.1
3,NONE,-1.0,-0.1,-1.0,-0.1
3,NONE,-1.0,-0.1,-1.0,-0.1
3,NONE,-1.0,-0.1,-1.0,-0.1
3,NONE,-1.0,-0.1,-1.0,-0.1
3,NONE,-1.0,-0.1,-1.0,-0.1
3,NONE,-1.0,-0.1,-1.0,-0.1
3,NONE,-1.0,-0.1,-1.0,-0.1
3,NONE,-1.0,-0.1,-1.0,-0.1
3,NONE,-1.0,-0.1,-1.0,-0.1
3,NONE,-1.0,-0.1,-1.0,-0.1
2,EV_B07_C030_Mototaxi_Electrica,-1.0,-0.1,7.0,39.482859423927486
1,EV_B07_C030_Mototaxi_Electrica,6.0,87.551343910008,-1.0,39.482859423927486
1,EV_B07_C030_Mototaxi_Electrica,5.0,87.551343910008,-1.0,39.482859423927486
1,EV_B07_C030_Mototaxi_Electrica,4.0,87.551343910008,-1.0,39.482859423927486
1,EV_B07_C030_Mototaxi_Electrica,3.0,87.551343910008,-1.0,39.482859423927486
1,EV_B07_C030_Mototaxi_Electrica,2.0,87.551343910008,-1.0,39.482859423927486
1,EV_B07_C030_Mototaxi_Electrica,1.0,87.551343910008,-1.0,39.482859423927486
1,EV_B07_C030_Mototaxi_Electrica,0.0,87.551343910008,-1.0,39.482859423927486
3,NONE,-1.0,-0.1,-1.0,-0.1
3,NONE,-1.0,-0.1,-1.0,-0.1
3,NONE,-1.0,-0.1,-1.0,-0.1
3,NONE,-1.0,-0.1,-1.0,-0.1
3,NONE,-1.0,-0.1,-1.0,-0.1
3,NONE,-1.0,-0.1,-1.0,-0.1
3,NONE,-1.0,-0.1,-1.0,-0.1
3,NONE,-1.0,-0.1,-1.0,-0.1
3,NONE,-1.0,-0.1,-1.0,-0.1
3,NONE,-1.0,-0.1,-1.0,-0.1
3,NONE,-1.0,-0.1,-1.0,-0.1
3,NONE,-1.0,-0.1,-1.0,-0.1
3,NONE,-1.0,-0.1,-1.0,-0.1
3,NONE,-1.0,-0.1,-1.0,-0.1
3,NONE,-1.0,-0.1,-1.0,-0.1
3,NONE,-1.0,-0.1,-1.0,-0.1
3,NONE,-1.0,-0.1,-1.0,-0.1
3,NONE,-1.0,-0.1,-1.0,-0.1
3,NONE,-1.0,-0.1,-1.0,-0.1
3,NONE,-1.0,-0.1,-1.0,-0.1
3,NONE,-1.0,-0.1,-1.0,-0.1
3,NONE,-1.0,-0.1,-1.0,-0.1
3,NONE,-1.0,-0.1,-1.0,-0.1
3,NONE,-1.0,-0.1,-1.0,-0.1
3,NONE,-1.0,-0.1,-1.0,-0.1
3,NONE,-1.0,-0.1,-1.0,-0.1
3,NONE,-1.0,-0.1,-1.0,-0.1
3,NONE,-1.0,-0.1,-1.0,-0.1
3,NONE,-1.0,-0.1,-1.0,-0.1
3,NONE,-1.0,-0.1,-1.0,-0.1
3,NONE,-1.0,-0.1,-1.0,-0.1
3,NONE,-1.0,-0.1,-1.0,-0.1
3,NONE,-1.0,-0.1,-1.0,-0.1
3,NONE,-1.0,-0.1,-1.0,-0.1
3,NONE,-1.0,-0.1,-1.0,-0.1
3,NONE,-1.0,-0.1,-1.0,-0.1
3,NONE,-1.0,-0.1,-1.0,-0.1
3,NONE,-1.0,-0.1,-1.0,-0.1
3,NONE,-1.0,-0.1,-1.0,-0.1
3,NONE,-1.0,-0.1,-1.0,-0.1
3,NONE,-1.0,-0.1,-1.0,-0.1
3,NONE,-1.0,-0.1,-1.0,-0.1
3,NONE,-1.0,-0.1,-1.0,-0.1
3,NONE,-1.0,-0.1,-1.0,-0.1
3,NONE,-1.0,-0.1,-1.0,-0.1
3,NONE,-1.0,-0.1,-1.0,-0.1
3,NONE,-1.0,-0.1,-1.0,-0.1
3,NONE,-1.0,-0.1,-1.0,-0.1
3,NONE,-1.0,-0.1,-1.0,-0.1
3,NONE,-1.0,-0.1,-1.0,-0.1
3,NONE,-1.0,-0.1,-1.0,-0.1
3,NONE,-1.0,-0.1,-1.0,-0.1
3,NONE,-1.0,-0.1,-1.0,-0.1
3,NONE,-1.0,-0.1,-1.0,-0.1
3,NONE,-1.0,-0.1,-1.0,-0.1
3,NONE,-1.0,-0.1,-1.0,-0.1
3,NONE,-1.0,-0.1,-1.0,-0.1
3,NONE,-1.0,-0.1,-1.0,-0.1
3,NONE,-1.0,-0.1,-1.0,-0.1
3,NONE,-1.0,-0.1,-1.0,-0.1
3,NONE,-1.0,-0.1,-1.0,-0.1
3,NONE,-1.0,-0.1,-1.0,-0.1
3,NONE,-1.0,-0.1,-1.0,-0.1
3,NONE,-1.0,-0.1,-1.0,-0.1
3,NONE,-1.0,-0.1,-1.0,-0.1
3,NONE,-1.0,-0.1,-1.0,-0.1
2,EV_B07_C030_Mototaxi_Electrica,-1.0,-0.1,9.0,45.59190248983579
1,EV_B07_C030_Mototaxi_Electrica,5.0,93.06135815939177,-1.0,45.59190248983579
1,EV_B07_C030_Mototaxi_Electrica,4.0,93.06135815939177,-1.0,45.59190248983579
1,EV_B07_C030_Mototaxi_Electrica,3.0,93.06135815939177,-1.0,45.59190248983579
1,EV_B07_C030_Mototaxi_Electrica,2.0,93.06135815939177,-1.0,45.59190248983579
1,EV_B07_C030_Mototaxi_Electrica,1.0,93.06135815939177,-1.0,45.59190248983579
1,EV_B07_C030_Mototaxi_Electrica,0.0,93.06135815939177,-1.0,45.59190248983579
3,NONE,-1.0,-0.1,-1.0,-0.1
3,NONE,-1.0,-0.1,-1.0,-0.1
3,NONE,-1.0,-0.1,-1.0,-0.1
3,NONE,-1.0,-0.1,-1.0,-0.1
3,NONE,-1.0,-0.1,-1.0,-0.1
3,NONE,-1.0,-0.1,-1.0,-0.1
3,NONE,-1.0,-0.1,-1.0,-0.1
3,NONE,-1.0,-0.1,-1.0,-0.1
3,NONE,-1.0,-0.1,-1.0,-0.1
3,NONE,-1.0,-0.1,-1.0,-0.1
3,NONE,-1.0,-0.1,-1.0,-0.1
3,NONE,-1.0,-0.1,-1.0,-0.1
3,NONE,-1.0,-0.1,-1.0,-0.1
3,NONE,-1.0,-0.1,-1.0,-0.1
3,NONE,-1.0,-0.1,-1.0,-0.1
3,NONE,-1.0,-0.1,-1.0,-0.1
2,EV_B07_C030_Mototaxi_Electrica,-1.0,-0.1,8.0,50.38474422550845
1,EV_B07_C030_Mototaxi_Electrica,6.0,83.86659503752651,-1.0,50.38474422550845
1,EV_B07_C030_Mototaxi_Electrica,5.0,83.86659503752651,-1.0,50.38474422550845
1,EV_B07_C030_Mototaxi_Electrica,4.0,83.86659503752651,-1.0,50.38474422550845
1,EV_B07_C030_Mototaxi_Electrica,3.0,83.86659503752651,-1.0,50.38474422550845
1,EV_B07_C030_Mototaxi_Electrica,2.0,83.86659503752651,-1.0,50.38474422550845
1,EV_B07_C030_Mototaxi_Electrica,1.0,83.86659503752651,-1.0,50.38474422550845
1,EV_B07_C030_Mototaxi_Electrica,0.0,83.86659503752651,-1.0,50.38474422550845
3,NONE,-1.0,-0.1,-1.0,-0.1
3,NONE,-1.0,-0.1,-1.0,-0.1
3,NONE,-1.0,-0.1,-1.0,-0.1
3,NONE,-1.0,-0.1,-1.0,-0.1
3,NONE,-1.0,-0.1,-1.0,-0.1
3,NONE,-1.0,-0.1,-1.0,-0.1
3,NONE,-1.0,-0.1,-1.0,-0.1
3,NONE,-1.0,-0.1,-1.0,-0.1
3,NONE,-1.0,-0.1,-1.0,-0.1
3,NONE,-1.0,-0.1,-1.0,-0.1
3,NONE,-1.0,-0.1,-1.0,-0.1
3,NONE,-1.0,-0.1,-1.0,-0.1
3,NONE,-1.0,-0.1,-1.0,-0.1
3,NONE,-1.0,-0.1,-1.0,-0.1
3,NONE,-1.0,-0.1,-1.0,-0.1
2,EV_B07_C030_Mototaxi_Electrica,-1.0,-0.1,7.0,23.981436901755497
1,EV_B07_C030_Mototaxi_Electrica,7.0,81.28666011303677,-1.0,23.981436901755497
1,EV_B07_C030_Mototaxi_Electrica,6.0,81.28666011303677,-1.0,23.981436901755497
1,EV_B07_C030_Mototaxi_Electrica,5.0,81.28666011303677,-1.0,23.981436901755497
1,EV_B07_C030_Mototaxi_Electrica,4.0,81.28666011303677,-1.0,23.981436901755497
1,EV_B07_C030_Mototaxi_Electrica,3.0,81.28666011303677,-1.0,23.981436901755497
1,EV_B07_C030_Mototaxi_Electrica,2.0,81.28666011303677,-1.0,23.981436901755497
1,EV_B07_C030_Mototaxi_Electrica,1.0,81.28666011303677,-1.0,23.981436901755497
1,EV_B07_C030_Mototaxi_Electrica,0.0,81.28666011303677,-1.0,23.981436901755497
3,NONE,-1.0,-0.1,-1.0,-0.1
3,NONE,-1.0,-0.1,-1.0,-0.1
3,NONE,-1.0,-0.1,-1.0,-0.1
3,NONE,-1.0,-0.1,-1.0,-0.1
3,NONE,-1.0,-0.1,-1.0,-0.1
3,NONE,-1.0,-0.1,-1.0,-0.1
3,NONE,-1.0,-0.1,-1.0,-0.1
3,NONE,-1.0,-0.1,-1.0,-0.1
3,NONE,-1.0,-0.1,-1.0,-0.1
3,NONE,-1.0,-0.1,-1.0,-0.1
3,NONE,-1.0,-0.1,-1.0,-0.1
3,NONE,-1.0,-0.1,-1.0,-0.1
3,NONE,-1.0,-0.1,-1.0,-0.1
3,NONE,-1.0,-0.1,-1.0,-0.1
3,NONE,-1.0,-0.1,-1.0,-0.1
2,EV_B07_C030_Mototaxi_Electrica,-1.0,-0.1,7.0,42.692709273453254
1,EV_B07_C030_Mototaxi_Electrica,7.0,77.34333529675241,-1.0,42.692709273453254
1,EV_B07_C030_Mototaxi_Electrica,6.0,77.34333529675241,-1.0,42.692709273453254
1,EV_B07_C030_Mototaxi_Electrica,5.0,77.34333529675241,-1.0,42.692709273453254
1,EV_B07_C030_Mototaxi_Electrica,4.0,77.34333529675241,-1.0,42.692709273453254
1,EV_B07_C030_Mototaxi_Electrica,3.0,77.34333529675241,-1.0,42.692709273453254
1,EV_B07_C030_Mototaxi_Electrica,2.0,77.34333529675241,-1.0,42.692709273453254
1,EV_B07_C030_Mototaxi_Electrica,1.0,77.34333529675241,-1.0,42.692709273453254
1,EV_B07_C030_Mototaxi_Electrica,0.0,77.34333529675241,-1.0,42.692709273453254
3,NONE,-1.0,-0.1,-1.0,-0.1
3,NONE,-1.0,-0.1,-1.0,-0.1
3,NONE,-1.0,-0.1,-1.0,-0.1
3,NONE,-1.0,-0.1,-1.0,-0.1
3,NONE,-1.0,-0.1,-1.0,-0.1
3,NONE,-1.0,-0.1,-1.0,-0.1
3,NONE,-1.0,-0.1,-1.0,-0.1
3,NONE,-1.0,-0.1,-1.0,-0.1
3,NONE,-1.0,-0.1,-1.0,-0.1
3,NONE,-1.0,-0.1,-1.0,-0.1
3,NONE,-1.0,-0.1,-1.0,-0.1
3,NONE,-1.0,-0.1,-1.0,-0.1
3,NONE,-1.0,-0.1,-1.0,-0.1
3,NONE,-1.0,-0.1,-1.0,-0.1
3,NONE,-1.0,-0.1,-1.0,-0.1
2,EV_B07_C030_Mototaxi_Electrica,-1.0,-0.1,7.0,42.69696248219411
1,EV_B07_C030_Mototaxi_Electrica,6.0,82.06747580992985,-1.0,42.69696248219411
1,EV_B07_C030_Mototaxi_Electrica,5.0,82.06747580992985,-1.0,42.69696248219411
1,EV_B07_C030_Mototaxi_Electrica,4.0,82.06747580992985,-1.0,42.69696248219411
1,EV_B07_C030_Mototaxi_Electrica,3.0,82.06747580992985,-1.0,42.69696248219411
1,EV_B07_C030_Mototaxi_Electrica,2.0,82.06747580992985,-1.0,42.69696248219411
1,EV_B07_C030_Mototaxi_Electrica,1.0,82.06747580992985,-1.0,42.69696248219411
1,EV_B07_C030_Mototaxi_Electrica,0.0,82.06747580992985,-1.0,42.69696248219411
3,NONE,-1.0,-0.1,-1.0,-0.1
3,NONE,-1.0,-0.1,-1.0,-0.1
3,NONE,-1.0,-0.1,-1.0,-0.1
3,NONE,-1.0,-0.1,-1.0,-0.1
3,NONE,-1.0,-0.1,-1.0,-0.1
3,NONE,-1.0,-0.1,-1.0,-0.1
3,NONE,-1.0,-0.1,-1.0,-0.1
3,NONE,-1.0,-0.1,-1.0,-0.1
3,NONE,-1.0,-0.1,-1.0,-0.1
3,NONE,-1.0,-0.1,-1.0,-0.1
3,NONE,-1.0,-0.1,-1.0,-0.1
3,NONE,-1.0,-0.1,-1.0,-0.1
3,NONE,-1.0,-0.1,-1.0,-0.1
3,NONE,-1.0,-0.1,-1.0,-0.1
3,NONE,-1.0,-0.1,-1.0,-0.1
3,NONE,-1.0,-0.1,-1.0,-0.1
3,NONE,-1.0,-0.1,-1.0,-0.1
3,NONE,-1.0,-0.1,-1.0,-0.1
3,NONE,-1.0,-0.1,-1.0,-0.1
3,NONE,-1.0,-0.1,-1.0,-0.1
3,NONE,-1.0,-0.1,-1.0,-0.1
3,NONE,-1.0,-0.1,-1.0,-0.1
3,NONE,-1.0,-0.1,-1.0,-0.1
3,NONE,-1.0,-0.1,-1.0,-0.1
3,NONE,-1.0,-0.1,-1.0,-0.1
3,NONE,-1.0,-0.1,-1.0,-0.1
3,NONE,-1.0,-0.1,-1.0,-0.1
3,NONE,-1.0,-0.1,-1.0,-0.1
3,NONE,-1.0,-0.1,-1.0,-0.1
3,NONE,-1.0,-0.1,-1.0,-0.1
3,NONE,-1.0,-0.1,-1.0,-0.1
3,NONE,-1.0,-0.1,-1.0,-0.1
3,NONE,-1.0,-0.1,-1.0,-0.1
3,NONE,-1.0,-0.1,-1.0,-0.1
3,NONE,-1.0,-0.1,-1.0,-0.1
3,NONE,-1.0,-0.1,-1.0,-0.1
3,NONE,-1.0,-0.1,-1.0,-0.1
3,NONE,-1.0,-0.1,-1.0,-0.1
3,NONE,-1.0,-0.1,-1.0,-0.1
3,NONE,-1.0,-0.1,-1.0,-0.1
3,NONE,-1.0,-0.1,-1.0,-0.1
3,NONE,-1.0,-0.1,-1.0,-0.1
3,NONE,-1.0,-0.1,-1.0,-0.1
3,NONE,-1.0,-0.1,-1.0,-0.1
3,NONE,-1.0,-0.1,-1.0,-0.1
3,NONE,-1.0,-0.1,-1.0,-0.1
3,NONE,-1.0,-0.1,-1.0,-0.1
3,NONE,-1.0,-0.1,-1.0,-0.1
3,NONE,-1.0,-0.1,-1.0,-0.1
3,NONE,-1.0,-0.1,-1.0,-0.1
3,NONE,-1.0,-0.1,-1.0,-0.1
3,NONE,-1.0,-0.1,-1.0,-0.1
3,NONE,-1.0,-0.1,-1.0,-0.1
3,NONE,-1.0,-0.1,-1.0,-0.1
3,NONE,-1.0,-0.1,-1.0,-0.1
3,NONE,-1.0,-0.1,-1.0,-0.1
3,NONE,-1.0,-0.1,-1.0,-0.1
3,NONE,-1.0,-0.1,-1.0,-0.1
3,NONE,-1.0,-0.1,-1.0,-0.1
3,NONE,-1.0,-0.1,-1.0,-0.1
3,NONE,-1.0,-0.1,-1.0,-0.1
3,NONE,-1.0,-0.1,-1.0,-0.1
3,NONE,-1.0,-0.1,-1.0,-0.1
3,NONE,-1.0,-0.1,-1.0,-0.1
3,NONE,-1.0,-0.1,-1.0,-0.1
3,NONE,-1.0,-0.1,-1.0,-0.1
3,NONE,-1.0,-0.1,-1.0,-0.1
3,NONE,-1.0,-0.1,-1.0,-0.1
3,NONE,-1.0,-0.1,-1.0,-0.1
3,NONE,-1.0,-0.1,-1.0,-0.1
3,NONE,-1.0,-0.1,-1.0,-0.1
3,NONE,-1.0,-0.1,-1.0,-0.1
3,NONE,-1.0,-0.1,-1.0,-0.1
3,NONE,-1.0,-0.1,-1.0,-0.1
3,NONE,-1.0,-0.1,-1.0,-0.1
3,NONE,-1.0,-0.1,-1.0,-0.1
3,NONE,-1.0,-0.1,-1.0,-0.1
3,NONE,-1.0,-0.1,-1.0,-0.1
3,NONE,-1.0,-0.1,-1.0,-0.1
3,NONE,-1.0,-0.1,-1.0,-0.1
3,NONE,-1.0,-0.1,-1.0,-0.1
3,NONE,-1.0,-0.1,-1.0,-0.1
3,NONE,-1.0,-0.1,-1.0,-0.1
3,NONE,-1.0,-0.1,-1.0,-0.1
3,NONE,-1.0,-0.1,-1.0,-0.1
3,NONE,-1.0,-0.1,-1.0,-0.1
3,NONE,-1.0,-0.1,-1.0,-0.1
3,NONE,-1.0,-0.1,-1.0,-0.1
3,NONE,-1.0,-0.1,-1.0,-0.1
3,NONE,-1.0,-0.1,-1.0,-0.1
2,EV_B07_C030_Mototaxi_Electrica,-1.0,-0.1,9.0,31.558527743506307
1,EV_B07_C030_Mototaxi_Electrica,5.0,88.22850082808169,-1.0,31.558527743506307
1,EV_B07_C030_Mototaxi_Electrica,4.0,88.22850082808169,-1.0,31.558527743506307
1,EV_B07_C030_Mototaxi_Electrica,3.0,88.22850082808169,-1.0,31.558527743506307
1,EV_B07_C030_Mototaxi_Electrica,2.0,88.22850082808169,-1.0,31.558527743506307
1,EV_B07_C030_Mototaxi_Electrica,1.0,88.22850082808169,-1.0,31.558527743506307
1,EV_B07_C030_Mototaxi_Electrica,0.0,88.22850082808169,-1.0,31.558527743506307
3,NONE,-1.0,-0.1,-1.0,-0.1
3,NONE,-1.0,-0.1,-1.0,-0.1
3,NONE,-1.0,-0.1,-1.0,-0.1
3,NONE,-1.0,-0.1,-1.0,-0.1
3,NONE,-1.0,-0.1,-1.0,-0.1
3,NONE,-1.0,-0.1,-1.0,-0.1
3,NONE,-1.0,-0.1,-1.0,-0.1
3,NONE,-1.0,-0.1,-1.0,-0.1
3,NONE,-1.0,-0.1,-1.0,-0.1
3,NONE,-1.0,-0.1,-1.0,-0.1
3,NONE,-1.0,-0.1,-1.0,-0.1
3,NONE,-1.0,-0.1,-1.0,-0.1
3,NONE,-1.0,-0.1,-1.0,-0.1
3,NONE,-1.0,-0.1,-1.0,-0.1
3,NONE,-1.0,-0.1,-1.0,-0.1
3,NONE,-1.0,-0.1,-1.0,-0.1
2,EV_B07_C030_Mototaxi_Electrica,-1.0,-0.1,8.0,53.1368131063126
1,EV_B07_C030_Mototaxi_Electrica,6.0,93.88471371789724,-1.0,53.1368131063126
1,EV_B07_C030_Mototaxi_Electrica,5.0,93.88471371789724,-1.0,53.1368131063126
1,EV_B07_C030_Mototaxi_Electrica,4.0,93.88471371789724,-1.0,53.1368131063126
1,EV_B07_C030_Mototaxi_Electrica,3.0,93.88471371789724,-1.0,53.1368131063126
1,EV_B07_C030_Mototaxi_Electrica,2.0,93.88471371789724,-1.0,53.1368131063126
1,EV_B07_C030_Mototaxi_Electrica,1.0,93.88471371789724,-1.0,53.1368131063126
1,EV_B07_C030_Mototaxi_Electrica,0.0,93.88471371789724,-1.0,53.1368131063126
3,NONE,-1.0,-0.1,-1.0,-0.1
3,NONE,-1.0,-0.1,-1.0,-0.1
3,NONE,-1.0,-0.1,-1.0,-0.1
3,NONE,-1.0,-0.1,-1.0,-0.1
3,NONE,-1.0,-0.1,-1.0,-0.1
3,NONE,-1.0,-0.1,-1.0,-0.1
3,NONE,-1.0,-0.1,-1.0,-0.1
3,NONE,-1.0,-0.1,-1.0,-0.1
3,NONE,-1.0,-0.1,-1.0,-0.1
3,NONE,-1.0,-0.1,-1.0,-0.1
3,NONE,-1.0,-0.1,-1.0,-0.1
3,NONE,-1.0,-0.1,-1.0,-0.1
3,NONE,-1.0,-0.1,-1.0,-0.1
3,NONE,-1.0,-0.1,-1.0,-0.1
3,NONE,-1.0,-0.1,-1.0,-0.1
3,NONE,-1.0,-0.1,-1.0,-0.1
3,NONE,-1.0,-0.1,-1.0,-0.1
3,NONE,-1.0,-0.1,-1.0,-0.1
3,NONE,-1.0,-0.1,-1.0,-0.1
3,NONE,-1.0,-0.1,-1.0,-0.1
3,NONE,-1.0,-0.1,-1.0,-0.1
3,NONE,-1.0,-0.1,-1.0,-0.1
3,NONE,-1.0,-0.1,-1.0,-0.1
3,NONE,-1.0,-0.1,-1.0,-0.1
3,NONE,-1.0,-0.1,-1.0,-0.1
3,NONE,-1.0,-0.1,-1.0,-0.1
3,NONE,-1.0,-0.1,-1.0,-0.1
3,NONE,-1.0,-0.1,-1.0,-0.1
3,NONE,-1.0,-0.1,-1.0,-0.1
3,NONE,-1.0,-0.1,-1.0,-0.1
3,NONE,-1.0,-0.1,-1.0,-0.1
3,NONE,-1.0,-0.1,-1.0,-0.1
3,NONE,-1.0,-0.1,-1.0,-0.1
3,NONE,-1.0,-0.1,-1.0,-0.1
3,NONE,-1.0,-0.1,-1.0,-0.1
3,NONE,-1.0,-0.1,-1.0,-0.1
3,NONE,-1.0,-0.1,-1.0,-0.1
3,NONE,-1.0,-0.1,-1.0,-0.1
3,NONE,-1.0,-0.1,-1.0,-0.1
3,NONE,-1.0,-0.1,-1.0,-0.1
3,NONE,-1.0,-0.1,-1.0,-0.1
3,NONE,-1.0,-0.1,-1.0,-0.1
3,NONE,-1.0,-0.1,-1.0,-0.1
3,NONE,-1.0,-0.1,-1.0,-0.1
3,NONE,-1.0,-0.1,-1.0,-0.1
3,NONE,-1.0,-0.1,-1.0,-0.1
3,NONE,-1.0,-0.1,-1.0,-0.1
3,NONE,-1.0,-0.1,-1.0,-0.1
3,NONE,-1.0,-0.1,-1.0,-0.1
3,NONE,-1.0,-0.1,-1.0,-0.1
3,NONE,-1.0,-0.1,-1.0,-0.1
3,NONE,-1.0,-0.1,-1.0,-0.1
3,NONE,-1.0,-0.1,-1.0,-0.1
3,NONE,-1.0,-0.1,-1.0,-0.1
3,NONE,-1.0,-0.1,-1.0,-0.1
3,NONE,-1.0,-0.1,-1.0,-0.1
3,NONE,-1.0,-0.1,-1.0,-0.1
3,NONE,-1.0,-0.1,-1.0,-0.1
3,NONE,-1.0,-0.1,-1.0,-0.1
3,NONE,-1.0,-0.1,-1.0,-0.1
3,NONE,-1.0,-0.1,-1.0,-0.1
3,NONE,-1.0,-0.1,-1.0,-0.1
3,NONE,-1.0,-0.1,-1.0,-0.1
3,NONE,-1.0,-0.1,-1.0,-0.1
3,NONE,-1.0,-0.1,-1.0,-0.1
3,NONE,-1.0,-0.1,-1.0,-0.1
3,NONE,-1.0,-0.1,-1.0,-0.1
3,NONE,-1.0,-0.1,-1.0,-0.1
3,NONE,-1.0,-0.1,-1.0,-0.1
3,NONE,-1.0,-0.1,-1.0,-0.1
3,NONE,-1.0,-0.1,-1.0,-0.1
3,NONE,-1.0,-0.1,-1.0,-0.1
3,NONE,-1.0,-0.1,-1.0,-0.1
3,NONE,-1.0,-0.1,-1.0,-0.1
3,NONE,-1.0,-0.1,-1.0,-0.1
3,NONE,-1.0,-0.1,-1.0,-0.1
3,NONE,-1.0,-0.1,-1.0,-0.1
3,NONE,-1.0,-0.1,-1.0,-0.1
3,NONE,-1.0,-0.1,-1.0,-0.1
3,NONE,-1.0,-0.1,-1.0,-0.1
3,NONE,-1.0,-0.1,-1.0,-0.1
3,NONE,-1.0,-0.1,-1.0,-0.1
3,NONE,-1.0,-0.1,-1.0,-0.1
3,NONE,-1.0,-0.1,-1.0,-0.1
3,NONE,-1.0,-0.1,-1.0,-0.1
3,NONE,-1.0,-0.1,-1.0,-0.1
3,NONE,-1.0,-0.1,-1.0,-0.1
3,NONE,-1.0,-0.1,-1.0,-0.1
3,NONE,-1.0,-0.1,-1.0,-0.1
3,NONE,-1.0,-0.1,-1.0,-0.1
3,NONE,-1.0,-0.1,-1.0,-0.1
3,NONE,-1.0,-0.1,-1.0,-0.1
3,NONE,-1.0,-0.1,-1.0,-0.1
3,NONE,-1.0,-0.1,-1.0,-0.1
3,NONE,-1.0,-0.1,-1.0,-0.1
3,NONE,-1.0,-0.1,-1.0,-0.1
3,NONE,-1.0,-0.1,-1.0,-0.1
3,NONE,-1.0,-0.1,-1.0,-0.1
3,NONE,-1.0,-0.1,-1.0,-0.1
3,NONE,-1.0,-0.1,-1.0,-0.1
3,NONE,-1.0,-0.1,-1.0,-0.1
3,NONE,-1.0,-0.1,-1.0,-0.1
3,NONE,-1.0,-0.1,-1.0,-0.1
3,NONE,-1.0,-0.1,-1.0,-0.1
3,NONE,-1.0,-0.1,-1.0,-0.1
3,NONE,-1.0,-0.1,-1.0,-0.1
3,NONE,-1.0,-0.1,-1.0,-0.1
3,NONE,-1.0,-0.1,-1.0,-0.1
3,NONE,-1.0,-0.1,-1.0,-0.1
3,NONE,-1.0,-0.1,-1.0,-0.1
3,NONE,-1.0,-0.1,-1.0,-0.1
3,NONE,-1.0,-0.1,-1.0,-0.1
3,NONE,-1.0,-0.1,-1.0,-0.1
3,NONE,-1.0,-0.1,-1.0,-0.1
3,NONE,-1.0,-0.1,-1.0,-0.1
3,NONE,-1.0,-0.1,-1.0,-0.1
3,NONE,-1.0,-0.1,-1.0,-0.1
3,NONE,-1.0,-0.1,-1.0,-0.1
3,NONE,-1.0,-0.1,-1.0,-0.1
3,NONE,-1.0,-0.1,-1.0,-0.1
3,NONE,-1.0,-0.1,-1.0,-0.1
3,NONE,-1.0,-0.1,-1.0,-0.1
3,NONE,-1.0,-0.1,-1.0,-0.1
3,NONE,-1.0,-0.1,-1.0,-0.1
3,NONE,-1.0,-0.1,-1.0,-0.1
3,NONE,-1.0,-0.1,-1.0,-0.1
3,NONE,-1.0,-0.1,-1.0,-0.1
3,NONE,-1.0,-0.1,-1.0,-0.1
3,NONE,-1.0,-0.1,-1.0,-0.1
3,NONE,-1.0,-0.1,-1.0,-0.1
3,NONE,-1.0,-0.1,-1.0,-0.1
3,NONE,-1.0,-0.1,-1.0,-0.1
3,NONE,-1.0,-0.1,-1.0,-0.1
3,NONE,-1.0,-0.1,-1.0,-0.1
3,NONE,-1.0,-0.1,-1.0,-0.1
3,NONE,-1.0,-0.1,-1.0,-0.1
2,EV_B07_C030_Mototaxi_Electrica,-1.0,-0.1,8.0,42.32630121339464
1,EV_B07_C030_Mototaxi_Electrica,6.0,80.14518973029135,-1.0,42.32630121339464
1,EV_B07_C030_Mototaxi_Electrica,5.0,80.14518973029135,-1.0,42.32630121339464
1,EV_B07_C030_Mototaxi_Electrica,4.0,80.14518973029135,-1.0,42.32630121339464
1,EV_B07_C030_Mototaxi_Electrica,3.0,80.14518973029135,-1.0,42.32630121339464
1,EV_B07_C030_Mototaxi_Electrica,2.0,80.14518973029135,-1.0,42.32630121339464
1,EV_B07_C030_Mototaxi_Electrica,1.0,80.14518973029135,-1.0,42.32630121339464
1,EV_B07_C030_Mototaxi_Electrica,0.0,80.14518973029135,-1.0,42.32630121339464
3,NONE,-1.0,-0.1,-1.0,-0.1
3,NONE,-1.0,-0.1,-1.0,-0.1
3,NONE,-1.0,-0.1,-1.0,-0.1
3,NONE,-1.0,-0.1,-1.0,-0.1
3,NONE,-1.0,-0.1,-1.0,-0.1
3,NONE,-1.0,-0.1,-1.0,-0.1
3,NONE,-1.0,-0.1,-1.0,-0.1
3,NONE,-1.0,-0.1,-1.0,-0.1
3,NONE,-1.0,-0.1,-1.0,-0.1
3,NONE,-1.0,-0.1,-1.0,-0.1
3,NONE,-1.0,-0.1,-1.0,-0.1
3,NONE,-1.0,-0.1,-1.0,-0.1
3,NONE,-1.0,-0.1,-1.0,-0.1
3,NONE,-1.0,-0.1,-1.0,-0.1
3,NONE,-1.0,-0.1,-1.0,-0.1
3,NONE,-1.0,-0.1,-1.0,-0.1
3,NONE,-1.0,-0.1,-1.0,-0.1
3,NONE,-1.0,-0.1,-1.0,-0.1
3,NONE,-1.0,-0.1,-1.0,-0.1
3,NONE,-1.0,-0.1,-1.0,-0.1
3,NONE,-1.0,-0.1,-1.0,-0.1
3,NONE,-1.0,-0.1,-1.0,-0.1
3,NONE,-1.0,-0.1,-1.0,-0.1
3,NONE,-1.0,-0.1,-1.0,-0.1
3,NONE,-1.0,-0.1,-1.0,-0.1
3,NONE,-1.0,-0.1,-1.0,-0.1
3,NONE,-1.0,-0.1,-1.0,-0.1
3,NONE,-1.0,-0.1,-1.0,-0.1
3,NONE,-1.0,-0.1,-1.0,-0.1
3,NONE,-1.0,-0.1,-1.0,-0.1
3,NONE,-1.0,-0.1,-1.0,-0.1
3,NONE,-1.0,-0.1,-1.0,-0.1
3,NONE,-1.0,-0.1,-1.0,-0.1
3,NONE,-1.0,-0.1,-1.0,-0.1
3,NONE,-1.0,-0.1,-1.0,-0.1
3,NONE,-1.0,-0.1,-1.0,-0.1
3,NONE,-1.0,-0.1,-1.0,-0.1
3,NONE,-1.0,-0.1,-1.0,-0.1
3,NONE,-1.0,-0.1,-1.0,-0.1
3,NONE,-1.0,-0.1,-1.0,-0.1
3,NONE,-1.0,-0.1,-1.0,-0.1
3,NONE,-1.0,-0.1,-1.0,-0.1
3,NONE,-1.0,-0.1,-1.0,-0.1
3,NONE,-1.0,-0.1,-1.0,-0.1
3,NONE,-1.0,-0.1,-1.0,-0.1
3,NONE,-1.0,-0.1,-1.0,-0.1
3,NONE,-1.0,-0.1,-1.0,-0.1
3,NONE,-1.0,-0.1,-1.0,-0.1
3,NONE,-1.0,-0.1,-1.0,-0.1
3,NONE,-1.0,-0.1,-1.0,-0.1
3,NONE,-1.0,-0.1,-1.0,-0.1
3,NONE,-1.0,-0.1,-1.0,-0.1
3,NONE,-1.0,-0.1,-1.0,-0.1
3,NONE,-1.0,-0.1,-1.0,-0.1
3,NONE,-1.0,-0.1,-1.0,-0.1
3,NONE,-1.0,-0.1,-1.0,-0.1
3,NONE,-1.0,-0.1,-1.0,-0.1
3,NONE,-1.0,-0.1,-1.0,-0.1
3,NONE,-1.0,-0.1,-1.0,-0.1
3,NONE,-1.0,-0.1,-1.0,-0.1
3,NONE,-1.0,-0.1,-1.0,-0.1
3,NONE,-1.0,-0.1,-1.0,-0.1
3,NONE,-1.0,-0.1,-1.0,-0.1
3,NONE,-1.0,-0.1,-1.0,-0.1
3,NONE,-1.0,-0.1,-1.0,-0.1
3,NONE,-1.0,-0.1,-1.0,-0.1
3,NONE,-1.0,-0.1,-1.0,-0.1
3,NONE,-1.0,-0.1,-1.0,-0.1
3,NONE,-1.0,-0.1,-1.0,-0.1
3,NONE,-1.0,-0.1,-1.0,-0.1
3,NONE,-1.0,-0.1,-1.0,-0.1
3,NONE,-1.0,-0.1,-1.0,-0.1
3,NONE,-1.0,-0.1,-1.0,-0.1
3,NONE,-1.0,-0.1,-1.0,-0.1
3,NONE,-1.0,-0.1,-1.0,-0.1
3,NONE,-1.0,-0.1,-1.0,-0.1
3,NONE,-1.0,-0.1,-1.0,-0.1
3,NONE,-1.0,-0.1,-1.0,-0.1
3,NONE,-1.0,-0.1,-1.0,-0.1
3,NONE,-1.0,-0.1,-1.0,-0.1
3,NONE,-1.0,-0.1,-1.0,-0.1
3,NONE,-1.0,-0.1,-1.0,-0.1
3,NONE,-1.0,-0.1,-1.0,-0.1
3,NONE,-1.0,-0.1,-1.0,-0.1
3,NONE,-1.0,-0.1,-1.0,-0.1
3,NONE,-1.0,-0.1,-1.0,-0.1
3,NONE,-1.0,-0.1,-1.0,-0.1
3,NONE,-1.0,-0.1,-1.0,-0.1
3,NONE,-1.0,-0.1,-1.0,-0.1
3,NONE,-1.0,-0.1,-1.0,-0.1
3,NONE,-1.0,-0.1,-1.0,-0.1
3,NONE,-1.0,-0.1,-1.0,-0.1
3,NONE,-1.0,-0.1,-1.0,-0.1
3,NONE,-1.0,-0.1,-1.0,-0.1
3,NONE,-1.0,-0.1,-1.0,-0.1
3,NONE,-1.0,-0.1,-1.0,-0.1
3,NONE,-1.0,-0.1,-1.0,-0.1
3,NONE,-1.0,-0.1,-1.0,-0.1
3,NONE,-1.0,-0.1,-1.0,-0.1
3,NONE,-1.0,-0.1,-1.0,-0.1
3,NONE,-1.0,-0.1,-1.0,-0.1
3,NONE,-1.0,-0.1,-1.0,-0.1
3,NONE,-1.0,-0.1,-1.0,-0.1
3,NONE,-1.0,-0.1,-1.0,-0.1
3,NONE,-1.0,-0.1,-1.0,-0.1
3,NONE,-1.0,-0.1,-1.0,-0.1
3,NONE,-1.0,-0.1,-1.0,-0.1
3,NONE,-1.0,-0.1,-1.0,-0.1
3,NONE,-1.0,-0.1,-1.0,-0.1
3,NONE,-1.0,-0.1,-1.0,-0.1
3,NONE,-1.0,-0.1,-1.0,-0.1
3,NONE,-1.0,-0.1,-1.0,-0.1
3,NONE,-1.0,-0.1,-1.0,-0.1
3,NONE,-1.0,-0.1,-1.0,-0.1
3,NONE,-1.0,-0.1,-1.0,-0.1
3,NONE,-1.0,-0.1,-1.0,-0.1
3,NONE,-1.0,-0.1,-1.0,-0.1
3,NONE,-1.0,-0.1,-1.0,-0.1
3,NONE,-1.0,-0.1,-1.0,-0.1
3,NONE,-1.0,-0.1,-1.0,-0.1
3,NONE,-1.0,-0.1,-1.0,-0.1
3,NONE,-1.0,-0.1,-1.0,-0.1
3,NONE,-1.0,-0.1,-1.0,-0.1
3,NONE,-1.0,-0.1,-1.0,-0.1
3,NONE,-1.0,-0.1,-1.0,-0.1
3,NONE,-1.0,-0.1,-1.0,-0.1
3,NONE,-1.0,-0.1,-1.0,-0.1
3,NONE,-1.0,-0.1,-1.0,-0.1
3,NONE,-1.0,-0.1,-1.0,-0.1
3,NONE,-1.0,-0.1,-1.0,-0.1
3,NONE,-1.0,-0.1,-1.0,-0.1
3,NONE,-1.0,-0.1,-1.0,-0.1
3,NONE,-1.0,-0.1,-1.0,-0.1
3,NONE,-1.0,-0.1,-1.0,-0.1
3,NONE,-1.0,-0.1,-1.0,-0.1
3,NONE,-1.0,-0.1,-1.0,-0.1
3,NONE,-1.0,-0.1,-1.0,-0.1
3,NONE,-1.0,-0.1,-1.0,-0.1
3,NONE,-1.0,-0.1,-1.0,-0.1
3,NONE,-1.0,-0.1,-1.0,-0.1
3,NONE,-1.0,-0.1,-1.0,-0.1
3,NONE,-1.0,-0.1,-1.0,-0.1
3,NONE,-1.0,-0.1,-1.0,-0.1
3,NONE,-1.0,-0.1,-1.0,-0.1
3,NONE,-1.0,-0.1,-1.0,-0.1
3,NONE,-1.0,-0.1,-1.0,-0.1
3,NONE,-1.0,-0.1,-1.0,-0.1
3,NONE,-1.0,-0.1,-1.0,-0.1
3,NONE,-1.0,-0.1,-1.0,-0.1
3,NONE,-1.0,-0.1,-1.0,-0.1
3,NONE,-1.0,-0.1,-1.0,-0.1
3,NONE,-1.0,-0.1,-1.0,-0.1
3,NONE,-1.0,-0.1,-1.0,-0.1
3,NONE,-1.0,-0.1,-1.0,-0.1
3,NONE,-1.0,-0.1,-1.0,-0.1
3,NONE,-1.0,-0.1,-1.0,-0.1
3,NONE,-1.0,-0.1,-1.0,-0.1
3,NONE,-1.0,-0.1,-1.0,-0.1
3,NONE,-1.0,-0.1,-1.0,-0.1
2,EV_B07_C030_Mototaxi_Electrica,-1.0,-0.1,7.0,24.088654044641927
1,EV_B07_C030_Mototaxi_Electrica,6.0,76.15393301071757,-1.0,24.088654044641927
1,EV_B07_C030_Mototaxi_Electrica,5.0,76.15393301071757,-1.0,24.088654044641927
1,EV_B07_C030_Mototaxi_Electrica,4.0,76.15393301071757,-1.0,24.088654044641927
1,EV_B07_C030_Mototaxi_Electrica,3.0,76.15393301071757,-1.0,24.088654044641927
1,EV_B07_C030_Mototaxi_Electrica,2.0,76.15393301071757,-1.0,24.088654044641927
1,EV_B07_C030_Mototaxi_Electrica,1.0,76.15393301071757,-1.0,24.088654044641927
1,EV_B07_C030_Mototaxi_Electrica,0.0,76.15393301071757,-1.0,24.088654044641927
3,NONE,-1.0,-0.1,-1.0,-0.1
3,NONE,-1.0,-0.1,-1.0,-0.1
3,NONE,-1.0,-0.1,-1.0,-0.1
3,NONE,-1.0,-0.1,-1.0,-0.1
3,NONE,-1.0,-0.1,-1.0,-0.1
3,NONE,-1.0,-0.1,-1.0,-0.1
3,NONE,-1.0,-0.1,-1.0,-0.1
3,NONE,-1.0,-0.1,-1.0,-0.1
3,NONE,-1.0,-0.1,-1.0,-0.1
3,NONE,-1.0,-0.1,-1.0,-0.1
3,NONE,-1.0,-0.1,-1.0,-0.1
3,NONE,-1.0,-0.1,-1.0,-0.1
3,NONE,-1.0,-0.1,-1.0,-0.1
3,NONE,-1.0,-0.1,-1.0,-0.1
3,NONE,-1.0,-0.1,-1.0,-0.1
3,NONE,-1.0,-0.1,-1.0,-0.1
2,EV_B07_C030_Mototaxi_Electrica,-1.0,-0.1,7.0,28.403345537084903
1,EV_B07_C030_Mototaxi_Electrica,7.0,92.2616519471129,-1.0,28.403345537084903
1,EV_B07_C030_Mototaxi_Electrica,6.0,92.2616519471129,-1.0,28.403345537084903
1,EV_B07_C030_Mototaxi_Electrica,5.0,92.2616519471129,-1.0,28.403345537084903
1,EV_B07_C030_Mototaxi_Electrica,4.0,92.2616519471129,-1.0,28.403345537084903
1,EV_B07_C030_Mototaxi_Electrica,3.0,92.2616519471129,-1.0,28.403345537084903
1,EV_B07_C030_Mototaxi_Electrica,2.0,92.2616519471129,-1.0,28.403345537084903
1,EV_B07_C030_Mototaxi_Electrica,1.0,92.2616519471129,-1.0,28.403345537084903
1,EV_B07_C030_Mototaxi_Electrica,0.0,92.2616519471129,-1.0,28.403345537084903
3,NONE,-1.0,-0.1,-1.0,-0.1
3,NONE,-1.0,-0.1,-1.0,-0.1
3,NONE,-1.0,-0.1,-1.0,-0.1
3,NONE,-1.0,-0.1,-1.0,-0.1
3,NONE,-1.0,-0.1,-1.0,-0.1
3,NONE,-1.0,-0.1,-1.0,-0.1
3,NONE,-1.0,-0.1,-1.0,-0.1
3,NONE,-1.0,-0.1,-1.0,-0.1
3,NONE,-1.0,-0.1,-1.0,-0.1
3,NONE,-1.0,-0.1,-1.0,-0.1
3,NONE,-1.0,-0.1,-1.0,-0.1
3,NONE,-1.0,-0.1,-1.0,-0.1
3,NONE,-1.0,-0.1,-1.0,-0.1
3,NONE,-1.0,-0.1,-1.0,-0.1
3,NONE,-1.0,-0.1,-1.0,-0.1
3,NONE,-1.0,-0.1,-1.0,-0.1
3,NONE,-1.0,-0.1,-1.0,-0.1
3,NONE,-1.0,-0.1,-1.0,-0.1
3,NONE,-1.0,-0.1,-1.0,-0.1
3,NONE,-1.0,-0.1,-1.0,-0.1
3,NONE,-1.0,-0.1,-1.0,-0.1
3,NONE,-1.0,-0.1,-1.0,-0.1
3,NONE,-1.0,-0.1,-1.0,-0.1
3,NONE,-1.0,-0.1,-1.0,-0.1
3,NONE,-1.0,-0.1,-1.0,-0.1
3,NONE,-1.0,-0.1,-1.0,-0.1
3,NONE,-1.0,-0.1,-1.0,-0.1
3,NONE,-1.0,-0.1,-1.0,-0.1
3,NONE,-1.0,-0.1,-1.0,-0.1
3,NONE,-1.0,-0.1,-1.0,-0.1
3,NONE,-1.0,-0.1,-1.0,-0.1
3,NONE,-1.0,-0.1,-1.0,-0.1
3,NONE,-1.0,-0.1,-1.0,-0.1
3,NONE,-1.0,-0.1,-1.0,-0.1
3,NONE,-1.0,-0.1,-1.0,-0.1
3,NONE,-1.0,-0.1,-1.0,-0.1
3,NONE,-1.0,-0.1,-1.0,-0.1
3,NONE,-1.0,-0.1,-1.0,-0.1
3,NONE,-1.0,-0.1,-1.0,-0.1
3,NONE,-1.0,-0.1,-1.0,-0.1
3,NONE,-1.0,-0.1,-1.0,-0.1
3,NONE,-1.0,-0.1,-1.0,-0.1
3,NONE,-1.0,-0.1,-1.0,-0.1
3,NONE,-1.0,-0.1,-1.0,-0.1
3,NONE,-1.0,-0.1,-1.0,-0.1
3,NONE,-1.0,-0.1,-1.0,-0.1
3,NONE,-1.0,-0.1,-1.0,-0.1
3,NONE,-1.0,-0.1,-1.0,-0.1
3,NONE,-1.0,-0.1,-1.0,-0.1
3,NONE,-1.0,-0.1,-1.0,-0.1
3,NONE,-1.0,-0.1,-1.0,-0.1
3,NONE,-1.0,-0.1,-1.0,-0.1
3,NONE,-1.0,-0.1,-1.0,-0.1
3,NONE,-1.0,-0.1,-1.0,-0.1
3,NONE,-1.0,-0.1,-1.0,-0.1
3,NONE,-1.0,-0.1,-1.0,-0.1
3,NONE,-1.0,-0.1,-1.0,-0.1
3,NONE,-1.0,-0.1,-1.0,-0.1
3,NONE,-1.0,-0.1,-1.0,-0.1
3,NONE,-1.0,-0.1,-1.0,-0.1
3,NONE,-1.0,-0.1,-1.0,-0.1
3,NONE,-1.0,-0.1,-1.0,-0.1
3,NONE,-1.0,-0.1,-1.0,-0.1
3,NONE,-1.0,-0.1,-1.0,-0.1
3,NONE,-1.0,-0.1,-1.0,-0.1
3,NONE,-1.0,-0.1,-1.0,-0.1
3,NONE,-1.0,-0.1,-1.0,-0.1
3,NONE,-1.0,-0.1,-1.0,-0.1
3,NONE,-1.0,-0.1,-1.0,-0.1
3,NONE,-1.0,-0.1,-1.0,-0.1
3,NONE,-1.0,-0.1,-1.0,-0.1
3,NONE,-1.0,-0.1,-1.0,-0.1
3,NONE,-1.0,-0.1,-1.0,-0.1
3,NONE,-1.0,-0.1,-1.0,-0.1
3,NONE,-1.0,-0.1,-1.0,-0.1
3,NONE,-1.0,-0.1,-1.0,-0.1
3,NONE,-1.0,-0.1,-1.0,-0.1
3,NONE,-1.0,-0.1,-1.0,-0.1
3,NONE,-1.0,-0.1,-1.0,-0.1
3,NONE,-1.0,-0.1,-1.0,-0.1
3,NONE,-1.0,-0.1,-1.0,-0.1
3,NONE,-1.0,-0.1,-1.0,-0.1
3,NONE,-1.0,-0.1,-1.0,-0.1
3,NONE,-1.0,-0.1,-1.0,-0.1
3,NONE,-1.0,-0.1,-1.0,-0.1
3,NONE,-1.0,-0.1,-1.0,-0.1
3,NONE,-1.0,-0.1,-1.0,-0.1
3,NONE,-1.0,-0.1,-1.0,-0.1
3,NONE,-1.0,-0.1,-1.0,-0.1
3,NONE,-1.0,-0.1,-1.0,-0.1
3,NONE,-1.0,-0.1,-1.0,-0.1
3,NONE,-1.0,-0.1,-1.0,-0.1
3,NONE,-1.0,-0.1,-1.0,-0.1
3,NONE,-1.0,-0.1,-1.0,-0.1
3,NONE,-1.0,-0.1,-1.0,-0.1
3,NONE,-1.0,-0.1,-1.0,-0.1
3,NONE,-1.0,-0.1,-1.0,-0.1
3,NONE,-1.0,-0.1,-1.0,-0.1
3,NONE,-1.0,-0.1,-1.0,-0.1
3,NONE,-1.0,-0.1,-1.0,-0.1
3,NONE,-1.0,-0.1,-1.0,-0.1
3,NONE,-1.0,-0.1,-1.0,-0.1
3,NONE,-1.0,-0.1,-1.0,-0.1
3,NONE,-1.0,-0.1,-1.0,-0.1
3,NONE,-1.0,-0.1,-1.0,-0.1
3,NONE,-1.0,-0.1,-1.0,-0.1
3,NONE,-1.0,-0.1,-1.0,-0.1
3,NONE,-1.0,-0.1,-1.0,-0.1
3,NONE,-1.0,-0.1,-1.0,-0.1
3,NONE,-1.0,-0.1,-1.0,-0.1
3,NONE,-1.0,-0.1,-1.0,-0.1
3,NONE,-1.0,-0.1,-1.0,-0.1
3,NONE,-1.0,-0.1,-1.0,-0.1
3,NONE,-1.0,-0.1,-1.0,-0.1
3,NONE,-1.0,-0.1,-1.0,-0.1
3,NONE,-1.0,-0.1,-1.0,-0.1
3,NONE,-1.0,-0.1,-1.0,-0.1
3,NONE,-1.0,-0.1,-1.0,-0.1
3,NONE,-1.0,-0.1,-1.0,-0.1
3,NONE,-1.0,-0.1,-1.0,-0.1
3,NONE,-1.0,-0.1,-1.0,-0.1
3,NONE,-1.0,-0.1,-1.0,-0.1
3,NONE,-1.0,-0.1,-1.0,-0.1
3,NONE,-1.0,-0.1,-1.0,-0.1
3,NONE,-1.0,-0.1,-1.0,-0.1
3,NONE,-1.0,-0.1,-1.0,-0.1
3,NONE,-1.0,-0.1,-1.0,-0.1
3,NONE,-1.0,-0.1,-1.0,-0.1
3,NONE,-1.0,-0.1,-1.0,-0.1
3,NONE,-1.0,-0.1,-1.0,-0.1
3,NONE,-1.0,-0.1,-1.0,-0.1
3,NONE,-1.0,-0.1,-1.0,-0.1
3,NONE,-1.0,-0.1,-1.0,-0.1
3,NONE,-1.0,-0.1,-1.0,-0.1
3,NONE,-1.0,-0.1,-1.0,-0.1
3,NONE,-1.0,-0.1,-1.0,-0.1
3,NONE,-1.0,-0.1,-1.0,-0.1
3,NONE,-1.0,-0.1,-1.0,-0.1
3,NONE,-1.0,-0.1,-1.0,-0.1
3,NONE,-1.0,-0.1,-1.0,-0.1
3,NONE,-1.0,-0.1,-1.0,-0.1
3,NONE,-1.0,-0.1,-1.0,-0.1
3,NONE,-1.0,-0.1,-1.0,-0.1
3,NONE,-1.0,-0.1,-1.0,-0.1
3,NONE,-1.0,-0.1,-1.0,-0.1
3,NONE,-1.0,-0.1,-1.0,-0.1
3,NONE,-1.0,-0.1,-1.0,-0.1
3,NONE,-1.0,-0.1,-1.0,-0.1
3,NONE,-1.0,-0.1,-1.0,-0.1
3,NONE,-1.0,-0.1,-1.0,-0.1
3,NONE,-1.0,-0.1,-1.0,-0.1
3,NONE,-1.0,-0.1,-1.0,-0.1
3,NONE,-1.0,-0.1,-1.0,-0.1
3,NONE,-1.0,-0.1,-1.0,-0.1
3,NONE,-1.0,-0.1,-1.0,-0.1
3,NONE,-1.0,-0.1,-1.0,-0.1
3,NONE,-1.0,-0.1,-1.0,-0.1
3,NONE,-1.0,-0.1,-1.0,-0.1
3,NONE,-1.0,-0.1,-1.0,-0.1
3,NONE,-1.0,-0.1,-1.0,-0.1
3,NONE,-1.0,-0.1,-1.0,-0.1
3,NONE,-1.0,-0.1,-1.0,-0.1
3,NONE,-1.0,-0.1,-1.0,-0.1
3,NONE,-1.0,-0.1,-1.0,-0.1
3,NONE,-1.0,-0.1,-1.0,-0.1
3,NONE,-1.0,-0.1,-1.0,-0.1
3,NONE,-1.0,-0.1,-1.0,-0.1
3,NONE,-1.0,-0.1,-1.0,-0.1
3,NONE,-1.0,-0.1,-1.0,-0.1
3,NONE,-1.0,-0.1,-1.0,-0.1
3,NONE,-1.0,-0.1,-1.0,-0.1
3,NONE,-1.0,-0.1,-1.0,-0.1
3,NONE,-1.0,-0.1,-1.0,-0.1
3,NONE,-1.0,-0.1,-1.0,-0.1
3,NONE,-1.0,-0.1,-1.0,-0.1
3,NONE,-1.0,-0.1,-1.0,-0.1
3,NONE,-1.0,-0.1,-1.0,-0.1
3,NONE,-1.0,-0.1,-1.0,-0.1
3,NONE,-1.0,-0.1,-1.0,-0.1
3,NONE,-1.0,-0.1,-1.0,-0.1
3,NONE,-1.0,-0.1,-1.0,-0.1
3,NONE,-1.0,-0.1,-1.0,-0.1
3,NONE,-1.0,-0.1,-1.0,-0.1
3,NONE,-1.0,-0.1,-1.0,-0.1
2,EV_B07_C030_Mototaxi_Electrica,-1.0,-0.1,8.0,34.97443929939656
1,EV_B07_C030_Mototaxi_Electrica,6.0,81.06727758805074,-1.0,34.97443929939656
1,EV_B07_C030_Mototaxi_Electrica,5.0,81.06727758805074,-1.0,34.97443929939656
1,EV_B07_C030_Mototaxi_Electrica,4.0,81.06727758805074,-1.0,34.97443929939656
1,EV_B07_C030_Mototaxi_Electrica,3.0,81.06727758805074,-1.0,34.97443929939656
1,EV_B07_C030_Mototaxi_Electrica,2.0,81.06727758805074,-1.0,34.97443929939656
1,EV_B07_C030_Mototaxi_Electrica,1.0,81.06727758805074,-1.0,34.97443929939656
1,EV_B07_C030_Mototaxi_Electrica,0.0,81.06727758805074,-1.0,34.97443929939656
3,NONE,-1.0,-0.1,-1.0,-0.1
3,NONE,-1.0,-0.1,-1.0,-0.1
3,NONE,-1.0,-0.1,-1.0,-0.1
3,NONE,-1.0,-0.1,-1.0,-0.1
3,NONE,-1.0,-0.1,-1.0,-0.1
3,NONE,-1.0,-0.1,-1.0,-0.1
3,NONE,-1.0,-0.1,-1.0,-0.1
3,NONE,-1.0,-0.1,-1.0,-0.1
3,NONE,-1.0,-0.1,-1.0,-0.1
3,NONE,-1.0,-0.1,-1.0,-0.1
3,NONE,-1.0,-0.1,-1.0,-0.1
3,NONE,-1.0,-0.1,-1.0,-0.1
3,NONE,-1.0,-0.1,-1.0,-0.1
3,NONE,-1.0,-0.1,-1.0,-0.1
3,NONE,-1.0,-0.1,-1.0,-0.1
3,NONE,-1.0,-0.1,-1.0,-0.1
3,NONE,-1.0,-0.1,-1.0,-0.1
3,NONE,-1.0,-0.1,-1.0,-0.1
3,NONE,-1.0,-0.1,-1.0,-0.1
3,NONE,-1.0,-0.1,-1.0,-0.1
3,NONE,-1.0,-0.1,-1.0,-0.1
3,NONE,-1.0,-0.1,-1.0,-0.1
3,NONE,-1.0,-0.1,-1.0,-0.1
3,NONE,-1.0,-0.1,-1.0,-0.1
3,NONE,-1.0,-0.1,-1.0,-0.1
3,NONE,-1.0,-0.1,-1.0,-0.1
3,NONE,-1.0,-0.1,-1.0,-0.1
3,NONE,-1.0,-0.1,-1.0,-0.1
3,NONE,-1.0,-0.1,-1.0,-0.1
3,NONE,-1.0,-0.1,-1.0,-0.1
3,NONE,-1.0,-0.1,-1.0,-0.1
3,NONE,-1.0,-0.1,-1.0,-0.1
3,NONE,-1.0,-0.1,-1.0,-0.1
3,NONE,-1.0,-0.1,-1.0,-0.1
3,NONE,-1.0,-0.1,-1.0,-0.1
3,NONE,-1.0,-0.1,-1.0,-0.1
3,NONE,-1.0,-0.1,-1.0,-0.1
3,NONE,-1.0,-0.1,-1.0,-0.1
3,NONE,-1.0,-0.1,-1.0,-0.1
3,NONE,-1.0,-0.1,-1.0,-0.1
3,NONE,-1.0,-0.1,-1.0,-0.1
3,NONE,-1.0,-0.1,-1.0,-0.1
3,NONE,-1.0,-0.1,-1.0,-0.1
3,NONE,-1.0,-0.1,-1.0,-0.1
3,NONE,-1.0,-0.1,-1.0,-0.1
3,NONE,-1.0,-0.1,-1.0,-0.1
3,NONE,-1.0,-0.1,-1.0,-0.1
3,NONE,-1.0,-0.1,-1.0,-0.1
3,NONE,-1.0,-0.1,-1.0,-0.1
3,NONE,-1.0,-0.1,-1.0,-0.1
3,NONE,-1.0,-0.1,-1.0,-0.1
3,NONE,-1.0,-0.1,-1.0,-0.1
3,NONE,-1.0,-0.1,-1.0,-0.1
3,NONE,-1.0,-0.1,-1.0,-0.1
3,NONE,-1.0,-0.1,-1.0,-0.1
3,NONE,-1.0,-0.1,-1.0,-0.1
3,NONE,-1.0,-0.1,-1.0,-0.1
3,NONE,-1.0,-0.1,-1.0,-0.1
3,NONE,-1.0,-0.1,-1.0,-0.1
3,NONE,-1.0,-0.1,-1.0,-0.1
3,NONE,-1.0,-0.1,-1.0,-0.1
3,NONE,-1.0,-0.1,-1.0,-0.1
3,NONE,-1.0,-0.1,-1.0,-0.1
3,NONE,-1.0,-0.1,-1.0,-0.1
3,NONE,-1.0,-0.1,-1.0,-0.1
3,NONE,-1.0,-0.1,-1.0,-0.1
3,NONE,-1.0,-0.1,-1.0,-0.1
3,NONE,-1.0,-0.1,-1.0,-0.1
3,NONE,-1.0,-0.1,-1.0,-0.1
3,NONE,-1.0,-0.1,-1.0,-0.1
3,NONE,-1.0,-0.1,-1.0,-0.1
3,NONE,-1.0,-0.1,-1.0,-0.1
3,NONE,-1.0,-0.1,-1.0,-0.1
3,NONE,-1.0,-0.1,-1.0,-0.1
3,NONE,-1.0,-0.1,-1.0,-0.1
3,NONE,-1.0,-0.1,-1.0,-0.1
3,NONE,-1.0,-0.1,-1.0,-0.1
3,NONE,-1.0,-0.1,-1.0,-0.1
3,NONE,-1.0,-0.1,-1.0,-0.1
3,NONE,-1.0,-0.1,-1.0,-0.1
3,NONE,-1.0,-0.1,-1.0,-0.1
3,NONE,-1.0,-0.1,-1.0,-0.1
3,NONE,-1.0,-0.1,-1.0,-0.1
3,NONE,-1.0,-0.1,-1.0,-0.1
3,NONE,-1.0,-0.1,-1.0,-0.1
3,NONE,-1.0,-0.1,-1.0,-0.1
3,NONE,-1.0,-0.1,-1.0,-0.1
3,NONE,-1.0,-0.1,-1.0,-0.1
3,NONE,-1.0,-0.1,-1.0,-0.1
3,NONE,-1.0,-0.1,-1.0,-0.1
2,EV_B07_C030_Mototaxi_Electrica,-1.0,-0.1,10.0,44.01041909335274
1,EV_B07_C030_Mototaxi_Electrica,4.0,78.12900991956056,-1.0,44.01041909335274
1,EV_B07_C030_Mototaxi_Electrica,3.0,78.12900991956056,-1.0,44.01041909335274
1,EV_B07_C030_Mototaxi_Electrica,2.0,78.12900991956056,-1.0,44.01041909335274
1,EV_B07_C030_Mototaxi_Electrica,1.0,78.12900991956056,-1.0,44.01041909335274
1,EV_B07_C030_Mototaxi_Electrica,0.0,78.12900991956056,-1.0,44.01041909335274
3,NONE,-1.0,-0.1,-1.0,-0.1
3,NONE,-1.0,-0.1,-1.0,-0.1
3,NONE,-1.0,-0.1,-1.0,-0.1
3,NONE,-1.0,-0.1,-1.0,-0.1
3,NONE,-1.0,-0.1,-1.0,-0.1
3,NONE,-1.0,-0.1,-1.0,-0.1
3,NONE,-1.0,-0.1,-1.0,-0.1
3,NONE,-1.0,-0.1,-1.0,-0.1
3,NONE,-1.0,-0.1,-1.0,-0.1
3,NONE,-1.0,-0.1,-1.0,-0.1
3,NONE,-1.0,-0.1,-1.0,-0.1
3,NONE,-1.0,-0.1,-1.0,-0.1
3,NONE,-1.0,-0.1,-1.0,-0.1
3,NONE,-1.0,-0.1,-1.0,-0.1
3,NONE,-1.0,-0.1,-1.0,-0.1
2,EV_B07_C030_Mototaxi_Electrica,-1.0,-0.1,7.0,28.625786335105126
1,EV_B07_C030_Mototaxi_Electrica,6.0,89.34438562748326,-1.0,28.625786335105126
1,EV_B07_C030_Mototaxi_Electrica,5.0,89.34438562748326,-1.0,28.625786335105126
1,EV_B07_C030_Mototaxi_Electrica,4.0,89.34438562748326,-1.0,28.625786335105126
1,EV_B07_C030_Mototaxi_Electrica,3.0,89.34438562748326,-1.0,28.625786335105126
1,EV_B07_C030_Mototaxi_Electrica,2.0,89.34438562748326,-1.0,28.625786335105126
1,EV_B07_C030_Mototaxi_Electrica,1.0,89.34438562748326,-1.0,28.625786335105126
1,EV_B07_C030_Mototaxi_Electrica,0.0,89.34438562748326,-1.0,28.625786335105126
3,NONE,-1.0,-0.1,-1.0,-0.1
3,NONE,-1.0,-0.1,-1.0,-0.1
3,NONE,-1.0,-0.1,-1.0,-0.1
3,NONE,-1.0,-0.1,-1.0,-0.1
3,NONE,-1.0,-0.1,-1.0,-0.1
3,NONE,-1.0,-0.1,-1.0,-0.1
3,NONE,-1.0,-0.1,-1.0,-0.1
3,NONE,-1.0,-0.1,-1.0,-0.1
3,NONE,-1.0,-0.1,-1.0,-0.1
3,NONE,-1.0,-0.1,-1.0,-0.1
3,NONE,-1.0,-0.1,-1.0,-0.1
3,NONE,-1.0,-0.1,-1.0,-0.1
3,NONE,-1.0,-0.1,-1.0,-0.1
3,NONE,-1.0,-0.1,-1.0,-0.1
3,NONE,-1.0,-0.1,-1.0,-0.1
3,NONE,-1.0,-0.1,-1.0,-0.1
3,NONE,-1.0,-0.1,-1.0,-0.1
3,NONE,-1.0,-0.1,-1.0,-0.1
2,EV_B07_C030_Mototaxi_Electrica,-1.0,-0.1,9.0,27.228043230245916
1,EV_B07_C030_Mototaxi_Electrica,5.0,79.5242459284493,-1.0,27.228043230245916
1,EV_B07_C030_Mototaxi_Electrica,4.0,79.5242459284493,-1.0,27.228043230245916
1,EV_B07_C030_Mototaxi_Electrica,3.0,79.5242459284493,-1.0,27.228043230245916
1,EV_B07_C030_Mototaxi_Electrica,2.0,79.5242459284493,-1.0,27.228043230245916
1,EV_B07_C030_Mototaxi_Electrica,1.0,79.5242459284493,-1.0,27.228043230245916
1,EV_B07_C030_Mototaxi_Electrica,0.0,79.5242459284493,-1.0,27.228043230245916
3,NONE,-1.0,-0.1,-1.0,-0.1
3,NONE,-1.0,-0.1,-1.0,-0.1
3,NONE,-1.0,-0.1,-1.0,-0.1
3,NONE,-1.0,-0.1,-1.0,-0.1
3,NONE,-1.0,-0.1,-1.0,-0.1
3,NONE,-1.0,-0.1,-1.0,-0.1
3,NONE,-1.0,-0.1,-1.0,-0.1
3,NONE,-1.0,-0.1,-1.0,-0.1
3,NONE,-1.0,-0.1,-1.0,-0.1
3,NONE,-1.0,-0.1,-1.0,-0.1
3,NONE,-1.0,-0.1,-1.0,-0.1
3,NONE,-1.0,-0.1,-1.0,-0.1
3,NONE,-1.0,-0.1,-1.0,-0.1
3,NONE,-1.0,-0.1,-1.0,-0.1
3,NONE,-1.0,-0.1,-1.0,-0.1
3,NONE,-1.0,-0.1,-1.0,-0.1
2,EV_B07_C030_Mototaxi_Electrica,-1.0,-0.1,8.0,42.196199588423205
1,EV_B07_C030_Mototaxi_Electrica,6.0,82.25585455398812,-1.0,42.196199588423205
1,EV_B07_C030_Mototaxi_Electrica,5.0,82.25585455398812,-1.0,42.196199588423205
1,EV_B07_C030_Mototaxi_Electrica,4.0,82.25585455398812,-1.0,42.196199588423205
1,EV_B07_C030_Mototaxi_Electrica,3.0,82.25585455398812,-1.0,42.196199588423205
1,EV_B07_C030_Mototaxi_Electrica,2.0,82.25585455398812,-1.0,42.196199588423205
1,EV_B07_C030_Mototaxi_Electrica,1.0,82.25585455398812,-1.0,42.196199588423205
1,EV_B07_C030_Mototaxi_Electrica,0.0,82.25585455398812,-1.0,42.196199588423205
3,NONE,-1.0,-0.1,-1.0,-0.1
3,NONE,-1.0,-0.1,-1.0,-0.1
3,NONE,-1.0,-0.1,-1.0,-0.1
3,NONE,-1.0,-0.1,-1.0,-0.1
3,NONE,-1.0,-0.1,-1.0,-0.1
3,NONE,-1.0,-0.1,-1.0,-0.1
3,NONE,-1.0,-0.1,-1.0,-0.1
3,NONE,-1.0,-0.1,-1.0,-0.1
3,NONE,-1.0,-0.1,-1.0,-0.1
3,NONE,-1.0,-0.1,-1.0,-0.1
3,NONE,-1.0,-0.1,-1.0,-0.1
3,NONE,-1.0,-0.1,-1.0,-0.1
3,NONE,-1.0,-0.1,-1.0,-0.1
3,NONE,-1.0,-0.1,-1.0,-0.1
3,NONE,-1.0,-0.1,-1.0,-0.1
2,EV_B07_C030_Mototaxi_Electrica,-1.0,-0.1,7.0,58.84620495194319
1,EV_B07_C030_Mototaxi_Electrica,6.0,83.9715741640015,-1.0,58.84620495194319
1,EV_B07_C030_Mototaxi_Electrica,5.0,83.9715741640015,-1.0,58.84620495194319
1,EV_B07_C030_Mototaxi_Electrica,4.0,83.9715741640015,-1.0,58.84620495194319
1,EV_B07_C030_Mototaxi_Electrica,3.0,83.9715741640015,-1.0,58.84620495194319
1,EV_B07_C030_Mototaxi_Electrica,2.0,83.9715741640015,-1.0,58.84620495194319
1,EV_B07_C030_Mototaxi_Electrica,1.0,83.9715741640015,-1.0,58.84620495194319
1,EV_B07_C030_Mototaxi_Electrica,0.0,83.9715741640015,-1.0,58.84620495194319
3,NONE,-1.0,-0.1,-1.0,-0.1
3,NONE,-1.0,-0.1,-1.0,-0.1
3,NONE,-1.0,-0.1,-1.0,-0.1
3,NONE,-1.0,-0.1,-1.0,-0.1
3,NONE,-1.0,-0.1,-1.0,-0.1
3,NONE,-1.0,-0.1,-1.0,-0.1
3,NONE,-1.0,-0.1,-1.0,-0.1
3,NONE,-1.0,-0.1,-1.0,-0.1
3,NONE,-1.0,-0.1,-1.0,-0.1
3,NONE,-1.0,-0.1,-1.0,-0.1
3,NONE,-1.0,-0.1,-1.0,-0.1
3,NONE,-1.0,-0.1,-1.0,-0.1
3,NONE,-1.0,-0.1,-1.0,-0.1
3,NONE,-1.0,-0.1,-1.0,-0.1
3,NONE,-1.0,-0.1,-1.0,-0.1
3,NONE,-1.0,-0.1,-1.0,-0.1
3,NONE,-1.0,-0.1,-1.0,-0.1
3,NONE,-1.0,-0.1,-1.0,-0.1
3,NONE,-1.0,-0.1,-1.0,-0.1
3,NONE,-1.0,-0.1,-1.0,-0.1
3,NONE,-1.0,-0.1,-1.0,-0.1
3,NONE,-1.0,-0.1,-1.0,-0.1
3,NONE,-1.0,-0.1,-1.0,-0.1
3,NONE,-1.0,-0.1,-1.0,-0.1
3,NONE,-1.0,-0.1,-1.0,-0.1
3,NONE,-1.0,-0.1,-1.0,-0.1
3,NONE,-1.0,-0.1,-1.0,-0.1
3,NONE,-1.0,-0.1,-1.0,-0.1
3,NONE,-1.0,-0.1,-1.0,-0.1
3,NONE,-1.0,-0.1,-1.0,-0.1
3,NONE,-1.0,-0.1,-1.0,-0.1
3,NONE,-1.0,-0.1,-1.0,-0.1
3,NONE,-1.0,-0.1,-1.0,-0.1
3,NONE,-1.0,-0.1,-1.0,-0.1
3,NONE,-1.0,-0.1,-1.0,-0.1
3,NONE,-1.0,-0.1,-1.0,-0.1
3,NONE,-1.0,-0.1,-1.0,-0.1
3,NONE,-1.0,-0.1,-1.0,-0.1
3,NONE,-1.0,-0.1,-1.0,-0.1
3,NONE,-1.0,-0.1,-1.0,-0.1
3,NONE,-1.0,-0.1,-1.0,-0.1
3,NONE,-1.0,-0.1,-1.0,-0.1
3,NONE,-1.0,-0.1,-1.0,-0.1
3,NONE,-1.0,-0.1,-1.0,-0.1
3,NONE,-1.0,-0.1,-1.0,-0.1
3,NONE,-1.0,-0.1,-1.0,-0.1
3,NONE,-1.0,-0.1,-1.0,-0.1
3,NONE,-1.0,-0.1,-1.0,-0.1
3,NONE,-1.0,-0.1,-1.0,-0.1
3,NONE,-1.0,-0.1,-1.0,-0.1
3,NONE,-1.0,-0.1,-1.0,-0.1
3,NONE,-1.0,-0.1,-1.0,-0.1
3,NONE,-1.0,-0.1,-1.0,-0.1
3,NONE,-1.0,-0.1,-1.0,-0.1
3,NONE,-1.0,-0.1,-1.0,-0.1
3,NONE,-1.0,-0.1,-1.0,-0.1
3,NONE,-1.0,-0.1,-1.0,-0.1
3,NONE,-1.0,-0.1,-1.0,-0.1
3,NONE,-1.0,-0.1,-1.0,-0.1
3,NONE,-1.0,-0.1,-1.0,-0.1
3,NONE,-1.0,-0.1,-1.0,-0.1
3,NONE,-1.0,-0.1,-1.0,-0.1
3,NONE,-1.0,-0.1,-1.0,-0.1
3,NONE,-1.0,-0.1,-1.0,-0.1
3,NONE,-1.0,-0.1,-1.0,-0.1
3,NONE,-1.0,-0.1,-1.0,-0.1
3,NONE,-1.0,-0.1,-1.0,-0.1
3,NONE,-1.0,-0.1,-1.0,-0.1
3,NONE,-1.0,-0.1,-1.0,-0.1
3,NONE,-1.0,-0.1,-1.0,-0.1
3,NONE,-1.0,-0.1,-1.0,-0.1
3,NONE,-1.0,-0.1,-1.0,-0.1
3,NONE,-1.0,-0.1,-1.0,-0.1
3,NONE,-1.0,-0.1,-1.0,-0.1
3,NONE,-1.0,-0.1,-1.0,-0.1
3,NONE,-1.0,-0.1,-1.0,-0.1
3,NONE,-1.0,-0.1,-1.0,-0.1
3,NONE,-1.0,-0.1,-1.0,-0.1
3,NONE,-1.0,-0.1,-1.0,-0.1
3,NONE,-1.0,-0.1,-1.0,-0.1
3,NONE,-1.0,-0.1,-1.0,-0.1
3,NONE,-1.0,-0.1,-1.0,-0.1
3,NONE,-1.0,-0.1,-1.0,-0.1
3,NONE,-1.0,-0.1,-1.0,-0.1
3,NONE,-1.0,-0.1,-1.0,-0.1
3,NONE,-1.0,-0.1,-1.0,-0.1
3,NONE,-1.0,-0.1,-1.0,-0.1
3,NONE,-1.0,-0.1,-1.0,-0.1
2,EV_B07_C030_Mototaxi_Electrica,-1.0,-0.1,7.0,38.08590511826705
1,EV_B07_C030_Mototaxi_Electrica,7.0,93.04104284970944,-1.0,38.08590511826705
1,EV_B07_C030_Mototaxi_Electrica,6.0,93.04104284970944,-1.0,38.08590511826705
1,EV_B07_C030_Mototaxi_Electrica,5.0,93.04104284970944,-1.0,38.08590511826705
1,EV_B07_C030_Mototaxi_Electrica,4.0,93.04104284970944,-1.0,38.08590511826705
1,EV_B07_C030_Mototaxi_Electrica,3.0,93.04104284970944,-1.0,38.08590511826705
1,EV_B07_C030_Mototaxi_Electrica,2.0,93.04104284970944,-1.0,38.08590511826705
1,EV_B07_C030_Mototaxi_Electrica,1.0,93.04104284970944,-1.0,38.08590511826705
1,EV_B07_C030_Mototaxi_Electrica,0.0,93.04104284970944,-1.0,38.08590511826705
3,NONE,-1.0,-0.1,-1.0,-0.1
3,NONE,-1.0,-0.1,-1.0,-0.1
3,NONE,-1.0,-0.1,-1.0,-0.1
3,NONE,-1.0,-0.1,-1.0,-0.1
3,NONE,-1.0,-0.1,-1.0,-0.1
3,NONE,-1.0,-0.1,-1.0,-0.1
3,NONE,-1.0,-0.1,-1.0,-0.1
3,NONE,-1.0,-0.1,-1.0,-0.1
3,NONE,-1.0,-0.1,-1.0,-0.1
3,NONE,-1.0,-0.1,-1.0,-0.1
3,NONE,-1.0,-0.1,-1.0,-0.1
3,NONE,-1.0,-0.1,-1.0,-0.1
3,NONE,-1.0,-0.1,-1.0,-0.1
3,NONE,-1.0,-0.1,-1.0,-0.1
3,NONE,-1.0,-0.1,-1.0,-0.1
3,NONE,-1.0,-0.1,-1.0,-0.1
3,NONE,-1.0,-0.1,-1.0,-0.1
3,NONE,-1.0,-0.1,-1.0,-0.1
2,EV_B07_C030_Mototaxi_Electrica,-1.0,-0.1,10.0,41.08923638308214
1,EV_B07_C030_Mototaxi_Electrica,4.0,73.86919237223435,-1.0,41.08923638308214
1,EV_B07_C030_Mototaxi_Electrica,3.0,73.86919237223435,-1.0,41.08923638308214
1,EV_B07_C030_Mototaxi_Electrica,2.0,73.86919237223435,-1.0,41.08923638308214
1,EV_B07_C030_Mototaxi_Electrica,1.0,73.86919237223435,-1.0,41.08923638308214
1,EV_B07_C030_Mototaxi_Electrica,0.0,73.86919237223435,-1.0,41.08923638308214
3,NONE,-1.0,-0.1,-1.0,-0.1
3,NONE,-1.0,-0.1,-1.0,-0.1
3,NONE,-1.0,-0.1,-1.0,-0.1
3,NONE,-1.0,-0.1,-1.0,-0.1
3,NONE,-1.0,-0.1,-1.0,-0.1
3,NONE,-1.0,-0.1,-1.0,-0.1
3,NONE,-1.0,-0.1,-1.0,-0.1
3,NONE,-1.0,-0.1,-1.0,-0.1
3,NONE,-1.0,-0.1,-1.0,-0.1
3,NONE,-1.0,-0.1,-1.0,-0.1
3,NONE,-1.0,-0.1,-1.0,-0.1
3,NONE,-1.0,-0.1,-1.0,-0.1
3,NONE,-1.0,-0.1,-1.0,-0.1
3,NONE,-1.0,-0.1,-1.0,-0.1
3,NONE,-1.0,-0.1,-1.0,-0.1
3,NONE,-1.0,-0.1,-1.0,-0.1
3,NONE,-1.0,-0.1,-1.0,-0.1
3,NONE,-1.0,-0.1,-1.0,-0.1
3,NONE,-1.0,-0.1,-1.0,-0.1
3,NONE,-1.0,-0.1,-1.0,-0.1
3,NONE,-1.0,-0.1,-1.0,-0.1
3,NONE,-1.0,-0.1,-1.0,-0.1
3,NONE,-1.0,-0.1,-1.0,-0.1
3,NONE,-1.0,-0.1,-1.0,-0.1
3,NONE,-1.0,-0.1,-1.0,-0.1
3,NONE,-1.0,-0.1,-1.0,-0.1
3,NONE,-1.0,-0.1,-1.0,-0.1
3,NONE,-1.0,-0.1,-1.0,-0.1
3,NONE,-1.0,-0.1,-1.0,-0.1
3,NONE,-1.0,-0.1,-1.0,-0.1
3,NONE,-1.0,-0.1,-1.0,-0.1
3,NONE,-1.0,-0.1,-1.0,-0.1
3,NONE,-1.0,-0.1,-1.0,-0.1
3,NONE,-1.0,-0.1,-1.0,-0.1
3,NONE,-1.0,-0.1,-1.0,-0.1
3,NONE,-1.0,-0.1,-1.0,-0.1
3,NONE,-1.0,-0.1,-1.0,-0.1
3,NONE,-1.0,-0.1,-1.0,-0.1
3,NONE,-1.0,-0.1,-1.0,-0.1
3,NONE,-1.0,-0.1,-1.0,-0.1
3,NONE,-1.0,-0.1,-1.0,-0.1
2,EV_B07_C030_Mototaxi_Electrica,-1.0,-0.1,9.0,38.93792161320993
1,EV_B07_C030_Mototaxi_Electrica,5.0,80.62703067320854,-1.0,38.93792161320993
1,EV_B07_C030_Mototaxi_Electrica,4.0,80.62703067320854,-1.0,38.93792161320993
1,EV_B07_C030_Mototaxi_Electrica,3.0,80.62703067320854,-1.0,38.93792161320993
1,EV_B07_C030_Mototaxi_Electrica,2.0,80.62703067320854,-1.0,38.93792161320993
1,EV_B07_C030_Mototaxi_Electrica,1.0,80.62703067320854,-1.0,38.93792161320993
1,EV_B07_C030_Mototaxi_Electrica,0.0,80.62703067320854,-1.0,38.93792161320993
3,NONE,-1.0,-0.1,-1.0,-0.1
3,NONE,-1.0,-0.1,-1.0,-0.1
3,NONE,-1.0,-0.1,-1.0,-0.1
3,NONE,-1.0,-0.1,-1.0,-0.1
3,NONE,-1.0,-0.1,-1.0,-0.1
3,NONE,-1.0,-0.1,-1.0,-0.1
3,NONE,-1.0,-0.1,-1.0,-0.1
3,NONE,-1.0,-0.1,-1.0,-0.1
3,NONE,-1.0,-0.1,-1.0,-0.1
3,NONE,-1.0,-0.1,-1.0,-0.1
3,NONE,-1.0,-0.1,-1.0,-0.1
3,NONE,-1.0,-0.1,-1.0,-0.1
3,NONE,-1.0,-0.1,-1.0,-0.1
3,NONE,-1.0,-0.1,-1.0,-0.1
3,NONE,-1.0,-0.1,-1.0,-0.1
3,NONE,-1.0,-0.1,-1.0,-0.1
3,NONE,-1.0,-0.1,-1.0,-0.1
3,NONE,-1.0,-0.1,-1.0,-0.1
3,NONE,-1.0,-0.1,-1.0,-0.1
3,NONE,-1.0,-0.1,-1.0,-0.1
3,NONE,-1.0,-0.1,-1.0,-0.1
3,NONE,-1.0,-0.1,-1.0,-0.1
3,NONE,-1.0,-0.1,-1.0,-0.1
3,NONE,-1.0,-0.1,-1.0,-0.1
3,NONE,-1.0,-0.1,-1.0,-0.1
3,NONE,-1.0,-0.1,-1.0,-0.1
3,NONE,-1.0,-0.1,-1.0,-0.1
3,NONE,-1.0,-0.1,-1.0,-0.1
3,NONE,-1.0,-0.1,-1.0,-0.1
3,NONE,-1.0,-0.1,-1.0,-0.1
3,NONE,-1.0,-0.1,-1.0,-0.1
3,NONE,-1.0,-0.1,-1.0,-0.1
3,NONE,-1.0,-0.1,-1.0,-0.1
3,NONE,-1.0,-0.1,-1.0,-0.1
3,NONE,-1.0,-0.1,-1.0,-0.1
3,NONE,-1.0,-0.1,-1.0,-0.1
3,NONE,-1.0,-0.1,-1.0,-0.1
3,NONE,-1.0,-0.1,-1.0,-0.1
3,NONE,-1.0,-0.1,-1.0,-0.1
3,NONE,-1.0,-0.1,-1.0,-0.1
3,NONE,-1.0,-0.1,-1.0,-0.1
3,NONE,-1.0,-0.1,-1.0,-0.1
3,NONE,-1.0,-0.1,-1.0,-0.1
3,NONE,-1.0,-0.1,-1.0,-0.1
3,NONE,-1.0,-0.1,-1.0,-0.1
3,NONE,-1.0,-0.1,-1.0,-0.1
3,NONE,-1.0,-0.1,-1.0,-0.1
3,NONE,-1.0,-0.1,-1.0,-0.1
3,NONE,-1.0,-0.1,-1.0,-0.1
3,NONE,-1.0,-0.1,-1.0,-0.1
3,NONE,-1.0,-0.1,-1.0,-0.1
3,NONE,-1.0,-0.1,-1.0,-0.1
3,NONE,-1.0,-0.1,-1.0,-0.1
3,NONE,-1.0,-0.1,-1.0,-0.1
3,NONE,-1.0,-0.1,-1.0,-0.1
3,NONE,-1.0,-0.1,-1.0,-0.1
3,NONE,-1.0,-0.1,-1.0,-0.1
3,NONE,-1.0,-0.1,-1.0,-0.1
3,NONE,-1.0,-0.1,-1.0,-0.1
3,NONE,-1.0,-0.1,-1.0,-0.1
3,NONE,-1.0,-0.1,-1.0,-0.1
3,NONE,-1.0,-0.1,-1.0,-0.1
3,NONE,-1.0,-0.1,-1.0,-0.1
3,NONE,-1.0,-0.1,-1.0,-0.1
2,EV_B07_C030_Mototaxi_Electrica,-1.0,-0.1,8.0,16.29768703892803
1,EV_B07_C030_Mototaxi_Electrica,6.0,84.87049473835201,-1.0,16.29768703892803
1,EV_B07_C030_Mototaxi_Electrica,5.0,84.87049473835201,-1.0,16.29768703892803
1,EV_B07_C030_Mototaxi_Electrica,4.0,84.87049473835201,-1.0,16.29768703892803
1,EV_B07_C030_Mototaxi_Electrica,3.0,84.87049473835201,-1.0,16.29768703892803
1,EV_B07_C030_Mototaxi_Electrica,2.0,84.87049473835201,-1.0,16.29768703892803
1,EV_B07_C030_Mototaxi_Electrica,1.0,84.87049473835201,-1.0,16.29768703892803
1,EV_B07_C030_Mototaxi_Electrica,0.0,84.87049473835201,-1.0,16.29768703892803
3,NONE,-1.0,-0.1,-1.0,-0.1
3,NONE,-1.0,-0.1,-1.0,-0.1
3,NONE,-1.0,-0.1,-1.0,-0.1
3,NONE,-1.0,-0.1,-1.0,-0.1
3,NONE,-1.0,-0.1,-1.0,-0.1
3,NONE,-1.0,-0.1,-1.0,-0.1
3,NONE,-1.0,-0.1,-1.0,-0.1
3,NONE,-1.0,-0.1,-1.0,-0.1
3,NONE,-1.0,-0.1,-1.0,-0.1
3,NONE,-1.0,-0.1,-1.0,-0.1
3,NONE,-1.0,-0.1,-1.0,-0.1
3,NONE,-1.0,-0.1,-1.0,-0.1
3,NONE,-1.0,-0.1,-1.0,-0.1
3,NONE,-1.0,-0.1,-1.0,-0.1
3,NONE,-1.0,-0.1,-1.0,-0.1
3,NONE,-1.0,-0.1,-1.0,-0.1
2,EV_B07_C030_Mototaxi_Electrica,-1.0,-0.1,8.0,33.44179884726661
1,EV_B07_C030_Mototaxi_Electrica,6.0,77.69881718498617,-1.0,33.44179884726661
1,EV_B07_C030_Mototaxi_Electrica,5.0,77.69881718498617,-1.0,33.44179884726661
1,EV_B07_C030_Mototaxi_Electrica,4.0,77.69881718498617,-1.0,33.44179884726661
1,EV_B07_C030_Mototaxi_Electrica,3.0,77.69881718498617,-1.0,33.44179884726661
1,EV_B07_C030_Mototaxi_Electrica,2.0,77.69881718498617,-1.0,33.44179884726661
1,EV_B07_C030_Mototaxi_Electrica,1.0,77.69881718498617,-1.0,33.44179884726661
1,EV_B07_C030_Mototaxi_Electrica,0.0,77.69881718498617,-1.0,33.44179884726661
3,NONE,-1.0,-0.1,-1.0,-0.1
3,NONE,-1.0,-0.1,-1.0,-0.1
3,NONE,-1.0,-0.1,-1.0,-0.1
3,NONE,-1.0,-0.1,-1.0,-0.1
3,NONE,-1.0,-0.1,-1.0,-0.1
3,NONE,-1.0,-0.1,-1.0,-0.1
3,NONE,-1.0,-0.1,-1.0,-0.1
3,NONE,-1.0,-0.1,-1.0,-0.1
3,NONE,-1.0,-0.1,-1.0,-0.1
3,NONE,-1.0,-0.1,-1.0,-0.1
3,NONE,-1.0,-0.1,-1.0,-0.1
3,NONE,-1.0,-0.1,-1.0,-0.1
3,NONE,-1.0,-0.1,-1.0,-0.1
3,NONE,-1.0,-0.1,-1.0,-0.1
3,NONE,-1.0,-0.1,-1.0,-0.1
3,NONE,-1.0,-0.1,-1.0,-0.1
3,NONE,-1.0,-0.1,-1.0,-0.1
2,EV_B07_C030_Mototaxi_Electrica,-1.0,-0.1,9.0,15.424832478945852
1,EV_B07_C030_Mototaxi_Electrica,5.0,89.1574357164762,-1.0,15.424832478945852
1,EV_B07_C030_Mototaxi_Electrica,4.0,89.1574357164762,-1.0,15.424832478945852
1,EV_B07_C030_Mototaxi_Electrica,3.0,89.1574357164762,-1.0,15.424832478945852
1,EV_B07_C030_Mototaxi_Electrica,2.0,89.1574357164762,-1.0,15.424832478945852
1,EV_B07_C030_Mototaxi_Electrica,1.0,89.1574357164762,-1.0,15.424832478945852
1,EV_B07_C030_Mototaxi_Electrica,0.0,89.1574357164762,-1.0,15.424832478945852
3,NONE,-1.0,-0.1,-1.0,-0.1
3,NONE,-1.0,-0.1,-1.0,-0.1
3,NONE,-1.0,-0.1,-1.0,-0.1
3,NONE,-1.0,-0.1,-1.0,-0.1
3,NONE,-1.0,-0.1,-1.0,-0.1
3,NONE,-1.0,-0.1,-1.0,-0.1
3,NONE,-1.0,-0.1,-1.0,-0.1
3,NONE,-1.0,-0.1,-1.0,-0.1
3,NONE,-1.0,-0.1,-1.0,-0.1
3,NONE,-1.0,-0.1,-1.0,-0.1
3,NONE,-1.0,-0.1,-1.0,-0.1
3,NONE,-1.0,-0.1,-1.0,-0.1
3,NONE,-1.0,-0.1,-1.0,-0.1
3,NONE,-1.0,-0.1,-1.0,-0.1
3,NONE,-1.0,-0.1,-1.0,-0.1
3,NONE,-1.0,-0.1,-1.0,-0.1
3,NONE,-1.0,-0.1,-1.0,-0.1
3,NONE,-1.0,-0.1,-1.0,-0.1
3,NONE,-1.0,-0.1,-1.0,-0.1
3,NONE,-1.0,-0.1,-1.0,-0.1
3,NONE,-1.0,-0.1,-1.0,-0.1
3,NONE,-1.0,-0.1,-1.0,-0.1
3,NONE,-1.0,-0.1,-1.0,-0.1
3,NONE,-1.0,-0.1,-1.0,-0.1
3,NONE,-1.0,-0.1,-1.0,-0.1
3,NONE,-1.0,-0.1,-1.0,-0.1
3,NONE,-1.0,-0.1,-1.0,-0.1
3,NONE,-1.0,-0.1,-1.0,-0.1
3,NONE,-1.0,-0.1,-1.0,-0.1
3,NONE,-1.0,-0.1,-1.0,-0.1
3,NONE,-1.0,-0.1,-1.0,-0.1
3,NONE,-1.0,-0.1,-1.0,-0.1
3,NONE,-1.0,-0.1,-1.0,-0.1
3,NONE,-1.0,-0.1,-1.0,-0.1
3,NONE,-1.0,-0.1,-1.0,-0.1
3,NONE,-1.0,-0.1,-1.0,-0.1
3,NONE,-1.0,-0.1,-1.0,-0.1
3,NONE,-1.0,-0.1,-1.0,-0.1
3,NONE,-1.0,-0.1,-1.0,-0.1
3,NONE,-1.0,-0.1,-1.0,-0.1
3,NONE,-1.0,-0.1,-1.0,-0.1
2,EV_B07_C030_Mototaxi_Electrica,-1.0,-0.1,9.0,40.80060570418563
1,EV_B07_C030_Mototaxi_Electrica,5.0,80.17775130493962,-1.0,40.80060570418563
1,EV_B07_C030_Mototaxi_Electrica,4.0,80.17775130493962,-1.0,40.80060570418563
1,EV_B07_C030_Mototaxi_Electrica,3.0,80.17775130493962,-1.0,40.80060570418563
1,EV_B07_C030_Mototaxi_Electrica,2.0,80.17775130493962,-1.0,40.80060570418563
1,EV_B07_C030_Mototaxi_Electrica,1.0,80.17775130493962,-1.0,40.80060570418563
1,EV_B07_C030_Mototaxi_Electrica,0.0,80.17775130493962,-1.0,40.80060570418563
3,NONE,-1.0,-0.1,-1.0,-0.1
3,NONE,-1.0,-0.1,-1.0,-0.1
3,NONE,-1.0,-0.1,-1.0,-0.1
3,NONE,-1.0,-0.1,-1.0,-0.1
3,NONE,-1.0,-0.1,-1.0,-0.1
3,NONE,-1.0,-0.1,-1.0,-0.1
3,NONE,-1.0,-0.1,-1.0,-0.1
3,NONE,-1.0,-0.1,-1.0,-0.1
3,NONE,-1.0,-0.1,-1.0,-0.1
3,NONE,-1.0,-0.1,-1.0,-0.1
3,NONE,-1.0,-0.1,-1.0,-0.1
3,NONE,-1.0,-0.1,-1.0,-0.1
3,NONE,-1.0,-0.1,-1.0,-0.1
3,NONE,-1.0,-0.1,-1.0,-0.1
3,NONE,-1.0,-0.1,-1.0,-0.1
3,NONE,-1.0,-0.1,-1.0,-0.1
3,NONE,-1.0,-0.1,-1.0,-0.1
3,NONE,-1.0,-0.1,-1.0,-0.1
3,NONE,-1.0,-0.1,-1.0,-0.1
3,NONE,-1.0,-0.1,-1.0,-0.1
3,NONE,-1.0,-0.1,-1.0,-0.1
3,NONE,-1.0,-0.1,-1.0,-0.1
3,NONE,-1.0,-0.1,-1.0,-0.1
3,NONE,-1.0,-0.1,-1.0,-0.1
3,NONE,-1.0,-0.1,-1.0,-0.1
3,NONE,-1.0,-0.1,-1.0,-0.1
3,NONE,-1.0,-0.1,-1.0,-0.1
3,NONE,-1.0,-0.1,-1.0,-0.1
3,NONE,-1.0,-0.1,-1.0,-0.1
3,NONE,-1.0,-0.1,-1.0,-0.1
3,NONE,-1.0,-0.1,-1.0,-0.1
3,NONE,-1.0,-0.1,-1.0,-0.1
3,NONE,-1.0,-0.1,-1.0,-0.1
3,NONE,-1.0,-0.1,-1.0,-0.1
3,NONE,-1.0,-0.1,-1.0,-0.1
3,NONE,-1.0,-0.1,-1.0,-0.1
3,NONE,-1.0,-0.1,-1.0,-0.1
3,NONE,-1.0,-0.1,-1.0,-0.1
3,NONE,-1.0,-0.1,-1.0,-0.1
3,NONE,-1.0,-0.1,-1.0,-0.1
3,NONE,-1.0,-0.1,-1.0,-0.1
3,NONE,-1.0,-0.1,-1.0,-0.1
3,NONE,-1.0,-0.1,-1.0,-0.1
3,NONE,-1.0,-0.1,-1.0,-0.1
3,NONE,-1.0,-0.1,-1.0,-0.1
3,NONE,-1.0,-0.1,-1.0,-0.1
3,NONE,-1.0,-0.1,-1.0,-0.1
3,NONE,-1.0,-0.1,-1.0,-0.1
3,NONE,-1.0,-0.1,-1.0,-0.1
3,NONE,-1.0,-0.1,-1.0,-0.1
3,NONE,-1.0,-0.1,-1.0,-0.1
3,NONE,-1.0,-0.1,-1.0,-0.1
3,NONE,-1.0,-0.1,-1.0,-0.1
3,NONE,-1.0,-0.1,-1.0,-0.1
3,NONE,-1.0,-0.1,-1.0,-0.1
3,NONE,-1.0,-0.1,-1.0,-0.1
3,NONE,-1.0,-0.1,-1.0,-0.1
3,NONE,-1.0,-0.1,-1.0,-0.1
3,NONE,-1.0,-0.1,-1.0,-0.1
3,NONE,-1.0,-0.1,-1.0,-0.1
3,NONE,-1.0,-0.1,-1.0,-0.1
3,NONE,-1.0,-0.1,-1.0,-0.1
3,NONE,-1.0,-0.1,-1.0,-0.1
3,NONE,-1.0,-0.1,-1.0,-0.1
2,EV_B07_C030_Mototaxi_Electrica,-1.0,-0.1,8.0,51.6733301003547
1,EV_B07_C030_Mototaxi_Electrica,6.0,68.01572200896557,-1.0,51.6733301003547
1,EV_B07_C030_Mototaxi_Electrica,5.0,68.01572200896557,-1.0,51.6733301003547
1,EV_B07_C030_Mototaxi_Electrica,4.0,68.01572200896557,-1.0,51.6733301003547
1,EV_B07_C030_Mototaxi_Electrica,3.0,68.01572200896557,-1.0,51.6733301003547
1,EV_B07_C030_Mototaxi_Electrica,2.0,68.01572200896557,-1.0,51.6733301003547
1,EV_B07_C030_Mototaxi_Electrica,1.0,68.01572200896557,-1.0,51.6733301003547
1,EV_B07_C030_Mototaxi_Electrica,0.0,68.01572200896557,-1.0,51.6733301003547
3,NONE,-1.0,-0.1,-1.0,-0.1
3,NONE,-1.0,-0.1,-1.0,-0.1
3,NONE,-1.0,-0.1,-1.0,-0.1
3,NONE,-1.0,-0.1,-1.0,-0.1
3,NONE,-1.0,-0.1,-1.0,-0.1
3,NONE,-1.0,-0.1,-1.0,-0.1
3,NONE,-1.0,-0.1,-1.0,-0.1
3,NONE,-1.0,-0.1,-1.0,-0.1
3,NONE,-1.0,-0.1,-1.0,-0.1
3,NONE,-1.0,-0.1,-1.0,-0.1
3,NONE,-1.0,-0.1,-1.0,-0.1
3,NONE,-1.0,-0.1,-1.0,-0.1
3,NONE,-1.0,-0.1,-1.0,-0.1
3,NONE,-1.0,-0.1,-1.0,-0.1
3,NONE,-1.0,-0.1,-1.0,-0.1
3,NONE,-1.0,-0.1,-1.0,-0.1
3,NONE,-1.0,-0.1,-1.0,-0.1
2,EV_B07_C030_Mototaxi_Electrica,-1.0,-0.1,9.0,38.26318694411233
1,EV_B07_C030_Mototaxi_Electrica,5.0,86.9044672266325,-1.0,38.26318694411233
1,EV_B07_C030_Mototaxi_Electrica,4.0,86.9044672266325,-1.0,38.26318694411233
1,EV_B07_C030_Mototaxi_Electrica,3.0,86.9044672266325,-1.0,38.26318694411233
1,EV_B07_C030_Mototaxi_Electrica,2.0,86.9044672266325,-1.0,38.26318694411233
1,EV_B07_C030_Mototaxi_Electrica,1.0,86.9044672266325,-1.0,38.26318694411233
1,EV_B07_C030_Mototaxi_Electrica,0.0,86.9044672266325,-1.0,38.26318694411233
3,NONE,-1.0,-0.1,-1.0,-0.1
3,NONE,-1.0,-0.1,-1.0,-0.1
3,NONE,-1.0,-0.1,-1.0,-0.1
3,NONE,-1.0,-0.1,-1.0,-0.1
3,NONE,-1.0,-0.1,-1.0,-0.1
3,NONE,-1.0,-0.1,-1.0,-0.1
3,NONE,-1.0,-0.1,-1.0,-0.1
3,NONE,-1.0,-0.1,-1.0,-0.1
3,NONE,-1.0,-0.1,-1.0,-0.1
3,NONE,-1.0,-0.1,-1.0,-0.1
3,NONE,-1.0,-0.1,-1.0,-0.1
3,NONE,-1.0,-0.1,-1.0,-0.1
3,NONE,-1.0,-0.1,-1.0,-0.1
3,NONE,-1.0,-0.1,-1.0,-0.1
3,NONE,-1.0,-0.1,-1.0,-0.1
3,NONE,-1.0,-0.1,-1.0,-0.1
3,NONE,-1.0,-0.1,-1.0,-0.1
2,EV_B07_C030_Mototaxi_Electrica,-1.0,-0.1,9.0,39.091958316824744
1,EV_B07_C030_Mototaxi_Electrica,5.0,86.52953983159571,-1.0,39.091958316824744
1,EV_B07_C030_Mototaxi_Electrica,4.0,86.52953983159571,-1.0,39.091958316824744
1,EV_B07_C030_Mototaxi_Electrica,3.0,86.52953983159571,-1.0,39.091958316824744
1,EV_B07_C030_Mototaxi_Electrica,2.0,86.52953983159571,-1.0,39.091958316824744
1,EV_B07_C030_Mototaxi_Electrica,1.0,86.52953983159571,-1.0,39.091958316824744
1,EV_B07_C030_Mototaxi_Electrica,0.0,86.52953983159571,-1.0,39.091958316824744
3,NONE,-1.0,-0.1,-1.0,-0.1
3,NONE,-1.0,-0.1,-1.0,-0.1
3,NONE,-1.0,-0.1,-1.0,-0.1
3,NONE,-1.0,-0.1,-1.0,-0.1
3,NONE,-1.0,-0.1,-1.0,-0.1
3,NONE,-1.0,-0.1,-1.0,-0.1
3,NONE,-1.0,-0.1,-1.0,-0.1
3,NONE,-1.0,-0.1,-1.0,-0.1
3,NONE,-1.0,-0.1,-1.0,-0.1
3,NONE,-1.0,-0.1,-1.0,-0.1
3,NONE,-1.0,-0.1,-1.0,-0.1
3,NONE,-1.0,-0.1,-1.0,-0.1
3,NONE,-1.0,-0.1,-1.0,-0.1
3,NONE,-1.0,-0.1,-1.0,-0.1
3,NONE,-1.0,-0.1,-1.0,-0.1
3,NONE,-1.0,-0.1,-1.0,-0.1
2,EV_B07_C030_Mototaxi_Electrica,-1.0,-0.1,8.0,41.77527545041644
1,EV_B07_C030_Mototaxi_Electrica,6.0,77.77490409164433,-1.0,41.77527545041644
1,EV_B07_C030_Mototaxi_Electrica,5.0,77.77490409164433,-1.0,41.77527545041644
1,EV_B07_C030_Mototaxi_Electrica,4.0,77.77490409164433,-1.0,41.77527545041644
1,EV_B07_C030_Mototaxi_Electrica,3.0,77.77490409164433,-1.0,41.77527545041644
1,EV_B07_C030_Mototaxi_Electrica,2.0,77.77490409164433,-1.0,41.77527545041644
1,EV_B07_C030_Mototaxi_Electrica,1.0,77.77490409164433,-1.0,41.77527545041644
1,EV_B07_C030_Mototaxi_Electrica,0.0,77.77490409164433,-1.0,41.77527545041644
3,NONE,-1.0,-0.1,-1.0,-0.1
3,NONE,-1.0,-0.1,-1.0,-0.1
3,NONE,-1.0,-0.1,-1.0,-0.1
3,NONE,-1.0,-0.1,-1.0,-0.1
3,NONE,-1.0,-0.1,-1.0,-0.1
3,NONE,-1.0,-0.1,-1.0,-0.1
3,NONE,-1.0,-0.1,-1.0,-0.1
3,NONE,-1.0,-0.1,-1.0,-0.1
3,NONE,-1.0,-0.1,-1.0,-0.1
3,NONE,-1.0,-0.1,-1.0,-0.1
3,NONE,-1.0,-0.1,-1.0,-0.1
3,NONE,-1.0,-0.1,-1.0,-0.1
3,NONE,-1.0,-0.1,-1.0,-0.1
3,NONE,-1.0,-0.1,-1.0,-0.1
3,NONE,-1.0,-0.1,-1.0,-0.1
3,NONE,-1.0,-0.1,-1.0,-0.1
2,EV_B07_C030_Mototaxi_Electrica,-1.0,-0.1,8.0,16.416689808481248
1,EV_B07_C030_Mototaxi_Electrica,6.0,79.27050796146591,-1.0,16.416689808481248
1,EV_B07_C030_Mototaxi_Electrica,5.0,79.27050796146591,-1.0,16.416689808481248
1,EV_B07_C030_Mototaxi_Electrica,4.0,79.27050796146591,-1.0,16.416689808481248
1,EV_B07_C030_Mototaxi_Electrica,3.0,79.27050796146591,-1.0,16.416689808481248
1,EV_B07_C030_Mototaxi_Electrica,2.0,79.27050796146591,-1.0,16.416689808481248
1,EV_B07_C030_Mototaxi_Electrica,1.0,79.27050796146591,-1.0,16.416689808481248
1,EV_B07_C030_Mototaxi_Electrica,0.0,79.27050796146591,-1.0,16.416689808481248
3,NONE,-1.0,-0.1,-1.0,-0.1
3,NONE,-1.0,-0.1,-1.0,-0.1
3,NONE,-1.0,-0.1,-1.0,-0.1
3,NONE,-1.0,-0.1,-1.0,-0.1
3,NONE,-1.0,-0.1,-1.0,-0.1
3,NONE,-1.0,-0.1,-1.0,-0.1
3,NONE,-1.0,-0.1,-1.0,-0.1
3,NONE,-1.0,-0.1,-1.0,-0.1
3,NONE,-1.0,-0.1,-1.0,-0.1
3,NONE,-1.0,-0.1,-1.0,-0.1
3,NONE,-1.0,-0.1,-1.0,-0.1
3,NONE,-1.0,-0.1,-1.0,-0.1
3,NONE,-1.0,-0.1,-1.0,-0.1
3,NONE,-1.0,-0.1,-1.0,-0.1
3,NONE,-1.0,-0.1,-1.0,-0.1
3,NONE,-1.0,-0.1,-1.0,-0.1
3,NONE,-1.0,-0.1,-1.0,-0.1
3,NONE,-1.0,-0.1,-1.0,-0.1
3,NONE,-1.0,-0.1,-1.0,-0.1
3,NONE,-1.0,-0.1,-1.0,-0.1
3,NONE,-1.0,-0.1,-1.0,-0.1
3,NONE,-1.0,-0.1,-1.0,-0.1
3,NONE,-1.0,-0.1,-1.0,-0.1
3,NONE,-1.0,-0.1,-1.0,-0.1
3,NONE,-1.0,-0.1,-1.0,-0.1
3,NONE,-1.0,-0.1,-1.0,-0.1
3,NONE,-1.0,-0.1,-1.0,-0.1
3,NONE,-1.0,-0.1,-1.0,-0.1
3,NONE,-1.0,-0.1,-1.0,-0.1
3,NONE,-1.0,-0.1,-1.0,-0.1
3,NONE,-1.0,-0.1,-1.0,-0.1
3,NONE,-1.0,-0.1,-1.0,-0.1
3,NONE,-1.0,-0.1,-1.0,-0.1
3,NONE,-1.0,-0.1,-1.0,-0.1
3,NONE,-1.0,-0.1,-1.0,-0.1
3,NONE,-1.0,-0.1,-1.0,-0.1
3,NONE,-1.0,-0.1,-1.0,-0.1
3,NONE,-1.0,-0.1,-1.0,-0.1
3,NONE,-1.0,-0.1,-1.0,-0.1
3,NONE,-1.0,-0.1,-1.0,-0.1
3,NONE,-1.0,-0.1,-1.0,-0.1
3,NONE,-1.0,-0.1,-1.0,-0.1
3,NONE,-1.0,-0.1,-1.0,-0.1
3,NONE,-1.0,-0.1,-1.0,-0.1
3,NONE,-1.0,-0.1,-1.0,-0.1
3,NONE,-1.0,-0.1,-1.0,-0.1
3,NONE,-1.0,-0.1,-1.0,-0.1
3,NONE,-1.0,-0.1,-1.0,-0.1
3,NONE,-1.0,-0.1,-1.0,-0.1
3,NONE,-1.0,-0.1,-1.0,-0.1
3,NONE,-1.0,-0.1,-1.0,-0.1
3,NONE,-1.0,-0.1,-1.0,-0.1
3,NONE,-1.0,-0.1,-1.0,-0.1
3,NONE,-1.0,-0.1,-1.0,-0.1
3,NONE,-1.0,-0.1,-1.0,-0.1
3,NONE,-1.0,-0.1,-1.0,-0.1
3,NONE,-1.0,-0.1,-1.0,-0.1
3,NONE,-1.0,-0.1,-1.0,-0.1
3,NONE,-1.0,-0.1,-1.0,-0.1
3,NONE,-1.0,-0.1,-1.0,-0.1
3,NONE,-1.0,-0.1,-1.0,-0.1
3,NONE,-1.0,-0.1,-1.0,-0.1
3,NONE,-1.0,-0.1,-1.0,-0.1
3,NONE,-1.0,-0.1,-1.0,-0.1
2,EV_B07_C030_Mototaxi_Electrica,-1.0,-0.1,8.0,37.50837095452471
1,EV_B07_C030_Mototaxi_Electrica,6.0,69.95493102221563,-1.0,37.50837095452471
1,EV_B07_C030_Mototaxi_Electrica,5.0,69.95493102221563,-1.0,37.50837095452471
1,EV_B07_C030_Mototaxi_Electrica,4.0,69.95493102221563,-1.0,37.50837095452471
1,EV_B07_C030_Mototaxi_Electrica,3.0,69.95493102221563,-1.0,37.50837095452471
1,EV_B07_C030_Mototaxi_Electrica,2.0,69.95493102221563,-1.0,37.50837095452471
1,EV_B07_C030_Mototaxi_Electrica,1.0,69.95493102221563,-1.0,37.50837095452471
1,EV_B07_C030_Mototaxi_Electrica,0.0,69.95493102221563,-1.0,37.50837095452471
3,NONE,-1.0,-0.1,-1.0,-0.1
3,NONE,-1.0,-0.1,-1.0,-0.1
3,NONE,-1.0,-0.1,-1.0,-0.1
3,NONE,-1.0,-0.1,-1.0,-0.1
3,NONE,-1.0,-0.1,-1.0,-0.1
3,NONE,-1.0,-0.1,-1.0,-0.1
3,NONE,-1.0,-0.1,-1.0,-0.1
3,NONE,-1.0,-0.1,-1.0,-0.1
3,NONE,-1.0,-0.1,-1.0,-0.1
3,NONE,-1.0,-0.1,-1.0,-0.1
3,NONE,-1.0,-0.1,-1.0,-0.1
3,NONE,-1.0,-0.1,-1.0,-0.1
3,NONE,-1.0,-0.1,-1.0,-0.1
3,NONE,-1.0,-0.1,-1.0,-0.1
3,NONE,-1.0,-0.1,-1.0,-0.1
3,NONE,-1.0,-0.1,-1.0,-0.1
2,EV_B07_C030_Mototaxi_Electrica,-1.0,-0.1,8.0,31.570695002933775
1,EV_B07_C030_Mototaxi_Electrica,6.0,76.99499775417988,-1.0,31.570695002933775
1,EV_B07_C030_Mototaxi_Electrica,5.0,76.99499775417988,-1.0,31.570695002933775
1,EV_B07_C030_Mototaxi_Electrica,4.0,76.99499775417988,-1.0,31.570695002933775
1,EV_B07_C030_Mototaxi_Electrica,3.0,76.99499775417988,-1.0,31.570695002933775
1,EV_B07_C030_Mototaxi_Electrica,2.0,76.99499775417988,-1.0,31.570695002933775
1,EV_B07_C030_Mototaxi_Electrica,1.0,76.99499775417988,-1.0,31.570695002933775
1,EV_B07_C030_Mototaxi_Electrica,0.0,76.99499775417988,-1.0,31.570695002933775
3,NONE,-1.0,-0.1,-1.0,-0.1
3,NONE,-1.0,-0.1,-1.0,-0.1
3,NONE,-1.0,-0.1,-1.0,-0.1
3,NONE,-1.0,-0.1,-1.0,-0.1
3,NONE,-1.0,-0.1,-1.0,-0.1
3,NONE,-1.0,-0.1,-1.0,-0.1
3,NONE,-1.0,-0.1,-1.0,-0.1
3,NONE,-1.0,-0.1,-1.0,-0.1
3,NONE,-1.0,-0.1,-1.0,-0.1
3,NONE,-1.0,-0.1,-1.0,-0.1
3,NONE,-1.0,-0.1,-1.0,-0.1
3,NONE,-1.0,-0.1,-1.0,-0.1
3,NONE,-1.0,-0.1,-1.0,-0.1
3,NONE,-1.0,-0.1,-1.0,-0.1
3,NONE,-1.0,-0.1,-1.0,-0.1
3,NONE,-1.0,-0.1,-1.0,-0.1
2,EV_B07_C030_Mototaxi_Electrica,-1.0,-0.1,8.0,48.81902420009246
1,EV_B07_C030_Mototaxi_Electrica,6.0,90.08798209531784,-1.0,48.81902420009246
1,EV_B07_C030_Mototaxi_Electrica,5.0,90.08798209531784,-1.0,48.81902420009246
1,EV_B07_C030_Mototaxi_Electrica,4.0,90.08798209531784,-1.0,48.81902420009246
1,EV_B07_C030_Mototaxi_Electrica,3.0,90.08798209531784,-1.0,48.81902420009246
1,EV_B07_C030_Mototaxi_Electrica,2.0,90.08798209531784,-1.0,48.81902420009246
1,EV_B07_C030_Mototaxi_Electrica,1.0,90.08798209531784,-1.0,48.81902420009246
1,EV_B07_C030_Mototaxi_Electrica,0.0,90.08798209531784,-1.0,48.81902420009246
3,NONE,-1.0,-0.1,-1.0,-0.1
3,NONE,-1.0,-0.1,-1.0,-0.1
3,NONE,-1.0,-0.1,-1.0,-0.1
3,NONE,-1.0,-0.1,-1.0,-0.1
3,NONE,-1.0,-0.1,-1.0,-0.1
3,NONE,-1.0,-0.1,-1.0,-0.1
3,NONE,-1.0,-0.1,-1.0,-0.1
3,NONE,-1.0,-0.1,-1.0,-0.1
3,NONE,-1.0,-0.1,-1.0,-0.1
3,NONE,-1.0,-0.1,-1.0,-0.1
3,NONE,-1.0,-0.1,-1.0,-0.1
3,NONE,-1.0,-0.1,-1.0,-0.1
3,NONE,-1.0,-0.1,-1.0,-0.1
3,NONE,-1.0,-0.1,-1.0,-0.1
3,NONE,-1.0,-0.1,-1.0,-0.1
3,NONE,-1.0,-0.1,-1.0,-0.1
2,EV_B07_C030_Mototaxi_Electrica,-1.0,-0.1,8.0,31.341364819611535
1,EV_B07_C030_Mototaxi_Electrica,6.0,76.93652851249509,-1.0,31.341364819611535
1,EV_B07_C030_Mototaxi_Electrica,5.0,76.93652851249509,-1.0,31.341364819611535
1,EV_B07_C030_Mototaxi_Electrica,4.0,76.93652851249509,-1.0,31.341364819611535
1,EV_B07_C030_Mototaxi_Electrica,3.0,76.93652851249509,-1.0,31.341364819611535
1,EV_B07_C030_Mototaxi_Electrica,2.0,76.93652851249509,-1.0,31.341364819611535
1,EV_B07_C030_Mototaxi_Electrica,1.0,76.93652851249509,-1.0,31.341364819611535
1,EV_B07_C030_Mototaxi_Electrica,0.0,76.93652851249509,-1.0,31.341364819611535
3,NONE,-1.0,-0.1,-1.0,-0.1
3,NONE,-1.0,-0.1,-1.0,-0.1
3,NONE,-1.0,-0.1,-1.0,-0.1
3,NONE,-1.0,-0.1,-1.0,-0.1
3,NONE,-1.0,-0.1,-1.0,-0.1
3,NONE,-1.0,-0.1,-1.0,-0.1
3,NONE,-1.0,-0.1,-1.0,-0.1
3,NONE,-1.0,-0.1,-1.0,-0.1
3,NONE,-1.0,-0.1,-1.0,-0.1
3,NONE,-1.0,-0.1,-1.0,-0.1
3,NONE,-1.0,-0.1,-1.0,-0.1
3,NONE,-1.0,-0.1,-1.0,-0.1
3,NONE,-1.0,-0.1,-1.0,-0.1
3,NONE,-1.0,-0.1,-1.0,-0.1
3,NONE,-1.0,-0.1,-1.0,-0.1
2,EV_B07_C030_Mototaxi_Electrica,-1.0,-0.1,7.0,31.555971370729548
1,EV_B07_C030_Mototaxi_Electrica,7.0,81.67850182435816,-1.0,31.555971370729548
1,EV_B07_C030_Mototaxi_Electrica,6.0,81.67850182435816,-1.0,31.555971370729548
1,EV_B07_C030_Mototaxi_Electrica,5.0,81.67850182435816,-1.0,31.555971370729548
1,EV_B07_C030_Mototaxi_Electrica,4.0,81.67850182435816,-1.0,31.555971370729548
1,EV_B07_C030_Mototaxi_Electrica,3.0,81.67850182435816,-1.0,31.555971370729548
1,EV_B07_C030_Mototaxi_Electrica,2.0,81.67850182435816,-1.0,31.555971370729548
1,EV_B07_C030_Mototaxi_Electrica,1.0,81.67850182435816,-1.0,31.555971370729548
1,EV_B07_C030_Mototaxi_Electrica,0.0,81.67850182435816,-1.0,31.555971370729548
3,NONE,-1.0,-0.1,-1.0,-0.1
3,NONE,-1.0,-0.1,-1.0,-0.1
3,NONE,-1.0,-0.1,-1.0,-0.1
3,NONE,-1.0,-0.1,-1.0,-0.1
3,NONE,-1.0,-0.1,-1.0,-0.1
3,NONE,-1.0,-0.1,-1.0,-0.1
3,NONE,-1.0,-0.1,-1.0,-0.1
3,NONE,-1.0,-0.1,-1.0,-0.1
3,NONE,-1.0,-0.1,-1.0,-0.1
3,NONE,-1.0,-0.1,-1.0,-0.1
3,NONE,-1.0,-0.1,-1.0,-0.1
3,NONE,-1.0,-0.1,-1.0,-0.1
3,NONE,-1.0,-0.1,-1.0,-0.1
3,NONE,-1.0,-0.1,-1.0,-0.1
3,NONE,-1.0,-0.1,-1.0,-0.1
3,NONE,-1.0,-0.1,-1.0,-0.1
3,NONE,-1.0,-0.1,-1.0,-0.1
3,NONE,-1.0,-0.1,-1.0,-0.1
3,NONE,-1.0,-0.1,-1.0,-0.1
3,NONE,-1.0,-0.1,-1.0,-0.1
3,NONE,-1.0,-0.1,-1.0,-0.1
3,NONE,-1.0,-0.1,-1.0,-0.1
3,NONE,-1.0,-0.1,-1.0,-0.1
3,NONE,-1.0,-0.1,-1.0,-0.1
3,NONE,-1.0,-0.1,-1.0,-0.1
3,NONE,-1.0,-0.1,-1.0,-0.1
3,NONE,-1.0,-0.1,-1.0,-0.1
3,NONE,-1.0,-0.1,-1.0,-0.1
3,NONE,-1.0,-0.1,-1.0,-0.1
3,NONE,-1.0,-0.1,-1.0,-0.1
3,NONE,-1.0,-0.1,-1.0,-0.1
3,NONE,-1.0,-0.1,-1.0,-0.1
3,NONE,-1.0,-0.1,-1.0,-0.1
3,NONE,-1.0,-0.1,-1.0,-0.1
3,NONE,-1.0,-0.1,-1.0,-0.1
3,NONE,-1.0,-0.1,-1.0,-0.1
3,NONE,-1.0,-0.1,-1.0,-0.1
3,NONE,-1.0,-0.1,-1.0,-0.1
3,NONE,-1.0,-0.1,-1.0,-0.1
3,NONE,-1.0,-0.1,-1.0,-0.1
3,NONE,-1.0,-0.1,-1.0,-0.1
3,NONE,-1.0,-0.1,-1.0,-0.1
3,NONE,-1.0,-0.1,-1.0,-0.1
3,NONE,-1.0,-0.1,-1.0,-0.1
3,NONE,-1.0,-0.1,-1.0,-0.1
3,NONE,-1.0,-0.1,-1.0,-0.1
3,NONE,-1.0,-0.1,-1.0,-0.1
3,NONE,-1.0,-0.1,-1.0,-0.1
3,NONE,-1.0,-0.1,-1.0,-0.1
3,NONE,-1.0,-0.1,-1.0,-0.1
3,NONE,-1.0,-0.1,-1.0,-0.1
3,NONE,-1.0,-0.1,-1.0,-0.1
3,NONE,-1.0,-0.1,-1.0,-0.1
3,NONE,-1.0,-0.1,-1.0,-0.1
3,NONE,-1.0,-0.1,-1.0,-0.1
3,NONE,-1.0,-0.1,-1.0,-0.1
3,NONE,-1.0,-0.1,-1.0,-0.1
3,NONE,-1.0,-0.1,-1.0,-0.1
3,NONE,-1.0,-0.1,-1.0,-0.1
3,NONE,-1.0,-0.1,-1.0,-0.1
3,NONE,-1.0,-0.1,-1.0,-0.1
3,NONE,-1.0,-0.1,-1.0,-0.1
3,NONE,-1.0,-0.1,-1.0,-0.1
3,NONE,-1.0,-0.1,-1.0,-0.1
3,NONE,-1.0,-0.1,-1.0,-0.1
3,NONE,-1.0,-0.1,-1.0,-0.1
3,NONE,-1.0,-0.1,-1.0,-0.1
3,NONE,-1.0,-0.1,-1.0,-0.1
3,NONE,-1.0,-0.1,-1.0,-0.1
3,NONE,-1.0,-0.1,-1.0,-0.1
3,NONE,-1.0,-0.1,-1.0,-0.1
3,NONE,-1.0,-0.1,-1.0,-0.1
3,NONE,-1.0,-0.1,-1.0,-0.1
3,NONE,-1.0,-0.1,-1.0,-0.1
3,NONE,-1.0,-0.1,-1.0,-0.1
3,NONE,-1.0,-0.1,-1.0,-0.1
3,NONE,-1.0,-0.1,-1.0,-0.1
3,NONE,-1.0,-0.1,-1.0,-0.1
3,NONE,-1.0,-0.1,-1.0,-0.1
3,NONE,-1.0,-0.1,-1.0,-0.1
3,NONE,-1.0,-0.1,-1.0,-0.1
3,NONE,-1.0,-0.1,-1.0,-0.1
3,NONE,-1.0,-0.1,-1.0,-0.1
3,NONE,-1.0,-0.1,-1.0,-0.1
3,NONE,-1.0,-0.1,-1.0,-0.1
3,NONE,-1.0,-0.1,-1.0,-0.1
3,NONE,-1.0,-0.1,-1.0,-0.1
3,NONE,-1.0,-0.1,-1.0,-0.1
3,NONE,-1.0,-0.1,-1.0,-0.1
3,NONE,-1.0,-0.1,-1.0,-0.1
3,NONE,-1.0,-0.1,-1.0,-0.1
3,NONE,-1.0,-0.1,-1.0,-0.1
3,NONE,-1.0,-0.1,-1.0,-0.1
3,NONE,-1.0,-0.1,-1.0,-0.1
3,NONE,-1.0,-0.1,-1.0,-0.1
3,NONE,-1.0,-0.1,-1.0,-0.1
3,NONE,-1.0,-0.1,-1.0,-0.1
3,NONE,-1.0,-0.1,-1.0,-0.1
3,NONE,-1.0,-0.1,-1.0,-0.1
3,NONE,-1.0,-0.1,-1.0,-0.1
3,NONE,-1.0,-0.1,-1.0,-0.1
3,NONE,-1.0,-0.1,-1.0,-0.1
3,NONE,-1.0,-0.1,-1.0,-0.1
3,NONE,-1.0,-0.1,-1.0,-0.1
3,NONE,-1.0,-0.1,-1.0,-0.1
3,NONE,-1.0,-0.1,-1.0,-0.1
3,NONE,-1.0,-0.1,-1.0,-0.1
3,NONE,-1.0,-0.1,-1.0,-0.1
3,NONE,-1.0,-0.1,-1.0,-0.1
3,NONE,-1.0,-0.1,-1.0,-0.1
3,NONE,-1.0,-0.1,-1.0,-0.1
3,NONE,-1.0,-0.1,-1.0,-0.1
3,NONE,-1.0,-0.1,-1.0,-0.1
2,EV_B07_C030_Mototaxi_Electrica,-1.0,-0.1,9.0,36.26076572065584
1,EV_B07_C030_Mototaxi_Electrica,5.0,91.26995902641674,-1.0,36.26076572065584
1,EV_B07_C030_Mototaxi_Electrica,4.0,91.26995902641674,-1.0,36.26076572065584
1,EV_B07_C030_Mototaxi_Electrica,3.0,91.26995902641674,-1.0,36.26076572065584
1,EV_B07_C030_Mototaxi_Electrica,2.0,91.26995902641674,-1.0,36.26076572065584
1,EV_B07_C030_Mototaxi_Electrica,1.0,91.26995902641674,-1.0,36.26076572065584
1,EV_B07_C030_Mototaxi_Electrica,0.0,91.26995902641674,-1.0,36.26076572065584
3,NONE,-1.0,-0.1,-1.0,-0.1
3,NONE,-1.0,-0.1,-1.0,-0.1
3,NONE,-1.0,-0.1,-1.0,-0.1
3,NONE,-1.0,-0.1,-1.0,-0.1
3,NONE,-1.0,-0.1,-1.0,-0.1
3,NONE,-1.0,-0.1,-1.0,-0.1
3,NONE,-1.0,-0.1,-1.0,-0.1
3,NONE,-1.0,-0.1,-1.0,-0.1
3,NONE,-1.0,-0.1,-1.0,-0.1
3,NONE,-1.0,-0.1,-1.0,-0.1
3,NONE,-1.0,-0.1,-1.0,-0.1
3,NONE,-1.0,-0.1,-1.0,-0.1
3,NONE,-1.0,-0.1,-1.0,-0.1
3,NONE,-1.0,-0.1,-1.0,-0.1
3,NONE,-1.0,-0.1,-1.0,-0.1
3,NONE,-1.0,-0.1,-1.0,-0.1
3,NONE,-1.0,-0.1,-1.0,-0.1
3,NONE,-1.0,-0.1,-1.0,-0.1
3,NONE,-1.0,-0.1,-1.0,-0.1
3,NONE,-1.0,-0.1,-1.0,-0.1
3,NONE,-1.0,-0.1,-1.0,-0.1
3,NONE,-1.0,-0.1,-1.0,-0.1
3,NONE,-1.0,-0.1,-1.0,-0.1
3,NONE,-1.0,-0.1,-1.0,-0.1
3,NONE,-1.0,-0.1,-1.0,-0.1
3,NONE,-1.0,-0.1,-1.0,-0.1
3,NONE,-1.0,-0.1,-1.0,-0.1
3,NONE,-1.0,-0.1,-1.0,-0.1
3,NONE,-1.0,-0.1,-1.0,-0.1
3,NONE,-1.0,-0.1,-1.0,-0.1
3,NONE,-1.0,-0.1,-1.0,-0.1
3,NONE,-1.0,-0.1,-1.0,-0.1
3,NONE,-1.0,-0.1,-1.0,-0.1
3,NONE,-1.0,-0.1,-1.0,-0.1
3,NONE,-1.0,-0.1,-1.0,-0.1
3,NONE,-1.0,-0.1,-1.0,-0.1
3,NONE,-1.0,-0.1,-1.0,-0.1
3,NONE,-1.0,-0.1,-1.0,-0.1
3,NONE,-1.0,-0.1,-1.0,-0.1
3,NONE,-1.0,-0.1,-1.0,-0.1
2,EV_B07_C030_Mototaxi_Electrica,-1.0,-0.1,8.0,39.55400764554051
1,EV_B07_C030_Mototaxi_Electrica,6.0,81.86136199846143,-1.0,39.55400764554051
1,EV_B07_C030_Mototaxi_Electrica,5.0,81.86136199846143,-1.0,39.55400764554051
1,EV_B07_C030_Mototaxi_Electrica,4.0,81.86136199846143,-1.0,39.55400764554051
1,EV_B07_C030_Mototaxi_Electrica,3.0,81.86136199846143,-1.0,39.55400764554051
1,EV_B07_C030_Mototaxi_Electrica,2.0,81.86136199846143,-1.0,39.55400764554051
1,EV_B07_C030_Mototaxi_Electrica,1.0,81.86136199846143,-1.0,39.55400764554051
1,EV_B07_C030_Mototaxi_Electrica,0.0,81.86136199846143,-1.0,39.55400764554051
3,NONE,-1.0,-0.1,-1.0,-0.1
3,NONE,-1.0,-0.1,-1.0,-0.1
3,NONE,-1.0,-0.1,-1.0,-0.1
3,NONE,-1.0,-0.1,-1.0,-0.1
3,NONE,-1.0,-0.1,-1.0,-0.1
3,NONE,-1.0,-0.1,-1.0,-0.1
3,NONE,-1.0,-0.1,-1.0,-0.1
3,NONE,-1.0,-0.1,-1.0,-0.1
3,NONE,-1.0,-0.1,-1.0,-0.1
3,NONE,-1.0,-0.1,-1.0,-0.1
3,NONE,-1.0,-0.1,-1.0,-0.1
3,NONE,-1.0,-0.1,-1.0,-0.1
3,NONE,-1.0,-0.1,-1.0,-0.1
3,NONE,-1.0,-0.1,-1.0,-0.1
3,NONE,-1.0,-0.1,-1.0,-0.1
3,NONE,-1.0,-0.1,-1.0,-0.1
3,NONE,-1.0,-0.1,-1.0,-0.1
3,NONE,-1.0,-0.1,-1.0,-0.1
3,NONE,-1.0,-0.1,-1.0,-0.1
3,NONE,-1.0,-0.1,-1.0,-0.1
3,NONE,-1.0,-0.1,-1.0,-0.1
3,NONE,-1.0,-0.1,-1.0,-0.1
3,NONE,-1.0,-0.1,-1.0,-0.1
3,NONE,-1.0,-0.1,-1.0,-0.1
3,NONE,-1.0,-0.1,-1.0,-0.1
3,NONE,-1.0,-0.1,-1.0,-0.1
3,NONE,-1.0,-0.1,-1.0,-0.1
3,NONE,-1.0,-0.1,-1.0,-0.1
3,NONE,-1.0,-0.1,-1.0,-0.1
3,NONE,-1.0,-0.1,-1.0,-0.1
3,NONE,-1.0,-0.1,-1.0,-0.1
3,NONE,-1.0,-0.1,-1.0,-0.1
3,NONE,-1.0,-0.1,-1.0,-0.1
3,NONE,-1.0,-0.1,-1.0,-0.1
3,NONE,-1.0,-0.1,-1.0,-0.1
3,NONE,-1.0,-0.1,-1.0,-0.1
3,NONE,-1.0,-0.1,-1.0,-0.1
3,NONE,-1.0,-0.1,-1.0,-0.1
3,NONE,-1.0,-0.1,-1.0,-0.1
3,NONE,-1.0,-0.1,-1.0,-0.1
3,NONE,-1.0,-0.1,-1.0,-0.1
3,NONE,-1.0,-0.1,-1.0,-0.1
3,NONE,-1.0,-0.1,-1.0,-0.1
3,NONE,-1.0,-0.1,-1.0,-0.1
3,NONE,-1.0,-0.1,-1.0,-0.1
3,NONE,-1.0,-0.1,-1.0,-0.1
3,NONE,-1.0,-0.1,-1.0,-0.1
3,NONE,-1.0,-0.1,-1.0,-0.1
3,NONE,-1.0,-0.1,-1.0,-0.1
3,NONE,-1.0,-0.1,-1.0,-0.1
3,NONE,-1.0,-0.1,-1.0,-0.1
3,NONE,-1.0,-0.1,-1.0,-0.1
3,NONE,-1.0,-0.1,-1.0,-0.1
3,NONE,-1.0,-0.1,-1.0,-0.1
3,NONE,-1.0,-0.1,-1.0,-0.1
3,NONE,-1.0,-0.1,-1.0,-0.1
3,NONE,-1.0,-0.1,-1.0,-0.1
3,NONE,-1.0,-0.1,-1.0,-0.1
3,NONE,-1.0,-0.1,-1.0,-0.1
3,NONE,-1.0,-0.1,-1.0,-0.1
3,NONE,-1.0,-0.1,-1.0,-0.1
3,NONE,-1.0,-0.1,-1.0,-0.1
3,NONE,-1.0,-0.1,-1.0,-0.1
2,EV_B07_C030_Mototaxi_Electrica,-1.0,-0.1,7.0,23.849241290753945
1,EV_B07_C030_Mototaxi_Electrica,6.0,82.51340430307222,-1.0,23.849241290753945
1,EV_B07_C030_Mototaxi_Electrica,5.0,82.51340430307222,-1.0,23.849241290753945
1,EV_B07_C030_Mototaxi_Electrica,4.0,82.51340430307222,-1.0,23.849241290753945
1,EV_B07_C030_Mototaxi_Electrica,3.0,82.51340430307222,-1.0,23.849241290753945
1,EV_B07_C030_Mototaxi_Electrica,2.0,82.51340430307222,-1.0,23.849241290753945
1,EV_B07_C030_Mototaxi_Electrica,1.0,82.51340430307222,-1.0,23.849241290753945
1,EV_B07_C030_Mototaxi_Electrica,0.0,82.51340430307222,-1.0,23.849241290753945
3,NONE,-1.0,-0.1,-1.0,-0.1
3,NONE,-1.0,-0.1,-1.0,-0.1
3,NONE,-1.0,-0.1,-1.0,-0.1
3,NONE,-1.0,-0.1,-1.0,-0.1
3,NONE,-1.0,-0.1,-1.0,-0.1
3,NONE,-1.0,-0.1,-1.0,-0.1
3,NONE,-1.0,-0.1,-1.0,-0.1
3,NONE,-1.0,-0.1,-1.0,-0.1
3,NONE,-1.0,-0.1,-1.0,-0.1
3,NONE,-1.0,-0.1,-1.0,-0.1
3,NONE,-1.0,-0.1,-1.0,-0.1
3,NONE,-1.0,-0.1,-1.0,-0.1
3,NONE,-1.0,-0.1,-1.0,-0.1
3,NONE,-1.0,-0.1,-1.0,-0.1
3,NONE,-1.0,-0.1,-1.0,-0.1
3,NONE,-1.0,-0.1,-1.0,-0.1
3,NONE,-1.0,-0.1,-1.0,-0.1
3,NONE,-1.0,-0.1,-1.0,-0.1
3,NONE,-1.0,-0.1,-1.0,-0.1
3,NONE,-1.0,-0.1,-1.0,-0.1
3,NONE,-1.0,-0.1,-1.0,-0.1
3,NONE,-1.0,-0.1,-1.0,-0.1
3,NONE,-1.0,-0.1,-1.0,-0.1
3,NONE,-1.0,-0.1,-1.0,-0.1
3,NONE,-1.0,-0.1,-1.0,-0.1
3,NONE,-1.0,-0.1,-1.0,-0.1
3,NONE,-1.0,-0.1,-1.0,-0.1
3,NONE,-1.0,-0.1,-1.0,-0.1
3,NONE,-1.0,-0.1,-1.0,-0.1
3,NONE,-1.0,-0.1,-1.0,-0.1
3,NONE,-1.0,-0.1,-1.0,-0.1
3,NONE,-1.0,-0.1,-1.0,-0.1
3,NONE,-1.0,-0.1,-1.0,-0.1
3,NONE,-1.0,-0.1,-1.0,-0.1
3,NONE,-1.0,-0.1,-1.0,-0.1
3,NONE,-1.0,-0.1,-1.0,-0.1
3,NONE,-1.0,-0.1,-1.0,-0.1
3,NONE,-1.0,-0.1,-1.0,-0.1
3,NONE,-1.0,-0.1,-1.0,-0.1
3,NONE,-1.0,-0.1,-1.0,-0.1
3,NONE,-1.0,-0.1,-1.0,-0.1
2,EV_B07_C030_Mototaxi_Electrica,-1.0,-0.1,8.0,29.969377532887293
1,EV_B07_C030_Mototaxi_Electrica,6.0,80.32463560730785,-1.0,29.969377532887293
1,EV_B07_C030_Mototaxi_Electrica,5.0,80.32463560730785,-1.0,29.969377532887293
1,EV_B07_C030_Mototaxi_Electrica,4.0,80.32463560730785,-1.0,29.969377532887293
1,EV_B07_C030_Mototaxi_Electrica,3.0,80.32463560730785,-1.0,29.969377532887293
1,EV_B07_C030_Mototaxi_Electrica,2.0,80.32463560730785,-1.0,29.969377532887293
1,EV_B07_C030_Mototaxi_Electrica,1.0,80.32463560730785,-1.0,29.969377532887293
1,EV_B07_C030_Mototaxi_Electrica,0.0,80.32463560730785,-1.0,29.969377532887293
3,NONE,-1.0,-0.1,-1.0,-0.1
3,NONE,-1.0,-0.1,-1.0,-0.1
3,NONE,-1.0,-0.1,-1.0,-0.1
3,NONE,-1.0,-0.1,-1.0,-0.1
3,NONE,-1.0,-0.1,-1.0,-0.1
3,NONE,-1.0,-0.1,-1.0,-0.1
3,NONE,-1.0,-0.1,-1.0,-0.1
3,NONE,-1.0,-0.1,-1.0,-0.1
3,NONE,-1.0,-0.1,-1.0,-0.1
3,NONE,-1.0,-0.1,-1.0,-0.1
3,NONE,-1.0,-0.1,-1.0,-0.1
3,NONE,-1.0,-0.1,-1.0,-0.1
3,NONE,-1.0,-0.1,-1.0,-0.1
3,NONE,-1.0,-0.1,-1.0,-0.1
3,NONE,-1.0,-0.1,-1.0,-0.1
3,NONE,-1.0,-0.1,-1.0,-0.1
3,NONE,-1.0,-0.1,-1.0,-0.1
3,NONE,-1.0,-0.1,-1.0,-0.1
3,NONE,-1.0,-0.1,-1.0,-0.1
3,NONE,-1.0,-0.1,-1.0,-0.1
3,NONE,-1.0,-0.1,-1.0,-0.1
3,NONE,-1.0,-0.1,-1.0,-0.1
3,NONE,-1.0,-0.1,-1.0,-0.1
3,NONE,-1.0,-0.1,-1.0,-0.1
3,NONE,-1.0,-0.1,-1.0,-0.1
3,NONE,-1.0,-0.1,-1.0,-0.1
3,NONE,-1.0,-0.1,-1.0,-0.1
3,NONE,-1.0,-0.1,-1.0,-0.1
3,NONE,-1.0,-0.1,-1.0,-0.1
3,NONE,-1.0,-0.1,-1.0,-0.1
3,NONE,-1.0,-0.1,-1.0,-0.1
3,NONE,-1.0,-0.1,-1.0,-0.1
3,NONE,-1.0,-0.1,-1.0,-0.1
3,NONE,-1.0,-0.1,-1.0,-0.1
3,NONE,-1.0,-0.1,-1.0,-0.1
3,NONE,-1.0,-0.1,-1.0,-0.1
3,NONE,-1.0,-0.1,-1.0,-0.1
3,NONE,-1.0,-0.1,-1.0,-0.1
3,NONE,-1.0,-0.1,-1.0,-0.1
2,EV_B07_C030_Mototaxi_Electrica,-1.0,-0.1,7.0,43.945708943870535
1,EV_B07_C030_Mototaxi_Electrica,7.0,77.0740198112503,-1.0,43.945708943870535
1,EV_B07_C030_Mototaxi_Electrica,6.0,77.0740198112503,-1.0,43.945708943870535
1,EV_B07_C030_Mototaxi_Electrica,5.0,77.0740198112503,-1.0,43.945708943870535
1,EV_B07_C030_Mototaxi_Electrica,4.0,77.0740198112503,-1.0,43.945708943870535
1,EV_B07_C030_Mototaxi_Electrica,3.0,77.0740198112503,-1.0,43.945708943870535
1,EV_B07_C030_Mototaxi_Electrica,2.0,77.0740198112503,-1.0,43.945708943870535
1,EV_B07_C030_Mototaxi_Electrica,1.0,77.0740198112503,-1.0,43.945708943870535
1,EV_B07_C030_Mototaxi_Electrica,0.0,77.0740198112503,-1.0,43.945708943870535
3,NONE,-1.0,-0.1,-1.0,-0.1
3,NONE,-1.0,-0.1,-1.0,-0.1
3,NONE,-1.0,-0.1,-1.0,-0.1
3,NONE,-1.0,-0.1,-1.0,-0.1
3,NONE,-1.0,-0.1,-1.0,-0.1
3,NONE,-1.0,-0.1,-1.0,-0.1
3,NONE,-1.0,-0.1,-1.0,-0.1
3,NONE,-1.0,-0.1,-1.0,-0.1
3,NONE,-1.0,-0.1,-1.0,-0.1
3,NONE,-1.0,-0.1,-1.0,-0.1
3,NONE,-1.0,-0.1,-1.0,-0.1
3,NONE,-1.0,-0.1,-1.0,-0.1
3,NONE,-1.0,-0.1,-1.0,-0.1
3,NONE,-1.0,-0.1,-1.0,-0.1
3,NONE,-1.0,-0.1,-1.0,-0.1
3,NONE,-1.0,-0.1,-1.0,-0.1
3,NONE,-1.0,-0.1,-1.0,-0.1
3,NONE,-1.0,-0.1,-1.0,-0.1
3,NONE,-1.0,-0.1,-1.0,-0.1
3,NONE,-1.0,-0.1,-1.0,-0.1
3,NONE,-1.0,-0.1,-1.0,-0.1
3,NONE,-1.0,-0.1,-1.0,-0.1
3,NONE,-1.0,-0.1,-1.0,-0.1
3,NONE,-1.0,-0.1,-1.0,-0.1
3,NONE,-1.0,-0.1,-1.0,-0.1
3,NONE,-1.0,-0.1,-1.0,-0.1
3,NONE,-1.0,-0.1,-1.0,-0.1
3,NONE,-1.0,-0.1,-1.0,-0.1
3,NONE,-1.0,-0.1,-1.0,-0.1
3,NONE,-1.0,-0.1,-1.0,-0.1
3,NONE,-1.0,-0.1,-1.0,-0.1
3,NONE,-1.0,-0.1,-1.0,-0.1
3,NONE,-1.0,-0.1,-1.0,-0.1
3,NONE,-1.0,-0.1,-1.0,-0.1
3,NONE,-1.0,-0.1,-1.0,-0.1
3,NONE,-1.0,-0.1,-1.0,-0.1
3,NONE,-1.0,-0.1,-1.0,-0.1
3,NONE,-1.0,-0.1,-1.0,-0.1
3,NONE,-1.0,-0.1,-1.0,-0.1
3,NONE,-1.0,-0.1,-1.0,-0.1
3,NONE,-1.0,-0.1,-1.0,-0.1
3,NONE,-1.0,-0.1,-1.0,-0.1
3,NONE,-1.0,-0.1,-1.0,-0.1
3,NONE,-1.0,-0.1,-1.0,-0.1
3,NONE,-1.0,-0.1,-1.0,-0.1
3,NONE,-1.0,-0.1,-1.0,-0.1
3,NONE,-1.0,-0.1,-1.0,-0.1
3,NONE,-1.0,-0.1,-1.0,-0.1
3,NONE,-1.0,-0.1,-1.0,-0.1
3,NONE,-1.0,-0.1,-1.0,-0.1
3,NONE,-1.0,-0.1,-1.0,-0.1
3,NONE,-1.0,-0.1,-1.0,-0.1
3,NONE,-1.0,-0.1,-1.0,-0.1
3,NONE,-1.0,-0.1,-1.0,-0.1
3,NONE,-1.0,-0.1,-1.0,-0.1
3,NONE,-1.0,-0.1,-1.0,-0.1
3,NONE,-1.0,-0.1,-1.0,-0.1
3,NONE,-1.0,-0.1,-1.0,-0.1
3,NONE,-1.0,-0.1,-1.0,-0.1
3,NONE,-1.0,-0.1,-1.0,-0.1
3,NONE,-1.0,-0.1,-1.0,-0.1
3,NONE,-1.0,-0.1,-1.0,-0.1
3,NONE,-1.0,-0.1,-1.0,-0.1
3,NONE,-1.0,-0.1,-1.0,-0.1
3,NONE,-1.0,-0.1,-1.0,-0.1
3,NONE,-1.0,-0.1,-1.0,-0.1
3,NONE,-1.0,-0.1,-1.0,-0.1
2,EV_B07_C030_Mototaxi_Electrica,-1.0,-0.1,11.0,37.89804519239772
1,EV_B07_C030_Mototaxi_Electrica,3.0,86.79482418718432,-1.0,37.89804519239772
1,EV_B07_C030_Mototaxi_Electrica,2.0,86.79482418718432,-1.0,37.89804519239772
1,EV_B07_C030_Mototaxi_Electrica,1.0,86.79482418718432,-1.0,37.89804519239772
1,EV_B07_C030_Mototaxi_Electrica,0.0,86.79482418718432,-1.0,37.89804519239772
3,NONE,-1.0,-0.1,-1.0,-0.1
3,NONE,-1.0,-0.1,-1.0,-0.1
3,NONE,-1.0,-0.1,-1.0,-0.1
3,NONE,-1.0,-0.1,-1.0,-0.1
3,NONE,-1.0,-0.1,-1.0,-0.1
3,NONE,-1.0,-0.1,-1.0,-0.1
3,NONE,-1.0,-0.1,-1.0,-0.1
3,NONE,-1.0,-0.1,-1.0,-0.1
3,NONE,-1.0,-0.1,-1.0,-0.1
3,NONE,-1.0,-0.1,-1.0,-0.1
3,NONE,-1.0,-0.1,-1.0,-0.1
3,NONE,-1.0,-0.1,-1.0,-0.1
3,NONE,-1.0,-0.1,-1.0,-0.1
3,NONE,-1.0,-0.1,-1.0,-0.1
3,NONE,-1.0,-0.1,-1.0,-0.1
3,NONE,-1.0,-0.1,-1.0,-0.1
2,EV_B07_C030_Mototaxi_Electrica,-1.0,-0.1,8.0,47.42668318669998
1,EV_B07_C030_Mototaxi_Electrica,6.0,79.40406686556875,-1.0,47.42668318669998
1,EV_B07_C030_Mototaxi_Electrica,5.0,79.40406686556875,-1.0,47.42668318669998
1,EV_B07_C030_Mototaxi_Electrica,4.0,79.40406686556875,-1.0,47.42668318669998
1,EV_B07_C030_Mototaxi_Electrica,3.0,79.40406686556875,-1.0,47.42668318669998
1,EV_B07_C030_Mototaxi_Electrica,2.0,79.40406686556875,-1.0,47.42668318669998
1,EV_B07_C030_Mototaxi_Electrica,1.0,79.40406686556875,-1.0,47.42668318669998
1,EV_B07_C030_Mototaxi_Electrica,0.0,79.40406686556875,-1.0,47.42668318669998
3,NONE,-1.0,-0.1,-1.0,-0.1
3,NONE,-1.0,-0.1,-1.0,-0.1
3,NONE,-1.0,-0.1,-1.0,-0.1
3,NONE,-1.0,-0.1,-1.0,-0.1
3,NONE,-1.0,-0.1,-1.0,-0.1
3,NONE,-1.0,-0.1,-1.0,-0.1
3,NONE,-1.0,-0.1,-1.0,-0.1
3,NONE,-1.0,-0.1,-1.0,-0.1
3,NONE,-1.0,-0.1,-1.0,-0.1
3,NONE,-1.0,-0.1,-1.0,-0.1
3,NONE,-1.0,-0.1,-1.0,-0.1
3,NONE,-1.0,-0.1,-1.0,-0.1
3,NONE,-1.0,-0.1,-1.0,-0.1
3,NONE,-1.0,-0.1,-1.0,-0.1
3,NONE,-1.0,-0.1,-1.0,-0.1
3,NONE,-1.0,-0.1,-1.0,-0.1
3,NONE,-1.0,-0.1,-1.0,-0.1
2,EV_B07_C030_Mototaxi_Electrica,-1.0,-0.1,9.0,43.06108911623731
1,EV_B07_C030_Mototaxi_Electrica,5.0,79.63468879749482,-1.0,43.06108911623731
1,EV_B07_C030_Mototaxi_Electrica,4.0,79.63468879749482,-1.0,43.06108911623731
1,EV_B07_C030_Mototaxi_Electrica,3.0,79.63468879749482,-1.0,43.06108911623731
1,EV_B07_C030_Mototaxi_Electrica,2.0,79.63468879749482,-1.0,43.06108911623731
1,EV_B07_C030_Mototaxi_Electrica,1.0,79.63468879749482,-1.0,43.06108911623731
1,EV_B07_C030_Mototaxi_Electrica,0.0,79.63468879749482,-1.0,43.06108911623731
3,NONE,-1.0,-0.1,-1.0,-0.1
3,NONE,-1.0,-0.1,-1.0,-0.1
3,NONE,-1.0,-0.1,-1.0,-0.1
3,NONE,-1.0,-0.1,-1.0,-0.1
3,NONE,-1.0,-0.1,-1.0,-0.1
3,NONE,-1.0,-0.1,-1.0,-0.1
3,NONE,-1.0,-0.1,-1.0,-0.1
3,NONE,-1.0,-0.1,-1.0,-0.1
3,NONE,-1.0,-0.1,-1.0,-0.1
3,NONE,-1.0,-0.1,-1.0,-0.1
3,NONE,-1.0,-0.1,-1.0,-0.1
3,NONE,-1.0,-0.1,-1.0,-0.1
3,NONE,-1.0,-0.1,-1.0,-0.1
3,NONE,-1.0,-0.1,-1.0,-0.1
3,NONE,-1.0,-0.1,-1.0,-0.1
3,NONE,-1.0,-0.1,-1.0,-0.1
3,NONE,-1.0,-0.1,-1.0,-0.1
3,NONE,-1.0,-0.1,-1.0,-0.1
3,NONE,-1.0,-0.1,-1.0,-0.1
3,NONE,-1.0,-0.1,-1.0,-0.1
3,NONE,-1.0,-0.1,-1.0,-0.1
3,NONE,-1.0,-0.1,-1.0,-0.1
3,NONE,-1.0,-0.1,-1.0,-0.1
3,NONE,-1.0,-0.1,-1.0,-0.1
3,NONE,-1.0,-0.1,-1.0,-0.1
3,NONE,-1.0,-0.1,-1.0,-0.1
3,NONE,-1.0,-0.1,-1.0,-0.1
3,NONE,-1.0,-0.1,-1.0,-0.1
3,NONE,-1.0,-0.1,-1.0,-0.1
3,NONE,-1.0,-0.1,-1.0,-0.1
3,NONE,-1.0,-0.1,-1.0,-0.1
3,NONE,-1.0,-0.1,-1.0,-0.1
3,NONE,-1.0,-0.1,-1.0,-0.1
3,NONE,-1.0,-0.1,-1.0,-0.1
3,NONE,-1.0,-0.1,-1.0,-0.1
3,NONE,-1.0,-0.1,-1.0,-0.1
3,NONE,-1.0,-0.1,-1.0,-0.1
3,NONE,-1.0,-0.1,-1.0,-0.1
3,NONE,-1.0,-0.1,-1.0,-0.1
2,EV_B07_C030_Mototaxi_Electrica,-1.0,-0.1,7.0,25.024232854778752
1,EV_B07_C030_Mototaxi_Electrica,7.0,80.9087518261235,-1.0,25.024232854778752
1,EV_B07_C030_Mototaxi_Electrica,6.0,80.9087518261235,-1.0,25.024232854778752
1,EV_B07_C030_Mototaxi_Electrica,5.0,80.9087518261235,-1.0,25.024232854778752
1,EV_B07_C030_Mototaxi_Electrica,4.0,80.9087518261235,-1.0,25.024232854778752
1,EV_B07_C030_Mototaxi_Electrica,3.0,80.9087518261235,-1.0,25.024232854778752
1,EV_B07_C030_Mototaxi_Electrica,2.0,80.9087518261235,-1.0,25.024232854778752
1,EV_B07_C030_Mototaxi_Electrica,1.0,80.9087518261235,-1.0,25.024232854778752
1,EV_B07_C030_Mototaxi_Electrica,0.0,80.9087518261235,-1.0,25.024232854778752
3,NONE,-1.0,-0.1,-1.0,-0.1
3,NONE,-1.0,-0.1,-1.0,-0.1
3,NONE,-1.0,-0.1,-1.0,-0.1
3,NONE,-1.0,-0.1,-1.0,-0.1
3,NONE,-1.0,-0.1,-1.0,-0.1
3,NONE,-1.0,-0.1,-1.0,-0.1
3,NONE,-1.0,-0.1,-1.0,-0.1
3,NONE,-1.0,-0.1,-1.0,-0.1
3,NONE,-1.0,-0.1,-1.0,-0.1
3,NONE,-1.0,-0.1,-1.0,-0.1
3,NONE,-1.0,-0.1,-1.0,-0.1
3,NONE,-1.0,-0.1,-1.0,-0.1
3,NONE,-1.0,-0.1,-1.0,-0.1
3,NONE,-1.0,-0.1,-1.0,-0.1
3,NONE,-1.0,-0.1,-1.0,-0.1
3,NONE,-1.0,-0.1,-1.0,-0.1
3,NONE,-1.0,-0.1,-1.0,-0.1
3,NONE,-1.0,-0.1,-1.0,-0.1
3,NONE,-1.0,-0.1,-1.0,-0.1
3,NONE,-1.0,-0.1,-1.0,-0.1
3,NONE,-1.0,-0.1,-1.0,-0.1
3,NONE,-1.0,-0.1,-1.0,-0.1
3,NONE,-1.0,-0.1,-1.0,-0.1
3,NONE,-1.0,-0.1,-1.0,-0.1
3,NONE,-1.0,-0.1,-1.0,-0.1
3,NONE,-1.0,-0.1,-1.0,-0.1
3,NONE,-1.0,-0.1,-1.0,-0.1
3,NONE,-1.0,-0.1,-1.0,-0.1
3,NONE,-1.0,-0.1,-1.0,-0.1
3,NONE,-1.0,-0.1,-1.0,-0.1
3,NONE,-1.0,-0.1,-1.0,-0.1
3,NONE,-1.0,-0.1,-1.0,-0.1
3,NONE,-1.0,-0.1,-1.0,-0.1
3,NONE,-1.0,-0.1,-1.0,-0.1
3,NONE,-1.0,-0.1,-1.0,-0.1
3,NONE,-1.0,-0.1,-1.0,-0.1
3,NONE,-1.0,-0.1,-1.0,-0.1
3,NONE,-1.0,-0.1,-1.0,-0.1
3,NONE,-1.0,-0.1,-1.0,-0.1
3,NONE,-1.0,-0.1,-1.0,-0.1
3,NONE,-1.0,-0.1,-1.0,-0.1
3,NONE,-1.0,-0.1,-1.0,-0.1
3,NONE,-1.0,-0.1,-1.0,-0.1
3,NONE,-1.0,-0.1,-1.0,-0.1
3,NONE,-1.0,-0.1,-1.0,-0.1
3,NONE,-1.0,-0.1,-1.0,-0.1
3,NONE,-1.0,-0.1,-1.0,-0.1
3,NONE,-1.0,-0.1,-1.0,-0.1
3,NONE,-1.0,-0.1,-1.0,-0.1
3,NONE,-1.0,-0.1,-1.0,-0.1
3,NONE,-1.0,-0.1,-1.0,-0.1
3,NONE,-1.0,-0.1,-1.0,-0.1
3,NONE,-1.0,-0.1,-1.0,-0.1
3,NONE,-1.0,-0.1,-1.0,-0.1
3,NONE,-1.0,-0.1,-1.0,-0.1
3,NONE,-1.0,-0.1,-1.0,-0.1
3,NONE,-1.0,-0.1,-1.0,-0.1
3,NONE,-1.0,-0.1,-1.0,-0.1
3,NONE,-1.0,-0.1,-1.0,-0.1
3,NONE,-1.0,-0.1,-1.0,-0.1
3,NONE,-1.0,-0.1,-1.0,-0.1
3,NONE,-1.0,-0.1,-1.0,-0.1
3,NONE,-1.0,-0.1,-1.0,-0.1
3,NONE,-1.0,-0.1,-1.0,-0.1
2,EV_B07_C030_Mototaxi_Electrica,-1.0,-0.1,8.0,41.640908552701184
1,EV_B07_C030_Mototaxi_Electrica,6.0,61.120080674927976,-1.0,41.640908552701184
1,EV_B07_C030_Mototaxi_Electrica,5.0,61.120080674927976,-1.0,41.640908552701184
1,EV_B07_C030_Mototaxi_Electrica,4.0,61.120080674927976,-1.0,41.640908552701184
1,EV_B07_C030_Mototaxi_Electrica,3.0,61.120080674927976,-1.0,41.640908552701184
1,EV_B07_C030_Mototaxi_Electrica,2.0,61.120080674927976,-1.0,41.640908552701184
1,EV_B07_C030_Mototaxi_Electrica,1.0,61.120080674927976,-1.0,41.640908552701184
1,EV_B07_C030_Mototaxi_Electrica,0.0,61.120080674927976,-1.0,41.640908552701184
3,NONE,-1.0,-0.1,-1.0,-0.1
3,NONE,-1.0,-0.1,-1.0,-0.1
3,NONE,-1.0,-0.1,-1.0,-0.1
3,NONE,-1.0,-0.1,-1.0,-0.1
3,NONE,-1.0,-0.1,-1.0,-0.1
3,NONE,-1.0,-0.1,-1.0,-0.1
3,NONE,-1.0,-0.1,-1.0,-0.1
3,NONE,-1.0,-0.1,-1.0,-0.1
3,NONE,-1.0,-0.1,-1.0,-0.1
3,NONE,-1.0,-0.1,-1.0,-0.1
3,NONE,-1.0,-0.1,-1.0,-0.1
3,NONE,-1.0,-0.1,-1.0,-0.1
3,NONE,-1.0,-0.1,-1.0,-0.1
3,NONE,-1.0,-0.1,-1.0,-0.1
3,NONE,-1.0,-0.1,-1.0,-0.1
2,EV_B07_C030_Mototaxi_Electrica,-1.0,-0.1,7.0,45.15453093179806
1,EV_B07_C030_Mototaxi_Electrica,7.0,86.90940565438639,-1.0,45.15453093179806
1,EV_B07_C030_Mototaxi_Electrica,6.0,86.90940565438639,-1.0,45.15453093179806
1,EV_B07_C030_Mototaxi_Electrica,5.0,86.90940565438639,-1.0,45.15453093179806
1,EV_B07_C030_Mototaxi_Electrica,4.0,86.90940565438639,-1.0,45.15453093179806
1,EV_B07_C030_Mototaxi_Electrica,3.0,86.90940565438639,-1.0,45.15453093179806
1,EV_B07_C030_Mototaxi_Electrica,2.0,86.90940565438639,-1.0,45.15453093179806
1,EV_B07_C030_Mototaxi_Electrica,1.0,86.90940565438639,-1.0,45.15453093179806
1,EV_B07_C030_Mototaxi_Electrica,0.0,86.90940565438639,-1.0,45.15453093179806
3,NONE,-1.0,-0.1,-1.0,-0.1
3,NONE,-1.0,-0.1,-1.0,-0.1
3,NONE,-1.0,-0.1,-1.0,-0.1
3,NONE,-1.0,-0.1,-1.0,-0.1
3,NONE,-1.0,-0.1,-1.0,-0.1
3,NONE,-1.0,-0.1,-1.0,-0.1
3,NONE,-1.0,-0.1,-1.0,-0.1
3,NONE,-1.0,-0.1,-1.0,-0.1
3,NONE,-1.0,-0.1,-1.0,-0.1
3,NONE,-1.0,-0.1,-1.0,-0.1
3,NONE,-1.0,-0.1,-1.0,-0.1
3,NONE,-1.0,-0.1,-1.0,-0.1
3,NONE,-1.0,-0.1,-1.0,-0.1
3,NONE,-1.0,-0.1,-1.0,-0.1
3,NONE,-1.0,-0.1,-1.0,-0.1
3,NONE,-1.0,-0.1,-1.0,-0.1
3,NONE,-1.0,-0.1,-1.0,-0.1
3,NONE,-1.0,-0.1,-1.0,-0.1
3,NONE,-1.0,-0.1,-1.0,-0.1
3,NONE,-1.0,-0.1,-1.0,-0.1
3,NONE,-1.0,-0.1,-1.0,-0.1
3,NONE,-1.0,-0.1,-1.0,-0.1
3,NONE,-1.0,-0.1,-1.0,-0.1
3,NONE,-1.0,-0.1,-1.0,-0.1
3,NONE,-1.0,-0.1,-1.0,-0.1
3,NONE,-1.0,-0.1,-1.0,-0.1
3,NONE,-1.0,-0.1,-1.0,-0.1
3,NONE,-1.0,-0.1,-1.0,-0.1
3,NONE,-1.0,-0.1,-1.0,-0.1
3,NONE,-1.0,-0.1,-1.0,-0.1
3,NONE,-1.0,-0.1,-1.0,-0.1
3,NONE,-1.0,-0.1,-1.0,-0.1
3,NONE,-1.0,-0.1,-1.0,-0.1
3,NONE,-1.0,-0.1,-1.0,-0.1
3,NONE,-1.0,-0.1,-1.0,-0.1
3,NONE,-1.0,-0.1,-1.0,-0.1
3,NONE,-1.0,-0.1,-1.0,-0.1
3,NONE,-1.0,-0.1,-1.0,-0.1
3,NONE,-1.0,-0.1,-1.0,-0.1
3,NONE,-1.0,-0.1,-1.0,-0.1
3,NONE,-1.0,-0.1,-1.0,-0.1
3,NONE,-1.0,-0.1,-1.0,-0.1
2,EV_B07_C030_Mototaxi_Electrica,-1.0,-0.1,10.0,16.712072675492042
1,EV_B07_C030_Mototaxi_Electrica,4.0,81.66185342209442,-1.0,16.712072675492042
1,EV_B07_C030_Mototaxi_Electrica,3.0,81.66185342209442,-1.0,16.712072675492042
1,EV_B07_C030_Mototaxi_Electrica,2.0,81.66185342209442,-1.0,16.712072675492042
1,EV_B07_C030_Mototaxi_Electrica,1.0,81.66185342209442,-1.0,16.712072675492042
1,EV_B07_C030_Mototaxi_Electrica,0.0,81.66185342209442,-1.0,16.712072675492042
3,NONE,-1.0,-0.1,-1.0,-0.1
3,NONE,-1.0,-0.1,-1.0,-0.1
3,NONE,-1.0,-0.1,-1.0,-0.1
3,NONE,-1.0,-0.1,-1.0,-0.1
3,NONE,-1.0,-0.1,-1.0,-0.1
3,NONE,-1.0,-0.1,-1.0,-0.1
3,NONE,-1.0,-0.1,-1.0,-0.1
3,NONE,-1.0,-0.1,-1.0,-0.1
3,NONE,-1.0,-0.1,-1.0,-0.1
3,NONE,-1.0,-0.1,-1.0,-0.1
3,NONE,-1.0,-0.1,-1.0,-0.1
3,NONE,-1.0,-0.1,-1.0,-0.1
3,NONE,-1.0,-0.1,-1.0,-0.1
3,NONE,-1.0,-0.1,-1.0,-0.1
3,NONE,-1.0,-0.1,-1.0,-0.1
3,NONE,-1.0,-0.1,-1.0,-0.1
3,NONE,-1.0,-0.1,-1.0,-0.1
3,NONE,-1.0,-0.1,-1.0,-0.1
2,EV_B07_C030_Mototaxi_Electrica,-1.0,-0.1,10.0,29.900232251819304
1,EV_B07_C030_Mototaxi_Electrica,4.0,79.7260453749381,-1.0,29.900232251819304
1,EV_B07_C030_Mototaxi_Electrica,3.0,79.7260453749381,-1.0,29.900232251819304
1,EV_B07_C030_Mototaxi_Electrica,2.0,79.7260453749381,-1.0,29.900232251819304
1,EV_B07_C030_Mototaxi_Electrica,1.0,79.7260453749381,-1.0,29.900232251819304
1,EV_B07_C030_Mototaxi_Electrica,0.0,79.7260453749381,-1.0,29.900232251819304
3,NONE,-1.0,-0.1,-1.0,-0.1
3,NONE,-1.0,-0.1,-1.0,-0.1
3,NONE,-1.0,-0.1,-1.0,-0.1
3,NONE,-1.0,-0.1,-1.0,-0.1
3,NONE,-1.0,-0.1,-1.0,-0.1
3,NONE,-1.0,-0.1,-1.0,-0.1
3,NONE,-1.0,-0.1,-1.0,-0.1
3,NONE,-1.0,-0.1,-1.0,-0.1
3,NONE,-1.0,-0.1,-1.0,-0.1
3,NONE,-1.0,-0.1,-1.0,-0.1
3,NONE,-1.0,-0.1,-1.0,-0.1
3,NONE,-1.0,-0.1,-1.0,-0.1
3,NONE,-1.0,-0.1,-1.0,-0.1
3,NONE,-1.0,-0.1,-1.0,-0.1
3,NONE,-1.0,-0.1,-1.0,-0.1
3,NONE,-1.0,-0.1,-1.0,-0.1
3,NONE,-1.0,-0.1,-1.0,-0.1
3,NONE,-1.0,-0.1,-1.0,-0.1
3,NONE,-1.0,-0.1,-1.0,-0.1
3,NONE,-1.0,-0.1,-1.0,-0.1
3,NONE,-1.0,-0.1,-1.0,-0.1
3,NONE,-1.0,-0.1,-1.0,-0.1
3,NONE,-1.0,-0.1,-1.0,-0.1
3,NONE,-1.0,-0.1,-1.0,-0.1
3,NONE,-1.0,-0.1,-1.0,-0.1
3,NONE,-1.0,-0.1,-1.0,-0.1
3,NONE,-1.0,-0.1,-1.0,-0.1
3,NONE,-1.0,-0.1,-1.0,-0.1
3,NONE,-1.0,-0.1,-1.0,-0.1
3,NONE,-1.0,-0.1,-1.0,-0.1
3,NONE,-1.0,-0.1,-1.0,-0.1
3,NONE,-1.0,-0.1,-1.0,-0.1
3,NONE,-1.0,-0.1,-1.0,-0.1
3,NONE,-1.0,-0.1,-1.0,-0.1
3,NONE,-1.0,-0.1,-1.0,-0.1
3,NONE,-1.0,-0.1,-1.0,-0.1
3,NONE,-1.0,-0.1,-1.0,-0.1
3,NONE,-1.0,-0.1,-1.0,-0.1
3,NONE,-1.0,-0.1,-1.0,-0.1
3,NONE,-1.0,-0.1,-1.0,-0.1
3,NONE,-1.0,-0.1,-1.0,-0.1
3,NONE,-1.0,-0.1,-1.0,-0.1
3,NONE,-1.0,-0.1,-1.0,-0.1
3,NONE,-1.0,-0.1,-1.0,-0.1
3,NONE,-1.0,-0.1,-1.0,-0.1
3,NONE,-1.0,-0.1,-1.0,-0.1
3,NONE,-1.0,-0.1,-1.0,-0.1
3,NONE,-1.0,-0.1,-1.0,-0.1
3,NONE,-1.0,-0.1,-1.0,-0.1
3,NONE,-1.0,-0.1,-1.0,-0.1
3,NONE,-1.0,-0.1,-1.0,-0.1
3,NONE,-1.0,-0.1,-1.0,-0.1
3,NONE,-1.0,-0.1,-1.0,-0.1
3,NONE,-1.0,-0.1,-1.0,-0.1
3,NONE,-1.0,-0.1,-1.0,-0.1
3,NONE,-1.0,-0.1,-1.0,-0.1
3,NONE,-1.0,-0.1,-1.0,-0.1
3,NONE,-1.0,-0.1,-1.0,-0.1
3,NONE,-1.0,-0.1,-1.0,-0.1
3,NONE,-1.0,-0.1,-1.0,-0.1
3,NONE,-1.0,-0.1,-1.0,-0.1
3,NONE,-1.0,-0.1,-1.0,-0.1
3,NONE,-1.0,-0.1,-1.0,-0.1
3,NONE,-1.0,-0.1,-1.0,-0.1
3,NONE,-1.0,-0.1,-1.0,-0.1
3,NONE,-1.0,-0.1,-1.0,-0.1
3,NONE,-1.0,-0.1,-1.0,-0.1
3,NONE,-1.0,-0.1,-1.0,-0.1
3,NONE,-1.0,-0.1,-1.0,-0.1
3,NONE,-1.0,-0.1,-1.0,-0.1
3,NONE,-1.0,-0.1,-1.0,-0.1
3,NONE,-1.0,-0.1,-1.0,-0.1
3,NONE,-1.0,-0.1,-1.0,-0.1
3,NONE,-1.0,-0.1,-1.0,-0.1
3,NONE,-1.0,-0.1,-1.0,-0.1
3,NONE,-1.0,-0.1,-1.0,-0.1
3,NONE,-1.0,-0.1,-1.0,-0.1
3,NONE,-1.0,-0.1,-1.0,-0.1
3,NONE,-1.0,-0.1,-1.0,-0.1
3,NONE,-1.0,-0.1,-1.0,-0.1
3,NONE,-1.0,-0.1,-1.0,-0.1
3,NONE,-1.0,-0.1,-1.0,-0.1
3,NONE,-1.0,-0.1,-1.0,-0.1
3,NONE,-1.0,-0.1,-1.0,-0.1
3,NONE,-1.0,-0.1,-1.0,-0.1
3,NONE,-1.0,-0.1,-1.0,-0.1
3,NONE,-1.0,-0.1,-1.0,-0.1
2,EV_B07_C030_Mototaxi_Electrica,-1.0,-0.1,7.0,24.052825451934744
1,EV_B07_C030_Mototaxi_Electrica,7.0,73.64313089832044,-1.0,24.052825451934744
1,EV_B07_C030_Mototaxi_Electrica,6.0,73.64313089832044,-1.0,24.052825451934744
1,EV_B07_C030_Mototaxi_Electrica,5.0,73.64313089832044,-1.0,24.052825451934744
1,EV_B07_C030_Mototaxi_Electrica,4.0,73.64313089832044,-1.0,24.052825451934744
1,EV_B07_C030_Mototaxi_Electrica,3.0,73.64313089832044,-1.0,24.052825451934744
1,EV_B07_C030_Mototaxi_Electrica,2.0,73.64313089832044,-1.0,24.052825451934744
1,EV_B07_C030_Mototaxi_Electrica,1.0,73.64313089832044,-1.0,24.052825451934744
1,EV_B07_C030_Mototaxi_Electrica,0.0,73.64313089832044,-1.0,24.052825451934744
3,NONE,-1.0,-0.1,-1.0,-0.1
3,NONE,-1.0,-0.1,-1.0,-0.1
3,NONE,-1.0,-0.1,-1.0,-0.1
3,NONE,-1.0,-0.1,-1.0,-0.1
3,NONE,-1.0,-0.1,-1.0,-0.1
3,NONE,-1.0,-0.1,-1.0,-0.1
3,NONE,-1.0,-0.1,-1.0,-0.1
3,NONE,-1.0,-0.1,-1.0,-0.1
3,NONE,-1.0,-0.1,-1.0,-0.1
3,NONE,-1.0,-0.1,-1.0,-0.1
3,NONE,-1.0,-0.1,-1.0,-0.1
3,NONE,-1.0,-0.1,-1.0,-0.1
3,NONE,-1.0,-0.1,-1.0,-0.1
3,NONE,-1.0,-0.1,-1.0,-0.1
3,NONE,-1.0,-0.1,-1.0,-0.1
3,NONE,-1.0,-0.1,-1.0,-0.1
3,NONE,-1.0,-0.1,-1.0,-0.1
3,NONE,-1.0,-0.1,-1.0,-0.1
3,NONE,-1.0,-0.1,-1.0,-0.1
3,NONE,-1.0,-0.1,-1.0,-0.1
3,NONE,-1.0,-0.1,-1.0,-0.1
3,NONE,-1.0,-0.1,-1.0,-0.1
3,NONE,-1.0,-0.1,-1.0,-0.1
3,NONE,-1.0,-0.1,-1.0,-0.1
3,NONE,-1.0,-0.1,-1.0,-0.1
3,NONE,-1.0,-0.1,-1.0,-0.1
3,NONE,-1.0,-0.1,-1.0,-0.1
3,NONE,-1.0,-0.1,-1.0,-0.1
3,NONE,-1.0,-0.1,-1.0,-0.1
3,NONE,-1.0,-0.1,-1.0,-0.1
3,NONE,-1.0,-0.1,-1.0,-0.1
3,NONE,-1.0,-0.1,-1.0,-0.1
3,NONE,-1.0,-0.1,-1.0,-0.1
3,NONE,-1.0,-0.1,-1.0,-0.1
3,NONE,-1.0,-0.1,-1.0,-0.1
3,NONE,-1.0,-0.1,-1.0,-0.1
3,NONE,-1.0,-0.1,-1.0,-0.1
3,NONE,-1.0,-0.1,-1.0,-0.1
3,NONE,-1.0,-0.1,-1.0,-0.1
3,NONE,-1.0,-0.1,-1.0,-0.1
2,EV_B07_C030_Mototaxi_Electrica,-1.0,-0.1,8.0,46.60697497410793
1,EV_B07_C030_Mototaxi_Electrica,6.0,72.44493189087497,-1.0,46.60697497410793
1,EV_B07_C030_Mototaxi_Electrica,5.0,72.44493189087497,-1.0,46.60697497410793
1,EV_B07_C030_Mototaxi_Electrica,4.0,72.44493189087497,-1.0,46.60697497410793
1,EV_B07_C030_Mototaxi_Electrica,3.0,72.44493189087497,-1.0,46.60697497410793
1,EV_B07_C030_Mototaxi_Electrica,2.0,72.44493189087497,-1.0,46.60697497410793
1,EV_B07_C030_Mototaxi_Electrica,1.0,72.44493189087497,-1.0,46.60697497410793
1,EV_B07_C030_Mototaxi_Electrica,0.0,72.44493189087497,-1.0,46.60697497410793
3,NONE,-1.0,-0.1,-1.0,-0.1
3,NONE,-1.0,-0.1,-1.0,-0.1
3,NONE,-1.0,-0.1,-1.0,-0.1
3,NONE,-1.0,-0.1,-1.0,-0.1
3,NONE,-1.0,-0.1,-1.0,-0.1
3,NONE,-1.0,-0.1,-1.0,-0.1
3,NONE,-1.0,-0.1,-1.0,-0.1
3,NONE,-1.0,-0.1,-1.0,-0.1
3,NONE,-1.0,-0.1,-1.0,-0.1
3,NONE,-1.0,-0.1,-1.0,-0.1
3,NONE,-1.0,-0.1,-1.0,-0.1
3,NONE,-1.0,-0.1,-1.0,-0.1
3,NONE,-1.0,-0.1,-1.0,-0.1
3,NONE,-1.0,-0.1,-1.0,-0.1
3,NONE,-1.0,-0.1,-1.0,-0.1
2,EV_B07_C030_Mototaxi_Electrica,-1.0,-0.1,7.0,26.342311261335006
1,EV_B07_C030_Mototaxi_Electrica,6.0,85.0707256192888,-1.0,26.342311261335006
1,EV_B07_C030_Mototaxi_Electrica,5.0,85.0707256192888,-1.0,26.342311261335006
1,EV_B07_C030_Mototaxi_Electrica,4.0,85.0707256192888,-1.0,26.342311261335006
1,EV_B07_C030_Mototaxi_Electrica,3.0,85.0707256192888,-1.0,26.342311261335006
1,EV_B07_C030_Mototaxi_Electrica,2.0,85.0707256192888,-1.0,26.342311261335006
1,EV_B07_C030_Mototaxi_Electrica,1.0,85.0707256192888,-1.0,26.342311261335006
1,EV_B07_C030_Mototaxi_Electrica,0.0,85.0707256192888,-1.0,26.342311261335006
3,NONE,-1.0,-0.1,-1.0,-0.1
3,NONE,-1.0,-0.1,-1.0,-0.1
3,NONE,-1.0,-0.1,-1.0,-0.1
3,NONE,-1.0,-0.1,-1.0,-0.1
3,NONE,-1.0,-0.1,-1.0,-0.1
3,NONE,-1.0,-0.1,-1.0,-0.1
3,NONE,-1.0,-0.1,-1.0,-0.1
3,NONE,-1.0,-0.1,-1.0,-0.1
3,NONE,-1.0,-0.1,-1.0,-0.1
3,NONE,-1.0,-0.1,-1.0,-0.1
3,NONE,-1.0,-0.1,-1.0,-0.1
3,NONE,-1.0,-0.1,-1.0,-0.1
3,NONE,-1.0,-0.1,-1.0,-0.1
3,NONE,-1.0,-0.1,-1.0,-0.1
3,NONE,-1.0,-0.1,-1.0,-0.1
3,NONE,-1.0,-0.1,-1.0,-0.1
3,NONE,-1.0,-0.1,-1.0,-0.1
3,NONE,-1.0,-0.1,-1.0,-0.1
3,NONE,-1.0,-0.1,-1.0,-0.1
3,NONE,-1.0,-0.1,-1.0,-0.1
3,NONE,-1.0,-0.1,-1.0,-0.1
3,NONE,-1.0,-0.1,-1.0,-0.1
3,NONE,-1.0,-0.1,-1.0,-0.1
3,NONE,-1.0,-0.1,-1.0,-0.1
3,NONE,-1.0,-0.1,-1.0,-0.1
3,NONE,-1.0,-0.1,-1.0,-0.1
3,NONE,-1.0,-0.1,-1.0,-0.1
3,NONE,-1.0,-0.1,-1.0,-0.1
3,NONE,-1.0,-0.1,-1.0,-0.1
3,NONE,-1.0,-0.1,-1.0,-0.1
3,NONE,-1.0,-0.1,-1.0,-0.1
3,NONE,-1.0,-0.1,-1.0,-0.1
3,NONE,-1.0,-0.1,-1.0,-0.1
3,NONE,-1.0,-0.1,-1.0,-0.1
3,NONE,-1.0,-0.1,-1.0,-0.1
3,NONE,-1.0,-0.1,-1.0,-0.1
3,NONE,-1.0,-0.1,-1.0,-0.1
3,NONE,-1.0,-0.1,-1.0,-0.1
3,NONE,-1.0,-0.1,-1.0,-0.1
3,NONE,-1.0,-0.1,-1.0,-0.1
3,NONE,-1.0,-0.1,-1.0,-0.1
3,NONE,-1.0,-0.1,-1.0,-0.1
3,NONE,-1.0,-0.1,-1.0,-0.1
3,NONE,-1.0,-0.1,-1.0,-0.1
3,NONE,-1.0,-0.1,-1.0,-0.1
3,NONE,-1.0,-0.1,-1.0,-0.1
3,NONE,-1.0,-0.1,-1.0,-0.1
3,NONE,-1.0,-0.1,-1.0,-0.1
3,NONE,-1.0,-0.1,-1.0,-0.1
3,NONE,-1.0,-0.1,-1.0,-0.1
3,NONE,-1.0,-0.1,-1.0,-0.1
3,NONE,-1.0,-0.1,-1.0,-0.1
3,NONE,-1.0,-0.1,-1.0,-0.1
3,NONE,-1.0,-0.1,-1.0,-0.1
3,NONE,-1.0,-0.1,-1.0,-0.1
3,NONE,-1.0,-0.1,-1.0,-0.1
3,NONE,-1.0,-0.1,-1.0,-0.1
3,NONE,-1.0,-0.1,-1.0,-0.1
3,NONE,-1.0,-0.1,-1.0,-0.1
3,NONE,-1.0,-0.1,-1.0,-0.1
3,NONE,-1.0,-0.1,-1.0,-0.1
3,NONE,-1.0,-0.1,-1.0,-0.1
3,NONE,-1.0,-0.1,-1.0,-0.1
3,NONE,-1.0,-0.1,-1.0,-0.1
2,EV_B07_C030_Mototaxi_Electrica,-1.0,-0.1,7.0,36.445160156333785
1,EV_B07_C030_Mototaxi_Electrica,7.0,81.87947465764408,-1.0,36.445160156333785
1,EV_B07_C030_Mototaxi_Electrica,6.0,81.87947465764408,-1.0,36.445160156333785
1,EV_B07_C030_Mototaxi_Electrica,5.0,81.87947465764408,-1.0,36.445160156333785
1,EV_B07_C030_Mototaxi_Electrica,4.0,81.87947465764408,-1.0,36.445160156333785
1,EV_B07_C030_Mototaxi_Electrica,3.0,81.87947465764408,-1.0,36.445160156333785
1,EV_B07_C030_Mototaxi_Electrica,2.0,81.87947465764408,-1.0,36.445160156333785
1,EV_B07_C030_Mototaxi_Electrica,1.0,81.87947465764408,-1.0,36.445160156333785
1,EV_B07_C030_Mototaxi_Electrica,0.0,81.87947465764408,-1.0,36.445160156333785
3,NONE,-1.0,-0.1,-1.0,-0.1
3,NONE,-1.0,-0.1,-1.0,-0.1
3,NONE,-1.0,-0.1,-1.0,-0.1
3,NONE,-1.0,-0.1,-1.0,-0.1
3,NONE,-1.0,-0.1,-1.0,-0.1
3,NONE,-1.0,-0.1,-1.0,-0.1
3,NONE,-1.0,-0.1,-1.0,-0.1
3,NONE,-1.0,-0.1,-1.0,-0.1
3,NONE,-1.0,-0.1,-1.0,-0.1
3,NONE,-1.0,-0.1,-1.0,-0.1
3,NONE,-1.0,-0.1,-1.0,-0.1
3,NONE,-1.0,-0.1,-1.0,-0.1
3,NONE,-1.0,-0.1,-1.0,-0.1
3,NONE,-1.0,-0.1,-1.0,-0.1
3,NONE,-1.0,-0.1,-1.0,-0.1
3,NONE,-1.0,-0.1,-1.0,-0.1
3,NONE,-1.0,-0.1,-1.0,-0.1
3,NONE,-1.0,-0.1,-1.0,-0.1
3,NONE,-1.0,-0.1,-1.0,-0.1
3,NONE,-1.0,-0.1,-1.0,-0.1
3,NONE,-1.0,-0.1,-1.0,-0.1
3,NONE,-1.0,-0.1,-1.0,-0.1
3,NONE,-1.0,-0.1,-1.0,-0.1
3,NONE,-1.0,-0.1,-1.0,-0.1
3,NONE,-1.0,-0.1,-1.0,-0.1
3,NONE,-1.0,-0.1,-1.0,-0.1
3,NONE,-1.0,-0.1,-1.0,-0.1
3,NONE,-1.0,-0.1,-1.0,-0.1
3,NONE,-1.0,-0.1,-1.0,-0.1
3,NONE,-1.0,-0.1,-1.0,-0.1
3,NONE,-1.0,-0.1,-1.0,-0.1
3,NONE,-1.0,-0.1,-1.0,-0.1
3,NONE,-1.0,-0.1,-1.0,-0.1
3,NONE,-1.0,-0.1,-1.0,-0.1
3,NONE,-1.0,-0.1,-1.0,-0.1
3,NONE,-1.0,-0.1,-1.0,-0.1
3,NONE,-1.0,-0.1,-1.0,-0.1
3,NONE,-1.0,-0.1,-1.0,-0.1
3,NONE,-1.0,-0.1,-1.0,-0.1
3,NONE,-1.0,-0.1,-1.0,-0.1
2,EV_B07_C030_Mototaxi_Electrica,-1.0,-0.1,8.0,42.013961820637924
1,EV_B07_C030_Mototaxi_Electrica,6.0,76.71482010892643,-1.0,42.013961820637924
1,EV_B07_C030_Mototaxi_Electrica,5.0,76.71482010892643,-1.0,42.013961820637924
1,EV_B07_C030_Mototaxi_Electrica,4.0,76.71482010892643,-1.0,42.013961820637924
1,EV_B07_C030_Mototaxi_Electrica,3.0,76.71482010892643,-1.0,42.013961820637924
1,EV_B07_C030_Mototaxi_Electrica,2.0,76.71482010892643,-1.0,42.013961820637924
1,EV_B07_C030_Mototaxi_Electrica,1.0,76.71482010892643,-1.0,42.013961820637924
1,EV_B07_C030_Mototaxi_Electrica,0.0,76.71482010892643,-1.0,42.013961820637924
3,NONE,-1.0,-0.1,-1.0,-0.1
3,NONE,-1.0,-0.1,-1.0,-0.1
3,NONE,-1.0,-0.1,-1.0,-0.1
3,NONE,-1.0,-0.1,-1.0,-0.1
3,NONE,-1.0,-0.1,-1.0,-0.1
3,NONE,-1.0,-0.1,-1.0,-0.1
3,NONE,-1.0,-0.1,-1.0,-0.1
3,NONE,-1.0,-0.1,-1.0,-0.1
3,NONE,-1.0,-0.1,-1.0,-0.1
3,NONE,-1.0,-0.1,-1.0,-0.1
3,NONE,-1.0,-0.1,-1.0,-0.1
3,NONE,-1.0,-0.1,-1.0,-0.1
3,NONE,-1.0,-0.1,-1.0,-0.1
3,NONE,-1.0,-0.1,-1.0,-0.1
3,NONE,-1.0,-0.1,-1.0,-0.1
3,NONE,-1.0,-0.1,-1.0,-0.1
2,EV_B07_C030_Mototaxi_Electrica,-1.0,-0.1,8.0,38.454122314268695
1,EV_B07_C030_Mototaxi_Electrica,6.0,82.94064179382931,-1.0,38.454122314268695
1,EV_B07_C030_Mototaxi_Electrica,5.0,82.94064179382931,-1.0,38.454122314268695
1,EV_B07_C030_Mototaxi_Electrica,4.0,82.94064179382931,-1.0,38.454122314268695
1,EV_B07_C030_Mototaxi_Electrica,3.0,82.94064179382931,-1.0,38.454122314268695
1,EV_B07_C030_Mototaxi_Electrica,2.0,82.94064179382931,-1.0,38.454122314268695
1,EV_B07_C030_Mototaxi_Electrica,1.0,82.94064179382931,-1.0,38.454122314268695
1,EV_B07_C030_Mototaxi_Electrica,0.0,82.94064179382931,-1.0,38.454122314268695
3,NONE,-1.0,-0.1,-1.0,-0.1
3,NONE,-1.0,-0.1,-1.0,-0.1
3,NONE,-1.0,-0.1,-1.0,-0.1
3,NONE,-1.0,-0.1,-1.0,-0.1
3,NONE,-1.0,-0.1,-1.0,-0.1
3,NONE,-1.0,-0.1,-1.0,-0.1
3,NONE,-1.0,-0.1,-1.0,-0.1
3,NONE,-1.0,-0.1,-1.0,-0.1
3,NONE,-1.0,-0.1,-1.0,-0.1
3,NONE,-1.0,-0.1,-1.0,-0.1
3,NONE,-1.0,-0.1,-1.0,-0.1
3,NONE,-1.0,-0.1,-1.0,-0.1
3,NONE,-1.0,-0.1,-1.0,-0.1
3,NONE,-1.0,-0.1,-1.0,-0.1
3,NONE,-1.0,-0.1,-1.0,-0.1
3,NONE,-1.0,-0.1,-1.0,-0.1
3,NONE,-1.0,-0.1,-1.0,-0.1
3,NONE,-1.0,-0.1,-1.0,-0.1
3,NONE,-1.0,-0.1,-1.0,-0.1
3,NONE,-1.0,-0.1,-1.0,-0.1
3,NONE,-1.0,-0.1,-1.0,-0.1
3,NONE,-1.0,-0.1,-1.0,-0.1
3,NONE,-1.0,-0.1,-1.0,-0.1
3,NONE,-1.0,-0.1,-1.0,-0.1
3,NONE,-1.0,-0.1,-1.0,-0.1
3,NONE,-1.0,-0.1,-1.0,-0.1
3,NONE,-1.0,-0.1,-1.0,-0.1
3,NONE,-1.0,-0.1,-1.0,-0.1
3,NONE,-1.0,-0.1,-1.0,-0.1
3,NONE,-1.0,-0.1,-1.0,-0.1
3,NONE,-1.0,-0.1,-1.0,-0.1
3,NONE,-1.0,-0.1,-1.0,-0.1
3,NONE,-1.0,-0.1,-1.0,-0.1
3,NONE,-1.0,-0.1,-1.0,-0.1
3,NONE,-1.0,-0.1,-1.0,-0.1
3,NONE,-1.0,-0.1,-1.0,-0.1
3,NONE,-1.0,-0.1,-1.0,-0.1
3,NONE,-1.0,-0.1,-1.0,-0.1
3,NONE,-1.0,-0.1,-1.0,-0.1
3,NONE,-1.0,-0.1,-1.0,-0.1
3,NONE,-1.0,-0.1,-1.0,-0.1
3,NONE,-1.0,-0.1,-1.0,-0.1
3,NONE,-1.0,-0.1,-1.0,-0.1
3,NONE,-1.0,-0.1,-1.0,-0.1
3,NONE,-1.0,-0.1,-1.0,-0.1
3,NONE,-1.0,-0.1,-1.0,-0.1
3,NONE,-1.0,-0.1,-1.0,-0.1
3,NONE,-1.0,-0.1,-1.0,-0.1
3,NONE,-1.0,-0.1,-1.0,-0.1
3,NONE,-1.0,-0.1,-1.0,-0.1
3,NONE,-1.0,-0.1,-1.0,-0.1
3,NONE,-1.0,-0.1,-1.0,-0.1
3,NONE,-1.0,-0.1,-1.0,-0.1
3,NONE,-1.0,-0.1,-1.0,-0.1
3,NONE,-1.0,-0.1,-1.0,-0.1
3,NONE,-1.0,-0.1,-1.0,-0.1
3,NONE,-1.0,-0.1,-1.0,-0.1
3,NONE,-1.0,-0.1,-1.0,-0.1
3,NONE,-1.0,-0.1,-1.0,-0.1
3,NONE,-1.0,-0.1,-1.0,-0.1
3,NONE,-1.0,-0.1,-1.0,-0.1
3,NONE,-1.0,-0.1,-1.0,-0.1
3,NONE,-1.0,-0.1,-1.0,-0.1
3,NONE,-1.0,-0.1,-1.0,-0.1
3,NONE,-1.0,-0.1,-1.0,-0.1
3,NONE,-1.0,-0.1,-1.0,-0.1
3,NONE,-1.0,-0.1,-1.0,-0.1
3,NONE,-1.0,-0.1,-1.0,-0.1
3,NONE,-1.0,-0.1,-1.0,-0.1
3,NONE,-1.0,-0.1,-1.0,-0.1
3,NONE,-1.0,-0.1,-1.0,-0.1
3,NONE,-1.0,-0.1,-1.0,-0.1
3,NONE,-1.0,-0.1,-1.0,-0.1
3,NONE,-1.0,-0.1,-1.0,-0.1
3,NONE,-1.0,-0.1,-1.0,-0.1
3,NONE,-1.0,-0.1,-1.0,-0.1
3,NONE,-1.0,-0.1,-1.0,-0.1
3,NONE,-1.0,-0.1,-1.0,-0.1
3,NONE,-1.0,-0.1,-1.0,-0.1
3,NONE,-1.0,-0.1,-1.0,-0.1
3,NONE,-1.0,-0.1,-1.0,-0.1
3,NONE,-1.0,-0.1,-1.0,-0.1
3,NONE,-1.0,-0.1,-1.0,-0.1
3,NONE,-1.0,-0.1,-1.0,-0.1
3,NONE,-1.0,-0.1,-1.0,-0.1
3,NONE,-1.0,-0.1,-1.0,-0.1
3,NONE,-1.0,-0.1,-1.0,-0.1
2,EV_B07_C030_Mototaxi_Electrica,-1.0,-0.1,7.0,30.79768637933661
1,EV_B07_C030_Mototaxi_Electrica,7.0,84.29053174770135,-1.0,30.79768637933661
1,EV_B07_C030_Mototaxi_Electrica,6.0,84.29053174770135,-1.0,30.79768637933661
1,EV_B07_C030_Mototaxi_Electrica,5.0,84.29053174770135,-1.0,30.79768637933661
1,EV_B07_C030_Mototaxi_Electrica,4.0,84.29053174770135,-1.0,30.79768637933661
1,EV_B07_C030_Mototaxi_Electrica,3.0,84.29053174770135,-1.0,30.79768637933661
1,EV_B07_C030_Mototaxi_Electrica,2.0,84.29053174770135,-1.0,30.79768637933661
1,EV_B07_C030_Mototaxi_Electrica,1.0,84.29053174770135,-1.0,30.79768637933661
1,EV_B07_C030_Mototaxi_Electrica,0.0,84.29053174770135,-1.0,30.79768637933661
3,NONE,-1.0,-0.1,-1.0,-0.1
3,NONE,-1.0,-0.1,-1.0,-0.1
3,NONE,-1.0,-0.1,-1.0,-0.1
3,NONE,-1.0,-0.1,-1.0,-0.1
3,NONE,-1.0,-0.1,-1.0,-0.1
3,NONE,-1.0,-0.1,-1.0,-0.1
3,NONE,-1.0,-0.1,-1.0,-0.1
3,NONE,-1.0,-0.1,-1.0,-0.1
3,NONE,-1.0,-0.1,-1.0,-0.1
3,NONE,-1.0,-0.1,-1.0,-0.1
3,NONE,-1.0,-0.1,-1.0,-0.1
3,NONE,-1.0,-0.1,-1.0,-0.1
3,NONE,-1.0,-0.1,-1.0,-0.1
3,NONE,-1.0,-0.1,-1.0,-0.1
3,NONE,-1.0,-0.1,-1.0,-0.1
2,EV_B07_C030_Mototaxi_Electrica,-1.0,-0.1,7.0,37.77486063373926
1,EV_B07_C030_Mototaxi_Electrica,7.0,75.70808112557133,-1.0,37.77486063373926
1,EV_B07_C030_Mototaxi_Electrica,6.0,75.70808112557133,-1.0,37.77486063373926
1,EV_B07_C030_Mototaxi_Electrica,5.0,75.70808112557133,-1.0,37.77486063373926
1,EV_B07_C030_Mototaxi_Electrica,4.0,75.70808112557133,-1.0,37.77486063373926
1,EV_B07_C030_Mototaxi_Electrica,3.0,75.70808112557133,-1.0,37.77486063373926
1,EV_B07_C030_Mototaxi_Electrica,2.0,75.70808112557133,-1.0,37.77486063373926
1,EV_B07_C030_Mototaxi_Electrica,1.0,75.70808112557133,-1.0,37.77486063373926
1,EV_B07_C030_Mototaxi_Electrica,0.0,75.70808112557133,-1.0,37.77486063373926
3,NONE,-1.0,-0.1,-1.0,-0.1
3,NONE,-1.0,-0.1,-1.0,-0.1
3,NONE,-1.0,-0.1,-1.0,-0.1
3,NONE,-1.0,-0.1,-1.0,-0.1
3,NONE,-1.0,-0.1,-1.0,-0.1
3,NONE,-1.0,-0.1,-1.0,-0.1
3,NONE,-1.0,-0.1,-1.0,-0.1
3,NONE,-1.0,-0.1,-1.0,-0.1
3,NONE,-1.0,-0.1,-1.0,-0.1
3,NONE,-1.0,-0.1,-1.0,-0.1
3,NONE,-1.0,-0.1,-1.0,-0.1
3,NONE,-1.0,-0.1,-1.0,-0.1
3,NONE,-1.0,-0.1,-1.0,-0.1
3,NONE,-1.0,-0.1,-1.0,-0.1
3,NONE,-1.0,-0.1,-1.0,-0.1
3,NONE,-1.0,-0.1,-1.0,-0.1
3,NONE,-1.0,-0.1,-1.0,-0.1
3,NONE,-1.0,-0.1,-1.0,-0.1
2,EV_B07_C030_Mototaxi_Electrica,-1.0,-0.1,10.0,40.412375471973704
1,EV_B07_C030_Mototaxi_Electrica,4.0,74.19492751207835,-1.0,40.412375471973704
1,EV_B07_C030_Mototaxi_Electrica,3.0,74.19492751207835,-1.0,40.412375471973704
1,EV_B07_C030_Mototaxi_Electrica,2.0,74.19492751207835,-1.0,40.412375471973704
1,EV_B07_C030_Mototaxi_Electrica,1.0,74.19492751207835,-1.0,40.412375471973704
1,EV_B07_C030_Mototaxi_Electrica,0.0,74.19492751207835,-1.0,40.412375471973704
3,NONE,-1.0,-0.1,-1.0,-0.1
3,NONE,-1.0,-0.1,-1.0,-0.1
3,NONE,-1.0,-0.1,-1.0,-0.1
3,NONE,-1.0,-0.1,-1.0,-0.1
3,NONE,-1.0,-0.1,-1.0,-0.1
3,NONE,-1.0,-0.1,-1.0,-0.1
3,NONE,-1.0,-0.1,-1.0,-0.1
3,NONE,-1.0,-0.1,-1.0,-0.1
3,NONE,-1.0,-0.1,-1.0,-0.1
3,NONE,-1.0,-0.1,-1.0,-0.1
3,NONE,-1.0,-0.1,-1.0,-0.1
3,NONE,-1.0,-0.1,-1.0,-0.1
3,NONE,-1.0,-0.1,-1.0,-0.1
3,NONE,-1.0,-0.1,-1.0,-0.1
3,NONE,-1.0,-0.1,-1.0,-0.1
3,NONE,-1.0,-0.1,-1.0,-0.1
2,EV_B07_C030_Mototaxi_Electrica,-1.0,-0.1,8.0,29.603386517961695
1,EV_B07_C030_Mototaxi_Electrica,6.0,83.32980774971433,-1.0,29.603386517961695
1,EV_B07_C030_Mototaxi_Electrica,5.0,83.32980774971433,-1.0,29.603386517961695
1,EV_B07_C030_Mototaxi_Electrica,4.0,83.32980774971433,-1.0,29.603386517961695
1,EV_B07_C030_Mototaxi_Electrica,3.0,83.32980774971433,-1.0,29.603386517961695
1,EV_B07_C030_Mototaxi_Electrica,2.0,83.32980774971433,-1.0,29.603386517961695
1,EV_B07_C030_Mototaxi_Electrica,1.0,83.32980774971433,-1.0,29.603386517961695
1,EV_B07_C030_Mototaxi_Electrica,0.0,83.32980774971433,-1.0,29.603386517961695
3,NONE,-1.0,-0.1,-1.0,-0.1
3,NONE,-1.0,-0.1,-1.0,-0.1
3,NONE,-1.0,-0.1,-1.0,-0.1
3,NONE,-1.0,-0.1,-1.0,-0.1
3,NONE,-1.0,-0.1,-1.0,-0.1
3,NONE,-1.0,-0.1,-1.0,-0.1
3,NONE,-1.0,-0.1,-1.0,-0.1
3,NONE,-1.0,-0.1,-1.0,-0.1
3,NONE,-1.0,-0.1,-1.0,-0.1
3,NONE,-1.0,-0.1,-1.0,-0.1
3,NONE,-1.0,-0.1,-1.0,-0.1
3,NONE,-1.0,-0.1,-1.0,-0.1
3,NONE,-1.0,-0.1,-1.0,-0.1
3,NONE,-1.0,-0.1,-1.0,-0.1
3,NONE,-1.0,-0.1,-1.0,-0.1
3,NONE,-1.0,-0.1,-1.0,-0.1
3,NONE,-1.0,-0.1,-1.0,-0.1
3,NONE,-1.0,-0.1,-1.0,-0.1
2,EV_B07_C030_Mototaxi_Electrica,-1.0,-0.1,10.0,32.97682231759376
1,EV_B07_C030_Mototaxi_Electrica,4.0,87.65072536204603,-1.0,32.97682231759376
1,EV_B07_C030_Mototaxi_Electrica,3.0,87.65072536204603,-1.0,32.97682231759376
1,EV_B07_C030_Mototaxi_Electrica,2.0,87.65072536204603,-1.0,32.97682231759376
1,EV_B07_C030_Mototaxi_Electrica,1.0,87.65072536204603,-1.0,32.97682231759376
1,EV_B07_C030_Mototaxi_Electrica,0.0,87.65072536204603,-1.0,32.97682231759376
3,NONE,-1.0,-0.1,-1.0,-0.1
3,NONE,-1.0,-0.1,-1.0,-0.1
3,NONE,-1.0,-0.1,-1.0,-0.1
3,NONE,-1.0,-0.1,-1.0,-0.1
3,NONE,-1.0,-0.1,-1.0,-0.1
3,NONE,-1.0,-0.1,-1.0,-0.1
3,NONE,-1.0,-0.1,-1.0,-0.1
3,NONE,-1.0,-0.1,-1.0,-0.1
3,NONE,-1.0,-0.1,-1.0,-0.1
3,NONE,-1.0,-0.1,-1.0,-0.1
3,NONE,-1.0,-0.1,-1.0,-0.1
3,NONE,-1.0,-0.1,-1.0,-0.1
3,NONE,-1.0,-0.1,-1.0,-0.1
3,NONE,-1.0,-0.1,-1.0,-0.1
3,NONE,-1.0,-0.1,-1.0,-0.1
3,NONE,-1.0,-0.1,-1.0,-0.1
3,NONE,-1.0,-0.1,-1.0,-0.1
3,NONE,-1.0,-0.1,-1.0,-0.1
3,NONE,-1.0,-0.1,-1.0,-0.1
3,NONE,-1.0,-0.1,-1.0,-0.1
3,NONE,-1.0,-0.1,-1.0,-0.1
3,NONE,-1.0,-0.1,-1.0,-0.1
3,NONE,-1.0,-0.1,-1.0,-0.1
3,NONE,-1.0,-0.1,-1.0,-0.1
3,NONE,-1.0,-0.1,-1.0,-0.1
3,NONE,-1.0,-0.1,-1.0,-0.1
3,NONE,-1.0,-0.1,-1.0,-0.1
3,NONE,-1.0,-0.1,-1.0,-0.1
3,NONE,-1.0,-0.1,-1.0,-0.1
3,NONE,-1.0,-0.1,-1.0,-0.1
3,NONE,-1.0,-0.1,-1.0,-0.1
3,NONE,-1.0,-0.1,-1.0,-0.1
3,NONE,-1.0,-0.1,-1.0,-0.1
3,NONE,-1.0,-0.1,-1.0,-0.1
3,NONE,-1.0,-0.1,-1.0,-0.1
3,NONE,-1.0,-0.1,-1.0,-0.1
3,NONE,-1.0,-0.1,-1.0,-0.1
3,NONE,-1.0,-0.1,-1.0,-0.1
3,NONE,-1.0,-0.1,-1.0,-0.1
3,NONE,-1.0,-0.1,-1.0,-0.1
3,NONE,-1.0,-0.1,-1.0,-0.1
3,NONE,-1.0,-0.1,-1.0,-0.1
3,NONE,-1.0,-0.1,-1.0,-0.1
3,NONE,-1.0,-0.1,-1.0,-0.1
3,NONE,-1.0,-0.1,-1.0,-0.1
3,NONE,-1.0,-0.1,-1.0,-0.1
3,NONE,-1.0,-0.1,-1.0,-0.1
3,NONE,-1.0,-0.1,-1.0,-0.1
3,NONE,-1.0,-0.1,-1.0,-0.1
3,NONE,-1.0,-0.1,-1.0,-0.1
3,NONE,-1.0,-0.1,-1.0,-0.1
3,NONE,-1.0,-0.1,-1.0,-0.1
3,NONE,-1.0,-0.1,-1.0,-0.1
3,NONE,-1.0,-0.1,-1.0,-0.1
3,NONE,-1.0,-0.1,-1.0,-0.1
3,NONE,-1.0,-0.1,-1.0,-0.1
3,NONE,-1.0,-0.1,-1.0,-0.1
3,NONE,-1.0,-0.1,-1.0,-0.1
3,NONE,-1.0,-0.1,-1.0,-0.1
3,NONE,-1.0,-0.1,-1.0,-0.1
3,NONE,-1.0,-0.1,-1.0,-0.1
3,NONE,-1.0,-0.1,-1.0,-0.1
3,NONE,-1.0,-0.1,-1.0,-0.1
3,NONE,-1.0,-0.1,-1.0,-0.1
3,NONE,-1.0,-0.1,-1.0,-0.1
3,NONE,-1.0,-0.1,-1.0,-0.1
3,NONE,-1.0,-0.1,-1.0,-0.1
2,EV_B07_C030_Mototaxi_Electrica,-1.0,-0.1,11.0,31.692603037577346
1,EV_B07_C030_Mototaxi_Electrica,3.0,79.19636350206878,-1.0,31.692603037577346
1,EV_B07_C030_Mototaxi_Electrica,2.0,79.19636350206878,-1.0,31.692603037577346
1,EV_B07_C030_Mototaxi_Electrica,1.0,79.19636350206878,-1.0,31.692603037577346
1,EV_B07_C030_Mototaxi_Electrica,0.0,79.19636350206878,-1.0,31.692603037577346
3,NONE,-1.0,-0.1,-1.0,-0.1
3,NONE,-1.0,-0.1,-1.0,-0.1
3,NONE,-1.0,-0.1,-1.0,-0.1
3,NONE,-1.0,-0.1,-1.0,-0.1
3,NONE,-1.0,-0.1,-1.0,-0.1
3,NONE,-1.0,-0.1,-1.0,-0.1
3,NONE,-1.0,-0.1,-1.0,-0.1
3,NONE,-1.0,-0.1,-1.0,-0.1
3,NONE,-1.0,-0.1,-1.0,-0.1
3,NONE,-1.0,-0.1,-1.0,-0.1
3,NONE,-1.0,-0.1,-1.0,-0.1
3,NONE,-1.0,-0.1,-1.0,-0.1
3,NONE,-1.0,-0.1,-1.0,-0.1
3,NONE,-1.0,-0.1,-1.0,-0.1
3,NONE,-1.0,-0.1,-1.0,-0.1
3,NONE,-1.0,-0.1,-1.0,-0.1
3,NONE,-1.0,-0.1,-1.0,-0.1
3,NONE,-1.0,-0.1,-1.0,-0.1
3,NONE,-1.0,-0.1,-1.0,-0.1
3,NONE,-1.0,-0.1,-1.0,-0.1
3,NONE,-1.0,-0.1,-1.0,-0.1
3,NONE,-1.0,-0.1,-1.0,-0.1
3,NONE,-1.0,-0.1,-1.0,-0.1
3,NONE,-1.0,-0.1,-1.0,-0.1
3,NONE,-1.0,-0.1,-1.0,-0.1
3,NONE,-1.0,-0.1,-1.0,-0.1
3,NONE,-1.0,-0.1,-1.0,-0.1
3,NONE,-1.0,-0.1,-1.0,-0.1
3,NONE,-1.0,-0.1,-1.0,-0.1
3,NONE,-1.0,-0.1,-1.0,-0.1
3,NONE,-1.0,-0.1,-1.0,-0.1
3,NONE,-1.0,-0.1,-1.0,-0.1
3,NONE,-1.0,-0.1,-1.0,-0.1
3,NONE,-1.0,-0.1,-1.0,-0.1
3,NONE,-1.0,-0.1,-1.0,-0.1
3,NONE,-1.0,-0.1,-1.0,-0.1
3,NONE,-1.0,-0.1,-1.0,-0.1
3,NONE,-1.0,-0.1,-1.0,-0.1
3,NONE,-1.0,-0.1,-1.0,-0.1
3,NONE,-1.0,-0.1,-1.0,-0.1
3,NONE,-1.0,-0.1,-1.0,-0.1
3,NONE,-1.0,-0.1,-1.0,-0.1
3,NONE,-1.0,-0.1,-1.0,-0.1
3,NONE,-1.0,-0.1,-1.0,-0.1
3,NONE,-1.0,-0.1,-1.0,-0.1
3,NONE,-1.0,-0.1,-1.0,-0.1
3,NONE,-1.0,-0.1,-1.0,-0.1
3,NONE,-1.0,-0.1,-1.0,-0.1
3,NONE,-1.0,-0.1,-1.0,-0.1
3,NONE,-1.0,-0.1,-1.0,-0.1
3,NONE,-1.0,-0.1,-1.0,-0.1
3,NONE,-1.0,-0.1,-1.0,-0.1
3,NONE,-1.0,-0.1,-1.0,-0.1
3,NONE,-1.0,-0.1,-1.0,-0.1
3,NONE,-1.0,-0.1,-1.0,-0.1
3,NONE,-1.0,-0.1,-1.0,-0.1
3,NONE,-1.0,-0.1,-1.0,-0.1
3,NONE,-1.0,-0.1,-1.0,-0.1
3,NONE,-1.0,-0.1,-1.0,-0.1
3,NONE,-1.0,-0.1,-1.0,-0.1
3,NONE,-1.0,-0.1,-1.0,-0.1
3,NONE,-1.0,-0.1,-1.0,-0.1
3,NONE,-1.0,-0.1,-1.0,-0.1
3,NONE,-1.0,-0.1,-1.0,-0.1
2,EV_B07_C030_Mototaxi_Electrica,-1.0,-0.1,8.0,22.749156173405183
1,EV_B07_C030_Mototaxi_Electrica,6.0,82.30434908384848,-1.0,22.749156173405183
1,EV_B07_C030_Mototaxi_Electrica,5.0,82.30434908384848,-1.0,22.749156173405183
1,EV_B07_C030_Mototaxi_Electrica,4.0,82.30434908384848,-1.0,22.749156173405183
1,EV_B07_C030_Mototaxi_Electrica,3.0,82.30434908384848,-1.0,22.749156173405183
1,EV_B07_C030_Mototaxi_Electrica,2.0,82.30434908384848,-1.0,22.749156173405183
1,EV_B07_C030_Mototaxi_Electrica,1.0,82.30434908384848,-1.0,22.749156173405183
1,EV_B07_C030_Mototaxi_Electrica,0.0,82.30434908384848,-1.0,22.749156173405183
3,NONE,-1.0,-0.1,-1.0,-0.1
3,NONE,-1.0,-0.1,-1.0,-0.1
3,NONE,-1.0,-0.1,-1.0,-0.1
3,NONE,-1.0,-0.1,-1.0,-0.1
3,NONE,-1.0,-0.1,-1.0,-0.1
3,NONE,-1.0,-0.1,-1.0,-0.1
3,NONE,-1.0,-0.1,-1.0,-0.1
3,NONE,-1.0,-0.1,-1.0,-0.1
3,NONE,-1.0,-0.1,-1.0,-0.1
3,NONE,-1.0,-0.1,-1.0,-0.1
3,NONE,-1.0,-0.1,-1.0,-0.1
3,NONE,-1.0,-0.1,-1.0,-0.1
3,NONE,-1.0,-0.1,-1.0,-0.1
3,NONE,-1.0,-0.1,-1.0,-0.1
3,NONE,-1.0,-0.1,-1.0,-0.1
2,EV_B07_C030_Mototaxi_Electrica,-1.0,-0.1,7.0,7.8349687698718995
1,EV_B07_C030_Mototaxi_Electrica,7.0,77.23258920604081,-1.0,7.8349687698718995
1,EV_B07_C030_Mototaxi_Electrica,6.0,77.23258920604081,-1.0,7.8349687698718995
1,EV_B07_C030_Mototaxi_Electrica,5.0,77.23258920604081,-1.0,7.8349687698718995
1,EV_B07_C030_Mototaxi_Electrica,4.0,77.23258920604081,-1.0,7.8349687698718995
1,EV_B07_C030_Mototaxi_Electrica,3.0,77.23258920604081,-1.0,7.8349687698718995
1,EV_B07_C030_Mototaxi_Electrica,2.0,77.23258920604081,-1.0,7.8349687698718995
1,EV_B07_C030_Mototaxi_Electrica,1.0,77.23258920604081,-1.0,7.8349687698718995
1,EV_B07_C030_Mototaxi_Electrica,0.0,77.23258920604081,-1.0,7.8349687698718995
3,NONE,-1.0,-0.1,-1.0,-0.1
3,NONE,-1.0,-0.1,-1.0,-0.1
3,NONE,-1.0,-0.1,-1.0,-0.1
3,NONE,-1.0,-0.1,-1.0,-0.1
3,NONE,-1.0,-0.1,-1.0,-0.1
3,NONE,-1.0,-0.1,-1.0,-0.1
3,NONE,-1.0,-0.1,-1.0,-0.1
3,NONE,-1.0,-0.1,-1.0,-0.1
3,NONE,-1.0,-0.1,-1.0,-0.1
3,NONE,-1.0,-0.1,-1.0,-0.1
3,NONE,-1.0,-0.1,-1.0,-0.1
3,NONE,-1.0,-0.1,-1.0,-0.1
3,NONE,-1.0,-0.1,-1.0,-0.1
3,NONE,-1.0,-0.1,-1.0,-0.1
3,NONE,-1.0,-0.1,-1.0,-0.1
3,NONE,-1.0,-0.1,-1.0,-0.1
3,NONE,-1.0,-0.1,-1.0,-0.1
3,NONE,-1.0,-0.1,-1.0,-0.1
3,NONE,-1.0,-0.1,-1.0,-0.1
3,NONE,-1.0,-0.1,-1.0,-0.1
3,NONE,-1.0,-0.1,-1.0,-0.1
3,NONE,-1.0,-0.1,-1.0,-0.1
3,NONE,-1.0,-0.1,-1.0,-0.1
3,NONE,-1.0,-0.1,-1.0,-0.1
3,NONE,-1.0,-0.1,-1.0,-0.1
3,NONE,-1.0,-0.1,-1.0,-0.1
3,NONE,-1.0,-0.1,-1.0,-0.1
3,NONE,-1.0,-0.1,-1.0,-0.1
3,NONE,-1.0,-0.1,-1.0,-0.1
3,NONE,-1.0,-0.1,-1.0,-0.1
3,NONE,-1.0,-0.1,-1.0,-0.1
3,NONE,-1.0,-0.1,-1.0,-0.1
3,NONE,-1.0,-0.1,-1.0,-0.1
3,NONE,-1.0,-0.1,-1.0,-0.1
3,NONE,-1.0,-0.1,-1.0,-0.1
3,NONE,-1.0,-0.1,-1.0,-0.1
3,NONE,-1.0,-0.1,-1.0,-0.1
3,NONE,-1.0,-0.1,-1.0,-0.1
3,NONE,-1.0,-0.1,-1.0,-0.1
3,NONE,-1.0,-0.1,-1.0,-0.1
3,NONE,-1.0,-0.1,-1.0,-0.1
3,NONE,-1.0,-0.1,-1.0,-0.1
3,NONE,-1.0,-0.1,-1.0,-0.1
3,NONE,-1.0,-0.1,-1.0,-0.1
3,NONE,-1.0,-0.1,-1.0,-0.1
3,NONE,-1.0,-0.1,-1.0,-0.1
3,NONE,-1.0,-0.1,-1.0,-0.1
3,NONE,-1.0,-0.1,-1.0,-0.1
3,NONE,-1.0,-0.1,-1.0,-0.1
3,NONE,-1.0,-0.1,-1.0,-0.1
3,NONE,-1.0,-0.1,-1.0,-0.1
3,NONE,-1.0,-0.1,-1.0,-0.1
3,NONE,-1.0,-0.1,-1.0,-0.1
3,NONE,-1.0,-0.1,-1.0,-0.1
3,NONE,-1.0,-0.1,-1.0,-0.1
3,NONE,-1.0,-0.1,-1.0,-0.1
3,NONE,-1.0,-0.1,-1.0,-0.1
3,NONE,-1.0,-0.1,-1.0,-0.1
3,NONE,-1.0,-0.1,-1.0,-0.1
3,NONE,-1.0,-0.1,-1.0,-0.1
3,NONE,-1.0,-0.1,-1.0,-0.1
3,NONE,-1.0,-0.1,-1.0,-0.1
3,NONE,-1.0,-0.1,-1.0,-0.1
2,EV_B07_C030_Mototaxi_Electrica,-1.0,-0.1,7.0,34.3937779978967
1,EV_B07_C030_Mototaxi_Electrica,6.0,78.49157425035749,-1.0,34.3937779978967
1,EV_B07_C030_Mototaxi_Electrica,5.0,78.49157425035749,-1.0,34.3937779978967
1,EV_B07_C030_Mototaxi_Electrica,4.0,78.49157425035749,-1.0,34.3937779978967
1,EV_B07_C030_Mototaxi_Electrica,3.0,78.49157425035749,-1.0,34.3937779978967
1,EV_B07_C030_Mototaxi_Electrica,2.0,78.49157425035749,-1.0,34.3937779978967
1,EV_B07_C030_Mototaxi_Electrica,1.0,78.49157425035749,-1.0,34.3937779978967
1,EV_B07_C030_Mototaxi_Electrica,0.0,78.49157425035749,-1.0,34.3937779978967
3,NONE,-1.0,-0.1,-1.0,-0.1
3,NONE,-1.0,-0.1,-1.0,-0.1
3,NONE,-1.0,-0.1,-1.0,-0.1
3,NONE,-1.0,-0.1,-1.0,-0.1
3,NONE,-1.0,-0.1,-1.0,-0.1
3,NONE,-1.0,-0.1,-1.0,-0.1
3,NONE,-1.0,-0.1,-1.0,-0.1
3,NONE,-1.0,-0.1,-1.0,-0.1
3,NONE,-1.0,-0.1,-1.0,-0.1
3,NONE,-1.0,-0.1,-1.0,-0.1
3,NONE,-1.0,-0.1,-1.0,-0.1
3,NONE,-1.0,-0.1,-1.0,-0.1
3,NONE,-1.0,-0.1,-1.0,-0.1
3,NONE,-1.0,-0.1,-1.0,-0.1
3,NONE,-1.0,-0.1,-1.0,-0.1
3,NONE,-1.0,-0.1,-1.0,-0.1
3,NONE,-1.0,-0.1,-1.0,-0.1
3,NONE,-1.0,-0.1,-1.0,-0.1
2,EV_B07_C030_Mototaxi_Electrica,-1.0,-0.1,9.0,39.47254348618213
1,EV_B07_C030_Mototaxi_Electrica,5.0,84.42640672769971,-1.0,39.47254348618213
1,EV_B07_C030_Mototaxi_Electrica,4.0,84.42640672769971,-1.0,39.47254348618213
1,EV_B07_C030_Mototaxi_Electrica,3.0,84.42640672769971,-1.0,39.47254348618213
1,EV_B07_C030_Mototaxi_Electrica,2.0,84.42640672769971,-1.0,39.47254348618213
1,EV_B07_C030_Mototaxi_Electrica,1.0,84.42640672769971,-1.0,39.47254348618213
1,EV_B07_C030_Mototaxi_Electrica,0.0,84.42640672769971,-1.0,39.47254348618213
3,NONE,-1.0,-0.1,-1.0,-0.1
3,NONE,-1.0,-0.1,-1.0,-0.1
3,NONE,-1.0,-0.1,-1.0,-0.1
3,NONE,-1.0,-0.1,-1.0,-0.1
3,NONE,-1.0,-0.1,-1.0,-0.1
3,NONE,-1.0,-0.1,-1.0,-0.1
3,NONE,-1.0,-0.1,-1.0,-0.1
3,NONE,-1.0,-0.1,-1.0,-0.1
3,NONE,-1.0,-0.1,-1.0,-0.1
3,NONE,-1.0,-0.1,-1.0,-0.1
3,NONE,-1.0,-0.1,-1.0,-0.1
3,NONE,-1.0,-0.1,-1.0,-0.1
3,NONE,-1.0,-0.1,-1.0,-0.1
3,NONE,-1.0,-0.1,-1.0,-0.1
3,NONE,-1.0,-0.1,-1.0,-0.1
3,NONE,-1.0,-0.1,-1.0,-0.1
2,EV_B07_C030_Mototaxi_Electrica,-1.0,-0.1,8.0,32.96968137742922
1,EV_B07_C030_Mototaxi_Electrica,6.0,80.51931501394735,-1.0,32.96968137742922
1,EV_B07_C030_Mototaxi_Electrica,5.0,80.51931501394735,-1.0,32.96968137742922
1,EV_B07_C030_Mototaxi_Electrica,4.0,80.51931501394735,-1.0,32.96968137742922
1,EV_B07_C030_Mototaxi_Electrica,3.0,80.51931501394735,-1.0,32.96968137742922
1,EV_B07_C030_Mototaxi_Electrica,2.0,80.51931501394735,-1.0,32.96968137742922
1,EV_B07_C030_Mototaxi_Electrica,1.0,80.51931501394735,-1.0,32.96968137742922
1,EV_B07_C030_Mototaxi_Electrica,0.0,80.51931501394735,-1.0,32.96968137742922
3,NONE,-1.0,-0.1,-1.0,-0.1
3,NONE,-1.0,-0.1,-1.0,-0.1
3,NONE,-1.0,-0.1,-1.0,-0.1
3,NONE,-1.0,-0.1,-1.0,-0.1
3,NONE,-1.0,-0.1,-1.0,-0.1
3,NONE,-1.0,-0.1,-1.0,-0.1
3,NONE,-1.0,-0.1,-1.0,-0.1
3,NONE,-1.0,-0.1,-1.0,-0.1
3,NONE,-1.0,-0.1,-1.0,-0.1
3,NONE,-1.0,-0.1,-1.0,-0.1
3,NONE,-1.0,-0.1,-1.0,-0.1
3,NONE,-1.0,-0.1,-1.0,-0.1
3,NONE,-1.0,-0.1,-1.0,-0.1
3,NONE,-1.0,-0.1,-1.0,-0.1
3,NONE,-1.0,-0.1,-1.0,-0.1
3,NONE,-1.0,-0.1,-1.0,-0.1
3,NONE,-1.0,-0.1,-1.0,-0.1
3,NONE,-1.0,-0.1,-1.0,-0.1
3,NONE,-1.0,-0.1,-1.0,-0.1
3,NONE,-1.0,-0.1,-1.0,-0.1
3,NONE,-1.0,-0.1,-1.0,-0.1
3,NONE,-1.0,-0.1,-1.0,-0.1
3,NONE,-1.0,-0.1,-1.0,-0.1
3,NONE,-1.0,-0.1,-1.0,-0.1
3,NONE,-1.0,-0.1,-1.0,-0.1
3,NONE,-1.0,-0.1,-1.0,-0.1
3,NONE,-1.0,-0.1,-1.0,-0.1
3,NONE,-1.0,-0.1,-1.0,-0.1
3,NONE,-1.0,-0.1,-1.0,-0.1
3,NONE,-1.0,-0.1,-1.0,-0.1
3,NONE,-1.0,-0.1,-1.0,-0.1
3,NONE,-1.0,-0.1,-1.0,-0.1
3,NONE,-1.0,-0.1,-1.0,-0.1
3,NONE,-1.0,-0.1,-1.0,-0.1
3,NONE,-1.0,-0.1,-1.0,-0.1
3,NONE,-1.0,-0.1,-1.0,-0.1
3,NONE,-1.0,-0.1,-1.0,-0.1
3,NONE,-1.0,-0.1,-1.0,-0.1
3,NONE,-1.0,-0.1,-1.0,-0.1
3,NONE,-1.0,-0.1,-1.0,-0.1
3,NONE,-1.0,-0.1,-1.0,-0.1
3,NONE,-1.0,-0.1,-1.0,-0.1
3,NONE,-1.0,-0.1,-1.0,-0.1
3,NONE,-1.0,-0.1,-1.0,-0.1
3,NONE,-1.0,-0.1,-1.0,-0.1
3,NONE,-1.0,-0.1,-1.0,-0.1
3,NONE,-1.0,-0.1,-1.0,-0.1
3,NONE,-1.0,-0.1,-1.0,-0.1
3,NONE,-1.0,-0.1,-1.0,-0.1
3,NONE,-1.0,-0.1,-1.0,-0.1
3,NONE,-1.0,-0.1,-1.0,-0.1
3,NONE,-1.0,-0.1,-1.0,-0.1
3,NONE,-1.0,-0.1,-1.0,-0.1
3,NONE,-1.0,-0.1,-1.0,-0.1
3,NONE,-1.0,-0.1,-1.0,-0.1
3,NONE,-1.0,-0.1,-1.0,-0.1
3,NONE,-1.0,-0.1,-1.0,-0.1
3,NONE,-1.0,-0.1,-1.0,-0.1
3,NONE,-1.0,-0.1,-1.0,-0.1
3,NONE,-1.0,-0.1,-1.0,-0.1
3,NONE,-1.0,-0.1,-1.0,-0.1
3,NONE,-1.0,-0.1,-1.0,-0.1
3,NONE,-1.0,-0.1,-1.0,-0.1
3,NONE,-1.0,-0.1,-1.0,-0.1
3,NONE,-1.0,-0.1,-1.0,-0.1
3,NONE,-1.0,-0.1,-1.0,-0.1
3,NONE,-1.0,-0.1,-1.0,-0.1
3,NONE,-1.0,-0.1,-1.0,-0.1
3,NONE,-1.0,-0.1,-1.0,-0.1
3,NONE,-1.0,-0.1,-1.0,-0.1
3,NONE,-1.0,-0.1,-1.0,-0.1
3,NONE,-1.0,-0.1,-1.0,-0.1
3,NONE,-1.0,-0.1,-1.0,-0.1
3,NONE,-1.0,-0.1,-1.0,-0.1
3,NONE,-1.0,-0.1,-1.0,-0.1
3,NONE,-1.0,-0.1,-1.0,-0.1
3,NONE,-1.0,-0.1,-1.0,-0.1
3,NONE,-1.0,-0.1,-1.0,-0.1
3,NONE,-1.0,-0.1,-1.0,-0.1
3,NONE,-1.0,-0.1,-1.0,-0.1
3,NONE,-1.0,-0.1,-1.0,-0.1
3,NONE,-1.0,-0.1,-1.0,-0.1
3,NONE,-1.0,-0.1,-1.0,-0.1
3,NONE,-1.0,-0.1,-1.0,-0.1
3,NONE,-1.0,-0.1,-1.0,-0.1
3,NONE,-1.0,-0.1,-1.0,-0.1
3,NONE,-1.0,-0.1,-1.0,-0.1
3,NONE,-1.0,-0.1,-1.0,-0.1
3,NONE,-1.0,-0.1,-1.0,-0.1
3,NONE,-1.0,-0.1,-1.0,-0.1
3,NONE,-1.0,-0.1,-1.0,-0.1
3,NONE,-1.0,-0.1,-1.0,-0.1
3,NONE,-1.0,-0.1,-1.0,-0.1
3,NONE,-1.0,-0.1,-1.0,-0.1
3,NONE,-1.0,-0.1,-1.0,-0.1
3,NONE,-1.0,-0.1,-1.0,-0.1
3,NONE,-1.0,-0.1,-1.0,-0.1
3,NONE,-1.0,-0.1,-1.0,-0.1
3,NONE,-1.0,-0.1,-1.0,-0.1
3,NONE,-1.0,-0.1,-1.0,-0.1
3,NONE,-1.0,-0.1,-1.0,-0.1
3,NONE,-1.0,-0.1,-1.0,-0.1
3,NONE,-1.0,-0.1,-1.0,-0.1
3,NONE,-1.0,-0.1,-1.0,-0.1
3,NONE,-1.0,-0.1,-1.0,-0.1
3,NONE,-1.0,-0.1,-1.0,-0.1
3,NONE,-1.0,-0.1,-1.0,-0.1
3,NONE,-1.0,-0.1,-1.0,-0.1
3,NONE,-1.0,-0.1,-1.0,-0.1
3,NONE,-1.0,-0.1,-1.0,-0.1
3,NONE,-1.0,-0.1,-1.0,-0.1
3,NONE,-1.0,-0.1,-1.0,-0.1
3,NONE,-1.0,-0.1,-1.0,-0.1
3,NONE,-1.0,-0.1,-1.0,-0.1
3,NONE,-1.0,-0.1,-1.0,-0.1
3,NONE,-1.0,-0.1,-1.0,-0.1
3,NONE,-1.0,-0.1,-1.0,-0.1
3,NONE,-1.0,-0.1,-1.0,-0.1
3,NONE,-1.0,-0.1,-1.0,-0.1
3,NONE,-1.0,-0.1,-1.0,-0.1
3,NONE,-1.0,-0.1,-1.0,-0.1
3,NONE,-1.0,-0.1,-1.0,-0.1
3,NONE,-1.0,-0.1,-1.0,-0.1
3,NONE,-1.0,-0.1,-1.0,-0.1
3,NONE,-1.0,-0.1,-1.0,-0.1
3,NONE,-1.0,-0.1,-1.0,-0.1
3,NONE,-1.0,-0.1,-1.0,-0.1
3,NONE,-1.0,-0.1,-1.0,-0.1
3,NONE,-1.0,-0.1,-1.0,-0.1
3,NONE,-1.0,-0.1,-1.0,-0.1
3,NONE,-1.0,-0.1,-1.0,-0.1
3,NONE,-1.0,-0.1,-1.0,-0.1
3,NONE,-1.0,-0.1,-1.0,-0.1
3,NONE,-1.0,-0.1,-1.0,-0.1
3,NONE,-1.0,-0.1,-1.0,-0.1
3,NONE,-1.0,-0.1,-1.0,-0.1
3,NONE,-1.0,-0.1,-1.0,-0.1
3,NONE,-1.0,-0.1,-1.0,-0.1
2,EV_B07_C030_Mototaxi_Electrica,-1.0,-0.1,10.0,29.298090779136867
1,EV_B07_C030_Mototaxi_Electrica,4.0,76.33966819651177,-1.0,29.298090779136867
1,EV_B07_C030_Mototaxi_Electrica,3.0,76.33966819651177,-1.0,29.298090779136867
1,EV_B07_C030_Mototaxi_Electrica,2.0,76.33966819651177,-1.0,29.298090779136867
1,EV_B07_C030_Mototaxi_Electrica,1.0,76.33966819651177,-1.0,29.298090779136867
1,EV_B07_C030_Mototaxi_Electrica,0.0,76.33966819651177,-1.0,29.298090779136867
3,NONE,-1.0,-0.1,-1.0,-0.1
3,NONE,-1.0,-0.1,-1.0,-0.1
3,NONE,-1.0,-0.1,-1.0,-0.1
3,NONE,-1.0,-0.1,-1.0,-0.1
3,NONE,-1.0,-0.1,-1.0,-0.1
3,NONE,-1.0,-0.1,-1.0,-0.1
3,NONE,-1.0,-0.1,-1.0,-0.1
3,NONE,-1.0,-0.1,-1.0,-0.1
3,NONE,-1.0,-0.1,-1.0,-0.1
3,NONE,-1.0,-0.1,-1.0,-0.1
3,NONE,-1.0,-0.1,-1.0,-0.1
3,NONE,-1.0,-0.1,-1.0,-0.1
3,NONE,-1.0,-0.1,-1.0,-0.1
3,NONE,-1.0,-0.1,-1.0,-0.1
3,NONE,-1.0,-0.1,-1.0,-0.1
3,NONE,-1.0,-0.1,-1.0,-0.1
2,EV_B07_C030_Mototaxi_Electrica,-1.0,-0.1,8.0,24.939928079069528
1,EV_B07_C030_Mototaxi_Electrica,5.0,94.63046988170802,-1.0,24.939928079069528
1,EV_B07_C030_Mototaxi_Electrica,4.0,94.63046988170802,-1.0,24.939928079069528
1,EV_B07_C030_Mototaxi_Electrica,3.0,94.63046988170802,-1.0,24.939928079069528
1,EV_B07_C030_Mototaxi_Electrica,2.0,94.63046988170802,-1.0,24.939928079069528
1,EV_B07_C030_Mototaxi_Electrica,1.0,94.63046988170802,-1.0,24.939928079069528
1,EV_B07_C030_Mototaxi_Electrica,0.0,94.63046988170802,-1.0,24.939928079069528
3,NONE,-1.0,-0.1,-1.0,-0.1
3,NONE,-1.0,-0.1,-1.0,-0.1
3,NONE,-1.0,-0.1,-1.0,-0.1
3,NONE,-1.0,-0.1,-1.0,-0.1
3,NONE,-1.0,-0.1,-1.0,-0.1
3,NONE,-1.0,-0.1,-1.0,-0.1
3,NONE,-1.0,-0.1,-1.0,-0.1
3,NONE,-1.0,-0.1,-1.0,-0.1
3,NONE,-1.0,-0.1,-1.0,-0.1
3,NONE,-1.0,-0.1,-1.0,-0.1
3,NONE,-1.0,-0.1,-1.0,-0.1
3,NONE,-1.0,-0.1,-1.0,-0.1
3,NONE,-1.0,-0.1,-1.0,-0.1
3,NONE,-1.0,-0.1,-1.0,-0.1
3,NONE,-1.0,-0.1,-1.0,-0.1
3,NONE,-1.0,-0.1,-1.0,-0.1
2,EV_B07_C030_Mototaxi_Electrica,-1.0,-0.1,7.0,33.87232110461326
1,EV_B07_C030_Mototaxi_Electrica,5.0,75.23418899747973,-1.0,33.87232110461326
1,EV_B07_C030_Mototaxi_Electrica,4.0,75.23418899747973,-1.0,33.87232110461326
1,EV_B07_C030_Mototaxi_Electrica,3.0,75.23418899747973,-1.0,33.87232110461326
1,EV_B07_C030_Mototaxi_Electrica,2.0,75.23418899747973,-1.0,33.87232110461326
1,EV_B07_C030_Mototaxi_Electrica,1.0,75.23418899747973,-1.0,33.87232110461326
1,EV_B07_C030_Mototaxi_Electrica,0.0,75.23418899747973,-1.0,33.87232110461326
3,NONE,-1.0,-0.1,-1.0,-0.1
3,NONE,-1.0,-0.1,-1.0,-0.1
3,NONE,-1.0,-0.1,-1.0,-0.1
3,NONE,-1.0,-0.1,-1.0,-0.1
3,NONE,-1.0,-0.1,-1.0,-0.1
3,NONE,-1.0,-0.1,-1.0,-0.1
3,NONE,-1.0,-0.1,-1.0,-0.1
3,NONE,-1.0,-0.1,-1.0,-0.1
3,NONE,-1.0,-0.1,-1.0,-0.1
3,NONE,-1.0,-0.1,-1.0,-0.1
3,NONE,-1.0,-0.1,-1.0,-0.1
3,NONE,-1.0,-0.1,-1.0,-0.1
3,NONE,-1.0,-0.1,-1.0,-0.1
3,NONE,-1.0,-0.1,-1.0,-0.1
3,NONE,-1.0,-0.1,-1.0,-0.1
3,NONE,-1.0,-0.1,-1.0,-0.1
3,NONE,-1.0,-0.1,-1.0,-0.1
3,NONE,-1.0,-0.1,-1.0,-0.1
2,EV_B07_C030_Mototaxi_Electrica,-1.0,-0.1,8.0,18.63756780750596
1,EV_B07_C030_Mototaxi_Electrica,6.0,80.11431356051665,-1.0,18.63756780750596
1,EV_B07_C030_Mototaxi_Electrica,5.0,80.11431356051665,-1.0,18.63756780750596
1,EV_B07_C030_Mototaxi_Electrica,4.0,80.11431356051665,-1.0,18.63756780750596
1,EV_B07_C030_Mototaxi_Electrica,3.0,80.11431356051665,-1.0,18.63756780750596
1,EV_B07_C030_Mototaxi_Electrica,2.0,80.11431356051665,-1.0,18.63756780750596
1,EV_B07_C030_Mototaxi_Electrica,1.0,80.11431356051665,-1.0,18.63756780750596
1,EV_B07_C030_Mototaxi_Electrica,0.0,80.11431356051665,-1.0,18.63756780750596
3,NONE,-1.0,-0.1,-1.0,-0.1
3,NONE,-1.0,-0.1,-1.0,-0.1
3,NONE,-1.0,-0.1,-1.0,-0.1
3,NONE,-1.0,-0.1,-1.0,-0.1
3,NONE,-1.0,-0.1,-1.0,-0.1
3,NONE,-1.0,-0.1,-1.0,-0.1
3,NONE,-1.0,-0.1,-1.0,-0.1
3,NONE,-1.0,-0.1,-1.0,-0.1
3,NONE,-1.0,-0.1,-1.0,-0.1
3,NONE,-1.0,-0.1,-1.0,-0.1
3,NONE,-1.0,-0.1,-1.0,-0.1
3,NONE,-1.0,-0.1,-1.0,-0.1
3,NONE,-1.0,-0.1,-1.0,-0.1
3,NONE,-1.0,-0.1,-1.0,-0.1
3,NONE,-1.0,-0.1,-1.0,-0.1
3,NONE,-1.0,-0.1,-1.0,-0.1
3,NONE,-1.0,-0.1,-1.0,-0.1
3,NONE,-1.0,-0.1,-1.0,-0.1
3,NONE,-1.0,-0.1,-1.0,-0.1
3,NONE,-1.0,-0.1,-1.0,-0.1
3,NONE,-1.0,-0.1,-1.0,-0.1
3,NONE,-1.0,-0.1,-1.0,-0.1
3,NONE,-1.0,-0.1,-1.0,-0.1
3,NONE,-1.0,-0.1,-1.0,-0.1
3,NONE,-1.0,-0.1,-1.0,-0.1
3,NONE,-1.0,-0.1,-1.0,-0.1
3,NONE,-1.0,-0.1,-1.0,-0.1
3,NONE,-1.0,-0.1,-1.0,-0.1
3,NONE,-1.0,-0.1,-1.0,-0.1
3,NONE,-1.0,-0.1,-1.0,-0.1
3,NONE,-1.0,-0.1,-1.0,-0.1
3,NONE,-1.0,-0.1,-1.0,-0.1
3,NONE,-1.0,-0.1,-1.0,-0.1
3,NONE,-1.0,-0.1,-1.0,-0.1
3,NONE,-1.0,-0.1,-1.0,-0.1
3,NONE,-1.0,-0.1,-1.0,-0.1
3,NONE,-1.0,-0.1,-1.0,-0.1
3,NONE,-1.0,-0.1,-1.0,-0.1
3,NONE,-1.0,-0.1,-1.0,-0.1
3,NONE,-1.0,-0.1,-1.0,-0.1
3,NONE,-1.0,-0.1,-1.0,-0.1
3,NONE,-1.0,-0.1,-1.0,-0.1
3,NONE,-1.0,-0.1,-1.0,-0.1
3,NONE,-1.0,-0.1,-1.0,-0.1
3,NONE,-1.0,-0.1,-1.0,-0.1
3,NONE,-1.0,-0.1,-1.0,-0.1
3,NONE,-1.0,-0.1,-1.0,-0.1
3,NONE,-1.0,-0.1,-1.0,-0.1
3,NONE,-1.0,-0.1,-1.0,-0.1
3,NONE,-1.0,-0.1,-1.0,-0.1
3,NONE,-1.0,-0.1,-1.0,-0.1
3,NONE,-1.0,-0.1,-1.0,-0.1
3,NONE,-1.0,-0.1,-1.0,-0.1
3,NONE,-1.0,-0.1,-1.0,-0.1
3,NONE,-1.0,-0.1,-1.0,-0.1
3,NONE,-1.0,-0.1,-1.0,-0.1
3,NONE,-1.0,-0.1,-1.0,-0.1
3,NONE,-1.0,-0.1,-1.0,-0.1
3,NONE,-1.0,-0.1,-1.0,-0.1
3,NONE,-1.0,-0.1,-1.0,-0.1
3,NONE,-1.0,-0.1,-1.0,-0.1
3,NONE,-1.0,-0.1,-1.0,-0.1
3,NONE,-1.0,-0.1,-1.0,-0.1
3,NONE,-1.0,-0.1,-1.0,-0.1
2,EV_B07_C030_Mototaxi_Electrica,-1.0,-0.1,8.0,27.103952470112937
1,EV_B07_C030_Mototaxi_Electrica,6.0,73.49027229395588,-1.0,27.103952470112937
1,EV_B07_C030_Mototaxi_Electrica,5.0,73.49027229395588,-1.0,27.103952470112937
1,EV_B07_C030_Mototaxi_Electrica,4.0,73.49027229395588,-1.0,27.103952470112937
1,EV_B07_C030_Mototaxi_Electrica,3.0,73.49027229395588,-1.0,27.103952470112937
1,EV_B07_C030_Mototaxi_Electrica,2.0,73.49027229395588,-1.0,27.103952470112937
1,EV_B07_C030_Mototaxi_Electrica,1.0,73.49027229395588,-1.0,27.103952470112937
1,EV_B07_C030_Mototaxi_Electrica,0.0,73.49027229395588,-1.0,27.103952470112937
3,NONE,-1.0,-0.1,-1.0,-0.1
3,NONE,-1.0,-0.1,-1.0,-0.1
3,NONE,-1.0,-0.1,-1.0,-0.1
3,NONE,-1.0,-0.1,-1.0,-0.1
3,NONE,-1.0,-0.1,-1.0,-0.1
3,NONE,-1.0,-0.1,-1.0,-0.1
3,NONE,-1.0,-0.1,-1.0,-0.1
3,NONE,-1.0,-0.1,-1.0,-0.1
3,NONE,-1.0,-0.1,-1.0,-0.1
3,NONE,-1.0,-0.1,-1.0,-0.1
3,NONE,-1.0,-0.1,-1.0,-0.1
3,NONE,-1.0,-0.1,-1.0,-0.1
3,NONE,-1.0,-0.1,-1.0,-0.1
3,NONE,-1.0,-0.1,-1.0,-0.1
3,NONE,-1.0,-0.1,-1.0,-0.1
2,EV_B07_C030_Mototaxi_Electrica,-1.0,-0.1,7.0,33.753320748304844
1,EV_B07_C030_Mototaxi_Electrica,6.0,81.8980426045471,-1.0,33.753320748304844
1,EV_B07_C030_Mototaxi_Electrica,5.0,81.8980426045471,-1.0,33.753320748304844
1,EV_B07_C030_Mototaxi_Electrica,4.0,81.8980426045471,-1.0,33.753320748304844
1,EV_B07_C030_Mototaxi_Electrica,3.0,81.8980426045471,-1.0,33.753320748304844
1,EV_B07_C030_Mototaxi_Electrica,2.0,81.8980426045471,-1.0,33.753320748304844
1,EV_B07_C030_Mototaxi_Electrica,1.0,81.8980426045471,-1.0,33.753320748304844
1,EV_B07_C030_Mototaxi_Electrica,0.0,81.8980426045471,-1.0,33.753320748304844
3,NONE,-1.0,-0.1,-1.0,-0.1
3,NONE,-1.0,-0.1,-1.0,-0.1
3,NONE,-1.0,-0.1,-1.0,-0.1
3,NONE,-1.0,-0.1,-1.0,-0.1
3,NONE,-1.0,-0.1,-1.0,-0.1
3,NONE,-1.0,-0.1,-1.0,-0.1
3,NONE,-1.0,-0.1,-1.0,-0.1
3,NONE,-1.0,-0.1,-1.0,-0.1
3,NONE,-1.0,-0.1,-1.0,-0.1
3,NONE,-1.0,-0.1,-1.0,-0.1
3,NONE,-1.0,-0.1,-1.0,-0.1
3,NONE,-1.0,-0.1,-1.0,-0.1
3,NONE,-1.0,-0.1,-1.0,-0.1
3,NONE,-1.0,-0.1,-1.0,-0.1
3,NONE,-1.0,-0.1,-1.0,-0.1
3,NONE,-1.0,-0.1,-1.0,-0.1
2,EV_B07_C030_Mototaxi_Electrica,-1.0,-0.1,7.0,38.33071523739774
1,EV_B07_C030_Mototaxi_Electrica,7.0,82.93505372804246,-1.0,38.33071523739774
1,EV_B07_C030_Mototaxi_Electrica,6.0,82.93505372804246,-1.0,38.33071523739774
1,EV_B07_C030_Mototaxi_Electrica,5.0,82.93505372804246,-1.0,38.33071523739774
1,EV_B07_C030_Mototaxi_Electrica,4.0,82.93505372804246,-1.0,38.33071523739774
1,EV_B07_C030_Mototaxi_Electrica,3.0,82.93505372804246,-1.0,38.33071523739774
1,EV_B07_C030_Mototaxi_Electrica,2.0,82.93505372804246,-1.0,38.33071523739774
1,EV_B07_C030_Mototaxi_Electrica,1.0,82.93505372804246,-1.0,38.33071523739774
1,EV_B07_C030_Mototaxi_Electrica,0.0,82.93505372804246,-1.0,38.33071523739774
3,NONE,-1.0,-0.1,-1.0,-0.1
3,NONE,-1.0,-0.1,-1.0,-0.1
3,NONE,-1.0,-0.1,-1.0,-0.1
3,NONE,-1.0,-0.1,-1.0,-0.1
3,NONE,-1.0,-0.1,-1.0,-0.1
3,NONE,-1.0,-0.1,-1.0,-0.1
3,NONE,-1.0,-0.1,-1.0,-0.1
3,NONE,-1.0,-0.1,-1.0,-0.1
3,NONE,-1.0,-0.1,-1.0,-0.1
3,NONE,-1.0,-0.1,-1.0,-0.1
3,NONE,-1.0,-0.1,-1.0,-0.1
3,NONE,-1.0,-0.1,-1.0,-0.1
3,NONE,-1.0,-0.1,-1.0,-0.1
3,NONE,-1.0,-0.1,-1.0,-0.1
3,NONE,-1.0,-0.1,-1.0,-0.1
2,EV_B07_C030_Mototaxi_Electrica,-1.0,-0.1,7.0,42.98752311162576
1,EV_B07_C030_Mototaxi_Electrica,7.0,73.69087106444573,-1.0,42.98752311162576
1,EV_B07_C030_Mototaxi_Electrica,6.0,73.69087106444573,-1.0,42.98752311162576
1,EV_B07_C030_Mototaxi_Electrica,5.0,73.69087106444573,-1.0,42.98752311162576
1,EV_B07_C030_Mototaxi_Electrica,4.0,73.69087106444573,-1.0,42.98752311162576
1,EV_B07_C030_Mototaxi_Electrica,3.0,73.69087106444573,-1.0,42.98752311162576
1,EV_B07_C030_Mototaxi_Electrica,2.0,73.69087106444573,-1.0,42.98752311162576
1,EV_B07_C030_Mototaxi_Electrica,1.0,73.69087106444573,-1.0,42.98752311162576
1,EV_B07_C030_Mototaxi_Electrica,0.0,73.69087106444573,-1.0,42.98752311162576
3,NONE,-1.0,-0.1,-1.0,-0.1
3,NONE,-1.0,-0.1,-1.0,-0.1
3,NONE,-1.0,-0.1,-1.0,-0.1
3,NONE,-1.0,-0.1,-1.0,-0.1
3,NONE,-1.0,-0.1,-1.0,-0.1
3,NONE,-1.0,-0.1,-1.0,-0.1
3,NONE,-1.0,-0.1,-1.0,-0.1
3,NONE,-1.0,-0.1,-1.0,-0.1
3,NONE,-1.0,-0.1,-1.0,-0.1
3,NONE,-1.0,-0.1,-1.0,-0.1
3,NONE,-1.0,-0.1,-1.0,-0.1
3,NONE,-1.0,-0.1,-1.0,-0.1
3,NONE,-1.0,-0.1,-1.0,-0.1
3,NONE,-1.0,-0.1,-1.0,-0.1
3,NONE,-1.0,-0.1,-1.0,-0.1
3,NONE,-1.0,-0.1,-1.0,-0.1
3,NONE,-1.0,-0.1,-1.0,-0.1
3,NONE,-1.0,-0.1,-1.0,-0.1
3,NONE,-1.0,-0.1,-1.0,-0.1
3,NONE,-1.0,-0.1,-1.0,-0.1
3,NONE,-1.0,-0.1,-1.0,-0.1
3,NONE,-1.0,-0.1,-1.0,-0.1
3,NONE,-1.0,-0.1,-1.0,-0.1
3,NONE,-1.0,-0.1,-1.0,-0.1
3,NONE,-1.0,-0.1,-1.0,-0.1
3,NONE,-1.0,-0.1,-1.0,-0.1
3,NONE,-1.0,-0.1,-1.0,-0.1
3,NONE,-1.0,-0.1,-1.0,-0.1
3,NONE,-1.0,-0.1,-1.0,-0.1
3,NONE,-1.0,-0.1,-1.0,-0.1
3,NONE,-1.0,-0.1,-1.0,-0.1
3,NONE,-1.0,-0.1,-1.0,-0.1
3,NONE,-1.0,-0.1,-1.0,-0.1
3,NONE,-1.0,-0.1,-1.0,-0.1
3,NONE,-1.0,-0.1,-1.0,-0.1
3,NONE,-1.0,-0.1,-1.0,-0.1
3,NONE,-1.0,-0.1,-1.0,-0.1
3,NONE,-1.0,-0.1,-1.0,-0.1
3,NONE,-1.0,-0.1,-1.0,-0.1
3,NONE,-1.0,-0.1,-1.0,-0.1
3,NONE,-1.0,-0.1,-1.0,-0.1
3,NONE,-1.0,-0.1,-1.0,-0.1
3,NONE,-1.0,-0.1,-1.0,-0.1
3,NONE,-1.0,-0.1,-1.0,-0.1
3,NONE,-1.0,-0.1,-1.0,-0.1
3,NONE,-1.0,-0.1,-1.0,-0.1
3,NONE,-1.0,-0.1,-1.0,-0.1
3,NONE,-1.0,-0.1,-1.0,-0.1
3,NONE,-1.0,-0.1,-1.0,-0.1
3,NONE,-1.0,-0.1,-1.0,-0.1
3,NONE,-1.0,-0.1,-1.0,-0.1
3,NONE,-1.0,-0.1,-1.0,-0.1
3,NONE,-1.0,-0.1,-1.0,-0.1
3,NONE,-1.0,-0.1,-1.0,-0.1
3,NONE,-1.0,-0.1,-1.0,-0.1
3,NONE,-1.0,-0.1,-1.0,-0.1
3,NONE,-1.0,-0.1,-1.0,-0.1
3,NONE,-1.0,-0.1,-1.0,-0.1
3,NONE,-1.0,-0.1,-1.0,-0.1
3,NONE,-1.0,-0.1,-1.0,-0.1
3,NONE,-1.0,-0.1,-1.0,-0.1
3,NONE,-1.0,-0.1,-1.0,-0.1
3,NONE,-1.0,-0.1,-1.0,-0.1
3,NONE,-1.0,-0.1,-1.0,-0.1
3,NONE,-1.0,-0.1,-1.0,-0.1
3,NONE,-1.0,-0.1,-1.0,-0.1
3,NONE,-1.0,-0.1,-1.0,-0.1
3,NONE,-1.0,-0.1,-1.0,-0.1
3,NONE,-1.0,-0.1,-1.0,-0.1
3,NONE,-1.0,-0.1,-1.0,-0.1
3,NONE,-1.0,-0.1,-1.0,-0.1
3,NONE,-1.0,-0.1,-1.0,-0.1
3,NONE,-1.0,-0.1,-1.0,-0.1
3,NONE,-1.0,-0.1,-1.0,-0.1
3,NONE,-1.0,-0.1,-1.0,-0.1
3,NONE,-1.0,-0.1,-1.0,-0.1
3,NONE,-1.0,-0.1,-1.0,-0.1
3,NONE,-1.0,-0.1,-1.0,-0.1
3,NONE,-1.0,-0.1,-1.0,-0.1
3,NONE,-1.0,-0.1,-1.0,-0.1
3,NONE,-1.0,-0.1,-1.0,-0.1
3,NONE,-1.0,-0.1,-1.0,-0.1
3,NONE,-1.0,-0.1,-1.0,-0.1
3,NONE,-1.0,-0.1,-1.0,-0.1
3,NONE,-1.0,-0.1,-1.0,-0.1
3,NONE,-1.0,-0.1,-1.0,-0.1
3,NONE,-1.0,-0.1,-1.0,-0.1
3,NONE,-1.0,-0.1,-1.0,-0.1
3,NONE,-1.0,-0.1,-1.0,-0.1
3,NONE,-1.0,-0.1,-1.0,-0.1
3,NONE,-1.0,-0.1,-1.0,-0.1
3,NONE,-1.0,-0.1,-1.0,-0.1
3,NONE,-1.0,-0.1,-1.0,-0.1
3,NONE,-1.0,-0.1,-1.0,-0.1
3,NONE,-1.0,-0.1,-1.0,-0.1
3,NONE,-1.0,-0.1,-1.0,-0.1
3,NONE,-1.0,-0.1,-1.0,-0.1
3,NONE,-1.0,-0.1,-1.0,-0.1
3,NONE,-1.0,-0.1,-1.0,-0.1
3,NONE,-1.0,-0.1,-1.0,-0.1
3,NONE,-1.0,-0.1,-1.0,-0.1
3,NONE,-1.0,-0.1,-1.0,-0.1
3,NONE,-1.0,-0.1,-1.0,-0.1
3,NONE,-1.0,-0.1,-1.0,-0.1
3,NONE,-1.0,-0.1,-1.0,-0.1
3,NONE,-1.0,-0.1,-1.0,-0.1
3,NONE,-1.0,-0.1,-1.0,-0.1
3,NONE,-1.0,-0.1,-1.0,-0.1
3,NONE,-1.0,-0.1,-1.0,-0.1
3,NONE,-1.0,-0.1,-1.0,-0.1
3,NONE,-1.0,-0.1,-1.0,-0.1
3,NONE,-1.0,-0.1,-1.0,-0.1
2,EV_B07_C030_Mototaxi_Electrica,-1.0,-0.1,8.0,42.30167322277486
1,EV_B07_C030_Mototaxi_Electrica,6.0,84.94167688360736,-1.0,42.30167322277486
1,EV_B07_C030_Mototaxi_Electrica,5.0,84.94167688360736,-1.0,42.30167322277486
1,EV_B07_C030_Mototaxi_Electrica,4.0,84.94167688360736,-1.0,42.30167322277486
1,EV_B07_C030_Mototaxi_Electrica,3.0,84.94167688360736,-1.0,42.30167322277486
1,EV_B07_C030_Mototaxi_Electrica,2.0,84.94167688360736,-1.0,42.30167322277486
1,EV_B07_C030_Mototaxi_Electrica,1.0,84.94167688360736,-1.0,42.30167322277486
1,EV_B07_C030_Mototaxi_Electrica,0.0,84.94167688360736,-1.0,42.30167322277486
3,NONE,-1.0,-0.1,-1.0,-0.1
3,NONE,-1.0,-0.1,-1.0,-0.1
3,NONE,-1.0,-0.1,-1.0,-0.1
3,NONE,-1.0,-0.1,-1.0,-0.1
3,NONE,-1.0,-0.1,-1.0,-0.1
3,NONE,-1.0,-0.1,-1.0,-0.1
3,NONE,-1.0,-0.1,-1.0,-0.1
3,NONE,-1.0,-0.1,-1.0,-0.1
3,NONE,-1.0,-0.1,-1.0,-0.1
3,NONE,-1.0,-0.1,-1.0,-0.1
3,NONE,-1.0,-0.1,-1.0,-0.1
3,NONE,-1.0,-0.1,-1.0,-0.1
3,NONE,-1.0,-0.1,-1.0,-0.1
3,NONE,-1.0,-0.1,-1.0,-0.1
3,NONE,-1.0,-0.1,-1.0,-0.1
3,NONE,-1.0,-0.1,-1.0,-0.1
3,NONE,-1.0,-0.1,-1.0,-0.1
3,NONE,-1.0,-0.1,-1.0,-0.1
3,NONE,-1.0,-0.1,-1.0,-0.1
3,NONE,-1.0,-0.1,-1.0,-0.1
3,NONE,-1.0,-0.1,-1.0,-0.1
3,NONE,-1.0,-0.1,-1.0,-0.1
3,NONE,-1.0,-0.1,-1.0,-0.1
3,NONE,-1.0,-0.1,-1.0,-0.1
3,NONE,-1.0,-0.1,-1.0,-0.1
3,NONE,-1.0,-0.1,-1.0,-0.1
3,NONE,-1.0,-0.1,-1.0,-0.1
3,NONE,-1.0,-0.1,-1.0,-0.1
3,NONE,-1.0,-0.1,-1.0,-0.1
3,NONE,-1.0,-0.1,-1.0,-0.1
3,NONE,-1.0,-0.1,-1.0,-0.1
3,NONE,-1.0,-0.1,-1.0,-0.1
3,NONE,-1.0,-0.1,-1.0,-0.1
3,NONE,-1.0,-0.1,-1.0,-0.1
3,NONE,-1.0,-0.1,-1.0,-0.1
3,NONE,-1.0,-0.1,-1.0,-0.1
3,NONE,-1.0,-0.1,-1.0,-0.1
3,NONE,-1.0,-0.1,-1.0,-0.1
3,NONE,-1.0,-0.1,-1.0,-0.1
3,NONE,-1.0,-0.1,-1.0,-0.1
3,NONE,-1.0,-0.1,-1.0,-0.1
2,EV_B07_C030_Mototaxi_Electrica,-1.0,-0.1,9.0,14.985258505678953
1,EV_B07_C030_Mototaxi_Electrica,5.0,95.06274810991329,-1.0,14.985258505678953
1,EV_B07_C030_Mototaxi_Electrica,4.0,95.06274810991329,-1.0,14.985258505678953
1,EV_B07_C030_Mototaxi_Electrica,3.0,95.06274810991329,-1.0,14.985258505678953
1,EV_B07_C030_Mototaxi_Electrica,2.0,95.06274810991329,-1.0,14.985258505678953
1,EV_B07_C030_Mototaxi_Electrica,1.0,95.06274810991329,-1.0,14.985258505678953
1,EV_B07_C030_Mototaxi_Electrica,0.0,95.06274810991329,-1.0,14.985258505678953
3,NONE,-1.0,-0.1,-1.0,-0.1
3,NONE,-1.0,-0.1,-1.0,-0.1
3,NONE,-1.0,-0.1,-1.0,-0.1
3,NONE,-1.0,-0.1,-1.0,-0.1
3,NONE,-1.0,-0.1,-1.0,-0.1
3,NONE,-1.0,-0.1,-1.0,-0.1
3,NONE,-1.0,-0.1,-1.0,-0.1
3,NONE,-1.0,-0.1,-1.0,-0.1
3,NONE,-1.0,-0.1,-1.0,-0.1
3,NONE,-1.0,-0.1,-1.0,-0.1
3,NONE,-1.0,-0.1,-1.0,-0.1
3,NONE,-1.0,-0.1,-1.0,-0.1
3,NONE,-1.0,-0.1,-1.0,-0.1
3,NONE,-1.0,-0.1,-1.0,-0.1
3,NONE,-1.0,-0.1,-1.0,-0.1
3,NONE,-1.0,-0.1,-1.0,-0.1
2,EV_B07_C030_Mototaxi_Electrica,-1.0,-0.1,8.0,31.142023161980205
1,EV_B07_C030_Mototaxi_Electrica,6.0,86.84583519494946,-1.0,31.142023161980205
1,EV_B07_C030_Mototaxi_Electrica,5.0,86.84583519494946,-1.0,31.142023161980205
1,EV_B07_C030_Mototaxi_Electrica,4.0,86.84583519494946,-1.0,31.142023161980205
1,EV_B07_C030_Mototaxi_Electrica,3.0,86.84583519494946,-1.0,31.142023161980205
1,EV_B07_C030_Mototaxi_Electrica,2.0,86.84583519494946,-1.0,31.142023161980205
1,EV_B07_C030_Mototaxi_Electrica,1.0,86.84583519494946,-1.0,31.142023161980205
1,EV_B07_C030_Mototaxi_Electrica,0.0,86.84583519494946,-1.0,31.142023161980205
3,NONE,-1.0,-0.1,-1.0,-0.1
3,NONE,-1.0,-0.1,-1.0,-0.1
3,NONE,-1.0,-0.1,-1.0,-0.1
3,NONE,-1.0,-0.1,-1.0,-0.1
3,NONE,-1.0,-0.1,-1.0,-0.1
3,NONE,-1.0,-0.1,-1.0,-0.1
3,NONE,-1.0,-0.1,-1.0,-0.1
3,NONE,-1.0,-0.1,-1.0,-0.1
3,NONE,-1.0,-0.1,-1.0,-0.1
3,NONE,-1.0,-0.1,-1.0,-0.1
3,NONE,-1.0,-0.1,-1.0,-0.1
3,NONE,-1.0,-0.1,-1.0,-0.1
3,NONE,-1.0,-0.1,-1.0,-0.1
3,NONE,-1.0,-0.1,-1.0,-0.1
3,NONE,-1.0,-0.1,-1.0,-0.1
3,NONE,-1.0,-0.1,-1.0,-0.1
3,NONE,-1.0,-0.1,-1.0,-0.1
3,NONE,-1.0,-0.1,-1.0,-0.1
3,NONE,-1.0,-0.1,-1.0,-0.1
3,NONE,-1.0,-0.1,-1.0,-0.1
3,NONE,-1.0,-0.1,-1.0,-0.1
3,NONE,-1.0,-0.1,-1.0,-0.1
3,NONE,-1.0,-0.1,-1.0,-0.1
3,NONE,-1.0,-0.1,-1.0,-0.1
3,NONE,-1.0,-0.1,-1.0,-0.1
3,NONE,-1.0,-0.1,-1.0,-0.1
3,NONE,-1.0,-0.1,-1.0,-0.1
3,NONE,-1.0,-0.1,-1.0,-0.1
3,NONE,-1.0,-0.1,-1.0,-0.1
3,NONE,-1.0,-0.1,-1.0,-0.1
3,NONE,-1.0,-0.1,-1.0,-0.1
3,NONE,-1.0,-0.1,-1.0,-0.1
3,NONE,-1.0,-0.1,-1.0,-0.1
3,NONE,-1.0,-0.1,-1.0,-0.1
3,NONE,-1.0,-0.1,-1.0,-0.1
3,NONE,-1.0,-0.1,-1.0,-0.1
3,NONE,-1.0,-0.1,-1.0,-0.1
3,NONE,-1.0,-0.1,-1.0,-0.1
3,NONE,-1.0,-0.1,-1.0,-0.1
3,NONE,-1.0,-0.1,-1.0,-0.1
3,NONE,-1.0,-0.1,-1.0,-0.1
3,NONE,-1.0,-0.1,-1.0,-0.1
3,NONE,-1.0,-0.1,-1.0,-0.1
3,NONE,-1.0,-0.1,-1.0,-0.1
3,NONE,-1.0,-0.1,-1.0,-0.1
3,NONE,-1.0,-0.1,-1.0,-0.1
3,NONE,-1.0,-0.1,-1.0,-0.1
3,NONE,-1.0,-0.1,-1.0,-0.1
3,NONE,-1.0,-0.1,-1.0,-0.1
3,NONE,-1.0,-0.1,-1.0,-0.1
3,NONE,-1.0,-0.1,-1.0,-0.1
3,NONE,-1.0,-0.1,-1.0,-0.1
3,NONE,-1.0,-0.1,-1.0,-0.1
3,NONE,-1.0,-0.1,-1.0,-0.1
3,NONE,-1.0,-0.1,-1.0,-0.1
3,NONE,-1.0,-0.1,-1.0,-0.1
3,NONE,-1.0,-0.1,-1.0,-0.1
3,NONE,-1.0,-0.1,-1.0,-0.1
3,NONE,-1.0,-0.1,-1.0,-0.1
3,NONE,-1.0,-0.1,-1.0,-0.1
3,NONE,-1.0,-0.1,-1.0,-0.1
3,NONE,-1.0,-0.1,-1.0,-0.1
3,NONE,-1.0,-0.1,-1.0,-0.1
3,NONE,-1.0,-0.1,-1.0,-0.1
2,EV_B07_C030_Mototaxi_Electrica,-1.0,-0.1,8.0,47.24096735510274
1,EV_B07_C030_Mototaxi_Electrica,6.0,76.3406529904104,-1.0,47.24096735510274
1,EV_B07_C030_Mototaxi_Electrica,5.0,76.3406529904104,-1.0,47.24096735510274
1,EV_B07_C030_Mototaxi_Electrica,4.0,76.3406529904104,-1.0,47.24096735510274
1,EV_B07_C030_Mototaxi_Electrica,3.0,76.3406529904104,-1.0,47.24096735510274
1,EV_B07_C030_Mototaxi_Electrica,2.0,76.3406529904104,-1.0,47.24096735510274
1,EV_B07_C030_Mototaxi_Electrica,1.0,76.3406529904104,-1.0,47.24096735510274
1,EV_B07_C030_Mototaxi_Electrica,0.0,76.3406529904104,-1.0,47.24096735510274
3,NONE,-1.0,-0.1,-1.0,-0.1
3,NONE,-1.0,-0.1,-1.0,-0.1
3,NONE,-1.0,-0.1,-1.0,-0.1
3,NONE,-1.0,-0.1,-1.0,-0.1
3,NONE,-1.0,-0.1,-1.0,-0.1
3,NONE,-1.0,-0.1,-1.0,-0.1
3,NONE,-1.0,-0.1,-1.0,-0.1
3,NONE,-1.0,-0.1,-1.0,-0.1
3,NONE,-1.0,-0.1,-1.0,-0.1
3,NONE,-1.0,-0.1,-1.0,-0.1
3,NONE,-1.0,-0.1,-1.0,-0.1
3,NONE,-1.0,-0.1,-1.0,-0.1
3,NONE,-1.0,-0.1,-1.0,-0.1
3,NONE,-1.0,-0.1,-1.0,-0.1
3,NONE,-1.0,-0.1,-1.0,-0.1
3,NONE,-1.0,-0.1,-1.0,-0.1
3,NONE,-1.0,-0.1,-1.0,-0.1
3,NONE,-1.0,-0.1,-1.0,-0.1
3,NONE,-1.0,-0.1,-1.0,-0.1
3,NONE,-1.0,-0.1,-1.0,-0.1
3,NONE,-1.0,-0.1,-1.0,-0.1
3,NONE,-1.0,-0.1,-1.0,-0.1
3,NONE,-1.0,-0.1,-1.0,-0.1
3,NONE,-1.0,-0.1,-1.0,-0.1
3,NONE,-1.0,-0.1,-1.0,-0.1
3,NONE,-1.0,-0.1,-1.0,-0.1
3,NONE,-1.0,-0.1,-1.0,-0.1
3,NONE,-1.0,-0.1,-1.0,-0.1
3,NONE,-1.0,-0.1,-1.0,-0.1
3,NONE,-1.0,-0.1,-1.0,-0.1
3,NONE,-1.0,-0.1,-1.0,-0.1
3,NONE,-1.0,-0.1,-1.0,-0.1
3,NONE,-1.0,-0.1,-1.0,-0.1
3,NONE,-1.0,-0.1,-1.0,-0.1
3,NONE,-1.0,-0.1,-1.0,-0.1
3,NONE,-1.0,-0.1,-1.0,-0.1
3,NONE,-1.0,-0.1,-1.0,-0.1
3,NONE,-1.0,-0.1,-1.0,-0.1
3,NONE,-1.0,-0.1,-1.0,-0.1
3,NONE,-1.0,-0.1,-1.0,-0.1
2,EV_B07_C030_Mototaxi_Electrica,-1.0,-0.1,8.0,13.10154145337033
1,EV_B07_C030_Mototaxi_Electrica,6.0,73.40472630597483,-1.0,13.10154145337033
1,EV_B07_C030_Mototaxi_Electrica,5.0,73.40472630597483,-1.0,13.10154145337033
1,EV_B07_C030_Mototaxi_Electrica,4.0,73.40472630597483,-1.0,13.10154145337033
1,EV_B07_C030_Mototaxi_Electrica,3.0,73.40472630597483,-1.0,13.10154145337033
1,EV_B07_C030_Mototaxi_Electrica,2.0,73.40472630597483,-1.0,13.10154145337033
1,EV_B07_C030_Mototaxi_Electrica,1.0,73.40472630597483,-1.0,13.10154145337033
1,EV_B07_C030_Mototaxi_Electrica,0.0,73.40472630597483,-1.0,13.10154145337033
3,NONE,-1.0,-0.1,-1.0,-0.1
3,NONE,-1.0,-0.1,-1.0,-0.1
3,NONE,-1.0,-0.1,-1.0,-0.1
3,NONE,-1.0,-0.1,-1.0,-0.1
3,NONE,-1.0,-0.1,-1.0,-0.1
3,NONE,-1.0,-0.1,-1.0,-0.1
3,NONE,-1.0,-0.1,-1.0,-0.1
3,NONE,-1.0,-0.1,-1.0,-0.1
3,NONE,-1.0,-0.1,-1.0,-0.1
3,NONE,-1.0,-0.1,-1.0,-0.1
3,NONE,-1.0,-0.1,-1.0,-0.1
3,NONE,-1.0,-0.1,-1.0,-0.1
3,NONE,-1.0,-0.1,-1.0,-0.1
3,NONE,-1.0,-0.1,-1.0,-0.1
3,NONE,-1.0,-0.1,-1.0,-0.1
3,NONE,-1.0,-0.1,-1.0,-0.1
2,EV_B07_C030_Mototaxi_Electrica,-1.0,-0.1,8.0,40.30437290192011
1,EV_B07_C030_Mototaxi_Electrica,6.0,81.9131857391168,-1.0,40.30437290192011
1,EV_B07_C030_Mototaxi_Electrica,5.0,81.9131857391168,-1.0,40.30437290192011
1,EV_B07_C030_Mototaxi_Electrica,4.0,81.9131857391168,-1.0,40.30437290192011
1,EV_B07_C030_Mototaxi_Electrica,3.0,81.9131857391168,-1.0,40.30437290192011
1,EV_B07_C030_Mototaxi_Electrica,2.0,81.9131857391168,-1.0,40.30437290192011
1,EV_B07_C030_Mototaxi_Electrica,1.0,81.9131857391168,-1.0,40.30437290192011
1,EV_B07_C030_Mototaxi_Electrica,0.0,81.9131857391168,-1.0,40.30437290192011
3,NONE,-1.0,-0.1,-1.0,-0.1
3,NONE,-1.0,-0.1,-1.0,-0.1
3,NONE,-1.0,-0.1,-1.0,-0.1
3,NONE,-1.0,-0.1,-1.0,-0.1
3,NONE,-1.0,-0.1,-1.0,-0.1
3,NONE,-1.0,-0.1,-1.0,-0.1
3,NONE,-1.0,-0.1,-1.0,-0.1
3,NONE,-1.0,-0.1,-1.0,-0.1
3,NONE,-1.0,-0.1,-1.0,-0.1
3,NONE,-1.0,-0.1,-1.0,-0.1
3,NONE,-1.0,-0.1,-1.0,-0.1
3,NONE,-1.0,-0.1,-1.0,-0.1
3,NONE,-1.0,-0.1,-1.0,-0.1
3,NONE,-1.0,-0.1,-1.0,-0.1
3,NONE,-1.0,-0.1,-1.0,-0.1
3,NONE,-1.0,-0.1,-1.0,-0.1
3,NONE,-1.0,-0.1,-1.0,-0.1
3,NONE,-1.0,-0.1,-1.0,-0.1
3,NONE,-1.0,-0.1,-1.0,-0.1
3,NONE,-1.0,-0.1,-1.0,-0.1
3,NONE,-1.0,-0.1,-1.0,-0.1
3,NONE,-1.0,-0.1,-1.0,-0.1
3,NONE,-1.0,-0.1,-1.0,-0.1
3,NONE,-1.0,-0.1,-1.0,-0.1
3,NONE,-1.0,-0.1,-1.0,-0.1
3,NONE,-1.0,-0.1,-1.0,-0.1
3,NONE,-1.0,-0.1,-1.0,-0.1
3,NONE,-1.0,-0.1,-1.0,-0.1
3,NONE,-1.0,-0.1,-1.0,-0.1
3,NONE,-1.0,-0.1,-1.0,-0.1
3,NONE,-1.0,-0.1,-1.0,-0.1
3,NONE,-1.0,-0.1,-1.0,-0.1
3,NONE,-1.0,-0.1,-1.0,-0.1
3,NONE,-1.0,-0.1,-1.0,-0.1
3,NONE,-1.0,-0.1,-1.0,-0.1
3,NONE,-1.0,-0.1,-1.0,-0.1
3,NONE,-1.0,-0.1,-1.0,-0.1
3,NONE,-1.0,-0.1,-1.0,-0.1
3,NONE,-1.0,-0.1,-1.0,-0.1
3,NONE,-1.0,-0.1,-1.0,-0.1
3,NONE,-1.0,-0.1,-1.0,-0.1
3,NONE,-1.0,-0.1,-1.0,-0.1
3,NONE,-1.0,-0.1,-1.0,-0.1
3,NONE,-1.0,-0.1,-1.0,-0.1
3,NONE,-1.0,-0.1,-1.0,-0.1
3,NONE,-1.0,-0.1,-1.0,-0.1
3,NONE,-1.0,-0.1,-1.0,-0.1
3,NONE,-1.0,-0.1,-1.0,-0.1
3,NONE,-1.0,-0.1,-1.0,-0.1
3,NONE,-1.0,-0.1,-1.0,-0.1
3,NONE,-1.0,-0.1,-1.0,-0.1
3,NONE,-1.0,-0.1,-1.0,-0.1
3,NONE,-1.0,-0.1,-1.0,-0.1
3,NONE,-1.0,-0.1,-1.0,-0.1
3,NONE,-1.0,-0.1,-1.0,-0.1
3,NONE,-1.0,-0.1,-1.0,-0.1
3,NONE,-1.0,-0.1,-1.0,-0.1
3,NONE,-1.0,-0.1,-1.0,-0.1
3,NONE,-1.0,-0.1,-1.0,-0.1
3,NONE,-1.0,-0.1,-1.0,-0.1
3,NONE,-1.0,-0.1,-1.0,-0.1
3,NONE,-1.0,-0.1,-1.0,-0.1
3,NONE,-1.0,-0.1,-1.0,-0.1
3,NONE,-1.0,-0.1,-1.0,-0.1
3,NONE,-1.0,-0.1,-1.0,-0.1
3,NONE,-1.0,-0.1,-1.0,-0.1
3,NONE,-1.0,-0.1,-1.0,-0.1
3,NONE,-1.0,-0.1,-1.0,-0.1
3,NONE,-1.0,-0.1,-1.0,-0.1
3,NONE,-1.0,-0.1,-1.0,-0.1
3,NONE,-1.0,-0.1,-1.0,-0.1
3,NONE,-1.0,-0.1,-1.0,-0.1
3,NONE,-1.0,-0.1,-1.0,-0.1
3,NONE,-1.0,-0.1,-1.0,-0.1
3,NONE,-1.0,-0.1,-1.0,-0.1
3,NONE,-1.0,-0.1,-1.0,-0.1
3,NONE,-1.0,-0.1,-1.0,-0.1
3,NONE,-1.0,-0.1,-1.0,-0.1
3,NONE,-1.0,-0.1,-1.0,-0.1
3,NONE,-1.0,-0.1,-1.0,-0.1
3,NONE,-1.0,-0.1,-1.0,-0.1
3,NONE,-1.0,-0.1,-1.0,-0.1
3,NONE,-1.0,-0.1,-1.0,-0.1
3,NONE,-1.0,-0.1,-1.0,-0.1
3,NONE,-1.0,-0.1,-1.0,-0.1
3,NONE,-1.0,-0.1,-1.0,-0.1
3,NONE,-1.0,-0.1,-1.0,-0.1
3,NONE,-1.0,-0.1,-1.0,-0.1
3,NONE,-1.0,-0.1,-1.0,-0.1
2,EV_B07_C030_Mototaxi_Electrica,-1.0,-0.1,9.0,46.405535381127194
1,EV_B07_C030_Mototaxi_Electrica,5.0,90.11436815249994,-1.0,46.405535381127194
1,EV_B07_C030_Mototaxi_Electrica,4.0,90.11436815249994,-1.0,46.405535381127194
1,EV_B07_C030_Mototaxi_Electrica,3.0,90.11436815249994,-1.0,46.405535381127194
1,EV_B07_C030_Mototaxi_Electrica,2.0,90.11436815249994,-1.0,46.405535381127194
1,EV_B07_C030_Mototaxi_Electrica,1.0,90.11436815249994,-1.0,46.405535381127194
1,EV_B07_C030_Mototaxi_Electrica,0.0,90.11436815249994,-1.0,46.405535381127194
3,NONE,-1.0,-0.1,-1.0,-0.1
3,NONE,-1.0,-0.1,-1.0,-0.1
3,NONE,-1.0,-0.1,-1.0,-0.1
3,NONE,-1.0,-0.1,-1.0,-0.1
3,NONE,-1.0,-0.1,-1.0,-0.1
3,NONE,-1.0,-0.1,-1.0,-0.1
3,NONE,-1.0,-0.1,-1.0,-0.1
3,NONE,-1.0,-0.1,-1.0,-0.1
3,NONE,-1.0,-0.1,-1.0,-0.1
3,NONE,-1.0,-0.1,-1.0,-0.1
3,NONE,-1.0,-0.1,-1.0,-0.1
3,NONE,-1.0,-0.1,-1.0,-0.1
3,NONE,-1.0,-0.1,-1.0,-0.1
3,NONE,-1.0,-0.1,-1.0,-0.1
3,NONE,-1.0,-0.1,-1.0,-0.1
3,NONE,-1.0,-0.1,-1.0,-0.1
3,NONE,-1.0,-0.1,-1.0,-0.1
2,EV_B07_C030_Mototaxi_Electrica,-1.0,-0.1,9.0,25.055325368564663
1,EV_B07_C030_Mototaxi_Electrica,5.0,91.42883479845418,-1.0,25.055325368564663
1,EV_B07_C030_Mototaxi_Electrica,4.0,91.42883479845418,-1.0,25.055325368564663
1,EV_B07_C030_Mototaxi_Electrica,3.0,91.42883479845418,-1.0,25.055325368564663
1,EV_B07_C030_Mototaxi_Electrica,2.0,91.42883479845418,-1.0,25.055325368564663
1,EV_B07_C030_Mototaxi_Electrica,1.0,91.42883479845418,-1.0,25.055325368564663
1,EV_B07_C030_Mototaxi_Electrica,0.0,91.42883479845418,-1.0,25.055325368564663
3,NONE,-1.0,-0.1,-1.0,-0.1
3,NONE,-1.0,-0.1,-1.0,-0.1
3,NONE,-1.0,-0.1,-1.0,-0.1
3,NONE,-1.0,-0.1,-1.0,-0.1
3,NONE,-1.0,-0.1,-1.0,-0.1
3,NONE,-1.0,-0.1,-1.0,-0.1
3,NONE,-1.0,-0.1,-1.0,-0.1
3,NONE,-1.0,-0.1,-1.0,-0.1
3,NONE,-1.0,-0.1,-1.0,-0.1
3,NONE,-1.0,-0.1,-1.0,-0.1
3,NONE,-1.0,-0.1,-1.0,-0.1
3,NONE,-1.0,-0.1,-1.0,-0.1
3,NONE,-1.0,-0.1,-1.0,-0.1
3,NONE,-1.0,-0.1,-1.0,-0.1
3,NONE,-1.0,-0.1,-1.0,-0.1
3,NONE,-1.0,-0.1,-1.0,-0.1
2,EV_B07_C030_Mototaxi_Electrica,-1.0,-0.1,8.0,51.859471552900146
1,EV_B07_C030_Mototaxi_Electrica,6.0,86.20607164254862,-1.0,51.859471552900146
1,EV_B07_C030_Mototaxi_Electrica,5.0,86.20607164254862,-1.0,51.859471552900146
1,EV_B07_C030_Mototaxi_Electrica,4.0,86.20607164254862,-1.0,51.859471552900146
1,EV_B07_C030_Mototaxi_Electrica,3.0,86.20607164254862,-1.0,51.859471552900146
1,EV_B07_C030_Mototaxi_Electrica,2.0,86.20607164254862,-1.0,51.859471552900146
1,EV_B07_C030_Mototaxi_Electrica,1.0,86.20607164254862,-1.0,51.859471552900146
1,EV_B07_C030_Mototaxi_Electrica,0.0,86.20607164254862,-1.0,51.859471552900146
3,NONE,-1.0,-0.1,-1.0,-0.1
3,NONE,-1.0,-0.1,-1.0,-0.1
3,NONE,-1.0,-0.1,-1.0,-0.1
3,NONE,-1.0,-0.1,-1.0,-0.1
3,NONE,-1.0,-0.1,-1.0,-0.1
3,NONE,-1.0,-0.1,-1.0,-0.1
3,NONE,-1.0,-0.1,-1.0,-0.1
3,NONE,-1.0,-0.1,-1.0,-0.1
3,NONE,-1.0,-0.1,-1.0,-0.1
3,NONE,-1.0,-0.1,-1.0,-0.1
3,NONE,-1.0,-0.1,-1.0,-0.1
3,NONE,-1.0,-0.1,-1.0,-0.1
3,NONE,-1.0,-0.1,-1.0,-0.1
3,NONE,-1.0,-0.1,-1.0,-0.1
3,NONE,-1.0,-0.1,-1.0,-0.1
2,EV_B07_C030_Mototaxi_Electrica,-1.0,-0.1,7.0,21.051437361110235
1,EV_B07_C030_Mototaxi_Electrica,7.0,84.22443599108058,-1.0,21.051437361110235
1,EV_B07_C030_Mototaxi_Electrica,6.0,84.22443599108058,-1.0,21.051437361110235
1,EV_B07_C030_Mototaxi_Electrica,5.0,84.22443599108058,-1.0,21.051437361110235
1,EV_B07_C030_Mototaxi_Electrica,4.0,84.22443599108058,-1.0,21.051437361110235
1,EV_B07_C030_Mototaxi_Electrica,3.0,84.22443599108058,-1.0,21.051437361110235
1,EV_B07_C030_Mototaxi_Electrica,2.0,84.22443599108058,-1.0,21.051437361110235
1,EV_B07_C030_Mototaxi_Electrica,1.0,84.22443599108058,-1.0,21.051437361110235
1,EV_B07_C030_Mototaxi_Electrica,0.0,84.22443599108058,-1.0,21.051437361110235
3,NONE,-1.0,-0.1,-1.0,-0.1
3,NONE,-1.0,-0.1,-1.0,-0.1
3,NONE,-1.0,-0.1,-1.0,-0.1
3,NONE,-1.0,-0.1,-1.0,-0.1
3,NONE,-1.0,-0.1,-1.0,-0.1
3,NONE,-1.0,-0.1,-1.0,-0.1
3,NONE,-1.0,-0.1,-1.0,-0.1
3,NONE,-1.0,-0.1,-1.0,-0.1
3,NONE,-1.0,-0.1,-1.0,-0.1
3,NONE,-1.0,-0.1,-1.0,-0.1
3,NONE,-1.0,-0.1,-1.0,-0.1
3,NONE,-1.0,-0.1,-1.0,-0.1
3,NONE,-1.0,-0.1,-1.0,-0.1
3,NONE,-1.0,-0.1,-1.0,-0.1
3,NONE,-1.0,-0.1,-1.0,-0.1
2,EV_B07_C030_Mototaxi_Electrica,-1.0,-0.1,7.0,44.529458733964624
1,EV_B07_C030_Mototaxi_Electrica,7.0,76.31761872701766,-1.0,44.529458733964624
1,EV_B07_C030_Mototaxi_Electrica,6.0,76.31761872701766,-1.0,44.529458733964624
1,EV_B07_C030_Mototaxi_Electrica,5.0,76.31761872701766,-1.0,44.529458733964624
1,EV_B07_C030_Mototaxi_Electrica,4.0,76.31761872701766,-1.0,44.529458733964624
1,EV_B07_C030_Mototaxi_Electrica,3.0,76.31761872701766,-1.0,44.529458733964624
1,EV_B07_C030_Mototaxi_Electrica,2.0,76.31761872701766,-1.0,44.529458733964624
1,EV_B07_C030_Mototaxi_Electrica,1.0,76.31761872701766,-1.0,44.529458733964624
1,EV_B07_C030_Mototaxi_Electrica,0.0,76.31761872701766,-1.0,44.529458733964624
3,NONE,-1.0,-0.1,-1.0,-0.1
3,NONE,-1.0,-0.1,-1.0,-0.1
3,NONE,-1.0,-0.1,-1.0,-0.1
3,NONE,-1.0,-0.1,-1.0,-0.1
3,NONE,-1.0,-0.1,-1.0,-0.1
3,NONE,-1.0,-0.1,-1.0,-0.1
3,NONE,-1.0,-0.1,-1.0,-0.1
3,NONE,-1.0,-0.1,-1.0,-0.1
3,NONE,-1.0,-0.1,-1.0,-0.1
3,NONE,-1.0,-0.1,-1.0,-0.1
3,NONE,-1.0,-0.1,-1.0,-0.1
3,NONE,-1.0,-0.1,-1.0,-0.1
3,NONE,-1.0,-0.1,-1.0,-0.1
3,NONE,-1.0,-0.1,-1.0,-0.1
3,NONE,-1.0,-0.1,-1.0,-0.1
3,NONE,-1.0,-0.1,-1.0,-0.1
3,NONE,-1.0,-0.1,-1.0,-0.1
3,NONE,-1.0,-0.1,-1.0,-0.1
3,NONE,-1.0,-0.1,-1.0,-0.1
3,NONE,-1.0,-0.1,-1.0,-0.1
3,NONE,-1.0,-0.1,-1.0,-0.1
3,NONE,-1.0,-0.1,-1.0,-0.1
3,NONE,-1.0,-0.1,-1.0,-0.1
3,NONE,-1.0,-0.1,-1.0,-0.1
3,NONE,-1.0,-0.1,-1.0,-0.1
3,NONE,-1.0,-0.1,-1.0,-0.1
3,NONE,-1.0,-0.1,-1.0,-0.1
3,NONE,-1.0,-0.1,-1.0,-0.1
3,NONE,-1.0,-0.1,-1.0,-0.1
3,NONE,-1.0,-0.1,-1.0,-0.1
3,NONE,-1.0,-0.1,-1.0,-0.1
3,NONE,-1.0,-0.1,-1.0,-0.1
3,NONE,-1.0,-0.1,-1.0,-0.1
3,NONE,-1.0,-0.1,-1.0,-0.1
3,NONE,-1.0,-0.1,-1.0,-0.1
3,NONE,-1.0,-0.1,-1.0,-0.1
3,NONE,-1.0,-0.1,-1.0,-0.1
3,NONE,-1.0,-0.1,-1.0,-0.1
3,NONE,-1.0,-0.1,-1.0,-0.1
3,NONE,-1.0,-0.1,-1.0,-0.1
3,NONE,-1.0,-0.1,-1.0,-0.1
3,NONE,-1.0,-0.1,-1.0,-0.1
3,NONE,-1.0,-0.1,-1.0,-0.1
3,NONE,-1.0,-0.1,-1.0,-0.1
3,NONE,-1.0,-0.1,-1.0,-0.1
3,NONE,-1.0,-0.1,-1.0,-0.1
3,NONE,-1.0,-0.1,-1.0,-0.1
3,NONE,-1.0,-0.1,-1.0,-0.1
3,NONE,-1.0,-0.1,-1.0,-0.1
3,NONE,-1.0,-0.1,-1.0,-0.1
3,NONE,-1.0,-0.1,-1.0,-0.1
3,NONE,-1.0,-0.1,-1.0,-0.1
3,NONE,-1.0,-0.1,-1.0,-0.1
3,NONE,-1.0,-0.1,-1.0,-0.1
3,NONE,-1.0,-0.1,-1.0,-0.1
3,NONE,-1.0,-0.1,-1.0,-0.1
3,NONE,-1.0,-0.1,-1.0,-0.1
3,NONE,-1.0,-0.1,-1.0,-0.1
3,NONE,-1.0,-0.1,-1.0,-0.1
3,NONE,-1.0,-0.1,-1.0,-0.1
3,NONE,-1.0,-0.1,-1.0,-0.1
3,NONE,-1.0,-0.1,-1.0,-0.1
3,NONE,-1.0,-0.1,-1.0,-0.1
3,NONE,-1.0,-0.1,-1.0,-0.1
2,EV_B07_C030_Mototaxi_Electrica,-1.0,-0.1,8.0,27.33141446147503
1,EV_B07_C030_Mototaxi_Electrica,6.0,76.46768432459777,-1.0,27.33141446147503
1,EV_B07_C030_Mototaxi_Electrica,5.0,76.46768432459777,-1.0,27.33141446147503
1,EV_B07_C030_Mototaxi_Electrica,4.0,76.46768432459777,-1.0,27.33141446147503
1,EV_B07_C030_Mototaxi_Electrica,3.0,76.46768432459777,-1.0,27.33141446147503
1,EV_B07_C030_Mototaxi_Electrica,2.0,76.46768432459777,-1.0,27.33141446147503
1,EV_B07_C030_Mototaxi_Electrica,1.0,76.46768432459777,-1.0,27.33141446147503
1,EV_B07_C030_Mototaxi_Electrica,0.0,76.46768432459777,-1.0,27.33141446147503
3,NONE,-1.0,-0.1,-1.0,-0.1
3,NONE,-1.0,-0.1,-1.0,-0.1
3,NONE,-1.0,-0.1,-1.0,-0.1
3,NONE,-1.0,-0.1,-1.0,-0.1
3,NONE,-1.0,-0.1,-1.0,-0.1
3,NONE,-1.0,-0.1,-1.0,-0.1
3,NONE,-1.0,-0.1,-1.0,-0.1
3,NONE,-1.0,-0.1,-1.0,-0.1
3,NONE,-1.0,-0.1,-1.0,-0.1
3,NONE,-1.0,-0.1,-1.0,-0.1
3,NONE,-1.0,-0.1,-1.0,-0.1
3,NONE,-1.0,-0.1,-1.0,-0.1
3,NONE,-1.0,-0.1,-1.0,-0.1
3,NONE,-1.0,-0.1,-1.0,-0.1
3,NONE,-1.0,-0.1,-1.0,-0.1
3,NONE,-1.0,-0.1,-1.0,-0.1
3,NONE,-1.0,-0.1,-1.0,-0.1
3,NONE,-1.0,-0.1,-1.0,-0.1
3,NONE,-1.0,-0.1,-1.0,-0.1
3,NONE,-1.0,-0.1,-1.0,-0.1
3,NONE,-1.0,-0.1,-1.0,-0.1
3,NONE,-1.0,-0.1,-1.0,-0.1
3,NONE,-1.0,-0.1,-1.0,-0.1
3,NONE,-1.0,-0.1,-1.0,-0.1
3,NONE,-1.0,-0.1,-1.0,-0.1
3,NONE,-1.0,-0.1,-1.0,-0.1
3,NONE,-1.0,-0.1,-1.0,-0.1
3,NONE,-1.0,-0.1,-1.0,-0.1
3,NONE,-1.0,-0.1,-1.0,-0.1
3,NONE,-1.0,-0.1,-1.0,-0.1
3,NONE,-1.0,-0.1,-1.0,-0.1
3,NONE,-1.0,-0.1,-1.0,-0.1
3,NONE,-1.0,-0.1,-1.0,-0.1
3,NONE,-1.0,-0.1,-1.0,-0.1
3,NONE,-1.0,-0.1,-1.0,-0.1
3,NONE,-1.0,-0.1,-1.0,-0.1
3,NONE,-1.0,-0.1,-1.0,-0.1
3,NONE,-1.0,-0.1,-1.0,-0.1
3,NONE,-1.0,-0.1,-1.0,-0.1
2,EV_B07_C030_Mototaxi_Electrica,-1.0,-0.1,7.0,60.98469682056107
1,EV_B07_C030_Mototaxi_Electrica,6.0,82.00536311631222,-1.0,60.98469682056107
1,EV_B07_C030_Mototaxi_Electrica,5.0,82.00536311631222,-1.0,60.98469682056107
1,EV_B07_C030_Mototaxi_Electrica,4.0,82.00536311631222,-1.0,60.98469682056107
1,EV_B07_C030_Mototaxi_Electrica,3.0,82.00536311631222,-1.0,60.98469682056107
1,EV_B07_C030_Mototaxi_Electrica,2.0,82.00536311631222,-1.0,60.98469682056107
1,EV_B07_C030_Mototaxi_Electrica,1.0,82.00536311631222,-1.0,60.98469682056107
1,EV_B07_C030_Mototaxi_Electrica,0.0,82.00536311631222,-1.0,60.98469682056107
3,NONE,-1.0,-0.1,-1.0,-0.1
3,NONE,-1.0,-0.1,-1.0,-0.1
3,NONE,-1.0,-0.1,-1.0,-0.1
3,NONE,-1.0,-0.1,-1.0,-0.1
3,NONE,-1.0,-0.1,-1.0,-0.1
3,NONE,-1.0,-0.1,-1.0,-0.1
3,NONE,-1.0,-0.1,-1.0,-0.1
3,NONE,-1.0,-0.1,-1.0,-0.1
3,NONE,-1.0,-0.1,-1.0,-0.1
3,NONE,-1.0,-0.1,-1.0,-0.1
3,NONE,-1.0,-0.1,-1.0,-0.1
3,NONE,-1.0,-0.1,-1.0,-0.1
3,NONE,-1.0,-0.1,-1.0,-0.1
3,NONE,-1.0,-0.1,-1.0,-0.1
3,NONE,-1.0,-0.1,-1.0,-0.1
3,NONE,-1.0,-0.1,-1.0,-0.1
3,NONE,-1.0,-0.1,-1.0,-0.1
3,NONE,-1.0,-0.1,-1.0,-0.1
3,NONE,-1.0,-0.1,-1.0,-0.1
3,NONE,-1.0,-0.1,-1.0,-0.1
3,NONE,-1.0,-0.1,-1.0,-0.1
3,NONE,-1.0,-0.1,-1.0,-0.1
3,NONE,-1.0,-0.1,-1.0,-0.1
3,NONE,-1.0,-0.1,-1.0,-0.1
3,NONE,-1.0,-0.1,-1.0,-0.1
3,NONE,-1.0,-0.1,-1.0,-0.1
3,NONE,-1.0,-0.1,-1.0,-0.1
3,NONE,-1.0,-0.1,-1.0,-0.1
3,NONE,-1.0,-0.1,-1.0,-0.1
3,NONE,-1.0,-0.1,-1.0,-0.1
3,NONE,-1.0,-0.1,-1.0,-0.1
3,NONE,-1.0,-0.1,-1.0,-0.1
3,NONE,-1.0,-0.1,-1.0,-0.1
3,NONE,-1.0,-0.1,-1.0,-0.1
3,NONE,-1.0,-0.1,-1.0,-0.1
3,NONE,-1.0,-0.1,-1.0,-0.1
3,NONE,-1.0,-0.1,-1.0,-0.1
3,NONE,-1.0,-0.1,-1.0,-0.1
3,NONE,-1.0,-0.1,-1.0,-0.1
3,NONE,-1.0,-0.1,-1.0,-0.1
2,EV_B07_C030_Mototaxi_Electrica,-1.0,-0.1,7.0,34.58395077478495
1,EV_B07_C030_Mototaxi_Electrica,7.0,75.22831279489832,-1.0,34.58395077478495
1,EV_B07_C030_Mototaxi_Electrica,6.0,75.22831279489832,-1.0,34.58395077478495
1,EV_B07_C030_Mototaxi_Electrica,5.0,75.22831279489832,-1.0,34.58395077478495
1,EV_B07_C030_Mototaxi_Electrica,4.0,75.22831279489832,-1.0,34.58395077478495
1,EV_B07_C030_Mototaxi_Electrica,3.0,75.22831279489832,-1.0,34.58395077478495
1,EV_B07_C030_Mototaxi_Electrica,2.0,75.22831279489832,-1.0,34.58395077478495
1,EV_B07_C030_Mototaxi_Electrica,1.0,75.22831279489832,-1.0,34.58395077478495
1,EV_B07_C030_Mototaxi_Electrica,0.0,75.22831279489832,-1.0,34.58395077478495
3,NONE,-1.0,-0.1,-1.0,-0.1
3,NONE,-1.0,-0.1,-1.0,-0.1
3,NONE,-1.0,-0.1,-1.0,-0.1
3,NONE,-1.0,-0.1,-1.0,-0.1
3,NONE,-1.0,-0.1,-1.0,-0.1
3,NONE,-1.0,-0.1,-1.0,-0.1
3,NONE,-1.0,-0.1,-1.0,-0.1
3,NONE,-1.0,-0.1,-1.0,-0.1
3,NONE,-1.0,-0.1,-1.0,-0.1
3,NONE,-1.0,-0.1,-1.0,-0.1
3,NONE,-1.0,-0.1,-1.0,-0.1
3,NONE,-1.0,-0.1,-1.0,-0.1
3,NONE,-1.0,-0.1,-1.0,-0.1
3,NONE,-1.0,-0.1,-1.0,-0.1
3,NONE,-1.0,-0.1,-1.0,-0.1
3,NONE,-1.0,-0.1,-1.0,-0.1
3,NONE,-1.0,-0.1,-1.0,-0.1
3,NONE,-1.0,-0.1,-1.0,-0.1
3,NONE,-1.0,-0.1,-1.0,-0.1
3,NONE,-1.0,-0.1,-1.0,-0.1
3,NONE,-1.0,-0.1,-1.0,-0.1
3,NONE,-1.0,-0.1,-1.0,-0.1
3,NONE,-1.0,-0.1,-1.0,-0.1
3,NONE,-1.0,-0.1,-1.0,-0.1
3,NONE,-1.0,-0.1,-1.0,-0.1
3,NONE,-1.0,-0.1,-1.0,-0.1
3,NONE,-1.0,-0.1,-1.0,-0.1
3,NONE,-1.0,-0.1,-1.0,-0.1
3,NONE,-1.0,-0.1,-1.0,-0.1
3,NONE,-1.0,-0.1,-1.0,-0.1
3,NONE,-1.0,-0.1,-1.0,-0.1
3,NONE,-1.0,-0.1,-1.0,-0.1
3,NONE,-1.0,-0.1,-1.0,-0.1
3,NONE,-1.0,-0.1,-1.0,-0.1
3,NONE,-1.0,-0.1,-1.0,-0.1
3,NONE,-1.0,-0.1,-1.0,-0.1
3,NONE,-1.0,-0.1,-1.0,-0.1
3,NONE,-1.0,-0.1,-1.0,-0.1
3,NONE,-1.0,-0.1,-1.0,-0.1
3,NONE,-1.0,-0.1,-1.0,-0.1
3,NONE,-1.0,-0.1,-1.0,-0.1
3,NONE,-1.0,-0.1,-1.0,-0.1
3,NONE,-1.0,-0.1,-1.0,-0.1
3,NONE,-1.0,-0.1,-1.0,-0.1
3,NONE,-1.0,-0.1,-1.0,-0.1
3,NONE,-1.0,-0.1,-1.0,-0.1
3,NONE,-1.0,-0.1,-1.0,-0.1
3,NONE,-1.0,-0.1,-1.0,-0.1
3,NONE,-1.0,-0.1,-1.0,-0.1
3,NONE,-1.0,-0.1,-1.0,-0.1
3,NONE,-1.0,-0.1,-1.0,-0.1
3,NONE,-1.0,-0.1,-1.0,-0.1
3,NONE,-1.0,-0.1,-1.0,-0.1
3,NONE,-1.0,-0.1,-1.0,-0.1
3,NONE,-1.0,-0.1,-1.0,-0.1
3,NONE,-1.0,-0.1,-1.0,-0.1
3,NONE,-1.0,-0.1,-1.0,-0.1
3,NONE,-1.0,-0.1,-1.0,-0.1
3,NONE,-1.0,-0.1,-1.0,-0.1
3,NONE,-1.0,-0.1,-1.0,-0.1
3,NONE,-1.0,-0.1,-1.0,-0.1
3,NONE,-1.0,-0.1,-1.0,-0.1
3,NONE,-1.0,-0.1,-1.0,-0.1
3,NONE,-1.0,-0.1,-1.0,-0.1
3,NONE,-1.0,-0.1,-1.0,-0.1
2,EV_B07_C030_Mototaxi_Electrica,-1.0,-0.1,9.0,20.732001874274328
1,EV_B07_C030_Mototaxi_Electrica,5.0,86.54991095179206,-1.0,20.732001874274328
1,EV_B07_C030_Mototaxi_Electrica,4.0,86.54991095179206,-1.0,20.732001874274328
1,EV_B07_C030_Mototaxi_Electrica,3.0,86.54991095179206,-1.0,20.732001874274328
1,EV_B07_C030_Mototaxi_Electrica,2.0,86.54991095179206,-1.0,20.732001874274328
1,EV_B07_C030_Mototaxi_Electrica,1.0,86.54991095179206,-1.0,20.732001874274328
1,EV_B07_C030_Mototaxi_Electrica,0.0,86.54991095179206,-1.0,20.732001874274328
3,NONE,-1.0,-0.1,-1.0,-0.1
3,NONE,-1.0,-0.1,-1.0,-0.1
3,NONE,-1.0,-0.1,-1.0,-0.1
3,NONE,-1.0,-0.1,-1.0,-0.1
3,NONE,-1.0,-0.1,-1.0,-0.1
3,NONE,-1.0,-0.1,-1.0,-0.1
3,NONE,-1.0,-0.1,-1.0,-0.1
3,NONE,-1.0,-0.1,-1.0,-0.1
3,NONE,-1.0,-0.1,-1.0,-0.1
3,NONE,-1.0,-0.1,-1.0,-0.1
3,NONE,-1.0,-0.1,-1.0,-0.1
3,NONE,-1.0,-0.1,-1.0,-0.1
3,NONE,-1.0,-0.1,-1.0,-0.1
3,NONE,-1.0,-0.1,-1.0,-0.1
3,NONE,-1.0,-0.1,-1.0,-0.1
3,NONE,-1.0,-0.1,-1.0,-0.1
3,NONE,-1.0,-0.1,-1.0,-0.1
2,EV_B07_C030_Mototaxi_Electrica,-1.0,-0.1,9.0,43.63049791222495
1,EV_B07_C030_Mototaxi_Electrica,5.0,74.11885419274606,-1.0,43.63049791222495
1,EV_B07_C030_Mototaxi_Electrica,4.0,74.11885419274606,-1.0,43.63049791222495
1,EV_B07_C030_Mototaxi_Electrica,3.0,74.11885419274606,-1.0,43.63049791222495
1,EV_B07_C030_Mototaxi_Electrica,2.0,74.11885419274606,-1.0,43.63049791222495
1,EV_B07_C030_Mototaxi_Electrica,1.0,74.11885419274606,-1.0,43.63049791222495
1,EV_B07_C030_Mototaxi_Electrica,0.0,74.11885419274606,-1.0,43.63049791222495
3,NONE,-1.0,-0.1,-1.0,-0.1
3,NONE,-1.0,-0.1,-1.0,-0.1
3,NONE,-1.0,-0.1,-1.0,-0.1
3,NONE,-1.0,-0.1,-1.0,-0.1
3,NONE,-1.0,-0.1,-1.0,-0.1
3,NONE,-1.0,-0.1,-1.0,-0.1
3,NONE,-1.0,-0.1,-1.0,-0.1
3,NONE,-1.0,-0.1,-1.0,-0.1
3,NONE,-1.0,-0.1,-1.0,-0.1
3,NONE,-1.0,-0.1,-1.0,-0.1
3,NONE,-1.0,-0.1,-1.0,-0.1
3,NONE,-1.0,-0.1,-1.0,-0.1
3,NONE,-1.0,-0.1,-1.0,-0.1
3,NONE,-1.0,-0.1,-1.0,-0.1
3,NONE,-1.0,-0.1,-1.0,-0.1
3,NONE,-1.0,-0.1,-1.0,-0.1
3,NONE,-1.0,-0.1,-1.0,-0.1
2,EV_B07_C030_Mototaxi_Electrica,-1.0,-0.1,9.0,39.90731934748702
1,EV_B07_C030_Mototaxi_Electrica,5.0,79.3717234674918,-1.0,39.90731934748702
1,EV_B07_C030_Mototaxi_Electrica,4.0,79.3717234674918,-1.0,39.90731934748702
1,EV_B07_C030_Mototaxi_Electrica,3.0,79.3717234674918,-1.0,39.90731934748702
1,EV_B07_C030_Mototaxi_Electrica,2.0,79.3717234674918,-1.0,39.90731934748702
1,EV_B07_C030_Mototaxi_Electrica,1.0,79.3717234674918,-1.0,39.90731934748702
1,EV_B07_C030_Mototaxi_Electrica,0.0,79.3717234674918,-1.0,39.90731934748702
3,NONE,-1.0,-0.1,-1.0,-0.1
3,NONE,-1.0,-0.1,-1.0,-0.1
3,NONE,-1.0,-0.1,-1.0,-0.1
3,NONE,-1.0,-0.1,-1.0,-0.1
3,NONE,-1.0,-0.1,-1.0,-0.1
3,NONE,-1.0,-0.1,-1.0,-0.1
3,NONE,-1.0,-0.1,-1.0,-0.1
3,NONE,-1.0,-0.1,-1.0,-0.1
3,NONE,-1.0,-0.1,-1.0,-0.1
3,NONE,-1.0,-0.1,-1.0,-0.1
3,NONE,-1.0,-0.1,-1.0,-0.1
3,NONE,-1.0,-0.1,-1.0,-0.1
3,NONE,-1.0,-0.1,-1.0,-0.1
3,NONE,-1.0,-0.1,-1.0,-0.1
3,NONE,-1.0,-0.1,-1.0,-0.1
3,NONE,-1.0,-0.1,-1.0,-0.1
2,EV_B07_C030_Mototaxi_Electrica,-1.0,-0.1,8.0,33.06823770005143
1,EV_B07_C030_Mototaxi_Electrica,6.0,87.6385725538914,-1.0,33.06823770005143
1,EV_B07_C030_Mototaxi_Electrica,5.0,87.6385725538914,-1.0,33.06823770005143
1,EV_B07_C030_Mototaxi_Electrica,4.0,87.6385725538914,-1.0,33.06823770005143
1,EV_B07_C030_Mototaxi_Electrica,3.0,87.6385725538914,-1.0,33.06823770005143
1,EV_B07_C030_Mototaxi_Electrica,2.0,87.6385725538914,-1.0,33.06823770005143
1,EV_B07_C030_Mototaxi_Electrica,1.0,87.6385725538914,-1.0,33.06823770005143
1,EV_B07_C030_Mototaxi_Electrica,0.0,87.6385725538914,-1.0,33.06823770005143
3,NONE,-1.0,-0.1,-1.0,-0.1
3,NONE,-1.0,-0.1,-1.0,-0.1
3,NONE,-1.0,-0.1,-1.0,-0.1
3,NONE,-1.0,-0.1,-1.0,-0.1
3,NONE,-1.0,-0.1,-1.0,-0.1
3,NONE,-1.0,-0.1,-1.0,-0.1
3,NONE,-1.0,-0.1,-1.0,-0.1
3,NONE,-1.0,-0.1,-1.0,-0.1
3,NONE,-1.0,-0.1,-1.0,-0.1
3,NONE,-1.0,-0.1,-1.0,-0.1
3,NONE,-1.0,-0.1,-1.0,-0.1
3,NONE,-1.0,-0.1,-1.0,-0.1
3,NONE,-1.0,-0.1,-1.0,-0.1
3,NONE,-1.0,-0.1,-1.0,-0.1
3,NONE,-1.0,-0.1,-1.0,-0.1
3,NONE,-1.0,-0.1,-1.0,-0.1
2,EV_B07_C030_Mototaxi_Electrica,-1.0,-0.1,8.0,47.20270836821953
1,EV_B07_C030_Mototaxi_Electrica,6.0,79.71589015535909,-1.0,47.20270836821953
1,EV_B07_C030_Mototaxi_Electrica,5.0,79.71589015535909,-1.0,47.20270836821953
1,EV_B07_C030_Mototaxi_Electrica,4.0,79.71589015535909,-1.0,47.20270836821953
1,EV_B07_C030_Mototaxi_Electrica,3.0,79.71589015535909,-1.0,47.20270836821953
1,EV_B07_C030_Mototaxi_Electrica,2.0,79.71589015535909,-1.0,47.20270836821953
1,EV_B07_C030_Mototaxi_Electrica,1.0,79.71589015535909,-1.0,47.20270836821953
1,EV_B07_C030_Mototaxi_Electrica,0.0,79.71589015535909,-1.0,47.20270836821953
3,NONE,-1.0,-0.1,-1.0,-0.1
3,NONE,-1.0,-0.1,-1.0,-0.1
3,NONE,-1.0,-0.1,-1.0,-0.1
3,NONE,-1.0,-0.1,-1.0,-0.1
3,NONE,-1.0,-0.1,-1.0,-0.1
3,NONE,-1.0,-0.1,-1.0,-0.1
3,NONE,-1.0,-0.1,-1.0,-0.1
3,NONE,-1.0,-0.1,-1.0,-0.1
3,NONE,-1.0,-0.1,-1.0,-0.1
3,NONE,-1.0,-0.1,-1.0,-0.1
3,NONE,-1.0,-0.1,-1.0,-0.1
3,NONE,-1.0,-0.1,-1.0,-0.1
3,NONE,-1.0,-0.1,-1.0,-0.1
3,NONE,-1.0,-0.1,-1.0,-0.1
3,NONE,-1.0,-0.1,-1.0,-0.1
3,NONE,-1.0,-0.1,-1.0,-0.1
3,NONE,-1.0,-0.1,-1.0,-0.1
3,NONE,-1.0,-0.1,-1.0,-0.1
3,NONE,-1.0,-0.1,-1.0,-0.1
3,NONE,-1.0,-0.1,-1.0,-0.1
3,NONE,-1.0,-0.1,-1.0,-0.1
3,NONE,-1.0,-0.1,-1.0,-0.1
3,NONE,-1.0,-0.1,-1.0,-0.1
3,NONE,-1.0,-0.1,-1.0,-0.1
3,NONE,-1.0,-0.1,-1.0,-0.1
3,NONE,-1.0,-0.1,-1.0,-0.1
3,NONE,-1.0,-0.1,-1.0,-0.1
3,NONE,-1.0,-0.1,-1.0,-0.1
3,NONE,-1.0,-0.1,-1.0,-0.1
3,NONE,-1.0,-0.1,-1.0,-0.1
3,NONE,-1.0,-0.1,-1.0,-0.1
3,NONE,-1.0,-0.1,-1.0,-0.1
3,NONE,-1.0,-0.1,-1.0,-0.1
3,NONE,-1.0,-0.1,-1.0,-0.1
3,NONE,-1.0,-0.1,-1.0,-0.1
3,NONE,-1.0,-0.1,-1.0,-0.1
3,NONE,-1.0,-0.1,-1.0,-0.1
3,NONE,-1.0,-0.1,-1.0,-0.1
3,NONE,-1.0,-0.1,-1.0,-0.1
3,NONE,-1.0,-0.1,-1.0,-0.1
3,NONE,-1.0,-0.1,-1.0,-0.1
3,NONE,-1.0,-0.1,-1.0,-0.1
3,NONE,-1.0,-0.1,-1.0,-0.1
3,NONE,-1.0,-0.1,-1.0,-0.1
3,NONE,-1.0,-0.1,-1.0,-0.1
3,NONE,-1.0,-0.1,-1.0,-0.1
3,NONE,-1.0,-0.1,-1.0,-0.1
3,NONE,-1.0,-0.1,-1.0,-0.1
3,NONE,-1.0,-0.1,-1.0,-0.1
3,NONE,-1.0,-0.1,-1.0,-0.1
3,NONE,-1.0,-0.1,-1.0,-0.1
3,NONE,-1.0,-0.1,-1.0,-0.1
3,NONE,-1.0,-0.1,-1.0,-0.1
3,NONE,-1.0,-0.1,-1.0,-0.1
3,NONE,-1.0,-0.1,-1.0,-0.1
3,NONE,-1.0,-0.1,-1.0,-0.1
3,NONE,-1.0,-0.1,-1.0,-0.1
3,NONE,-1.0,-0.1,-1.0,-0.1
3,NONE,-1.0,-0.1,-1.0,-0.1
3,NONE,-1.0,-0.1,-1.0,-0.1
3,NONE,-1.0,-0.1,-1.0,-0.1
3,NONE,-1.0,-0.1,-1.0,-0.1
3,NONE,-1.0,-0.1,-1.0,-0.1
3,NONE,-1.0,-0.1,-1.0,-0.1
3,NONE,-1.0,-0.1,-1.0,-0.1
3,NONE,-1.0,-0.1,-1.0,-0.1
3,NONE,-1.0,-0.1,-1.0,-0.1
3,NONE,-1.0,-0.1,-1.0,-0.1
3,NONE,-1.0,-0.1,-1.0,-0.1
3,NONE,-1.0,-0.1,-1.0,-0.1
3,NONE,-1.0,-0.1,-1.0,-0.1
3,NONE,-1.0,-0.1,-1.0,-0.1
3,NONE,-1.0,-0.1,-1.0,-0.1
3,NONE,-1.0,-0.1,-1.0,-0.1
3,NONE,-1.0,-0.1,-1.0,-0.1
3,NONE,-1.0,-0.1,-1.0,-0.1
3,NONE,-1.0,-0.1,-1.0,-0.1
3,NONE,-1.0,-0.1,-1.0,-0.1
3,NONE,-1.0,-0.1,-1.0,-0.1
3,NONE,-1.0,-0.1,-1.0,-0.1
3,NONE,-1.0,-0.1,-1.0,-0.1
3,NONE,-1.0,-0.1,-1.0,-0.1
3,NONE,-1.0,-0.1,-1.0,-0.1
3,NONE,-1.0,-0.1,-1.0,-0.1
3,NONE,-1.0,-0.1,-1.0,-0.1
3,NONE,-1.0,-0.1,-1.0,-0.1
3,NONE,-1.0,-0.1,-1.0,-0.1
2,EV_B07_C030_Mototaxi_Electrica,-1.0,-0.1,7.0,45.67789268135249
1,EV_B07_C030_Mototaxi_Electrica,6.0,92.8521096427416,-1.0,45.67789268135249
1,EV_B07_C030_Mototaxi_Electrica,5.0,92.8521096427416,-1.0,45.67789268135249
1,EV_B07_C030_Mototaxi_Electrica,4.0,92.8521096427416,-1.0,45.67789268135249
1,EV_B07_C030_Mototaxi_Electrica,3.0,92.8521096427416,-1.0,45.67789268135249
1,EV_B07_C030_Mototaxi_Electrica,2.0,92.8521096427416,-1.0,45.67789268135249
1,EV_B07_C030_Mototaxi_Electrica,1.0,92.8521096427416,-1.0,45.67789268135249
1,EV_B07_C030_Mototaxi_Electrica,0.0,92.8521096427416,-1.0,45.67789268135249
3,NONE,-1.0,-0.1,-1.0,-0.1
3,NONE,-1.0,-0.1,-1.0,-0.1
3,NONE,-1.0,-0.1,-1.0,-0.1
3,NONE,-1.0,-0.1,-1.0,-0.1
3,NONE,-1.0,-0.1,-1.0,-0.1
3,NONE,-1.0,-0.1,-1.0,-0.1
3,NONE,-1.0,-0.1,-1.0,-0.1
3,NONE,-1.0,-0.1,-1.0,-0.1
3,NONE,-1.0,-0.1,-1.0,-0.1
3,NONE,-1.0,-0.1,-1.0,-0.1
3,NONE,-1.0,-0.1,-1.0,-0.1
3,NONE,-1.0,-0.1,-1.0,-0.1
3,NONE,-1.0,-0.1,-1.0,-0.1
3,NONE,-1.0,-0.1,-1.0,-0.1
3,NONE,-1.0,-0.1,-1.0,-0.1
3,NONE,-1.0,-0.1,-1.0,-0.1
3,NONE,-1.0,-0.1,-1.0,-0.1
3,NONE,-1.0,-0.1,-1.0,-0.1
2,EV_B07_C030_Mototaxi_Electrica,-1.0,-0.1,9.0,14.483515175270899
1,EV_B07_C030_Mototaxi_Electrica,5.0,87.10603022365817,-1.0,14.483515175270899
1,EV_B07_C030_Mototaxi_Electrica,4.0,87.10603022365817,-1.0,14.483515175270899
1,EV_B07_C030_Mototaxi_Electrica,3.0,87.10603022365817,-1.0,14.483515175270899
1,EV_B07_C030_Mototaxi_Electrica,2.0,87.10603022365817,-1.0,14.483515175270899
1,EV_B07_C030_Mototaxi_Electrica,1.0,87.10603022365817,-1.0,14.483515175270899
1,EV_B07_C030_Mototaxi_Electrica,0.0,87.10603022365817,-1.0,14.483515175270899
3,NONE,-1.0,-0.1,-1.0,-0.1
3,NONE,-1.0,-0.1,-1.0,-0.1
3,NONE,-1.0,-0.1,-1.0,-0.1
3,NONE,-1.0,-0.1,-1.0,-0.1
3,NONE,-1.0,-0.1,-1.0,-0.1
3,NONE,-1.0,-0.1,-1.0,-0.1
3,NONE,-1.0,-0.1,-1.0,-0.1
3,NONE,-1.0,-0.1,-1.0,-0.1
3,NONE,-1.0,-0.1,-1.0,-0.1
3,NONE,-1.0,-0.1,-1.0,-0.1
3,NONE,-1.0,-0.1,-1.0,-0.1
3,NONE,-1.0,-0.1,-1.0,-0.1
3,NONE,-1.0,-0.1,-1.0,-0.1
3,NONE,-1.0,-0.1,-1.0,-0.1
3,NONE,-1.0,-0.1,-1.0,-0.1
3,NONE,-1.0,-0.1,-1.0,-0.1
3,NONE,-1.0,-0.1,-1.0,-0.1
3,NONE,-1.0,-0.1,-1.0,-0.1
3,NONE,-1.0,-0.1,-1.0,-0.1
3,NONE,-1.0,-0.1,-1.0,-0.1
3,NONE,-1.0,-0.1,-1.0,-0.1
3,NONE,-1.0,-0.1,-1.0,-0.1
3,NONE,-1.0,-0.1,-1.0,-0.1
3,NONE,-1.0,-0.1,-1.0,-0.1
3,NONE,-1.0,-0.1,-1.0,-0.1
3,NONE,-1.0,-0.1,-1.0,-0.1
3,NONE,-1.0,-0.1,-1.0,-0.1
3,NONE,-1.0,-0.1,-1.0,-0.1
3,NONE,-1.0,-0.1,-1.0,-0.1
3,NONE,-1.0,-0.1,-1.0,-0.1
3,NONE,-1.0,-0.1,-1.0,-0.1
3,NONE,-1.0,-0.1,-1.0,-0.1
3,NONE,-1.0,-0.1,-1.0,-0.1
3,NONE,-1.0,-0.1,-1.0,-0.1
3,NONE,-1.0,-0.1,-1.0,-0.1
3,NONE,-1.0,-0.1,-1.0,-0.1
3,NONE,-1.0,-0.1,-1.0,-0.1
3,NONE,-1.0,-0.1,-1.0,-0.1
3,NONE,-1.0,-0.1,-1.0,-0.1
3,NONE,-1.0,-0.1,-1.0,-0.1
3,NONE,-1.0,-0.1,-1.0,-0.1
3,NONE,-1.0,-0.1,-1.0,-0.1
2,EV_B07_C030_Mototaxi_Electrica,-1.0,-0.1,10.0,28.876428045847355
1,EV_B07_C030_Mototaxi_Electrica,4.0,82.23956543281193,-1.0,28.876428045847355
1,EV_B07_C030_Mototaxi_Electrica,3.0,82.23956543281193,-1.0,28.876428045847355
1,EV_B07_C030_Mototaxi_Electrica,2.0,82.23956543281193,-1.0,28.876428045847355
1,EV_B07_C030_Mototaxi_Electrica,1.0,82.23956543281193,-1.0,28.876428045847355
1,EV_B07_C030_Mototaxi_Electrica,0.0,82.23956543281193,-1.0,28.876428045847355
3,NONE,-1.0,-0.1,-1.0,-0.1
3,NONE,-1.0,-0.1,-1.0,-0.1
3,NONE,-1.0,-0.1,-1.0,-0.1
3,NONE,-1.0,-0.1,-1.0,-0.1
3,NONE,-1.0,-0.1,-1.0,-0.1
3,NONE,-1.0,-0.1,-1.0,-0.1
3,NONE,-1.0,-0.1,-1.0,-0.1
3,NONE,-1.0,-0.1,-1.0,-0.1
3,NONE,-1.0,-0.1,-1.0,-0.1
3,NONE,-1.0,-0.1,-1.0,-0.1
3,NONE,-1.0,-0.1,-1.0,-0.1
3,NONE,-1.0,-0.1,-1.0,-0.1
3,NONE,-1.0,-0.1,-1.0,-0.1
3,NONE,-1.0,-0.1,-1.0,-0.1
3,NONE,-1.0,-0.1,-1.0,-0.1
3,NONE,-1.0,-0.1,-1.0,-0.1
3,NONE,-1.0,-0.1,-1.0,-0.1
3,NONE,-1.0,-0.1,-1.0,-0.1
3,NONE,-1.0,-0.1,-1.0,-0.1
3,NONE,-1.0,-0.1,-1.0,-0.1
3,NONE,-1.0,-0.1,-1.0,-0.1
3,NONE,-1.0,-0.1,-1.0,-0.1
3,NONE,-1.0,-0.1,-1.0,-0.1
3,NONE,-1.0,-0.1,-1.0,-0.1
3,NONE,-1.0,-0.1,-1.0,-0.1
3,NONE,-1.0,-0.1,-1.0,-0.1
3,NONE,-1.0,-0.1,-1.0,-0.1
3,NONE,-1.0,-0.1,-1.0,-0.1
3,NONE,-1.0,-0.1,-1.0,-0.1
3,NONE,-1.0,-0.1,-1.0,-0.1
3,NONE,-1.0,-0.1,-1.0,-0.1
3,NONE,-1.0,-0.1,-1.0,-0.1
3,NONE,-1.0,-0.1,-1.0,-0.1
3,NONE,-1.0,-0.1,-1.0,-0.1
3,NONE,-1.0,-0.1,-1.0,-0.1
3,NONE,-1.0,-0.1,-1.0,-0.1
3,NONE,-1.0,-0.1,-1.0,-0.1
3,NONE,-1.0,-0.1,-1.0,-0.1
3,NONE,-1.0,-0.1,-1.0,-0.1
3,NONE,-1.0,-0.1,-1.0,-0.1
3,NONE,-1.0,-0.1,-1.0,-0.1
3,NONE,-1.0,-0.1,-1.0,-0.1
3,NONE,-1.0,-0.1,-1.0,-0.1
3,NONE,-1.0,-0.1,-1.0,-0.1
3,NONE,-1.0,-0.1,-1.0,-0.1
3,NONE,-1.0,-0.1,-1.0,-0.1
3,NONE,-1.0,-0.1,-1.0,-0.1
3,NONE,-1.0,-0.1,-1.0,-0.1
3,NONE,-1.0,-0.1,-1.0,-0.1
3,NONE,-1.0,-0.1,-1.0,-0.1
3,NONE,-1.0,-0.1,-1.0,-0.1
3,NONE,-1.0,-0.1,-1.0,-0.1
3,NONE,-1.0,-0.1,-1.0,-0.1
3,NONE,-1.0,-0.1,-1.0,-0.1
3,NONE,-1.0,-0.1,-1.0,-0.1
3,NONE,-1.0,-0.1,-1.0,-0.1
3,NONE,-1.0,-0.1,-1.0,-0.1
3,NONE,-1.0,-0.1,-1.0,-0.1
3,NONE,-1.0,-0.1,-1.0,-0.1
3,NONE,-1.0,-0.1,-1.0,-0.1
3,NONE,-1.0,-0.1,-1.0,-0.1
3,NONE,-1.0,-0.1,-1.0,-0.1
3,NONE,-1.0,-0.1,-1.0,-0.1
3,NONE,-1.0,-0.1,-1.0,-0.1
3,NONE,-1.0,-0.1,-1.0,-0.1
2,EV_B07_C030_Mototaxi_Electrica,-1.0,-0.1,9.0,53.776317925057796
1,EV_B07_C030_Mototaxi_Electrica,5.0,79.28369036719418,-1.0,53.776317925057796
1,EV_B07_C030_Mototaxi_Electrica,4.0,79.28369036719418,-1.0,53.776317925057796
1,EV_B07_C030_Mototaxi_Electrica,3.0,79.28369036719418,-1.0,53.776317925057796
1,EV_B07_C030_Mototaxi_Electrica,2.0,79.28369036719418,-1.0,53.776317925057796
1,EV_B07_C030_Mototaxi_Electrica,1.0,79.28369036719418,-1.0,53.776317925057796
1,EV_B07_C030_Mototaxi_Electrica,0.0,79.28369036719418,-1.0,53.776317925057796
3,NONE,-1.0,-0.1,-1.0,-0.1
3,NONE,-1.0,-0.1,-1.0,-0.1
3,NONE,-1.0,-0.1,-1.0,-0.1
3,NONE,-1.0,-0.1,-1.0,-0.1
3,NONE,-1.0,-0.1,-1.0,-0.1
3,NONE,-1.0,-0.1,-1.0,-0.1
3,NONE,-1.0,-0.1,-1.0,-0.1
3,NONE,-1.0,-0.1,-1.0,-0.1
3,NONE,-1.0,-0.1,-1.0,-0.1
3,NONE,-1.0,-0.1,-1.0,-0.1
3,NONE,-1.0,-0.1,-1.0,-0.1
3,NONE,-1.0,-0.1,-1.0,-0.1
3,NONE,-1.0,-0.1,-1.0,-0.1
3,NONE,-1.0,-0.1,-1.0,-0.1
3,NONE,-1.0,-0.1,-1.0,-0.1
3,NONE,-1.0,-0.1,-1.0,-0.1
2,EV_B07_C030_Mototaxi_Electrica,-1.0,-0.1,8.0,44.562490092676555
1,EV_B07_C030_Mototaxi_Electrica,6.0,91.30186055370595,-1.0,44.562490092676555
1,EV_B07_C030_Mototaxi_Electrica,5.0,91.30186055370595,-1.0,44.562490092676555
1,EV_B07_C030_Mototaxi_Electrica,4.0,91.30186055370595,-1.0,44.562490092676555
1,EV_B07_C030_Mototaxi_Electrica,3.0,91.30186055370595,-1.0,44.562490092676555
1,EV_B07_C030_Mototaxi_Electrica,2.0,91.30186055370595,-1.0,44.562490092676555
1,EV_B07_C030_Mototaxi_Electrica,1.0,91.30186055370595,-1.0,44.562490092676555
1,EV_B07_C030_Mototaxi_Electrica,0.0,91.30186055370595,-1.0,44.562490092676555
3,NONE,-1.0,-0.1,-1.0,-0.1
3,NONE,-1.0,-0.1,-1.0,-0.1
3,NONE,-1.0,-0.1,-1.0,-0.1
3,NONE,-1.0,-0.1,-1.0,-0.1
3,NONE,-1.0,-0.1,-1.0,-0.1
3,NONE,-1.0,-0.1,-1.0,-0.1
3,NONE,-1.0,-0.1,-1.0,-0.1
3,NONE,-1.0,-0.1,-1.0,-0.1
3,NONE,-1.0,-0.1,-1.0,-0.1
3,NONE,-1.0,-0.1,-1.0,-0.1
3,NONE,-1.0,-0.1,-1.0,-0.1
3,NONE,-1.0,-0.1,-1.0,-0.1
3,NONE,-1.0,-0.1,-1.0,-0.1
3,NONE,-1.0,-0.1,-1.0,-0.1
3,NONE,-1.0,-0.1,-1.0,-0.1
3,NONE,-1.0,-0.1,-1.0,-0.1
3,NONE,-1.0,-0.1,-1.0,-0.1
2,EV_B07_C030_Mototaxi_Electrica,-1.0,-0.1,9.0,19.59911578261618
1,EV_B07_C030_Mototaxi_Electrica,5.0,81.86527138760304,-1.0,19.59911578261618
1,EV_B07_C030_Mototaxi_Electrica,4.0,81.86527138760304,-1.0,19.59911578261618
1,EV_B07_C030_Mototaxi_Electrica,3.0,81.86527138760304,-1.0,19.59911578261618
1,EV_B07_C030_Mototaxi_Electrica,2.0,81.86527138760304,-1.0,19.59911578261618
1,EV_B07_C030_Mototaxi_Electrica,1.0,81.86527138760304,-1.0,19.59911578261618
1,EV_B07_C030_Mototaxi_Electrica,0.0,81.86527138760304,-1.0,19.59911578261618
3,NONE,-1.0,-0.1,-1.0,-0.1
3,NONE,-1.0,-0.1,-1.0,-0.1
3,NONE,-1.0,-0.1,-1.0,-0.1
3,NONE,-1.0,-0.1,-1.0,-0.1
3,NONE,-1.0,-0.1,-1.0,-0.1
3,NONE,-1.0,-0.1,-1.0,-0.1
3,NONE,-1.0,-0.1,-1.0,-0.1
3,NONE,-1.0,-0.1,-1.0,-0.1
3,NONE,-1.0,-0.1,-1.0,-0.1
3,NONE,-1.0,-0.1,-1.0,-0.1
3,NONE,-1.0,-0.1,-1.0,-0.1
3,NONE,-1.0,-0.1,-1.0,-0.1
3,NONE,-1.0,-0.1,-1.0,-0.1
3,NONE,-1.0,-0.1,-1.0,-0.1
3,NONE,-1.0,-0.1,-1.0,-0.1
3,NONE,-1.0,-0.1,-1.0,-0.1
3,NONE,-1.0,-0.1,-1.0,-0.1
2,EV_B07_C030_Mototaxi_Electrica,-1.0,-0.1,9.0,40.45825342709972
1,EV_B07_C030_Mototaxi_Electrica,5.0,74.99002876816064,-1.0,40.45825342709972
1,EV_B07_C030_Mototaxi_Electrica,4.0,74.99002876816064,-1.0,40.45825342709972
1,EV_B07_C030_Mototaxi_Electrica,3.0,74.99002876816064,-1.0,40.45825342709972
1,EV_B07_C030_Mototaxi_Electrica,2.0,74.99002876816064,-1.0,40.45825342709972
1,EV_B07_C030_Mototaxi_Electrica,1.0,74.99002876816064,-1.0,40.45825342709972
1,EV_B07_C030_Mototaxi_Electrica,0.0,74.99002876816064,-1.0,40.45825342709972
3,NONE,-1.0,-0.1,-1.0,-0.1
3,NONE,-1.0,-0.1,-1.0,-0.1
3,NONE,-1.0,-0.1,-1.0,-0.1
3,NONE,-1.0,-0.1,-1.0,-0.1
3,NONE,-1.0,-0.1,-1.0,-0.1
3,NONE,-1.0,-0.1,-1.0,-0.1
3,NONE,-1.0,-0.1,-1.0,-0.1
3,NONE,-1.0,-0.1,-1.0,-0.1
3,NONE,-1.0,-0.1,-1.0,-0.1
3,NONE,-1.0,-0.1,-1.0,-0.1
3,NONE,-1.0,-0.1,-1.0,-0.1
3,NONE,-1.0,-0.1,-1.0,-0.1
3,NONE,-1.0,-0.1,-1.0,-0.1
3,NONE,-1.0,-0.1,-1.0,-0.1
3,NONE,-1.0,-0.1,-1.0,-0.1
3,NONE,-1.0,-0.1,-1.0,-0.1
2,EV_B07_C030_Mototaxi_Electrica,-1.0,-0.1,8.0,55.68794484468225
1,EV_B07_C030_Mototaxi_Electrica,6.0,81.65279697198255,-1.0,55.68794484468225
1,EV_B07_C030_Mototaxi_Electrica,5.0,81.65279697198255,-1.0,55.68794484468225
1,EV_B07_C030_Mototaxi_Electrica,4.0,81.65279697198255,-1.0,55.68794484468225
1,EV_B07_C030_Mototaxi_Electrica,3.0,81.65279697198255,-1.0,55.68794484468225
1,EV_B07_C030_Mototaxi_Electrica,2.0,81.65279697198255,-1.0,55.68794484468225
1,EV_B07_C030_Mototaxi_Electrica,1.0,81.65279697198255,-1.0,55.68794484468225
1,EV_B07_C030_Mototaxi_Electrica,0.0,81.65279697198255,-1.0,55.68794484468225
3,NONE,-1.0,-0.1,-1.0,-0.1
3,NONE,-1.0,-0.1,-1.0,-0.1
3,NONE,-1.0,-0.1,-1.0,-0.1
3,NONE,-1.0,-0.1,-1.0,-0.1
3,NONE,-1.0,-0.1,-1.0,-0.1
3,NONE,-1.0,-0.1,-1.0,-0.1
3,NONE,-1.0,-0.1,-1.0,-0.1
3,NONE,-1.0,-0.1,-1.0,-0.1
3,NONE,-1.0,-0.1,-1.0,-0.1
3,NONE,-1.0,-0.1,-1.0,-0.1
3,NONE,-1.0,-0.1,-1.0,-0.1
3,NONE,-1.0,-0.1,-1.0,-0.1
3,NONE,-1.0,-0.1,-1.0,-0.1
3,NONE,-1.0,-0.1,-1.0,-0.1
3,NONE,-1.0,-0.1,-1.0,-0.1
3,NONE,-1.0,-0.1,-1.0,-0.1
3,NONE,-1.0,-0.1,-1.0,-0.1
3,NONE,-1.0,-0.1,-1.0,-0.1
3,NONE,-1.0,-0.1,-1.0,-0.1
3,NONE,-1.0,-0.1,-1.0,-0.1
3,NONE,-1.0,-0.1,-1.0,-0.1
3,NONE,-1.0,-0.1,-1.0,-0.1
3,NONE,-1.0,-0.1,-1.0,-0.1
3,NONE,-1.0,-0.1,-1.0,-0.1
3,NONE,-1.0,-0.1,-1.0,-0.1
3,NONE,-1.0,-0.1,-1.0,-0.1
3,NONE,-1.0,-0.1,-1.0,-0.1
3,NONE,-1.0,-0.1,-1.0,-0.1
3,NONE,-1.0,-0.1,-1.0,-0.1
3,NONE,-1.0,-0.1,-1.0,-0.1
3,NONE,-1.0,-0.1,-1.0,-0.1
3,NONE,-1.0,-0.1,-1.0,-0.1
3,NONE,-1.0,-0.1,-1.0,-0.1
3,NONE,-1.0,-0.1,-1.0,-0.1
3,NONE,-1.0,-0.1,-1.0,-0.1
3,NONE,-1.0,-0.1,-1.0,-0.1
3,NONE,-1.0,-0.1,-1.0,-0.1
3,NONE,-1.0,-0.1,-1.0,-0.1
3,NONE,-1.0,-0.1,-1.0,-0.1
3,NONE,-1.0,-0.1,-1.0,-0.1
3,NONE,-1.0,-0.1,-1.0,-0.1
3,NONE,-1.0,-0.1,-1.0,-0.1
3,NONE,-1.0,-0.1,-1.0,-0.1
3,NONE,-1.0,-0.1,-1.0,-0.1
3,NONE,-1.0,-0.1,-1.0,-0.1
3,NONE,-1.0,-0.1,-1.0,-0.1
3,NONE,-1.0,-0.1,-1.0,-0.1
3,NONE,-1.0,-0.1,-1.0,-0.1
3,NONE,-1.0,-0.1,-1.0,-0.1
3,NONE,-1.0,-0.1,-1.0,-0.1
3,NONE,-1.0,-0.1,-1.0,-0.1
3,NONE,-1.0,-0.1,-1.0,-0.1
3,NONE,-1.0,-0.1,-1.0,-0.1
3,NONE,-1.0,-0.1,-1.0,-0.1
3,NONE,-1.0,-0.1,-1.0,-0.1
3,NONE,-1.0,-0.1,-1.0,-0.1
3,NONE,-1.0,-0.1,-1.0,-0.1
3,NONE,-1.0,-0.1,-1.0,-0.1
3,NONE,-1.0,-0.1,-1.0,-0.1
3,NONE,-1.0,-0.1,-1.0,-0.1
3,NONE,-1.0,-0.1,-1.0,-0.1
3,NONE,-1.0,-0.1,-1.0,-0.1
3,NONE,-1.0,-0.1,-1.0,-0.1
2,EV_B07_C030_Mototaxi_Electrica,-1.0,-0.1,7.0,11.346704530930875
1,EV_B07_C030_Mototaxi_Electrica,7.0,80.00404261714483,-1.0,11.346704530930875
1,EV_B07_C030_Mototaxi_Electrica,6.0,80.00404261714483,-1.0,11.346704530930875
1,EV_B07_C030_Mototaxi_Electrica,5.0,80.00404261714483,-1.0,11.346704530930875
1,EV_B07_C030_Mototaxi_Electrica,4.0,80.00404261714483,-1.0,11.346704530930875
1,EV_B07_C030_Mototaxi_Electrica,3.0,80.00404261714483,-1.0,11.346704530930875
1,EV_B07_C030_Mototaxi_Electrica,2.0,80.00404261714483,-1.0,11.346704530930875
1,EV_B07_C030_Mototaxi_Electrica,1.0,80.00404261714483,-1.0,11.346704530930875
1,EV_B07_C030_Mototaxi_Electrica,0.0,80.00404261714483,-1.0,11.346704530930875
3,NONE,-1.0,-0.1,-1.0,-0.1
3,NONE,-1.0,-0.1,-1.0,-0.1
3,NONE,-1.0,-0.1,-1.0,-0.1
3,NONE,-1.0,-0.1,-1.0,-0.1
3,NONE,-1.0,-0.1,-1.0,-0.1
3,NONE,-1.0,-0.1,-1.0,-0.1
3,NONE,-1.0,-0.1,-1.0,-0.1
3,NONE,-1.0,-0.1,-1.0,-0.1
3,NONE,-1.0,-0.1,-1.0,-0.1
3,NONE,-1.0,-0.1,-1.0,-0.1
3,NONE,-1.0,-0.1,-1.0,-0.1
3,NONE,-1.0,-0.1,-1.0,-0.1
3,NONE,-1.0,-0.1,-1.0,-0.1
3,NONE,-1.0,-0.1,-1.0,-0.1
3,NONE,-1.0,-0.1,-1.0,-0.1
2,EV_B07_C030_Mototaxi_Electrica,-1.0,-0.1,7.0,38.965334594176205
1,EV_B07_C030_Mototaxi_Electrica,7.0,82.65581042711969,-1.0,38.965334594176205
1,EV_B07_C030_Mototaxi_Electrica,6.0,82.65581042711969,-1.0,38.965334594176205
1,EV_B07_C030_Mototaxi_Electrica,5.0,82.65581042711969,-1.0,38.965334594176205
1,EV_B07_C030_Mototaxi_Electrica,4.0,82.65581042711969,-1.0,38.965334594176205
1,EV_B07_C030_Mototaxi_Electrica,3.0,82.65581042711969,-1.0,38.965334594176205
1,EV_B07_C030_Mototaxi_Electrica,2.0,82.65581042711969,-1.0,38.965334594176205
1,EV_B07_C030_Mototaxi_Electrica,1.0,82.65581042711969,-1.0,38.965334594176205
1,EV_B07_C030_Mototaxi_Electrica,0.0,82.65581042711969,-1.0,38.965334594176205
3,NONE,-1.0,-0.1,-1.0,-0.1
3,NONE,-1.0,-0.1,-1.0,-0.1
3,NONE,-1.0,-0.1,-1.0,-0.1
3,NONE,-1.0,-0.1,-1.0,-0.1
3,NONE,-1.0,-0.1,-1.0,-0.1
3,NONE,-1.0,-0.1,-1.0,-0.1
3,NONE,-1.0,-0.1,-1.0,-0.1
3,NONE,-1.0,-0.1,-1.0,-0.1
3,NONE,-1.0,-0.1,-1.0,-0.1
3,NONE,-1.0,-0.1,-1.0,-0.1
3,NONE,-1.0,-0.1,-1.0,-0.1
3,NONE,-1.0,-0.1,-1.0,-0.1
3,NONE,-1.0,-0.1,-1.0,-0.1
3,NONE,-1.0,-0.1,-1.0,-0.1
3,NONE,-1.0,-0.1,-1.0,-0.1
3,NONE,-1.0,-0.1,-1.0,-0.1
3,NONE,-1.0,-0.1,-1.0,-0.1
2,EV_B07_C030_Mototaxi_Electrica,-1.0,-0.1,9.0,29.68089065598041
1,EV_B07_C030_Mototaxi_Electrica,5.0,77.10180878427298,-1.0,29.68089065598041
1,EV_B07_C030_Mototaxi_Electrica,4.0,77.10180878427298,-1.0,29.68089065598041
1,EV_B07_C030_Mototaxi_Electrica,3.0,77.10180878427298,-1.0,29.68089065598041
1,EV_B07_C030_Mototaxi_Electrica,2.0,77.10180878427298,-1.0,29.68089065598041
1,EV_B07_C030_Mototaxi_Electrica,1.0,77.10180878427298,-1.0,29.68089065598041
1,EV_B07_C030_Mototaxi_Electrica,0.0,77.10180878427298,-1.0,29.68089065598041
3,NONE,-1.0,-0.1,-1.0,-0.1
3,NONE,-1.0,-0.1,-1.0,-0.1
3,NONE,-1.0,-0.1,-1.0,-0.1
3,NONE,-1.0,-0.1,-1.0,-0.1
3,NONE,-1.0,-0.1,-1.0,-0.1
3,NONE,-1.0,-0.1,-1.0,-0.1
3,NONE,-1.0,-0.1,-1.0,-0.1
3,NONE,-1.0,-0.1,-1.0,-0.1
3,NONE,-1.0,-0.1,-1.0,-0.1
3,NONE,-1.0,-0.1,-1.0,-0.1
3,NONE,-1.0,-0.1,-1.0,-0.1
3,NONE,-1.0,-0.1,-1.0,-0.1
3,NONE,-1.0,-0.1,-1.0,-0.1
3,NONE,-1.0,-0.1,-1.0,-0.1
3,NONE,-1.0,-0.1,-1.0,-0.1
3,NONE,-1.0,-0.1,-1.0,-0.1
3,NONE,-1.0,-0.1,-1.0,-0.1
3,NONE,-1.0,-0.1,-1.0,-0.1
2,EV_B07_C030_Mototaxi_Electrica,-1.0,-0.1,10.0,43.57564981108377
1,EV_B07_C030_Mototaxi_Electrica,4.0,90.75882034107863,-1.0,43.57564981108377
1,EV_B07_C030_Mototaxi_Electrica,3.0,90.75882034107863,-1.0,43.57564981108377
1,EV_B07_C030_Mototaxi_Electrica,2.0,90.75882034107863,-1.0,43.57564981108377
1,EV_B07_C030_Mototaxi_Electrica,1.0,90.75882034107863,-1.0,43.57564981108377
1,EV_B07_C030_Mototaxi_Electrica,0.0,90.75882034107863,-1.0,43.57564981108377
3,NONE,-1.0,-0.1,-1.0,-0.1
3,NONE,-1.0,-0.1,-1.0,-0.1
3,NONE,-1.0,-0.1,-1.0,-0.1
3,NONE,-1.0,-0.1,-1.0,-0.1
3,NONE,-1.0,-0.1,-1.0,-0.1
3,NONE,-1.0,-0.1,-1.0,-0.1
3,NONE,-1.0,-0.1,-1.0,-0.1
3,NONE,-1.0,-0.1,-1.0,-0.1
3,NONE,-1.0,-0.1,-1.0,-0.1
3,NONE,-1.0,-0.1,-1.0,-0.1
3,NONE,-1.0,-0.1,-1.0,-0.1
3,NONE,-1.0,-0.1,-1.0,-0.1
3,NONE,-1.0,-0.1,-1.0,-0.1
3,NONE,-1.0,-0.1,-1.0,-0.1
3,NONE,-1.0,-0.1,-1.0,-0.1
3,NONE,-1.0,-0.1,-1.0,-0.1
2,EV_B07_C030_Mototaxi_Electrica,-1.0,-0.1,8.0,56.289440412020504
1,EV_B07_C030_Mototaxi_Electrica,6.0,90.3829688041405,-1.0,56.289440412020504
1,EV_B07_C030_Mototaxi_Electrica,5.0,90.3829688041405,-1.0,56.289440412020504
1,EV_B07_C030_Mototaxi_Electrica,4.0,90.3829688041405,-1.0,56.289440412020504
1,EV_B07_C030_Mototaxi_Electrica,3.0,90.3829688041405,-1.0,56.289440412020504
1,EV_B07_C030_Mototaxi_Electrica,2.0,90.3829688041405,-1.0,56.289440412020504
1,EV_B07_C030_Mototaxi_Electrica,1.0,90.3829688041405,-1.0,56.289440412020504
1,EV_B07_C030_Mototaxi_Electrica,0.0,90.3829688041405,-1.0,56.289440412020504
3,NONE,-1.0,-0.1,-1.0,-0.1
3,NONE,-1.0,-0.1,-1.0,-0.1
3,NONE,-1.0,-0.1,-1.0,-0.1
3,NONE,-1.0,-0.1,-1.0,-0.1
3,NONE,-1.0,-0.1,-1.0,-0.1
3,NONE,-1.0,-0.1,-1.0,-0.1
3,NONE,-1.0,-0.1,-1.0,-0.1
3,NONE,-1.0,-0.1,-1.0,-0.1
3,NONE,-1.0,-0.1,-1.0,-0.1
3,NONE,-1.0,-0.1,-1.0,-0.1
3,NONE,-1.0,-0.1,-1.0,-0.1
3,NONE,-1.0,-0.1,-1.0,-0.1
3,NONE,-1.0,-0.1,-1.0,-0.1
3,NONE,-1.0,-0.1,-1.0,-0.1
3,NONE,-1.0,-0.1,-1.0,-0.1
3,NONE,-1.0,-0.1,-1.0,-0.1
3,NONE,-1.0,-0.1,-1.0,-0.1
3,NONE,-1.0,-0.1,-1.0,-0.1
3,NONE,-1.0,-0.1,-1.0,-0.1
3,NONE,-1.0,-0.1,-1.0,-0.1
3,NONE,-1.0,-0.1,-1.0,-0.1
3,NONE,-1.0,-0.1,-1.0,-0.1
3,NONE,-1.0,-0.1,-1.0,-0.1
3,NONE,-1.0,-0.1,-1.0,-0.1
3,NONE,-1.0,-0.1,-1.0,-0.1
3,NONE,-1.0,-0.1,-1.0,-0.1
3,NONE,-1.0,-0.1,-1.0,-0.1
3,NONE,-1.0,-0.1,-1.0,-0.1
3,NONE,-1.0,-0.1,-1.0,-0.1
3,NONE,-1.0,-0.1,-1.0,-0.1
3,NONE,-1.0,-0.1,-1.0,-0.1
3,NONE,-1.0,-0.1,-1.0,-0.1
3,NONE,-1.0,-0.1,-1.0,-0.1
3,NONE,-1.0,-0.1,-1.0,-0.1
3,NONE,-1.0,-0.1,-1.0,-0.1
3,NONE,-1.0,-0.1,-1.0,-0.1
3,NONE,-1.0,-0.1,-1.0,-0.1
3,NONE,-1.0,-0.1,-1.0,-0.1
3,NONE,-1.0,-0.1,-1.0,-0.1
3,NONE,-1.0,-0.1,-1.0,-0.1
3,NONE,-1.0,-0.1,-1.0,-0.1
3,NONE,-1.0,-0.1,-1.0,-0.1
3,NONE,-1.0,-0.1,-1.0,-0.1
3,NONE,-1.0,-0.1,-1.0,-0.1
3,NONE,-1.0,-0.1,-1.0,-0.1
3,NONE,-1.0,-0.1,-1.0,-0.1
3,NONE,-1.0,-0.1,-1.0,-0.1
3,NONE,-1.0,-0.1,-1.0,-0.1
3,NONE,-1.0,-0.1,-1.0,-0.1
3,NONE,-1.0,-0.1,-1.0,-0.1
3,NONE,-1.0,-0.1,-1.0,-0.1
3,NONE,-1.0,-0.1,-1.0,-0.1
3,NONE,-1.0,-0.1,-1.0,-0.1
3,NONE,-1.0,-0.1,-1.0,-0.1
3,NONE,-1.0,-0.1,-1.0,-0.1
3,NONE,-1.0,-0.1,-1.0,-0.1
3,NONE,-1.0,-0.1,-1.0,-0.1
3,NONE,-1.0,-0.1,-1.0,-0.1
3,NONE,-1.0,-0.1,-1.0,-0.1
3,NONE,-1.0,-0.1,-1.0,-0.1
3,NONE,-1.0,-0.1,-1.0,-0.1
3,NONE,-1.0,-0.1,-1.0,-0.1
3,NONE,-1.0,-0.1,-1.0,-0.1
2,EV_B07_C030_Mototaxi_Electrica,-1.0,-0.1,7.0,40.44370239548246
1,EV_B07_C030_Mototaxi_Electrica,7.0,76.5547068921015,-1.0,40.44370239548246
1,EV_B07_C030_Mototaxi_Electrica,6.0,76.5547068921015,-1.0,40.44370239548246
1,EV_B07_C030_Mototaxi_Electrica,5.0,76.5547068921015,-1.0,40.44370239548246
1,EV_B07_C030_Mototaxi_Electrica,4.0,76.5547068921015,-1.0,40.44370239548246
1,EV_B07_C030_Mototaxi_Electrica,3.0,76.5547068921015,-1.0,40.44370239548246
1,EV_B07_C030_Mototaxi_Electrica,2.0,76.5547068921015,-1.0,40.44370239548246
1,EV_B07_C030_Mototaxi_Electrica,1.0,76.5547068921015,-1.0,40.44370239548246
1,EV_B07_C030_Mototaxi_Electrica,0.0,76.5547068921015,-1.0,40.44370239548246
3,NONE,-1.0,-0.1,-1.0,-0.1
3,NONE,-1.0,-0.1,-1.0,-0.1
3,NONE,-1.0,-0.1,-1.0,-0.1
3,NONE,-1.0,-0.1,-1.0,-0.1
3,NONE,-1.0,-0.1,-1.0,-0.1
3,NONE,-1.0,-0.1,-1.0,-0.1
3,NONE,-1.0,-0.1,-1.0,-0.1
3,NONE,-1.0,-0.1,-1.0,-0.1
3,NONE,-1.0,-0.1,-1.0,-0.1
3,NONE,-1.0,-0.1,-1.0,-0.1
3,NONE,-1.0,-0.1,-1.0,-0.1
3,NONE,-1.0,-0.1,-1.0,-0.1
3,NONE,-1.0,-0.1,-1.0,-0.1
3,NONE,-1.0,-0.1,-1.0,-0.1
3,NONE,-1.0,-0.1,-1.0,-0.1
2,EV_B07_C030_Mototaxi_Electrica,-1.0,-0.1,7.0,34.316442731722425
1,EV_B07_C030_Mototaxi_Electrica,6.0,80.65944306276324,-1.0,34.316442731722425
1,EV_B07_C030_Mototaxi_Electrica,5.0,80.65944306276324,-1.0,34.316442731722425
1,EV_B07_C030_Mototaxi_Electrica,4.0,80.65944306276324,-1.0,34.316442731722425
1,EV_B07_C030_Mototaxi_Electrica,3.0,80.65944306276324,-1.0,34.316442731722425
1,EV_B07_C030_Mototaxi_Electrica,2.0,80.65944306276324,-1.0,34.316442731722425
1,EV_B07_C030_Mototaxi_Electrica,1.0,80.65944306276324,-1.0,34.316442731722425
1,EV_B07_C030_Mototaxi_Electrica,0.0,80.65944306276324,-1.0,34.316442731722425
3,NONE,-1.0,-0.1,-1.0,-0.1
3,NONE,-1.0,-0.1,-1.0,-0.1
3,NONE,-1.0,-0.1,-1.0,-0.1
3,NONE,-1.0,-0.1,-1.0,-0.1
3,NONE,-1.0,-0.1,-1.0,-0.1
3,NONE,-1.0,-0.1,-1.0,-0.1
3,NONE,-1.0,-0.1,-1.0,-0.1
3,NONE,-1.0,-0.1,-1.0,-0.1
3,NONE,-1.0,-0.1,-1.0,-0.1
3,NONE,-1.0,-0.1,-1.0,-0.1
3,NONE,-1.0,-0.1,-1.0,-0.1
3,NONE,-1.0,-0.1,-1.0,-0.1
3,NONE,-1.0,-0.1,-1.0,-0.1
3,NONE,-1.0,-0.1,-1.0,-0.1
3,NONE,-1.0,-0.1,-1.0,-0.1
3,NONE,-1.0,-0.1,-1.0,-0.1
3,NONE,-1.0,-0.1,-1.0,-0.1
3,NONE,-1.0,-0.1,-1.0,-0.1
3,NONE,-1.0,-0.1,-1.0,-0.1
3,NONE,-1.0,-0.1,-1.0,-0.1
3,NONE,-1.0,-0.1,-1.0,-0.1
3,NONE,-1.0,-0.1,-1.0,-0.1
3,NONE,-1.0,-0.1,-1.0,-0.1
3,NONE,-1.0,-0.1,-1.0,-0.1
3,NONE,-1.0,-0.1,-1.0,-0.1
3,NONE,-1.0,-0.1,-1.0,-0.1
3,NONE,-1.0,-0.1,-1.0,-0.1
3,NONE,-1.0,-0.1,-1.0,-0.1
3,NONE,-1.0,-0.1,-1.0,-0.1
3,NONE,-1.0,-0.1,-1.0,-0.1
3,NONE,-1.0,-0.1,-1.0,-0.1
3,NONE,-1.0,-0.1,-1.0,-0.1
3,NONE,-1.0,-0.1,-1.0,-0.1
3,NONE,-1.0,-0.1,-1.0,-0.1
3,NONE,-1.0,-0.1,-1.0,-0.1
3,NONE,-1.0,-0.1,-1.0,-0.1
3,NONE,-1.0,-0.1,-1.0,-0.1
3,NONE,-1.0,-0.1,-1.0,-0.1
3,NONE,-1.0,-0.1,-1.0,-0.1
3,NONE,-1.0,-0.1,-1.0,-0.1
3,NONE,-1.0,-0.1,-1.0,-0.1
2,EV_B07_C030_Mototaxi_Electrica,-1.0,-0.1,8.0,31.845169341317536
1,EV_B07_C030_Mototaxi_Electrica,6.0,82.75668353113883,-1.0,31.845169341317536
1,EV_B07_C030_Mototaxi_Electrica,5.0,82.75668353113883,-1.0,31.845169341317536
1,EV_B07_C030_Mototaxi_Electrica,4.0,82.75668353113883,-1.0,31.845169341317536
1,EV_B07_C030_Mototaxi_Electrica,3.0,82.75668353113883,-1.0,31.845169341317536
1,EV_B07_C030_Mototaxi_Electrica,2.0,82.75668353113883,-1.0,31.845169341317536
1,EV_B07_C030_Mototaxi_Electrica,1.0,82.75668353113883,-1.0,31.845169341317536
1,EV_B07_C030_Mototaxi_Electrica,0.0,82.75668353113883,-1.0,31.845169341317536
3,NONE,-1.0,-0.1,-1.0,-0.1
3,NONE,-1.0,-0.1,-1.0,-0.1
3,NONE,-1.0,-0.1,-1.0,-0.1
3,NONE,-1.0,-0.1,-1.0,-0.1
3,NONE,-1.0,-0.1,-1.0,-0.1
3,NONE,-1.0,-0.1,-1.0,-0.1
3,NONE,-1.0,-0.1,-1.0,-0.1
3,NONE,-1.0,-0.1,-1.0,-0.1
3,NONE,-1.0,-0.1,-1.0,-0.1
3,NONE,-1.0,-0.1,-1.0,-0.1
3,NONE,-1.0,-0.1,-1.0,-0.1
3,NONE,-1.0,-0.1,-1.0,-0.1
3,NONE,-1.0,-0.1,-1.0,-0.1
3,NONE,-1.0,-0.1,-1.0,-0.1
3,NONE,-1.0,-0.1,-1.0,-0.1
3,NONE,-1.0,-0.1,-1.0,-0.1
3,NONE,-1.0,-0.1,-1.0,-0.1
2,EV_B07_C030_Mototaxi_Electrica,-1.0,-0.1,9.0,50.75545206172776
1,EV_B07_C030_Mototaxi_Electrica,5.0,87.67030647806864,-1.0,50.75545206172776
1,EV_B07_C030_Mototaxi_Electrica,4.0,87.67030647806864,-1.0,50.75545206172776
1,EV_B07_C030_Mototaxi_Electrica,3.0,87.67030647806864,-1.0,50.75545206172776
1,EV_B07_C030_Mototaxi_Electrica,2.0,87.67030647806864,-1.0,50.75545206172776
1,EV_B07_C030_Mototaxi_Electrica,1.0,87.67030647806864,-1.0,50.75545206172776
1,EV_B07_C030_Mototaxi_Electrica,0.0,87.67030647806864,-1.0,50.75545206172776
3,NONE,-1.0,-0.1,-1.0,-0.1
3,NONE,-1.0,-0.1,-1.0,-0.1
3,NONE,-1.0,-0.1,-1.0,-0.1
3,NONE,-1.0,-0.1,-1.0,-0.1
3,NONE,-1.0,-0.1,-1.0,-0.1
3,NONE,-1.0,-0.1,-1.0,-0.1
3,NONE,-1.0,-0.1,-1.0,-0.1
3,NONE,-1.0,-0.1,-1.0,-0.1
3,NONE,-1.0,-0.1,-1.0,-0.1
3,NONE,-1.0,-0.1,-1.0,-0.1
3,NONE,-1.0,-0.1,-1.0,-0.1
3,NONE,-1.0,-0.1,-1.0,-0.1
3,NONE,-1.0,-0.1,-1.0,-0.1
3,NONE,-1.0,-0.1,-1.0,-0.1
3,NONE,-1.0,-0.1,-1.0,-0.1
3,NONE,-1.0,-0.1,-1.0,-0.1
3,NONE,-1.0,-0.1,-1.0,-0.1
3,NONE,-1.0,-0.1,-1.0,-0.1
3,NONE,-1.0,-0.1,-1.0,-0.1
3,NONE,-1.0,-0.1,-1.0,-0.1
3,NONE,-1.0,-0.1,-1.0,-0.1
3,NONE,-1.0,-0.1,-1.0,-0.1
3,NONE,-1.0,-0.1,-1.0,-0.1
3,NONE,-1.0,-0.1,-1.0,-0.1
3,NONE,-1.0,-0.1,-1.0,-0.1
3,NONE,-1.0,-0.1,-1.0,-0.1
3,NONE,-1.0,-0.1,-1.0,-0.1
3,NONE,-1.0,-0.1,-1.0,-0.1
3,NONE,-1.0,-0.1,-1.0,-0.1
3,NONE,-1.0,-0.1,-1.0,-0.1
3,NONE,-1.0,-0.1,-1.0,-0.1
3,NONE,-1.0,-0.1,-1.0,-0.1
3,NONE,-1.0,-0.1,-1.0,-0.1
3,NONE,-1.0,-0.1,-1.0,-0.1
3,NONE,-1.0,-0.1,-1.0,-0.1
3,NONE,-1.0,-0.1,-1.0,-0.1
3,NONE,-1.0,-0.1,-1.0,-0.1
3,NONE,-1.0,-0.1,-1.0,-0.1
3,NONE,-1.0,-0.1,-1.0,-0.1
3,NONE,-1.0,-0.1,-1.0,-0.1
3,NONE,-1.0,-0.1,-1.0,-0.1
3,NONE,-1.0,-0.1,-1.0,-0.1
3,NONE,-1.0,-0.1,-1.0,-0.1
3,NONE,-1.0,-0.1,-1.0,-0.1
3,NONE,-1.0,-0.1,-1.0,-0.1
3,NONE,-1.0,-0.1,-1.0,-0.1
3,NONE,-1.0,-0.1,-1.0,-0.1
3,NONE,-1.0,-0.1,-1.0,-0.1
3,NONE,-1.0,-0.1,-1.0,-0.1
3,NONE,-1.0,-0.1,-1.0,-0.1
3,NONE,-1.0,-0.1,-1.0,-0.1
3,NONE,-1.0,-0.1,-1.0,-0.1
3,NONE,-1.0,-0.1,-1.0,-0.1
3,NONE,-1.0,-0.1,-1.0,-0.1
3,NONE,-1.0,-0.1,-1.0,-0.1
3,NONE,-1.0,-0.1,-1.0,-0.1
3,NONE,-1.0,-0.1,-1.0,-0.1
3,NONE,-1.0,-0.1,-1.0,-0.1
3,NONE,-1.0,-0.1,-1.0,-0.1
3,NONE,-1.0,-0.1,-1.0,-0.1
3,NONE,-1.0,-0.1,-1.0,-0.1
3,NONE,-1.0,-0.1,-1.0,-0.1
3,NONE,-1.0,-0.1,-1.0,-0.1
2,EV_B07_C030_Mototaxi_Electrica,-1.0,-0.1,7.0,35.70719729089977
1,EV_B07_C030_Mototaxi_Electrica,7.0,74.5850064672575,-1.0,35.70719729089977
1,EV_B07_C030_Mototaxi_Electrica,6.0,74.5850064672575,-1.0,35.70719729089977
1,EV_B07_C030_Mototaxi_Electrica,5.0,74.5850064672575,-1.0,35.70719729089977
1,EV_B07_C030_Mototaxi_Electrica,4.0,74.5850064672575,-1.0,35.70719729089977
1,EV_B07_C030_Mototaxi_Electrica,3.0,74.5850064672575,-1.0,35.70719729089977
1,EV_B07_C030_Mototaxi_Electrica,2.0,74.5850064672575,-1.0,35.70719729089977
1,EV_B07_C030_Mototaxi_Electrica,1.0,74.5850064672575,-1.0,35.70719729089977
1,EV_B07_C030_Mototaxi_Electrica,0.0,74.5850064672575,-1.0,35.70719729089977
3,NONE,-1.0,-0.1,-1.0,-0.1
3,NONE,-1.0,-0.1,-1.0,-0.1
3,NONE,-1.0,-0.1,-1.0,-0.1
3,NONE,-1.0,-0.1,-1.0,-0.1
3,NONE,-1.0,-0.1,-1.0,-0.1
3,NONE,-1.0,-0.1,-1.0,-0.1
3,NONE,-1.0,-0.1,-1.0,-0.1
3,NONE,-1.0,-0.1,-1.0,-0.1
3,NONE,-1.0,-0.1,-1.0,-0.1
3,NONE,-1.0,-0.1,-1.0,-0.1
3,NONE,-1.0,-0.1,-1.0,-0.1
3,NONE,-1.0,-0.1,-1.0,-0.1
3,NONE,-1.0,-0.1,-1.0,-0.1
3,NONE,-1.0,-0.1,-1.0,-0.1
3,NONE,-1.0,-0.1,-1.0,-0.1
3,NONE,-1.0,-0.1,-1.0,-0.1
2,EV_B07_C030_Mototaxi_Electrica,-1.0,-0.1,8.0,57.22728894008994
1,EV_B07_C030_Mototaxi_Electrica,6.0,68.18446993360145,-1.0,57.22728894008994
1,EV_B07_C030_Mototaxi_Electrica,5.0,68.18446993360145,-1.0,57.22728894008994
1,EV_B07_C030_Mototaxi_Electrica,4.0,68.18446993360145,-1.0,57.22728894008994
1,EV_B07_C030_Mototaxi_Electrica,3.0,68.18446993360145,-1.0,57.22728894008994
1,EV_B07_C030_Mototaxi_Electrica,2.0,68.18446993360145,-1.0,57.22728894008994
1,EV_B07_C030_Mototaxi_Electrica,1.0,68.18446993360145,-1.0,57.22728894008994
1,EV_B07_C030_Mototaxi_Electrica,0.0,68.18446993360145,-1.0,57.22728894008994
3,NONE,-1.0,-0.1,-1.0,-0.1
3,NONE,-1.0,-0.1,-1.0,-0.1
3,NONE,-1.0,-0.1,-1.0,-0.1
3,NONE,-1.0,-0.1,-1.0,-0.1
3,NONE,-1.0,-0.1,-1.0,-0.1
3,NONE,-1.0,-0.1,-1.0,-0.1
3,NONE,-1.0,-0.1,-1.0,-0.1
3,NONE,-1.0,-0.1,-1.0,-0.1
3,NONE,-1.0,-0.1,-1.0,-0.1
3,NONE,-1.0,-0.1,-1.0,-0.1
3,NONE,-1.0,-0.1,-1.0,-0.1
3,NONE,-1.0,-0.1,-1.0,-0.1
3,NONE,-1.0,-0.1,-1.0,-0.1
3,NONE,-1.0,-0.1,-1.0,-0.1
3,NONE,-1.0,-0.1,-1.0,-0.1
2,EV_B07_C030_Mototaxi_Electrica,-1.0,-0.1,7.0,31.913437892303346
1,EV_B07_C030_Mototaxi_Electrica,7.0,86.1656628115177,-1.0,31.913437892303346
1,EV_B07_C030_Mototaxi_Electrica,6.0,86.1656628115177,-1.0,31.913437892303346
1,EV_B07_C030_Mototaxi_Electrica,5.0,86.1656628115177,-1.0,31.913437892303346
1,EV_B07_C030_Mototaxi_Electrica,4.0,86.1656628115177,-1.0,31.913437892303346
1,EV_B07_C030_Mototaxi_Electrica,3.0,86.1656628115177,-1.0,31.913437892303346
1,EV_B07_C030_Mototaxi_Electrica,2.0,86.1656628115177,-1.0,31.913437892303346
1,EV_B07_C030_Mototaxi_Electrica,1.0,86.1656628115177,-1.0,31.913437892303346
1,EV_B07_C030_Mototaxi_Electrica,0.0,86.1656628115177,-1.0,31.913437892303346
3,NONE,-1.0,-0.1,-1.0,-0.1
3,NONE,-1.0,-0.1,-1.0,-0.1
3,NONE,-1.0,-0.1,-1.0,-0.1
3,NONE,-1.0,-0.1,-1.0,-0.1
3,NONE,-1.0,-0.1,-1.0,-0.1
3,NONE,-1.0,-0.1,-1.0,-0.1
3,NONE,-1.0,-0.1,-1.0,-0.1
3,NONE,-1.0,-0.1,-1.0,-0.1
3,NONE,-1.0,-0.1,-1.0,-0.1
3,NONE,-1.0,-0.1,-1.0,-0.1
3,NONE,-1.0,-0.1,-1.0,-0.1
3,NONE,-1.0,-0.1,-1.0,-0.1
3,NONE,-1.0,-0.1,-1.0,-0.1
3,NONE,-1.0,-0.1,-1.0,-0.1
3,NONE,-1.0,-0.1,-1.0,-0.1
3,NONE,-1.0,-0.1,-1.0,-0.1
2,EV_B07_C030_Mototaxi_Electrica,-1.0,-0.1,8.0,38.338784083573714
1,EV_B07_C030_Mototaxi_Electrica,6.0,82.6131539735682,-1.0,38.338784083573714
1,EV_B07_C030_Mototaxi_Electrica,5.0,82.6131539735682,-1.0,38.338784083573714
1,EV_B07_C030_Mototaxi_Electrica,4.0,82.6131539735682,-1.0,38.338784083573714
1,EV_B07_C030_Mototaxi_Electrica,3.0,82.6131539735682,-1.0,38.338784083573714
1,EV_B07_C030_Mototaxi_Electrica,2.0,82.6131539735682,-1.0,38.338784083573714
1,EV_B07_C030_Mototaxi_Electrica,1.0,82.6131539735682,-1.0,38.338784083573714
1,EV_B07_C030_Mototaxi_Electrica,0.0,82.6131539735682,-1.0,38.338784083573714
3,NONE,-1.0,-0.1,-1.0,-0.1
3,NONE,-1.0,-0.1,-1.0,-0.1
3,NONE,-1.0,-0.1,-1.0,-0.1
3,NONE,-1.0,-0.1,-1.0,-0.1
3,NONE,-1.0,-0.1,-1.0,-0.1
3,NONE,-1.0,-0.1,-1.0,-0.1
3,NONE,-1.0,-0.1,-1.0,-0.1
3,NONE,-1.0,-0.1,-1.0,-0.1
3,NONE,-1.0,-0.1,-1.0,-0.1
3,NONE,-1.0,-0.1,-1.0,-0.1
3,NONE,-1.0,-0.1,-1.0,-0.1
3,NONE,-1.0,-0.1,-1.0,-0.1
3,NONE,-1.0,-0.1,-1.0,-0.1
3,NONE,-1.0,-0.1,-1.0,-0.1
3,NONE,-1.0,-0.1,-1.0,-0.1
3,NONE,-1.0,-0.1,-1.0,-0.1
3,NONE,-1.0,-0.1,-1.0,-0.1
3,NONE,-1.0,-0.1,-1.0,-0.1
3,NONE,-1.0,-0.1,-1.0,-0.1
3,NONE,-1.0,-0.1,-1.0,-0.1
3,NONE,-1.0,-0.1,-1.0,-0.1
3,NONE,-1.0,-0.1,-1.0,-0.1
3,NONE,-1.0,-0.1,-1.0,-0.1
3,NONE,-1.0,-0.1,-1.0,-0.1
3,NONE,-1.0,-0.1,-1.0,-0.1
3,NONE,-1.0,-0.1,-1.0,-0.1
3,NONE,-1.0,-0.1,-1.0,-0.1
3,NONE,-1.0,-0.1,-1.0,-0.1
3,NONE,-1.0,-0.1,-1.0,-0.1
3,NONE,-1.0,-0.1,-1.0,-0.1
3,NONE,-1.0,-0.1,-1.0,-0.1
3,NONE,-1.0,-0.1,-1.0,-0.1
3,NONE,-1.0,-0.1,-1.0,-0.1
3,NONE,-1.0,-0.1,-1.0,-0.1
3,NONE,-1.0,-0.1,-1.0,-0.1
3,NONE,-1.0,-0.1,-1.0,-0.1
3,NONE,-1.0,-0.1,-1.0,-0.1
3,NONE,-1.0,-0.1,-1.0,-0.1
3,NONE,-1.0,-0.1,-1.0,-0.1
3,NONE,-1.0,-0.1,-1.0,-0.1
3,NONE,-1.0,-0.1,-1.0,-0.1
3,NONE,-1.0,-0.1,-1.0,-0.1
3,NONE,-1.0,-0.1,-1.0,-0.1
3,NONE,-1.0,-0.1,-1.0,-0.1
3,NONE,-1.0,-0.1,-1.0,-0.1
3,NONE,-1.0,-0.1,-1.0,-0.1
3,NONE,-1.0,-0.1,-1.0,-0.1
3,NONE,-1.0,-0.1,-1.0,-0.1
3,NONE,-1.0,-0.1,-1.0,-0.1
3,NONE,-1.0,-0.1,-1.0,-0.1
3,NONE,-1.0,-0.1,-1.0,-0.1
3,NONE,-1.0,-0.1,-1.0,-0.1
3,NONE,-1.0,-0.1,-1.0,-0.1
3,NONE,-1.0,-0.1,-1.0,-0.1
3,NONE,-1.0,-0.1,-1.0,-0.1
3,NONE,-1.0,-0.1,-1.0,-0.1
3,NONE,-1.0,-0.1,-1.0,-0.1
3,NONE,-1.0,-0.1,-1.0,-0.1
3,NONE,-1.0,-0.1,-1.0,-0.1
3,NONE,-1.0,-0.1,-1.0,-0.1
3,NONE,-1.0,-0.1,-1.0,-0.1
3,NONE,-1.0,-0.1,-1.0,-0.1
3,NONE,-1.0,-0.1,-1.0,-0.1
3,NONE,-1.0,-0.1,-1.0,-0.1
3,NONE,-1.0,-0.1,-1.0,-0.1
3,NONE,-1.0,-0.1,-1.0,-0.1
3,NONE,-1.0,-0.1,-1.0,-0.1
3,NONE,-1.0,-0.1,-1.0,-0.1
3,NONE,-1.0,-0.1,-1.0,-0.1
3,NONE,-1.0,-0.1,-1.0,-0.1
3,NONE,-1.0,-0.1,-1.0,-0.1
3,NONE,-1.0,-0.1,-1.0,-0.1
3,NONE,-1.0,-0.1,-1.0,-0.1
3,NONE,-1.0,-0.1,-1.0,-0.1
3,NONE,-1.0,-0.1,-1.0,-0.1
3,NONE,-1.0,-0.1,-1.0,-0.1
3,NONE,-1.0,-0.1,-1.0,-0.1
3,NONE,-1.0,-0.1,-1.0,-0.1
3,NONE,-1.0,-0.1,-1.0,-0.1
3,NONE,-1.0,-0.1,-1.0,-0.1
3,NONE,-1.0,-0.1,-1.0,-0.1
3,NONE,-1.0,-0.1,-1.0,-0.1
3,NONE,-1.0,-0.1,-1.0,-0.1
3,NONE,-1.0,-0.1,-1.0,-0.1
3,NONE,-1.0,-0.1,-1.0,-0.1
3,NONE,-1.0,-0.1,-1.0,-0.1
3,NONE,-1.0,-0.1,-1.0,-0.1
2,EV_B07_C030_Mototaxi_Electrica,-1.0,-0.1,7.0,51.650414340434516
1,EV_B07_C030_Mototaxi_Electrica,7.0,74.0573864524441,-1.0,51.650414340434516
1,EV_B07_C030_Mototaxi_Electrica,6.0,74.0573864524441,-1.0,51.650414340434516
1,EV_B07_C030_Mototaxi_Electrica,5.0,74.0573864524441,-1.0,51.650414340434516
1,EV_B07_C030_Mototaxi_Electrica,4.0,74.0573864524441,-1.0,51.650414340434516
1,EV_B07_C030_Mototaxi_Electrica,3.0,74.0573864524441,-1.0,51.650414340434516
1,EV_B07_C030_Mototaxi_Electrica,2.0,74.0573864524441,-1.0,51.650414340434516
1,EV_B07_C030_Mototaxi_Electrica,1.0,74.0573864524441,-1.0,51.650414340434516
1,EV_B07_C030_Mototaxi_Electrica,0.0,74.0573864524441,-1.0,51.650414340434516
3,NONE,-1.0,-0.1,-1.0,-0.1
3,NONE,-1.0,-0.1,-1.0,-0.1
3,NONE,-1.0,-0.1,-1.0,-0.1
3,NONE,-1.0,-0.1,-1.0,-0.1
3,NONE,-1.0,-0.1,-1.0,-0.1
3,NONE,-1.0,-0.1,-1.0,-0.1
3,NONE,-1.0,-0.1,-1.0,-0.1
3,NONE,-1.0,-0.1,-1.0,-0.1
3,NONE,-1.0,-0.1,-1.0,-0.1
3,NONE,-1.0,-0.1,-1.0,-0.1
3,NONE,-1.0,-0.1,-1.0,-0.1
3,NONE,-1.0,-0.1,-1.0,-0.1
3,NONE,-1.0,-0.1,-1.0,-0.1
3,NONE,-1.0,-0.1,-1.0,-0.1
3,NONE,-1.0,-0.1,-1.0,-0.1
3,NONE,-1.0,-0.1,-1.0,-0.1
3,NONE,-1.0,-0.1,-1.0,-0.1
3,NONE,-1.0,-0.1,-1.0,-0.1
3,NONE,-1.0,-0.1,-1.0,-0.1
3,NONE,-1.0,-0.1,-1.0,-0.1
3,NONE,-1.0,-0.1,-1.0,-0.1
3,NONE,-1.0,-0.1,-1.0,-0.1
3,NONE,-1.0,-0.1,-1.0,-0.1
3,NONE,-1.0,-0.1,-1.0,-0.1
3,NONE,-1.0,-0.1,-1.0,-0.1
3,NONE,-1.0,-0.1,-1.0,-0.1
3,NONE,-1.0,-0.1,-1.0,-0.1
3,NONE,-1.0,-0.1,-1.0,-0.1
3,NONE,-1.0,-0.1,-1.0,-0.1
3,NONE,-1.0,-0.1,-1.0,-0.1
3,NONE,-1.0,-0.1,-1.0,-0.1
3,NONE,-1.0,-0.1,-1.0,-0.1
3,NONE,-1.0,-0.1,-1.0,-0.1
3,NONE,-1.0,-0.1,-1.0,-0.1
3,NONE,-1.0,-0.1,-1.0,-0.1
3,NONE,-1.0,-0.1,-1.0,-0.1
3,NONE,-1.0,-0.1,-1.0,-0.1
3,NONE,-1.0,-0.1,-1.0,-0.1
3,NONE,-1.0,-0.1,-1.0,-0.1
2,EV_B07_C030_Mototaxi_Electrica,-1.0,-0.1,7.0,18.855134926721057
1,EV_B07_C030_Mototaxi_Electrica,7.0,71.72243996934425,-1.0,18.855134926721057
1,EV_B07_C030_Mototaxi_Electrica,6.0,71.72243996934425,-1.0,18.855134926721057
1,EV_B07_C030_Mototaxi_Electrica,5.0,71.72243996934425,-1.0,18.855134926721057
1,EV_B07_C030_Mototaxi_Electrica,4.0,71.72243996934425,-1.0,18.855134926721057
1,EV_B07_C030_Mototaxi_Electrica,3.0,71.72243996934425,-1.0,18.855134926721057
1,EV_B07_C030_Mototaxi_Electrica,2.0,71.72243996934425,-1.0,18.855134926721057
1,EV_B07_C030_Mototaxi_Electrica,1.0,71.72243996934425,-1.0,18.855134926721057
1,EV_B07_C030_Mototaxi_Electrica,0.0,71.72243996934425,-1.0,18.855134926721057
3,NONE,-1.0,-0.1,-1.0,-0.1
3,NONE,-1.0,-0.1,-1.0,-0.1
3,NONE,-1.0,-0.1,-1.0,-0.1
3,NONE,-1.0,-0.1,-1.0,-0.1
3,NONE,-1.0,-0.1,-1.0,-0.1
3,NONE,-1.0,-0.1,-1.0,-0.1
3,NONE,-1.0,-0.1,-1.0,-0.1
3,NONE,-1.0,-0.1,-1.0,-0.1
3,NONE,-1.0,-0.1,-1.0,-0.1
3,NONE,-1.0,-0.1,-1.0,-0.1
3,NONE,-1.0,-0.1,-1.0,-0.1
3,NONE,-1.0,-0.1,-1.0,-0.1
3,NONE,-1.0,-0.1,-1.0,-0.1
3,NONE,-1.0,-0.1,-1.0,-0.1
3,NONE,-1.0,-0.1,-1.0,-0.1
3,NONE,-1.0,-0.1,-1.0,-0.1
3,NONE,-1.0,-0.1,-1.0,-0.1
3,NONE,-1.0,-0.1,-1.0,-0.1
3,NONE,-1.0,-0.1,-1.0,-0.1
3,NONE,-1.0,-0.1,-1.0,-0.1
3,NONE,-1.0,-0.1,-1.0,-0.1
3,NONE,-1.0,-0.1,-1.0,-0.1
3,NONE,-1.0,-0.1,-1.0,-0.1
3,NONE,-1.0,-0.1,-1.0,-0.1
3,NONE,-1.0,-0.1,-1.0,-0.1
3,NONE,-1.0,-0.1,-1.0,-0.1
3,NONE,-1.0,-0.1,-1.0,-0.1
3,NONE,-1.0,-0.1,-1.0,-0.1
3,NONE,-1.0,-0.1,-1.0,-0.1
3,NONE,-1.0,-0.1,-1.0,-0.1
3,NONE,-1.0,-0.1,-1.0,-0.1
3,NONE,-1.0,-0.1,-1.0,-0.1
3,NONE,-1.0,-0.1,-1.0,-0.1
3,NONE,-1.0,-0.1,-1.0,-0.1
3,NONE,-1.0,-0.1,-1.0,-0.1
3,NONE,-1.0,-0.1,-1.0,-0.1
3,NONE,-1.0,-0.1,-1.0,-0.1
3,NONE,-1.0,-0.1,-1.0,-0.1
3,NONE,-1.0,-0.1,-1.0,-0.1
3,NONE,-1.0,-0.1,-1.0,-0.1
3,NONE,-1.0,-0.1,-1.0,-0.1
2,EV_B07_C030_Mototaxi_Electrica,-1.0,-0.1,9.0,50.049223507955546
1,EV_B07_C030_Mototaxi_Electrica,5.0,82.81141155206048,-1.0,50.049223507955546
1,EV_B07_C030_Mototaxi_Electrica,4.0,82.81141155206048,-1.0,50.049223507955546
1,EV_B07_C030_Mototaxi_Electrica,3.0,82.81141155206048,-1.0,50.049223507955546
1,EV_B07_C030_Mototaxi_Electrica,2.0,82.81141155206048,-1.0,50.049223507955546
1,EV_B07_C030_Mototaxi_Electrica,1.0,82.81141155206048,-1.0,50.049223507955546
1,EV_B07_C030_Mototaxi_Electrica,0.0,82.81141155206048,-1.0,50.049223507955546
3,NONE,-1.0,-0.1,-1.0,-0.1
3,NONE,-1.0,-0.1,-1.0,-0.1
3,NONE,-1.0,-0.1,-1.0,-0.1
3,NONE,-1.0,-0.1,-1.0,-0.1
3,NONE,-1.0,-0.1,-1.0,-0.1
3,NONE,-1.0,-0.1,-1.0,-0.1
3,NONE,-1.0,-0.1,-1.0,-0.1
3,NONE,-1.0,-0.1,-1.0,-0.1
3,NONE,-1.0,-0.1,-1.0,-0.1
3,NONE,-1.0,-0.1,-1.0,-0.1
3,NONE,-1.0,-0.1,-1.0,-0.1
3,NONE,-1.0,-0.1,-1.0,-0.1
3,NONE,-1.0,-0.1,-1.0,-0.1
3,NONE,-1.0,-0.1,-1.0,-0.1
3,NONE,-1.0,-0.1,-1.0,-0.1
3,NONE,-1.0,-0.1,-1.0,-0.1
3,NONE,-1.0,-0.1,-1.0,-0.1
3,NONE,-1.0,-0.1,-1.0,-0.1
3,NONE,-1.0,-0.1,-1.0,-0.1
3,NONE,-1.0,-0.1,-1.0,-0.1
3,NONE,-1.0,-0.1,-1.0,-0.1
3,NONE,-1.0,-0.1,-1.0,-0.1
3,NONE,-1.0,-0.1,-1.0,-0.1
3,NONE,-1.0,-0.1,-1.0,-0.1
3,NONE,-1.0,-0.1,-1.0,-0.1
3,NONE,-1.0,-0.1,-1.0,-0.1
3,NONE,-1.0,-0.1,-1.0,-0.1
3,NONE,-1.0,-0.1,-1.0,-0.1
3,NONE,-1.0,-0.1,-1.0,-0.1
3,NONE,-1.0,-0.1,-1.0,-0.1
3,NONE,-1.0,-0.1,-1.0,-0.1
3,NONE,-1.0,-0.1,-1.0,-0.1
3,NONE,-1.0,-0.1,-1.0,-0.1
3,NONE,-1.0,-0.1,-1.0,-0.1
3,NONE,-1.0,-0.1,-1.0,-0.1
3,NONE,-1.0,-0.1,-1.0,-0.1
3,NONE,-1.0,-0.1,-1.0,-0.1
3,NONE,-1.0,-0.1,-1.0,-0.1
3,NONE,-1.0,-0.1,-1.0,-0.1
3,NONE,-1.0,-0.1,-1.0,-0.1
3,NONE,-1.0,-0.1,-1.0,-0.1
3,NONE,-1.0,-0.1,-1.0,-0.1
3,NONE,-1.0,-0.1,-1.0,-0.1
3,NONE,-1.0,-0.1,-1.0,-0.1
3,NONE,-1.0,-0.1,-1.0,-0.1
3,NONE,-1.0,-0.1,-1.0,-0.1
3,NONE,-1.0,-0.1,-1.0,-0.1
3,NONE,-1.0,-0.1,-1.0,-0.1
3,NONE,-1.0,-0.1,-1.0,-0.1
3,NONE,-1.0,-0.1,-1.0,-0.1
3,NONE,-1.0,-0.1,-1.0,-0.1
3,NONE,-1.0,-0.1,-1.0,-0.1
3,NONE,-1.0,-0.1,-1.0,-0.1
3,NONE,-1.0,-0.1,-1.0,-0.1
3,NONE,-1.0,-0.1,-1.0,-0.1
3,NONE,-1.0,-0.1,-1.0,-0.1
3,NONE,-1.0,-0.1,-1.0,-0.1
3,NONE,-1.0,-0.1,-1.0,-0.1
3,NONE,-1.0,-0.1,-1.0,-0.1
3,NONE,-1.0,-0.1,-1.0,-0.1
3,NONE,-1.0,-0.1,-1.0,-0.1
3,NONE,-1.0,-0.1,-1.0,-0.1
3,NONE,-1.0,-0.1,-1.0,-0.1
3,NONE,-1.0,-0.1,-1.0,-0.1
2,EV_B07_C030_Mototaxi_Electrica,-1.0,-0.1,8.0,39.38674900325625
1,EV_B07_C030_Mototaxi_Electrica,6.0,80.19459616963869,-1.0,39.38674900325625
1,EV_B07_C030_Mototaxi_Electrica,5.0,80.19459616963869,-1.0,39.38674900325625
1,EV_B07_C030_Mototaxi_Electrica,4.0,80.19459616963869,-1.0,39.38674900325625
1,EV_B07_C030_Mototaxi_Electrica,3.0,80.19459616963869,-1.0,39.38674900325625
1,EV_B07_C030_Mototaxi_Electrica,2.0,80.19459616963869,-1.0,39.38674900325625
1,EV_B07_C030_Mototaxi_Electrica,1.0,80.19459616963869,-1.0,39.38674900325625
1,EV_B07_C030_Mototaxi_Electrica,0.0,80.19459616963869,-1.0,39.38674900325625
3,NONE,-1.0,-0.1,-1.0,-0.1
3,NONE,-1.0,-0.1,-1.0,-0.1
3,NONE,-1.0,-0.1,-1.0,-0.1
3,NONE,-1.0,-0.1,-1.0,-0.1
3,NONE,-1.0,-0.1,-1.0,-0.1
3,NONE,-1.0,-0.1,-1.0,-0.1
3,NONE,-1.0,-0.1,-1.0,-0.1
3,NONE,-1.0,-0.1,-1.0,-0.1
3,NONE,-1.0,-0.1,-1.0,-0.1
3,NONE,-1.0,-0.1,-1.0,-0.1
3,NONE,-1.0,-0.1,-1.0,-0.1
3,NONE,-1.0,-0.1,-1.0,-0.1
3,NONE,-1.0,-0.1,-1.0,-0.1
3,NONE,-1.0,-0.1,-1.0,-0.1
3,NONE,-1.0,-0.1,-1.0,-0.1
3,NONE,-1.0,-0.1,-1.0,-0.1
3,NONE,-1.0,-0.1,-1.0,-0.1
2,EV_B07_C030_Mototaxi_Electrica,-1.0,-0.1,9.0,66.21330936214203
1,EV_B07_C030_Mototaxi_Electrica,5.0,88.982105871277,-1.0,66.21330936214203
1,EV_B07_C030_Mototaxi_Electrica,4.0,88.982105871277,-1.0,66.21330936214203
1,EV_B07_C030_Mototaxi_Electrica,3.0,88.982105871277,-1.0,66.21330936214203
1,EV_B07_C030_Mototaxi_Electrica,2.0,88.982105871277,-1.0,66.21330936214203
1,EV_B07_C030_Mototaxi_Electrica,1.0,88.982105871277,-1.0,66.21330936214203
1,EV_B07_C030_Mototaxi_Electrica,0.0,88.982105871277,-1.0,66.21330936214203
3,NONE,-1.0,-0.1,-1.0,-0.1
3,NONE,-1.0,-0.1,-1.0,-0.1
3,NONE,-1.0,-0.1,-1.0,-0.1
3,NONE,-1.0,-0.1,-1.0,-0.1
3,NONE,-1.0,-0.1,-1.0,-0.1
3,NONE,-1.0,-0.1,-1.0,-0.1
3,NONE,-1.0,-0.1,-1.0,-0.1
3,NONE,-1.0,-0.1,-1.0,-0.1
3,NONE,-1.0,-0.1,-1.0,-0.1
3,NONE,-1.0,-0.1,-1.0,-0.1
3,NONE,-1.0,-0.1,-1.0,-0.1
3,NONE,-1.0,-0.1,-1.0,-0.1
3,NONE,-1.0,-0.1,-1.0,-0.1
3,NONE,-1.0,-0.1,-1.0,-0.1
3,NONE,-1.0,-0.1,-1.0,-0.1
3,NONE,-1.0,-0.1,-1.0,-0.1
3,NONE,-1.0,-0.1,-1.0,-0.1
3,NONE,-1.0,-0.1,-1.0,-0.1
3,NONE,-1.0,-0.1,-1.0,-0.1
3,NONE,-1.0,-0.1,-1.0,-0.1
3,NONE,-1.0,-0.1,-1.0,-0.1
3,NONE,-1.0,-0.1,-1.0,-0.1
3,NONE,-1.0,-0.1,-1.0,-0.1
3,NONE,-1.0,-0.1,-1.0,-0.1
3,NONE,-1.0,-0.1,-1.0,-0.1
3,NONE,-1.0,-0.1,-1.0,-0.1
3,NONE,-1.0,-0.1,-1.0,-0.1
3,NONE,-1.0,-0.1,-1.0,-0.1
3,NONE,-1.0,-0.1,-1.0,-0.1
3,NONE,-1.0,-0.1,-1.0,-0.1
3,NONE,-1.0,-0.1,-1.0,-0.1
3,NONE,-1.0,-0.1,-1.0,-0.1
3,NONE,-1.0,-0.1,-1.0,-0.1
3,NONE,-1.0,-0.1,-1.0,-0.1
3,NONE,-1.0,-0.1,-1.0,-0.1
3,NONE,-1.0,-0.1,-1.0,-0.1
3,NONE,-1.0,-0.1,-1.0,-0.1
3,NONE,-1.0,-0.1,-1.0,-0.1
3,NONE,-1.0,-0.1,-1.0,-0.1
2,EV_B07_C030_Mototaxi_Electrica,-1.0,-0.1,7.0,58.17544873052057
1,EV_B07_C030_Mototaxi_Electrica,7.0,72.98723566599148,-1.0,58.17544873052057
1,EV_B07_C030_Mototaxi_Electrica,6.0,72.98723566599148,-1.0,58.17544873052057
1,EV_B07_C030_Mototaxi_Electrica,5.0,72.98723566599148,-1.0,58.17544873052057
1,EV_B07_C030_Mototaxi_Electrica,4.0,72.98723566599148,-1.0,58.17544873052057
1,EV_B07_C030_Mototaxi_Electrica,3.0,72.98723566599148,-1.0,58.17544873052057
1,EV_B07_C030_Mototaxi_Electrica,2.0,72.98723566599148,-1.0,58.17544873052057
1,EV_B07_C030_Mototaxi_Electrica,1.0,72.98723566599148,-1.0,58.17544873052057
1,EV_B07_C030_Mototaxi_Electrica,0.0,72.98723566599148,-1.0,58.17544873052057
3,NONE,-1.0,-0.1,-1.0,-0.1
3,NONE,-1.0,-0.1,-1.0,-0.1
3,NONE,-1.0,-0.1,-1.0,-0.1
3,NONE,-1.0,-0.1,-1.0,-0.1
3,NONE,-1.0,-0.1,-1.0,-0.1
3,NONE,-1.0,-0.1,-1.0,-0.1
3,NONE,-1.0,-0.1,-1.0,-0.1
3,NONE,-1.0,-0.1,-1.0,-0.1
3,NONE,-1.0,-0.1,-1.0,-0.1
3,NONE,-1.0,-0.1,-1.0,-0.1
3,NONE,-1.0,-0.1,-1.0,-0.1
3,NONE,-1.0,-0.1,-1.0,-0.1
3,NONE,-1.0,-0.1,-1.0,-0.1
3,NONE,-1.0,-0.1,-1.0,-0.1
3,NONE,-1.0,-0.1,-1.0,-0.1
2,EV_B07_C030_Mototaxi_Electrica,-1.0,-0.1,7.0,35.98994625598022
1,EV_B07_C030_Mototaxi_Electrica,7.0,78.99014260703008,-1.0,35.98994625598022
1,EV_B07_C030_Mototaxi_Electrica,6.0,78.99014260703008,-1.0,35.98994625598022
1,EV_B07_C030_Mototaxi_Electrica,5.0,78.99014260703008,-1.0,35.98994625598022
1,EV_B07_C030_Mototaxi_Electrica,4.0,78.99014260703008,-1.0,35.98994625598022
1,EV_B07_C030_Mototaxi_Electrica,3.0,78.99014260703008,-1.0,35.98994625598022
1,EV_B07_C030_Mototaxi_Electrica,2.0,78.99014260703008,-1.0,35.98994625598022
1,EV_B07_C030_Mototaxi_Electrica,1.0,78.99014260703008,-1.0,35.98994625598022
1,EV_B07_C030_Mototaxi_Electrica,0.0,78.99014260703008,-1.0,35.98994625598022
3,NONE,-1.0,-0.1,-1.0,-0.1
3,NONE,-1.0,-0.1,-1.0,-0.1
3,NONE,-1.0,-0.1,-1.0,-0.1
3,NONE,-1.0,-0.1,-1.0,-0.1
3,NONE,-1.0,-0.1,-1.0,-0.1
3,NONE,-1.0,-0.1,-1.0,-0.1
3,NONE,-1.0,-0.1,-1.0,-0.1
3,NONE,-1.0,-0.1,-1.0,-0.1
3,NONE,-1.0,-0.1,-1.0,-0.1
3,NONE,-1.0,-0.1,-1.0,-0.1
3,NONE,-1.0,-0.1,-1.0,-0.1
3,NONE,-1.0,-0.1,-1.0,-0.1
3,NONE,-1.0,-0.1,-1.0,-0.1
3,NONE,-1.0,-0.1,-1.0,-0.1
3,NONE,-1.0,-0.1,-1.0,-0.1
3,NONE,-1.0,-0.1,-1.0,-0.1
3,NONE,-1.0,-0.1,-1.0,-0.1
3,NONE,-1.0,-0.1,-1.0,-0.1
3,NONE,-1.0,-0.1,-1.0,-0.1
3,NONE,-1.0,-0.1,-1.0,-0.1
3,NONE,-1.0,-0.1,-1.0,-0.1
3,NONE,-1.0,-0.1,-1.0,-0.1
3,NONE,-1.0,-0.1,-1.0,-0.1
3,NONE,-1.0,-0.1,-1.0,-0.1
3,NONE,-1.0,-0.1,-1.0,-0.1
3,NONE,-1.0,-0.1,-1.0,-0.1
3,NONE,-1.0,-0.1,-1.0,-0.1
3,NONE,-1.0,-0.1,-1.0,-0.1
3,NONE,-1.0,-0.1,-1.0,-0.1
3,NONE,-1.0,-0.1,-1.0,-0.1
3,NONE,-1.0,-0.1,-1.0,-0.1
3,NONE,-1.0,-0.1,-1.0,-0.1
3,NONE,-1.0,-0.1,-1.0,-0.1
3,NONE,-1.0,-0.1,-1.0,-0.1
3,NONE,-1.0,-0.1,-1.0,-0.1
3,NONE,-1.0,-0.1,-1.0,-0.1
3,NONE,-1.0,-0.1,-1.0,-0.1
3,NONE,-1.0,-0.1,-1.0,-0.1
3,NONE,-1.0,-0.1,-1.0,-0.1
3,NONE,-1.0,-0.1,-1.0,-0.1
3,NONE,-1.0,-0.1,-1.0,-0.1
3,NONE,-1.0,-0.1,-1.0,-0.1
3,NONE,-1.0,-0.1,-1.0,-0.1
3,NONE,-1.0,-0.1,-1.0,-0.1
3,NONE,-1.0,-0.1,-1.0,-0.1
3,NONE,-1.0,-0.1,-1.0,-0.1
3,NONE,-1.0,-0.1,-1.0,-0.1
3,NONE,-1.0,-0.1,-1.0,-0.1
3,NONE,-1.0,-0.1,-1.0,-0.1
3,NONE,-1.0,-0.1,-1.0,-0.1
3,NONE,-1.0,-0.1,-1.0,-0.1
3,NONE,-1.0,-0.1,-1.0,-0.1
3,NONE,-1.0,-0.1,-1.0,-0.1
3,NONE,-1.0,-0.1,-1.0,-0.1
3,NONE,-1.0,-0.1,-1.0,-0.1
3,NONE,-1.0,-0.1,-1.0,-0.1
3,NONE,-1.0,-0.1,-1.0,-0.1
3,NONE,-1.0,-0.1,-1.0,-0.1
3,NONE,-1.0,-0.1,-1.0,-0.1
3,NONE,-1.0,-0.1,-1.0,-0.1
3,NONE,-1.0,-0.1,-1.0,-0.1
3,NONE,-1.0,-0.1,-1.0,-0.1
3,NONE,-1.0,-0.1,-1.0,-0.1
3,NONE,-1.0,-0.1,-1.0,-0.1
3,NONE,-1.0,-0.1,-1.0,-0.1
3,NONE,-1.0,-0.1,-1.0,-0.1
3,NONE,-1.0,-0.1,-1.0,-0.1
3,NONE,-1.0,-0.1,-1.0,-0.1
3,NONE,-1.0,-0.1,-1.0,-0.1
3,NONE,-1.0,-0.1,-1.0,-0.1
3,NONE,-1.0,-0.1,-1.0,-0.1
3,NONE,-1.0,-0.1,-1.0,-0.1
3,NONE,-1.0,-0.1,-1.0,-0.1
3,NONE,-1.0,-0.1,-1.0,-0.1
3,NONE,-1.0,-0.1,-1.0,-0.1
3,NONE,-1.0,-0.1,-1.0,-0.1
3,NONE,-1.0,-0.1,-1.0,-0.1
3,NONE,-1.0,-0.1,-1.0,-0.1
3,NONE,-1.0,-0.1,-1.0,-0.1
3,NONE,-1.0,-0.1,-1.0,-0.1
3,NONE,-1.0,-0.1,-1.0,-0.1
3,NONE,-1.0,-0.1,-1.0,-0.1
3,NONE,-1.0,-0.1,-1.0,-0.1
3,NONE,-1.0,-0.1,-1.0,-0.1
3,NONE,-1.0,-0.1,-1.0,-0.1
3,NONE,-1.0,-0.1,-1.0,-0.1
3,NONE,-1.0,-0.1,-1.0,-0.1
2,EV_B07_C030_Mototaxi_Electrica,-1.0,-0.1,7.0,44.4687372811991
1,EV_B07_C030_Mototaxi_Electrica,7.0,87.3239562358199,-1.0,44.4687372811991
1,EV_B07_C030_Mototaxi_Electrica,6.0,87.3239562358199,-1.0,44.4687372811991
1,EV_B07_C030_Mototaxi_Electrica,5.0,87.3239562358199,-1.0,44.4687372811991
1,EV_B07_C030_Mototaxi_Electrica,4.0,87.3239562358199,-1.0,44.4687372811991
1,EV_B07_C030_Mototaxi_Electrica,3.0,87.3239562358199,-1.0,44.4687372811991
1,EV_B07_C030_Mototaxi_Electrica,2.0,87.3239562358199,-1.0,44.4687372811991
1,EV_B07_C030_Mototaxi_Electrica,1.0,87.3239562358199,-1.0,44.4687372811991
1,EV_B07_C030_Mototaxi_Electrica,0.0,87.3239562358199,-1.0,44.4687372811991
3,NONE,-1.0,-0.1,-1.0,-0.1
3,NONE,-1.0,-0.1,-1.0,-0.1
3,NONE,-1.0,-0.1,-1.0,-0.1
3,NONE,-1.0,-0.1,-1.0,-0.1
3,NONE,-1.0,-0.1,-1.0,-0.1
3,NONE,-1.0,-0.1,-1.0,-0.1
3,NONE,-1.0,-0.1,-1.0,-0.1
3,NONE,-1.0,-0.1,-1.0,-0.1
3,NONE,-1.0,-0.1,-1.0,-0.1
3,NONE,-1.0,-0.1,-1.0,-0.1
3,NONE,-1.0,-0.1,-1.0,-0.1
3,NONE,-1.0,-0.1,-1.0,-0.1
3,NONE,-1.0,-0.1,-1.0,-0.1
3,NONE,-1.0,-0.1,-1.0,-0.1
3,NONE,-1.0,-0.1,-1.0,-0.1
2,EV_B07_C030_Mototaxi_Electrica,-1.0,-0.1,7.0,26.895793112197687
1,EV_B07_C030_Mototaxi_Electrica,6.0,73.56641187979092,-1.0,26.895793112197687
1,EV_B07_C030_Mototaxi_Electrica,5.0,73.56641187979092,-1.0,26.895793112197687
1,EV_B07_C030_Mototaxi_Electrica,4.0,73.56641187979092,-1.0,26.895793112197687
1,EV_B07_C030_Mototaxi_Electrica,3.0,73.56641187979092,-1.0,26.895793112197687
1,EV_B07_C030_Mototaxi_Electrica,2.0,73.56641187979092,-1.0,26.895793112197687
1,EV_B07_C030_Mototaxi_Electrica,1.0,73.56641187979092,-1.0,26.895793112197687
1,EV_B07_C030_Mototaxi_Electrica,0.0,73.56641187979092,-1.0,26.895793112197687
3,NONE,-1.0,-0.1,-1.0,-0.1
3,NONE,-1.0,-0.1,-1.0,-0.1
3,NONE,-1.0,-0.1,-1.0,-0.1
3,NONE,-1.0,-0.1,-1.0,-0.1
3,NONE,-1.0,-0.1,-1.0,-0.1
3,NONE,-1.0,-0.1,-1.0,-0.1
3,NONE,-1.0,-0.1,-1.0,-0.1
3,NONE,-1.0,-0.1,-1.0,-0.1
3,NONE,-1.0,-0.1,-1.0,-0.1
3,NONE,-1.0,-0.1,-1.0,-0.1
3,NONE,-1.0,-0.1,-1.0,-0.1
3,NONE,-1.0,-0.1,-1.0,-0.1
3,NONE,-1.0,-0.1,-1.0,-0.1
3,NONE,-1.0,-0.1,-1.0,-0.1
3,NONE,-1.0,-0.1,-1.0,-0.1
3,NONE,-1.0,-0.1,-1.0,-0.1
3,NONE,-1.0,-0.1,-1.0,-0.1
2,EV_B07_C030_Mototaxi_Electrica,-1.0,-0.1,8.0,37.12703441867488
1,EV_B07_C030_Mototaxi_Electrica,5.0,83.05077666416139,-1.0,37.12703441867488
1,EV_B07_C030_Mototaxi_Electrica,4.0,83.05077666416139,-1.0,37.12703441867488
1,EV_B07_C030_Mototaxi_Electrica,3.0,83.05077666416139,-1.0,37.12703441867488
1,EV_B07_C030_Mototaxi_Electrica,2.0,83.05077666416139,-1.0,37.12703441867488
1,EV_B07_C030_Mototaxi_Electrica,1.0,83.05077666416139,-1.0,37.12703441867488
1,EV_B07_C030_Mototaxi_Electrica,0.0,83.05077666416139,-1.0,37.12703441867488
3,NONE,-1.0,-0.1,-1.0,-0.1
3,NONE,-1.0,-0.1,-1.0,-0.1
3,NONE,-1.0,-0.1,-1.0,-0.1
3,NONE,-1.0,-0.1,-1.0,-0.1
3,NONE,-1.0,-0.1,-1.0,-0.1
3,NONE,-1.0,-0.1,-1.0,-0.1
3,NONE,-1.0,-0.1,-1.0,-0.1
3,NONE,-1.0,-0.1,-1.0,-0.1
3,NONE,-1.0,-0.1,-1.0,-0.1
3,NONE,-1.0,-0.1,-1.0,-0.1
3,NONE,-1.0,-0.1,-1.0,-0.1
3,NONE,-1.0,-0.1,-1.0,-0.1
3,NONE,-1.0,-0.1,-1.0,-0.1
3,NONE,-1.0,-0.1,-1.0,-0.1
3,NONE,-1.0,-0.1,-1.0,-0.1
3,NONE,-1.0,-0.1,-1.0,-0.1
3,NONE,-1.0,-0.1,-1.0,-0.1
3,NONE,-1.0,-0.1,-1.0,-0.1
2,EV_B07_C030_Mototaxi_Electrica,-1.0,-0.1,9.0,62.15986146030215
1,EV_B07_C030_Mototaxi_Electrica,5.0,85.75937328022235,-1.0,62.15986146030215
1,EV_B07_C030_Mototaxi_Electrica,4.0,85.75937328022235,-1.0,62.15986146030215
1,EV_B07_C030_Mototaxi_Electrica,3.0,85.75937328022235,-1.0,62.15986146030215
1,EV_B07_C030_Mototaxi_Electrica,2.0,85.75937328022235,-1.0,62.15986146030215
1,EV_B07_C030_Mototaxi_Electrica,1.0,85.75937328022235,-1.0,62.15986146030215
1,EV_B07_C030_Mototaxi_Electrica,0.0,85.75937328022235,-1.0,62.15986146030215
3,NONE,-1.0,-0.1,-1.0,-0.1
3,NONE,-1.0,-0.1,-1.0,-0.1
3,NONE,-1.0,-0.1,-1.0,-0.1
3,NONE,-1.0,-0.1,-1.0,-0.1
3,NONE,-1.0,-0.1,-1.0,-0.1
3,NONE,-1.0,-0.1,-1.0,-0.1
3,NONE,-1.0,-0.1,-1.0,-0.1
3,NONE,-1.0,-0.1,-1.0,-0.1
3,NONE,-1.0,-0.1,-1.0,-0.1
3,NONE,-1.0,-0.1,-1.0,-0.1
3,NONE,-1.0,-0.1,-1.0,-0.1
3,NONE,-1.0,-0.1,-1.0,-0.1
3,NONE,-1.0,-0.1,-1.0,-0.1
3,NONE,-1.0,-0.1,-1.0,-0.1
3,NONE,-1.0,-0.1,-1.0,-0.1
3,NONE,-1.0,-0.1,-1.0,-0.1
3,NONE,-1.0,-0.1,-1.0,-0.1
3,NONE,-1.0,-0.1,-1.0,-0.1
3,NONE,-1.0,-0.1,-1.0,-0.1
3,NONE,-1.0,-0.1,-1.0,-0.1
3,NONE,-1.0,-0.1,-1.0,-0.1
3,NONE,-1.0,-0.1,-1.0,-0.1
3,NONE,-1.0,-0.1,-1.0,-0.1
3,NONE,-1.0,-0.1,-1.0,-0.1
3,NONE,-1.0,-0.1,-1.0,-0.1
3,NONE,-1.0,-0.1,-1.0,-0.1
3,NONE,-1.0,-0.1,-1.0,-0.1
3,NONE,-1.0,-0.1,-1.0,-0.1
3,NONE,-1.0,-0.1,-1.0,-0.1
3,NONE,-1.0,-0.1,-1.0,-0.1
3,NONE,-1.0,-0.1,-1.0,-0.1
3,NONE,-1.0,-0.1,-1.0,-0.1
3,NONE,-1.0,-0.1,-1.0,-0.1
3,NONE,-1.0,-0.1,-1.0,-0.1
3,NONE,-1.0,-0.1,-1.0,-0.1
3,NONE,-1.0,-0.1,-1.0,-0.1
3,NONE,-1.0,-0.1,-1.0,-0.1
3,NONE,-1.0,-0.1,-1.0,-0.1
3,NONE,-1.0,-0.1,-1.0,-0.1
3,NONE,-1.0,-0.1,-1.0,-0.1
3,NONE,-1.0,-0.1,-1.0,-0.1
3,NONE,-1.0,-0.1,-1.0,-0.1
3,NONE,-1.0,-0.1,-1.0,-0.1
3,NONE,-1.0,-0.1,-1.0,-0.1
3,NONE,-1.0,-0.1,-1.0,-0.1
3,NONE,-1.0,-0.1,-1.0,-0.1
3,NONE,-1.0,-0.1,-1.0,-0.1
3,NONE,-1.0,-0.1,-1.0,-0.1
3,NONE,-1.0,-0.1,-1.0,-0.1
3,NONE,-1.0,-0.1,-1.0,-0.1
3,NONE,-1.0,-0.1,-1.0,-0.1
3,NONE,-1.0,-0.1,-1.0,-0.1
3,NONE,-1.0,-0.1,-1.0,-0.1
3,NONE,-1.0,-0.1,-1.0,-0.1
3,NONE,-1.0,-0.1,-1.0,-0.1
3,NONE,-1.0,-0.1,-1.0,-0.1
3,NONE,-1.0,-0.1,-1.0,-0.1
3,NONE,-1.0,-0.1,-1.0,-0.1
3,NONE,-1.0,-0.1,-1.0,-0.1
3,NONE,-1.0,-0.1,-1.0,-0.1
3,NONE,-1.0,-0.1,-1.0,-0.1
3,NONE,-1.0,-0.1,-1.0,-0.1
3,NONE,-1.0,-0.1,-1.0,-0.1
3,NONE,-1.0,-0.1,-1.0,-0.1
2,EV_B07_C030_Mototaxi_Electrica,-1.0,-0.1,8.0,33.68210626571083
1,EV_B07_C030_Mototaxi_Electrica,6.0,77.11314231212634,-1.0,33.68210626571083
1,EV_B07_C030_Mototaxi_Electrica,5.0,77.11314231212634,-1.0,33.68210626571083
1,EV_B07_C030_Mototaxi_Electrica,4.0,77.11314231212634,-1.0,33.68210626571083
1,EV_B07_C030_Mototaxi_Electrica,3.0,77.11314231212634,-1.0,33.68210626571083
1,EV_B07_C030_Mototaxi_Electrica,2.0,77.11314231212634,-1.0,33.68210626571083
1,EV_B07_C030_Mototaxi_Electrica,1.0,77.11314231212634,-1.0,33.68210626571083
1,EV_B07_C030_Mototaxi_Electrica,0.0,77.11314231212634,-1.0,33.68210626571083
3,NONE,-1.0,-0.1,-1.0,-0.1
3,NONE,-1.0,-0.1,-1.0,-0.1
3,NONE,-1.0,-0.1,-1.0,-0.1
3,NONE,-1.0,-0.1,-1.0,-0.1
3,NONE,-1.0,-0.1,-1.0,-0.1
3,NONE,-1.0,-0.1,-1.0,-0.1
3,NONE,-1.0,-0.1,-1.0,-0.1
3,NONE,-1.0,-0.1,-1.0,-0.1
3,NONE,-1.0,-0.1,-1.0,-0.1
3,NONE,-1.0,-0.1,-1.0,-0.1
3,NONE,-1.0,-0.1,-1.0,-0.1
3,NONE,-1.0,-0.1,-1.0,-0.1
3,NONE,-1.0,-0.1,-1.0,-0.1
3,NONE,-1.0,-0.1,-1.0,-0.1
3,NONE,-1.0,-0.1,-1.0,-0.1
3,NONE,-1.0,-0.1,-1.0,-0.1
3,NONE,-1.0,-0.1,-1.0,-0.1
2,EV_B07_C030_Mototaxi_Electrica,-1.0,-0.1,9.0,31.456746364729867
1,EV_B07_C030_Mototaxi_Electrica,5.0,72.14515124642935,-1.0,31.456746364729867
1,EV_B07_C030_Mototaxi_Electrica,4.0,72.14515124642935,-1.0,31.456746364729867
1,EV_B07_C030_Mototaxi_Electrica,3.0,72.14515124642935,-1.0,31.456746364729867
1,EV_B07_C030_Mototaxi_Electrica,2.0,72.14515124642935,-1.0,31.456746364729867
1,EV_B07_C030_Mototaxi_Electrica,1.0,72.14515124642935,-1.0,31.456746364729867
1,EV_B07_C030_Mototaxi_Electrica,0.0,72.14515124642935,-1.0,31.456746364729867
3,NONE,-1.0,-0.1,-1.0,-0.1
3,NONE,-1.0,-0.1,-1.0,-0.1
3,NONE,-1.0,-0.1,-1.0,-0.1
3,NONE,-1.0,-0.1,-1.0,-0.1
3,NONE,-1.0,-0.1,-1.0,-0.1
3,NONE,-1.0,-0.1,-1.0,-0.1
3,NONE,-1.0,-0.1,-1.0,-0.1
3,NONE,-1.0,-0.1,-1.0,-0.1
3,NONE,-1.0,-0.1,-1.0,-0.1
3,NONE,-1.0,-0.1,-1.0,-0.1
3,NONE,-1.0,-0.1,-1.0,-0.1
3,NONE,-1.0,-0.1,-1.0,-0.1
3,NONE,-1.0,-0.1,-1.0,-0.1
3,NONE,-1.0,-0.1,-1.0,-0.1
3,NONE,-1.0,-0.1,-1.0,-0.1
2,EV_B07_C030_Mototaxi_Electrica,-1.0,-0.1,7.0,20.136827968710538
1,EV_B07_C030_Mototaxi_Electrica,7.0,76.96961185254656,-1.0,20.136827968710538
1,EV_B07_C030_Mototaxi_Electrica,6.0,76.96961185254656,-1.0,20.136827968710538
1,EV_B07_C030_Mototaxi_Electrica,5.0,76.96961185254656,-1.0,20.136827968710538
1,EV_B07_C030_Mototaxi_Electrica,4.0,76.96961185254656,-1.0,20.136827968710538
1,EV_B07_C030_Mototaxi_Electrica,3.0,76.96961185254656,-1.0,20.136827968710538
1,EV_B07_C030_Mototaxi_Electrica,2.0,76.96961185254656,-1.0,20.136827968710538
1,EV_B07_C030_Mototaxi_Electrica,1.0,76.96961185254656,-1.0,20.136827968710538
1,EV_B07_C030_Mototaxi_Electrica,0.0,76.96961185254656,-1.0,20.136827968710538
3,NONE,-1.0,-0.1,-1.0,-0.1
3,NONE,-1.0,-0.1,-1.0,-0.1
3,NONE,-1.0,-0.1,-1.0,-0.1
3,NONE,-1.0,-0.1,-1.0,-0.1
3,NONE,-1.0,-0.1,-1.0,-0.1
3,NONE,-1.0,-0.1,-1.0,-0.1
3,NONE,-1.0,-0.1,-1.0,-0.1
3,NONE,-1.0,-0.1,-1.0,-0.1
3,NONE,-1.0,-0.1,-1.0,-0.1
3,NONE,-1.0,-0.1,-1.0,-0.1
3,NONE,-1.0,-0.1,-1.0,-0.1
3,NONE,-1.0,-0.1,-1.0,-0.1
3,NONE,-1.0,-0.1,-1.0,-0.1
3,NONE,-1.0,-0.1,-1.0,-0.1
3,NONE,-1.0,-0.1,-1.0,-0.1
3,NONE,-1.0,-0.1,-1.0,-0.1
2,EV_B07_C030_Mototaxi_Electrica,-1.0,-0.1,8.0,19.009537156138425
1,EV_B07_C030_Mototaxi_Electrica,6.0,83.83369926594388,-1.0,19.009537156138425
1,EV_B07_C030_Mototaxi_Electrica,5.0,83.83369926594388,-1.0,19.009537156138425
1,EV_B07_C030_Mototaxi_Electrica,4.0,83.83369926594388,-1.0,19.009537156138425
1,EV_B07_C030_Mototaxi_Electrica,3.0,83.83369926594388,-1.0,19.009537156138425
1,EV_B07_C030_Mototaxi_Electrica,2.0,83.83369926594388,-1.0,19.009537156138425
1,EV_B07_C030_Mototaxi_Electrica,1.0,83.83369926594388,-1.0,19.009537156138425
1,EV_B07_C030_Mototaxi_Electrica,0.0,83.83369926594388,-1.0,19.009537156138425
3,NONE,-1.0,-0.1,-1.0,-0.1
3,NONE,-1.0,-0.1,-1.0,-0.1
3,NONE,-1.0,-0.1,-1.0,-0.1
3,NONE,-1.0,-0.1,-1.0,-0.1
3,NONE,-1.0,-0.1,-1.0,-0.1
3,NONE,-1.0,-0.1,-1.0,-0.1
3,NONE,-1.0,-0.1,-1.0,-0.1
3,NONE,-1.0,-0.1,-1.0,-0.1
3,NONE,-1.0,-0.1,-1.0,-0.1
3,NONE,-1.0,-0.1,-1.0,-0.1
3,NONE,-1.0,-0.1,-1.0,-0.1
3,NONE,-1.0,-0.1,-1.0,-0.1
3,NONE,-1.0,-0.1,-1.0,-0.1
3,NONE,-1.0,-0.1,-1.0,-0.1
3,NONE,-1.0,-0.1,-1.0,-0.1
3,NONE,-1.0,-0.1,-1.0,-0.1
2,EV_B07_C030_Mototaxi_Electrica,-1.0,-0.1,8.0,10.695256080361254
1,EV_B07_C030_Mototaxi_Electrica,6.0,86.28956269824522,-1.0,10.695256080361254
1,EV_B07_C030_Mototaxi_Electrica,5.0,86.28956269824522,-1.0,10.695256080361254
1,EV_B07_C030_Mototaxi_Electrica,4.0,86.28956269824522,-1.0,10.695256080361254
1,EV_B07_C030_Mototaxi_Electrica,3.0,86.28956269824522,-1.0,10.695256080361254
1,EV_B07_C030_Mototaxi_Electrica,2.0,86.28956269824522,-1.0,10.695256080361254
1,EV_B07_C030_Mototaxi_Electrica,1.0,86.28956269824522,-1.0,10.695256080361254
1,EV_B07_C030_Mototaxi_Electrica,0.0,86.28956269824522,-1.0,10.695256080361254
3,NONE,-1.0,-0.1,-1.0,-0.1
3,NONE,-1.0,-0.1,-1.0,-0.1
3,NONE,-1.0,-0.1,-1.0,-0.1
3,NONE,-1.0,-0.1,-1.0,-0.1
3,NONE,-1.0,-0.1,-1.0,-0.1
3,NONE,-1.0,-0.1,-1.0,-0.1
3,NONE,-1.0,-0.1,-1.0,-0.1
3,NONE,-1.0,-0.1,-1.0,-0.1
3,NONE,-1.0,-0.1,-1.0,-0.1
3,NONE,-1.0,-0.1,-1.0,-0.1
3,NONE,-1.0,-0.1,-1.0,-0.1
3,NONE,-1.0,-0.1,-1.0,-0.1
3,NONE,-1.0,-0.1,-1.0,-0.1
3,NONE,-1.0,-0.1,-1.0,-0.1
3,NONE,-1.0,-0.1,-1.0,-0.1
3,NONE,-1.0,-0.1,-1.0,-0.1
3,NONE,-1.0,-0.1,-1.0,-0.1
3,NONE,-1.0,-0.1,-1.0,-0.1
3,NONE,-1.0,-0.1,-1.0,-0.1
3,NONE,-1.0,-0.1,-1.0,-0.1
3,NONE,-1.0,-0.1,-1.0,-0.1
3,NONE,-1.0,-0.1,-1.0,-0.1
3,NONE,-1.0,-0.1,-1.0,-0.1
3,NONE,-1.0,-0.1,-1.0,-0.1
3,NONE,-1.0,-0.1,-1.0,-0.1
3,NONE,-1.0,-0.1,-1.0,-0.1
3,NONE,-1.0,-0.1,-1.0,-0.1
3,NONE,-1.0,-0.1,-1.0,-0.1
3,NONE,-1.0,-0.1,-1.0,-0.1
3,NONE,-1.0,-0.1,-1.0,-0.1
3,NONE,-1.0,-0.1,-1.0,-0.1
3,NONE,-1.0,-0.1,-1.0,-0.1
3,NONE,-1.0,-0.1,-1.0,-0.1
3,NONE,-1.0,-0.1,-1.0,-0.1
3,NONE,-1.0,-0.1,-1.0,-0.1
3,NONE,-1.0,-0.1,-1.0,-0.1
3,NONE,-1.0,-0.1,-1.0,-0.1
3,NONE,-1.0,-0.1,-1.0,-0.1
3,NONE,-1.0,-0.1,-1.0,-0.1
3,NONE,-1.0,-0.1,-1.0,-0.1
3,NONE,-1.0,-0.1,-1.0,-0.1
3,NONE,-1.0,-0.1,-1.0,-0.1
3,NONE,-1.0,-0.1,-1.0,-0.1
3,NONE,-1.0,-0.1,-1.0,-0.1
3,NONE,-1.0,-0.1,-1.0,-0.1
3,NONE,-1.0,-0.1,-1.0,-0.1
3,NONE,-1.0,-0.1,-1.0,-0.1
3,NONE,-1.0,-0.1,-1.0,-0.1
3,NONE,-1.0,-0.1,-1.0,-0.1
3,NONE,-1.0,-0.1,-1.0,-0.1
3,NONE,-1.0,-0.1,-1.0,-0.1
3,NONE,-1.0,-0.1,-1.0,-0.1
3,NONE,-1.0,-0.1,-1.0,-0.1
3,NONE,-1.0,-0.1,-1.0,-0.1
3,NONE,-1.0,-0.1,-1.0,-0.1
3,NONE,-1.0,-0.1,-1.0,-0.1
3,NONE,-1.0,-0.1,-1.0,-0.1
3,NONE,-1.0,-0.1,-1.0,-0.1
3,NONE,-1.0,-0.1,-1.0,-0.1
3,NONE,-1.0,-0.1,-1.0,-0.1
3,NONE,-1.0,-0.1,-1.0,-0.1
3,NONE,-1.0,-0.1,-1.0,-0.1
3,NONE,-1.0,-0.1,-1.0,-0.1
2,EV_B07_C030_Mototaxi_Electrica,-1.0,-0.1,7.0,27.616284257141267
1,EV_B07_C030_Mototaxi_Electrica,7.0,80.47689263984661,-1.0,27.616284257141267
1,EV_B07_C030_Mototaxi_Electrica,6.0,80.47689263984661,-1.0,27.616284257141267
1,EV_B07_C030_Mototaxi_Electrica,5.0,80.47689263984661,-1.0,27.616284257141267
1,EV_B07_C030_Mototaxi_Electrica,4.0,80.47689263984661,-1.0,27.616284257141267
1,EV_B07_C030_Mototaxi_Electrica,3.0,80.47689263984661,-1.0,27.616284257141267
1,EV_B07_C030_Mototaxi_Electrica,2.0,80.47689263984661,-1.0,27.616284257141267
1,EV_B07_C030_Mototaxi_Electrica,1.0,80.47689263984661,-1.0,27.616284257141267
1,EV_B07_C030_Mototaxi_Electrica,0.0,80.47689263984661,-1.0,27.616284257141267
3,NONE,-1.0,-0.1,-1.0,-0.1
3,NONE,-1.0,-0.1,-1.0,-0.1
3,NONE,-1.0,-0.1,-1.0,-0.1
3,NONE,-1.0,-0.1,-1.0,-0.1
3,NONE,-1.0,-0.1,-1.0,-0.1
3,NONE,-1.0,-0.1,-1.0,-0.1
3,NONE,-1.0,-0.1,-1.0,-0.1
3,NONE,-1.0,-0.1,-1.0,-0.1
3,NONE,-1.0,-0.1,-1.0,-0.1
3,NONE,-1.0,-0.1,-1.0,-0.1
3,NONE,-1.0,-0.1,-1.0,-0.1
3,NONE,-1.0,-0.1,-1.0,-0.1
3,NONE,-1.0,-0.1,-1.0,-0.1
3,NONE,-1.0,-0.1,-1.0,-0.1
3,NONE,-1.0,-0.1,-1.0,-0.1
3,NONE,-1.0,-0.1,-1.0,-0.1
3,NONE,-1.0,-0.1,-1.0,-0.1
3,NONE,-1.0,-0.1,-1.0,-0.1
3,NONE,-1.0,-0.1,-1.0,-0.1
3,NONE,-1.0,-0.1,-1.0,-0.1
3,NONE,-1.0,-0.1,-1.0,-0.1
3,NONE,-1.0,-0.1,-1.0,-0.1
3,NONE,-1.0,-0.1,-1.0,-0.1
3,NONE,-1.0,-0.1,-1.0,-0.1
3,NONE,-1.0,-0.1,-1.0,-0.1
3,NONE,-1.0,-0.1,-1.0,-0.1
3,NONE,-1.0,-0.1,-1.0,-0.1
3,NONE,-1.0,-0.1,-1.0,-0.1
3,NONE,-1.0,-0.1,-1.0,-0.1
3,NONE,-1.0,-0.1,-1.0,-0.1
3,NONE,-1.0,-0.1,-1.0,-0.1
3,NONE,-1.0,-0.1,-1.0,-0.1
3,NONE,-1.0,-0.1,-1.0,-0.1
3,NONE,-1.0,-0.1,-1.0,-0.1
3,NONE,-1.0,-0.1,-1.0,-0.1
3,NONE,-1.0,-0.1,-1.0,-0.1
3,NONE,-1.0,-0.1,-1.0,-0.1
3,NONE,-1.0,-0.1,-1.0,-0.1
3,NONE,-1.0,-0.1,-1.0,-0.1
3,NONE,-1.0,-0.1,-1.0,-0.1
3,NONE,-1.0,-0.1,-1.0,-0.1
3,NONE,-1.0,-0.1,-1.0,-0.1
3,NONE,-1.0,-0.1,-1.0,-0.1
3,NONE,-1.0,-0.1,-1.0,-0.1
3,NONE,-1.0,-0.1,-1.0,-0.1
3,NONE,-1.0,-0.1,-1.0,-0.1
3,NONE,-1.0,-0.1,-1.0,-0.1
3,NONE,-1.0,-0.1,-1.0,-0.1
3,NONE,-1.0,-0.1,-1.0,-0.1
3,NONE,-1.0,-0.1,-1.0,-0.1
3,NONE,-1.0,-0.1,-1.0,-0.1
3,NONE,-1.0,-0.1,-1.0,-0.1
3,NONE,-1.0,-0.1,-1.0,-0.1
3,NONE,-1.0,-0.1,-1.0,-0.1
3,NONE,-1.0,-0.1,-1.0,-0.1
3,NONE,-1.0,-0.1,-1.0,-0.1
3,NONE,-1.0,-0.1,-1.0,-0.1
3,NONE,-1.0,-0.1,-1.0,-0.1
3,NONE,-1.0,-0.1,-1.0,-0.1
3,NONE,-1.0,-0.1,-1.0,-0.1
3,NONE,-1.0,-0.1,-1.0,-0.1
3,NONE,-1.0,-0.1,-1.0,-0.1
3,NONE,-1.0,-0.1,-1.0,-0.1
2,EV_B07_C030_Mototaxi_Electrica,-1.0,-0.1,7.0,58.48764712116704
1,EV_B07_C030_Mototaxi_Electrica,7.0,79.12297608607219,-1.0,58.48764712116704
1,EV_B07_C030_Mototaxi_Electrica,6.0,79.12297608607219,-1.0,58.48764712116704
1,EV_B07_C030_Mototaxi_Electrica,5.0,79.12297608607219,-1.0,58.48764712116704
1,EV_B07_C030_Mototaxi_Electrica,4.0,79.12297608607219,-1.0,58.48764712116704
1,EV_B07_C030_Mototaxi_Electrica,3.0,79.12297608607219,-1.0,58.48764712116704
1,EV_B07_C030_Mototaxi_Electrica,2.0,79.12297608607219,-1.0,58.48764712116704
1,EV_B07_C030_Mototaxi_Electrica,1.0,79.12297608607219,-1.0,58.48764712116704
1,EV_B07_C030_Mototaxi_Electrica,0.0,79.12297608607219,-1.0,58.48764712116704
3,NONE,-1.0,-0.1,-1.0,-0.1
3,NONE,-1.0,-0.1,-1.0,-0.1
3,NONE,-1.0,-0.1,-1.0,-0.1
3,NONE,-1.0,-0.1,-1.0,-0.1
3,NONE,-1.0,-0.1,-1.0,-0.1
3,NONE,-1.0,-0.1,-1.0,-0.1
3,NONE,-1.0,-0.1,-1.0,-0.1
3,NONE,-1.0,-0.1,-1.0,-0.1
3,NONE,-1.0,-0.1,-1.0,-0.1
3,NONE,-1.0,-0.1,-1.0,-0.1
3,NONE,-1.0,-0.1,-1.0,-0.1
3,NONE,-1.0,-0.1,-1.0,-0.1
3,NONE,-1.0,-0.1,-1.0,-0.1
3,NONE,-1.0,-0.1,-1.0,-0.1
3,NONE,-1.0,-0.1,-1.0,-0.1
3,NONE,-1.0,-0.1,-1.0,-0.1
2,EV_B07_C030_Mototaxi_Electrica,-1.0,-0.1,8.0,46.40219088788624
1,EV_B07_C030_Mototaxi_Electrica,6.0,87.35358379461348,-1.0,46.40219088788624
1,EV_B07_C030_Mototaxi_Electrica,5.0,87.35358379461348,-1.0,46.40219088788624
1,EV_B07_C030_Mototaxi_Electrica,4.0,87.35358379461348,-1.0,46.40219088788624
1,EV_B07_C030_Mototaxi_Electrica,3.0,87.35358379461348,-1.0,46.40219088788624
1,EV_B07_C030_Mototaxi_Electrica,2.0,87.35358379461348,-1.0,46.40219088788624
1,EV_B07_C030_Mototaxi_Electrica,1.0,87.35358379461348,-1.0,46.40219088788624
1,EV_B07_C030_Mototaxi_Electrica,0.0,87.35358379461348,-1.0,46.40219088788624
3,NONE,-1.0,-0.1,-1.0,-0.1
3,NONE,-1.0,-0.1,-1.0,-0.1
3,NONE,-1.0,-0.1,-1.0,-0.1
3,NONE,-1.0,-0.1,-1.0,-0.1
3,NONE,-1.0,-0.1,-1.0,-0.1
3,NONE,-1.0,-0.1,-1.0,-0.1
3,NONE,-1.0,-0.1,-1.0,-0.1
3,NONE,-1.0,-0.1,-1.0,-0.1
3,NONE,-1.0,-0.1,-1.0,-0.1
3,NONE,-1.0,-0.1,-1.0,-0.1
3,NONE,-1.0,-0.1,-1.0,-0.1
3,NONE,-1.0,-0.1,-1.0,-0.1
3,NONE,-1.0,-0.1,-1.0,-0.1
3,NONE,-1.0,-0.1,-1.0,-0.1
3,NONE,-1.0,-0.1,-1.0,-0.1
3,NONE,-1.0,-0.1,-1.0,-0.1
3,NONE,-1.0,-0.1,-1.0,-0.1
3,NONE,-1.0,-0.1,-1.0,-0.1
3,NONE,-1.0,-0.1,-1.0,-0.1
3,NONE,-1.0,-0.1,-1.0,-0.1
3,NONE,-1.0,-0.1,-1.0,-0.1
3,NONE,-1.0,-0.1,-1.0,-0.1
3,NONE,-1.0,-0.1,-1.0,-0.1
3,NONE,-1.0,-0.1,-1.0,-0.1
3,NONE,-1.0,-0.1,-1.0,-0.1
3,NONE,-1.0,-0.1,-1.0,-0.1
3,NONE,-1.0,-0.1,-1.0,-0.1
3,NONE,-1.0,-0.1,-1.0,-0.1
3,NONE,-1.0,-0.1,-1.0,-0.1
3,NONE,-1.0,-0.1,-1.0,-0.1
3,NONE,-1.0,-0.1,-1.0,-0.1
3,NONE,-1.0,-0.1,-1.0,-0.1
3,NONE,-1.0,-0.1,-1.0,-0.1
3,NONE,-1.0,-0.1,-1.0,-0.1
3,NONE,-1.0,-0.1,-1.0,-0.1
3,NONE,-1.0,-0.1,-1.0,-0.1
3,NONE,-1.0,-0.1,-1.0,-0.1
3,NONE,-1.0,-0.1,-1.0,-0.1
3,NONE,-1.0,-0.1,-1.0,-0.1
3,NONE,-1.0,-0.1,-1.0,-0.1
3,NONE,-1.0,-0.1,-1.0,-0.1
3,NONE,-1.0,-0.1,-1.0,-0.1
3,NONE,-1.0,-0.1,-1.0,-0.1
3,NONE,-1.0,-0.1,-1.0,-0.1
3,NONE,-1.0,-0.1,-1.0,-0.1
3,NONE,-1.0,-0.1,-1.0,-0.1
3,NONE,-1.0,-0.1,-1.0,-0.1
3,NONE,-1.0,-0.1,-1.0,-0.1
3,NONE,-1.0,-0.1,-1.0,-0.1
3,NONE,-1.0,-0.1,-1.0,-0.1
3,NONE,-1.0,-0.1,-1.0,-0.1
3,NONE,-1.0,-0.1,-1.0,-0.1
3,NONE,-1.0,-0.1,-1.0,-0.1
3,NONE,-1.0,-0.1,-1.0,-0.1
3,NONE,-1.0,-0.1,-1.0,-0.1
3,NONE,-1.0,-0.1,-1.0,-0.1
3,NONE,-1.0,-0.1,-1.0,-0.1
3,NONE,-1.0,-0.1,-1.0,-0.1
3,NONE,-1.0,-0.1,-1.0,-0.1
3,NONE,-1.0,-0.1,-1.0,-0.1
3,NONE,-1.0,-0.1,-1.0,-0.1
3,NONE,-1.0,-0.1,-1.0,-0.1
3,NONE,-1.0,-0.1,-1.0,-0.1
3,NONE,-1.0,-0.1,-1.0,-0.1
2,EV_B07_C030_Mototaxi_Electrica,-1.0,-0.1,8.0,37.77420731551122
1,EV_B07_C030_Mototaxi_Electrica,6.0,76.90468931060676,-1.0,37.77420731551122
1,EV_B07_C030_Mototaxi_Electrica,5.0,76.90468931060676,-1.0,37.77420731551122
1,EV_B07_C030_Mototaxi_Electrica,4.0,76.90468931060676,-1.0,37.77420731551122
1,EV_B07_C030_Mototaxi_Electrica,3.0,76.90468931060676,-1.0,37.77420731551122
1,EV_B07_C030_Mototaxi_Electrica,2.0,76.90468931060676,-1.0,37.77420731551122
1,EV_B07_C030_Mototaxi_Electrica,1.0,76.90468931060676,-1.0,37.77420731551122
1,EV_B07_C030_Mototaxi_Electrica,0.0,76.90468931060676,-1.0,37.77420731551122
3,NONE,-1.0,-0.1,-1.0,-0.1
3,NONE,-1.0,-0.1,-1.0,-0.1
3,NONE,-1.0,-0.1,-1.0,-0.1
3,NONE,-1.0,-0.1,-1.0,-0.1
3,NONE,-1.0,-0.1,-1.0,-0.1
3,NONE,-1.0,-0.1,-1.0,-0.1
3,NONE,-1.0,-0.1,-1.0,-0.1
3,NONE,-1.0,-0.1,-1.0,-0.1
3,NONE,-1.0,-0.1,-1.0,-0.1
3,NONE,-1.0,-0.1,-1.0,-0.1
3,NONE,-1.0,-0.1,-1.0,-0.1
3,NONE,-1.0,-0.1,-1.0,-0.1
3,NONE,-1.0,-0.1,-1.0,-0.1
3,NONE,-1.0,-0.1,-1.0,-0.1
3,NONE,-1.0,-0.1,-1.0,-0.1
3,NONE,-1.0,-0.1,-1.0,-0.1
3,NONE,-1.0,-0.1,-1.0,-0.1
3,NONE,-1.0,-0.1,-1.0,-0.1
3,NONE,-1.0,-0.1,-1.0,-0.1
3,NONE,-1.0,-0.1,-1.0,-0.1
3,NONE,-1.0,-0.1,-1.0,-0.1
3,NONE,-1.0,-0.1,-1.0,-0.1
3,NONE,-1.0,-0.1,-1.0,-0.1
3,NONE,-1.0,-0.1,-1.0,-0.1
3,NONE,-1.0,-0.1,-1.0,-0.1
3,NONE,-1.0,-0.1,-1.0,-0.1
3,NONE,-1.0,-0.1,-1.0,-0.1
3,NONE,-1.0,-0.1,-1.0,-0.1
3,NONE,-1.0,-0.1,-1.0,-0.1
3,NONE,-1.0,-0.1,-1.0,-0.1
3,NONE,-1.0,-0.1,-1.0,-0.1
3,NONE,-1.0,-0.1,-1.0,-0.1
3,NONE,-1.0,-0.1,-1.0,-0.1
3,NONE,-1.0,-0.1,-1.0,-0.1
3,NONE,-1.0,-0.1,-1.0,-0.1
3,NONE,-1.0,-0.1,-1.0,-0.1
3,NONE,-1.0,-0.1,-1.0,-0.1
3,NONE,-1.0,-0.1,-1.0,-0.1
3,NONE,-1.0,-0.1,-1.0,-0.1
2,EV_B07_C030_Mototaxi_Electrica,-1.0,-0.1,7.0,25.8257858028642
1,EV_B07_C030_Mototaxi_Electrica,7.0,79.61527409685102,-1.0,25.8257858028642
1,EV_B07_C030_Mototaxi_Electrica,6.0,79.61527409685102,-1.0,25.8257858028642
1,EV_B07_C030_Mototaxi_Electrica,5.0,79.61527409685102,-1.0,25.8257858028642
1,EV_B07_C030_Mototaxi_Electrica,4.0,79.61527409685102,-1.0,25.8257858028642
1,EV_B07_C030_Mototaxi_Electrica,3.0,79.61527409685102,-1.0,25.8257858028642
1,EV_B07_C030_Mototaxi_Electrica,2.0,79.61527409685102,-1.0,25.8257858028642
1,EV_B07_C030_Mototaxi_Electrica,1.0,79.61527409685102,-1.0,25.8257858028642
1,EV_B07_C030_Mototaxi_Electrica,0.0,79.61527409685102,-1.0,25.8257858028642
3,NONE,-1.0,-0.1,-1.0,-0.1
3,NONE,-1.0,-0.1,-1.0,-0.1
3,NONE,-1.0,-0.1,-1.0,-0.1
3,NONE,-1.0,-0.1,-1.0,-0.1
3,NONE,-1.0,-0.1,-1.0,-0.1
3,NONE,-1.0,-0.1,-1.0,-0.1
3,NONE,-1.0,-0.1,-1.0,-0.1
3,NONE,-1.0,-0.1,-1.0,-0.1
3,NONE,-1.0,-0.1,-1.0,-0.1
3,NONE,-1.0,-0.1,-1.0,-0.1
3,NONE,-1.0,-0.1,-1.0,-0.1
3,NONE,-1.0,-0.1,-1.0,-0.1
3,NONE,-1.0,-0.1,-1.0,-0.1
3,NONE,-1.0,-0.1,-1.0,-0.1
3,NONE,-1.0,-0.1,-1.0,-0.1
3,NONE,-1.0,-0.1,-1.0,-0.1
3,NONE,-1.0,-0.1,-1.0,-0.1
3,NONE,-1.0,-0.1,-1.0,-0.1
2,EV_B07_C030_Mototaxi_Electrica,-1.0,-0.1,10.0,10.371012697097825
1,EV_B07_C030_Mototaxi_Electrica,4.0,80.58692908896693,-1.0,10.371012697097825
1,EV_B07_C030_Mototaxi_Electrica,3.0,80.58692908896693,-1.0,10.371012697097825
1,EV_B07_C030_Mototaxi_Electrica,2.0,80.58692908896693,-1.0,10.371012697097825
1,EV_B07_C030_Mototaxi_Electrica,1.0,80.58692908896693,-1.0,10.371012697097825
1,EV_B07_C030_Mototaxi_Electrica,0.0,80.58692908896693,-1.0,10.371012697097825
3,NONE,-1.0,-0.1,-1.0,-0.1
3,NONE,-1.0,-0.1,-1.0,-0.1
3,NONE,-1.0,-0.1,-1.0,-0.1
3,NONE,-1.0,-0.1,-1.0,-0.1
3,NONE,-1.0,-0.1,-1.0,-0.1
3,NONE,-1.0,-0.1,-1.0,-0.1
3,NONE,-1.0,-0.1,-1.0,-0.1
3,NONE,-1.0,-0.1,-1.0,-0.1
3,NONE,-1.0,-0.1,-1.0,-0.1
3,NONE,-1.0,-0.1,-1.0,-0.1
3,NONE,-1.0,-0.1,-1.0,-0.1
3,NONE,-1.0,-0.1,-1.0,-0.1
3,NONE,-1.0,-0.1,-1.0,-0.1
3,NONE,-1.0,-0.1,-1.0,-0.1
3,NONE,-1.0,-0.1,-1.0,-0.1
3,NONE,-1.0,-0.1,-1.0,-0.1
3,NONE,-1.0,-0.1,-1.0,-0.1
2,EV_B07_C030_Mototaxi_Electrica,-1.0,-0.1,9.0,53.89130580421153
1,EV_B07_C030_Mototaxi_Electrica,5.0,73.58691566700787,-1.0,53.89130580421153
1,EV_B07_C030_Mototaxi_Electrica,4.0,73.58691566700787,-1.0,53.89130580421153
1,EV_B07_C030_Mototaxi_Electrica,3.0,73.58691566700787,-1.0,53.89130580421153
1,EV_B07_C030_Mototaxi_Electrica,2.0,73.58691566700787,-1.0,53.89130580421153
1,EV_B07_C030_Mototaxi_Electrica,1.0,73.58691566700787,-1.0,53.89130580421153
1,EV_B07_C030_Mototaxi_Electrica,0.0,73.58691566700787,-1.0,53.89130580421153
3,NONE,-1.0,-0.1,-1.0,-0.1
3,NONE,-1.0,-0.1,-1.0,-0.1
3,NONE,-1.0,-0.1,-1.0,-0.1
3,NONE,-1.0,-0.1,-1.0,-0.1
3,NONE,-1.0,-0.1,-1.0,-0.1
3,NONE,-1.0,-0.1,-1.0,-0.1
3,NONE,-1.0,-0.1,-1.0,-0.1
3,NONE,-1.0,-0.1,-1.0,-0.1
3,NONE,-1.0,-0.1,-1.0,-0.1
3,NONE,-1.0,-0.1,-1.0,-0.1
3,NONE,-1.0,-0.1,-1.0,-0.1
3,NONE,-1.0,-0.1,-1.0,-0.1
3,NONE,-1.0,-0.1,-1.0,-0.1
3,NONE,-1.0,-0.1,-1.0,-0.1
3,NONE,-1.0,-0.1,-1.0,-0.1
3,NONE,-1.0,-0.1,-1.0,-0.1
3,NONE,-1.0,-0.1,-1.0,-0.1
3,NONE,-1.0,-0.1,-1.0,-0.1
3,NONE,-1.0,-0.1,-1.0,-0.1
3,NONE,-1.0,-0.1,-1.0,-0.1
3,NONE,-1.0,-0.1,-1.0,-0.1
3,NONE,-1.0,-0.1,-1.0,-0.1
3,NONE,-1.0,-0.1,-1.0,-0.1
3,NONE,-1.0,-0.1,-1.0,-0.1
3,NONE,-1.0,-0.1,-1.0,-0.1
3,NONE,-1.0,-0.1,-1.0,-0.1
3,NONE,-1.0,-0.1,-1.0,-0.1
3,NONE,-1.0,-0.1,-1.0,-0.1
3,NONE,-1.0,-0.1,-1.0,-0.1
3,NONE,-1.0,-0.1,-1.0,-0.1
3,NONE,-1.0,-0.1,-1.0,-0.1
3,NONE,-1.0,-0.1,-1.0,-0.1
3,NONE,-1.0,-0.1,-1.0,-0.1
3,NONE,-1.0,-0.1,-1.0,-0.1
3,NONE,-1.0,-0.1,-1.0,-0.1
3,NONE,-1.0,-0.1,-1.0,-0.1
3,NONE,-1.0,-0.1,-1.0,-0.1
3,NONE,-1.0,-0.1,-1.0,-0.1
3,NONE,-1.0,-0.1,-1.0,-0.1
3,NONE,-1.0,-0.1,-1.0,-0.1
3,NONE,-1.0,-0.1,-1.0,-0.1
3,NONE,-1.0,-0.1,-1.0,-0.1
3,NONE,-1.0,-0.1,-1.0,-0.1
3,NONE,-1.0,-0.1,-1.0,-0.1
3,NONE,-1.0,-0.1,-1.0,-0.1
3,NONE,-1.0,-0.1,-1.0,-0.1
3,NONE,-1.0,-0.1,-1.0,-0.1
3,NONE,-1.0,-0.1,-1.0,-0.1
3,NONE,-1.0,-0.1,-1.0,-0.1
3,NONE,-1.0,-0.1,-1.0,-0.1
3,NONE,-1.0,-0.1,-1.0,-0.1
3,NONE,-1.0,-0.1,-1.0,-0.1
3,NONE,-1.0,-0.1,-1.0,-0.1
3,NONE,-1.0,-0.1,-1.0,-0.1
3,NONE,-1.0,-0.1,-1.0,-0.1
3,NONE,-1.0,-0.1,-1.0,-0.1
3,NONE,-1.0,-0.1,-1.0,-0.1
3,NONE,-1.0,-0.1,-1.0,-0.1
3,NONE,-1.0,-0.1,-1.0,-0.1
3,NONE,-1.0,-0.1,-1.0,-0.1
3,NONE,-1.0,-0.1,-1.0,-0.1
3,NONE,-1.0,-0.1,-1.0,-0.1
3,NONE,-1.0,-0.1,-1.0,-0.1
2,EV_B07_C030_Mototaxi_Electrica,-1.0,-0.1,7.0,15.519584686543066
1,EV_B07_C030_Mototaxi_Electrica,7.0,78.37932306815786,-1.0,15.519584686543066
1,EV_B07_C030_Mototaxi_Electrica,6.0,78.37932306815786,-1.0,15.519584686543066
1,EV_B07_C030_Mototaxi_Electrica,5.0,78.37932306815786,-1.0,15.519584686543066
1,EV_B07_C030_Mototaxi_Electrica,4.0,78.37932306815786,-1.0,15.519584686543066
1,EV_B07_C030_Mototaxi_Electrica,3.0,78.37932306815786,-1.0,15.519584686543066
1,EV_B07_C030_Mototaxi_Electrica,2.0,78.37932306815786,-1.0,15.519584686543066
1,EV_B07_C030_Mototaxi_Electrica,1.0,78.37932306815786,-1.0,15.519584686543066
1,EV_B07_C030_Mototaxi_Electrica,0.0,78.37932306815786,-1.0,15.519584686543066
3,NONE,-1.0,-0.1,-1.0,-0.1
3,NONE,-1.0,-0.1,-1.0,-0.1
3,NONE,-1.0,-0.1,-1.0,-0.1
3,NONE,-1.0,-0.1,-1.0,-0.1
3,NONE,-1.0,-0.1,-1.0,-0.1
3,NONE,-1.0,-0.1,-1.0,-0.1
3,NONE,-1.0,-0.1,-1.0,-0.1
3,NONE,-1.0,-0.1,-1.0,-0.1
3,NONE,-1.0,-0.1,-1.0,-0.1
3,NONE,-1.0,-0.1,-1.0,-0.1
3,NONE,-1.0,-0.1,-1.0,-0.1
3,NONE,-1.0,-0.1,-1.0,-0.1
3,NONE,-1.0,-0.1,-1.0,-0.1
3,NONE,-1.0,-0.1,-1.0,-0.1
3,NONE,-1.0,-0.1,-1.0,-0.1
3,NONE,-1.0,-0.1,-1.0,-0.1
3,NONE,-1.0,-0.1,-1.0,-0.1
3,NONE,-1.0,-0.1,-1.0,-0.1
3,NONE,-1.0,-0.1,-1.0,-0.1
3,NONE,-1.0,-0.1,-1.0,-0.1
3,NONE,-1.0,-0.1,-1.0,-0.1
3,NONE,-1.0,-0.1,-1.0,-0.1
3,NONE,-1.0,-0.1,-1.0,-0.1
3,NONE,-1.0,-0.1,-1.0,-0.1
3,NONE,-1.0,-0.1,-1.0,-0.1
3,NONE,-1.0,-0.1,-1.0,-0.1
3,NONE,-1.0,-0.1,-1.0,-0.1
3,NONE,-1.0,-0.1,-1.0,-0.1
3,NONE,-1.0,-0.1,-1.0,-0.1
3,NONE,-1.0,-0.1,-1.0,-0.1
3,NONE,-1.0,-0.1,-1.0,-0.1
3,NONE,-1.0,-0.1,-1.0,-0.1
3,NONE,-1.0,-0.1,-1.0,-0.1
3,NONE,-1.0,-0.1,-1.0,-0.1
3,NONE,-1.0,-0.1,-1.0,-0.1
3,NONE,-1.0,-0.1,-1.0,-0.1
3,NONE,-1.0,-0.1,-1.0,-0.1
3,NONE,-1.0,-0.1,-1.0,-0.1
3,NONE,-1.0,-0.1,-1.0,-0.1
3,NONE,-1.0,-0.1,-1.0,-0.1
3,NONE,-1.0,-0.1,-1.0,-0.1
3,NONE,-1.0,-0.1,-1.0,-0.1
3,NONE,-1.0,-0.1,-1.0,-0.1
3,NONE,-1.0,-0.1,-1.0,-0.1
3,NONE,-1.0,-0.1,-1.0,-0.1
3,NONE,-1.0,-0.1,-1.0,-0.1
3,NONE,-1.0,-0.1,-1.0,-0.1
3,NONE,-1.0,-0.1,-1.0,-0.1
3,NONE,-1.0,-0.1,-1.0,-0.1
3,NONE,-1.0,-0.1,-1.0,-0.1
3,NONE,-1.0,-0.1,-1.0,-0.1
3,NONE,-1.0,-0.1,-1.0,-0.1
3,NONE,-1.0,-0.1,-1.0,-0.1
3,NONE,-1.0,-0.1,-1.0,-0.1
3,NONE,-1.0,-0.1,-1.0,-0.1
3,NONE,-1.0,-0.1,-1.0,-0.1
3,NONE,-1.0,-0.1,-1.0,-0.1
3,NONE,-1.0,-0.1,-1.0,-0.1
3,NONE,-1.0,-0.1,-1.0,-0.1
3,NONE,-1.0,-0.1,-1.0,-0.1
3,NONE,-1.0,-0.1,-1.0,-0.1
3,NONE,-1.0,-0.1,-1.0,-0.1
3,NONE,-1.0,-0.1,-1.0,-0.1
3,NONE,-1.0,-0.1,-1.0,-0.1
3,NONE,-1.0,-0.1,-1.0,-0.1
3,NONE,-1.0,-0.1,-1.0,-0.1
2,EV_B07_C030_Mototaxi_Electrica,-1.0,-0.1,10.0,45.15027066668819
1,EV_B07_C030_Mototaxi_Electrica,4.0,76.91334873819032,-1.0,45.15027066668819
1,EV_B07_C030_Mototaxi_Electrica,3.0,76.91334873819032,-1.0,45.15027066668819
1,EV_B07_C030_Mototaxi_Electrica,2.0,76.91334873819032,-1.0,45.15027066668819
1,EV_B07_C030_Mototaxi_Electrica,1.0,76.91334873819032,-1.0,45.15027066668819
1,EV_B07_C030_Mototaxi_Electrica,0.0,76.91334873819032,-1.0,45.15027066668819
3,NONE,-1.0,-0.1,-1.0,-0.1
3,NONE,-1.0,-0.1,-1.0,-0.1
3,NONE,-1.0,-0.1,-1.0,-0.1
3,NONE,-1.0,-0.1,-1.0,-0.1
3,NONE,-1.0,-0.1,-1.0,-0.1
3,NONE,-1.0,-0.1,-1.0,-0.1
3,NONE,-1.0,-0.1,-1.0,-0.1
3,NONE,-1.0,-0.1,-1.0,-0.1
3,NONE,-1.0,-0.1,-1.0,-0.1
3,NONE,-1.0,-0.1,-1.0,-0.1
3,NONE,-1.0,-0.1,-1.0,-0.1
3,NONE,-1.0,-0.1,-1.0,-0.1
3,NONE,-1.0,-0.1,-1.0,-0.1
3,NONE,-1.0,-0.1,-1.0,-0.1
3,NONE,-1.0,-0.1,-1.0,-0.1
3,NONE,-1.0,-0.1,-1.0,-0.1
3,NONE,-1.0,-0.1,-1.0,-0.1
3,NONE,-1.0,-0.1,-1.0,-0.1
3,NONE,-1.0,-0.1,-1.0,-0.1
3,NONE,-1.0,-0.1,-1.0,-0.1
3,NONE,-1.0,-0.1,-1.0,-0.1
3,NONE,-1.0,-0.1,-1.0,-0.1
3,NONE,-1.0,-0.1,-1.0,-0.1
3,NONE,-1.0,-0.1,-1.0,-0.1
3,NONE,-1.0,-0.1,-1.0,-0.1
3,NONE,-1.0,-0.1,-1.0,-0.1
3,NONE,-1.0,-0.1,-1.0,-0.1
3,NONE,-1.0,-0.1,-1.0,-0.1
3,NONE,-1.0,-0.1,-1.0,-0.1
3,NONE,-1.0,-0.1,-1.0,-0.1
3,NONE,-1.0,-0.1,-1.0,-0.1
3,NONE,-1.0,-0.1,-1.0,-0.1
3,NONE,-1.0,-0.1,-1.0,-0.1
3,NONE,-1.0,-0.1,-1.0,-0.1
3,NONE,-1.0,-0.1,-1.0,-0.1
3,NONE,-1.0,-0.1,-1.0,-0.1
3,NONE,-1.0,-0.1,-1.0,-0.1
3,NONE,-1.0,-0.1,-1.0,-0.1
3,NONE,-1.0,-0.1,-1.0,-0.1
3,NONE,-1.0,-0.1,-1.0,-0.1
3,NONE,-1.0,-0.1,-1.0,-0.1
3,NONE,-1.0,-0.1,-1.0,-0.1
3,NONE,-1.0,-0.1,-1.0,-0.1
3,NONE,-1.0,-0.1,-1.0,-0.1
3,NONE,-1.0,-0.1,-1.0,-0.1
3,NONE,-1.0,-0.1,-1.0,-0.1
3,NONE,-1.0,-0.1,-1.0,-0.1
3,NONE,-1.0,-0.1,-1.0,-0.1
3,NONE,-1.0,-0.1,-1.0,-0.1
3,NONE,-1.0,-0.1,-1.0,-0.1
3,NONE,-1.0,-0.1,-1.0,-0.1
3,NONE,-1.0,-0.1,-1.0,-0.1
3,NONE,-1.0,-0.1,-1.0,-0.1
3,NONE,-1.0,-0.1,-1.0,-0.1
3,NONE,-1.0,-0.1,-1.0,-0.1
3,NONE,-1.0,-0.1,-1.0,-0.1
3,NONE,-1.0,-0.1,-1.0,-0.1
3,NONE,-1.0,-0.1,-1.0,-0.1
3,NONE,-1.0,-0.1,-1.0,-0.1
3,NONE,-1.0,-0.1,-1.0,-0.1
3,NONE,-1.0,-0.1,-1.0,-0.1
3,NONE,-1.0,-0.1,-1.0,-0.1
3,NONE,-1.0,-0.1,-1.0,-0.1
3,NONE,-1.0,-0.1,-1.0,-0.1
3,NONE,-1.0,-0.1,-1.0,-0.1
3,NONE,-1.0,-0.1,-1.0,-0.1
3,NONE,-1.0,-0.1,-1.0,-0.1
3,NONE,-1.0,-0.1,-1.0,-0.1
3,NONE,-1.0,-0.1,-1.0,-0.1
3,NONE,-1.0,-0.1,-1.0,-0.1
3,NONE,-1.0,-0.1,-1.0,-0.1
3,NONE,-1.0,-0.1,-1.0,-0.1
3,NONE,-1.0,-0.1,-1.0,-0.1
3,NONE,-1.0,-0.1,-1.0,-0.1
3,NONE,-1.0,-0.1,-1.0,-0.1
3,NONE,-1.0,-0.1,-1.0,-0.1
3,NONE,-1.0,-0.1,-1.0,-0.1
3,NONE,-1.0,-0.1,-1.0,-0.1
3,NONE,-1.0,-0.1,-1.0,-0.1
3,NONE,-1.0,-0.1,-1.0,-0.1
3,NONE,-1.0,-0.1,-1.0,-0.1
3,NONE,-1.0,-0.1,-1.0,-0.1
3,NONE,-1.0,-0.1,-1.0,-0.1
3,NONE,-1.0,-0.1,-1.0,-0.1
3,NONE,-1.0,-0.1,-1.0,-0.1
3,NONE,-1.0,-0.1,-1.0,-0.1
3,NONE,-1.0,-0.1,-1.0,-0.1
3,NONE,-1.0,-0.1,-1.0,-0.1
3,NONE,-1.0,-0.1,-1.0,-0.1
2,EV_B07_C030_Mototaxi_Electrica,-1.0,-0.1,9.0,26.45536611263455
1,EV_B07_C030_Mototaxi_Electrica,5.0,74.42500103826092,-1.0,26.45536611263455
1,EV_B07_C030_Mototaxi_Electrica,4.0,74.42500103826092,-1.0,26.45536611263455
1,EV_B07_C030_Mototaxi_Electrica,3.0,74.42500103826092,-1.0,26.45536611263455
1,EV_B07_C030_Mototaxi_Electrica,2.0,74.42500103826092,-1.0,26.45536611263455
1,EV_B07_C030_Mototaxi_Electrica,1.0,74.42500103826092,-1.0,26.45536611263455
1,EV_B07_C030_Mototaxi_Electrica,0.0,74.42500103826092,-1.0,26.45536611263455
3,NONE,-1.0,-0.1,-1.0,-0.1
3,NONE,-1.0,-0.1,-1.0,-0.1
3,NONE,-1.0,-0.1,-1.0,-0.1
3,NONE,-1.0,-0.1,-1.0,-0.1
3,NONE,-1.0,-0.1,-1.0,-0.1
3,NONE,-1.0,-0.1,-1.0,-0.1
3,NONE,-1.0,-0.1,-1.0,-0.1
3,NONE,-1.0,-0.1,-1.0,-0.1
3,NONE,-1.0,-0.1,-1.0,-0.1
3,NONE,-1.0,-0.1,-1.0,-0.1
3,NONE,-1.0,-0.1,-1.0,-0.1
3,NONE,-1.0,-0.1,-1.0,-0.1
3,NONE,-1.0,-0.1,-1.0,-0.1
3,NONE,-1.0,-0.1,-1.0,-0.1
3,NONE,-1.0,-0.1,-1.0,-0.1
3,NONE,-1.0,-0.1,-1.0,-0.1
3,NONE,-1.0,-0.1,-1.0,-0.1
3,NONE,-1.0,-0.1,-1.0,-0.1
2,EV_B07_C030_Mototaxi_Electrica,-1.0,-0.1,10.0,34.97255135406811
1,EV_B07_C030_Mototaxi_Electrica,4.0,85.53761550337879,-1.0,34.97255135406811
1,EV_B07_C030_Mototaxi_Electrica,3.0,85.53761550337879,-1.0,34.97255135406811
1,EV_B07_C030_Mototaxi_Electrica,2.0,85.53761550337879,-1.0,34.97255135406811
1,EV_B07_C030_Mototaxi_Electrica,1.0,85.53761550337879,-1.0,34.97255135406811
1,EV_B07_C030_Mototaxi_Electrica,0.0,85.53761550337879,-1.0,34.97255135406811
3,NONE,-1.0,-0.1,-1.0,-0.1
3,NONE,-1.0,-0.1,-1.0,-0.1
3,NONE,-1.0,-0.1,-1.0,-0.1
3,NONE,-1.0,-0.1,-1.0,-0.1
3,NONE,-1.0,-0.1,-1.0,-0.1
3,NONE,-1.0,-0.1,-1.0,-0.1
3,NONE,-1.0,-0.1,-1.0,-0.1
3,NONE,-1.0,-0.1,-1.0,-0.1
3,NONE,-1.0,-0.1,-1.0,-0.1
3,NONE,-1.0,-0.1,-1.0,-0.1
3,NONE,-1.0,-0.1,-1.0,-0.1
3,NONE,-1.0,-0.1,-1.0,-0.1
3,NONE,-1.0,-0.1,-1.0,-0.1
3,NONE,-1.0,-0.1,-1.0,-0.1
3,NONE,-1.0,-0.1,-1.0,-0.1
3,NONE,-1.0,-0.1,-1.0,-0.1
3,NONE,-1.0,-0.1,-1.0,-0.1
2,EV_B07_C030_Mototaxi_Electrica,-1.0,-0.1,9.0,19.689437879309448
1,EV_B07_C030_Mototaxi_Electrica,5.0,84.55345732850331,-1.0,19.689437879309448
1,EV_B07_C030_Mototaxi_Electrica,4.0,84.55345732850331,-1.0,19.689437879309448
1,EV_B07_C030_Mototaxi_Electrica,3.0,84.55345732850331,-1.0,19.689437879309448
1,EV_B07_C030_Mototaxi_Electrica,2.0,84.55345732850331,-1.0,19.689437879309448
1,EV_B07_C030_Mototaxi_Electrica,1.0,84.55345732850331,-1.0,19.689437879309448
1,EV_B07_C030_Mototaxi_Electrica,0.0,84.55345732850331,-1.0,19.689437879309448
3,NONE,-1.0,-0.1,-1.0,-0.1
3,NONE,-1.0,-0.1,-1.0,-0.1
3,NONE,-1.0,-0.1,-1.0,-0.1
3,NONE,-1.0,-0.1,-1.0,-0.1
3,NONE,-1.0,-0.1,-1.0,-0.1
3,NONE,-1.0,-0.1,-1.0,-0.1
3,NONE,-1.0,-0.1,-1.0,-0.1
3,NONE,-1.0,-0.1,-1.0,-0.1
3,NONE,-1.0,-0.1,-1.0,-0.1
3,NONE,-1.0,-0.1,-1.0,-0.1
3,NONE,-1.0,-0.1,-1.0,-0.1
3,NONE,-1.0,-0.1,-1.0,-0.1
3,NONE,-1.0,-0.1,-1.0,-0.1
3,NONE,-1.0,-0.1,-1.0,-0.1
3,NONE,-1.0,-0.1,-1.0,-0.1
3,NONE,-1.0,-0.1,-1.0,-0.1
3,NONE,-1.0,-0.1,-1.0,-0.1
3,NONE,-1.0,-0.1,-1.0,-0.1
2,EV_B07_C030_Mototaxi_Electrica,-1.0,-0.1,10.0,20.66518336018523
1,EV_B07_C030_Mototaxi_Electrica,4.0,83.0808694364914,-1.0,20.66518336018523
1,EV_B07_C030_Mototaxi_Electrica,3.0,83.0808694364914,-1.0,20.66518336018523
1,EV_B07_C030_Mototaxi_Electrica,2.0,83.0808694364914,-1.0,20.66518336018523
1,EV_B07_C030_Mototaxi_Electrica,1.0,83.0808694364914,-1.0,20.66518336018523
1,EV_B07_C030_Mototaxi_Electrica,0.0,83.0808694364914,-1.0,20.66518336018523
3,NONE,-1.0,-0.1,-1.0,-0.1
3,NONE,-1.0,-0.1,-1.0,-0.1
3,NONE,-1.0,-0.1,-1.0,-0.1
3,NONE,-1.0,-0.1,-1.0,-0.1
3,NONE,-1.0,-0.1,-1.0,-0.1
3,NONE,-1.0,-0.1,-1.0,-0.1
3,NONE,-1.0,-0.1,-1.0,-0.1
3,NONE,-1.0,-0.1,-1.0,-0.1
3,NONE,-1.0,-0.1,-1.0,-0.1
3,NONE,-1.0,-0.1,-1.0,-0.1
3,NONE,-1.0,-0.1,-1.0,-0.1
3,NONE,-1.0,-0.1,-1.0,-0.1
3,NONE,-1.0,-0.1,-1.0,-0.1
3,NONE,-1.0,-0.1,-1.0,-0.1
3,NONE,-1.0,-0.1,-1.0,-0.1
3,NONE,-1.0,-0.1,-1.0,-0.1
3,NONE,-1.0,-0.1,-1.0,-0.1
2,EV_B07_C030_Mototaxi_Electrica,-1.0,-0.1,9.0,44.7121140085152
1,EV_B07_C030_Mototaxi_Electrica,5.0,83.05929330939053,-1.0,44.7121140085152
1,EV_B07_C030_Mototaxi_Electrica,4.0,83.05929330939053,-1.0,44.7121140085152
1,EV_B07_C030_Mototaxi_Electrica,3.0,83.05929330939053,-1.0,44.7121140085152
1,EV_B07_C030_Mototaxi_Electrica,2.0,83.05929330939053,-1.0,44.7121140085152
1,EV_B07_C030_Mototaxi_Electrica,1.0,83.05929330939053,-1.0,44.7121140085152
1,EV_B07_C030_Mototaxi_Electrica,0.0,83.05929330939053,-1.0,44.7121140085152
3,NONE,-1.0,-0.1,-1.0,-0.1
3,NONE,-1.0,-0.1,-1.0,-0.1
3,NONE,-1.0,-0.1,-1.0,-0.1
3,NONE,-1.0,-0.1,-1.0,-0.1
3,NONE,-1.0,-0.1,-1.0,-0.1
3,NONE,-1.0,-0.1,-1.0,-0.1
3,NONE,-1.0,-0.1,-1.0,-0.1
3,NONE,-1.0,-0.1,-1.0,-0.1
3,NONE,-1.0,-0.1,-1.0,-0.1
3,NONE,-1.0,-0.1,-1.0,-0.1
3,NONE,-1.0,-0.1,-1.0,-0.1
3,NONE,-1.0,-0.1,-1.0,-0.1
3,NONE,-1.0,-0.1,-1.0,-0.1
3,NONE,-1.0,-0.1,-1.0,-0.1
3,NONE,-1.0,-0.1,-1.0,-0.1
3,NONE,-1.0,-0.1,-1.0,-0.1
3,NONE,-1.0,-0.1,-1.0,-0.1
3,NONE,-1.0,-0.1,-1.0,-0.1
3,NONE,-1.0,-0.1,-1.0,-0.1
3,NONE,-1.0,-0.1,-1.0,-0.1
3,NONE,-1.0,-0.1,-1.0,-0.1
3,NONE,-1.0,-0.1,-1.0,-0.1
3,NONE,-1.0,-0.1,-1.0,-0.1
3,NONE,-1.0,-0.1,-1.0,-0.1
3,NONE,-1.0,-0.1,-1.0,-0.1
3,NONE,-1.0,-0.1,-1.0,-0.1
3,NONE,-1.0,-0.1,-1.0,-0.1
3,NONE,-1.0,-0.1,-1.0,-0.1
3,NONE,-1.0,-0.1,-1.0,-0.1
3,NONE,-1.0,-0.1,-1.0,-0.1
3,NONE,-1.0,-0.1,-1.0,-0.1
3,NONE,-1.0,-0.1,-1.0,-0.1
3,NONE,-1.0,-0.1,-1.0,-0.1
3,NONE,-1.0,-0.1,-1.0,-0.1
3,NONE,-1.0,-0.1,-1.0,-0.1
3,NONE,-1.0,-0.1,-1.0,-0.1
3,NONE,-1.0,-0.1,-1.0,-0.1
3,NONE,-1.0,-0.1,-1.0,-0.1
3,NONE,-1.0,-0.1,-1.0,-0.1
3,NONE,-1.0,-0.1,-1.0,-0.1
3,NONE,-1.0,-0.1,-1.0,-0.1
3,NONE,-1.0,-0.1,-1.0,-0.1
3,NONE,-1.0,-0.1,-1.0,-0.1
3,NONE,-1.0,-0.1,-1.0,-0.1
3,NONE,-1.0,-0.1,-1.0,-0.1
3,NONE,-1.0,-0.1,-1.0,-0.1
3,NONE,-1.0,-0.1,-1.0,-0.1
3,NONE,-1.0,-0.1,-1.0,-0.1
3,NONE,-1.0,-0.1,-1.0,-0.1
3,NONE,-1.0,-0.1,-1.0,-0.1
3,NONE,-1.0,-0.1,-1.0,-0.1
3,NONE,-1.0,-0.1,-1.0,-0.1
3,NONE,-1.0,-0.1,-1.0,-0.1
3,NONE,-1.0,-0.1,-1.0,-0.1
3,NONE,-1.0,-0.1,-1.0,-0.1
3,NONE,-1.0,-0.1,-1.0,-0.1
3,NONE,-1.0,-0.1,-1.0,-0.1
3,NONE,-1.0,-0.1,-1.0,-0.1
3,NONE,-1.0,-0.1,-1.0,-0.1
3,NONE,-1.0,-0.1,-1.0,-0.1
3,NONE,-1.0,-0.1,-1.0,-0.1
3,NONE,-1.0,-0.1,-1.0,-0.1
3,NONE,-1.0,-0.1,-1.0,-0.1
3,NONE,-1.0,-0.1,-1.0,-0.1
3,NONE,-1.0,-0.1,-1.0,-0.1
2,EV_B07_C030_Mototaxi_Electrica,-1.0,-0.1,9.0,41.187472663364424
1,EV_B07_C030_Mototaxi_Electrica,5.0,75.99421590868621,-1.0,41.187472663364424
1,EV_B07_C030_Mototaxi_Electrica,4.0,75.99421590868621,-1.0,41.187472663364424
1,EV_B07_C030_Mototaxi_Electrica,3.0,75.99421590868621,-1.0,41.187472663364424
1,EV_B07_C030_Mototaxi_Electrica,2.0,75.99421590868621,-1.0,41.187472663364424
1,EV_B07_C030_Mototaxi_Electrica,1.0,75.99421590868621,-1.0,41.187472663364424
1,EV_B07_C030_Mototaxi_Electrica,0.0,75.99421590868621,-1.0,41.187472663364424
3,NONE,-1.0,-0.1,-1.0,-0.1
3,NONE,-1.0,-0.1,-1.0,-0.1
3,NONE,-1.0,-0.1,-1.0,-0.1
3,NONE,-1.0,-0.1,-1.0,-0.1
3,NONE,-1.0,-0.1,-1.0,-0.1
3,NONE,-1.0,-0.1,-1.0,-0.1
3,NONE,-1.0,-0.1,-1.0,-0.1
3,NONE,-1.0,-0.1,-1.0,-0.1
3,NONE,-1.0,-0.1,-1.0,-0.1
3,NONE,-1.0,-0.1,-1.0,-0.1
3,NONE,-1.0,-0.1,-1.0,-0.1
3,NONE,-1.0,-0.1,-1.0,-0.1
3,NONE,-1.0,-0.1,-1.0,-0.1
3,NONE,-1.0,-0.1,-1.0,-0.1
3,NONE,-1.0,-0.1,-1.0,-0.1
2,EV_B07_C030_Mototaxi_Electrica,-1.0,-0.1,7.0,13.63695983145745
1,EV_B07_C030_Mototaxi_Electrica,7.0,76.19311861508692,-1.0,13.63695983145745
1,EV_B07_C030_Mototaxi_Electrica,6.0,76.19311861508692,-1.0,13.63695983145745
1,EV_B07_C030_Mototaxi_Electrica,5.0,76.19311861508692,-1.0,13.63695983145745
1,EV_B07_C030_Mototaxi_Electrica,4.0,76.19311861508692,-1.0,13.63695983145745
1,EV_B07_C030_Mototaxi_Electrica,3.0,76.19311861508692,-1.0,13.63695983145745
1,EV_B07_C030_Mototaxi_Electrica,2.0,76.19311861508692,-1.0,13.63695983145745
1,EV_B07_C030_Mototaxi_Electrica,1.0,76.19311861508692,-1.0,13.63695983145745
1,EV_B07_C030_Mototaxi_Electrica,0.0,76.19311861508692,-1.0,13.63695983145745
3,NONE,-1.0,-0.1,-1.0,-0.1
3,NONE,-1.0,-0.1,-1.0,-0.1
3,NONE,-1.0,-0.1,-1.0,-0.1
3,NONE,-1.0,-0.1,-1.0,-0.1
3,NONE,-1.0,-0.1,-1.0,-0.1
3,NONE,-1.0,-0.1,-1.0,-0.1
3,NONE,-1.0,-0.1,-1.0,-0.1
3,NONE,-1.0,-0.1,-1.0,-0.1
3,NONE,-1.0,-0.1,-1.0,-0.1
3,NONE,-1.0,-0.1,-1.0,-0.1
3,NONE,-1.0,-0.1,-1.0,-0.1
3,NONE,-1.0,-0.1,-1.0,-0.1
3,NONE,-1.0,-0.1,-1.0,-0.1
3,NONE,-1.0,-0.1,-1.0,-0.1
3,NONE,-1.0,-0.1,-1.0,-0.1
3,NONE,-1.0,-0.1,-1.0,-0.1
3,NONE,-1.0,-0.1,-1.0,-0.1
3,NONE,-1.0,-0.1,-1.0,-0.1
3,NONE,-1.0,-0.1,-1.0,-0.1
3,NONE,-1.0,-0.1,-1.0,-0.1
3,NONE,-1.0,-0.1,-1.0,-0.1
3,NONE,-1.0,-0.1,-1.0,-0.1
3,NONE,-1.0,-0.1,-1.0,-0.1
3,NONE,-1.0,-0.1,-1.0,-0.1
3,NONE,-1.0,-0.1,-1.0,-0.1
3,NONE,-1.0,-0.1,-1.0,-0.1
3,NONE,-1.0,-0.1,-1.0,-0.1
3,NONE,-1.0,-0.1,-1.0,-0.1
3,NONE,-1.0,-0.1,-1.0,-0.1
3,NONE,-1.0,-0.1,-1.0,-0.1
3,NONE,-1.0,-0.1,-1.0,-0.1
3,NONE,-1.0,-0.1,-1.0,-0.1
3,NONE,-1.0,-0.1,-1.0,-0.1
3,NONE,-1.0,-0.1,-1.0,-0.1
3,NONE,-1.0,-0.1,-1.0,-0.1
3,NONE,-1.0,-0.1,-1.0,-0.1
3,NONE,-1.0,-0.1,-1.0,-0.1
3,NONE,-1.0,-0.1,-1.0,-0.1
3,NONE,-1.0,-0.1,-1.0,-0.1
3,NONE,-1.0,-0.1,-1.0,-0.1
3,NONE,-1.0,-0.1,-1.0,-0.1
3,NONE,-1.0,-0.1,-1.0,-0.1
3,NONE,-1.0,-0.1,-1.0,-0.1
3,NONE,-1.0,-0.1,-1.0,-0.1
3,NONE,-1.0,-0.1,-1.0,-0.1
3,NONE,-1.0,-0.1,-1.0,-0.1
3,NONE,-1.0,-0.1,-1.0,-0.1
3,NONE,-1.0,-0.1,-1.0,-0.1
3,NONE,-1.0,-0.1,-1.0,-0.1
3,NONE,-1.0,-0.1,-1.0,-0.1
3,NONE,-1.0,-0.1,-1.0,-0.1
3,NONE,-1.0,-0.1,-1.0,-0.1
3,NONE,-1.0,-0.1,-1.0,-0.1
3,NONE,-1.0,-0.1,-1.0,-0.1
3,NONE,-1.0,-0.1,-1.0,-0.1
3,NONE,-1.0,-0.1,-1.0,-0.1
3,NONE,-1.0,-0.1,-1.0,-0.1
3,NONE,-1.0,-0.1,-1.0,-0.1
3,NONE,-1.0,-0.1,-1.0,-0.1
3,NONE,-1.0,-0.1,-1.0,-0.1
3,NONE,-1.0,-0.1,-1.0,-0.1
3,NONE,-1.0,-0.1,-1.0,-0.1
3,NONE,-1.0,-0.1,-1.0,-0.1
3,NONE,-1.0,-0.1,-1.0,-0.1
2,EV_B07_C030_Mototaxi_Electrica,-1.0,-0.1,8.0,46.4925991572464
1,EV_B07_C030_Mototaxi_Electrica,6.0,93.2821713614101,-1.0,46.4925991572464
1,EV_B07_C030_Mototaxi_Electrica,5.0,93.2821713614101,-1.0,46.4925991572464
1,EV_B07_C030_Mototaxi_Electrica,4.0,93.2821713614101,-1.0,46.4925991572464
1,EV_B07_C030_Mototaxi_Electrica,3.0,93.2821713614101,-1.0,46.4925991572464
1,EV_B07_C030_Mototaxi_Electrica,2.0,93.2821713614101,-1.0,46.4925991572464
1,EV_B07_C030_Mototaxi_Electrica,1.0,93.2821713614101,-1.0,46.4925991572464
1,EV_B07_C030_Mototaxi_Electrica,0.0,93.2821713614101,-1.0,46.4925991572464
3,NONE,-1.0,-0.1,-1.0,-0.1
3,NONE,-1.0,-0.1,-1.0,-0.1
3,NONE,-1.0,-0.1,-1.0,-0.1
3,NONE,-1.0,-0.1,-1.0,-0.1
3,NONE,-1.0,-0.1,-1.0,-0.1
3,NONE,-1.0,-0.1,-1.0,-0.1
3,NONE,-1.0,-0.1,-1.0,-0.1
3,NONE,-1.0,-0.1,-1.0,-0.1
3,NONE,-1.0,-0.1,-1.0,-0.1
3,NONE,-1.0,-0.1,-1.0,-0.1
3,NONE,-1.0,-0.1,-1.0,-0.1
3,NONE,-1.0,-0.1,-1.0,-0.1
3,NONE,-1.0,-0.1,-1.0,-0.1
3,NONE,-1.0,-0.1,-1.0,-0.1
3,NONE,-1.0,-0.1,-1.0,-0.1
3,NONE,-1.0,-0.1,-1.0,-0.1
3,NONE,-1.0,-0.1,-1.0,-0.1
3,NONE,-1.0,-0.1,-1.0,-0.1
3,NONE,-1.0,-0.1,-1.0,-0.1
3,NONE,-1.0,-0.1,-1.0,-0.1
3,NONE,-1.0,-0.1,-1.0,-0.1
3,NONE,-1.0,-0.1,-1.0,-0.1
3,NONE,-1.0,-0.1,-1.0,-0.1
3,NONE,-1.0,-0.1,-1.0,-0.1
3,NONE,-1.0,-0.1,-1.0,-0.1
3,NONE,-1.0,-0.1,-1.0,-0.1
3,NONE,-1.0,-0.1,-1.0,-0.1
3,NONE,-1.0,-0.1,-1.0,-0.1
3,NONE,-1.0,-0.1,-1.0,-0.1
3,NONE,-1.0,-0.1,-1.0,-0.1
3,NONE,-1.0,-0.1,-1.0,-0.1
3,NONE,-1.0,-0.1,-1.0,-0.1
3,NONE,-1.0,-0.1,-1.0,-0.1
3,NONE,-1.0,-0.1,-1.0,-0.1
3,NONE,-1.0,-0.1,-1.0,-0.1
3,NONE,-1.0,-0.1,-1.0,-0.1
3,NONE,-1.0,-0.1,-1.0,-0.1
3,NONE,-1.0,-0.1,-1.0,-0.1
3,NONE,-1.0,-0.1,-1.0,-0.1
3,NONE,-1.0,-0.1,-1.0,-0.1
3,NONE,-1.0,-0.1,-1.0,-0.1
3,NONE,-1.0,-0.1,-1.0,-0.1
3,NONE,-1.0,-0.1,-1.0,-0.1
3,NONE,-1.0,-0.1,-1.0,-0.1
3,NONE,-1.0,-0.1,-1.0,-0.1
3,NONE,-1.0,-0.1,-1.0,-0.1
3,NONE,-1.0,-0.1,-1.0,-0.1
3,NONE,-1.0,-0.1,-1.0,-0.1
3,NONE,-1.0,-0.1,-1.0,-0.1
3,NONE,-1.0,-0.1,-1.0,-0.1
3,NONE,-1.0,-0.1,-1.0,-0.1
3,NONE,-1.0,-0.1,-1.0,-0.1
3,NONE,-1.0,-0.1,-1.0,-0.1
3,NONE,-1.0,-0.1,-1.0,-0.1
3,NONE,-1.0,-0.1,-1.0,-0.1
3,NONE,-1.0,-0.1,-1.0,-0.1
3,NONE,-1.0,-0.1,-1.0,-0.1
3,NONE,-1.0,-0.1,-1.0,-0.1
3,NONE,-1.0,-0.1,-1.0,-0.1
3,NONE,-1.0,-0.1,-1.0,-0.1
3,NONE,-1.0,-0.1,-1.0,-0.1
3,NONE,-1.0,-0.1,-1.0,-0.1
3,NONE,-1.0,-0.1,-1.0,-0.1
3,NONE,-1.0,-0.1,-1.0,-0.1
3,NONE,-1.0,-0.1,-1.0,-0.1
2,EV_B07_C030_Mototaxi_Electrica,-1.0,-0.1,9.0,16.519272045489437
1,EV_B07_C030_Mototaxi_Electrica,5.0,71.30028535683545,-1.0,16.519272045489437
1,EV_B07_C030_Mototaxi_Electrica,4.0,71.30028535683545,-1.0,16.519272045489437
1,EV_B07_C030_Mototaxi_Electrica,3.0,71.30028535683545,-1.0,16.519272045489437
1,EV_B07_C030_Mototaxi_Electrica,2.0,71.30028535683545,-1.0,16.519272045489437
1,EV_B07_C030_Mototaxi_Electrica,1.0,71.30028535683545,-1.0,16.519272045489437
1,EV_B07_C030_Mototaxi_Electrica,0.0,71.30028535683545,-1.0,16.519272045489437
3,NONE,-1.0,-0.1,-1.0,-0.1
3,NONE,-1.0,-0.1,-1.0,-0.1
3,NONE,-1.0,-0.1,-1.0,-0.1
3,NONE,-1.0,-0.1,-1.0,-0.1
3,NONE,-1.0,-0.1,-1.0,-0.1
3,NONE,-1.0,-0.1,-1.0,-0.1
3,NONE,-1.0,-0.1,-1.0,-0.1
3,NONE,-1.0,-0.1,-1.0,-0.1
3,NONE,-1.0,-0.1,-1.0,-0.1
3,NONE,-1.0,-0.1,-1.0,-0.1
3,NONE,-1.0,-0.1,-1.0,-0.1
3,NONE,-1.0,-0.1,-1.0,-0.1
3,NONE,-1.0,-0.1,-1.0,-0.1
3,NONE,-1.0,-0.1,-1.0,-0.1
3,NONE,-1.0,-0.1,-1.0,-0.1
3,NONE,-1.0,-0.1,-1.0,-0.1
3,NONE,-1.0,-0.1,-1.0,-0.1
2,EV_B07_C030_Mototaxi_Electrica,-1.0,-0.1,9.0,34.110385344710124
1,EV_B07_C030_Mototaxi_Electrica,5.0,79.05630931212457,-1.0,34.110385344710124
1,EV_B07_C030_Mototaxi_Electrica,4.0,79.05630931212457,-1.0,34.110385344710124
1,EV_B07_C030_Mototaxi_Electrica,3.0,79.05630931212457,-1.0,34.110385344710124
1,EV_B07_C030_Mototaxi_Electrica,2.0,79.05630931212457,-1.0,34.110385344710124
1,EV_B07_C030_Mototaxi_Electrica,1.0,79.05630931212457,-1.0,34.110385344710124
1,EV_B07_C030_Mototaxi_Electrica,0.0,79.05630931212457,-1.0,34.110385344710124
3,NONE,-1.0,-0.1,-1.0,-0.1
3,NONE,-1.0,-0.1,-1.0,-0.1
3,NONE,-1.0,-0.1,-1.0,-0.1
3,NONE,-1.0,-0.1,-1.0,-0.1
3,NONE,-1.0,-0.1,-1.0,-0.1
3,NONE,-1.0,-0.1,-1.0,-0.1
3,NONE,-1.0,-0.1,-1.0,-0.1
3,NONE,-1.0,-0.1,-1.0,-0.1
3,NONE,-1.0,-0.1,-1.0,-0.1
3,NONE,-1.0,-0.1,-1.0,-0.1
3,NONE,-1.0,-0.1,-1.0,-0.1
3,NONE,-1.0,-0.1,-1.0,-0.1
3,NONE,-1.0,-0.1,-1.0,-0.1
3,NONE,-1.0,-0.1,-1.0,-0.1
3,NONE,-1.0,-0.1,-1.0,-0.1
3,NONE,-1.0,-0.1,-1.0,-0.1
3,NONE,-1.0,-0.1,-1.0,-0.1
2,EV_B07_C030_Mototaxi_Electrica,-1.0,-0.1,9.0,27.344532943394594
1,EV_B07_C030_Mototaxi_Electrica,5.0,90.17678792632522,-1.0,27.344532943394594
1,EV_B07_C030_Mototaxi_Electrica,4.0,90.17678792632522,-1.0,27.344532943394594
1,EV_B07_C030_Mototaxi_Electrica,3.0,90.17678792632522,-1.0,27.344532943394594
1,EV_B07_C030_Mototaxi_Electrica,2.0,90.17678792632522,-1.0,27.344532943394594
1,EV_B07_C030_Mototaxi_Electrica,1.0,90.17678792632522,-1.0,27.344532943394594
1,EV_B07_C030_Mototaxi_Electrica,0.0,90.17678792632522,-1.0,27.344532943394594
3,NONE,-1.0,-0.1,-1.0,-0.1
3,NONE,-1.0,-0.1,-1.0,-0.1
3,NONE,-1.0,-0.1,-1.0,-0.1
3,NONE,-1.0,-0.1,-1.0,-0.1
3,NONE,-1.0,-0.1,-1.0,-0.1
3,NONE,-1.0,-0.1,-1.0,-0.1
3,NONE,-1.0,-0.1,-1.0,-0.1
3,NONE,-1.0,-0.1,-1.0,-0.1
3,NONE,-1.0,-0.1,-1.0,-0.1
3,NONE,-1.0,-0.1,-1.0,-0.1
3,NONE,-1.0,-0.1,-1.0,-0.1
3,NONE,-1.0,-0.1,-1.0,-0.1
3,NONE,-1.0,-0.1,-1.0,-0.1
3,NONE,-1.0,-0.1,-1.0,-0.1
3,NONE,-1.0,-0.1,-1.0,-0.1
3,NONE,-1.0,-0.1,-1.0,-0.1
3,NONE,-1.0,-0.1,-1.0,-0.1
3,NONE,-1.0,-0.1,-1.0,-0.1
3,NONE,-1.0,-0.1,-1.0,-0.1
3,NONE,-1.0,-0.1,-1.0,-0.1
3,NONE,-1.0,-0.1,-1.0,-0.1
3,NONE,-1.0,-0.1,-1.0,-0.1
3,NONE,-1.0,-0.1,-1.0,-0.1
3,NONE,-1.0,-0.1,-1.0,-0.1
3,NONE,-1.0,-0.1,-1.0,-0.1
3,NONE,-1.0,-0.1,-1.0,-0.1
3,NONE,-1.0,-0.1,-1.0,-0.1
3,NONE,-1.0,-0.1,-1.0,-0.1
3,NONE,-1.0,-0.1,-1.0,-0.1
3,NONE,-1.0,-0.1,-1.0,-0.1
3,NONE,-1.0,-0.1,-1.0,-0.1
3,NONE,-1.0,-0.1,-1.0,-0.1
3,NONE,-1.0,-0.1,-1.0,-0.1
3,NONE,-1.0,-0.1,-1.0,-0.1
3,NONE,-1.0,-0.1,-1.0,-0.1
3,NONE,-1.0,-0.1,-1.0,-0.1
3,NONE,-1.0,-0.1,-1.0,-0.1
3,NONE,-1.0,-0.1,-1.0,-0.1
3,NONE,-1.0,-0.1,-1.0,-0.1
3,NONE,-1.0,-0.1,-1.0,-0.1
3,NONE,-1.0,-0.1,-1.0,-0.1
2,EV_B07_C030_Mototaxi_Electrica,-1.0,-0.1,9.0,27.52290615770464
1,EV_B07_C030_Mototaxi_Electrica,5.0,85.38284681454999,-1.0,27.52290615770464
1,EV_B07_C030_Mototaxi_Electrica,4.0,85.38284681454999,-1.0,27.52290615770464
1,EV_B07_C030_Mototaxi_Electrica,3.0,85.38284681454999,-1.0,27.52290615770464
1,EV_B07_C030_Mototaxi_Electrica,2.0,85.38284681454999,-1.0,27.52290615770464
1,EV_B07_C030_Mototaxi_Electrica,1.0,85.38284681454999,-1.0,27.52290615770464
1,EV_B07_C030_Mototaxi_Electrica,0.0,85.38284681454999,-1.0,27.52290615770464
3,NONE,-1.0,-0.1,-1.0,-0.1
3,NONE,-1.0,-0.1,-1.0,-0.1
3,NONE,-1.0,-0.1,-1.0,-0.1
3,NONE,-1.0,-0.1,-1.0,-0.1
3,NONE,-1.0,-0.1,-1.0,-0.1
3,NONE,-1.0,-0.1,-1.0,-0.1
3,NONE,-1.0,-0.1,-1.0,-0.1
3,NONE,-1.0,-0.1,-1.0,-0.1
3,NONE,-1.0,-0.1,-1.0,-0.1
3,NONE,-1.0,-0.1,-1.0,-0.1
3,NONE,-1.0,-0.1,-1.0,-0.1
3,NONE,-1.0,-0.1,-1.0,-0.1
3,NONE,-1.0,-0.1,-1.0,-0.1
3,NONE,-1.0,-0.1,-1.0,-0.1
3,NONE,-1.0,-0.1,-1.0,-0.1
3,NONE,-1.0,-0.1,-1.0,-0.1
3,NONE,-1.0,-0.1,-1.0,-0.1
3,NONE,-1.0,-0.1,-1.0,-0.1
3,NONE,-1.0,-0.1,-1.0,-0.1
3,NONE,-1.0,-0.1,-1.0,-0.1
3,NONE,-1.0,-0.1,-1.0,-0.1
3,NONE,-1.0,-0.1,-1.0,-0.1
3,NONE,-1.0,-0.1,-1.0,-0.1
3,NONE,-1.0,-0.1,-1.0,-0.1
3,NONE,-1.0,-0.1,-1.0,-0.1
3,NONE,-1.0,-0.1,-1.0,-0.1
3,NONE,-1.0,-0.1,-1.0,-0.1
3,NONE,-1.0,-0.1,-1.0,-0.1
3,NONE,-1.0,-0.1,-1.0,-0.1
3,NONE,-1.0,-0.1,-1.0,-0.1
3,NONE,-1.0,-0.1,-1.0,-0.1
3,NONE,-1.0,-0.1,-1.0,-0.1
3,NONE,-1.0,-0.1,-1.0,-0.1
3,NONE,-1.0,-0.1,-1.0,-0.1
3,NONE,-1.0,-0.1,-1.0,-0.1
3,NONE,-1.0,-0.1,-1.0,-0.1
3,NONE,-1.0,-0.1,-1.0,-0.1
3,NONE,-1.0,-0.1,-1.0,-0.1
3,NONE,-1.0,-0.1,-1.0,-0.1
3,NONE,-1.0,-0.1,-1.0,-0.1
3,NONE,-1.0,-0.1,-1.0,-0.1
3,NONE,-1.0,-0.1,-1.0,-0.1
3,NONE,-1.0,-0.1,-1.0,-0.1
3,NONE,-1.0,-0.1,-1.0,-0.1
3,NONE,-1.0,-0.1,-1.0,-0.1
3,NONE,-1.0,-0.1,-1.0,-0.1
3,NONE,-1.0,-0.1,-1.0,-0.1
3,NONE,-1.0,-0.1,-1.0,-0.1
3,NONE,-1.0,-0.1,-1.0,-0.1
3,NONE,-1.0,-0.1,-1.0,-0.1
3,NONE,-1.0,-0.1,-1.0,-0.1
3,NONE,-1.0,-0.1,-1.0,-0.1
3,NONE,-1.0,-0.1,-1.0,-0.1
3,NONE,-1.0,-0.1,-1.0,-0.1
3,NONE,-1.0,-0.1,-1.0,-0.1
3,NONE,-1.0,-0.1,-1.0,-0.1
3,NONE,-1.0,-0.1,-1.0,-0.1
3,NONE,-1.0,-0.1,-1.0,-0.1
3,NONE,-1.0,-0.1,-1.0,-0.1
3,NONE,-1.0,-0.1,-1.0,-0.1
3,NONE,-1.0,-0.1,-1.0,-0.1
3,NONE,-1.0,-0.1,-1.0,-0.1
3,NONE,-1.0,-0.1,-1.0,-0.1
2,EV_B07_C030_Mototaxi_Electrica,-1.0,-0.1,7.0,42.08932297899244
1,EV_B07_C030_Mototaxi_Electrica,7.0,85.23817182254243,-1.0,42.08932297899244
1,EV_B07_C030_Mototaxi_Electrica,6.0,85.23817182254243,-1.0,42.08932297899244
1,EV_B07_C030_Mototaxi_Electrica,5.0,85.23817182254243,-1.0,42.08932297899244
1,EV_B07_C030_Mototaxi_Electrica,4.0,85.23817182254243,-1.0,42.08932297899244
1,EV_B07_C030_Mototaxi_Electrica,3.0,85.23817182254243,-1.0,42.08932297899244
1,EV_B07_C030_Mototaxi_Electrica,2.0,85.23817182254243,-1.0,42.08932297899244
1,EV_B07_C030_Mototaxi_Electrica,1.0,85.23817182254243,-1.0,42.08932297899244
1,EV_B07_C030_Mototaxi_Electrica,0.0,85.23817182254243,-1.0,42.08932297899244
3,NONE,-1.0,-0.1,-1.0,-0.1
3,NONE,-1.0,-0.1,-1.0,-0.1
3,NONE,-1.0,-0.1,-1.0,-0.1
3,NONE,-1.0,-0.1,-1.0,-0.1
3,NONE,-1.0,-0.1,-1.0,-0.1
3,NONE,-1.0,-0.1,-1.0,-0.1
3,NONE,-1.0,-0.1,-1.0,-0.1
3,NONE,-1.0,-0.1,-1.0,-0.1
3,NONE,-1.0,-0.1,-1.0,-0.1
3,NONE,-1.0,-0.1,-1.0,-0.1
3,NONE,-1.0,-0.1,-1.0,-0.1
3,NONE,-1.0,-0.1,-1.0,-0.1
3,NONE,-1.0,-0.1,-1.0,-0.1
3,NONE,-1.0,-0.1,-1.0,-0.1
3,NONE,-1.0,-0.1,-1.0,-0.1
3,NONE,-1.0,-0.1,-1.0,-0.1
3,NONE,-1.0,-0.1,-1.0,-0.1
3,NONE,-1.0,-0.1,-1.0,-0.1
3,NONE,-1.0,-0.1,-1.0,-0.1
3,NONE,-1.0,-0.1,-1.0,-0.1
3,NONE,-1.0,-0.1,-1.0,-0.1
3,NONE,-1.0,-0.1,-1.0,-0.1
3,NONE,-1.0,-0.1,-1.0,-0.1
3,NONE,-1.0,-0.1,-1.0,-0.1
3,NONE,-1.0,-0.1,-1.0,-0.1
3,NONE,-1.0,-0.1,-1.0,-0.1
3,NONE,-1.0,-0.1,-1.0,-0.1
3,NONE,-1.0,-0.1,-1.0,-0.1
3,NONE,-1.0,-0.1,-1.0,-0.1
3,NONE,-1.0,-0.1,-1.0,-0.1
3,NONE,-1.0,-0.1,-1.0,-0.1
3,NONE,-1.0,-0.1,-1.0,-0.1
3,NONE,-1.0,-0.1,-1.0,-0.1
3,NONE,-1.0,-0.1,-1.0,-0.1
3,NONE,-1.0,-0.1,-1.0,-0.1
3,NONE,-1.0,-0.1,-1.0,-0.1
3,NONE,-1.0,-0.1,-1.0,-0.1
3,NONE,-1.0,-0.1,-1.0,-0.1
3,NONE,-1.0,-0.1,-1.0,-0.1
3,NONE,-1.0,-0.1,-1.0,-0.1
3,NONE,-1.0,-0.1,-1.0,-0.1
3,NONE,-1.0,-0.1,-1.0,-0.1
3,NONE,-1.0,-0.1,-1.0,-0.1
3,NONE,-1.0,-0.1,-1.0,-0.1
3,NONE,-1.0,-0.1,-1.0,-0.1
3,NONE,-1.0,-0.1,-1.0,-0.1
3,NONE,-1.0,-0.1,-1.0,-0.1
3,NONE,-1.0,-0.1,-1.0,-0.1
3,NONE,-1.0,-0.1,-1.0,-0.1
3,NONE,-1.0,-0.1,-1.0,-0.1
3,NONE,-1.0,-0.1,-1.0,-0.1
3,NONE,-1.0,-0.1,-1.0,-0.1
3,NONE,-1.0,-0.1,-1.0,-0.1
3,NONE,-1.0,-0.1,-1.0,-0.1
3,NONE,-1.0,-0.1,-1.0,-0.1
3,NONE,-1.0,-0.1,-1.0,-0.1
3,NONE,-1.0,-0.1,-1.0,-0.1
3,NONE,-1.0,-0.1,-1.0,-0.1
3,NONE,-1.0,-0.1,-1.0,-0.1
3,NONE,-1.0,-0.1,-1.0,-0.1
3,NONE,-1.0,-0.1,-1.0,-0.1
3,NONE,-1.0,-0.1,-1.0,-0.1
3,NONE,-1.0,-0.1,-1.0,-0.1
3,NONE,-1.0,-0.1,-1.0,-0.1
3,NONE,-1.0,-0.1,-1.0,-0.1
2,EV_B07_C030_Mototaxi_Electrica,-1.0,-0.1,9.0,43.46146823235064
1,EV_B07_C030_Mototaxi_Electrica,5.0,69.09383551122097,-1.0,43.46146823235064
1,EV_B07_C030_Mototaxi_Electrica,4.0,69.09383551122097,-1.0,43.46146823235064
1,EV_B07_C030_Mototaxi_Electrica,3.0,69.09383551122097,-1.0,43.46146823235064
1,EV_B07_C030_Mototaxi_Electrica,2.0,69.09383551122097,-1.0,43.46146823235064
1,EV_B07_C030_Mototaxi_Electrica,1.0,69.09383551122097,-1.0,43.46146823235064
1,EV_B07_C030_Mototaxi_Electrica,0.0,69.09383551122097,-1.0,43.46146823235064
3,NONE,-1.0,-0.1,-1.0,-0.1
3,NONE,-1.0,-0.1,-1.0,-0.1
3,NONE,-1.0,-0.1,-1.0,-0.1
3,NONE,-1.0,-0.1,-1.0,-0.1
3,NONE,-1.0,-0.1,-1.0,-0.1
3,NONE,-1.0,-0.1,-1.0,-0.1
3,NONE,-1.0,-0.1,-1.0,-0.1
3,NONE,-1.0,-0.1,-1.0,-0.1
3,NONE,-1.0,-0.1,-1.0,-0.1
3,NONE,-1.0,-0.1,-1.0,-0.1
3,NONE,-1.0,-0.1,-1.0,-0.1
3,NONE,-1.0,-0.1,-1.0,-0.1
3,NONE,-1.0,-0.1,-1.0,-0.1
3,NONE,-1.0,-0.1,-1.0,-0.1
3,NONE,-1.0,-0.1,-1.0,-0.1
2,EV_B07_C030_Mototaxi_Electrica,-1.0,-0.1,7.0,34.51559356097008
1,EV_B07_C030_Mototaxi_Electrica,7.0,70.37780542938589,-1.0,34.51559356097008
1,EV_B07_C030_Mototaxi_Electrica,6.0,70.37780542938589,-1.0,34.51559356097008
1,EV_B07_C030_Mototaxi_Electrica,5.0,70.37780542938589,-1.0,34.51559356097008
1,EV_B07_C030_Mototaxi_Electrica,4.0,70.37780542938589,-1.0,34.51559356097008
1,EV_B07_C030_Mototaxi_Electrica,3.0,70.37780542938589,-1.0,34.51559356097008
1,EV_B07_C030_Mototaxi_Electrica,2.0,70.37780542938589,-1.0,34.51559356097008
1,EV_B07_C030_Mototaxi_Electrica,1.0,70.37780542938589,-1.0,34.51559356097008
1,EV_B07_C030_Mototaxi_Electrica,0.0,70.37780542938589,-1.0,34.51559356097008
3,NONE,-1.0,-0.1,-1.0,-0.1
3,NONE,-1.0,-0.1,-1.0,-0.1
3,NONE,-1.0,-0.1,-1.0,-0.1
3,NONE,-1.0,-0.1,-1.0,-0.1
3,NONE,-1.0,-0.1,-1.0,-0.1
3,NONE,-1.0,-0.1,-1.0,-0.1
3,NONE,-1.0,-0.1,-1.0,-0.1
3,NONE,-1.0,-0.1,-1.0,-0.1
3,NONE,-1.0,-0.1,-1.0,-0.1
3,NONE,-1.0,-0.1,-1.0,-0.1
3,NONE,-1.0,-0.1,-1.0,-0.1
3,NONE,-1.0,-0.1,-1.0,-0.1
3,NONE,-1.0,-0.1,-1.0,-0.1
3,NONE,-1.0,-0.1,-1.0,-0.1
3,NONE,-1.0,-0.1,-1.0,-0.1
3,NONE,-1.0,-0.1,-1.0,-0.1
3,NONE,-1.0,-0.1,-1.0,-0.1
3,NONE,-1.0,-0.1,-1.0,-0.1
3,NONE,-1.0,-0.1,-1.0,-0.1
3,NONE,-1.0,-0.1,-1.0,-0.1
3,NONE,-1.0,-0.1,-1.0,-0.1
3,NONE,-1.0,-0.1,-1.0,-0.1
3,NONE,-1.0,-0.1,-1.0,-0.1
3,NONE,-1.0,-0.1,-1.0,-0.1
3,NONE,-1.0,-0.1,-1.0,-0.1
3,NONE,-1.0,-0.1,-1.0,-0.1
3,NONE,-1.0,-0.1,-1.0,-0.1
3,NONE,-1.0,-0.1,-1.0,-0.1
3,NONE,-1.0,-0.1,-1.0,-0.1
3,NONE,-1.0,-0.1,-1.0,-0.1
3,NONE,-1.0,-0.1,-1.0,-0.1
3,NONE,-1.0,-0.1,-1.0,-0.1
3,NONE,-1.0,-0.1,-1.0,-0.1
3,NONE,-1.0,-0.1,-1.0,-0.1
3,NONE,-1.0,-0.1,-1.0,-0.1
3,NONE,-1.0,-0.1,-1.0,-0.1
3,NONE,-1.0,-0.1,-1.0,-0.1
3,NONE,-1.0,-0.1,-1.0,-0.1
3,NONE,-1.0,-0.1,-1.0,-0.1
3,NONE,-1.0,-0.1,-1.0,-0.1
3,NONE,-1.0,-0.1,-1.0,-0.1
3,NONE,-1.0,-0.1,-1.0,-0.1
3,NONE,-1.0,-0.1,-1.0,-0.1
3,NONE,-1.0,-0.1,-1.0,-0.1
3,NONE,-1.0,-0.1,-1.0,-0.1
3,NONE,-1.0,-0.1,-1.0,-0.1
3,NONE,-1.0,-0.1,-1.0,-0.1
3,NONE,-1.0,-0.1,-1.0,-0.1
3,NONE,-1.0,-0.1,-1.0,-0.1
3,NONE,-1.0,-0.1,-1.0,-0.1
3,NONE,-1.0,-0.1,-1.0,-0.1
3,NONE,-1.0,-0.1,-1.0,-0.1
3,NONE,-1.0,-0.1,-1.0,-0.1
3,NONE,-1.0,-0.1,-1.0,-0.1
3,NONE,-1.0,-0.1,-1.0,-0.1
3,NONE,-1.0,-0.1,-1.0,-0.1
3,NONE,-1.0,-0.1,-1.0,-0.1
3,NONE,-1.0,-0.1,-1.0,-0.1
3,NONE,-1.0,-0.1,-1.0,-0.1
3,NONE,-1.0,-0.1,-1.0,-0.1
3,NONE,-1.0,-0.1,-1.0,-0.1
3,NONE,-1.0,-0.1,-1.0,-0.1
3,NONE,-1.0,-0.1,-1.0,-0.1
3,NONE,-1.0,-0.1,-1.0,-0.1
2,EV_B07_C030_Mototaxi_Electrica,-1.0,-0.1,8.0,15.835735673466655
1,EV_B07_C030_Mototaxi_Electrica,6.0,78.20620983370947,-1.0,15.835735673466655
1,EV_B07_C030_Mototaxi_Electrica,5.0,78.20620983370947,-1.0,15.835735673466655
1,EV_B07_C030_Mototaxi_Electrica,4.0,78.20620983370947,-1.0,15.835735673466655
1,EV_B07_C030_Mototaxi_Electrica,3.0,78.20620983370947,-1.0,15.835735673466655
1,EV_B07_C030_Mototaxi_Electrica,2.0,78.20620983370947,-1.0,15.835735673466655
1,EV_B07_C030_Mototaxi_Electrica,1.0,78.20620983370947,-1.0,15.835735673466655
1,EV_B07_C030_Mototaxi_Electrica,0.0,78.20620983370947,-1.0,15.835735673466655
3,NONE,-1.0,-0.1,-1.0,-0.1
3,NONE,-1.0,-0.1,-1.0,-0.1
3,NONE,-1.0,-0.1,-1.0,-0.1
3,NONE,-1.0,-0.1,-1.0,-0.1
3,NONE,-1.0,-0.1,-1.0,-0.1
3,NONE,-1.0,-0.1,-1.0,-0.1
3,NONE,-1.0,-0.1,-1.0,-0.1
3,NONE,-1.0,-0.1,-1.0,-0.1
3,NONE,-1.0,-0.1,-1.0,-0.1
3,NONE,-1.0,-0.1,-1.0,-0.1
3,NONE,-1.0,-0.1,-1.0,-0.1
3,NONE,-1.0,-0.1,-1.0,-0.1
3,NONE,-1.0,-0.1,-1.0,-0.1
3,NONE,-1.0,-0.1,-1.0,-0.1
3,NONE,-1.0,-0.1,-1.0,-0.1
3,NONE,-1.0,-0.1,-1.0,-0.1
3,NONE,-1.0,-0.1,-1.0,-0.1
3,NONE,-1.0,-0.1,-1.0,-0.1
3,NONE,-1.0,-0.1,-1.0,-0.1
3,NONE,-1.0,-0.1,-1.0,-0.1
3,NONE,-1.0,-0.1,-1.0,-0.1
3,NONE,-1.0,-0.1,-1.0,-0.1
3,NONE,-1.0,-0.1,-1.0,-0.1
3,NONE,-1.0,-0.1,-1.0,-0.1
3,NONE,-1.0,-0.1,-1.0,-0.1
3,NONE,-1.0,-0.1,-1.0,-0.1
3,NONE,-1.0,-0.1,-1.0,-0.1
3,NONE,-1.0,-0.1,-1.0,-0.1
3,NONE,-1.0,-0.1,-1.0,-0.1
3,NONE,-1.0,-0.1,-1.0,-0.1
3,NONE,-1.0,-0.1,-1.0,-0.1
3,NONE,-1.0,-0.1,-1.0,-0.1
3,NONE,-1.0,-0.1,-1.0,-0.1
3,NONE,-1.0,-0.1,-1.0,-0.1
3,NONE,-1.0,-0.1,-1.0,-0.1
3,NONE,-1.0,-0.1,-1.0,-0.1
3,NONE,-1.0,-0.1,-1.0,-0.1
3,NONE,-1.0,-0.1,-1.0,-0.1
3,NONE,-1.0,-0.1,-1.0,-0.1
3,NONE,-1.0,-0.1,-1.0,-0.1
2,EV_B07_C030_Mototaxi_Electrica,-1.0,-0.1,8.0,28.281780096723203
1,EV_B07_C030_Mototaxi_Electrica,6.0,87.2459476463357,-1.0,28.281780096723203
1,EV_B07_C030_Mototaxi_Electrica,5.0,87.2459476463357,-1.0,28.281780096723203
1,EV_B07_C030_Mototaxi_Electrica,4.0,87.2459476463357,-1.0,28.281780096723203
1,EV_B07_C030_Mototaxi_Electrica,3.0,87.2459476463357,-1.0,28.281780096723203
1,EV_B07_C030_Mototaxi_Electrica,2.0,87.2459476463357,-1.0,28.281780096723203
1,EV_B07_C030_Mototaxi_Electrica,1.0,87.2459476463357,-1.0,28.281780096723203
1,EV_B07_C030_Mototaxi_Electrica,0.0,87.2459476463357,-1.0,28.281780096723203
3,NONE,-1.0,-0.1,-1.0,-0.1
3,NONE,-1.0,-0.1,-1.0,-0.1
3,NONE,-1.0,-0.1,-1.0,-0.1
3,NONE,-1.0,-0.1,-1.0,-0.1
3,NONE,-1.0,-0.1,-1.0,-0.1
3,NONE,-1.0,-0.1,-1.0,-0.1
3,NONE,-1.0,-0.1,-1.0,-0.1
3,NONE,-1.0,-0.1,-1.0,-0.1
3,NONE,-1.0,-0.1,-1.0,-0.1
