electric_vehicle_charger_state,electric_vehicle_id,electric_vehicle_departure_time,electric_vehicle_required_soc_departure,electric_vehicle_estimated_arrival_time,electric_vehicle_estimated_soc_arrival
3,,,,,
3,,,,,
3,,,,,
3,,,,,
3,,,,,
3,,,,,
3,,,,,
2,EV_B4_C3,,,0.0,26.296985595290078
1,EV_B4_C3,10.0,75.0,,
1,EV_B4_C3,9.0,75.0,,
1,EV_B4_C3,8.0,75.0,,
1,EV_B4_C3,7.0,75.0,,
1,EV_B4_C3,6.0,75.0,,
1,EV_B4_C3,5.0,75.0,,
1,EV_B4_C3,4.0,75.0,,
1,EV_B4_C3,3.0,75.0,,
1,EV_B4_C3,2.0,75.0,,
1,EV_B4_C3,1.0,75.0,,
1,EV_B4_C3,0.0,75.0,,
3,,,,,
3,,,,,
3,,,,,
3,,,,,
3,,,,,
3,,,,,
3,,,,,
3,,,,,
3,,,,,
3,,,,,
3,,,,,
3,,,,,
3,,,,,
3,,,,,
2,EV_B4_C3,,,0.0,34.79033664654481
1,EV_B4_C3,9.0,75.0,,
1,EV_B4_C3,8.0,75.0,,
1,EV_B4_C3,7.0,75.0,,
1,EV_B4_C3,6.0,75.0,,
1,EV_B4_C3,5.0,75.0,,
1,EV_B4_C3,4.0,75.0,,
1,EV_B4_C3,3.0,75.0,,
1,EV_B4_C3,2.0,75.0,,
1,EV_B4_C3,1.0,75.0,,
1,EV_B4_C3,0.0,75.0,,
3,,,,,
3,,,,,
3,,,,,
3,,,,,
3,,,,,
3,,,,,
3,,,,,
3,,,,,
3,,,,,
3,,,,,
3,,,,,
3,,,,,
2,EV_B4_C3,,,0.0,35.047188822811
1,EV_B4_C3,10.0,75.0,,
1,EV_B4_C3,9.0,75.0,,
1,EV_B4_C3,8.0,75.0,,
1,EV_B4_C3,7.0,75.0,,
1,EV_B4_C3,6.0,75.0,,
1,EV_B4_C3,5.0,75.0,,
1,EV_B4_C3,4.0,75.0,,
1,EV_B4_C3,3.0,75.0,,
1,EV_B4_C3,2.0,75.0,,
1,EV_B4_C3,1.0,75.0,,
1,EV_B4_C3,0.0,75.0,,
3,,,,,
3,,,,,
3,,,,,
3,,,,,
3,,,,,
3,,,,,
3,,,,,
3,,,,,
3,,,,,
3,,,,,
3,,,,,
3,,,,,
3,,,,,
2,EV_B4_C3,,,0.0,38.55981905217059
1,EV_B4_C3,9.0,75.0,,
1,EV_B4_C3,8.0,75.0,,
1,EV_B4_C3,7.0,75.0,,
1,EV_B4_C3,6.0,75.0,,
1,EV_B4_C3,5.0,75.0,,
1,EV_B4_C3,4.0,75.0,,
1,EV_B4_C3,3.0,75.0,,
1,EV_B4_C3,2.0,75.0,,
1,EV_B4_C3,1.0,75.0,,
1,EV_B4_C3,0.0,75.0,,
3,,,,,
3,,,,,
3,,,,,
3,,,,,
3,,,,,
3,,,,,
3,,,,,
3,,,,,
3,,,,,
3,,,,,
3,,,,,
3,,,,,
3,,,,,
2,EV_B4_C3,,,0.0,33.96698364490539
1,EV_B4_C3,9.0,75.0,,
1,EV_B4_C3,8.0,75.0,,
1,EV_B4_C3,7.0,75.0,,
1,EV_B4_C3,6.0,75.0,,
1,EV_B4_C3,5.0,75.0,,
1,EV_B4_C3,4.0,75.0,,
1,EV_B4_C3,3.0,75.0,,
1,EV_B4_C3,2.0,75.0,,
1,EV_B4_C3,1.0,75.0,,
1,EV_B4_C3,0.0,75.0,,
3,,,,,
3,,,,,
3,,,,,
3,,,,,
3,,,,,
3,,,,,
3,,,,,
3,,,,,
3,,,,,
3,,,,,
3,,,,,
3,,,,,
3,,,,,
2,EV_B4_C3,,,0.0,36.72299713181967
1,EV_B4_C3,10.0,75.0,,
1,EV_B4_C3,9.0,75.0,,
1,EV_B4_C3,8.0,75.0,,
1,EV_B4_C3,7.0,75.0,,
1,EV_B4_C3,6.0,75.0,,
1,EV_B4_C3,5.0,75.0,,
1,EV_B4_C3,4.0,75.0,,
1,EV_B4_C3,3.0,75.0,,
1,EV_B4_C3,2.0,75.0,,
1,EV_B4_C3,1.0,75.0,,
1,EV_B4_C3,0.0,75.0,,
3,,,,,
3,,,,,
3,,,,,
3,,,,,
3,,,,,
3,,,,,
3,,,,,
3,,,,,
3,,,,,
3,,,,,
2,EV_B4_C3,,,0.0,26.00901824257817
1,EV_B4_C3,12.0,75.0,,
1,EV_B4_C3,11.0,75.0,,
1,EV_B4_C3,10.0,75.0,,
1,EV_B4_C3,9.0,75.0,,
1,EV_B4_C3,8.0,75.0,,
1,EV_B4_C3,7.0,75.0,,
1,EV_B4_C3,6.0,75.0,,
1,EV_B4_C3,5.0,75.0,,
1,EV_B4_C3,4.0,75.0,,
1,EV_B4_C3,3.0,75.0,,
1,EV_B4_C3,2.0,75.0,,
1,EV_B4_C3,1.0,75.0,,
1,EV_B4_C3,0.0,75.0,,
3,,,,,
3,,,,,
3,,,,,
3,,,,,
3,,,,,
3,,,,,
3,,,,,
3,,,,,
3,,,,,
3,,,,,
3,,,,,
3,,,,,
3,,,,,
3,,,,,
3,,,,,
3,,,,,
3,,,,,
3,,,,,
3,,,,,
3,,,,,
3,,,,,
3,,,,,
3,,,,,
3,,,,,
3,,,,,
3,,,,,
3,,,,,
3,,,,,
3,,,,,
3,,,,,
3,,,,,
3,,,,,
3,,,,,
3,,,,,
3,,,,,
3,,,,,
3,,,,,
3,,,,,
3,,,,,
3,,,,,
3,,,,,
3,,,,,
3,,,,,
3,,,,,
3,,,,,
3,,,,,
3,,,,,
3,,,,,
3,,,,,
3,,,,,
3,,,,,
3,,,,,
3,,,,,
3,,,,,
3,,,,,
3,,,,,
3,,,,,
3,,,,,
3,,,,,
3,,,,,
3,,,,,
3,,,,,
2,EV_B4_C3,,,0.0,25.74785518947315
1,EV_B4_C3,7.0,75.0,,
1,EV_B4_C3,6.0,75.0,,
1,EV_B4_C3,5.0,75.0,,
1,EV_B4_C3,4.0,75.0,,
1,EV_B4_C3,3.0,75.0,,
1,EV_B4_C3,2.0,75.0,,
1,EV_B4_C3,1.0,75.0,,
1,EV_B4_C3,0.0,75.0,,
3,,,,,
3,,,,,
3,,,,,
3,,,,,
3,,,,,
3,,,,,
3,,,,,
3,,,,,
3,,,,,
3,,,,,
3,,,,,
2,EV_B4_C3,,,0.0,36.6363227445393
1,EV_B4_C3,12.0,75.0,,
1,EV_B4_C3,11.0,75.0,,
1,EV_B4_C3,10.0,75.0,,
1,EV_B4_C3,9.0,75.0,,
1,EV_B4_C3,8.0,75.0,,
1,EV_B4_C3,7.0,75.0,,
1,EV_B4_C3,6.0,75.0,,
1,EV_B4_C3,5.0,75.0,,
1,EV_B4_C3,4.0,75.0,,
1,EV_B4_C3,3.0,75.0,,
1,EV_B4_C3,2.0,75.0,,
1,EV_B4_C3,1.0,75.0,,
1,EV_B4_C3,0.0,75.0,,
3,,,,,
3,,,,,
3,,,,,
3,,,,,
3,,,,,
3,,,,,
3,,,,,
3,,,,,
3,,,,,
3,,,,,
2,EV_B4_C3,,,0.0,21.584439868786923
1,EV_B4_C3,11.0,75.0,,
1,EV_B4_C3,10.0,75.0,,
1,EV_B4_C3,9.0,75.0,,
1,EV_B4_C3,8.0,75.0,,
1,EV_B4_C3,7.0,75.0,,
1,EV_B4_C3,6.0,75.0,,
1,EV_B4_C3,5.0,75.0,,
1,EV_B4_C3,4.0,75.0,,
1,EV_B4_C3,3.0,75.0,,
1,EV_B4_C3,2.0,75.0,,
1,EV_B4_C3,1.0,75.0,,
1,EV_B4_C3,0.0,75.0,,
3,,,,,
3,,,,,
3,,,,,
3,,,,,
3,,,,,
3,,,,,
3,,,,,
3,,,,,
3,,,,,
3,,,,,
3,,,,,
3,,,,,
3,,,,,
2,EV_B4_C3,,,0.0,23.945636133495597
1,EV_B4_C3,10.0,75.0,,
1,EV_B4_C3,9.0,75.0,,
1,EV_B4_C3,8.0,75.0,,
1,EV_B4_C3,7.0,75.0,,
1,EV_B4_C3,6.0,75.0,,
1,EV_B4_C3,5.0,75.0,,
1,EV_B4_C3,4.0,75.0,,
1,EV_B4_C3,3.0,75.0,,
1,EV_B4_C3,2.0,75.0,,
1,EV_B4_C3,1.0,75.0,,
1,EV_B4_C3,0.0,75.0,,
3,,,,,
3,,,,,
3,,,,,
3,,,,,
3,,,,,
3,,,,,
3,,,,,
3,,,,,
3,,,,,
3,,,,,
3,,,,,
2,EV_B4_C3,,,0.0,36.37804550929752
1,EV_B4_C3,10.0,75.0,,
1,EV_B4_C3,9.0,75.0,,
1,EV_B4_C3,8.0,75.0,,
1,EV_B4_C3,7.0,75.0,,
1,EV_B4_C3,6.0,75.0,,
1,EV_B4_C3,5.0,75.0,,
1,EV_B4_C3,4.0,75.0,,
1,EV_B4_C3,3.0,75.0,,
1,EV_B4_C3,2.0,75.0,,
1,EV_B4_C3,1.0,75.0,,
1,EV_B4_C3,0.0,75.0,,
3,,,,,
3,,,,,
3,,,,,
3,,,,,
3,,,,,
3,,,,,
3,,,,,
3,,,,,
3,,,,,
3,,,,,
3,,,,,
3,,,,,
3,,,,,
2,EV_B4_C3,,,0.0,39.79327229626266
1,EV_B4_C3,9.0,75.0,,
1,EV_B4_C3,8.0,75.0,,
1,EV_B4_C3,7.0,75.0,,
1,EV_B4_C3,6.0,75.0,,
1,EV_B4_C3,5.0,75.0,,
1,EV_B4_C3,4.0,75.0,,
1,EV_B4_C3,3.0,75.0,,
1,EV_B4_C3,2.0,75.0,,
1,EV_B4_C3,1.0,75.0,,
1,EV_B4_C3,0.0,75.0,,
3,,,,,
3,,,,,
3,,,,,
3,,,,,
3,,,,,
3,,,,,
3,,,,,
3,,,,,
3,,,,,
3,,,,,
3,,,,,
3,,,,,
3,,,,,
2,EV_B4_C3,,,0.0,36.12934121835843
1,EV_B4_C3,11.0,75.0,,
1,EV_B4_C3,10.0,75.0,,
1,EV_B4_C3,9.0,75.0,,
1,EV_B4_C3,8.0,75.0,,
1,EV_B4_C3,7.0,75.0,,
1,EV_B4_C3,6.0,75.0,,
1,EV_B4_C3,5.0,75.0,,
1,EV_B4_C3,4.0,75.0,,
1,EV_B4_C3,3.0,75.0,,
1,EV_B4_C3,2.0,75.0,,
1,EV_B4_C3,1.0,75.0,,
1,EV_B4_C3,0.0,75.0,,
3,,,,,
3,,,,,
3,,,,,
3,,,,,
3,,,,,
3,,,,,
3,,,,,
3,,,,,
3,,,,,
3,,,,,
3,,,,,
3,,,,,
3,,,,,
2,EV_B4_C3,,,0.0,30.172191281333888
1,EV_B4_C3,7.0,75.0,,
1,EV_B4_C3,6.0,75.0,,
1,EV_B4_C3,5.0,75.0,,
1,EV_B4_C3,4.0,75.0,,
1,EV_B4_C3,3.0,75.0,,
1,EV_B4_C3,2.0,75.0,,
1,EV_B4_C3,1.0,75.0,,
1,EV_B4_C3,0.0,75.0,,
3,,,,,
3,,,,,
3,,,,,
3,,,,,
3,,,,,
3,,,,,
3,,,,,
3,,,,,
3,,,,,
3,,,,,
3,,,,,
3,,,,,
3,,,,,
3,,,,,
2,EV_B4_C3,,,0.0,22.019602081055016
1,EV_B4_C3,10.0,75.0,,
1,EV_B4_C3,9.0,75.0,,
1,EV_B4_C3,8.0,75.0,,
1,EV_B4_C3,7.0,75.0,,
1,EV_B4_C3,6.0,75.0,,
1,EV_B4_C3,5.0,75.0,,
1,EV_B4_C3,4.0,75.0,,
1,EV_B4_C3,3.0,75.0,,
1,EV_B4_C3,2.0,75.0,,
1,EV_B4_C3,1.0,75.0,,
1,EV_B4_C3,0.0,75.0,,
3,,,,,
3,,,,,
3,,,,,
3,,,,,
3,,,,,
3,,,,,
3,,,,,
3,,,,,
3,,,,,
3,,,,,
3,,,,,
2,EV_B4_C3,,,0.0,31.431836873590075
1,EV_B4_C3,9.0,75.0,,
1,EV_B4_C3,8.0,75.0,,
1,EV_B4_C3,7.0,75.0,,
1,EV_B4_C3,6.0,75.0,,
1,EV_B4_C3,5.0,75.0,,
1,EV_B4_C3,4.0,75.0,,
1,EV_B4_C3,3.0,75.0,,
1,EV_B4_C3,2.0,75.0,,
1,EV_B4_C3,1.0,75.0,,
1,EV_B4_C3,0.0,75.0,,
3,,,,,
3,,,,,
3,,,,,
3,,,,,
3,,,,,
3,,,,,
3,,,,,
3,,,,,
3,,,,,
3,,,,,
3,,,,,
3,,,,,
3,,,,,
3,,,,,
2,EV_B4_C3,,,0.0,22.316979341886917
1,EV_B4_C3,8.0,75.0,,
1,EV_B4_C3,7.0,75.0,,
1,EV_B4_C3,6.0,75.0,,
1,EV_B4_C3,5.0,75.0,,
1,EV_B4_C3,4.0,75.0,,
1,EV_B4_C3,3.0,75.0,,
1,EV_B4_C3,2.0,75.0,,
1,EV_B4_C3,1.0,75.0,,
1,EV_B4_C3,0.0,75.0,,
3,,,,,
3,,,,,
3,,,,,
3,,,,,
3,,,,,
3,,,,,
3,,,,,
3,,,,,
3,,,,,
3,,,,,
3,,,,,
3,,,,,
2,EV_B4_C3,,,0.0,25.198236381248535
1,EV_B4_C3,10.0,75.0,,
1,EV_B4_C3,9.0,75.0,,
1,EV_B4_C3,8.0,75.0,,
1,EV_B4_C3,7.0,75.0,,
1,EV_B4_C3,6.0,75.0,,
1,EV_B4_C3,5.0,75.0,,
1,EV_B4_C3,4.0,75.0,,
1,EV_B4_C3,3.0,75.0,,
1,EV_B4_C3,2.0,75.0,,
1,EV_B4_C3,1.0,75.0,,
1,EV_B4_C3,0.0,75.0,,
3,,,,,
3,,,,,
3,,,,,
3,,,,,
3,,,,,
3,,,,,
3,,,,,
3,,,,,
3,,,,,
3,,,,,
3,,,,,
3,,,,,
3,,,,,
2,EV_B4_C3,,,0.0,27.11467720959226
1,EV_B4_C3,9.0,75.0,,
1,EV_B4_C3,8.0,75.0,,
1,EV_B4_C3,7.0,75.0,,
1,EV_B4_C3,6.0,75.0,,
1,EV_B4_C3,5.0,75.0,,
1,EV_B4_C3,4.0,75.0,,
1,EV_B4_C3,3.0,75.0,,
1,EV_B4_C3,2.0,75.0,,
1,EV_B4_C3,1.0,75.0,,
1,EV_B4_C3,0.0,75.0,,
3,,,,,
3,,,,,
3,,,,,
3,,,,,
3,,,,,
3,,,,,
3,,,,,
3,,,,,
3,,,,,
3,,,,,
3,,,,,
3,,,,,
2,EV_B4_C3,,,0.0,31.380575705342288
1,EV_B4_C3,9.0,75.0,,
1,EV_B4_C3,8.0,75.0,,
1,EV_B4_C3,7.0,75.0,,
1,EV_B4_C3,6.0,75.0,,
1,EV_B4_C3,5.0,75.0,,
1,EV_B4_C3,4.0,75.0,,
1,EV_B4_C3,3.0,75.0,,
1,EV_B4_C3,2.0,75.0,,
1,EV_B4_C3,1.0,75.0,,
1,EV_B4_C3,0.0,75.0,,
3,,,,,
3,,,,,
3,,,,,
3,,,,,
3,,,,,
3,,,,,
3,,,,,
3,,,,,
3,,,,,
3,,,,,
3,,,,,
3,,,,,
3,,,,,
2,EV_B4_C3,,,0.0,39.511348345527445
1,EV_B4_C3,11.0,75.0,,
1,EV_B4_C3,10.0,75.0,,
1,EV_B4_C3,9.0,75.0,,
1,EV_B4_C3,8.0,75.0,,
1,EV_B4_C3,7.0,75.0,,
1,EV_B4_C3,6.0,75.0,,
1,EV_B4_C3,5.0,75.0,,
1,EV_B4_C3,4.0,75.0,,
1,EV_B4_C3,3.0,75.0,,
1,EV_B4_C3,2.0,75.0,,
1,EV_B4_C3,1.0,75.0,,
1,EV_B4_C3,0.0,75.0,,
3,,,,,
3,,,,,
3,,,,,
3,,,,,
3,,,,,
3,,,,,
3,,,,,
3,,,,,
3,,,,,
3,,,,,
3,,,,,
2,EV_B4_C3,,,0.0,20.725931661862568
1,EV_B4_C3,12.0,75.0,,
1,EV_B4_C3,11.0,75.0,,
1,EV_B4_C3,10.0,75.0,,
1,EV_B4_C3,9.0,75.0,,
1,EV_B4_C3,8.0,75.0,,
1,EV_B4_C3,7.0,75.0,,
1,EV_B4_C3,6.0,75.0,,
1,EV_B4_C3,5.0,75.0,,
1,EV_B4_C3,4.0,75.0,,
1,EV_B4_C3,3.0,75.0,,
1,EV_B4_C3,2.0,75.0,,
1,EV_B4_C3,1.0,75.0,,
1,EV_B4_C3,0.0,75.0,,
3,,,,,
3,,,,,
3,,,,,
3,,,,,
3,,,,,
3,,,,,
3,,,,,
3,,,,,
3,,,,,
3,,,,,
2,EV_B4_C3,,,0.0,23.773766879386447
1,EV_B4_C3,11.0,75.0,,
1,EV_B4_C3,10.0,75.0,,
1,EV_B4_C3,9.0,75.0,,
1,EV_B4_C3,8.0,75.0,,
1,EV_B4_C3,7.0,75.0,,
1,EV_B4_C3,6.0,75.0,,
1,EV_B4_C3,5.0,75.0,,
1,EV_B4_C3,4.0,75.0,,
1,EV_B4_C3,3.0,75.0,,
1,EV_B4_C3,2.0,75.0,,
1,EV_B4_C3,1.0,75.0,,
1,EV_B4_C3,0.0,75.0,,
3,,,,,
3,,,,,
3,,,,,
3,,,,,
3,,,,,
3,,,,,
3,,,,,
3,,,,,
3,,,,,
3,,,,,
3,,,,,
3,,,,,
2,EV_B4_C3,,,0.0,28.542776808783493
1,EV_B4_C3,9.0,75.0,,
1,EV_B4_C3,8.0,75.0,,
1,EV_B4_C3,7.0,75.0,,
1,EV_B4_C3,6.0,75.0,,
1,EV_B4_C3,5.0,75.0,,
1,EV_B4_C3,4.0,75.0,,
1,EV_B4_C3,3.0,75.0,,
1,EV_B4_C3,2.0,75.0,,
1,EV_B4_C3,1.0,75.0,,
1,EV_B4_C3,0.0,75.0,,
3,,,,,
3,,,,,
3,,,,,
3,,,,,
3,,,,,
3,,,,,
3,,,,,
3,,,,,
3,,,,,
3,,,,,
3,,,,,
3,,,,,
2,EV_B4_C3,,,0.0,24.300479420520343
1,EV_B4_C3,10.0,75.0,,
1,EV_B4_C3,9.0,75.0,,
1,EV_B4_C3,8.0,75.0,,
1,EV_B4_C3,7.0,75.0,,
1,EV_B4_C3,6.0,75.0,,
1,EV_B4_C3,5.0,75.0,,
1,EV_B4_C3,4.0,75.0,,
1,EV_B4_C3,3.0,75.0,,
1,EV_B4_C3,2.0,75.0,,
1,EV_B4_C3,1.0,75.0,,
1,EV_B4_C3,0.0,75.0,,
3,,,,,
3,,,,,
3,,,,,
3,,,,,
3,,,,,
3,,,,,
3,,,,,
3,,,,,
3,,,,,
3,,,,,
3,,,,,
3,,,,,
3,,,,,
2,EV_B4_C3,,,0.0,24.590353048116757
1,EV_B4_C3,9.0,75.0,,
1,EV_B4_C3,8.0,75.0,,
1,EV_B4_C3,7.0,75.0,,
1,EV_B4_C3,6.0,75.0,,
1,EV_B4_C3,5.0,75.0,,
1,EV_B4_C3,4.0,75.0,,
1,EV_B4_C3,3.0,75.0,,
1,EV_B4_C3,2.0,75.0,,
1,EV_B4_C3,1.0,75.0,,
1,EV_B4_C3,0.0,75.0,,
3,,,,,
3,,,,,
3,,,,,
3,,,,,
3,,,,,
3,,,,,
3,,,,,
3,,,,,
3,,,,,
3,,,,,
3,,,,,
3,,,,,
2,EV_B4_C3,,,0.0,28.222370471799525
1,EV_B4_C3,10.0,75.0,,
1,EV_B4_C3,9.0,75.0,,
1,EV_B4_C3,8.0,75.0,,
1,EV_B4_C3,7.0,75.0,,
1,EV_B4_C3,6.0,75.0,,
1,EV_B4_C3,5.0,75.0,,
1,EV_B4_C3,4.0,75.0,,
1,EV_B4_C3,3.0,75.0,,
1,EV_B4_C3,2.0,75.0,,
1,EV_B4_C3,1.0,75.0,,
1,EV_B4_C3,0.0,75.0,,
3,,,,,
3,,,,,
3,,,,,
3,,,,,
3,,,,,
3,,,,,
3,,,,,
3,,,,,
3,,,,,
3,,,,,
2,EV_B4_C3,,,0.0,36.43599475452065
1,EV_B4_C3,12.0,75.0,,
1,EV_B4_C3,11.0,75.0,,
1,EV_B4_C3,10.0,75.0,,
1,EV_B4_C3,9.0,75.0,,
1,EV_B4_C3,8.0,75.0,,
1,EV_B4_C3,7.0,75.0,,
1,EV_B4_C3,6.0,75.0,,
1,EV_B4_C3,5.0,75.0,,
1,EV_B4_C3,4.0,75.0,,
1,EV_B4_C3,3.0,75.0,,
1,EV_B4_C3,2.0,75.0,,
1,EV_B4_C3,1.0,75.0,,
1,EV_B4_C3,0.0,75.0,,
3,,,,,
3,,,,,
3,,,,,
3,,,,,
3,,,,,
3,,,,,
3,,,,,
3,,,,,
3,,,,,
3,,,,,
3,,,,,
3,,,,,
2,EV_B4_C3,,,0.0,33.60339471201469
1,EV_B4_C3,10.0,75.0,,
1,EV_B4_C3,9.0,75.0,,
1,EV_B4_C3,8.0,75.0,,
1,EV_B4_C3,7.0,75.0,,
1,EV_B4_C3,6.0,75.0,,
1,EV_B4_C3,5.0,75.0,,
1,EV_B4_C3,4.0,75.0,,
1,EV_B4_C3,3.0,75.0,,
1,EV_B4_C3,2.0,75.0,,
1,EV_B4_C3,1.0,75.0,,
1,EV_B4_C3,0.0,75.0,,
3,,,,,
3,,,,,
3,,,,,
3,,,,,
3,,,,,
3,,,,,
3,,,,,
3,,,,,
3,,,,,
3,,,,,
3,,,,,
3,,,,,
2,EV_B4_C3,,,0.0,34.31733799540629
1,EV_B4_C3,11.0,75.0,,
1,EV_B4_C3,10.0,75.0,,
1,EV_B4_C3,9.0,75.0,,
1,EV_B4_C3,8.0,75.0,,
1,EV_B4_C3,7.0,75.0,,
1,EV_B4_C3,6.0,75.0,,
1,EV_B4_C3,5.0,75.0,,
1,EV_B4_C3,4.0,75.0,,
1,EV_B4_C3,3.0,75.0,,
1,EV_B4_C3,2.0,75.0,,
1,EV_B4_C3,1.0,75.0,,
1,EV_B4_C3,0.0,75.0,,
3,,,,,
3,,,,,
3,,,,,
3,,,,,
3,,,,,
3,,,,,
3,,,,,
3,,,,,
3,,,,,
3,,,,,
3,,,,,
3,,,,,
2,EV_B4_C3,,,0.0,32.033089459011535
1,EV_B4_C3,10.0,75.0,,
1,EV_B4_C3,9.0,75.0,,
1,EV_B4_C3,8.0,75.0,,
1,EV_B4_C3,7.0,75.0,,
1,EV_B4_C3,6.0,75.0,,
1,EV_B4_C3,5.0,75.0,,
1,EV_B4_C3,4.0,75.0,,
1,EV_B4_C3,3.0,75.0,,
1,EV_B4_C3,2.0,75.0,,
1,EV_B4_C3,1.0,75.0,,
1,EV_B4_C3,0.0,75.0,,
3,,,,,
3,,,,,
3,,,,,
3,,,,,
3,,,,,
3,,,,,
3,,,,,
3,,,,,
3,,,,,
3,,,,,
3,,,,,
3,,,,,
3,,,,,
3,,,,,
3,,,,,
3,,,,,
3,,,,,
3,,,,,
3,,,,,
3,,,,,
3,,,,,
3,,,,,
3,,,,,
3,,,,,
3,,,,,
3,,,,,
3,,,,,
3,,,,,
3,,,,,
3,,,,,
3,,,,,
3,,,,,
3,,,,,
3,,,,,
3,,,,,
2,EV_B4_C3,,,0.0,36.019265616277856
1,EV_B4_C3,10.0,75.0,,
1,EV_B4_C3,9.0,75.0,,
1,EV_B4_C3,8.0,75.0,,
1,EV_B4_C3,7.0,75.0,,
1,EV_B4_C3,6.0,75.0,,
1,EV_B4_C3,5.0,75.0,,
1,EV_B4_C3,4.0,75.0,,
1,EV_B4_C3,3.0,75.0,,
1,EV_B4_C3,2.0,75.0,,
1,EV_B4_C3,1.0,75.0,,
1,EV_B4_C3,0.0,75.0,,
3,,,,,
3,,,,,
3,,,,,
3,,,,,
3,,,,,
3,,,,,
3,,,,,
3,,,,,
3,,,,,
2,EV_B4_C3,,,0.0,39.25645460634549
1,EV_B4_C3,13.0,75.0,,
1,EV_B4_C3,12.0,75.0,,
1,EV_B4_C3,11.0,75.0,,
1,EV_B4_C3,10.0,75.0,,
1,EV_B4_C3,9.0,75.0,,
1,EV_B4_C3,8.0,75.0,,
1,EV_B4_C3,7.0,75.0,,
1,EV_B4_C3,6.0,75.0,,
1,EV_B4_C3,5.0,75.0,,
1,EV_B4_C3,4.0,75.0,,
1,EV_B4_C3,3.0,75.0,,
1,EV_B4_C3,2.0,75.0,,
1,EV_B4_C3,1.0,75.0,,
1,EV_B4_C3,0.0,75.0,,
3,,,,,
3,,,,,
3,,,,,
3,,,,,
3,,,,,
3,,,,,
3,,,,,
3,,,,,
3,,,,,
3,,,,,
3,,,,,
3,,,,,
2,EV_B4_C3,,,0.0,27.33304034692206
1,EV_B4_C3,11.0,75.0,,
1,EV_B4_C3,10.0,75.0,,
1,EV_B4_C3,9.0,75.0,,
1,EV_B4_C3,8.0,75.0,,
1,EV_B4_C3,7.0,75.0,,
1,EV_B4_C3,6.0,75.0,,
1,EV_B4_C3,5.0,75.0,,
1,EV_B4_C3,4.0,75.0,,
1,EV_B4_C3,3.0,75.0,,
1,EV_B4_C3,2.0,75.0,,
1,EV_B4_C3,1.0,75.0,,
1,EV_B4_C3,0.0,75.0,,
3,,,,,
3,,,,,
3,,,,,
3,,,,,
3,,,,,
3,,,,,
3,,,,,
3,,,,,
3,,,,,
3,,,,,
2,EV_B4_C3,,,0.0,36.478574202808645
1,EV_B4_C3,11.0,75.0,,
1,EV_B4_C3,10.0,75.0,,
1,EV_B4_C3,9.0,75.0,,
1,EV_B4_C3,8.0,75.0,,
1,EV_B4_C3,7.0,75.0,,
1,EV_B4_C3,6.0,75.0,,
1,EV_B4_C3,5.0,75.0,,
1,EV_B4_C3,4.0,75.0,,
1,EV_B4_C3,3.0,75.0,,
1,EV_B4_C3,2.0,75.0,,
1,EV_B4_C3,1.0,75.0,,
1,EV_B4_C3,0.0,75.0,,
3,,,,,
3,,,,,
3,,,,,
3,,,,,
3,,,,,
3,,,,,
3,,,,,
3,,,,,
3,,,,,
3,,,,,
3,,,,,
3,,,,,
3,,,,,
3,,,,,
3,,,,,
3,,,,,
3,,,,,
3,,,,,
3,,,,,
3,,,,,
3,,,,,
3,,,,,
3,,,,,
3,,,,,
3,,,,,
3,,,,,
3,,,,,
3,,,,,
3,,,,,
3,,,,,
3,,,,,
3,,,,,
3,,,,,
3,,,,,
3,,,,,
3,,,,,
2,EV_B4_C3,,,0.0,27.917281917173405
1,EV_B4_C3,10.0,75.0,,
1,EV_B4_C3,9.0,75.0,,
1,EV_B4_C3,8.0,75.0,,
1,EV_B4_C3,7.0,75.0,,
1,EV_B4_C3,6.0,75.0,,
1,EV_B4_C3,5.0,75.0,,
1,EV_B4_C3,4.0,75.0,,
1,EV_B4_C3,3.0,75.0,,
1,EV_B4_C3,2.0,75.0,,
1,EV_B4_C3,1.0,75.0,,
1,EV_B4_C3,0.0,75.0,,
3,,,,,
3,,,,,
3,,,,,
3,,,,,
3,,,,,
3,,,,,
3,,,,,
3,,,,,
3,,,,,
3,,,,,
3,,,,,
3,,,,,
3,,,,,
3,,,,,
2,EV_B4_C3,,,0.0,31.001786905713498
1,EV_B4_C3,9.0,75.0,,
1,EV_B4_C3,8.0,75.0,,
1,EV_B4_C3,7.0,75.0,,
1,EV_B4_C3,6.0,75.0,,
1,EV_B4_C3,5.0,75.0,,
1,EV_B4_C3,4.0,75.0,,
1,EV_B4_C3,3.0,75.0,,
1,EV_B4_C3,2.0,75.0,,
1,EV_B4_C3,1.0,75.0,,
1,EV_B4_C3,0.0,75.0,,
3,,,,,
3,,,,,
3,,,,,
3,,,,,
3,,,,,
3,,,,,
3,,,,,
3,,,,,
3,,,,,
3,,,,,
3,,,,,
2,EV_B4_C3,,,0.0,39.44508644389025
1,EV_B4_C3,10.0,75.0,,
1,EV_B4_C3,9.0,75.0,,
1,EV_B4_C3,8.0,75.0,,
1,EV_B4_C3,7.0,75.0,,
1,EV_B4_C3,6.0,75.0,,
1,EV_B4_C3,5.0,75.0,,
1,EV_B4_C3,4.0,75.0,,
1,EV_B4_C3,3.0,75.0,,
1,EV_B4_C3,2.0,75.0,,
1,EV_B4_C3,1.0,75.0,,
1,EV_B4_C3,0.0,75.0,,
3,,,,,
3,,,,,
3,,,,,
3,,,,,
3,,,,,
3,,,,,
3,,,,,
3,,,,,
3,,,,,
3,,,,,
3,,,,,
3,,,,,
2,EV_B4_C3,,,0.0,30.289468894795064
1,EV_B4_C3,10.0,75.0,,
1,EV_B4_C3,9.0,75.0,,
1,EV_B4_C3,8.0,75.0,,
1,EV_B4_C3,7.0,75.0,,
1,EV_B4_C3,6.0,75.0,,
1,EV_B4_C3,5.0,75.0,,
1,EV_B4_C3,4.0,75.0,,
1,EV_B4_C3,3.0,75.0,,
1,EV_B4_C3,2.0,75.0,,
1,EV_B4_C3,1.0,75.0,,
1,EV_B4_C3,0.0,75.0,,
3,,,,,
3,,,,,
3,,,,,
3,,,,,
3,,,,,
3,,,,,
3,,,,,
3,,,,,
3,,,,,
3,,,,,
3,,,,,
2,EV_B4_C3,,,0.0,22.536508747485804
1,EV_B4_C3,12.0,75.0,,
1,EV_B4_C3,11.0,75.0,,
1,EV_B4_C3,10.0,75.0,,
1,EV_B4_C3,9.0,75.0,,
1,EV_B4_C3,8.0,75.0,,
1,EV_B4_C3,7.0,75.0,,
1,EV_B4_C3,6.0,75.0,,
1,EV_B4_C3,5.0,75.0,,
1,EV_B4_C3,4.0,75.0,,
1,EV_B4_C3,3.0,75.0,,
1,EV_B4_C3,2.0,75.0,,
1,EV_B4_C3,1.0,75.0,,
1,EV_B4_C3,0.0,75.0,,
3,,,,,
3,,,,,
3,,,,,
3,,,,,
3,,,,,
3,,,,,
3,,,,,
3,,,,,
3,,,,,
3,,,,,
3,,,,,
3,,,,,
2,EV_B4_C3,,,0.0,37.25943673606645
1,EV_B4_C3,10.0,75.0,,
1,EV_B4_C3,9.0,75.0,,
1,EV_B4_C3,8.0,75.0,,
1,EV_B4_C3,7.0,75.0,,
1,EV_B4_C3,6.0,75.0,,
1,EV_B4_C3,5.0,75.0,,
1,EV_B4_C3,4.0,75.0,,
1,EV_B4_C3,3.0,75.0,,
1,EV_B4_C3,2.0,75.0,,
1,EV_B4_C3,1.0,75.0,,
1,EV_B4_C3,0.0,75.0,,
3,,,,,
3,,,,,
3,,,,,
3,,,,,
3,,,,,
3,,,,,
3,,,,,
3,,,,,
3,,,,,
3,,,,,
3,,,,,
3,,,,,
3,,,,,
2,EV_B4_C3,,,0.0,24.951439420401687
1,EV_B4_C3,8.0,75.0,,
1,EV_B4_C3,7.0,75.0,,
1,EV_B4_C3,6.0,75.0,,
1,EV_B4_C3,5.0,75.0,,
1,EV_B4_C3,4.0,75.0,,
1,EV_B4_C3,3.0,75.0,,
1,EV_B4_C3,2.0,75.0,,
1,EV_B4_C3,1.0,75.0,,
1,EV_B4_C3,0.0,75.0,,
3,,,,,
3,,,,,
3,,,,,
3,,,,,
3,,,,,
3,,,,,
3,,,,,
3,,,,,
3,,,,,
3,,,,,
3,,,,,
3,,,,,
3,,,,,
3,,,,,
2,EV_B4_C3,,,0.0,20.627297184384364
1,EV_B4_C3,9.0,75.0,,
1,EV_B4_C3,8.0,75.0,,
1,EV_B4_C3,7.0,75.0,,
1,EV_B4_C3,6.0,75.0,,
1,EV_B4_C3,5.0,75.0,,
1,EV_B4_C3,4.0,75.0,,
1,EV_B4_C3,3.0,75.0,,
1,EV_B4_C3,2.0,75.0,,
1,EV_B4_C3,1.0,75.0,,
1,EV_B4_C3,0.0,75.0,,
3,,,,,
3,,,,,
3,,,,,
3,,,,,
3,,,,,
3,,,,,
3,,,,,
3,,,,,
3,,,,,
3,,,,,
3,,,,,
2,EV_B4_C3,,,0.0,20.507561529001777
1,EV_B4_C3,11.0,75.0,,
1,EV_B4_C3,10.0,75.0,,
1,EV_B4_C3,9.0,75.0,,
1,EV_B4_C3,8.0,75.0,,
1,EV_B4_C3,7.0,75.0,,
1,EV_B4_C3,6.0,75.0,,
1,EV_B4_C3,5.0,75.0,,
1,EV_B4_C3,4.0,75.0,,
1,EV_B4_C3,3.0,75.0,,
1,EV_B4_C3,2.0,75.0,,
1,EV_B4_C3,1.0,75.0,,
1,EV_B4_C3,0.0,75.0,,
3,,,,,
3,,,,,
3,,,,,
3,,,,,
3,,,,,
3,,,,,
3,,,,,
3,,,,,
3,,,,,
3,,,,,
3,,,,,
2,EV_B4_C3,,,0.0,33.41023436384647
1,EV_B4_C3,10.0,75.0,,
1,EV_B4_C3,9.0,75.0,,
1,EV_B4_C3,8.0,75.0,,
1,EV_B4_C3,7.0,75.0,,
1,EV_B4_C3,6.0,75.0,,
1,EV_B4_C3,5.0,75.0,,
1,EV_B4_C3,4.0,75.0,,
1,EV_B4_C3,3.0,75.0,,
1,EV_B4_C3,2.0,75.0,,
1,EV_B4_C3,1.0,75.0,,
1,EV_B4_C3,0.0,75.0,,
3,,,,,
3,,,,,
3,,,,,
3,,,,,
3,,,,,
3,,,,,
3,,,,,
3,,,,,
3,,,,,
3,,,,,
3,,,,,
3,,,,,
2,EV_B4_C3,,,0.0,25.455386811594966
1,EV_B4_C3,10.0,75.0,,
1,EV_B4_C3,9.0,75.0,,
1,EV_B4_C3,8.0,75.0,,
1,EV_B4_C3,7.0,75.0,,
1,EV_B4_C3,6.0,75.0,,
1,EV_B4_C3,5.0,75.0,,
1,EV_B4_C3,4.0,75.0,,
1,EV_B4_C3,3.0,75.0,,
1,EV_B4_C3,2.0,75.0,,
1,EV_B4_C3,1.0,75.0,,
1,EV_B4_C3,0.0,75.0,,
3,,,,,
3,,,,,
3,,,,,
3,,,,,
3,,,,,
3,,,,,
3,,,,,
3,,,,,
3,,,,,
3,,,,,
3,,,,,
3,,,,,
2,EV_B4_C3,,,0.0,36.319621536134946
1,EV_B4_C3,10.0,75.0,,
1,EV_B4_C3,9.0,75.0,,
1,EV_B4_C3,8.0,75.0,,
1,EV_B4_C3,7.0,75.0,,
1,EV_B4_C3,6.0,75.0,,
1,EV_B4_C3,5.0,75.0,,
1,EV_B4_C3,4.0,75.0,,
1,EV_B4_C3,3.0,75.0,,
1,EV_B4_C3,2.0,75.0,,
1,EV_B4_C3,1.0,75.0,,
1,EV_B4_C3,0.0,75.0,,
3,,,,,
3,,,,,
3,,,,,
3,,,,,
3,,,,,
3,,,,,
3,,,,,
3,,,,,
3,,,,,
3,,,,,
3,,,,,
3,,,,,
2,EV_B4_C3,,,0.0,35.30903683931534
1,EV_B4_C3,10.0,75.0,,
1,EV_B4_C3,9.0,75.0,,
1,EV_B4_C3,8.0,75.0,,
1,EV_B4_C3,7.0,75.0,,
1,EV_B4_C3,6.0,75.0,,
1,EV_B4_C3,5.0,75.0,,
1,EV_B4_C3,4.0,75.0,,
1,EV_B4_C3,3.0,75.0,,
1,EV_B4_C3,2.0,75.0,,
1,EV_B4_C3,1.0,75.0,,
1,EV_B4_C3,0.0,75.0,,
3,,,,,
3,,,,,
3,,,,,
3,,,,,
3,,,,,
3,,,,,
3,,,,,
3,,,,,
3,,,,,
3,,,,,
3,,,,,
3,,,,,
3,,,,,
3,,,,,
3,,,,,
3,,,,,
3,,,,,
3,,,,,
3,,,,,
3,,,,,
3,,,,,
3,,,,,
3,,,,,
3,,,,,
3,,,,,
3,,,,,
3,,,,,
3,,,,,
3,,,,,
3,,,,,
3,,,,,
3,,,,,
3,,,,,
3,,,,,
3,,,,,
3,,,,,
3,,,,,
3,,,,,
2,EV_B4_C3,,,0.0,34.01728653311879
1,EV_B4_C3,10.0,75.0,,
1,EV_B4_C3,9.0,75.0,,
1,EV_B4_C3,8.0,75.0,,
1,EV_B4_C3,7.0,75.0,,
1,EV_B4_C3,6.0,75.0,,
1,EV_B4_C3,5.0,75.0,,
1,EV_B4_C3,4.0,75.0,,
1,EV_B4_C3,3.0,75.0,,
1,EV_B4_C3,2.0,75.0,,
1,EV_B4_C3,1.0,75.0,,
1,EV_B4_C3,0.0,75.0,,
3,,,,,
3,,,,,
3,,,,,
3,,,,,
3,,,,,
3,,,,,
3,,,,,
3,,,,,
3,,,,,
3,,,,,
2,EV_B4_C3,,,0.0,29.997978278096284
1,EV_B4_C3,12.0,75.0,,
1,EV_B4_C3,11.0,75.0,,
1,EV_B4_C3,10.0,75.0,,
1,EV_B4_C3,9.0,75.0,,
1,EV_B4_C3,8.0,75.0,,
1,EV_B4_C3,7.0,75.0,,
1,EV_B4_C3,6.0,75.0,,
1,EV_B4_C3,5.0,75.0,,
1,EV_B4_C3,4.0,75.0,,
1,EV_B4_C3,3.0,75.0,,
1,EV_B4_C3,2.0,75.0,,
1,EV_B4_C3,1.0,75.0,,
1,EV_B4_C3,0.0,75.0,,
3,,,,,
3,,,,,
3,,,,,
3,,,,,
3,,,,,
3,,,,,
3,,,,,
3,,,,,
3,,,,,
3,,,,,
3,,,,,
3,,,,,
3,,,,,
3,,,,,
3,,,,,
3,,,,,
3,,,,,
3,,,,,
3,,,,,
3,,,,,
3,,,,,
3,,,,,
3,,,,,
3,,,,,
3,,,,,
3,,,,,
3,,,,,
3,,,,,
3,,,,,
3,,,,,
3,,,,,
3,,,,,
3,,,,,
3,,,,,
3,,,,,
2,EV_B4_C3,,,0.0,25.600702624197506
1,EV_B4_C3,9.0,75.0,,
1,EV_B4_C3,8.0,75.0,,
1,EV_B4_C3,7.0,75.0,,
1,EV_B4_C3,6.0,75.0,,
1,EV_B4_C3,5.0,75.0,,
1,EV_B4_C3,4.0,75.0,,
1,EV_B4_C3,3.0,75.0,,
1,EV_B4_C3,2.0,75.0,,
1,EV_B4_C3,1.0,75.0,,
1,EV_B4_C3,0.0,75.0,,
3,,,,,
3,,,,,
3,,,,,
3,,,,,
3,,,,,
3,,,,,
3,,,,,
3,,,,,
3,,,,,
3,,,,,
3,,,,,
3,,,,,
3,,,,,
3,,,,,
3,,,,,
3,,,,,
3,,,,,
3,,,,,
3,,,,,
3,,,,,
3,,,,,
3,,,,,
3,,,,,
3,,,,,
3,,,,,
3,,,,,
3,,,,,
3,,,,,
3,,,,,
3,,,,,
3,,,,,
3,,,,,
3,,,,,
3,,,,,
3,,,,,
3,,,,,
3,,,,,
3,,,,,
2,EV_B4_C3,,,0.0,33.13637206272356
1,EV_B4_C3,9.0,75.0,,
1,EV_B4_C3,8.0,75.0,,
1,EV_B4_C3,7.0,75.0,,
1,EV_B4_C3,6.0,75.0,,
1,EV_B4_C3,5.0,75.0,,
1,EV_B4_C3,4.0,75.0,,
1,EV_B4_C3,3.0,75.0,,
1,EV_B4_C3,2.0,75.0,,
1,EV_B4_C3,1.0,75.0,,
1,EV_B4_C3,0.0,75.0,,
3,,,,,
3,,,,,
3,,,,,
3,,,,,
3,,,,,
3,,,,,
3,,,,,
3,,,,,
3,,,,,
3,,,,,
3,,,,,
3,,,,,
2,EV_B4_C3,,,0.0,28.637242378957374
1,EV_B4_C3,9.0,75.0,,
1,EV_B4_C3,8.0,75.0,,
1,EV_B4_C3,7.0,75.0,,
1,EV_B4_C3,6.0,75.0,,
1,EV_B4_C3,5.0,75.0,,
1,EV_B4_C3,4.0,75.0,,
1,EV_B4_C3,3.0,75.0,,
1,EV_B4_C3,2.0,75.0,,
1,EV_B4_C3,1.0,75.0,,
1,EV_B4_C3,0.0,75.0,,
3,,,,,
3,,,,,
3,,,,,
3,,,,,
3,,,,,
3,,,,,
3,,,,,
3,,,,,
3,,,,,
3,,,,,
3,,,,,
3,,,,,
3,,,,,
2,EV_B4_C3,,,0.0,36.35485861169644
1,EV_B4_C3,10.0,75.0,,
1,EV_B4_C3,9.0,75.0,,
1,EV_B4_C3,8.0,75.0,,
1,EV_B4_C3,7.0,75.0,,
1,EV_B4_C3,6.0,75.0,,
1,EV_B4_C3,5.0,75.0,,
1,EV_B4_C3,4.0,75.0,,
1,EV_B4_C3,3.0,75.0,,
1,EV_B4_C3,2.0,75.0,,
1,EV_B4_C3,1.0,75.0,,
1,EV_B4_C3,0.0,75.0,,
3,,,,,
3,,,,,
3,,,,,
3,,,,,
3,,,,,
3,,,,,
3,,,,,
3,,,,,
3,,,,,
3,,,,,
3,,,,,
3,,,,,
2,EV_B4_C3,,,0.0,24.369436955441596
1,EV_B4_C3,9.0,75.0,,
1,EV_B4_C3,8.0,75.0,,
1,EV_B4_C3,7.0,75.0,,
1,EV_B4_C3,6.0,75.0,,
1,EV_B4_C3,5.0,75.0,,
1,EV_B4_C3,4.0,75.0,,
1,EV_B4_C3,3.0,75.0,,
1,EV_B4_C3,2.0,75.0,,
1,EV_B4_C3,1.0,75.0,,
1,EV_B4_C3,0.0,75.0,,
3,,,,,
3,,,,,
3,,,,,
3,,,,,
3,,,,,
3,,,,,
3,,,,,
3,,,,,
3,,,,,
3,,,,,
3,,,,,
3,,,,,
3,,,,,
3,,,,,
2,EV_B4_C3,,,0.0,25.28277014653183
1,EV_B4_C3,9.0,75.0,,
1,EV_B4_C3,8.0,75.0,,
1,EV_B4_C3,7.0,75.0,,
1,EV_B4_C3,6.0,75.0,,
1,EV_B4_C3,5.0,75.0,,
1,EV_B4_C3,4.0,75.0,,
1,EV_B4_C3,3.0,75.0,,
1,EV_B4_C3,2.0,75.0,,
1,EV_B4_C3,1.0,75.0,,
1,EV_B4_C3,0.0,75.0,,
3,,,,,
3,,,,,
3,,,,,
3,,,,,
3,,,,,
3,,,,,
3,,,,,
3,,,,,
3,,,,,
3,,,,,
3,,,,,
2,EV_B4_C3,,,0.0,23.71514756971567
1,EV_B4_C3,11.0,75.0,,
1,EV_B4_C3,10.0,75.0,,
1,EV_B4_C3,9.0,75.0,,
1,EV_B4_C3,8.0,75.0,,
1,EV_B4_C3,7.0,75.0,,
1,EV_B4_C3,6.0,75.0,,
1,EV_B4_C3,5.0,75.0,,
1,EV_B4_C3,4.0,75.0,,
1,EV_B4_C3,3.0,75.0,,
1,EV_B4_C3,2.0,75.0,,
1,EV_B4_C3,1.0,75.0,,
1,EV_B4_C3,0.0,75.0,,
3,,,,,
3,,,,,
3,,,,,
3,,,,,
3,,,,,
3,,,,,
3,,,,,
3,,,,,
3,,,,,
3,,,,,
3,,,,,
2,EV_B4_C3,,,0.0,35.377793509978765
1,EV_B4_C3,10.0,75.0,,
1,EV_B4_C3,9.0,75.0,,
1,EV_B4_C3,8.0,75.0,,
1,EV_B4_C3,7.0,75.0,,
1,EV_B4_C3,6.0,75.0,,
1,EV_B4_C3,5.0,75.0,,
1,EV_B4_C3,4.0,75.0,,
1,EV_B4_C3,3.0,75.0,,
1,EV_B4_C3,2.0,75.0,,
1,EV_B4_C3,1.0,75.0,,
1,EV_B4_C3,0.0,75.0,,
3,,,,,
3,,,,,
3,,,,,
3,,,,,
3,,,,,
3,,,,,
3,,,,,
3,,,,,
3,,,,,
3,,,,,
3,,,,,
3,,,,,
3,,,,,
3,,,,,
2,EV_B4_C3,,,0.0,22.88051167911457
1,EV_B4_C3,8.0,75.0,,
1,EV_B4_C3,7.0,75.0,,
1,EV_B4_C3,6.0,75.0,,
1,EV_B4_C3,5.0,75.0,,
1,EV_B4_C3,4.0,75.0,,
1,EV_B4_C3,3.0,75.0,,
1,EV_B4_C3,2.0,75.0,,
1,EV_B4_C3,1.0,75.0,,
1,EV_B4_C3,0.0,75.0,,
3,,,,,
3,,,,,
3,,,,,
3,,,,,
3,,,,,
3,,,,,
3,,,,,
3,,,,,
3,,,,,
3,,,,,
3,,,,,
2,EV_B4_C3,,,0.0,39.32572172765177
1,EV_B4_C3,11.0,75.0,,
1,EV_B4_C3,10.0,75.0,,
1,EV_B4_C3,9.0,75.0,,
1,EV_B4_C3,8.0,75.0,,
1,EV_B4_C3,7.0,75.0,,
1,EV_B4_C3,6.0,75.0,,
1,EV_B4_C3,5.0,75.0,,
1,EV_B4_C3,4.0,75.0,,
1,EV_B4_C3,3.0,75.0,,
1,EV_B4_C3,2.0,75.0,,
1,EV_B4_C3,1.0,75.0,,
1,EV_B4_C3,0.0,75.0,,
3,,,,,
3,,,,,
3,,,,,
3,,,,,
3,,,,,
3,,,,,
3,,,,,
3,,,,,
3,,,,,
3,,,,,
3,,,,,
3,,,,,
3,,,,,
2,EV_B4_C3,,,0.0,37.415773677283205
1,EV_B4_C3,9.0,75.0,,
1,EV_B4_C3,8.0,75.0,,
1,EV_B4_C3,7.0,75.0,,
1,EV_B4_C3,6.0,75.0,,
1,EV_B4_C3,5.0,75.0,,
1,EV_B4_C3,4.0,75.0,,
1,EV_B4_C3,3.0,75.0,,
1,EV_B4_C3,2.0,75.0,,
1,EV_B4_C3,1.0,75.0,,
1,EV_B4_C3,0.0,75.0,,
3,,,,,
3,,,,,
3,,,,,
3,,,,,
3,,,,,
3,,,,,
3,,,,,
3,,,,,
3,,,,,
3,,,,,
3,,,,,
3,,,,,
2,EV_B4_C3,,,0.0,23.111011437450664
1,EV_B4_C3,10.0,75.0,,
1,EV_B4_C3,9.0,75.0,,
1,EV_B4_C3,8.0,75.0,,
1,EV_B4_C3,7.0,75.0,,
1,EV_B4_C3,6.0,75.0,,
1,EV_B4_C3,5.0,75.0,,
1,EV_B4_C3,4.0,75.0,,
1,EV_B4_C3,3.0,75.0,,
1,EV_B4_C3,2.0,75.0,,
1,EV_B4_C3,1.0,75.0,,
1,EV_B4_C3,0.0,75.0,,
3,,,,,
3,,,,,
3,,,,,
3,,,,,
3,,,,,
3,,,,,
3,,,,,
3,,,,,
3,,,,,
3,,,,,
3,,,,,
3,,,,,
2,EV_B4_C3,,,0.0,30.19346462438509
1,EV_B4_C3,11.0,75.0,,
1,EV_B4_C3,10.0,75.0,,
1,EV_B4_C3,9.0,75.0,,
1,EV_B4_C3,8.0,75.0,,
1,EV_B4_C3,7.0,75.0,,
1,EV_B4_C3,6.0,75.0,,
1,EV_B4_C3,5.0,75.0,,
1,EV_B4_C3,4.0,75.0,,
1,EV_B4_C3,3.0,75.0,,
1,EV_B4_C3,2.0,75.0,,
1,EV_B4_C3,1.0,75.0,,
1,EV_B4_C3,0.0,75.0,,
3,,,,,
3,,,,,
3,,,,,
3,,,,,
3,,,,,
3,,,,,
3,,,,,
3,,,,,
3,,,,,
3,,,,,
3,,,,,
2,EV_B4_C3,,,0.0,38.57459309817906
1,EV_B4_C3,11.0,75.0,,
1,EV_B4_C3,10.0,75.0,,
1,EV_B4_C3,9.0,75.0,,
1,EV_B4_C3,8.0,75.0,,
1,EV_B4_C3,7.0,75.0,,
1,EV_B4_C3,6.0,75.0,,
1,EV_B4_C3,5.0,75.0,,
1,EV_B4_C3,4.0,75.0,,
1,EV_B4_C3,3.0,75.0,,
1,EV_B4_C3,2.0,75.0,,
1,EV_B4_C3,1.0,75.0,,
1,EV_B4_C3,0.0,75.0,,
3,,,,,
3,,,,,
3,,,,,
3,,,,,
3,,,,,
3,,,,,
3,,,,,
3,,,,,
3,,,,,
3,,,,,
3,,,,,
3,,,,,
2,EV_B4_C3,,,0.0,34.589462104236034
1,EV_B4_C3,9.0,75.0,,
1,EV_B4_C3,8.0,75.0,,
1,EV_B4_C3,7.0,75.0,,
1,EV_B4_C3,6.0,75.0,,
1,EV_B4_C3,5.0,75.0,,
1,EV_B4_C3,4.0,75.0,,
1,EV_B4_C3,3.0,75.0,,
1,EV_B4_C3,2.0,75.0,,
1,EV_B4_C3,1.0,75.0,,
1,EV_B4_C3,0.0,75.0,,
3,,,,,
3,,,,,
3,,,,,
3,,,,,
3,,,,,
3,,,,,
3,,,,,
3,,,,,
3,,,,,
3,,,,,
3,,,,,
3,,,,,
3,,,,,
3,,,,,
2,EV_B4_C3,,,0.0,26.284837917537846
1,EV_B4_C3,8.0,75.0,,
1,EV_B4_C3,7.0,75.0,,
1,EV_B4_C3,6.0,75.0,,
1,EV_B4_C3,5.0,75.0,,
1,EV_B4_C3,4.0,75.0,,
1,EV_B4_C3,3.0,75.0,,
1,EV_B4_C3,2.0,75.0,,
1,EV_B4_C3,1.0,75.0,,
1,EV_B4_C3,0.0,75.0,,
3,,,,,
3,,,,,
3,,,,,
3,,,,,
3,,,,,
3,,,,,
3,,,,,
3,,,,,
3,,,,,
3,,,,,
3,,,,,
3,,,,,
2,EV_B4_C3,,,0.0,33.602534451000096
1,EV_B4_C3,11.0,75.0,,
1,EV_B4_C3,10.0,75.0,,
1,EV_B4_C3,9.0,75.0,,
1,EV_B4_C3,8.0,75.0,,
1,EV_B4_C3,7.0,75.0,,
1,EV_B4_C3,6.0,75.0,,
1,EV_B4_C3,5.0,75.0,,
1,EV_B4_C3,4.0,75.0,,
1,EV_B4_C3,3.0,75.0,,
1,EV_B4_C3,2.0,75.0,,
1,EV_B4_C3,1.0,75.0,,
1,EV_B4_C3,0.0,75.0,,
3,,,,,
3,,,,,
3,,,,,
3,,,,,
3,,,,,
3,,,,,
3,,,,,
3,,,,,
3,,,,,
3,,,,,
3,,,,,
3,,,,,
2,EV_B4_C3,,,0.0,34.43442274586165
1,EV_B4_C3,10.0,75.0,,
1,EV_B4_C3,9.0,75.0,,
1,EV_B4_C3,8.0,75.0,,
1,EV_B4_C3,7.0,75.0,,
1,EV_B4_C3,6.0,75.0,,
1,EV_B4_C3,5.0,75.0,,
1,EV_B4_C3,4.0,75.0,,
1,EV_B4_C3,3.0,75.0,,
1,EV_B4_C3,2.0,75.0,,
1,EV_B4_C3,1.0,75.0,,
1,EV_B4_C3,0.0,75.0,,
3,,,,,
3,,,,,
3,,,,,
3,,,,,
3,,,,,
3,,,,,
3,,,,,
3,,,,,
3,,,,,
3,,,,,
2,EV_B4_C3,,,0.0,39.64030960953443
1,EV_B4_C3,12.0,75.0,,
1,EV_B4_C3,11.0,75.0,,
1,EV_B4_C3,10.0,75.0,,
1,EV_B4_C3,9.0,75.0,,
1,EV_B4_C3,8.0,75.0,,
1,EV_B4_C3,7.0,75.0,,
1,EV_B4_C3,6.0,75.0,,
1,EV_B4_C3,5.0,75.0,,
1,EV_B4_C3,4.0,75.0,,
1,EV_B4_C3,3.0,75.0,,
1,EV_B4_C3,2.0,75.0,,
1,EV_B4_C3,1.0,75.0,,
1,EV_B4_C3,0.0,75.0,,
3,,,,,
3,,,,,
3,,,,,
3,,,,,
3,,,,,
3,,,,,
3,,,,,
3,,,,,
3,,,,,
3,,,,,
3,,,,,
3,,,,,
2,EV_B4_C3,,,0.0,30.077304970033087
1,EV_B4_C3,10.0,75.0,,
1,EV_B4_C3,9.0,75.0,,
1,EV_B4_C3,8.0,75.0,,
1,EV_B4_C3,7.0,75.0,,
1,EV_B4_C3,6.0,75.0,,
1,EV_B4_C3,5.0,75.0,,
1,EV_B4_C3,4.0,75.0,,
1,EV_B4_C3,3.0,75.0,,
1,EV_B4_C3,2.0,75.0,,
1,EV_B4_C3,1.0,75.0,,
1,EV_B4_C3,0.0,75.0,,
3,,,,,
3,,,,,
3,,,,,
3,,,,,
3,,,,,
3,,,,,
3,,,,,
3,,,,,
3,,,,,
3,,,,,
3,,,,,
3,,,,,
2,EV_B4_C3,,,0.0,34.05501017175836
1,EV_B4_C3,9.0,75.0,,
1,EV_B4_C3,8.0,75.0,,
1,EV_B4_C3,7.0,75.0,,
1,EV_B4_C3,6.0,75.0,,
1,EV_B4_C3,5.0,75.0,,
1,EV_B4_C3,4.0,75.0,,
1,EV_B4_C3,3.0,75.0,,
1,EV_B4_C3,2.0,75.0,,
1,EV_B4_C3,1.0,75.0,,
1,EV_B4_C3,0.0,75.0,,
3,,,,,
3,,,,,
3,,,,,
3,,,,,
3,,,,,
3,,,,,
3,,,,,
3,,,,,
3,,,,,
3,,,,,
3,,,,,
2,EV_B4_C3,,,0.0,30.150099798723883
1,EV_B4_C3,11.0,75.0,,
1,EV_B4_C3,10.0,75.0,,
1,EV_B4_C3,9.0,75.0,,
1,EV_B4_C3,8.0,75.0,,
1,EV_B4_C3,7.0,75.0,,
1,EV_B4_C3,6.0,75.0,,
1,EV_B4_C3,5.0,75.0,,
1,EV_B4_C3,4.0,75.0,,
1,EV_B4_C3,3.0,75.0,,
1,EV_B4_C3,2.0,75.0,,
1,EV_B4_C3,1.0,75.0,,
1,EV_B4_C3,0.0,75.0,,
3,,,,,
3,,,,,
3,,,,,
3,,,,,
3,,,,,
3,,,,,
3,,,,,
3,,,,,
3,,,,,
3,,,,,
3,,,,,
3,,,,,
3,,,,,
2,EV_B4_C3,,,0.0,23.65339004541667
1,EV_B4_C3,10.0,75.0,,
1,EV_B4_C3,9.0,75.0,,
1,EV_B4_C3,8.0,75.0,,
1,EV_B4_C3,7.0,75.0,,
1,EV_B4_C3,6.0,75.0,,
1,EV_B4_C3,5.0,75.0,,
1,EV_B4_C3,4.0,75.0,,
1,EV_B4_C3,3.0,75.0,,
1,EV_B4_C3,2.0,75.0,,
1,EV_B4_C3,1.0,75.0,,
1,EV_B4_C3,0.0,75.0,,
3,,,,,
3,,,,,
3,,,,,
3,,,,,
3,,,,,
3,,,,,
3,,,,,
3,,,,,
3,,,,,
3,,,,,
3,,,,,
3,,,,,
3,,,,,
2,EV_B4_C3,,,0.0,29.64307025571819
1,EV_B4_C3,8.0,75.0,,
1,EV_B4_C3,7.0,75.0,,
1,EV_B4_C3,6.0,75.0,,
1,EV_B4_C3,5.0,75.0,,
1,EV_B4_C3,4.0,75.0,,
1,EV_B4_C3,3.0,75.0,,
1,EV_B4_C3,2.0,75.0,,
1,EV_B4_C3,1.0,75.0,,
1,EV_B4_C3,0.0,75.0,,
3,,,,,
3,,,,,
3,,,,,
3,,,,,
3,,,,,
3,,,,,
3,,,,,
3,,,,,
3,,,,,
3,,,,,
3,,,,,
3,,,,,
3,,,,,
2,EV_B4_C3,,,0.0,33.20155531425851
1,EV_B4_C3,10.0,75.0,,
1,EV_B4_C3,9.0,75.0,,
1,EV_B4_C3,8.0,75.0,,
1,EV_B4_C3,7.0,75.0,,
1,EV_B4_C3,6.0,75.0,,
1,EV_B4_C3,5.0,75.0,,
1,EV_B4_C3,4.0,75.0,,
1,EV_B4_C3,3.0,75.0,,
1,EV_B4_C3,2.0,75.0,,
1,EV_B4_C3,1.0,75.0,,
1,EV_B4_C3,0.0,75.0,,
3,,,,,
3,,,,,
3,,,,,
3,,,,,
3,,,,,
3,,,,,
3,,,,,
3,,,,,
3,,,,,
3,,,,,
3,,,,,
3,,,,,
2,EV_B4_C3,,,0.0,31.772479487471983
1,EV_B4_C3,10.0,75.0,,
1,EV_B4_C3,9.0,75.0,,
1,EV_B4_C3,8.0,75.0,,
1,EV_B4_C3,7.0,75.0,,
1,EV_B4_C3,6.0,75.0,,
1,EV_B4_C3,5.0,75.0,,
1,EV_B4_C3,4.0,75.0,,
1,EV_B4_C3,3.0,75.0,,
1,EV_B4_C3,2.0,75.0,,
1,EV_B4_C3,1.0,75.0,,
1,EV_B4_C3,0.0,75.0,,
3,,,,,
3,,,,,
3,,,,,
3,,,,,
3,,,,,
3,,,,,
3,,,,,
3,,,,,
3,,,,,
3,,,,,
3,,,,,
3,,,,,
2,EV_B4_C3,,,0.0,26.406543430196088
1,EV_B4_C3,10.0,75.0,,
1,EV_B4_C3,9.0,75.0,,
1,EV_B4_C3,8.0,75.0,,
1,EV_B4_C3,7.0,75.0,,
1,EV_B4_C3,6.0,75.0,,
1,EV_B4_C3,5.0,75.0,,
1,EV_B4_C3,4.0,75.0,,
1,EV_B4_C3,3.0,75.0,,
1,EV_B4_C3,2.0,75.0,,
1,EV_B4_C3,1.0,75.0,,
1,EV_B4_C3,0.0,75.0,,
3,,,,,
3,,,,,
3,,,,,
3,,,,,
3,,,,,
3,,,,,
3,,,,,
3,,,,,
3,,,,,
3,,,,,
3,,,,,
3,,,,,
3,,,,,
2,EV_B4_C3,,,0.0,35.89335100551514
1,EV_B4_C3,9.0,75.0,,
1,EV_B4_C3,8.0,75.0,,
1,EV_B4_C3,7.0,75.0,,
1,EV_B4_C3,6.0,75.0,,
1,EV_B4_C3,5.0,75.0,,
1,EV_B4_C3,4.0,75.0,,
1,EV_B4_C3,3.0,75.0,,
1,EV_B4_C3,2.0,75.0,,
1,EV_B4_C3,1.0,75.0,,
1,EV_B4_C3,0.0,75.0,,
3,,,,,
3,,,,,
3,,,,,
3,,,,,
3,,,,,
3,,,,,
3,,,,,
3,,,,,
3,,,,,
3,,,,,
3,,,,,
2,EV_B4_C3,,,0.0,34.65195325106995
1,EV_B4_C3,11.0,75.0,,
1,EV_B4_C3,10.0,75.0,,
1,EV_B4_C3,9.0,75.0,,
1,EV_B4_C3,8.0,75.0,,
1,EV_B4_C3,7.0,75.0,,
1,EV_B4_C3,6.0,75.0,,
1,EV_B4_C3,5.0,75.0,,
1,EV_B4_C3,4.0,75.0,,
1,EV_B4_C3,3.0,75.0,,
1,EV_B4_C3,2.0,75.0,,
1,EV_B4_C3,1.0,75.0,,
1,EV_B4_C3,0.0,75.0,,
3,,,,,
3,,,,,
3,,,,,
3,,,,,
3,,,,,
3,,,,,
3,,,,,
3,,,,,
3,,,,,
3,,,,,
3,,,,,
3,,,,,
3,,,,,
3,,,,,
3,,,,,
3,,,,,
3,,,,,
3,,,,,
3,,,,,
3,,,,,
3,,,,,
3,,,,,
3,,,,,
3,,,,,
3,,,,,
3,,,,,
3,,,,,
3,,,,,
3,,,,,
3,,,,,
3,,,,,
3,,,,,
3,,,,,
3,,,,,
3,,,,,
3,,,,,
2,EV_B4_C3,,,0.0,25.622017491503314
1,EV_B4_C3,10.0,75.0,,
1,EV_B4_C3,9.0,75.0,,
1,EV_B4_C3,8.0,75.0,,
1,EV_B4_C3,7.0,75.0,,
1,EV_B4_C3,6.0,75.0,,
1,EV_B4_C3,5.0,75.0,,
1,EV_B4_C3,4.0,75.0,,
1,EV_B4_C3,3.0,75.0,,
1,EV_B4_C3,2.0,75.0,,
1,EV_B4_C3,1.0,75.0,,
1,EV_B4_C3,0.0,75.0,,
3,,,,,
3,,,,,
3,,,,,
3,,,,,
3,,,,,
3,,,,,
3,,,,,
3,,,,,
3,,,,,
3,,,,,
3,,,,,
3,,,,,
2,EV_B4_C3,,,0.0,22.626590422278056
1,EV_B4_C3,10.0,75.0,,
1,EV_B4_C3,9.0,75.0,,
1,EV_B4_C3,8.0,75.0,,
1,EV_B4_C3,7.0,75.0,,
1,EV_B4_C3,6.0,75.0,,
1,EV_B4_C3,5.0,75.0,,
1,EV_B4_C3,4.0,75.0,,
1,EV_B4_C3,3.0,75.0,,
1,EV_B4_C3,2.0,75.0,,
1,EV_B4_C3,1.0,75.0,,
1,EV_B4_C3,0.0,75.0,,
3,,,,,
3,,,,,
3,,,,,
3,,,,,
3,,,,,
3,,,,,
3,,,,,
3,,,,,
3,,,,,
3,,,,,
3,,,,,
3,,,,,
2,EV_B4_C3,,,0.0,26.525393050477803
1,EV_B4_C3,9.0,75.0,,
1,EV_B4_C3,8.0,75.0,,
1,EV_B4_C3,7.0,75.0,,
1,EV_B4_C3,6.0,75.0,,
1,EV_B4_C3,5.0,75.0,,
1,EV_B4_C3,4.0,75.0,,
1,EV_B4_C3,3.0,75.0,,
1,EV_B4_C3,2.0,75.0,,
1,EV_B4_C3,1.0,75.0,,
1,EV_B4_C3,0.0,75.0,,
3,,,,,
3,,,,,
3,,,,,
3,,,,,
3,,,,,
3,,,,,
3,,,,,
3,,,,,
3,,,,,
3,,,,,
3,,,,,
3,,,,,
2,EV_B4_C3,,,0.0,25.73347822795016
1,EV_B4_C3,11.0,75.0,,
1,EV_B4_C3,10.0,75.0,,
1,EV_B4_C3,9.0,75.0,,
1,EV_B4_C3,8.0,75.0,,
1,EV_B4_C3,7.0,75.0,,
1,EV_B4_C3,6.0,75.0,,
1,EV_B4_C3,5.0,75.0,,
1,EV_B4_C3,4.0,75.0,,
1,EV_B4_C3,3.0,75.0,,
1,EV_B4_C3,2.0,75.0,,
1,EV_B4_C3,1.0,75.0,,
1,EV_B4_C3,0.0,75.0,,
3,,,,,
3,,,,,
3,,,,,
3,,,,,
3,,,,,
3,,,,,
3,,,,,
3,,,,,
3,,,,,
3,,,,,
3,,,,,
2,EV_B4_C3,,,0.0,39.712600976497264
1,EV_B4_C3,11.0,75.0,,
1,EV_B4_C3,10.0,75.0,,
1,EV_B4_C3,9.0,75.0,,
1,EV_B4_C3,8.0,75.0,,
1,EV_B4_C3,7.0,75.0,,
1,EV_B4_C3,6.0,75.0,,
1,EV_B4_C3,5.0,75.0,,
1,EV_B4_C3,4.0,75.0,,
1,EV_B4_C3,3.0,75.0,,
1,EV_B4_C3,2.0,75.0,,
1,EV_B4_C3,1.0,75.0,,
1,EV_B4_C3,0.0,75.0,,
3,,,,,
3,,,,,
3,,,,,
3,,,,,
3,,,,,
3,,,,,
3,,,,,
3,,,,,
3,,,,,
3,,,,,
2,EV_B4_C3,,,0.0,31.362106111007503
1,EV_B4_C3,12.0,75.0,,
1,EV_B4_C3,11.0,75.0,,
1,EV_B4_C3,10.0,75.0,,
1,EV_B4_C3,9.0,75.0,,
1,EV_B4_C3,8.0,75.0,,
1,EV_B4_C3,7.0,75.0,,
1,EV_B4_C3,6.0,75.0,,
1,EV_B4_C3,5.0,75.0,,
1,EV_B4_C3,4.0,75.0,,
1,EV_B4_C3,3.0,75.0,,
1,EV_B4_C3,2.0,75.0,,
1,EV_B4_C3,1.0,75.0,,
1,EV_B4_C3,0.0,75.0,,
3,,,,,
3,,,,,
3,,,,,
3,,,,,
3,,,,,
3,,,,,
3,,,,,
3,,,,,
3,,,,,
3,,,,,
3,,,,,
2,EV_B4_C3,,,0.0,28.48612375216293
1,EV_B4_C3,10.0,75.0,,
1,EV_B4_C3,9.0,75.0,,
1,EV_B4_C3,8.0,75.0,,
1,EV_B4_C3,7.0,75.0,,
1,EV_B4_C3,6.0,75.0,,
1,EV_B4_C3,5.0,75.0,,
1,EV_B4_C3,4.0,75.0,,
1,EV_B4_C3,3.0,75.0,,
1,EV_B4_C3,2.0,75.0,,
1,EV_B4_C3,1.0,75.0,,
1,EV_B4_C3,0.0,75.0,,
3,,,,,
3,,,,,
3,,,,,
3,,,,,
3,,,,,
3,,,,,
3,,,,,
3,,,,,
3,,,,,
3,,,,,
3,,,,,
3,,,,,
3,,,,,
2,EV_B4_C3,,,0.0,29.3310412542198
1,EV_B4_C3,9.0,75.0,,
1,EV_B4_C3,8.0,75.0,,
1,EV_B4_C3,7.0,75.0,,
1,EV_B4_C3,6.0,75.0,,
1,EV_B4_C3,5.0,75.0,,
1,EV_B4_C3,4.0,75.0,,
1,EV_B4_C3,3.0,75.0,,
1,EV_B4_C3,2.0,75.0,,
1,EV_B4_C3,1.0,75.0,,
1,EV_B4_C3,0.0,75.0,,
3,,,,,
3,,,,,
3,,,,,
3,,,,,
3,,,,,
3,,,,,
3,,,,,
3,,,,,
3,,,,,
3,,,,,
3,,,,,
3,,,,,
3,,,,,
3,,,,,
3,,,,,
3,,,,,
3,,,,,
3,,,,,
3,,,,,
3,,,,,
3,,,,,
3,,,,,
3,,,,,
3,,,,,
3,,,,,
3,,,,,
3,,,,,
3,,,,,
3,,,,,
3,,,,,
3,,,,,
3,,,,,
3,,,,,
3,,,,,
3,,,,,
3,,,,,
3,,,,,
2,EV_B4_C3,,,0.0,37.207732220352774
1,EV_B4_C3,10.0,75.0,,
1,EV_B4_C3,9.0,75.0,,
1,EV_B4_C3,8.0,75.0,,
1,EV_B4_C3,7.0,75.0,,
1,EV_B4_C3,6.0,75.0,,
1,EV_B4_C3,5.0,75.0,,
1,EV_B4_C3,4.0,75.0,,
1,EV_B4_C3,3.0,75.0,,
1,EV_B4_C3,2.0,75.0,,
1,EV_B4_C3,1.0,75.0,,
1,EV_B4_C3,0.0,75.0,,
3,,,,,
3,,,,,
3,,,,,
3,,,,,
3,,,,,
3,,,,,
3,,,,,
3,,,,,
3,,,,,
3,,,,,
3,,,,,
3,,,,,
2,EV_B4_C3,,,0.0,25.915784428101023
1,EV_B4_C3,10.0,75.0,,
1,EV_B4_C3,9.0,75.0,,
1,EV_B4_C3,8.0,75.0,,
1,EV_B4_C3,7.0,75.0,,
1,EV_B4_C3,6.0,75.0,,
1,EV_B4_C3,5.0,75.0,,
1,EV_B4_C3,4.0,75.0,,
1,EV_B4_C3,3.0,75.0,,
1,EV_B4_C3,2.0,75.0,,
1,EV_B4_C3,1.0,75.0,,
1,EV_B4_C3,0.0,75.0,,
3,,,,,
3,,,,,
3,,,,,
3,,,,,
3,,,,,
3,,,,,
3,,,,,
3,,,,,
3,,,,,
3,,,,,
3,,,,,
3,,,,,
2,EV_B4_C3,,,0.0,39.97181307332361
1,EV_B4_C3,9.0,75.0,,
1,EV_B4_C3,8.0,75.0,,
1,EV_B4_C3,7.0,75.0,,
1,EV_B4_C3,6.0,75.0,,
1,EV_B4_C3,5.0,75.0,,
1,EV_B4_C3,4.0,75.0,,
1,EV_B4_C3,3.0,75.0,,
1,EV_B4_C3,2.0,75.0,,
1,EV_B4_C3,1.0,75.0,,
1,EV_B4_C3,0.0,75.0,,
3,,,,,
3,,,,,
3,,,,,
3,,,,,
3,,,,,
3,,,,,
3,,,,,
3,,,,,
3,,,,,
3,,,,,
3,,,,,
3,,,,,
3,,,,,
2,EV_B4_C3,,,0.0,31.026467473622144
1,EV_B4_C3,10.0,75.0,,
1,EV_B4_C3,9.0,75.0,,
1,EV_B4_C3,8.0,75.0,,
1,EV_B4_C3,7.0,75.0,,
1,EV_B4_C3,6.0,75.0,,
1,EV_B4_C3,5.0,75.0,,
1,EV_B4_C3,4.0,75.0,,
1,EV_B4_C3,3.0,75.0,,
1,EV_B4_C3,2.0,75.0,,
1,EV_B4_C3,1.0,75.0,,
1,EV_B4_C3,0.0,75.0,,
3,,,,,
3,,,,,
3,,,,,
3,,,,,
3,,,,,
3,,,,,
3,,,,,
3,,,,,
3,,,,,
3,,,,,
3,,,,,
3,,,,,
3,,,,,
2,EV_B4_C3,,,0.0,35.570696112390095
1,EV_B4_C3,8.0,75.0,,
1,EV_B4_C3,7.0,75.0,,
1,EV_B4_C3,6.0,75.0,,
1,EV_B4_C3,5.0,75.0,,
1,EV_B4_C3,4.0,75.0,,
1,EV_B4_C3,3.0,75.0,,
1,EV_B4_C3,2.0,75.0,,
1,EV_B4_C3,1.0,75.0,,
1,EV_B4_C3,0.0,75.0,,
3,,,,,
3,,,,,
3,,,,,
3,,,,,
3,,,,,
3,,,,,
3,,,,,
3,,,,,
3,,,,,
3,,,,,
3,,,,,
3,,,,,
3,,,,,
3,,,,,
2,EV_B4_C3,,,0.0,36.29940825671809
1,EV_B4_C3,9.0,75.0,,
1,EV_B4_C3,8.0,75.0,,
1,EV_B4_C3,7.0,75.0,,
1,EV_B4_C3,6.0,75.0,,
1,EV_B4_C3,5.0,75.0,,
1,EV_B4_C3,4.0,75.0,,
1,EV_B4_C3,3.0,75.0,,
1,EV_B4_C3,2.0,75.0,,
1,EV_B4_C3,1.0,75.0,,
1,EV_B4_C3,0.0,75.0,,
3,,,,,
3,,,,,
3,,,,,
3,,,,,
3,,,,,
3,,,,,
3,,,,,
3,,,,,
3,,,,,
3,,,,,
3,,,,,
3,,,,,
3,,,,,
3,,,,,
3,,,,,
3,,,,,
3,,,,,
3,,,,,
3,,,,,
3,,,,,
3,,,,,
3,,,,,
3,,,,,
3,,,,,
3,,,,,
3,,,,,
3,,,,,
3,,,,,
3,,,,,
3,,,,,
3,,,,,
3,,,,,
3,,,,,
3,,,,,
3,,,,,
2,EV_B4_C3,,,0.0,37.53889081665968
1,EV_B4_C3,10.0,75.0,,
1,EV_B4_C3,9.0,75.0,,
1,EV_B4_C3,8.0,75.0,,
1,EV_B4_C3,7.0,75.0,,
1,EV_B4_C3,6.0,75.0,,
1,EV_B4_C3,5.0,75.0,,
1,EV_B4_C3,4.0,75.0,,
1,EV_B4_C3,3.0,75.0,,
1,EV_B4_C3,2.0,75.0,,
1,EV_B4_C3,1.0,75.0,,
1,EV_B4_C3,0.0,75.0,,
3,,,,,
3,,,,,
3,,,,,
3,,,,,
3,,,,,
3,,,,,
3,,,,,
3,,,,,
3,,,,,
3,,,,,
3,,,,,
3,,,,,
3,,,,,
3,,,,,
3,,,,,
3,,,,,
3,,,,,
3,,,,,
3,,,,,
3,,,,,
3,,,,,
3,,,,,
3,,,,,
3,,,,,
3,,,,,
3,,,,,
3,,,,,
3,,,,,
3,,,,,
3,,,,,
3,,,,,
3,,,,,
3,,,,,
3,,,,,
3,,,,,
3,,,,,
3,,,,,
3,,,,,
3,,,,,
3,,,,,
3,,,,,
3,,,,,
3,,,,,
3,,,,,
3,,,,,
3,,,,,
3,,,,,
3,,,,,
3,,,,,
3,,,,,
3,,,,,
3,,,,,
3,,,,,
3,,,,,
3,,,,,
3,,,,,
3,,,,,
3,,,,,
3,,,,,
3,,,,,
2,EV_B4_C3,,,0.0,38.89001368248544
1,EV_B4_C3,10.0,75.0,,
1,EV_B4_C3,9.0,75.0,,
1,EV_B4_C3,8.0,75.0,,
1,EV_B4_C3,7.0,75.0,,
1,EV_B4_C3,6.0,75.0,,
1,EV_B4_C3,5.0,75.0,,
1,EV_B4_C3,4.0,75.0,,
1,EV_B4_C3,3.0,75.0,,
1,EV_B4_C3,2.0,75.0,,
1,EV_B4_C3,1.0,75.0,,
1,EV_B4_C3,0.0,75.0,,
3,,,,,
3,,,,,
3,,,,,
3,,,,,
3,,,,,
3,,,,,
3,,,,,
3,,,,,
3,,,,,
3,,,,,
3,,,,,
3,,,,,
3,,,,,
2,EV_B4_C3,,,0.0,24.954956060957468
1,EV_B4_C3,10.0,75.0,,
1,EV_B4_C3,9.0,75.0,,
1,EV_B4_C3,8.0,75.0,,
1,EV_B4_C3,7.0,75.0,,
1,EV_B4_C3,6.0,75.0,,
1,EV_B4_C3,5.0,75.0,,
1,EV_B4_C3,4.0,75.0,,
1,EV_B4_C3,3.0,75.0,,
1,EV_B4_C3,2.0,75.0,,
1,EV_B4_C3,1.0,75.0,,
1,EV_B4_C3,0.0,75.0,,
3,,,,,
3,,,,,
3,,,,,
3,,,,,
3,,,,,
3,,,,,
3,,,,,
3,,,,,
3,,,,,
2,EV_B4_C3,,,0.0,36.87287345790325
1,EV_B4_C3,13.0,75.0,,
1,EV_B4_C3,12.0,75.0,,
1,EV_B4_C3,11.0,75.0,,
1,EV_B4_C3,10.0,75.0,,
1,EV_B4_C3,9.0,75.0,,
1,EV_B4_C3,8.0,75.0,,
1,EV_B4_C3,7.0,75.0,,
1,EV_B4_C3,6.0,75.0,,
1,EV_B4_C3,5.0,75.0,,
1,EV_B4_C3,4.0,75.0,,
1,EV_B4_C3,3.0,75.0,,
1,EV_B4_C3,2.0,75.0,,
1,EV_B4_C3,1.0,75.0,,
1,EV_B4_C3,0.0,75.0,,
3,,,,,
3,,,,,
3,,,,,
3,,,,,
3,,,,,
3,,,,,
3,,,,,
3,,,,,
3,,,,,
3,,,,,
2,EV_B4_C3,,,0.0,33.256878530653175
1,EV_B4_C3,11.0,75.0,,
1,EV_B4_C3,10.0,75.0,,
1,EV_B4_C3,9.0,75.0,,
1,EV_B4_C3,8.0,75.0,,
1,EV_B4_C3,7.0,75.0,,
1,EV_B4_C3,6.0,75.0,,
1,EV_B4_C3,5.0,75.0,,
1,EV_B4_C3,4.0,75.0,,
1,EV_B4_C3,3.0,75.0,,
1,EV_B4_C3,2.0,75.0,,
1,EV_B4_C3,1.0,75.0,,
1,EV_B4_C3,0.0,75.0,,
3,,,,,
3,,,,,
3,,,,,
3,,,,,
3,,,,,
3,,,,,
3,,,,,
3,,,,,
3,,,,,
3,,,,,
3,,,,,
3,,,,,
3,,,,,
2,EV_B4_C3,,,0.0,21.78815660707969
1,EV_B4_C3,9.0,75.0,,
1,EV_B4_C3,8.0,75.0,,
1,EV_B4_C3,7.0,75.0,,
1,EV_B4_C3,6.0,75.0,,
1,EV_B4_C3,5.0,75.0,,
1,EV_B4_C3,4.0,75.0,,
1,EV_B4_C3,3.0,75.0,,
1,EV_B4_C3,2.0,75.0,,
1,EV_B4_C3,1.0,75.0,,
1,EV_B4_C3,0.0,75.0,,
3,,,,,
3,,,,,
3,,,,,
3,,,,,
3,,,,,
3,,,,,
3,,,,,
3,,,,,
3,,,,,
3,,,,,
3,,,,,
3,,,,,
2,EV_B4_C3,,,0.0,24.03233474575622
1,EV_B4_C3,10.0,75.0,,
1,EV_B4_C3,9.0,75.0,,
1,EV_B4_C3,8.0,75.0,,
1,EV_B4_C3,7.0,75.0,,
1,EV_B4_C3,6.0,75.0,,
1,EV_B4_C3,5.0,75.0,,
1,EV_B4_C3,4.0,75.0,,
1,EV_B4_C3,3.0,75.0,,
1,EV_B4_C3,2.0,75.0,,
1,EV_B4_C3,1.0,75.0,,
1,EV_B4_C3,0.0,75.0,,
3,,,,,
3,,,,,
3,,,,,
3,,,,,
3,,,,,
3,,,,,
3,,,,,
3,,,,,
3,,,,,
3,,,,,
3,,,,,
3,,,,,
3,,,,,
3,,,,,
3,,,,,
3,,,,,
3,,,,,
3,,,,,
3,,,,,
3,,,,,
3,,,,,
3,,,,,
3,,,,,
3,,,,,
3,,,,,
3,,,,,
3,,,,,
3,,,,,
3,,,,,
3,,,,,
3,,,,,
3,,,,,
3,,,,,
3,,,,,
3,,,,,
3,,,,,
3,,,,,
2,EV_B4_C3,,,0.0,22.64487070838043
1,EV_B4_C3,10.0,75.0,,
1,EV_B4_C3,9.0,75.0,,
1,EV_B4_C3,8.0,75.0,,
1,EV_B4_C3,7.0,75.0,,
1,EV_B4_C3,6.0,75.0,,
1,EV_B4_C3,5.0,75.0,,
1,EV_B4_C3,4.0,75.0,,
1,EV_B4_C3,3.0,75.0,,
1,EV_B4_C3,2.0,75.0,,
1,EV_B4_C3,1.0,75.0,,
1,EV_B4_C3,0.0,75.0,,
3,,,,,
3,,,,,
3,,,,,
3,,,,,
3,,,,,
3,,,,,
3,,,,,
3,,,,,
3,,,,,
3,,,,,
3,,,,,
2,EV_B4_C3,,,0.0,31.929796346962668
1,EV_B4_C3,11.0,75.0,,
1,EV_B4_C3,10.0,75.0,,
1,EV_B4_C3,9.0,75.0,,
1,EV_B4_C3,8.0,75.0,,
1,EV_B4_C3,7.0,75.0,,
1,EV_B4_C3,6.0,75.0,,
1,EV_B4_C3,5.0,75.0,,
1,EV_B4_C3,4.0,75.0,,
1,EV_B4_C3,3.0,75.0,,
1,EV_B4_C3,2.0,75.0,,
1,EV_B4_C3,1.0,75.0,,
1,EV_B4_C3,0.0,75.0,,
3,,,,,
3,,,,,
3,,,,,
3,,,,,
3,,,,,
3,,,,,
3,,,,,
3,,,,,
3,,,,,
3,,,,,
3,,,,,
2,EV_B4_C3,,,0.0,31.315229945878915
1,EV_B4_C3,12.0,75.0,,
1,EV_B4_C3,11.0,75.0,,
1,EV_B4_C3,10.0,75.0,,
1,EV_B4_C3,9.0,75.0,,
1,EV_B4_C3,8.0,75.0,,
1,EV_B4_C3,7.0,75.0,,
1,EV_B4_C3,6.0,75.0,,
1,EV_B4_C3,5.0,75.0,,
1,EV_B4_C3,4.0,75.0,,
1,EV_B4_C3,3.0,75.0,,
1,EV_B4_C3,2.0,75.0,,
1,EV_B4_C3,1.0,75.0,,
1,EV_B4_C3,0.0,75.0,,
3,,,,,
3,,,,,
3,,,,,
3,,,,,
3,,,,,
3,,,,,
3,,,,,
3,,,,,
3,,,,,
3,,,,,
3,,,,,
2,EV_B4_C3,,,0.0,27.736132645099442
1,EV_B4_C3,10.0,75.0,,
1,EV_B4_C3,9.0,75.0,,
1,EV_B4_C3,8.0,75.0,,
1,EV_B4_C3,7.0,75.0,,
1,EV_B4_C3,6.0,75.0,,
1,EV_B4_C3,5.0,75.0,,
1,EV_B4_C3,4.0,75.0,,
1,EV_B4_C3,3.0,75.0,,
1,EV_B4_C3,2.0,75.0,,
1,EV_B4_C3,1.0,75.0,,
1,EV_B4_C3,0.0,75.0,,
3,,,,,
3,,,,,
3,,,,,
3,,,,,
3,,,,,
3,,,,,
3,,,,,
3,,,,,
3,,,,,
3,,,,,
3,,,,,
3,,,,,
2,EV_B4_C3,,,0.0,33.117167417545154
1,EV_B4_C3,9.0,75.0,,
1,EV_B4_C3,8.0,75.0,,
1,EV_B4_C3,7.0,75.0,,
1,EV_B4_C3,6.0,75.0,,
1,EV_B4_C3,5.0,75.0,,
1,EV_B4_C3,4.0,75.0,,
1,EV_B4_C3,3.0,75.0,,
1,EV_B4_C3,2.0,75.0,,
1,EV_B4_C3,1.0,75.0,,
1,EV_B4_C3,0.0,75.0,,
3,,,,,
3,,,,,
3,,,,,
3,,,,,
3,,,,,
3,,,,,
3,,,,,
3,,,,,
3,,,,,
3,,,,,
3,,,,,
3,,,,,
3,,,,,
2,EV_B4_C3,,,0.0,33.1431843796391
1,EV_B4_C3,10.0,75.0,,
1,EV_B4_C3,9.0,75.0,,
1,EV_B4_C3,8.0,75.0,,
1,EV_B4_C3,7.0,75.0,,
1,EV_B4_C3,6.0,75.0,,
1,EV_B4_C3,5.0,75.0,,
1,EV_B4_C3,4.0,75.0,,
1,EV_B4_C3,3.0,75.0,,
1,EV_B4_C3,2.0,75.0,,
1,EV_B4_C3,1.0,75.0,,
1,EV_B4_C3,0.0,75.0,,
3,,,,,
3,,,,,
3,,,,,
3,,,,,
3,,,,,
3,,,,,
3,,,,,
3,,,,,
3,,,,,
2,EV_B4_C3,,,0.0,36.95642182328005
1,EV_B4_C3,13.0,75.0,,
1,EV_B4_C3,12.0,75.0,,
1,EV_B4_C3,11.0,75.0,,
1,EV_B4_C3,10.0,75.0,,
1,EV_B4_C3,9.0,75.0,,
1,EV_B4_C3,8.0,75.0,,
1,EV_B4_C3,7.0,75.0,,
1,EV_B4_C3,6.0,75.0,,
1,EV_B4_C3,5.0,75.0,,
1,EV_B4_C3,4.0,75.0,,
1,EV_B4_C3,3.0,75.0,,
1,EV_B4_C3,2.0,75.0,,
1,EV_B4_C3,1.0,75.0,,
1,EV_B4_C3,0.0,75.0,,
3,,,,,
3,,,,,
3,,,,,
3,,,,,
3,,,,,
3,,,,,
3,,,,,
3,,,,,
3,,,,,
3,,,,,
3,,,,,
3,,,,,
2,EV_B4_C3,,,0.0,39.09869750445878
1,EV_B4_C3,9.0,75.0,,
1,EV_B4_C3,8.0,75.0,,
1,EV_B4_C3,7.0,75.0,,
1,EV_B4_C3,6.0,75.0,,
1,EV_B4_C3,5.0,75.0,,
1,EV_B4_C3,4.0,75.0,,
1,EV_B4_C3,3.0,75.0,,
1,EV_B4_C3,2.0,75.0,,
1,EV_B4_C3,1.0,75.0,,
1,EV_B4_C3,0.0,75.0,,
3,,,,,
3,,,,,
3,,,,,
3,,,,,
3,,,,,
3,,,,,
3,,,,,
3,,,,,
3,,,,,
3,,,,,
3,,,,,
3,,,,,
2,EV_B4_C3,,,0.0,36.43598002134274
1,EV_B4_C3,10.0,75.0,,
1,EV_B4_C3,9.0,75.0,,
1,EV_B4_C3,8.0,75.0,,
1,EV_B4_C3,7.0,75.0,,
1,EV_B4_C3,6.0,75.0,,
1,EV_B4_C3,5.0,75.0,,
1,EV_B4_C3,4.0,75.0,,
1,EV_B4_C3,3.0,75.0,,
1,EV_B4_C3,2.0,75.0,,
1,EV_B4_C3,1.0,75.0,,
1,EV_B4_C3,0.0,75.0,,
3,,,,,
3,,,,,
3,,,,,
3,,,,,
3,,,,,
3,,,,,
3,,,,,
3,,,,,
3,,,,,
3,,,,,
3,,,,,
3,,,,,
2,EV_B4_C3,,,0.0,34.669875591279464
1,EV_B4_C3,11.0,75.0,,
1,EV_B4_C3,10.0,75.0,,
1,EV_B4_C3,9.0,75.0,,
1,EV_B4_C3,8.0,75.0,,
1,EV_B4_C3,7.0,75.0,,
1,EV_B4_C3,6.0,75.0,,
1,EV_B4_C3,5.0,75.0,,
1,EV_B4_C3,4.0,75.0,,
1,EV_B4_C3,3.0,75.0,,
1,EV_B4_C3,2.0,75.0,,
1,EV_B4_C3,1.0,75.0,,
1,EV_B4_C3,0.0,75.0,,
3,,,,,
3,,,,,
3,,,,,
3,,,,,
3,,,,,
3,,,,,
3,,,,,
3,,,,,
3,,,,,
3,,,,,
3,,,,,
3,,,,,
3,,,,,
3,,,,,
3,,,,,
3,,,,,
3,,,,,
3,,,,,
3,,,,,
3,,,,,
3,,,,,
3,,,,,
3,,,,,
3,,,,,
3,,,,,
3,,,,,
3,,,,,
3,,,,,
3,,,,,
3,,,,,
3,,,,,
3,,,,,
3,,,,,
3,,,,,
3,,,,,
3,,,,,
2,EV_B4_C3,,,0.0,26.930041524363002
1,EV_B4_C3,8.0,75.0,,
1,EV_B4_C3,7.0,75.0,,
1,EV_B4_C3,6.0,75.0,,
1,EV_B4_C3,5.0,75.0,,
1,EV_B4_C3,4.0,75.0,,
1,EV_B4_C3,3.0,75.0,,
1,EV_B4_C3,2.0,75.0,,
1,EV_B4_C3,1.0,75.0,,
1,EV_B4_C3,0.0,75.0,,
3,,,,,
3,,,,,
3,,,,,
3,,,,,
3,,,,,
3,,,,,
3,,,,,
3,,,,,
3,,,,,
3,,,,,
3,,,,,
3,,,,,
3,,,,,
2,EV_B4_C3,,,0.0,25.77733180607229
1,EV_B4_C3,11.0,75.0,,
1,EV_B4_C3,10.0,75.0,,
1,EV_B4_C3,9.0,75.0,,
1,EV_B4_C3,8.0,75.0,,
1,EV_B4_C3,7.0,75.0,,
1,EV_B4_C3,6.0,75.0,,
1,EV_B4_C3,5.0,75.0,,
1,EV_B4_C3,4.0,75.0,,
1,EV_B4_C3,3.0,75.0,,
1,EV_B4_C3,2.0,75.0,,
1,EV_B4_C3,1.0,75.0,,
1,EV_B4_C3,0.0,75.0,,
3,,,,,
3,,,,,
3,,,,,
3,,,,,
3,,,,,
3,,,,,
3,,,,,
3,,,,,
3,,,,,
3,,,,,
3,,,,,
2,EV_B4_C3,,,0.0,28.815182871990785
1,EV_B4_C3,10.0,75.0,,
1,EV_B4_C3,9.0,75.0,,
1,EV_B4_C3,8.0,75.0,,
1,EV_B4_C3,7.0,75.0,,
1,EV_B4_C3,6.0,75.0,,
1,EV_B4_C3,5.0,75.0,,
1,EV_B4_C3,4.0,75.0,,
1,EV_B4_C3,3.0,75.0,,
1,EV_B4_C3,2.0,75.0,,
1,EV_B4_C3,1.0,75.0,,
1,EV_B4_C3,0.0,75.0,,
3,,,,,
3,,,,,
3,,,,,
3,,,,,
3,,,,,
3,,,,,
3,,,,,
3,,,,,
3,,,,,
3,,,,,
3,,,,,
3,,,,,
3,,,,,
2,EV_B4_C3,,,0.0,39.35965504822655
1,EV_B4_C3,10.0,75.0,,
1,EV_B4_C3,9.0,75.0,,
1,EV_B4_C3,8.0,75.0,,
1,EV_B4_C3,7.0,75.0,,
1,EV_B4_C3,6.0,75.0,,
1,EV_B4_C3,5.0,75.0,,
1,EV_B4_C3,4.0,75.0,,
1,EV_B4_C3,3.0,75.0,,
1,EV_B4_C3,2.0,75.0,,
1,EV_B4_C3,1.0,75.0,,
1,EV_B4_C3,0.0,75.0,,
3,,,,,
3,,,,,
3,,,,,
3,,,,,
3,,,,,
3,,,,,
3,,,,,
3,,,,,
3,,,,,
3,,,,,
3,,,,,
3,,,,,
2,EV_B4_C3,,,0.0,38.802665537754805
1,EV_B4_C3,9.0,75.0,,
1,EV_B4_C3,8.0,75.0,,
1,EV_B4_C3,7.0,75.0,,
1,EV_B4_C3,6.0,75.0,,
1,EV_B4_C3,5.0,75.0,,
1,EV_B4_C3,4.0,75.0,,
1,EV_B4_C3,3.0,75.0,,
1,EV_B4_C3,2.0,75.0,,
1,EV_B4_C3,1.0,75.0,,
1,EV_B4_C3,0.0,75.0,,
3,,,,,
3,,,,,
3,,,,,
3,,,,,
3,,,,,
3,,,,,
3,,,,,
3,,,,,
3,,,,,
3,,,,,
3,,,,,
3,,,,,
3,,,,,
3,,,,,
3,,,,,
3,,,,,
3,,,,,
3,,,,,
3,,,,,
3,,,,,
3,,,,,
3,,,,,
3,,,,,
3,,,,,
3,,,,,
3,,,,,
3,,,,,
3,,,,,
3,,,,,
3,,,,,
3,,,,,
3,,,,,
3,,,,,
3,,,,,
3,,,,,
3,,,,,
2,EV_B4_C3,,,0.0,31.55831402589803
1,EV_B4_C3,11.0,75.0,,
1,EV_B4_C3,10.0,75.0,,
1,EV_B4_C3,9.0,75.0,,
1,EV_B4_C3,8.0,75.0,,
1,EV_B4_C3,7.0,75.0,,
1,EV_B4_C3,6.0,75.0,,
1,EV_B4_C3,5.0,75.0,,
1,EV_B4_C3,4.0,75.0,,
1,EV_B4_C3,3.0,75.0,,
1,EV_B4_C3,2.0,75.0,,
1,EV_B4_C3,1.0,75.0,,
1,EV_B4_C3,0.0,75.0,,
3,,,,,
3,,,,,
3,,,,,
3,,,,,
3,,,,,
3,,,,,
3,,,,,
3,,,,,
3,,,,,
3,,,,,
3,,,,,
3,,,,,
2,EV_B4_C3,,,0.0,26.555746059066088
1,EV_B4_C3,9.0,75.0,,
1,EV_B4_C3,8.0,75.0,,
1,EV_B4_C3,7.0,75.0,,
1,EV_B4_C3,6.0,75.0,,
1,EV_B4_C3,5.0,75.0,,
1,EV_B4_C3,4.0,75.0,,
1,EV_B4_C3,3.0,75.0,,
1,EV_B4_C3,2.0,75.0,,
1,EV_B4_C3,1.0,75.0,,
1,EV_B4_C3,0.0,75.0,,
3,,,,,
3,,,,,
3,,,,,
3,,,,,
3,,,,,
3,,,,,
3,,,,,
3,,,,,
3,,,,,
3,,,,,
3,,,,,
3,,,,,
3,,,,,
2,EV_B4_C3,,,0.0,32.27962255516271
1,EV_B4_C3,8.0,75.0,,
1,EV_B4_C3,7.0,75.0,,
1,EV_B4_C3,6.0,75.0,,
1,EV_B4_C3,5.0,75.0,,
1,EV_B4_C3,4.0,75.0,,
1,EV_B4_C3,3.0,75.0,,
1,EV_B4_C3,2.0,75.0,,
1,EV_B4_C3,1.0,75.0,,
1,EV_B4_C3,0.0,75.0,,
3,,,,,
3,,,,,
3,,,,,
3,,,,,
3,,,,,
3,,,,,
3,,,,,
3,,,,,
3,,,,,
3,,,,,
3,,,,,
3,,,,,
3,,,,,
2,EV_B4_C3,,,0.0,22.752818712363744
1,EV_B4_C3,10.0,75.0,,
1,EV_B4_C3,9.0,75.0,,
1,EV_B4_C3,8.0,75.0,,
1,EV_B4_C3,7.0,75.0,,
1,EV_B4_C3,6.0,75.0,,
1,EV_B4_C3,5.0,75.0,,
1,EV_B4_C3,4.0,75.0,,
1,EV_B4_C3,3.0,75.0,,
1,EV_B4_C3,2.0,75.0,,
1,EV_B4_C3,1.0,75.0,,
1,EV_B4_C3,0.0,75.0,,
3,,,,,
3,,,,,
3,,,,,
3,,,,,
3,,,,,
3,,,,,
3,,,,,
3,,,,,
3,,,,,
3,,,,,
3,,,,,
3,,,,,
3,,,,,
3,,,,,
3,,,,,
3,,,,,
3,,,,,
3,,,,,
3,,,,,
3,,,,,
3,,,,,
3,,,,,
3,,,,,
3,,,,,
3,,,,,
3,,,,,
3,,,,,
3,,,,,
3,,,,,
3,,,,,
3,,,,,
3,,,,,
3,,,,,
3,,,,,
3,,,,,
3,,,,,
2,EV_B4_C3,,,0.0,28.127742027749868
1,EV_B4_C3,10.0,75.0,,
1,EV_B4_C3,9.0,75.0,,
1,EV_B4_C3,8.0,75.0,,
1,EV_B4_C3,7.0,75.0,,
1,EV_B4_C3,6.0,75.0,,
1,EV_B4_C3,5.0,75.0,,
1,EV_B4_C3,4.0,75.0,,
1,EV_B4_C3,3.0,75.0,,
1,EV_B4_C3,2.0,75.0,,
1,EV_B4_C3,1.0,75.0,,
1,EV_B4_C3,0.0,75.0,,
3,,,,,
3,,,,,
3,,,,,
3,,,,,
3,,,,,
3,,,,,
3,,,,,
3,,,,,
3,,,,,
3,,,,,
3,,,,,
3,,,,,
3,,,,,
3,,,,,
2,EV_B4_C3,,,0.0,38.59665802107618
1,EV_B4_C3,7.0,75.0,,
1,EV_B4_C3,6.0,75.0,,
1,EV_B4_C3,5.0,75.0,,
1,EV_B4_C3,4.0,75.0,,
1,EV_B4_C3,3.0,75.0,,
1,EV_B4_C3,2.0,75.0,,
1,EV_B4_C3,1.0,75.0,,
1,EV_B4_C3,0.0,75.0,,
3,,,,,
3,,,,,
3,,,,,
3,,,,,
3,,,,,
3,,,,,
3,,,,,
3,,,,,
3,,,,,
3,,,,,
3,,,,,
3,,,,,
2,EV_B4_C3,,,0.0,37.157141888907006
1,EV_B4_C3,12.0,75.0,,
1,EV_B4_C3,11.0,75.0,,
1,EV_B4_C3,10.0,75.0,,
1,EV_B4_C3,9.0,75.0,,
1,EV_B4_C3,8.0,75.0,,
1,EV_B4_C3,7.0,75.0,,
1,EV_B4_C3,6.0,75.0,,
1,EV_B4_C3,5.0,75.0,,
1,EV_B4_C3,4.0,75.0,,
1,EV_B4_C3,3.0,75.0,,
1,EV_B4_C3,2.0,75.0,,
1,EV_B4_C3,1.0,75.0,,
1,EV_B4_C3,0.0,75.0,,
3,,,,,
3,,,,,
3,,,,,
3,,,,,
3,,,,,
3,,,,,
3,,,,,
3,,,,,
3,,,,,
3,,,,,
2,EV_B4_C3,,,0.0,23.37131404090288
1,EV_B4_C3,12.0,75.0,,
1,EV_B4_C3,11.0,75.0,,
1,EV_B4_C3,10.0,75.0,,
1,EV_B4_C3,9.0,75.0,,
1,EV_B4_C3,8.0,75.0,,
1,EV_B4_C3,7.0,75.0,,
1,EV_B4_C3,6.0,75.0,,
1,EV_B4_C3,5.0,75.0,,
1,EV_B4_C3,4.0,75.0,,
1,EV_B4_C3,3.0,75.0,,
1,EV_B4_C3,2.0,75.0,,
1,EV_B4_C3,1.0,75.0,,
1,EV_B4_C3,0.0,75.0,,
3,,,,,
3,,,,,
3,,,,,
3,,,,,
3,,,,,
3,,,,,
3,,,,,
3,,,,,
3,,,,,
3,,,,,
3,,,,,
3,,,,,
3,,,,,
2,EV_B4_C3,,,0.0,28.010533686839416
1,EV_B4_C3,9.0,75.0,,
1,EV_B4_C3,8.0,75.0,,
1,EV_B4_C3,7.0,75.0,,
1,EV_B4_C3,6.0,75.0,,
1,EV_B4_C3,5.0,75.0,,
1,EV_B4_C3,4.0,75.0,,
1,EV_B4_C3,3.0,75.0,,
1,EV_B4_C3,2.0,75.0,,
1,EV_B4_C3,1.0,75.0,,
1,EV_B4_C3,0.0,75.0,,
3,,,,,
3,,,,,
3,,,,,
3,,,,,
3,,,,,
3,,,,,
3,,,,,
3,,,,,
3,,,,,
3,,,,,
3,,,,,
2,EV_B4_C3,,,0.0,23.100199814656822
1,EV_B4_C3,10.0,75.0,,
1,EV_B4_C3,9.0,75.0,,
1,EV_B4_C3,8.0,75.0,,
1,EV_B4_C3,7.0,75.0,,
1,EV_B4_C3,6.0,75.0,,
1,EV_B4_C3,5.0,75.0,,
1,EV_B4_C3,4.0,75.0,,
1,EV_B4_C3,3.0,75.0,,
1,EV_B4_C3,2.0,75.0,,
1,EV_B4_C3,1.0,75.0,,
1,EV_B4_C3,0.0,75.0,,
3,,,,,
3,,,,,
3,,,,,
3,,,,,
3,,,,,
3,,,,,
3,,,,,
3,,,,,
3,,,,,
3,,,,,
3,,,,,
3,,,,,
3,,,,,
3,,,,,
3,,,,,
3,,,,,
3,,,,,
3,,,,,
3,,,,,
3,,,,,
3,,,,,
3,,,,,
3,,,,,
3,,,,,
3,,,,,
3,,,,,
3,,,,,
3,,,,,
3,,,,,
3,,,,,
3,,,,,
3,,,,,
3,,,,,
3,,,,,
3,,,,,
3,,,,,
3,,,,,
3,,,,,
3,,,,,
3,,,,,
3,,,,,
3,,,,,
3,,,,,
3,,,,,
3,,,,,
3,,,,,
3,,,,,
3,,,,,
3,,,,,
3,,,,,
3,,,,,
3,,,,,
3,,,,,
3,,,,,
3,,,,,
3,,,,,
3,,,,,
3,,,,,
3,,,,,
3,,,,,
3,,,,,
2,EV_B4_C3,,,0.0,21.391780247863238
1,EV_B4_C3,10.0,75.0,,
1,EV_B4_C3,9.0,75.0,,
1,EV_B4_C3,8.0,75.0,,
1,EV_B4_C3,7.0,75.0,,
1,EV_B4_C3,6.0,75.0,,
1,EV_B4_C3,5.0,75.0,,
1,EV_B4_C3,4.0,75.0,,
1,EV_B4_C3,3.0,75.0,,
1,EV_B4_C3,2.0,75.0,,
1,EV_B4_C3,1.0,75.0,,
1,EV_B4_C3,0.0,75.0,,
3,,,,,
3,,,,,
3,,,,,
3,,,,,
3,,,,,
3,,,,,
3,,,,,
3,,,,,
3,,,,,
3,,,,,
3,,,,,
3,,,,,
3,,,,,
2,EV_B4_C3,,,0.0,30.98540812384425
1,EV_B4_C3,8.0,75.0,,
1,EV_B4_C3,7.0,75.0,,
1,EV_B4_C3,6.0,75.0,,
1,EV_B4_C3,5.0,75.0,,
1,EV_B4_C3,4.0,75.0,,
1,EV_B4_C3,3.0,75.0,,
1,EV_B4_C3,2.0,75.0,,
1,EV_B4_C3,1.0,75.0,,
1,EV_B4_C3,0.0,75.0,,
3,,,,,
3,,,,,
3,,,,,
3,,,,,
3,,,,,
3,,,,,
3,,,,,
3,,,,,
3,,,,,
3,,,,,
3,,,,,
3,,,,,
3,,,,,
3,,,,,
2,EV_B4_C3,,,0.0,35.195205133191735
1,EV_B4_C3,9.0,75.0,,
1,EV_B4_C3,8.0,75.0,,
1,EV_B4_C3,7.0,75.0,,
1,EV_B4_C3,6.0,75.0,,
1,EV_B4_C3,5.0,75.0,,
1,EV_B4_C3,4.0,75.0,,
1,EV_B4_C3,3.0,75.0,,
1,EV_B4_C3,2.0,75.0,,
1,EV_B4_C3,1.0,75.0,,
1,EV_B4_C3,0.0,75.0,,
3,,,,,
3,,,,,
3,,,,,
3,,,,,
3,,,,,
3,,,,,
3,,,,,
3,,,,,
3,,,,,
3,,,,,
3,,,,,
2,EV_B4_C3,,,0.0,37.273491217591385
1,EV_B4_C3,11.0,75.0,,
1,EV_B4_C3,10.0,75.0,,
1,EV_B4_C3,9.0,75.0,,
1,EV_B4_C3,8.0,75.0,,
1,EV_B4_C3,7.0,75.0,,
1,EV_B4_C3,6.0,75.0,,
1,EV_B4_C3,5.0,75.0,,
1,EV_B4_C3,4.0,75.0,,
1,EV_B4_C3,3.0,75.0,,
1,EV_B4_C3,2.0,75.0,,
1,EV_B4_C3,1.0,75.0,,
1,EV_B4_C3,0.0,75.0,,
3,,,,,
3,,,,,
3,,,,,
3,,,,,
3,,,,,
3,,,,,
3,,,,,
3,,,,,
3,,,,,
3,,,,,
3,,,,,
3,,,,,
2,EV_B4_C3,,,0.0,23.994943647482806
1,EV_B4_C3,9.0,75.0,,
1,EV_B4_C3,8.0,75.0,,
1,EV_B4_C3,7.0,75.0,,
1,EV_B4_C3,6.0,75.0,,
1,EV_B4_C3,5.0,75.0,,
1,EV_B4_C3,4.0,75.0,,
1,EV_B4_C3,3.0,75.0,,
1,EV_B4_C3,2.0,75.0,,
1,EV_B4_C3,1.0,75.0,,
1,EV_B4_C3,0.0,75.0,,
3,,,,,
3,,,,,
3,,,,,
3,,,,,
3,,,,,
3,,,,,
3,,,,,
3,,,,,
3,,,,,
3,,,,,
3,,,,,
2,EV_B4_C3,,,0.0,39.513095512845915
1,EV_B4_C3,12.0,75.0,,
1,EV_B4_C3,11.0,75.0,,
1,EV_B4_C3,10.0,75.0,,
1,EV_B4_C3,9.0,75.0,,
1,EV_B4_C3,8.0,75.0,,
1,EV_B4_C3,7.0,75.0,,
1,EV_B4_C3,6.0,75.0,,
1,EV_B4_C3,5.0,75.0,,
1,EV_B4_C3,4.0,75.0,,
1,EV_B4_C3,3.0,75.0,,
1,EV_B4_C3,2.0,75.0,,
1,EV_B4_C3,1.0,75.0,,
1,EV_B4_C3,0.0,75.0,,
3,,,,,
3,,,,,
3,,,,,
3,,,,,
3,,,,,
3,,,,,
3,,,,,
3,,,,,
3,,,,,
3,,,,,
3,,,,,
2,EV_B4_C3,,,0.0,37.12945349234736
1,EV_B4_C3,11.0,75.0,,
1,EV_B4_C3,10.0,75.0,,
1,EV_B4_C3,9.0,75.0,,
1,EV_B4_C3,8.0,75.0,,
1,EV_B4_C3,7.0,75.0,,
1,EV_B4_C3,6.0,75.0,,
1,EV_B4_C3,5.0,75.0,,
1,EV_B4_C3,4.0,75.0,,
1,EV_B4_C3,3.0,75.0,,
1,EV_B4_C3,2.0,75.0,,
1,EV_B4_C3,1.0,75.0,,
1,EV_B4_C3,0.0,75.0,,
3,,,,,
3,,,,,
3,,,,,
3,,,,,
3,,,,,
3,,,,,
3,,,,,
3,,,,,
3,,,,,
3,,,,,
2,EV_B4_C3,,,0.0,28.909587196346067
1,EV_B4_C3,11.0,75.0,,
1,EV_B4_C3,10.0,75.0,,
1,EV_B4_C3,9.0,75.0,,
1,EV_B4_C3,8.0,75.0,,
1,EV_B4_C3,7.0,75.0,,
1,EV_B4_C3,6.0,75.0,,
1,EV_B4_C3,5.0,75.0,,
1,EV_B4_C3,4.0,75.0,,
1,EV_B4_C3,3.0,75.0,,
1,EV_B4_C3,2.0,75.0,,
1,EV_B4_C3,1.0,75.0,,
1,EV_B4_C3,0.0,75.0,,
3,,,,,
3,,,,,
3,,,,,
3,,,,,
3,,,,,
3,,,,,
3,,,,,
3,,,,,
3,,,,,
3,,,,,
3,,,,,
3,,,,,
3,,,,,
2,EV_B4_C3,,,0.0,20.91962008030085
1,EV_B4_C3,10.0,75.0,,
1,EV_B4_C3,9.0,75.0,,
1,EV_B4_C3,8.0,75.0,,
1,EV_B4_C3,7.0,75.0,,
1,EV_B4_C3,6.0,75.0,,
1,EV_B4_C3,5.0,75.0,,
1,EV_B4_C3,4.0,75.0,,
1,EV_B4_C3,3.0,75.0,,
1,EV_B4_C3,2.0,75.0,,
1,EV_B4_C3,1.0,75.0,,
1,EV_B4_C3,0.0,75.0,,
3,,,,,
3,,,,,
3,,,,,
3,,,,,
3,,,,,
3,,,,,
3,,,,,
3,,,,,
3,,,,,
3,,,,,
2,EV_B4_C3,,,0.0,21.665235745737366
1,EV_B4_C3,12.0,75.0,,
1,EV_B4_C3,11.0,75.0,,
1,EV_B4_C3,10.0,75.0,,
1,EV_B4_C3,9.0,75.0,,
1,EV_B4_C3,8.0,75.0,,
1,EV_B4_C3,7.0,75.0,,
1,EV_B4_C3,6.0,75.0,,
1,EV_B4_C3,5.0,75.0,,
1,EV_B4_C3,4.0,75.0,,
1,EV_B4_C3,3.0,75.0,,
1,EV_B4_C3,2.0,75.0,,
1,EV_B4_C3,1.0,75.0,,
1,EV_B4_C3,0.0,75.0,,
3,,,,,
3,,,,,
3,,,,,
3,,,,,
3,,,,,
3,,,,,
3,,,,,
3,,,,,
3,,,,,
3,,,,,
3,,,,,
3,,,,,
3,,,,,
2,EV_B4_C3,,,0.0,22.085226376911322
1,EV_B4_C3,8.0,75.0,,
1,EV_B4_C3,7.0,75.0,,
1,EV_B4_C3,6.0,75.0,,
1,EV_B4_C3,5.0,75.0,,
1,EV_B4_C3,4.0,75.0,,
1,EV_B4_C3,3.0,75.0,,
1,EV_B4_C3,2.0,75.0,,
1,EV_B4_C3,1.0,75.0,,
1,EV_B4_C3,0.0,75.0,,
3,,,,,
3,,,,,
3,,,,,
3,,,,,
3,,,,,
3,,,,,
3,,,,,
3,,,,,
3,,,,,
3,,,,,
3,,,,,
3,,,,,
3,,,,,
3,,,,,
2,EV_B4_C3,,,0.0,36.56461305187856
1,EV_B4_C3,9.0,75.0,,
1,EV_B4_C3,8.0,75.0,,
1,EV_B4_C3,7.0,75.0,,
1,EV_B4_C3,6.0,75.0,,
1,EV_B4_C3,5.0,75.0,,
1,EV_B4_C3,4.0,75.0,,
1,EV_B4_C3,3.0,75.0,,
1,EV_B4_C3,2.0,75.0,,
1,EV_B4_C3,1.0,75.0,,
1,EV_B4_C3,0.0,75.0,,
3,,,,,
3,,,,,
3,,,,,
3,,,,,
3,,,,,
3,,,,,
3,,,,,
3,,,,,
3,,,,,
3,,,,,
3,,,,,
3,,,,,
2,EV_B4_C3,,,0.0,24.379951584903967
1,EV_B4_C3,10.0,75.0,,
1,EV_B4_C3,9.0,75.0,,
1,EV_B4_C3,8.0,75.0,,
1,EV_B4_C3,7.0,75.0,,
1,EV_B4_C3,6.0,75.0,,
1,EV_B4_C3,5.0,75.0,,
1,EV_B4_C3,4.0,75.0,,
1,EV_B4_C3,3.0,75.0,,
1,EV_B4_C3,2.0,75.0,,
1,EV_B4_C3,1.0,75.0,,
1,EV_B4_C3,0.0,75.0,,
3,,,,,
3,,,,,
3,,,,,
3,,,,,
3,,,,,
3,,,,,
3,,,,,
3,,,,,
3,,,,,
3,,,,,
3,,,,,
2,EV_B4_C3,,,0.0,30.75879145542243
1,EV_B4_C3,10.0,75.0,,
1,EV_B4_C3,9.0,75.0,,
1,EV_B4_C3,8.0,75.0,,
1,EV_B4_C3,7.0,75.0,,
1,EV_B4_C3,6.0,75.0,,
1,EV_B4_C3,5.0,75.0,,
1,EV_B4_C3,4.0,75.0,,
1,EV_B4_C3,3.0,75.0,,
1,EV_B4_C3,2.0,75.0,,
1,EV_B4_C3,1.0,75.0,,
1,EV_B4_C3,0.0,75.0,,
3,,,,,
3,,,,,
3,,,,,
3,,,,,
3,,,,,
3,,,,,
3,,,,,
3,,,,,
3,,,,,
3,,,,,
3,,,,,
2,EV_B4_C3,,,0.0,36.049634843319126
1,EV_B4_C3,11.0,75.0,,
1,EV_B4_C3,10.0,75.0,,
1,EV_B4_C3,9.0,75.0,,
1,EV_B4_C3,8.0,75.0,,
1,EV_B4_C3,7.0,75.0,,
1,EV_B4_C3,6.0,75.0,,
1,EV_B4_C3,5.0,75.0,,
1,EV_B4_C3,4.0,75.0,,
1,EV_B4_C3,3.0,75.0,,
1,EV_B4_C3,2.0,75.0,,
1,EV_B4_C3,1.0,75.0,,
1,EV_B4_C3,0.0,75.0,,
3,,,,,
3,,,,,
3,,,,,
3,,,,,
3,,,,,
3,,,,,
3,,,,,
3,,,,,
3,,,,,
3,,,,,
3,,,,,
3,,,,,
3,,,,,
2,EV_B4_C3,,,0.0,35.435437764820676
1,EV_B4_C3,9.0,75.0,,
1,EV_B4_C3,8.0,75.0,,
1,EV_B4_C3,7.0,75.0,,
1,EV_B4_C3,6.0,75.0,,
1,EV_B4_C3,5.0,75.0,,
1,EV_B4_C3,4.0,75.0,,
1,EV_B4_C3,3.0,75.0,,
1,EV_B4_C3,2.0,75.0,,
1,EV_B4_C3,1.0,75.0,,
1,EV_B4_C3,0.0,75.0,,
3,,,,,
3,,,,,
3,,,,,
3,,,,,
3,,,,,
3,,,,,
3,,,,,
3,,,,,
3,,,,,
3,,,,,
3,,,,,
3,,,,,
3,,,,,
2,EV_B4_C3,,,0.0,32.52265089091875
1,EV_B4_C3,10.0,75.0,,
1,EV_B4_C3,9.0,75.0,,
1,EV_B4_C3,8.0,75.0,,
1,EV_B4_C3,7.0,75.0,,
1,EV_B4_C3,6.0,75.0,,
1,EV_B4_C3,5.0,75.0,,
1,EV_B4_C3,4.0,75.0,,
1,EV_B4_C3,3.0,75.0,,
1,EV_B4_C3,2.0,75.0,,
1,EV_B4_C3,1.0,75.0,,
1,EV_B4_C3,0.0,75.0,,
3,,,,,
3,,,,,
3,,,,,
3,,,,,
3,,,,,
3,,,,,
3,,,,,
3,,,,,
3,,,,,
3,,,,,
3,,,,,
3,,,,,
2,EV_B4_C3,,,0.0,20.231790336808984
1,EV_B4_C3,8.0,75.0,,
1,EV_B4_C3,7.0,75.0,,
1,EV_B4_C3,6.0,75.0,,
1,EV_B4_C3,5.0,75.0,,
1,EV_B4_C3,4.0,75.0,,
1,EV_B4_C3,3.0,75.0,,
1,EV_B4_C3,2.0,75.0,,
1,EV_B4_C3,1.0,75.0,,
1,EV_B4_C3,0.0,75.0,,
3,,,,,
3,,,,,
3,,,,,
3,,,,,
3,,,,,
3,,,,,
3,,,,,
3,,,,,
3,,,,,
3,,,,,
3,,,,,
3,,,,,
3,,,,,
3,,,,,
2,EV_B4_C3,,,0.0,24.112882071895758
1,EV_B4_C3,10.0,75.0,,
1,EV_B4_C3,9.0,75.0,,
1,EV_B4_C3,8.0,75.0,,
1,EV_B4_C3,7.0,75.0,,
1,EV_B4_C3,6.0,75.0,,
1,EV_B4_C3,5.0,75.0,,
1,EV_B4_C3,4.0,75.0,,
1,EV_B4_C3,3.0,75.0,,
1,EV_B4_C3,2.0,75.0,,
1,EV_B4_C3,1.0,75.0,,
1,EV_B4_C3,0.0,75.0,,
3,,,,,
3,,,,,
3,,,,,
3,,,,,
3,,,,,
3,,,,,
3,,,,,
3,,,,,
3,,,,,
3,,,,,
3,,,,,
2,EV_B4_C3,,,0.0,21.015550158618325
1,EV_B4_C3,11.0,75.0,,
1,EV_B4_C3,10.0,75.0,,
1,EV_B4_C3,9.0,75.0,,
1,EV_B4_C3,8.0,75.0,,
1,EV_B4_C3,7.0,75.0,,
1,EV_B4_C3,6.0,75.0,,
1,EV_B4_C3,5.0,75.0,,
1,EV_B4_C3,4.0,75.0,,
1,EV_B4_C3,3.0,75.0,,
1,EV_B4_C3,2.0,75.0,,
1,EV_B4_C3,1.0,75.0,,
1,EV_B4_C3,0.0,75.0,,
3,,,,,
3,,,,,
3,,,,,
3,,,,,
3,,,,,
3,,,,,
3,,,,,
3,,,,,
3,,,,,
3,,,,,
3,,,,,
2,EV_B4_C3,,,0.0,39.14422396110991
1,EV_B4_C3,9.0,75.0,,
1,EV_B4_C3,8.0,75.0,,
1,EV_B4_C3,7.0,75.0,,
1,EV_B4_C3,6.0,75.0,,
1,EV_B4_C3,5.0,75.0,,
1,EV_B4_C3,4.0,75.0,,
1,EV_B4_C3,3.0,75.0,,
1,EV_B4_C3,2.0,75.0,,
1,EV_B4_C3,1.0,75.0,,
1,EV_B4_C3,0.0,75.0,,
3,,,,,
3,,,,,
3,,,,,
3,,,,,
3,,,,,
3,,,,,
3,,,,,
3,,,,,
3,,,,,
3,,,,,
3,,,,,
3,,,,,
3,,,,,
3,,,,,
2,EV_B4_C3,,,0.0,32.36595291428289
1,EV_B4_C3,10.0,75.0,,
1,EV_B4_C3,9.0,75.0,,
1,EV_B4_C3,8.0,75.0,,
1,EV_B4_C3,7.0,75.0,,
1,EV_B4_C3,6.0,75.0,,
1,EV_B4_C3,5.0,75.0,,
1,EV_B4_C3,4.0,75.0,,
1,EV_B4_C3,3.0,75.0,,
1,EV_B4_C3,2.0,75.0,,
1,EV_B4_C3,1.0,75.0,,
1,EV_B4_C3,0.0,75.0,,
3,,,,,
3,,,,,
3,,,,,
3,,,,,
3,,,,,
3,,,,,
3,,,,,
3,,,,,
3,,,,,
3,,,,,
3,,,,,
3,,,,,
3,,,,,
2,EV_B4_C3,,,0.0,23.31603966283318
1,EV_B4_C3,8.0,75.0,,
1,EV_B4_C3,7.0,75.0,,
1,EV_B4_C3,6.0,75.0,,
1,EV_B4_C3,5.0,75.0,,
1,EV_B4_C3,4.0,75.0,,
1,EV_B4_C3,3.0,75.0,,
1,EV_B4_C3,2.0,75.0,,
1,EV_B4_C3,1.0,75.0,,
1,EV_B4_C3,0.0,75.0,,
3,,,,,
3,,,,,
3,,,,,
3,,,,,
3,,,,,
3,,,,,
3,,,,,
3,,,,,
3,,,,,
3,,,,,
3,,,,,
2,EV_B4_C3,,,0.0,27.45969949721227
1,EV_B4_C3,11.0,75.0,,
1,EV_B4_C3,10.0,75.0,,
1,EV_B4_C3,9.0,75.0,,
1,EV_B4_C3,8.0,75.0,,
1,EV_B4_C3,7.0,75.0,,
1,EV_B4_C3,6.0,75.0,,
1,EV_B4_C3,5.0,75.0,,
1,EV_B4_C3,4.0,75.0,,
1,EV_B4_C3,3.0,75.0,,
1,EV_B4_C3,2.0,75.0,,
1,EV_B4_C3,1.0,75.0,,
1,EV_B4_C3,0.0,75.0,,
3,,,,,
3,,,,,
3,,,,,
3,,,,,
3,,,,,
3,,,,,
3,,,,,
3,,,,,
3,,,,,
3,,,,,
3,,,,,
3,,,,,
3,,,,,
3,,,,,
3,,,,,
2,EV_B4_C3,,,0.0,30.091159256083056
1,EV_B4_C3,8.0,75.0,,
1,EV_B4_C3,7.0,75.0,,
1,EV_B4_C3,6.0,75.0,,
1,EV_B4_C3,5.0,75.0,,
1,EV_B4_C3,4.0,75.0,,
1,EV_B4_C3,3.0,75.0,,
1,EV_B4_C3,2.0,75.0,,
1,EV_B4_C3,1.0,75.0,,
1,EV_B4_C3,0.0,75.0,,
3,,,,,
3,,,,,
3,,,,,
3,,,,,
3,,,,,
3,,,,,
3,,,,,
3,,,,,
3,,,,,
3,,,,,
2,EV_B4_C3,,,0.0,31.088694033681914
1,EV_B4_C3,11.0,75.0,,
1,EV_B4_C3,10.0,75.0,,
1,EV_B4_C3,9.0,75.0,,
1,EV_B4_C3,8.0,75.0,,
1,EV_B4_C3,7.0,75.0,,
1,EV_B4_C3,6.0,75.0,,
1,EV_B4_C3,5.0,75.0,,
1,EV_B4_C3,4.0,75.0,,
1,EV_B4_C3,3.0,75.0,,
1,EV_B4_C3,2.0,75.0,,
1,EV_B4_C3,1.0,75.0,,
1,EV_B4_C3,0.0,75.0,,
3,,,,,
3,,,,,
3,,,,,
3,,,,,
3,,,,,
3,,,,,
3,,,,,
3,,,,,
3,,,,,
3,,,,,
3,,,,,
2,EV_B4_C3,,,0.0,24.17733649858116
1,EV_B4_C3,12.0,75.0,,
1,EV_B4_C3,11.0,75.0,,
1,EV_B4_C3,10.0,75.0,,
1,EV_B4_C3,9.0,75.0,,
1,EV_B4_C3,8.0,75.0,,
1,EV_B4_C3,7.0,75.0,,
1,EV_B4_C3,6.0,75.0,,
1,EV_B4_C3,5.0,75.0,,
1,EV_B4_C3,4.0,75.0,,
1,EV_B4_C3,3.0,75.0,,
1,EV_B4_C3,2.0,75.0,,
1,EV_B4_C3,1.0,75.0,,
1,EV_B4_C3,0.0,75.0,,
3,,,,,
3,,,,,
3,,,,,
3,,,,,
3,,,,,
3,,,,,
3,,,,,
3,,,,,
3,,,,,
3,,,,,
3,,,,,
3,,,,,
3,,,,,
3,,,,,
3,,,,,
3,,,,,
3,,,,,
3,,,,,
3,,,,,
3,,,,,
3,,,,,
3,,,,,
3,,,,,
3,,,,,
3,,,,,
3,,,,,
3,,,,,
3,,,,,
3,,,,,
3,,,,,
3,,,,,
3,,,,,
3,,,,,
3,,,,,
3,,,,,
3,,,,,
2,EV_B4_C3,,,0.0,31.765937508326946
1,EV_B4_C3,10.0,75.0,,
1,EV_B4_C3,9.0,75.0,,
1,EV_B4_C3,8.0,75.0,,
1,EV_B4_C3,7.0,75.0,,
1,EV_B4_C3,6.0,75.0,,
1,EV_B4_C3,5.0,75.0,,
1,EV_B4_C3,4.0,75.0,,
1,EV_B4_C3,3.0,75.0,,
1,EV_B4_C3,2.0,75.0,,
1,EV_B4_C3,1.0,75.0,,
1,EV_B4_C3,0.0,75.0,,
3,,,,,
3,,,,,
3,,,,,
3,,,,,
3,,,,,
3,,,,,
3,,,,,
3,,,,,
3,,,,,
3,,,,,
3,,,,,
3,,,,,
3,,,,,
2,EV_B4_C3,,,0.0,36.754244282190044
1,EV_B4_C3,9.0,75.0,,
1,EV_B4_C3,8.0,75.0,,
1,EV_B4_C3,7.0,75.0,,
1,EV_B4_C3,6.0,75.0,,
1,EV_B4_C3,5.0,75.0,,
1,EV_B4_C3,4.0,75.0,,
1,EV_B4_C3,3.0,75.0,,
1,EV_B4_C3,2.0,75.0,,
1,EV_B4_C3,1.0,75.0,,
1,EV_B4_C3,0.0,75.0,,
3,,,,,
3,,,,,
3,,,,,
3,,,,,
3,,,,,
3,,,,,
3,,,,,
3,,,,,
3,,,,,
3,,,,,
3,,,,,
2,EV_B4_C3,,,0.0,23.18615188435471
1,EV_B4_C3,10.0,75.0,,
1,EV_B4_C3,9.0,75.0,,
1,EV_B4_C3,8.0,75.0,,
1,EV_B4_C3,7.0,75.0,,
1,EV_B4_C3,6.0,75.0,,
1,EV_B4_C3,5.0,75.0,,
1,EV_B4_C3,4.0,75.0,,
1,EV_B4_C3,3.0,75.0,,
1,EV_B4_C3,2.0,75.0,,
1,EV_B4_C3,1.0,75.0,,
1,EV_B4_C3,0.0,75.0,,
3,,,,,
3,,,,,
3,,,,,
3,,,,,
3,,,,,
3,,,,,
3,,,,,
3,,,,,
3,,,,,
3,,,,,
3,,,,,
3,,,,,
3,,,,,
2,EV_B4_C3,,,0.0,35.40332646269641
1,EV_B4_C3,9.0,75.0,,
1,EV_B4_C3,8.0,75.0,,
1,EV_B4_C3,7.0,75.0,,
1,EV_B4_C3,6.0,75.0,,
1,EV_B4_C3,5.0,75.0,,
1,EV_B4_C3,4.0,75.0,,
1,EV_B4_C3,3.0,75.0,,
1,EV_B4_C3,2.0,75.0,,
1,EV_B4_C3,1.0,75.0,,
1,EV_B4_C3,0.0,75.0,,
3,,,,,
3,,,,,
3,,,,,
3,,,,,
3,,,,,
3,,,,,
3,,,,,
3,,,,,
3,,,,,
3,,,,,
3,,,,,
3,,,,,
3,,,,,
3,,,,,
3,,,,,
3,,,,,
3,,,,,
3,,,,,
3,,,,,
3,,,,,
3,,,,,
3,,,,,
3,,,,,
3,,,,,
3,,,,,
3,,,,,
3,,,,,
3,,,,,
3,,,,,
3,,,,,
3,,,,,
3,,,,,
3,,,,,
3,,,,,
3,,,,,
2,EV_B4_C3,,,0.0,39.70682508035489
1,EV_B4_C3,12.0,75.0,,
1,EV_B4_C3,11.0,75.0,,
1,EV_B4_C3,10.0,75.0,,
1,EV_B4_C3,9.0,75.0,,
1,EV_B4_C3,8.0,75.0,,
1,EV_B4_C3,7.0,75.0,,
1,EV_B4_C3,6.0,75.0,,
1,EV_B4_C3,5.0,75.0,,
1,EV_B4_C3,4.0,75.0,,
1,EV_B4_C3,3.0,75.0,,
1,EV_B4_C3,2.0,75.0,,
1,EV_B4_C3,1.0,75.0,,
1,EV_B4_C3,0.0,75.0,,
3,,,,,
3,,,,,
3,,,,,
3,,,,,
3,,,,,
3,,,,,
3,,,,,
3,,,,,
3,,,,,
3,,,,,
3,,,,,
2,EV_B4_C3,,,0.0,37.681514555774676
1,EV_B4_C3,11.0,75.0,,
1,EV_B4_C3,10.0,75.0,,
1,EV_B4_C3,9.0,75.0,,
1,EV_B4_C3,8.0,75.0,,
1,EV_B4_C3,7.0,75.0,,
1,EV_B4_C3,6.0,75.0,,
1,EV_B4_C3,5.0,75.0,,
1,EV_B4_C3,4.0,75.0,,
1,EV_B4_C3,3.0,75.0,,
1,EV_B4_C3,2.0,75.0,,
1,EV_B4_C3,1.0,75.0,,
1,EV_B4_C3,0.0,75.0,,
3,,,,,
3,,,,,
3,,,,,
3,,,,,
3,,,,,
3,,,,,
3,,,,,
3,,,,,
3,,,,,
2,EV_B4_C3,,,0.0,28.765895736457097
1,EV_B4_C3,13.0,75.0,,
1,EV_B4_C3,12.0,75.0,,
1,EV_B4_C3,11.0,75.0,,
1,EV_B4_C3,10.0,75.0,,
1,EV_B4_C3,9.0,75.0,,
1,EV_B4_C3,8.0,75.0,,
1,EV_B4_C3,7.0,75.0,,
1,EV_B4_C3,6.0,75.0,,
1,EV_B4_C3,5.0,75.0,,
1,EV_B4_C3,4.0,75.0,,
1,EV_B4_C3,3.0,75.0,,
1,EV_B4_C3,2.0,75.0,,
1,EV_B4_C3,1.0,75.0,,
1,EV_B4_C3,0.0,75.0,,
3,,,,,
3,,,,,
3,,,,,
3,,,,,
3,,,,,
3,,,,,
3,,,,,
3,,,,,
3,,,,,
3,,,,,
3,,,,,
2,EV_B4_C3,,,0.0,36.39602335089207
1,EV_B4_C3,11.0,75.0,,
1,EV_B4_C3,10.0,75.0,,
1,EV_B4_C3,9.0,75.0,,
1,EV_B4_C3,8.0,75.0,,
1,EV_B4_C3,7.0,75.0,,
1,EV_B4_C3,6.0,75.0,,
1,EV_B4_C3,5.0,75.0,,
1,EV_B4_C3,4.0,75.0,,
1,EV_B4_C3,3.0,75.0,,
1,EV_B4_C3,2.0,75.0,,
1,EV_B4_C3,1.0,75.0,,
1,EV_B4_C3,0.0,75.0,,
3,,,,,
3,,,,,
3,,,,,
3,,,,,
3,,,,,
3,,,,,
3,,,,,
3,,,,,
3,,,,,
3,,,,,
3,,,,,
3,,,,,
2,EV_B4_C3,,,0.0,33.16783304452513
1,EV_B4_C3,10.0,75.0,,
1,EV_B4_C3,9.0,75.0,,
1,EV_B4_C3,8.0,75.0,,
1,EV_B4_C3,7.0,75.0,,
1,EV_B4_C3,6.0,75.0,,
1,EV_B4_C3,5.0,75.0,,
1,EV_B4_C3,4.0,75.0,,
1,EV_B4_C3,3.0,75.0,,
1,EV_B4_C3,2.0,75.0,,
1,EV_B4_C3,1.0,75.0,,
1,EV_B4_C3,0.0,75.0,,
3,,,,,
3,,,,,
3,,,,,
3,,,,,
3,,,,,
3,,,,,
3,,,,,
3,,,,,
3,,,,,
3,,,,,
3,,,,,
2,EV_B4_C3,,,0.0,37.136311574097135
1,EV_B4_C3,11.0,75.0,,
1,EV_B4_C3,10.0,75.0,,
1,EV_B4_C3,9.0,75.0,,
1,EV_B4_C3,8.0,75.0,,
1,EV_B4_C3,7.0,75.0,,
1,EV_B4_C3,6.0,75.0,,
1,EV_B4_C3,5.0,75.0,,
1,EV_B4_C3,4.0,75.0,,
1,EV_B4_C3,3.0,75.0,,
1,EV_B4_C3,2.0,75.0,,
1,EV_B4_C3,1.0,75.0,,
1,EV_B4_C3,0.0,75.0,,
3,,,,,
3,,,,,
3,,,,,
3,,,,,
3,,,,,
3,,,,,
3,,,,,
3,,,,,
3,,,,,
3,,,,,
3,,,,,
3,,,,,
2,EV_B4_C3,,,0.0,38.07232369782641
1,EV_B4_C3,10.0,75.0,,
1,EV_B4_C3,9.0,75.0,,
1,EV_B4_C3,8.0,75.0,,
1,EV_B4_C3,7.0,75.0,,
1,EV_B4_C3,6.0,75.0,,
1,EV_B4_C3,5.0,75.0,,
1,EV_B4_C3,4.0,75.0,,
1,EV_B4_C3,3.0,75.0,,
1,EV_B4_C3,2.0,75.0,,
1,EV_B4_C3,1.0,75.0,,
1,EV_B4_C3,0.0,75.0,,
3,,,,,
3,,,,,
3,,,,,
3,,,,,
3,,,,,
3,,,,,
3,,,,,
3,,,,,
3,,,,,
3,,,,,
3,,,,,
3,,,,,
3,,,,,
3,,,,,
2,EV_B4_C3,,,0.0,30.27871805058502
1,EV_B4_C3,7.0,75.0,,
1,EV_B4_C3,6.0,75.0,,
1,EV_B4_C3,5.0,75.0,,
1,EV_B4_C3,4.0,75.0,,
1,EV_B4_C3,3.0,75.0,,
1,EV_B4_C3,2.0,75.0,,
1,EV_B4_C3,1.0,75.0,,
1,EV_B4_C3,0.0,75.0,,
3,,,,,
3,,,,,
3,,,,,
3,,,,,
3,,,,,
3,,,,,
3,,,,,
3,,,,,
3,,,,,
3,,,,,
3,,,,,
3,,,,,
3,,,,,
3,,,,,
2,EV_B4_C3,,,0.0,35.34834513698325
1,EV_B4_C3,8.0,75.0,,
1,EV_B4_C3,7.0,75.0,,
1,EV_B4_C3,6.0,75.0,,
1,EV_B4_C3,5.0,75.0,,
1,EV_B4_C3,4.0,75.0,,
1,EV_B4_C3,3.0,75.0,,
1,EV_B4_C3,2.0,75.0,,
1,EV_B4_C3,1.0,75.0,,
1,EV_B4_C3,0.0,75.0,,
3,,,,,
3,,,,,
3,,,,,
3,,,,,
3,,,,,
3,,,,,
3,,,,,
3,,,,,
3,,,,,
3,,,,,
3,,,,,
2,EV_B4_C3,,,0.0,26.051400605451157
1,EV_B4_C3,11.0,75.0,,
1,EV_B4_C3,10.0,75.0,,
1,EV_B4_C3,9.0,75.0,,
1,EV_B4_C3,8.0,75.0,,
1,EV_B4_C3,7.0,75.0,,
1,EV_B4_C3,6.0,75.0,,
1,EV_B4_C3,5.0,75.0,,
1,EV_B4_C3,4.0,75.0,,
1,EV_B4_C3,3.0,75.0,,
1,EV_B4_C3,2.0,75.0,,
1,EV_B4_C3,1.0,75.0,,
1,EV_B4_C3,0.0,75.0,,
3,,,,,
3,,,,,
3,,,,,
3,,,,,
3,,,,,
3,,,,,
3,,,,,
3,,,,,
3,,,,,
3,,,,,
3,,,,,
3,,,,,
3,,,,,
3,,,,,
3,,,,,
3,,,,,
3,,,,,
3,,,,,
3,,,,,
3,,,,,
3,,,,,
3,,,,,
3,,,,,
3,,,,,
3,,,,,
3,,,,,
3,,,,,
3,,,,,
3,,,,,
3,,,,,
3,,,,,
3,,,,,
3,,,,,
3,,,,,
3,,,,,
3,,,,,
3,,,,,
2,EV_B4_C3,,,0.0,26.734885120846023
1,EV_B4_C3,10.0,75.0,,
1,EV_B4_C3,9.0,75.0,,
1,EV_B4_C3,8.0,75.0,,
1,EV_B4_C3,7.0,75.0,,
1,EV_B4_C3,6.0,75.0,,
1,EV_B4_C3,5.0,75.0,,
1,EV_B4_C3,4.0,75.0,,
1,EV_B4_C3,3.0,75.0,,
1,EV_B4_C3,2.0,75.0,,
1,EV_B4_C3,1.0,75.0,,
1,EV_B4_C3,0.0,75.0,,
3,,,,,
3,,,,,
3,,,,,
3,,,,,
3,,,,,
3,,,,,
3,,,,,
3,,,,,
3,,,,,
3,,,,,
3,,,,,
3,,,,,
2,EV_B4_C3,,,0.0,34.889280671647285
1,EV_B4_C3,9.0,75.0,,
1,EV_B4_C3,8.0,75.0,,
1,EV_B4_C3,7.0,75.0,,
1,EV_B4_C3,6.0,75.0,,
1,EV_B4_C3,5.0,75.0,,
1,EV_B4_C3,4.0,75.0,,
1,EV_B4_C3,3.0,75.0,,
1,EV_B4_C3,2.0,75.0,,
1,EV_B4_C3,1.0,75.0,,
1,EV_B4_C3,0.0,75.0,,
3,,,,,
3,,,,,
3,,,,,
3,,,,,
3,,,,,
3,,,,,
3,,,,,
3,,,,,
3,,,,,
3,,,,,
3,,,,,
3,,,,,
2,EV_B4_C3,,,0.0,34.21391769444615
1,EV_B4_C3,11.0,75.0,,
1,EV_B4_C3,10.0,75.0,,
1,EV_B4_C3,9.0,75.0,,
1,EV_B4_C3,8.0,75.0,,
1,EV_B4_C3,7.0,75.0,,
1,EV_B4_C3,6.0,75.0,,
1,EV_B4_C3,5.0,75.0,,
1,EV_B4_C3,4.0,75.0,,
1,EV_B4_C3,3.0,75.0,,
1,EV_B4_C3,2.0,75.0,,
1,EV_B4_C3,1.0,75.0,,
1,EV_B4_C3,0.0,75.0,,
3,,,,,
3,,,,,
3,,,,,
3,,,,,
3,,,,,
3,,,,,
3,,,,,
3,,,,,
3,,,,,
3,,,,,
3,,,,,
3,,,,,
2,EV_B4_C3,,,0.0,36.14455470455624
1,EV_B4_C3,10.0,75.0,,
1,EV_B4_C3,9.0,75.0,,
1,EV_B4_C3,8.0,75.0,,
1,EV_B4_C3,7.0,75.0,,
1,EV_B4_C3,6.0,75.0,,
1,EV_B4_C3,5.0,75.0,,
1,EV_B4_C3,4.0,75.0,,
1,EV_B4_C3,3.0,75.0,,
1,EV_B4_C3,2.0,75.0,,
1,EV_B4_C3,1.0,75.0,,
1,EV_B4_C3,0.0,75.0,,
3,,,,,
3,,,,,
3,,,,,
3,,,,,
3,,,,,
3,,,,,
3,,,,,
3,,,,,
3,,,,,
3,,,,,
3,,,,,
2,EV_B4_C3,,,0.0,28.012957850419696
1,EV_B4_C3,11.0,75.0,,
1,EV_B4_C3,10.0,75.0,,
1,EV_B4_C3,9.0,75.0,,
1,EV_B4_C3,8.0,75.0,,
1,EV_B4_C3,7.0,75.0,,
1,EV_B4_C3,6.0,75.0,,
1,EV_B4_C3,5.0,75.0,,
1,EV_B4_C3,4.0,75.0,,
1,EV_B4_C3,3.0,75.0,,
1,EV_B4_C3,2.0,75.0,,
1,EV_B4_C3,1.0,75.0,,
1,EV_B4_C3,0.0,75.0,,
3,,,,,
3,,,,,
3,,,,,
3,,,,,
3,,,,,
3,,,,,
3,,,,,
3,,,,,
3,,,,,
3,,,,,
3,,,,,
2,EV_B4_C3,,,0.0,21.95833560136841
1,EV_B4_C3,10.0,75.0,,
1,EV_B4_C3,9.0,75.0,,
1,EV_B4_C3,8.0,75.0,,
1,EV_B4_C3,7.0,75.0,,
1,EV_B4_C3,6.0,75.0,,
1,EV_B4_C3,5.0,75.0,,
1,EV_B4_C3,4.0,75.0,,
1,EV_B4_C3,3.0,75.0,,
1,EV_B4_C3,2.0,75.0,,
1,EV_B4_C3,1.0,75.0,,
1,EV_B4_C3,0.0,75.0,,
3,,,,,
3,,,,,
3,,,,,
3,,,,,
3,,,,,
3,,,,,
3,,,,,
3,,,,,
3,,,,,
3,,,,,
3,,,,,
3,,,,,
3,,,,,
2,EV_B4_C3,,,0.0,30.910100037824083
1,EV_B4_C3,9.0,75.0,,
1,EV_B4_C3,8.0,75.0,,
1,EV_B4_C3,7.0,75.0,,
1,EV_B4_C3,6.0,75.0,,
1,EV_B4_C3,5.0,75.0,,
1,EV_B4_C3,4.0,75.0,,
1,EV_B4_C3,3.0,75.0,,
1,EV_B4_C3,2.0,75.0,,
1,EV_B4_C3,1.0,75.0,,
1,EV_B4_C3,0.0,75.0,,
3,,,,,
3,,,,,
3,,,,,
3,,,,,
3,,,,,
3,,,,,
3,,,,,
3,,,,,
3,,,,,
3,,,,,
3,,,,,
3,,,,,
2,EV_B4_C3,,,0.0,38.79199712641934
1,EV_B4_C3,11.0,75.0,,
1,EV_B4_C3,10.0,75.0,,
1,EV_B4_C3,9.0,75.0,,
1,EV_B4_C3,8.0,75.0,,
1,EV_B4_C3,7.0,75.0,,
1,EV_B4_C3,6.0,75.0,,
1,EV_B4_C3,5.0,75.0,,
1,EV_B4_C3,4.0,75.0,,
1,EV_B4_C3,3.0,75.0,,
1,EV_B4_C3,2.0,75.0,,
1,EV_B4_C3,1.0,75.0,,
1,EV_B4_C3,0.0,75.0,,
3,,,,,
3,,,,,
3,,,,,
3,,,,,
3,,,,,
3,,,,,
3,,,,,
3,,,,,
3,,,,,
3,,,,,
3,,,,,
3,,,,,
2,EV_B4_C3,,,0.0,33.16644067380347
1,EV_B4_C3,10.0,75.0,,
1,EV_B4_C3,9.0,75.0,,
1,EV_B4_C3,8.0,75.0,,
1,EV_B4_C3,7.0,75.0,,
1,EV_B4_C3,6.0,75.0,,
1,EV_B4_C3,5.0,75.0,,
1,EV_B4_C3,4.0,75.0,,
1,EV_B4_C3,3.0,75.0,,
1,EV_B4_C3,2.0,75.0,,
1,EV_B4_C3,1.0,75.0,,
1,EV_B4_C3,0.0,75.0,,
3,,,,,
3,,,,,
3,,,,,
3,,,,,
3,,,,,
3,,,,,
3,,,,,
3,,,,,
3,,,,,
3,,,,,
3,,,,,
3,,,,,
3,,,,,
2,EV_B4_C3,,,0.0,39.965985710800275
1,EV_B4_C3,8.0,75.0,,
1,EV_B4_C3,7.0,75.0,,
1,EV_B4_C3,6.0,75.0,,
1,EV_B4_C3,5.0,75.0,,
1,EV_B4_C3,4.0,75.0,,
1,EV_B4_C3,3.0,75.0,,
1,EV_B4_C3,2.0,75.0,,
1,EV_B4_C3,1.0,75.0,,
1,EV_B4_C3,0.0,75.0,,
3,,,,,
3,,,,,
3,,,,,
3,,,,,
3,,,,,
3,,,,,
3,,,,,
3,,,,,
3,,,,,
3,,,,,
3,,,,,
3,,,,,
2,EV_B4_C3,,,0.0,23.15977324287176
1,EV_B4_C3,11.0,75.0,,
1,EV_B4_C3,10.0,75.0,,
1,EV_B4_C3,9.0,75.0,,
1,EV_B4_C3,8.0,75.0,,
1,EV_B4_C3,7.0,75.0,,
1,EV_B4_C3,6.0,75.0,,
1,EV_B4_C3,5.0,75.0,,
1,EV_B4_C3,4.0,75.0,,
1,EV_B4_C3,3.0,75.0,,
1,EV_B4_C3,2.0,75.0,,
1,EV_B4_C3,1.0,75.0,,
1,EV_B4_C3,0.0,75.0,,
3,,,,,
3,,,,,
3,,,,,
3,,,,,
3,,,,,
3,,,,,
3,,,,,
3,,,,,
3,,,,,
3,,,,,
2,EV_B4_C3,,,0.0,28.396480406939073
1,EV_B4_C3,11.0,75.0,,
1,EV_B4_C3,10.0,75.0,,
1,EV_B4_C3,9.0,75.0,,
1,EV_B4_C3,8.0,75.0,,
1,EV_B4_C3,7.0,75.0,,
1,EV_B4_C3,6.0,75.0,,
1,EV_B4_C3,5.0,75.0,,
1,EV_B4_C3,4.0,75.0,,
1,EV_B4_C3,3.0,75.0,,
1,EV_B4_C3,2.0,75.0,,
1,EV_B4_C3,1.0,75.0,,
1,EV_B4_C3,0.0,75.0,,
3,,,,,
3,,,,,
3,,,,,
3,,,,,
3,,,,,
3,,,,,
3,,,,,
3,,,,,
3,,,,,
3,,,,,
3,,,,,
2,EV_B4_C3,,,0.0,27.514632208431223
1,EV_B4_C3,12.0,75.0,,
1,EV_B4_C3,11.0,75.0,,
1,EV_B4_C3,10.0,75.0,,
1,EV_B4_C3,9.0,75.0,,
1,EV_B4_C3,8.0,75.0,,
1,EV_B4_C3,7.0,75.0,,
1,EV_B4_C3,6.0,75.0,,
1,EV_B4_C3,5.0,75.0,,
1,EV_B4_C3,4.0,75.0,,
1,EV_B4_C3,3.0,75.0,,
1,EV_B4_C3,2.0,75.0,,
1,EV_B4_C3,1.0,75.0,,
1,EV_B4_C3,0.0,75.0,,
3,,,,,
3,,,,,
3,,,,,
3,,,,,
3,,,,,
3,,,,,
3,,,,,
3,,,,,
3,,,,,
3,,,,,
3,,,,,
2,EV_B4_C3,,,0.0,39.48026319635801
1,EV_B4_C3,10.0,75.0,,
1,EV_B4_C3,9.0,75.0,,
1,EV_B4_C3,8.0,75.0,,
1,EV_B4_C3,7.0,75.0,,
1,EV_B4_C3,6.0,75.0,,
1,EV_B4_C3,5.0,75.0,,
1,EV_B4_C3,4.0,75.0,,
1,EV_B4_C3,3.0,75.0,,
1,EV_B4_C3,2.0,75.0,,
1,EV_B4_C3,1.0,75.0,,
1,EV_B4_C3,0.0,75.0,,
3,,,,,
3,,,,,
3,,,,,
3,,,,,
3,,,,,
3,,,,,
3,,,,,
3,,,,,
3,,,,,
3,,,,,
3,,,,,
3,,,,,
3,,,,,
3,,,,,
2,EV_B4_C3,,,0.0,39.38018028273277
1,EV_B4_C3,8.0,75.0,,
1,EV_B4_C3,7.0,75.0,,
1,EV_B4_C3,6.0,75.0,,
1,EV_B4_C3,5.0,75.0,,
1,EV_B4_C3,4.0,75.0,,
1,EV_B4_C3,3.0,75.0,,
1,EV_B4_C3,2.0,75.0,,
1,EV_B4_C3,1.0,75.0,,
1,EV_B4_C3,0.0,75.0,,
3,,,,,
3,,,,,
3,,,,,
3,,,,,
3,,,,,
3,,,,,
3,,,,,
3,,,,,
3,,,,,
3,,,,,
3,,,,,
3,,,,,
3,,,,,
3,,,,,
2,EV_B4_C3,,,0.0,38.99833518673093
1,EV_B4_C3,9.0,75.0,,
1,EV_B4_C3,8.0,75.0,,
1,EV_B4_C3,7.0,75.0,,
1,EV_B4_C3,6.0,75.0,,
1,EV_B4_C3,5.0,75.0,,
1,EV_B4_C3,4.0,75.0,,
1,EV_B4_C3,3.0,75.0,,
1,EV_B4_C3,2.0,75.0,,
1,EV_B4_C3,1.0,75.0,,
1,EV_B4_C3,0.0,75.0,,
3,,,,,
3,,,,,
3,,,,,
3,,,,,
3,,,,,
3,,,,,
3,,,,,
3,,,,,
3,,,,,
3,,,,,
2,EV_B4_C3,,,0.0,20.20928463681449
1,EV_B4_C3,12.0,75.0,,
1,EV_B4_C3,11.0,75.0,,
1,EV_B4_C3,10.0,75.0,,
1,EV_B4_C3,9.0,75.0,,
1,EV_B4_C3,8.0,75.0,,
1,EV_B4_C3,7.0,75.0,,
1,EV_B4_C3,6.0,75.0,,
1,EV_B4_C3,5.0,75.0,,
1,EV_B4_C3,4.0,75.0,,
1,EV_B4_C3,3.0,75.0,,
1,EV_B4_C3,2.0,75.0,,
1,EV_B4_C3,1.0,75.0,,
1,EV_B4_C3,0.0,75.0,,
3,,,,,
3,,,,,
3,,,,,
3,,,,,
3,,,,,
3,,,,,
3,,,,,
3,,,,,
3,,,,,
3,,,,,
3,,,,,
2,EV_B4_C3,,,0.0,22.475605469167657
1,EV_B4_C3,10.0,75.0,,
1,EV_B4_C3,9.0,75.0,,
1,EV_B4_C3,8.0,75.0,,
1,EV_B4_C3,7.0,75.0,,
1,EV_B4_C3,6.0,75.0,,
1,EV_B4_C3,5.0,75.0,,
1,EV_B4_C3,4.0,75.0,,
1,EV_B4_C3,3.0,75.0,,
1,EV_B4_C3,2.0,75.0,,
1,EV_B4_C3,1.0,75.0,,
1,EV_B4_C3,0.0,75.0,,
3,,,,,
3,,,,,
3,,,,,
3,,,,,
3,,,,,
3,,,,,
3,,,,,
3,,,,,
3,,,,,
3,,,,,
3,,,,,
2,EV_B4_C3,,,0.0,29.840018543541774
1,EV_B4_C3,12.0,75.0,,
1,EV_B4_C3,11.0,75.0,,
1,EV_B4_C3,10.0,75.0,,
1,EV_B4_C3,9.0,75.0,,
1,EV_B4_C3,8.0,75.0,,
1,EV_B4_C3,7.0,75.0,,
1,EV_B4_C3,6.0,75.0,,
1,EV_B4_C3,5.0,75.0,,
1,EV_B4_C3,4.0,75.0,,
1,EV_B4_C3,3.0,75.0,,
1,EV_B4_C3,2.0,75.0,,
1,EV_B4_C3,1.0,75.0,,
1,EV_B4_C3,0.0,75.0,,
3,,,,,
3,,,,,
3,,,,,
3,,,,,
3,,,,,
3,,,,,
3,,,,,
3,,,,,
3,,,,,
3,,,,,
2,EV_B4_C3,,,0.0,39.99053489835358
1,EV_B4_C3,11.0,75.0,,
1,EV_B4_C3,10.0,75.0,,
1,EV_B4_C3,9.0,75.0,,
1,EV_B4_C3,8.0,75.0,,
1,EV_B4_C3,7.0,75.0,,
1,EV_B4_C3,6.0,75.0,,
1,EV_B4_C3,5.0,75.0,,
1,EV_B4_C3,4.0,75.0,,
1,EV_B4_C3,3.0,75.0,,
1,EV_B4_C3,2.0,75.0,,
1,EV_B4_C3,1.0,75.0,,
1,EV_B4_C3,0.0,75.0,,
3,,,,,
3,,,,,
3,,,,,
3,,,,,
3,,,,,
3,,,,,
3,,,,,
3,,,,,
3,,,,,
3,,,,,
3,,,,,
3,,,,,
3,,,,,
3,,,,,
3,,,,,
3,,,,,
3,,,,,
3,,,,,
3,,,,,
3,,,,,
3,,,,,
3,,,,,
3,,,,,
3,,,,,
3,,,,,
3,,,,,
3,,,,,
3,,,,,
3,,,,,
3,,,,,
3,,,,,
3,,,,,
3,,,,,
3,,,,,
3,,,,,
3,,,,,
3,,,,,
2,EV_B4_C3,,,0.0,29.306142489217052
1,EV_B4_C3,9.0,75.0,,
1,EV_B4_C3,8.0,75.0,,
1,EV_B4_C3,7.0,75.0,,
1,EV_B4_C3,6.0,75.0,,
1,EV_B4_C3,5.0,75.0,,
1,EV_B4_C3,4.0,75.0,,
1,EV_B4_C3,3.0,75.0,,
1,EV_B4_C3,2.0,75.0,,
1,EV_B4_C3,1.0,75.0,,
1,EV_B4_C3,0.0,75.0,,
3,,,,,
3,,,,,
3,,,,,
3,,,,,
3,,,,,
3,,,,,
3,,,,,
3,,,,,
3,,,,,
3,,,,,
3,,,,,
3,,,,,
2,EV_B4_C3,,,0.0,26.8952806057081
1,EV_B4_C3,11.0,75.0,,
1,EV_B4_C3,10.0,75.0,,
1,EV_B4_C3,9.0,75.0,,
1,EV_B4_C3,8.0,75.0,,
1,EV_B4_C3,7.0,75.0,,
1,EV_B4_C3,6.0,75.0,,
1,EV_B4_C3,5.0,75.0,,
1,EV_B4_C3,4.0,75.0,,
1,EV_B4_C3,3.0,75.0,,
1,EV_B4_C3,2.0,75.0,,
1,EV_B4_C3,1.0,75.0,,
1,EV_B4_C3,0.0,75.0,,
3,,,,,
3,,,,,
3,,,,,
3,,,,,
3,,,,,
3,,,,,
3,,,,,
3,,,,,
3,,,,,
3,,,,,
3,,,,,
2,EV_B4_C3,,,0.0,29.361158242981677
1,EV_B4_C3,10.0,75.0,,
1,EV_B4_C3,9.0,75.0,,
1,EV_B4_C3,8.0,75.0,,
1,EV_B4_C3,7.0,75.0,,
1,EV_B4_C3,6.0,75.0,,
1,EV_B4_C3,5.0,75.0,,
1,EV_B4_C3,4.0,75.0,,
1,EV_B4_C3,3.0,75.0,,
1,EV_B4_C3,2.0,75.0,,
1,EV_B4_C3,1.0,75.0,,
1,EV_B4_C3,0.0,75.0,,
3,,,,,
3,,,,,
3,,,,,
3,,,,,
3,,,,,
3,,,,,
3,,,,,
3,,,,,
3,,,,,
3,,,,,
3,,,,,
3,,,,,
3,,,,,
2,EV_B4_C3,,,0.0,26.357469495387708
1,EV_B4_C3,9.0,75.0,,
1,EV_B4_C3,8.0,75.0,,
1,EV_B4_C3,7.0,75.0,,
1,EV_B4_C3,6.0,75.0,,
1,EV_B4_C3,5.0,75.0,,
1,EV_B4_C3,4.0,75.0,,
1,EV_B4_C3,3.0,75.0,,
1,EV_B4_C3,2.0,75.0,,
1,EV_B4_C3,1.0,75.0,,
1,EV_B4_C3,0.0,75.0,,
3,,,,,
3,,,,,
3,,,,,
3,,,,,
3,,,,,
3,,,,,
3,,,,,
3,,,,,
3,,,,,
3,,,,,
3,,,,,
2,EV_B4_C3,,,0.0,39.930439481246474
1,EV_B4_C3,12.0,75.0,,
1,EV_B4_C3,11.0,75.0,,
1,EV_B4_C3,10.0,75.0,,
1,EV_B4_C3,9.0,75.0,,
1,EV_B4_C3,8.0,75.0,,
1,EV_B4_C3,7.0,75.0,,
1,EV_B4_C3,6.0,75.0,,
1,EV_B4_C3,5.0,75.0,,
1,EV_B4_C3,4.0,75.0,,
1,EV_B4_C3,3.0,75.0,,
1,EV_B4_C3,2.0,75.0,,
1,EV_B4_C3,1.0,75.0,,
1,EV_B4_C3,0.0,75.0,,
3,,,,,
3,,,,,
3,,,,,
3,,,,,
3,,,,,
3,,,,,
3,,,,,
3,,,,,
3,,,,,
3,,,,,
3,,,,,
2,EV_B4_C3,,,0.0,30.60748475128856
1,EV_B4_C3,10.0,75.0,,
1,EV_B4_C3,9.0,75.0,,
1,EV_B4_C3,8.0,75.0,,
1,EV_B4_C3,7.0,75.0,,
1,EV_B4_C3,6.0,75.0,,
1,EV_B4_C3,5.0,75.0,,
1,EV_B4_C3,4.0,75.0,,
1,EV_B4_C3,3.0,75.0,,
1,EV_B4_C3,2.0,75.0,,
1,EV_B4_C3,1.0,75.0,,
1,EV_B4_C3,0.0,75.0,,
3,,,,,
3,,,,,
3,,,,,
3,,,,,
3,,,,,
3,,,,,
3,,,,,
3,,,,,
3,,,,,
3,,,,,
2,EV_B4_C3,,,0.0,35.33548811383117
1,EV_B4_C3,13.0,75.0,,
1,EV_B4_C3,12.0,75.0,,
1,EV_B4_C3,11.0,75.0,,
1,EV_B4_C3,10.0,75.0,,
1,EV_B4_C3,9.0,75.0,,
1,EV_B4_C3,8.0,75.0,,
1,EV_B4_C3,7.0,75.0,,
1,EV_B4_C3,6.0,75.0,,
1,EV_B4_C3,5.0,75.0,,
1,EV_B4_C3,4.0,75.0,,
1,EV_B4_C3,3.0,75.0,,
1,EV_B4_C3,2.0,75.0,,
1,EV_B4_C3,1.0,75.0,,
1,EV_B4_C3,0.0,75.0,,
3,,,,,
3,,,,,
3,,,,,
3,,,,,
3,,,,,
3,,,,,
3,,,,,
3,,,,,
3,,,,,
3,,,,,
3,,,,,
3,,,,,
2,EV_B4_C3,,,0.0,38.502431114982244
1,EV_B4_C3,10.0,75.0,,
1,EV_B4_C3,9.0,75.0,,
1,EV_B4_C3,8.0,75.0,,
1,EV_B4_C3,7.0,75.0,,
1,EV_B4_C3,6.0,75.0,,
1,EV_B4_C3,5.0,75.0,,
1,EV_B4_C3,4.0,75.0,,
1,EV_B4_C3,3.0,75.0,,
1,EV_B4_C3,2.0,75.0,,
1,EV_B4_C3,1.0,75.0,,
1,EV_B4_C3,0.0,75.0,,
3,,,,,
3,,,,,
3,,,,,
3,,,,,
3,,,,,
3,,,,,
3,,,,,
3,,,,,
3,,,,,
3,,,,,
3,,,,,
2,EV_B4_C3,,,0.0,36.418857174824524
1,EV_B4_C3,11.0,75.0,,
1,EV_B4_C3,10.0,75.0,,
1,EV_B4_C3,9.0,75.0,,
1,EV_B4_C3,8.0,75.0,,
1,EV_B4_C3,7.0,75.0,,
1,EV_B4_C3,6.0,75.0,,
1,EV_B4_C3,5.0,75.0,,
1,EV_B4_C3,4.0,75.0,,
1,EV_B4_C3,3.0,75.0,,
1,EV_B4_C3,2.0,75.0,,
1,EV_B4_C3,1.0,75.0,,
1,EV_B4_C3,0.0,75.0,,
3,,,,,
3,,,,,
3,,,,,
3,,,,,
3,,,,,
3,,,,,
3,,,,,
3,,,,,
3,,,,,
3,,,,,
3,,,,,
3,,,,,
2,EV_B4_C3,,,0.0,29.14743802871318
1,EV_B4_C3,10.0,75.0,,
1,EV_B4_C3,9.0,75.0,,
1,EV_B4_C3,8.0,75.0,,
1,EV_B4_C3,7.0,75.0,,
1,EV_B4_C3,6.0,75.0,,
1,EV_B4_C3,5.0,75.0,,
1,EV_B4_C3,4.0,75.0,,
1,EV_B4_C3,3.0,75.0,,
1,EV_B4_C3,2.0,75.0,,
1,EV_B4_C3,1.0,75.0,,
1,EV_B4_C3,0.0,75.0,,
3,,,,,
3,,,,,
3,,,,,
3,,,,,
3,,,,,
3,,,,,
3,,,,,
3,,,,,
3,,,,,
3,,,,,
2,EV_B4_C3,,,0.0,26.722149335543666
1,EV_B4_C3,11.0,75.0,,
1,EV_B4_C3,10.0,75.0,,
1,EV_B4_C3,9.0,75.0,,
1,EV_B4_C3,8.0,75.0,,
1,EV_B4_C3,7.0,75.0,,
1,EV_B4_C3,6.0,75.0,,
1,EV_B4_C3,5.0,75.0,,
1,EV_B4_C3,4.0,75.0,,
1,EV_B4_C3,3.0,75.0,,
1,EV_B4_C3,2.0,75.0,,
1,EV_B4_C3,1.0,75.0,,
1,EV_B4_C3,0.0,75.0,,
3,,,,,
3,,,,,
3,,,,,
3,,,,,
3,,,,,
3,,,,,
3,,,,,
3,,,,,
3,,,,,
3,,,,,
3,,,,,
3,,,,,
3,,,,,
3,,,,,
2,EV_B4_C3,,,0.0,30.026987912695695
1,EV_B4_C3,8.0,75.0,,
1,EV_B4_C3,7.0,75.0,,
1,EV_B4_C3,6.0,75.0,,
1,EV_B4_C3,5.0,75.0,,
1,EV_B4_C3,4.0,75.0,,
1,EV_B4_C3,3.0,75.0,,
1,EV_B4_C3,2.0,75.0,,
1,EV_B4_C3,1.0,75.0,,
1,EV_B4_C3,0.0,75.0,,
3,,,,,
3,,,,,
3,,,,,
3,,,,,
3,,,,,
3,,,,,
3,,,,,
3,,,,,
3,,,,,
3,,,,,
3,,,,,
3,,,,,
3,,,,,
3,,,,,
2,EV_B4_C3,,,0.0,21.24776555276779
1,EV_B4_C3,9.0,75.0,,
1,EV_B4_C3,8.0,75.0,,
1,EV_B4_C3,7.0,75.0,,
1,EV_B4_C3,6.0,75.0,,
1,EV_B4_C3,5.0,75.0,,
1,EV_B4_C3,4.0,75.0,,
1,EV_B4_C3,3.0,75.0,,
1,EV_B4_C3,2.0,75.0,,
1,EV_B4_C3,1.0,75.0,,
1,EV_B4_C3,0.0,75.0,,
3,,,,,
3,,,,,
3,,,,,
3,,,,,
3,,,,,
3,,,,,
3,,,,,
3,,,,,
3,,,,,
3,,,,,
3,,,,,
3,,,,,
2,EV_B4_C3,,,0.0,34.817695139612105
1,EV_B4_C3,10.0,75.0,,
1,EV_B4_C3,9.0,75.0,,
1,EV_B4_C3,8.0,75.0,,
1,EV_B4_C3,7.0,75.0,,
1,EV_B4_C3,6.0,75.0,,
1,EV_B4_C3,5.0,75.0,,
1,EV_B4_C3,4.0,75.0,,
1,EV_B4_C3,3.0,75.0,,
1,EV_B4_C3,2.0,75.0,,
1,EV_B4_C3,1.0,75.0,,
1,EV_B4_C3,0.0,75.0,,
3,,,,,
3,,,,,
3,,,,,
3,,,,,
3,,,,,
3,,,,,
3,,,,,
3,,,,,
3,,,,,
3,,,,,
3,,,,,
3,,,,,
3,,,,,
3,,,,,
3,,,,,
3,,,,,
3,,,,,
3,,,,,
3,,,,,
3,,,,,
3,,,,,
3,,,,,
3,,,,,
3,,,,,
3,,,,,
3,,,,,
3,,,,,
3,,,,,
3,,,,,
3,,,,,
3,,,,,
3,,,,,
3,,,,,
3,,,,,
3,,,,,
3,,,,,
3,,,,,
2,EV_B4_C3,,,0.0,24.834907993001607
1,EV_B4_C3,9.0,75.0,,
1,EV_B4_C3,8.0,75.0,,
1,EV_B4_C3,7.0,75.0,,
1,EV_B4_C3,6.0,75.0,,
1,EV_B4_C3,5.0,75.0,,
1,EV_B4_C3,4.0,75.0,,
1,EV_B4_C3,3.0,75.0,,
1,EV_B4_C3,2.0,75.0,,
1,EV_B4_C3,1.0,75.0,,
1,EV_B4_C3,0.0,75.0,,
3,,,,,
3,,,,,
3,,,,,
3,,,,,
3,,,,,
3,,,,,
3,,,,,
3,,,,,
3,,,,,
3,,,,,
3,,,,,
3,,,,,
2,EV_B4_C3,,,0.0,28.811502136550438
1,EV_B4_C3,9.0,75.0,,
1,EV_B4_C3,8.0,75.0,,
1,EV_B4_C3,7.0,75.0,,
1,EV_B4_C3,6.0,75.0,,
1,EV_B4_C3,5.0,75.0,,
1,EV_B4_C3,4.0,75.0,,
1,EV_B4_C3,3.0,75.0,,
1,EV_B4_C3,2.0,75.0,,
1,EV_B4_C3,1.0,75.0,,
1,EV_B4_C3,0.0,75.0,,
3,,,,,
3,,,,,
3,,,,,
3,,,,,
3,,,,,
3,,,,,
3,,,,,
3,,,,,
3,,,,,
3,,,,,
3,,,,,
3,,,,,
3,,,,,
2,EV_B4_C3,,,0.0,27.135802426474854
1,EV_B4_C3,10.0,75.0,,
1,EV_B4_C3,9.0,75.0,,
1,EV_B4_C3,8.0,75.0,,
1,EV_B4_C3,7.0,75.0,,
1,EV_B4_C3,6.0,75.0,,
1,EV_B4_C3,5.0,75.0,,
1,EV_B4_C3,4.0,75.0,,
1,EV_B4_C3,3.0,75.0,,
1,EV_B4_C3,2.0,75.0,,
1,EV_B4_C3,1.0,75.0,,
1,EV_B4_C3,0.0,75.0,,
3,,,,,
3,,,,,
3,,,,,
3,,,,,
3,,,,,
3,,,,,
3,,,,,
3,,,,,
3,,,,,
3,,,,,
2,EV_B4_C3,,,0.0,31.08787186545692
1,EV_B4_C3,11.0,75.0,,
1,EV_B4_C3,10.0,75.0,,
1,EV_B4_C3,9.0,75.0,,
1,EV_B4_C3,8.0,75.0,,
1,EV_B4_C3,7.0,75.0,,
1,EV_B4_C3,6.0,75.0,,
1,EV_B4_C3,5.0,75.0,,
1,EV_B4_C3,4.0,75.0,,
1,EV_B4_C3,3.0,75.0,,
1,EV_B4_C3,2.0,75.0,,
1,EV_B4_C3,1.0,75.0,,
1,EV_B4_C3,0.0,75.0,,
3,,,,,
3,,,,,
3,,,,,
3,,,,,
3,,,,,
3,,,,,
3,,,,,
3,,,,,
3,,,,,
3,,,,,
3,,,,,
3,,,,,
2,EV_B4_C3,,,0.0,29.28467514575895
1,EV_B4_C3,11.0,75.0,,
1,EV_B4_C3,10.0,75.0,,
1,EV_B4_C3,9.0,75.0,,
1,EV_B4_C3,8.0,75.0,,
1,EV_B4_C3,7.0,75.0,,
1,EV_B4_C3,6.0,75.0,,
1,EV_B4_C3,5.0,75.0,,
1,EV_B4_C3,4.0,75.0,,
1,EV_B4_C3,3.0,75.0,,
1,EV_B4_C3,2.0,75.0,,
1,EV_B4_C3,1.0,75.0,,
1,EV_B4_C3,0.0,75.0,,
3,,,,,
3,,,,,
3,,,,,
3,,,,,
3,,,,,
3,,,,,
3,,,,,
3,,,,,
3,,,,,
3,,,,,
3,,,,,
2,EV_B4_C3,,,0.0,32.115445300221225
1,EV_B4_C3,11.0,75.0,,
1,EV_B4_C3,10.0,75.0,,
1,EV_B4_C3,9.0,75.0,,
1,EV_B4_C3,8.0,75.0,,
1,EV_B4_C3,7.0,75.0,,
1,EV_B4_C3,6.0,75.0,,
1,EV_B4_C3,5.0,75.0,,
1,EV_B4_C3,4.0,75.0,,
1,EV_B4_C3,3.0,75.0,,
1,EV_B4_C3,2.0,75.0,,
1,EV_B4_C3,1.0,75.0,,
1,EV_B4_C3,0.0,75.0,,
3,,,,,
3,,,,,
3,,,,,
3,,,,,
3,,,,,
3,,,,,
3,,,,,
3,,,,,
3,,,,,
3,,,,,
3,,,,,
2,EV_B4_C3,,,0.0,20.92239044119334
1,EV_B4_C3,11.0,75.0,,
1,EV_B4_C3,10.0,75.0,,
1,EV_B4_C3,9.0,75.0,,
1,EV_B4_C3,8.0,75.0,,
1,EV_B4_C3,7.0,75.0,,
1,EV_B4_C3,6.0,75.0,,
1,EV_B4_C3,5.0,75.0,,
1,EV_B4_C3,4.0,75.0,,
1,EV_B4_C3,3.0,75.0,,
1,EV_B4_C3,2.0,75.0,,
1,EV_B4_C3,1.0,75.0,,
1,EV_B4_C3,0.0,75.0,,
3,,,,,
3,,,,,
3,,,,,
3,,,,,
3,,,,,
3,,,,,
3,,,,,
3,,,,,
3,,,,,
3,,,,,
3,,,,,
3,,,,,
3,,,,,
2,EV_B4_C3,,,0.0,28.837094706246937
1,EV_B4_C3,8.0,75.0,,
1,EV_B4_C3,7.0,75.0,,
1,EV_B4_C3,6.0,75.0,,
1,EV_B4_C3,5.0,75.0,,
1,EV_B4_C3,4.0,75.0,,
1,EV_B4_C3,3.0,75.0,,
1,EV_B4_C3,2.0,75.0,,
1,EV_B4_C3,1.0,75.0,,
1,EV_B4_C3,0.0,75.0,,
3,,,,,
3,,,,,
3,,,,,
3,,,,,
3,,,,,
3,,,,,
3,,,,,
3,,,,,
3,,,,,
3,,,,,
3,,,,,
3,,,,,
3,,,,,
2,EV_B4_C3,,,0.0,33.36696254575985
1,EV_B4_C3,10.0,75.0,,
1,EV_B4_C3,9.0,75.0,,
1,EV_B4_C3,8.0,75.0,,
1,EV_B4_C3,7.0,75.0,,
1,EV_B4_C3,6.0,75.0,,
1,EV_B4_C3,5.0,75.0,,
1,EV_B4_C3,4.0,75.0,,
1,EV_B4_C3,3.0,75.0,,
1,EV_B4_C3,2.0,75.0,,
1,EV_B4_C3,1.0,75.0,,
1,EV_B4_C3,0.0,75.0,,
3,,,,,
3,,,,,
3,,,,,
3,,,,,
3,,,,,
3,,,,,
3,,,,,
3,,,,,
3,,,,,
3,,,,,
3,,,,,
2,EV_B4_C3,,,0.0,31.6196935604181
1,EV_B4_C3,10.0,75.0,,
1,EV_B4_C3,9.0,75.0,,
1,EV_B4_C3,8.0,75.0,,
1,EV_B4_C3,7.0,75.0,,
1,EV_B4_C3,6.0,75.0,,
1,EV_B4_C3,5.0,75.0,,
1,EV_B4_C3,4.0,75.0,,
1,EV_B4_C3,3.0,75.0,,
1,EV_B4_C3,2.0,75.0,,
1,EV_B4_C3,1.0,75.0,,
1,EV_B4_C3,0.0,75.0,,
3,,,,,
3,,,,,
3,,,,,
3,,,,,
3,,,,,
3,,,,,
3,,,,,
3,,,,,
3,,,,,
3,,,,,
3,,,,,
3,,,,,
3,,,,,
3,,,,,
2,EV_B4_C3,,,0.0,37.57654319124749
1,EV_B4_C3,8.0,75.0,,
1,EV_B4_C3,7.0,75.0,,
1,EV_B4_C3,6.0,75.0,,
1,EV_B4_C3,5.0,75.0,,
1,EV_B4_C3,4.0,75.0,,
1,EV_B4_C3,3.0,75.0,,
1,EV_B4_C3,2.0,75.0,,
1,EV_B4_C3,1.0,75.0,,
1,EV_B4_C3,0.0,75.0,,
3,,,,,
3,,,,,
3,,,,,
3,,,,,
3,,,,,
3,,,,,
3,,,,,
3,,,,,
3,,,,,
3,,,,,
3,,,,,
3,,,,,
3,,,,,
3,,,,,
3,,,,,
3,,,,,
3,,,,,
3,,,,,
3,,,,,
3,,,,,
3,,,,,
3,,,,,
3,,,,,
3,,,,,
3,,,,,
3,,,,,
3,,,,,
3,,,,,
3,,,,,
3,,,,,
3,,,,,
3,,,,,
3,,,,,
3,,,,,
3,,,,,
3,,,,,
3,,,,,
2,EV_B4_C3,,,0.0,23.034053620666718
1,EV_B4_C3,9.0,75.0,,
1,EV_B4_C3,8.0,75.0,,
1,EV_B4_C3,7.0,75.0,,
1,EV_B4_C3,6.0,75.0,,
1,EV_B4_C3,5.0,75.0,,
1,EV_B4_C3,4.0,75.0,,
1,EV_B4_C3,3.0,75.0,,
1,EV_B4_C3,2.0,75.0,,
1,EV_B4_C3,1.0,75.0,,
1,EV_B4_C3,0.0,75.0,,
3,,,,,
3,,,,,
3,,,,,
3,,,,,
3,,,,,
3,,,,,
3,,,,,
3,,,,,
3,,,,,
3,,,,,
3,,,,,
3,,,,,
2,EV_B4_C3,,,0.0,34.781686858829744
1,EV_B4_C3,10.0,75.0,,
1,EV_B4_C3,9.0,75.0,,
1,EV_B4_C3,8.0,75.0,,
1,EV_B4_C3,7.0,75.0,,
1,EV_B4_C3,6.0,75.0,,
1,EV_B4_C3,5.0,75.0,,
1,EV_B4_C3,4.0,75.0,,
1,EV_B4_C3,3.0,75.0,,
1,EV_B4_C3,2.0,75.0,,
1,EV_B4_C3,1.0,75.0,,
1,EV_B4_C3,0.0,75.0,,
3,,,,,
3,,,,,
3,,,,,
3,,,,,
3,,,,,
3,,,,,
3,,,,,
3,,,,,
3,,,,,
3,,,,,
3,,,,,
3,,,,,
2,EV_B4_C3,,,0.0,32.06566543084462
1,EV_B4_C3,11.0,75.0,,
1,EV_B4_C3,10.0,75.0,,
1,EV_B4_C3,9.0,75.0,,
1,EV_B4_C3,8.0,75.0,,
1,EV_B4_C3,7.0,75.0,,
1,EV_B4_C3,6.0,75.0,,
1,EV_B4_C3,5.0,75.0,,
1,EV_B4_C3,4.0,75.0,,
1,EV_B4_C3,3.0,75.0,,
1,EV_B4_C3,2.0,75.0,,
1,EV_B4_C3,1.0,75.0,,
1,EV_B4_C3,0.0,75.0,,
3,,,,,
3,,,,,
3,,,,,
3,,,,,
3,,,,,
3,,,,,
3,,,,,
3,,,,,
3,,,,,
3,,,,,
3,,,,,
2,EV_B4_C3,,,0.0,34.35102912528284
1,EV_B4_C3,11.0,75.0,,
1,EV_B4_C3,10.0,75.0,,
1,EV_B4_C3,9.0,75.0,,
1,EV_B4_C3,8.0,75.0,,
1,EV_B4_C3,7.0,75.0,,
1,EV_B4_C3,6.0,75.0,,
1,EV_B4_C3,5.0,75.0,,
1,EV_B4_C3,4.0,75.0,,
1,EV_B4_C3,3.0,75.0,,
1,EV_B4_C3,2.0,75.0,,
1,EV_B4_C3,1.0,75.0,,
1,EV_B4_C3,0.0,75.0,,
3,,,,,
3,,,,,
3,,,,,
3,,,,,
3,,,,,
3,,,,,
3,,,,,
3,,,,,
3,,,,,
3,,,,,
2,EV_B4_C3,,,0.0,29.876629830099073
1,EV_B4_C3,11.0,75.0,,
1,EV_B4_C3,10.0,75.0,,
1,EV_B4_C3,9.0,75.0,,
1,EV_B4_C3,8.0,75.0,,
1,EV_B4_C3,7.0,75.0,,
1,EV_B4_C3,6.0,75.0,,
1,EV_B4_C3,5.0,75.0,,
1,EV_B4_C3,4.0,75.0,,
1,EV_B4_C3,3.0,75.0,,
1,EV_B4_C3,2.0,75.0,,
1,EV_B4_C3,1.0,75.0,,
1,EV_B4_C3,0.0,75.0,,
3,,,,,
3,,,,,
3,,,,,
3,,,,,
3,,,,,
3,,,,,
3,,,,,
3,,,,,
3,,,,,
3,,,,,
3,,,,,
3,,,,,
2,EV_B4_C3,,,0.0,37.83418130864473
1,EV_B4_C3,10.0,75.0,,
1,EV_B4_C3,9.0,75.0,,
1,EV_B4_C3,8.0,75.0,,
1,EV_B4_C3,7.0,75.0,,
1,EV_B4_C3,6.0,75.0,,
1,EV_B4_C3,5.0,75.0,,
1,EV_B4_C3,4.0,75.0,,
1,EV_B4_C3,3.0,75.0,,
1,EV_B4_C3,2.0,75.0,,
1,EV_B4_C3,1.0,75.0,,
1,EV_B4_C3,0.0,75.0,,
3,,,,,
3,,,,,
3,,,,,
3,,,,,
3,,,,,
3,,,,,
3,,,,,
3,,,,,
3,,,,,
3,,,,,
3,,,,,
3,,,,,
2,EV_B4_C3,,,0.0,34.16932730950049
1,EV_B4_C3,10.0,75.0,,
1,EV_B4_C3,9.0,75.0,,
1,EV_B4_C3,8.0,75.0,,
1,EV_B4_C3,7.0,75.0,,
1,EV_B4_C3,6.0,75.0,,
1,EV_B4_C3,5.0,75.0,,
1,EV_B4_C3,4.0,75.0,,
1,EV_B4_C3,3.0,75.0,,
1,EV_B4_C3,2.0,75.0,,
1,EV_B4_C3,1.0,75.0,,
1,EV_B4_C3,0.0,75.0,,
3,,,,,
3,,,,,
3,,,,,
3,,,,,
3,,,,,
3,,,,,
3,,,,,
3,,,,,
3,,,,,
3,,,,,
3,,,,,
3,,,,,
3,,,,,
2,EV_B4_C3,,,0.0,38.353125884115435
1,EV_B4_C3,9.0,75.0,,
1,EV_B4_C3,8.0,75.0,,
1,EV_B4_C3,7.0,75.0,,
1,EV_B4_C3,6.0,75.0,,
1,EV_B4_C3,5.0,75.0,,
1,EV_B4_C3,4.0,75.0,,
1,EV_B4_C3,3.0,75.0,,
1,EV_B4_C3,2.0,75.0,,
1,EV_B4_C3,1.0,75.0,,
1,EV_B4_C3,0.0,75.0,,
3,,,,,
3,,,,,
3,,,,,
3,,,,,
3,,,,,
3,,,,,
3,,,,,
3,,,,,
3,,,,,
3,,,,,
3,,,,,
3,,,,,
3,,,,,
2,EV_B4_C3,,,0.0,25.813715889601763
1,EV_B4_C3,9.0,75.0,,
1,EV_B4_C3,8.0,75.0,,
1,EV_B4_C3,7.0,75.0,,
1,EV_B4_C3,6.0,75.0,,
1,EV_B4_C3,5.0,75.0,,
1,EV_B4_C3,4.0,75.0,,
1,EV_B4_C3,3.0,75.0,,
1,EV_B4_C3,2.0,75.0,,
1,EV_B4_C3,1.0,75.0,,
1,EV_B4_C3,0.0,75.0,,
3,,,,,
3,,,,,
3,,,,,
3,,,,,
3,,,,,
3,,,,,
3,,,,,
3,,,,,
3,,,,,
3,,,,,
3,,,,,
3,,,,,
2,EV_B4_C3,,,0.0,25.351580806467794
1,EV_B4_C3,10.0,75.0,,
1,EV_B4_C3,9.0,75.0,,
1,EV_B4_C3,8.0,75.0,,
1,EV_B4_C3,7.0,75.0,,
1,EV_B4_C3,6.0,75.0,,
1,EV_B4_C3,5.0,75.0,,
1,EV_B4_C3,4.0,75.0,,
1,EV_B4_C3,3.0,75.0,,
1,EV_B4_C3,2.0,75.0,,
1,EV_B4_C3,1.0,75.0,,
1,EV_B4_C3,0.0,75.0,,
3,,,,,
3,,,,,
3,,,,,
3,,,,,
3,,,,,
3,,,,,
3,,,,,
3,,,,,
3,,,,,
3,,,,,
3,,,,,
3,,,,,
3,,,,,
2,EV_B4_C3,,,0.0,38.757020075241996
1,EV_B4_C3,10.0,75.0,,
1,EV_B4_C3,9.0,75.0,,
1,EV_B4_C3,8.0,75.0,,
1,EV_B4_C3,7.0,75.0,,
1,EV_B4_C3,6.0,75.0,,
1,EV_B4_C3,5.0,75.0,,
1,EV_B4_C3,4.0,75.0,,
1,EV_B4_C3,3.0,75.0,,
1,EV_B4_C3,2.0,75.0,,
1,EV_B4_C3,1.0,75.0,,
1,EV_B4_C3,0.0,75.0,,
3,,,,,
3,,,,,
3,,,,,
3,,,,,
3,,,,,
3,,,,,
3,,,,,
3,,,,,
3,,,,,
3,,,,,
3,,,,,
3,,,,,
3,,,,,
3,,,,,
2,EV_B4_C3,,,0.0,24.321147872303257
1,EV_B4_C3,7.0,75.0,,
1,EV_B4_C3,6.0,75.0,,
1,EV_B4_C3,5.0,75.0,,
1,EV_B4_C3,4.0,75.0,,
1,EV_B4_C3,3.0,75.0,,
1,EV_B4_C3,2.0,75.0,,
1,EV_B4_C3,1.0,75.0,,
1,EV_B4_C3,0.0,75.0,,
3,,,,,
3,,,,,
3,,,,,
3,,,,,
3,,,,,
3,,,,,
3,,,,,
3,,,,,
3,,,,,
3,,,,,
3,,,,,
3,,,,,
3,,,,,
2,EV_B4_C3,,,0.0,29.708283919387274
1,EV_B4_C3,10.0,75.0,,
1,EV_B4_C3,9.0,75.0,,
1,EV_B4_C3,8.0,75.0,,
1,EV_B4_C3,7.0,75.0,,
1,EV_B4_C3,6.0,75.0,,
1,EV_B4_C3,5.0,75.0,,
1,EV_B4_C3,4.0,75.0,,
1,EV_B4_C3,3.0,75.0,,
1,EV_B4_C3,2.0,75.0,,
1,EV_B4_C3,1.0,75.0,,
1,EV_B4_C3,0.0,75.0,,
3,,,,,
3,,,,,
3,,,,,
3,,,,,
3,,,,,
3,,,,,
3,,,,,
3,,,,,
3,,,,,
3,,,,,
3,,,,,
3,,,,,
3,,,,,
2,EV_B4_C3,,,0.0,28.965658399983123
1,EV_B4_C3,8.0,75.0,,
1,EV_B4_C3,7.0,75.0,,
1,EV_B4_C3,6.0,75.0,,
1,EV_B4_C3,5.0,75.0,,
1,EV_B4_C3,4.0,75.0,,
1,EV_B4_C3,3.0,75.0,,
1,EV_B4_C3,2.0,75.0,,
1,EV_B4_C3,1.0,75.0,,
1,EV_B4_C3,0.0,75.0,,
3,,,,,
3,,,,,
3,,,,,
3,,,,,
3,,,,,
3,,,,,
3,,,,,
3,,,,,
3,,,,,
3,,,,,
3,,,,,
2,EV_B4_C3,,,0.0,22.91391743461071
1,EV_B4_C3,11.0,75.0,,
1,EV_B4_C3,10.0,75.0,,
1,EV_B4_C3,9.0,75.0,,
1,EV_B4_C3,8.0,75.0,,
1,EV_B4_C3,7.0,75.0,,
1,EV_B4_C3,6.0,75.0,,
1,EV_B4_C3,5.0,75.0,,
1,EV_B4_C3,4.0,75.0,,
1,EV_B4_C3,3.0,75.0,,
1,EV_B4_C3,2.0,75.0,,
1,EV_B4_C3,1.0,75.0,,
1,EV_B4_C3,0.0,75.0,,
3,,,,,
3,,,,,
3,,,,,
3,,,,,
3,,,,,
3,,,,,
3,,,,,
3,,,,,
3,,,,,
3,,,,,
3,,,,,
3,,,,,
3,,,,,
3,,,,,
2,EV_B4_C3,,,0.0,27.1985319928139
1,EV_B4_C3,8.0,75.0,,
1,EV_B4_C3,7.0,75.0,,
1,EV_B4_C3,6.0,75.0,,
1,EV_B4_C3,5.0,75.0,,
1,EV_B4_C3,4.0,75.0,,
1,EV_B4_C3,3.0,75.0,,
1,EV_B4_C3,2.0,75.0,,
1,EV_B4_C3,1.0,75.0,,
1,EV_B4_C3,0.0,75.0,,
3,,,,,
3,,,,,
3,,,,,
3,,,,,
3,,,,,
3,,,,,
3,,,,,
3,,,,,
3,,,,,
3,,,,,
3,,,,,
3,,,,,
2,EV_B4_C3,,,0.0,34.24803786770544
1,EV_B4_C3,11.0,75.0,,
1,EV_B4_C3,10.0,75.0,,
1,EV_B4_C3,9.0,75.0,,
1,EV_B4_C3,8.0,75.0,,
1,EV_B4_C3,7.0,75.0,,
1,EV_B4_C3,6.0,75.0,,
1,EV_B4_C3,5.0,75.0,,
1,EV_B4_C3,4.0,75.0,,
1,EV_B4_C3,3.0,75.0,,
1,EV_B4_C3,2.0,75.0,,
1,EV_B4_C3,1.0,75.0,,
1,EV_B4_C3,0.0,75.0,,
3,,,,,
3,,,,,
3,,,,,
3,,,,,
3,,,,,
3,,,,,
3,,,,,
3,,,,,
3,,,,,
3,,,,,
3,,,,,
2,EV_B4_C3,,,0.0,30.485513644478363
1,EV_B4_C3,10.0,75.0,,
1,EV_B4_C3,9.0,75.0,,
1,EV_B4_C3,8.0,75.0,,
1,EV_B4_C3,7.0,75.0,,
1,EV_B4_C3,6.0,75.0,,
1,EV_B4_C3,5.0,75.0,,
1,EV_B4_C3,4.0,75.0,,
1,EV_B4_C3,3.0,75.0,,
1,EV_B4_C3,2.0,75.0,,
1,EV_B4_C3,1.0,75.0,,
1,EV_B4_C3,0.0,75.0,,
3,,,,,
3,,,,,
3,,,,,
3,,,,,
3,,,,,
3,,,,,
3,,,,,
3,,,,,
3,,,,,
3,,,,,
3,,,,,
3,,,,,
2,EV_B4_C3,,,0.0,26.052305315592463
1,EV_B4_C3,10.0,75.0,,
1,EV_B4_C3,9.0,75.0,,
1,EV_B4_C3,8.0,75.0,,
1,EV_B4_C3,7.0,75.0,,
1,EV_B4_C3,6.0,75.0,,
1,EV_B4_C3,5.0,75.0,,
1,EV_B4_C3,4.0,75.0,,
1,EV_B4_C3,3.0,75.0,,
1,EV_B4_C3,2.0,75.0,,
1,EV_B4_C3,1.0,75.0,,
1,EV_B4_C3,0.0,75.0,,
3,,,,,
3,,,,,
3,,,,,
3,,,,,
3,,,,,
3,,,,,
3,,,,,
3,,,,,
3,,,,,
3,,,,,
3,,,,,
3,,,,,
2,EV_B4_C3,,,0.0,38.770223240592266
1,EV_B4_C3,10.0,75.0,,
1,EV_B4_C3,9.0,75.0,,
1,EV_B4_C3,8.0,75.0,,
1,EV_B4_C3,7.0,75.0,,
1,EV_B4_C3,6.0,75.0,,
1,EV_B4_C3,5.0,75.0,,
1,EV_B4_C3,4.0,75.0,,
1,EV_B4_C3,3.0,75.0,,
1,EV_B4_C3,2.0,75.0,,
1,EV_B4_C3,1.0,75.0,,
1,EV_B4_C3,0.0,75.0,,
3,,,,,
3,,,,,
3,,,,,
3,,,,,
3,,,,,
3,,,,,
3,,,,,
3,,,,,
3,,,,,
3,,,,,
3,,,,,
3,,,,,
2,EV_B4_C3,,,0.0,24.241648465010968
1,EV_B4_C3,11.0,75.0,,
1,EV_B4_C3,10.0,75.0,,
1,EV_B4_C3,9.0,75.0,,
1,EV_B4_C3,8.0,75.0,,
1,EV_B4_C3,7.0,75.0,,
1,EV_B4_C3,6.0,75.0,,
1,EV_B4_C3,5.0,75.0,,
1,EV_B4_C3,4.0,75.0,,
1,EV_B4_C3,3.0,75.0,,
1,EV_B4_C3,2.0,75.0,,
1,EV_B4_C3,1.0,75.0,,
1,EV_B4_C3,0.0,75.0,,
3,,,,,
3,,,,,
3,,,,,
3,,,,,
3,,,,,
3,,,,,
3,,,,,
3,,,,,
3,,,,,
3,,,,,
3,,,,,
2,EV_B4_C3,,,0.0,32.20630442388624
1,EV_B4_C3,10.0,75.0,,
1,EV_B4_C3,9.0,75.0,,
1,EV_B4_C3,8.0,75.0,,
1,EV_B4_C3,7.0,75.0,,
1,EV_B4_C3,6.0,75.0,,
1,EV_B4_C3,5.0,75.0,,
1,EV_B4_C3,4.0,75.0,,
1,EV_B4_C3,3.0,75.0,,
1,EV_B4_C3,2.0,75.0,,
1,EV_B4_C3,1.0,75.0,,
1,EV_B4_C3,0.0,75.0,,
3,,,,,
3,,,,,
3,,,,,
3,,,,,
3,,,,,
3,,,,,
3,,,,,
3,,,,,
3,,,,,
3,,,,,
3,,,,,
3,,,,,
3,,,,,
3,,,,,
3,,,,,
3,,,,,
3,,,,,
3,,,,,
3,,,,,
3,,,,,
3,,,,,
3,,,,,
3,,,,,
3,,,,,
3,,,,,
3,,,,,
3,,,,,
3,,,,,
3,,,,,
3,,,,,
3,,,,,
3,,,,,
3,,,,,
3,,,,,
3,,,,,
3,,,,,
2,EV_B4_C3,,,0.0,22.520647432268508
1,EV_B4_C3,11.0,75.0,,
1,EV_B4_C3,10.0,75.0,,
1,EV_B4_C3,9.0,75.0,,
1,EV_B4_C3,8.0,75.0,,
1,EV_B4_C3,7.0,75.0,,
1,EV_B4_C3,6.0,75.0,,
1,EV_B4_C3,5.0,75.0,,
1,EV_B4_C3,4.0,75.0,,
1,EV_B4_C3,3.0,75.0,,
1,EV_B4_C3,2.0,75.0,,
1,EV_B4_C3,1.0,75.0,,
1,EV_B4_C3,0.0,75.0,,
3,,,,,
3,,,,,
3,,,,,
3,,,,,
3,,,,,
3,,,,,
3,,,,,
3,,,,,
3,,,,,
3,,,,,
3,,,,,
3,,,,,
3,,,,,
3,,,,,
3,,,,,
3,,,,,
3,,,,,
3,,,,,
3,,,,,
3,,,,,
3,,,,,
3,,,,,
3,,,,,
3,,,,,
3,,,,,
3,,,,,
3,,,,,
3,,,,,
3,,,,,
3,,,,,
3,,,,,
3,,,,,
3,,,,,
3,,,,,
3,,,,,
3,,,,,
3,,,,,
2,EV_B4_C3,,,0.0,37.392542967121344
1,EV_B4_C3,8.0,75.0,,
1,EV_B4_C3,7.0,75.0,,
1,EV_B4_C3,6.0,75.0,,
1,EV_B4_C3,5.0,75.0,,
1,EV_B4_C3,4.0,75.0,,
1,EV_B4_C3,3.0,75.0,,
1,EV_B4_C3,2.0,75.0,,
1,EV_B4_C3,1.0,75.0,,
1,EV_B4_C3,0.0,75.0,,
3,,,,,
3,,,,,
3,,,,,
3,,,,,
3,,,,,
3,,,,,
3,,,,,
3,,,,,
3,,,,,
3,,,,,
3,,,,,
3,,,,,
2,EV_B4_C3,,,0.0,25.560403736817673
1,EV_B4_C3,11.0,75.0,,
1,EV_B4_C3,10.0,75.0,,
1,EV_B4_C3,9.0,75.0,,
1,EV_B4_C3,8.0,75.0,,
1,EV_B4_C3,7.0,75.0,,
1,EV_B4_C3,6.0,75.0,,
1,EV_B4_C3,5.0,75.0,,
1,EV_B4_C3,4.0,75.0,,
1,EV_B4_C3,3.0,75.0,,
1,EV_B4_C3,2.0,75.0,,
1,EV_B4_C3,1.0,75.0,,
1,EV_B4_C3,0.0,75.0,,
3,,,,,
3,,,,,
3,,,,,
3,,,,,
3,,,,,
3,,,,,
3,,,,,
3,,,,,
3,,,,,
3,,,,,
2,EV_B4_C3,,,0.0,21.717683042678324
1,EV_B4_C3,11.0,75.0,,
1,EV_B4_C3,10.0,75.0,,
1,EV_B4_C3,9.0,75.0,,
1,EV_B4_C3,8.0,75.0,,
1,EV_B4_C3,7.0,75.0,,
1,EV_B4_C3,6.0,75.0,,
1,EV_B4_C3,5.0,75.0,,
1,EV_B4_C3,4.0,75.0,,
1,EV_B4_C3,3.0,75.0,,
1,EV_B4_C3,2.0,75.0,,
1,EV_B4_C3,1.0,75.0,,
1,EV_B4_C3,0.0,75.0,,
3,,,,,
3,,,,,
3,,,,,
3,,,,,
3,,,,,
3,,,,,
3,,,,,
3,,,,,
3,,,,,
3,,,,,
3,,,,,
3,,,,,
3,,,,,
2,EV_B4_C3,,,0.0,20.795654466763516
1,EV_B4_C3,9.0,75.0,,
1,EV_B4_C3,8.0,75.0,,
1,EV_B4_C3,7.0,75.0,,
1,EV_B4_C3,6.0,75.0,,
1,EV_B4_C3,5.0,75.0,,
1,EV_B4_C3,4.0,75.0,,
1,EV_B4_C3,3.0,75.0,,
1,EV_B4_C3,2.0,75.0,,
1,EV_B4_C3,1.0,75.0,,
1,EV_B4_C3,0.0,75.0,,
3,,,,,
3,,,,,
3,,,,,
3,,,,,
3,,,,,
3,,,,,
3,,,,,
3,,,,,
3,,,,,
3,,,,,
3,,,,,
2,EV_B4_C3,,,0.0,32.35474341798826
1,EV_B4_C3,11.0,75.0,,
1,EV_B4_C3,10.0,75.0,,
1,EV_B4_C3,9.0,75.0,,
1,EV_B4_C3,8.0,75.0,,
1,EV_B4_C3,7.0,75.0,,
1,EV_B4_C3,6.0,75.0,,
1,EV_B4_C3,5.0,75.0,,
1,EV_B4_C3,4.0,75.0,,
1,EV_B4_C3,3.0,75.0,,
1,EV_B4_C3,2.0,75.0,,
1,EV_B4_C3,1.0,75.0,,
1,EV_B4_C3,0.0,75.0,,
3,,,,,
3,,,,,
3,,,,,
3,,,,,
3,,,,,
3,,,,,
3,,,,,
3,,,,,
3,,,,,
3,,,,,
3,,,,,
3,,,,,
3,,,,,
2,EV_B4_C3,,,0.0,37.92979428623321
1,EV_B4_C3,9.0,75.0,,
1,EV_B4_C3,8.0,75.0,,
1,EV_B4_C3,7.0,75.0,,
1,EV_B4_C3,6.0,75.0,,
1,EV_B4_C3,5.0,75.0,,
1,EV_B4_C3,4.0,75.0,,
1,EV_B4_C3,3.0,75.0,,
1,EV_B4_C3,2.0,75.0,,
1,EV_B4_C3,1.0,75.0,,
1,EV_B4_C3,0.0,75.0,,
3,,,,,
3,,,,,
3,,,,,
3,,,,,
3,,,,,
3,,,,,
3,,,,,
3,,,,,
3,,,,,
3,,,,,
3,,,,,
3,,,,,
3,,,,,
2,EV_B4_C3,,,0.0,25.970624816841138
1,EV_B4_C3,9.0,75.0,,
1,EV_B4_C3,8.0,75.0,,
1,EV_B4_C3,7.0,75.0,,
1,EV_B4_C3,6.0,75.0,,
1,EV_B4_C3,5.0,75.0,,
1,EV_B4_C3,4.0,75.0,,
1,EV_B4_C3,3.0,75.0,,
1,EV_B4_C3,2.0,75.0,,
1,EV_B4_C3,1.0,75.0,,
1,EV_B4_C3,0.0,75.0,,
3,,,,,
3,,,,,
3,,,,,
3,,,,,
3,,,,,
3,,,,,
3,,,,,
3,,,,,
3,,,,,
3,,,,,
3,,,,,
3,,,,,
3,,,,,
2,EV_B4_C3,,,0.0,24.91759401601346
1,EV_B4_C3,10.0,75.0,,
1,EV_B4_C3,9.0,75.0,,
1,EV_B4_C3,8.0,75.0,,
1,EV_B4_C3,7.0,75.0,,
1,EV_B4_C3,6.0,75.0,,
1,EV_B4_C3,5.0,75.0,,
1,EV_B4_C3,4.0,75.0,,
1,EV_B4_C3,3.0,75.0,,
1,EV_B4_C3,2.0,75.0,,
1,EV_B4_C3,1.0,75.0,,
1,EV_B4_C3,0.0,75.0,,
3,,,,,
3,,,,,
3,,,,,
3,,,,,
3,,,,,
3,,,,,
3,,,,,
3,,,,,
3,,,,,
3,,,,,
3,,,,,
2,EV_B4_C3,,,0.0,33.71305382952521
1,EV_B4_C3,10.0,75.0,,
1,EV_B4_C3,9.0,75.0,,
1,EV_B4_C3,8.0,75.0,,
1,EV_B4_C3,7.0,75.0,,
1,EV_B4_C3,6.0,75.0,,
1,EV_B4_C3,5.0,75.0,,
1,EV_B4_C3,4.0,75.0,,
1,EV_B4_C3,3.0,75.0,,
1,EV_B4_C3,2.0,75.0,,
1,EV_B4_C3,1.0,75.0,,
1,EV_B4_C3,0.0,75.0,,
3,,,,,
3,,,,,
3,,,,,
3,,,,,
3,,,,,
3,,,,,
3,,,,,
3,,,,,
3,,,,,
3,,,,,
3,,,,,
2,EV_B4_C3,,,0.0,37.254583852168686
1,EV_B4_C3,11.0,75.0,,
1,EV_B4_C3,10.0,75.0,,
1,EV_B4_C3,9.0,75.0,,
1,EV_B4_C3,8.0,75.0,,
1,EV_B4_C3,7.0,75.0,,
1,EV_B4_C3,6.0,75.0,,
1,EV_B4_C3,5.0,75.0,,
1,EV_B4_C3,4.0,75.0,,
1,EV_B4_C3,3.0,75.0,,
1,EV_B4_C3,2.0,75.0,,
1,EV_B4_C3,1.0,75.0,,
1,EV_B4_C3,0.0,75.0,,
3,,,,,
3,,,,,
3,,,,,
3,,,,,
3,,,,,
3,,,,,
3,,,,,
3,,,,,
3,,,,,
3,,,,,
3,,,,,
3,,,,,
2,EV_B4_C3,,,0.0,21.232752507344863
1,EV_B4_C3,11.0,75.0,,
1,EV_B4_C3,10.0,75.0,,
1,EV_B4_C3,9.0,75.0,,
1,EV_B4_C3,8.0,75.0,,
1,EV_B4_C3,7.0,75.0,,
1,EV_B4_C3,6.0,75.0,,
1,EV_B4_C3,5.0,75.0,,
1,EV_B4_C3,4.0,75.0,,
1,EV_B4_C3,3.0,75.0,,
1,EV_B4_C3,2.0,75.0,,
1,EV_B4_C3,1.0,75.0,,
1,EV_B4_C3,0.0,75.0,,
3,,,,,
3,,,,,
3,,,,,
3,,,,,
3,,,,,
3,,,,,
3,,,,,
3,,,,,
3,,,,,
3,,,,,
3,,,,,
3,,,,,
2,EV_B4_C3,,,0.0,36.94517175222036
1,EV_B4_C3,9.0,75.0,,
1,EV_B4_C3,8.0,75.0,,
1,EV_B4_C3,7.0,75.0,,
1,EV_B4_C3,6.0,75.0,,
1,EV_B4_C3,5.0,75.0,,
1,EV_B4_C3,4.0,75.0,,
1,EV_B4_C3,3.0,75.0,,
1,EV_B4_C3,2.0,75.0,,
1,EV_B4_C3,1.0,75.0,,
1,EV_B4_C3,0.0,75.0,,
3,,,,,
3,,,,,
3,,,,,
3,,,,,
3,,,,,
3,,,,,
3,,,,,
3,,,,,
3,,,,,
3,,,,,
3,,,,,
3,,,,,
3,,,,,
2,EV_B4_C3,,,0.0,26.27975561449602
1,EV_B4_C3,9.0,75.0,,
1,EV_B4_C3,8.0,75.0,,
1,EV_B4_C3,7.0,75.0,,
1,EV_B4_C3,6.0,75.0,,
1,EV_B4_C3,5.0,75.0,,
1,EV_B4_C3,4.0,75.0,,
1,EV_B4_C3,3.0,75.0,,
1,EV_B4_C3,2.0,75.0,,
1,EV_B4_C3,1.0,75.0,,
1,EV_B4_C3,0.0,75.0,,
3,,,,,
3,,,,,
3,,,,,
3,,,,,
3,,,,,
3,,,,,
3,,,,,
3,,,,,
3,,,,,
3,,,,,
3,,,,,
3,,,,,
3,,,,,
3,,,,,
3,,,,,
2,EV_B4_C3,,,0.0,30.06999100999633
1,EV_B4_C3,7.0,75.0,,
1,EV_B4_C3,6.0,75.0,,
1,EV_B4_C3,5.0,75.0,,
1,EV_B4_C3,4.0,75.0,,
1,EV_B4_C3,3.0,75.0,,
1,EV_B4_C3,2.0,75.0,,
1,EV_B4_C3,1.0,75.0,,
1,EV_B4_C3,0.0,75.0,,
3,,,,,
3,,,,,
3,,,,,
3,,,,,
3,,,,,
3,,,,,
3,,,,,
3,,,,,
3,,,,,
3,,,,,
3,,,,,
3,,,,,
3,,,,,
3,,,,,
2,EV_B4_C3,,,0.0,20.224812634364206
1,EV_B4_C3,9.0,75.0,,
1,EV_B4_C3,8.0,75.0,,
1,EV_B4_C3,7.0,75.0,,
1,EV_B4_C3,6.0,75.0,,
1,EV_B4_C3,5.0,75.0,,
1,EV_B4_C3,4.0,75.0,,
1,EV_B4_C3,3.0,75.0,,
1,EV_B4_C3,2.0,75.0,,
1,EV_B4_C3,1.0,75.0,,
1,EV_B4_C3,0.0,75.0,,
3,,,,,
3,,,,,
3,,,,,
3,,,,,
3,,,,,
3,,,,,
3,,,,,
3,,,,,
3,,,,,
3,,,,,
3,,,,,
3,,,,,
2,EV_B4_C3,,,0.0,38.119865320545124
1,EV_B4_C3,9.0,75.0,,
1,EV_B4_C3,8.0,75.0,,
1,EV_B4_C3,7.0,75.0,,
1,EV_B4_C3,6.0,75.0,,
1,EV_B4_C3,5.0,75.0,,
1,EV_B4_C3,4.0,75.0,,
1,EV_B4_C3,3.0,75.0,,
1,EV_B4_C3,2.0,75.0,,
1,EV_B4_C3,1.0,75.0,,
1,EV_B4_C3,0.0,75.0,,
3,,,,,
3,,,,,
3,,,,,
3,,,,,
3,,,,,
3,,,,,
3,,,,,
3,,,,,
3,,,,,
3,,,,,
3,,,,,
2,EV_B4_C3,,,0.0,29.08865587405738
1,EV_B4_C3,11.0,75.0,,
1,EV_B4_C3,10.0,75.0,,
1,EV_B4_C3,9.0,75.0,,
1,EV_B4_C3,8.0,75.0,,
1,EV_B4_C3,7.0,75.0,,
1,EV_B4_C3,6.0,75.0,,
1,EV_B4_C3,5.0,75.0,,
1,EV_B4_C3,4.0,75.0,,
1,EV_B4_C3,3.0,75.0,,
1,EV_B4_C3,2.0,75.0,,
1,EV_B4_C3,1.0,75.0,,
1,EV_B4_C3,0.0,75.0,,
3,,,,,
3,,,,,
3,,,,,
3,,,,,
3,,,,,
3,,,,,
3,,,,,
3,,,,,
3,,,,,
3,,,,,
3,,,,,
3,,,,,
3,,,,,
3,,,,,
3,,,,,
3,,,,,
3,,,,,
3,,,,,
3,,,,,
3,,,,,
3,,,,,
3,,,,,
3,,,,,
3,,,,,
3,,,,,
3,,,,,
3,,,,,
3,,,,,
3,,,,,
3,,,,,
3,,,,,
3,,,,,
3,,,,,
3,,,,,
3,,,,,
3,,,,,
3,,,,,
3,,,,,
2,EV_B4_C3,,,0.0,29.100429089522155
1,EV_B4_C3,8.0,75.0,,
1,EV_B4_C3,7.0,75.0,,
1,EV_B4_C3,6.0,75.0,,
1,EV_B4_C3,5.0,75.0,,
1,EV_B4_C3,4.0,75.0,,
1,EV_B4_C3,3.0,75.0,,
1,EV_B4_C3,2.0,75.0,,
1,EV_B4_C3,1.0,75.0,,
1,EV_B4_C3,0.0,75.0,,
3,,,,,
3,,,,,
3,,,,,
3,,,,,
3,,,,,
3,,,,,
3,,,,,
3,,,,,
3,,,,,
3,,,,,
3,,,,,
2,EV_B4_C3,,,0.0,34.644959198216505
1,EV_B4_C3,12.0,75.0,,
1,EV_B4_C3,11.0,75.0,,
1,EV_B4_C3,10.0,75.0,,
1,EV_B4_C3,9.0,75.0,,
1,EV_B4_C3,8.0,75.0,,
1,EV_B4_C3,7.0,75.0,,
1,EV_B4_C3,6.0,75.0,,
1,EV_B4_C3,5.0,75.0,,
1,EV_B4_C3,4.0,75.0,,
1,EV_B4_C3,3.0,75.0,,
1,EV_B4_C3,2.0,75.0,,
1,EV_B4_C3,1.0,75.0,,
1,EV_B4_C3,0.0,75.0,,
3,,,,,
3,,,,,
3,,,,,
3,,,,,
3,,,,,
3,,,,,
3,,,,,
3,,,,,
3,,,,,
3,,,,,
3,,,,,
2,EV_B4_C3,,,0.0,22.460246619527016
1,EV_B4_C3,11.0,75.0,,
1,EV_B4_C3,10.0,75.0,,
1,EV_B4_C3,9.0,75.0,,
1,EV_B4_C3,8.0,75.0,,
1,EV_B4_C3,7.0,75.0,,
1,EV_B4_C3,6.0,75.0,,
1,EV_B4_C3,5.0,75.0,,
1,EV_B4_C3,4.0,75.0,,
1,EV_B4_C3,3.0,75.0,,
1,EV_B4_C3,2.0,75.0,,
1,EV_B4_C3,1.0,75.0,,
1,EV_B4_C3,0.0,75.0,,
3,,,,,
3,,,,,
3,,,,,
3,,,,,
3,,,,,
3,,,,,
3,,,,,
3,,,,,
3,,,,,
3,,,,,
3,,,,,
3,,,,,
2,EV_B4_C3,,,0.0,22.868620583467948
1,EV_B4_C3,9.0,75.0,,
1,EV_B4_C3,8.0,75.0,,
1,EV_B4_C3,7.0,75.0,,
1,EV_B4_C3,6.0,75.0,,
1,EV_B4_C3,5.0,75.0,,
1,EV_B4_C3,4.0,75.0,,
1,EV_B4_C3,3.0,75.0,,
1,EV_B4_C3,2.0,75.0,,
1,EV_B4_C3,1.0,75.0,,
1,EV_B4_C3,0.0,75.0,,
3,,,,,
3,,,,,
3,,,,,
3,,,,,
3,,,,,
3,,,,,
3,,,,,
3,,,,,
3,,,,,
3,,,,,
3,,,,,
3,,,,,
3,,,,,
2,EV_B4_C3,,,0.0,22.168509135524022
1,EV_B4_C3,9.0,75.0,,
1,EV_B4_C3,8.0,75.0,,
1,EV_B4_C3,7.0,75.0,,
1,EV_B4_C3,6.0,75.0,,
1,EV_B4_C3,5.0,75.0,,
1,EV_B4_C3,4.0,75.0,,
1,EV_B4_C3,3.0,75.0,,
1,EV_B4_C3,2.0,75.0,,
1,EV_B4_C3,1.0,75.0,,
1,EV_B4_C3,0.0,75.0,,
3,,,,,
3,,,,,
3,,,,,
3,,,,,
3,,,,,
3,,,,,
3,,,,,
3,,,,,
3,,,,,
3,,,,,
3,,,,,
3,,,,,
2,EV_B4_C3,,,0.0,30.750105632360906
1,EV_B4_C3,11.0,75.0,,
1,EV_B4_C3,10.0,75.0,,
1,EV_B4_C3,9.0,75.0,,
1,EV_B4_C3,8.0,75.0,,
1,EV_B4_C3,7.0,75.0,,
1,EV_B4_C3,6.0,75.0,,
1,EV_B4_C3,5.0,75.0,,
1,EV_B4_C3,4.0,75.0,,
1,EV_B4_C3,3.0,75.0,,
1,EV_B4_C3,2.0,75.0,,
1,EV_B4_C3,1.0,75.0,,
1,EV_B4_C3,0.0,75.0,,
3,,,,,
3,,,,,
3,,,,,
3,,,,,
3,,,,,
3,,,,,
3,,,,,
3,,,,,
3,,,,,
3,,,,,
2,EV_B4_C3,,,0.0,24.62515638528403
1,EV_B4_C3,11.0,75.0,,
1,EV_B4_C3,10.0,75.0,,
1,EV_B4_C3,9.0,75.0,,
1,EV_B4_C3,8.0,75.0,,
1,EV_B4_C3,7.0,75.0,,
1,EV_B4_C3,6.0,75.0,,
1,EV_B4_C3,5.0,75.0,,
1,EV_B4_C3,4.0,75.0,,
1,EV_B4_C3,3.0,75.0,,
1,EV_B4_C3,2.0,75.0,,
1,EV_B4_C3,1.0,75.0,,
1,EV_B4_C3,0.0,75.0,,
3,,,,,
3,,,,,
3,,,,,
3,,,,,
3,,,,,
3,,,,,
3,,,,,
3,,,,,
3,,,,,
3,,,,,
3,,,,,
3,,,,,
3,,,,,
3,,,,,
3,,,,,
3,,,,,
3,,,,,
3,,,,,
3,,,,,
3,,,,,
3,,,,,
3,,,,,
3,,,,,
3,,,,,
3,,,,,
3,,,,,
3,,,,,
3,,,,,
3,,,,,
3,,,,,
3,,,,,
3,,,,,
3,,,,,
3,,,,,
3,,,,,
3,,,,,
3,,,,,
3,,,,,
2,EV_B4_C3,,,0.0,26.090356318824465
1,EV_B4_C3,9.0,75.0,,
1,EV_B4_C3,8.0,75.0,,
1,EV_B4_C3,7.0,75.0,,
1,EV_B4_C3,6.0,75.0,,
1,EV_B4_C3,5.0,75.0,,
1,EV_B4_C3,4.0,75.0,,
1,EV_B4_C3,3.0,75.0,,
1,EV_B4_C3,2.0,75.0,,
1,EV_B4_C3,1.0,75.0,,
1,EV_B4_C3,0.0,75.0,,
3,,,,,
3,,,,,
3,,,,,
3,,,,,
3,,,,,
3,,,,,
3,,,,,
3,,,,,
3,,,,,
3,,,,,
3,,,,,
2,EV_B4_C3,,,0.0,21.922829587998468
1,EV_B4_C3,10.0,75.0,,
1,EV_B4_C3,9.0,75.0,,
1,EV_B4_C3,8.0,75.0,,
1,EV_B4_C3,7.0,75.0,,
1,EV_B4_C3,6.0,75.0,,
1,EV_B4_C3,5.0,75.0,,
1,EV_B4_C3,4.0,75.0,,
1,EV_B4_C3,3.0,75.0,,
1,EV_B4_C3,2.0,75.0,,
1,EV_B4_C3,1.0,75.0,,
1,EV_B4_C3,0.0,75.0,,
3,,,,,
3,,,,,
3,,,,,
3,,,,,
3,,,,,
3,,,,,
3,,,,,
3,,,,,
3,,,,,
3,,,,,
3,,,,,
3,,,,,
2,EV_B4_C3,,,0.0,29.520810861855484
1,EV_B4_C3,11.0,75.0,,
1,EV_B4_C3,10.0,75.0,,
1,EV_B4_C3,9.0,75.0,,
1,EV_B4_C3,8.0,75.0,,
1,EV_B4_C3,7.0,75.0,,
1,EV_B4_C3,6.0,75.0,,
1,EV_B4_C3,5.0,75.0,,
1,EV_B4_C3,4.0,75.0,,
1,EV_B4_C3,3.0,75.0,,
1,EV_B4_C3,2.0,75.0,,
1,EV_B4_C3,1.0,75.0,,
1,EV_B4_C3,0.0,75.0,,
3,,,,,
3,,,,,
3,,,,,
3,,,,,
3,,,,,
3,,,,,
3,,,,,
3,,,,,
3,,,,,
3,,,,,
3,,,,,
2,EV_B4_C3,,,0.0,37.76928399992713
1,EV_B4_C3,10.0,75.0,,
1,EV_B4_C3,9.0,75.0,,
1,EV_B4_C3,8.0,75.0,,
1,EV_B4_C3,7.0,75.0,,
1,EV_B4_C3,6.0,75.0,,
1,EV_B4_C3,5.0,75.0,,
1,EV_B4_C3,4.0,75.0,,
1,EV_B4_C3,3.0,75.0,,
1,EV_B4_C3,2.0,75.0,,
1,EV_B4_C3,1.0,75.0,,
1,EV_B4_C3,0.0,75.0,,
3,,,,,
3,,,,,
3,,,,,
3,,,,,
3,,,,,
3,,,,,
3,,,,,
3,,,,,
3,,,,,
3,,,,,
3,,,,,
3,,,,,
3,,,,,
3,,,,,
2,EV_B4_C3,,,0.0,37.826861379067914
1,EV_B4_C3,9.0,75.0,,
1,EV_B4_C3,8.0,75.0,,
1,EV_B4_C3,7.0,75.0,,
1,EV_B4_C3,6.0,75.0,,
1,EV_B4_C3,5.0,75.0,,
1,EV_B4_C3,4.0,75.0,,
1,EV_B4_C3,3.0,75.0,,
1,EV_B4_C3,2.0,75.0,,
1,EV_B4_C3,1.0,75.0,,
1,EV_B4_C3,0.0,75.0,,
3,,,,,
3,,,,,
3,,,,,
3,,,,,
3,,,,,
3,,,,,
3,,,,,
3,,,,,
3,,,,,
3,,,,,
3,,,,,
2,EV_B4_C3,,,0.0,37.69029700687311
1,EV_B4_C3,10.0,75.0,,
1,EV_B4_C3,9.0,75.0,,
1,EV_B4_C3,8.0,75.0,,
1,EV_B4_C3,7.0,75.0,,
1,EV_B4_C3,6.0,75.0,,
1,EV_B4_C3,5.0,75.0,,
1,EV_B4_C3,4.0,75.0,,
1,EV_B4_C3,3.0,75.0,,
1,EV_B4_C3,2.0,75.0,,
1,EV_B4_C3,1.0,75.0,,
1,EV_B4_C3,0.0,75.0,,
3,,,,,
3,,,,,
3,,,,,
3,,,,,
3,,,,,
3,,,,,
3,,,,,
3,,,,,
3,,,,,
3,,,,,
3,,,,,
3,,,,,
3,,,,,
2,EV_B4_C3,,,0.0,24.520104660574635
1,EV_B4_C3,10.0,75.0,,
1,EV_B4_C3,9.0,75.0,,
1,EV_B4_C3,8.0,75.0,,
1,EV_B4_C3,7.0,75.0,,
1,EV_B4_C3,6.0,75.0,,
1,EV_B4_C3,5.0,75.0,,
1,EV_B4_C3,4.0,75.0,,
1,EV_B4_C3,3.0,75.0,,
1,EV_B4_C3,2.0,75.0,,
1,EV_B4_C3,1.0,75.0,,
1,EV_B4_C3,0.0,75.0,,
3,,,,,
3,,,,,
3,,,,,
3,,,,,
3,,,,,
3,,,,,
3,,,,,
3,,,,,
3,,,,,
3,,,,,
3,,,,,
3,,,,,
2,EV_B4_C3,,,0.0,24.048602244527455
1,EV_B4_C3,9.0,75.0,,
1,EV_B4_C3,8.0,75.0,,
1,EV_B4_C3,7.0,75.0,,
1,EV_B4_C3,6.0,75.0,,
1,EV_B4_C3,5.0,75.0,,
1,EV_B4_C3,4.0,75.0,,
1,EV_B4_C3,3.0,75.0,,
1,EV_B4_C3,2.0,75.0,,
1,EV_B4_C3,1.0,75.0,,
1,EV_B4_C3,0.0,75.0,,
3,,,,,
3,,,,,
3,,,,,
3,,,,,
3,,,,,
3,,,,,
3,,,,,
3,,,,,
3,,,,,
3,,,,,
3,,,,,
3,,,,,
3,,,,,
2,EV_B4_C3,,,0.0,21.887868702871685
1,EV_B4_C3,9.0,75.0,,
1,EV_B4_C3,8.0,75.0,,
1,EV_B4_C3,7.0,75.0,,
1,EV_B4_C3,6.0,75.0,,
1,EV_B4_C3,5.0,75.0,,
1,EV_B4_C3,4.0,75.0,,
1,EV_B4_C3,3.0,75.0,,
1,EV_B4_C3,2.0,75.0,,
1,EV_B4_C3,1.0,75.0,,
1,EV_B4_C3,0.0,75.0,,
3,,,,,
3,,,,,
3,,,,,
3,,,,,
3,,,,,
3,,,,,
3,,,,,
3,,,,,
3,,,,,
3,,,,,
3,,,,,
3,,,,,
3,,,,,
2,EV_B4_C3,,,0.0,37.853863187142025
1,EV_B4_C3,10.0,75.0,,
1,EV_B4_C3,9.0,75.0,,
1,EV_B4_C3,8.0,75.0,,
1,EV_B4_C3,7.0,75.0,,
1,EV_B4_C3,6.0,75.0,,
1,EV_B4_C3,5.0,75.0,,
1,EV_B4_C3,4.0,75.0,,
1,EV_B4_C3,3.0,75.0,,
1,EV_B4_C3,2.0,75.0,,
1,EV_B4_C3,1.0,75.0,,
1,EV_B4_C3,0.0,75.0,,
3,,,,,
3,,,,,
3,,,,,
3,,,,,
3,,,,,
3,,,,,
3,,,,,
3,,,,,
3,,,,,
3,,,,,
3,,,,,
3,,,,,
3,,,,,
2,EV_B4_C3,,,0.0,32.917569585537606
1,EV_B4_C3,8.0,75.0,,
1,EV_B4_C3,7.0,75.0,,
1,EV_B4_C3,6.0,75.0,,
1,EV_B4_C3,5.0,75.0,,
1,EV_B4_C3,4.0,75.0,,
1,EV_B4_C3,3.0,75.0,,
1,EV_B4_C3,2.0,75.0,,
1,EV_B4_C3,1.0,75.0,,
1,EV_B4_C3,0.0,75.0,,
3,,,,,
3,,,,,
3,,,,,
3,,,,,
3,,,,,
3,,,,,
3,,,,,
3,,,,,
3,,,,,
3,,,,,
3,,,,,
3,,,,,
2,EV_B4_C3,,,0.0,22.843728034760773
1,EV_B4_C3,10.0,75.0,,
1,EV_B4_C3,9.0,75.0,,
1,EV_B4_C3,8.0,75.0,,
1,EV_B4_C3,7.0,75.0,,
1,EV_B4_C3,6.0,75.0,,
1,EV_B4_C3,5.0,75.0,,
1,EV_B4_C3,4.0,75.0,,
1,EV_B4_C3,3.0,75.0,,
1,EV_B4_C3,2.0,75.0,,
1,EV_B4_C3,1.0,75.0,,
1,EV_B4_C3,0.0,75.0,,
3,,,,,
3,,,,,
3,,,,,
3,,,,,
3,,,,,
3,,,,,
3,,,,,
3,,,,,
3,,,,,
3,,,,,
3,,,,,
3,,,,,
3,,,,,
2,EV_B4_C3,,,0.0,37.24756543414675
1,EV_B4_C3,10.0,75.0,,
1,EV_B4_C3,9.0,75.0,,
1,EV_B4_C3,8.0,75.0,,
1,EV_B4_C3,7.0,75.0,,
1,EV_B4_C3,6.0,75.0,,
1,EV_B4_C3,5.0,75.0,,
1,EV_B4_C3,4.0,75.0,,
1,EV_B4_C3,3.0,75.0,,
1,EV_B4_C3,2.0,75.0,,
1,EV_B4_C3,1.0,75.0,,
1,EV_B4_C3,0.0,75.0,,
3,,,,,
3,,,,,
3,,,,,
3,,,,,
3,,,,,
3,,,,,
3,,,,,
3,,,,,
3,,,,,
3,,,,,
3,,,,,
2,EV_B4_C3,,,0.0,37.92751155747365
1,EV_B4_C3,10.0,75.0,,
1,EV_B4_C3,9.0,75.0,,
1,EV_B4_C3,8.0,75.0,,
1,EV_B4_C3,7.0,75.0,,
1,EV_B4_C3,6.0,75.0,,
1,EV_B4_C3,5.0,75.0,,
1,EV_B4_C3,4.0,75.0,,
1,EV_B4_C3,3.0,75.0,,
1,EV_B4_C3,2.0,75.0,,
1,EV_B4_C3,1.0,75.0,,
1,EV_B4_C3,0.0,75.0,,
3,,,,,
3,,,,,
3,,,,,
3,,,,,
3,,,,,
3,,,,,
3,,,,,
3,,,,,
3,,,,,
3,,,,,
3,,,,,
3,,,,,
3,,,,,
3,,,,,
2,EV_B4_C3,,,0.0,20.127910395055878
1,EV_B4_C3,8.0,75.0,,
1,EV_B4_C3,7.0,75.0,,
1,EV_B4_C3,6.0,75.0,,
1,EV_B4_C3,5.0,75.0,,
1,EV_B4_C3,4.0,75.0,,
1,EV_B4_C3,3.0,75.0,,
1,EV_B4_C3,2.0,75.0,,
1,EV_B4_C3,1.0,75.0,,
1,EV_B4_C3,0.0,75.0,,
3,,,,,
3,,,,,
3,,,,,
3,,,,,
3,,,,,
3,,,,,
3,,,,,
3,,,,,
3,,,,,
3,,,,,
3,,,,,
3,,,,,
3,,,,,
2,EV_B4_C3,,,0.0,24.139028657509513
1,EV_B4_C3,10.0,75.0,,
1,EV_B4_C3,9.0,75.0,,
1,EV_B4_C3,8.0,75.0,,
1,EV_B4_C3,7.0,75.0,,
1,EV_B4_C3,6.0,75.0,,
1,EV_B4_C3,5.0,75.0,,
1,EV_B4_C3,4.0,75.0,,
1,EV_B4_C3,3.0,75.0,,
1,EV_B4_C3,2.0,75.0,,
1,EV_B4_C3,1.0,75.0,,
1,EV_B4_C3,0.0,75.0,,
3,,,,,
3,,,,,
3,,,,,
3,,,,,
3,,,,,
3,,,,,
3,,,,,
3,,,,,
3,,,,,
3,,,,,
3,,,,,
2,EV_B4_C3,,,0.0,26.17863864084796
1,EV_B4_C3,10.0,75.0,,
1,EV_B4_C3,9.0,75.0,,
1,EV_B4_C3,8.0,75.0,,
1,EV_B4_C3,7.0,75.0,,
1,EV_B4_C3,6.0,75.0,,
1,EV_B4_C3,5.0,75.0,,
1,EV_B4_C3,4.0,75.0,,
1,EV_B4_C3,3.0,75.0,,
1,EV_B4_C3,2.0,75.0,,
1,EV_B4_C3,1.0,75.0,,
1,EV_B4_C3,0.0,75.0,,
3,,,,,
3,,,,,
3,,,,,
3,,,,,
3,,,,,
3,,,,,
3,,,,,
3,,,,,
3,,,,,
3,,,,,
3,,,,,
3,,,,,
2,EV_B4_C3,,,0.0,20.33897709277632
1,EV_B4_C3,12.0,75.0,,
1,EV_B4_C3,11.0,75.0,,
1,EV_B4_C3,10.0,75.0,,
1,EV_B4_C3,9.0,75.0,,
1,EV_B4_C3,8.0,75.0,,
1,EV_B4_C3,7.0,75.0,,
1,EV_B4_C3,6.0,75.0,,
1,EV_B4_C3,5.0,75.0,,
1,EV_B4_C3,4.0,75.0,,
1,EV_B4_C3,3.0,75.0,,
1,EV_B4_C3,2.0,75.0,,
1,EV_B4_C3,1.0,75.0,,
1,EV_B4_C3,0.0,75.0,,
3,,,,,
3,,,,,
3,,,,,
3,,,,,
3,,,,,
3,,,,,
3,,,,,
3,,,,,
3,,,,,
2,EV_B4_C3,,,0.0,31.26168663291645
1,EV_B4_C3,11.0,75.0,,
1,EV_B4_C3,10.0,75.0,,
1,EV_B4_C3,9.0,75.0,,
1,EV_B4_C3,8.0,75.0,,
1,EV_B4_C3,7.0,75.0,,
1,EV_B4_C3,6.0,75.0,,
1,EV_B4_C3,5.0,75.0,,
1,EV_B4_C3,4.0,75.0,,
1,EV_B4_C3,3.0,75.0,,
1,EV_B4_C3,2.0,75.0,,
1,EV_B4_C3,1.0,75.0,,
1,EV_B4_C3,0.0,75.0,,
3,,,,,
3,,,,,
3,,,,,
3,,,,,
3,,,,,
3,,,,,
3,,,,,
3,,,,,
3,,,,,
3,,,,,
3,,,,,
3,,,,,
3,,,,,
2,EV_B4_C3,,,0.0,23.236696291892066
1,EV_B4_C3,10.0,75.0,,
1,EV_B4_C3,9.0,75.0,,
1,EV_B4_C3,8.0,75.0,,
1,EV_B4_C3,7.0,75.0,,
1,EV_B4_C3,6.0,75.0,,
1,EV_B4_C3,5.0,75.0,,
1,EV_B4_C3,4.0,75.0,,
1,EV_B4_C3,3.0,75.0,,
1,EV_B4_C3,2.0,75.0,,
1,EV_B4_C3,1.0,75.0,,
1,EV_B4_C3,0.0,75.0,,
3,,,,,
3,,,,,
3,,,,,
3,,,,,
3,,,,,
3,,,,,
3,,,,,
3,,,,,
3,,,,,
3,,,,,
3,,,,,
2,EV_B4_C3,,,0.0,32.04428433952429
1,EV_B4_C3,11.0,75.0,,
1,EV_B4_C3,10.0,75.0,,
1,EV_B4_C3,9.0,75.0,,
1,EV_B4_C3,8.0,75.0,,
1,EV_B4_C3,7.0,75.0,,
1,EV_B4_C3,6.0,75.0,,
1,EV_B4_C3,5.0,75.0,,
1,EV_B4_C3,4.0,75.0,,
1,EV_B4_C3,3.0,75.0,,
1,EV_B4_C3,2.0,75.0,,
1,EV_B4_C3,1.0,75.0,,
1,EV_B4_C3,0.0,75.0,,
3,,,,,
3,,,,,
3,,,,,
3,,,,,
3,,,,,
3,,,,,
3,,,,,
3,,,,,
3,,,,,
3,,,,,
3,,,,,
3,,,,,
3,,,,,
2,EV_B4_C3,,,0.0,27.076447627477396
1,EV_B4_C3,9.0,75.0,,
1,EV_B4_C3,8.0,75.0,,
1,EV_B4_C3,7.0,75.0,,
1,EV_B4_C3,6.0,75.0,,
1,EV_B4_C3,5.0,75.0,,
1,EV_B4_C3,4.0,75.0,,
1,EV_B4_C3,3.0,75.0,,
1,EV_B4_C3,2.0,75.0,,
1,EV_B4_C3,1.0,75.0,,
1,EV_B4_C3,0.0,75.0,,
3,,,,,
3,,,,,
3,,,,,
3,,,,,
3,,,,,
3,,,,,
3,,,,,
3,,,,,
3,,,,,
3,,,,,
3,,,,,
3,,,,,
2,EV_B4_C3,,,0.0,24.94207264730041
1,EV_B4_C3,9.0,75.0,,
1,EV_B4_C3,8.0,75.0,,
1,EV_B4_C3,7.0,75.0,,
1,EV_B4_C3,6.0,75.0,,
1,EV_B4_C3,5.0,75.0,,
1,EV_B4_C3,4.0,75.0,,
1,EV_B4_C3,3.0,75.0,,
1,EV_B4_C3,2.0,75.0,,
1,EV_B4_C3,1.0,75.0,,
1,EV_B4_C3,0.0,75.0,,
3,,,,,
3,,,,,
3,,,,,
3,,,,,
3,,,,,
3,,,,,
3,,,,,
3,,,,,
3,,,,,
3,,,,,
3,,,,,
3,,,,,
2,EV_B4_C3,,,0.0,31.932340399791137
1,EV_B4_C3,9.0,75.0,,
1,EV_B4_C3,8.0,75.0,,
1,EV_B4_C3,7.0,75.0,,
1,EV_B4_C3,6.0,75.0,,
1,EV_B4_C3,5.0,75.0,,
1,EV_B4_C3,4.0,75.0,,
1,EV_B4_C3,3.0,75.0,,
1,EV_B4_C3,2.0,75.0,,
1,EV_B4_C3,1.0,75.0,,
1,EV_B4_C3,0.0,75.0,,
3,,,,,
3,,,,,
3,,,,,
3,,,,,
3,,,,,
3,,,,,
3,,,,,
3,,,,,
3,,,,,
3,,,,,
3,,,,,
3,,,,,
3,,,,,
3,,,,,
3,,,,,
2,EV_B4_C3,,,0.0,31.451863493428018
1,EV_B4_C3,8.0,75.0,,
1,EV_B4_C3,7.0,75.0,,
1,EV_B4_C3,6.0,75.0,,
1,EV_B4_C3,5.0,75.0,,
1,EV_B4_C3,4.0,75.0,,
1,EV_B4_C3,3.0,75.0,,
1,EV_B4_C3,2.0,75.0,,
1,EV_B4_C3,1.0,75.0,,
1,EV_B4_C3,0.0,75.0,,
3,,,,,
3,,,,,
3,,,,,
3,,,,,
3,,,,,
3,,,,,
3,,,,,
3,,,,,
3,,,,,
3,,,,,
3,,,,,
2,EV_B4_C3,,,0.0,36.073891188100475
1,EV_B4_C3,11.0,75.0,,
1,EV_B4_C3,10.0,75.0,,
1,EV_B4_C3,9.0,75.0,,
1,EV_B4_C3,8.0,75.0,,
1,EV_B4_C3,7.0,75.0,,
1,EV_B4_C3,6.0,75.0,,
1,EV_B4_C3,5.0,75.0,,
1,EV_B4_C3,4.0,75.0,,
1,EV_B4_C3,3.0,75.0,,
1,EV_B4_C3,2.0,75.0,,
1,EV_B4_C3,1.0,75.0,,
1,EV_B4_C3,0.0,75.0,,
3,,,,,
3,,,,,
3,,,,,
3,,,,,
3,,,,,
3,,,,,
3,,,,,
3,,,,,
3,,,,,
3,,,,,
3,,,,,
3,,,,,
2,EV_B4_C3,,,0.0,22.721600582564573
1,EV_B4_C3,10.0,75.0,,
1,EV_B4_C3,9.0,75.0,,
1,EV_B4_C3,8.0,75.0,,
1,EV_B4_C3,7.0,75.0,,
1,EV_B4_C3,6.0,75.0,,
1,EV_B4_C3,5.0,75.0,,
1,EV_B4_C3,4.0,75.0,,
1,EV_B4_C3,3.0,75.0,,
1,EV_B4_C3,2.0,75.0,,
1,EV_B4_C3,1.0,75.0,,
1,EV_B4_C3,0.0,75.0,,
3,,,,,
3,,,,,
3,,,,,
3,,,,,
3,,,,,
3,,,,,
3,,,,,
3,,,,,
3,,,,,
3,,,,,
3,,,,,
3,,,,,
3,,,,,
2,EV_B4_C3,,,0.0,39.66944352587011
1,EV_B4_C3,9.0,75.0,,
1,EV_B4_C3,8.0,75.0,,
1,EV_B4_C3,7.0,75.0,,
1,EV_B4_C3,6.0,75.0,,
1,EV_B4_C3,5.0,75.0,,
1,EV_B4_C3,4.0,75.0,,
1,EV_B4_C3,3.0,75.0,,
1,EV_B4_C3,2.0,75.0,,
1,EV_B4_C3,1.0,75.0,,
1,EV_B4_C3,0.0,75.0,,
3,,,,,
3,,,,,
3,,,,,
3,,,,,
3,,,,,
3,,,,,
3,,,,,
3,,,,,
3,,,,,
3,,,,,
3,,,,,
3,,,,,
2,EV_B4_C3,,,0.0,34.976098229369654
1,EV_B4_C3,11.0,75.0,,
1,EV_B4_C3,10.0,75.0,,
1,EV_B4_C3,9.0,75.0,,
1,EV_B4_C3,8.0,75.0,,
1,EV_B4_C3,7.0,75.0,,
1,EV_B4_C3,6.0,75.0,,
1,EV_B4_C3,5.0,75.0,,
1,EV_B4_C3,4.0,75.0,,
1,EV_B4_C3,3.0,75.0,,
1,EV_B4_C3,2.0,75.0,,
1,EV_B4_C3,1.0,75.0,,
1,EV_B4_C3,0.0,75.0,,
3,,,,,
3,,,,,
3,,,,,
3,,,,,
3,,,,,
3,,,,,
3,,,,,
3,,,,,
3,,,,,
3,,,,,
3,,,,,
3,,,,,
3,,,,,
3,,,,,
3,,,,,
3,,,,,
3,,,,,
3,,,,,
3,,,,,
3,,,,,
3,,,,,
3,,,,,
3,,,,,
3,,,,,
3,,,,,
3,,,,,
3,,,,,
3,,,,,
3,,,,,
3,,,,,
3,,,,,
3,,,,,
3,,,,,
3,,,,,
3,,,,,
3,,,,,
2,EV_B4_C3,,,0.0,39.53721310520514
1,EV_B4_C3,10.0,75.0,,
1,EV_B4_C3,9.0,75.0,,
1,EV_B4_C3,8.0,75.0,,
1,EV_B4_C3,7.0,75.0,,
1,EV_B4_C3,6.0,75.0,,
1,EV_B4_C3,5.0,75.0,,
1,EV_B4_C3,4.0,75.0,,
1,EV_B4_C3,3.0,75.0,,
1,EV_B4_C3,2.0,75.0,,
1,EV_B4_C3,1.0,75.0,,
1,EV_B4_C3,0.0,75.0,,
3,,,,,
3,,,,,
3,,,,,
3,,,,,
3,,,,,
3,,,,,
3,,,,,
3,,,,,
3,,,,,
3,,,,,
3,,,,,
3,,,,,
2,EV_B4_C3,,,0.0,27.328918512144334
1,EV_B4_C3,9.0,75.0,,
1,EV_B4_C3,8.0,75.0,,
1,EV_B4_C3,7.0,75.0,,
1,EV_B4_C3,6.0,75.0,,
1,EV_B4_C3,5.0,75.0,,
1,EV_B4_C3,4.0,75.0,,
1,EV_B4_C3,3.0,75.0,,
1,EV_B4_C3,2.0,75.0,,
1,EV_B4_C3,1.0,75.0,,
1,EV_B4_C3,0.0,75.0,,
3,,,,,
3,,,,,
3,,,,,
3,,,,,
3,,,,,
3,,,,,
3,,,,,
3,,,,,
3,,,,,
3,,,,,
3,,,,,
3,,,,,
3,,,,,
2,EV_B4_C3,,,0.0,22.38024227230746
1,EV_B4_C3,10.0,75.0,,
1,EV_B4_C3,9.0,75.0,,
1,EV_B4_C3,8.0,75.0,,
1,EV_B4_C3,7.0,75.0,,
1,EV_B4_C3,6.0,75.0,,
1,EV_B4_C3,5.0,75.0,,
1,EV_B4_C3,4.0,75.0,,
1,EV_B4_C3,3.0,75.0,,
1,EV_B4_C3,2.0,75.0,,
1,EV_B4_C3,1.0,75.0,,
1,EV_B4_C3,0.0,75.0,,
3,,,,,
3,,,,,
3,,,,,
3,,,,,
3,,,,,
3,,,,,
3,,,,,
3,,,,,
3,,,,,
3,,,,,
3,,,,,
2,EV_B4_C3,,,0.0,35.0637182523695
1,EV_B4_C3,10.0,75.0,,
1,EV_B4_C3,9.0,75.0,,
1,EV_B4_C3,8.0,75.0,,
1,EV_B4_C3,7.0,75.0,,
1,EV_B4_C3,6.0,75.0,,
1,EV_B4_C3,5.0,75.0,,
1,EV_B4_C3,4.0,75.0,,
1,EV_B4_C3,3.0,75.0,,
1,EV_B4_C3,2.0,75.0,,
1,EV_B4_C3,1.0,75.0,,
1,EV_B4_C3,0.0,75.0,,
3,,,,,
3,,,,,
3,,,,,
3,,,,,
3,,,,,
3,,,,,
3,,,,,
3,,,,,
3,,,,,
3,,,,,
3,,,,,
3,,,,,
3,,,,,
2,EV_B4_C3,,,0.0,30.055892851480266
1,EV_B4_C3,10.0,75.0,,
1,EV_B4_C3,9.0,75.0,,
1,EV_B4_C3,8.0,75.0,,
1,EV_B4_C3,7.0,75.0,,
1,EV_B4_C3,6.0,75.0,,
1,EV_B4_C3,5.0,75.0,,
1,EV_B4_C3,4.0,75.0,,
1,EV_B4_C3,3.0,75.0,,
1,EV_B4_C3,2.0,75.0,,
1,EV_B4_C3,1.0,75.0,,
1,EV_B4_C3,0.0,75.0,,
3,,,,,
3,,,,,
3,,,,,
3,,,,,
3,,,,,
3,,,,,
3,,,,,
3,,,,,
3,,,,,
3,,,,,
2,EV_B4_C3,,,0.0,21.767438046289794
1,EV_B4_C3,11.0,75.0,,
1,EV_B4_C3,10.0,75.0,,
1,EV_B4_C3,9.0,75.0,,
1,EV_B4_C3,8.0,75.0,,
1,EV_B4_C3,7.0,75.0,,
1,EV_B4_C3,6.0,75.0,,
1,EV_B4_C3,5.0,75.0,,
1,EV_B4_C3,4.0,75.0,,
1,EV_B4_C3,3.0,75.0,,
1,EV_B4_C3,2.0,75.0,,
1,EV_B4_C3,1.0,75.0,,
1,EV_B4_C3,0.0,75.0,,
3,,,,,
3,,,,,
3,,,,,
3,,,,,
3,,,,,
3,,,,,
3,,,,,
3,,,,,
3,,,,,
3,,,,,
3,,,,,
3,,,,,
2,EV_B4_C3,,,0.0,36.05632246758046
1,EV_B4_C3,10.0,75.0,,
1,EV_B4_C3,9.0,75.0,,
1,EV_B4_C3,8.0,75.0,,
1,EV_B4_C3,7.0,75.0,,
1,EV_B4_C3,6.0,75.0,,
1,EV_B4_C3,5.0,75.0,,
1,EV_B4_C3,4.0,75.0,,
1,EV_B4_C3,3.0,75.0,,
1,EV_B4_C3,2.0,75.0,,
1,EV_B4_C3,1.0,75.0,,
1,EV_B4_C3,0.0,75.0,,
3,,,,,
3,,,,,
3,,,,,
3,,,,,
3,,,,,
3,,,,,
3,,,,,
3,,,,,
3,,,,,
3,,,,,
3,,,,,
2,EV_B4_C3,,,0.0,24.37319289276576
1,EV_B4_C3,12.0,75.0,,
1,EV_B4_C3,11.0,75.0,,
1,EV_B4_C3,10.0,75.0,,
1,EV_B4_C3,9.0,75.0,,
1,EV_B4_C3,8.0,75.0,,
1,EV_B4_C3,7.0,75.0,,
1,EV_B4_C3,6.0,75.0,,
1,EV_B4_C3,5.0,75.0,,
1,EV_B4_C3,4.0,75.0,,
1,EV_B4_C3,3.0,75.0,,
1,EV_B4_C3,2.0,75.0,,
1,EV_B4_C3,1.0,75.0,,
1,EV_B4_C3,0.0,75.0,,
3,,,,,
3,,,,,
3,,,,,
3,,,,,
3,,,,,
3,,,,,
3,,,,,
3,,,,,
3,,,,,
3,,,,,
3,,,,,
3,,,,,
2,EV_B4_C3,,,0.0,34.2399857512091
1,EV_B4_C3,9.0,75.0,,
1,EV_B4_C3,8.0,75.0,,
1,EV_B4_C3,7.0,75.0,,
1,EV_B4_C3,6.0,75.0,,
1,EV_B4_C3,5.0,75.0,,
1,EV_B4_C3,4.0,75.0,,
1,EV_B4_C3,3.0,75.0,,
1,EV_B4_C3,2.0,75.0,,
1,EV_B4_C3,1.0,75.0,,
1,EV_B4_C3,0.0,75.0,,
3,,,,,
3,,,,,
3,,,,,
3,,,,,
3,,,,,
3,,,,,
3,,,,,
3,,,,,
3,,,,,
3,,,,,
3,,,,,
3,,,,,
3,,,,,
3,,,,,
3,,,,,
3,,,,,
3,,,,,
3,,,,,
3,,,,,
3,,,,,
3,,,,,
3,,,,,
3,,,,,
3,,,,,
3,,,,,
3,,,,,
3,,,,,
3,,,,,
3,,,,,
3,,,,,
3,,,,,
3,,,,,
3,,,,,
3,,,,,
3,,,,,
3,,,,,
3,,,,,
3,,,,,
2,EV_B4_C3,,,0.0,33.04554855347788
1,EV_B4_C3,9.0,75.0,,
1,EV_B4_C3,8.0,75.0,,
1,EV_B4_C3,7.0,75.0,,
1,EV_B4_C3,6.0,75.0,,
1,EV_B4_C3,5.0,75.0,,
1,EV_B4_C3,4.0,75.0,,
1,EV_B4_C3,3.0,75.0,,
1,EV_B4_C3,2.0,75.0,,
1,EV_B4_C3,1.0,75.0,,
1,EV_B4_C3,0.0,75.0,,
3,,,,,
3,,,,,
3,,,,,
3,,,,,
3,,,,,
3,,,,,
3,,,,,
3,,,,,
3,,,,,
3,,,,,
3,,,,,
3,,,,,
3,,,,,
2,EV_B4_C3,,,0.0,22.76515547381167
1,EV_B4_C3,8.0,75.0,,
1,EV_B4_C3,7.0,75.0,,
1,EV_B4_C3,6.0,75.0,,
1,EV_B4_C3,5.0,75.0,,
1,EV_B4_C3,4.0,75.0,,
1,EV_B4_C3,3.0,75.0,,
1,EV_B4_C3,2.0,75.0,,
1,EV_B4_C3,1.0,75.0,,
1,EV_B4_C3,0.0,75.0,,
3,,,,,
3,,,,,
3,,,,,
3,,,,,
3,,,,,
3,,,,,
3,,,,,
3,,,,,
3,,,,,
3,,,,,
3,,,,,
3,,,,,
3,,,,,
2,EV_B4_C3,,,0.0,38.211233415300356
1,EV_B4_C3,10.0,75.0,,
1,EV_B4_C3,9.0,75.0,,
1,EV_B4_C3,8.0,75.0,,
1,EV_B4_C3,7.0,75.0,,
1,EV_B4_C3,6.0,75.0,,
1,EV_B4_C3,5.0,75.0,,
1,EV_B4_C3,4.0,75.0,,
1,EV_B4_C3,3.0,75.0,,
1,EV_B4_C3,2.0,75.0,,
1,EV_B4_C3,1.0,75.0,,
1,EV_B4_C3,0.0,75.0,,
3,,,,,
3,,,,,
3,,,,,
3,,,,,
3,,,,,
3,,,,,
3,,,,,
3,,,,,
3,,,,,
3,,,,,
3,,,,,
2,EV_B4_C3,,,0.0,34.66470886562631
1,EV_B4_C3,11.0,75.0,,
1,EV_B4_C3,10.0,75.0,,
1,EV_B4_C3,9.0,75.0,,
1,EV_B4_C3,8.0,75.0,,
1,EV_B4_C3,7.0,75.0,,
1,EV_B4_C3,6.0,75.0,,
1,EV_B4_C3,5.0,75.0,,
1,EV_B4_C3,4.0,75.0,,
1,EV_B4_C3,3.0,75.0,,
1,EV_B4_C3,2.0,75.0,,
1,EV_B4_C3,1.0,75.0,,
1,EV_B4_C3,0.0,75.0,,
3,,,,,
3,,,,,
3,,,,,
3,,,,,
3,,,,,
3,,,,,
3,,,,,
3,,,,,
3,,,,,
3,,,,,
3,,,,,
2,EV_B4_C3,,,0.0,25.467591446752152
1,EV_B4_C3,11.0,75.0,,
1,EV_B4_C3,10.0,75.0,,
1,EV_B4_C3,9.0,75.0,,
1,EV_B4_C3,8.0,75.0,,
1,EV_B4_C3,7.0,75.0,,
1,EV_B4_C3,6.0,75.0,,
1,EV_B4_C3,5.0,75.0,,
1,EV_B4_C3,4.0,75.0,,
1,EV_B4_C3,3.0,75.0,,
1,EV_B4_C3,2.0,75.0,,
1,EV_B4_C3,1.0,75.0,,
1,EV_B4_C3,0.0,75.0,,
3,,,,,
3,,,,,
3,,,,,
3,,,,,
3,,,,,
3,,,,,
3,,,,,
3,,,,,
3,,,,,
3,,,,,
3,,,,,
3,,,,,
3,,,,,
2,EV_B4_C3,,,0.0,23.65921918442669
1,EV_B4_C3,9.0,75.0,,
1,EV_B4_C3,8.0,75.0,,
1,EV_B4_C3,7.0,75.0,,
1,EV_B4_C3,6.0,75.0,,
1,EV_B4_C3,5.0,75.0,,
1,EV_B4_C3,4.0,75.0,,
1,EV_B4_C3,3.0,75.0,,
1,EV_B4_C3,2.0,75.0,,
1,EV_B4_C3,1.0,75.0,,
1,EV_B4_C3,0.0,75.0,,
3,,,,,
3,,,,,
3,,,,,
3,,,,,
3,,,,,
3,,,,,
3,,,,,
3,,,,,
3,,,,,
3,,,,,
3,,,,,
3,,,,,
3,,,,,
2,EV_B4_C3,,,0.0,30.196823204048673
1,EV_B4_C3,10.0,75.0,,
1,EV_B4_C3,9.0,75.0,,
1,EV_B4_C3,8.0,75.0,,
1,EV_B4_C3,7.0,75.0,,
1,EV_B4_C3,6.0,75.0,,
1,EV_B4_C3,5.0,75.0,,
1,EV_B4_C3,4.0,75.0,,
1,EV_B4_C3,3.0,75.0,,
1,EV_B4_C3,2.0,75.0,,
1,EV_B4_C3,1.0,75.0,,
1,EV_B4_C3,0.0,75.0,,
3,,,,,
3,,,,,
3,,,,,
3,,,,,
3,,,,,
3,,,,,
3,,,,,
3,,,,,
3,,,,,
3,,,,,
2,EV_B4_C3,,,0.0,20.143548907781977
1,EV_B4_C3,11.0,75.0,,
1,EV_B4_C3,10.0,75.0,,
1,EV_B4_C3,9.0,75.0,,
1,EV_B4_C3,8.0,75.0,,
1,EV_B4_C3,7.0,75.0,,
1,EV_B4_C3,6.0,75.0,,
1,EV_B4_C3,5.0,75.0,,
1,EV_B4_C3,4.0,75.0,,
1,EV_B4_C3,3.0,75.0,,
1,EV_B4_C3,2.0,75.0,,
1,EV_B4_C3,1.0,75.0,,
1,EV_B4_C3,0.0,75.0,,
3,,,,,
3,,,,,
3,,,,,
3,,,,,
3,,,,,
3,,,,,
3,,,,,
3,,,,,
3,,,,,
3,,,,,
3,,,,,
3,,,,,
3,,,,,
3,,,,,
3,,,,,
3,,,,,
3,,,,,
3,,,,,
3,,,,,
3,,,,,
3,,,,,
3,,,,,
3,,,,,
3,,,,,
3,,,,,
3,,,,,
3,,,,,
3,,,,,
3,,,,,
3,,,,,
3,,,,,
3,,,,,
3,,,,,
3,,,,,
3,,,,,
3,,,,,
3,,,,,
3,,,,,
3,,,,,
3,,,,,
3,,,,,
3,,,,,
3,,,,,
3,,,,,
3,,,,,
3,,,,,
3,,,,,
3,,,,,
3,,,,,
3,,,,,
3,,,,,
3,,,,,
3,,,,,
3,,,,,
3,,,,,
3,,,,,
3,,,,,
3,,,,,
2,EV_B4_C3,,,0.0,24.316487619977767
1,EV_B4_C3,12.0,75.0,,
1,EV_B4_C3,11.0,75.0,,
1,EV_B4_C3,10.0,75.0,,
1,EV_B4_C3,9.0,75.0,,
1,EV_B4_C3,8.0,75.0,,
1,EV_B4_C3,7.0,75.0,,
1,EV_B4_C3,6.0,75.0,,
1,EV_B4_C3,5.0,75.0,,
1,EV_B4_C3,4.0,75.0,,
1,EV_B4_C3,3.0,75.0,,
1,EV_B4_C3,2.0,75.0,,
1,EV_B4_C3,1.0,75.0,,
1,EV_B4_C3,0.0,75.0,,
3,,,,,
3,,,,,
3,,,,,
3,,,,,
3,,,,,
3,,,,,
3,,,,,
3,,,,,
3,,,,,
3,,,,,
3,,,,,
2,EV_B4_C3,,,0.0,24.220378709855904
1,EV_B4_C3,10.0,75.0,,
1,EV_B4_C3,9.0,75.0,,
1,EV_B4_C3,8.0,75.0,,
1,EV_B4_C3,7.0,75.0,,
1,EV_B4_C3,6.0,75.0,,
1,EV_B4_C3,5.0,75.0,,
1,EV_B4_C3,4.0,75.0,,
1,EV_B4_C3,3.0,75.0,,
1,EV_B4_C3,2.0,75.0,,
1,EV_B4_C3,1.0,75.0,,
1,EV_B4_C3,0.0,75.0,,
3,,,,,
3,,,,,
3,,,,,
3,,,,,
3,,,,,
3,,,,,
3,,,,,
3,,,,,
3,,,,,
2,EV_B4_C3,,,0.0,23.58126932403429
1,EV_B4_C3,14.0,75.0,,
1,EV_B4_C3,13.0,75.0,,
1,EV_B4_C3,12.0,75.0,,
1,EV_B4_C3,11.0,75.0,,
1,EV_B4_C3,10.0,75.0,,
1,EV_B4_C3,9.0,75.0,,
1,EV_B4_C3,8.0,75.0,,
1,EV_B4_C3,7.0,75.0,,
1,EV_B4_C3,6.0,75.0,,
1,EV_B4_C3,5.0,75.0,,
1,EV_B4_C3,4.0,75.0,,
1,EV_B4_C3,3.0,75.0,,
1,EV_B4_C3,2.0,75.0,,
1,EV_B4_C3,1.0,75.0,,
1,EV_B4_C3,0.0,75.0,,
3,,,,,
3,,,,,
3,,,,,
3,,,,,
3,,,,,
3,,,,,
3,,,,,
3,,,,,
3,,,,,
3,,,,,
3,,,,,
2,EV_B4_C3,,,0.0,33.79875853358262
1,EV_B4_C3,10.0,75.0,,
1,EV_B4_C3,9.0,75.0,,
1,EV_B4_C3,8.0,75.0,,
1,EV_B4_C3,7.0,75.0,,
1,EV_B4_C3,6.0,75.0,,
1,EV_B4_C3,5.0,75.0,,
1,EV_B4_C3,4.0,75.0,,
1,EV_B4_C3,3.0,75.0,,
1,EV_B4_C3,2.0,75.0,,
1,EV_B4_C3,1.0,75.0,,
1,EV_B4_C3,0.0,75.0,,
3,,,,,
3,,,,,
3,,,,,
3,,,,,
3,,,,,
3,,,,,
3,,,,,
3,,,,,
3,,,,,
3,,,,,
3,,,,,
3,,,,,
3,,,,,
2,EV_B4_C3,,,0.0,34.38991223438986
1,EV_B4_C3,10.0,75.0,,
1,EV_B4_C3,9.0,75.0,,
1,EV_B4_C3,8.0,75.0,,
1,EV_B4_C3,7.0,75.0,,
1,EV_B4_C3,6.0,75.0,,
1,EV_B4_C3,5.0,75.0,,
1,EV_B4_C3,4.0,75.0,,
1,EV_B4_C3,3.0,75.0,,
1,EV_B4_C3,2.0,75.0,,
1,EV_B4_C3,1.0,75.0,,
1,EV_B4_C3,0.0,75.0,,
3,,,,,
3,,,,,
3,,,,,
3,,,,,
3,,,,,
3,,,,,
3,,,,,
3,,,,,
3,,,,,
3,,,,,
3,,,,,
3,,,,,
3,,,,,
3,,,,,
3,,,,,
3,,,,,
3,,,,,
3,,,,,
3,,,,,
3,,,,,
3,,,,,
3,,,,,
3,,,,,
3,,,,,
3,,,,,
3,,,,,
3,,,,,
3,,,,,
3,,,,,
3,,,,,
3,,,,,
3,,,,,
3,,,,,
3,,,,,
3,,,,,
2,EV_B4_C3,,,0.0,22.737098490421133
1,EV_B4_C3,10.0,75.0,,
1,EV_B4_C3,9.0,75.0,,
1,EV_B4_C3,8.0,75.0,,
1,EV_B4_C3,7.0,75.0,,
1,EV_B4_C3,6.0,75.0,,
1,EV_B4_C3,5.0,75.0,,
1,EV_B4_C3,4.0,75.0,,
1,EV_B4_C3,3.0,75.0,,
1,EV_B4_C3,2.0,75.0,,
1,EV_B4_C3,1.0,75.0,,
1,EV_B4_C3,0.0,75.0,,
3,,,,,
3,,,,,
3,,,,,
3,,,,,
3,,,,,
3,,,,,
3,,,,,
3,,,,,
3,,,,,
3,,,,,
3,,,,,
3,,,,,
3,,,,,
3,,,,,
3,,,,,
3,,,,,
3,,,,,
3,,,,,
3,,,,,
3,,,,,
3,,,,,
3,,,,,
3,,,,,
3,,,,,
3,,,,,
3,,,,,
3,,,,,
3,,,,,
3,,,,,
3,,,,,
3,,,,,
3,,,,,
3,,,,,
3,,,,,
3,,,,,
3,,,,,
3,,,,,
3,,,,,
3,,,,,
3,,,,,
3,,,,,
3,,,,,
3,,,,,
3,,,,,
3,,,,,
3,,,,,
3,,,,,
3,,,,,
3,,,,,
3,,,,,
3,,,,,
3,,,,,
3,,,,,
3,,,,,
3,,,,,
3,,,,,
3,,,,,
3,,,,,
3,,,,,
3,,,,,
2,EV_B4_C3,,,0.0,20.250862905340263
1,EV_B4_C3,11.0,75.0,,
1,EV_B4_C3,10.0,75.0,,
1,EV_B4_C3,9.0,75.0,,
1,EV_B4_C3,8.0,75.0,,
1,EV_B4_C3,7.0,75.0,,
1,EV_B4_C3,6.0,75.0,,
1,EV_B4_C3,5.0,75.0,,
1,EV_B4_C3,4.0,75.0,,
1,EV_B4_C3,3.0,75.0,,
1,EV_B4_C3,2.0,75.0,,
1,EV_B4_C3,1.0,75.0,,
1,EV_B4_C3,0.0,75.0,,
3,,,,,
3,,,,,
3,,,,,
3,,,,,
3,,,,,
3,,,,,
3,,,,,
3,,,,,
3,,,,,
3,,,,,
3,,,,,
3,,,,,
2,EV_B4_C3,,,0.0,32.43781947527145
1,EV_B4_C3,9.0,75.0,,
1,EV_B4_C3,8.0,75.0,,
1,EV_B4_C3,7.0,75.0,,
1,EV_B4_C3,6.0,75.0,,
1,EV_B4_C3,5.0,75.0,,
1,EV_B4_C3,4.0,75.0,,
1,EV_B4_C3,3.0,75.0,,
1,EV_B4_C3,2.0,75.0,,
1,EV_B4_C3,1.0,75.0,,
1,EV_B4_C3,0.0,75.0,,
3,,,,,
3,,,,,
3,,,,,
3,,,,,
3,,,,,
3,,,,,
3,,,,,
3,,,,,
3,,,,,
3,,,,,
3,,,,,
3,,,,,
3,,,,,
2,EV_B4_C3,,,0.0,30.39665314586645
1,EV_B4_C3,10.0,75.0,,
1,EV_B4_C3,9.0,75.0,,
1,EV_B4_C3,8.0,75.0,,
1,EV_B4_C3,7.0,75.0,,
1,EV_B4_C3,6.0,75.0,,
1,EV_B4_C3,5.0,75.0,,
1,EV_B4_C3,4.0,75.0,,
1,EV_B4_C3,3.0,75.0,,
1,EV_B4_C3,2.0,75.0,,
1,EV_B4_C3,1.0,75.0,,
1,EV_B4_C3,0.0,75.0,,
3,,,,,
3,,,,,
3,,,,,
3,,,,,
3,,,,,
3,,,,,
3,,,,,
3,,,,,
3,,,,,
2,EV_B4_C3,,,0.0,23.168243807125513
1,EV_B4_C3,13.0,75.0,,
1,EV_B4_C3,12.0,75.0,,
1,EV_B4_C3,11.0,75.0,,
1,EV_B4_C3,10.0,75.0,,
1,EV_B4_C3,9.0,75.0,,
1,EV_B4_C3,8.0,75.0,,
1,EV_B4_C3,7.0,75.0,,
1,EV_B4_C3,6.0,75.0,,
1,EV_B4_C3,5.0,75.0,,
1,EV_B4_C3,4.0,75.0,,
1,EV_B4_C3,3.0,75.0,,
1,EV_B4_C3,2.0,75.0,,
1,EV_B4_C3,1.0,75.0,,
1,EV_B4_C3,0.0,75.0,,
3,,,,,
3,,,,,
3,,,,,
3,,,,,
3,,,,,
3,,,,,
3,,,,,
3,,,,,
3,,,,,
3,,,,,
3,,,,,
3,,,,,
2,EV_B4_C3,,,0.0,37.68986259612485
1,EV_B4_C3,10.0,75.0,,
1,EV_B4_C3,9.0,75.0,,
1,EV_B4_C3,8.0,75.0,,
1,EV_B4_C3,7.0,75.0,,
1,EV_B4_C3,6.0,75.0,,
1,EV_B4_C3,5.0,75.0,,
1,EV_B4_C3,4.0,75.0,,
1,EV_B4_C3,3.0,75.0,,
1,EV_B4_C3,2.0,75.0,,
1,EV_B4_C3,1.0,75.0,,
1,EV_B4_C3,0.0,75.0,,
3,,,,,
3,,,,,
3,,,,,
3,,,,,
3,,,,,
3,,,,,
3,,,,,
3,,,,,
3,,,,,
3,,,,,
3,,,,,
3,,,,,
2,EV_B4_C3,,,0.0,27.419006669604588
1,EV_B4_C3,9.0,75.0,,
1,EV_B4_C3,8.0,75.0,,
1,EV_B4_C3,7.0,75.0,,
1,EV_B4_C3,6.0,75.0,,
1,EV_B4_C3,5.0,75.0,,
1,EV_B4_C3,4.0,75.0,,
1,EV_B4_C3,3.0,75.0,,
1,EV_B4_C3,2.0,75.0,,
1,EV_B4_C3,1.0,75.0,,
1,EV_B4_C3,0.0,75.0,,
3,,,,,
3,,,,,
3,,,,,
3,,,,,
3,,,,,
3,,,,,
3,,,,,
3,,,,,
3,,,,,
3,,,,,
3,,,,,
3,,,,,
3,,,,,
3,,,,,
3,,,,,
3,,,,,
3,,,,,
3,,,,,
3,,,,,
3,,,,,
3,,,,,
3,,,,,
3,,,,,
3,,,,,
3,,,,,
3,,,,,
3,,,,,
3,,,,,
3,,,,,
3,,,,,
3,,,,,
3,,,,,
3,,,,,
3,,,,,
3,,,,,
2,EV_B4_C3,,,0.0,28.081336118368938
1,EV_B4_C3,12.0,75.0,,
1,EV_B4_C3,11.0,75.0,,
1,EV_B4_C3,10.0,75.0,,
1,EV_B4_C3,9.0,75.0,,
1,EV_B4_C3,8.0,75.0,,
1,EV_B4_C3,7.0,75.0,,
1,EV_B4_C3,6.0,75.0,,
1,EV_B4_C3,5.0,75.0,,
1,EV_B4_C3,4.0,75.0,,
1,EV_B4_C3,3.0,75.0,,
1,EV_B4_C3,2.0,75.0,,
1,EV_B4_C3,1.0,75.0,,
1,EV_B4_C3,0.0,75.0,,
3,,,,,
3,,,,,
3,,,,,
3,,,,,
3,,,,,
3,,,,,
3,,,,,
3,,,,,
3,,,,,
3,,,,,
3,,,,,
3,,,,,
2,EV_B4_C3,,,0.0,35.82738526742047
1,EV_B4_C3,9.0,75.0,,
1,EV_B4_C3,8.0,75.0,,
1,EV_B4_C3,7.0,75.0,,
1,EV_B4_C3,6.0,75.0,,
1,EV_B4_C3,5.0,75.0,,
1,EV_B4_C3,4.0,75.0,,
1,EV_B4_C3,3.0,75.0,,
1,EV_B4_C3,2.0,75.0,,
1,EV_B4_C3,1.0,75.0,,
1,EV_B4_C3,0.0,75.0,,
3,,,,,
3,,,,,
3,,,,,
3,,,,,
3,,,,,
3,,,,,
3,,,,,
3,,,,,
3,,,,,
3,,,,,
3,,,,,
3,,,,,
3,,,,,
2,EV_B4_C3,,,0.0,35.92438197319521
1,EV_B4_C3,10.0,75.0,,
1,EV_B4_C3,9.0,75.0,,
1,EV_B4_C3,8.0,75.0,,
1,EV_B4_C3,7.0,75.0,,
1,EV_B4_C3,6.0,75.0,,
1,EV_B4_C3,5.0,75.0,,
1,EV_B4_C3,4.0,75.0,,
1,EV_B4_C3,3.0,75.0,,
1,EV_B4_C3,2.0,75.0,,
1,EV_B4_C3,1.0,75.0,,
1,EV_B4_C3,0.0,75.0,,
3,,,,,
3,,,,,
3,,,,,
3,,,,,
3,,,,,
3,,,,,
3,,,,,
3,,,,,
3,,,,,
3,,,,,
3,,,,,
2,EV_B4_C3,,,0.0,27.97548233574493
1,EV_B4_C3,11.0,75.0,,
1,EV_B4_C3,10.0,75.0,,
1,EV_B4_C3,9.0,75.0,,
1,EV_B4_C3,8.0,75.0,,
1,EV_B4_C3,7.0,75.0,,
1,EV_B4_C3,6.0,75.0,,
1,EV_B4_C3,5.0,75.0,,
1,EV_B4_C3,4.0,75.0,,
1,EV_B4_C3,3.0,75.0,,
1,EV_B4_C3,2.0,75.0,,
1,EV_B4_C3,1.0,75.0,,
1,EV_B4_C3,0.0,75.0,,
3,,,,,
3,,,,,
3,,,,,
3,,,,,
3,,,,,
3,,,,,
3,,,,,
3,,,,,
3,,,,,
3,,,,,
3,,,,,
2,EV_B4_C3,,,0.0,30.1242508717951
1,EV_B4_C3,10.0,75.0,,
1,EV_B4_C3,9.0,75.0,,
1,EV_B4_C3,8.0,75.0,,
1,EV_B4_C3,7.0,75.0,,
1,EV_B4_C3,6.0,75.0,,
1,EV_B4_C3,5.0,75.0,,
1,EV_B4_C3,4.0,75.0,,
1,EV_B4_C3,3.0,75.0,,
1,EV_B4_C3,2.0,75.0,,
1,EV_B4_C3,1.0,75.0,,
1,EV_B4_C3,0.0,75.0,,
3,,,,,
3,,,,,
3,,,,,
3,,,,,
3,,,,,
3,,,,,
3,,,,,
3,,,,,
3,,,,,
3,,,,,
3,,,,,
3,,,,,
3,,,,,
3,,,,,
3,,,,,
3,,,,,
3,,,,,
3,,,,,
3,,,,,
3,,,,,
3,,,,,
3,,,,,
3,,,,,
3,,,,,
3,,,,,
3,,,,,
3,,,,,
3,,,,,
3,,,,,
3,,,,,
3,,,,,
3,,,,,
3,,,,,
3,,,,,
3,,,,,
3,,,,,
3,,,,,
2,EV_B4_C3,,,0.0,35.868278690323116
1,EV_B4_C3,9.0,75.0,,
1,EV_B4_C3,8.0,75.0,,
1,EV_B4_C3,7.0,75.0,,
1,EV_B4_C3,6.0,75.0,,
1,EV_B4_C3,5.0,75.0,,
1,EV_B4_C3,4.0,75.0,,
1,EV_B4_C3,3.0,75.0,,
1,EV_B4_C3,2.0,75.0,,
1,EV_B4_C3,1.0,75.0,,
1,EV_B4_C3,0.0,75.0,,
3,,,,,
3,,,,,
3,,,,,
3,,,,,
3,,,,,
3,,,,,
3,,,,,
3,,,,,
3,,,,,
3,,,,,
3,,,,,
3,,,,,
3,,,,,
2,EV_B4_C3,,,0.0,25.82704118306912
1,EV_B4_C3,10.0,75.0,,
1,EV_B4_C3,9.0,75.0,,
1,EV_B4_C3,8.0,75.0,,
1,EV_B4_C3,7.0,75.0,,
1,EV_B4_C3,6.0,75.0,,
1,EV_B4_C3,5.0,75.0,,
1,EV_B4_C3,4.0,75.0,,
1,EV_B4_C3,3.0,75.0,,
1,EV_B4_C3,2.0,75.0,,
1,EV_B4_C3,1.0,75.0,,
1,EV_B4_C3,0.0,75.0,,
3,,,,,
3,,,,,
3,,,,,
3,,,,,
3,,,,,
3,,,,,
3,,,,,
3,,,,,
3,,,,,
3,,,,,
3,,,,,
2,EV_B4_C3,,,0.0,20.982757658206943
1,EV_B4_C3,10.0,75.0,,
1,EV_B4_C3,9.0,75.0,,
1,EV_B4_C3,8.0,75.0,,
1,EV_B4_C3,7.0,75.0,,
1,EV_B4_C3,6.0,75.0,,
1,EV_B4_C3,5.0,75.0,,
1,EV_B4_C3,4.0,75.0,,
1,EV_B4_C3,3.0,75.0,,
1,EV_B4_C3,2.0,75.0,,
1,EV_B4_C3,1.0,75.0,,
1,EV_B4_C3,0.0,75.0,,
3,,,,,
3,,,,,
3,,,,,
3,,,,,
3,,,,,
3,,,,,
3,,,,,
3,,,,,
3,,,,,
3,,,,,
3,,,,,
3,,,,,
3,,,,,
2,EV_B4_C3,,,0.0,35.883370455082066
1,EV_B4_C3,10.0,75.0,,
1,EV_B4_C3,9.0,75.0,,
1,EV_B4_C3,8.0,75.0,,
1,EV_B4_C3,7.0,75.0,,
1,EV_B4_C3,6.0,75.0,,
1,EV_B4_C3,5.0,75.0,,
1,EV_B4_C3,4.0,75.0,,
1,EV_B4_C3,3.0,75.0,,
1,EV_B4_C3,2.0,75.0,,
1,EV_B4_C3,1.0,75.0,,
1,EV_B4_C3,0.0,75.0,,
3,,,,,
3,,,,,
3,,,,,
3,,,,,
3,,,,,
3,,,,,
3,,,,,
3,,,,,
3,,,,,
3,,,,,
3,,,,,
3,,,,,
3,,,,,
2,EV_B4_C3,,,0.0,28.376498622490402
1,EV_B4_C3,8.0,75.0,,
1,EV_B4_C3,7.0,75.0,,
1,EV_B4_C3,6.0,75.0,,
1,EV_B4_C3,5.0,75.0,,
1,EV_B4_C3,4.0,75.0,,
1,EV_B4_C3,3.0,75.0,,
1,EV_B4_C3,2.0,75.0,,
1,EV_B4_C3,1.0,75.0,,
1,EV_B4_C3,0.0,75.0,,
3,,,,,
3,,,,,
3,,,,,
3,,,,,
3,,,,,
3,,,,,
3,,,,,
3,,,,,
3,,,,,
3,,,,,
3,,,,,
3,,,,,
3,,,,,
3,,,,,
3,,,,,
3,,,,,
3,,,,,
3,,,,,
3,,,,,
3,,,,,
3,,,,,
3,,,,,
3,,,,,
3,,,,,
3,,,,,
3,,,,,
3,,,,,
3,,,,,
3,,,,,
3,,,,,
3,,,,,
3,,,,,
3,,,,,
3,,,,,
3,,,,,
2,EV_B4_C3,,,0.0,23.265501089682584
1,EV_B4_C3,12.0,75.0,,
1,EV_B4_C3,11.0,75.0,,
1,EV_B4_C3,10.0,75.0,,
1,EV_B4_C3,9.0,75.0,,
1,EV_B4_C3,8.0,75.0,,
1,EV_B4_C3,7.0,75.0,,
1,EV_B4_C3,6.0,75.0,,
1,EV_B4_C3,5.0,75.0,,
1,EV_B4_C3,4.0,75.0,,
1,EV_B4_C3,3.0,75.0,,
1,EV_B4_C3,2.0,75.0,,
1,EV_B4_C3,1.0,75.0,,
1,EV_B4_C3,0.0,75.0,,
3,,,,,
3,,,,,
3,,,,,
3,,,,,
3,,,,,
3,,,,,
3,,,,,
3,,,,,
3,,,,,
3,,,,,
3,,,,,
2,EV_B4_C3,,,0.0,32.29491038319907
1,EV_B4_C3,11.0,75.0,,
1,EV_B4_C3,10.0,75.0,,
1,EV_B4_C3,9.0,75.0,,
1,EV_B4_C3,8.0,75.0,,
1,EV_B4_C3,7.0,75.0,,
1,EV_B4_C3,6.0,75.0,,
1,EV_B4_C3,5.0,75.0,,
1,EV_B4_C3,4.0,75.0,,
1,EV_B4_C3,3.0,75.0,,
1,EV_B4_C3,2.0,75.0,,
1,EV_B4_C3,1.0,75.0,,
1,EV_B4_C3,0.0,75.0,,
3,,,,,
3,,,,,
3,,,,,
3,,,,,
3,,,,,
3,,,,,
3,,,,,
3,,,,,
3,,,,,
3,,,,,
3,,,,,
3,,,,,
2,EV_B4_C3,,,0.0,22.09206513356451
1,EV_B4_C3,10.0,75.0,,
1,EV_B4_C3,9.0,75.0,,
1,EV_B4_C3,8.0,75.0,,
1,EV_B4_C3,7.0,75.0,,
1,EV_B4_C3,6.0,75.0,,
1,EV_B4_C3,5.0,75.0,,
1,EV_B4_C3,4.0,75.0,,
1,EV_B4_C3,3.0,75.0,,
1,EV_B4_C3,2.0,75.0,,
1,EV_B4_C3,1.0,75.0,,
1,EV_B4_C3,0.0,75.0,,
3,,,,,
3,,,,,
3,,,,,
3,,,,,
3,,,,,
3,,,,,
3,,,,,
3,,,,,
3,,,,,
3,,,,,
3,,,,,
3,,,,,
2,EV_B4_C3,,,0.0,24.925333500848087
1,EV_B4_C3,9.0,75.0,,
1,EV_B4_C3,8.0,75.0,,
1,EV_B4_C3,7.0,75.0,,
1,EV_B4_C3,6.0,75.0,,
1,EV_B4_C3,5.0,75.0,,
1,EV_B4_C3,4.0,75.0,,
1,EV_B4_C3,3.0,75.0,,
1,EV_B4_C3,2.0,75.0,,
1,EV_B4_C3,1.0,75.0,,
1,EV_B4_C3,0.0,75.0,,
3,,,,,
3,,,,,
3,,,,,
3,,,,,
3,,,,,
3,,,,,
3,,,,,
3,,,,,
3,,,,,
3,,,,,
3,,,,,
2,EV_B4_C3,,,0.0,38.288524263089904
1,EV_B4_C3,12.0,75.0,,
1,EV_B4_C3,11.0,75.0,,
1,EV_B4_C3,10.0,75.0,,
1,EV_B4_C3,9.0,75.0,,
1,EV_B4_C3,8.0,75.0,,
1,EV_B4_C3,7.0,75.0,,
1,EV_B4_C3,6.0,75.0,,
1,EV_B4_C3,5.0,75.0,,
1,EV_B4_C3,4.0,75.0,,
1,EV_B4_C3,3.0,75.0,,
1,EV_B4_C3,2.0,75.0,,
1,EV_B4_C3,1.0,75.0,,
1,EV_B4_C3,0.0,75.0,,
3,,,,,
3,,,,,
3,,,,,
3,,,,,
3,,,,,
3,,,,,
3,,,,,
3,,,,,
3,,,,,
3,,,,,
3,,,,,
3,,,,,
3,,,,,
2,EV_B4_C3,,,0.0,39.93614529672945
1,EV_B4_C3,9.0,75.0,,
1,EV_B4_C3,8.0,75.0,,
1,EV_B4_C3,7.0,75.0,,
1,EV_B4_C3,6.0,75.0,,
1,EV_B4_C3,5.0,75.0,,
1,EV_B4_C3,4.0,75.0,,
1,EV_B4_C3,3.0,75.0,,
1,EV_B4_C3,2.0,75.0,,
1,EV_B4_C3,1.0,75.0,,
1,EV_B4_C3,0.0,75.0,,
3,,,,,
3,,,,,
3,,,,,
3,,,,,
3,,,,,
3,,,,,
3,,,,,
3,,,,,
3,,,,,
3,,,,,
3,,,,,
3,,,,,
3,,,,,
3,,,,,
3,,,,,
3,,,,,
3,,,,,
3,,,,,
3,,,,,
3,,,,,
3,,,,,
3,,,,,
3,,,,,
3,,,,,
3,,,,,
3,,,,,
3,,,,,
3,,,,,
3,,,,,
3,,,,,
3,,,,,
3,,,,,
3,,,,,
3,,,,,
2,EV_B4_C3,,,0.0,31.954437322923447
1,EV_B4_C3,11.0,75.0,,
1,EV_B4_C3,10.0,75.0,,
1,EV_B4_C3,9.0,75.0,,
1,EV_B4_C3,8.0,75.0,,
1,EV_B4_C3,7.0,75.0,,
1,EV_B4_C3,6.0,75.0,,
1,EV_B4_C3,5.0,75.0,,
1,EV_B4_C3,4.0,75.0,,
1,EV_B4_C3,3.0,75.0,,
1,EV_B4_C3,2.0,75.0,,
1,EV_B4_C3,1.0,75.0,,
1,EV_B4_C3,0.0,75.0,,
3,,,,,
3,,,,,
3,,,,,
3,,,,,
3,,,,,
3,,,,,
3,,,,,
3,,,,,
3,,,,,
3,,,,,
3,,,,,
3,,,,,
3,,,,,
3,,,,,
2,EV_B4_C3,,,0.0,23.88251960635091
1,EV_B4_C3,8.0,75.0,,
1,EV_B4_C3,7.0,75.0,,
1,EV_B4_C3,6.0,75.0,,
1,EV_B4_C3,5.0,75.0,,
1,EV_B4_C3,4.0,75.0,,
1,EV_B4_C3,3.0,75.0,,
1,EV_B4_C3,2.0,75.0,,
1,EV_B4_C3,1.0,75.0,,
1,EV_B4_C3,0.0,75.0,,
3,,,,,
3,,,,,
3,,,,,
3,,,,,
3,,,,,
3,,,,,
3,,,,,
3,,,,,
3,,,,,
3,,,,,
2,EV_B4_C3,,,0.0,37.51092481184223
1,EV_B4_C3,12.0,75.0,,
1,EV_B4_C3,11.0,75.0,,
1,EV_B4_C3,10.0,75.0,,
1,EV_B4_C3,9.0,75.0,,
1,EV_B4_C3,8.0,75.0,,
1,EV_B4_C3,7.0,75.0,,
1,EV_B4_C3,6.0,75.0,,
1,EV_B4_C3,5.0,75.0,,
1,EV_B4_C3,4.0,75.0,,
1,EV_B4_C3,3.0,75.0,,
1,EV_B4_C3,2.0,75.0,,
1,EV_B4_C3,1.0,75.0,,
1,EV_B4_C3,0.0,75.0,,
3,,,,,
3,,,,,
3,,,,,
3,,,,,
3,,,,,
3,,,,,
3,,,,,
3,,,,,
3,,,,,
3,,,,,
3,,,,,
3,,,,,
2,EV_B4_C3,,,0.0,33.32892138835498
1,EV_B4_C3,10.0,75.0,,
1,EV_B4_C3,9.0,75.0,,
1,EV_B4_C3,8.0,75.0,,
1,EV_B4_C3,7.0,75.0,,
1,EV_B4_C3,6.0,75.0,,
1,EV_B4_C3,5.0,75.0,,
1,EV_B4_C3,4.0,75.0,,
1,EV_B4_C3,3.0,75.0,,
1,EV_B4_C3,2.0,75.0,,
1,EV_B4_C3,1.0,75.0,,
1,EV_B4_C3,0.0,75.0,,
3,,,,,
3,,,,,
3,,,,,
3,,,,,
3,,,,,
3,,,,,
3,,,,,
3,,,,,
3,,,,,
3,,,,,
3,,,,,
3,,,,,
2,EV_B4_C3,,,0.0,33.91325673552074
1,EV_B4_C3,10.0,75.0,,
1,EV_B4_C3,9.0,75.0,,
1,EV_B4_C3,8.0,75.0,,
1,EV_B4_C3,7.0,75.0,,
1,EV_B4_C3,6.0,75.0,,
1,EV_B4_C3,5.0,75.0,,
1,EV_B4_C3,4.0,75.0,,
1,EV_B4_C3,3.0,75.0,,
1,EV_B4_C3,2.0,75.0,,
1,EV_B4_C3,1.0,75.0,,
1,EV_B4_C3,0.0,75.0,,
3,,,,,
3,,,,,
3,,,,,
3,,,,,
3,,,,,
3,,,,,
3,,,,,
3,,,,,
3,,,,,
3,,,,,
3,,,,,
3,,,,,
3,,,,,
2,EV_B4_C3,,,0.0,30.828072187205425
1,EV_B4_C3,10.0,75.0,,
1,EV_B4_C3,9.0,75.0,,
1,EV_B4_C3,8.0,75.0,,
1,EV_B4_C3,7.0,75.0,,
1,EV_B4_C3,6.0,75.0,,
1,EV_B4_C3,5.0,75.0,,
1,EV_B4_C3,4.0,75.0,,
1,EV_B4_C3,3.0,75.0,,
1,EV_B4_C3,2.0,75.0,,
1,EV_B4_C3,1.0,75.0,,
1,EV_B4_C3,0.0,75.0,,
3,,,,,
3,,,,,
3,,,,,
3,,,,,
3,,,,,
3,,,,,
3,,,,,
3,,,,,
3,,,,,
3,,,,,
3,,,,,
2,EV_B4_C3,,,0.0,34.08276575551153
1,EV_B4_C3,10.0,75.0,,
1,EV_B4_C3,9.0,75.0,,
1,EV_B4_C3,8.0,75.0,,
1,EV_B4_C3,7.0,75.0,,
1,EV_B4_C3,6.0,75.0,,
1,EV_B4_C3,5.0,75.0,,
1,EV_B4_C3,4.0,75.0,,
1,EV_B4_C3,3.0,75.0,,
1,EV_B4_C3,2.0,75.0,,
1,EV_B4_C3,1.0,75.0,,
1,EV_B4_C3,0.0,75.0,,
3,,,,,
3,,,,,
3,,,,,
3,,,,,
3,,,,,
3,,,,,
3,,,,,
3,,,,,
3,,,,,
3,,,,,
3,,,,,
3,,,,,
3,,,,,
3,,,,,
2,EV_B4_C3,,,0.0,25.790046711120006
1,EV_B4_C3,9.0,75.0,,
1,EV_B4_C3,8.0,75.0,,
1,EV_B4_C3,7.0,75.0,,
1,EV_B4_C3,6.0,75.0,,
1,EV_B4_C3,5.0,75.0,,
1,EV_B4_C3,4.0,75.0,,
1,EV_B4_C3,3.0,75.0,,
1,EV_B4_C3,2.0,75.0,,
1,EV_B4_C3,1.0,75.0,,
1,EV_B4_C3,0.0,75.0,,
3,,,,,
3,,,,,
3,,,,,
3,,,,,
3,,,,,
3,,,,,
3,,,,,
3,,,,,
3,,,,,
3,,,,,
3,,,,,
2,EV_B4_C3,,,0.0,22.38678584914069
1,EV_B4_C3,11.0,75.0,,
1,EV_B4_C3,10.0,75.0,,
1,EV_B4_C3,9.0,75.0,,
1,EV_B4_C3,8.0,75.0,,
1,EV_B4_C3,7.0,75.0,,
1,EV_B4_C3,6.0,75.0,,
1,EV_B4_C3,5.0,75.0,,
1,EV_B4_C3,4.0,75.0,,
1,EV_B4_C3,3.0,75.0,,
1,EV_B4_C3,2.0,75.0,,
1,EV_B4_C3,1.0,75.0,,
1,EV_B4_C3,0.0,75.0,,
3,,,,,
3,,,,,
3,,,,,
3,,,,,
3,,,,,
3,,,,,
3,,,,,
3,,,,,
3,,,,,
3,,,,,
2,EV_B4_C3,,,0.0,34.441288310044406
1,EV_B4_C3,11.0,75.0,,
1,EV_B4_C3,10.0,75.0,,
1,EV_B4_C3,9.0,75.0,,
1,EV_B4_C3,8.0,75.0,,
1,EV_B4_C3,7.0,75.0,,
1,EV_B4_C3,6.0,75.0,,
1,EV_B4_C3,5.0,75.0,,
1,EV_B4_C3,4.0,75.0,,
1,EV_B4_C3,3.0,75.0,,
1,EV_B4_C3,2.0,75.0,,
1,EV_B4_C3,1.0,75.0,,
1,EV_B4_C3,0.0,75.0,,
3,,,,,
3,,,,,
3,,,,,
3,,,,,
3,,,,,
3,,,,,
3,,,,,
3,,,,,
3,,,,,
3,,,,,
3,,,,,
3,,,,,
2,EV_B4_C3,,,0.0,33.46913377484583
1,EV_B4_C3,11.0,75.0,,
1,EV_B4_C3,10.0,75.0,,
1,EV_B4_C3,9.0,75.0,,
1,EV_B4_C3,8.0,75.0,,
1,EV_B4_C3,7.0,75.0,,
1,EV_B4_C3,6.0,75.0,,
1,EV_B4_C3,5.0,75.0,,
1,EV_B4_C3,4.0,75.0,,
1,EV_B4_C3,3.0,75.0,,
1,EV_B4_C3,2.0,75.0,,
1,EV_B4_C3,1.0,75.0,,
1,EV_B4_C3,0.0,75.0,,
3,,,,,
3,,,,,
3,,,,,
3,,,,,
3,,,,,
3,,,,,
3,,,,,
3,,,,,
3,,,,,
3,,,,,
3,,,,,
3,,,,,
3,,,,,
3,,,,,
3,,,,,
3,,,,,
3,,,,,
3,,,,,
3,,,,,
3,,,,,
3,,,,,
3,,,,,
3,,,,,
3,,,,,
3,,,,,
3,,,,,
3,,,,,
3,,,,,
3,,,,,
3,,,,,
3,,,,,
3,,,,,
3,,,,,
3,,,,,
3,,,,,
3,,,,,
3,,,,,
3,,,,,
3,,,,,
3,,,,,
3,,,,,
3,,,,,
3,,,,,
3,,,,,
3,,,,,
3,,,,,
3,,,,,
3,,,,,
3,,,,,
3,,,,,
3,,,,,
3,,,,,
3,,,,,
3,,,,,
3,,,,,
3,,,,,
3,,,,,
3,,,,,
2,EV_B4_C3,,,0.0,27.360482908065105
1,EV_B4_C3,11.0,75.0,,
1,EV_B4_C3,10.0,75.0,,
1,EV_B4_C3,9.0,75.0,,
1,EV_B4_C3,8.0,75.0,,
1,EV_B4_C3,7.0,75.0,,
1,EV_B4_C3,6.0,75.0,,
1,EV_B4_C3,5.0,75.0,,
1,EV_B4_C3,4.0,75.0,,
1,EV_B4_C3,3.0,75.0,,
1,EV_B4_C3,2.0,75.0,,
1,EV_B4_C3,1.0,75.0,,
1,EV_B4_C3,0.0,75.0,,
3,,,,,
3,,,,,
3,,,,,
3,,,,,
3,,,,,
3,,,,,
3,,,,,
3,,,,,
3,,,,,
3,,,,,
3,,,,,
3,,,,,
2,EV_B4_C3,,,0.0,25.777032280190937
1,EV_B4_C3,11.0,75.0,,
1,EV_B4_C3,10.0,75.0,,
1,EV_B4_C3,9.0,75.0,,
1,EV_B4_C3,8.0,75.0,,
1,EV_B4_C3,7.0,75.0,,
1,EV_B4_C3,6.0,75.0,,
1,EV_B4_C3,5.0,75.0,,
1,EV_B4_C3,4.0,75.0,,
1,EV_B4_C3,3.0,75.0,,
1,EV_B4_C3,2.0,75.0,,
1,EV_B4_C3,1.0,75.0,,
1,EV_B4_C3,0.0,75.0,,
3,,,,,
3,,,,,
3,,,,,
3,,,,,
3,,,,,
3,,,,,
3,,,,,
3,,,,,
3,,,,,
3,,,,,
3,,,,,
2,EV_B4_C3,,,0.0,21.504757429838225
1,EV_B4_C3,10.0,75.0,,
1,EV_B4_C3,9.0,75.0,,
1,EV_B4_C3,8.0,75.0,,
1,EV_B4_C3,7.0,75.0,,
1,EV_B4_C3,6.0,75.0,,
1,EV_B4_C3,5.0,75.0,,
1,EV_B4_C3,4.0,75.0,,
1,EV_B4_C3,3.0,75.0,,
1,EV_B4_C3,2.0,75.0,,
1,EV_B4_C3,1.0,75.0,,
1,EV_B4_C3,0.0,75.0,,
3,,,,,
3,,,,,
3,,,,,
3,,,,,
3,,,,,
3,,,,,
3,,,,,
3,,,,,
3,,,,,
3,,,,,
3,,,,,
3,,,,,
3,,,,,
3,,,,,
3,,,,,
2,EV_B4_C3,,,0.0,32.35972339641716
1,EV_B4_C3,7.0,75.0,,
1,EV_B4_C3,6.0,75.0,,
1,EV_B4_C3,5.0,75.0,,
1,EV_B4_C3,4.0,75.0,,
1,EV_B4_C3,3.0,75.0,,
1,EV_B4_C3,2.0,75.0,,
1,EV_B4_C3,1.0,75.0,,
1,EV_B4_C3,0.0,75.0,,
3,,,,,
3,,,,,
3,,,,,
3,,,,,
3,,,,,
3,,,,,
3,,,,,
3,,,,,
3,,,,,
3,,,,,
3,,,,,
3,,,,,
3,,,,,
2,EV_B4_C3,,,0.0,22.454994000882216
1,EV_B4_C3,10.0,75.0,,
1,EV_B4_C3,9.0,75.0,,
1,EV_B4_C3,8.0,75.0,,
1,EV_B4_C3,7.0,75.0,,
1,EV_B4_C3,6.0,75.0,,
1,EV_B4_C3,5.0,75.0,,
1,EV_B4_C3,4.0,75.0,,
1,EV_B4_C3,3.0,75.0,,
1,EV_B4_C3,2.0,75.0,,
1,EV_B4_C3,1.0,75.0,,
1,EV_B4_C3,0.0,75.0,,
3,,,,,
3,,,,,
3,,,,,
3,,,,,
3,,,,,
3,,,,,
3,,,,,
3,,,,,
3,,,,,
3,,,,,
3,,,,,
2,EV_B4_C3,,,0.0,39.56436949088571
1,EV_B4_C3,11.0,75.0,,
1,EV_B4_C3,10.0,75.0,,
1,EV_B4_C3,9.0,75.0,,
1,EV_B4_C3,8.0,75.0,,
1,EV_B4_C3,7.0,75.0,,
1,EV_B4_C3,6.0,75.0,,
1,EV_B4_C3,5.0,75.0,,
1,EV_B4_C3,4.0,75.0,,
1,EV_B4_C3,3.0,75.0,,
1,EV_B4_C3,2.0,75.0,,
1,EV_B4_C3,1.0,75.0,,
1,EV_B4_C3,0.0,75.0,,
3,,,,,
3,,,,,
3,,,,,
3,,,,,
3,,,,,
3,,,,,
3,,,,,
3,,,,,
3,,,,,
3,,,,,
3,,,,,
3,,,,,
2,EV_B4_C3,,,0.0,36.226673238048576
1,EV_B4_C3,9.0,75.0,,
1,EV_B4_C3,8.0,75.0,,
1,EV_B4_C3,7.0,75.0,,
1,EV_B4_C3,6.0,75.0,,
1,EV_B4_C3,5.0,75.0,,
1,EV_B4_C3,4.0,75.0,,
1,EV_B4_C3,3.0,75.0,,
1,EV_B4_C3,2.0,75.0,,
1,EV_B4_C3,1.0,75.0,,
1,EV_B4_C3,0.0,75.0,,
3,,,,,
3,,,,,
3,,,,,
3,,,,,
3,,,,,
3,,,,,
3,,,,,
3,,,,,
3,,,,,
3,,,,,
3,,,,,
3,,,,,
3,,,,,
3,,,,,
2,EV_B4_C3,,,0.0,38.3413612157623
1,EV_B4_C3,8.0,75.0,,
1,EV_B4_C3,7.0,75.0,,
1,EV_B4_C3,6.0,75.0,,
1,EV_B4_C3,5.0,75.0,,
1,EV_B4_C3,4.0,75.0,,
1,EV_B4_C3,3.0,75.0,,
1,EV_B4_C3,2.0,75.0,,
1,EV_B4_C3,1.0,75.0,,
1,EV_B4_C3,0.0,75.0,,
3,,,,,
3,,,,,
3,,,,,
3,,,,,
3,,,,,
3,,,,,
3,,,,,
3,,,,,
3,,,,,
3,,,,,
3,,,,,
3,,,,,
2,EV_B4_C3,,,0.0,37.49956912267333
1,EV_B4_C3,10.0,75.0,,
1,EV_B4_C3,9.0,75.0,,
1,EV_B4_C3,8.0,75.0,,
1,EV_B4_C3,7.0,75.0,,
1,EV_B4_C3,6.0,75.0,,
1,EV_B4_C3,5.0,75.0,,
1,EV_B4_C3,4.0,75.0,,
1,EV_B4_C3,3.0,75.0,,
1,EV_B4_C3,2.0,75.0,,
1,EV_B4_C3,1.0,75.0,,
1,EV_B4_C3,0.0,75.0,,
3,,,,,
3,,,,,
3,,,,,
3,,,,,
3,,,,,
3,,,,,
3,,,,,
3,,,,,
3,,,,,
3,,,,,
3,,,,,
3,,,,,
3,,,,,
2,EV_B4_C3,,,0.0,39.52412535265821
1,EV_B4_C3,9.0,75.0,,
1,EV_B4_C3,8.0,75.0,,
1,EV_B4_C3,7.0,75.0,,
1,EV_B4_C3,6.0,75.0,,
1,EV_B4_C3,5.0,75.0,,
1,EV_B4_C3,4.0,75.0,,
1,EV_B4_C3,3.0,75.0,,
1,EV_B4_C3,2.0,75.0,,
1,EV_B4_C3,1.0,75.0,,
1,EV_B4_C3,0.0,75.0,,
3,,,,,
3,,,,,
3,,,,,
3,,,,,
3,,,,,
3,,,,,
3,,,,,
3,,,,,
3,,,,,
3,,,,,
3,,,,,
3,,,,,
2,EV_B4_C3,,,0.0,37.231512488028606
1,EV_B4_C3,11.0,75.0,,
1,EV_B4_C3,10.0,75.0,,
1,EV_B4_C3,9.0,75.0,,
1,EV_B4_C3,8.0,75.0,,
1,EV_B4_C3,7.0,75.0,,
1,EV_B4_C3,6.0,75.0,,
1,EV_B4_C3,5.0,75.0,,
1,EV_B4_C3,4.0,75.0,,
1,EV_B4_C3,3.0,75.0,,
1,EV_B4_C3,2.0,75.0,,
1,EV_B4_C3,1.0,75.0,,
1,EV_B4_C3,0.0,75.0,,
3,,,,,
3,,,,,
3,,,,,
3,,,,,
3,,,,,
3,,,,,
3,,,,,
3,,,,,
3,,,,,
3,,,,,
3,,,,,
2,EV_B4_C3,,,0.0,21.56831929446253
1,EV_B4_C3,10.0,75.0,,
1,EV_B4_C3,9.0,75.0,,
1,EV_B4_C3,8.0,75.0,,
1,EV_B4_C3,7.0,75.0,,
1,EV_B4_C3,6.0,75.0,,
1,EV_B4_C3,5.0,75.0,,
1,EV_B4_C3,4.0,75.0,,
1,EV_B4_C3,3.0,75.0,,
1,EV_B4_C3,2.0,75.0,,
1,EV_B4_C3,1.0,75.0,,
1,EV_B4_C3,0.0,75.0,,
3,,,,,
3,,,,,
3,,,,,
3,,,,,
3,,,,,
3,,,,,
3,,,,,
3,,,,,
3,,,,,
3,,,,,
3,,,,,
3,,,,,
3,,,,,
3,,,,,
2,EV_B4_C3,,,0.0,34.57083550553457
1,EV_B4_C3,9.0,75.0,,
1,EV_B4_C3,8.0,75.0,,
1,EV_B4_C3,7.0,75.0,,
1,EV_B4_C3,6.0,75.0,,
1,EV_B4_C3,5.0,75.0,,
1,EV_B4_C3,4.0,75.0,,
1,EV_B4_C3,3.0,75.0,,
1,EV_B4_C3,2.0,75.0,,
1,EV_B4_C3,1.0,75.0,,
1,EV_B4_C3,0.0,75.0,,
3,,,,,
3,,,,,
3,,,,,
3,,,,,
3,,,,,
3,,,,,
3,,,,,
3,,,,,
3,,,,,
3,,,,,
3,,,,,
2,EV_B4_C3,,,0.0,30.423431069872116
1,EV_B4_C3,10.0,75.0,,
1,EV_B4_C3,9.0,75.0,,
1,EV_B4_C3,8.0,75.0,,
1,EV_B4_C3,7.0,75.0,,
1,EV_B4_C3,6.0,75.0,,
1,EV_B4_C3,5.0,75.0,,
1,EV_B4_C3,4.0,75.0,,
1,EV_B4_C3,3.0,75.0,,
1,EV_B4_C3,2.0,75.0,,
1,EV_B4_C3,1.0,75.0,,
1,EV_B4_C3,0.0,75.0,,
3,,,,,
3,,,,,
3,,,,,
3,,,,,
3,,,,,
3,,,,,
3,,,,,
3,,,,,
3,,,,,
3,,,,,
3,,,,,
3,,,,,
3,,,,,
2,EV_B4_C3,,,0.0,25.269671832918732
1,EV_B4_C3,9.0,75.0,,
1,EV_B4_C3,8.0,75.0,,
1,EV_B4_C3,7.0,75.0,,
1,EV_B4_C3,6.0,75.0,,
1,EV_B4_C3,5.0,75.0,,
1,EV_B4_C3,4.0,75.0,,
1,EV_B4_C3,3.0,75.0,,
1,EV_B4_C3,2.0,75.0,,
1,EV_B4_C3,1.0,75.0,,
1,EV_B4_C3,0.0,75.0,,
3,,,,,
3,,,,,
3,,,,,
3,,,,,
3,,,,,
3,,,,,
3,,,,,
3,,,,,
3,,,,,
3,,,,,
3,,,,,
3,,,,,
2,EV_B4_C3,,,0.0,21.067962539266446
1,EV_B4_C3,11.0,75.0,,
1,EV_B4_C3,10.0,75.0,,
1,EV_B4_C3,9.0,75.0,,
1,EV_B4_C3,8.0,75.0,,
1,EV_B4_C3,7.0,75.0,,
1,EV_B4_C3,6.0,75.0,,
1,EV_B4_C3,5.0,75.0,,
1,EV_B4_C3,4.0,75.0,,
1,EV_B4_C3,3.0,75.0,,
1,EV_B4_C3,2.0,75.0,,
1,EV_B4_C3,1.0,75.0,,
1,EV_B4_C3,0.0,75.0,,
3,,,,,
3,,,,,
3,,,,,
3,,,,,
3,,,,,
3,,,,,
3,,,,,
3,,,,,
3,,,,,
3,,,,,
3,,,,,
2,EV_B4_C3,,,0.0,34.81098087423599
1,EV_B4_C3,10.0,75.0,,
1,EV_B4_C3,9.0,75.0,,
1,EV_B4_C3,8.0,75.0,,
1,EV_B4_C3,7.0,75.0,,
1,EV_B4_C3,6.0,75.0,,
1,EV_B4_C3,5.0,75.0,,
1,EV_B4_C3,4.0,75.0,,
1,EV_B4_C3,3.0,75.0,,
1,EV_B4_C3,2.0,75.0,,
1,EV_B4_C3,1.0,75.0,,
1,EV_B4_C3,0.0,75.0,,
3,,,,,
3,,,,,
3,,,,,
3,,,,,
3,,,,,
3,,,,,
3,,,,,
3,,,,,
3,,,,,
3,,,,,
3,,,,,
3,,,,,
3,,,,,
2,EV_B4_C3,,,0.0,33.58092415260254
1,EV_B4_C3,9.0,75.0,,
1,EV_B4_C3,8.0,75.0,,
1,EV_B4_C3,7.0,75.0,,
1,EV_B4_C3,6.0,75.0,,
1,EV_B4_C3,5.0,75.0,,
1,EV_B4_C3,4.0,75.0,,
1,EV_B4_C3,3.0,75.0,,
1,EV_B4_C3,2.0,75.0,,
1,EV_B4_C3,1.0,75.0,,
1,EV_B4_C3,0.0,75.0,,
3,,,,,
3,,,,,
3,,,,,
3,,,,,
3,,,,,
3,,,,,
3,,,,,
3,,,,,
3,,,,,
3,,,,,
3,,,,,
3,,,,,
3,,,,,
3,,,,,
2,EV_B4_C3,,,0.0,34.84515849961088
1,EV_B4_C3,8.0,75.0,,
1,EV_B4_C3,7.0,75.0,,
1,EV_B4_C3,6.0,75.0,,
1,EV_B4_C3,5.0,75.0,,
1,EV_B4_C3,4.0,75.0,,
1,EV_B4_C3,3.0,75.0,,
1,EV_B4_C3,2.0,75.0,,
1,EV_B4_C3,1.0,75.0,,
1,EV_B4_C3,0.0,75.0,,
3,,,,,
3,,,,,
3,,,,,
3,,,,,
3,,,,,
3,,,,,
3,,,,,
3,,,,,
3,,,,,
3,,,,,
3,,,,,
2,EV_B4_C3,,,0.0,24.971753196960368
1,EV_B4_C3,11.0,75.0,,
1,EV_B4_C3,10.0,75.0,,
1,EV_B4_C3,9.0,75.0,,
1,EV_B4_C3,8.0,75.0,,
1,EV_B4_C3,7.0,75.0,,
1,EV_B4_C3,6.0,75.0,,
1,EV_B4_C3,5.0,75.0,,
1,EV_B4_C3,4.0,75.0,,
1,EV_B4_C3,3.0,75.0,,
1,EV_B4_C3,2.0,75.0,,
1,EV_B4_C3,1.0,75.0,,
1,EV_B4_C3,0.0,75.0,,
3,,,,,
3,,,,,
3,,,,,
3,,,,,
3,,,,,
3,,,,,
3,,,,,
3,,,,,
3,,,,,
3,,,,,
3,,,,,
3,,,,,
3,,,,,
2,EV_B4_C3,,,0.0,32.02494236191144
1,EV_B4_C3,10.0,75.0,,
1,EV_B4_C3,9.0,75.0,,
1,EV_B4_C3,8.0,75.0,,
1,EV_B4_C3,7.0,75.0,,
1,EV_B4_C3,6.0,75.0,,
1,EV_B4_C3,5.0,75.0,,
1,EV_B4_C3,4.0,75.0,,
1,EV_B4_C3,3.0,75.0,,
1,EV_B4_C3,2.0,75.0,,
1,EV_B4_C3,1.0,75.0,,
1,EV_B4_C3,0.0,75.0,,
3,,,,,
3,,,,,
3,,,,,
3,,,,,
3,,,,,
3,,,,,
3,,,,,
3,,,,,
3,,,,,
3,,,,,
2,EV_B4_C3,,,0.0,32.08327261416317
1,EV_B4_C3,12.0,75.0,,
1,EV_B4_C3,11.0,75.0,,
1,EV_B4_C3,10.0,75.0,,
1,EV_B4_C3,9.0,75.0,,
1,EV_B4_C3,8.0,75.0,,
1,EV_B4_C3,7.0,75.0,,
1,EV_B4_C3,6.0,75.0,,
1,EV_B4_C3,5.0,75.0,,
1,EV_B4_C3,4.0,75.0,,
1,EV_B4_C3,3.0,75.0,,
1,EV_B4_C3,2.0,75.0,,
1,EV_B4_C3,1.0,75.0,,
1,EV_B4_C3,0.0,75.0,,
3,,,,,
3,,,,,
3,,,,,
3,,,,,
3,,,,,
3,,,,,
3,,,,,
3,,,,,
3,,,,,
3,,,,,
3,,,,,
3,,,,,
2,EV_B4_C3,,,0.0,38.151789617299436
1,EV_B4_C3,10.0,75.0,,
1,EV_B4_C3,9.0,75.0,,
1,EV_B4_C3,8.0,75.0,,
1,EV_B4_C3,7.0,75.0,,
1,EV_B4_C3,6.0,75.0,,
1,EV_B4_C3,5.0,75.0,,
1,EV_B4_C3,4.0,75.0,,
1,EV_B4_C3,3.0,75.0,,
1,EV_B4_C3,2.0,75.0,,
1,EV_B4_C3,1.0,75.0,,
1,EV_B4_C3,0.0,75.0,,
3,,,,,
3,,,,,
3,,,,,
3,,,,,
3,,,,,
3,,,,,
3,,,,,
3,,,,,
3,,,,,
3,,,,,
3,,,,,
3,,,,,
3,,,,,
3,,,,,
3,,,,,
3,,,,,
3,,,,,
3,,,,,
3,,,,,
3,,,,,
3,,,,,
3,,,,,
3,,,,,
3,,,,,
3,,,,,
3,,,,,
3,,,,,
3,,,,,
3,,,,,
3,,,,,
3,,,,,
3,,,,,
3,,,,,
3,,,,,
3,,,,,
3,,,,,
3,,,,,
2,EV_B4_C3,,,0.0,29.586667308885506
1,EV_B4_C3,8.0,75.0,,
1,EV_B4_C3,7.0,75.0,,
1,EV_B4_C3,6.0,75.0,,
1,EV_B4_C3,5.0,75.0,,
1,EV_B4_C3,4.0,75.0,,
1,EV_B4_C3,3.0,75.0,,
1,EV_B4_C3,2.0,75.0,,
1,EV_B4_C3,1.0,75.0,,
1,EV_B4_C3,0.0,75.0,,
3,,,,,
3,,,,,
3,,,,,
3,,,,,
3,,,,,
3,,,,,
3,,,,,
3,,,,,
3,,,,,
3,,,,,
3,,,,,
3,,,,,
2,EV_B4_C3,,,0.0,24.106383454223057
1,EV_B4_C3,10.0,75.0,,
1,EV_B4_C3,9.0,75.0,,
1,EV_B4_C3,8.0,75.0,,
1,EV_B4_C3,7.0,75.0,,
1,EV_B4_C3,6.0,75.0,,
1,EV_B4_C3,5.0,75.0,,
1,EV_B4_C3,4.0,75.0,,
1,EV_B4_C3,3.0,75.0,,
1,EV_B4_C3,2.0,75.0,,
1,EV_B4_C3,1.0,75.0,,
1,EV_B4_C3,0.0,75.0,,
3,,,,,
3,,,,,
3,,,,,
3,,,,,
3,,,,,
3,,,,,
3,,,,,
3,,,,,
3,,,,,
3,,,,,
3,,,,,
3,,,,,
3,,,,,
3,,,,,
2,EV_B4_C3,,,0.0,32.33063533527599
1,EV_B4_C3,8.0,75.0,,
1,EV_B4_C3,7.0,75.0,,
1,EV_B4_C3,6.0,75.0,,
1,EV_B4_C3,5.0,75.0,,
1,EV_B4_C3,4.0,75.0,,
1,EV_B4_C3,3.0,75.0,,
1,EV_B4_C3,2.0,75.0,,
1,EV_B4_C3,1.0,75.0,,
1,EV_B4_C3,0.0,75.0,,
3,,,,,
3,,,,,
3,,,,,
3,,,,,
3,,,,,
3,,,,,
3,,,,,
3,,,,,
3,,,,,
3,,,,,
3,,,,,
3,,,,,
3,,,,,
2,EV_B4_C3,,,0.0,21.360870709780805
1,EV_B4_C3,9.0,75.0,,
1,EV_B4_C3,8.0,75.0,,
1,EV_B4_C3,7.0,75.0,,
1,EV_B4_C3,6.0,75.0,,
1,EV_B4_C3,5.0,75.0,,
1,EV_B4_C3,4.0,75.0,,
1,EV_B4_C3,3.0,75.0,,
1,EV_B4_C3,2.0,75.0,,
1,EV_B4_C3,1.0,75.0,,
1,EV_B4_C3,0.0,75.0,,
3,,,,,
3,,,,,
3,,,,,
3,,,,,
3,,,,,
3,,,,,
3,,,,,
3,,,,,
3,,,,,
3,,,,,
3,,,,,
3,,,,,
3,,,,,
2,EV_B4_C3,,,0.0,27.023610200588077
1,EV_B4_C3,9.0,75.0,,
1,EV_B4_C3,8.0,75.0,,
1,EV_B4_C3,7.0,75.0,,
1,EV_B4_C3,6.0,75.0,,
1,EV_B4_C3,5.0,75.0,,
1,EV_B4_C3,4.0,75.0,,
1,EV_B4_C3,3.0,75.0,,
1,EV_B4_C3,2.0,75.0,,
1,EV_B4_C3,1.0,75.0,,
1,EV_B4_C3,0.0,75.0,,
3,,,,,
3,,,,,
3,,,,,
3,,,,,
3,,,,,
3,,,,,
3,,,,,
3,,,,,
3,,,,,
3,,,,,
3,,,,,
3,,,,,
3,,,,,
3,,,,,
2,EV_B4_C3,,,0.0,28.832978265470395
1,EV_B4_C3,8.0,75.0,,
1,EV_B4_C3,7.0,75.0,,
1,EV_B4_C3,6.0,75.0,,
1,EV_B4_C3,5.0,75.0,,
1,EV_B4_C3,4.0,75.0,,
1,EV_B4_C3,3.0,75.0,,
1,EV_B4_C3,2.0,75.0,,
1,EV_B4_C3,1.0,75.0,,
1,EV_B4_C3,0.0,75.0,,
3,,,,,
3,,,,,
3,,,,,
3,,,,,
3,,,,,
3,,,,,
3,,,,,
3,,,,,
3,,,,,
3,,,,,
3,,,,,
2,EV_B4_C3,,,0.0,39.25243768426709
1,EV_B4_C3,11.0,75.0,,
1,EV_B4_C3,10.0,75.0,,
1,EV_B4_C3,9.0,75.0,,
1,EV_B4_C3,8.0,75.0,,
1,EV_B4_C3,7.0,75.0,,
1,EV_B4_C3,6.0,75.0,,
1,EV_B4_C3,5.0,75.0,,
1,EV_B4_C3,4.0,75.0,,
1,EV_B4_C3,3.0,75.0,,
1,EV_B4_C3,2.0,75.0,,
1,EV_B4_C3,1.0,75.0,,
1,EV_B4_C3,0.0,75.0,,
3,,,,,
3,,,,,
3,,,,,
3,,,,,
3,,,,,
3,,,,,
3,,,,,
3,,,,,
3,,,,,
3,,,,,
3,,,,,
3,,,,,
3,,,,,
2,EV_B4_C3,,,0.0,36.0000681428046
1,EV_B4_C3,10.0,75.0,,
1,EV_B4_C3,9.0,75.0,,
1,EV_B4_C3,8.0,75.0,,
1,EV_B4_C3,7.0,75.0,,
1,EV_B4_C3,6.0,75.0,,
1,EV_B4_C3,5.0,75.0,,
1,EV_B4_C3,4.0,75.0,,
1,EV_B4_C3,3.0,75.0,,
1,EV_B4_C3,2.0,75.0,,
1,EV_B4_C3,1.0,75.0,,
1,EV_B4_C3,0.0,75.0,,
3,,,,,
3,,,,,
3,,,,,
3,,,,,
3,,,,,
3,,,,,
3,,,,,
3,,,,,
3,,,,,
3,,,,,
3,,,,,
3,,,,,
2,EV_B4_C3,,,0.0,37.568535140232086
1,EV_B4_C3,9.0,75.0,,
1,EV_B4_C3,8.0,75.0,,
1,EV_B4_C3,7.0,75.0,,
1,EV_B4_C3,6.0,75.0,,
1,EV_B4_C3,5.0,75.0,,
1,EV_B4_C3,4.0,75.0,,
1,EV_B4_C3,3.0,75.0,,
1,EV_B4_C3,2.0,75.0,,
1,EV_B4_C3,1.0,75.0,,
1,EV_B4_C3,0.0,75.0,,
3,,,,,
3,,,,,
3,,,,,
3,,,,,
3,,,,,
3,,,,,
3,,,,,
3,,,,,
3,,,,,
3,,,,,
3,,,,,
3,,,,,
3,,,,,
3,,,,,
3,,,,,
3,,,,,
3,,,,,
3,,,,,
3,,,,,
3,,,,,
3,,,,,
3,,,,,
3,,,,,
3,,,,,
3,,,,,
3,,,,,
3,,,,,
3,,,,,
3,,,,,
3,,,,,
3,,,,,
3,,,,,
3,,,,,
3,,,,,
3,,,,,
3,,,,,
3,,,,,
2,EV_B4_C3,,,0.0,26.19930019362316
1,EV_B4_C3,10.0,75.0,,
1,EV_B4_C3,9.0,75.0,,
1,EV_B4_C3,8.0,75.0,,
1,EV_B4_C3,7.0,75.0,,
1,EV_B4_C3,6.0,75.0,,
1,EV_B4_C3,5.0,75.0,,
1,EV_B4_C3,4.0,75.0,,
1,EV_B4_C3,3.0,75.0,,
1,EV_B4_C3,2.0,75.0,,
1,EV_B4_C3,1.0,75.0,,
1,EV_B4_C3,0.0,75.0,,
3,,,,,
3,,,,,
3,,,,,
3,,,,,
3,,,,,
3,,,,,
3,,,,,
3,,,,,
3,,,,,
3,,,,,
3,,,,,
3,,,,,
2,EV_B4_C3,,,0.0,39.087594160383546
1,EV_B4_C3,10.0,75.0,,
1,EV_B4_C3,9.0,75.0,,
1,EV_B4_C3,8.0,75.0,,
1,EV_B4_C3,7.0,75.0,,
1,EV_B4_C3,6.0,75.0,,
1,EV_B4_C3,5.0,75.0,,
1,EV_B4_C3,4.0,75.0,,
1,EV_B4_C3,3.0,75.0,,
1,EV_B4_C3,2.0,75.0,,
1,EV_B4_C3,1.0,75.0,,
1,EV_B4_C3,0.0,75.0,,
3,,,,,
3,,,,,
3,,,,,
3,,,,,
3,,,,,
3,,,,,
3,,,,,
3,,,,,
3,,,,,
3,,,,,
3,,,,,
3,,,,,
2,EV_B4_C3,,,0.0,23.833169381286552
1,EV_B4_C3,9.0,75.0,,
1,EV_B4_C3,8.0,75.0,,
1,EV_B4_C3,7.0,75.0,,
1,EV_B4_C3,6.0,75.0,,
1,EV_B4_C3,5.0,75.0,,
1,EV_B4_C3,4.0,75.0,,
1,EV_B4_C3,3.0,75.0,,
1,EV_B4_C3,2.0,75.0,,
1,EV_B4_C3,1.0,75.0,,
1,EV_B4_C3,0.0,75.0,,
3,,,,,
3,,,,,
3,,,,,
3,,,,,
3,,,,,
3,,,,,
3,,,,,
3,,,,,
3,,,,,
3,,,,,
3,,,,,
3,,,,,
2,EV_B4_C3,,,0.0,26.803706661188354
1,EV_B4_C3,11.0,75.0,,
1,EV_B4_C3,10.0,75.0,,
1,EV_B4_C3,9.0,75.0,,
1,EV_B4_C3,8.0,75.0,,
1,EV_B4_C3,7.0,75.0,,
1,EV_B4_C3,6.0,75.0,,
1,EV_B4_C3,5.0,75.0,,
1,EV_B4_C3,4.0,75.0,,
1,EV_B4_C3,3.0,75.0,,
1,EV_B4_C3,2.0,75.0,,
1,EV_B4_C3,1.0,75.0,,
1,EV_B4_C3,0.0,75.0,,
3,,,,,
3,,,,,
3,,,,,
3,,,,,
3,,,,,
3,,,,,
3,,,,,
3,,,,,
3,,,,,
3,,,,,
3,,,,,
2,EV_B4_C3,,,0.0,25.11395785903231
1,EV_B4_C3,10.0,75.0,,
1,EV_B4_C3,9.0,75.0,,
1,EV_B4_C3,8.0,75.0,,
1,EV_B4_C3,7.0,75.0,,
1,EV_B4_C3,6.0,75.0,,
1,EV_B4_C3,5.0,75.0,,
1,EV_B4_C3,4.0,75.0,,
1,EV_B4_C3,3.0,75.0,,
1,EV_B4_C3,2.0,75.0,,
1,EV_B4_C3,1.0,75.0,,
1,EV_B4_C3,0.0,75.0,,
3,,,,,
3,,,,,
3,,,,,
3,,,,,
3,,,,,
3,,,,,
3,,,,,
3,,,,,
3,,,,,
3,,,,,
3,,,,,
3,,,,,
3,,,,,
3,,,,,
2,EV_B4_C3,,,0.0,23.117699865665287
1,EV_B4_C3,8.0,75.0,,
1,EV_B4_C3,7.0,75.0,,
1,EV_B4_C3,6.0,75.0,,
1,EV_B4_C3,5.0,75.0,,
1,EV_B4_C3,4.0,75.0,,
1,EV_B4_C3,3.0,75.0,,
1,EV_B4_C3,2.0,75.0,,
1,EV_B4_C3,1.0,75.0,,
1,EV_B4_C3,0.0,75.0,,
3,,,,,
3,,,,,
3,,,,,
3,,,,,
3,,,,,
3,,,,,
3,,,,,
3,,,,,
3,,,,,
3,,,,,
3,,,,,
3,,,,,
3,,,,,
2,EV_B4_C3,,,0.0,23.11012857196428
1,EV_B4_C3,9.0,75.0,,
1,EV_B4_C3,8.0,75.0,,
1,EV_B4_C3,7.0,75.0,,
1,EV_B4_C3,6.0,75.0,,
1,EV_B4_C3,5.0,75.0,,
1,EV_B4_C3,4.0,75.0,,
1,EV_B4_C3,3.0,75.0,,
1,EV_B4_C3,2.0,75.0,,
1,EV_B4_C3,1.0,75.0,,
1,EV_B4_C3,0.0,75.0,,
3,,,,,
3,,,,,
3,,,,,
3,,,,,
3,,,,,
3,,,,,
3,,,,,
3,,,,,
3,,,,,
3,,,,,
3,,,,,
3,,,,,
3,,,,,
3,,,,,
3,,,,,
2,EV_B4_C3,,,0.0,21.8783522218483
1,EV_B4_C3,7.0,75.0,,
1,EV_B4_C3,6.0,75.0,,
1,EV_B4_C3,5.0,75.0,,
1,EV_B4_C3,4.0,75.0,,
1,EV_B4_C3,3.0,75.0,,
1,EV_B4_C3,2.0,75.0,,
1,EV_B4_C3,1.0,75.0,,
1,EV_B4_C3,0.0,75.0,,
3,,,,,
3,,,,,
3,,,,,
3,,,,,
3,,,,,
3,,,,,
3,,,,,
3,,,,,
3,,,,,
3,,,,,
3,,,,,
3,,,,,
3,,,,,
2,EV_B4_C3,,,0.0,21.21547267576367
1,EV_B4_C3,9.0,75.0,,
1,EV_B4_C3,8.0,75.0,,
1,EV_B4_C3,7.0,75.0,,
1,EV_B4_C3,6.0,75.0,,
1,EV_B4_C3,5.0,75.0,,
1,EV_B4_C3,4.0,75.0,,
1,EV_B4_C3,3.0,75.0,,
1,EV_B4_C3,2.0,75.0,,
1,EV_B4_C3,1.0,75.0,,
1,EV_B4_C3,0.0,75.0,,
3,,,,,
3,,,,,
3,,,,,
3,,,,,
3,,,,,
3,,,,,
3,,,,,
3,,,,,
3,,,,,
3,,,,,
3,,,,,
3,,,,,
3,,,,,
2,EV_B4_C3,,,0.0,27.974027367370972
1,EV_B4_C3,11.0,75.0,,
1,EV_B4_C3,10.0,75.0,,
1,EV_B4_C3,9.0,75.0,,
1,EV_B4_C3,8.0,75.0,,
1,EV_B4_C3,7.0,75.0,,
1,EV_B4_C3,6.0,75.0,,
1,EV_B4_C3,5.0,75.0,,
1,EV_B4_C3,4.0,75.0,,
1,EV_B4_C3,3.0,75.0,,
1,EV_B4_C3,2.0,75.0,,
1,EV_B4_C3,1.0,75.0,,
1,EV_B4_C3,0.0,75.0,,
3,,,,,
3,,,,,
3,,,,,
3,,,,,
3,,,,,
3,,,,,
3,,,,,
3,,,,,
3,,,,,
3,,,,,
2,EV_B4_C3,,,0.0,36.27208061291288
1,EV_B4_C3,10.0,75.0,,
1,EV_B4_C3,9.0,75.0,,
1,EV_B4_C3,8.0,75.0,,
1,EV_B4_C3,7.0,75.0,,
1,EV_B4_C3,6.0,75.0,,
1,EV_B4_C3,5.0,75.0,,
1,EV_B4_C3,4.0,75.0,,
1,EV_B4_C3,3.0,75.0,,
1,EV_B4_C3,2.0,75.0,,
1,EV_B4_C3,1.0,75.0,,
1,EV_B4_C3,0.0,75.0,,
3,,,,,
3,,,,,
3,,,,,
3,,,,,
3,,,,,
3,,,,,
3,,,,,
3,,,,,
3,,,,,
3,,,,,
3,,,,,
3,,,,,
3,,,,,
3,,,,,
2,EV_B4_C3,,,0.0,33.34761138486575
1,EV_B4_C3,9.0,75.0,,
1,EV_B4_C3,8.0,75.0,,
1,EV_B4_C3,7.0,75.0,,
1,EV_B4_C3,6.0,75.0,,
1,EV_B4_C3,5.0,75.0,,
1,EV_B4_C3,4.0,75.0,,
1,EV_B4_C3,3.0,75.0,,
1,EV_B4_C3,2.0,75.0,,
1,EV_B4_C3,1.0,75.0,,
1,EV_B4_C3,0.0,75.0,,
3,,,,,
3,,,,,
3,,,,,
3,,,,,
3,,,,,
3,,,,,
3,,,,,
3,,,,,
3,,,,,
3,,,,,
3,,,,,
3,,,,,
2,EV_B4_C3,,,0.0,24.692714445496065
1,EV_B4_C3,10.0,75.0,,
1,EV_B4_C3,9.0,75.0,,
1,EV_B4_C3,8.0,75.0,,
1,EV_B4_C3,7.0,75.0,,
1,EV_B4_C3,6.0,75.0,,
1,EV_B4_C3,5.0,75.0,,
1,EV_B4_C3,4.0,75.0,,
1,EV_B4_C3,3.0,75.0,,
1,EV_B4_C3,2.0,75.0,,
1,EV_B4_C3,1.0,75.0,,
1,EV_B4_C3,0.0,75.0,,
3,,,,,
3,,,,,
3,,,,,
3,,,,,
3,,,,,
3,,,,,
3,,,,,
3,,,,,
3,,,,,
3,,,,,
3,,,,,
2,EV_B4_C3,,,0.0,27.75226610378172
1,EV_B4_C3,10.0,75.0,,
1,EV_B4_C3,9.0,75.0,,
1,EV_B4_C3,8.0,75.0,,
1,EV_B4_C3,7.0,75.0,,
1,EV_B4_C3,6.0,75.0,,
1,EV_B4_C3,5.0,75.0,,
1,EV_B4_C3,4.0,75.0,,
1,EV_B4_C3,3.0,75.0,,
1,EV_B4_C3,2.0,75.0,,
1,EV_B4_C3,1.0,75.0,,
1,EV_B4_C3,0.0,75.0,,
3,,,,,
3,,,,,
3,,,,,
3,,,,,
3,,,,,
3,,,,,
3,,,,,
3,,,,,
3,,,,,
3,,,,,
3,,,,,
2,EV_B4_C3,,,0.0,25.829403721995337
1,EV_B4_C3,11.0,75.0,,
1,EV_B4_C3,10.0,75.0,,
1,EV_B4_C3,9.0,75.0,,
1,EV_B4_C3,8.0,75.0,,
1,EV_B4_C3,7.0,75.0,,
1,EV_B4_C3,6.0,75.0,,
1,EV_B4_C3,5.0,75.0,,
1,EV_B4_C3,4.0,75.0,,
1,EV_B4_C3,3.0,75.0,,
1,EV_B4_C3,2.0,75.0,,
1,EV_B4_C3,1.0,75.0,,
1,EV_B4_C3,0.0,75.0,,
3,,,,,
3,,,,,
3,,,,,
3,,,,,
3,,,,,
3,,,,,
3,,,,,
3,,,,,
3,,,,,
3,,,,,
3,,,,,
3,,,,,
3,,,,,
3,,,,,
3,,,,,
3,,,,,
3,,,,,
3,,,,,
3,,,,,
3,,,,,
3,,,,,
3,,,,,
3,,,,,
3,,,,,
3,,,,,
3,,,,,
3,,,,,
3,,,,,
3,,,,,
3,,,,,
3,,,,,
3,,,,,
3,,,,,
3,,,,,
3,,,,,
2,EV_B4_C3,,,0.0,20.036956250913917
1,EV_B4_C3,12.0,75.0,,
1,EV_B4_C3,11.0,75.0,,
1,EV_B4_C3,10.0,75.0,,
1,EV_B4_C3,9.0,75.0,,
1,EV_B4_C3,8.0,75.0,,
1,EV_B4_C3,7.0,75.0,,
1,EV_B4_C3,6.0,75.0,,
1,EV_B4_C3,5.0,75.0,,
1,EV_B4_C3,4.0,75.0,,
1,EV_B4_C3,3.0,75.0,,
1,EV_B4_C3,2.0,75.0,,
1,EV_B4_C3,1.0,75.0,,
1,EV_B4_C3,0.0,75.0,,
3,,,,,
3,,,,,
3,,,,,
3,,,,,
3,,,,,
3,,,,,
3,,,,,
3,,,,,
3,,,,,
3,,,,,
3,,,,,
2,EV_B4_C3,,,0.0,31.36421311182983
1,EV_B4_C3,10.0,75.0,,
1,EV_B4_C3,9.0,75.0,,
1,EV_B4_C3,8.0,75.0,,
1,EV_B4_C3,7.0,75.0,,
1,EV_B4_C3,6.0,75.0,,
1,EV_B4_C3,5.0,75.0,,
1,EV_B4_C3,4.0,75.0,,
1,EV_B4_C3,3.0,75.0,,
1,EV_B4_C3,2.0,75.0,,
1,EV_B4_C3,1.0,75.0,,
1,EV_B4_C3,0.0,75.0,,
3,,,,,
3,,,,,
3,,,,,
3,,,,,
3,,,,,
3,,,,,
3,,,,,
3,,,,,
3,,,,,
3,,,,,
3,,,,,
3,,,,,
2,EV_B4_C3,,,0.0,33.988601880388494
1,EV_B4_C3,10.0,75.0,,
1,EV_B4_C3,9.0,75.0,,
1,EV_B4_C3,8.0,75.0,,
1,EV_B4_C3,7.0,75.0,,
1,EV_B4_C3,6.0,75.0,,
1,EV_B4_C3,5.0,75.0,,
1,EV_B4_C3,4.0,75.0,,
1,EV_B4_C3,3.0,75.0,,
1,EV_B4_C3,2.0,75.0,,
1,EV_B4_C3,1.0,75.0,,
1,EV_B4_C3,0.0,75.0,,
3,,,,,
3,,,,,
3,,,,,
3,,,,,
3,,,,,
3,,,,,
3,,,,,
3,,,,,
3,,,,,
3,,,,,
3,,,,,
3,,,,,
3,,,,,
2,EV_B4_C3,,,0.0,27.36913457643827
1,EV_B4_C3,10.0,75.0,,
1,EV_B4_C3,9.0,75.0,,
1,EV_B4_C3,8.0,75.0,,
1,EV_B4_C3,7.0,75.0,,
1,EV_B4_C3,6.0,75.0,,
1,EV_B4_C3,5.0,75.0,,
1,EV_B4_C3,4.0,75.0,,
1,EV_B4_C3,3.0,75.0,,
1,EV_B4_C3,2.0,75.0,,
1,EV_B4_C3,1.0,75.0,,
1,EV_B4_C3,0.0,75.0,,
3,,,,,
3,,,,,
3,,,,,
3,,,,,
3,,,,,
3,,,,,
3,,,,,
3,,,,,
3,,,,,
3,,,,,
3,,,,,
3,,,,,
2,EV_B4_C3,,,0.0,26.352017780116427
1,EV_B4_C3,9.0,75.0,,
1,EV_B4_C3,8.0,75.0,,
1,EV_B4_C3,7.0,75.0,,
1,EV_B4_C3,6.0,75.0,,
1,EV_B4_C3,5.0,75.0,,
1,EV_B4_C3,4.0,75.0,,
1,EV_B4_C3,3.0,75.0,,
1,EV_B4_C3,2.0,75.0,,
1,EV_B4_C3,1.0,75.0,,
1,EV_B4_C3,0.0,75.0,,
3,,,,,
3,,,,,
3,,,,,
3,,,,,
3,,,,,
3,,,,,
3,,,,,
3,,,,,
3,,,,,
3,,,,,
3,,,,,
3,,,,,
3,,,,,
2,EV_B4_C3,,,0.0,38.642420779375016
1,EV_B4_C3,9.0,75.0,,
1,EV_B4_C3,8.0,75.0,,
1,EV_B4_C3,7.0,75.0,,
1,EV_B4_C3,6.0,75.0,,
1,EV_B4_C3,5.0,75.0,,
1,EV_B4_C3,4.0,75.0,,
1,EV_B4_C3,3.0,75.0,,
1,EV_B4_C3,2.0,75.0,,
1,EV_B4_C3,1.0,75.0,,
1,EV_B4_C3,0.0,75.0,,
3,,,,,
3,,,,,
3,,,,,
3,,,,,
3,,,,,
3,,,,,
3,,,,,
3,,,,,
3,,,,,
3,,,,,
3,,,,,
3,,,,,
3,,,,,
2,EV_B4_C3,,,0.0,36.07282360930338
1,EV_B4_C3,9.0,75.0,,
1,EV_B4_C3,8.0,75.0,,
1,EV_B4_C3,7.0,75.0,,
1,EV_B4_C3,6.0,75.0,,
1,EV_B4_C3,5.0,75.0,,
1,EV_B4_C3,4.0,75.0,,
1,EV_B4_C3,3.0,75.0,,
1,EV_B4_C3,2.0,75.0,,
1,EV_B4_C3,1.0,75.0,,
1,EV_B4_C3,0.0,75.0,,
3,,,,,
3,,,,,
3,,,,,
3,,,,,
3,,,,,
3,,,,,
3,,,,,
3,,,,,
3,,,,,
3,,,,,
3,,,,,
3,,,,,
3,,,,,
2,EV_B4_C3,,,0.0,28.66055543870135
1,EV_B4_C3,9.0,75.0,,
1,EV_B4_C3,8.0,75.0,,
1,EV_B4_C3,7.0,75.0,,
1,EV_B4_C3,6.0,75.0,,
1,EV_B4_C3,5.0,75.0,,
1,EV_B4_C3,4.0,75.0,,
1,EV_B4_C3,3.0,75.0,,
1,EV_B4_C3,2.0,75.0,,
1,EV_B4_C3,1.0,75.0,,
1,EV_B4_C3,0.0,75.0,,
3,,,,,
3,,,,,
3,,,,,
3,,,,,
3,,,,,
3,,,,,
3,,,,,
3,,,,,
3,,,,,
3,,,,,
3,,,,,
3,,,,,
3,,,,,
2,EV_B4_C3,,,0.0,33.587105857244595
1,EV_B4_C3,9.0,75.0,,
1,EV_B4_C3,8.0,75.0,,
1,EV_B4_C3,7.0,75.0,,
1,EV_B4_C3,6.0,75.0,,
1,EV_B4_C3,5.0,75.0,,
1,EV_B4_C3,4.0,75.0,,
1,EV_B4_C3,3.0,75.0,,
1,EV_B4_C3,2.0,75.0,,
1,EV_B4_C3,1.0,75.0,,
1,EV_B4_C3,0.0,75.0,,
3,,,,,
3,,,,,
3,,,,,
3,,,,,
3,,,,,
3,,,,,
3,,,,,
3,,,,,
3,,,,,
3,,,,,
3,,,,,
3,,,,,
2,EV_B4_C3,,,0.0,27.43273583517947
1,EV_B4_C3,10.0,75.0,,
1,EV_B4_C3,9.0,75.0,,
1,EV_B4_C3,8.0,75.0,,
1,EV_B4_C3,7.0,75.0,,
1,EV_B4_C3,6.0,75.0,,
1,EV_B4_C3,5.0,75.0,,
1,EV_B4_C3,4.0,75.0,,
1,EV_B4_C3,3.0,75.0,,
1,EV_B4_C3,2.0,75.0,,
1,EV_B4_C3,1.0,75.0,,
1,EV_B4_C3,0.0,75.0,,
3,,,,,
3,,,,,
3,,,,,
3,,,,,
3,,,,,
3,,,,,
3,,,,,
3,,,,,
3,,,,,
3,,,,,
3,,,,,
3,,,,,
3,,,,,
2,EV_B4_C3,,,0.0,31.952832991084428
1,EV_B4_C3,10.0,75.0,,
1,EV_B4_C3,9.0,75.0,,
1,EV_B4_C3,8.0,75.0,,
1,EV_B4_C3,7.0,75.0,,
1,EV_B4_C3,6.0,75.0,,
1,EV_B4_C3,5.0,75.0,,
1,EV_B4_C3,4.0,75.0,,
1,EV_B4_C3,3.0,75.0,,
1,EV_B4_C3,2.0,75.0,,
1,EV_B4_C3,1.0,75.0,,
1,EV_B4_C3,0.0,75.0,,
3,,,,,
3,,,,,
3,,,,,
3,,,,,
3,,,,,
3,,,,,
3,,,,,
3,,,,,
3,,,,,
3,,,,,
3,,,,,
2,EV_B4_C3,,,0.0,31.15180729561388
1,EV_B4_C3,11.0,75.0,,
1,EV_B4_C3,10.0,75.0,,
1,EV_B4_C3,9.0,75.0,,
1,EV_B4_C3,8.0,75.0,,
1,EV_B4_C3,7.0,75.0,,
1,EV_B4_C3,6.0,75.0,,
1,EV_B4_C3,5.0,75.0,,
1,EV_B4_C3,4.0,75.0,,
1,EV_B4_C3,3.0,75.0,,
1,EV_B4_C3,2.0,75.0,,
1,EV_B4_C3,1.0,75.0,,
1,EV_B4_C3,0.0,75.0,,
3,,,,,
3,,,,,
3,,,,,
3,,,,,
3,,,,,
3,,,,,
3,,,,,
3,,,,,
3,,,,,
3,,,,,
3,,,,,
3,,,,,
2,EV_B4_C3,,,0.0,29.014032044290584
1,EV_B4_C3,9.0,75.0,,
1,EV_B4_C3,8.0,75.0,,
1,EV_B4_C3,7.0,75.0,,
1,EV_B4_C3,6.0,75.0,,
1,EV_B4_C3,5.0,75.0,,
1,EV_B4_C3,4.0,75.0,,
1,EV_B4_C3,3.0,75.0,,
1,EV_B4_C3,2.0,75.0,,
1,EV_B4_C3,1.0,75.0,,
1,EV_B4_C3,0.0,75.0,,
3,,,,,
3,,,,,
3,,,,,
3,,,,,
3,,,,,
3,,,,,
3,,,,,
3,,,,,
3,,,,,
3,,,,,
3,,,,,
3,,,,,
3,,,,,
2,EV_B4_C3,,,0.0,34.150780634217426
1,EV_B4_C3,9.0,75.0,,
1,EV_B4_C3,8.0,75.0,,
1,EV_B4_C3,7.0,75.0,,
1,EV_B4_C3,6.0,75.0,,
1,EV_B4_C3,5.0,75.0,,
1,EV_B4_C3,4.0,75.0,,
1,EV_B4_C3,3.0,75.0,,
1,EV_B4_C3,2.0,75.0,,
1,EV_B4_C3,1.0,75.0,,
1,EV_B4_C3,0.0,75.0,,
3,,,,,
3,,,,,
3,,,,,
3,,,,,
3,,,,,
3,,,,,
3,,,,,
3,,,,,
3,,,,,
3,,,,,
3,,,,,
3,,,,,
2,EV_B4_C3,,,0.0,38.49224557968343
1,EV_B4_C3,10.0,75.0,,
1,EV_B4_C3,9.0,75.0,,
1,EV_B4_C3,8.0,75.0,,
1,EV_B4_C3,7.0,75.0,,
1,EV_B4_C3,6.0,75.0,,
1,EV_B4_C3,5.0,75.0,,
1,EV_B4_C3,4.0,75.0,,
1,EV_B4_C3,3.0,75.0,,
1,EV_B4_C3,2.0,75.0,,
1,EV_B4_C3,1.0,75.0,,
1,EV_B4_C3,0.0,75.0,,
3,,,,,
3,,,,,
3,,,,,
3,,,,,
3,,,,,
3,,,,,
3,,,,,
3,,,,,
3,,,,,
3,,,,,
3,,,,,
3,,,,,
2,EV_B4_C3,,,0.0,35.87203184456671
1,EV_B4_C3,10.0,75.0,,
1,EV_B4_C3,9.0,75.0,,
1,EV_B4_C3,8.0,75.0,,
1,EV_B4_C3,7.0,75.0,,
1,EV_B4_C3,6.0,75.0,,
1,EV_B4_C3,5.0,75.0,,
1,EV_B4_C3,4.0,75.0,,
1,EV_B4_C3,3.0,75.0,,
1,EV_B4_C3,2.0,75.0,,
1,EV_B4_C3,1.0,75.0,,
1,EV_B4_C3,0.0,75.0,,
3,,,,,
3,,,,,
3,,,,,
3,,,,,
3,,,,,
3,,,,,
3,,,,,
3,,,,,
3,,,,,
3,,,,,
3,,,,,
3,,,,,
2,EV_B4_C3,,,0.0,38.146535622709614
1,EV_B4_C3,10.0,75.0,,
1,EV_B4_C3,9.0,75.0,,
1,EV_B4_C3,8.0,75.0,,
1,EV_B4_C3,7.0,75.0,,
1,EV_B4_C3,6.0,75.0,,
1,EV_B4_C3,5.0,75.0,,
1,EV_B4_C3,4.0,75.0,,
1,EV_B4_C3,3.0,75.0,,
1,EV_B4_C3,2.0,75.0,,
1,EV_B4_C3,1.0,75.0,,
1,EV_B4_C3,0.0,75.0,,
3,,,,,
3,,,,,
3,,,,,
3,,,,,
3,,,,,
3,,,,,
3,,,,,
3,,,,,
3,,,,,
3,,,,,
3,,,,,
3,,,,,
3,,,,,
2,EV_B4_C3,,,0.0,20.064304910114625
1,EV_B4_C3,9.0,75.0,,
1,EV_B4_C3,8.0,75.0,,
1,EV_B4_C3,7.0,75.0,,
1,EV_B4_C3,6.0,75.0,,
1,EV_B4_C3,5.0,75.0,,
1,EV_B4_C3,4.0,75.0,,
1,EV_B4_C3,3.0,75.0,,
1,EV_B4_C3,2.0,75.0,,
1,EV_B4_C3,1.0,75.0,,
1,EV_B4_C3,0.0,75.0,,
3,,,,,
3,,,,,
3,,,,,
3,,,,,
3,,,,,
3,,,,,
3,,,,,
3,,,,,
3,,,,,
3,,,,,
3,,,,,
3,,,,,
3,,,,,
2,EV_B4_C3,,,0.0,30.794918014888374
1,EV_B4_C3,9.0,75.0,,
1,EV_B4_C3,8.0,75.0,,
1,EV_B4_C3,7.0,75.0,,
1,EV_B4_C3,6.0,75.0,,
1,EV_B4_C3,5.0,75.0,,
1,EV_B4_C3,4.0,75.0,,
1,EV_B4_C3,3.0,75.0,,
1,EV_B4_C3,2.0,75.0,,
1,EV_B4_C3,1.0,75.0,,
1,EV_B4_C3,0.0,75.0,,
3,,,,,
3,,,,,
3,,,,,
3,,,,,
3,,,,,
3,,,,,
3,,,,,
3,,,,,
3,,,,,
3,,,,,
3,,,,,
2,EV_B4_C3,,,0.0,29.771995286157622
1,EV_B4_C3,12.0,75.0,,
1,EV_B4_C3,11.0,75.0,,
1,EV_B4_C3,10.0,75.0,,
1,EV_B4_C3,9.0,75.0,,
1,EV_B4_C3,8.0,75.0,,
1,EV_B4_C3,7.0,75.0,,
1,EV_B4_C3,6.0,75.0,,
1,EV_B4_C3,5.0,75.0,,
1,EV_B4_C3,4.0,75.0,,
1,EV_B4_C3,3.0,75.0,,
1,EV_B4_C3,2.0,75.0,,
1,EV_B4_C3,1.0,75.0,,
1,EV_B4_C3,0.0,75.0,,
3,,,,,
3,,,,,
3,,,,,
3,,,,,
3,,,,,
3,,,,,
3,,,,,
3,,,,,
3,,,,,
3,,,,,
3,,,,,
3,,,,,
2,EV_B4_C3,,,0.0,27.62055561304359
1,EV_B4_C3,9.0,75.0,,
1,EV_B4_C3,8.0,75.0,,
1,EV_B4_C3,7.0,75.0,,
1,EV_B4_C3,6.0,75.0,,
1,EV_B4_C3,5.0,75.0,,
1,EV_B4_C3,4.0,75.0,,
1,EV_B4_C3,3.0,75.0,,
1,EV_B4_C3,2.0,75.0,,
1,EV_B4_C3,1.0,75.0,,
1,EV_B4_C3,0.0,75.0,,
3,,,,,
3,,,,,
3,,,,,
3,,,,,
3,,,,,
3,,,,,
3,,,,,
3,,,,,
3,,,,,
3,,,,,
3,,,,,
3,,,,,
2,EV_B4_C3,,,0.0,22.279369057372726
1,EV_B4_C3,11.0,75.0,,
1,EV_B4_C3,10.0,75.0,,
1,EV_B4_C3,9.0,75.0,,
1,EV_B4_C3,8.0,75.0,,
1,EV_B4_C3,7.0,75.0,,
1,EV_B4_C3,6.0,75.0,,
1,EV_B4_C3,5.0,75.0,,
1,EV_B4_C3,4.0,75.0,,
1,EV_B4_C3,3.0,75.0,,
1,EV_B4_C3,2.0,75.0,,
1,EV_B4_C3,1.0,75.0,,
1,EV_B4_C3,0.0,75.0,,
3,,,,,
3,,,,,
3,,,,,
3,,,,,
3,,,,,
3,,,,,
3,,,,,
3,,,,,
3,,,,,
3,,,,,
3,,,,,
3,,,,,
3,,,,,
3,,,,,
3,,,,,
3,,,,,
3,,,,,
3,,,,,
3,,,,,
3,,,,,
3,,,,,
3,,,,,
3,,,,,
3,,,,,
3,,,,,
3,,,,,
3,,,,,
3,,,,,
3,,,,,
3,,,,,
3,,,,,
3,,,,,
3,,,,,
3,,,,,
3,,,,,
3,,,,,
2,EV_B4_C3,,,0.0,24.721411310133835
1,EV_B4_C3,9.0,75.0,,
1,EV_B4_C3,8.0,75.0,,
1,EV_B4_C3,7.0,75.0,,
1,EV_B4_C3,6.0,75.0,,
1,EV_B4_C3,5.0,75.0,,
1,EV_B4_C3,4.0,75.0,,
1,EV_B4_C3,3.0,75.0,,
1,EV_B4_C3,2.0,75.0,,
1,EV_B4_C3,1.0,75.0,,
1,EV_B4_C3,0.0,75.0,,
3,,,,,
3,,,,,
3,,,,,
3,,,,,
3,,,,,
3,,,,,
3,,,,,
3,,,,,
3,,,,,
3,,,,,
3,,,,,
3,,,,,
2,EV_B4_C3,,,0.0,28.486961107784253
1,EV_B4_C3,10.0,75.0,,
1,EV_B4_C3,9.0,75.0,,
1,EV_B4_C3,8.0,75.0,,
1,EV_B4_C3,7.0,75.0,,
1,EV_B4_C3,6.0,75.0,,
1,EV_B4_C3,5.0,75.0,,
1,EV_B4_C3,4.0,75.0,,
1,EV_B4_C3,3.0,75.0,,
1,EV_B4_C3,2.0,75.0,,
1,EV_B4_C3,1.0,75.0,,
1,EV_B4_C3,0.0,75.0,,
3,,,,,
3,,,,,
3,,,,,
3,,,,,
3,,,,,
3,,,,,
3,,,,,
3,,,,,
3,,,,,
3,,,,,
3,,,,,
3,,,,,
3,,,,,
3,,,,,
2,EV_B4_C3,,,0.0,35.07184625415915
1,EV_B4_C3,9.0,75.0,,
1,EV_B4_C3,8.0,75.0,,
1,EV_B4_C3,7.0,75.0,,
1,EV_B4_C3,6.0,75.0,,
1,EV_B4_C3,5.0,75.0,,
1,EV_B4_C3,4.0,75.0,,
1,EV_B4_C3,3.0,75.0,,
1,EV_B4_C3,2.0,75.0,,
1,EV_B4_C3,1.0,75.0,,
1,EV_B4_C3,0.0,75.0,,
3,,,,,
3,,,,,
3,,,,,
3,,,,,
3,,,,,
3,,,,,
3,,,,,
3,,,,,
3,,,,,
3,,,,,
3,,,,,
3,,,,,
3,,,,,
2,EV_B4_C3,,,0.0,31.792270711790305
1,EV_B4_C3,8.0,75.0,,
1,EV_B4_C3,7.0,75.0,,
1,EV_B4_C3,6.0,75.0,,
1,EV_B4_C3,5.0,75.0,,
1,EV_B4_C3,4.0,75.0,,
1,EV_B4_C3,3.0,75.0,,
1,EV_B4_C3,2.0,75.0,,
1,EV_B4_C3,1.0,75.0,,
1,EV_B4_C3,0.0,75.0,,
3,,,,,
3,,,,,
3,,,,,
3,,,,,
3,,,,,
3,,,,,
3,,,,,
3,,,,,
3,,,,,
3,,,,,
3,,,,,
3,,,,,
2,EV_B4_C3,,,0.0,25.15402768374467
1,EV_B4_C3,10.0,75.0,,
1,EV_B4_C3,9.0,75.0,,
1,EV_B4_C3,8.0,75.0,,
1,EV_B4_C3,7.0,75.0,,
1,EV_B4_C3,6.0,75.0,,
1,EV_B4_C3,5.0,75.0,,
1,EV_B4_C3,4.0,75.0,,
1,EV_B4_C3,3.0,75.0,,
1,EV_B4_C3,2.0,75.0,,
1,EV_B4_C3,1.0,75.0,,
1,EV_B4_C3,0.0,75.0,,
3,,,,,
3,,,,,
3,,,,,
3,,,,,
3,,,,,
3,,,,,
3,,,,,
3,,,,,
3,,,,,
3,,,,,
3,,,,,
3,,,,,
2,EV_B4_C3,,,0.0,26.983436251866344
1,EV_B4_C3,11.0,75.0,,
1,EV_B4_C3,10.0,75.0,,
1,EV_B4_C3,9.0,75.0,,
1,EV_B4_C3,8.0,75.0,,
1,EV_B4_C3,7.0,75.0,,
1,EV_B4_C3,6.0,75.0,,
1,EV_B4_C3,5.0,75.0,,
1,EV_B4_C3,4.0,75.0,,
1,EV_B4_C3,3.0,75.0,,
1,EV_B4_C3,2.0,75.0,,
1,EV_B4_C3,1.0,75.0,,
1,EV_B4_C3,0.0,75.0,,
3,,,,,
3,,,,,
3,,,,,
3,,,,,
3,,,,,
3,,,,,
3,,,,,
3,,,,,
3,,,,,
3,,,,,
3,,,,,
2,EV_B4_C3,,,0.0,20.802677231172815
1,EV_B4_C3,11.0,75.0,,
1,EV_B4_C3,10.0,75.0,,
1,EV_B4_C3,9.0,75.0,,
1,EV_B4_C3,8.0,75.0,,
1,EV_B4_C3,7.0,75.0,,
1,EV_B4_C3,6.0,75.0,,
1,EV_B4_C3,5.0,75.0,,
1,EV_B4_C3,4.0,75.0,,
1,EV_B4_C3,3.0,75.0,,
1,EV_B4_C3,2.0,75.0,,
1,EV_B4_C3,1.0,75.0,,
1,EV_B4_C3,0.0,75.0,,
3,,,,,
3,,,,,
3,,,,,
3,,,,,
3,,,,,
3,,,,,
3,,,,,
3,,,,,
3,,,,,
3,,,,,
2,EV_B4_C3,,,0.0,30.47544560523964
1,EV_B4_C3,11.0,75.0,,
1,EV_B4_C3,10.0,75.0,,
1,EV_B4_C3,9.0,75.0,,
1,EV_B4_C3,8.0,75.0,,
1,EV_B4_C3,7.0,75.0,,
1,EV_B4_C3,6.0,75.0,,
1,EV_B4_C3,5.0,75.0,,
1,EV_B4_C3,4.0,75.0,,
1,EV_B4_C3,3.0,75.0,,
1,EV_B4_C3,2.0,75.0,,
1,EV_B4_C3,1.0,75.0,,
1,EV_B4_C3,0.0,75.0,,
3,,,,,
3,,,,,
3,,,,,
3,,,,,
3,,,,,
3,,,,,
3,,,,,
3,,,,,
3,,,,,
3,,,,,
3,,,,,
3,,,,,
2,EV_B4_C3,,,0.0,29.856147470218293
1,EV_B4_C3,11.0,75.0,,
1,EV_B4_C3,10.0,75.0,,
1,EV_B4_C3,9.0,75.0,,
1,EV_B4_C3,8.0,75.0,,
1,EV_B4_C3,7.0,75.0,,
1,EV_B4_C3,6.0,75.0,,
1,EV_B4_C3,5.0,75.0,,
1,EV_B4_C3,4.0,75.0,,
1,EV_B4_C3,3.0,75.0,,
1,EV_B4_C3,2.0,75.0,,
1,EV_B4_C3,1.0,75.0,,
1,EV_B4_C3,0.0,75.0,,
3,,,,,
3,,,,,
3,,,,,
3,,,,,
3,,,,,
3,,,,,
3,,,,,
3,,,,,
3,,,,,
3,,,,,
3,,,,,
3,,,,,
3,,,,,
2,EV_B4_C3,,,0.0,26.36708619070452
1,EV_B4_C3,9.0,75.0,,
1,EV_B4_C3,8.0,75.0,,
1,EV_B4_C3,7.0,75.0,,
1,EV_B4_C3,6.0,75.0,,
1,EV_B4_C3,5.0,75.0,,
1,EV_B4_C3,4.0,75.0,,
1,EV_B4_C3,3.0,75.0,,
1,EV_B4_C3,2.0,75.0,,
1,EV_B4_C3,1.0,75.0,,
1,EV_B4_C3,0.0,75.0,,
3,,,,,
3,,,,,
3,,,,,
3,,,,,
3,,,,,
3,,,,,
3,,,,,
3,,,,,
3,,,,,
3,,,,,
3,,,,,
3,,,,,
3,,,,,
2,EV_B4_C3,,,0.0,30.939789674042068
1,EV_B4_C3,8.0,75.0,,
1,EV_B4_C3,7.0,75.0,,
1,EV_B4_C3,6.0,75.0,,
1,EV_B4_C3,5.0,75.0,,
1,EV_B4_C3,4.0,75.0,,
1,EV_B4_C3,3.0,75.0,,
1,EV_B4_C3,2.0,75.0,,
1,EV_B4_C3,1.0,75.0,,
1,EV_B4_C3,0.0,75.0,,
3,,,,,
3,,,,,
3,,,,,
3,,,,,
3,,,,,
3,,,,,
3,,,,,
3,,,,,
3,,,,,
3,,,,,
3,,,,,
3,,,,,
2,EV_B4_C3,,,0.0,37.82674028607618
1,EV_B4_C3,11.0,75.0,,
1,EV_B4_C3,10.0,75.0,,
1,EV_B4_C3,9.0,75.0,,
1,EV_B4_C3,8.0,75.0,,
1,EV_B4_C3,7.0,75.0,,
1,EV_B4_C3,6.0,75.0,,
1,EV_B4_C3,5.0,75.0,,
1,EV_B4_C3,4.0,75.0,,
1,EV_B4_C3,3.0,75.0,,
1,EV_B4_C3,2.0,75.0,,
1,EV_B4_C3,1.0,75.0,,
1,EV_B4_C3,0.0,75.0,,
3,,,,,
3,,,,,
3,,,,,
3,,,,,
3,,,,,
3,,,,,
3,,,,,
3,,,,,
3,,,,,
3,,,,,
3,,,,,
3,,,,,
3,,,,,
3,,,,,
3,,,,,
3,,,,,
3,,,,,
3,,,,,
3,,,,,
3,,,,,
3,,,,,
3,,,,,
3,,,,,
3,,,,,
3,,,,,
3,,,,,
3,,,,,
3,,,,,
3,,,,,
3,,,,,
3,,,,,
3,,,,,
3,,,,,
3,,,,,
2,EV_B4_C3,,,0.0,27.782065867859785
1,EV_B4_C3,11.0,75.0,,
1,EV_B4_C3,10.0,75.0,,
1,EV_B4_C3,9.0,75.0,,
1,EV_B4_C3,8.0,75.0,,
1,EV_B4_C3,7.0,75.0,,
1,EV_B4_C3,6.0,75.0,,
1,EV_B4_C3,5.0,75.0,,
1,EV_B4_C3,4.0,75.0,,
1,EV_B4_C3,3.0,75.0,,
1,EV_B4_C3,2.0,75.0,,
1,EV_B4_C3,1.0,75.0,,
1,EV_B4_C3,0.0,75.0,,
3,,,,,
3,,,,,
3,,,,,
3,,,,,
3,,,,,
3,,,,,
3,,,,,
3,,,,,
3,,,,,
3,,,,,
3,,,,,
3,,,,,
3,,,,,
2,EV_B4_C3,,,0.0,27.107786692333768
1,EV_B4_C3,9.0,75.0,,
1,EV_B4_C3,8.0,75.0,,
1,EV_B4_C3,7.0,75.0,,
1,EV_B4_C3,6.0,75.0,,
1,EV_B4_C3,5.0,75.0,,
1,EV_B4_C3,4.0,75.0,,
1,EV_B4_C3,3.0,75.0,,
1,EV_B4_C3,2.0,75.0,,
1,EV_B4_C3,1.0,75.0,,
1,EV_B4_C3,0.0,75.0,,
3,,,,,
3,,,,,
3,,,,,
3,,,,,
3,,,,,
3,,,,,
3,,,,,
3,,,,,
3,,,,,
3,,,,,
3,,,,,
3,,,,,
2,EV_B4_C3,,,0.0,27.270117228133333
1,EV_B4_C3,10.0,75.0,,
1,EV_B4_C3,9.0,75.0,,
1,EV_B4_C3,8.0,75.0,,
1,EV_B4_C3,7.0,75.0,,
1,EV_B4_C3,6.0,75.0,,
1,EV_B4_C3,5.0,75.0,,
1,EV_B4_C3,4.0,75.0,,
1,EV_B4_C3,3.0,75.0,,
1,EV_B4_C3,2.0,75.0,,
1,EV_B4_C3,1.0,75.0,,
1,EV_B4_C3,0.0,75.0,,
3,,,,,
3,,,,,
3,,,,,
3,,,,,
3,,,,,
3,,,,,
3,,,,,
3,,,,,
3,,,,,
3,,,,,
3,,,,,
3,,,,,
2,EV_B4_C3,,,0.0,31.49596088603253
1,EV_B4_C3,11.0,75.0,,
1,EV_B4_C3,10.0,75.0,,
1,EV_B4_C3,9.0,75.0,,
1,EV_B4_C3,8.0,75.0,,
1,EV_B4_C3,7.0,75.0,,
1,EV_B4_C3,6.0,75.0,,
1,EV_B4_C3,5.0,75.0,,
1,EV_B4_C3,4.0,75.0,,
1,EV_B4_C3,3.0,75.0,,
1,EV_B4_C3,2.0,75.0,,
1,EV_B4_C3,1.0,75.0,,
1,EV_B4_C3,0.0,75.0,,
3,,,,,
3,,,,,
3,,,,,
3,,,,,
3,,,,,
3,,,,,
3,,,,,
3,,,,,
3,,,,,
3,,,,,
3,,,,,
2,EV_B4_C3,,,0.0,30.166878897453337
1,EV_B4_C3,10.0,75.0,,
1,EV_B4_C3,9.0,75.0,,
1,EV_B4_C3,8.0,75.0,,
1,EV_B4_C3,7.0,75.0,,
1,EV_B4_C3,6.0,75.0,,
1,EV_B4_C3,5.0,75.0,,
1,EV_B4_C3,4.0,75.0,,
1,EV_B4_C3,3.0,75.0,,
1,EV_B4_C3,2.0,75.0,,
1,EV_B4_C3,1.0,75.0,,
1,EV_B4_C3,0.0,75.0,,
3,,,,,
3,,,,,
3,,,,,
3,,,,,
3,,,,,
3,,,,,
3,,,,,
3,,,,,
3,,,,,
3,,,,,
3,,,,,
3,,,,,
3,,,,,
3,,,,,
2,EV_B4_C3,,,0.0,24.43726460650446
1,EV_B4_C3,9.0,75.0,,
1,EV_B4_C3,8.0,75.0,,
1,EV_B4_C3,7.0,75.0,,
1,EV_B4_C3,6.0,75.0,,
1,EV_B4_C3,5.0,75.0,,
1,EV_B4_C3,4.0,75.0,,
1,EV_B4_C3,3.0,75.0,,
1,EV_B4_C3,2.0,75.0,,
1,EV_B4_C3,1.0,75.0,,
1,EV_B4_C3,0.0,75.0,,
3,,,,,
3,,,,,
3,,,,,
3,,,,,
3,,,,,
3,,,,,
3,,,,,
3,,,,,
3,,,,,
3,,,,,
2,EV_B4_C3,,,0.0,27.723368830869305
1,EV_B4_C3,12.0,75.0,,
1,EV_B4_C3,11.0,75.0,,
1,EV_B4_C3,10.0,75.0,,
1,EV_B4_C3,9.0,75.0,,
1,EV_B4_C3,8.0,75.0,,
1,EV_B4_C3,7.0,75.0,,
1,EV_B4_C3,6.0,75.0,,
1,EV_B4_C3,5.0,75.0,,
1,EV_B4_C3,4.0,75.0,,
1,EV_B4_C3,3.0,75.0,,
1,EV_B4_C3,2.0,75.0,,
1,EV_B4_C3,1.0,75.0,,
1,EV_B4_C3,0.0,75.0,,
3,,,,,
3,,,,,
3,,,,,
3,,,,,
3,,,,,
3,,,,,
3,,,,,
3,,,,,
3,,,,,
3,,,,,
3,,,,,
3,,,,,
3,,,,,
3,,,,,
2,EV_B4_C3,,,0.0,28.96138165402813
1,EV_B4_C3,8.0,75.0,,
1,EV_B4_C3,7.0,75.0,,
1,EV_B4_C3,6.0,75.0,,
1,EV_B4_C3,5.0,75.0,,
1,EV_B4_C3,4.0,75.0,,
1,EV_B4_C3,3.0,75.0,,
1,EV_B4_C3,2.0,75.0,,
1,EV_B4_C3,1.0,75.0,,
1,EV_B4_C3,0.0,75.0,,
3,,,,,
3,,,,,
3,,,,,
3,,,,,
3,,,,,
3,,,,,
3,,,,,
3,,,,,
3,,,,,
3,,,,,
3,,,,,
3,,,,,
2,EV_B4_C3,,,0.0,33.82937446808848
1,EV_B4_C3,9.0,75.0,,
1,EV_B4_C3,8.0,75.0,,
1,EV_B4_C3,7.0,75.0,,
1,EV_B4_C3,6.0,75.0,,
1,EV_B4_C3,5.0,75.0,,
1,EV_B4_C3,4.0,75.0,,
1,EV_B4_C3,3.0,75.0,,
1,EV_B4_C3,2.0,75.0,,
1,EV_B4_C3,1.0,75.0,,
1,EV_B4_C3,0.0,75.0,,
3,,,,,
3,,,,,
3,,,,,
3,,,,,
3,,,,,
3,,,,,
3,,,,,
3,,,,,
3,,,,,
3,,,,,
3,,,,,
3,,,,,
3,,,,,
3,,,,,
3,,,,,
3,,,,,
3,,,,,
3,,,,,
3,,,,,
3,,,,,
3,,,,,
3,,,,,
3,,,,,
3,,,,,
3,,,,,
3,,,,,
3,,,,,
3,,,,,
3,,,,,
3,,,,,
3,,,,,
3,,,,,
3,,,,,
3,,,,,
3,,,,,
3,,,,,
2,EV_B4_C3,,,0.0,22.10661243679391
1,EV_B4_C3,10.0,75.0,,
1,EV_B4_C3,9.0,75.0,,
1,EV_B4_C3,8.0,75.0,,
1,EV_B4_C3,7.0,75.0,,
1,EV_B4_C3,6.0,75.0,,
1,EV_B4_C3,5.0,75.0,,
1,EV_B4_C3,4.0,75.0,,
1,EV_B4_C3,3.0,75.0,,
1,EV_B4_C3,2.0,75.0,,
1,EV_B4_C3,1.0,75.0,,
1,EV_B4_C3,0.0,75.0,,
3,,,,,
3,,,,,
3,,,,,
3,,,,,
3,,,,,
3,,,,,
3,,,,,
3,,,,,
3,,,,,
3,,,,,
3,,,,,
2,EV_B4_C3,,,0.0,25.88918000606086
1,EV_B4_C3,11.0,75.0,,
1,EV_B4_C3,10.0,75.0,,
1,EV_B4_C3,9.0,75.0,,
1,EV_B4_C3,8.0,75.0,,
1,EV_B4_C3,7.0,75.0,,
1,EV_B4_C3,6.0,75.0,,
1,EV_B4_C3,5.0,75.0,,
1,EV_B4_C3,4.0,75.0,,
1,EV_B4_C3,3.0,75.0,,
1,EV_B4_C3,2.0,75.0,,
1,EV_B4_C3,1.0,75.0,,
1,EV_B4_C3,0.0,75.0,,
3,,,,,
3,,,,,
3,,,,,
3,,,,,
3,,,,,
3,,,,,
3,,,,,
3,,,,,
3,,,,,
3,,,,,
3,,,,,
3,,,,,
2,EV_B4_C3,,,0.0,22.656052620482768
1,EV_B4_C3,10.0,75.0,,
1,EV_B4_C3,9.0,75.0,,
1,EV_B4_C3,8.0,75.0,,
1,EV_B4_C3,7.0,75.0,,
1,EV_B4_C3,6.0,75.0,,
1,EV_B4_C3,5.0,75.0,,
1,EV_B4_C3,4.0,75.0,,
1,EV_B4_C3,3.0,75.0,,
1,EV_B4_C3,2.0,75.0,,
1,EV_B4_C3,1.0,75.0,,
1,EV_B4_C3,0.0,75.0,,
3,,,,,
3,,,,,
3,,,,,
3,,,,,
3,,,,,
3,,,,,
3,,,,,
3,,,,,
3,,,,,
3,,,,,
3,,,,,
3,,,,,
3,,,,,
3,,,,,
3,,,,,
3,,,,,
3,,,,,
3,,,,,
3,,,,,
3,,,,,
3,,,,,
3,,,,,
3,,,,,
3,,,,,
3,,,,,
3,,,,,
3,,,,,
3,,,,,
3,,,,,
3,,,,,
3,,,,,
3,,,,,
3,,,,,
3,,,,,
3,,,,,
3,,,,,
3,,,,,
3,,,,,
2,EV_B4_C3,,,0.0,35.57412925548391
1,EV_B4_C3,8.0,75.0,,
1,EV_B4_C3,7.0,75.0,,
1,EV_B4_C3,6.0,75.0,,
1,EV_B4_C3,5.0,75.0,,
1,EV_B4_C3,4.0,75.0,,
1,EV_B4_C3,3.0,75.0,,
1,EV_B4_C3,2.0,75.0,,
1,EV_B4_C3,1.0,75.0,,
1,EV_B4_C3,0.0,75.0,,
3,,,,,
3,,,,,
3,,,,,
3,,,,,
3,,,,,
3,,,,,
3,,,,,
3,,,,,
3,,,,,
3,,,,,
3,,,,,
3,,,,,
3,,,,,
3,,,,,
3,,,,,
3,,,,,
3,,,,,
3,,,,,
3,,,,,
3,,,,,
3,,,,,
3,,,,,
3,,,,,
3,,,,,
3,,,,,
3,,,,,
3,,,,,
3,,,,,
3,,,,,
3,,,,,
3,,,,,
3,,,,,
3,,,,,
3,,,,,
3,,,,,
3,,,,,
3,,,,,
2,EV_B4_C3,,,0.0,28.236832661029098
1,EV_B4_C3,9.0,75.0,,
1,EV_B4_C3,8.0,75.0,,
1,EV_B4_C3,7.0,75.0,,
1,EV_B4_C3,6.0,75.0,,
1,EV_B4_C3,5.0,75.0,,
1,EV_B4_C3,4.0,75.0,,
1,EV_B4_C3,3.0,75.0,,
1,EV_B4_C3,2.0,75.0,,
1,EV_B4_C3,1.0,75.0,,
1,EV_B4_C3,0.0,75.0,,
3,,,,,
3,,,,,
3,,,,,
3,,,,,
3,,,,,
3,,,,,
3,,,,,
3,,,,,
3,,,,,
3,,,,,
3,,,,,
2,EV_B4_C3,,,0.0,23.835334201042812
1,EV_B4_C3,12.0,75.0,,
1,EV_B4_C3,11.0,75.0,,
1,EV_B4_C3,10.0,75.0,,
1,EV_B4_C3,9.0,75.0,,
1,EV_B4_C3,8.0,75.0,,
1,EV_B4_C3,7.0,75.0,,
1,EV_B4_C3,6.0,75.0,,
1,EV_B4_C3,5.0,75.0,,
1,EV_B4_C3,4.0,75.0,,
1,EV_B4_C3,3.0,75.0,,
1,EV_B4_C3,2.0,75.0,,
1,EV_B4_C3,1.0,75.0,,
1,EV_B4_C3,0.0,75.0,,
3,,,,,
3,,,,,
3,,,,,
3,,,,,
3,,,,,
3,,,,,
3,,,,,
3,,,,,
3,,,,,
3,,,,,
3,,,,,
2,EV_B4_C3,,,0.0,38.78654005976211
1,EV_B4_C3,11.0,75.0,,
1,EV_B4_C3,10.0,75.0,,
1,EV_B4_C3,9.0,75.0,,
1,EV_B4_C3,8.0,75.0,,
1,EV_B4_C3,7.0,75.0,,
1,EV_B4_C3,6.0,75.0,,
1,EV_B4_C3,5.0,75.0,,
1,EV_B4_C3,4.0,75.0,,
1,EV_B4_C3,3.0,75.0,,
1,EV_B4_C3,2.0,75.0,,
1,EV_B4_C3,1.0,75.0,,
1,EV_B4_C3,0.0,75.0,,
3,,,,,
3,,,,,
3,,,,,
3,,,,,
3,,,,,
3,,,,,
3,,,,,
3,,,,,
3,,,,,
3,,,,,
3,,,,,
3,,,,,
2,EV_B4_C3,,,0.0,30.76145650557719
1,EV_B4_C3,10.0,75.0,,
1,EV_B4_C3,9.0,75.0,,
1,EV_B4_C3,8.0,75.0,,
1,EV_B4_C3,7.0,75.0,,
1,EV_B4_C3,6.0,75.0,,
1,EV_B4_C3,5.0,75.0,,
1,EV_B4_C3,4.0,75.0,,
1,EV_B4_C3,3.0,75.0,,
1,EV_B4_C3,2.0,75.0,,
1,EV_B4_C3,1.0,75.0,,
1,EV_B4_C3,0.0,75.0,,
3,,,,,
3,,,,,
3,,,,,
3,,,,,
3,,,,,
3,,,,,
3,,,,,
3,,,,,
3,,,,,
3,,,,,
3,,,,,
2,EV_B4_C3,,,0.0,30.7496317089339
1,EV_B4_C3,10.0,75.0,,
1,EV_B4_C3,9.0,75.0,,
1,EV_B4_C3,8.0,75.0,,
1,EV_B4_C3,7.0,75.0,,
1,EV_B4_C3,6.0,75.0,,
1,EV_B4_C3,5.0,75.0,,
1,EV_B4_C3,4.0,75.0,,
1,EV_B4_C3,3.0,75.0,,
1,EV_B4_C3,2.0,75.0,,
1,EV_B4_C3,1.0,75.0,,
1,EV_B4_C3,0.0,75.0,,
3,,,,,
3,,,,,
3,,,,,
3,,,,,
3,,,,,
3,,,,,
3,,,,,
3,,,,,
3,,,,,
3,,,,,
3,,,,,
3,,,,,
3,,,,,
2,EV_B4_C3,,,0.0,28.90737996949493
1,EV_B4_C3,10.0,75.0,,
1,EV_B4_C3,9.0,75.0,,
1,EV_B4_C3,8.0,75.0,,
1,EV_B4_C3,7.0,75.0,,
1,EV_B4_C3,6.0,75.0,,
1,EV_B4_C3,5.0,75.0,,
1,EV_B4_C3,4.0,75.0,,
1,EV_B4_C3,3.0,75.0,,
1,EV_B4_C3,2.0,75.0,,
1,EV_B4_C3,1.0,75.0,,
1,EV_B4_C3,0.0,75.0,,
3,,,,,
3,,,,,
3,,,,,
3,,,,,
3,,,,,
3,,,,,
3,,,,,
3,,,,,
3,,,,,
3,,,,,
3,,,,,
3,,,,,
2,EV_B4_C3,,,0.0,27.39886049186198
1,EV_B4_C3,10.0,75.0,,
1,EV_B4_C3,9.0,75.0,,
1,EV_B4_C3,8.0,75.0,,
1,EV_B4_C3,7.0,75.0,,
1,EV_B4_C3,6.0,75.0,,
1,EV_B4_C3,5.0,75.0,,
1,EV_B4_C3,4.0,75.0,,
1,EV_B4_C3,3.0,75.0,,
1,EV_B4_C3,2.0,75.0,,
1,EV_B4_C3,1.0,75.0,,
1,EV_B4_C3,0.0,75.0,,
3,,,,,
3,,,,,
3,,,,,
3,,,,,
3,,,,,
3,,,,,
3,,,,,
3,,,,,
3,,,,,
3,,,,,
2,EV_B4_C3,,,0.0,29.78413909760086
1,EV_B4_C3,12.0,75.0,,
1,EV_B4_C3,11.0,75.0,,
1,EV_B4_C3,10.0,75.0,,
1,EV_B4_C3,9.0,75.0,,
1,EV_B4_C3,8.0,75.0,,
1,EV_B4_C3,7.0,75.0,,
1,EV_B4_C3,6.0,75.0,,
1,EV_B4_C3,5.0,75.0,,
1,EV_B4_C3,4.0,75.0,,
1,EV_B4_C3,3.0,75.0,,
1,EV_B4_C3,2.0,75.0,,
1,EV_B4_C3,1.0,75.0,,
1,EV_B4_C3,0.0,75.0,,
3,,,,,
3,,,,,
3,,,,,
3,,,,,
3,,,,,
3,,,,,
3,,,,,
3,,,,,
3,,,,,
3,,,,,
3,,,,,
3,,,,,
2,EV_B4_C3,,,0.0,26.210483442492045
1,EV_B4_C3,10.0,75.0,,
1,EV_B4_C3,9.0,75.0,,
1,EV_B4_C3,8.0,75.0,,
1,EV_B4_C3,7.0,75.0,,
1,EV_B4_C3,6.0,75.0,,
1,EV_B4_C3,5.0,75.0,,
1,EV_B4_C3,4.0,75.0,,
1,EV_B4_C3,3.0,75.0,,
1,EV_B4_C3,2.0,75.0,,
1,EV_B4_C3,1.0,75.0,,
1,EV_B4_C3,0.0,75.0,,
3,,,,,
3,,,,,
3,,,,,
3,,,,,
3,,,,,
3,,,,,
3,,,,,
3,,,,,
3,,,,,
3,,,,,
3,,,,,
3,,,,,
2,EV_B4_C3,,,0.0,24.30647859415008
1,EV_B4_C3,9.0,75.0,,
1,EV_B4_C3,8.0,75.0,,
1,EV_B4_C3,7.0,75.0,,
1,EV_B4_C3,6.0,75.0,,
1,EV_B4_C3,5.0,75.0,,
1,EV_B4_C3,4.0,75.0,,
1,EV_B4_C3,3.0,75.0,,
1,EV_B4_C3,2.0,75.0,,
1,EV_B4_C3,1.0,75.0,,
1,EV_B4_C3,0.0,75.0,,
3,,,,,
3,,,,,
3,,,,,
3,,,,,
3,,,,,
3,,,,,
3,,,,,
3,,,,,
3,,,,,
3,,,,,
3,,,,,
3,,,,,
3,,,,,
2,EV_B4_C3,,,0.0,37.65917082977762
1,EV_B4_C3,9.0,75.0,,
1,EV_B4_C3,8.0,75.0,,
1,EV_B4_C3,7.0,75.0,,
1,EV_B4_C3,6.0,75.0,,
1,EV_B4_C3,5.0,75.0,,
1,EV_B4_C3,4.0,75.0,,
1,EV_B4_C3,3.0,75.0,,
1,EV_B4_C3,2.0,75.0,,
1,EV_B4_C3,1.0,75.0,,
1,EV_B4_C3,0.0,75.0,,
3,,,,,
3,,,,,
3,,,,,
3,,,,,
3,,,,,
3,,,,,
3,,,,,
3,,,,,
3,,,,,
3,,,,,
3,,,,,
3,,,,,
2,EV_B4_C3,,,0.0,33.99089486923611
1,EV_B4_C3,10.0,75.0,,
1,EV_B4_C3,9.0,75.0,,
1,EV_B4_C3,8.0,75.0,,
1,EV_B4_C3,7.0,75.0,,
1,EV_B4_C3,6.0,75.0,,
1,EV_B4_C3,5.0,75.0,,
1,EV_B4_C3,4.0,75.0,,
1,EV_B4_C3,3.0,75.0,,
1,EV_B4_C3,2.0,75.0,,
1,EV_B4_C3,1.0,75.0,,
1,EV_B4_C3,0.0,75.0,,
3,,,,,
3,,,,,
3,,,,,
3,,,,,
3,,,,,
3,,,,,
3,,,,,
3,,,,,
3,,,,,
3,,,,,
3,,,,,
3,,,,,
3,,,,,
2,EV_B4_C3,,,0.0,38.954217720843545
1,EV_B4_C3,10.0,75.0,,
1,EV_B4_C3,9.0,75.0,,
1,EV_B4_C3,8.0,75.0,,
1,EV_B4_C3,7.0,75.0,,
1,EV_B4_C3,6.0,75.0,,
1,EV_B4_C3,5.0,75.0,,
1,EV_B4_C3,4.0,75.0,,
1,EV_B4_C3,3.0,75.0,,
1,EV_B4_C3,2.0,75.0,,
1,EV_B4_C3,1.0,75.0,,
1,EV_B4_C3,0.0,75.0,,
3,,,,,
3,,,,,
3,,,,,
3,,,,,
3,,,,,
3,,,,,
3,,,,,
3,,,,,
3,,,,,
3,,,,,
3,,,,,
3,,,,,
3,,,,,
2,EV_B4_C3,,,0.0,32.57068890743181
1,EV_B4_C3,8.0,75.0,,
1,EV_B4_C3,7.0,75.0,,
1,EV_B4_C3,6.0,75.0,,
1,EV_B4_C3,5.0,75.0,,
1,EV_B4_C3,4.0,75.0,,
1,EV_B4_C3,3.0,75.0,,
1,EV_B4_C3,2.0,75.0,,
1,EV_B4_C3,1.0,75.0,,
1,EV_B4_C3,0.0,75.0,,
3,,,,,
3,,,,,
3,,,,,
3,,,,,
3,,,,,
3,,,,,
3,,,,,
3,,,,,
3,,,,,
3,,,,,
3,,,,,
3,,,,,
3,,,,,
2,EV_B4_C3,,,0.0,24.72131800253167
1,EV_B4_C3,10.0,75.0,,
1,EV_B4_C3,9.0,75.0,,
1,EV_B4_C3,8.0,75.0,,
1,EV_B4_C3,7.0,75.0,,
1,EV_B4_C3,6.0,75.0,,
1,EV_B4_C3,5.0,75.0,,
1,EV_B4_C3,4.0,75.0,,
1,EV_B4_C3,3.0,75.0,,
1,EV_B4_C3,2.0,75.0,,
1,EV_B4_C3,1.0,75.0,,
1,EV_B4_C3,0.0,75.0,,
3,,,,,
3,,,,,
3,,,,,
3,,,,,
3,,,,,
3,,,,,
3,,,,,
3,,,,,
3,,,,,
3,,,,,
3,,,,,
2,EV_B4_C3,,,0.0,26.873370453218676
1,EV_B4_C3,10.0,75.0,,
1,EV_B4_C3,9.0,75.0,,
1,EV_B4_C3,8.0,75.0,,
1,EV_B4_C3,7.0,75.0,,
1,EV_B4_C3,6.0,75.0,,
1,EV_B4_C3,5.0,75.0,,
1,EV_B4_C3,4.0,75.0,,
1,EV_B4_C3,3.0,75.0,,
1,EV_B4_C3,2.0,75.0,,
1,EV_B4_C3,1.0,75.0,,
1,EV_B4_C3,0.0,75.0,,
3,,,,,
3,,,,,
3,,,,,
3,,,,,
3,,,,,
3,,,,,
3,,,,,
3,,,,,
3,,,,,
3,,,,,
3,,,,,
3,,,,,
3,,,,,
2,EV_B4_C3,,,0.0,33.883409253673946
1,EV_B4_C3,10.0,75.0,,
1,EV_B4_C3,9.0,75.0,,
1,EV_B4_C3,8.0,75.0,,
1,EV_B4_C3,7.0,75.0,,
1,EV_B4_C3,6.0,75.0,,
1,EV_B4_C3,5.0,75.0,,
1,EV_B4_C3,4.0,75.0,,
1,EV_B4_C3,3.0,75.0,,
1,EV_B4_C3,2.0,75.0,,
1,EV_B4_C3,1.0,75.0,,
1,EV_B4_C3,0.0,75.0,,
3,,,,,
3,,,,,
3,,,,,
3,,,,,
3,,,,,
3,,,,,
3,,,,,
3,,,,,
3,,,,,
2,EV_B4_C3,,,0.0,39.836672580682944
1,EV_B4_C3,13.0,75.0,,
1,EV_B4_C3,12.0,75.0,,
1,EV_B4_C3,11.0,75.0,,
1,EV_B4_C3,10.0,75.0,,
1,EV_B4_C3,9.0,75.0,,
1,EV_B4_C3,8.0,75.0,,
1,EV_B4_C3,7.0,75.0,,
1,EV_B4_C3,6.0,75.0,,
1,EV_B4_C3,5.0,75.0,,
1,EV_B4_C3,4.0,75.0,,
1,EV_B4_C3,3.0,75.0,,
1,EV_B4_C3,2.0,75.0,,
1,EV_B4_C3,1.0,75.0,,
1,EV_B4_C3,0.0,75.0,,
3,,,,,
3,,,,,
3,,,,,
3,,,,,
3,,,,,
3,,,,,
3,,,,,
3,,,,,
3,,,,,
3,,,,,
3,,,,,
3,,,,,
2,EV_B4_C3,,,0.0,34.54654870937806
1,EV_B4_C3,9.0,75.0,,
1,EV_B4_C3,8.0,75.0,,
1,EV_B4_C3,7.0,75.0,,
1,EV_B4_C3,6.0,75.0,,
1,EV_B4_C3,5.0,75.0,,
1,EV_B4_C3,4.0,75.0,,
1,EV_B4_C3,3.0,75.0,,
1,EV_B4_C3,2.0,75.0,,
1,EV_B4_C3,1.0,75.0,,
1,EV_B4_C3,0.0,75.0,,
3,,,,,
3,,,,,
3,,,,,
3,,,,,
3,,,,,
3,,,,,
3,,,,,
3,,,,,
3,,,,,
3,,,,,
3,,,,,
3,,,,,
3,,,,,
2,EV_B4_C3,,,0.0,21.51809970458329
1,EV_B4_C3,10.0,75.0,,
1,EV_B4_C3,9.0,75.0,,
1,EV_B4_C3,8.0,75.0,,
1,EV_B4_C3,7.0,75.0,,
1,EV_B4_C3,6.0,75.0,,
1,EV_B4_C3,5.0,75.0,,
1,EV_B4_C3,4.0,75.0,,
1,EV_B4_C3,3.0,75.0,,
1,EV_B4_C3,2.0,75.0,,
1,EV_B4_C3,1.0,75.0,,
1,EV_B4_C3,0.0,75.0,,
3,,,,,
3,,,,,
3,,,,,
3,,,,,
3,,,,,
3,,,,,
3,,,,,
3,,,,,
3,,,,,
3,,,,,
3,,,,,
3,,,,,
2,EV_B4_C3,,,0.0,24.793954945912628
1,EV_B4_C3,8.0,75.0,,
1,EV_B4_C3,7.0,75.0,,
1,EV_B4_C3,6.0,75.0,,
1,EV_B4_C3,5.0,75.0,,
1,EV_B4_C3,4.0,75.0,,
1,EV_B4_C3,3.0,75.0,,
1,EV_B4_C3,2.0,75.0,,
1,EV_B4_C3,1.0,75.0,,
1,EV_B4_C3,0.0,75.0,,
3,,,,,
3,,,,,
3,,,,,
3,,,,,
3,,,,,
3,,,,,
3,,,,,
3,,,,,
3,,,,,
3,,,,,
3,,,,,
3,,,,,
3,,,,,
3,,,,,
2,EV_B4_C3,,,0.0,30.49522733727433
1,EV_B4_C3,9.0,75.0,,
1,EV_B4_C3,8.0,75.0,,
1,EV_B4_C3,7.0,75.0,,
1,EV_B4_C3,6.0,75.0,,
1,EV_B4_C3,5.0,75.0,,
1,EV_B4_C3,4.0,75.0,,
1,EV_B4_C3,3.0,75.0,,
1,EV_B4_C3,2.0,75.0,,
1,EV_B4_C3,1.0,75.0,,
1,EV_B4_C3,0.0,75.0,,
3,,,,,
3,,,,,
3,,,,,
3,,,,,
3,,,,,
3,,,,,
3,,,,,
3,,,,,
3,,,,,
3,,,,,
3,,,,,
3,,,,,
3,,,,,
2,EV_B4_C3,,,0.0,28.556353388912875
1,EV_B4_C3,9.0,75.0,,
1,EV_B4_C3,8.0,75.0,,
1,EV_B4_C3,7.0,75.0,,
1,EV_B4_C3,6.0,75.0,,
1,EV_B4_C3,5.0,75.0,,
1,EV_B4_C3,4.0,75.0,,
1,EV_B4_C3,3.0,75.0,,
1,EV_B4_C3,2.0,75.0,,
1,EV_B4_C3,1.0,75.0,,
1,EV_B4_C3,0.0,75.0,,
3,,,,,
3,,,,,
3,,,,,
3,,,,,
3,,,,,
3,,,,,
3,,,,,
3,,,,,
3,,,,,
3,,,,,
3,,,,,
3,,,,,
3,,,,,
3,,,,,
2,EV_B4_C3,,,0.0,34.26488745259867
1,EV_B4_C3,8.0,75.0,,
1,EV_B4_C3,7.0,75.0,,
1,EV_B4_C3,6.0,75.0,,
1,EV_B4_C3,5.0,75.0,,
1,EV_B4_C3,4.0,75.0,,
1,EV_B4_C3,3.0,75.0,,
1,EV_B4_C3,2.0,75.0,,
1,EV_B4_C3,1.0,75.0,,
1,EV_B4_C3,0.0,75.0,,
3,,,,,
3,,,,,
3,,,,,
3,,,,,
3,,,,,
3,,,,,
3,,,,,
3,,,,,
3,,,,,
3,,,,,
3,,,,,
3,,,,,
3,,,,,
2,EV_B4_C3,,,0.0,39.90382408289047
1,EV_B4_C3,9.0,75.0,,
1,EV_B4_C3,8.0,75.0,,
1,EV_B4_C3,7.0,75.0,,
1,EV_B4_C3,6.0,75.0,,
1,EV_B4_C3,5.0,75.0,,
1,EV_B4_C3,4.0,75.0,,
1,EV_B4_C3,3.0,75.0,,
1,EV_B4_C3,2.0,75.0,,
1,EV_B4_C3,1.0,75.0,,
1,EV_B4_C3,0.0,75.0,,
3,,,,,
3,,,,,
3,,,,,
3,,,,,
3,,,,,
3,,,,,
3,,,,,
3,,,,,
3,,,,,
3,,,,,
3,,,,,
3,,,,,
3,,,,,
2,EV_B4_C3,,,0.0,31.110540487393852
1,EV_B4_C3,10.0,75.0,,
1,EV_B4_C3,9.0,75.0,,
1,EV_B4_C3,8.0,75.0,,
1,EV_B4_C3,7.0,75.0,,
1,EV_B4_C3,6.0,75.0,,
1,EV_B4_C3,5.0,75.0,,
1,EV_B4_C3,4.0,75.0,,
1,EV_B4_C3,3.0,75.0,,
1,EV_B4_C3,2.0,75.0,,
1,EV_B4_C3,1.0,75.0,,
1,EV_B4_C3,0.0,75.0,,
3,,,,,
3,,,,,
3,,,,,
3,,,,,
3,,,,,
3,,,,,
3,,,,,
3,,,,,
3,,,,,
3,,,,,
2,EV_B4_C3,,,0.0,35.56861366281593
1,EV_B4_C3,11.0,75.0,,
1,EV_B4_C3,10.0,75.0,,
1,EV_B4_C3,9.0,75.0,,
1,EV_B4_C3,8.0,75.0,,
1,EV_B4_C3,7.0,75.0,,
1,EV_B4_C3,6.0,75.0,,
1,EV_B4_C3,5.0,75.0,,
1,EV_B4_C3,4.0,75.0,,
1,EV_B4_C3,3.0,75.0,,
1,EV_B4_C3,2.0,75.0,,
1,EV_B4_C3,1.0,75.0,,
1,EV_B4_C3,0.0,75.0,,
3,,,,,
3,,,,,
3,,,,,
3,,,,,
3,,,,,
3,,,,,
3,,,,,
3,,,,,
3,,,,,
3,,,,,
3,,,,,
2,EV_B4_C3,,,0.0,31.4781293692794
1,EV_B4_C3,11.0,75.0,,
1,EV_B4_C3,10.0,75.0,,
1,EV_B4_C3,9.0,75.0,,
1,EV_B4_C3,8.0,75.0,,
1,EV_B4_C3,7.0,75.0,,
1,EV_B4_C3,6.0,75.0,,
1,EV_B4_C3,5.0,75.0,,
1,EV_B4_C3,4.0,75.0,,
1,EV_B4_C3,3.0,75.0,,
1,EV_B4_C3,2.0,75.0,,
1,EV_B4_C3,1.0,75.0,,
1,EV_B4_C3,0.0,75.0,,
3,,,,,
3,,,,,
3,,,,,
3,,,,,
3,,,,,
3,,,,,
3,,,,,
3,,,,,
3,,,,,
3,,,,,
3,,,,,
3,,,,,
2,EV_B4_C3,,,0.0,23.66587811184694
1,EV_B4_C3,12.0,75.0,,
1,EV_B4_C3,11.0,75.0,,
1,EV_B4_C3,10.0,75.0,,
1,EV_B4_C3,9.0,75.0,,
1,EV_B4_C3,8.0,75.0,,
1,EV_B4_C3,7.0,75.0,,
1,EV_B4_C3,6.0,75.0,,
1,EV_B4_C3,5.0,75.0,,
1,EV_B4_C3,4.0,75.0,,
1,EV_B4_C3,3.0,75.0,,
1,EV_B4_C3,2.0,75.0,,
1,EV_B4_C3,1.0,75.0,,
1,EV_B4_C3,0.0,75.0,,
3,,,,,
3,,,,,
3,,,,,
3,,,,,
3,,,,,
3,,,,,
3,,,,,
3,,,,,
3,,,,,
3,,,,,
3,,,,,
3,,,,,
2,EV_B4_C3,,,0.0,36.37421576277173
1,EV_B4_C3,9.0,75.0,,
1,EV_B4_C3,8.0,75.0,,
1,EV_B4_C3,7.0,75.0,,
1,EV_B4_C3,6.0,75.0,,
1,EV_B4_C3,5.0,75.0,,
1,EV_B4_C3,4.0,75.0,,
1,EV_B4_C3,3.0,75.0,,
1,EV_B4_C3,2.0,75.0,,
1,EV_B4_C3,1.0,75.0,,
1,EV_B4_C3,0.0,75.0,,
3,,,,,
3,,,,,
3,,,,,
3,,,,,
3,,,,,
3,,,,,
3,,,,,
3,,,,,
3,,,,,
3,,,,,
2,EV_B4_C3,,,0.0,39.613084210705715
1,EV_B4_C3,12.0,75.0,,
1,EV_B4_C3,11.0,75.0,,
1,EV_B4_C3,10.0,75.0,,
1,EV_B4_C3,9.0,75.0,,
1,EV_B4_C3,8.0,75.0,,
1,EV_B4_C3,7.0,75.0,,
1,EV_B4_C3,6.0,75.0,,
1,EV_B4_C3,5.0,75.0,,
1,EV_B4_C3,4.0,75.0,,
1,EV_B4_C3,3.0,75.0,,
1,EV_B4_C3,2.0,75.0,,
1,EV_B4_C3,1.0,75.0,,
1,EV_B4_C3,0.0,75.0,,
3,,,,,
3,,,,,
3,,,,,
3,,,,,
3,,,,,
3,,,,,
3,,,,,
3,,,,,
3,,,,,
3,,,,,
3,,,,,
3,,,,,
3,,,,,
2,EV_B4_C3,,,0.0,39.2406509178934
1,EV_B4_C3,9.0,75.0,,
1,EV_B4_C3,8.0,75.0,,
1,EV_B4_C3,7.0,75.0,,
1,EV_B4_C3,6.0,75.0,,
1,EV_B4_C3,5.0,75.0,,
1,EV_B4_C3,4.0,75.0,,
1,EV_B4_C3,3.0,75.0,,
1,EV_B4_C3,2.0,75.0,,
1,EV_B4_C3,1.0,75.0,,
1,EV_B4_C3,0.0,75.0,,
3,,,,,
3,,,,,
3,,,,,
3,,,,,
3,,,,,
3,,,,,
3,,,,,
3,,,,,
3,,,,,
3,,,,,
3,,,,,
3,,,,,
2,EV_B4_C3,,,0.0,34.35012866688989
1,EV_B4_C3,10.0,75.0,,
1,EV_B4_C3,9.0,75.0,,
1,EV_B4_C3,8.0,75.0,,
1,EV_B4_C3,7.0,75.0,,
1,EV_B4_C3,6.0,75.0,,
1,EV_B4_C3,5.0,75.0,,
1,EV_B4_C3,4.0,75.0,,
1,EV_B4_C3,3.0,75.0,,
1,EV_B4_C3,2.0,75.0,,
1,EV_B4_C3,1.0,75.0,,
1,EV_B4_C3,0.0,75.0,,
3,,,,,
3,,,,,
3,,,,,
3,,,,,
3,,,,,
3,,,,,
3,,,,,
3,,,,,
3,,,,,
3,,,,,
3,,,,,
3,,,,,
3,,,,,
2,EV_B4_C3,,,0.0,35.907643022666605
1,EV_B4_C3,9.0,75.0,,
1,EV_B4_C3,8.0,75.0,,
1,EV_B4_C3,7.0,75.0,,
1,EV_B4_C3,6.0,75.0,,
1,EV_B4_C3,5.0,75.0,,
1,EV_B4_C3,4.0,75.0,,
1,EV_B4_C3,3.0,75.0,,
1,EV_B4_C3,2.0,75.0,,
1,EV_B4_C3,1.0,75.0,,
1,EV_B4_C3,0.0,75.0,,
3,,,,,
3,,,,,
3,,,,,
3,,,,,
3,,,,,
3,,,,,
3,,,,,
3,,,,,
3,,,,,
3,,,,,
3,,,,,
2,EV_B4_C3,,,0.0,35.14876324645594
1,EV_B4_C3,10.0,75.0,,
1,EV_B4_C3,9.0,75.0,,
1,EV_B4_C3,8.0,75.0,,
1,EV_B4_C3,7.0,75.0,,
1,EV_B4_C3,6.0,75.0,,
1,EV_B4_C3,5.0,75.0,,
1,EV_B4_C3,4.0,75.0,,
1,EV_B4_C3,3.0,75.0,,
1,EV_B4_C3,2.0,75.0,,
1,EV_B4_C3,1.0,75.0,,
1,EV_B4_C3,0.0,75.0,,
3,,,,,
3,,,,,
3,,,,,
3,,,,,
3,,,,,
3,,,,,
3,,,,,
3,,,,,
3,,,,,
3,,,,,
3,,,,,
3,,,,,
3,,,,,
3,,,,,
2,EV_B4_C3,,,0.0,29.199446454207965
1,EV_B4_C3,8.0,75.0,,
1,EV_B4_C3,7.0,75.0,,
1,EV_B4_C3,6.0,75.0,,
1,EV_B4_C3,5.0,75.0,,
1,EV_B4_C3,4.0,75.0,,
1,EV_B4_C3,3.0,75.0,,
1,EV_B4_C3,2.0,75.0,,
1,EV_B4_C3,1.0,75.0,,
1,EV_B4_C3,0.0,75.0,,
3,,,,,
3,,,,,
3,,,,,
3,,,,,
3,,,,,
3,,,,,
3,,,,,
3,,,,,
3,,,,,
3,,,,,
3,,,,,
3,,,,,
3,,,,,
2,EV_B4_C3,,,0.0,31.810443612660954
1,EV_B4_C3,10.0,75.0,,
1,EV_B4_C3,9.0,75.0,,
1,EV_B4_C3,8.0,75.0,,
1,EV_B4_C3,7.0,75.0,,
1,EV_B4_C3,6.0,75.0,,
1,EV_B4_C3,5.0,75.0,,
1,EV_B4_C3,4.0,75.0,,
1,EV_B4_C3,3.0,75.0,,
1,EV_B4_C3,2.0,75.0,,
1,EV_B4_C3,1.0,75.0,,
1,EV_B4_C3,0.0,75.0,,
3,,,,,
3,,,,,
3,,,,,
3,,,,,
3,,,,,
3,,,,,
3,,,,,
3,,,,,
3,,,,,
3,,,,,
3,,,,,
3,,,,,
2,EV_B4_C3,,,0.0,33.023720808813735
1,EV_B4_C3,10.0,75.0,,
1,EV_B4_C3,9.0,75.0,,
1,EV_B4_C3,8.0,75.0,,
1,EV_B4_C3,7.0,75.0,,
1,EV_B4_C3,6.0,75.0,,
1,EV_B4_C3,5.0,75.0,,
1,EV_B4_C3,4.0,75.0,,
1,EV_B4_C3,3.0,75.0,,
1,EV_B4_C3,2.0,75.0,,
1,EV_B4_C3,1.0,75.0,,
1,EV_B4_C3,0.0,75.0,,
3,,,,,
3,,,,,
3,,,,,
3,,,,,
3,,,,,
3,,,,,
3,,,,,
3,,,,,
3,,,,,
3,,,,,
3,,,,,
3,,,,,
2,EV_B4_C3,,,0.0,22.113644362846465
1,EV_B4_C3,11.0,75.0,,
1,EV_B4_C3,10.0,75.0,,
1,EV_B4_C3,9.0,75.0,,
1,EV_B4_C3,8.0,75.0,,
1,EV_B4_C3,7.0,75.0,,
1,EV_B4_C3,6.0,75.0,,
1,EV_B4_C3,5.0,75.0,,
1,EV_B4_C3,4.0,75.0,,
1,EV_B4_C3,3.0,75.0,,
1,EV_B4_C3,2.0,75.0,,
1,EV_B4_C3,1.0,75.0,,
1,EV_B4_C3,0.0,75.0,,
3,,,,,
3,,,,,
3,,,,,
3,,,,,
3,,,,,
3,,,,,
3,,,,,
3,,,,,
3,,,,,
3,,,,,
2,EV_B4_C3,,,0.0,25.71900416101699
1,EV_B4_C3,10.0,75.0,,
1,EV_B4_C3,9.0,75.0,,
1,EV_B4_C3,8.0,75.0,,
1,EV_B4_C3,7.0,75.0,,
1,EV_B4_C3,6.0,75.0,,
1,EV_B4_C3,5.0,75.0,,
1,EV_B4_C3,4.0,75.0,,
1,EV_B4_C3,3.0,75.0,,
1,EV_B4_C3,2.0,75.0,,
1,EV_B4_C3,1.0,75.0,,
1,EV_B4_C3,0.0,75.0,,
3,,,,,
3,,,,,
3,,,,,
3,,,,,
3,,,,,
3,,,,,
3,,,,,
3,,,,,
3,,,,,
3,,,,,
3,,,,,
3,,,,,
3,,,,,
2,EV_B4_C3,,,0.0,33.85469510858905
1,EV_B4_C3,11.0,75.0,,
1,EV_B4_C3,10.0,75.0,,
1,EV_B4_C3,9.0,75.0,,
1,EV_B4_C3,8.0,75.0,,
1,EV_B4_C3,7.0,75.0,,
1,EV_B4_C3,6.0,75.0,,
1,EV_B4_C3,5.0,75.0,,
1,EV_B4_C3,4.0,75.0,,
1,EV_B4_C3,3.0,75.0,,
1,EV_B4_C3,2.0,75.0,,
1,EV_B4_C3,1.0,75.0,,
1,EV_B4_C3,0.0,75.0,,
3,,,,,
3,,,,,
3,,,,,
3,,,,,
3,,,,,
3,,,,,
3,,,,,
3,,,,,
3,,,,,
3,,,,,
2,EV_B4_C3,,,0.0,24.810164330584417
1,EV_B4_C3,10.0,75.0,,
1,EV_B4_C3,9.0,75.0,,
1,EV_B4_C3,8.0,75.0,,
1,EV_B4_C3,7.0,75.0,,
1,EV_B4_C3,6.0,75.0,,
1,EV_B4_C3,5.0,75.0,,
1,EV_B4_C3,4.0,75.0,,
1,EV_B4_C3,3.0,75.0,,
1,EV_B4_C3,2.0,75.0,,
1,EV_B4_C3,1.0,75.0,,
1,EV_B4_C3,0.0,75.0,,
3,,,,,
3,,,,,
3,,,,,
3,,,,,
3,,,,,
3,,,,,
3,,,,,
3,,,,,
3,,,,,
3,,,,,
3,,,,,
3,,,,,
3,,,,,
2,EV_B4_C3,,,0.0,32.65429491455157
1,EV_B4_C3,9.0,75.0,,
1,EV_B4_C3,8.0,75.0,,
1,EV_B4_C3,7.0,75.0,,
1,EV_B4_C3,6.0,75.0,,
1,EV_B4_C3,5.0,75.0,,
1,EV_B4_C3,4.0,75.0,,
1,EV_B4_C3,3.0,75.0,,
1,EV_B4_C3,2.0,75.0,,
1,EV_B4_C3,1.0,75.0,,
1,EV_B4_C3,0.0,75.0,,
3,,,,,
3,,,,,
3,,,,,
3,,,,,
3,,,,,
3,,,,,
3,,,,,
3,,,,,
3,,,,,
3,,,,,
3,,,,,
3,,,,,
3,,,,,
3,,,,,
2,EV_B4_C3,,,0.0,37.554265191906296
1,EV_B4_C3,9.0,75.0,,
1,EV_B4_C3,8.0,75.0,,
1,EV_B4_C3,7.0,75.0,,
1,EV_B4_C3,6.0,75.0,,
1,EV_B4_C3,5.0,75.0,,
1,EV_B4_C3,4.0,75.0,,
1,EV_B4_C3,3.0,75.0,,
1,EV_B4_C3,2.0,75.0,,
1,EV_B4_C3,1.0,75.0,,
1,EV_B4_C3,0.0,75.0,,
3,,,,,
3,,,,,
3,,,,,
3,,,,,
3,,,,,
3,,,,,
3,,,,,
3,,,,,
3,,,,,
3,,,,,
3,,,,,
3,,,,,
2,EV_B4_C3,,,0.0,39.7135691081946
1,EV_B4_C3,10.0,75.0,,
1,EV_B4_C3,9.0,75.0,,
1,EV_B4_C3,8.0,75.0,,
1,EV_B4_C3,7.0,75.0,,
1,EV_B4_C3,6.0,75.0,,
1,EV_B4_C3,5.0,75.0,,
1,EV_B4_C3,4.0,75.0,,
1,EV_B4_C3,3.0,75.0,,
1,EV_B4_C3,2.0,75.0,,
1,EV_B4_C3,1.0,75.0,,
1,EV_B4_C3,0.0,75.0,,
3,,,,,
3,,,,,
3,,,,,
3,,,,,
3,,,,,
3,,,,,
3,,,,,
3,,,,,
3,,,,,
3,,,,,
3,,,,,
3,,,,,
2,EV_B4_C3,,,0.0,24.544169717706225
1,EV_B4_C3,10.0,75.0,,
1,EV_B4_C3,9.0,75.0,,
1,EV_B4_C3,8.0,75.0,,
1,EV_B4_C3,7.0,75.0,,
1,EV_B4_C3,6.0,75.0,,
1,EV_B4_C3,5.0,75.0,,
1,EV_B4_C3,4.0,75.0,,
1,EV_B4_C3,3.0,75.0,,
1,EV_B4_C3,2.0,75.0,,
1,EV_B4_C3,1.0,75.0,,
1,EV_B4_C3,0.0,75.0,,
3,,,,,
3,,,,,
3,,,,,
3,,,,,
3,,,,,
3,,,,,
3,,,,,
3,,,,,
3,,,,,
3,,,,,
3,,,,,
3,,,,,
3,,,,,
2,EV_B4_C3,,,0.0,23.308547934195904
1,EV_B4_C3,8.0,75.0,,
1,EV_B4_C3,7.0,75.0,,
1,EV_B4_C3,6.0,75.0,,
1,EV_B4_C3,5.0,75.0,,
1,EV_B4_C3,4.0,75.0,,
1,EV_B4_C3,3.0,75.0,,
1,EV_B4_C3,2.0,75.0,,
1,EV_B4_C3,1.0,75.0,,
1,EV_B4_C3,0.0,75.0,,
3,,,,,
3,,,,,
3,,,,,
3,,,,,
3,,,,,
3,,,,,
3,,,,,
3,,,,,
3,,,,,
3,,,,,
3,,,,,
3,,,,,
2,EV_B4_C3,,,0.0,27.987287385025265
1,EV_B4_C3,11.0,75.0,,
1,EV_B4_C3,10.0,75.0,,
1,EV_B4_C3,9.0,75.0,,
1,EV_B4_C3,8.0,75.0,,
1,EV_B4_C3,7.0,75.0,,
1,EV_B4_C3,6.0,75.0,,
1,EV_B4_C3,5.0,75.0,,
1,EV_B4_C3,4.0,75.0,,
1,EV_B4_C3,3.0,75.0,,
1,EV_B4_C3,2.0,75.0,,
1,EV_B4_C3,1.0,75.0,,
1,EV_B4_C3,0.0,75.0,,
3,,,,,
3,,,,,
3,,,,,
3,,,,,
3,,,,,
3,,,,,
3,,,,,
3,,,,,
3,,,,,
3,,,,,
3,,,,,
3,,,,,
2,EV_B4_C3,,,0.0,22.931388468520673
1,EV_B4_C3,9.0,75.0,,
1,EV_B4_C3,8.0,75.0,,
1,EV_B4_C3,7.0,75.0,,
1,EV_B4_C3,6.0,75.0,,
1,EV_B4_C3,5.0,75.0,,
1,EV_B4_C3,4.0,75.0,,
1,EV_B4_C3,3.0,75.0,,
1,EV_B4_C3,2.0,75.0,,
1,EV_B4_C3,1.0,75.0,,
1,EV_B4_C3,0.0,75.0,,
3,,,,,
3,,,,,
3,,,,,
3,,,,,
3,,,,,
3,,,,,
3,,,,,
3,,,,,
3,,,,,
3,,,,,
3,,,,,
3,,,,,
2,EV_B4_C3,,,0.0,36.42756893011382
1,EV_B4_C3,10.0,75.0,,
1,EV_B4_C3,9.0,75.0,,
1,EV_B4_C3,8.0,75.0,,
1,EV_B4_C3,7.0,75.0,,
1,EV_B4_C3,6.0,75.0,,
1,EV_B4_C3,5.0,75.0,,
1,EV_B4_C3,4.0,75.0,,
1,EV_B4_C3,3.0,75.0,,
1,EV_B4_C3,2.0,75.0,,
1,EV_B4_C3,1.0,75.0,,
1,EV_B4_C3,0.0,75.0,,
3,,,,,
3,,,,,
3,,,,,
3,,,,,
3,,,,,
3,,,,,
3,,,,,
3,,,,,
3,,,,,
3,,,,,
3,,,,,
3,,,,,
3,,,,,
2,EV_B4_C3,,,0.0,39.72991192192809
1,EV_B4_C3,10.0,75.0,,
1,EV_B4_C3,9.0,75.0,,
1,EV_B4_C3,8.0,75.0,,
1,EV_B4_C3,7.0,75.0,,
1,EV_B4_C3,6.0,75.0,,
1,EV_B4_C3,5.0,75.0,,
1,EV_B4_C3,4.0,75.0,,
1,EV_B4_C3,3.0,75.0,,
1,EV_B4_C3,2.0,75.0,,
1,EV_B4_C3,1.0,75.0,,
1,EV_B4_C3,0.0,75.0,,
3,,,,,
3,,,,,
3,,,,,
3,,,,,
3,,,,,
3,,,,,
3,,,,,
3,,,,,
3,,,,,
3,,,,,
3,,,,,
3,,,,,
2,EV_B4_C3,,,0.0,24.84074168743867
1,EV_B4_C3,9.0,75.0,,
1,EV_B4_C3,8.0,75.0,,
1,EV_B4_C3,7.0,75.0,,
1,EV_B4_C3,6.0,75.0,,
1,EV_B4_C3,5.0,75.0,,
1,EV_B4_C3,4.0,75.0,,
1,EV_B4_C3,3.0,75.0,,
1,EV_B4_C3,2.0,75.0,,
1,EV_B4_C3,1.0,75.0,,
1,EV_B4_C3,0.0,75.0,,
3,,,,,
3,,,,,
3,,,,,
3,,,,,
3,,,,,
3,,,,,
3,,,,,
3,,,,,
3,,,,,
3,,,,,
3,,,,,
3,,,,,
3,,,,,
2,EV_B4_C3,,,0.0,38.530164255128255
1,EV_B4_C3,10.0,75.0,,
1,EV_B4_C3,9.0,75.0,,
1,EV_B4_C3,8.0,75.0,,
1,EV_B4_C3,7.0,75.0,,
1,EV_B4_C3,6.0,75.0,,
1,EV_B4_C3,5.0,75.0,,
1,EV_B4_C3,4.0,75.0,,
1,EV_B4_C3,3.0,75.0,,
1,EV_B4_C3,2.0,75.0,,
1,EV_B4_C3,1.0,75.0,,
1,EV_B4_C3,0.0,75.0,,
3,,,,,
3,,,,,
3,,,,,
3,,,,,
3,,,,,
3,,,,,
3,,,,,
3,,,,,
3,,,,,
3,,,,,
3,,,,,
2,EV_B4_C3,,,0.0,34.33863612836922
1,EV_B4_C3,11.0,75.0,,
1,EV_B4_C3,10.0,75.0,,
1,EV_B4_C3,9.0,75.0,,
1,EV_B4_C3,8.0,75.0,,
1,EV_B4_C3,7.0,75.0,,
1,EV_B4_C3,6.0,75.0,,
1,EV_B4_C3,5.0,75.0,,
1,EV_B4_C3,4.0,75.0,,
1,EV_B4_C3,3.0,75.0,,
1,EV_B4_C3,2.0,75.0,,
1,EV_B4_C3,1.0,75.0,,
1,EV_B4_C3,0.0,75.0,,
3,,,,,
3,,,,,
3,,,,,
3,,,,,
3,,,,,
3,,,,,
3,,,,,
3,,,,,
3,,,,,
3,,,,,
3,,,,,
2,EV_B4_C3,,,0.0,25.908264596411268
1,EV_B4_C3,10.0,75.0,,
1,EV_B4_C3,9.0,75.0,,
1,EV_B4_C3,8.0,75.0,,
1,EV_B4_C3,7.0,75.0,,
1,EV_B4_C3,6.0,75.0,,
1,EV_B4_C3,5.0,75.0,,
1,EV_B4_C3,4.0,75.0,,
1,EV_B4_C3,3.0,75.0,,
1,EV_B4_C3,2.0,75.0,,
1,EV_B4_C3,1.0,75.0,,
1,EV_B4_C3,0.0,75.0,,
3,,,,,
3,,,,,
3,,,,,
3,,,,,
3,,,,,
3,,,,,
3,,,,,
3,,,,,
3,,,,,
3,,,,,
2,EV_B4_C3,,,0.0,31.837352287831916
1,EV_B4_C3,13.0,75.0,,
1,EV_B4_C3,12.0,75.0,,
1,EV_B4_C3,11.0,75.0,,
1,EV_B4_C3,10.0,75.0,,
1,EV_B4_C3,9.0,75.0,,
1,EV_B4_C3,8.0,75.0,,
1,EV_B4_C3,7.0,75.0,,
1,EV_B4_C3,6.0,75.0,,
1,EV_B4_C3,5.0,75.0,,
1,EV_B4_C3,4.0,75.0,,
1,EV_B4_C3,3.0,75.0,,
1,EV_B4_C3,2.0,75.0,,
1,EV_B4_C3,1.0,75.0,,
1,EV_B4_C3,0.0,75.0,,
3,,,,,
3,,,,,
3,,,,,
3,,,,,
3,,,,,
3,,,,,
3,,,,,
3,,,,,
3,,,,,
3,,,,,
3,,,,,
2,EV_B4_C3,,,0.0,20.96159318867072
1,EV_B4_C3,10.0,75.0,,
1,EV_B4_C3,9.0,75.0,,
1,EV_B4_C3,8.0,75.0,,
1,EV_B4_C3,7.0,75.0,,
1,EV_B4_C3,6.0,75.0,,
1,EV_B4_C3,5.0,75.0,,
1,EV_B4_C3,4.0,75.0,,
1,EV_B4_C3,3.0,75.0,,
1,EV_B4_C3,2.0,75.0,,
1,EV_B4_C3,1.0,75.0,,
1,EV_B4_C3,0.0,75.0,,
3,,,,,
3,,,,,
3,,,,,
3,,,,,
3,,,,,
3,,,,,
3,,,,,
3,,,,,
3,,,,,
3,,,,,
3,,,,,
3,,,,,
3,,,,,
2,EV_B4_C3,,,0.0,36.54243648397152
1,EV_B4_C3,9.0,75.0,,
1,EV_B4_C3,8.0,75.0,,
1,EV_B4_C3,7.0,75.0,,
1,EV_B4_C3,6.0,75.0,,
1,EV_B4_C3,5.0,75.0,,
1,EV_B4_C3,4.0,75.0,,
1,EV_B4_C3,3.0,75.0,,
1,EV_B4_C3,2.0,75.0,,
1,EV_B4_C3,1.0,75.0,,
1,EV_B4_C3,0.0,75.0,,
3,,,,,
3,,,,,
3,,,,,
3,,,,,
3,,,,,
3,,,,,
3,,,,,
3,,,,,
3,,,,,
3,,,,,
3,,,,,
3,,,,,
2,EV_B4_C3,,,0.0,39.846462765621744
1,EV_B4_C3,11.0,75.0,,
1,EV_B4_C3,10.0,75.0,,
1,EV_B4_C3,9.0,75.0,,
1,EV_B4_C3,8.0,75.0,,
1,EV_B4_C3,7.0,75.0,,
1,EV_B4_C3,6.0,75.0,,
1,EV_B4_C3,5.0,75.0,,
1,EV_B4_C3,4.0,75.0,,
1,EV_B4_C3,3.0,75.0,,
1,EV_B4_C3,2.0,75.0,,
1,EV_B4_C3,1.0,75.0,,
1,EV_B4_C3,0.0,75.0,,
3,,,,,
3,,,,,
3,,,,,
3,,,,,
3,,,,,
3,,,,,
3,,,,,
3,,,,,
3,,,,,
3,,,,,
3,,,,,
3,,,,,
3,,,,,
2,EV_B4_C3,,,0.0,24.498180822278105
1,EV_B4_C3,8.0,75.0,,
1,EV_B4_C3,7.0,75.0,,
1,EV_B4_C3,6.0,75.0,,
1,EV_B4_C3,5.0,75.0,,
1,EV_B4_C3,4.0,75.0,,
1,EV_B4_C3,3.0,75.0,,
1,EV_B4_C3,2.0,75.0,,
1,EV_B4_C3,1.0,75.0,,
1,EV_B4_C3,0.0,75.0,,
3,,,,,
3,,,,,
3,,,,,
3,,,,,
3,,,,,
3,,,,,
3,,,,,
3,,,,,
3,,,,,
3,,,,,
3,,,,,
3,,,,,
3,,,,,
2,EV_B4_C3,,,0.0,24.715432301110337
1,EV_B4_C3,10.0,75.0,,
1,EV_B4_C3,9.0,75.0,,
1,EV_B4_C3,8.0,75.0,,
1,EV_B4_C3,7.0,75.0,,
1,EV_B4_C3,6.0,75.0,,
1,EV_B4_C3,5.0,75.0,,
1,EV_B4_C3,4.0,75.0,,
1,EV_B4_C3,3.0,75.0,,
1,EV_B4_C3,2.0,75.0,,
1,EV_B4_C3,1.0,75.0,,
1,EV_B4_C3,0.0,75.0,,
3,,,,,
3,,,,,
3,,,,,
3,,,,,
3,,,,,
3,,,,,
3,,,,,
3,,,,,
3,,,,,
3,,,,,
3,,,,,
3,,,,,
2,EV_B4_C3,,,0.0,24.163703957065746
1,EV_B4_C3,10.0,75.0,,
1,EV_B4_C3,9.0,75.0,,
1,EV_B4_C3,8.0,75.0,,
1,EV_B4_C3,7.0,75.0,,
1,EV_B4_C3,6.0,75.0,,
1,EV_B4_C3,5.0,75.0,,
1,EV_B4_C3,4.0,75.0,,
1,EV_B4_C3,3.0,75.0,,
1,EV_B4_C3,2.0,75.0,,
1,EV_B4_C3,1.0,75.0,,
1,EV_B4_C3,0.0,75.0,,
3,,,,,
3,,,,,
3,,,,,
3,,,,,
3,,,,,
3,,,,,
3,,,,,
3,,,,,
3,,,,,
3,,,,,
3,,,,,
2,EV_B4_C3,,,0.0,29.47943045357543
1,EV_B4_C3,11.0,75.0,,
1,EV_B4_C3,10.0,75.0,,
1,EV_B4_C3,9.0,75.0,,
1,EV_B4_C3,8.0,75.0,,
1,EV_B4_C3,7.0,75.0,,
1,EV_B4_C3,6.0,75.0,,
1,EV_B4_C3,5.0,75.0,,
1,EV_B4_C3,4.0,75.0,,
1,EV_B4_C3,3.0,75.0,,
1,EV_B4_C3,2.0,75.0,,
1,EV_B4_C3,1.0,75.0,,
1,EV_B4_C3,0.0,75.0,,
3,,,,,
3,,,,,
3,,,,,
3,,,,,
3,,,,,
3,,,,,
3,,,,,
3,,,,,
3,,,,,
3,,,,,
3,,,,,
3,,,,,
3,,,,,
3,,,,,
3,,,,,
3,,,,,
3,,,,,
3,,,,,
3,,,,,
3,,,,,
3,,,,,
3,,,,,
3,,,,,
3,,,,,
3,,,,,
3,,,,,
3,,,,,
3,,,,,
3,,,,,
3,,,,,
3,,,,,
3,,,,,
3,,,,,
3,,,,,
3,,,,,
2,EV_B4_C3,,,0.0,29.789135386308352
1,EV_B4_C3,11.0,75.0,,
1,EV_B4_C3,10.0,75.0,,
1,EV_B4_C3,9.0,75.0,,
1,EV_B4_C3,8.0,75.0,,
1,EV_B4_C3,7.0,75.0,,
1,EV_B4_C3,6.0,75.0,,
1,EV_B4_C3,5.0,75.0,,
1,EV_B4_C3,4.0,75.0,,
1,EV_B4_C3,3.0,75.0,,
1,EV_B4_C3,2.0,75.0,,
1,EV_B4_C3,1.0,75.0,,
1,EV_B4_C3,0.0,75.0,,
3,,,,,
3,,,,,
3,,,,,
3,,,,,
3,,,,,
3,,,,,
3,,,,,
3,,,,,
3,,,,,
3,,,,,
3,,,,,
3,,,,,
3,,,,,
3,,,,,
3,,,,,
3,,,,,
3,,,,,
3,,,,,
3,,,,,
3,,,,,
3,,,,,
3,,,,,
3,,,,,
3,,,,,
3,,,,,
3,,,,,
3,,,,,
3,,,,,
3,,,,,
3,,,,,
3,,,,,
3,,,,,
3,,,,,
3,,,,,
3,,,,,
2,EV_B4_C3,,,0.0,24.13141285964442
1,EV_B4_C3,11.0,75.0,,
1,EV_B4_C3,10.0,75.0,,
1,EV_B4_C3,9.0,75.0,,
1,EV_B4_C3,8.0,75.0,,
1,EV_B4_C3,7.0,75.0,,
1,EV_B4_C3,6.0,75.0,,
1,EV_B4_C3,5.0,75.0,,
1,EV_B4_C3,4.0,75.0,,
1,EV_B4_C3,3.0,75.0,,
1,EV_B4_C3,2.0,75.0,,
1,EV_B4_C3,1.0,75.0,,
1,EV_B4_C3,0.0,75.0,,
3,,,,,
3,,,,,
3,,,,,
3,,,,,
3,,,,,
3,,,,,
3,,,,,
3,,,,,
3,,,,,
3,,,,,
3,,,,,
3,,,,,
3,,,,,
2,EV_B4_C3,,,0.0,35.21433554051981
1,EV_B4_C3,9.0,75.0,,
1,EV_B4_C3,8.0,75.0,,
1,EV_B4_C3,7.0,75.0,,
1,EV_B4_C3,6.0,75.0,,
1,EV_B4_C3,5.0,75.0,,
1,EV_B4_C3,4.0,75.0,,
1,EV_B4_C3,3.0,75.0,,
1,EV_B4_C3,2.0,75.0,,
1,EV_B4_C3,1.0,75.0,,
1,EV_B4_C3,0.0,75.0,,
3,,,,,
3,,,,,
3,,,,,
3,,,,,
3,,,,,
3,,,,,
3,,,,,
3,,,,,
3,,,,,
3,,,,,
3,,,,,
2,EV_B4_C3,,,0.0,28.101688653236813
1,EV_B4_C3,10.0,75.0,,
1,EV_B4_C3,9.0,75.0,,
1,EV_B4_C3,8.0,75.0,,
1,EV_B4_C3,7.0,75.0,,
1,EV_B4_C3,6.0,75.0,,
1,EV_B4_C3,5.0,75.0,,
1,EV_B4_C3,4.0,75.0,,
1,EV_B4_C3,3.0,75.0,,
1,EV_B4_C3,2.0,75.0,,
1,EV_B4_C3,1.0,75.0,,
1,EV_B4_C3,0.0,75.0,,
3,,,,,
3,,,,,
3,,,,,
3,,,,,
3,,,,,
3,,,,,
3,,,,,
3,,,,,
3,,,,,
3,,,,,
3,,,,,
3,,,,,
3,,,,,
3,,,,,
2,EV_B4_C3,,,0.0,23.50771186314853
1,EV_B4_C3,8.0,75.0,,
1,EV_B4_C3,7.0,75.0,,
1,EV_B4_C3,6.0,75.0,,
1,EV_B4_C3,5.0,75.0,,
1,EV_B4_C3,4.0,75.0,,
1,EV_B4_C3,3.0,75.0,,
1,EV_B4_C3,2.0,75.0,,
1,EV_B4_C3,1.0,75.0,,
1,EV_B4_C3,0.0,75.0,,
3,,,,,
3,,,,,
3,,,,,
3,,,,,
3,,,,,
3,,,,,
3,,,,,
3,,,,,
3,,,,,
3,,,,,
3,,,,,
3,,,,,
3,,,,,
2,EV_B4_C3,,,0.0,29.31648217800273
1,EV_B4_C3,10.0,75.0,,
1,EV_B4_C3,9.0,75.0,,
1,EV_B4_C3,8.0,75.0,,
1,EV_B4_C3,7.0,75.0,,
1,EV_B4_C3,6.0,75.0,,
1,EV_B4_C3,5.0,75.0,,
1,EV_B4_C3,4.0,75.0,,
1,EV_B4_C3,3.0,75.0,,
1,EV_B4_C3,2.0,75.0,,
1,EV_B4_C3,1.0,75.0,,
1,EV_B4_C3,0.0,75.0,,
3,,,,,
3,,,,,
3,,,,,
3,,,,,
3,,,,,
3,,,,,
3,,,,,
3,,,,,
3,,,,,
3,,,,,
3,,,,,
3,,,,,
2,EV_B4_C3,,,0.0,29.483707898073312
1,EV_B4_C3,9.0,75.0,,
1,EV_B4_C3,8.0,75.0,,
1,EV_B4_C3,7.0,75.0,,
1,EV_B4_C3,6.0,75.0,,
1,EV_B4_C3,5.0,75.0,,
1,EV_B4_C3,4.0,75.0,,
1,EV_B4_C3,3.0,75.0,,
1,EV_B4_C3,2.0,75.0,,
1,EV_B4_C3,1.0,75.0,,
1,EV_B4_C3,0.0,75.0,,
3,,,,,
3,,,,,
3,,,,,
3,,,,,
3,,,,,
3,,,,,
3,,,,,
3,,,,,
3,,,,,
3,,,,,
3,,,,,
3,,,,,
3,,,,,
3,,,,,
2,EV_B4_C3,,,0.0,30.746610121111466
1,EV_B4_C3,9.0,75.0,,
1,EV_B4_C3,8.0,75.0,,
1,EV_B4_C3,7.0,75.0,,
1,EV_B4_C3,6.0,75.0,,
1,EV_B4_C3,5.0,75.0,,
1,EV_B4_C3,4.0,75.0,,
1,EV_B4_C3,3.0,75.0,,
1,EV_B4_C3,2.0,75.0,,
1,EV_B4_C3,1.0,75.0,,
1,EV_B4_C3,0.0,75.0,,
3,,,,,
3,,,,,
3,,,,,
3,,,,,
3,,,,,
3,,,,,
3,,,,,
3,,,,,
3,,,,,
3,,,,,
3,,,,,
3,,,,,
3,,,,,
3,,,,,
3,,,,,
3,,,,,
3,,,,,
3,,,,,
3,,,,,
3,,,,,
3,,,,,
3,,,,,
3,,,,,
3,,,,,
3,,,,,
3,,,,,
3,,,,,
3,,,,,
3,,,,,
3,,,,,
3,,,,,
3,,,,,
3,,,,,
3,,,,,
3,,,,,
3,,,,,
2,EV_B4_C3,,,0.0,26.36975507782188
1,EV_B4_C3,9.0,75.0,,
1,EV_B4_C3,8.0,75.0,,
1,EV_B4_C3,7.0,75.0,,
1,EV_B4_C3,6.0,75.0,,
1,EV_B4_C3,5.0,75.0,,
1,EV_B4_C3,4.0,75.0,,
1,EV_B4_C3,3.0,75.0,,
1,EV_B4_C3,2.0,75.0,,
1,EV_B4_C3,1.0,75.0,,
1,EV_B4_C3,0.0,75.0,,
3,,,,,
3,,,,,
3,,,,,
3,,,,,
3,,,,,
3,,,,,
3,,,,,
3,,,,,
3,,,,,
3,,,,,
3,,,,,
3,,,,,
2,EV_B4_C3,,,0.0,28.122861483901083
1,EV_B4_C3,11.0,75.0,,
1,EV_B4_C3,10.0,75.0,,
1,EV_B4_C3,9.0,75.0,,
1,EV_B4_C3,8.0,75.0,,
1,EV_B4_C3,7.0,75.0,,
1,EV_B4_C3,6.0,75.0,,
1,EV_B4_C3,5.0,75.0,,
1,EV_B4_C3,4.0,75.0,,
1,EV_B4_C3,3.0,75.0,,
1,EV_B4_C3,2.0,75.0,,
1,EV_B4_C3,1.0,75.0,,
1,EV_B4_C3,0.0,75.0,,
3,,,,,
3,,,,,
3,,,,,
3,,,,,
3,,,,,
3,,,,,
3,,,,,
3,,,,,
3,,,,,
3,,,,,
2,EV_B4_C3,,,0.0,29.204285496612602
1,EV_B4_C3,10.0,75.0,,
1,EV_B4_C3,9.0,75.0,,
1,EV_B4_C3,8.0,75.0,,
1,EV_B4_C3,7.0,75.0,,
1,EV_B4_C3,6.0,75.0,,
1,EV_B4_C3,5.0,75.0,,
1,EV_B4_C3,4.0,75.0,,
1,EV_B4_C3,3.0,75.0,,
1,EV_B4_C3,2.0,75.0,,
1,EV_B4_C3,1.0,75.0,,
1,EV_B4_C3,0.0,75.0,,
3,,,,,
3,,,,,
3,,,,,
3,,,,,
3,,,,,
3,,,,,
3,,,,,
3,,,,,
3,,,,,
3,,,,,
3,,,,,
3,,,,,
3,,,,,
3,,,,,
2,EV_B4_C3,,,0.0,25.160540158885492
1,EV_B4_C3,9.0,75.0,,
1,EV_B4_C3,8.0,75.0,,
1,EV_B4_C3,7.0,75.0,,
1,EV_B4_C3,6.0,75.0,,
1,EV_B4_C3,5.0,75.0,,
1,EV_B4_C3,4.0,75.0,,
1,EV_B4_C3,3.0,75.0,,
1,EV_B4_C3,2.0,75.0,,
1,EV_B4_C3,1.0,75.0,,
1,EV_B4_C3,0.0,75.0,,
3,,,,,
3,,,,,
3,,,,,
3,,,,,
3,,,,,
3,,,,,
3,,,,,
3,,,,,
3,,,,,
3,,,,,
3,,,,,
3,,,,,
3,,,,,
2,EV_B4_C3,,,0.0,28.6771009679948
1,EV_B4_C3,9.0,75.0,,
1,EV_B4_C3,8.0,75.0,,
1,EV_B4_C3,7.0,75.0,,
1,EV_B4_C3,6.0,75.0,,
1,EV_B4_C3,5.0,75.0,,
1,EV_B4_C3,4.0,75.0,,
1,EV_B4_C3,3.0,75.0,,
1,EV_B4_C3,2.0,75.0,,
1,EV_B4_C3,1.0,75.0,,
1,EV_B4_C3,0.0,75.0,,
3,,,,,
3,,,,,
3,,,,,
3,,,,,
3,,,,,
3,,,,,
3,,,,,
3,,,,,
3,,,,,
3,,,,,
3,,,,,
3,,,,,
2,EV_B4_C3,,,0.0,26.5105892179463
1,EV_B4_C3,11.0,75.0,,
1,EV_B4_C3,10.0,75.0,,
1,EV_B4_C3,9.0,75.0,,
1,EV_B4_C3,8.0,75.0,,
1,EV_B4_C3,7.0,75.0,,
1,EV_B4_C3,6.0,75.0,,
1,EV_B4_C3,5.0,75.0,,
1,EV_B4_C3,4.0,75.0,,
1,EV_B4_C3,3.0,75.0,,
1,EV_B4_C3,2.0,75.0,,
1,EV_B4_C3,1.0,75.0,,
1,EV_B4_C3,0.0,75.0,,
3,,,,,
3,,,,,
3,,,,,
3,,,,,
3,,,,,
3,,,,,
3,,,,,
3,,,,,
3,,,,,
3,,,,,
3,,,,,
3,,,,,
3,,,,,
2,EV_B4_C3,,,0.0,20.724140016265853
1,EV_B4_C3,9.0,75.0,,
1,EV_B4_C3,8.0,75.0,,
1,EV_B4_C3,7.0,75.0,,
1,EV_B4_C3,6.0,75.0,,
1,EV_B4_C3,5.0,75.0,,
1,EV_B4_C3,4.0,75.0,,
1,EV_B4_C3,3.0,75.0,,
1,EV_B4_C3,2.0,75.0,,
1,EV_B4_C3,1.0,75.0,,
1,EV_B4_C3,0.0,75.0,,
3,,,,,
3,,,,,
3,,,,,
3,,,,,
3,,,,,
3,,,,,
3,,,,,
3,,,,,
3,,,,,
3,,,,,
3,,,,,
3,,,,,
2,EV_B4_C3,,,0.0,29.87567560425335
1,EV_B4_C3,9.0,75.0,,
1,EV_B4_C3,8.0,75.0,,
1,EV_B4_C3,7.0,75.0,,
1,EV_B4_C3,6.0,75.0,,
1,EV_B4_C3,5.0,75.0,,
1,EV_B4_C3,4.0,75.0,,
1,EV_B4_C3,3.0,75.0,,
1,EV_B4_C3,2.0,75.0,,
1,EV_B4_C3,1.0,75.0,,
1,EV_B4_C3,0.0,75.0,,
3,,,,,
3,,,,,
3,,,,,
3,,,,,
3,,,,,
3,,,,,
3,,,,,
3,,,,,
3,,,,,
3,,,,,
3,,,,,
3,,,,,
3,,,,,
2,EV_B4_C3,,,0.0,26.637591619632374
1,EV_B4_C3,10.0,75.0,,
1,EV_B4_C3,9.0,75.0,,
1,EV_B4_C3,8.0,75.0,,
1,EV_B4_C3,7.0,75.0,,
1,EV_B4_C3,6.0,75.0,,
1,EV_B4_C3,5.0,75.0,,
1,EV_B4_C3,4.0,75.0,,
1,EV_B4_C3,3.0,75.0,,
1,EV_B4_C3,2.0,75.0,,
1,EV_B4_C3,1.0,75.0,,
1,EV_B4_C3,0.0,75.0,,
3,,,,,
3,,,,,
3,,,,,
3,,,,,
3,,,,,
3,,,,,
3,,,,,
3,,,,,
3,,,,,
3,,,,,
3,,,,,
3,,,,,
3,,,,,
2,EV_B4_C3,,,0.0,24.507118993041104
1,EV_B4_C3,8.0,75.0,,
1,EV_B4_C3,7.0,75.0,,
1,EV_B4_C3,6.0,75.0,,
1,EV_B4_C3,5.0,75.0,,
1,EV_B4_C3,4.0,75.0,,
1,EV_B4_C3,3.0,75.0,,
1,EV_B4_C3,2.0,75.0,,
1,EV_B4_C3,1.0,75.0,,
1,EV_B4_C3,0.0,75.0,,
3,,,,,
3,,,,,
3,,,,,
3,,,,,
3,,,,,
3,,,,,
3,,,,,
3,,,,,
3,,,,,
3,,,,,
3,,,,,
3,,,,,
2,EV_B4_C3,,,0.0,34.46544700083225
1,EV_B4_C3,11.0,75.0,,
1,EV_B4_C3,10.0,75.0,,
1,EV_B4_C3,9.0,75.0,,
1,EV_B4_C3,8.0,75.0,,
1,EV_B4_C3,7.0,75.0,,
1,EV_B4_C3,6.0,75.0,,
1,EV_B4_C3,5.0,75.0,,
1,EV_B4_C3,4.0,75.0,,
1,EV_B4_C3,3.0,75.0,,
1,EV_B4_C3,2.0,75.0,,
1,EV_B4_C3,1.0,75.0,,
1,EV_B4_C3,0.0,75.0,,
3,,,,,
3,,,,,
3,,,,,
3,,,,,
3,,,,,
3,,,,,
3,,,,,
3,,,,,
3,,,,,
3,,,,,
3,,,,,
2,EV_B4_C3,,,0.0,33.66595160381326
1,EV_B4_C3,10.0,75.0,,
1,EV_B4_C3,9.0,75.0,,
1,EV_B4_C3,8.0,75.0,,
1,EV_B4_C3,7.0,75.0,,
1,EV_B4_C3,6.0,75.0,,
1,EV_B4_C3,5.0,75.0,,
1,EV_B4_C3,4.0,75.0,,
1,EV_B4_C3,3.0,75.0,,
1,EV_B4_C3,2.0,75.0,,
1,EV_B4_C3,1.0,75.0,,
1,EV_B4_C3,0.0,75.0,,
3,,,,,
3,,,,,
3,,,,,
3,,,,,
3,,,,,
3,,,,,
3,,,,,
3,,,,,
3,,,,,
3,,,,,
2,EV_B4_C3,,,0.0,21.678692332920296
1,EV_B4_C3,13.0,75.0,,
1,EV_B4_C3,12.0,75.0,,
1,EV_B4_C3,11.0,75.0,,
1,EV_B4_C3,10.0,75.0,,
1,EV_B4_C3,9.0,75.0,,
1,EV_B4_C3,8.0,75.0,,
1,EV_B4_C3,7.0,75.0,,
1,EV_B4_C3,6.0,75.0,,
1,EV_B4_C3,5.0,75.0,,
1,EV_B4_C3,4.0,75.0,,
1,EV_B4_C3,3.0,75.0,,
1,EV_B4_C3,2.0,75.0,,
1,EV_B4_C3,1.0,75.0,,
1,EV_B4_C3,0.0,75.0,,
3,,,,,
3,,,,,
3,,,,,
3,,,,,
3,,,,,
3,,,,,
3,,,,,
3,,,,,
3,,,,,
3,,,,,
3,,,,,
3,,,,,
3,,,,,
3,,,,,
3,,,,,
3,,,,,
3,,,,,
3,,,,,
3,,,,,
3,,,,,
3,,,,,
3,,,,,
3,,,,,
3,,,,,
3,,,,,
3,,,,,
3,,,,,
3,,,,,
3,,,,,
3,,,,,
3,,,,,
3,,,,,
3,,,,,
3,,,,,
3,,,,,
3,,,,,
3,,,,,
2,EV_B4_C3,,,0.0,28.000742588426565
1,EV_B4_C3,9.0,75.0,,
1,EV_B4_C3,8.0,75.0,,
1,EV_B4_C3,7.0,75.0,,
1,EV_B4_C3,6.0,75.0,,
1,EV_B4_C3,5.0,75.0,,
1,EV_B4_C3,4.0,75.0,,
1,EV_B4_C3,3.0,75.0,,
1,EV_B4_C3,2.0,75.0,,
1,EV_B4_C3,1.0,75.0,,
1,EV_B4_C3,0.0,75.0,,
3,,,,,
3,,,,,
3,,,,,
3,,,,,
3,,,,,
3,,,,,
3,,,,,
3,,,,,
3,,,,,
3,,,,,
3,,,,,
3,,,,,
3,,,,,
3,,,,,
3,,,,,
3,,,,,
3,,,,,
3,,,,,
3,,,,,
3,,,,,
3,,,,,
3,,,,,
3,,,,,
3,,,,,
3,,,,,
3,,,,,
3,,,,,
3,,,,,
3,,,,,
3,,,,,
3,,,,,
3,,,,,
3,,,,,
3,,,,,
3,,,,,
2,EV_B4_C3,,,0.0,34.895001483972116
1,EV_B4_C3,10.0,75.0,,
1,EV_B4_C3,9.0,75.0,,
1,EV_B4_C3,8.0,75.0,,
1,EV_B4_C3,7.0,75.0,,
1,EV_B4_C3,6.0,75.0,,
1,EV_B4_C3,5.0,75.0,,
1,EV_B4_C3,4.0,75.0,,
1,EV_B4_C3,3.0,75.0,,
1,EV_B4_C3,2.0,75.0,,
1,EV_B4_C3,1.0,75.0,,
1,EV_B4_C3,0.0,75.0,,
3,,,,,
3,,,,,
3,,,,,
3,,,,,
3,,,,,
3,,,,,
3,,,,,
3,,,,,
3,,,,,
3,,,,,
3,,,,,
3,,,,,
2,EV_B4_C3,,,0.0,20.78671205708242
1,EV_B4_C3,10.0,75.0,,
1,EV_B4_C3,9.0,75.0,,
1,EV_B4_C3,8.0,75.0,,
1,EV_B4_C3,7.0,75.0,,
1,EV_B4_C3,6.0,75.0,,
1,EV_B4_C3,5.0,75.0,,
1,EV_B4_C3,4.0,75.0,,
1,EV_B4_C3,3.0,75.0,,
1,EV_B4_C3,2.0,75.0,,
1,EV_B4_C3,1.0,75.0,,
1,EV_B4_C3,0.0,75.0,,
3,,,,,
3,,,,,
3,,,,,
3,,,,,
3,,,,,
3,,,,,
3,,,,,
3,,,,,
3,,,,,
3,,,,,
3,,,,,
2,EV_B4_C3,,,0.0,31.126271535810567
1,EV_B4_C3,12.0,75.0,,
1,EV_B4_C3,11.0,75.0,,
1,EV_B4_C3,10.0,75.0,,
1,EV_B4_C3,9.0,75.0,,
1,EV_B4_C3,8.0,75.0,,
1,EV_B4_C3,7.0,75.0,,
1,EV_B4_C3,6.0,75.0,,
1,EV_B4_C3,5.0,75.0,,
1,EV_B4_C3,4.0,75.0,,
1,EV_B4_C3,3.0,75.0,,
1,EV_B4_C3,2.0,75.0,,
1,EV_B4_C3,1.0,75.0,,
1,EV_B4_C3,0.0,75.0,,
3,,,,,
3,,,,,
3,,,,,
3,,,,,
3,,,,,
3,,,,,
3,,,,,
3,,,,,
3,,,,,
3,,,,,
3,,,,,
3,,,,,
2,EV_B4_C3,,,0.0,35.33981545401746
1,EV_B4_C3,9.0,75.0,,
1,EV_B4_C3,8.0,75.0,,
1,EV_B4_C3,7.0,75.0,,
1,EV_B4_C3,6.0,75.0,,
1,EV_B4_C3,5.0,75.0,,
1,EV_B4_C3,4.0,75.0,,
1,EV_B4_C3,3.0,75.0,,
1,EV_B4_C3,2.0,75.0,,
1,EV_B4_C3,1.0,75.0,,
1,EV_B4_C3,0.0,75.0,,
3,,,,,
3,,,,,
3,,,,,
3,,,,,
3,,,,,
3,,,,,
3,,,,,
3,,,,,
3,,,,,
3,,,,,
3,,,,,
3,,,,,
2,EV_B4_C3,,,0.0,35.70955160778333
1,EV_B4_C3,10.0,75.0,,
1,EV_B4_C3,9.0,75.0,,
1,EV_B4_C3,8.0,75.0,,
1,EV_B4_C3,7.0,75.0,,
1,EV_B4_C3,6.0,75.0,,
1,EV_B4_C3,5.0,75.0,,
1,EV_B4_C3,4.0,75.0,,
1,EV_B4_C3,3.0,75.0,,
1,EV_B4_C3,2.0,75.0,,
1,EV_B4_C3,1.0,75.0,,
1,EV_B4_C3,0.0,75.0,,
3,,,,,
3,,,,,
3,,,,,
3,,,,,
3,,,,,
3,,,,,
3,,,,,
3,,,,,
3,,,,,
3,,,,,
3,,,,,
3,,,,,
3,,,,,
3,,,,,
2,EV_B4_C3,,,0.0,26.317886840241428
1,EV_B4_C3,9.0,75.0,,
1,EV_B4_C3,8.0,75.0,,
1,EV_B4_C3,7.0,75.0,,
1,EV_B4_C3,6.0,75.0,,
1,EV_B4_C3,5.0,75.0,,
1,EV_B4_C3,4.0,75.0,,
1,EV_B4_C3,3.0,75.0,,
1,EV_B4_C3,2.0,75.0,,
1,EV_B4_C3,1.0,75.0,,
1,EV_B4_C3,0.0,75.0,,
3,,,,,
3,,,,,
3,,,,,
3,,,,,
3,,,,,
3,,,,,
3,,,,,
3,,,,,
3,,,,,
3,,,,,
3,,,,,
2,EV_B4_C3,,,0.0,23.295571009528437
1,EV_B4_C3,10.0,75.0,,
1,EV_B4_C3,9.0,75.0,,
1,EV_B4_C3,8.0,75.0,,
1,EV_B4_C3,7.0,75.0,,
1,EV_B4_C3,6.0,75.0,,
1,EV_B4_C3,5.0,75.0,,
1,EV_B4_C3,4.0,75.0,,
1,EV_B4_C3,3.0,75.0,,
1,EV_B4_C3,2.0,75.0,,
1,EV_B4_C3,1.0,75.0,,
1,EV_B4_C3,0.0,75.0,,
3,,,,,
3,,,,,
3,,,,,
3,,,,,
3,,,,,
3,,,,,
3,,,,,
3,,,,,
3,,,,,
3,,,,,
3,,,,,
3,,,,,
3,,,,,
2,EV_B4_C3,,,0.0,30.81671839453427
1,EV_B4_C3,9.0,75.0,,
1,EV_B4_C3,8.0,75.0,,
1,EV_B4_C3,7.0,75.0,,
1,EV_B4_C3,6.0,75.0,,
1,EV_B4_C3,5.0,75.0,,
1,EV_B4_C3,4.0,75.0,,
1,EV_B4_C3,3.0,75.0,,
1,EV_B4_C3,2.0,75.0,,
1,EV_B4_C3,1.0,75.0,,
1,EV_B4_C3,0.0,75.0,,
3,,,,,
3,,,,,
3,,,,,
3,,,,,
3,,,,,
3,,,,,
3,,,,,
3,,,,,
3,,,,,
3,,,,,
3,,,,,
2,EV_B4_C3,,,0.0,31.620921554425273
1,EV_B4_C3,11.0,75.0,,
1,EV_B4_C3,10.0,75.0,,
1,EV_B4_C3,9.0,75.0,,
1,EV_B4_C3,8.0,75.0,,
1,EV_B4_C3,7.0,75.0,,
1,EV_B4_C3,6.0,75.0,,
1,EV_B4_C3,5.0,75.0,,
1,EV_B4_C3,4.0,75.0,,
1,EV_B4_C3,3.0,75.0,,
1,EV_B4_C3,2.0,75.0,,
1,EV_B4_C3,1.0,75.0,,
1,EV_B4_C3,0.0,75.0,,
3,,,,,
3,,,,,
3,,,,,
3,,,,,
3,,,,,
3,,,,,
3,,,,,
3,,,,,
3,,,,,
3,,,,,
3,,,,,
3,,,,,
3,,,,,
3,,,,,
2,EV_B4_C3,,,0.0,25.52124069580946
1,EV_B4_C3,9.0,75.0,,
1,EV_B4_C3,8.0,75.0,,
1,EV_B4_C3,7.0,75.0,,
1,EV_B4_C3,6.0,75.0,,
1,EV_B4_C3,5.0,75.0,,
1,EV_B4_C3,4.0,75.0,,
1,EV_B4_C3,3.0,75.0,,
1,EV_B4_C3,2.0,75.0,,
1,EV_B4_C3,1.0,75.0,,
1,EV_B4_C3,0.0,75.0,,
3,,,,,
3,,,,,
3,,,,,
3,,,,,
3,,,,,
3,,,,,
3,,,,,
3,,,,,
3,,,,,
3,,,,,
2,EV_B4_C3,,,0.0,36.54868395236749
1,EV_B4_C3,12.0,75.0,,
1,EV_B4_C3,11.0,75.0,,
1,EV_B4_C3,10.0,75.0,,
1,EV_B4_C3,9.0,75.0,,
1,EV_B4_C3,8.0,75.0,,
1,EV_B4_C3,7.0,75.0,,
1,EV_B4_C3,6.0,75.0,,
1,EV_B4_C3,5.0,75.0,,
1,EV_B4_C3,4.0,75.0,,
1,EV_B4_C3,3.0,75.0,,
1,EV_B4_C3,2.0,75.0,,
1,EV_B4_C3,1.0,75.0,,
1,EV_B4_C3,0.0,75.0,,
3,,,,,
3,,,,,
3,,,,,
3,,,,,
3,,,,,
3,,,,,
3,,,,,
3,,,,,
3,,,,,
3,,,,,
3,,,,,
3,,,,,
2,EV_B4_C3,,,0.0,29.653698588981353
1,EV_B4_C3,10.0,75.0,,
1,EV_B4_C3,9.0,75.0,,
1,EV_B4_C3,8.0,75.0,,
1,EV_B4_C3,7.0,75.0,,
1,EV_B4_C3,6.0,75.0,,
1,EV_B4_C3,5.0,75.0,,
1,EV_B4_C3,4.0,75.0,,
1,EV_B4_C3,3.0,75.0,,
1,EV_B4_C3,2.0,75.0,,
1,EV_B4_C3,1.0,75.0,,
1,EV_B4_C3,0.0,75.0,,
3,,,,,
3,,,,,
3,,,,,
3,,,,,
3,,,,,
3,,,,,
3,,,,,
3,,,,,
3,,,,,
3,,,,,
3,,,,,
3,,,,,
2,EV_B4_C3,,,0.0,21.582796495871115
1,EV_B4_C3,9.0,75.0,,
1,EV_B4_C3,8.0,75.0,,
1,EV_B4_C3,7.0,75.0,,
1,EV_B4_C3,6.0,75.0,,
1,EV_B4_C3,5.0,75.0,,
1,EV_B4_C3,4.0,75.0,,
1,EV_B4_C3,3.0,75.0,,
1,EV_B4_C3,2.0,75.0,,
1,EV_B4_C3,1.0,75.0,,
1,EV_B4_C3,0.0,75.0,,
3,,,,,
3,,,,,
3,,,,,
3,,,,,
3,,,,,
3,,,,,
3,,,,,
3,,,,,
3,,,,,
3,,,,,
3,,,,,
3,,,,,
2,EV_B4_C3,,,0.0,37.94828907796074
1,EV_B4_C3,10.0,75.0,,
1,EV_B4_C3,9.0,75.0,,
1,EV_B4_C3,8.0,75.0,,
1,EV_B4_C3,7.0,75.0,,
1,EV_B4_C3,6.0,75.0,,
1,EV_B4_C3,5.0,75.0,,
1,EV_B4_C3,4.0,75.0,,
1,EV_B4_C3,3.0,75.0,,
1,EV_B4_C3,2.0,75.0,,
1,EV_B4_C3,1.0,75.0,,
1,EV_B4_C3,0.0,75.0,,
3,,,,,
3,,,,,
3,,,,,
3,,,,,
3,,,,,
3,,,,,
3,,,,,
3,,,,,
3,,,,,
3,,,,,
3,,,,,
3,,,,,
3,,,,,
2,EV_B4_C3,,,0.0,28.846145149792967
1,EV_B4_C3,10.0,75.0,,
1,EV_B4_C3,9.0,75.0,,
1,EV_B4_C3,8.0,75.0,,
1,EV_B4_C3,7.0,75.0,,
1,EV_B4_C3,6.0,75.0,,
1,EV_B4_C3,5.0,75.0,,
1,EV_B4_C3,4.0,75.0,,
1,EV_B4_C3,3.0,75.0,,
1,EV_B4_C3,2.0,75.0,,
1,EV_B4_C3,1.0,75.0,,
1,EV_B4_C3,0.0,75.0,,
3,,,,,
3,,,,,
3,,,,,
3,,,,,
3,,,,,
3,,,,,
3,,,,,
3,,,,,
3,,,,,
3,,,,,
3,,,,,
2,EV_B4_C3,,,0.0,27.791166766190024
1,EV_B4_C3,10.0,75.0,,
1,EV_B4_C3,9.0,75.0,,
1,EV_B4_C3,8.0,75.0,,
1,EV_B4_C3,7.0,75.0,,
1,EV_B4_C3,6.0,75.0,,
1,EV_B4_C3,5.0,75.0,,
1,EV_B4_C3,4.0,75.0,,
1,EV_B4_C3,3.0,75.0,,
1,EV_B4_C3,2.0,75.0,,
1,EV_B4_C3,1.0,75.0,,
1,EV_B4_C3,0.0,75.0,,
3,,,,,
3,,,,,
3,,,,,
3,,,,,
3,,,,,
3,,,,,
3,,,,,
3,,,,,
3,,,,,
3,,,,,
3,,,,,
3,,,,,
2,EV_B4_C3,,,0.0,35.37923144230201
1,EV_B4_C3,11.0,75.0,,
1,EV_B4_C3,10.0,75.0,,
1,EV_B4_C3,9.0,75.0,,
1,EV_B4_C3,8.0,75.0,,
1,EV_B4_C3,7.0,75.0,,
1,EV_B4_C3,6.0,75.0,,
1,EV_B4_C3,5.0,75.0,,
1,EV_B4_C3,4.0,75.0,,
1,EV_B4_C3,3.0,75.0,,
1,EV_B4_C3,2.0,75.0,,
1,EV_B4_C3,1.0,75.0,,
1,EV_B4_C3,0.0,75.0,,
3,,,,,
3,,,,,
3,,,,,
3,,,,,
3,,,,,
3,,,,,
3,,,,,
3,,,,,
3,,,,,
3,,,,,
3,,,,,
3,,,,,
3,,,,,
2,EV_B4_C3,,,0.0,30.19619365204953
1,EV_B4_C3,9.0,75.0,,
1,EV_B4_C3,8.0,75.0,,
1,EV_B4_C3,7.0,75.0,,
1,EV_B4_C3,6.0,75.0,,
1,EV_B4_C3,5.0,75.0,,
1,EV_B4_C3,4.0,75.0,,
1,EV_B4_C3,3.0,75.0,,
1,EV_B4_C3,2.0,75.0,,
1,EV_B4_C3,1.0,75.0,,
1,EV_B4_C3,0.0,75.0,,
3,,,,,
3,,,,,
3,,,,,
3,,,,,
3,,,,,
3,,,,,
3,,,,,
3,,,,,
3,,,,,
3,,,,,
3,,,,,
3,,,,,
3,,,,,
3,,,,,
3,,,,,
3,,,,,
3,,,,,
3,,,,,
3,,,,,
3,,,,,
3,,,,,
3,,,,,
3,,,,,
3,,,,,
3,,,,,
3,,,,,
3,,,,,
3,,,,,
3,,,,,
3,,,,,
3,,,,,
3,,,,,
3,,,,,
3,,,,,
3,,,,,
3,,,,,
3,,,,,
3,,,,,
3,,,,,
3,,,,,
3,,,,,
3,,,,,
3,,,,,
3,,,,,
3,,,,,
3,,,,,
3,,,,,
3,,,,,
3,,,,,
3,,,,,
3,,,,,
3,,,,,
3,,,,,
3,,,,,
3,,,,,
3,,,,,
3,,,,,
3,,,,,
3,,,,,
3,,,,,
2,EV_B4_C3,,,0.0,29.246591636133147
1,EV_B4_C3,9.0,75.0,,
1,EV_B4_C3,8.0,75.0,,
1,EV_B4_C3,7.0,75.0,,
1,EV_B4_C3,6.0,75.0,,
1,EV_B4_C3,5.0,75.0,,
1,EV_B4_C3,4.0,75.0,,
1,EV_B4_C3,3.0,75.0,,
1,EV_B4_C3,2.0,75.0,,
1,EV_B4_C3,1.0,75.0,,
1,EV_B4_C3,0.0,75.0,,
3,,,,,
3,,,,,
3,,,,,
3,,,,,
3,,,,,
3,,,,,
3,,,,,
3,,,,,
3,,,,,
3,,,,,
3,,,,,
3,,,,,
3,,,,,
3,,,,,
2,EV_B4_C3,,,0.0,24.61147319911215
1,EV_B4_C3,8.0,75.0,,
1,EV_B4_C3,7.0,75.0,,
1,EV_B4_C3,6.0,75.0,,
1,EV_B4_C3,5.0,75.0,,
1,EV_B4_C3,4.0,75.0,,
1,EV_B4_C3,3.0,75.0,,
1,EV_B4_C3,2.0,75.0,,
1,EV_B4_C3,1.0,75.0,,
1,EV_B4_C3,0.0,75.0,,
3,,,,,
3,,,,,
3,,,,,
3,,,,,
3,,,,,
3,,,,,
3,,,,,
3,,,,,
3,,,,,
3,,,,,
3,,,,,
3,,,,,
2,EV_B4_C3,,,0.0,33.907125436910825
1,EV_B4_C3,11.0,75.0,,
1,EV_B4_C3,10.0,75.0,,
1,EV_B4_C3,9.0,75.0,,
1,EV_B4_C3,8.0,75.0,,
1,EV_B4_C3,7.0,75.0,,
1,EV_B4_C3,6.0,75.0,,
1,EV_B4_C3,5.0,75.0,,
1,EV_B4_C3,4.0,75.0,,
1,EV_B4_C3,3.0,75.0,,
1,EV_B4_C3,2.0,75.0,,
1,EV_B4_C3,1.0,75.0,,
1,EV_B4_C3,0.0,75.0,,
3,,,,,
3,,,,,
3,,,,,
3,,,,,
3,,,,,
3,,,,,
3,,,,,
3,,,,,
3,,,,,
3,,,,,
3,,,,,
3,,,,,
2,EV_B4_C3,,,0.0,36.51325795073036
1,EV_B4_C3,9.0,75.0,,
1,EV_B4_C3,8.0,75.0,,
1,EV_B4_C3,7.0,75.0,,
1,EV_B4_C3,6.0,75.0,,
1,EV_B4_C3,5.0,75.0,,
1,EV_B4_C3,4.0,75.0,,
1,EV_B4_C3,3.0,75.0,,
1,EV_B4_C3,2.0,75.0,,
1,EV_B4_C3,1.0,75.0,,
1,EV_B4_C3,0.0,75.0,,
3,,,,,
3,,,,,
3,,,,,
3,,,,,
3,,,,,
3,,,,,
3,,,,,
3,,,,,
3,,,,,
3,,,,,
3,,,,,
3,,,,,
3,,,,,
3,,,,,
3,,,,,
3,,,,,
3,,,,,
3,,,,,
3,,,,,
3,,,,,
3,,,,,
3,,,,,
3,,,,,
3,,,,,
3,,,,,
3,,,,,
3,,,,,
3,,,,,
3,,,,,
3,,,,,
3,,,,,
3,,,,,
3,,,,,
3,,,,,
3,,,,,
3,,,,,
3,,,,,
2,EV_B4_C3,,,0.0,24.598557644933535
1,EV_B4_C3,10.0,75.0,,
1,EV_B4_C3,9.0,75.0,,
1,EV_B4_C3,8.0,75.0,,
1,EV_B4_C3,7.0,75.0,,
1,EV_B4_C3,6.0,75.0,,
1,EV_B4_C3,5.0,75.0,,
1,EV_B4_C3,4.0,75.0,,
1,EV_B4_C3,3.0,75.0,,
1,EV_B4_C3,2.0,75.0,,
1,EV_B4_C3,1.0,75.0,,
1,EV_B4_C3,0.0,75.0,,
3,,,,,
3,,,,,
3,,,,,
3,,,,,
3,,,,,
3,,,,,
3,,,,,
3,,,,,
3,,,,,
3,,,,,
3,,,,,
3,,,,,
2,EV_B4_C3,,,0.0,28.6487018438949
1,EV_B4_C3,10.0,75.0,,
1,EV_B4_C3,9.0,75.0,,
1,EV_B4_C3,8.0,75.0,,
1,EV_B4_C3,7.0,75.0,,
1,EV_B4_C3,6.0,75.0,,
1,EV_B4_C3,5.0,75.0,,
1,EV_B4_C3,4.0,75.0,,
1,EV_B4_C3,3.0,75.0,,
1,EV_B4_C3,2.0,75.0,,
1,EV_B4_C3,1.0,75.0,,
1,EV_B4_C3,0.0,75.0,,
3,,,,,
3,,,,,
3,,,,,
3,,,,,
3,,,,,
3,,,,,
3,,,,,
3,,,,,
3,,,,,
3,,,,,
3,,,,,
3,,,,,
2,EV_B4_C3,,,0.0,33.20430712405445
1,EV_B4_C3,10.0,75.0,,
1,EV_B4_C3,9.0,75.0,,
1,EV_B4_C3,8.0,75.0,,
1,EV_B4_C3,7.0,75.0,,
1,EV_B4_C3,6.0,75.0,,
1,EV_B4_C3,5.0,75.0,,
1,EV_B4_C3,4.0,75.0,,
1,EV_B4_C3,3.0,75.0,,
1,EV_B4_C3,2.0,75.0,,
1,EV_B4_C3,1.0,75.0,,
1,EV_B4_C3,0.0,75.0,,
3,,,,,
3,,,,,
3,,,,,
3,,,,,
3,,,,,
3,,,,,
3,,,,,
3,,,,,
3,,,,,
3,,,,,
2,EV_B4_C3,,,0.0,37.587397332488756
1,EV_B4_C3,12.0,75.0,,
1,EV_B4_C3,11.0,75.0,,
1,EV_B4_C3,10.0,75.0,,
1,EV_B4_C3,9.0,75.0,,
1,EV_B4_C3,8.0,75.0,,
1,EV_B4_C3,7.0,75.0,,
1,EV_B4_C3,6.0,75.0,,
1,EV_B4_C3,5.0,75.0,,
1,EV_B4_C3,4.0,75.0,,
1,EV_B4_C3,3.0,75.0,,
1,EV_B4_C3,2.0,75.0,,
1,EV_B4_C3,1.0,75.0,,
1,EV_B4_C3,0.0,75.0,,
3,,,,,
3,,,,,
3,,,,,
3,,,,,
3,,,,,
3,,,,,
3,,,,,
3,,,,,
3,,,,,
3,,,,,
2,EV_B4_C3,,,0.0,30.59661877691578
1,EV_B4_C3,12.0,75.0,,
1,EV_B4_C3,11.0,75.0,,
1,EV_B4_C3,10.0,75.0,,
1,EV_B4_C3,9.0,75.0,,
1,EV_B4_C3,8.0,75.0,,
1,EV_B4_C3,7.0,75.0,,
1,EV_B4_C3,6.0,75.0,,
1,EV_B4_C3,5.0,75.0,,
1,EV_B4_C3,4.0,75.0,,
1,EV_B4_C3,3.0,75.0,,
1,EV_B4_C3,2.0,75.0,,
1,EV_B4_C3,1.0,75.0,,
1,EV_B4_C3,0.0,75.0,,
3,,,,,
3,,,,,
3,,,,,
3,,,,,
3,,,,,
3,,,,,
3,,,,,
3,,,,,
3,,,,,
3,,,,,
3,,,,,
3,,,,,
2,EV_B4_C3,,,0.0,36.9261606971693
1,EV_B4_C3,9.0,75.0,,
1,EV_B4_C3,8.0,75.0,,
1,EV_B4_C3,7.0,75.0,,
1,EV_B4_C3,6.0,75.0,,
1,EV_B4_C3,5.0,75.0,,
1,EV_B4_C3,4.0,75.0,,
1,EV_B4_C3,3.0,75.0,,
1,EV_B4_C3,2.0,75.0,,
1,EV_B4_C3,1.0,75.0,,
1,EV_B4_C3,0.0,75.0,,
3,,,,,
3,,,,,
3,,,,,
3,,,,,
3,,,,,
3,,,,,
3,,,,,
3,,,,,
3,,,,,
3,,,,,
3,,,,,
3,,,,,
2,EV_B4_C3,,,0.0,36.61065084037298
1,EV_B4_C3,11.0,75.0,,
1,EV_B4_C3,10.0,75.0,,
1,EV_B4_C3,9.0,75.0,,
1,EV_B4_C3,8.0,75.0,,
1,EV_B4_C3,7.0,75.0,,
1,EV_B4_C3,6.0,75.0,,
1,EV_B4_C3,5.0,75.0,,
1,EV_B4_C3,4.0,75.0,,
1,EV_B4_C3,3.0,75.0,,
1,EV_B4_C3,2.0,75.0,,
1,EV_B4_C3,1.0,75.0,,
1,EV_B4_C3,0.0,75.0,,
3,,,,,
3,,,,,
3,,,,,
3,,,,,
3,,,,,
3,,,,,
3,,,,,
3,,,,,
3,,,,,
3,,,,,
3,,,,,
2,EV_B4_C3,,,0.0,24.070502482042517
1,EV_B4_C3,10.0,75.0,,
1,EV_B4_C3,9.0,75.0,,
1,EV_B4_C3,8.0,75.0,,
1,EV_B4_C3,7.0,75.0,,
1,EV_B4_C3,6.0,75.0,,
1,EV_B4_C3,5.0,75.0,,
1,EV_B4_C3,4.0,75.0,,
1,EV_B4_C3,3.0,75.0,,
1,EV_B4_C3,2.0,75.0,,
1,EV_B4_C3,1.0,75.0,,
1,EV_B4_C3,0.0,75.0,,
3,,,,,
3,,,,,
3,,,,,
3,,,,,
3,,,,,
3,,,,,
3,,,,,
3,,,,,
3,,,,,
3,,,,,
3,,,,,
3,,,,,
2,EV_B4_C3,,,0.0,21.617721357419438
1,EV_B4_C3,10.0,75.0,,
1,EV_B4_C3,9.0,75.0,,
1,EV_B4_C3,8.0,75.0,,
1,EV_B4_C3,7.0,75.0,,
1,EV_B4_C3,6.0,75.0,,
1,EV_B4_C3,5.0,75.0,,
1,EV_B4_C3,4.0,75.0,,
1,EV_B4_C3,3.0,75.0,,
1,EV_B4_C3,2.0,75.0,,
1,EV_B4_C3,1.0,75.0,,
1,EV_B4_C3,0.0,75.0,,
3,,,,,
3,,,,,
3,,,,,
3,,,,,
3,,,,,
3,,,,,
3,,,,,
3,,,,,
3,,,,,
3,,,,,
3,,,,,
2,EV_B4_C3,,,0.0,31.0711375779851
1,EV_B4_C3,12.0,75.0,,
1,EV_B4_C3,11.0,75.0,,
1,EV_B4_C3,10.0,75.0,,
1,EV_B4_C3,9.0,75.0,,
1,EV_B4_C3,8.0,75.0,,
1,EV_B4_C3,7.0,75.0,,
1,EV_B4_C3,6.0,75.0,,
1,EV_B4_C3,5.0,75.0,,
1,EV_B4_C3,4.0,75.0,,
1,EV_B4_C3,3.0,75.0,,
1,EV_B4_C3,2.0,75.0,,
1,EV_B4_C3,1.0,75.0,,
1,EV_B4_C3,0.0,75.0,,
3,,,,,
3,,,,,
3,,,,,
3,,,,,
3,,,,,
3,,,,,
3,,,,,
3,,,,,
3,,,,,
3,,,,,
3,,,,,
2,EV_B4_C3,,,0.0,31.770868181262674
1,EV_B4_C3,10.0,75.0,,
1,EV_B4_C3,9.0,75.0,,
1,EV_B4_C3,8.0,75.0,,
1,EV_B4_C3,7.0,75.0,,
1,EV_B4_C3,6.0,75.0,,
1,EV_B4_C3,5.0,75.0,,
1,EV_B4_C3,4.0,75.0,,
1,EV_B4_C3,3.0,75.0,,
1,EV_B4_C3,2.0,75.0,,
1,EV_B4_C3,1.0,75.0,,
1,EV_B4_C3,0.0,75.0,,
3,,,,,
3,,,,,
3,,,,,
3,,,,,
3,,,,,
3,,,,,
3,,,,,
3,,,,,
3,,,,,
3,,,,,
3,,,,,
3,,,,,
3,,,,,
2,EV_B4_C3,,,0.0,22.522751972514527
1,EV_B4_C3,10.0,75.0,,
1,EV_B4_C3,9.0,75.0,,
1,EV_B4_C3,8.0,75.0,,
1,EV_B4_C3,7.0,75.0,,
1,EV_B4_C3,6.0,75.0,,
1,EV_B4_C3,5.0,75.0,,
1,EV_B4_C3,4.0,75.0,,
1,EV_B4_C3,3.0,75.0,,
1,EV_B4_C3,2.0,75.0,,
1,EV_B4_C3,1.0,75.0,,
1,EV_B4_C3,0.0,75.0,,
3,,,,,
3,,,,,
3,,,,,
3,,,,,
3,,,,,
3,,,,,
3,,,,,
3,,,,,
3,,,,,
3,,,,,
3,,,,,
3,,,,,
2,EV_B4_C3,,,0.0,37.234425442845605
1,EV_B4_C3,9.0,75.0,,
1,EV_B4_C3,8.0,75.0,,
1,EV_B4_C3,7.0,75.0,,
1,EV_B4_C3,6.0,75.0,,
1,EV_B4_C3,5.0,75.0,,
1,EV_B4_C3,4.0,75.0,,
1,EV_B4_C3,3.0,75.0,,
1,EV_B4_C3,2.0,75.0,,
1,EV_B4_C3,1.0,75.0,,
1,EV_B4_C3,0.0,75.0,,
3,,,,,
3,,,,,
3,,,,,
3,,,,,
3,,,,,
3,,,,,
3,,,,,
3,,,,,
3,,,,,
3,,,,,
3,,,,,
3,,,,,
3,,,,,
3,,,,,
3,,,,,
3,,,,,
3,,,,,
3,,,,,
3,,,,,
3,,,,,
3,,,,,
3,,,,,
3,,,,,
3,,,,,
3,,,,,
3,,,,,
3,,,,,
3,,,,,
3,,,,,
3,,,,,
3,,,,,
3,,,,,
3,,,,,
3,,,,,
3,,,,,
3,,,,,
3,,,,,
2,EV_B4_C3,,,0.0,33.774445659430405
1,EV_B4_C3,9.0,75.0,,
1,EV_B4_C3,8.0,75.0,,
1,EV_B4_C3,7.0,75.0,,
1,EV_B4_C3,6.0,75.0,,
1,EV_B4_C3,5.0,75.0,,
1,EV_B4_C3,4.0,75.0,,
1,EV_B4_C3,3.0,75.0,,
1,EV_B4_C3,2.0,75.0,,
1,EV_B4_C3,1.0,75.0,,
1,EV_B4_C3,0.0,75.0,,
3,,,,,
3,,,,,
3,,,,,
3,,,,,
3,,,,,
3,,,,,
3,,,,,
3,,,,,
3,,,,,
3,,,,,
3,,,,,
3,,,,,
3,,,,,
2,EV_B4_C3,,,0.0,26.126128796313587
1,EV_B4_C3,9.0,75.0,,
1,EV_B4_C3,8.0,75.0,,
1,EV_B4_C3,7.0,75.0,,
1,EV_B4_C3,6.0,75.0,,
1,EV_B4_C3,5.0,75.0,,
1,EV_B4_C3,4.0,75.0,,
1,EV_B4_C3,3.0,75.0,,
1,EV_B4_C3,2.0,75.0,,
1,EV_B4_C3,1.0,75.0,,
1,EV_B4_C3,0.0,75.0,,
3,,,,,
3,,,,,
3,,,,,
3,,,,,
3,,,,,
3,,,,,
3,,,,,
3,,,,,
3,,,,,
3,,,,,
3,,,,,
3,,,,,
3,,,,,
2,EV_B4_C3,,,0.0,35.45308808848622
1,EV_B4_C3,10.0,75.0,,
1,EV_B4_C3,9.0,75.0,,
1,EV_B4_C3,8.0,75.0,,
1,EV_B4_C3,7.0,75.0,,
1,EV_B4_C3,6.0,75.0,,
1,EV_B4_C3,5.0,75.0,,
1,EV_B4_C3,4.0,75.0,,
1,EV_B4_C3,3.0,75.0,,
1,EV_B4_C3,2.0,75.0,,
1,EV_B4_C3,1.0,75.0,,
1,EV_B4_C3,0.0,75.0,,
3,,,,,
3,,,,,
3,,,,,
3,,,,,
3,,,,,
3,,,,,
3,,,,,
3,,,,,
3,,,,,
3,,,,,
3,,,,,
2,EV_B4_C3,,,0.0,34.49683839776513
1,EV_B4_C3,12.0,75.0,,
1,EV_B4_C3,11.0,75.0,,
1,EV_B4_C3,10.0,75.0,,
1,EV_B4_C3,9.0,75.0,,
1,EV_B4_C3,8.0,75.0,,
1,EV_B4_C3,7.0,75.0,,
1,EV_B4_C3,6.0,75.0,,
1,EV_B4_C3,5.0,75.0,,
1,EV_B4_C3,4.0,75.0,,
1,EV_B4_C3,3.0,75.0,,
1,EV_B4_C3,2.0,75.0,,
1,EV_B4_C3,1.0,75.0,,
1,EV_B4_C3,0.0,75.0,,
3,,,,,
3,,,,,
3,,,,,
3,,,,,
3,,,,,
3,,,,,
3,,,,,
3,,,,,
3,,,,,
3,,,,,
3,,,,,
3,,,,,
2,EV_B4_C3,,,0.0,34.940207360511145
1,EV_B4_C3,9.0,75.0,,
1,EV_B4_C3,8.0,75.0,,
1,EV_B4_C3,7.0,75.0,,
1,EV_B4_C3,6.0,75.0,,
1,EV_B4_C3,5.0,75.0,,
1,EV_B4_C3,4.0,75.0,,
1,EV_B4_C3,3.0,75.0,,
1,EV_B4_C3,2.0,75.0,,
1,EV_B4_C3,1.0,75.0,,
1,EV_B4_C3,0.0,75.0,,
3,,,,,
3,,,,,
3,,,,,
3,,,,,
3,,,,,
3,,,,,
3,,,,,
3,,,,,
3,,,,,
3,,,,,
3,,,,,
3,,,,,
3,,,,,
2,EV_B4_C3,,,0.0,24.121806213896352
1,EV_B4_C3,9.0,75.0,,
1,EV_B4_C3,8.0,75.0,,
1,EV_B4_C3,7.0,75.0,,
1,EV_B4_C3,6.0,75.0,,
1,EV_B4_C3,5.0,75.0,,
1,EV_B4_C3,4.0,75.0,,
1,EV_B4_C3,3.0,75.0,,
1,EV_B4_C3,2.0,75.0,,
1,EV_B4_C3,1.0,75.0,,
1,EV_B4_C3,0.0,75.0,,
3,,,,,
3,,,,,
3,,,,,
3,,,,,
3,,,,,
3,,,,,
3,,,,,
3,,,,,
3,,,,,
3,,,,,
2,EV_B4_C3,,,0.0,23.28282399114453
1,EV_B4_C3,12.0,75.0,,
1,EV_B4_C3,11.0,75.0,,
1,EV_B4_C3,10.0,75.0,,
1,EV_B4_C3,9.0,75.0,,
1,EV_B4_C3,8.0,75.0,,
1,EV_B4_C3,7.0,75.0,,
1,EV_B4_C3,6.0,75.0,,
1,EV_B4_C3,5.0,75.0,,
1,EV_B4_C3,4.0,75.0,,
1,EV_B4_C3,3.0,75.0,,
1,EV_B4_C3,2.0,75.0,,
1,EV_B4_C3,1.0,75.0,,
1,EV_B4_C3,0.0,75.0,,
3,,,,,
3,,,,,
3,,,,,
3,,,,,
3,,,,,
3,,,,,
3,,,,,
3,,,,,
3,,,,,
3,,,,,
3,,,,,
3,,,,,
2,EV_B4_C3,,,0.0,36.37621780723549
1,EV_B4_C3,9.0,75.0,,
1,EV_B4_C3,8.0,75.0,,
1,EV_B4_C3,7.0,75.0,,
1,EV_B4_C3,6.0,75.0,,
1,EV_B4_C3,5.0,75.0,,
1,EV_B4_C3,4.0,75.0,,
1,EV_B4_C3,3.0,75.0,,
1,EV_B4_C3,2.0,75.0,,
1,EV_B4_C3,1.0,75.0,,
1,EV_B4_C3,0.0,75.0,,
3,,,,,
3,,,,,
3,,,,,
3,,,,,
3,,,,,
3,,,,,
3,,,,,
3,,,,,
3,,,,,
3,,,,,
3,,,,,
3,,,,,
3,,,,,
2,EV_B4_C3,,,0.0,38.609430886710975
1,EV_B4_C3,10.0,75.0,,
1,EV_B4_C3,9.0,75.0,,
1,EV_B4_C3,8.0,75.0,,
1,EV_B4_C3,7.0,75.0,,
1,EV_B4_C3,6.0,75.0,,
1,EV_B4_C3,5.0,75.0,,
1,EV_B4_C3,4.0,75.0,,
1,EV_B4_C3,3.0,75.0,,
1,EV_B4_C3,2.0,75.0,,
1,EV_B4_C3,1.0,75.0,,
1,EV_B4_C3,0.0,75.0,,
3,,,,,
3,,,,,
3,,,,,
3,,,,,
3,,,,,
3,,,,,
3,,,,,
3,,,,,
3,,,,,
3,,,,,
2,EV_B4_C3,,,0.0,28.874402575961543
1,EV_B4_C3,11.0,75.0,,
1,EV_B4_C3,10.0,75.0,,
1,EV_B4_C3,9.0,75.0,,
1,EV_B4_C3,8.0,75.0,,
1,EV_B4_C3,7.0,75.0,,
1,EV_B4_C3,6.0,75.0,,
1,EV_B4_C3,5.0,75.0,,
1,EV_B4_C3,4.0,75.0,,
1,EV_B4_C3,3.0,75.0,,
1,EV_B4_C3,2.0,75.0,,
1,EV_B4_C3,1.0,75.0,,
1,EV_B4_C3,0.0,75.0,,
3,,,,,
3,,,,,
3,,,,,
3,,,,,
3,,,,,
3,,,,,
3,,,,,
3,,,,,
3,,,,,
3,,,,,
3,,,,,
3,,,,,
3,,,,,
2,EV_B4_C3,,,0.0,22.124726788904812
1,EV_B4_C3,10.0,75.0,,
1,EV_B4_C3,9.0,75.0,,
1,EV_B4_C3,8.0,75.0,,
1,EV_B4_C3,7.0,75.0,,
1,EV_B4_C3,6.0,75.0,,
1,EV_B4_C3,5.0,75.0,,
1,EV_B4_C3,4.0,75.0,,
1,EV_B4_C3,3.0,75.0,,
1,EV_B4_C3,2.0,75.0,,
1,EV_B4_C3,1.0,75.0,,
1,EV_B4_C3,0.0,75.0,,
3,,,,,
3,,,,,
3,,,,,
3,,,,,
3,,,,,
3,,,,,
3,,,,,
3,,,,,
3,,,,,
3,,,,,
3,,,,,
3,,,,,
2,EV_B4_C3,,,0.0,26.765651982561817
1,EV_B4_C3,9.0,75.0,,
1,EV_B4_C3,8.0,75.0,,
1,EV_B4_C3,7.0,75.0,,
1,EV_B4_C3,6.0,75.0,,
1,EV_B4_C3,5.0,75.0,,
1,EV_B4_C3,4.0,75.0,,
1,EV_B4_C3,3.0,75.0,,
1,EV_B4_C3,2.0,75.0,,
1,EV_B4_C3,1.0,75.0,,
1,EV_B4_C3,0.0,75.0,,
3,,,,,
3,,,,,
3,,,,,
3,,,,,
3,,,,,
3,,,,,
3,,,,,
3,,,,,
3,,,,,
3,,,,,
3,,,,,
3,,,,,
3,,,,,
3,,,,,
3,,,,,
3,,,,,
3,,,,,
3,,,,,
3,,,,,
3,,,,,
3,,,,,
3,,,,,
3,,,,,
3,,,,,
3,,,,,
3,,,,,
3,,,,,
3,,,,,
3,,,,,
3,,,,,
3,,,,,
3,,,,,
3,,,,,
3,,,,,
3,,,,,
3,,,,,
2,EV_B4_C3,,,0.0,26.072498011251145
1,EV_B4_C3,11.0,75.0,,
1,EV_B4_C3,10.0,75.0,,
1,EV_B4_C3,9.0,75.0,,
1,EV_B4_C3,8.0,75.0,,
1,EV_B4_C3,7.0,75.0,,
1,EV_B4_C3,6.0,75.0,,
1,EV_B4_C3,5.0,75.0,,
1,EV_B4_C3,4.0,75.0,,
1,EV_B4_C3,3.0,75.0,,
1,EV_B4_C3,2.0,75.0,,
1,EV_B4_C3,1.0,75.0,,
1,EV_B4_C3,0.0,75.0,,
3,,,,,
3,,,,,
3,,,,,
3,,,,,
3,,,,,
3,,,,,
3,,,,,
3,,,,,
3,,,,,
3,,,,,
3,,,,,
3,,,,,
2,EV_B4_C3,,,0.0,27.88523567568627
1,EV_B4_C3,10.0,75.0,,
1,EV_B4_C3,9.0,75.0,,
1,EV_B4_C3,8.0,75.0,,
1,EV_B4_C3,7.0,75.0,,
1,EV_B4_C3,6.0,75.0,,
1,EV_B4_C3,5.0,75.0,,
1,EV_B4_C3,4.0,75.0,,
1,EV_B4_C3,3.0,75.0,,
1,EV_B4_C3,2.0,75.0,,
1,EV_B4_C3,1.0,75.0,,
1,EV_B4_C3,0.0,75.0,,
3,,,,,
3,,,,,
3,,,,,
3,,,,,
3,,,,,
3,,,,,
3,,,,,
3,,,,,
3,,,,,
3,,,,,
3,,,,,
2,EV_B4_C3,,,0.0,23.050522766277414
1,EV_B4_C3,11.0,75.0,,
1,EV_B4_C3,10.0,75.0,,
1,EV_B4_C3,9.0,75.0,,
1,EV_B4_C3,8.0,75.0,,
1,EV_B4_C3,7.0,75.0,,
1,EV_B4_C3,6.0,75.0,,
1,EV_B4_C3,5.0,75.0,,
1,EV_B4_C3,4.0,75.0,,
1,EV_B4_C3,3.0,75.0,,
1,EV_B4_C3,2.0,75.0,,
1,EV_B4_C3,1.0,75.0,,
1,EV_B4_C3,0.0,75.0,,
3,,,,,
3,,,,,
3,,,,,
3,,,,,
3,,,,,
3,,,,,
3,,,,,
3,,,,,
3,,,,,
3,,,,,
3,,,,,
2,EV_B4_C3,,,0.0,32.73346987255156
1,EV_B4_C3,10.0,75.0,,
1,EV_B4_C3,9.0,75.0,,
1,EV_B4_C3,8.0,75.0,,
1,EV_B4_C3,7.0,75.0,,
1,EV_B4_C3,6.0,75.0,,
1,EV_B4_C3,5.0,75.0,,
1,EV_B4_C3,4.0,75.0,,
1,EV_B4_C3,3.0,75.0,,
1,EV_B4_C3,2.0,75.0,,
1,EV_B4_C3,1.0,75.0,,
1,EV_B4_C3,0.0,75.0,,
3,,,,,
3,,,,,
3,,,,,
3,,,,,
3,,,,,
3,,,,,
3,,,,,
3,,,,,
3,,,,,
3,,,,,
3,,,,,
3,,,,,
2,EV_B4_C3,,,0.0,31.98555663901518
1,EV_B4_C3,10.0,75.0,,
1,EV_B4_C3,9.0,75.0,,
1,EV_B4_C3,8.0,75.0,,
1,EV_B4_C3,7.0,75.0,,
1,EV_B4_C3,6.0,75.0,,
1,EV_B4_C3,5.0,75.0,,
1,EV_B4_C3,4.0,75.0,,
1,EV_B4_C3,3.0,75.0,,
1,EV_B4_C3,2.0,75.0,,
1,EV_B4_C3,1.0,75.0,,
1,EV_B4_C3,0.0,75.0,,
3,,,,,
3,,,,,
3,,,,,
3,,,,,
3,,,,,
3,,,,,
3,,,,,
3,,,,,
3,,,,,
3,,,,,
3,,,,,
3,,,,,
2,EV_B4_C3,,,0.0,29.723005916590328
1,EV_B4_C3,10.0,75.0,,
1,EV_B4_C3,9.0,75.0,,
1,EV_B4_C3,8.0,75.0,,
1,EV_B4_C3,7.0,75.0,,
1,EV_B4_C3,6.0,75.0,,
1,EV_B4_C3,5.0,75.0,,
1,EV_B4_C3,4.0,75.0,,
1,EV_B4_C3,3.0,75.0,,
1,EV_B4_C3,2.0,75.0,,
1,EV_B4_C3,1.0,75.0,,
1,EV_B4_C3,0.0,75.0,,
3,,,,,
3,,,,,
3,,,,,
3,,,,,
3,,,,,
3,,,,,
3,,,,,
3,,,,,
3,,,,,
3,,,,,
3,,,,,
3,,,,,
3,,,,,
3,,,,,
2,EV_B4_C3,,,0.0,23.28250834314949
1,EV_B4_C3,8.0,75.0,,
1,EV_B4_C3,7.0,75.0,,
1,EV_B4_C3,6.0,75.0,,
1,EV_B4_C3,5.0,75.0,,
1,EV_B4_C3,4.0,75.0,,
1,EV_B4_C3,3.0,75.0,,
1,EV_B4_C3,2.0,75.0,,
1,EV_B4_C3,1.0,75.0,,
1,EV_B4_C3,0.0,75.0,,
3,,,,,
3,,,,,
3,,,,,
3,,,,,
3,,,,,
3,,,,,
3,,,,,
3,,,,,
3,,,,,
3,,,,,
3,,,,,
3,,,,,
2,EV_B4_C3,,,0.0,24.297560213298162
1,EV_B4_C3,11.0,75.0,,
1,EV_B4_C3,10.0,75.0,,
1,EV_B4_C3,9.0,75.0,,
1,EV_B4_C3,8.0,75.0,,
1,EV_B4_C3,7.0,75.0,,
1,EV_B4_C3,6.0,75.0,,
1,EV_B4_C3,5.0,75.0,,
1,EV_B4_C3,4.0,75.0,,
1,EV_B4_C3,3.0,75.0,,
1,EV_B4_C3,2.0,75.0,,
1,EV_B4_C3,1.0,75.0,,
1,EV_B4_C3,0.0,75.0,,
3,,,,,
3,,,,,
3,,,,,
3,,,,,
3,,,,,
3,,,,,
3,,,,,
3,,,,,
3,,,,,
3,,,,,
3,,,,,
3,,,,,
3,,,,,
2,EV_B4_C3,,,0.0,23.009133984037145
1,EV_B4_C3,9.0,75.0,,
1,EV_B4_C3,8.0,75.0,,
1,EV_B4_C3,7.0,75.0,,
1,EV_B4_C3,6.0,75.0,,
1,EV_B4_C3,5.0,75.0,,
1,EV_B4_C3,4.0,75.0,,
1,EV_B4_C3,3.0,75.0,,
1,EV_B4_C3,2.0,75.0,,
1,EV_B4_C3,1.0,75.0,,
1,EV_B4_C3,0.0,75.0,,
3,,,,,
3,,,,,
3,,,,,
3,,,,,
3,,,,,
3,,,,,
3,,,,,
3,,,,,
3,,,,,
3,,,,,
2,EV_B4_C3,,,0.0,39.243205679520585
1,EV_B4_C3,11.0,75.0,,
1,EV_B4_C3,10.0,75.0,,
1,EV_B4_C3,9.0,75.0,,
1,EV_B4_C3,8.0,75.0,,
1,EV_B4_C3,7.0,75.0,,
1,EV_B4_C3,6.0,75.0,,
1,EV_B4_C3,5.0,75.0,,
1,EV_B4_C3,4.0,75.0,,
1,EV_B4_C3,3.0,75.0,,
1,EV_B4_C3,2.0,75.0,,
1,EV_B4_C3,1.0,75.0,,
1,EV_B4_C3,0.0,75.0,,
3,,,,,
3,,,,,
3,,,,,
3,,,,,
3,,,,,
3,,,,,
3,,,,,
3,,,,,
3,,,,,
3,,,,,
3,,,,,
3,,,,,
3,,,,,
2,EV_B4_C3,,,0.0,35.54948044715738
1,EV_B4_C3,9.0,75.0,,
1,EV_B4_C3,8.0,75.0,,
1,EV_B4_C3,7.0,75.0,,
1,EV_B4_C3,6.0,75.0,,
1,EV_B4_C3,5.0,75.0,,
1,EV_B4_C3,4.0,75.0,,
1,EV_B4_C3,3.0,75.0,,
1,EV_B4_C3,2.0,75.0,,
1,EV_B4_C3,1.0,75.0,,
1,EV_B4_C3,0.0,75.0,,
3,,,,,
3,,,,,
3,,,,,
3,,,,,
3,,,,,
3,,,,,
3,,,,,
3,,,,,
3,,,,,
3,,,,,
3,,,,,
3,,,,,
2,EV_B4_C3,,,0.0,21.02328973129032
1,EV_B4_C3,11.0,75.0,,
1,EV_B4_C3,10.0,75.0,,
1,EV_B4_C3,9.0,75.0,,
1,EV_B4_C3,8.0,75.0,,
1,EV_B4_C3,7.0,75.0,,
1,EV_B4_C3,6.0,75.0,,
1,EV_B4_C3,5.0,75.0,,
1,EV_B4_C3,4.0,75.0,,
1,EV_B4_C3,3.0,75.0,,
1,EV_B4_C3,2.0,75.0,,
1,EV_B4_C3,1.0,75.0,,
1,EV_B4_C3,0.0,75.0,,
3,,,,,
3,,,,,
3,,,,,
3,,,,,
3,,,,,
3,,,,,
3,,,,,
3,,,,,
3,,,,,
3,,,,,
3,,,,,
3,,,,,
3,,,,,
3,,,,,
2,EV_B4_C3,,,0.0,22.872701969334543
1,EV_B4_C3,8.0,75.0,,
1,EV_B4_C3,7.0,75.0,,
1,EV_B4_C3,6.0,75.0,,
1,EV_B4_C3,5.0,75.0,,
1,EV_B4_C3,4.0,75.0,,
1,EV_B4_C3,3.0,75.0,,
1,EV_B4_C3,2.0,75.0,,
1,EV_B4_C3,1.0,75.0,,
1,EV_B4_C3,0.0,75.0,,
3,,,,,
3,,,,,
3,,,,,
3,,,,,
3,,,,,
3,,,,,
3,,,,,
3,,,,,
3,,,,,
3,,,,,
3,,,,,
3,,,,,
2,EV_B4_C3,,,0.0,24.42377852274834
1,EV_B4_C3,9.0,75.0,,
1,EV_B4_C3,8.0,75.0,,
1,EV_B4_C3,7.0,75.0,,
1,EV_B4_C3,6.0,75.0,,
1,EV_B4_C3,5.0,75.0,,
1,EV_B4_C3,4.0,75.0,,
1,EV_B4_C3,3.0,75.0,,
1,EV_B4_C3,2.0,75.0,,
1,EV_B4_C3,1.0,75.0,,
1,EV_B4_C3,0.0,75.0,,
3,,,,,
3,,,,,
3,,,,,
3,,,,,
3,,,,,
3,,,,,
3,,,,,
3,,,,,
3,,,,,
3,,,,,
3,,,,,
3,,,,,
2,EV_B4_C3,,,0.0,34.33545077058415
1,EV_B4_C3,11.0,75.0,,
1,EV_B4_C3,10.0,75.0,,
1,EV_B4_C3,9.0,75.0,,
1,EV_B4_C3,8.0,75.0,,
1,EV_B4_C3,7.0,75.0,,
1,EV_B4_C3,6.0,75.0,,
1,EV_B4_C3,5.0,75.0,,
1,EV_B4_C3,4.0,75.0,,
1,EV_B4_C3,3.0,75.0,,
1,EV_B4_C3,2.0,75.0,,
1,EV_B4_C3,1.0,75.0,,
1,EV_B4_C3,0.0,75.0,,
3,,,,,
3,,,,,
3,,,,,
3,,,,,
3,,,,,
3,,,,,
3,,,,,
3,,,,,
3,,,,,
3,,,,,
3,,,,,
2,EV_B4_C3,,,0.0,24.219794013024874
1,EV_B4_C3,10.0,75.0,,
1,EV_B4_C3,9.0,75.0,,
1,EV_B4_C3,8.0,75.0,,
1,EV_B4_C3,7.0,75.0,,
1,EV_B4_C3,6.0,75.0,,
1,EV_B4_C3,5.0,75.0,,
1,EV_B4_C3,4.0,75.0,,
1,EV_B4_C3,3.0,75.0,,
1,EV_B4_C3,2.0,75.0,,
1,EV_B4_C3,1.0,75.0,,
1,EV_B4_C3,0.0,75.0,,
3,,,,,
3,,,,,
3,,,,,
3,,,,,
3,,,,,
3,,,,,
3,,,,,
3,,,,,
3,,,,,
3,,,,,
3,,,,,
3,,,,,
2,EV_B4_C3,,,0.0,24.472800485547825
1,EV_B4_C3,10.0,75.0,,
1,EV_B4_C3,9.0,75.0,,
1,EV_B4_C3,8.0,75.0,,
1,EV_B4_C3,7.0,75.0,,
1,EV_B4_C3,6.0,75.0,,
1,EV_B4_C3,5.0,75.0,,
1,EV_B4_C3,4.0,75.0,,
1,EV_B4_C3,3.0,75.0,,
1,EV_B4_C3,2.0,75.0,,
1,EV_B4_C3,1.0,75.0,,
1,EV_B4_C3,0.0,75.0,,
3,,,,,
3,,,,,
3,,,,,
3,,,,,
3,,,,,
3,,,,,
3,,,,,
3,,,,,
3,,,,,
3,,,,,
3,,,,,
3,,,,,
3,,,,,
2,EV_B4_C3,,,0.0,32.13117562225746
1,EV_B4_C3,10.0,75.0,,
1,EV_B4_C3,9.0,75.0,,
1,EV_B4_C3,8.0,75.0,,
1,EV_B4_C3,7.0,75.0,,
1,EV_B4_C3,6.0,75.0,,
1,EV_B4_C3,5.0,75.0,,
1,EV_B4_C3,4.0,75.0,,
1,EV_B4_C3,3.0,75.0,,
1,EV_B4_C3,2.0,75.0,,
1,EV_B4_C3,1.0,75.0,,
1,EV_B4_C3,0.0,75.0,,
3,,,,,
3,,,,,
3,,,,,
3,,,,,
3,,,,,
3,,,,,
3,,,,,
3,,,,,
3,,,,,
3,,,,,
3,,,,,
3,,,,,
3,,,,,
2,EV_B4_C3,,,0.0,36.59468166939279
1,EV_B4_C3,8.0,75.0,,
1,EV_B4_C3,7.0,75.0,,
1,EV_B4_C3,6.0,75.0,,
1,EV_B4_C3,5.0,75.0,,
1,EV_B4_C3,4.0,75.0,,
1,EV_B4_C3,3.0,75.0,,
1,EV_B4_C3,2.0,75.0,,
1,EV_B4_C3,1.0,75.0,,
1,EV_B4_C3,0.0,75.0,,
3,,,,,
3,,,,,
3,,,,,
3,,,,,
3,,,,,
3,,,,,
3,,,,,
3,,,,,
3,,,,,
3,,,,,
3,,,,,
3,,,,,
3,,,,,
2,EV_B4_C3,,,0.0,35.37393891055737
1,EV_B4_C3,10.0,75.0,,
1,EV_B4_C3,9.0,75.0,,
1,EV_B4_C3,8.0,75.0,,
1,EV_B4_C3,7.0,75.0,,
1,EV_B4_C3,6.0,75.0,,
1,EV_B4_C3,5.0,75.0,,
1,EV_B4_C3,4.0,75.0,,
1,EV_B4_C3,3.0,75.0,,
1,EV_B4_C3,2.0,75.0,,
1,EV_B4_C3,1.0,75.0,,
1,EV_B4_C3,0.0,75.0,,
3,,,,,
3,,,,,
3,,,,,
3,,,,,
3,,,,,
3,,,,,
3,,,,,
3,,,,,
3,,,,,
3,,,,,
3,,,,,
2,EV_B4_C3,,,0.0,36.71158298636331
1,EV_B4_C3,10.0,75.0,,
1,EV_B4_C3,9.0,75.0,,
1,EV_B4_C3,8.0,75.0,,
1,EV_B4_C3,7.0,75.0,,
1,EV_B4_C3,6.0,75.0,,
1,EV_B4_C3,5.0,75.0,,
1,EV_B4_C3,4.0,75.0,,
1,EV_B4_C3,3.0,75.0,,
1,EV_B4_C3,2.0,75.0,,
1,EV_B4_C3,1.0,75.0,,
1,EV_B4_C3,0.0,75.0,,
3,,,,,
3,,,,,
3,,,,,
3,,,,,
3,,,,,
3,,,,,
3,,,,,
3,,,,,
3,,,,,
3,,,,,
3,,,,,
3,,,,,
3,,,,,
2,EV_B4_C3,,,0.0,20.053315948121238
1,EV_B4_C3,10.0,75.0,,
1,EV_B4_C3,9.0,75.0,,
1,EV_B4_C3,8.0,75.0,,
1,EV_B4_C3,7.0,75.0,,
1,EV_B4_C3,6.0,75.0,,
1,EV_B4_C3,5.0,75.0,,
1,EV_B4_C3,4.0,75.0,,
1,EV_B4_C3,3.0,75.0,,
1,EV_B4_C3,2.0,75.0,,
1,EV_B4_C3,1.0,75.0,,
1,EV_B4_C3,0.0,75.0,,
3,,,,,
3,,,,,
3,,,,,
3,,,,,
3,,,,,
3,,,,,
3,,,,,
3,,,,,
3,,,,,
3,,,,,
3,,,,,
3,,,,,
2,EV_B4_C3,,,0.0,39.47586682644207
1,EV_B4_C3,10.0,75.0,,
1,EV_B4_C3,9.0,75.0,,
1,EV_B4_C3,8.0,75.0,,
1,EV_B4_C3,7.0,75.0,,
1,EV_B4_C3,6.0,75.0,,
1,EV_B4_C3,5.0,75.0,,
1,EV_B4_C3,4.0,75.0,,
1,EV_B4_C3,3.0,75.0,,
1,EV_B4_C3,2.0,75.0,,
1,EV_B4_C3,1.0,75.0,,
1,EV_B4_C3,0.0,75.0,,
3,,,,,
3,,,,,
3,,,,,
3,,,,,
3,,,,,
3,,,,,
3,,,,,
3,,,,,
3,,,,,
3,,,,,
3,,,,,
3,,,,,
3,,,,,
2,EV_B4_C3,,,0.0,25.770067039216134
1,EV_B4_C3,9.0,75.0,,
1,EV_B4_C3,8.0,75.0,,
1,EV_B4_C3,7.0,75.0,,
1,EV_B4_C3,6.0,75.0,,
1,EV_B4_C3,5.0,75.0,,
1,EV_B4_C3,4.0,75.0,,
1,EV_B4_C3,3.0,75.0,,
1,EV_B4_C3,2.0,75.0,,
1,EV_B4_C3,1.0,75.0,,
1,EV_B4_C3,0.0,75.0,,
3,,,,,
3,,,,,
3,,,,,
3,,,,,
3,,,,,
3,,,,,
3,,,,,
3,,,,,
3,,,,,
3,,,,,
3,,,,,
3,,,,,
3,,,,,
2,EV_B4_C3,,,0.0,31.736719319414437
1,EV_B4_C3,8.0,75.0,,
1,EV_B4_C3,7.0,75.0,,
1,EV_B4_C3,6.0,75.0,,
1,EV_B4_C3,5.0,75.0,,
1,EV_B4_C3,4.0,75.0,,
1,EV_B4_C3,3.0,75.0,,
1,EV_B4_C3,2.0,75.0,,
1,EV_B4_C3,1.0,75.0,,
1,EV_B4_C3,0.0,75.0,,
3,,,,,
3,,,,,
3,,,,,
3,,,,,
3,,,,,
3,,,,,
3,,,,,
3,,,,,
3,,,,,
3,,,,,
3,,,,,
3,,,,,
3,,,,,
3,,,,,
2,EV_B4_C3,,,0.0,31.973760546110725
1,EV_B4_C3,8.0,75.0,,
1,EV_B4_C3,7.0,75.0,,
1,EV_B4_C3,6.0,75.0,,
1,EV_B4_C3,5.0,75.0,,
1,EV_B4_C3,4.0,75.0,,
1,EV_B4_C3,3.0,75.0,,
1,EV_B4_C3,2.0,75.0,,
1,EV_B4_C3,1.0,75.0,,
1,EV_B4_C3,0.0,75.0,,
3,,,,,
3,,,,,
3,,,,,
3,,,,,
3,,,,,
3,,,,,
3,,,,,
3,,,,,
3,,,,,
3,,,,,
3,,,,,
3,,,,,
3,,,,,
2,EV_B4_C3,,,0.0,22.31678550505949
1,EV_B4_C3,10.0,75.0,,
1,EV_B4_C3,9.0,75.0,,
1,EV_B4_C3,8.0,75.0,,
1,EV_B4_C3,7.0,75.0,,
1,EV_B4_C3,6.0,75.0,,
1,EV_B4_C3,5.0,75.0,,
1,EV_B4_C3,4.0,75.0,,
1,EV_B4_C3,3.0,75.0,,
1,EV_B4_C3,2.0,75.0,,
1,EV_B4_C3,1.0,75.0,,
1,EV_B4_C3,0.0,75.0,,
3,,,,,
3,,,,,
3,,,,,
3,,,,,
3,,,,,
3,,,,,
3,,,,,
3,,,,,
3,,,,,
3,,,,,
3,,,,,
3,,,,,
2,EV_B4_C3,,,0.0,24.843126000698142
1,EV_B4_C3,10.0,75.0,,
1,EV_B4_C3,9.0,75.0,,
1,EV_B4_C3,8.0,75.0,,
1,EV_B4_C3,7.0,75.0,,
1,EV_B4_C3,6.0,75.0,,
1,EV_B4_C3,5.0,75.0,,
1,EV_B4_C3,4.0,75.0,,
1,EV_B4_C3,3.0,75.0,,
1,EV_B4_C3,2.0,75.0,,
1,EV_B4_C3,1.0,75.0,,
1,EV_B4_C3,0.0,75.0,,
3,,,,,
3,,,,,
3,,,,,
3,,,,,
3,,,,,
3,,,,,
3,,,,,
3,,,,,
3,,,,,
3,,,,,
3,,,,,
3,,,,,
3,,,,,
2,EV_B4_C3,,,0.0,21.79967964608461
1,EV_B4_C3,8.0,75.0,,
1,EV_B4_C3,7.0,75.0,,
1,EV_B4_C3,6.0,75.0,,
1,EV_B4_C3,5.0,75.0,,
1,EV_B4_C3,4.0,75.0,,
1,EV_B4_C3,3.0,75.0,,
1,EV_B4_C3,2.0,75.0,,
1,EV_B4_C3,1.0,75.0,,
1,EV_B4_C3,0.0,75.0,,
3,,,,,
3,,,,,
3,,,,,
3,,,,,
3,,,,,
3,,,,,
3,,,,,
3,,,,,
3,,,,,
3,,,,,
2,EV_B4_C3,,,0.0,39.11781436862968
1,EV_B4_C3,14.0,75.0,,
1,EV_B4_C3,13.0,75.0,,
1,EV_B4_C3,12.0,75.0,,
1,EV_B4_C3,11.0,75.0,,
1,EV_B4_C3,10.0,75.0,,
1,EV_B4_C3,9.0,75.0,,
1,EV_B4_C3,8.0,75.0,,
1,EV_B4_C3,7.0,75.0,,
1,EV_B4_C3,6.0,75.0,,
1,EV_B4_C3,5.0,75.0,,
1,EV_B4_C3,4.0,75.0,,
1,EV_B4_C3,3.0,75.0,,
1,EV_B4_C3,2.0,75.0,,
1,EV_B4_C3,1.0,75.0,,
1,EV_B4_C3,0.0,75.0,,
3,,,,,
3,,,,,
3,,,,,
3,,,,,
3,,,,,
3,,,,,
3,,,,,
3,,,,,
3,,,,,
3,,,,,
3,,,,,
3,,,,,
2,EV_B4_C3,,,0.0,27.806101351153135
1,EV_B4_C3,8.0,75.0,,
1,EV_B4_C3,7.0,75.0,,
1,EV_B4_C3,6.0,75.0,,
1,EV_B4_C3,5.0,75.0,,
1,EV_B4_C3,4.0,75.0,,
1,EV_B4_C3,3.0,75.0,,
1,EV_B4_C3,2.0,75.0,,
1,EV_B4_C3,1.0,75.0,,
1,EV_B4_C3,0.0,75.0,,
3,,,,,
3,,,,,
3,,,,,
3,,,,,
3,,,,,
3,,,,,
3,,,,,
3,,,,,
3,,,,,
3,,,,,
3,,,,,
3,,,,,
2,EV_B4_C3,,,0.0,25.437830828393427
1,EV_B4_C3,10.0,75.0,,
1,EV_B4_C3,9.0,75.0,,
1,EV_B4_C3,8.0,75.0,,
1,EV_B4_C3,7.0,75.0,,
1,EV_B4_C3,6.0,75.0,,
1,EV_B4_C3,5.0,75.0,,
1,EV_B4_C3,4.0,75.0,,
1,EV_B4_C3,3.0,75.0,,
1,EV_B4_C3,2.0,75.0,,
1,EV_B4_C3,1.0,75.0,,
1,EV_B4_C3,0.0,75.0,,
3,,,,,
3,,,,,
3,,,,,
3,,,,,
3,,,,,
3,,,,,
3,,,,,
3,,,,,
3,,,,,
3,,,,,
3,,,,,
3,,,,,
3,,,,,
3,,,,,
2,EV_B4_C3,,,0.0,35.62449070088547
1,EV_B4_C3,9.0,75.0,,
1,EV_B4_C3,8.0,75.0,,
1,EV_B4_C3,7.0,75.0,,
1,EV_B4_C3,6.0,75.0,,
1,EV_B4_C3,5.0,75.0,,
1,EV_B4_C3,4.0,75.0,,
1,EV_B4_C3,3.0,75.0,,
1,EV_B4_C3,2.0,75.0,,
1,EV_B4_C3,1.0,75.0,,
1,EV_B4_C3,0.0,75.0,,
3,,,,,
3,,,,,
3,,,,,
3,,,,,
3,,,,,
3,,,,,
3,,,,,
3,,,,,
3,,,,,
3,,,,,
3,,,,,
3,,,,,
2,EV_B4_C3,,,0.0,33.72931040209608
1,EV_B4_C3,10.0,75.0,,
1,EV_B4_C3,9.0,75.0,,
1,EV_B4_C3,8.0,75.0,,
1,EV_B4_C3,7.0,75.0,,
1,EV_B4_C3,6.0,75.0,,
1,EV_B4_C3,5.0,75.0,,
1,EV_B4_C3,4.0,75.0,,
1,EV_B4_C3,3.0,75.0,,
1,EV_B4_C3,2.0,75.0,,
1,EV_B4_C3,1.0,75.0,,
1,EV_B4_C3,0.0,75.0,,
3,,,,,
3,,,,,
3,,,,,
3,,,,,
3,,,,,
3,,,,,
3,,,,,
3,,,,,
3,,,,,
3,,,,,
2,EV_B4_C3,,,0.0,26.66308782085556
1,EV_B4_C3,12.0,75.0,,
1,EV_B4_C3,11.0,75.0,,
1,EV_B4_C3,10.0,75.0,,
1,EV_B4_C3,9.0,75.0,,
1,EV_B4_C3,8.0,75.0,,
1,EV_B4_C3,7.0,75.0,,
1,EV_B4_C3,6.0,75.0,,
1,EV_B4_C3,5.0,75.0,,
1,EV_B4_C3,4.0,75.0,,
1,EV_B4_C3,3.0,75.0,,
1,EV_B4_C3,2.0,75.0,,
1,EV_B4_C3,1.0,75.0,,
1,EV_B4_C3,0.0,75.0,,
3,,,,,
3,,,,,
3,,,,,
3,,,,,
3,,,,,
3,,,,,
3,,,,,
3,,,,,
3,,,,,
3,,,,,
3,,,,,
2,EV_B4_C3,,,0.0,30.56598218628809
1,EV_B4_C3,10.0,75.0,,
1,EV_B4_C3,9.0,75.0,,
1,EV_B4_C3,8.0,75.0,,
1,EV_B4_C3,7.0,75.0,,
1,EV_B4_C3,6.0,75.0,,
1,EV_B4_C3,5.0,75.0,,
1,EV_B4_C3,4.0,75.0,,
1,EV_B4_C3,3.0,75.0,,
1,EV_B4_C3,2.0,75.0,,
1,EV_B4_C3,1.0,75.0,,
1,EV_B4_C3,0.0,75.0,,
3,,,,,
3,,,,,
3,,,,,
3,,,,,
3,,,,,
3,,,,,
3,,,,,
3,,,,,
3,,,,,
3,,,,,
3,,,,,
3,,,,,
3,,,,,
3,,,,,
2,EV_B4_C3,,,0.0,36.32244211642598
1,EV_B4_C3,8.0,75.0,,
1,EV_B4_C3,7.0,75.0,,
1,EV_B4_C3,6.0,75.0,,
1,EV_B4_C3,5.0,75.0,,
1,EV_B4_C3,4.0,75.0,,
1,EV_B4_C3,3.0,75.0,,
1,EV_B4_C3,2.0,75.0,,
1,EV_B4_C3,1.0,75.0,,
1,EV_B4_C3,0.0,75.0,,
3,,,,,
3,,,,,
3,,,,,
3,,,,,
3,,,,,
3,,,,,
3,,,,,
3,,,,,
3,,,,,
3,,,,,
3,,,,,
3,,,,,
2,EV_B4_C3,,,0.0,30.914389663719515
1,EV_B4_C3,9.0,75.0,,
1,EV_B4_C3,8.0,75.0,,
1,EV_B4_C3,7.0,75.0,,
1,EV_B4_C3,6.0,75.0,,
1,EV_B4_C3,5.0,75.0,,
1,EV_B4_C3,4.0,75.0,,
1,EV_B4_C3,3.0,75.0,,
1,EV_B4_C3,2.0,75.0,,
1,EV_B4_C3,1.0,75.0,,
1,EV_B4_C3,0.0,75.0,,
3,,,,,
3,,,,,
3,,,,,
3,,,,,
3,,,,,
3,,,,,
3,,,,,
3,,,,,
3,,,,,
3,,,,,
3,,,,,
3,,,,,
3,,,,,
3,,,,,
3,,,,,
3,,,,,
3,,,,,
3,,,,,
3,,,,,
3,,,,,
3,,,,,
3,,,,,
3,,,,,
3,,,,,
3,,,,,
3,,,,,
3,,,,,
3,,,,,
3,,,,,
3,,,,,
3,,,,,
3,,,,,
3,,,,,
3,,,,,
3,,,,,
3,,,,,
3,,,,,
3,,,,,
2,EV_B4_C3,,,0.0,35.051490693349926
1,EV_B4_C3,10.0,75.0,,
1,EV_B4_C3,9.0,75.0,,
1,EV_B4_C3,8.0,75.0,,
1,EV_B4_C3,7.0,75.0,,
1,EV_B4_C3,6.0,75.0,,
1,EV_B4_C3,5.0,75.0,,
1,EV_B4_C3,4.0,75.0,,
1,EV_B4_C3,3.0,75.0,,
1,EV_B4_C3,2.0,75.0,,
1,EV_B4_C3,1.0,75.0,,
1,EV_B4_C3,0.0,75.0,,
3,,,,,
3,,,,,
3,,,,,
3,,,,,
3,,,,,
3,,,,,
3,,,,,
3,,,,,
3,,,,,
3,,,,,
2,EV_B4_C3,,,0.0,35.74511439347018
1,EV_B4_C3,12.0,75.0,,
1,EV_B4_C3,11.0,75.0,,
1,EV_B4_C3,10.0,75.0,,
1,EV_B4_C3,9.0,75.0,,
1,EV_B4_C3,8.0,75.0,,
1,EV_B4_C3,7.0,75.0,,
1,EV_B4_C3,6.0,75.0,,
1,EV_B4_C3,5.0,75.0,,
1,EV_B4_C3,4.0,75.0,,
1,EV_B4_C3,3.0,75.0,,
1,EV_B4_C3,2.0,75.0,,
1,EV_B4_C3,1.0,75.0,,
1,EV_B4_C3,0.0,75.0,,
3,,,,,
3,,,,,
3,,,,,
3,,,,,
3,,,,,
3,,,,,
3,,,,,
3,,,,,
3,,,,,
3,,,,,
3,,,,,
3,,,,,
2,EV_B4_C3,,,0.0,25.916861910036694
1,EV_B4_C3,9.0,75.0,,
1,EV_B4_C3,8.0,75.0,,
1,EV_B4_C3,7.0,75.0,,
1,EV_B4_C3,6.0,75.0,,
1,EV_B4_C3,5.0,75.0,,
1,EV_B4_C3,4.0,75.0,,
1,EV_B4_C3,3.0,75.0,,
1,EV_B4_C3,2.0,75.0,,
1,EV_B4_C3,1.0,75.0,,
1,EV_B4_C3,0.0,75.0,,
3,,,,,
3,,,,,
3,,,,,
3,,,,,
3,,,,,
3,,,,,
3,,,,,
3,,,,,
3,,,,,
3,,,,,
3,,,,,
3,,,,,
3,,,,,
2,EV_B4_C3,,,0.0,23.876085211857472
1,EV_B4_C3,10.0,75.0,,
1,EV_B4_C3,9.0,75.0,,
1,EV_B4_C3,8.0,75.0,,
1,EV_B4_C3,7.0,75.0,,
1,EV_B4_C3,6.0,75.0,,
1,EV_B4_C3,5.0,75.0,,
1,EV_B4_C3,4.0,75.0,,
1,EV_B4_C3,3.0,75.0,,
1,EV_B4_C3,2.0,75.0,,
1,EV_B4_C3,1.0,75.0,,
1,EV_B4_C3,0.0,75.0,,
3,,,,,
3,,,,,
3,,,,,
3,,,,,
3,,,,,
3,,,,,
3,,,,,
3,,,,,
3,,,,,
3,,,,,
3,,,,,
2,EV_B4_C3,,,0.0,20.879116222713982
1,EV_B4_C3,10.0,75.0,,
1,EV_B4_C3,9.0,75.0,,
1,EV_B4_C3,8.0,75.0,,
1,EV_B4_C3,7.0,75.0,,
1,EV_B4_C3,6.0,75.0,,
1,EV_B4_C3,5.0,75.0,,
1,EV_B4_C3,4.0,75.0,,
1,EV_B4_C3,3.0,75.0,,
1,EV_B4_C3,2.0,75.0,,
1,EV_B4_C3,1.0,75.0,,
1,EV_B4_C3,0.0,75.0,,
3,,,,,
3,,,,,
3,,,,,
3,,,,,
3,,,,,
3,,,,,
3,,,,,
3,,,,,
3,,,,,
3,,,,,
3,,,,,
3,,,,,
3,,,,,
3,,,,,
2,EV_B4_C3,,,0.0,24.654075547153106
1,EV_B4_C3,8.0,75.0,,
1,EV_B4_C3,7.0,75.0,,
1,EV_B4_C3,6.0,75.0,,
1,EV_B4_C3,5.0,75.0,,
1,EV_B4_C3,4.0,75.0,,
1,EV_B4_C3,3.0,75.0,,
1,EV_B4_C3,2.0,75.0,,
1,EV_B4_C3,1.0,75.0,,
1,EV_B4_C3,0.0,75.0,,
3,,,,,
3,,,,,
3,,,,,
3,,,,,
3,,,,,
3,,,,,
3,,,,,
3,,,,,
3,,,,,
3,,,,,
3,,,,,
3,,,,,
3,,,,,
3,,,,,
3,,,,,
3,,,,,
3,,,,,
3,,,,,
3,,,,,
3,,,,,
3,,,,,
3,,,,,
3,,,,,
3,,,,,
3,,,,,
3,,,,,
3,,,,,
3,,,,,
3,,,,,
3,,,,,
3,,,,,
3,,,,,
3,,,,,
3,,,,,
3,,,,,
2,EV_B4_C3,,,0.0,31.909447657292556
1,EV_B4_C3,12.0,75.0,,
1,EV_B4_C3,11.0,75.0,,
1,EV_B4_C3,10.0,75.0,,
1,EV_B4_C3,9.0,75.0,,
1,EV_B4_C3,8.0,75.0,,
1,EV_B4_C3,7.0,75.0,,
1,EV_B4_C3,6.0,75.0,,
1,EV_B4_C3,5.0,75.0,,
1,EV_B4_C3,4.0,75.0,,
1,EV_B4_C3,3.0,75.0,,
1,EV_B4_C3,2.0,75.0,,
1,EV_B4_C3,1.0,75.0,,
1,EV_B4_C3,0.0,75.0,,
3,,,,,
3,,,,,
3,,,,,
3,,,,,
3,,,,,
3,,,,,
3,,,,,
3,,,,,
3,,,,,
3,,,,,
3,,,,,
3,,,,,
3,,,,,
3,,,,,
3,,,,,
3,,,,,
3,,,,,
3,,,,,
3,,,,,
3,,,,,
3,,,,,
3,,,,,
3,,,,,
3,,,,,
3,,,,,
3,,,,,
3,,,,,
3,,,,,
3,,,,,
3,,,,,
3,,,,,
3,,,,,
3,,,,,
3,,,,,
3,,,,,
3,,,,,
2,EV_B4_C3,,,0.0,23.917899840980354
1,EV_B4_C3,9.0,75.0,,
1,EV_B4_C3,8.0,75.0,,
1,EV_B4_C3,7.0,75.0,,
1,EV_B4_C3,6.0,75.0,,
1,EV_B4_C3,5.0,75.0,,
1,EV_B4_C3,4.0,75.0,,
1,EV_B4_C3,3.0,75.0,,
1,EV_B4_C3,2.0,75.0,,
1,EV_B4_C3,1.0,75.0,,
1,EV_B4_C3,0.0,75.0,,
3,,,,,
3,,,,,
3,,,,,
3,,,,,
3,,,,,
3,,,,,
3,,,,,
3,,,,,
3,,,,,
3,,,,,
3,,,,,
2,EV_B4_C3,,,0.0,20.394082917812668
1,EV_B4_C3,12.0,75.0,,
1,EV_B4_C3,11.0,75.0,,
1,EV_B4_C3,10.0,75.0,,
1,EV_B4_C3,9.0,75.0,,
1,EV_B4_C3,8.0,75.0,,
1,EV_B4_C3,7.0,75.0,,
1,EV_B4_C3,6.0,75.0,,
1,EV_B4_C3,5.0,75.0,,
1,EV_B4_C3,4.0,75.0,,
1,EV_B4_C3,3.0,75.0,,
1,EV_B4_C3,2.0,75.0,,
1,EV_B4_C3,1.0,75.0,,
1,EV_B4_C3,0.0,75.0,,
3,,,,,
3,,,,,
3,,,,,
3,,,,,
3,,,,,
3,,,,,
3,,,,,
3,,,,,
3,,,,,
3,,,,,
3,,,,,
2,EV_B4_C3,,,0.0,28.61823089946634
1,EV_B4_C3,10.0,75.0,,
1,EV_B4_C3,9.0,75.0,,
1,EV_B4_C3,8.0,75.0,,
1,EV_B4_C3,7.0,75.0,,
1,EV_B4_C3,6.0,75.0,,
1,EV_B4_C3,5.0,75.0,,
1,EV_B4_C3,4.0,75.0,,
1,EV_B4_C3,3.0,75.0,,
1,EV_B4_C3,2.0,75.0,,
1,EV_B4_C3,1.0,75.0,,
1,EV_B4_C3,0.0,75.0,,
3,,,,,
3,,,,,
3,,,,,
3,,,,,
3,,,,,
3,,,,,
3,,,,,
3,,,,,
3,,,,,
3,,,,,
3,,,,,
3,,,,,
2,EV_B4_C3,,,0.0,26.034828145692156
1,EV_B4_C3,11.0,75.0,,
1,EV_B4_C3,10.0,75.0,,
1,EV_B4_C3,9.0,75.0,,
1,EV_B4_C3,8.0,75.0,,
1,EV_B4_C3,7.0,75.0,,
1,EV_B4_C3,6.0,75.0,,
1,EV_B4_C3,5.0,75.0,,
1,EV_B4_C3,4.0,75.0,,
1,EV_B4_C3,3.0,75.0,,
1,EV_B4_C3,2.0,75.0,,
1,EV_B4_C3,1.0,75.0,,
1,EV_B4_C3,0.0,75.0,,
3,,,,,
3,,,,,
3,,,,,
3,,,,,
3,,,,,
3,,,,,
3,,,,,
3,,,,,
3,,,,,
2,EV_B4_C3,,,0.0,34.181060308844955
1,EV_B4_C3,13.0,75.0,,
1,EV_B4_C3,12.0,75.0,,
1,EV_B4_C3,11.0,75.0,,
1,EV_B4_C3,10.0,75.0,,
1,EV_B4_C3,9.0,75.0,,
1,EV_B4_C3,8.0,75.0,,
1,EV_B4_C3,7.0,75.0,,
1,EV_B4_C3,6.0,75.0,,
1,EV_B4_C3,5.0,75.0,,
1,EV_B4_C3,4.0,75.0,,
1,EV_B4_C3,3.0,75.0,,
1,EV_B4_C3,2.0,75.0,,
1,EV_B4_C3,1.0,75.0,,
1,EV_B4_C3,0.0,75.0,,
3,,,,,
3,,,,,
3,,,,,
3,,,,,
3,,,,,
3,,,,,
3,,,,,
3,,,,,
3,,,,,
3,,,,,
2,EV_B4_C3,,,0.0,25.412788100819693
1,EV_B4_C3,12.0,75.0,,
1,EV_B4_C3,11.0,75.0,,
1,EV_B4_C3,10.0,75.0,,
1,EV_B4_C3,9.0,75.0,,
1,EV_B4_C3,8.0,75.0,,
1,EV_B4_C3,7.0,75.0,,
1,EV_B4_C3,6.0,75.0,,
1,EV_B4_C3,5.0,75.0,,
1,EV_B4_C3,4.0,75.0,,
1,EV_B4_C3,3.0,75.0,,
1,EV_B4_C3,2.0,75.0,,
1,EV_B4_C3,1.0,75.0,,
1,EV_B4_C3,0.0,75.0,,
3,,,,,
3,,,,,
3,,,,,
3,,,,,
3,,,,,
3,,,,,
3,,,,,
3,,,,,
3,,,,,
3,,,,,
2,EV_B4_C3,,,0.0,34.40278624050156
1,EV_B4_C3,12.0,75.0,,
1,EV_B4_C3,11.0,75.0,,
1,EV_B4_C3,10.0,75.0,,
1,EV_B4_C3,9.0,75.0,,
1,EV_B4_C3,8.0,75.0,,
1,EV_B4_C3,7.0,75.0,,
1,EV_B4_C3,6.0,75.0,,
1,EV_B4_C3,5.0,75.0,,
1,EV_B4_C3,4.0,75.0,,
1,EV_B4_C3,3.0,75.0,,
1,EV_B4_C3,2.0,75.0,,
1,EV_B4_C3,1.0,75.0,,
1,EV_B4_C3,0.0,75.0,,
3,,,,,
3,,,,,
3,,,,,
3,,,,,
3,,,,,
3,,,,,
3,,,,,
3,,,,,
3,,,,,
3,,,,,
3,,,,,
2,EV_B4_C3,,,0.0,21.28007373155416
1,EV_B4_C3,11.0,75.0,,
1,EV_B4_C3,10.0,75.0,,
1,EV_B4_C3,9.0,75.0,,
1,EV_B4_C3,8.0,75.0,,
1,EV_B4_C3,7.0,75.0,,
1,EV_B4_C3,6.0,75.0,,
1,EV_B4_C3,5.0,75.0,,
1,EV_B4_C3,4.0,75.0,,
1,EV_B4_C3,3.0,75.0,,
1,EV_B4_C3,2.0,75.0,,
1,EV_B4_C3,1.0,75.0,,
1,EV_B4_C3,0.0,75.0,,
3,,,,,
3,,,,,
3,,,,,
3,,,,,
3,,,,,
3,,,,,
3,,,,,
3,,,,,
3,,,,,
3,,,,,
3,,,,,
3,,,,,
3,,,,,
2,EV_B4_C3,,,0.0,32.08305402417157
1,EV_B4_C3,8.0,75.0,,
1,EV_B4_C3,7.0,75.0,,
1,EV_B4_C3,6.0,75.0,,
1,EV_B4_C3,5.0,75.0,,
1,EV_B4_C3,4.0,75.0,,
1,EV_B4_C3,3.0,75.0,,
1,EV_B4_C3,2.0,75.0,,
1,EV_B4_C3,1.0,75.0,,
1,EV_B4_C3,0.0,75.0,,
3,,,,,
3,,,,,
3,,,,,
3,,,,,
3,,,,,
3,,,,,
3,,,,,
3,,,,,
3,,,,,
3,,,,,
3,,,,,
3,,,,,
3,,,,,
2,EV_B4_C3,,,0.0,26.625861172348227
1,EV_B4_C3,9.0,75.0,,
1,EV_B4_C3,8.0,75.0,,
1,EV_B4_C3,7.0,75.0,,
1,EV_B4_C3,6.0,75.0,,
1,EV_B4_C3,5.0,75.0,,
1,EV_B4_C3,4.0,75.0,,
1,EV_B4_C3,3.0,75.0,,
1,EV_B4_C3,2.0,75.0,,
1,EV_B4_C3,1.0,75.0,,
1,EV_B4_C3,0.0,75.0,,
3,,,,,
3,,,,,
3,,,,,
3,,,,,
3,,,,,
3,,,,,
3,,,,,
3,,,,,
3,,,,,
3,,,,,
3,,,,,
3,,,,,
2,EV_B4_C3,,,0.0,33.787598116529644
1,EV_B4_C3,11.0,75.0,,
1,EV_B4_C3,10.0,75.0,,
1,EV_B4_C3,9.0,75.0,,
1,EV_B4_C3,8.0,75.0,,
1,EV_B4_C3,7.0,75.0,,
1,EV_B4_C3,6.0,75.0,,
1,EV_B4_C3,5.0,75.0,,
1,EV_B4_C3,4.0,75.0,,
1,EV_B4_C3,3.0,75.0,,
1,EV_B4_C3,2.0,75.0,,
1,EV_B4_C3,1.0,75.0,,
1,EV_B4_C3,0.0,75.0,,
3,,,,,
3,,,,,
3,,,,,
3,,,,,
3,,,,,
3,,,,,
3,,,,,
3,,,,,
3,,,,,
3,,,,,
3,,,,,
3,,,,,
2,EV_B4_C3,,,0.0,31.944193299144235
1,EV_B4_C3,10.0,75.0,,
1,EV_B4_C3,9.0,75.0,,
1,EV_B4_C3,8.0,75.0,,
1,EV_B4_C3,7.0,75.0,,
1,EV_B4_C3,6.0,75.0,,
1,EV_B4_C3,5.0,75.0,,
1,EV_B4_C3,4.0,75.0,,
1,EV_B4_C3,3.0,75.0,,
1,EV_B4_C3,2.0,75.0,,
1,EV_B4_C3,1.0,75.0,,
1,EV_B4_C3,0.0,75.0,,
3,,,,,
3,,,,,
3,,,,,
3,,,,,
3,,,,,
3,,,,,
3,,,,,
3,,,,,
3,,,,,
3,,,,,
3,,,,,
3,,,,,
3,,,,,
3,,,,,
3,,,,,
3,,,,,
3,,,,,
3,,,,,
3,,,,,
3,,,,,
3,,,,,
3,,,,,
3,,,,,
3,,,,,
3,,,,,
3,,,,,
3,,,,,
3,,,,,
3,,,,,
3,,,,,
3,,,,,
3,,,,,
3,,,,,
3,,,,,
3,,,,,
2,EV_B4_C3,,,0.0,30.089107269404725
1,EV_B4_C3,9.0,75.0,,
1,EV_B4_C3,8.0,75.0,,
1,EV_B4_C3,7.0,75.0,,
1,EV_B4_C3,6.0,75.0,,
1,EV_B4_C3,5.0,75.0,,
1,EV_B4_C3,4.0,75.0,,
1,EV_B4_C3,3.0,75.0,,
1,EV_B4_C3,2.0,75.0,,
1,EV_B4_C3,1.0,75.0,,
1,EV_B4_C3,0.0,75.0,,
3,,,,,
3,,,,,
3,,,,,
3,,,,,
3,,,,,
3,,,,,
3,,,,,
3,,,,,
3,,,,,
3,,,,,
3,,,,,
3,,,,,
3,,,,,
3,,,,,
2,EV_B4_C3,,,0.0,24.830534100035564
1,EV_B4_C3,9.0,75.0,,
1,EV_B4_C3,8.0,75.0,,
1,EV_B4_C3,7.0,75.0,,
1,EV_B4_C3,6.0,75.0,,
1,EV_B4_C3,5.0,75.0,,
1,EV_B4_C3,4.0,75.0,,
1,EV_B4_C3,3.0,75.0,,
1,EV_B4_C3,2.0,75.0,,
1,EV_B4_C3,1.0,75.0,,
1,EV_B4_C3,0.0,75.0,,
3,,,,,
3,,,,,
3,,,,,
3,,,,,
3,,,,,
3,,,,,
3,,,,,
3,,,,,
3,,,,,
3,,,,,
3,,,,,
3,,,,,
3,,,,,
2,EV_B4_C3,,,0.0,33.265708083026645
1,EV_B4_C3,9.0,75.0,,
1,EV_B4_C3,8.0,75.0,,
1,EV_B4_C3,7.0,75.0,,
1,EV_B4_C3,6.0,75.0,,
1,EV_B4_C3,5.0,75.0,,
1,EV_B4_C3,4.0,75.0,,
1,EV_B4_C3,3.0,75.0,,
1,EV_B4_C3,2.0,75.0,,
1,EV_B4_C3,1.0,75.0,,
1,EV_B4_C3,0.0,75.0,,
3,,,,,
3,,,,,
3,,,,,
3,,,,,
3,,,,,
3,,,,,
3,,,,,
3,,,,,
3,,,,,
3,,,,,
3,,,,,
3,,,,,
3,,,,,
3,,,,,
2,EV_B4_C3,,,0.0,35.55285118792167
1,EV_B4_C3,8.0,75.0,,
1,EV_B4_C3,7.0,75.0,,
1,EV_B4_C3,6.0,75.0,,
1,EV_B4_C3,5.0,75.0,,
1,EV_B4_C3,4.0,75.0,,
1,EV_B4_C3,3.0,75.0,,
1,EV_B4_C3,2.0,75.0,,
1,EV_B4_C3,1.0,75.0,,
1,EV_B4_C3,0.0,75.0,,
3,,,,,
3,,,,,
3,,,,,
3,,,,,
3,,,,,
3,,,,,
3,,,,,
3,,,,,
3,,,,,
3,,,,,
3,,,,,
3,,,,,
3,,,,,
2,EV_B4_C3,,,0.0,29.978328143094068
1,EV_B4_C3,9.0,75.0,,
1,EV_B4_C3,8.0,75.0,,
1,EV_B4_C3,7.0,75.0,,
1,EV_B4_C3,6.0,75.0,,
1,EV_B4_C3,5.0,75.0,,
1,EV_B4_C3,4.0,75.0,,
1,EV_B4_C3,3.0,75.0,,
1,EV_B4_C3,2.0,75.0,,
1,EV_B4_C3,1.0,75.0,,
1,EV_B4_C3,0.0,75.0,,
3,,,,,
3,,,,,
3,,,,,
3,,,,,
3,,,,,
3,,,,,
3,,,,,
3,,,,,
3,,,,,
3,,,,,
3,,,,,
3,,,,,
3,,,,,
2,EV_B4_C3,,,0.0,33.32355287086665
1,EV_B4_C3,9.0,75.0,,
1,EV_B4_C3,8.0,75.0,,
1,EV_B4_C3,7.0,75.0,,
1,EV_B4_C3,6.0,75.0,,
1,EV_B4_C3,5.0,75.0,,
1,EV_B4_C3,4.0,75.0,,
1,EV_B4_C3,3.0,75.0,,
1,EV_B4_C3,2.0,75.0,,
1,EV_B4_C3,1.0,75.0,,
1,EV_B4_C3,0.0,75.0,,
3,,,,,
3,,,,,
3,,,,,
3,,,,,
3,,,,,
3,,,,,
3,,,,,
3,,,,,
3,,,,,
3,,,,,
3,,,,,
3,,,,,
3,,,,,
3,,,,,
2,EV_B4_C3,,,0.0,26.636002930228386
1,EV_B4_C3,8.0,75.0,,
1,EV_B4_C3,7.0,75.0,,
1,EV_B4_C3,6.0,75.0,,
1,EV_B4_C3,5.0,75.0,,
1,EV_B4_C3,4.0,75.0,,
1,EV_B4_C3,3.0,75.0,,
1,EV_B4_C3,2.0,75.0,,
1,EV_B4_C3,1.0,75.0,,
1,EV_B4_C3,0.0,75.0,,
3,,,,,
3,,,,,
3,,,,,
3,,,,,
3,,,,,
3,,,,,
3,,,,,
3,,,,,
3,,,,,
3,,,,,
3,,,,,
3,,,,,
3,,,,,
2,EV_B4_C3,,,0.0,29.177318322010404
1,EV_B4_C3,10.0,75.0,,
1,EV_B4_C3,9.0,75.0,,
1,EV_B4_C3,8.0,75.0,,
1,EV_B4_C3,7.0,75.0,,
1,EV_B4_C3,6.0,75.0,,
1,EV_B4_C3,5.0,75.0,,
1,EV_B4_C3,4.0,75.0,,
1,EV_B4_C3,3.0,75.0,,
1,EV_B4_C3,2.0,75.0,,
1,EV_B4_C3,1.0,75.0,,
1,EV_B4_C3,0.0,75.0,,
3,,,,,
3,,,,,
3,,,,,
3,,,,,
3,,,,,
3,,,,,
3,,,,,
3,,,,,
3,,,,,
3,,,,,
2,EV_B4_C3,,,0.0,33.75992706119143
1,EV_B4_C3,11.0,75.0,,
1,EV_B4_C3,10.0,75.0,,
1,EV_B4_C3,9.0,75.0,,
1,EV_B4_C3,8.0,75.0,,
1,EV_B4_C3,7.0,75.0,,
1,EV_B4_C3,6.0,75.0,,
1,EV_B4_C3,5.0,75.0,,
1,EV_B4_C3,4.0,75.0,,
1,EV_B4_C3,3.0,75.0,,
1,EV_B4_C3,2.0,75.0,,
1,EV_B4_C3,1.0,75.0,,
1,EV_B4_C3,0.0,75.0,,
3,,,,,
3,,,,,
3,,,,,
3,,,,,
3,,,,,
3,,,,,
3,,,,,
3,,,,,
3,,,,,
3,,,,,
3,,,,,
3,,,,,
3,,,,,
3,,,,,
3,,,,,
2,EV_B4_C3,,,0.0,21.553256084790288
1,EV_B4_C3,7.0,75.0,,
1,EV_B4_C3,6.0,75.0,,
1,EV_B4_C3,5.0,75.0,,
1,EV_B4_C3,4.0,75.0,,
1,EV_B4_C3,3.0,75.0,,
1,EV_B4_C3,2.0,75.0,,
1,EV_B4_C3,1.0,75.0,,
1,EV_B4_C3,0.0,75.0,,
3,,,,,
3,,,,,
3,,,,,
3,,,,,
3,,,,,
3,,,,,
3,,,,,
3,,,,,
3,,,,,
3,,,,,
3,,,,,
2,EV_B4_C3,,,0.0,35.0409721836555
1,EV_B4_C3,11.0,75.0,,
1,EV_B4_C3,10.0,75.0,,
1,EV_B4_C3,9.0,75.0,,
1,EV_B4_C3,8.0,75.0,,
1,EV_B4_C3,7.0,75.0,,
1,EV_B4_C3,6.0,75.0,,
1,EV_B4_C3,5.0,75.0,,
1,EV_B4_C3,4.0,75.0,,
1,EV_B4_C3,3.0,75.0,,
1,EV_B4_C3,2.0,75.0,,
1,EV_B4_C3,1.0,75.0,,
1,EV_B4_C3,0.0,75.0,,
3,,,,,
3,,,,,
3,,,,,
3,,,,,
3,,,,,
3,,,,,
3,,,,,
3,,,,,
3,,,,,
3,,,,,
3,,,,,
3,,,,,
3,,,,,
2,EV_B4_C3,,,0.0,23.934182797765228
1,EV_B4_C3,10.0,75.0,,
1,EV_B4_C3,9.0,75.0,,
1,EV_B4_C3,8.0,75.0,,
1,EV_B4_C3,7.0,75.0,,
1,EV_B4_C3,6.0,75.0,,
1,EV_B4_C3,5.0,75.0,,
1,EV_B4_C3,4.0,75.0,,
1,EV_B4_C3,3.0,75.0,,
1,EV_B4_C3,2.0,75.0,,
1,EV_B4_C3,1.0,75.0,,
1,EV_B4_C3,0.0,75.0,,
3,,,,,
3,,,,,
3,,,,,
3,,,,,
3,,,,,
3,,,,,
3,,,,,
3,,,,,
3,,,,,
3,,,,,
3,,,,,
2,EV_B4_C3,,,0.0,23.636204687231757
1,EV_B4_C3,11.0,75.0,,
1,EV_B4_C3,10.0,75.0,,
1,EV_B4_C3,9.0,75.0,,
1,EV_B4_C3,8.0,75.0,,
1,EV_B4_C3,7.0,75.0,,
1,EV_B4_C3,6.0,75.0,,
1,EV_B4_C3,5.0,75.0,,
1,EV_B4_C3,4.0,75.0,,
1,EV_B4_C3,3.0,75.0,,
1,EV_B4_C3,2.0,75.0,,
1,EV_B4_C3,1.0,75.0,,
1,EV_B4_C3,0.0,75.0,,
3,,,,,
3,,,,,
3,,,,,
3,,,,,
3,,,,,
3,,,,,
3,,,,,
3,,,,,
3,,,,,
3,,,,,
3,,,,,
3,,,,,
3,,,,,
3,,,,,
3,,,,,
3,,,,,
3,,,,,
3,,,,,
3,,,,,
3,,,,,
3,,,,,
3,,,,,
3,,,,,
3,,,,,
3,,,,,
3,,,,,
3,,,,,
3,,,,,
3,,,,,
3,,,,,
3,,,,,
3,,,,,
3,,,,,
3,,,,,
3,,,,,
3,,,,,
3,,,,,
3,,,,,
3,,,,,
3,,,,,
3,,,,,
3,,,,,
3,,,,,
3,,,,,
3,,,,,
3,,,,,
3,,,,,
3,,,,,
3,,,,,
3,,,,,
3,,,,,
3,,,,,
3,,,,,
3,,,,,
3,,,,,
3,,,,,
3,,,,,
3,,,,,
3,,,,,
2,EV_B4_C3,,,0.0,37.10186244869224
1,EV_B4_C3,10.0,75.0,,
1,EV_B4_C3,9.0,75.0,,
1,EV_B4_C3,8.0,75.0,,
1,EV_B4_C3,7.0,75.0,,
1,EV_B4_C3,6.0,75.0,,
1,EV_B4_C3,5.0,75.0,,
1,EV_B4_C3,4.0,75.0,,
1,EV_B4_C3,3.0,75.0,,
1,EV_B4_C3,2.0,75.0,,
1,EV_B4_C3,1.0,75.0,,
1,EV_B4_C3,0.0,75.0,,
3,,,,,
3,,,,,
3,,,,,
3,,,,,
3,,,,,
3,,,,,
3,,,,,
3,,,,,
3,,,,,
3,,,,,
3,,,,,
3,,,,,
3,,,,,
3,,,,,
2,EV_B4_C3,,,0.0,28.585949956403716
1,EV_B4_C3,8.0,75.0,,
1,EV_B4_C3,7.0,75.0,,
1,EV_B4_C3,6.0,75.0,,
1,EV_B4_C3,5.0,75.0,,
1,EV_B4_C3,4.0,75.0,,
1,EV_B4_C3,3.0,75.0,,
1,EV_B4_C3,2.0,75.0,,
1,EV_B4_C3,1.0,75.0,,
1,EV_B4_C3,0.0,75.0,,
3,,,,,
3,,,,,
3,,,,,
3,,,,,
3,,,,,
3,,,,,
3,,,,,
3,,,,,
3,,,,,
3,,,,,
3,,,,,
3,,,,,
3,,,,,
2,EV_B4_C3,,,0.0,27.150684840158522
1,EV_B4_C3,9.0,75.0,,
1,EV_B4_C3,8.0,75.0,,
1,EV_B4_C3,7.0,75.0,,
1,EV_B4_C3,6.0,75.0,,
1,EV_B4_C3,5.0,75.0,,
1,EV_B4_C3,4.0,75.0,,
1,EV_B4_C3,3.0,75.0,,
1,EV_B4_C3,2.0,75.0,,
1,EV_B4_C3,1.0,75.0,,
1,EV_B4_C3,0.0,75.0,,
3,,,,,
3,,,,,
3,,,,,
3,,,,,
3,,,,,
3,,,,,
3,,,,,
3,,,,,
3,,,,,
3,,,,,
3,,,,,
3,,,,,
2,EV_B4_C3,,,0.0,27.90759141268667
1,EV_B4_C3,10.0,75.0,,
1,EV_B4_C3,9.0,75.0,,
1,EV_B4_C3,8.0,75.0,,
1,EV_B4_C3,7.0,75.0,,
1,EV_B4_C3,6.0,75.0,,
1,EV_B4_C3,5.0,75.0,,
1,EV_B4_C3,4.0,75.0,,
1,EV_B4_C3,3.0,75.0,,
1,EV_B4_C3,2.0,75.0,,
1,EV_B4_C3,1.0,75.0,,
1,EV_B4_C3,0.0,75.0,,
3,,,,,
3,,,,,
3,,,,,
3,,,,,
3,,,,,
3,,,,,
3,,,,,
3,,,,,
3,,,,,
3,,,,,
3,,,,,
3,,,,,
2,EV_B4_C3,,,0.0,28.180266753953003
1,EV_B4_C3,10.0,75.0,,
1,EV_B4_C3,9.0,75.0,,
1,EV_B4_C3,8.0,75.0,,
1,EV_B4_C3,7.0,75.0,,
1,EV_B4_C3,6.0,75.0,,
1,EV_B4_C3,5.0,75.0,,
1,EV_B4_C3,4.0,75.0,,
1,EV_B4_C3,3.0,75.0,,
1,EV_B4_C3,2.0,75.0,,
1,EV_B4_C3,1.0,75.0,,
1,EV_B4_C3,0.0,75.0,,
3,,,,,
3,,,,,
3,,,,,
3,,,,,
3,,,,,
3,,,,,
3,,,,,
3,,,,,
3,,,,,
3,,,,,
3,,,,,
3,,,,,
2,EV_B4_C3,,,0.0,33.04813744959735
1,EV_B4_C3,10.0,75.0,,
1,EV_B4_C3,9.0,75.0,,
1,EV_B4_C3,8.0,75.0,,
1,EV_B4_C3,7.0,75.0,,
1,EV_B4_C3,6.0,75.0,,
1,EV_B4_C3,5.0,75.0,,
1,EV_B4_C3,4.0,75.0,,
1,EV_B4_C3,3.0,75.0,,
1,EV_B4_C3,2.0,75.0,,
1,EV_B4_C3,1.0,75.0,,
1,EV_B4_C3,0.0,75.0,,
3,,,,,
3,,,,,
3,,,,,
3,,,,,
3,,,,,
3,,,,,
3,,,,,
3,,,,,
3,,,,,
3,,,,,
3,,,,,
3,,,,,
2,EV_B4_C3,,,0.0,20.489937266138032
1,EV_B4_C3,11.0,75.0,,
1,EV_B4_C3,10.0,75.0,,
1,EV_B4_C3,9.0,75.0,,
1,EV_B4_C3,8.0,75.0,,
1,EV_B4_C3,7.0,75.0,,
1,EV_B4_C3,6.0,75.0,,
1,EV_B4_C3,5.0,75.0,,
1,EV_B4_C3,4.0,75.0,,
1,EV_B4_C3,3.0,75.0,,
1,EV_B4_C3,2.0,75.0,,
1,EV_B4_C3,1.0,75.0,,
1,EV_B4_C3,0.0,75.0,,
3,,,,,
3,,,,,
3,,,,,
3,,,,,
3,,,,,
3,,,,,
3,,,,,
3,,,,,
3,,,,,
3,,,,,
3,,,,,
2,EV_B4_C3,,,0.0,34.732425901342154
1,EV_B4_C3,10.0,75.0,,
1,EV_B4_C3,9.0,75.0,,
1,EV_B4_C3,8.0,75.0,,
1,EV_B4_C3,7.0,75.0,,
1,EV_B4_C3,6.0,75.0,,
1,EV_B4_C3,5.0,75.0,,
1,EV_B4_C3,4.0,75.0,,
1,EV_B4_C3,3.0,75.0,,
1,EV_B4_C3,2.0,75.0,,
1,EV_B4_C3,1.0,75.0,,
1,EV_B4_C3,0.0,75.0,,
3,,,,,
3,,,,,
3,,,,,
3,,,,,
3,,,,,
3,,,,,
3,,,,,
3,,,,,
3,,,,,
3,,,,,
3,,,,,
3,,,,,
3,,,,,
2,EV_B4_C3,,,0.0,31.423218776978494
1,EV_B4_C3,10.0,75.0,,
1,EV_B4_C3,9.0,75.0,,
1,EV_B4_C3,8.0,75.0,,
1,EV_B4_C3,7.0,75.0,,
1,EV_B4_C3,6.0,75.0,,
1,EV_B4_C3,5.0,75.0,,
1,EV_B4_C3,4.0,75.0,,
1,EV_B4_C3,3.0,75.0,,
1,EV_B4_C3,2.0,75.0,,
1,EV_B4_C3,1.0,75.0,,
1,EV_B4_C3,0.0,75.0,,
3,,,,,
3,,,,,
3,,,,,
3,,,,,
3,,,,,
3,,,,,
3,,,,,
3,,,,,
3,,,,,
3,,,,,
3,,,,,
3,,,,,
3,,,,,
2,EV_B4_C3,,,0.0,35.44350391856842
1,EV_B4_C3,8.0,75.0,,
1,EV_B4_C3,7.0,75.0,,
1,EV_B4_C3,6.0,75.0,,
1,EV_B4_C3,5.0,75.0,,
1,EV_B4_C3,4.0,75.0,,
1,EV_B4_C3,3.0,75.0,,
1,EV_B4_C3,2.0,75.0,,
1,EV_B4_C3,1.0,75.0,,
1,EV_B4_C3,0.0,75.0,,
3,,,,,
3,,,,,
3,,,,,
3,,,,,
3,,,,,
3,,,,,
3,,,,,
3,,,,,
3,,,,,
3,,,,,
3,,,,,
3,,,,,
3,,,,,
2,EV_B4_C3,,,0.0,36.905729007725206
1,EV_B4_C3,10.0,75.0,,
1,EV_B4_C3,9.0,75.0,,
1,EV_B4_C3,8.0,75.0,,
1,EV_B4_C3,7.0,75.0,,
1,EV_B4_C3,6.0,75.0,,
1,EV_B4_C3,5.0,75.0,,
1,EV_B4_C3,4.0,75.0,,
1,EV_B4_C3,3.0,75.0,,
1,EV_B4_C3,2.0,75.0,,
1,EV_B4_C3,1.0,75.0,,
1,EV_B4_C3,0.0,75.0,,
3,,,,,
3,,,,,
3,,,,,
3,,,,,
3,,,,,
3,,,,,
3,,,,,
3,,,,,
3,,,,,
3,,,,,
3,,,,,
3,,,,,
3,,,,,
2,EV_B4_C3,,,0.0,33.16224439654872
1,EV_B4_C3,9.0,75.0,,
1,EV_B4_C3,8.0,75.0,,
1,EV_B4_C3,7.0,75.0,,
1,EV_B4_C3,6.0,75.0,,
1,EV_B4_C3,5.0,75.0,,
1,EV_B4_C3,4.0,75.0,,
1,EV_B4_C3,3.0,75.0,,
1,EV_B4_C3,2.0,75.0,,
1,EV_B4_C3,1.0,75.0,,
1,EV_B4_C3,0.0,75.0,,
3,,,,,
3,,,,,
3,,,,,
3,,,,,
3,,,,,
3,,,,,
3,,,,,
3,,,,,
3,,,,,
3,,,,,
3,,,,,
3,,,,,
2,EV_B4_C3,,,0.0,30.772532046676016
1,EV_B4_C3,8.0,75.0,,
1,EV_B4_C3,7.0,75.0,,
1,EV_B4_C3,6.0,75.0,,
1,EV_B4_C3,5.0,75.0,,
1,EV_B4_C3,4.0,75.0,,
1,EV_B4_C3,3.0,75.0,,
1,EV_B4_C3,2.0,75.0,,
1,EV_B4_C3,1.0,75.0,,
1,EV_B4_C3,0.0,75.0,,
3,,,,,
3,,,,,
3,,,,,
3,,,,,
3,,,,,
3,,,,,
3,,,,,
3,,,,,
3,,,,,
3,,,,,
3,,,,,
3,,,,,
3,,,,,
3,,,,,
3,,,,,
2,EV_B4_C3,,,0.0,21.217051640228945
1,EV_B4_C3,8.0,75.0,,
1,EV_B4_C3,7.0,75.0,,
1,EV_B4_C3,6.0,75.0,,
1,EV_B4_C3,5.0,75.0,,
1,EV_B4_C3,4.0,75.0,,
1,EV_B4_C3,3.0,75.0,,
1,EV_B4_C3,2.0,75.0,,
1,EV_B4_C3,1.0,75.0,,
1,EV_B4_C3,0.0,75.0,,
3,,,,,
3,,,,,
3,,,,,
3,,,,,
3,,,,,
3,,,,,
3,,,,,
3,,,,,
3,,,,,
3,,,,,
2,EV_B4_C3,,,0.0,36.52912128770109
1,EV_B4_C3,13.0,75.0,,
1,EV_B4_C3,12.0,75.0,,
1,EV_B4_C3,11.0,75.0,,
1,EV_B4_C3,10.0,75.0,,
1,EV_B4_C3,9.0,75.0,,
1,EV_B4_C3,8.0,75.0,,
1,EV_B4_C3,7.0,75.0,,
1,EV_B4_C3,6.0,75.0,,
1,EV_B4_C3,5.0,75.0,,
1,EV_B4_C3,4.0,75.0,,
1,EV_B4_C3,3.0,75.0,,
1,EV_B4_C3,2.0,75.0,,
1,EV_B4_C3,1.0,75.0,,
1,EV_B4_C3,0.0,75.0,,
3,,,,,
3,,,,,
3,,,,,
3,,,,,
3,,,,,
3,,,,,
3,,,,,
3,,,,,
3,,,,,
3,,,,,
3,,,,,
2,EV_B4_C3,,,0.0,31.794755005121694
1,EV_B4_C3,10.0,75.0,,
1,EV_B4_C3,9.0,75.0,,
1,EV_B4_C3,8.0,75.0,,
1,EV_B4_C3,7.0,75.0,,
1,EV_B4_C3,6.0,75.0,,
1,EV_B4_C3,5.0,75.0,,
1,EV_B4_C3,4.0,75.0,,
1,EV_B4_C3,3.0,75.0,,
1,EV_B4_C3,2.0,75.0,,
1,EV_B4_C3,1.0,75.0,,
1,EV_B4_C3,0.0,75.0,,
3,,,,,
3,,,,,
3,,,,,
3,,,,,
3,,,,,
3,,,,,
3,,,,,
3,,,,,
3,,,,,
3,,,,,
3,,,,,
3,,,,,
2,EV_B4_C3,,,0.0,33.33212670284963
1,EV_B4_C3,10.0,75.0,,
1,EV_B4_C3,9.0,75.0,,
1,EV_B4_C3,8.0,75.0,,
1,EV_B4_C3,7.0,75.0,,
1,EV_B4_C3,6.0,75.0,,
1,EV_B4_C3,5.0,75.0,,
1,EV_B4_C3,4.0,75.0,,
1,EV_B4_C3,3.0,75.0,,
1,EV_B4_C3,2.0,75.0,,
1,EV_B4_C3,1.0,75.0,,
1,EV_B4_C3,0.0,75.0,,
3,,,,,
3,,,,,
3,,,,,
3,,,,,
3,,,,,
3,,,,,
3,,,,,
3,,,,,
3,,,,,
3,,,,,
3,,,,,
2,EV_B4_C3,,,0.0,29.444315454696262
1,EV_B4_C3,11.0,75.0,,
1,EV_B4_C3,10.0,75.0,,
1,EV_B4_C3,9.0,75.0,,
1,EV_B4_C3,8.0,75.0,,
1,EV_B4_C3,7.0,75.0,,
1,EV_B4_C3,6.0,75.0,,
1,EV_B4_C3,5.0,75.0,,
1,EV_B4_C3,4.0,75.0,,
1,EV_B4_C3,3.0,75.0,,
1,EV_B4_C3,2.0,75.0,,
1,EV_B4_C3,1.0,75.0,,
1,EV_B4_C3,0.0,75.0,,
3,,,,,
3,,,,,
3,,,,,
3,,,,,
3,,,,,
3,,,,,
3,,,,,
3,,,,,
3,,,,,
3,,,,,
3,,,,,
3,,,,,
2,EV_B4_C3,,,0.0,33.51445599713709
1,EV_B4_C3,10.0,75.0,,
1,EV_B4_C3,9.0,75.0,,
1,EV_B4_C3,8.0,75.0,,
1,EV_B4_C3,7.0,75.0,,
1,EV_B4_C3,6.0,75.0,,
1,EV_B4_C3,5.0,75.0,,
1,EV_B4_C3,4.0,75.0,,
1,EV_B4_C3,3.0,75.0,,
1,EV_B4_C3,2.0,75.0,,
1,EV_B4_C3,1.0,75.0,,
1,EV_B4_C3,0.0,75.0,,
3,,,,,
3,,,,,
3,,,,,
3,,,,,
3,,,,,
3,,,,,
3,,,,,
3,,,,,
3,,,,,
3,,,,,
3,,,,,
3,,,,,
2,EV_B4_C3,,,0.0,22.252154924899727
1,EV_B4_C3,10.0,75.0,,
1,EV_B4_C3,9.0,75.0,,
1,EV_B4_C3,8.0,75.0,,
1,EV_B4_C3,7.0,75.0,,
1,EV_B4_C3,6.0,75.0,,
1,EV_B4_C3,5.0,75.0,,
1,EV_B4_C3,4.0,75.0,,
1,EV_B4_C3,3.0,75.0,,
1,EV_B4_C3,2.0,75.0,,
1,EV_B4_C3,1.0,75.0,,
1,EV_B4_C3,0.0,75.0,,
3,,,,,
3,,,,,
3,,,,,
3,,,,,
3,,,,,
3,,,,,
3,,,,,
3,,,,,
3,,,,,
3,,,,,
3,,,,,
3,,,,,
3,,,,,
2,EV_B4_C3,,,0.0,29.89322751245761
1,EV_B4_C3,10.0,75.0,,
1,EV_B4_C3,9.0,75.0,,
1,EV_B4_C3,8.0,75.0,,
1,EV_B4_C3,7.0,75.0,,
1,EV_B4_C3,6.0,75.0,,
1,EV_B4_C3,5.0,75.0,,
1,EV_B4_C3,4.0,75.0,,
1,EV_B4_C3,3.0,75.0,,
1,EV_B4_C3,2.0,75.0,,
1,EV_B4_C3,1.0,75.0,,
1,EV_B4_C3,0.0,75.0,,
3,,,,,
3,,,,,
3,,,,,
3,,,,,
3,,,,,
3,,,,,
3,,,,,
3,,,,,
3,,,,,
3,,,,,
3,,,,,
2,EV_B4_C3,,,0.0,30.103137070251528
1,EV_B4_C3,11.0,75.0,,
1,EV_B4_C3,10.0,75.0,,
1,EV_B4_C3,9.0,75.0,,
1,EV_B4_C3,8.0,75.0,,
1,EV_B4_C3,7.0,75.0,,
1,EV_B4_C3,6.0,75.0,,
1,EV_B4_C3,5.0,75.0,,
1,EV_B4_C3,4.0,75.0,,
1,EV_B4_C3,3.0,75.0,,
1,EV_B4_C3,2.0,75.0,,
1,EV_B4_C3,1.0,75.0,,
1,EV_B4_C3,0.0,75.0,,
3,,,,,
3,,,,,
3,,,,,
3,,,,,
3,,,,,
3,,,,,
3,,,,,
3,,,,,
3,,,,,
3,,,,,
3,,,,,
3,,,,,
2,EV_B4_C3,,,0.0,30.888521113579266
1,EV_B4_C3,10.0,75.0,,
1,EV_B4_C3,9.0,75.0,,
1,EV_B4_C3,8.0,75.0,,
1,EV_B4_C3,7.0,75.0,,
1,EV_B4_C3,6.0,75.0,,
1,EV_B4_C3,5.0,75.0,,
1,EV_B4_C3,4.0,75.0,,
1,EV_B4_C3,3.0,75.0,,
1,EV_B4_C3,2.0,75.0,,
1,EV_B4_C3,1.0,75.0,,
1,EV_B4_C3,0.0,75.0,,
3,,,,,
3,,,,,
3,,,,,
3,,,,,
3,,,,,
3,,,,,
3,,,,,
3,,,,,
3,,,,,
3,,,,,
3,,,,,
3,,,,,
2,EV_B4_C3,,,0.0,34.01480121562388
1,EV_B4_C3,10.0,75.0,,
1,EV_B4_C3,9.0,75.0,,
1,EV_B4_C3,8.0,75.0,,
1,EV_B4_C3,7.0,75.0,,
1,EV_B4_C3,6.0,75.0,,
1,EV_B4_C3,5.0,75.0,,
1,EV_B4_C3,4.0,75.0,,
1,EV_B4_C3,3.0,75.0,,
1,EV_B4_C3,2.0,75.0,,
1,EV_B4_C3,1.0,75.0,,
1,EV_B4_C3,0.0,75.0,,
3,,,,,
3,,,,,
3,,,,,
3,,,,,
3,,,,,
3,,,,,
3,,,,,
3,,,,,
3,,,,,
3,,,,,
3,,,,,
2,EV_B4_C3,,,0.0,39.20811233311897
1,EV_B4_C3,10.0,75.0,,
1,EV_B4_C3,9.0,75.0,,
1,EV_B4_C3,8.0,75.0,,
1,EV_B4_C3,7.0,75.0,,
1,EV_B4_C3,6.0,75.0,,
1,EV_B4_C3,5.0,75.0,,
1,EV_B4_C3,4.0,75.0,,
1,EV_B4_C3,3.0,75.0,,
1,EV_B4_C3,2.0,75.0,,
1,EV_B4_C3,1.0,75.0,,
1,EV_B4_C3,0.0,75.0,,
3,,,,,
3,,,,,
3,,,,,
3,,,,,
3,,,,,
3,,,,,
3,,,,,
3,,,,,
3,,,,,
3,,,,,
3,,,,,
3,,,,,
3,,,,,
3,,,,,
2,EV_B4_C3,,,0.0,28.22474782818929
1,EV_B4_C3,9.0,75.0,,
1,EV_B4_C3,8.0,75.0,,
1,EV_B4_C3,7.0,75.0,,
1,EV_B4_C3,6.0,75.0,,
1,EV_B4_C3,5.0,75.0,,
1,EV_B4_C3,4.0,75.0,,
1,EV_B4_C3,3.0,75.0,,
1,EV_B4_C3,2.0,75.0,,
1,EV_B4_C3,1.0,75.0,,
1,EV_B4_C3,0.0,75.0,,
3,,,,,
3,,,,,
3,,,,,
3,,,,,
3,,,,,
3,,,,,
3,,,,,
3,,,,,
3,,,,,
3,,,,,
3,,,,,
3,,,,,
3,,,,,
3,,,,,
3,,,,,
3,,,,,
3,,,,,
3,,,,,
3,,,,,
3,,,,,
3,,,,,
3,,,,,
3,,,,,
3,,,,,
3,,,,,
3,,,,,
3,,,,,
3,,,,,
3,,,,,
3,,,,,
3,,,,,
3,,,,,
3,,,,,
3,,,,,
3,,,,,
3,,,,,
2,EV_B4_C3,,,0.0,22.544076570700348
1,EV_B4_C3,10.0,75.0,,
1,EV_B4_C3,9.0,75.0,,
1,EV_B4_C3,8.0,75.0,,
1,EV_B4_C3,7.0,75.0,,
1,EV_B4_C3,6.0,75.0,,
1,EV_B4_C3,5.0,75.0,,
1,EV_B4_C3,4.0,75.0,,
1,EV_B4_C3,3.0,75.0,,
1,EV_B4_C3,2.0,75.0,,
1,EV_B4_C3,1.0,75.0,,
1,EV_B4_C3,0.0,75.0,,
3,,,,,
3,,,,,
3,,,,,
3,,,,,
3,,,,,
3,,,,,
3,,,,,
3,,,,,
3,,,,,
3,,,,,
3,,,,,
3,,,,,
2,EV_B4_C3,,,0.0,27.14314513645685
1,EV_B4_C3,9.0,75.0,,
1,EV_B4_C3,8.0,75.0,,
1,EV_B4_C3,7.0,75.0,,
1,EV_B4_C3,6.0,75.0,,
1,EV_B4_C3,5.0,75.0,,
1,EV_B4_C3,4.0,75.0,,
1,EV_B4_C3,3.0,75.0,,
1,EV_B4_C3,2.0,75.0,,
1,EV_B4_C3,1.0,75.0,,
1,EV_B4_C3,0.0,75.0,,
3,,,,,
3,,,,,
3,,,,,
3,,,,,
3,,,,,
3,,,,,
3,,,,,
3,,,,,
3,,,,,
3,,,,,
3,,,,,
2,EV_B4_C3,,,0.0,23.712537599555162
1,EV_B4_C3,11.0,75.0,,
1,EV_B4_C3,10.0,75.0,,
1,EV_B4_C3,9.0,75.0,,
1,EV_B4_C3,8.0,75.0,,
1,EV_B4_C3,7.0,75.0,,
1,EV_B4_C3,6.0,75.0,,
1,EV_B4_C3,5.0,75.0,,
1,EV_B4_C3,4.0,75.0,,
1,EV_B4_C3,3.0,75.0,,
1,EV_B4_C3,2.0,75.0,,
1,EV_B4_C3,1.0,75.0,,
1,EV_B4_C3,0.0,75.0,,
3,,,,,
3,,,,,
3,,,,,
3,,,,,
3,,,,,
3,,,,,
3,,,,,
3,,,,,
3,,,,,
3,,,,,
3,,,,,
3,,,,,
3,,,,,
2,EV_B4_C3,,,0.0,36.63143947256472
1,EV_B4_C3,10.0,75.0,,
1,EV_B4_C3,9.0,75.0,,
1,EV_B4_C3,8.0,75.0,,
1,EV_B4_C3,7.0,75.0,,
1,EV_B4_C3,6.0,75.0,,
1,EV_B4_C3,5.0,75.0,,
1,EV_B4_C3,4.0,75.0,,
1,EV_B4_C3,3.0,75.0,,
1,EV_B4_C3,2.0,75.0,,
1,EV_B4_C3,1.0,75.0,,
1,EV_B4_C3,0.0,75.0,,
3,,,,,
3,,,,,
3,,,,,
3,,,,,
3,,,,,
3,,,,,
3,,,,,
3,,,,,
3,,,,,
3,,,,,
3,,,,,
2,EV_B4_C3,,,0.0,26.21679006992963
1,EV_B4_C3,11.0,75.0,,
1,EV_B4_C3,10.0,75.0,,
1,EV_B4_C3,9.0,75.0,,
1,EV_B4_C3,8.0,75.0,,
1,EV_B4_C3,7.0,75.0,,
1,EV_B4_C3,6.0,75.0,,
1,EV_B4_C3,5.0,75.0,,
1,EV_B4_C3,4.0,75.0,,
1,EV_B4_C3,3.0,75.0,,
1,EV_B4_C3,2.0,75.0,,
1,EV_B4_C3,1.0,75.0,,
1,EV_B4_C3,0.0,75.0,,
3,,,,,
3,,,,,
3,,,,,
3,,,,,
3,,,,,
3,,,,,
3,,,,,
3,,,,,
3,,,,,
3,,,,,
3,,,,,
2,EV_B4_C3,,,0.0,32.98365216748432
1,EV_B4_C3,10.0,75.0,,
1,EV_B4_C3,9.0,75.0,,
1,EV_B4_C3,8.0,75.0,,
1,EV_B4_C3,7.0,75.0,,
1,EV_B4_C3,6.0,75.0,,
1,EV_B4_C3,5.0,75.0,,
1,EV_B4_C3,4.0,75.0,,
1,EV_B4_C3,3.0,75.0,,
1,EV_B4_C3,2.0,75.0,,
1,EV_B4_C3,1.0,75.0,,
1,EV_B4_C3,0.0,75.0,,
3,,,,,
3,,,,,
3,,,,,
3,,,,,
3,,,,,
3,,,,,
3,,,,,
3,,,,,
3,,,,,
3,,,,,
3,,,,,
3,,,,,
2,EV_B4_C3,,,0.0,24.853568349589587
1,EV_B4_C3,11.0,75.0,,
1,EV_B4_C3,10.0,75.0,,
1,EV_B4_C3,9.0,75.0,,
1,EV_B4_C3,8.0,75.0,,
1,EV_B4_C3,7.0,75.0,,
1,EV_B4_C3,6.0,75.0,,
1,EV_B4_C3,5.0,75.0,,
1,EV_B4_C3,4.0,75.0,,
1,EV_B4_C3,3.0,75.0,,
1,EV_B4_C3,2.0,75.0,,
1,EV_B4_C3,1.0,75.0,,
1,EV_B4_C3,0.0,75.0,,
3,,,,,
3,,,,,
3,,,,,
3,,,,,
3,,,,,
3,,,,,
3,,,,,
3,,,,,
3,,,,,
3,,,,,
3,,,,,
2,EV_B4_C3,,,0.0,33.26890511853821
1,EV_B4_C3,11.0,75.0,,
1,EV_B4_C3,10.0,75.0,,
1,EV_B4_C3,9.0,75.0,,
1,EV_B4_C3,8.0,75.0,,
1,EV_B4_C3,7.0,75.0,,
1,EV_B4_C3,6.0,75.0,,
1,EV_B4_C3,5.0,75.0,,
1,EV_B4_C3,4.0,75.0,,
1,EV_B4_C3,3.0,75.0,,
1,EV_B4_C3,2.0,75.0,,
1,EV_B4_C3,1.0,75.0,,
1,EV_B4_C3,0.0,75.0,,
3,,,,,
3,,,,,
3,,,,,
3,,,,,
3,,,,,
3,,,,,
3,,,,,
3,,,,,
3,,,,,
3,,,,,
3,,,,,
2,EV_B4_C3,,,0.0,33.124627383251095
1,EV_B4_C3,10.0,75.0,,
1,EV_B4_C3,9.0,75.0,,
1,EV_B4_C3,8.0,75.0,,
1,EV_B4_C3,7.0,75.0,,
1,EV_B4_C3,6.0,75.0,,
1,EV_B4_C3,5.0,75.0,,
1,EV_B4_C3,4.0,75.0,,
1,EV_B4_C3,3.0,75.0,,
1,EV_B4_C3,2.0,75.0,,
1,EV_B4_C3,1.0,75.0,,
1,EV_B4_C3,0.0,75.0,,
3,,,,,
3,,,,,
3,,,,,
3,,,,,
3,,,,,
3,,,,,
3,,,,,
3,,,,,
3,,,,,
3,,,,,
3,,,,,
2,EV_B4_C3,,,0.0,35.66892696904649
1,EV_B4_C3,11.0,75.0,,
1,EV_B4_C3,10.0,75.0,,
1,EV_B4_C3,9.0,75.0,,
1,EV_B4_C3,8.0,75.0,,
1,EV_B4_C3,7.0,75.0,,
1,EV_B4_C3,6.0,75.0,,
1,EV_B4_C3,5.0,75.0,,
1,EV_B4_C3,4.0,75.0,,
1,EV_B4_C3,3.0,75.0,,
1,EV_B4_C3,2.0,75.0,,
1,EV_B4_C3,1.0,75.0,,
1,EV_B4_C3,0.0,75.0,,
3,,,,,
3,,,,,
3,,,,,
3,,,,,
3,,,,,
3,,,,,
3,,,,,
3,,,,,
3,,,,,
3,,,,,
3,,,,,
2,EV_B4_C3,,,0.0,31.070402445493873
1,EV_B4_C3,12.0,75.0,,
1,EV_B4_C3,11.0,75.0,,
1,EV_B4_C3,10.0,75.0,,
1,EV_B4_C3,9.0,75.0,,
1,EV_B4_C3,8.0,75.0,,
1,EV_B4_C3,7.0,75.0,,
1,EV_B4_C3,6.0,75.0,,
1,EV_B4_C3,5.0,75.0,,
1,EV_B4_C3,4.0,75.0,,
1,EV_B4_C3,3.0,75.0,,
1,EV_B4_C3,2.0,75.0,,
1,EV_B4_C3,1.0,75.0,,
1,EV_B4_C3,0.0,75.0,,
3,,,,,
3,,,,,
3,,,,,
3,,,,,
3,,,,,
3,,,,,
3,,,,,
3,,,,,
3,,,,,
3,,,,,
3,,,,,
2,EV_B4_C3,,,0.0,30.88576281056049
1,EV_B4_C3,10.0,75.0,,
1,EV_B4_C3,9.0,75.0,,
1,EV_B4_C3,8.0,75.0,,
1,EV_B4_C3,7.0,75.0,,
1,EV_B4_C3,6.0,75.0,,
1,EV_B4_C3,5.0,75.0,,
1,EV_B4_C3,4.0,75.0,,
1,EV_B4_C3,3.0,75.0,,
1,EV_B4_C3,2.0,75.0,,
1,EV_B4_C3,1.0,75.0,,
1,EV_B4_C3,0.0,75.0,,
3,,,,,
3,,,,,
3,,,,,
3,,,,,
3,,,,,
3,,,,,
3,,,,,
3,,,,,
3,,,,,
3,,,,,
3,,,,,
3,,,,,
3,,,,,
2,EV_B4_C3,,,0.0,24.115408034088876
1,EV_B4_C3,9.0,75.0,,
1,EV_B4_C3,8.0,75.0,,
1,EV_B4_C3,7.0,75.0,,
1,EV_B4_C3,6.0,75.0,,
1,EV_B4_C3,5.0,75.0,,
1,EV_B4_C3,4.0,75.0,,
1,EV_B4_C3,3.0,75.0,,
1,EV_B4_C3,2.0,75.0,,
1,EV_B4_C3,1.0,75.0,,
1,EV_B4_C3,0.0,75.0,,
3,,,,,
3,,,,,
3,,,,,
3,,,,,
3,,,,,
3,,,,,
3,,,,,
3,,,,,
3,,,,,
3,,,,,
3,,,,,
3,,,,,
3,,,,,
3,,,,,
3,,,,,
3,,,,,
3,,,,,
3,,,,,
3,,,,,
3,,,,,
3,,,,,
3,,,,,
3,,,,,
3,,,,,
3,,,,,
3,,,,,
3,,,,,
3,,,,,
3,,,,,
3,,,,,
3,,,,,
3,,,,,
3,,,,,
3,,,,,
3,,,,,
3,,,,,
2,EV_B4_C3,,,0.0,33.53501068207238
1,EV_B4_C3,10.0,75.0,,
1,EV_B4_C3,9.0,75.0,,
1,EV_B4_C3,8.0,75.0,,
1,EV_B4_C3,7.0,75.0,,
1,EV_B4_C3,6.0,75.0,,
1,EV_B4_C3,5.0,75.0,,
1,EV_B4_C3,4.0,75.0,,
1,EV_B4_C3,3.0,75.0,,
1,EV_B4_C3,2.0,75.0,,
1,EV_B4_C3,1.0,75.0,,
1,EV_B4_C3,0.0,75.0,,
3,,,,,
3,,,,,
3,,,,,
3,,,,,
3,,,,,
3,,,,,
3,,,,,
3,,,,,
3,,,,,
3,,,,,
3,,,,,
3,,,,,
3,,,,,
3,,,,,
2,EV_B4_C3,,,0.0,36.420158208466646
1,EV_B4_C3,8.0,75.0,,
1,EV_B4_C3,7.0,75.0,,
1,EV_B4_C3,6.0,75.0,,
1,EV_B4_C3,5.0,75.0,,
1,EV_B4_C3,4.0,75.0,,
1,EV_B4_C3,3.0,75.0,,
1,EV_B4_C3,2.0,75.0,,
1,EV_B4_C3,1.0,75.0,,
1,EV_B4_C3,0.0,75.0,,
3,,,,,
3,,,,,
3,,,,,
3,,,,,
3,,,,,
3,,,,,
3,,,,,
3,,,,,
3,,,,,
3,,,,,
3,,,,,
3,,,,,
3,,,,,
3,,,,,
2,EV_B4_C3,,,0.0,27.676537865632923
1,EV_B4_C3,9.0,75.0,,
1,EV_B4_C3,8.0,75.0,,
1,EV_B4_C3,7.0,75.0,,
1,EV_B4_C3,6.0,75.0,,
1,EV_B4_C3,5.0,75.0,,
1,EV_B4_C3,4.0,75.0,,
1,EV_B4_C3,3.0,75.0,,
1,EV_B4_C3,2.0,75.0,,
1,EV_B4_C3,1.0,75.0,,
1,EV_B4_C3,0.0,75.0,,
3,,,,,
3,,,,,
3,,,,,
3,,,,,
3,,,,,
3,,,,,
3,,,,,
3,,,,,
3,,,,,
3,,,,,
3,,,,,
2,EV_B4_C3,,,0.0,33.92274958452468
1,EV_B4_C3,10.0,75.0,,
1,EV_B4_C3,9.0,75.0,,
1,EV_B4_C3,8.0,75.0,,
1,EV_B4_C3,7.0,75.0,,
1,EV_B4_C3,6.0,75.0,,
1,EV_B4_C3,5.0,75.0,,
1,EV_B4_C3,4.0,75.0,,
1,EV_B4_C3,3.0,75.0,,
1,EV_B4_C3,2.0,75.0,,
1,EV_B4_C3,1.0,75.0,,
1,EV_B4_C3,0.0,75.0,,
3,,,,,
3,,,,,
3,,,,,
3,,,,,
3,,,,,
3,,,,,
3,,,,,
3,,,,,
3,,,,,
3,,,,,
3,,,,,
3,,,,,
2,EV_B4_C3,,,0.0,27.90693142098476
1,EV_B4_C3,10.0,75.0,,
1,EV_B4_C3,9.0,75.0,,
1,EV_B4_C3,8.0,75.0,,
1,EV_B4_C3,7.0,75.0,,
1,EV_B4_C3,6.0,75.0,,
1,EV_B4_C3,5.0,75.0,,
1,EV_B4_C3,4.0,75.0,,
1,EV_B4_C3,3.0,75.0,,
1,EV_B4_C3,2.0,75.0,,
1,EV_B4_C3,1.0,75.0,,
1,EV_B4_C3,0.0,75.0,,
3,,,,,
3,,,,,
3,,,,,
3,,,,,
3,,,,,
3,,,,,
3,,,,,
3,,,,,
3,,,,,
3,,,,,
3,,,,,
2,EV_B4_C3,,,0.0,38.91549084751512
1,EV_B4_C3,11.0,75.0,,
1,EV_B4_C3,10.0,75.0,,
1,EV_B4_C3,9.0,75.0,,
1,EV_B4_C3,8.0,75.0,,
1,EV_B4_C3,7.0,75.0,,
1,EV_B4_C3,6.0,75.0,,
1,EV_B4_C3,5.0,75.0,,
1,EV_B4_C3,4.0,75.0,,
1,EV_B4_C3,3.0,75.0,,
1,EV_B4_C3,2.0,75.0,,
1,EV_B4_C3,1.0,75.0,,
1,EV_B4_C3,0.0,75.0,,
3,,,,,
3,,,,,
3,,,,,
3,,,,,
3,,,,,
3,,,,,
3,,,,,
3,,,,,
3,,,,,
3,,,,,
3,,,,,
3,,,,,
2,EV_B4_C3,,,0.0,31.038055789892837
1,EV_B4_C3,9.0,75.0,,
1,EV_B4_C3,8.0,75.0,,
1,EV_B4_C3,7.0,75.0,,
1,EV_B4_C3,6.0,75.0,,
1,EV_B4_C3,5.0,75.0,,
1,EV_B4_C3,4.0,75.0,,
1,EV_B4_C3,3.0,75.0,,
1,EV_B4_C3,2.0,75.0,,
1,EV_B4_C3,1.0,75.0,,
1,EV_B4_C3,0.0,75.0,,
3,,,,,
3,,,,,
3,,,,,
3,,,,,
3,,,,,
3,,,,,
3,,,,,
3,,,,,
3,,,,,
3,,,,,
3,,,,,
3,,,,,
3,,,,,
2,EV_B4_C3,,,0.0,39.9863438436136
1,EV_B4_C3,10.0,75.0,,
1,EV_B4_C3,9.0,75.0,,
1,EV_B4_C3,8.0,75.0,,
1,EV_B4_C3,7.0,75.0,,
1,EV_B4_C3,6.0,75.0,,
1,EV_B4_C3,5.0,75.0,,
1,EV_B4_C3,4.0,75.0,,
1,EV_B4_C3,3.0,75.0,,
1,EV_B4_C3,2.0,75.0,,
1,EV_B4_C3,1.0,75.0,,
1,EV_B4_C3,0.0,75.0,,
3,,,,,
3,,,,,
3,,,,,
3,,,,,
3,,,,,
3,,,,,
3,,,,,
3,,,,,
3,,,,,
3,,,,,
3,,,,,
3,,,,,
3,,,,,
2,EV_B4_C3,,,0.0,38.11406468778494
1,EV_B4_C3,9.0,75.0,,
1,EV_B4_C3,8.0,75.0,,
1,EV_B4_C3,7.0,75.0,,
1,EV_B4_C3,6.0,75.0,,
1,EV_B4_C3,5.0,75.0,,
1,EV_B4_C3,4.0,75.0,,
1,EV_B4_C3,3.0,75.0,,
1,EV_B4_C3,2.0,75.0,,
1,EV_B4_C3,1.0,75.0,,
1,EV_B4_C3,0.0,75.0,,
3,,,,,
3,,,,,
3,,,,,
3,,,,,
3,,,,,
3,,,,,
3,,,,,
3,,,,,
3,,,,,
3,,,,,
3,,,,,
3,,,,,
3,,,,,
2,EV_B4_C3,,,0.0,35.773193952514056
1,EV_B4_C3,10.0,75.0,,
1,EV_B4_C3,9.0,75.0,,
1,EV_B4_C3,8.0,75.0,,
1,EV_B4_C3,7.0,75.0,,
1,EV_B4_C3,6.0,75.0,,
1,EV_B4_C3,5.0,75.0,,
1,EV_B4_C3,4.0,75.0,,
1,EV_B4_C3,3.0,75.0,,
1,EV_B4_C3,2.0,75.0,,
1,EV_B4_C3,1.0,75.0,,
1,EV_B4_C3,0.0,75.0,,
3,,,,,
3,,,,,
3,,,,,
3,,,,,
3,,,,,
3,,,,,
3,,,,,
3,,,,,
3,,,,,
3,,,,,
3,,,,,
3,,,,,
3,,,,,
2,EV_B4_C3,,,0.0,22.774989738401747
1,EV_B4_C3,9.0,75.0,,
1,EV_B4_C3,8.0,75.0,,
1,EV_B4_C3,7.0,75.0,,
1,EV_B4_C3,6.0,75.0,,
1,EV_B4_C3,5.0,75.0,,
1,EV_B4_C3,4.0,75.0,,
1,EV_B4_C3,3.0,75.0,,
1,EV_B4_C3,2.0,75.0,,
1,EV_B4_C3,1.0,75.0,,
1,EV_B4_C3,0.0,75.0,,
3,,,,,
3,,,,,
3,,,,,
3,,,,,
3,,,,,
3,,,,,
3,,,,,
3,,,,,
3,,,,,
3,,,,,
3,,,,,
2,EV_B4_C3,,,0.0,27.117008327789314
1,EV_B4_C3,10.0,75.0,,
1,EV_B4_C3,9.0,75.0,,
1,EV_B4_C3,8.0,75.0,,
1,EV_B4_C3,7.0,75.0,,
1,EV_B4_C3,6.0,75.0,,
1,EV_B4_C3,5.0,75.0,,
1,EV_B4_C3,4.0,75.0,,
1,EV_B4_C3,3.0,75.0,,
1,EV_B4_C3,2.0,75.0,,
1,EV_B4_C3,1.0,75.0,,
1,EV_B4_C3,0.0,75.0,,
3,,,,,
3,,,,,
3,,,,,
3,,,,,
3,,,,,
3,,,,,
3,,,,,
3,,,,,
3,,,,,
3,,,,,
3,,,,,
3,,,,,
3,,,,,
2,EV_B4_C3,,,0.0,22.93104973073842
1,EV_B4_C3,9.0,75.0,,
1,EV_B4_C3,8.0,75.0,,
1,EV_B4_C3,7.0,75.0,,
1,EV_B4_C3,6.0,75.0,,
1,EV_B4_C3,5.0,75.0,,
1,EV_B4_C3,4.0,75.0,,
1,EV_B4_C3,3.0,75.0,,
1,EV_B4_C3,2.0,75.0,,
1,EV_B4_C3,1.0,75.0,,
1,EV_B4_C3,0.0,75.0,,
3,,,,,
3,,,,,
3,,,,,
3,,,,,
3,,,,,
3,,,,,
3,,,,,
3,,,,,
3,,,,,
3,,,,,
3,,,,,
3,,,,,
2,EV_B4_C3,,,0.0,29.34681104984602
1,EV_B4_C3,11.0,75.0,,
1,EV_B4_C3,10.0,75.0,,
1,EV_B4_C3,9.0,75.0,,
1,EV_B4_C3,8.0,75.0,,
1,EV_B4_C3,7.0,75.0,,
1,EV_B4_C3,6.0,75.0,,
1,EV_B4_C3,5.0,75.0,,
1,EV_B4_C3,4.0,75.0,,
1,EV_B4_C3,3.0,75.0,,
1,EV_B4_C3,2.0,75.0,,
1,EV_B4_C3,1.0,75.0,,
1,EV_B4_C3,0.0,75.0,,
3,,,,,
3,,,,,
3,,,,,
3,,,,,
3,,,,,
3,,,,,
3,,,,,
3,,,,,
3,,,,,
3,,,,,
3,,,,,
3,,,,,
3,,,,,
2,EV_B4_C3,,,0.0,30.64231421724845
1,EV_B4_C3,9.0,75.0,,
1,EV_B4_C3,8.0,75.0,,
1,EV_B4_C3,7.0,75.0,,
1,EV_B4_C3,6.0,75.0,,
1,EV_B4_C3,5.0,75.0,,
1,EV_B4_C3,4.0,75.0,,
1,EV_B4_C3,3.0,75.0,,
1,EV_B4_C3,2.0,75.0,,
1,EV_B4_C3,1.0,75.0,,
1,EV_B4_C3,0.0,75.0,,
3,,,,,
3,,,,,
3,,,,,
3,,,,,
3,,,,,
3,,,,,
3,,,,,
3,,,,,
3,,,,,
3,,,,,
3,,,,,
3,,,,,
3,,,,,
3,,,,,
3,,,,,
3,,,,,
3,,,,,
3,,,,,
3,,,,,
3,,,,,
3,,,,,
3,,,,,
3,,,,,
3,,,,,
3,,,,,
3,,,,,
3,,,,,
3,,,,,
3,,,,,
3,,,,,
3,,,,,
3,,,,,
3,,,,,
3,,,,,
2,EV_B4_C3,,,0.0,34.60338681115178
1,EV_B4_C3,12.0,75.0,,
1,EV_B4_C3,11.0,75.0,,
1,EV_B4_C3,10.0,75.0,,
1,EV_B4_C3,9.0,75.0,,
1,EV_B4_C3,8.0,75.0,,
1,EV_B4_C3,7.0,75.0,,
1,EV_B4_C3,6.0,75.0,,
1,EV_B4_C3,5.0,75.0,,
1,EV_B4_C3,4.0,75.0,,
1,EV_B4_C3,3.0,75.0,,
1,EV_B4_C3,2.0,75.0,,
1,EV_B4_C3,1.0,75.0,,
1,EV_B4_C3,0.0,75.0,,
3,,,,,
3,,,,,
3,,,,,
3,,,,,
3,,,,,
3,,,,,
3,,,,,
3,,,,,
3,,,,,
3,,,,,
3,,,,,
2,EV_B4_C3,,,0.0,27.043911409557666
1,EV_B4_C3,10.0,75.0,,
1,EV_B4_C3,9.0,75.0,,
1,EV_B4_C3,8.0,75.0,,
1,EV_B4_C3,7.0,75.0,,
1,EV_B4_C3,6.0,75.0,,
1,EV_B4_C3,5.0,75.0,,
1,EV_B4_C3,4.0,75.0,,
1,EV_B4_C3,3.0,75.0,,
1,EV_B4_C3,2.0,75.0,,
1,EV_B4_C3,1.0,75.0,,
1,EV_B4_C3,0.0,75.0,,
3,,,,,
3,,,,,
3,,,,,
3,,,,,
3,,,,,
3,,,,,
3,,,,,
3,,,,,
3,,,,,
3,,,,,
3,,,,,
2,EV_B4_C3,,,0.0,34.85092872395826
1,EV_B4_C3,12.0,75.0,,
1,EV_B4_C3,11.0,75.0,,
1,EV_B4_C3,10.0,75.0,,
1,EV_B4_C3,9.0,75.0,,
1,EV_B4_C3,8.0,75.0,,
1,EV_B4_C3,7.0,75.0,,
1,EV_B4_C3,6.0,75.0,,
1,EV_B4_C3,5.0,75.0,,
1,EV_B4_C3,4.0,75.0,,
1,EV_B4_C3,3.0,75.0,,
1,EV_B4_C3,2.0,75.0,,
1,EV_B4_C3,1.0,75.0,,
1,EV_B4_C3,0.0,75.0,,
3,,,,,
3,,,,,
3,,,,,
3,,,,,
3,,,,,
3,,,,,
3,,,,,
3,,,,,
3,,,,,
3,,,,,
3,,,,,
2,EV_B4_C3,,,0.0,30.876175238571363
1,EV_B4_C3,11.0,75.0,,
1,EV_B4_C3,10.0,75.0,,
1,EV_B4_C3,9.0,75.0,,
1,EV_B4_C3,8.0,75.0,,
1,EV_B4_C3,7.0,75.0,,
1,EV_B4_C3,6.0,75.0,,
1,EV_B4_C3,5.0,75.0,,
1,EV_B4_C3,4.0,75.0,,
1,EV_B4_C3,3.0,75.0,,
1,EV_B4_C3,2.0,75.0,,
1,EV_B4_C3,1.0,75.0,,
1,EV_B4_C3,0.0,75.0,,
3,,,,,
3,,,,,
3,,,,,
3,,,,,
3,,,,,
3,,,,,
3,,,,,
3,,,,,
3,,,,,
3,,,,,
3,,,,,
3,,,,,
2,EV_B4_C3,,,0.0,37.87020038074317
1,EV_B4_C3,9.0,75.0,,
1,EV_B4_C3,8.0,75.0,,
1,EV_B4_C3,7.0,75.0,,
1,EV_B4_C3,6.0,75.0,,
1,EV_B4_C3,5.0,75.0,,
1,EV_B4_C3,4.0,75.0,,
1,EV_B4_C3,3.0,75.0,,
1,EV_B4_C3,2.0,75.0,,
1,EV_B4_C3,1.0,75.0,,
1,EV_B4_C3,0.0,75.0,,
3,,,,,
3,,,,,
3,,,,,
3,,,,,
3,,,,,
3,,,,,
3,,,,,
3,,,,,
3,,,,,
3,,,,,
3,,,,,
3,,,,,
2,EV_B4_C3,,,0.0,24.51783545948103
1,EV_B4_C3,11.0,75.0,,
1,EV_B4_C3,10.0,75.0,,
1,EV_B4_C3,9.0,75.0,,
1,EV_B4_C3,8.0,75.0,,
1,EV_B4_C3,7.0,75.0,,
1,EV_B4_C3,6.0,75.0,,
1,EV_B4_C3,5.0,75.0,,
1,EV_B4_C3,4.0,75.0,,
1,EV_B4_C3,3.0,75.0,,
1,EV_B4_C3,2.0,75.0,,
1,EV_B4_C3,1.0,75.0,,
1,EV_B4_C3,0.0,75.0,,
3,,,,,
3,,,,,
3,,,,,
3,,,,,
3,,,,,
3,,,,,
3,,,,,
3,,,,,
3,,,,,
3,,,,,
3,,,,,
3,,,,,
3,,,,,
2,EV_B4_C3,,,0.0,38.182725259537285
1,EV_B4_C3,8.0,75.0,,
1,EV_B4_C3,7.0,75.0,,
1,EV_B4_C3,6.0,75.0,,
1,EV_B4_C3,5.0,75.0,,
1,EV_B4_C3,4.0,75.0,,
1,EV_B4_C3,3.0,75.0,,
1,EV_B4_C3,2.0,75.0,,
1,EV_B4_C3,1.0,75.0,,
1,EV_B4_C3,0.0,75.0,,
3,,,,,
3,,,,,
3,,,,,
3,,,,,
3,,,,,
3,,,,,
3,,,,,
3,,,,,
3,,,,,
3,,,,,
3,,,,,
3,,,,,
3,,,,,
3,,,,,
2,EV_B4_C3,,,0.0,27.549589808977267
1,EV_B4_C3,8.0,75.0,,
1,EV_B4_C3,7.0,75.0,,
1,EV_B4_C3,6.0,75.0,,
1,EV_B4_C3,5.0,75.0,,
1,EV_B4_C3,4.0,75.0,,
1,EV_B4_C3,3.0,75.0,,
1,EV_B4_C3,2.0,75.0,,
1,EV_B4_C3,1.0,75.0,,
1,EV_B4_C3,0.0,75.0,,
3,,,,,
3,,,,,
3,,,,,
3,,,,,
3,,,,,
3,,,,,
3,,,,,
3,,,,,
3,,,,,
3,,,,,
3,,,,,
3,,,,,
2,EV_B4_C3,,,0.0,33.98792397518067
1,EV_B4_C3,11.0,75.0,,
1,EV_B4_C3,10.0,75.0,,
1,EV_B4_C3,9.0,75.0,,
1,EV_B4_C3,8.0,75.0,,
1,EV_B4_C3,7.0,75.0,,
1,EV_B4_C3,6.0,75.0,,
1,EV_B4_C3,5.0,75.0,,
1,EV_B4_C3,4.0,75.0,,
1,EV_B4_C3,3.0,75.0,,
1,EV_B4_C3,2.0,75.0,,
1,EV_B4_C3,1.0,75.0,,
1,EV_B4_C3,0.0,75.0,,
3,,,,,
3,,,,,
3,,,,,
3,,,,,
3,,,,,
3,,,,,
3,,,,,
3,,,,,
3,,,,,
3,,,,,
3,,,,,
3,,,,,
3,,,,,
2,EV_B4_C3,,,0.0,35.148169791521724
1,EV_B4_C3,10.0,75.0,,
1,EV_B4_C3,9.0,75.0,,
1,EV_B4_C3,8.0,75.0,,
1,EV_B4_C3,7.0,75.0,,
1,EV_B4_C3,6.0,75.0,,
1,EV_B4_C3,5.0,75.0,,
1,EV_B4_C3,4.0,75.0,,
1,EV_B4_C3,3.0,75.0,,
1,EV_B4_C3,2.0,75.0,,
1,EV_B4_C3,1.0,75.0,,
1,EV_B4_C3,0.0,75.0,,
3,,,,,
3,,,,,
3,,,,,
3,,,,,
3,,,,,
3,,,,,
3,,,,,
3,,,,,
3,,,,,
2,EV_B4_C3,,,0.0,22.03309494734732
1,EV_B4_C3,10.0,75.0,,
1,EV_B4_C3,9.0,75.0,,
1,EV_B4_C3,8.0,75.0,,
1,EV_B4_C3,7.0,75.0,,
1,EV_B4_C3,6.0,75.0,,
1,EV_B4_C3,5.0,75.0,,
1,EV_B4_C3,4.0,75.0,,
1,EV_B4_C3,3.0,75.0,,
1,EV_B4_C3,2.0,75.0,,
1,EV_B4_C3,1.0,75.0,,
1,EV_B4_C3,0.0,75.0,,
3,,,,,
3,,,,,
3,,,,,
3,,,,,
3,,,,,
3,,,,,
3,,,,,
3,,,,,
3,,,,,
3,,,,,
3,,,,,
3,,,,,
3,,,,,
3,,,,,
2,EV_B4_C3,,,0.0,25.289632570205818
1,EV_B4_C3,10.0,75.0,,
1,EV_B4_C3,9.0,75.0,,
1,EV_B4_C3,8.0,75.0,,
1,EV_B4_C3,7.0,75.0,,
1,EV_B4_C3,6.0,75.0,,
1,EV_B4_C3,5.0,75.0,,
1,EV_B4_C3,4.0,75.0,,
1,EV_B4_C3,3.0,75.0,,
1,EV_B4_C3,2.0,75.0,,
1,EV_B4_C3,1.0,75.0,,
1,EV_B4_C3,0.0,75.0,,
3,,,,,
3,,,,,
3,,,,,
3,,,,,
3,,,,,
3,,,,,
3,,,,,
3,,,,,
3,,,,,
3,,,,,
2,EV_B4_C3,,,0.0,37.484378759374046
1,EV_B4_C3,11.0,75.0,,
1,EV_B4_C3,10.0,75.0,,
1,EV_B4_C3,9.0,75.0,,
1,EV_B4_C3,8.0,75.0,,
1,EV_B4_C3,7.0,75.0,,
1,EV_B4_C3,6.0,75.0,,
1,EV_B4_C3,5.0,75.0,,
1,EV_B4_C3,4.0,75.0,,
1,EV_B4_C3,3.0,75.0,,
1,EV_B4_C3,2.0,75.0,,
1,EV_B4_C3,1.0,75.0,,
1,EV_B4_C3,0.0,75.0,,
3,,,,,
3,,,,,
3,,,,,
3,,,,,
3,,,,,
3,,,,,
3,,,,,
3,,,,,
3,,,,,
3,,,,,
3,,,,,
3,,,,,
3,,,,,
2,EV_B4_C3,,,0.0,33.87854385088175
1,EV_B4_C3,9.0,75.0,,
1,EV_B4_C3,8.0,75.0,,
1,EV_B4_C3,7.0,75.0,,
1,EV_B4_C3,6.0,75.0,,
1,EV_B4_C3,5.0,75.0,,
1,EV_B4_C3,4.0,75.0,,
1,EV_B4_C3,3.0,75.0,,
1,EV_B4_C3,2.0,75.0,,
1,EV_B4_C3,1.0,75.0,,
1,EV_B4_C3,0.0,75.0,,
3,,,,,
3,,,,,
3,,,,,
3,,,,,
3,,,,,
3,,,,,
3,,,,,
3,,,,,
3,,,,,
3,,,,,
3,,,,,
3,,,,,
3,,,,,
3,,,,,
3,,,,,
3,,,,,
3,,,,,
3,,,,,
3,,,,,
3,,,,,
3,,,,,
3,,,,,
3,,,,,
3,,,,,
3,,,,,
3,,,,,
3,,,,,
3,,,,,
3,,,,,
3,,,,,
3,,,,,
3,,,,,
3,,,,,
3,,,,,
3,,,,,
3,,,,,
3,,,,,
2,EV_B4_C3,,,0.0,26.88261090439847
1,EV_B4_C3,10.0,75.0,,
1,EV_B4_C3,9.0,75.0,,
1,EV_B4_C3,8.0,75.0,,
1,EV_B4_C3,7.0,75.0,,
1,EV_B4_C3,6.0,75.0,,
1,EV_B4_C3,5.0,75.0,,
1,EV_B4_C3,4.0,75.0,,
1,EV_B4_C3,3.0,75.0,,
1,EV_B4_C3,2.0,75.0,,
1,EV_B4_C3,1.0,75.0,,
1,EV_B4_C3,0.0,75.0,,
3,,,,,
3,,,,,
3,,,,,
3,,,,,
3,,,,,
3,,,,,
3,,,,,
3,,,,,
3,,,,,
3,,,,,
3,,,,,
2,EV_B4_C3,,,0.0,38.92368827989172
1,EV_B4_C3,11.0,75.0,,
1,EV_B4_C3,10.0,75.0,,
1,EV_B4_C3,9.0,75.0,,
1,EV_B4_C3,8.0,75.0,,
1,EV_B4_C3,7.0,75.0,,
1,EV_B4_C3,6.0,75.0,,
1,EV_B4_C3,5.0,75.0,,
1,EV_B4_C3,4.0,75.0,,
1,EV_B4_C3,3.0,75.0,,
1,EV_B4_C3,2.0,75.0,,
1,EV_B4_C3,1.0,75.0,,
1,EV_B4_C3,0.0,75.0,,
3,,,,,
3,,,,,
3,,,,,
3,,,,,
3,,,,,
3,,,,,
3,,,,,
3,,,,,
3,,,,,
3,,,,,
2,EV_B4_C3,,,0.0,22.368426657372645
1,EV_B4_C3,11.0,75.0,,
1,EV_B4_C3,10.0,75.0,,
1,EV_B4_C3,9.0,75.0,,
1,EV_B4_C3,8.0,75.0,,
1,EV_B4_C3,7.0,75.0,,
1,EV_B4_C3,6.0,75.0,,
1,EV_B4_C3,5.0,75.0,,
1,EV_B4_C3,4.0,75.0,,
1,EV_B4_C3,3.0,75.0,,
1,EV_B4_C3,2.0,75.0,,
1,EV_B4_C3,1.0,75.0,,
1,EV_B4_C3,0.0,75.0,,
3,,,,,
3,,,,,
3,,,,,
3,,,,,
3,,,,,
3,,,,,
3,,,,,
3,,,,,
3,,,,,
3,,,,,
3,,,,,
3,,,,,
2,EV_B4_C3,,,0.0,21.052027199894134
1,EV_B4_C3,10.0,75.0,,
1,EV_B4_C3,9.0,75.0,,
1,EV_B4_C3,8.0,75.0,,
1,EV_B4_C3,7.0,75.0,,
1,EV_B4_C3,6.0,75.0,,
1,EV_B4_C3,5.0,75.0,,
1,EV_B4_C3,4.0,75.0,,
1,EV_B4_C3,3.0,75.0,,
1,EV_B4_C3,2.0,75.0,,
1,EV_B4_C3,1.0,75.0,,
1,EV_B4_C3,0.0,75.0,,
3,,,,,
3,,,,,
3,,,,,
3,,,,,
3,,,,,
3,,,,,
3,,,,,
3,,,,,
3,,,,,
3,,,,,
3,,,,,
3,,,,,
3,,,,,
3,,,,,
3,,,,,
3,,,,,
3,,,,,
3,,,,,
3,,,,,
3,,,,,
3,,,,,
3,,,,,
3,,,,,
3,,,,,
3,,,,,
3,,,,,
3,,,,,
3,,,,,
3,,,,,
3,,,,,
3,,,,,
3,,,,,
3,,,,,
3,,,,,
3,,,,,
3,,,,,
2,EV_B4_C3,,,0.0,33.50810263675762
1,EV_B4_C3,10.0,75.0,,
1,EV_B4_C3,9.0,75.0,,
1,EV_B4_C3,8.0,75.0,,
1,EV_B4_C3,7.0,75.0,,
1,EV_B4_C3,6.0,75.0,,
1,EV_B4_C3,5.0,75.0,,
1,EV_B4_C3,4.0,75.0,,
1,EV_B4_C3,3.0,75.0,,
1,EV_B4_C3,2.0,75.0,,
1,EV_B4_C3,1.0,75.0,,
1,EV_B4_C3,0.0,75.0,,
3,,,,,
3,,,,,
3,,,,,
3,,,,,
3,,,,,
3,,,,,
3,,,,,
3,,,,,
3,,,,,
3,,,,,
3,,,,,
3,,,,,
3,,,,,
3,,,,,
3,,,,,
3,,,,,
3,,,,,
3,,,,,
3,,,,,
3,,,,,
3,,,,,
3,,,,,
3,,,,,
3,,,,,
3,,,,,
3,,,,,
3,,,,,
3,,,,,
3,,,,,
3,,,,,
3,,,,,
3,,,,,
3,,,,,
3,,,,,
3,,,,,
3,,,,,
2,EV_B4_C3,,,0.0,28.12507898489966
1,EV_B4_C3,12.0,75.0,,
1,EV_B4_C3,11.0,75.0,,
1,EV_B4_C3,10.0,75.0,,
1,EV_B4_C3,9.0,75.0,,
1,EV_B4_C3,8.0,75.0,,
1,EV_B4_C3,7.0,75.0,,
1,EV_B4_C3,6.0,75.0,,
1,EV_B4_C3,5.0,75.0,,
1,EV_B4_C3,4.0,75.0,,
1,EV_B4_C3,3.0,75.0,,
1,EV_B4_C3,2.0,75.0,,
1,EV_B4_C3,1.0,75.0,,
1,EV_B4_C3,0.0,75.0,,
3,,,,,
3,,,,,
3,,,,,
3,,,,,
3,,,,,
3,,,,,
3,,,,,
3,,,,,
3,,,,,
2,EV_B4_C3,,,0.0,26.46102740006919
1,EV_B4_C3,11.0,75.0,,
1,EV_B4_C3,10.0,75.0,,
1,EV_B4_C3,9.0,75.0,,
1,EV_B4_C3,8.0,75.0,,
1,EV_B4_C3,7.0,75.0,,
1,EV_B4_C3,6.0,75.0,,
1,EV_B4_C3,5.0,75.0,,
1,EV_B4_C3,4.0,75.0,,
1,EV_B4_C3,3.0,75.0,,
1,EV_B4_C3,2.0,75.0,,
1,EV_B4_C3,1.0,75.0,,
1,EV_B4_C3,0.0,75.0,,
3,,,,,
3,,,,,
3,,,,,
3,,,,,
3,,,,,
3,,,,,
3,,,,,
3,,,,,
3,,,,,
3,,,,,
3,,,,,
3,,,,,
3,,,,,
3,,,,,
2,EV_B4_C3,,,0.0,32.15733394625555
1,EV_B4_C3,8.0,75.0,,
1,EV_B4_C3,7.0,75.0,,
1,EV_B4_C3,6.0,75.0,,
1,EV_B4_C3,5.0,75.0,,
1,EV_B4_C3,4.0,75.0,,
1,EV_B4_C3,3.0,75.0,,
1,EV_B4_C3,2.0,75.0,,
1,EV_B4_C3,1.0,75.0,,
1,EV_B4_C3,0.0,75.0,,
3,,,,,
3,,,,,
3,,,,,
3,,,,,
3,,,,,
3,,,,,
3,,,,,
3,,,,,
3,,,,,
3,,,,,
3,,,,,
3,,,,,
2,EV_B4_C3,,,0.0,31.359190553142113
1,EV_B4_C3,11.0,75.0,,
1,EV_B4_C3,10.0,75.0,,
1,EV_B4_C3,9.0,75.0,,
1,EV_B4_C3,8.0,75.0,,
1,EV_B4_C3,7.0,75.0,,
1,EV_B4_C3,6.0,75.0,,
1,EV_B4_C3,5.0,75.0,,
1,EV_B4_C3,4.0,75.0,,
1,EV_B4_C3,3.0,75.0,,
1,EV_B4_C3,2.0,75.0,,
1,EV_B4_C3,1.0,75.0,,
1,EV_B4_C3,0.0,75.0,,
3,,,,,
3,,,,,
3,,,,,
3,,,,,
3,,,,,
3,,,,,
3,,,,,
3,,,,,
3,,,,,
3,,,,,
3,,,,,
3,,,,,
2,EV_B4_C3,,,0.0,24.28410794676185
1,EV_B4_C3,10.0,75.0,,
1,EV_B4_C3,9.0,75.0,,
1,EV_B4_C3,8.0,75.0,,
1,EV_B4_C3,7.0,75.0,,
1,EV_B4_C3,6.0,75.0,,
1,EV_B4_C3,5.0,75.0,,
1,EV_B4_C3,4.0,75.0,,
1,EV_B4_C3,3.0,75.0,,
1,EV_B4_C3,2.0,75.0,,
1,EV_B4_C3,1.0,75.0,,
1,EV_B4_C3,0.0,75.0,,
3,,,,,
3,,,,,
3,,,,,
3,,,,,
3,,,,,
3,,,,,
3,,,,,
3,,,,,
3,,,,,
3,,,,,
3,,,,,
3,,,,,
3,,,,,
2,EV_B4_C3,,,0.0,29.90904390983425
1,EV_B4_C3,8.0,75.0,,
1,EV_B4_C3,7.0,75.0,,
1,EV_B4_C3,6.0,75.0,,
1,EV_B4_C3,5.0,75.0,,
1,EV_B4_C3,4.0,75.0,,
1,EV_B4_C3,3.0,75.0,,
1,EV_B4_C3,2.0,75.0,,
1,EV_B4_C3,1.0,75.0,,
1,EV_B4_C3,0.0,75.0,,
3,,,,,
3,,,,,
3,,,,,
3,,,,,
3,,,,,
3,,,,,
3,,,,,
3,,,,,
3,,,,,
3,,,,,
3,,,,,
3,,,,,
3,,,,,
3,,,,,
2,EV_B4_C3,,,0.0,27.801572799834272
1,EV_B4_C3,8.0,75.0,,
1,EV_B4_C3,7.0,75.0,,
1,EV_B4_C3,6.0,75.0,,
1,EV_B4_C3,5.0,75.0,,
1,EV_B4_C3,4.0,75.0,,
1,EV_B4_C3,3.0,75.0,,
1,EV_B4_C3,2.0,75.0,,
1,EV_B4_C3,1.0,75.0,,
1,EV_B4_C3,0.0,75.0,,
3,,,,,
3,,,,,
3,,,,,
3,,,,,
3,,,,,
3,,,,,
3,,,,,
3,,,,,
3,,,,,
3,,,,,
3,,,,,
3,,,,,
3,,,,,
3,,,,,
3,,,,,
3,,,,,
3,,,,,
3,,,,,
3,,,,,
3,,,,,
3,,,,,
3,,,,,
3,,,,,
3,,,,,
3,,,,,
3,,,,,
3,,,,,
3,,,,,
3,,,,,
3,,,,,
3,,,,,
3,,,,,
3,,,,,
3,,,,,
3,,,,,
3,,,,,
3,,,,,
2,EV_B4_C3,,,0.0,30.35607619668228
1,EV_B4_C3,9.0,75.0,,
1,EV_B4_C3,8.0,75.0,,
1,EV_B4_C3,7.0,75.0,,
1,EV_B4_C3,6.0,75.0,,
1,EV_B4_C3,5.0,75.0,,
1,EV_B4_C3,4.0,75.0,,
1,EV_B4_C3,3.0,75.0,,
1,EV_B4_C3,2.0,75.0,,
1,EV_B4_C3,1.0,75.0,,
1,EV_B4_C3,0.0,75.0,,
3,,,,,
3,,,,,
3,,,,,
3,,,,,
3,,,,,
3,,,,,
3,,,,,
3,,,,,
3,,,,,
3,,,,,
3,,,,,
3,,,,,
2,EV_B4_C3,,,0.0,22.9613205652109
1,EV_B4_C3,10.0,75.0,,
1,EV_B4_C3,9.0,75.0,,
1,EV_B4_C3,8.0,75.0,,
1,EV_B4_C3,7.0,75.0,,
1,EV_B4_C3,6.0,75.0,,
1,EV_B4_C3,5.0,75.0,,
1,EV_B4_C3,4.0,75.0,,
1,EV_B4_C3,3.0,75.0,,
1,EV_B4_C3,2.0,75.0,,
1,EV_B4_C3,1.0,75.0,,
1,EV_B4_C3,0.0,75.0,,
3,,,,,
3,,,,,
3,,,,,
3,,,,,
3,,,,,
3,,,,,
3,,,,,
3,,,,,
3,,,,,
3,,,,,
3,,,,,
3,,,,,
2,EV_B4_C3,,,0.0,29.01956486075379
1,EV_B4_C3,10.0,75.0,,
1,EV_B4_C3,9.0,75.0,,
1,EV_B4_C3,8.0,75.0,,
1,EV_B4_C3,7.0,75.0,,
1,EV_B4_C3,6.0,75.0,,
1,EV_B4_C3,5.0,75.0,,
1,EV_B4_C3,4.0,75.0,,
1,EV_B4_C3,3.0,75.0,,
1,EV_B4_C3,2.0,75.0,,
1,EV_B4_C3,1.0,75.0,,
1,EV_B4_C3,0.0,75.0,,
3,,,,,
3,,,,,
3,,,,,
3,,,,,
3,,,,,
3,,,,,
3,,,,,
3,,,,,
3,,,,,
3,,,,,
3,,,,,
3,,,,,
3,,,,,
3,,,,,
3,,,,,
3,,,,,
3,,,,,
3,,,,,
3,,,,,
3,,,,,
3,,,,,
3,,,,,
3,,,,,
3,,,,,
3,,,,,
3,,,,,
3,,,,,
3,,,,,
3,,,,,
3,,,,,
3,,,,,
3,,,,,
3,,,,,
3,,,,,
3,,,,,
3,,,,,
3,,,,,
2,EV_B4_C3,,,0.0,30.387730563593667
1,EV_B4_C3,11.0,75.0,,
1,EV_B4_C3,10.0,75.0,,
1,EV_B4_C3,9.0,75.0,,
1,EV_B4_C3,8.0,75.0,,
1,EV_B4_C3,7.0,75.0,,
1,EV_B4_C3,6.0,75.0,,
1,EV_B4_C3,5.0,75.0,,
1,EV_B4_C3,4.0,75.0,,
1,EV_B4_C3,3.0,75.0,,
1,EV_B4_C3,2.0,75.0,,
1,EV_B4_C3,1.0,75.0,,
1,EV_B4_C3,0.0,75.0,,
3,,,,,
3,,,,,
3,,,,,
3,,,,,
3,,,,,
3,,,,,
3,,,,,
3,,,,,
3,,,,,
3,,,,,
2,EV_B4_C3,,,0.0,26.263995567058167
1,EV_B4_C3,10.0,75.0,,
1,EV_B4_C3,9.0,75.0,,
1,EV_B4_C3,8.0,75.0,,
1,EV_B4_C3,7.0,75.0,,
1,EV_B4_C3,6.0,75.0,,
1,EV_B4_C3,5.0,75.0,,
1,EV_B4_C3,4.0,75.0,,
1,EV_B4_C3,3.0,75.0,,
1,EV_B4_C3,2.0,75.0,,
1,EV_B4_C3,1.0,75.0,,
1,EV_B4_C3,0.0,75.0,,
3,,,,,
3,,,,,
3,,,,,
3,,,,,
3,,,,,
3,,,,,
3,,,,,
3,,,,,
3,,,,,
3,,,,,
3,,,,,
3,,,,,
3,,,,,
2,EV_B4_C3,,,0.0,28.26643635611591
1,EV_B4_C3,10.0,75.0,,
1,EV_B4_C3,9.0,75.0,,
1,EV_B4_C3,8.0,75.0,,
1,EV_B4_C3,7.0,75.0,,
1,EV_B4_C3,6.0,75.0,,
1,EV_B4_C3,5.0,75.0,,
1,EV_B4_C3,4.0,75.0,,
1,EV_B4_C3,3.0,75.0,,
1,EV_B4_C3,2.0,75.0,,
1,EV_B4_C3,1.0,75.0,,
1,EV_B4_C3,0.0,75.0,,
3,,,,,
3,,,,,
3,,,,,
3,,,,,
3,,,,,
3,,,,,
3,,,,,
3,,,,,
3,,,,,
3,,,,,
3,,,,,
3,,,,,
3,,,,,
2,EV_B4_C3,,,0.0,30.77224819842792
1,EV_B4_C3,9.0,75.0,,
1,EV_B4_C3,8.0,75.0,,
1,EV_B4_C3,7.0,75.0,,
1,EV_B4_C3,6.0,75.0,,
1,EV_B4_C3,5.0,75.0,,
1,EV_B4_C3,4.0,75.0,,
1,EV_B4_C3,3.0,75.0,,
1,EV_B4_C3,2.0,75.0,,
1,EV_B4_C3,1.0,75.0,,
1,EV_B4_C3,0.0,75.0,,
3,,,,,
3,,,,,
3,,,,,
3,,,,,
3,,,,,
3,,,,,
3,,,,,
3,,,,,
3,,,,,
3,,,,,
2,EV_B4_C3,,,0.0,36.94293162630787
1,EV_B4_C3,12.0,75.0,,
1,EV_B4_C3,11.0,75.0,,
1,EV_B4_C3,10.0,75.0,,
1,EV_B4_C3,9.0,75.0,,
1,EV_B4_C3,8.0,75.0,,
1,EV_B4_C3,7.0,75.0,,
1,EV_B4_C3,6.0,75.0,,
1,EV_B4_C3,5.0,75.0,,
1,EV_B4_C3,4.0,75.0,,
1,EV_B4_C3,3.0,75.0,,
1,EV_B4_C3,2.0,75.0,,
1,EV_B4_C3,1.0,75.0,,
1,EV_B4_C3,0.0,75.0,,
3,,,,,
3,,,,,
3,,,,,
3,,,,,
3,,,,,
3,,,,,
3,,,,,
3,,,,,
3,,,,,
3,,,,,
3,,,,,
3,,,,,
2,EV_B4_C3,,,0.0,27.196501384469197
1,EV_B4_C3,9.0,75.0,,
1,EV_B4_C3,8.0,75.0,,
1,EV_B4_C3,7.0,75.0,,
1,EV_B4_C3,6.0,75.0,,
1,EV_B4_C3,5.0,75.0,,
1,EV_B4_C3,4.0,75.0,,
1,EV_B4_C3,3.0,75.0,,
1,EV_B4_C3,2.0,75.0,,
1,EV_B4_C3,1.0,75.0,,
1,EV_B4_C3,0.0,75.0,,
3,,,,,
3,,,,,
3,,,,,
3,,,,,
3,,,,,
3,,,,,
3,,,,,
3,,,,,
3,,,,,
3,,,,,
3,,,,,
3,,,,,
3,,,,,
3,,,,,
2,EV_B4_C3,,,0.0,29.750061725913866
1,EV_B4_C3,9.0,75.0,,
1,EV_B4_C3,8.0,75.0,,
1,EV_B4_C3,7.0,75.0,,
1,EV_B4_C3,6.0,75.0,,
1,EV_B4_C3,5.0,75.0,,
1,EV_B4_C3,4.0,75.0,,
1,EV_B4_C3,3.0,75.0,,
1,EV_B4_C3,2.0,75.0,,
1,EV_B4_C3,1.0,75.0,,
1,EV_B4_C3,0.0,75.0,,
3,,,,,
3,,,,,
3,,,,,
3,,,,,
3,,,,,
3,,,,,
3,,,,,
3,,,,,
3,,,,,
3,,,,,
3,,,,,
3,,,,,
3,,,,,
2,EV_B4_C3,,,0.0,30.645088724486776
1,EV_B4_C3,8.0,75.0,,
1,EV_B4_C3,7.0,75.0,,
1,EV_B4_C3,6.0,75.0,,
1,EV_B4_C3,5.0,75.0,,
1,EV_B4_C3,4.0,75.0,,
1,EV_B4_C3,3.0,75.0,,
1,EV_B4_C3,2.0,75.0,,
1,EV_B4_C3,1.0,75.0,,
1,EV_B4_C3,0.0,75.0,,
3,,,,,
3,,,,,
3,,,,,
3,,,,,
3,,,,,
3,,,,,
3,,,,,
3,,,,,
3,,,,,
3,,,,,
3,,,,,
2,EV_B4_C3,,,0.0,35.12402030925626
1,EV_B4_C3,11.0,75.0,,
1,EV_B4_C3,10.0,75.0,,
1,EV_B4_C3,9.0,75.0,,
1,EV_B4_C3,8.0,75.0,,
1,EV_B4_C3,7.0,75.0,,
1,EV_B4_C3,6.0,75.0,,
1,EV_B4_C3,5.0,75.0,,
1,EV_B4_C3,4.0,75.0,,
1,EV_B4_C3,3.0,75.0,,
1,EV_B4_C3,2.0,75.0,,
1,EV_B4_C3,1.0,75.0,,
1,EV_B4_C3,0.0,75.0,,
3,,,,,
3,,,,,
3,,,,,
3,,,,,
3,,,,,
3,,,,,
3,,,,,
3,,,,,
3,,,,,
3,,,,,
3,,,,,
3,,,,,
3,,,,,
2,EV_B4_C3,,,0.0,30.750478822998655
1,EV_B4_C3,10.0,75.0,,
1,EV_B4_C3,9.0,75.0,,
1,EV_B4_C3,8.0,75.0,,
1,EV_B4_C3,7.0,75.0,,
1,EV_B4_C3,6.0,75.0,,
1,EV_B4_C3,5.0,75.0,,
1,EV_B4_C3,4.0,75.0,,
1,EV_B4_C3,3.0,75.0,,
1,EV_B4_C3,2.0,75.0,,
1,EV_B4_C3,1.0,75.0,,
1,EV_B4_C3,0.0,75.0,,
3,,,,,
3,,,,,
3,,,,,
3,,,,,
3,,,,,
3,,,,,
3,,,,,
3,,,,,
3,,,,,
3,,,,,
3,,,,,
3,,,,,
2,EV_B4_C3,,,0.0,20.32815200345141
1,EV_B4_C3,10.0,75.0,,
1,EV_B4_C3,9.0,75.0,,
1,EV_B4_C3,8.0,75.0,,
1,EV_B4_C3,7.0,75.0,,
1,EV_B4_C3,6.0,75.0,,
1,EV_B4_C3,5.0,75.0,,
1,EV_B4_C3,4.0,75.0,,
1,EV_B4_C3,3.0,75.0,,
1,EV_B4_C3,2.0,75.0,,
1,EV_B4_C3,1.0,75.0,,
1,EV_B4_C3,0.0,75.0,,
3,,,,,
3,,,,,
3,,,,,
3,,,,,
3,,,,,
3,,,,,
3,,,,,
3,,,,,
3,,,,,
3,,,,,
3,,,,,
2,EV_B4_C3,,,0.0,20.555965817663864
1,EV_B4_C3,11.0,75.0,,
1,EV_B4_C3,10.0,75.0,,
1,EV_B4_C3,9.0,75.0,,
1,EV_B4_C3,8.0,75.0,,
1,EV_B4_C3,7.0,75.0,,
1,EV_B4_C3,6.0,75.0,,
1,EV_B4_C3,5.0,75.0,,
1,EV_B4_C3,4.0,75.0,,
1,EV_B4_C3,3.0,75.0,,
1,EV_B4_C3,2.0,75.0,,
1,EV_B4_C3,1.0,75.0,,
1,EV_B4_C3,0.0,75.0,,
3,,,,,
3,,,,,
3,,,,,
3,,,,,
3,,,,,
3,,,,,
3,,,,,
3,,,,,
3,,,,,
3,,,,,
3,,,,,
3,,,,,
3,,,,,
3,,,,,
3,,,,,
3,,,,,
3,,,,,
3,,,,,
3,,,,,
3,,,,,
3,,,,,
3,,,,,
3,,,,,
3,,,,,
3,,,,,
3,,,,,
3,,,,,
3,,,,,
3,,,,,
3,,,,,
3,,,,,
3,,,,,
3,,,,,
3,,,,,
3,,,,,
3,,,,,
2,EV_B4_C3,,,0.0,23.55413435651181
1,EV_B4_C3,10.0,75.0,,
1,EV_B4_C3,9.0,75.0,,
1,EV_B4_C3,8.0,75.0,,
1,EV_B4_C3,7.0,75.0,,
1,EV_B4_C3,6.0,75.0,,
1,EV_B4_C3,5.0,75.0,,
1,EV_B4_C3,4.0,75.0,,
1,EV_B4_C3,3.0,75.0,,
1,EV_B4_C3,2.0,75.0,,
1,EV_B4_C3,1.0,75.0,,
1,EV_B4_C3,0.0,75.0,,
3,,,,,
3,,,,,
3,,,,,
3,,,,,
3,,,,,
3,,,,,
3,,,,,
3,,,,,
3,,,,,
3,,,,,
3,,,,,
3,,,,,
2,EV_B4_C3,,,0.0,38.922986678627204
1,EV_B4_C3,10.0,75.0,,
1,EV_B4_C3,9.0,75.0,,
1,EV_B4_C3,8.0,75.0,,
1,EV_B4_C3,7.0,75.0,,
1,EV_B4_C3,6.0,75.0,,
1,EV_B4_C3,5.0,75.0,,
1,EV_B4_C3,4.0,75.0,,
1,EV_B4_C3,3.0,75.0,,
1,EV_B4_C3,2.0,75.0,,
1,EV_B4_C3,1.0,75.0,,
1,EV_B4_C3,0.0,75.0,,
3,,,,,
3,,,,,
3,,,,,
3,,,,,
3,,,,,
3,,,,,
3,,,,,
3,,,,,
3,,,,,
3,,,,,
3,,,,,
2,EV_B4_C3,,,0.0,30.291272383815336
1,EV_B4_C3,9.0,75.0,,
1,EV_B4_C3,8.0,75.0,,
1,EV_B4_C3,7.0,75.0,,
1,EV_B4_C3,6.0,75.0,,
1,EV_B4_C3,5.0,75.0,,
1,EV_B4_C3,4.0,75.0,,
1,EV_B4_C3,3.0,75.0,,
1,EV_B4_C3,2.0,75.0,,
1,EV_B4_C3,1.0,75.0,,
1,EV_B4_C3,0.0,75.0,,
3,,,,,
3,,,,,
3,,,,,
3,,,,,
3,,,,,
3,,,,,
3,,,,,
3,,,,,
3,,,,,
3,,,,,
3,,,,,
3,,,,,
3,,,,,
3,,,,,
2,EV_B4_C3,,,0.0,37.10854927058191
1,EV_B4_C3,9.0,75.0,,
1,EV_B4_C3,8.0,75.0,,
1,EV_B4_C3,7.0,75.0,,
1,EV_B4_C3,6.0,75.0,,
1,EV_B4_C3,5.0,75.0,,
1,EV_B4_C3,4.0,75.0,,
1,EV_B4_C3,3.0,75.0,,
1,EV_B4_C3,2.0,75.0,,
1,EV_B4_C3,1.0,75.0,,
1,EV_B4_C3,0.0,75.0,,
3,,,,,
3,,,,,
3,,,,,
3,,,,,
3,,,,,
3,,,,,
3,,,,,
3,,,,,
3,,,,,
3,,,,,
3,,,,,
2,EV_B4_C3,,,0.0,30.10624081813064
1,EV_B4_C3,11.0,75.0,,
1,EV_B4_C3,10.0,75.0,,
1,EV_B4_C3,9.0,75.0,,
1,EV_B4_C3,8.0,75.0,,
1,EV_B4_C3,7.0,75.0,,
1,EV_B4_C3,6.0,75.0,,
1,EV_B4_C3,5.0,75.0,,
1,EV_B4_C3,4.0,75.0,,
1,EV_B4_C3,3.0,75.0,,
1,EV_B4_C3,2.0,75.0,,
1,EV_B4_C3,1.0,75.0,,
1,EV_B4_C3,0.0,75.0,,
3,,,,,
3,,,,,
3,,,,,
3,,,,,
3,,,,,
3,,,,,
3,,,,,
3,,,,,
3,,,,,
3,,,,,
3,,,,,
3,,,,,
2,EV_B4_C3,,,0.0,20.787723582806507
1,EV_B4_C3,10.0,75.0,,
1,EV_B4_C3,9.0,75.0,,
1,EV_B4_C3,8.0,75.0,,
1,EV_B4_C3,7.0,75.0,,
1,EV_B4_C3,6.0,75.0,,
1,EV_B4_C3,5.0,75.0,,
1,EV_B4_C3,4.0,75.0,,
1,EV_B4_C3,3.0,75.0,,
1,EV_B4_C3,2.0,75.0,,
1,EV_B4_C3,1.0,75.0,,
1,EV_B4_C3,0.0,75.0,,
3,,,,,
3,,,,,
3,,,,,
3,,,,,
3,,,,,
3,,,,,
3,,,,,
3,,,,,
3,,,,,
3,,,,,
3,,,,,
2,EV_B4_C3,,,0.0,29.00260891701719
1,EV_B4_C3,12.0,75.0,,
1,EV_B4_C3,11.0,75.0,,
1,EV_B4_C3,10.0,75.0,,
1,EV_B4_C3,9.0,75.0,,
1,EV_B4_C3,8.0,75.0,,
1,EV_B4_C3,7.0,75.0,,
1,EV_B4_C3,6.0,75.0,,
1,EV_B4_C3,5.0,75.0,,
1,EV_B4_C3,4.0,75.0,,
1,EV_B4_C3,3.0,75.0,,
1,EV_B4_C3,2.0,75.0,,
1,EV_B4_C3,1.0,75.0,,
1,EV_B4_C3,0.0,75.0,,
3,,,,,
3,,,,,
3,,,,,
3,,,,,
3,,,,,
3,,,,,
3,,,,,
3,,,,,
3,,,,,
3,,,,,
3,,,,,
2,EV_B4_C3,,,0.0,22.94185787795702
1,EV_B4_C3,9.0,75.0,,
1,EV_B4_C3,8.0,75.0,,
1,EV_B4_C3,7.0,75.0,,
1,EV_B4_C3,6.0,75.0,,
1,EV_B4_C3,5.0,75.0,,
1,EV_B4_C3,4.0,75.0,,
1,EV_B4_C3,3.0,75.0,,
1,EV_B4_C3,2.0,75.0,,
1,EV_B4_C3,1.0,75.0,,
1,EV_B4_C3,0.0,75.0,,
3,,,,,
3,,,,,
3,,,,,
3,,,,,
3,,,,,
3,,,,,
3,,,,,
3,,,,,
3,,,,,
3,,,,,
3,,,,,
3,,,,,
3,,,,,
3,,,,,
3,,,,,
2,EV_B4_C3,,,0.0,26.5761201667776
1,EV_B4_C3,8.0,75.0,,
1,EV_B4_C3,7.0,75.0,,
1,EV_B4_C3,6.0,75.0,,
1,EV_B4_C3,5.0,75.0,,
1,EV_B4_C3,4.0,75.0,,
1,EV_B4_C3,3.0,75.0,,
1,EV_B4_C3,2.0,75.0,,
1,EV_B4_C3,1.0,75.0,,
1,EV_B4_C3,0.0,75.0,,
3,,,,,
3,,,,,
3,,,,,
3,,,,,
3,,,,,
3,,,,,
3,,,,,
3,,,,,
3,,,,,
3,,,,,
3,,,,,
3,,,,,
3,,,,,
3,,,,,
3,,,,,
3,,,,,
3,,,,,
3,,,,,
3,,,,,
3,,,,,
3,,,,,
3,,,,,
3,,,,,
3,,,,,
3,,,,,
3,,,,,
3,,,,,
3,,,,,
3,,,,,
3,,,,,
3,,,,,
3,,,,,
3,,,,,
3,,,,,
3,,,,,
3,,,,,
2,EV_B4_C3,,,0.0,34.709999222313
1,EV_B4_C3,10.0,75.0,,
1,EV_B4_C3,9.0,75.0,,
1,EV_B4_C3,8.0,75.0,,
1,EV_B4_C3,7.0,75.0,,
1,EV_B4_C3,6.0,75.0,,
1,EV_B4_C3,5.0,75.0,,
1,EV_B4_C3,4.0,75.0,,
1,EV_B4_C3,3.0,75.0,,
1,EV_B4_C3,2.0,75.0,,
1,EV_B4_C3,1.0,75.0,,
1,EV_B4_C3,0.0,75.0,,
3,,,,,
3,,,,,
3,,,,,
3,,,,,
3,,,,,
3,,,,,
3,,,,,
3,,,,,
3,,,,,
3,,,,,
3,,,,,
2,EV_B4_C3,,,0.0,35.41500330796571
1,EV_B4_C3,11.0,75.0,,
1,EV_B4_C3,10.0,75.0,,
1,EV_B4_C3,9.0,75.0,,
1,EV_B4_C3,8.0,75.0,,
1,EV_B4_C3,7.0,75.0,,
1,EV_B4_C3,6.0,75.0,,
1,EV_B4_C3,5.0,75.0,,
1,EV_B4_C3,4.0,75.0,,
1,EV_B4_C3,3.0,75.0,,
1,EV_B4_C3,2.0,75.0,,
1,EV_B4_C3,1.0,75.0,,
1,EV_B4_C3,0.0,75.0,,
3,,,,,
3,,,,,
3,,,,,
3,,,,,
3,,,,,
3,,,,,
3,,,,,
3,,,,,
3,,,,,
3,,,,,
3,,,,,
3,,,,,
2,EV_B4_C3,,,0.0,26.994901557436517
1,EV_B4_C3,10.0,75.0,,
1,EV_B4_C3,9.0,75.0,,
1,EV_B4_C3,8.0,75.0,,
1,EV_B4_C3,7.0,75.0,,
1,EV_B4_C3,6.0,75.0,,
1,EV_B4_C3,5.0,75.0,,
1,EV_B4_C3,4.0,75.0,,
1,EV_B4_C3,3.0,75.0,,
1,EV_B4_C3,2.0,75.0,,
1,EV_B4_C3,1.0,75.0,,
1,EV_B4_C3,0.0,75.0,,
3,,,,,
3,,,,,
3,,,,,
3,,,,,
3,,,,,
3,,,,,
3,,,,,
3,,,,,
3,,,,,
3,,,,,
3,,,,,
3,,,,,
3,,,,,
3,,,,,
3,,,,,
2,EV_B4_C3,,,0.0,33.35348396913494
1,EV_B4_C3,8.0,75.0,,
1,EV_B4_C3,7.0,75.0,,
1,EV_B4_C3,6.0,75.0,,
1,EV_B4_C3,5.0,75.0,,
1,EV_B4_C3,4.0,75.0,,
1,EV_B4_C3,3.0,75.0,,
1,EV_B4_C3,2.0,75.0,,
1,EV_B4_C3,1.0,75.0,,
1,EV_B4_C3,0.0,75.0,,
3,,,,,
3,,,,,
3,,,,,
3,,,,,
3,,,,,
3,,,,,
3,,,,,
3,,,,,
3,,,,,
3,,,,,
3,,,,,
3,,,,,
3,,,,,
3,,,,,
3,,,,,
3,,,,,
3,,,,,
3,,,,,
3,,,,,
3,,,,,
3,,,,,
3,,,,,
3,,,,,
3,,,,,
3,,,,,
3,,,,,
3,,,,,
3,,,,,
3,,,,,
3,,,,,
3,,,,,
3,,,,,
3,,,,,
3,,,,,
3,,,,,
2,EV_B4_C3,,,0.0,37.15023519988655
1,EV_B4_C3,11.0,75.0,,
1,EV_B4_C3,10.0,75.0,,
1,EV_B4_C3,9.0,75.0,,
1,EV_B4_C3,8.0,75.0,,
1,EV_B4_C3,7.0,75.0,,
1,EV_B4_C3,6.0,75.0,,
1,EV_B4_C3,5.0,75.0,,
1,EV_B4_C3,4.0,75.0,,
1,EV_B4_C3,3.0,75.0,,
1,EV_B4_C3,2.0,75.0,,
1,EV_B4_C3,1.0,75.0,,
1,EV_B4_C3,0.0,75.0,,
3,,,,,
3,,,,,
3,,,,,
3,,,,,
3,,,,,
3,,,,,
3,,,,,
3,,,,,
3,,,,,
3,,,,,
3,,,,,
3,,,,,
2,EV_B4_C3,,,0.0,27.106937743125453
1,EV_B4_C3,9.0,75.0,,
1,EV_B4_C3,8.0,75.0,,
1,EV_B4_C3,7.0,75.0,,
1,EV_B4_C3,6.0,75.0,,
1,EV_B4_C3,5.0,75.0,,
1,EV_B4_C3,4.0,75.0,,
1,EV_B4_C3,3.0,75.0,,
1,EV_B4_C3,2.0,75.0,,
1,EV_B4_C3,1.0,75.0,,
1,EV_B4_C3,0.0,75.0,,
3,,,,,
3,,,,,
3,,,,,
3,,,,,
3,,,,,
3,,,,,
3,,,,,
3,,,,,
3,,,,,
3,,,,,
2,EV_B4_C3,,,0.0,25.063317598551944
1,EV_B4_C3,13.0,75.0,,
1,EV_B4_C3,12.0,75.0,,
1,EV_B4_C3,11.0,75.0,,
1,EV_B4_C3,10.0,75.0,,
1,EV_B4_C3,9.0,75.0,,
1,EV_B4_C3,8.0,75.0,,
1,EV_B4_C3,7.0,75.0,,
1,EV_B4_C3,6.0,75.0,,
1,EV_B4_C3,5.0,75.0,,
1,EV_B4_C3,4.0,75.0,,
1,EV_B4_C3,3.0,75.0,,
1,EV_B4_C3,2.0,75.0,,
1,EV_B4_C3,1.0,75.0,,
1,EV_B4_C3,0.0,75.0,,
3,,,,,
3,,,,,
3,,,,,
3,,,,,
3,,,,,
3,,,,,
3,,,,,
3,,,,,
3,,,,,
3,,,,,
3,,,,,
3,,,,,
3,,,,,
3,,,,,
3,,,,,
3,,,,,
3,,,,,
3,,,,,
3,,,,,
3,,,,,
3,,,,,
3,,,,,
3,,,,,
3,,,,,
3,,,,,
3,,,,,
3,,,,,
3,,,,,
3,,,,,
3,,,,,
3,,,,,
3,,,,,
3,,,,,
3,,,,,
3,,,,,
3,,,,,
2,EV_B4_C3,,,0.0,22.69953626943544
1,EV_B4_C3,9.0,75.0,,
1,EV_B4_C3,8.0,75.0,,
1,EV_B4_C3,7.0,75.0,,
1,EV_B4_C3,6.0,75.0,,
1,EV_B4_C3,5.0,75.0,,
1,EV_B4_C3,4.0,75.0,,
1,EV_B4_C3,3.0,75.0,,
1,EV_B4_C3,2.0,75.0,,
1,EV_B4_C3,1.0,75.0,,
1,EV_B4_C3,0.0,75.0,,
3,,,,,
3,,,,,
3,,,,,
3,,,,,
3,,,,,
3,,,,,
3,,,,,
3,,,,,
3,,,,,
3,,,,,
3,,,,,
3,,,,,
3,,,,,
2,EV_B4_C3,,,0.0,38.139767224113704
1,EV_B4_C3,10.0,75.0,,
1,EV_B4_C3,9.0,75.0,,
1,EV_B4_C3,8.0,75.0,,
1,EV_B4_C3,7.0,75.0,,
1,EV_B4_C3,6.0,75.0,,
1,EV_B4_C3,5.0,75.0,,
1,EV_B4_C3,4.0,75.0,,
1,EV_B4_C3,3.0,75.0,,
1,EV_B4_C3,2.0,75.0,,
1,EV_B4_C3,1.0,75.0,,
1,EV_B4_C3,0.0,75.0,,
3,,,,,
3,,,,,
3,,,,,
3,,,,,
3,,,,,
3,,,,,
3,,,,,
3,,,,,
3,,,,,
3,,,,,
3,,,,,
3,,,,,
2,EV_B4_C3,,,0.0,27.58383079477763
1,EV_B4_C3,9.0,75.0,,
1,EV_B4_C3,8.0,75.0,,
1,EV_B4_C3,7.0,75.0,,
1,EV_B4_C3,6.0,75.0,,
1,EV_B4_C3,5.0,75.0,,
1,EV_B4_C3,4.0,75.0,,
1,EV_B4_C3,3.0,75.0,,
1,EV_B4_C3,2.0,75.0,,
1,EV_B4_C3,1.0,75.0,,
1,EV_B4_C3,0.0,75.0,,
3,,,,,
3,,,,,
3,,,,,
3,,,,,
3,,,,,
3,,,,,
3,,,,,
3,,,,,
3,,,,,
3,,,,,
3,,,,,
3,,,,,
3,,,,,
2,EV_B4_C3,,,0.0,33.90674228461852
1,EV_B4_C3,8.0,75.0,,
1,EV_B4_C3,7.0,75.0,,
1,EV_B4_C3,6.0,75.0,,
1,EV_B4_C3,5.0,75.0,,
1,EV_B4_C3,4.0,75.0,,
1,EV_B4_C3,3.0,75.0,,
1,EV_B4_C3,2.0,75.0,,
1,EV_B4_C3,1.0,75.0,,
1,EV_B4_C3,0.0,75.0,,
3,,,,,
3,,,,,
3,,,,,
3,,,,,
3,,,,,
3,,,,,
3,,,,,
3,,,,,
3,,,,,
3,,,,,
3,,,,,
3,,,,,
3,,,,,
2,EV_B4_C3,,,0.0,26.281024741279314
1,EV_B4_C3,10.0,75.0,,
1,EV_B4_C3,9.0,75.0,,
1,EV_B4_C3,8.0,75.0,,
1,EV_B4_C3,7.0,75.0,,
1,EV_B4_C3,6.0,75.0,,
1,EV_B4_C3,5.0,75.0,,
1,EV_B4_C3,4.0,75.0,,
1,EV_B4_C3,3.0,75.0,,
1,EV_B4_C3,2.0,75.0,,
1,EV_B4_C3,1.0,75.0,,
1,EV_B4_C3,0.0,75.0,,
3,,,,,
3,,,,,
3,,,,,
3,,,,,
3,,,,,
3,,,,,
3,,,,,
3,,,,,
3,,,,,
3,,,,,
3,,,,,
2,EV_B4_C3,,,0.0,32.95443880428739
1,EV_B4_C3,12.0,75.0,,
1,EV_B4_C3,11.0,75.0,,
1,EV_B4_C3,10.0,75.0,,
1,EV_B4_C3,9.0,75.0,,
1,EV_B4_C3,8.0,75.0,,
1,EV_B4_C3,7.0,75.0,,
1,EV_B4_C3,6.0,75.0,,
1,EV_B4_C3,5.0,75.0,,
1,EV_B4_C3,4.0,75.0,,
1,EV_B4_C3,3.0,75.0,,
1,EV_B4_C3,2.0,75.0,,
1,EV_B4_C3,1.0,75.0,,
1,EV_B4_C3,0.0,75.0,,
3,,,,,
3,,,,,
3,,,,,
3,,,,,
3,,,,,
3,,,,,
3,,,,,
3,,,,,
3,,,,,
3,,,,,
3,,,,,
3,,,,,
3,,,,,
3,,,,,
2,EV_B4_C3,,,0.0,27.61645813625695
1,EV_B4_C3,7.0,75.0,,
1,EV_B4_C3,6.0,75.0,,
1,EV_B4_C3,5.0,75.0,,
1,EV_B4_C3,4.0,75.0,,
1,EV_B4_C3,3.0,75.0,,
1,EV_B4_C3,2.0,75.0,,
1,EV_B4_C3,1.0,75.0,,
1,EV_B4_C3,0.0,75.0,,
3,,,,,
3,,,,,
3,,,,,
3,,,,,
3,,,,,
3,,,,,
3,,,,,
3,,,,,
3,,,,,
3,,,,,
3,,,,,
3,,,,,
3,,,,,
3,,,,,
2,EV_B4_C3,,,0.0,27.775155849845927
1,EV_B4_C3,8.0,75.0,,
1,EV_B4_C3,7.0,75.0,,
1,EV_B4_C3,6.0,75.0,,
1,EV_B4_C3,5.0,75.0,,
1,EV_B4_C3,4.0,75.0,,
1,EV_B4_C3,3.0,75.0,,
1,EV_B4_C3,2.0,75.0,,
1,EV_B4_C3,1.0,75.0,,
1,EV_B4_C3,0.0,75.0,,
3,,,,,
3,,,,,
3,,,,,
3,,,,,
3,,,,,
3,,,,,
3,,,,,
3,,,,,
3,,,,,
3,,,,,
3,,,,,
3,,,,,
3,,,,,
2,EV_B4_C3,,,0.0,28.5400801685089
1,EV_B4_C3,9.0,75.0,,
1,EV_B4_C3,8.0,75.0,,
1,EV_B4_C3,7.0,75.0,,
1,EV_B4_C3,6.0,75.0,,
1,EV_B4_C3,5.0,75.0,,
1,EV_B4_C3,4.0,75.0,,
1,EV_B4_C3,3.0,75.0,,
1,EV_B4_C3,2.0,75.0,,
1,EV_B4_C3,1.0,75.0,,
1,EV_B4_C3,0.0,75.0,,
3,,,,,
3,,,,,
3,,,,,
3,,,,,
3,,,,,
3,,,,,
3,,,,,
3,,,,,
3,,,,,
3,,,,,
3,,,,,
3,,,,,
3,,,,,
2,EV_B4_C3,,,0.0,31.110606404530746
1,EV_B4_C3,9.0,75.0,,
1,EV_B4_C3,8.0,75.0,,
1,EV_B4_C3,7.0,75.0,,
1,EV_B4_C3,6.0,75.0,,
1,EV_B4_C3,5.0,75.0,,
1,EV_B4_C3,4.0,75.0,,
1,EV_B4_C3,3.0,75.0,,
1,EV_B4_C3,2.0,75.0,,
1,EV_B4_C3,1.0,75.0,,
1,EV_B4_C3,0.0,75.0,,
3,,,,,
3,,,,,
3,,,,,
3,,,,,
3,,,,,
3,,,,,
3,,,,,
3,,,,,
3,,,,,
3,,,,,
3,,,,,
3,,,,,
2,EV_B4_C3,,,0.0,28.583861090557882
1,EV_B4_C3,10.0,75.0,,
1,EV_B4_C3,9.0,75.0,,
1,EV_B4_C3,8.0,75.0,,
1,EV_B4_C3,7.0,75.0,,
1,EV_B4_C3,6.0,75.0,,
1,EV_B4_C3,5.0,75.0,,
1,EV_B4_C3,4.0,75.0,,
1,EV_B4_C3,3.0,75.0,,
1,EV_B4_C3,2.0,75.0,,
1,EV_B4_C3,1.0,75.0,,
1,EV_B4_C3,0.0,75.0,,
3,,,,,
3,,,,,
3,,,,,
3,,,,,
3,,,,,
3,,,,,
3,,,,,
3,,,,,
3,,,,,
3,,,,,
3,,,,,
3,,,,,
3,,,,,
2,EV_B4_C3,,,0.0,33.688962899070994
1,EV_B4_C3,9.0,75.0,,
1,EV_B4_C3,8.0,75.0,,
1,EV_B4_C3,7.0,75.0,,
1,EV_B4_C3,6.0,75.0,,
1,EV_B4_C3,5.0,75.0,,
1,EV_B4_C3,4.0,75.0,,
1,EV_B4_C3,3.0,75.0,,
1,EV_B4_C3,2.0,75.0,,
1,EV_B4_C3,1.0,75.0,,
1,EV_B4_C3,0.0,75.0,,
3,,,,,
3,,,,,
3,,,,,
3,,,,,
3,,,,,
3,,,,,
3,,,,,
3,,,,,
3,,,,,
3,,,,,
3,,,,,
3,,,,,
2,EV_B4_C3,,,0.0,34.65013894437735
1,EV_B4_C3,10.0,75.0,,
1,EV_B4_C3,9.0,75.0,,
1,EV_B4_C3,8.0,75.0,,
1,EV_B4_C3,7.0,75.0,,
1,EV_B4_C3,6.0,75.0,,
1,EV_B4_C3,5.0,75.0,,
1,EV_B4_C3,4.0,75.0,,
1,EV_B4_C3,3.0,75.0,,
1,EV_B4_C3,2.0,75.0,,
1,EV_B4_C3,1.0,75.0,,
1,EV_B4_C3,0.0,75.0,,
3,,,,,
3,,,,,
3,,,,,
3,,,,,
3,,,,,
3,,,,,
3,,,,,
3,,,,,
3,,,,,
3,,,,,
3,,,,,
3,,,,,
3,,,,,
2,EV_B4_C3,,,0.0,26.91579091672342
1,EV_B4_C3,10.0,75.0,,
1,EV_B4_C3,9.0,75.0,,
1,EV_B4_C3,8.0,75.0,,
1,EV_B4_C3,7.0,75.0,,
1,EV_B4_C3,6.0,75.0,,
1,EV_B4_C3,5.0,75.0,,
1,EV_B4_C3,4.0,75.0,,
1,EV_B4_C3,3.0,75.0,,
1,EV_B4_C3,2.0,75.0,,
1,EV_B4_C3,1.0,75.0,,
1,EV_B4_C3,0.0,75.0,,
3,,,,,
3,,,,,
3,,,,,
3,,,,,
3,,,,,
3,,,,,
3,,,,,
3,,,,,
3,,,,,
3,,,,,
3,,,,,
2,EV_B4_C3,,,0.0,22.975927451042942
1,EV_B4_C3,11.0,75.0,,
1,EV_B4_C3,10.0,75.0,,
1,EV_B4_C3,9.0,75.0,,
1,EV_B4_C3,8.0,75.0,,
1,EV_B4_C3,7.0,75.0,,
1,EV_B4_C3,6.0,75.0,,
1,EV_B4_C3,5.0,75.0,,
1,EV_B4_C3,4.0,75.0,,
1,EV_B4_C3,3.0,75.0,,
1,EV_B4_C3,2.0,75.0,,
1,EV_B4_C3,1.0,75.0,,
1,EV_B4_C3,0.0,75.0,,
3,,,,,
3,,,,,
3,,,,,
3,,,,,
3,,,,,
3,,,,,
3,,,,,
3,,,,,
3,,,,,
3,,,,,
3,,,,,
2,EV_B4_C3,,,0.0,25.303446961463283
1,EV_B4_C3,11.0,75.0,,
1,EV_B4_C3,10.0,75.0,,
1,EV_B4_C3,9.0,75.0,,
1,EV_B4_C3,8.0,75.0,,
1,EV_B4_C3,7.0,75.0,,
1,EV_B4_C3,6.0,75.0,,
1,EV_B4_C3,5.0,75.0,,
1,EV_B4_C3,4.0,75.0,,
1,EV_B4_C3,3.0,75.0,,
1,EV_B4_C3,2.0,75.0,,
1,EV_B4_C3,1.0,75.0,,
1,EV_B4_C3,0.0,75.0,,
3,,,,,
3,,,,,
3,,,,,
3,,,,,
3,,,,,
3,,,,,
3,,,,,
3,,,,,
3,,,,,
3,,,,,
3,,,,,
3,,,,,
3,,,,,
2,EV_B4_C3,,,0.0,25.59397262995687
1,EV_B4_C3,8.0,75.0,,
1,EV_B4_C3,7.0,75.0,,
1,EV_B4_C3,6.0,75.0,,
1,EV_B4_C3,5.0,75.0,,
1,EV_B4_C3,4.0,75.0,,
1,EV_B4_C3,3.0,75.0,,
1,EV_B4_C3,2.0,75.0,,
1,EV_B4_C3,1.0,75.0,,
1,EV_B4_C3,0.0,75.0,,
3,,,,,
3,,,,,
3,,,,,
3,,,,,
3,,,,,
3,,,,,
3,,,,,
3,,,,,
3,,,,,
3,,,,,
3,,,,,
3,,,,,
3,,,,,
3,,,,,
2,EV_B4_C3,,,0.0,34.32821086811072
1,EV_B4_C3,7.0,75.0,,
1,EV_B4_C3,6.0,75.0,,
1,EV_B4_C3,5.0,75.0,,
1,EV_B4_C3,4.0,75.0,,
1,EV_B4_C3,3.0,75.0,,
1,EV_B4_C3,2.0,75.0,,
1,EV_B4_C3,1.0,75.0,,
1,EV_B4_C3,0.0,75.0,,
3,,,,,
3,,,,,
3,,,,,
3,,,,,
3,,,,,
3,,,,,
3,,,,,
3,,,,,
3,,,,,
3,,,,,
3,,,,,
3,,,,,
2,EV_B4_C3,,,0.0,23.906506150541524
1,EV_B4_C3,12.0,75.0,,
1,EV_B4_C3,11.0,75.0,,
1,EV_B4_C3,10.0,75.0,,
1,EV_B4_C3,9.0,75.0,,
1,EV_B4_C3,8.0,75.0,,
1,EV_B4_C3,7.0,75.0,,
1,EV_B4_C3,6.0,75.0,,
1,EV_B4_C3,5.0,75.0,,
1,EV_B4_C3,4.0,75.0,,
1,EV_B4_C3,3.0,75.0,,
1,EV_B4_C3,2.0,75.0,,
1,EV_B4_C3,1.0,75.0,,
1,EV_B4_C3,0.0,75.0,,
3,,,,,
3,,,,,
3,,,,,
3,,,,,
3,,,,,
3,,,,,
3,,,,,
3,,,,,
3,,,,,
3,,,,,
3,,,,,
3,,,,,
3,,,,,
2,EV_B4_C3,,,0.0,39.14208556710518
1,EV_B4_C3,8.0,75.0,,
1,EV_B4_C3,7.0,75.0,,
1,EV_B4_C3,6.0,75.0,,
1,EV_B4_C3,5.0,75.0,,
1,EV_B4_C3,4.0,75.0,,
1,EV_B4_C3,3.0,75.0,,
1,EV_B4_C3,2.0,75.0,,
1,EV_B4_C3,1.0,75.0,,
1,EV_B4_C3,0.0,75.0,,
3,,,,,
3,,,,,
3,,,,,
3,,,,,
3,,,,,
3,,,,,
3,,,,,
3,,,,,
3,,,,,
3,,,,,
3,,,,,
3,,,,,
2,EV_B4_C3,,,0.0,38.04276504562291
1,EV_B4_C3,11.0,75.0,,
1,EV_B4_C3,10.0,75.0,,
1,EV_B4_C3,9.0,75.0,,
1,EV_B4_C3,8.0,75.0,,
1,EV_B4_C3,7.0,75.0,,
1,EV_B4_C3,6.0,75.0,,
1,EV_B4_C3,5.0,75.0,,
1,EV_B4_C3,4.0,75.0,,
1,EV_B4_C3,3.0,75.0,,
1,EV_B4_C3,2.0,75.0,,
1,EV_B4_C3,1.0,75.0,,
1,EV_B4_C3,0.0,75.0,,
3,,,,,
3,,,,,
3,,,,,
3,,,,,
3,,,,,
3,,,,,
3,,,,,
3,,,,,
3,,,,,
3,,,,,
3,,,,,
3,,,,,
3,,,,,
2,EV_B4_C3,,,0.0,21.55945794806924
1,EV_B4_C3,8.0,75.0,,
1,EV_B4_C3,7.0,75.0,,
1,EV_B4_C3,6.0,75.0,,
1,EV_B4_C3,5.0,75.0,,
1,EV_B4_C3,4.0,75.0,,
1,EV_B4_C3,3.0,75.0,,
1,EV_B4_C3,2.0,75.0,,
1,EV_B4_C3,1.0,75.0,,
1,EV_B4_C3,0.0,75.0,,
3,,,,,
3,,,,,
3,,,,,
3,,,,,
3,,,,,
3,,,,,
3,,,,,
3,,,,,
3,,,,,
3,,,,,
3,,,,,
3,,,,,
3,,,,,
3,,,,,
3,,,,,
3,,,,,
3,,,,,
3,,,,,
3,,,,,
3,,,,,
3,,,,,
3,,,,,
3,,,,,
3,,,,,
3,,,,,
3,,,,,
3,,,,,
3,,,,,
3,,,,,
3,,,,,
3,,,,,
3,,,,,
3,,,,,
3,,,,,
3,,,,,
3,,,,,
3,,,,,
3,,,,,
2,EV_B4_C3,,,0.0,21.155858237289657
1,EV_B4_C3,8.0,75.0,,
1,EV_B4_C3,7.0,75.0,,
1,EV_B4_C3,6.0,75.0,,
1,EV_B4_C3,5.0,75.0,,
1,EV_B4_C3,4.0,75.0,,
1,EV_B4_C3,3.0,75.0,,
1,EV_B4_C3,2.0,75.0,,
1,EV_B4_C3,1.0,75.0,,
1,EV_B4_C3,0.0,75.0,,
3,,,,,
3,,,,,
3,,,,,
3,,,,,
3,,,,,
3,,,,,
3,,,,,
3,,,,,
3,,,,,
3,,,,,
3,,,,,
3,,,,,
3,,,,,
3,,,,,
2,EV_B4_C3,,,0.0,21.942257141095357
1,EV_B4_C3,8.0,75.0,,
1,EV_B4_C3,7.0,75.0,,
1,EV_B4_C3,6.0,75.0,,
1,EV_B4_C3,5.0,75.0,,
1,EV_B4_C3,4.0,75.0,,
1,EV_B4_C3,3.0,75.0,,
1,EV_B4_C3,2.0,75.0,,
1,EV_B4_C3,1.0,75.0,,
1,EV_B4_C3,0.0,75.0,,
3,,,,,
3,,,,,
3,,,,,
3,,,,,
3,,,,,
3,,,,,
3,,,,,
3,,,,,
3,,,,,
3,,,,,
3,,,,,
3,,,,,
3,,,,,
2,EV_B4_C3,,,0.0,35.089848040684515
1,EV_B4_C3,10.0,75.0,,
1,EV_B4_C3,9.0,75.0,,
1,EV_B4_C3,8.0,75.0,,
1,EV_B4_C3,7.0,75.0,,
1,EV_B4_C3,6.0,75.0,,
1,EV_B4_C3,5.0,75.0,,
1,EV_B4_C3,4.0,75.0,,
1,EV_B4_C3,3.0,75.0,,
1,EV_B4_C3,2.0,75.0,,
1,EV_B4_C3,1.0,75.0,,
1,EV_B4_C3,0.0,75.0,,
3,,,,,
3,,,,,
3,,,,,
3,,,,,
3,,,,,
3,,,,,
3,,,,,
3,,,,,
3,,,,,
3,,,,,
3,,,,,
2,EV_B4_C3,,,0.0,34.91800624548729
1,EV_B4_C3,10.0,75.0,,
1,EV_B4_C3,9.0,75.0,,
1,EV_B4_C3,8.0,75.0,,
1,EV_B4_C3,7.0,75.0,,
1,EV_B4_C3,6.0,75.0,,
1,EV_B4_C3,5.0,75.0,,
1,EV_B4_C3,4.0,75.0,,
1,EV_B4_C3,3.0,75.0,,
1,EV_B4_C3,2.0,75.0,,
1,EV_B4_C3,1.0,75.0,,
1,EV_B4_C3,0.0,75.0,,
3,,,,,
3,,,,,
3,,,,,
3,,,,,
3,,,,,
3,,,,,
3,,,,,
3,,,,,
3,,,,,
3,,,,,
3,,,,,
2,EV_B4_C3,,,0.0,36.70444309583266
1,EV_B4_C3,12.0,75.0,,
1,EV_B4_C3,11.0,75.0,,
1,EV_B4_C3,10.0,75.0,,
1,EV_B4_C3,9.0,75.0,,
1,EV_B4_C3,8.0,75.0,,
1,EV_B4_C3,7.0,75.0,,
1,EV_B4_C3,6.0,75.0,,
1,EV_B4_C3,5.0,75.0,,
1,EV_B4_C3,4.0,75.0,,
1,EV_B4_C3,3.0,75.0,,
1,EV_B4_C3,2.0,75.0,,
1,EV_B4_C3,1.0,75.0,,
1,EV_B4_C3,0.0,75.0,,
3,,,,,
3,,,,,
3,,,,,
3,,,,,
3,,,,,
3,,,,,
3,,,,,
3,,,,,
3,,,,,
3,,,,,
2,EV_B4_C3,,,0.0,20.596974198642215
1,EV_B4_C3,11.0,75.0,,
1,EV_B4_C3,10.0,75.0,,
1,EV_B4_C3,9.0,75.0,,
1,EV_B4_C3,8.0,75.0,,
1,EV_B4_C3,7.0,75.0,,
1,EV_B4_C3,6.0,75.0,,
1,EV_B4_C3,5.0,75.0,,
1,EV_B4_C3,4.0,75.0,,
1,EV_B4_C3,3.0,75.0,,
1,EV_B4_C3,2.0,75.0,,
1,EV_B4_C3,1.0,75.0,,
1,EV_B4_C3,0.0,75.0,,
3,,,,,
3,,,,,
3,,,,,
3,,,,,
3,,,,,
3,,,,,
3,,,,,
3,,,,,
3,,,,,
3,,,,,
3,,,,,
3,,,,,
3,,,,,
3,,,,,
2,EV_B4_C3,,,0.0,35.20134494727507
1,EV_B4_C3,9.0,75.0,,
1,EV_B4_C3,8.0,75.0,,
1,EV_B4_C3,7.0,75.0,,
1,EV_B4_C3,6.0,75.0,,
1,EV_B4_C3,5.0,75.0,,
1,EV_B4_C3,4.0,75.0,,
1,EV_B4_C3,3.0,75.0,,
1,EV_B4_C3,2.0,75.0,,
1,EV_B4_C3,1.0,75.0,,
1,EV_B4_C3,0.0,75.0,,
3,,,,,
3,,,,,
3,,,,,
3,,,,,
3,,,,,
3,,,,,
3,,,,,
3,,,,,
3,,,,,
3,,,,,
3,,,,,
3,,,,,
3,,,,,
2,EV_B4_C3,,,0.0,35.7297383355405
1,EV_B4_C3,9.0,75.0,,
1,EV_B4_C3,8.0,75.0,,
1,EV_B4_C3,7.0,75.0,,
1,EV_B4_C3,6.0,75.0,,
1,EV_B4_C3,5.0,75.0,,
1,EV_B4_C3,4.0,75.0,,
1,EV_B4_C3,3.0,75.0,,
1,EV_B4_C3,2.0,75.0,,
1,EV_B4_C3,1.0,75.0,,
1,EV_B4_C3,0.0,75.0,,
3,,,,,
3,,,,,
3,,,,,
3,,,,,
3,,,,,
3,,,,,
3,,,,,
3,,,,,
3,,,,,
3,,,,,
3,,,,,
3,,,,,
2,EV_B4_C3,,,0.0,23.38428193534878
1,EV_B4_C3,9.0,75.0,,
1,EV_B4_C3,8.0,75.0,,
1,EV_B4_C3,7.0,75.0,,
1,EV_B4_C3,6.0,75.0,,
1,EV_B4_C3,5.0,75.0,,
1,EV_B4_C3,4.0,75.0,,
1,EV_B4_C3,3.0,75.0,,
1,EV_B4_C3,2.0,75.0,,
1,EV_B4_C3,1.0,75.0,,
1,EV_B4_C3,0.0,75.0,,
3,,,,,
3,,,,,
3,,,,,
3,,,,,
3,,,,,
3,,,,,
3,,,,,
3,,,,,
3,,,,,
3,,,,,
3,,,,,
3,,,,,
3,,,,,
2,EV_B4_C3,,,0.0,38.06340697053282
1,EV_B4_C3,9.0,75.0,,
1,EV_B4_C3,8.0,75.0,,
1,EV_B4_C3,7.0,75.0,,
1,EV_B4_C3,6.0,75.0,,
1,EV_B4_C3,5.0,75.0,,
1,EV_B4_C3,4.0,75.0,,
1,EV_B4_C3,3.0,75.0,,
1,EV_B4_C3,2.0,75.0,,
1,EV_B4_C3,1.0,75.0,,
1,EV_B4_C3,0.0,75.0,,
3,,,,,
3,,,,,
3,,,,,
3,,,,,
3,,,,,
3,,,,,
3,,,,,
3,,,,,
3,,,,,
3,,,,,
3,,,,,
3,,,,,
2,EV_B4_C3,,,0.0,34.56196271934141
1,EV_B4_C3,10.0,75.0,,
1,EV_B4_C3,9.0,75.0,,
1,EV_B4_C3,8.0,75.0,,
1,EV_B4_C3,7.0,75.0,,
1,EV_B4_C3,6.0,75.0,,
1,EV_B4_C3,5.0,75.0,,
1,EV_B4_C3,4.0,75.0,,
1,EV_B4_C3,3.0,75.0,,
1,EV_B4_C3,2.0,75.0,,
1,EV_B4_C3,1.0,75.0,,
1,EV_B4_C3,0.0,75.0,,
3,,,,,
3,,,,,
3,,,,,
3,,,,,
3,,,,,
3,,,,,
3,,,,,
3,,,,,
3,,,,,
3,,,,,
3,,,,,
3,,,,,
3,,,,,
3,,,,,
2,EV_B4_C3,,,0.0,20.01304250708913
1,EV_B4_C3,7.0,75.0,,
1,EV_B4_C3,6.0,75.0,,
1,EV_B4_C3,5.0,75.0,,
1,EV_B4_C3,4.0,75.0,,
1,EV_B4_C3,3.0,75.0,,
1,EV_B4_C3,2.0,75.0,,
1,EV_B4_C3,1.0,75.0,,
1,EV_B4_C3,0.0,75.0,,
3,,,,,
3,,,,,
3,,,,,
3,,,,,
3,,,,,
3,,,,,
3,,,,,
3,,,,,
3,,,,,
3,,,,,
3,,,,,
3,,,,,
3,,,,,
2,EV_B4_C3,,,0.0,29.532970218681353
1,EV_B4_C3,11.0,75.0,,
1,EV_B4_C3,10.0,75.0,,
1,EV_B4_C3,9.0,75.0,,
1,EV_B4_C3,8.0,75.0,,
1,EV_B4_C3,7.0,75.0,,
1,EV_B4_C3,6.0,75.0,,
1,EV_B4_C3,5.0,75.0,,
1,EV_B4_C3,4.0,75.0,,
1,EV_B4_C3,3.0,75.0,,
1,EV_B4_C3,2.0,75.0,,
1,EV_B4_C3,1.0,75.0,,
1,EV_B4_C3,0.0,75.0,,
3,,,,,
3,,,,,
3,,,,,
3,,,,,
3,,,,,
3,,,,,
3,,,,,
3,,,,,
3,,,,,
3,,,,,
2,EV_B4_C3,,,0.0,35.25915528181456
1,EV_B4_C3,12.0,75.0,,
1,EV_B4_C3,11.0,75.0,,
1,EV_B4_C3,10.0,75.0,,
1,EV_B4_C3,9.0,75.0,,
1,EV_B4_C3,8.0,75.0,,
1,EV_B4_C3,7.0,75.0,,
1,EV_B4_C3,6.0,75.0,,
1,EV_B4_C3,5.0,75.0,,
1,EV_B4_C3,4.0,75.0,,
1,EV_B4_C3,3.0,75.0,,
1,EV_B4_C3,2.0,75.0,,
1,EV_B4_C3,1.0,75.0,,
1,EV_B4_C3,0.0,75.0,,
3,,,,,
3,,,,,
3,,,,,
3,,,,,
3,,,,,
3,,,,,
3,,,,,
3,,,,,
3,,,,,
3,,,,,
3,,,,,
3,,,,,
2,EV_B4_C3,,,0.0,38.74131877238629
1,EV_B4_C3,9.0,75.0,,
1,EV_B4_C3,8.0,75.0,,
1,EV_B4_C3,7.0,75.0,,
1,EV_B4_C3,6.0,75.0,,
1,EV_B4_C3,5.0,75.0,,
1,EV_B4_C3,4.0,75.0,,
1,EV_B4_C3,3.0,75.0,,
1,EV_B4_C3,2.0,75.0,,
1,EV_B4_C3,1.0,75.0,,
1,EV_B4_C3,0.0,75.0,,
3,,,,,
3,,,,,
3,,,,,
3,,,,,
3,,,,,
3,,,,,
3,,,,,
3,,,,,
3,,,,,
3,,,,,
3,,,,,
3,,,,,
2,EV_B4_C3,,,0.0,26.28714625717486
1,EV_B4_C3,10.0,75.0,,
1,EV_B4_C3,9.0,75.0,,
1,EV_B4_C3,8.0,75.0,,
1,EV_B4_C3,7.0,75.0,,
1,EV_B4_C3,6.0,75.0,,
1,EV_B4_C3,5.0,75.0,,
1,EV_B4_C3,4.0,75.0,,
1,EV_B4_C3,3.0,75.0,,
1,EV_B4_C3,2.0,75.0,,
1,EV_B4_C3,1.0,75.0,,
1,EV_B4_C3,0.0,75.0,,
3,,,,,
3,,,,,
3,,,,,
3,,,,,
3,,,,,
3,,,,,
3,,,,,
3,,,,,
3,,,,,
3,,,,,
3,,,,,
2,EV_B4_C3,,,0.0,24.62820349676071
1,EV_B4_C3,12.0,75.0,,
1,EV_B4_C3,11.0,75.0,,
1,EV_B4_C3,10.0,75.0,,
1,EV_B4_C3,9.0,75.0,,
1,EV_B4_C3,8.0,75.0,,
1,EV_B4_C3,7.0,75.0,,
1,EV_B4_C3,6.0,75.0,,
1,EV_B4_C3,5.0,75.0,,
1,EV_B4_C3,4.0,75.0,,
1,EV_B4_C3,3.0,75.0,,
1,EV_B4_C3,2.0,75.0,,
1,EV_B4_C3,1.0,75.0,,
1,EV_B4_C3,0.0,75.0,,
3,,,,,
3,,,,,
3,,,,,
3,,,,,
3,,,,,
3,,,,,
3,,,,,
3,,,,,
3,,,,,
3,,,,,
3,,,,,
3,,,,,
3,,,,,
3,,,,,
3,,,,,
3,,,,,
3,,,,,
3,,,,,
3,,,,,
3,,,,,
3,,,,,
3,,,,,
3,,,,,
3,,,,,
3,,,,,
3,,,,,
3,,,,,
3,,,,,
3,,,,,
3,,,,,
3,,,,,
3,,,,,
3,,,,,
3,,,,,
3,,,,,
2,EV_B4_C3,,,0.0,24.07222622263713
1,EV_B4_C3,10.0,75.0,,
1,EV_B4_C3,9.0,75.0,,
1,EV_B4_C3,8.0,75.0,,
1,EV_B4_C3,7.0,75.0,,
1,EV_B4_C3,6.0,75.0,,
1,EV_B4_C3,5.0,75.0,,
1,EV_B4_C3,4.0,75.0,,
1,EV_B4_C3,3.0,75.0,,
1,EV_B4_C3,2.0,75.0,,
1,EV_B4_C3,1.0,75.0,,
1,EV_B4_C3,0.0,75.0,,
3,,,,,
3,,,,,
3,,,,,
3,,,,,
3,,,,,
3,,,,,
3,,,,,
3,,,,,
3,,,,,
3,,,,,
3,,,,,
3,,,,,
2,EV_B4_C3,,,0.0,23.016992612533972
1,EV_B4_C3,11.0,75.0,,
1,EV_B4_C3,10.0,75.0,,
1,EV_B4_C3,9.0,75.0,,
1,EV_B4_C3,8.0,75.0,,
1,EV_B4_C3,7.0,75.0,,
1,EV_B4_C3,6.0,75.0,,
1,EV_B4_C3,5.0,75.0,,
1,EV_B4_C3,4.0,75.0,,
1,EV_B4_C3,3.0,75.0,,
1,EV_B4_C3,2.0,75.0,,
1,EV_B4_C3,1.0,75.0,,
1,EV_B4_C3,0.0,75.0,,
3,,,,,
3,,,,,
3,,,,,
3,,,,,
3,,,,,
3,,,,,
3,,,,,
3,,,,,
3,,,,,
3,,,,,
3,,,,,
3,,,,,
2,EV_B4_C3,,,0.0,36.23217398187606
1,EV_B4_C3,9.0,75.0,,
1,EV_B4_C3,8.0,75.0,,
1,EV_B4_C3,7.0,75.0,,
1,EV_B4_C3,6.0,75.0,,
1,EV_B4_C3,5.0,75.0,,
1,EV_B4_C3,4.0,75.0,,
1,EV_B4_C3,3.0,75.0,,
1,EV_B4_C3,2.0,75.0,,
1,EV_B4_C3,1.0,75.0,,
1,EV_B4_C3,0.0,75.0,,
3,,,,,
3,,,,,
3,,,,,
3,,,,,
3,,,,,
3,,,,,
3,,,,,
3,,,,,
3,,,,,
3,,,,,
3,,,,,
3,,,,,
3,,,,,
3,,,,,
3,,,,,
3,,,,,
3,,,,,
3,,,,,
3,,,,,
3,,,,,
3,,,,,
3,,,,,
3,,,,,
3,,,,,
3,,,,,
3,,,,,
3,,,,,
3,,,,,
3,,,,,
3,,,,,
3,,,,,
3,,,,,
3,,,,,
3,,,,,
3,,,,,
3,,,,,
2,EV_B4_C3,,,0.0,26.65175583825193
1,EV_B4_C3,11.0,75.0,,
1,EV_B4_C3,10.0,75.0,,
1,EV_B4_C3,9.0,75.0,,
1,EV_B4_C3,8.0,75.0,,
1,EV_B4_C3,7.0,75.0,,
1,EV_B4_C3,6.0,75.0,,
1,EV_B4_C3,5.0,75.0,,
1,EV_B4_C3,4.0,75.0,,
1,EV_B4_C3,3.0,75.0,,
1,EV_B4_C3,2.0,75.0,,
1,EV_B4_C3,1.0,75.0,,
1,EV_B4_C3,0.0,75.0,,
3,,,,,
3,,,,,
3,,,,,
3,,,,,
3,,,,,
3,,,,,
3,,,,,
3,,,,,
3,,,,,
3,,,,,
3,,,,,
3,,,,,
3,,,,,
2,EV_B4_C3,,,0.0,22.73294531408865
1,EV_B4_C3,8.0,75.0,,
1,EV_B4_C3,7.0,75.0,,
1,EV_B4_C3,6.0,75.0,,
1,EV_B4_C3,5.0,75.0,,
1,EV_B4_C3,4.0,75.0,,
1,EV_B4_C3,3.0,75.0,,
1,EV_B4_C3,2.0,75.0,,
1,EV_B4_C3,1.0,75.0,,
1,EV_B4_C3,0.0,75.0,,
3,,,,,
3,,,,,
3,,,,,
3,,,,,
3,,,,,
3,,,,,
3,,,,,
3,,,,,
3,,,,,
3,,,,,
3,,,,,
2,EV_B4_C3,,,0.0,29.25812801977813
1,EV_B4_C3,11.0,75.0,,
1,EV_B4_C3,10.0,75.0,,
1,EV_B4_C3,9.0,75.0,,
1,EV_B4_C3,8.0,75.0,,
1,EV_B4_C3,7.0,75.0,,
1,EV_B4_C3,6.0,75.0,,
1,EV_B4_C3,5.0,75.0,,
1,EV_B4_C3,4.0,75.0,,
1,EV_B4_C3,3.0,75.0,,
1,EV_B4_C3,2.0,75.0,,
1,EV_B4_C3,1.0,75.0,,
1,EV_B4_C3,0.0,75.0,,
3,,,,,
3,,,,,
3,,,,,
3,,,,,
3,,,,,
3,,,,,
3,,,,,
3,,,,,
3,,,,,
3,,,,,
3,,,,,
3,,,,,
3,,,,,
3,,,,,
2,EV_B4_C3,,,0.0,31.964508014722487
1,EV_B4_C3,9.0,75.0,,
1,EV_B4_C3,8.0,75.0,,
1,EV_B4_C3,7.0,75.0,,
1,EV_B4_C3,6.0,75.0,,
1,EV_B4_C3,5.0,75.0,,
1,EV_B4_C3,4.0,75.0,,
1,EV_B4_C3,3.0,75.0,,
1,EV_B4_C3,2.0,75.0,,
1,EV_B4_C3,1.0,75.0,,
1,EV_B4_C3,0.0,75.0,,
3,,,,,
3,,,,,
3,,,,,
3,,,,,
3,,,,,
3,,,,,
3,,,,,
3,,,,,
3,,,,,
3,,,,,
3,,,,,
3,,,,,
3,,,,,
3,,,,,
3,,,,,
3,,,,,
3,,,,,
3,,,,,
3,,,,,
3,,,,,
3,,,,,
3,,,,,
3,,,,,
3,,,,,
3,,,,,
3,,,,,
3,,,,,
3,,,,,
3,,,,,
3,,,,,
3,,,,,
3,,,,,
3,,,,,
3,,,,,
3,,,,,
2,EV_B4_C3,,,0.0,23.059438823984024
1,EV_B4_C3,11.0,75.0,,
1,EV_B4_C3,10.0,75.0,,
1,EV_B4_C3,9.0,75.0,,
1,EV_B4_C3,8.0,75.0,,
1,EV_B4_C3,7.0,75.0,,
1,EV_B4_C3,6.0,75.0,,
1,EV_B4_C3,5.0,75.0,,
1,EV_B4_C3,4.0,75.0,,
1,EV_B4_C3,3.0,75.0,,
1,EV_B4_C3,2.0,75.0,,
1,EV_B4_C3,1.0,75.0,,
1,EV_B4_C3,0.0,75.0,,
3,,,,,
3,,,,,
3,,,,,
3,,,,,
3,,,,,
3,,,,,
3,,,,,
3,,,,,
3,,,,,
3,,,,,
2,EV_B4_C3,,,0.0,37.195912622494426
1,EV_B4_C3,11.0,75.0,,
1,EV_B4_C3,10.0,75.0,,
1,EV_B4_C3,9.0,75.0,,
1,EV_B4_C3,8.0,75.0,,
1,EV_B4_C3,7.0,75.0,,
1,EV_B4_C3,6.0,75.0,,
1,EV_B4_C3,5.0,75.0,,
1,EV_B4_C3,4.0,75.0,,
1,EV_B4_C3,3.0,75.0,,
1,EV_B4_C3,2.0,75.0,,
1,EV_B4_C3,1.0,75.0,,
1,EV_B4_C3,0.0,75.0,,
3,,,,,
3,,,,,
3,,,,,
3,,,,,
3,,,,,
3,,,,,
3,,,,,
3,,,,,
3,,,,,
3,,,,,
3,,,,,
3,,,,,
3,,,,,
2,EV_B4_C3,,,0.0,33.32755019126984
1,EV_B4_C3,9.0,75.0,,
1,EV_B4_C3,8.0,75.0,,
1,EV_B4_C3,7.0,75.0,,
1,EV_B4_C3,6.0,75.0,,
1,EV_B4_C3,5.0,75.0,,
1,EV_B4_C3,4.0,75.0,,
1,EV_B4_C3,3.0,75.0,,
1,EV_B4_C3,2.0,75.0,,
1,EV_B4_C3,1.0,75.0,,
1,EV_B4_C3,0.0,75.0,,
3,,,,,
3,,,,,
3,,,,,
3,,,,,
3,,,,,
3,,,,,
3,,,,,
3,,,,,
3,,,,,
3,,,,,
3,,,,,
3,,,,,
2,EV_B4_C3,,,0.0,30.96949239011138
1,EV_B4_C3,10.0,75.0,,
1,EV_B4_C3,9.0,75.0,,
1,EV_B4_C3,8.0,75.0,,
1,EV_B4_C3,7.0,75.0,,
1,EV_B4_C3,6.0,75.0,,
1,EV_B4_C3,5.0,75.0,,
1,EV_B4_C3,4.0,75.0,,
1,EV_B4_C3,3.0,75.0,,
1,EV_B4_C3,2.0,75.0,,
1,EV_B4_C3,1.0,75.0,,
1,EV_B4_C3,0.0,75.0,,
3,,,,,
3,,,,,
3,,,,,
3,,,,,
3,,,,,
3,,,,,
3,,,,,
3,,,,,
3,,,,,
3,,,,,
3,,,,,
3,,,,,
3,,,,,
2,EV_B4_C3,,,0.0,26.054670242668816
1,EV_B4_C3,9.0,75.0,,
1,EV_B4_C3,8.0,75.0,,
1,EV_B4_C3,7.0,75.0,,
1,EV_B4_C3,6.0,75.0,,
1,EV_B4_C3,5.0,75.0,,
1,EV_B4_C3,4.0,75.0,,
1,EV_B4_C3,3.0,75.0,,
1,EV_B4_C3,2.0,75.0,,
1,EV_B4_C3,1.0,75.0,,
1,EV_B4_C3,0.0,75.0,,
3,,,,,
3,,,,,
3,,,,,
3,,,,,
3,,,,,
3,,,,,
3,,,,,
3,,,,,
3,,,,,
3,,,,,
3,,,,,
3,,,,,
3,,,,,
3,,,,,
2,EV_B4_C3,,,0.0,39.97695654811759
1,EV_B4_C3,10.0,75.0,,
1,EV_B4_C3,9.0,75.0,,
1,EV_B4_C3,8.0,75.0,,
1,EV_B4_C3,7.0,75.0,,
1,EV_B4_C3,6.0,75.0,,
1,EV_B4_C3,5.0,75.0,,
1,EV_B4_C3,4.0,75.0,,
1,EV_B4_C3,3.0,75.0,,
1,EV_B4_C3,2.0,75.0,,
1,EV_B4_C3,1.0,75.0,,
1,EV_B4_C3,0.0,75.0,,
3,,,,,
3,,,,,
3,,,,,
3,,,,,
3,,,,,
3,,,,,
3,,,,,
3,,,,,
3,,,,,
3,,,,,
2,EV_B4_C3,,,0.0,29.643076004961237
1,EV_B4_C3,10.0,75.0,,
1,EV_B4_C3,9.0,75.0,,
1,EV_B4_C3,8.0,75.0,,
1,EV_B4_C3,7.0,75.0,,
1,EV_B4_C3,6.0,75.0,,
1,EV_B4_C3,5.0,75.0,,
1,EV_B4_C3,4.0,75.0,,
1,EV_B4_C3,3.0,75.0,,
1,EV_B4_C3,2.0,75.0,,
1,EV_B4_C3,1.0,75.0,,
1,EV_B4_C3,0.0,75.0,,
3,,,,,
3,,,,,
3,,,,,
3,,,,,
3,,,,,
3,,,,,
3,,,,,
3,,,,,
3,,,,,
3,,,,,
3,,,,,
3,,,,,
3,,,,,
3,,,,,
2,EV_B4_C3,,,0.0,21.74992238836869
1,EV_B4_C3,8.0,75.0,,
1,EV_B4_C3,7.0,75.0,,
1,EV_B4_C3,6.0,75.0,,
1,EV_B4_C3,5.0,75.0,,
1,EV_B4_C3,4.0,75.0,,
1,EV_B4_C3,3.0,75.0,,
1,EV_B4_C3,2.0,75.0,,
1,EV_B4_C3,1.0,75.0,,
1,EV_B4_C3,0.0,75.0,,
3,,,,,
3,,,,,
3,,,,,
3,,,,,
3,,,,,
3,,,,,
3,,,,,
3,,,,,
3,,,,,
3,,,,,
3,,,,,
3,,,,,
3,,,,,
2,EV_B4_C3,,,0.0,30.11987130060088
1,EV_B4_C3,10.0,75.0,,
1,EV_B4_C3,9.0,75.0,,
1,EV_B4_C3,8.0,75.0,,
1,EV_B4_C3,7.0,75.0,,
1,EV_B4_C3,6.0,75.0,,
1,EV_B4_C3,5.0,75.0,,
1,EV_B4_C3,4.0,75.0,,
1,EV_B4_C3,3.0,75.0,,
1,EV_B4_C3,2.0,75.0,,
1,EV_B4_C3,1.0,75.0,,
1,EV_B4_C3,0.0,75.0,,
3,,,,,
3,,,,,
3,,,,,
3,,,,,
3,,,,,
3,,,,,
3,,,,,
3,,,,,
3,,,,,
3,,,,,
3,,,,,
3,,,,,
2,EV_B4_C3,,,0.0,38.627166643739216
1,EV_B4_C3,9.0,75.0,,
1,EV_B4_C3,8.0,75.0,,
1,EV_B4_C3,7.0,75.0,,
1,EV_B4_C3,6.0,75.0,,
1,EV_B4_C3,5.0,75.0,,
1,EV_B4_C3,4.0,75.0,,
1,EV_B4_C3,3.0,75.0,,
1,EV_B4_C3,2.0,75.0,,
1,EV_B4_C3,1.0,75.0,,
1,EV_B4_C3,0.0,75.0,,
3,,,,,
3,,,,,
3,,,,,
3,,,,,
3,,,,,
3,,,,,
3,,,,,
3,,,,,
3,,,,,
3,,,,,
3,,,,,
3,,,,,
3,,,,,
3,,,,,
3,,,,,
3,,,,,
3,,,,,
3,,,,,
3,,,,,
3,,,,,
3,,,,,
3,,,,,
3,,,,,
3,,,,,
3,,,,,
3,,,,,
3,,,,,
3,,,,,
3,,,,,
3,,,,,
3,,,,,
3,,,,,
3,,,,,
3,,,,,
3,,,,,
3,,,,,
2,EV_B4_C3,,,0.0,33.31210975050984
1,EV_B4_C3,10.0,75.0,,
1,EV_B4_C3,9.0,75.0,,
1,EV_B4_C3,8.0,75.0,,
1,EV_B4_C3,7.0,75.0,,
1,EV_B4_C3,6.0,75.0,,
1,EV_B4_C3,5.0,75.0,,
1,EV_B4_C3,4.0,75.0,,
1,EV_B4_C3,3.0,75.0,,
1,EV_B4_C3,2.0,75.0,,
1,EV_B4_C3,1.0,75.0,,
1,EV_B4_C3,0.0,75.0,,
3,,,,,
3,,,,,
3,,,,,
3,,,,,
3,,,,,
3,,,,,
3,,,,,
3,,,,,
3,,,,,
3,,,,,
3,,,,,
3,,,,,
2,EV_B4_C3,,,0.0,27.76198065681781
1,EV_B4_C3,11.0,75.0,,
1,EV_B4_C3,10.0,75.0,,
1,EV_B4_C3,9.0,75.0,,
1,EV_B4_C3,8.0,75.0,,
1,EV_B4_C3,7.0,75.0,,
1,EV_B4_C3,6.0,75.0,,
1,EV_B4_C3,5.0,75.0,,
1,EV_B4_C3,4.0,75.0,,
1,EV_B4_C3,3.0,75.0,,
1,EV_B4_C3,2.0,75.0,,
1,EV_B4_C3,1.0,75.0,,
1,EV_B4_C3,0.0,75.0,,
3,,,,,
3,,,,,
3,,,,,
3,,,,,
3,,,,,
3,,,,,
3,,,,,
3,,,,,
3,,,,,
3,,,,,
3,,,,,
3,,,,,
2,EV_B4_C3,,,0.0,22.99887134547216
1,EV_B4_C3,10.0,75.0,,
1,EV_B4_C3,9.0,75.0,,
1,EV_B4_C3,8.0,75.0,,
1,EV_B4_C3,7.0,75.0,,
1,EV_B4_C3,6.0,75.0,,
1,EV_B4_C3,5.0,75.0,,
1,EV_B4_C3,4.0,75.0,,
1,EV_B4_C3,3.0,75.0,,
1,EV_B4_C3,2.0,75.0,,
1,EV_B4_C3,1.0,75.0,,
1,EV_B4_C3,0.0,75.0,,
3,,,,,
3,,,,,
3,,,,,
3,,,,,
3,,,,,
3,,,,,
3,,,,,
3,,,,,
3,,,,,
3,,,,,
3,,,,,
3,,,,,
2,EV_B4_C3,,,0.0,37.66034670232986
1,EV_B4_C3,9.0,75.0,,
1,EV_B4_C3,8.0,75.0,,
1,EV_B4_C3,7.0,75.0,,
1,EV_B4_C3,6.0,75.0,,
1,EV_B4_C3,5.0,75.0,,
1,EV_B4_C3,4.0,75.0,,
1,EV_B4_C3,3.0,75.0,,
1,EV_B4_C3,2.0,75.0,,
1,EV_B4_C3,1.0,75.0,,
1,EV_B4_C3,0.0,75.0,,
3,,,,,
3,,,,,
3,,,,,
3,,,,,
3,,,,,
3,,,,,
3,,,,,
3,,,,,
3,,,,,
3,,,,,
3,,,,,
3,,,,,
3,,,,,
3,,,,,
3,,,,,
2,EV_B4_C3,,,0.0,34.245231110779685
1,EV_B4_C3,8.0,75.0,,
1,EV_B4_C3,7.0,75.0,,
1,EV_B4_C3,6.0,75.0,,
1,EV_B4_C3,5.0,75.0,,
1,EV_B4_C3,4.0,75.0,,
1,EV_B4_C3,3.0,75.0,,
1,EV_B4_C3,2.0,75.0,,
1,EV_B4_C3,1.0,75.0,,
1,EV_B4_C3,0.0,75.0,,
3,,,,,
3,,,,,
3,,,,,
3,,,,,
3,,,,,
3,,,,,
3,,,,,
3,,,,,
3,,,,,
2,EV_B4_C3,,,0.0,20.73706639935775
1,EV_B4_C3,12.0,75.0,,
1,EV_B4_C3,11.0,75.0,,
1,EV_B4_C3,10.0,75.0,,
1,EV_B4_C3,9.0,75.0,,
1,EV_B4_C3,8.0,75.0,,
1,EV_B4_C3,7.0,75.0,,
1,EV_B4_C3,6.0,75.0,,
1,EV_B4_C3,5.0,75.0,,
1,EV_B4_C3,4.0,75.0,,
1,EV_B4_C3,3.0,75.0,,
1,EV_B4_C3,2.0,75.0,,
1,EV_B4_C3,1.0,75.0,,
1,EV_B4_C3,0.0,75.0,,
3,,,,,
3,,,,,
3,,,,,
3,,,,,
3,,,,,
3,,,,,
3,,,,,
3,,,,,
3,,,,,
3,,,,,
2,EV_B4_C3,,,0.0,31.66993793297015
1,EV_B4_C3,12.0,75.0,,
1,EV_B4_C3,11.0,75.0,,
1,EV_B4_C3,10.0,75.0,,
1,EV_B4_C3,9.0,75.0,,
1,EV_B4_C3,8.0,75.0,,
1,EV_B4_C3,7.0,75.0,,
1,EV_B4_C3,6.0,75.0,,
1,EV_B4_C3,5.0,75.0,,
1,EV_B4_C3,4.0,75.0,,
1,EV_B4_C3,3.0,75.0,,
1,EV_B4_C3,2.0,75.0,,
1,EV_B4_C3,1.0,75.0,,
1,EV_B4_C3,0.0,75.0,,
3,,,,,
3,,,,,
3,,,,,
3,,,,,
3,,,,,
3,,,,,
3,,,,,
3,,,,,
3,,,,,
3,,,,,
3,,,,,
3,,,,,
3,,,,,
3,,,,,
2,EV_B4_C3,,,0.0,32.42279058426191
1,EV_B4_C3,8.0,75.0,,
1,EV_B4_C3,7.0,75.0,,
1,EV_B4_C3,6.0,75.0,,
1,EV_B4_C3,5.0,75.0,,
1,EV_B4_C3,4.0,75.0,,
1,EV_B4_C3,3.0,75.0,,
1,EV_B4_C3,2.0,75.0,,
1,EV_B4_C3,1.0,75.0,,
1,EV_B4_C3,0.0,75.0,,
3,,,,,
3,,,,,
3,,,,,
3,,,,,
3,,,,,
3,,,,,
3,,,,,
3,,,,,
3,,,,,
3,,,,,
3,,,,,
3,,,,,
2,EV_B4_C3,,,0.0,21.023411376346413
1,EV_B4_C3,10.0,75.0,,
1,EV_B4_C3,9.0,75.0,,
1,EV_B4_C3,8.0,75.0,,
1,EV_B4_C3,7.0,75.0,,
1,EV_B4_C3,6.0,75.0,,
1,EV_B4_C3,5.0,75.0,,
1,EV_B4_C3,4.0,75.0,,
1,EV_B4_C3,3.0,75.0,,
1,EV_B4_C3,2.0,75.0,,
1,EV_B4_C3,1.0,75.0,,
1,EV_B4_C3,0.0,75.0,,
3,,,,,
3,,,,,
3,,,,,
3,,,,,
3,,,,,
3,,,,,
3,,,,,
3,,,,,
3,,,,,
3,,,,,
3,,,,,
3,,,,,
3,,,,,
2,EV_B4_C3,,,0.0,33.852759742823515
1,EV_B4_C3,9.0,75.0,,
1,EV_B4_C3,8.0,75.0,,
1,EV_B4_C3,7.0,75.0,,
1,EV_B4_C3,6.0,75.0,,
1,EV_B4_C3,5.0,75.0,,
1,EV_B4_C3,4.0,75.0,,
1,EV_B4_C3,3.0,75.0,,
1,EV_B4_C3,2.0,75.0,,
1,EV_B4_C3,1.0,75.0,,
1,EV_B4_C3,0.0,75.0,,
3,,,,,
3,,,,,
3,,,,,
3,,,,,
3,,,,,
3,,,,,
3,,,,,
3,,,,,
3,,,,,
3,,,,,
3,,,,,
3,,,,,
2,EV_B4_C3,,,0.0,37.668358296840466
1,EV_B4_C3,11.0,75.0,,
1,EV_B4_C3,10.0,75.0,,
1,EV_B4_C3,9.0,75.0,,
1,EV_B4_C3,8.0,75.0,,
1,EV_B4_C3,7.0,75.0,,
1,EV_B4_C3,6.0,75.0,,
1,EV_B4_C3,5.0,75.0,,
1,EV_B4_C3,4.0,75.0,,
1,EV_B4_C3,3.0,75.0,,
1,EV_B4_C3,2.0,75.0,,
1,EV_B4_C3,1.0,75.0,,
1,EV_B4_C3,0.0,75.0,,
3,,,,,
3,,,,,
3,,,,,
3,,,,,
3,,,,,
3,,,,,
3,,,,,
3,,,,,
3,,,,,
3,,,,,
3,,,,,
2,EV_B4_C3,,,0.0,32.40015904367972
1,EV_B4_C3,11.0,75.0,,
1,EV_B4_C3,10.0,75.0,,
1,EV_B4_C3,9.0,75.0,,
1,EV_B4_C3,8.0,75.0,,
1,EV_B4_C3,7.0,75.0,,
1,EV_B4_C3,6.0,75.0,,
1,EV_B4_C3,5.0,75.0,,
1,EV_B4_C3,4.0,75.0,,
1,EV_B4_C3,3.0,75.0,,
1,EV_B4_C3,2.0,75.0,,
1,EV_B4_C3,1.0,75.0,,
1,EV_B4_C3,0.0,75.0,,
3,,,,,
3,,,,,
3,,,,,
3,,,,,
3,,,,,
3,,,,,
3,,,,,
3,,,,,
3,,,,,
3,,,,,
3,,,,,
3,,,,,
3,,,,,
2,EV_B4_C3,,,0.0,28.527907744077076
1,EV_B4_C3,8.0,75.0,,
1,EV_B4_C3,7.0,75.0,,
1,EV_B4_C3,6.0,75.0,,
1,EV_B4_C3,5.0,75.0,,
1,EV_B4_C3,4.0,75.0,,
1,EV_B4_C3,3.0,75.0,,
1,EV_B4_C3,2.0,75.0,,
1,EV_B4_C3,1.0,75.0,,
1,EV_B4_C3,0.0,75.0,,
3,,,,,
3,,,,,
3,,,,,
3,,,,,
3,,,,,
3,,,,,
3,,,,,
3,,,,,
3,,,,,
3,,,,,
3,,,,,
3,,,,,
2,EV_B4_C3,,,0.0,27.630722121966738
1,EV_B4_C3,11.0,75.0,,
1,EV_B4_C3,10.0,75.0,,
1,EV_B4_C3,9.0,75.0,,
1,EV_B4_C3,8.0,75.0,,
1,EV_B4_C3,7.0,75.0,,
1,EV_B4_C3,6.0,75.0,,
1,EV_B4_C3,5.0,75.0,,
1,EV_B4_C3,4.0,75.0,,
1,EV_B4_C3,3.0,75.0,,
1,EV_B4_C3,2.0,75.0,,
1,EV_B4_C3,1.0,75.0,,
1,EV_B4_C3,0.0,75.0,,
3,,,,,
3,,,,,
3,,,,,
3,,,,,
3,,,,,
3,,,,,
3,,,,,
3,,,,,
3,,,,,
3,,,,,
3,,,,,
3,,,,,
2,EV_B4_C3,,,0.0,39.29324704573494
1,EV_B4_C3,9.0,75.0,,
1,EV_B4_C3,8.0,75.0,,
1,EV_B4_C3,7.0,75.0,,
1,EV_B4_C3,6.0,75.0,,
1,EV_B4_C3,5.0,75.0,,
1,EV_B4_C3,4.0,75.0,,
1,EV_B4_C3,3.0,75.0,,
1,EV_B4_C3,2.0,75.0,,
1,EV_B4_C3,1.0,75.0,,
1,EV_B4_C3,0.0,75.0,,
3,,,,,
3,,,,,
3,,,,,
3,,,,,
3,,,,,
3,,,,,
3,,,,,
3,,,,,
3,,,,,
3,,,,,
3,,,,,
2,EV_B4_C3,,,0.0,27.545718375972516
1,EV_B4_C3,11.0,75.0,,
1,EV_B4_C3,10.0,75.0,,
1,EV_B4_C3,9.0,75.0,,
1,EV_B4_C3,8.0,75.0,,
1,EV_B4_C3,7.0,75.0,,
1,EV_B4_C3,6.0,75.0,,
1,EV_B4_C3,5.0,75.0,,
1,EV_B4_C3,4.0,75.0,,
1,EV_B4_C3,3.0,75.0,,
1,EV_B4_C3,2.0,75.0,,
1,EV_B4_C3,1.0,75.0,,
1,EV_B4_C3,0.0,75.0,,
3,,,,,
3,,,,,
3,,,,,
3,,,,,
3,,,,,
3,,,,,
3,,,,,
3,,,,,
3,,,,,
3,,,,,
3,,,,,
3,,,,,
3,,,,,
2,EV_B4_C3,,,0.0,36.44776822893069
1,EV_B4_C3,10.0,75.0,,
1,EV_B4_C3,9.0,75.0,,
1,EV_B4_C3,8.0,75.0,,
1,EV_B4_C3,7.0,75.0,,
1,EV_B4_C3,6.0,75.0,,
1,EV_B4_C3,5.0,75.0,,
1,EV_B4_C3,4.0,75.0,,
1,EV_B4_C3,3.0,75.0,,
1,EV_B4_C3,2.0,75.0,,
1,EV_B4_C3,1.0,75.0,,
1,EV_B4_C3,0.0,75.0,,
3,,,,,
3,,,,,
3,,,,,
3,,,,,
3,,,,,
3,,,,,
3,,,,,
3,,,,,
3,,,,,
3,,,,,
3,,,,,
2,EV_B4_C3,,,0.0,30.702153214596084
1,EV_B4_C3,10.0,75.0,,
1,EV_B4_C3,9.0,75.0,,
1,EV_B4_C3,8.0,75.0,,
1,EV_B4_C3,7.0,75.0,,
1,EV_B4_C3,6.0,75.0,,
1,EV_B4_C3,5.0,75.0,,
1,EV_B4_C3,4.0,75.0,,
1,EV_B4_C3,3.0,75.0,,
1,EV_B4_C3,2.0,75.0,,
1,EV_B4_C3,1.0,75.0,,
1,EV_B4_C3,0.0,75.0,,
3,,,,,
3,,,,,
3,,,,,
3,,,,,
3,,,,,
3,,,,,
3,,,,,
3,,,,,
3,,,,,
3,,,,,
3,,,,,
2,EV_B4_C3,,,0.0,38.723798550457744
1,EV_B4_C3,11.0,75.0,,
1,EV_B4_C3,10.0,75.0,,
1,EV_B4_C3,9.0,75.0,,
1,EV_B4_C3,8.0,75.0,,
1,EV_B4_C3,7.0,75.0,,
1,EV_B4_C3,6.0,75.0,,
1,EV_B4_C3,5.0,75.0,,
1,EV_B4_C3,4.0,75.0,,
1,EV_B4_C3,3.0,75.0,,
1,EV_B4_C3,2.0,75.0,,
1,EV_B4_C3,1.0,75.0,,
1,EV_B4_C3,0.0,75.0,,
3,,,,,
3,,,,,
3,,,,,
3,,,,,
3,,,,,
3,,,,,
3,,,,,
3,,,,,
3,,,,,
3,,,,,
3,,,,,
3,,,,,
2,EV_B4_C3,,,0.0,28.19541198523862
1,EV_B4_C3,11.0,75.0,,
1,EV_B4_C3,10.0,75.0,,
1,EV_B4_C3,9.0,75.0,,
1,EV_B4_C3,8.0,75.0,,
1,EV_B4_C3,7.0,75.0,,
1,EV_B4_C3,6.0,75.0,,
1,EV_B4_C3,5.0,75.0,,
1,EV_B4_C3,4.0,75.0,,
1,EV_B4_C3,3.0,75.0,,
1,EV_B4_C3,2.0,75.0,,
1,EV_B4_C3,1.0,75.0,,
1,EV_B4_C3,0.0,75.0,,
3,,,,,
3,,,,,
3,,,,,
3,,,,,
3,,,,,
3,,,,,
3,,,,,
3,,,,,
3,,,,,
3,,,,,
3,,,,,
3,,,,,
2,EV_B4_C3,,,0.0,27.247927468105683
1,EV_B4_C3,9.0,75.0,,
1,EV_B4_C3,8.0,75.0,,
1,EV_B4_C3,7.0,75.0,,
1,EV_B4_C3,6.0,75.0,,
1,EV_B4_C3,5.0,75.0,,
1,EV_B4_C3,4.0,75.0,,
1,EV_B4_C3,3.0,75.0,,
1,EV_B4_C3,2.0,75.0,,
1,EV_B4_C3,1.0,75.0,,
1,EV_B4_C3,0.0,75.0,,
3,,,,,
3,,,,,
3,,,,,
3,,,,,
3,,,,,
3,,,,,
3,,,,,
3,,,,,
3,,,,,
3,,,,,
3,,,,,
3,,,,,
2,EV_B4_C3,,,0.0,36.2954586122419
1,EV_B4_C3,10.0,75.0,,
1,EV_B4_C3,9.0,75.0,,
1,EV_B4_C3,8.0,75.0,,
1,EV_B4_C3,7.0,75.0,,
1,EV_B4_C3,6.0,75.0,,
1,EV_B4_C3,5.0,75.0,,
1,EV_B4_C3,4.0,75.0,,
1,EV_B4_C3,3.0,75.0,,
1,EV_B4_C3,2.0,75.0,,
1,EV_B4_C3,1.0,75.0,,
1,EV_B4_C3,0.0,75.0,,
3,,,,,
3,,,,,
3,,,,,
3,,,,,
3,,,,,
3,,,,,
3,,,,,
3,,,,,
3,,,,,
3,,,,,
3,,,,,
3,,,,,
3,,,,,
2,EV_B4_C3,,,0.0,39.494840389608655
1,EV_B4_C3,10.0,75.0,,
1,EV_B4_C3,9.0,75.0,,
1,EV_B4_C3,8.0,75.0,,
1,EV_B4_C3,7.0,75.0,,
1,EV_B4_C3,6.0,75.0,,
1,EV_B4_C3,5.0,75.0,,
1,EV_B4_C3,4.0,75.0,,
1,EV_B4_C3,3.0,75.0,,
1,EV_B4_C3,2.0,75.0,,
1,EV_B4_C3,1.0,75.0,,
1,EV_B4_C3,0.0,75.0,,
3,,,,,
3,,,,,
3,,,,,
3,,,,,
3,,,,,
3,,,,,
3,,,,,
3,,,,,
3,,,,,
3,,,,,
3,,,,,
2,EV_B4_C3,,,0.0,32.99330911901664
1,EV_B4_C3,10.0,75.0,,
1,EV_B4_C3,9.0,75.0,,
1,EV_B4_C3,8.0,75.0,,
1,EV_B4_C3,7.0,75.0,,
1,EV_B4_C3,6.0,75.0,,
1,EV_B4_C3,5.0,75.0,,
1,EV_B4_C3,4.0,75.0,,
1,EV_B4_C3,3.0,75.0,,
1,EV_B4_C3,2.0,75.0,,
1,EV_B4_C3,1.0,75.0,,
1,EV_B4_C3,0.0,75.0,,
3,,,,,
3,,,,,
3,,,,,
3,,,,,
3,,,,,
3,,,,,
3,,,,,
3,,,,,
3,,,,,
3,,,,,
3,,,,,
3,,,,,
2,EV_B4_C3,,,0.0,39.19888458236
1,EV_B4_C3,11.0,75.0,,
1,EV_B4_C3,10.0,75.0,,
1,EV_B4_C3,9.0,75.0,,
1,EV_B4_C3,8.0,75.0,,
1,EV_B4_C3,7.0,75.0,,
1,EV_B4_C3,6.0,75.0,,
1,EV_B4_C3,5.0,75.0,,
1,EV_B4_C3,4.0,75.0,,
1,EV_B4_C3,3.0,75.0,,
1,EV_B4_C3,2.0,75.0,,
1,EV_B4_C3,1.0,75.0,,
1,EV_B4_C3,0.0,75.0,,
3,,,,,
3,,,,,
3,,,,,
3,,,,,
3,,,,,
3,,,,,
3,,,,,
3,,,,,
3,,,,,
3,,,,,
3,,,,,
2,EV_B4_C3,,,0.0,20.50600162561959
1,EV_B4_C3,12.0,75.0,,
1,EV_B4_C3,11.0,75.0,,
1,EV_B4_C3,10.0,75.0,,
1,EV_B4_C3,9.0,75.0,,
1,EV_B4_C3,8.0,75.0,,
1,EV_B4_C3,7.0,75.0,,
1,EV_B4_C3,6.0,75.0,,
1,EV_B4_C3,5.0,75.0,,
1,EV_B4_C3,4.0,75.0,,
1,EV_B4_C3,3.0,75.0,,
1,EV_B4_C3,2.0,75.0,,
1,EV_B4_C3,1.0,75.0,,
1,EV_B4_C3,0.0,75.0,,
3,,,,,
3,,,,,
3,,,,,
3,,,,,
3,,,,,
3,,,,,
3,,,,,
3,,,,,
3,,,,,
3,,,,,
3,,,,,
2,EV_B4_C3,,,0.0,20.937131560881937
1,EV_B4_C3,10.0,75.0,,
1,EV_B4_C3,9.0,75.0,,
1,EV_B4_C3,8.0,75.0,,
1,EV_B4_C3,7.0,75.0,,
1,EV_B4_C3,6.0,75.0,,
1,EV_B4_C3,5.0,75.0,,
1,EV_B4_C3,4.0,75.0,,
1,EV_B4_C3,3.0,75.0,,
1,EV_B4_C3,2.0,75.0,,
1,EV_B4_C3,1.0,75.0,,
1,EV_B4_C3,0.0,75.0,,
3,,,,,
3,,,,,
3,,,,,
3,,,,,
3,,,,,
3,,,,,
3,,,,,
3,,,,,
3,,,,,
3,,,,,
3,,,,,
3,,,,,
2,EV_B4_C3,,,0.0,21.529503340916357
1,EV_B4_C3,10.0,75.0,,
1,EV_B4_C3,9.0,75.0,,
1,EV_B4_C3,8.0,75.0,,
1,EV_B4_C3,7.0,75.0,,
1,EV_B4_C3,6.0,75.0,,
1,EV_B4_C3,5.0,75.0,,
1,EV_B4_C3,4.0,75.0,,
1,EV_B4_C3,3.0,75.0,,
1,EV_B4_C3,2.0,75.0,,
1,EV_B4_C3,1.0,75.0,,
1,EV_B4_C3,0.0,75.0,,
3,,,,,
3,,,,,
3,,,,,
3,,,,,
3,,,,,
3,,,,,
3,,,,,
3,,,,,
3,,,,,
3,,,,,
3,,,,,
3,,,,,
3,,,,,
2,EV_B4_C3,,,0.0,25.521082810993946
1,EV_B4_C3,8.0,75.0,,
1,EV_B4_C3,7.0,75.0,,
1,EV_B4_C3,6.0,75.0,,
1,EV_B4_C3,5.0,75.0,,
1,EV_B4_C3,4.0,75.0,,
1,EV_B4_C3,3.0,75.0,,
1,EV_B4_C3,2.0,75.0,,
1,EV_B4_C3,1.0,75.0,,
1,EV_B4_C3,0.0,75.0,,
3,,,,,
3,,,,,
3,,,,,
3,,,,,
3,,,,,
3,,,,,
3,,,,,
3,,,,,
3,,,,,
3,,,,,
3,,,,,
3,,,,,
3,,,,,
2,EV_B4_C3,,,0.0,24.142553548680006
1,EV_B4_C3,9.0,75.0,,
1,EV_B4_C3,8.0,75.0,,
1,EV_B4_C3,7.0,75.0,,
1,EV_B4_C3,6.0,75.0,,
1,EV_B4_C3,5.0,75.0,,
1,EV_B4_C3,4.0,75.0,,
1,EV_B4_C3,3.0,75.0,,
1,EV_B4_C3,2.0,75.0,,
1,EV_B4_C3,1.0,75.0,,
1,EV_B4_C3,0.0,75.0,,
3,,,,,
3,,,,,
3,,,,,
3,,,,,
3,,,,,
3,,,,,
3,,,,,
3,,,,,
3,,,,,
3,,,,,
3,,,,,
2,EV_B4_C3,,,0.0,38.502072889353194
1,EV_B4_C3,12.0,75.0,,
1,EV_B4_C3,11.0,75.0,,
1,EV_B4_C3,10.0,75.0,,
1,EV_B4_C3,9.0,75.0,,
1,EV_B4_C3,8.0,75.0,,
1,EV_B4_C3,7.0,75.0,,
1,EV_B4_C3,6.0,75.0,,
1,EV_B4_C3,5.0,75.0,,
1,EV_B4_C3,4.0,75.0,,
1,EV_B4_C3,3.0,75.0,,
1,EV_B4_C3,2.0,75.0,,
1,EV_B4_C3,1.0,75.0,,
1,EV_B4_C3,0.0,75.0,,
3,,,,,
3,,,,,
3,,,,,
3,,,,,
3,,,,,
3,,,,,
3,,,,,
3,,,,,
3,,,,,
3,,,,,
3,,,,,
3,,,,,
2,EV_B4_C3,,,0.0,28.66789990387364
1,EV_B4_C3,10.0,75.0,,
1,EV_B4_C3,9.0,75.0,,
1,EV_B4_C3,8.0,75.0,,
1,EV_B4_C3,7.0,75.0,,
1,EV_B4_C3,6.0,75.0,,
1,EV_B4_C3,5.0,75.0,,
1,EV_B4_C3,4.0,75.0,,
1,EV_B4_C3,3.0,75.0,,
1,EV_B4_C3,2.0,75.0,,
1,EV_B4_C3,1.0,75.0,,
1,EV_B4_C3,0.0,75.0,,
3,,,,,
3,,,,,
3,,,,,
3,,,,,
3,,,,,
3,,,,,
3,,,,,
3,,,,,
3,,,,,
3,,,,,
3,,,,,
3,,,,,
2,EV_B4_C3,,,0.0,26.517158294202797
1,EV_B4_C3,9.0,75.0,,
1,EV_B4_C3,8.0,75.0,,
1,EV_B4_C3,7.0,75.0,,
1,EV_B4_C3,6.0,75.0,,
1,EV_B4_C3,5.0,75.0,,
1,EV_B4_C3,4.0,75.0,,
1,EV_B4_C3,3.0,75.0,,
1,EV_B4_C3,2.0,75.0,,
1,EV_B4_C3,1.0,75.0,,
1,EV_B4_C3,0.0,75.0,,
3,,,,,
3,,,,,
3,,,,,
3,,,,,
3,,,,,
3,,,,,
3,,,,,
3,,,,,
3,,,,,
3,,,,,
3,,,,,
3,,,,,
3,,,,,
2,EV_B4_C3,,,0.0,38.43708818267671
1,EV_B4_C3,10.0,75.0,,
1,EV_B4_C3,9.0,75.0,,
1,EV_B4_C3,8.0,75.0,,
1,EV_B4_C3,7.0,75.0,,
1,EV_B4_C3,6.0,75.0,,
1,EV_B4_C3,5.0,75.0,,
1,EV_B4_C3,4.0,75.0,,
1,EV_B4_C3,3.0,75.0,,
1,EV_B4_C3,2.0,75.0,,
1,EV_B4_C3,1.0,75.0,,
1,EV_B4_C3,0.0,75.0,,
3,,,,,
3,,,,,
3,,,,,
3,,,,,
3,,,,,
3,,,,,
3,,,,,
3,,,,,
3,,,,,
3,,,,,
3,,,,,
3,,,,,
3,,,,,
2,EV_B4_C3,,,0.0,31.259359372474638
1,EV_B4_C3,8.0,75.0,,
1,EV_B4_C3,7.0,75.0,,
1,EV_B4_C3,6.0,75.0,,
1,EV_B4_C3,5.0,75.0,,
1,EV_B4_C3,4.0,75.0,,
1,EV_B4_C3,3.0,75.0,,
1,EV_B4_C3,2.0,75.0,,
1,EV_B4_C3,1.0,75.0,,
1,EV_B4_C3,0.0,75.0,,
3,,,,,
3,,,,,
3,,,,,
3,,,,,
3,,,,,
3,,,,,
3,,,,,
3,,,,,
3,,,,,
3,,,,,
3,,,,,
3,,,,,
3,,,,,
3,,,,,
2,EV_B4_C3,,,0.0,36.80574909380498
1,EV_B4_C3,8.0,75.0,,
1,EV_B4_C3,7.0,75.0,,
1,EV_B4_C3,6.0,75.0,,
1,EV_B4_C3,5.0,75.0,,
1,EV_B4_C3,4.0,75.0,,
1,EV_B4_C3,3.0,75.0,,
1,EV_B4_C3,2.0,75.0,,
1,EV_B4_C3,1.0,75.0,,
1,EV_B4_C3,0.0,75.0,,
3,,,,,
3,,,,,
3,,,,,
3,,,,,
3,,,,,
3,,,,,
3,,,,,
3,,,,,
3,,,,,
3,,,,,
3,,,,,
3,,,,,
3,,,,,
3,,,,,
3,,,,,
3,,,,,
3,,,,,
3,,,,,
3,,,,,
3,,,,,
3,,,,,
3,,,,,
3,,,,,
3,,,,,
3,,,,,
3,,,,,
3,,,,,
3,,,,,
3,,,,,
3,,,,,
3,,,,,
3,,,,,
3,,,,,
3,,,,,
3,,,,,
3,,,,,
3,,,,,
2,EV_B4_C3,,,0.0,34.616686777761615
1,EV_B4_C3,9.0,75.0,,
1,EV_B4_C3,8.0,75.0,,
1,EV_B4_C3,7.0,75.0,,
1,EV_B4_C3,6.0,75.0,,
1,EV_B4_C3,5.0,75.0,,
1,EV_B4_C3,4.0,75.0,,
1,EV_B4_C3,3.0,75.0,,
1,EV_B4_C3,2.0,75.0,,
1,EV_B4_C3,1.0,75.0,,
1,EV_B4_C3,0.0,75.0,,
3,,,,,
3,,,,,
3,,,,,
3,,,,,
3,,,,,
3,,,,,
3,,,,,
3,,,,,
3,,,,,
3,,,,,
3,,,,,
3,,,,,
3,,,,,
2,EV_B4_C3,,,0.0,38.93915386829339
1,EV_B4_C3,10.0,75.0,,
1,EV_B4_C3,9.0,75.0,,
1,EV_B4_C3,8.0,75.0,,
1,EV_B4_C3,7.0,75.0,,
1,EV_B4_C3,6.0,75.0,,
1,EV_B4_C3,5.0,75.0,,
1,EV_B4_C3,4.0,75.0,,
1,EV_B4_C3,3.0,75.0,,
1,EV_B4_C3,2.0,75.0,,
1,EV_B4_C3,1.0,75.0,,
1,EV_B4_C3,0.0,75.0,,
3,,,,,
3,,,,,
3,,,,,
3,,,,,
3,,,,,
3,,,,,
3,,,,,
3,,,,,
3,,,,,
3,,,,,
3,,,,,
3,,,,,
3,,,,,
3,,,,,
2,EV_B4_C3,,,0.0,36.64928237910358
1,EV_B4_C3,7.0,75.0,,
1,EV_B4_C3,6.0,75.0,,
1,EV_B4_C3,5.0,75.0,,
1,EV_B4_C3,4.0,75.0,,
1,EV_B4_C3,3.0,75.0,,
1,EV_B4_C3,2.0,75.0,,
1,EV_B4_C3,1.0,75.0,,
1,EV_B4_C3,0.0,75.0,,
3,,,,,
3,,,,,
3,,,,,
3,,,,,
3,,,,,
3,,,,,
3,,,,,
3,,,,,
3,,,,,
3,,,,,
3,,,,,
3,,,,,
3,,,,,
2,EV_B4_C3,,,0.0,23.432991723686023
1,EV_B4_C3,9.0,75.0,,
1,EV_B4_C3,8.0,75.0,,
1,EV_B4_C3,7.0,75.0,,
1,EV_B4_C3,6.0,75.0,,
1,EV_B4_C3,5.0,75.0,,
1,EV_B4_C3,4.0,75.0,,
1,EV_B4_C3,3.0,75.0,,
1,EV_B4_C3,2.0,75.0,,
1,EV_B4_C3,1.0,75.0,,
1,EV_B4_C3,0.0,75.0,,
3,,,,,
3,,,,,
3,,,,,
3,,,,,
3,,,,,
3,,,,,
3,,,,,
3,,,,,
3,,,,,
3,,,,,
3,,,,,
3,,,,,
3,,,,,
3,,,,,
2,EV_B4_C3,,,0.0,28.6496553015347
1,EV_B4_C3,8.0,75.0,,
1,EV_B4_C3,7.0,75.0,,
1,EV_B4_C3,6.0,75.0,,
1,EV_B4_C3,5.0,75.0,,
1,EV_B4_C3,4.0,75.0,,
1,EV_B4_C3,3.0,75.0,,
1,EV_B4_C3,2.0,75.0,,
1,EV_B4_C3,1.0,75.0,,
1,EV_B4_C3,0.0,75.0,,
3,,,,,
3,,,,,
3,,,,,
3,,,,,
3,,,,,
3,,,,,
3,,,,,
3,,,,,
3,,,,,
3,,,,,
3,,,,,
3,,,,,
2,EV_B4_C3,,,0.0,29.874976806726355
1,EV_B4_C3,10.0,75.0,,
1,EV_B4_C3,9.0,75.0,,
1,EV_B4_C3,8.0,75.0,,
1,EV_B4_C3,7.0,75.0,,
1,EV_B4_C3,6.0,75.0,,
1,EV_B4_C3,5.0,75.0,,
1,EV_B4_C3,4.0,75.0,,
1,EV_B4_C3,3.0,75.0,,
1,EV_B4_C3,2.0,75.0,,
1,EV_B4_C3,1.0,75.0,,
1,EV_B4_C3,0.0,75.0,,
3,,,,,
3,,,,,
3,,,,,
3,,,,,
3,,,,,
3,,,,,
3,,,,,
3,,,,,
3,,,,,
3,,,,,
3,,,,,
3,,,,,
2,EV_B4_C3,,,0.0,28.123820862372963
1,EV_B4_C3,10.0,75.0,,
1,EV_B4_C3,9.0,75.0,,
1,EV_B4_C3,8.0,75.0,,
1,EV_B4_C3,7.0,75.0,,
1,EV_B4_C3,6.0,75.0,,
1,EV_B4_C3,5.0,75.0,,
1,EV_B4_C3,4.0,75.0,,
1,EV_B4_C3,3.0,75.0,,
1,EV_B4_C3,2.0,75.0,,
1,EV_B4_C3,1.0,75.0,,
1,EV_B4_C3,0.0,75.0,,
3,,,,,
3,,,,,
3,,,,,
3,,,,,
3,,,,,
3,,,,,
3,,,,,
3,,,,,
3,,,,,
3,,,,,
3,,,,,
3,,,,,
3,,,,,
2,EV_B4_C3,,,0.0,36.11990885450789
1,EV_B4_C3,9.0,75.0,,
1,EV_B4_C3,8.0,75.0,,
1,EV_B4_C3,7.0,75.0,,
1,EV_B4_C3,6.0,75.0,,
1,EV_B4_C3,5.0,75.0,,
1,EV_B4_C3,4.0,75.0,,
1,EV_B4_C3,3.0,75.0,,
1,EV_B4_C3,2.0,75.0,,
1,EV_B4_C3,1.0,75.0,,
1,EV_B4_C3,0.0,75.0,,
3,,,,,
3,,,,,
3,,,,,
3,,,,,
3,,,,,
3,,,,,
3,,,,,
3,,,,,
3,,,,,
3,,,,,
3,,,,,
3,,,,,
3,,,,,
2,EV_B4_C3,,,0.0,23.030045366539852
1,EV_B4_C3,9.0,75.0,,
1,EV_B4_C3,8.0,75.0,,
1,EV_B4_C3,7.0,75.0,,
1,EV_B4_C3,6.0,75.0,,
1,EV_B4_C3,5.0,75.0,,
1,EV_B4_C3,4.0,75.0,,
1,EV_B4_C3,3.0,75.0,,
1,EV_B4_C3,2.0,75.0,,
1,EV_B4_C3,1.0,75.0,,
1,EV_B4_C3,0.0,75.0,,
3,,,,,
3,,,,,
3,,,,,
3,,,,,
3,,,,,
3,,,,,
3,,,,,
3,,,,,
3,,,,,
3,,,,,
3,,,,,
3,,,,,
3,,,,,
3,,,,,
2,EV_B4_C3,,,0.0,30.192082718843306
1,EV_B4_C3,9.0,75.0,,
1,EV_B4_C3,8.0,75.0,,
1,EV_B4_C3,7.0,75.0,,
1,EV_B4_C3,6.0,75.0,,
1,EV_B4_C3,5.0,75.0,,
1,EV_B4_C3,4.0,75.0,,
1,EV_B4_C3,3.0,75.0,,
1,EV_B4_C3,2.0,75.0,,
1,EV_B4_C3,1.0,75.0,,
1,EV_B4_C3,0.0,75.0,,
3,,,,,
3,,,,,
3,,,,,
3,,,,,
3,,,,,
3,,,,,
3,,,,,
3,,,,,
3,,,,,
3,,,,,
3,,,,,
3,,,,,
2,EV_B4_C3,,,0.0,23.0662347411612
1,EV_B4_C3,9.0,75.0,,
1,EV_B4_C3,8.0,75.0,,
1,EV_B4_C3,7.0,75.0,,
1,EV_B4_C3,6.0,75.0,,
1,EV_B4_C3,5.0,75.0,,
1,EV_B4_C3,4.0,75.0,,
1,EV_B4_C3,3.0,75.0,,
1,EV_B4_C3,2.0,75.0,,
1,EV_B4_C3,1.0,75.0,,
1,EV_B4_C3,0.0,75.0,,
3,,,,,
3,,,,,
3,,,,,
3,,,,,
3,,,,,
3,,,,,
3,,,,,
3,,,,,
3,,,,,
3,,,,,
3,,,,,
3,,,,,
3,,,,,
2,EV_B4_C3,,,0.0,37.68416184520348
1,EV_B4_C3,10.0,75.0,,
1,EV_B4_C3,9.0,75.0,,
1,EV_B4_C3,8.0,75.0,,
1,EV_B4_C3,7.0,75.0,,
1,EV_B4_C3,6.0,75.0,,
1,EV_B4_C3,5.0,75.0,,
1,EV_B4_C3,4.0,75.0,,
1,EV_B4_C3,3.0,75.0,,
1,EV_B4_C3,2.0,75.0,,
1,EV_B4_C3,1.0,75.0,,
1,EV_B4_C3,0.0,75.0,,
3,,,,,
3,,,,,
3,,,,,
3,,,,,
3,,,,,
3,,,,,
3,,,,,
3,,,,,
3,,,,,
3,,,,,
3,,,,,
2,EV_B4_C3,,,0.0,23.77754451831273
1,EV_B4_C3,11.0,75.0,,
1,EV_B4_C3,10.0,75.0,,
1,EV_B4_C3,9.0,75.0,,
1,EV_B4_C3,8.0,75.0,,
1,EV_B4_C3,7.0,75.0,,
1,EV_B4_C3,6.0,75.0,,
1,EV_B4_C3,5.0,75.0,,
1,EV_B4_C3,4.0,75.0,,
1,EV_B4_C3,3.0,75.0,,
1,EV_B4_C3,2.0,75.0,,
1,EV_B4_C3,1.0,75.0,,
1,EV_B4_C3,0.0,75.0,,
3,,,,,
3,,,,,
3,,,,,
3,,,,,
3,,,,,
3,,,,,
3,,,,,
3,,,,,
3,,,,,
3,,,,,
3,,,,,
2,EV_B4_C3,,,0.0,23.819274115471924
1,EV_B4_C3,11.0,75.0,,
1,EV_B4_C3,10.0,75.0,,
1,EV_B4_C3,9.0,75.0,,
1,EV_B4_C3,8.0,75.0,,
1,EV_B4_C3,7.0,75.0,,
1,EV_B4_C3,6.0,75.0,,
1,EV_B4_C3,5.0,75.0,,
1,EV_B4_C3,4.0,75.0,,
1,EV_B4_C3,3.0,75.0,,
1,EV_B4_C3,2.0,75.0,,
1,EV_B4_C3,1.0,75.0,,
1,EV_B4_C3,0.0,75.0,,
3,,,,,
3,,,,,
3,,,,,
3,,,,,
3,,,,,
3,,,,,
3,,,,,
3,,,,,
3,,,,,
3,,,,,
3,,,,,
2,EV_B4_C3,,,0.0,23.90314249379093
1,EV_B4_C3,10.0,75.0,,
1,EV_B4_C3,9.0,75.0,,
1,EV_B4_C3,8.0,75.0,,
1,EV_B4_C3,7.0,75.0,,
1,EV_B4_C3,6.0,75.0,,
1,EV_B4_C3,5.0,75.0,,
1,EV_B4_C3,4.0,75.0,,
1,EV_B4_C3,3.0,75.0,,
1,EV_B4_C3,2.0,75.0,,
1,EV_B4_C3,1.0,75.0,,
1,EV_B4_C3,0.0,75.0,,
3,,,,,
3,,,,,
3,,,,,
3,,,,,
3,,,,,
3,,,,,
3,,,,,
3,,,,,
3,,,,,
3,,,,,
3,,,,,
3,,,,,
3,,,,,
2,EV_B4_C3,,,0.0,35.3307473961093
1,EV_B4_C3,10.0,75.0,,
1,EV_B4_C3,9.0,75.0,,
1,EV_B4_C3,8.0,75.0,,
1,EV_B4_C3,7.0,75.0,,
1,EV_B4_C3,6.0,75.0,,
1,EV_B4_C3,5.0,75.0,,
1,EV_B4_C3,4.0,75.0,,
1,EV_B4_C3,3.0,75.0,,
1,EV_B4_C3,2.0,75.0,,
1,EV_B4_C3,1.0,75.0,,
1,EV_B4_C3,0.0,75.0,,
3,,,,,
3,,,,,
3,,,,,
3,,,,,
3,,,,,
3,,,,,
3,,,,,
3,,,,,
3,,,,,
3,,,,,
3,,,,,
3,,,,,
3,,,,,
3,,,,,
3,,,,,
3,,,,,
3,,,,,
3,,,,,
3,,,,,
3,,,,,
3,,,,,
3,,,,,
3,,,,,
3,,,,,
3,,,,,
3,,,,,
3,,,,,
3,,,,,
3,,,,,
3,,,,,
3,,,,,
3,,,,,
3,,,,,
3,,,,,
3,,,,,
3,,,,,
2,EV_B4_C3,,,0.0,38.93011112783119
1,EV_B4_C3,10.0,75.0,,
1,EV_B4_C3,9.0,75.0,,
1,EV_B4_C3,8.0,75.0,,
1,EV_B4_C3,7.0,75.0,,
1,EV_B4_C3,6.0,75.0,,
1,EV_B4_C3,5.0,75.0,,
1,EV_B4_C3,4.0,75.0,,
1,EV_B4_C3,3.0,75.0,,
1,EV_B4_C3,2.0,75.0,,
1,EV_B4_C3,1.0,75.0,,
1,EV_B4_C3,0.0,75.0,,
3,,,,,
3,,,,,
3,,,,,
3,,,,,
3,,,,,
3,,,,,
3,,,,,
3,,,,,
3,,,,,
3,,,,,
3,,,,,
3,,,,,
3,,,,,
2,EV_B4_C3,,,0.0,20.21194964442987
1,EV_B4_C3,8.0,75.0,,
1,EV_B4_C3,7.0,75.0,,
1,EV_B4_C3,6.0,75.0,,
1,EV_B4_C3,5.0,75.0,,
1,EV_B4_C3,4.0,75.0,,
1,EV_B4_C3,3.0,75.0,,
1,EV_B4_C3,2.0,75.0,,
1,EV_B4_C3,1.0,75.0,,
1,EV_B4_C3,0.0,75.0,,
3,,,,,
3,,,,,
3,,,,,
3,,,,,
3,,,,,
3,,,,,
3,,,,,
3,,,,,
3,,,,,
3,,,,,
3,,,,,
3,,,,,
3,,,,,
2,EV_B4_C3,,,0.0,26.49545488105668
1,EV_B4_C3,10.0,75.0,,
1,EV_B4_C3,9.0,75.0,,
1,EV_B4_C3,8.0,75.0,,
1,EV_B4_C3,7.0,75.0,,
1,EV_B4_C3,6.0,75.0,,
1,EV_B4_C3,5.0,75.0,,
1,EV_B4_C3,4.0,75.0,,
1,EV_B4_C3,3.0,75.0,,
1,EV_B4_C3,2.0,75.0,,
1,EV_B4_C3,1.0,75.0,,
1,EV_B4_C3,0.0,75.0,,
3,,,,,
3,,,,,
3,,,,,
3,,,,,
3,,,,,
3,,,,,
3,,,,,
3,,,,,
3,,,,,
3,,,,,
3,,,,,
2,EV_B4_C3,,,0.0,38.887419433482805
1,EV_B4_C3,10.0,75.0,,
1,EV_B4_C3,9.0,75.0,,
1,EV_B4_C3,8.0,75.0,,
1,EV_B4_C3,7.0,75.0,,
1,EV_B4_C3,6.0,75.0,,
1,EV_B4_C3,5.0,75.0,,
1,EV_B4_C3,4.0,75.0,,
1,EV_B4_C3,3.0,75.0,,
1,EV_B4_C3,2.0,75.0,,
1,EV_B4_C3,1.0,75.0,,
1,EV_B4_C3,0.0,75.0,,
3,,,,,
3,,,,,
3,,,,,
3,,,,,
3,,,,,
3,,,,,
3,,,,,
3,,,,,
3,,,,,
3,,,,,
3,,,,,
3,,,,,
3,,,,,
3,,,,,
2,EV_B4_C3,,,0.0,27.225164745055665
1,EV_B4_C3,9.0,75.0,,
1,EV_B4_C3,8.0,75.0,,
1,EV_B4_C3,7.0,75.0,,
1,EV_B4_C3,6.0,75.0,,
1,EV_B4_C3,5.0,75.0,,
1,EV_B4_C3,4.0,75.0,,
1,EV_B4_C3,3.0,75.0,,
1,EV_B4_C3,2.0,75.0,,
1,EV_B4_C3,1.0,75.0,,
1,EV_B4_C3,0.0,75.0,,
3,,,,,
3,,,,,
3,,,,,
3,,,,,
3,,,,,
3,,,,,
3,,,,,
3,,,,,
3,,,,,
3,,,,,
3,,,,,
3,,,,,
2,EV_B4_C3,,,0.0,36.656623927225255
1,EV_B4_C3,8.0,75.0,,
1,EV_B4_C3,7.0,75.0,,
1,EV_B4_C3,6.0,75.0,,
1,EV_B4_C3,5.0,75.0,,
1,EV_B4_C3,4.0,75.0,,
1,EV_B4_C3,3.0,75.0,,
1,EV_B4_C3,2.0,75.0,,
1,EV_B4_C3,1.0,75.0,,
1,EV_B4_C3,0.0,75.0,,
3,,,,,
3,,,,,
3,,,,,
3,,,,,
3,,,,,
3,,,,,
3,,,,,
3,,,,,
3,,,,,
3,,,,,
3,,,,,
3,,,,,
3,,,,,
2,EV_B4_C3,,,0.0,37.840128128957026
1,EV_B4_C3,10.0,75.0,,
1,EV_B4_C3,9.0,75.0,,
1,EV_B4_C3,8.0,75.0,,
1,EV_B4_C3,7.0,75.0,,
1,EV_B4_C3,6.0,75.0,,
1,EV_B4_C3,5.0,75.0,,
1,EV_B4_C3,4.0,75.0,,
1,EV_B4_C3,3.0,75.0,,
1,EV_B4_C3,2.0,75.0,,
1,EV_B4_C3,1.0,75.0,,
1,EV_B4_C3,0.0,75.0,,
3,,,,,
3,,,,,
3,,,,,
3,,,,,
3,,,,,
3,,,,,
3,,,,,
3,,,,,
3,,,,,
3,,,,,
3,,,,,
3,,,,,
3,,,,,
2,EV_B4_C3,,,0.0,39.43607515675105
1,EV_B4_C3,9.0,75.0,,
1,EV_B4_C3,8.0,75.0,,
1,EV_B4_C3,7.0,75.0,,
1,EV_B4_C3,6.0,75.0,,
1,EV_B4_C3,5.0,75.0,,
1,EV_B4_C3,4.0,75.0,,
1,EV_B4_C3,3.0,75.0,,
1,EV_B4_C3,2.0,75.0,,
1,EV_B4_C3,1.0,75.0,,
1,EV_B4_C3,0.0,75.0,,
3,,,,,
3,,,,,
3,,,,,
3,,,,,
3,,,,,
3,,,,,
3,,,,,
3,,,,,
3,,,,,
3,,,,,
3,,,,,
2,EV_B4_C3,,,0.0,36.85382102682947
1,EV_B4_C3,12.0,75.0,,
1,EV_B4_C3,11.0,75.0,,
1,EV_B4_C3,10.0,75.0,,
1,EV_B4_C3,9.0,75.0,,
1,EV_B4_C3,8.0,75.0,,
1,EV_B4_C3,7.0,75.0,,
1,EV_B4_C3,6.0,75.0,,
1,EV_B4_C3,5.0,75.0,,
1,EV_B4_C3,4.0,75.0,,
1,EV_B4_C3,3.0,75.0,,
1,EV_B4_C3,2.0,75.0,,
1,EV_B4_C3,1.0,75.0,,
1,EV_B4_C3,0.0,75.0,,
3,,,,,
3,,,,,
3,,,,,
3,,,,,
3,,,,,
3,,,,,
3,,,,,
3,,,,,
3,,,,,
3,,,,,
3,,,,,
3,,,,,
2,EV_B4_C3,,,0.0,24.752116754077463
1,EV_B4_C3,9.0,75.0,,
1,EV_B4_C3,8.0,75.0,,
1,EV_B4_C3,7.0,75.0,,
1,EV_B4_C3,6.0,75.0,,
1,EV_B4_C3,5.0,75.0,,
1,EV_B4_C3,4.0,75.0,,
1,EV_B4_C3,3.0,75.0,,
1,EV_B4_C3,2.0,75.0,,
1,EV_B4_C3,1.0,75.0,,
1,EV_B4_C3,0.0,75.0,,
3,,,,,
3,,,,,
3,,,,,
3,,,,,
3,,,,,
3,,,,,
3,,,,,
3,,,,,
3,,,,,
3,,,,,
3,,,,,
3,,,,,
3,,,,,
2,EV_B4_C3,,,0.0,33.95869439215608
1,EV_B4_C3,9.0,75.0,,
1,EV_B4_C3,8.0,75.0,,
1,EV_B4_C3,7.0,75.0,,
1,EV_B4_C3,6.0,75.0,,
1,EV_B4_C3,5.0,75.0,,
1,EV_B4_C3,4.0,75.0,,
1,EV_B4_C3,3.0,75.0,,
1,EV_B4_C3,2.0,75.0,,
1,EV_B4_C3,1.0,75.0,,
1,EV_B4_C3,0.0,75.0,,
3,,,,,
3,,,,,
3,,,,,
3,,,,,
3,,,,,
3,,,,,
3,,,,,
3,,,,,
3,,,,,
3,,,,,
3,,,,,
3,,,,,
2,EV_B4_C3,,,0.0,24.14392357505181
1,EV_B4_C3,10.0,75.0,,
1,EV_B4_C3,9.0,75.0,,
1,EV_B4_C3,8.0,75.0,,
1,EV_B4_C3,7.0,75.0,,
1,EV_B4_C3,6.0,75.0,,
1,EV_B4_C3,5.0,75.0,,
1,EV_B4_C3,4.0,75.0,,
1,EV_B4_C3,3.0,75.0,,
1,EV_B4_C3,2.0,75.0,,
1,EV_B4_C3,1.0,75.0,,
1,EV_B4_C3,0.0,75.0,,
3,,,,,
3,,,,,
3,,,,,
3,,,,,
3,,,,,
3,,,,,
3,,,,,
3,,,,,
3,,,,,
3,,,,,
3,,,,,
3,,,,,
3,,,,,
3,,,,,
2,EV_B4_C3,,,0.0,25.723282035164242
1,EV_B4_C3,10.0,75.0,,
1,EV_B4_C3,9.0,75.0,,
1,EV_B4_C3,8.0,75.0,,
1,EV_B4_C3,7.0,75.0,,
1,EV_B4_C3,6.0,75.0,,
1,EV_B4_C3,5.0,75.0,,
1,EV_B4_C3,4.0,75.0,,
1,EV_B4_C3,3.0,75.0,,
1,EV_B4_C3,2.0,75.0,,
1,EV_B4_C3,1.0,75.0,,
1,EV_B4_C3,0.0,75.0,,
3,,,,,
3,,,,,
3,,,,,
3,,,,,
3,,,,,
3,,,,,
3,,,,,
3,,,,,
3,,,,,
3,,,,,
3,,,,,
2,EV_B4_C3,,,0.0,23.678817496467598
1,EV_B4_C3,11.0,75.0,,
1,EV_B4_C3,10.0,75.0,,
1,EV_B4_C3,9.0,75.0,,
1,EV_B4_C3,8.0,75.0,,
1,EV_B4_C3,7.0,75.0,,
1,EV_B4_C3,6.0,75.0,,
1,EV_B4_C3,5.0,75.0,,
1,EV_B4_C3,4.0,75.0,,
1,EV_B4_C3,3.0,75.0,,
1,EV_B4_C3,2.0,75.0,,
1,EV_B4_C3,1.0,75.0,,
1,EV_B4_C3,0.0,75.0,,
3,,,,,
3,,,,,
3,,,,,
3,,,,,
3,,,,,
3,,,,,
3,,,,,
3,,,,,
3,,,,,
3,,,,,
3,,,,,
3,,,,,
2,EV_B4_C3,,,0.0,31.648351650253897
1,EV_B4_C3,7.0,75.0,,
1,EV_B4_C3,6.0,75.0,,
1,EV_B4_C3,5.0,75.0,,
1,EV_B4_C3,4.0,75.0,,
1,EV_B4_C3,3.0,75.0,,
1,EV_B4_C3,2.0,75.0,,
1,EV_B4_C3,1.0,75.0,,
1,EV_B4_C3,0.0,75.0,,
3,,,,,
3,,,,,
3,,,,,
3,,,,,
3,,,,,
3,,,,,
3,,,,,
3,,,,,
3,,,,,
3,,,,,
3,,,,,
3,,,,,
3,,,,,
2,EV_B4_C3,,,0.0,38.01712683602108
1,EV_B4_C3,10.0,75.0,,
1,EV_B4_C3,9.0,75.0,,
1,EV_B4_C3,8.0,75.0,,
1,EV_B4_C3,7.0,75.0,,
1,EV_B4_C3,6.0,75.0,,
1,EV_B4_C3,5.0,75.0,,
1,EV_B4_C3,4.0,75.0,,
1,EV_B4_C3,3.0,75.0,,
1,EV_B4_C3,2.0,75.0,,
1,EV_B4_C3,1.0,75.0,,
1,EV_B4_C3,0.0,75.0,,
3,,,,,
3,,,,,
3,,,,,
3,,,,,
3,,,,,
3,,,,,
3,,,,,
3,,,,,
3,,,,,
3,,,,,
3,,,,,
3,,,,,
3,,,,,
3,,,,,
3,,,,,
3,,,,,
3,,,,,
3,,,,,
3,,,,,
3,,,,,
3,,,,,
3,,,,,
3,,,,,
3,,,,,
3,,,,,
3,,,,,
3,,,,,
3,,,,,
3,,,,,
3,,,,,
3,,,,,
3,,,,,
3,,,,,
3,,,,,
3,,,,,
3,,,,,
2,EV_B4_C3,,,0.0,35.79019422756976
1,EV_B4_C3,11.0,75.0,,
1,EV_B4_C3,10.0,75.0,,
1,EV_B4_C3,9.0,75.0,,
1,EV_B4_C3,8.0,75.0,,
1,EV_B4_C3,7.0,75.0,,
1,EV_B4_C3,6.0,75.0,,
1,EV_B4_C3,5.0,75.0,,
1,EV_B4_C3,4.0,75.0,,
1,EV_B4_C3,3.0,75.0,,
1,EV_B4_C3,2.0,75.0,,
1,EV_B4_C3,1.0,75.0,,
1,EV_B4_C3,0.0,75.0,,
3,,,,,
3,,,,,
3,,,,,
3,,,,,
3,,,,,
3,,,,,
3,,,,,
3,,,,,
3,,,,,
3,,,,,
2,EV_B4_C3,,,0.0,38.126381213835245
1,EV_B4_C3,12.0,75.0,,
1,EV_B4_C3,11.0,75.0,,
1,EV_B4_C3,10.0,75.0,,
1,EV_B4_C3,9.0,75.0,,
1,EV_B4_C3,8.0,75.0,,
1,EV_B4_C3,7.0,75.0,,
1,EV_B4_C3,6.0,75.0,,
1,EV_B4_C3,5.0,75.0,,
1,EV_B4_C3,4.0,75.0,,
1,EV_B4_C3,3.0,75.0,,
1,EV_B4_C3,2.0,75.0,,
1,EV_B4_C3,1.0,75.0,,
1,EV_B4_C3,0.0,75.0,,
3,,,,,
3,,,,,
3,,,,,
3,,,,,
3,,,,,
3,,,,,
3,,,,,
3,,,,,
3,,,,,
3,,,,,
3,,,,,
2,EV_B4_C3,,,0.0,34.92178615314649
1,EV_B4_C3,11.0,75.0,,
1,EV_B4_C3,10.0,75.0,,
1,EV_B4_C3,9.0,75.0,,
1,EV_B4_C3,8.0,75.0,,
1,EV_B4_C3,7.0,75.0,,
1,EV_B4_C3,6.0,75.0,,
1,EV_B4_C3,5.0,75.0,,
1,EV_B4_C3,4.0,75.0,,
1,EV_B4_C3,3.0,75.0,,
1,EV_B4_C3,2.0,75.0,,
1,EV_B4_C3,1.0,75.0,,
1,EV_B4_C3,0.0,75.0,,
3,,,,,
3,,,,,
3,,,,,
3,,,,,
3,,,,,
3,,,,,
3,,,,,
3,,,,,
3,,,,,
3,,,,,
3,,,,,
2,EV_B4_C3,,,0.0,37.230031521600075
1,EV_B4_C3,12.0,75.0,,
1,EV_B4_C3,11.0,75.0,,
1,EV_B4_C3,10.0,75.0,,
1,EV_B4_C3,9.0,75.0,,
1,EV_B4_C3,8.0,75.0,,
1,EV_B4_C3,7.0,75.0,,
1,EV_B4_C3,6.0,75.0,,
1,EV_B4_C3,5.0,75.0,,
1,EV_B4_C3,4.0,75.0,,
1,EV_B4_C3,3.0,75.0,,
1,EV_B4_C3,2.0,75.0,,
1,EV_B4_C3,1.0,75.0,,
1,EV_B4_C3,0.0,75.0,,
3,,,,,
3,,,,,
3,,,,,
3,,,,,
3,,,,,
3,,,,,
3,,,,,
3,,,,,
3,,,,,
3,,,,,
3,,,,,
2,EV_B4_C3,,,0.0,32.97432959309348
1,EV_B4_C3,10.0,75.0,,
1,EV_B4_C3,9.0,75.0,,
1,EV_B4_C3,8.0,75.0,,
1,EV_B4_C3,7.0,75.0,,
1,EV_B4_C3,6.0,75.0,,
1,EV_B4_C3,5.0,75.0,,
1,EV_B4_C3,4.0,75.0,,
1,EV_B4_C3,3.0,75.0,,
1,EV_B4_C3,2.0,75.0,,
1,EV_B4_C3,1.0,75.0,,
1,EV_B4_C3,0.0,75.0,,
3,,,,,
3,,,,,
3,,,,,
3,,,,,
3,,,,,
3,,,,,
3,,,,,
3,,,,,
3,,,,,
3,,,,,
3,,,,,
3,,,,,
3,,,,,
2,EV_B4_C3,,,0.0,33.5577404064743
1,EV_B4_C3,9.0,75.0,,
1,EV_B4_C3,8.0,75.0,,
1,EV_B4_C3,7.0,75.0,,
1,EV_B4_C3,6.0,75.0,,
1,EV_B4_C3,5.0,75.0,,
1,EV_B4_C3,4.0,75.0,,
1,EV_B4_C3,3.0,75.0,,
1,EV_B4_C3,2.0,75.0,,
1,EV_B4_C3,1.0,75.0,,
1,EV_B4_C3,0.0,75.0,,
3,,,,,
3,,,,,
3,,,,,
3,,,,,
3,,,,,
3,,,,,
3,,,,,
3,,,,,
3,,,,,
3,,,,,
3,,,,,
3,,,,,
3,,,,,
3,,,,,
3,,,,,
3,,,,,
3,,,,,
3,,,,,
3,,,,,
3,,,,,
3,,,,,
3,,,,,
3,,,,,
3,,,,,
3,,,,,
3,,,,,
3,,,,,
3,,,,,
3,,,,,
3,,,,,
3,,,,,
3,,,,,
3,,,,,
3,,,,,
3,,,,,
2,EV_B4_C3,,,0.0,36.43490981275493
1,EV_B4_C3,10.0,75.0,,
1,EV_B4_C3,9.0,75.0,,
1,EV_B4_C3,8.0,75.0,,
1,EV_B4_C3,7.0,75.0,,
1,EV_B4_C3,6.0,75.0,,
1,EV_B4_C3,5.0,75.0,,
1,EV_B4_C3,4.0,75.0,,
1,EV_B4_C3,3.0,75.0,,
1,EV_B4_C3,2.0,75.0,,
1,EV_B4_C3,1.0,75.0,,
1,EV_B4_C3,0.0,75.0,,
3,,,,,
3,,,,,
3,,,,,
3,,,,,
3,,,,,
3,,,,,
3,,,,,
3,,,,,
3,,,,,
3,,,,,
3,,,,,
3,,,,,
3,,,,,
2,EV_B4_C3,,,0.0,23.83695330957054
1,EV_B4_C3,10.0,75.0,,
1,EV_B4_C3,9.0,75.0,,
1,EV_B4_C3,8.0,75.0,,
1,EV_B4_C3,7.0,75.0,,
1,EV_B4_C3,6.0,75.0,,
1,EV_B4_C3,5.0,75.0,,
1,EV_B4_C3,4.0,75.0,,
1,EV_B4_C3,3.0,75.0,,
1,EV_B4_C3,2.0,75.0,,
1,EV_B4_C3,1.0,75.0,,
1,EV_B4_C3,0.0,75.0,,
3,,,,,
3,,,,,
3,,,,,
3,,,,,
3,,,,,
3,,,,,
3,,,,,
3,,,,,
3,,,,,
3,,,,,
3,,,,,
2,EV_B4_C3,,,0.0,20.81773957008554
1,EV_B4_C3,11.0,75.0,,
1,EV_B4_C3,10.0,75.0,,
1,EV_B4_C3,9.0,75.0,,
1,EV_B4_C3,8.0,75.0,,
1,EV_B4_C3,7.0,75.0,,
1,EV_B4_C3,6.0,75.0,,
1,EV_B4_C3,5.0,75.0,,
1,EV_B4_C3,4.0,75.0,,
1,EV_B4_C3,3.0,75.0,,
1,EV_B4_C3,2.0,75.0,,
1,EV_B4_C3,1.0,75.0,,
1,EV_B4_C3,0.0,75.0,,
3,,,,,
3,,,,,
3,,,,,
3,,,,,
3,,,,,
3,,,,,
3,,,,,
3,,,,,
3,,,,,
3,,,,,
2,EV_B4_C3,,,0.0,23.310098805839036
1,EV_B4_C3,12.0,75.0,,
1,EV_B4_C3,11.0,75.0,,
1,EV_B4_C3,10.0,75.0,,
1,EV_B4_C3,9.0,75.0,,
1,EV_B4_C3,8.0,75.0,,
1,EV_B4_C3,7.0,75.0,,
1,EV_B4_C3,6.0,75.0,,
1,EV_B4_C3,5.0,75.0,,
1,EV_B4_C3,4.0,75.0,,
1,EV_B4_C3,3.0,75.0,,
1,EV_B4_C3,2.0,75.0,,
1,EV_B4_C3,1.0,75.0,,
1,EV_B4_C3,0.0,75.0,,
3,,,,,
3,,,,,
3,,,,,
3,,,,,
3,,,,,
3,,,,,
3,,,,,
3,,,,,
3,,,,,
3,,,,,
3,,,,,
2,EV_B4_C3,,,0.0,20.798457767244553
1,EV_B4_C3,11.0,75.0,,
1,EV_B4_C3,10.0,75.0,,
1,EV_B4_C3,9.0,75.0,,
1,EV_B4_C3,8.0,75.0,,
1,EV_B4_C3,7.0,75.0,,
1,EV_B4_C3,6.0,75.0,,
1,EV_B4_C3,5.0,75.0,,
1,EV_B4_C3,4.0,75.0,,
1,EV_B4_C3,3.0,75.0,,
1,EV_B4_C3,2.0,75.0,,
1,EV_B4_C3,1.0,75.0,,
1,EV_B4_C3,0.0,75.0,,
3,,,,,
3,,,,,
3,,,,,
3,,,,,
3,,,,,
3,,,,,
3,,,,,
3,,,,,
3,,,,,
3,,,,,
3,,,,,
3,,,,,
2,EV_B4_C3,,,0.0,22.61759415713227
1,EV_B4_C3,10.0,75.0,,
1,EV_B4_C3,9.0,75.0,,
1,EV_B4_C3,8.0,75.0,,
1,EV_B4_C3,7.0,75.0,,
1,EV_B4_C3,6.0,75.0,,
1,EV_B4_C3,5.0,75.0,,
1,EV_B4_C3,4.0,75.0,,
1,EV_B4_C3,3.0,75.0,,
1,EV_B4_C3,2.0,75.0,,
1,EV_B4_C3,1.0,75.0,,
1,EV_B4_C3,0.0,75.0,,
3,,,,,
3,,,,,
3,,,,,
3,,,,,
3,,,,,
3,,,,,
3,,,,,
3,,,,,
3,,,,,
3,,,,,
3,,,,,
3,,,,,
3,,,,,
3,,,,,
3,,,,,
3,,,,,
3,,,,,
3,,,,,
3,,,,,
3,,,,,
3,,,,,
3,,,,,
3,,,,,
3,,,,,
3,,,,,
3,,,,,
3,,,,,
3,,,,,
3,,,,,
3,,,,,
3,,,,,
3,,,,,
3,,,,,
3,,,,,
2,EV_B4_C3,,,0.0,29.49726226648809
1,EV_B4_C3,10.0,75.0,,
1,EV_B4_C3,9.0,75.0,,
1,EV_B4_C3,8.0,75.0,,
1,EV_B4_C3,7.0,75.0,,
1,EV_B4_C3,6.0,75.0,,
1,EV_B4_C3,5.0,75.0,,
1,EV_B4_C3,4.0,75.0,,
1,EV_B4_C3,3.0,75.0,,
1,EV_B4_C3,2.0,75.0,,
1,EV_B4_C3,1.0,75.0,,
1,EV_B4_C3,0.0,75.0,,
3,,,,,
3,,,,,
3,,,,,
3,,,,,
3,,,,,
3,,,,,
3,,,,,
3,,,,,
3,,,,,
3,,,,,
3,,,,,
3,,,,,
3,,,,,
3,,,,,
2,EV_B4_C3,,,0.0,25.114660118712184
1,EV_B4_C3,9.0,75.0,,
1,EV_B4_C3,8.0,75.0,,
1,EV_B4_C3,7.0,75.0,,
1,EV_B4_C3,6.0,75.0,,
1,EV_B4_C3,5.0,75.0,,
1,EV_B4_C3,4.0,75.0,,
1,EV_B4_C3,3.0,75.0,,
1,EV_B4_C3,2.0,75.0,,
1,EV_B4_C3,1.0,75.0,,
1,EV_B4_C3,0.0,75.0,,
3,,,,,
3,,,,,
3,,,,,
3,,,,,
3,,,,,
3,,,,,
3,,,,,
3,,,,,
3,,,,,
3,,,,,
3,,,,,
2,EV_B4_C3,,,0.0,31.94278452927337
1,EV_B4_C3,12.0,75.0,,
1,EV_B4_C3,11.0,75.0,,
1,EV_B4_C3,10.0,75.0,,
1,EV_B4_C3,9.0,75.0,,
1,EV_B4_C3,8.0,75.0,,
1,EV_B4_C3,7.0,75.0,,
1,EV_B4_C3,6.0,75.0,,
1,EV_B4_C3,5.0,75.0,,
1,EV_B4_C3,4.0,75.0,,
1,EV_B4_C3,3.0,75.0,,
1,EV_B4_C3,2.0,75.0,,
1,EV_B4_C3,1.0,75.0,,
1,EV_B4_C3,0.0,75.0,,
3,,,,,
3,,,,,
3,,,,,
3,,,,,
3,,,,,
3,,,,,
3,,,,,
3,,,,,
3,,,,,
3,,,,,
3,,,,,
3,,,,,
2,EV_B4_C3,,,0.0,39.75118786152326
1,EV_B4_C3,10.0,75.0,,
1,EV_B4_C3,9.0,75.0,,
1,EV_B4_C3,8.0,75.0,,
1,EV_B4_C3,7.0,75.0,,
1,EV_B4_C3,6.0,75.0,,
1,EV_B4_C3,5.0,75.0,,
1,EV_B4_C3,4.0,75.0,,
1,EV_B4_C3,3.0,75.0,,
1,EV_B4_C3,2.0,75.0,,
1,EV_B4_C3,1.0,75.0,,
1,EV_B4_C3,0.0,75.0,,
3,,,,,
3,,,,,
3,,,,,
3,,,,,
3,,,,,
3,,,,,
3,,,,,
3,,,,,
3,,,,,
3,,,,,
3,,,,,
3,,,,,
2,EV_B4_C3,,,0.0,37.21512957506381
1,EV_B4_C3,11.0,75.0,,
1,EV_B4_C3,10.0,75.0,,
1,EV_B4_C3,9.0,75.0,,
1,EV_B4_C3,8.0,75.0,,
1,EV_B4_C3,7.0,75.0,,
1,EV_B4_C3,6.0,75.0,,
1,EV_B4_C3,5.0,75.0,,
1,EV_B4_C3,4.0,75.0,,
1,EV_B4_C3,3.0,75.0,,
1,EV_B4_C3,2.0,75.0,,
1,EV_B4_C3,1.0,75.0,,
1,EV_B4_C3,0.0,75.0,,
3,,,,,
3,,,,,
3,,,,,
3,,,,,
3,,,,,
3,,,,,
3,,,,,
3,,,,,
3,,,,,
3,,,,,
3,,,,,
3,,,,,
2,EV_B4_C3,,,0.0,38.20969321837996
1,EV_B4_C3,8.0,75.0,,
1,EV_B4_C3,7.0,75.0,,
1,EV_B4_C3,6.0,75.0,,
1,EV_B4_C3,5.0,75.0,,
1,EV_B4_C3,4.0,75.0,,
1,EV_B4_C3,3.0,75.0,,
1,EV_B4_C3,2.0,75.0,,
1,EV_B4_C3,1.0,75.0,,
1,EV_B4_C3,0.0,75.0,,
3,,,,,
3,,,,,
3,,,,,
3,,,,,
3,,,,,
3,,,,,
3,,,,,
3,,,,,
3,,,,,
3,,,,,
3,,,,,
3,,,,,
2,EV_B4_C3,,,0.0,39.068260156084655
1,EV_B4_C3,10.0,75.0,,
1,EV_B4_C3,9.0,75.0,,
1,EV_B4_C3,8.0,75.0,,
1,EV_B4_C3,7.0,75.0,,
1,EV_B4_C3,6.0,75.0,,
1,EV_B4_C3,5.0,75.0,,
1,EV_B4_C3,4.0,75.0,,
1,EV_B4_C3,3.0,75.0,,
1,EV_B4_C3,2.0,75.0,,
1,EV_B4_C3,1.0,75.0,,
1,EV_B4_C3,0.0,75.0,,
3,,,,,
3,,,,,
3,,,,,
3,,,,,
3,,,,,
3,,,,,
3,,,,,
3,,,,,
3,,,,,
3,,,,,
3,,,,,
3,,,,,
3,,,,,
3,,,,,
3,,,,,
3,,,,,
3,,,,,
3,,,,,
3,,,,,
3,,,,,
3,,,,,
3,,,,,
3,,,,,
3,,,,,
3,,,,,
3,,,,,
3,,,,,
3,,,,,
3,,,,,
3,,,,,
3,,,,,
3,,,,,
3,,,,,
3,,,,,
3,,,,,
3,,,,,
2,EV_B4_C3,,,0.0,21.38961150941673
1,EV_B4_C3,11.0,75.0,,
1,EV_B4_C3,10.0,75.0,,
1,EV_B4_C3,9.0,75.0,,
1,EV_B4_C3,8.0,75.0,,
1,EV_B4_C3,7.0,75.0,,
1,EV_B4_C3,6.0,75.0,,
1,EV_B4_C3,5.0,75.0,,
1,EV_B4_C3,4.0,75.0,,
1,EV_B4_C3,3.0,75.0,,
1,EV_B4_C3,2.0,75.0,,
1,EV_B4_C3,1.0,75.0,,
1,EV_B4_C3,0.0,75.0,,
3,,,,,
3,,,,,
3,,,,,
3,,,,,
3,,,,,
3,,,,,
3,,,,,
3,,,,,
3,,,,,
3,,,,,
3,,,,,
3,,,,,
2,EV_B4_C3,,,0.0,31.16271732560103
1,EV_B4_C3,10.0,75.0,,
1,EV_B4_C3,9.0,75.0,,
1,EV_B4_C3,8.0,75.0,,
1,EV_B4_C3,7.0,75.0,,
1,EV_B4_C3,6.0,75.0,,
1,EV_B4_C3,5.0,75.0,,
1,EV_B4_C3,4.0,75.0,,
1,EV_B4_C3,3.0,75.0,,
1,EV_B4_C3,2.0,75.0,,
1,EV_B4_C3,1.0,75.0,,
1,EV_B4_C3,0.0,75.0,,
3,,,,,
3,,,,,
3,,,,,
3,,,,,
3,,,,,
3,,,,,
3,,,,,
3,,,,,
3,,,,,
3,,,,,
3,,,,,
3,,,,,
3,,,,,
3,,,,,
3,,,,,
3,,,,,
3,,,,,
3,,,,,
3,,,,,
3,,,,,
3,,,,,
3,,,,,
3,,,,,
3,,,,,
3,,,,,
3,,,,,
3,,,,,
3,,,,,
3,,,,,
3,,,,,
3,,,,,
3,,,,,
3,,,,,
3,,,,,
3,,,,,
3,,,,,
2,EV_B4_C3,,,0.0,38.207546298147335
1,EV_B4_C3,9.0,75.0,,
1,EV_B4_C3,8.0,75.0,,
1,EV_B4_C3,7.0,75.0,,
1,EV_B4_C3,6.0,75.0,,
1,EV_B4_C3,5.0,75.0,,
1,EV_B4_C3,4.0,75.0,,
1,EV_B4_C3,3.0,75.0,,
1,EV_B4_C3,2.0,75.0,,
1,EV_B4_C3,1.0,75.0,,
1,EV_B4_C3,0.0,75.0,,
3,,,,,
3,,,,,
3,,,,,
3,,,,,
3,,,,,
3,,,,,
3,,,,,
3,,,,,
3,,,,,
3,,,,,
3,,,,,
3,,,,,
2,EV_B4_C3,,,0.0,38.94561283033489
1,EV_B4_C3,11.0,75.0,,
1,EV_B4_C3,10.0,75.0,,
1,EV_B4_C3,9.0,75.0,,
1,EV_B4_C3,8.0,75.0,,
1,EV_B4_C3,7.0,75.0,,
1,EV_B4_C3,6.0,75.0,,
1,EV_B4_C3,5.0,75.0,,
1,EV_B4_C3,4.0,75.0,,
1,EV_B4_C3,3.0,75.0,,
1,EV_B4_C3,2.0,75.0,,
1,EV_B4_C3,1.0,75.0,,
1,EV_B4_C3,0.0,75.0,,
3,,,,,
3,,,,,
3,,,,,
3,,,,,
3,,,,,
3,,,,,
3,,,,,
3,,,,,
3,,,,,
3,,,,,
3,,,,,
3,,,,,
2,EV_B4_C3,,,0.0,32.361742306072195
1,EV_B4_C3,9.0,75.0,,
1,EV_B4_C3,8.0,75.0,,
1,EV_B4_C3,7.0,75.0,,
1,EV_B4_C3,6.0,75.0,,
1,EV_B4_C3,5.0,75.0,,
1,EV_B4_C3,4.0,75.0,,
1,EV_B4_C3,3.0,75.0,,
1,EV_B4_C3,2.0,75.0,,
1,EV_B4_C3,1.0,75.0,,
1,EV_B4_C3,0.0,75.0,,
3,,,,,
3,,,,,
3,,,,,
3,,,,,
3,,,,,
3,,,,,
3,,,,,
3,,,,,
3,,,,,
3,,,,,
3,,,,,
2,EV_B4_C3,,,0.0,35.61610910142663
1,EV_B4_C3,11.0,75.0,,
1,EV_B4_C3,10.0,75.0,,
1,EV_B4_C3,9.0,75.0,,
1,EV_B4_C3,8.0,75.0,,
1,EV_B4_C3,7.0,75.0,,
1,EV_B4_C3,6.0,75.0,,
1,EV_B4_C3,5.0,75.0,,
1,EV_B4_C3,4.0,75.0,,
1,EV_B4_C3,3.0,75.0,,
1,EV_B4_C3,2.0,75.0,,
1,EV_B4_C3,1.0,75.0,,
1,EV_B4_C3,0.0,75.0,,
3,,,,,
3,,,,,
3,,,,,
3,,,,,
3,,,,,
3,,,,,
3,,,,,
3,,,,,
3,,,,,
3,,,,,
3,,,,,
2,EV_B4_C3,,,0.0,32.00401022302219
1,EV_B4_C3,13.0,75.0,,
1,EV_B4_C3,12.0,75.0,,
1,EV_B4_C3,11.0,75.0,,
1,EV_B4_C3,10.0,75.0,,
1,EV_B4_C3,9.0,75.0,,
1,EV_B4_C3,8.0,75.0,,
1,EV_B4_C3,7.0,75.0,,
1,EV_B4_C3,6.0,75.0,,
1,EV_B4_C3,5.0,75.0,,
1,EV_B4_C3,4.0,75.0,,
1,EV_B4_C3,3.0,75.0,,
1,EV_B4_C3,2.0,75.0,,
1,EV_B4_C3,1.0,75.0,,
1,EV_B4_C3,0.0,75.0,,
3,,,,,
3,,,,,
3,,,,,
3,,,,,
3,,,,,
3,,,,,
3,,,,,
3,,,,,
3,,,,,
3,,,,,
3,,,,,
2,EV_B4_C3,,,0.0,31.57106858169368
1,EV_B4_C3,10.0,75.0,,
1,EV_B4_C3,9.0,75.0,,
1,EV_B4_C3,8.0,75.0,,
1,EV_B4_C3,7.0,75.0,,
1,EV_B4_C3,6.0,75.0,,
1,EV_B4_C3,5.0,75.0,,
1,EV_B4_C3,4.0,75.0,,
1,EV_B4_C3,3.0,75.0,,
1,EV_B4_C3,2.0,75.0,,
1,EV_B4_C3,1.0,75.0,,
1,EV_B4_C3,0.0,75.0,,
3,,,,,
3,,,,,
3,,,,,
3,,,,,
3,,,,,
3,,,,,
3,,,,,
3,,,,,
3,,,,,
3,,,,,
3,,,,,
2,EV_B4_C3,,,0.0,26.25955276825958
1,EV_B4_C3,10.0,75.0,,
1,EV_B4_C3,9.0,75.0,,
1,EV_B4_C3,8.0,75.0,,
1,EV_B4_C3,7.0,75.0,,
1,EV_B4_C3,6.0,75.0,,
1,EV_B4_C3,5.0,75.0,,
1,EV_B4_C3,4.0,75.0,,
1,EV_B4_C3,3.0,75.0,,
1,EV_B4_C3,2.0,75.0,,
1,EV_B4_C3,1.0,75.0,,
1,EV_B4_C3,0.0,75.0,,
3,,,,,
3,,,,,
3,,,,,
3,,,,,
3,,,,,
3,,,,,
3,,,,,
3,,,,,
3,,,,,
3,,,,,
3,,,,,
3,,,,,
2,EV_B4_C3,,,0.0,23.954705664045218
1,EV_B4_C3,11.0,75.0,,
1,EV_B4_C3,10.0,75.0,,
1,EV_B4_C3,9.0,75.0,,
1,EV_B4_C3,8.0,75.0,,
1,EV_B4_C3,7.0,75.0,,
1,EV_B4_C3,6.0,75.0,,
1,EV_B4_C3,5.0,75.0,,
1,EV_B4_C3,4.0,75.0,,
1,EV_B4_C3,3.0,75.0,,
1,EV_B4_C3,2.0,75.0,,
1,EV_B4_C3,1.0,75.0,,
1,EV_B4_C3,0.0,75.0,,
3,,,,,
3,,,,,
3,,,,,
3,,,,,
3,,,,,
3,,,,,
3,,,,,
3,,,,,
3,,,,,
3,,,,,
3,,,,,
2,EV_B4_C3,,,0.0,37.072379794120344
1,EV_B4_C3,10.0,75.0,,
1,EV_B4_C3,9.0,75.0,,
1,EV_B4_C3,8.0,75.0,,
1,EV_B4_C3,7.0,75.0,,
1,EV_B4_C3,6.0,75.0,,
1,EV_B4_C3,5.0,75.0,,
1,EV_B4_C3,4.0,75.0,,
1,EV_B4_C3,3.0,75.0,,
1,EV_B4_C3,2.0,75.0,,
1,EV_B4_C3,1.0,75.0,,
1,EV_B4_C3,0.0,75.0,,
3,,,,,
3,,,,,
3,,,,,
3,,,,,
3,,,,,
3,,,,,
3,,,,,
3,,,,,
3,,,,,
3,,,,,
3,,,,,
2,EV_B4_C3,,,0.0,21.978036885576728
1,EV_B4_C3,12.0,75.0,,
1,EV_B4_C3,11.0,75.0,,
1,EV_B4_C3,10.0,75.0,,
1,EV_B4_C3,9.0,75.0,,
1,EV_B4_C3,8.0,75.0,,
1,EV_B4_C3,7.0,75.0,,
1,EV_B4_C3,6.0,75.0,,
1,EV_B4_C3,5.0,75.0,,
1,EV_B4_C3,4.0,75.0,,
1,EV_B4_C3,3.0,75.0,,
1,EV_B4_C3,2.0,75.0,,
1,EV_B4_C3,1.0,75.0,,
1,EV_B4_C3,0.0,75.0,,
3,,,,,
3,,,,,
3,,,,,
3,,,,,
3,,,,,
3,,,,,
3,,,,,
3,,,,,
3,,,,,
3,,,,,
3,,,,,
2,EV_B4_C3,,,0.0,24.30708715539593
1,EV_B4_C3,10.0,75.0,,
1,EV_B4_C3,9.0,75.0,,
1,EV_B4_C3,8.0,75.0,,
1,EV_B4_C3,7.0,75.0,,
1,EV_B4_C3,6.0,75.0,,
1,EV_B4_C3,5.0,75.0,,
1,EV_B4_C3,4.0,75.0,,
1,EV_B4_C3,3.0,75.0,,
1,EV_B4_C3,2.0,75.0,,
1,EV_B4_C3,1.0,75.0,,
1,EV_B4_C3,0.0,75.0,,
3,,,,,
3,,,,,
3,,,,,
3,,,,,
3,,,,,
3,,,,,
3,,,,,
3,,,,,
3,,,,,
3,,,,,
3,,,,,
3,,,,,
3,,,,,
3,,,,,
3,,,,,
3,,,,,
3,,,,,
3,,,,,
3,,,,,
3,,,,,
3,,,,,
3,,,,,
3,,,,,
3,,,,,
3,,,,,
3,,,,,
3,,,,,
3,,,,,
3,,,,,
3,,,,,
3,,,,,
3,,,,,
3,,,,,
3,,,,,
3,,,,,
3,,,,,
3,,,,,
2,EV_B4_C3,,,0.0,35.29883526203278
1,EV_B4_C3,10.0,75.0,,
1,EV_B4_C3,9.0,75.0,,
1,EV_B4_C3,8.0,75.0,,
1,EV_B4_C3,7.0,75.0,,
1,EV_B4_C3,6.0,75.0,,
1,EV_B4_C3,5.0,75.0,,
1,EV_B4_C3,4.0,75.0,,
1,EV_B4_C3,3.0,75.0,,
1,EV_B4_C3,2.0,75.0,,
1,EV_B4_C3,1.0,75.0,,
1,EV_B4_C3,0.0,75.0,,
3,,,,,
3,,,,,
3,,,,,
3,,,,,
3,,,,,
3,,,,,
3,,,,,
3,,,,,
3,,,,,
3,,,,,
3,,,,,
3,,,,,
2,EV_B4_C3,,,0.0,28.956819195550693
1,EV_B4_C3,10.0,75.0,,
1,EV_B4_C3,9.0,75.0,,
1,EV_B4_C3,8.0,75.0,,
1,EV_B4_C3,7.0,75.0,,
1,EV_B4_C3,6.0,75.0,,
1,EV_B4_C3,5.0,75.0,,
1,EV_B4_C3,4.0,75.0,,
1,EV_B4_C3,3.0,75.0,,
1,EV_B4_C3,2.0,75.0,,
1,EV_B4_C3,1.0,75.0,,
1,EV_B4_C3,0.0,75.0,,
3,,,,,
3,,,,,
3,,,,,
3,,,,,
3,,,,,
3,,,,,
3,,,,,
3,,,,,
3,,,,,
3,,,,,
3,,,,,
3,,,,,
2,EV_B4_C3,,,0.0,39.404238322142945
1,EV_B4_C3,10.0,75.0,,
1,EV_B4_C3,9.0,75.0,,
1,EV_B4_C3,8.0,75.0,,
1,EV_B4_C3,7.0,75.0,,
1,EV_B4_C3,6.0,75.0,,
1,EV_B4_C3,5.0,75.0,,
1,EV_B4_C3,4.0,75.0,,
1,EV_B4_C3,3.0,75.0,,
1,EV_B4_C3,2.0,75.0,,
1,EV_B4_C3,1.0,75.0,,
1,EV_B4_C3,0.0,75.0,,
3,,,,,
3,,,,,
3,,,,,
3,,,,,
3,,,,,
3,,,,,
3,,,,,
3,,,,,
3,,,,,
3,,,,,
3,,,,,
2,EV_B4_C3,,,0.0,24.284152812058405
1,EV_B4_C3,12.0,75.0,,
1,EV_B4_C3,11.0,75.0,,
1,EV_B4_C3,10.0,75.0,,
1,EV_B4_C3,9.0,75.0,,
1,EV_B4_C3,8.0,75.0,,
1,EV_B4_C3,7.0,75.0,,
1,EV_B4_C3,6.0,75.0,,
1,EV_B4_C3,5.0,75.0,,
1,EV_B4_C3,4.0,75.0,,
1,EV_B4_C3,3.0,75.0,,
1,EV_B4_C3,2.0,75.0,,
1,EV_B4_C3,1.0,75.0,,
1,EV_B4_C3,0.0,75.0,,
3,,,,,
3,,,,,
3,,,,,
3,,,,,
3,,,,,
3,,,,,
3,,,,,
3,,,,,
3,,,,,
3,,,,,
2,EV_B4_C3,,,0.0,23.91707339704844
1,EV_B4_C3,10.0,75.0,,
1,EV_B4_C3,9.0,75.0,,
1,EV_B4_C3,8.0,75.0,,
1,EV_B4_C3,7.0,75.0,,
1,EV_B4_C3,6.0,75.0,,
1,EV_B4_C3,5.0,75.0,,
1,EV_B4_C3,4.0,75.0,,
1,EV_B4_C3,3.0,75.0,,
1,EV_B4_C3,2.0,75.0,,
1,EV_B4_C3,1.0,75.0,,
1,EV_B4_C3,0.0,75.0,,
3,,,,,
3,,,,,
3,,,,,
3,,,,,
3,,,,,
3,,,,,
3,,,,,
3,,,,,
3,,,,,
3,,,,,
3,,,,,
3,,,,,
3,,,,,
3,,,,,
2,EV_B4_C3,,,0.0,28.90139717582108
1,EV_B4_C3,9.0,75.0,,
1,EV_B4_C3,8.0,75.0,,
1,EV_B4_C3,7.0,75.0,,
1,EV_B4_C3,6.0,75.0,,
1,EV_B4_C3,5.0,75.0,,
1,EV_B4_C3,4.0,75.0,,
1,EV_B4_C3,3.0,75.0,,
1,EV_B4_C3,2.0,75.0,,
1,EV_B4_C3,1.0,75.0,,
1,EV_B4_C3,0.0,75.0,,
3,,,,,
3,,,,,
3,,,,,
3,,,,,
3,,,,,
3,,,,,
3,,,,,
3,,,,,
3,,,,,
3,,,,,
3,,,,,
3,,,,,
2,EV_B4_C3,,,0.0,23.792051332865526
1,EV_B4_C3,9.0,75.0,,
1,EV_B4_C3,8.0,75.0,,
1,EV_B4_C3,7.0,75.0,,
1,EV_B4_C3,6.0,75.0,,
1,EV_B4_C3,5.0,75.0,,
1,EV_B4_C3,4.0,75.0,,
1,EV_B4_C3,3.0,75.0,,
1,EV_B4_C3,2.0,75.0,,
1,EV_B4_C3,1.0,75.0,,
1,EV_B4_C3,0.0,75.0,,
3,,,,,
3,,,,,
3,,,,,
3,,,,,
3,,,,,
3,,,,,
3,,,,,
3,,,,,
3,,,,,
3,,,,,
3,,,,,
3,,,,,
2,EV_B4_C3,,,0.0,35.18151030077998
1,EV_B4_C3,11.0,75.0,,
1,EV_B4_C3,10.0,75.0,,
1,EV_B4_C3,9.0,75.0,,
1,EV_B4_C3,8.0,75.0,,
1,EV_B4_C3,7.0,75.0,,
1,EV_B4_C3,6.0,75.0,,
1,EV_B4_C3,5.0,75.0,,
1,EV_B4_C3,4.0,75.0,,
1,EV_B4_C3,3.0,75.0,,
1,EV_B4_C3,2.0,75.0,,
1,EV_B4_C3,1.0,75.0,,
1,EV_B4_C3,0.0,75.0,,
3,,,,,
3,,,,,
3,,,,,
3,,,,,
3,,,,,
3,,,,,
3,,,,,
3,,,,,
3,,,,,
3,,,,,
3,,,,,
2,EV_B4_C3,,,0.0,34.40710910974063
1,EV_B4_C3,11.0,75.0,,
1,EV_B4_C3,10.0,75.0,,
1,EV_B4_C3,9.0,75.0,,
1,EV_B4_C3,8.0,75.0,,
1,EV_B4_C3,7.0,75.0,,
1,EV_B4_C3,6.0,75.0,,
1,EV_B4_C3,5.0,75.0,,
1,EV_B4_C3,4.0,75.0,,
1,EV_B4_C3,3.0,75.0,,
1,EV_B4_C3,2.0,75.0,,
1,EV_B4_C3,1.0,75.0,,
1,EV_B4_C3,0.0,75.0,,
3,,,,,
3,,,,,
3,,,,,
3,,,,,
3,,,,,
3,,,,,
3,,,,,
3,,,,,
3,,,,,
3,,,,,
3,,,,,
3,,,,,
2,EV_B4_C3,,,0.0,23.29902439009094
1,EV_B4_C3,9.0,75.0,,
1,EV_B4_C3,8.0,75.0,,
1,EV_B4_C3,7.0,75.0,,
1,EV_B4_C3,6.0,75.0,,
1,EV_B4_C3,5.0,75.0,,
1,EV_B4_C3,4.0,75.0,,
1,EV_B4_C3,3.0,75.0,,
1,EV_B4_C3,2.0,75.0,,
1,EV_B4_C3,1.0,75.0,,
1,EV_B4_C3,0.0,75.0,,
3,,,,,
3,,,,,
3,,,,,
3,,,,,
3,,,,,
3,,,,,
3,,,,,
3,,,,,
3,,,,,
3,,,,,
3,,,,,
3,,,,,
3,,,,,
3,,,,,
2,EV_B4_C3,,,0.0,32.865344165747004
1,EV_B4_C3,8.0,75.0,,
1,EV_B4_C3,7.0,75.0,,
1,EV_B4_C3,6.0,75.0,,
1,EV_B4_C3,5.0,75.0,,
1,EV_B4_C3,4.0,75.0,,
1,EV_B4_C3,3.0,75.0,,
1,EV_B4_C3,2.0,75.0,,
1,EV_B4_C3,1.0,75.0,,
1,EV_B4_C3,0.0,75.0,,
3,,,,,
3,,,,,
3,,,,,
3,,,,,
3,,,,,
3,,,,,
3,,,,,
3,,,,,
3,,,,,
3,,,,,
3,,,,,
3,,,,,
3,,,,,
3,,,,,
2,EV_B4_C3,,,0.0,37.836998936715545
1,EV_B4_C3,9.0,75.0,,
1,EV_B4_C3,8.0,75.0,,
1,EV_B4_C3,7.0,75.0,,
1,EV_B4_C3,6.0,75.0,,
1,EV_B4_C3,5.0,75.0,,
1,EV_B4_C3,4.0,75.0,,
1,EV_B4_C3,3.0,75.0,,
1,EV_B4_C3,2.0,75.0,,
1,EV_B4_C3,1.0,75.0,,
1,EV_B4_C3,0.0,75.0,,
3,,,,,
3,,,,,
3,,,,,
3,,,,,
3,,,,,
3,,,,,
3,,,,,
3,,,,,
3,,,,,
3,,,,,
3,,,,,
2,EV_B4_C3,,,0.0,33.39877240793309
1,EV_B4_C3,11.0,75.0,,
1,EV_B4_C3,10.0,75.0,,
1,EV_B4_C3,9.0,75.0,,
1,EV_B4_C3,8.0,75.0,,
1,EV_B4_C3,7.0,75.0,,
1,EV_B4_C3,6.0,75.0,,
1,EV_B4_C3,5.0,75.0,,
1,EV_B4_C3,4.0,75.0,,
1,EV_B4_C3,3.0,75.0,,
1,EV_B4_C3,2.0,75.0,,
1,EV_B4_C3,1.0,75.0,,
1,EV_B4_C3,0.0,75.0,,
3,,,,,
3,,,,,
3,,,,,
3,,,,,
3,,,,,
3,,,,,
3,,,,,
3,,,,,
3,,,,,
3,,,,,
3,,,,,
2,EV_B4_C3,,,0.0,30.513481126905383
1,EV_B4_C3,10.0,75.0,,
1,EV_B4_C3,9.0,75.0,,
1,EV_B4_C3,8.0,75.0,,
1,EV_B4_C3,7.0,75.0,,
1,EV_B4_C3,6.0,75.0,,
1,EV_B4_C3,5.0,75.0,,
1,EV_B4_C3,4.0,75.0,,
1,EV_B4_C3,3.0,75.0,,
1,EV_B4_C3,2.0,75.0,,
1,EV_B4_C3,1.0,75.0,,
1,EV_B4_C3,0.0,75.0,,
3,,,,,
3,,,,,
3,,,,,
3,,,,,
3,,,,,
3,,,,,
3,,,,,
3,,,,,
3,,,,,
3,,,,,
3,,,,,
3,,,,,
3,,,,,
3,,,,,
3,,,,,
2,EV_B4_C3,,,0.0,25.412499011115237
1,EV_B4_C3,8.0,75.0,,
1,EV_B4_C3,7.0,75.0,,
1,EV_B4_C3,6.0,75.0,,
1,EV_B4_C3,5.0,75.0,,
1,EV_B4_C3,4.0,75.0,,
1,EV_B4_C3,3.0,75.0,,
1,EV_B4_C3,2.0,75.0,,
1,EV_B4_C3,1.0,75.0,,
1,EV_B4_C3,0.0,75.0,,
3,,,,,
3,,,,,
3,,,,,
3,,,,,
3,,,,,
3,,,,,
3,,,,,
3,,,,,
3,,,,,
3,,,,,
3,,,,,
2,EV_B4_C3,,,0.0,27.671143428856215
1,EV_B4_C3,11.0,75.0,,
1,EV_B4_C3,10.0,75.0,,
1,EV_B4_C3,9.0,75.0,,
1,EV_B4_C3,8.0,75.0,,
1,EV_B4_C3,7.0,75.0,,
1,EV_B4_C3,6.0,75.0,,
1,EV_B4_C3,5.0,75.0,,
1,EV_B4_C3,4.0,75.0,,
1,EV_B4_C3,3.0,75.0,,
1,EV_B4_C3,2.0,75.0,,
1,EV_B4_C3,1.0,75.0,,
1,EV_B4_C3,0.0,75.0,,
3,,,,,
3,,,,,
3,,,,,
3,,,,,
3,,,,,
3,,,,,
3,,,,,
3,,,,,
3,,,,,
3,,,,,
3,,,,,
3,,,,,
2,EV_B4_C3,,,0.0,20.91910607709542
1,EV_B4_C3,9.0,75.0,,
1,EV_B4_C3,8.0,75.0,,
1,EV_B4_C3,7.0,75.0,,
1,EV_B4_C3,6.0,75.0,,
1,EV_B4_C3,5.0,75.0,,
1,EV_B4_C3,4.0,75.0,,
1,EV_B4_C3,3.0,75.0,,
1,EV_B4_C3,2.0,75.0,,
1,EV_B4_C3,1.0,75.0,,
1,EV_B4_C3,0.0,75.0,,
3,,,,,
3,,,,,
3,,,,,
3,,,,,
3,,,,,
3,,,,,
3,,,,,
3,,,,,
3,,,,,
3,,,,,
3,,,,,
3,,,,,
2,EV_B4_C3,,,0.0,38.84268684334149
1,EV_B4_C3,11.0,75.0,,
1,EV_B4_C3,10.0,75.0,,
1,EV_B4_C3,9.0,75.0,,
1,EV_B4_C3,8.0,75.0,,
1,EV_B4_C3,7.0,75.0,,
1,EV_B4_C3,6.0,75.0,,
1,EV_B4_C3,5.0,75.0,,
1,EV_B4_C3,4.0,75.0,,
1,EV_B4_C3,3.0,75.0,,
1,EV_B4_C3,2.0,75.0,,
1,EV_B4_C3,1.0,75.0,,
1,EV_B4_C3,0.0,75.0,,
3,,,,,
3,,,,,
3,,,,,
3,,,,,
3,,,,,
3,,,,,
3,,,,,
3,,,,,
3,,,,,
3,,,,,
2,EV_B4_C3,,,0.0,39.497461402388915
1,EV_B4_C3,12.0,75.0,,
1,EV_B4_C3,11.0,75.0,,
1,EV_B4_C3,10.0,75.0,,
1,EV_B4_C3,9.0,75.0,,
1,EV_B4_C3,8.0,75.0,,
1,EV_B4_C3,7.0,75.0,,
1,EV_B4_C3,6.0,75.0,,
1,EV_B4_C3,5.0,75.0,,
1,EV_B4_C3,4.0,75.0,,
1,EV_B4_C3,3.0,75.0,,
1,EV_B4_C3,2.0,75.0,,
1,EV_B4_C3,1.0,75.0,,
1,EV_B4_C3,0.0,75.0,,
3,,,,,
3,,,,,
3,,,,,
3,,,,,
3,,,,,
3,,,,,
3,,,,,
3,,,,,
3,,,,,
3,,,,,
3,,,,,
3,,,,,
2,EV_B4_C3,,,0.0,38.44820313466868
1,EV_B4_C3,9.0,75.0,,
1,EV_B4_C3,8.0,75.0,,
1,EV_B4_C3,7.0,75.0,,
1,EV_B4_C3,6.0,75.0,,
1,EV_B4_C3,5.0,75.0,,
1,EV_B4_C3,4.0,75.0,,
1,EV_B4_C3,3.0,75.0,,
1,EV_B4_C3,2.0,75.0,,
1,EV_B4_C3,1.0,75.0,,
1,EV_B4_C3,0.0,75.0,,
3,,,,,
3,,,,,
3,,,,,
3,,,,,
3,,,,,
3,,,,,
3,,,,,
3,,,,,
3,,,,,
3,,,,,
3,,,,,
3,,,,,
3,,,,,
2,EV_B4_C3,,,0.0,35.73194238414549
1,EV_B4_C3,9.0,75.0,,
1,EV_B4_C3,8.0,75.0,,
1,EV_B4_C3,7.0,75.0,,
1,EV_B4_C3,6.0,75.0,,
1,EV_B4_C3,5.0,75.0,,
1,EV_B4_C3,4.0,75.0,,
1,EV_B4_C3,3.0,75.0,,
1,EV_B4_C3,2.0,75.0,,
1,EV_B4_C3,1.0,75.0,,
1,EV_B4_C3,0.0,75.0,,
3,,,,,
3,,,,,
3,,,,,
3,,,,,
3,,,,,
3,,,,,
3,,,,,
3,,,,,
3,,,,,
3,,,,,
3,,,,,
3,,,,,
2,EV_B4_C3,,,0.0,20.450293685894323
1,EV_B4_C3,12.0,75.0,,
1,EV_B4_C3,11.0,75.0,,
1,EV_B4_C3,10.0,75.0,,
1,EV_B4_C3,9.0,75.0,,
1,EV_B4_C3,8.0,75.0,,
1,EV_B4_C3,7.0,75.0,,
1,EV_B4_C3,6.0,75.0,,
1,EV_B4_C3,5.0,75.0,,
1,EV_B4_C3,4.0,75.0,,
1,EV_B4_C3,3.0,75.0,,
1,EV_B4_C3,2.0,75.0,,
1,EV_B4_C3,1.0,75.0,,
1,EV_B4_C3,0.0,75.0,,
3,,,,,
3,,,,,
3,,,,,
3,,,,,
3,,,,,
3,,,,,
3,,,,,
3,,,,,
3,,,,,
2,EV_B4_C3,,,0.0,26.685938612307563
1,EV_B4_C3,12.0,75.0,,
1,EV_B4_C3,11.0,75.0,,
1,EV_B4_C3,10.0,75.0,,
1,EV_B4_C3,9.0,75.0,,
1,EV_B4_C3,8.0,75.0,,
1,EV_B4_C3,7.0,75.0,,
1,EV_B4_C3,6.0,75.0,,
1,EV_B4_C3,5.0,75.0,,
1,EV_B4_C3,4.0,75.0,,
1,EV_B4_C3,3.0,75.0,,
1,EV_B4_C3,2.0,75.0,,
1,EV_B4_C3,1.0,75.0,,
1,EV_B4_C3,0.0,75.0,,
3,,,,,
3,,,,,
3,,,,,
3,,,,,
3,,,,,
3,,,,,
3,,,,,
3,,,,,
3,,,,,
3,,,,,
2,EV_B4_C3,,,0.0,28.804038161474
1,EV_B4_C3,11.0,75.0,,
1,EV_B4_C3,10.0,75.0,,
1,EV_B4_C3,9.0,75.0,,
1,EV_B4_C3,8.0,75.0,,
1,EV_B4_C3,7.0,75.0,,
1,EV_B4_C3,6.0,75.0,,
1,EV_B4_C3,5.0,75.0,,
1,EV_B4_C3,4.0,75.0,,
1,EV_B4_C3,3.0,75.0,,
1,EV_B4_C3,2.0,75.0,,
1,EV_B4_C3,1.0,75.0,,
1,EV_B4_C3,0.0,75.0,,
3,,,,,
3,,,,,
3,,,,,
3,,,,,
3,,,,,
3,,,,,
3,,,,,
3,,,,,
3,,,,,
3,,,,,
3,,,,,
3,,,,,
3,,,,,
3,,,,,
2,EV_B4_C3,,,0.0,30.7830223249651
1,EV_B4_C3,9.0,75.0,,
1,EV_B4_C3,8.0,75.0,,
1,EV_B4_C3,7.0,75.0,,
1,EV_B4_C3,6.0,75.0,,
1,EV_B4_C3,5.0,75.0,,
1,EV_B4_C3,4.0,75.0,,
1,EV_B4_C3,3.0,75.0,,
1,EV_B4_C3,2.0,75.0,,
1,EV_B4_C3,1.0,75.0,,
1,EV_B4_C3,0.0,75.0,,
3,,,,,
3,,,,,
3,,,,,
3,,,,,
3,,,,,
3,,,,,
3,,,,,
3,,,,,
3,,,,,
3,,,,,
3,,,,,
3,,,,,
2,EV_B4_C3,,,0.0,23.05834391971706
1,EV_B4_C3,10.0,75.0,,
1,EV_B4_C3,9.0,75.0,,
1,EV_B4_C3,8.0,75.0,,
1,EV_B4_C3,7.0,75.0,,
1,EV_B4_C3,6.0,75.0,,
1,EV_B4_C3,5.0,75.0,,
1,EV_B4_C3,4.0,75.0,,
1,EV_B4_C3,3.0,75.0,,
1,EV_B4_C3,2.0,75.0,,
1,EV_B4_C3,1.0,75.0,,
1,EV_B4_C3,0.0,75.0,,
3,,,,,
3,,,,,
3,,,,,
3,,,,,
3,,,,,
3,,,,,
3,,,,,
3,,,,,
3,,,,,
3,,,,,
3,,,,,
3,,,,,
2,EV_B4_C3,,,0.0,27.0578599845921
1,EV_B4_C3,9.0,75.0,,
1,EV_B4_C3,8.0,75.0,,
1,EV_B4_C3,7.0,75.0,,
1,EV_B4_C3,6.0,75.0,,
1,EV_B4_C3,5.0,75.0,,
1,EV_B4_C3,4.0,75.0,,
1,EV_B4_C3,3.0,75.0,,
1,EV_B4_C3,2.0,75.0,,
1,EV_B4_C3,1.0,75.0,,
1,EV_B4_C3,0.0,75.0,,
3,,,,,
3,,,,,
3,,,,,
3,,,,,
3,,,,,
3,,,,,
3,,,,,
3,,,,,
3,,,,,
3,,,,,
3,,,,,
3,,,,,
2,EV_B4_C3,,,0.0,36.939079387735745
1,EV_B4_C3,10.0,75.0,,
1,EV_B4_C3,9.0,75.0,,
1,EV_B4_C3,8.0,75.0,,
1,EV_B4_C3,7.0,75.0,,
1,EV_B4_C3,6.0,75.0,,
1,EV_B4_C3,5.0,75.0,,
1,EV_B4_C3,4.0,75.0,,
1,EV_B4_C3,3.0,75.0,,
1,EV_B4_C3,2.0,75.0,,
1,EV_B4_C3,1.0,75.0,,
1,EV_B4_C3,0.0,75.0,,
3,,,,,
3,,,,,
3,,,,,
3,,,,,
3,,,,,
3,,,,,
3,,,,,
3,,,,,
3,,,,,
3,,,,,
3,,,,,
3,,,,,
3,,,,,
2,EV_B4_C3,,,0.0,29.13146700904313
1,EV_B4_C3,10.0,75.0,,
1,EV_B4_C3,9.0,75.0,,
1,EV_B4_C3,8.0,75.0,,
1,EV_B4_C3,7.0,75.0,,
1,EV_B4_C3,6.0,75.0,,
1,EV_B4_C3,5.0,75.0,,
1,EV_B4_C3,4.0,75.0,,
1,EV_B4_C3,3.0,75.0,,
1,EV_B4_C3,2.0,75.0,,
1,EV_B4_C3,1.0,75.0,,
1,EV_B4_C3,0.0,75.0,,
3,,,,,
3,,,,,
3,,,,,
3,,,,,
3,,,,,
3,,,,,
3,,,,,
3,,,,,
3,,,,,
3,,,,,
2,EV_B4_C3,,,0.0,24.87502413013737
1,EV_B4_C3,12.0,75.0,,
1,EV_B4_C3,11.0,75.0,,
1,EV_B4_C3,10.0,75.0,,
1,EV_B4_C3,9.0,75.0,,
1,EV_B4_C3,8.0,75.0,,
1,EV_B4_C3,7.0,75.0,,
1,EV_B4_C3,6.0,75.0,,
1,EV_B4_C3,5.0,75.0,,
1,EV_B4_C3,4.0,75.0,,
1,EV_B4_C3,3.0,75.0,,
1,EV_B4_C3,2.0,75.0,,
1,EV_B4_C3,1.0,75.0,,
1,EV_B4_C3,0.0,75.0,,
3,,,,,
3,,,,,
3,,,,,
3,,,,,
3,,,,,
3,,,,,
3,,,,,
3,,,,,
3,,,,,
3,,,,,
3,,,,,
2,EV_B4_C3,,,0.0,39.33147518230625
1,EV_B4_C3,11.0,75.0,,
1,EV_B4_C3,10.0,75.0,,
1,EV_B4_C3,9.0,75.0,,
1,EV_B4_C3,8.0,75.0,,
1,EV_B4_C3,7.0,75.0,,
1,EV_B4_C3,6.0,75.0,,
1,EV_B4_C3,5.0,75.0,,
1,EV_B4_C3,4.0,75.0,,
1,EV_B4_C3,3.0,75.0,,
1,EV_B4_C3,2.0,75.0,,
1,EV_B4_C3,1.0,75.0,,
1,EV_B4_C3,0.0,75.0,,
3,,,,,
3,,,,,
3,,,,,
3,,,,,
3,,,,,
3,,,,,
3,,,,,
3,,,,,
3,,,,,
3,,,,,
3,,,,,
2,EV_B4_C3,,,0.0,30.620175448405508
1,EV_B4_C3,11.0,75.0,,
1,EV_B4_C3,10.0,75.0,,
1,EV_B4_C3,9.0,75.0,,
1,EV_B4_C3,8.0,75.0,,
1,EV_B4_C3,7.0,75.0,,
1,EV_B4_C3,6.0,75.0,,
1,EV_B4_C3,5.0,75.0,,
1,EV_B4_C3,4.0,75.0,,
1,EV_B4_C3,3.0,75.0,,
1,EV_B4_C3,2.0,75.0,,
1,EV_B4_C3,1.0,75.0,,
1,EV_B4_C3,0.0,75.0,,
3,,,,,
3,,,,,
3,,,,,
3,,,,,
3,,,,,
3,,,,,
3,,,,,
3,,,,,
3,,,,,
3,,,,,
3,,,,,
3,,,,,
2,EV_B4_C3,,,0.0,25.770838379813505
1,EV_B4_C3,9.0,75.0,,
1,EV_B4_C3,8.0,75.0,,
1,EV_B4_C3,7.0,75.0,,
1,EV_B4_C3,6.0,75.0,,
1,EV_B4_C3,5.0,75.0,,
1,EV_B4_C3,4.0,75.0,,
1,EV_B4_C3,3.0,75.0,,
1,EV_B4_C3,2.0,75.0,,
1,EV_B4_C3,1.0,75.0,,
1,EV_B4_C3,0.0,75.0,,
3,,,,,
3,,,,,
3,,,,,
3,,,,,
3,,,,,
3,,,,,
3,,,,,
3,,,,,
3,,,,,
3,,,,,
3,,,,,
3,,,,,
2,EV_B4_C3,,,0.0,26.53709341637728
1,EV_B4_C3,12.0,75.0,,
1,EV_B4_C3,11.0,75.0,,
1,EV_B4_C3,10.0,75.0,,
1,EV_B4_C3,9.0,75.0,,
1,EV_B4_C3,8.0,75.0,,
1,EV_B4_C3,7.0,75.0,,
1,EV_B4_C3,6.0,75.0,,
1,EV_B4_C3,5.0,75.0,,
1,EV_B4_C3,4.0,75.0,,
1,EV_B4_C3,3.0,75.0,,
1,EV_B4_C3,2.0,75.0,,
1,EV_B4_C3,1.0,75.0,,
1,EV_B4_C3,0.0,75.0,,
3,,,,,
3,,,,,
3,,,,,
3,,,,,
3,,,,,
3,,,,,
3,,,,,
3,,,,,
3,,,,,
3,,,,,
2,EV_B4_C3,,,0.0,23.56011954260965
1,EV_B4_C3,10.0,75.0,,
1,EV_B4_C3,9.0,75.0,,
1,EV_B4_C3,8.0,75.0,,
1,EV_B4_C3,7.0,75.0,,
1,EV_B4_C3,6.0,75.0,,
1,EV_B4_C3,5.0,75.0,,
1,EV_B4_C3,4.0,75.0,,
1,EV_B4_C3,3.0,75.0,,
1,EV_B4_C3,2.0,75.0,,
1,EV_B4_C3,1.0,75.0,,
1,EV_B4_C3,0.0,75.0,,
3,,,,,
3,,,,,
3,,,,,
3,,,,,
3,,,,,
3,,,,,
3,,,,,
3,,,,,
3,,,,,
3,,,,,
3,,,,,
3,,,,,
3,,,,,
2,EV_B4_C3,,,0.0,38.8304909829545
1,EV_B4_C3,10.0,75.0,,
1,EV_B4_C3,9.0,75.0,,
1,EV_B4_C3,8.0,75.0,,
1,EV_B4_C3,7.0,75.0,,
1,EV_B4_C3,6.0,75.0,,
1,EV_B4_C3,5.0,75.0,,
1,EV_B4_C3,4.0,75.0,,
1,EV_B4_C3,3.0,75.0,,
1,EV_B4_C3,2.0,75.0,,
1,EV_B4_C3,1.0,75.0,,
1,EV_B4_C3,0.0,75.0,,
3,,,,,
3,,,,,
3,,,,,
3,,,,,
3,,,,,
3,,,,,
3,,,,,
3,,,,,
3,,,,,
3,,,,,
3,,,,,
3,,,,,
3,,,,,
3,,,,,
3,,,,,
3,,,,,
3,,,,,
3,,,,,
3,,,,,
3,,,,,
3,,,,,
3,,,,,
3,,,,,
3,,,,,
3,,,,,
3,,,,,
3,,,,,
3,,,,,
3,,,,,
3,,,,,
3,,,,,
3,,,,,
3,,,,,
3,,,,,
3,,,,,
3,,,,,
3,,,,,
3,,,,,
3,,,,,
3,,,,,
3,,,,,
3,,,,,
3,,,,,
3,,,,,
3,,,,,
3,,,,,
3,,,,,
3,,,,,
3,,,,,
3,,,,,
3,,,,,
3,,,,,
3,,,,,
3,,,,,
3,,,,,
3,,,,,
3,,,,,
3,,,,,
3,,,,,
3,,,,,
2,EV_B4_C3,,,0.0,32.14508750960695
1,EV_B4_C3,10.0,75.0,,
1,EV_B4_C3,9.0,75.0,,
1,EV_B4_C3,8.0,75.0,,
1,EV_B4_C3,7.0,75.0,,
1,EV_B4_C3,6.0,75.0,,
1,EV_B4_C3,5.0,75.0,,
1,EV_B4_C3,4.0,75.0,,
1,EV_B4_C3,3.0,75.0,,
1,EV_B4_C3,2.0,75.0,,
1,EV_B4_C3,1.0,75.0,,
1,EV_B4_C3,0.0,75.0,,
3,,,,,
3,,,,,
3,,,,,
3,,,,,
3,,,,,
3,,,,,
3,,,,,
3,,,,,
3,,,,,
3,,,,,
2,EV_B4_C3,,,0.0,33.31864070255599
1,EV_B4_C3,11.0,75.0,,
1,EV_B4_C3,10.0,75.0,,
1,EV_B4_C3,9.0,75.0,,
1,EV_B4_C3,8.0,75.0,,
1,EV_B4_C3,7.0,75.0,,
1,EV_B4_C3,6.0,75.0,,
1,EV_B4_C3,5.0,75.0,,
1,EV_B4_C3,4.0,75.0,,
1,EV_B4_C3,3.0,75.0,,
1,EV_B4_C3,2.0,75.0,,
1,EV_B4_C3,1.0,75.0,,
1,EV_B4_C3,0.0,75.0,,
3,,,,,
3,,,,,
3,,,,,
3,,,,,
3,,,,,
3,,,,,
3,,,,,
3,,,,,
3,,,,,
3,,,,,
3,,,,,
3,,,,,
2,EV_B4_C3,,,0.0,21.451398721688026
1,EV_B4_C3,10.0,75.0,,
1,EV_B4_C3,9.0,75.0,,
1,EV_B4_C3,8.0,75.0,,
1,EV_B4_C3,7.0,75.0,,
1,EV_B4_C3,6.0,75.0,,
1,EV_B4_C3,5.0,75.0,,
1,EV_B4_C3,4.0,75.0,,
1,EV_B4_C3,3.0,75.0,,
1,EV_B4_C3,2.0,75.0,,
1,EV_B4_C3,1.0,75.0,,
1,EV_B4_C3,0.0,75.0,,
3,,,,,
3,,,,,
3,,,,,
3,,,,,
3,,,,,
3,,,,,
3,,,,,
3,,,,,
3,,,,,
3,,,,,
3,,,,,
3,,,,,
2,EV_B4_C3,,,0.0,22.682320176114178
1,EV_B4_C3,10.0,75.0,,
1,EV_B4_C3,9.0,75.0,,
1,EV_B4_C3,8.0,75.0,,
1,EV_B4_C3,7.0,75.0,,
1,EV_B4_C3,6.0,75.0,,
1,EV_B4_C3,5.0,75.0,,
1,EV_B4_C3,4.0,75.0,,
1,EV_B4_C3,3.0,75.0,,
1,EV_B4_C3,2.0,75.0,,
1,EV_B4_C3,1.0,75.0,,
1,EV_B4_C3,0.0,75.0,,
3,,,,,
3,,,,,
3,,,,,
3,,,,,
3,,,,,
3,,,,,
3,,,,,
3,,,,,
3,,,,,
3,,,,,
3,,,,,
3,,,,,
3,,,,,
2,EV_B4_C3,,,0.0,28.583967479375616
1,EV_B4_C3,11.0,75.0,,
1,EV_B4_C3,10.0,75.0,,
1,EV_B4_C3,9.0,75.0,,
1,EV_B4_C3,8.0,75.0,,
1,EV_B4_C3,7.0,75.0,,
1,EV_B4_C3,6.0,75.0,,
1,EV_B4_C3,5.0,75.0,,
1,EV_B4_C3,4.0,75.0,,
1,EV_B4_C3,3.0,75.0,,
1,EV_B4_C3,2.0,75.0,,
1,EV_B4_C3,1.0,75.0,,
1,EV_B4_C3,0.0,75.0,,
3,,,,,
3,,,,,
3,,,,,
3,,,,,
3,,,,,
3,,,,,
3,,,,,
3,,,,,
3,,,,,
3,,,,,
3,,,,,
2,EV_B4_C3,,,0.0,20.16595748371727
1,EV_B4_C3,10.0,75.0,,
1,EV_B4_C3,9.0,75.0,,
1,EV_B4_C3,8.0,75.0,,
1,EV_B4_C3,7.0,75.0,,
1,EV_B4_C3,6.0,75.0,,
1,EV_B4_C3,5.0,75.0,,
1,EV_B4_C3,4.0,75.0,,
1,EV_B4_C3,3.0,75.0,,
1,EV_B4_C3,2.0,75.0,,
1,EV_B4_C3,1.0,75.0,,
1,EV_B4_C3,0.0,75.0,,
3,,,,,
3,,,,,
3,,,,,
3,,,,,
3,,,,,
3,,,,,
3,,,,,
3,,,,,
3,,,,,
3,,,,,
3,,,,,
3,,,,,
3,,,,,
3,,,,,
3,,,,,
3,,,,,
3,,,,,
3,,,,,
3,,,,,
3,,,,,
3,,,,,
3,,,,,
3,,,,,
3,,,,,
3,,,,,
3,,,,,
3,,,,,
3,,,,,
3,,,,,
3,,,,,
3,,,,,
3,,,,,
3,,,,,
3,,,,,
2,EV_B4_C3,,,0.0,21.337751953159202
1,EV_B4_C3,11.0,75.0,,
1,EV_B4_C3,10.0,75.0,,
1,EV_B4_C3,9.0,75.0,,
1,EV_B4_C3,8.0,75.0,,
1,EV_B4_C3,7.0,75.0,,
1,EV_B4_C3,6.0,75.0,,
1,EV_B4_C3,5.0,75.0,,
1,EV_B4_C3,4.0,75.0,,
1,EV_B4_C3,3.0,75.0,,
1,EV_B4_C3,2.0,75.0,,
1,EV_B4_C3,1.0,75.0,,
1,EV_B4_C3,0.0,75.0,,
3,,,,,
3,,,,,
3,,,,,
3,,,,,
3,,,,,
3,,,,,
3,,,,,
3,,,,,
3,,,,,
3,,,,,
3,,,,,
3,,,,,
3,,,,,
2,EV_B4_C3,,,0.0,36.59401314038209
1,EV_B4_C3,10.0,75.0,,
1,EV_B4_C3,9.0,75.0,,
1,EV_B4_C3,8.0,75.0,,
1,EV_B4_C3,7.0,75.0,,
1,EV_B4_C3,6.0,75.0,,
1,EV_B4_C3,5.0,75.0,,
1,EV_B4_C3,4.0,75.0,,
1,EV_B4_C3,3.0,75.0,,
1,EV_B4_C3,2.0,75.0,,
1,EV_B4_C3,1.0,75.0,,
1,EV_B4_C3,0.0,75.0,,
3,,,,,
3,,,,,
3,,,,,
3,,,,,
3,,,,,
3,,,,,
3,,,,,
3,,,,,
3,,,,,
3,,,,,
3,,,,,
2,EV_B4_C3,,,0.0,22.55438261135137
1,EV_B4_C3,10.0,75.0,,
1,EV_B4_C3,9.0,75.0,,
1,EV_B4_C3,8.0,75.0,,
1,EV_B4_C3,7.0,75.0,,
1,EV_B4_C3,6.0,75.0,,
1,EV_B4_C3,5.0,75.0,,
1,EV_B4_C3,4.0,75.0,,
1,EV_B4_C3,3.0,75.0,,
1,EV_B4_C3,2.0,75.0,,
1,EV_B4_C3,1.0,75.0,,
1,EV_B4_C3,0.0,75.0,,
3,,,,,
3,,,,,
3,,,,,
3,,,,,
3,,,,,
3,,,,,
3,,,,,
3,,,,,
3,,,,,
3,,,,,
3,,,,,
3,,,,,
3,,,,,
3,,,,,
2,EV_B4_C3,,,0.0,32.44091892669923
1,EV_B4_C3,8.0,75.0,,
1,EV_B4_C3,7.0,75.0,,
1,EV_B4_C3,6.0,75.0,,
1,EV_B4_C3,5.0,75.0,,
1,EV_B4_C3,4.0,75.0,,
1,EV_B4_C3,3.0,75.0,,
1,EV_B4_C3,2.0,75.0,,
1,EV_B4_C3,1.0,75.0,,
1,EV_B4_C3,0.0,75.0,,
3,,,,,
3,,,,,
3,,,,,
3,,,,,
3,,,,,
3,,,,,
3,,,,,
3,,,,,
3,,,,,
3,,,,,
3,,,,,
3,,,,,
3,,,,,
2,EV_B4_C3,,,0.0,39.38386296499446
1,EV_B4_C3,10.0,75.0,,
1,EV_B4_C3,9.0,75.0,,
1,EV_B4_C3,8.0,75.0,,
1,EV_B4_C3,7.0,75.0,,
1,EV_B4_C3,6.0,75.0,,
1,EV_B4_C3,5.0,75.0,,
1,EV_B4_C3,4.0,75.0,,
1,EV_B4_C3,3.0,75.0,,
1,EV_B4_C3,2.0,75.0,,
1,EV_B4_C3,1.0,75.0,,
1,EV_B4_C3,0.0,75.0,,
3,,,,,
3,,,,,
3,,,,,
3,,,,,
3,,,,,
3,,,,,
3,,,,,
3,,,,,
3,,,,,
3,,,,,
3,,,,,
3,,,,,
3,,,,,
3,,,,,
3,,,,,
3,,,,,
3,,,,,
3,,,,,
3,,,,,
3,,,,,
3,,,,,
3,,,,,
3,,,,,
3,,,,,
3,,,,,
3,,,,,
3,,,,,
3,,,,,
3,,,,,
3,,,,,
3,,,,,
3,,,,,
3,,,,,
3,,,,,
3,,,,,
2,EV_B4_C3,,,0.0,24.387520349814988
1,EV_B4_C3,10.0,75.0,,
1,EV_B4_C3,9.0,75.0,,
1,EV_B4_C3,8.0,75.0,,
1,EV_B4_C3,7.0,75.0,,
1,EV_B4_C3,6.0,75.0,,
1,EV_B4_C3,5.0,75.0,,
1,EV_B4_C3,4.0,75.0,,
1,EV_B4_C3,3.0,75.0,,
1,EV_B4_C3,2.0,75.0,,
1,EV_B4_C3,1.0,75.0,,
1,EV_B4_C3,0.0,75.0,,
3,,,,,
3,,,,,
3,,,,,
3,,,,,
3,,,,,
3,,,,,
3,,,,,
3,,,,,
3,,,,,
3,,,,,
3,,,,,
3,,,,,
2,EV_B4_C3,,,0.0,38.70362462150997
1,EV_B4_C3,10.0,75.0,,
1,EV_B4_C3,9.0,75.0,,
1,EV_B4_C3,8.0,75.0,,
1,EV_B4_C3,7.0,75.0,,
1,EV_B4_C3,6.0,75.0,,
1,EV_B4_C3,5.0,75.0,,
1,EV_B4_C3,4.0,75.0,,
1,EV_B4_C3,3.0,75.0,,
1,EV_B4_C3,2.0,75.0,,
1,EV_B4_C3,1.0,75.0,,
1,EV_B4_C3,0.0,75.0,,
3,,,,,
3,,,,,
3,,,,,
3,,,,,
3,,,,,
3,,,,,
3,,,,,
3,,,,,
3,,,,,
3,,,,,
3,,,,,
3,,,,,
3,,,,,
3,,,,,
2,EV_B4_C3,,,0.0,23.710527831603123
1,EV_B4_C3,8.0,75.0,,
1,EV_B4_C3,7.0,75.0,,
1,EV_B4_C3,6.0,75.0,,
1,EV_B4_C3,5.0,75.0,,
1,EV_B4_C3,4.0,75.0,,
1,EV_B4_C3,3.0,75.0,,
1,EV_B4_C3,2.0,75.0,,
1,EV_B4_C3,1.0,75.0,,
1,EV_B4_C3,0.0,75.0,,
3,,,,,
3,,,,,
3,,,,,
3,,,,,
3,,,,,
3,,,,,
3,,,,,
3,,,,,
3,,,,,
3,,,,,
3,,,,,
3,,,,,
2,EV_B4_C3,,,0.0,28.438925270683768
1,EV_B4_C3,11.0,75.0,,
1,EV_B4_C3,10.0,75.0,,
1,EV_B4_C3,9.0,75.0,,
1,EV_B4_C3,8.0,75.0,,
1,EV_B4_C3,7.0,75.0,,
1,EV_B4_C3,6.0,75.0,,
1,EV_B4_C3,5.0,75.0,,
1,EV_B4_C3,4.0,75.0,,
1,EV_B4_C3,3.0,75.0,,
1,EV_B4_C3,2.0,75.0,,
1,EV_B4_C3,1.0,75.0,,
1,EV_B4_C3,0.0,75.0,,
3,,,,,
3,,,,,
3,,,,,
3,,,,,
3,,,,,
3,,,,,
3,,,,,
3,,,,,
3,,,,,
3,,,,,
3,,,,,
2,EV_B4_C3,,,0.0,23.629321067123847
1,EV_B4_C3,11.0,75.0,,
1,EV_B4_C3,10.0,75.0,,
1,EV_B4_C3,9.0,75.0,,
1,EV_B4_C3,8.0,75.0,,
1,EV_B4_C3,7.0,75.0,,
1,EV_B4_C3,6.0,75.0,,
1,EV_B4_C3,5.0,75.0,,
1,EV_B4_C3,4.0,75.0,,
1,EV_B4_C3,3.0,75.0,,
1,EV_B4_C3,2.0,75.0,,
1,EV_B4_C3,1.0,75.0,,
1,EV_B4_C3,0.0,75.0,,
3,,,,,
3,,,,,
3,,,,,
3,,,,,
3,,,,,
3,,,,,
3,,,,,
3,,,,,
3,,,,,
3,,,,,
3,,,,,
3,,,,,
3,,,,,
2,EV_B4_C3,,,0.0,36.70061503357962
1,EV_B4_C3,8.0,75.0,,
1,EV_B4_C3,7.0,75.0,,
1,EV_B4_C3,6.0,75.0,,
1,EV_B4_C3,5.0,75.0,,
1,EV_B4_C3,4.0,75.0,,
1,EV_B4_C3,3.0,75.0,,
1,EV_B4_C3,2.0,75.0,,
1,EV_B4_C3,1.0,75.0,,
1,EV_B4_C3,0.0,75.0,,
3,,,,,
3,,,,,
3,,,,,
3,,,,,
3,,,,,
3,,,,,
3,,,,,
3,,,,,
3,,,,,
3,,,,,
3,,,,,
3,,,,,
3,,,,,
3,,,,,
2,EV_B4_C3,,,0.0,26.058809357385083
1,EV_B4_C3,8.0,75.0,,
1,EV_B4_C3,7.0,75.0,,
1,EV_B4_C3,6.0,75.0,,
1,EV_B4_C3,5.0,75.0,,
1,EV_B4_C3,4.0,75.0,,
1,EV_B4_C3,3.0,75.0,,
1,EV_B4_C3,2.0,75.0,,
1,EV_B4_C3,1.0,75.0,,
1,EV_B4_C3,0.0,75.0,,
3,,,,,
3,,,,,
3,,,,,
3,,,,,
3,,,,,
3,,,,,
3,,,,,
3,,,,,
3,,,,,
3,,,,,
3,,,,,
3,,,,,
3,,,,,
3,,,,,
2,EV_B4_C3,,,0.0,23.065246266503813
1,EV_B4_C3,9.0,75.0,,
1,EV_B4_C3,8.0,75.0,,
1,EV_B4_C3,7.0,75.0,,
1,EV_B4_C3,6.0,75.0,,
1,EV_B4_C3,5.0,75.0,,
1,EV_B4_C3,4.0,75.0,,
1,EV_B4_C3,3.0,75.0,,
1,EV_B4_C3,2.0,75.0,,
1,EV_B4_C3,1.0,75.0,,
1,EV_B4_C3,0.0,75.0,,
3,,,,,
3,,,,,
3,,,,,
3,,,,,
3,,,,,
3,,,,,
3,,,,,
3,,,,,
3,,,,,
3,,,,,
2,EV_B4_C3,,,0.0,38.98618977713998
1,EV_B4_C3,11.0,75.0,,
1,EV_B4_C3,10.0,75.0,,
1,EV_B4_C3,9.0,75.0,,
1,EV_B4_C3,8.0,75.0,,
1,EV_B4_C3,7.0,75.0,,
1,EV_B4_C3,6.0,75.0,,
1,EV_B4_C3,5.0,75.0,,
1,EV_B4_C3,4.0,75.0,,
1,EV_B4_C3,3.0,75.0,,
1,EV_B4_C3,2.0,75.0,,
1,EV_B4_C3,1.0,75.0,,
1,EV_B4_C3,0.0,75.0,,
3,,,,,
3,,,,,
3,,,,,
3,,,,,
3,,,,,
3,,,,,
3,,,,,
3,,,,,
3,,,,,
3,,,,,
3,,,,,
3,,,,,
3,,,,,
3,,,,,
2,EV_B4_C3,,,0.0,32.1117028309011
1,EV_B4_C3,8.0,75.0,,
1,EV_B4_C3,7.0,75.0,,
1,EV_B4_C3,6.0,75.0,,
1,EV_B4_C3,5.0,75.0,,
1,EV_B4_C3,4.0,75.0,,
1,EV_B4_C3,3.0,75.0,,
1,EV_B4_C3,2.0,75.0,,
1,EV_B4_C3,1.0,75.0,,
1,EV_B4_C3,0.0,75.0,,
3,,,,,
3,,,,,
3,,,,,
3,,,,,
3,,,,,
3,,,,,
3,,,,,
3,,,,,
3,,,,,
3,,,,,
3,,,,,
3,,,,,
2,EV_B4_C3,,,0.0,37.17885942516087
1,EV_B4_C3,11.0,75.0,,
1,EV_B4_C3,10.0,75.0,,
1,EV_B4_C3,9.0,75.0,,
1,EV_B4_C3,8.0,75.0,,
1,EV_B4_C3,7.0,75.0,,
1,EV_B4_C3,6.0,75.0,,
1,EV_B4_C3,5.0,75.0,,
1,EV_B4_C3,4.0,75.0,,
1,EV_B4_C3,3.0,75.0,,
1,EV_B4_C3,2.0,75.0,,
1,EV_B4_C3,1.0,75.0,,
1,EV_B4_C3,0.0,75.0,,
3,,,,,
3,,,,,
3,,,,,
3,,,,,
3,,,,,
3,,,,,
3,,,,,
3,,,,,
3,,,,,
3,,,,,
2,EV_B4_C3,,,0.0,37.91573311482949
1,EV_B4_C3,11.0,75.0,,
1,EV_B4_C3,10.0,75.0,,
1,EV_B4_C3,9.0,75.0,,
1,EV_B4_C3,8.0,75.0,,
1,EV_B4_C3,7.0,75.0,,
1,EV_B4_C3,6.0,75.0,,
1,EV_B4_C3,5.0,75.0,,
1,EV_B4_C3,4.0,75.0,,
1,EV_B4_C3,3.0,75.0,,
1,EV_B4_C3,2.0,75.0,,
1,EV_B4_C3,1.0,75.0,,
1,EV_B4_C3,0.0,75.0,,
3,,,,,
3,,,,,
3,,,,,
3,,,,,
3,,,,,
3,,,,,
3,,,,,
3,,,,,
3,,,,,
3,,,,,
3,,,,,
3,,,,,
3,,,,,
2,EV_B4_C3,,,0.0,20.048121851460003
1,EV_B4_C3,10.0,75.0,,
1,EV_B4_C3,9.0,75.0,,
1,EV_B4_C3,8.0,75.0,,
1,EV_B4_C3,7.0,75.0,,
1,EV_B4_C3,6.0,75.0,,
1,EV_B4_C3,5.0,75.0,,
1,EV_B4_C3,4.0,75.0,,
1,EV_B4_C3,3.0,75.0,,
1,EV_B4_C3,2.0,75.0,,
1,EV_B4_C3,1.0,75.0,,
1,EV_B4_C3,0.0,75.0,,
3,,,,,
3,,,,,
3,,,,,
3,,,,,
3,,,,,
3,,,,,
3,,,,,
3,,,,,
3,,,,,
2,EV_B4_C3,,,0.0,34.32056198925204
1,EV_B4_C3,12.0,75.0,,
1,EV_B4_C3,11.0,75.0,,
1,EV_B4_C3,10.0,75.0,,
1,EV_B4_C3,9.0,75.0,,
1,EV_B4_C3,8.0,75.0,,
1,EV_B4_C3,7.0,75.0,,
1,EV_B4_C3,6.0,75.0,,
1,EV_B4_C3,5.0,75.0,,
1,EV_B4_C3,4.0,75.0,,
1,EV_B4_C3,3.0,75.0,,
1,EV_B4_C3,2.0,75.0,,
1,EV_B4_C3,1.0,75.0,,
1,EV_B4_C3,0.0,75.0,,
3,,,,,
3,,,,,
3,,,,,
3,,,,,
3,,,,,
3,,,,,
3,,,,,
3,,,,,
3,,,,,
3,,,,,
3,,,,,
2,EV_B4_C3,,,0.0,33.828909940903564
1,EV_B4_C3,12.0,75.0,,
1,EV_B4_C3,11.0,75.0,,
1,EV_B4_C3,10.0,75.0,,
1,EV_B4_C3,9.0,75.0,,
1,EV_B4_C3,8.0,75.0,,
1,EV_B4_C3,7.0,75.0,,
1,EV_B4_C3,6.0,75.0,,
1,EV_B4_C3,5.0,75.0,,
1,EV_B4_C3,4.0,75.0,,
1,EV_B4_C3,3.0,75.0,,
1,EV_B4_C3,2.0,75.0,,
1,EV_B4_C3,1.0,75.0,,
1,EV_B4_C3,0.0,75.0,,
3,,,,,
3,,,,,
3,,,,,
3,,,,,
3,,,,,
3,,,,,
3,,,,,
3,,,,,
3,,,,,
3,,,,,
3,,,,,
2,EV_B4_C3,,,0.0,20.46964619625475
1,EV_B4_C3,11.0,75.0,,
1,EV_B4_C3,10.0,75.0,,
1,EV_B4_C3,9.0,75.0,,
1,EV_B4_C3,8.0,75.0,,
1,EV_B4_C3,7.0,75.0,,
1,EV_B4_C3,6.0,75.0,,
1,EV_B4_C3,5.0,75.0,,
1,EV_B4_C3,4.0,75.0,,
1,EV_B4_C3,3.0,75.0,,
1,EV_B4_C3,2.0,75.0,,
1,EV_B4_C3,1.0,75.0,,
1,EV_B4_C3,0.0,75.0,,
3,,,,,
3,,,,,
3,,,,,
3,,,,,
3,,,,,
3,,,,,
3,,,,,
3,,,,,
3,,,,,
3,,,,,
3,,,,,
3,,,,,
2,EV_B4_C3,,,0.0,28.02465067944549
1,EV_B4_C3,11.0,75.0,,
1,EV_B4_C3,10.0,75.0,,
1,EV_B4_C3,9.0,75.0,,
1,EV_B4_C3,8.0,75.0,,
1,EV_B4_C3,7.0,75.0,,
1,EV_B4_C3,6.0,75.0,,
1,EV_B4_C3,5.0,75.0,,
1,EV_B4_C3,4.0,75.0,,
1,EV_B4_C3,3.0,75.0,,
1,EV_B4_C3,2.0,75.0,,
1,EV_B4_C3,1.0,75.0,,
1,EV_B4_C3,0.0,75.0,,
3,,,,,
3,,,,,
3,,,,,
3,,,,,
3,,,,,
3,,,,,
3,,,,,
3,,,,,
3,,,,,
3,,,,,
2,EV_B4_C3,,,0.0,28.845572141552513
1,EV_B4_C3,11.0,75.0,,
1,EV_B4_C3,10.0,75.0,,
1,EV_B4_C3,9.0,75.0,,
1,EV_B4_C3,8.0,75.0,,
1,EV_B4_C3,7.0,75.0,,
1,EV_B4_C3,6.0,75.0,,
1,EV_B4_C3,5.0,75.0,,
1,EV_B4_C3,4.0,75.0,,
1,EV_B4_C3,3.0,75.0,,
1,EV_B4_C3,2.0,75.0,,
1,EV_B4_C3,1.0,75.0,,
1,EV_B4_C3,0.0,75.0,,
3,,,,,
3,,,,,
3,,,,,
3,,,,,
3,,,,,
3,,,,,
3,,,,,
3,,,,,
3,,,,,
3,,,,,
3,,,,,
3,,,,,
3,,,,,
3,,,,,
3,,,,,
3,,,,,
3,,,,,
3,,,,,
3,,,,,
3,,,,,
3,,,,,
3,,,,,
3,,,,,
3,,,,,
3,,,,,
3,,,,,
3,,,,,
3,,,,,
3,,,,,
3,,,,,
3,,,,,
3,,,,,
3,,,,,
3,,,,,
3,,,,,
3,,,,,
2,EV_B4_C3,,,0.0,32.80158553994895
1,EV_B4_C3,10.0,75.0,,
1,EV_B4_C3,9.0,75.0,,
1,EV_B4_C3,8.0,75.0,,
1,EV_B4_C3,7.0,75.0,,
1,EV_B4_C3,6.0,75.0,,
1,EV_B4_C3,5.0,75.0,,
1,EV_B4_C3,4.0,75.0,,
1,EV_B4_C3,3.0,75.0,,
1,EV_B4_C3,2.0,75.0,,
1,EV_B4_C3,1.0,75.0,,
1,EV_B4_C3,0.0,75.0,,
3,,,,,
3,,,,,
3,,,,,
3,,,,,
3,,,,,
3,,,,,
3,,,,,
3,,,,,
3,,,,,
2,EV_B4_C3,,,0.0,34.138089803061206
1,EV_B4_C3,13.0,75.0,,
1,EV_B4_C3,12.0,75.0,,
1,EV_B4_C3,11.0,75.0,,
1,EV_B4_C3,10.0,75.0,,
1,EV_B4_C3,9.0,75.0,,
1,EV_B4_C3,8.0,75.0,,
1,EV_B4_C3,7.0,75.0,,
1,EV_B4_C3,6.0,75.0,,
1,EV_B4_C3,5.0,75.0,,
1,EV_B4_C3,4.0,75.0,,
1,EV_B4_C3,3.0,75.0,,
1,EV_B4_C3,2.0,75.0,,
1,EV_B4_C3,1.0,75.0,,
1,EV_B4_C3,0.0,75.0,,
3,,,,,
3,,,,,
3,,,,,
3,,,,,
3,,,,,
3,,,,,
3,,,,,
3,,,,,
3,,,,,
3,,,,,
3,,,,,
3,,,,,
2,EV_B4_C3,,,0.0,26.480416234913694
1,EV_B4_C3,9.0,75.0,,
1,EV_B4_C3,8.0,75.0,,
1,EV_B4_C3,7.0,75.0,,
1,EV_B4_C3,6.0,75.0,,
1,EV_B4_C3,5.0,75.0,,
1,EV_B4_C3,4.0,75.0,,
1,EV_B4_C3,3.0,75.0,,
1,EV_B4_C3,2.0,75.0,,
1,EV_B4_C3,1.0,75.0,,
1,EV_B4_C3,0.0,75.0,,
3,,,,,
3,,,,,
3,,,,,
3,,,,,
3,,,,,
3,,,,,
3,,,,,
3,,,,,
3,,,,,
3,,,,,
3,,,,,
3,,,,,
2,EV_B4_C3,,,0.0,23.6238995143267
1,EV_B4_C3,10.0,75.0,,
1,EV_B4_C3,9.0,75.0,,
1,EV_B4_C3,8.0,75.0,,
1,EV_B4_C3,7.0,75.0,,
1,EV_B4_C3,6.0,75.0,,
1,EV_B4_C3,5.0,75.0,,
1,EV_B4_C3,4.0,75.0,,
1,EV_B4_C3,3.0,75.0,,
1,EV_B4_C3,2.0,75.0,,
1,EV_B4_C3,1.0,75.0,,
1,EV_B4_C3,0.0,75.0,,
3,,,,,
3,,,,,
3,,,,,
3,,,,,
3,,,,,
3,,,,,
3,,,,,
3,,,,,
3,,,,,
3,,,,,
3,,,,,
3,,,,,
2,EV_B4_C3,,,0.0,23.003588186554012
1,EV_B4_C3,10.0,75.0,,
1,EV_B4_C3,9.0,75.0,,
1,EV_B4_C3,8.0,75.0,,
1,EV_B4_C3,7.0,75.0,,
1,EV_B4_C3,6.0,75.0,,
1,EV_B4_C3,5.0,75.0,,
1,EV_B4_C3,4.0,75.0,,
1,EV_B4_C3,3.0,75.0,,
1,EV_B4_C3,2.0,75.0,,
1,EV_B4_C3,1.0,75.0,,
1,EV_B4_C3,0.0,75.0,,
3,,,,,
3,,,,,
3,,,,,
3,,,,,
3,,,,,
3,,,,,
3,,,,,
3,,,,,
3,,,,,
3,,,,,
3,,,,,
3,,,,,
3,,,,,
2,EV_B4_C3,,,0.0,28.130592389095675
1,EV_B4_C3,10.0,75.0,,
1,EV_B4_C3,9.0,75.0,,
1,EV_B4_C3,8.0,75.0,,
1,EV_B4_C3,7.0,75.0,,
1,EV_B4_C3,6.0,75.0,,
1,EV_B4_C3,5.0,75.0,,
1,EV_B4_C3,4.0,75.0,,
1,EV_B4_C3,3.0,75.0,,
1,EV_B4_C3,2.0,75.0,,
1,EV_B4_C3,1.0,75.0,,
1,EV_B4_C3,0.0,75.0,,
3,,,,,
3,,,,,
3,,,,,
3,,,,,
3,,,,,
3,,,,,
3,,,,,
3,,,,,
3,,,,,
3,,,,,
3,,,,,
2,EV_B4_C3,,,0.0,24.63730395397428
1,EV_B4_C3,11.0,75.0,,
1,EV_B4_C3,10.0,75.0,,
1,EV_B4_C3,9.0,75.0,,
1,EV_B4_C3,8.0,75.0,,
1,EV_B4_C3,7.0,75.0,,
1,EV_B4_C3,6.0,75.0,,
1,EV_B4_C3,5.0,75.0,,
1,EV_B4_C3,4.0,75.0,,
1,EV_B4_C3,3.0,75.0,,
1,EV_B4_C3,2.0,75.0,,
1,EV_B4_C3,1.0,75.0,,
1,EV_B4_C3,0.0,75.0,,
3,,,,,
3,,,,,
3,,,,,
3,,,,,
3,,,,,
3,,,,,
3,,,,,
3,,,,,
3,,,,,
3,,,,,
3,,,,,
2,EV_B4_C3,,,0.0,25.067266880964016
1,EV_B4_C3,11.0,75.0,,
1,EV_B4_C3,10.0,75.0,,
1,EV_B4_C3,9.0,75.0,,
1,EV_B4_C3,8.0,75.0,,
1,EV_B4_C3,7.0,75.0,,
1,EV_B4_C3,6.0,75.0,,
1,EV_B4_C3,5.0,75.0,,
1,EV_B4_C3,4.0,75.0,,
1,EV_B4_C3,3.0,75.0,,
1,EV_B4_C3,2.0,75.0,,
1,EV_B4_C3,1.0,75.0,,
1,EV_B4_C3,0.0,75.0,,
3,,,,,
3,,,,,
3,,,,,
3,,,,,
3,,,,,
3,,,,,
3,,,,,
3,,,,,
3,,,,,
3,,,,,
3,,,,,
3,,,,,
2,EV_B4_C3,,,0.0,30.369852890845937
1,EV_B4_C3,9.0,75.0,,
1,EV_B4_C3,8.0,75.0,,
1,EV_B4_C3,7.0,75.0,,
1,EV_B4_C3,6.0,75.0,,
1,EV_B4_C3,5.0,75.0,,
1,EV_B4_C3,4.0,75.0,,
1,EV_B4_C3,3.0,75.0,,
1,EV_B4_C3,2.0,75.0,,
1,EV_B4_C3,1.0,75.0,,
1,EV_B4_C3,0.0,75.0,,
3,,,,,
3,,,,,
3,,,,,
3,,,,,
3,,,,,
3,,,,,
3,,,,,
3,,,,,
3,,,,,
3,,,,,
3,,,,,
3,,,,,
3,,,,,
3,,,,,
2,EV_B4_C3,,,0.0,29.03278187590373
1,EV_B4_C3,9.0,75.0,,
1,EV_B4_C3,8.0,75.0,,
1,EV_B4_C3,7.0,75.0,,
1,EV_B4_C3,6.0,75.0,,
1,EV_B4_C3,5.0,75.0,,
1,EV_B4_C3,4.0,75.0,,
1,EV_B4_C3,3.0,75.0,,
1,EV_B4_C3,2.0,75.0,,
1,EV_B4_C3,1.0,75.0,,
1,EV_B4_C3,0.0,75.0,,
3,,,,,
3,,,,,
3,,,,,
3,,,,,
3,,,,,
3,,,,,
3,,,,,
3,,,,,
3,,,,,
3,,,,,
3,,,,,
3,,,,,
2,EV_B4_C3,,,0.0,34.82891266775607
1,EV_B4_C3,9.0,75.0,,
1,EV_B4_C3,8.0,75.0,,
1,EV_B4_C3,7.0,75.0,,
1,EV_B4_C3,6.0,75.0,,
1,EV_B4_C3,5.0,75.0,,
1,EV_B4_C3,4.0,75.0,,
1,EV_B4_C3,3.0,75.0,,
1,EV_B4_C3,2.0,75.0,,
1,EV_B4_C3,1.0,75.0,,
1,EV_B4_C3,0.0,75.0,,
3,,,,,
3,,,,,
3,,,,,
3,,,,,
3,,,,,
3,,,,,
3,,,,,
3,,,,,
3,,,,,
3,,,,,
3,,,,,
3,,,,,
2,EV_B4_C3,,,0.0,28.125895659924748
1,EV_B4_C3,11.0,75.0,,
1,EV_B4_C3,10.0,75.0,,
1,EV_B4_C3,9.0,75.0,,
1,EV_B4_C3,8.0,75.0,,
1,EV_B4_C3,7.0,75.0,,
1,EV_B4_C3,6.0,75.0,,
1,EV_B4_C3,5.0,75.0,,
1,EV_B4_C3,4.0,75.0,,
1,EV_B4_C3,3.0,75.0,,
1,EV_B4_C3,2.0,75.0,,
1,EV_B4_C3,1.0,75.0,,
1,EV_B4_C3,0.0,75.0,,
3,,,,,
3,,,,,
3,,,,,
3,,,,,
3,,,,,
3,,,,,
3,,,,,
3,,,,,
3,,,,,
3,,,,,
3,,,,,
3,,,,,
2,EV_B4_C3,,,0.0,22.843441606794997
1,EV_B4_C3,9.0,75.0,,
1,EV_B4_C3,8.0,75.0,,
1,EV_B4_C3,7.0,75.0,,
1,EV_B4_C3,6.0,75.0,,
1,EV_B4_C3,5.0,75.0,,
1,EV_B4_C3,4.0,75.0,,
1,EV_B4_C3,3.0,75.0,,
1,EV_B4_C3,2.0,75.0,,
1,EV_B4_C3,1.0,75.0,,
1,EV_B4_C3,0.0,75.0,,
3,,,,,
3,,,,,
3,,,,,
3,,,,,
3,,,,,
3,,,,,
3,,,,,
3,,,,,
3,,,,,
3,,,,,
3,,,,,
3,,,,,
3,,,,,
2,EV_B4_C3,,,0.0,30.41017217489922
1,EV_B4_C3,9.0,75.0,,
1,EV_B4_C3,8.0,75.0,,
1,EV_B4_C3,7.0,75.0,,
1,EV_B4_C3,6.0,75.0,,
1,EV_B4_C3,5.0,75.0,,
1,EV_B4_C3,4.0,75.0,,
1,EV_B4_C3,3.0,75.0,,
1,EV_B4_C3,2.0,75.0,,
1,EV_B4_C3,1.0,75.0,,
1,EV_B4_C3,0.0,75.0,,
3,,,,,
3,,,,,
3,,,,,
3,,,,,
3,,,,,
3,,,,,
3,,,,,
3,,,,,
3,,,,,
3,,,,,
3,,,,,
3,,,,,
3,,,,,
3,,,,,
3,,,,,
3,,,,,
3,,,,,
3,,,,,
3,,,,,
3,,,,,
3,,,,,
3,,,,,
3,,,,,
3,,,,,
3,,,,,
3,,,,,
3,,,,,
3,,,,,
3,,,,,
3,,,,,
3,,,,,
3,,,,,
3,,,,,
3,,,,,
3,,,,,
3,,,,,
3,,,,,
2,EV_B4_C3,,,0.0,31.963495967947598
1,EV_B4_C3,10.0,75.0,,
1,EV_B4_C3,9.0,75.0,,
1,EV_B4_C3,8.0,75.0,,
1,EV_B4_C3,7.0,75.0,,
1,EV_B4_C3,6.0,75.0,,
1,EV_B4_C3,5.0,75.0,,
1,EV_B4_C3,4.0,75.0,,
1,EV_B4_C3,3.0,75.0,,
1,EV_B4_C3,2.0,75.0,,
1,EV_B4_C3,1.0,75.0,,
1,EV_B4_C3,0.0,75.0,,
3,,,,,
3,,,,,
3,,,,,
3,,,,,
3,,,,,
3,,,,,
3,,,,,
3,,,,,
3,,,,,
3,,,,,
3,,,,,
2,EV_B4_C3,,,0.0,23.933305205258755
1,EV_B4_C3,11.0,75.0,,
1,EV_B4_C3,10.0,75.0,,
1,EV_B4_C3,9.0,75.0,,
1,EV_B4_C3,8.0,75.0,,
1,EV_B4_C3,7.0,75.0,,
1,EV_B4_C3,6.0,75.0,,
1,EV_B4_C3,5.0,75.0,,
1,EV_B4_C3,4.0,75.0,,
1,EV_B4_C3,3.0,75.0,,
1,EV_B4_C3,2.0,75.0,,
1,EV_B4_C3,1.0,75.0,,
1,EV_B4_C3,0.0,75.0,,
3,,,,,
3,,,,,
3,,,,,
3,,,,,
3,,,,,
3,,,,,
3,,,,,
3,,,,,
3,,,,,
3,,,,,
3,,,,,
2,EV_B4_C3,,,0.0,37.81652166313483
1,EV_B4_C3,11.0,75.0,,
1,EV_B4_C3,10.0,75.0,,
1,EV_B4_C3,9.0,75.0,,
1,EV_B4_C3,8.0,75.0,,
1,EV_B4_C3,7.0,75.0,,
1,EV_B4_C3,6.0,75.0,,
1,EV_B4_C3,5.0,75.0,,
1,EV_B4_C3,4.0,75.0,,
1,EV_B4_C3,3.0,75.0,,
1,EV_B4_C3,2.0,75.0,,
1,EV_B4_C3,1.0,75.0,,
1,EV_B4_C3,0.0,75.0,,
3,,,,,
3,,,,,
3,,,,,
3,,,,,
3,,,,,
3,,,,,
3,,,,,
3,,,,,
3,,,,,
3,,,,,
3,,,,,
3,,,,,
3,,,,,
3,,,,,
2,EV_B4_C3,,,0.0,23.57198983623032
1,EV_B4_C3,8.0,75.0,,
1,EV_B4_C3,7.0,75.0,,
1,EV_B4_C3,6.0,75.0,,
1,EV_B4_C3,5.0,75.0,,
1,EV_B4_C3,4.0,75.0,,
1,EV_B4_C3,3.0,75.0,,
1,EV_B4_C3,2.0,75.0,,
1,EV_B4_C3,1.0,75.0,,
1,EV_B4_C3,0.0,75.0,,
3,,,,,
3,,,,,
3,,,,,
3,,,,,
3,,,,,
3,,,,,
3,,,,,
3,,,,,
3,,,,,
3,,,,,
3,,,,,
3,,,,,
2,EV_B4_C3,,,0.0,23.976302200758344
1,EV_B4_C3,10.0,75.0,,
1,EV_B4_C3,9.0,75.0,,
1,EV_B4_C3,8.0,75.0,,
1,EV_B4_C3,7.0,75.0,,
1,EV_B4_C3,6.0,75.0,,
1,EV_B4_C3,5.0,75.0,,
1,EV_B4_C3,4.0,75.0,,
1,EV_B4_C3,3.0,75.0,,
1,EV_B4_C3,2.0,75.0,,
1,EV_B4_C3,1.0,75.0,,
1,EV_B4_C3,0.0,75.0,,
3,,,,,
3,,,,,
3,,,,,
3,,,,,
3,,,,,
3,,,,,
3,,,,,
3,,,,,
3,,,,,
3,,,,,
3,,,,,
2,EV_B4_C3,,,0.0,21.124956558657182
1,EV_B4_C3,11.0,75.0,,
1,EV_B4_C3,10.0,75.0,,
1,EV_B4_C3,9.0,75.0,,
1,EV_B4_C3,8.0,75.0,,
1,EV_B4_C3,7.0,75.0,,
1,EV_B4_C3,6.0,75.0,,
1,EV_B4_C3,5.0,75.0,,
1,EV_B4_C3,4.0,75.0,,
1,EV_B4_C3,3.0,75.0,,
1,EV_B4_C3,2.0,75.0,,
1,EV_B4_C3,1.0,75.0,,
1,EV_B4_C3,0.0,75.0,,
3,,,,,
3,,,,,
3,,,,,
3,,,,,
3,,,,,
3,,,,,
3,,,,,
3,,,,,
3,,,,,
3,,,,,
3,,,,,
2,EV_B4_C3,,,0.0,31.67722387704727
1,EV_B4_C3,10.0,75.0,,
1,EV_B4_C3,9.0,75.0,,
1,EV_B4_C3,8.0,75.0,,
1,EV_B4_C3,7.0,75.0,,
1,EV_B4_C3,6.0,75.0,,
1,EV_B4_C3,5.0,75.0,,
1,EV_B4_C3,4.0,75.0,,
1,EV_B4_C3,3.0,75.0,,
1,EV_B4_C3,2.0,75.0,,
1,EV_B4_C3,1.0,75.0,,
1,EV_B4_C3,0.0,75.0,,
3,,,,,
3,,,,,
3,,,,,
3,,,,,
3,,,,,
3,,,,,
3,,,,,
3,,,,,
3,,,,,
3,,,,,
3,,,,,
3,,,,,
2,EV_B4_C3,,,0.0,31.820248060522598
1,EV_B4_C3,10.0,75.0,,
1,EV_B4_C3,9.0,75.0,,
1,EV_B4_C3,8.0,75.0,,
1,EV_B4_C3,7.0,75.0,,
1,EV_B4_C3,6.0,75.0,,
1,EV_B4_C3,5.0,75.0,,
1,EV_B4_C3,4.0,75.0,,
1,EV_B4_C3,3.0,75.0,,
1,EV_B4_C3,2.0,75.0,,
1,EV_B4_C3,1.0,75.0,,
1,EV_B4_C3,0.0,75.0,,
3,,,,,
3,,,,,
3,,,,,
3,,,,,
3,,,,,
3,,,,,
3,,,,,
3,,,,,
3,,,,,
3,,,,,
3,,,,,
3,,,,,
3,,,,,
2,EV_B4_C3,,,0.0,32.117909890149704
1,EV_B4_C3,9.0,75.0,,
1,EV_B4_C3,8.0,75.0,,
1,EV_B4_C3,7.0,75.0,,
1,EV_B4_C3,6.0,75.0,,
1,EV_B4_C3,5.0,75.0,,
1,EV_B4_C3,4.0,75.0,,
1,EV_B4_C3,3.0,75.0,,
1,EV_B4_C3,2.0,75.0,,
1,EV_B4_C3,1.0,75.0,,
1,EV_B4_C3,0.0,75.0,,
3,,,,,
3,,,,,
3,,,,,
3,,,,,
3,,,,,
3,,,,,
3,,,,,
3,,,,,
3,,,,,
3,,,,,
3,,,,,
2,EV_B4_C3,,,0.0,24.10979308837173
1,EV_B4_C3,12.0,75.0,,
1,EV_B4_C3,11.0,75.0,,
1,EV_B4_C3,10.0,75.0,,
1,EV_B4_C3,9.0,75.0,,
1,EV_B4_C3,8.0,75.0,,
1,EV_B4_C3,7.0,75.0,,
1,EV_B4_C3,6.0,75.0,,
1,EV_B4_C3,5.0,75.0,,
1,EV_B4_C3,4.0,75.0,,
1,EV_B4_C3,3.0,75.0,,
1,EV_B4_C3,2.0,75.0,,
1,EV_B4_C3,1.0,75.0,,
1,EV_B4_C3,0.0,75.0,,
3,,,,,
3,,,,,
3,,,,,
3,,,,,
3,,,,,
3,,,,,
3,,,,,
3,,,,,
3,,,,,
3,,,,,
3,,,,,
3,,,,,
2,EV_B4_C3,,,0.0,20.80180131319323
1,EV_B4_C3,9.0,75.0,,
1,EV_B4_C3,8.0,75.0,,
1,EV_B4_C3,7.0,75.0,,
1,EV_B4_C3,6.0,75.0,,
1,EV_B4_C3,5.0,75.0,,
1,EV_B4_C3,4.0,75.0,,
1,EV_B4_C3,3.0,75.0,,
1,EV_B4_C3,2.0,75.0,,
1,EV_B4_C3,1.0,75.0,,
1,EV_B4_C3,0.0,75.0,,
3,,,,,
3,,,,,
3,,,,,
3,,,,,
3,,,,,
3,,,,,
3,,,,,
3,,,,,
3,,,,,
3,,,,,
3,,,,,
3,,,,,
3,,,,,
3,,,,,
3,,,,,
2,EV_B4_C3,,,0.0,37.94868607416597
1,EV_B4_C3,8.0,75.0,,
1,EV_B4_C3,7.0,75.0,,
1,EV_B4_C3,6.0,75.0,,
1,EV_B4_C3,5.0,75.0,,
1,EV_B4_C3,4.0,75.0,,
1,EV_B4_C3,3.0,75.0,,
1,EV_B4_C3,2.0,75.0,,
1,EV_B4_C3,1.0,75.0,,
1,EV_B4_C3,0.0,75.0,,
3,,,,,
3,,,,,
3,,,,,
3,,,,,
3,,,,,
3,,,,,
3,,,,,
3,,,,,
3,,,,,
3,,,,,
3,,,,,
3,,,,,
3,,,,,
2,EV_B4_C3,,,0.0,29.502975049094545
1,EV_B4_C3,9.0,75.0,,
1,EV_B4_C3,8.0,75.0,,
1,EV_B4_C3,7.0,75.0,,
1,EV_B4_C3,6.0,75.0,,
1,EV_B4_C3,5.0,75.0,,
1,EV_B4_C3,4.0,75.0,,
1,EV_B4_C3,3.0,75.0,,
1,EV_B4_C3,2.0,75.0,,
1,EV_B4_C3,1.0,75.0,,
1,EV_B4_C3,0.0,75.0,,
3,,,,,
3,,,,,
3,,,,,
3,,,,,
3,,,,,
3,,,,,
3,,,,,
3,,,,,
3,,,,,
3,,,,,
3,,,,,
2,EV_B4_C3,,,0.0,34.18412330050579
1,EV_B4_C3,10.0,75.0,,
1,EV_B4_C3,9.0,75.0,,
1,EV_B4_C3,8.0,75.0,,
1,EV_B4_C3,7.0,75.0,,
1,EV_B4_C3,6.0,75.0,,
1,EV_B4_C3,5.0,75.0,,
1,EV_B4_C3,4.0,75.0,,
1,EV_B4_C3,3.0,75.0,,
1,EV_B4_C3,2.0,75.0,,
1,EV_B4_C3,1.0,75.0,,
1,EV_B4_C3,0.0,75.0,,
3,,,,,
3,,,,,
3,,,,,
3,,,,,
