electric_vehicle_charger_state,electric_vehicle_id,electric_vehicle_departure_time,electric_vehicle_required_soc_departure,electric_vehicle_estimated_arrival_time,electric_vehicle_estimated_soc_arrival
3,,,,,
3,,,,,
3,,,,,
3,,,,,
2,EV_B9_C1,,,0.000000,28.248827
1,EV_B9_C1,11.000000,80.000000,,
1,EV_B9_C1,10.000000,80.000000,,
1,EV_B9_C1,9.000000,80.000000,,
1,EV_B9_C1,8.000000,80.000000,,
1,EV_B9_C1,7.000000,80.000000,,
1,EV_B9_C1,6.000000,80.000000,,
1,EV_B9_C1,5.000000,80.000000,,
1,EV_B9_C1,4.000000,80.000000,,
1,EV_B9_C1,3.000000,80.000000,,
1,EV_B9_C1,2.000000,80.000000,,
1,EV_B9_C1,1.000000,80.000000,,
1,EV_B9_C1,0.000000,80.000000,,
3,,,,,
3,,,,,
3,,,,,
3,,,,,
3,,,,,
3,,,,,
3,,,,,
3,,,,,
3,,,,,
3,,,,,
3,,,,,
2,EV_B9_C1,,,0.000000,28.837390
1,EV_B9_C1,10.000000,80.000000,,
1,EV_B9_C1,9.000000,80.000000,,
1,EV_B9_C1,8.000000,80.000000,,
1,EV_B9_C1,7.000000,80.000000,,
1,EV_B9_C1,6.000000,80.000000,,
1,EV_B9_C1,5.000000,80.000000,,
1,EV_B9_C1,4.000000,80.000000,,
1,EV_B9_C1,3.000000,80.000000,,
1,EV_B9_C1,2.000000,80.000000,,
1,EV_B9_C1,1.000000,80.000000,,
1,EV_B9_C1,0.000000,80.000000,,
3,,,,,
3,,,,,
3,,,,,
3,,,,,
3,,,,,
3,,,,,
3,,,,,
3,,,,,
3,,,,,
3,,,,,
3,,,,,
3,,,,,
3,,,,,
3,,,,,
2,EV_B9_C1,,,0.000000,28.945596
1,EV_B9_C1,9.000000,80.000000,,
1,EV_B9_C1,8.000000,80.000000,,
1,EV_B9_C1,7.000000,80.000000,,
1,EV_B9_C1,6.000000,80.000000,,
1,EV_B9_C1,5.000000,80.000000,,
1,EV_B9_C1,4.000000,80.000000,,
1,EV_B9_C1,3.000000,80.000000,,
1,EV_B9_C1,2.000000,80.000000,,
1,EV_B9_C1,1.000000,80.000000,,
1,EV_B9_C1,0.000000,80.000000,,
3,,,,,
3,,,,,
3,,,,,
3,,,,,
3,,,,,
3,,,,,
3,,,,,
3,,,,,
3,,,,,
3,,,,,
3,,,,,
3,,,,,
2,EV_B9_C1,,,0.000000,32.965245
1,EV_B9_C1,9.000000,80.000000,,
1,EV_B9_C1,8.000000,80.000000,,
1,EV_B9_C1,7.000000,80.000000,,
1,EV_B9_C1,6.000000,80.000000,,
1,EV_B9_C1,5.000000,80.000000,,
1,EV_B9_C1,4.000000,80.000000,,
1,EV_B9_C1,3.000000,80.000000,,
1,EV_B9_C1,2.000000,80.000000,,
1,EV_B9_C1,1.000000,80.000000,,
1,EV_B9_C1,0.000000,80.000000,,
3,,,,,
3,,,,,
3,,,,,
3,,,,,
3,,,,,
3,,,,,
3,,,,,
3,,,,,
3,,,,,
3,,,,,
3,,,,,
3,,,,,
3,,,,,
3,,,,,
3,,,,,
2,EV_B9_C1,,,0.000000,41.165977
1,EV_B9_C1,7.000000,80.000000,,
1,EV_B9_C1,6.000000,80.000000,,
1,EV_B9_C1,5.000000,80.000000,,
1,EV_B9_C1,4.000000,80.000000,,
1,EV_B9_C1,3.000000,80.000000,,
1,EV_B9_C1,2.000000,80.000000,,
1,EV_B9_C1,1.000000,80.000000,,
1,EV_B9_C1,0.000000,80.000000,,
3,,,,,
3,,,,,
3,,,,,
3,,,,,
3,,,,,
3,,,,,
3,,,,,
3,,,,,
3,,,,,
3,,,,,
3,,,,,
3,,,,,
3,,,,,
3,,,,,
3,,,,,
2,EV_B9_C1,,,0.000000,43.152671
1,EV_B9_C1,8.000000,80.000000,,
1,EV_B9_C1,7.000000,80.000000,,
1,EV_B9_C1,6.000000,80.000000,,
1,EV_B9_C1,5.000000,80.000000,,
1,EV_B9_C1,4.000000,80.000000,,
1,EV_B9_C1,3.000000,80.000000,,
1,EV_B9_C1,2.000000,80.000000,,
1,EV_B9_C1,1.000000,80.000000,,
1,EV_B9_C1,0.000000,80.000000,,
3,,,,,
3,,,,,
3,,,,,
3,,,,,
3,,,,,
3,,,,,
3,,,,,
3,,,,,
3,,,,,
3,,,,,
3,,,,,
3,,,,,
2,EV_B9_C1,,,0.000000,26.504658
1,EV_B9_C1,10.000000,80.000000,,
1,EV_B9_C1,9.000000,80.000000,,
1,EV_B9_C1,8.000000,80.000000,,
1,EV_B9_C1,7.000000,80.000000,,
1,EV_B9_C1,6.000000,80.000000,,
1,EV_B9_C1,5.000000,80.000000,,
1,EV_B9_C1,4.000000,80.000000,,
1,EV_B9_C1,3.000000,80.000000,,
1,EV_B9_C1,2.000000,80.000000,,
1,EV_B9_C1,1.000000,80.000000,,
1,EV_B9_C1,0.000000,80.000000,,
3,,,,,
3,,,,,
3,,,,,
3,,,,,
3,,,,,
3,,,,,
3,,,,,
3,,,,,
3,,,,,
3,,,,,
3,,,,,
3,,,,,
2,EV_B9_C1,,,0.000000,27.632795
1,EV_B9_C1,10.000000,80.000000,,
1,EV_B9_C1,9.000000,80.000000,,
1,EV_B9_C1,8.000000,80.000000,,
1,EV_B9_C1,7.000000,80.000000,,
1,EV_B9_C1,6.000000,80.000000,,
1,EV_B9_C1,5.000000,80.000000,,
1,EV_B9_C1,4.000000,80.000000,,
1,EV_B9_C1,3.000000,80.000000,,
1,EV_B9_C1,2.000000,80.000000,,
1,EV_B9_C1,1.000000,80.000000,,
1,EV_B9_C1,0.000000,80.000000,,
3,,,,,
3,,,,,
3,,,,,
3,,,,,
3,,,,,
3,,,,,
3,,,,,
3,,,,,
3,,,,,
3,,,,,
3,,,,,
2,EV_B9_C1,,,0.000000,35.207972
1,EV_B9_C1,11.000000,80.000000,,
1,EV_B9_C1,10.000000,80.000000,,
1,EV_B9_C1,9.000000,80.000000,,
1,EV_B9_C1,8.000000,80.000000,,
1,EV_B9_C1,7.000000,80.000000,,
1,EV_B9_C1,6.000000,80.000000,,
1,EV_B9_C1,5.000000,80.000000,,
1,EV_B9_C1,4.000000,80.000000,,
1,EV_B9_C1,3.000000,80.000000,,
1,EV_B9_C1,2.000000,80.000000,,
1,EV_B9_C1,1.000000,80.000000,,
1,EV_B9_C1,0.000000,80.000000,,
3,,,,,
3,,,,,
3,,,,,
3,,,,,
3,,,,,
3,,,,,
3,,,,,
3,,,,,
3,,,,,
3,,,,,
3,,,,,
2,EV_B9_C1,,,0.000000,37.097771
1,EV_B9_C1,10.000000,80.000000,,
1,EV_B9_C1,9.000000,80.000000,,
1,EV_B9_C1,8.000000,80.000000,,
1,EV_B9_C1,7.000000,80.000000,,
1,EV_B9_C1,6.000000,80.000000,,
1,EV_B9_C1,5.000000,80.000000,,
1,EV_B9_C1,4.000000,80.000000,,
1,EV_B9_C1,3.000000,80.000000,,
1,EV_B9_C1,2.000000,80.000000,,
1,EV_B9_C1,1.000000,80.000000,,
1,EV_B9_C1,0.000000,80.000000,,
3,,,,,
3,,,,,
3,,,,,
3,,,,,
3,,,,,
3,,,,,
3,,,,,
3,,,,,
3,,,,,
3,,,,,
3,,,,,
3,,,,,
3,,,,,
2,EV_B9_C1,,,0.000000,40.734768
1,EV_B9_C1,9.000000,80.000000,,
1,EV_B9_C1,8.000000,80.000000,,
1,EV_B9_C1,7.000000,80.000000,,
1,EV_B9_C1,6.000000,80.000000,,
1,EV_B9_C1,5.000000,80.000000,,
1,EV_B9_C1,4.000000,80.000000,,
1,EV_B9_C1,3.000000,80.000000,,
1,EV_B9_C1,2.000000,80.000000,,
1,EV_B9_C1,1.000000,80.000000,,
1,EV_B9_C1,0.000000,80.000000,,
3,,,,,
3,,,,,
3,,,,,
3,,,,,
3,,,,,
3,,,,,
3,,,,,
3,,,,,
3,,,,,
3,,,,,
3,,,,,
3,,,,,
3,,,,,
3,,,,,
2,EV_B9_C1,,,0.000000,42.038653
1,EV_B9_C1,8.000000,80.000000,,
1,EV_B9_C1,7.000000,80.000000,,
1,EV_B9_C1,6.000000,80.000000,,
1,EV_B9_C1,5.000000,80.000000,,
1,EV_B9_C1,4.000000,80.000000,,
1,EV_B9_C1,3.000000,80.000000,,
1,EV_B9_C1,2.000000,80.000000,,
1,EV_B9_C1,1.000000,80.000000,,
1,EV_B9_C1,0.000000,80.000000,,
3,,,,,
3,,,,,
3,,,,,
3,,,,,
3,,,,,
3,,,,,
3,,,,,
3,,,,,
3,,,,,
3,,,,,
3,,,,,
3,,,,,
3,,,,,
2,EV_B9_C1,,,0.000000,25.127942
1,EV_B9_C1,9.000000,80.000000,,
1,EV_B9_C1,8.000000,80.000000,,
1,EV_B9_C1,7.000000,80.000000,,
1,EV_B9_C1,6.000000,80.000000,,
1,EV_B9_C1,5.000000,80.000000,,
1,EV_B9_C1,4.000000,80.000000,,
1,EV_B9_C1,3.000000,80.000000,,
1,EV_B9_C1,2.000000,80.000000,,
1,EV_B9_C1,1.000000,80.000000,,
1,EV_B9_C1,0.000000,80.000000,,
3,,,,,
3,,,,,
3,,,,,
3,,,,,
3,,,,,
3,,,,,
3,,,,,
3,,,,,
3,,,,,
3,,,,,
3,,,,,
3,,,,,
3,,,,,
3,,,,,
3,,,,,
3,,,,,
3,,,,,
3,,,,,
3,,,,,
3,,,,,
3,,,,,
3,,,,,
3,,,,,
3,,,,,
3,,,,,
3,,,,,
3,,,,,
3,,,,,
3,,,,,
3,,,,,
3,,,,,
3,,,,,
3,,,,,
3,,,,,
3,,,,,
3,,,,,
3,,,,,
3,,,,,
2,EV_B9_C1,,,0.000000,40.790802
1,EV_B9_C1,8.000000,80.000000,,
1,EV_B9_C1,7.000000,80.000000,,
1,EV_B9_C1,6.000000,80.000000,,
1,EV_B9_C1,5.000000,80.000000,,
1,EV_B9_C1,4.000000,80.000000,,
1,EV_B9_C1,3.000000,80.000000,,
1,EV_B9_C1,2.000000,80.000000,,
1,EV_B9_C1,1.000000,80.000000,,
1,EV_B9_C1,0.000000,80.000000,,
3,,,,,
3,,,,,
3,,,,,
3,,,,,
3,,,,,
3,,,,,
3,,,,,
3,,,,,
3,,,,,
3,,,,,
3,,,,,
3,,,,,
3,,,,,
2,EV_B9_C1,,,0.000000,41.792333
1,EV_B9_C1,10.000000,80.000000,,
1,EV_B9_C1,9.000000,80.000000,,
1,EV_B9_C1,8.000000,80.000000,,
1,EV_B9_C1,7.000000,80.000000,,
1,EV_B9_C1,6.000000,80.000000,,
1,EV_B9_C1,5.000000,80.000000,,
1,EV_B9_C1,4.000000,80.000000,,
1,EV_B9_C1,3.000000,80.000000,,
1,EV_B9_C1,2.000000,80.000000,,
1,EV_B9_C1,1.000000,80.000000,,
1,EV_B9_C1,0.000000,80.000000,,
3,,,,,
3,,,,,
3,,,,,
3,,,,,
3,,,,,
3,,,,,
3,,,,,
3,,,,,
3,,,,,
3,,,,,
3,,,,,
3,,,,,
3,,,,,
2,EV_B9_C1,,,0.000000,25.994909
1,EV_B9_C1,8.000000,80.000000,,
1,EV_B9_C1,7.000000,80.000000,,
1,EV_B9_C1,6.000000,80.000000,,
1,EV_B9_C1,5.000000,80.000000,,
1,EV_B9_C1,4.000000,80.000000,,
1,EV_B9_C1,3.000000,80.000000,,
1,EV_B9_C1,2.000000,80.000000,,
1,EV_B9_C1,1.000000,80.000000,,
1,EV_B9_C1,0.000000,80.000000,,
3,,,,,
3,,,,,
3,,,,,
3,,,,,
3,,,,,
3,,,,,
3,,,,,
3,,,,,
3,,,,,
3,,,,,
3,,,,,
3,,,,,
3,,,,,
3,,,,,
3,,,,,
3,,,,,
3,,,,,
3,,,,,
3,,,,,
3,,,,,
3,,,,,
3,,,,,
3,,,,,
3,,,,,
3,,,,,
3,,,,,
3,,,,,
3,,,,,
3,,,,,
3,,,,,
3,,,,,
3,,,,,
3,,,,,
3,,,,,
3,,,,,
3,,,,,
3,,,,,
2,EV_B9_C1,,,0.000000,29.704507
1,EV_B9_C1,9.000000,80.000000,,
1,EV_B9_C1,8.000000,80.000000,,
1,EV_B9_C1,7.000000,80.000000,,
1,EV_B9_C1,6.000000,80.000000,,
1,EV_B9_C1,5.000000,80.000000,,
1,EV_B9_C1,4.000000,80.000000,,
1,EV_B9_C1,3.000000,80.000000,,
1,EV_B9_C1,2.000000,80.000000,,
1,EV_B9_C1,1.000000,80.000000,,
1,EV_B9_C1,0.000000,80.000000,,
3,,,,,
3,,,,,
3,,,,,
3,,,,,
3,,,,,
3,,,,,
3,,,,,
3,,,,,
3,,,,,
3,,,,,
3,,,,,
3,,,,,
3,,,,,
3,,,,,
2,EV_B9_C1,,,0.000000,38.614839
1,EV_B9_C1,8.000000,80.000000,,
1,EV_B9_C1,7.000000,80.000000,,
1,EV_B9_C1,6.000000,80.000000,,
1,EV_B9_C1,5.000000,80.000000,,
1,EV_B9_C1,4.000000,80.000000,,
1,EV_B9_C1,3.000000,80.000000,,
1,EV_B9_C1,2.000000,80.000000,,
1,EV_B9_C1,1.000000,80.000000,,
1,EV_B9_C1,0.000000,80.000000,,
3,,,,,
3,,,,,
3,,,,,
3,,,,,
3,,,,,
3,,,,,
3,,,,,
3,,,,,
3,,,,,
3,,,,,
3,,,,,
3,,,,,
3,,,,,
2,EV_B9_C1,,,0.000000,34.567910
1,EV_B9_C1,9.000000,80.000000,,
1,EV_B9_C1,8.000000,80.000000,,
1,EV_B9_C1,7.000000,80.000000,,
1,EV_B9_C1,6.000000,80.000000,,
1,EV_B9_C1,5.000000,80.000000,,
1,EV_B9_C1,4.000000,80.000000,,
1,EV_B9_C1,3.000000,80.000000,,
1,EV_B9_C1,2.000000,80.000000,,
1,EV_B9_C1,1.000000,80.000000,,
1,EV_B9_C1,0.000000,80.000000,,
3,,,,,
3,,,,,
3,,,,,
3,,,,,
3,,,,,
3,,,,,
3,,,,,
3,,,,,
3,,,,,
3,,,,,
3,,,,,
3,,,,,
3,,,,,
3,,,,,
3,,,,,
2,EV_B9_C1,,,0.000000,34.092766
1,EV_B9_C1,7.000000,80.000000,,
1,EV_B9_C1,6.000000,80.000000,,
1,EV_B9_C1,5.000000,80.000000,,
1,EV_B9_C1,4.000000,80.000000,,
1,EV_B9_C1,3.000000,80.000000,,
1,EV_B9_C1,2.000000,80.000000,,
1,EV_B9_C1,1.000000,80.000000,,
1,EV_B9_C1,0.000000,80.000000,,
3,,,,,
3,,,,,
3,,,,,
3,,,,,
3,,,,,
3,,,,,
3,,,,,
3,,,,,
3,,,,,
3,,,,,
3,,,,,
3,,,,,
3,,,,,
3,,,,,
2,EV_B9_C1,,,0.000000,31.079896
1,EV_B9_C1,8.000000,80.000000,,
1,EV_B9_C1,7.000000,80.000000,,
1,EV_B9_C1,6.000000,80.000000,,
1,EV_B9_C1,5.000000,80.000000,,
1,EV_B9_C1,4.000000,80.000000,,
1,EV_B9_C1,3.000000,80.000000,,
1,EV_B9_C1,2.000000,80.000000,,
1,EV_B9_C1,1.000000,80.000000,,
1,EV_B9_C1,0.000000,80.000000,,
3,,,,,
3,,,,,
3,,,,,
3,,,,,
3,,,,,
3,,,,,
3,,,,,
3,,,,,
3,,,,,
3,,,,,
3,,,,,
3,,,,,
3,,,,,
3,,,,,
2,EV_B9_C1,,,0.000000,33.412818
1,EV_B9_C1,8.000000,80.000000,,
1,EV_B9_C1,7.000000,80.000000,,
1,EV_B9_C1,6.000000,80.000000,,
1,EV_B9_C1,5.000000,80.000000,,
1,EV_B9_C1,4.000000,80.000000,,
1,EV_B9_C1,3.000000,80.000000,,
1,EV_B9_C1,2.000000,80.000000,,
1,EV_B9_C1,1.000000,80.000000,,
1,EV_B9_C1,0.000000,80.000000,,
3,,,,,
3,,,,,
3,,,,,
3,,,,,
3,,,,,
3,,,,,
3,,,,,
3,,,,,
3,,,,,
3,,,,,
3,,,,,
3,,,,,
3,,,,,
3,,,,,
3,,,,,
3,,,,,
3,,,,,
3,,,,,
3,,,,,
3,,,,,
3,,,,,
3,,,,,
3,,,,,
3,,,,,
3,,,,,
3,,,,,
3,,,,,
3,,,,,
3,,,,,
3,,,,,
3,,,,,
3,,,,,
3,,,,,
3,,,,,
3,,,,,
3,,,,,
2,EV_B9_C1,,,0.000000,35.997620
1,EV_B9_C1,10.000000,80.000000,,
1,EV_B9_C1,9.000000,80.000000,,
1,EV_B9_C1,8.000000,80.000000,,
1,EV_B9_C1,7.000000,80.000000,,
1,EV_B9_C1,6.000000,80.000000,,
1,EV_B9_C1,5.000000,80.000000,,
1,EV_B9_C1,4.000000,80.000000,,
1,EV_B9_C1,3.000000,80.000000,,
1,EV_B9_C1,2.000000,80.000000,,
1,EV_B9_C1,1.000000,80.000000,,
1,EV_B9_C1,0.000000,80.000000,,
3,,,,,
3,,,,,
3,,,,,
3,,,,,
3,,,,,
3,,,,,
3,,,,,
3,,,,,
3,,,,,
3,,,,,
3,,,,,
3,,,,,
3,,,,,
2,EV_B9_C1,,,0.000000,36.757375
1,EV_B9_C1,9.000000,80.000000,,
1,EV_B9_C1,8.000000,80.000000,,
1,EV_B9_C1,7.000000,80.000000,,
1,EV_B9_C1,6.000000,80.000000,,
1,EV_B9_C1,5.000000,80.000000,,
1,EV_B9_C1,4.000000,80.000000,,
1,EV_B9_C1,3.000000,80.000000,,
1,EV_B9_C1,2.000000,80.000000,,
1,EV_B9_C1,1.000000,80.000000,,
1,EV_B9_C1,0.000000,80.000000,,
3,,,,,
3,,,,,
3,,,,,
3,,,,,
3,,,,,
3,,,,,
3,,,,,
3,,,,,
3,,,,,
3,,,,,
3,,,,,
3,,,,,
3,,,,,
2,EV_B9_C1,,,0.000000,40.732463
1,EV_B9_C1,10.000000,80.000000,,
1,EV_B9_C1,9.000000,80.000000,,
1,EV_B9_C1,8.000000,80.000000,,
1,EV_B9_C1,7.000000,80.000000,,
1,EV_B9_C1,6.000000,80.000000,,
1,EV_B9_C1,5.000000,80.000000,,
1,EV_B9_C1,4.000000,80.000000,,
1,EV_B9_C1,3.000000,80.000000,,
1,EV_B9_C1,2.000000,80.000000,,
1,EV_B9_C1,1.000000,80.000000,,
1,EV_B9_C1,0.000000,80.000000,,
3,,,,,
3,,,,,
3,,,,,
3,,,,,
3,,,,,
3,,,,,
3,,,,,
3,,,,,
3,,,,,
3,,,,,
3,,,,,
3,,,,,
3,,,,,
3,,,,,
2,EV_B9_C1,,,0.000000,25.471282
1,EV_B9_C1,8.000000,80.000000,,
1,EV_B9_C1,7.000000,80.000000,,
1,EV_B9_C1,6.000000,80.000000,,
1,EV_B9_C1,5.000000,80.000000,,
1,EV_B9_C1,4.000000,80.000000,,
1,EV_B9_C1,3.000000,80.000000,,
1,EV_B9_C1,2.000000,80.000000,,
1,EV_B9_C1,1.000000,80.000000,,
1,EV_B9_C1,0.000000,80.000000,,
3,,,,,
3,,,,,
3,,,,,
3,,,,,
3,,,,,
3,,,,,
3,,,,,
3,,,,,
3,,,,,
3,,,,,
3,,,,,
3,,,,,
2,EV_B9_C1,,,0.000000,28.022207
1,EV_B9_C1,10.000000,80.000000,,
1,EV_B9_C1,9.000000,80.000000,,
1,EV_B9_C1,8.000000,80.000000,,
1,EV_B9_C1,7.000000,80.000000,,
1,EV_B9_C1,6.000000,80.000000,,
1,EV_B9_C1,5.000000,80.000000,,
1,EV_B9_C1,4.000000,80.000000,,
1,EV_B9_C1,3.000000,80.000000,,
1,EV_B9_C1,2.000000,80.000000,,
1,EV_B9_C1,1.000000,80.000000,,
1,EV_B9_C1,0.000000,80.000000,,
3,,,,,
3,,,,,
3,,,,,
3,,,,,
3,,,,,
3,,,,,
3,,,,,
3,,,,,
3,,,,,
3,,,,,
3,,,,,
3,,,,,
3,,,,,
2,EV_B9_C1,,,0.000000,36.958500
1,EV_B9_C1,9.000000,80.000000,,
1,EV_B9_C1,8.000000,80.000000,,
1,EV_B9_C1,7.000000,80.000000,,
1,EV_B9_C1,6.000000,80.000000,,
1,EV_B9_C1,5.000000,80.000000,,
1,EV_B9_C1,4.000000,80.000000,,
1,EV_B9_C1,3.000000,80.000000,,
1,EV_B9_C1,2.000000,80.000000,,
1,EV_B9_C1,1.000000,80.000000,,
1,EV_B9_C1,0.000000,80.000000,,
3,,,,,
3,,,,,
3,,,,,
3,,,,,
3,,,,,
3,,,,,
3,,,,,
3,,,,,
3,,,,,
3,,,,,
3,,,,,
3,,,,,
3,,,,,
2,EV_B9_C1,,,0.000000,28.239475
1,EV_B9_C1,9.000000,80.000000,,
1,EV_B9_C1,8.000000,80.000000,,
1,EV_B9_C1,7.000000,80.000000,,
1,EV_B9_C1,6.000000,80.000000,,
1,EV_B9_C1,5.000000,80.000000,,
1,EV_B9_C1,4.000000,80.000000,,
1,EV_B9_C1,3.000000,80.000000,,
1,EV_B9_C1,2.000000,80.000000,,
1,EV_B9_C1,1.000000,80.000000,,
1,EV_B9_C1,0.000000,80.000000,,
3,,,,,
3,,,,,
3,,,,,
3,,,,,
3,,,,,
3,,,,,
3,,,,,
3,,,,,
3,,,,,
3,,,,,
3,,,,,
3,,,,,
3,,,,,
2,EV_B9_C1,,,0.000000,26.683274
1,EV_B9_C1,8.000000,80.000000,,
1,EV_B9_C1,7.000000,80.000000,,
1,EV_B9_C1,6.000000,80.000000,,
1,EV_B9_C1,5.000000,80.000000,,
1,EV_B9_C1,4.000000,80.000000,,
1,EV_B9_C1,3.000000,80.000000,,
1,EV_B9_C1,2.000000,80.000000,,
1,EV_B9_C1,1.000000,80.000000,,
1,EV_B9_C1,0.000000,80.000000,,
3,,,,,
3,,,,,
3,,,,,
3,,,,,
3,,,,,
3,,,,,
3,,,,,
3,,,,,
3,,,,,
3,,,,,
3,,,,,
3,,,,,
3,,,,,
2,EV_B9_C1,,,0.000000,27.146574
1,EV_B9_C1,9.000000,80.000000,,
1,EV_B9_C1,8.000000,80.000000,,
1,EV_B9_C1,7.000000,80.000000,,
1,EV_B9_C1,6.000000,80.000000,,
1,EV_B9_C1,5.000000,80.000000,,
1,EV_B9_C1,4.000000,80.000000,,
1,EV_B9_C1,3.000000,80.000000,,
1,EV_B9_C1,2.000000,80.000000,,
1,EV_B9_C1,1.000000,80.000000,,
1,EV_B9_C1,0.000000,80.000000,,
3,,,,,
3,,,,,
3,,,,,
3,,,,,
3,,,,,
3,,,,,
3,,,,,
3,,,,,
3,,,,,
3,,,,,
3,,,,,
3,,,,,
3,,,,,
2,EV_B9_C1,,,0.000000,36.273961
1,EV_B9_C1,10.000000,80.000000,,
1,EV_B9_C1,9.000000,80.000000,,
1,EV_B9_C1,8.000000,80.000000,,
1,EV_B9_C1,7.000000,80.000000,,
1,EV_B9_C1,6.000000,80.000000,,
1,EV_B9_C1,5.000000,80.000000,,
1,EV_B9_C1,4.000000,80.000000,,
1,EV_B9_C1,3.000000,80.000000,,
1,EV_B9_C1,2.000000,80.000000,,
1,EV_B9_C1,1.000000,80.000000,,
1,EV_B9_C1,0.000000,80.000000,,
3,,,,,
3,,,,,
3,,,,,
3,,,,,
3,,,,,
3,,,,,
3,,,,,
3,,,,,
3,,,,,
3,,,,,
3,,,,,
3,,,,,
2,EV_B9_C1,,,0.000000,29.123804
1,EV_B9_C1,9.000000,80.000000,,
1,EV_B9_C1,8.000000,80.000000,,
1,EV_B9_C1,7.000000,80.000000,,
1,EV_B9_C1,6.000000,80.000000,,
1,EV_B9_C1,5.000000,80.000000,,
1,EV_B9_C1,4.000000,80.000000,,
1,EV_B9_C1,3.000000,80.000000,,
1,EV_B9_C1,2.000000,80.000000,,
1,EV_B9_C1,1.000000,80.000000,,
1,EV_B9_C1,0.000000,80.000000,,
3,,,,,
3,,,,,
3,,,,,
3,,,,,
3,,,,,
3,,,,,
3,,,,,
3,,,,,
3,,,,,
3,,,,,
3,,,,,
3,,,,,
3,,,,,
3,,,,,
2,EV_B9_C1,,,0.000000,34.699763
1,EV_B9_C1,8.000000,80.000000,,
1,EV_B9_C1,7.000000,80.000000,,
1,EV_B9_C1,6.000000,80.000000,,
1,EV_B9_C1,5.000000,80.000000,,
1,EV_B9_C1,4.000000,80.000000,,
1,EV_B9_C1,3.000000,80.000000,,
1,EV_B9_C1,2.000000,80.000000,,
1,EV_B9_C1,1.000000,80.000000,,
1,EV_B9_C1,0.000000,80.000000,,
3,,,,,
3,,,,,
3,,,,,
3,,,,,
3,,,,,
3,,,,,
3,,,,,
3,,,,,
3,,,,,
3,,,,,
3,,,,,
3,,,,,
3,,,,,
3,,,,,
3,,,,,
3,,,,,
3,,,,,
3,,,,,
3,,,,,
3,,,,,
3,,,,,
3,,,,,
3,,,,,
3,,,,,
3,,,,,
3,,,,,
3,,,,,
3,,,,,
3,,,,,
3,,,,,
3,,,,,
3,,,,,
3,,,,,
3,,,,,
3,,,,,
3,,,,,
3,,,,,
3,,,,,
3,,,,,
2,EV_B9_C1,,,0.000000,39.269178
1,EV_B9_C1,7.000000,80.000000,,
1,EV_B9_C1,6.000000,80.000000,,
1,EV_B9_C1,5.000000,80.000000,,
1,EV_B9_C1,4.000000,80.000000,,
1,EV_B9_C1,3.000000,80.000000,,
1,EV_B9_C1,2.000000,80.000000,,
1,EV_B9_C1,1.000000,80.000000,,
1,EV_B9_C1,0.000000,80.000000,,
3,,,,,
3,,,,,
3,,,,,
3,,,,,
3,,,,,
3,,,,,
3,,,,,
3,,,,,
3,,,,,
3,,,,,
3,,,,,
3,,,,,
3,,,,,
3,,,,,
3,,,,,
3,,,,,
3,,,,,
3,,,,,
3,,,,,
3,,,,,
3,,,,,
3,,,,,
3,,,,,
3,,,,,
3,,,,,
3,,,,,
3,,,,,
3,,,,,
3,,,,,
3,,,,,
3,,,,,
3,,,,,
3,,,,,
3,,,,,
3,,,,,
3,,,,,
3,,,,,
3,,,,,
2,EV_B9_C1,,,0.000000,38.049763
1,EV_B9_C1,9.000000,80.000000,,
1,EV_B9_C1,8.000000,80.000000,,
1,EV_B9_C1,7.000000,80.000000,,
1,EV_B9_C1,6.000000,80.000000,,
1,EV_B9_C1,5.000000,80.000000,,
1,EV_B9_C1,4.000000,80.000000,,
1,EV_B9_C1,3.000000,80.000000,,
1,EV_B9_C1,2.000000,80.000000,,
1,EV_B9_C1,1.000000,80.000000,,
1,EV_B9_C1,0.000000,80.000000,,
3,,,,,
3,,,,,
3,,,,,
3,,,,,
3,,,,,
3,,,,,
3,,,,,
3,,,,,
3,,,,,
3,,,,,
3,,,,,
3,,,,,
3,,,,,
2,EV_B9_C1,,,0.000000,41.829827
1,EV_B9_C1,9.000000,80.000000,,
1,EV_B9_C1,8.000000,80.000000,,
1,EV_B9_C1,7.000000,80.000000,,
1,EV_B9_C1,6.000000,80.000000,,
1,EV_B9_C1,5.000000,80.000000,,
1,EV_B9_C1,4.000000,80.000000,,
1,EV_B9_C1,3.000000,80.000000,,
1,EV_B9_C1,2.000000,80.000000,,
1,EV_B9_C1,1.000000,80.000000,,
1,EV_B9_C1,0.000000,80.000000,,
3,,,,,
3,,,,,
3,,,,,
3,,,,,
3,,,,,
3,,,,,
3,,,,,
3,,,,,
3,,,,,
3,,,,,
3,,,,,
3,,,,,
3,,,,,
2,EV_B9_C1,,,0.000000,31.719391
1,EV_B9_C1,8.000000,80.000000,,
1,EV_B9_C1,7.000000,80.000000,,
1,EV_B9_C1,6.000000,80.000000,,
1,EV_B9_C1,5.000000,80.000000,,
1,EV_B9_C1,4.000000,80.000000,,
1,EV_B9_C1,3.000000,80.000000,,
1,EV_B9_C1,2.000000,80.000000,,
1,EV_B9_C1,1.000000,80.000000,,
1,EV_B9_C1,0.000000,80.000000,,
3,,,,,
3,,,,,
3,,,,,
3,,,,,
3,,,,,
3,,,,,
3,,,,,
3,,,,,
3,,,,,
3,,,,,
3,,,,,
3,,,,,
3,,,,,
3,,,,,
2,EV_B9_C1,,,0.000000,30.615070
1,EV_B9_C1,8.000000,80.000000,,
1,EV_B9_C1,7.000000,80.000000,,
1,EV_B9_C1,6.000000,80.000000,,
1,EV_B9_C1,5.000000,80.000000,,
1,EV_B9_C1,4.000000,80.000000,,
1,EV_B9_C1,3.000000,80.000000,,
1,EV_B9_C1,2.000000,80.000000,,
1,EV_B9_C1,1.000000,80.000000,,
1,EV_B9_C1,0.000000,80.000000,,
3,,,,,
3,,,,,
3,,,,,
3,,,,,
3,,,,,
3,,,,,
3,,,,,
3,,,,,
3,,,,,
3,,,,,
3,,,,,
3,,,,,
3,,,,,
3,,,,,
3,,,,,
2,EV_B9_C1,,,0.000000,26.477464
1,EV_B9_C1,8.000000,80.000000,,
1,EV_B9_C1,7.000000,80.000000,,
1,EV_B9_C1,6.000000,80.000000,,
1,EV_B9_C1,5.000000,80.000000,,
1,EV_B9_C1,4.000000,80.000000,,
1,EV_B9_C1,3.000000,80.000000,,
1,EV_B9_C1,2.000000,80.000000,,
1,EV_B9_C1,1.000000,80.000000,,
1,EV_B9_C1,0.000000,80.000000,,
3,,,,,
3,,,,,
3,,,,,
3,,,,,
3,,,,,
3,,,,,
3,,,,,
3,,,,,
3,,,,,
3,,,,,
3,,,,,
3,,,,,
3,,,,,
3,,,,,
3,,,,,
3,,,,,
3,,,,,
3,,,,,
3,,,,,
3,,,,,
3,,,,,
3,,,,,
3,,,,,
3,,,,,
3,,,,,
3,,,,,
3,,,,,
3,,,,,
3,,,,,
3,,,,,
3,,,,,
3,,,,,
3,,,,,
3,,,,,
3,,,,,
3,,,,,
2,EV_B9_C1,,,0.000000,32.275305
1,EV_B9_C1,10.000000,80.000000,,
1,EV_B9_C1,9.000000,80.000000,,
1,EV_B9_C1,8.000000,80.000000,,
1,EV_B9_C1,7.000000,80.000000,,
1,EV_B9_C1,6.000000,80.000000,,
1,EV_B9_C1,5.000000,80.000000,,
1,EV_B9_C1,4.000000,80.000000,,
1,EV_B9_C1,3.000000,80.000000,,
1,EV_B9_C1,2.000000,80.000000,,
1,EV_B9_C1,1.000000,80.000000,,
1,EV_B9_C1,0.000000,80.000000,,
3,,,,,
3,,,,,
3,,,,,
3,,,,,
3,,,,,
3,,,,,
3,,,,,
3,,,,,
3,,,,,
3,,,,,
3,,,,,
3,,,,,
2,EV_B9_C1,,,0.000000,39.956250
1,EV_B9_C1,9.000000,80.000000,,
1,EV_B9_C1,8.000000,80.000000,,
1,EV_B9_C1,7.000000,80.000000,,
1,EV_B9_C1,6.000000,80.000000,,
1,EV_B9_C1,5.000000,80.000000,,
1,EV_B9_C1,4.000000,80.000000,,
1,EV_B9_C1,3.000000,80.000000,,
1,EV_B9_C1,2.000000,80.000000,,
1,EV_B9_C1,1.000000,80.000000,,
1,EV_B9_C1,0.000000,80.000000,,
3,,,,,
3,,,,,
3,,,,,
3,,,,,
3,,,,,
3,,,,,
3,,,,,
3,,,,,
3,,,,,
3,,,,,
3,,,,,
3,,,,,
3,,,,,
3,,,,,
2,EV_B9_C1,,,0.000000,29.394722
1,EV_B9_C1,8.000000,80.000000,,
1,EV_B9_C1,7.000000,80.000000,,
1,EV_B9_C1,6.000000,80.000000,,
1,EV_B9_C1,5.000000,80.000000,,
1,EV_B9_C1,4.000000,80.000000,,
1,EV_B9_C1,3.000000,80.000000,,
1,EV_B9_C1,2.000000,80.000000,,
1,EV_B9_C1,1.000000,80.000000,,
1,EV_B9_C1,0.000000,80.000000,,
3,,,,,
3,,,,,
3,,,,,
3,,,,,
3,,,,,
3,,,,,
3,,,,,
3,,,,,
3,,,,,
3,,,,,
3,,,,,
3,,,,,
3,,,,,
2,EV_B9_C1,,,0.000000,35.781172
1,EV_B9_C1,9.000000,80.000000,,
1,EV_B9_C1,8.000000,80.000000,,
1,EV_B9_C1,7.000000,80.000000,,
1,EV_B9_C1,6.000000,80.000000,,
1,EV_B9_C1,5.000000,80.000000,,
1,EV_B9_C1,4.000000,80.000000,,
1,EV_B9_C1,3.000000,80.000000,,
1,EV_B9_C1,2.000000,80.000000,,
1,EV_B9_C1,1.000000,80.000000,,
1,EV_B9_C1,0.000000,80.000000,,
3,,,,,
3,,,,,
3,,,,,
3,,,,,
3,,,,,
3,,,,,
3,,,,,
3,,,,,
3,,,,,
3,,,,,
3,,,,,
3,,,,,
3,,,,,
3,,,,,
3,,,,,
2,EV_B9_C1,,,0.000000,38.028138
1,EV_B9_C1,7.000000,80.000000,,
1,EV_B9_C1,6.000000,80.000000,,
1,EV_B9_C1,5.000000,80.000000,,
1,EV_B9_C1,4.000000,80.000000,,
1,EV_B9_C1,3.000000,80.000000,,
1,EV_B9_C1,2.000000,80.000000,,
1,EV_B9_C1,1.000000,80.000000,,
1,EV_B9_C1,0.000000,80.000000,,
3,,,,,
3,,,,,
3,,,,,
3,,,,,
3,,,,,
3,,,,,
3,,,,,
3,,,,,
3,,,,,
3,,,,,
3,,,,,
3,,,,,
3,,,,,
3,,,,,
2,EV_B9_C1,,,0.000000,36.134452
1,EV_B9_C1,8.000000,80.000000,,
1,EV_B9_C1,7.000000,80.000000,,
1,EV_B9_C1,6.000000,80.000000,,
1,EV_B9_C1,5.000000,80.000000,,
1,EV_B9_C1,4.000000,80.000000,,
1,EV_B9_C1,3.000000,80.000000,,
1,EV_B9_C1,2.000000,80.000000,,
1,EV_B9_C1,1.000000,80.000000,,
1,EV_B9_C1,0.000000,80.000000,,
3,,,,,
3,,,,,
3,,,,,
3,,,,,
3,,,,,
3,,,,,
3,,,,,
3,,,,,
3,,,,,
3,,,,,
3,,,,,
3,,,,,
3,,,,,
2,EV_B9_C1,,,0.000000,40.511622
1,EV_B9_C1,10.000000,80.000000,,
1,EV_B9_C1,9.000000,80.000000,,
1,EV_B9_C1,8.000000,80.000000,,
1,EV_B9_C1,7.000000,80.000000,,
1,EV_B9_C1,6.000000,80.000000,,
1,EV_B9_C1,5.000000,80.000000,,
1,EV_B9_C1,4.000000,80.000000,,
1,EV_B9_C1,3.000000,80.000000,,
1,EV_B9_C1,2.000000,80.000000,,
1,EV_B9_C1,1.000000,80.000000,,
1,EV_B9_C1,0.000000,80.000000,,
3,,,,,
3,,,,,
3,,,,,
3,,,,,
3,,,,,
3,,,,,
3,,,,,
3,,,,,
3,,,,,
3,,,,,
3,,,,,
3,,,,,
3,,,,,
3,,,,,
2,EV_B9_C1,,,0.000000,25.385852
1,EV_B9_C1,9.000000,80.000000,,
1,EV_B9_C1,8.000000,80.000000,,
1,EV_B9_C1,7.000000,80.000000,,
1,EV_B9_C1,6.000000,80.000000,,
1,EV_B9_C1,5.000000,80.000000,,
1,EV_B9_C1,4.000000,80.000000,,
1,EV_B9_C1,3.000000,80.000000,,
1,EV_B9_C1,2.000000,80.000000,,
1,EV_B9_C1,1.000000,80.000000,,
1,EV_B9_C1,0.000000,80.000000,,
3,,,,,
3,,,,,
3,,,,,
3,,,,,
3,,,,,
3,,,,,
3,,,,,
3,,,,,
3,,,,,
3,,,,,
3,,,,,
3,,,,,
2,EV_B9_C1,,,0.000000,42.532408
1,EV_B9_C1,10.000000,80.000000,,
1,EV_B9_C1,9.000000,80.000000,,
1,EV_B9_C1,8.000000,80.000000,,
1,EV_B9_C1,7.000000,80.000000,,
1,EV_B9_C1,6.000000,80.000000,,
1,EV_B9_C1,5.000000,80.000000,,
1,EV_B9_C1,4.000000,80.000000,,
1,EV_B9_C1,3.000000,80.000000,,
1,EV_B9_C1,2.000000,80.000000,,
1,EV_B9_C1,1.000000,80.000000,,
1,EV_B9_C1,0.000000,80.000000,,
3,,,,,
3,,,,,
3,,,,,
3,,,,,
3,,,,,
3,,,,,
3,,,,,
3,,,,,
3,,,,,
3,,,,,
3,,,,,
3,,,,,
3,,,,,
3,,,,,
3,,,,,
3,,,,,
3,,,,,
3,,,,,
3,,,,,
3,,,,,
3,,,,,
3,,,,,
3,,,,,
3,,,,,
3,,,,,
3,,,,,
3,,,,,
3,,,,,
3,,,,,
3,,,,,
3,,,,,
3,,,,,
3,,,,,
3,,,,,
2,EV_B9_C1,,,0.000000,31.103964
1,EV_B9_C1,11.000000,80.000000,,
1,EV_B9_C1,10.000000,80.000000,,
1,EV_B9_C1,9.000000,80.000000,,
1,EV_B9_C1,8.000000,80.000000,,
1,EV_B9_C1,7.000000,80.000000,,
1,EV_B9_C1,6.000000,80.000000,,
1,EV_B9_C1,5.000000,80.000000,,
1,EV_B9_C1,4.000000,80.000000,,
1,EV_B9_C1,3.000000,80.000000,,
1,EV_B9_C1,2.000000,80.000000,,
1,EV_B9_C1,1.000000,80.000000,,
1,EV_B9_C1,0.000000,80.000000,,
3,,,,,
3,,,,,
3,,,,,
3,,,,,
3,,,,,
3,,,,,
3,,,,,
3,,,,,
3,,,,,
3,,,,,
3,,,,,
3,,,,,
2,EV_B9_C1,,,0.000000,35.368924
1,EV_B9_C1,9.000000,80.000000,,
1,EV_B9_C1,8.000000,80.000000,,
1,EV_B9_C1,7.000000,80.000000,,
1,EV_B9_C1,6.000000,80.000000,,
1,EV_B9_C1,5.000000,80.000000,,
1,EV_B9_C1,4.000000,80.000000,,
1,EV_B9_C1,3.000000,80.000000,,
1,EV_B9_C1,2.000000,80.000000,,
1,EV_B9_C1,1.000000,80.000000,,
1,EV_B9_C1,0.000000,80.000000,,
3,,,,,
3,,,,,
3,,,,,
3,,,,,
3,,,,,
3,,,,,
3,,,,,
3,,,,,
3,,,,,
3,,,,,
3,,,,,
3,,,,,
3,,,,,
2,EV_B9_C1,,,0.000000,27.570214
1,EV_B9_C1,9.000000,80.000000,,
1,EV_B9_C1,8.000000,80.000000,,
1,EV_B9_C1,7.000000,80.000000,,
1,EV_B9_C1,6.000000,80.000000,,
1,EV_B9_C1,5.000000,80.000000,,
1,EV_B9_C1,4.000000,80.000000,,
1,EV_B9_C1,3.000000,80.000000,,
1,EV_B9_C1,2.000000,80.000000,,
1,EV_B9_C1,1.000000,80.000000,,
1,EV_B9_C1,0.000000,80.000000,,
3,,,,,
3,,,,,
3,,,,,
3,,,,,
3,,,,,
3,,,,,
3,,,,,
3,,,,,
3,,,,,
3,,,,,
3,,,,,
3,,,,,
3,,,,,
2,EV_B9_C1,,,0.000000,25.277541
1,EV_B9_C1,9.000000,80.000000,,
1,EV_B9_C1,8.000000,80.000000,,
1,EV_B9_C1,7.000000,80.000000,,
1,EV_B9_C1,6.000000,80.000000,,
1,EV_B9_C1,5.000000,80.000000,,
1,EV_B9_C1,4.000000,80.000000,,
1,EV_B9_C1,3.000000,80.000000,,
1,EV_B9_C1,2.000000,80.000000,,
1,EV_B9_C1,1.000000,80.000000,,
1,EV_B9_C1,0.000000,80.000000,,
3,,,,,
3,,,,,
3,,,,,
3,,,,,
3,,,,,
3,,,,,
3,,,,,
3,,,,,
3,,,,,
3,,,,,
3,,,,,
3,,,,,
3,,,,,
2,EV_B9_C1,,,0.000000,27.966905
1,EV_B9_C1,10.000000,80.000000,,
1,EV_B9_C1,9.000000,80.000000,,
1,EV_B9_C1,8.000000,80.000000,,
1,EV_B9_C1,7.000000,80.000000,,
1,EV_B9_C1,6.000000,80.000000,,
1,EV_B9_C1,5.000000,80.000000,,
1,EV_B9_C1,4.000000,80.000000,,
1,EV_B9_C1,3.000000,80.000000,,
1,EV_B9_C1,2.000000,80.000000,,
1,EV_B9_C1,1.000000,80.000000,,
1,EV_B9_C1,0.000000,80.000000,,
3,,,,,
3,,,,,
3,,,,,
3,,,,,
3,,,,,
3,,,,,
3,,,,,
3,,,,,
3,,,,,
3,,,,,
3,,,,,
3,,,,,
3,,,,,
3,,,,,
2,EV_B9_C1,,,0.000000,44.183779
1,EV_B9_C1,9.000000,80.000000,,
1,EV_B9_C1,8.000000,80.000000,,
1,EV_B9_C1,7.000000,80.000000,,
1,EV_B9_C1,6.000000,80.000000,,
1,EV_B9_C1,5.000000,80.000000,,
1,EV_B9_C1,4.000000,80.000000,,
1,EV_B9_C1,3.000000,80.000000,,
1,EV_B9_C1,2.000000,80.000000,,
1,EV_B9_C1,1.000000,80.000000,,
1,EV_B9_C1,0.000000,80.000000,,
3,,,,,
3,,,,,
3,,,,,
3,,,,,
3,,,,,
3,,,,,
3,,,,,
3,,,,,
3,,,,,
3,,,,,
3,,,,,
3,,,,,
2,EV_B9_C1,,,0.000000,43.757804
1,EV_B9_C1,8.000000,80.000000,,
1,EV_B9_C1,7.000000,80.000000,,
1,EV_B9_C1,6.000000,80.000000,,
1,EV_B9_C1,5.000000,80.000000,,
1,EV_B9_C1,4.000000,80.000000,,
1,EV_B9_C1,3.000000,80.000000,,
1,EV_B9_C1,2.000000,80.000000,,
1,EV_B9_C1,1.000000,80.000000,,
1,EV_B9_C1,0.000000,80.000000,,
3,,,,,
3,,,,,
3,,,,,
3,,,,,
3,,,,,
3,,,,,
3,,,,,
3,,,,,
3,,,,,
3,,,,,
3,,,,,
3,,,,,
3,,,,,
3,,,,,
3,,,,,
2,EV_B9_C1,,,0.000000,43.485592
1,EV_B9_C1,8.000000,80.000000,,
1,EV_B9_C1,7.000000,80.000000,,
1,EV_B9_C1,6.000000,80.000000,,
1,EV_B9_C1,5.000000,80.000000,,
1,EV_B9_C1,4.000000,80.000000,,
1,EV_B9_C1,3.000000,80.000000,,
1,EV_B9_C1,2.000000,80.000000,,
1,EV_B9_C1,1.000000,80.000000,,
1,EV_B9_C1,0.000000,80.000000,,
3,,,,,
3,,,,,
3,,,,,
3,,,,,
3,,,,,
3,,,,,
3,,,,,
3,,,,,
3,,,,,
3,,,,,
3,,,,,
3,,,,,
3,,,,,
2,EV_B9_C1,,,0.000000,27.553859
1,EV_B9_C1,9.000000,80.000000,,
1,EV_B9_C1,8.000000,80.000000,,
1,EV_B9_C1,7.000000,80.000000,,
1,EV_B9_C1,6.000000,80.000000,,
1,EV_B9_C1,5.000000,80.000000,,
1,EV_B9_C1,4.000000,80.000000,,
1,EV_B9_C1,3.000000,80.000000,,
1,EV_B9_C1,2.000000,80.000000,,
1,EV_B9_C1,1.000000,80.000000,,
1,EV_B9_C1,0.000000,80.000000,,
3,,,,,
3,,,,,
3,,,,,
3,,,,,
3,,,,,
3,,,,,
3,,,,,
3,,,,,
3,,,,,
3,,,,,
3,,,,,
3,,,,,
3,,,,,
2,EV_B9_C1,,,0.000000,28.038752
1,EV_B9_C1,8.000000,80.000000,,
1,EV_B9_C1,7.000000,80.000000,,
1,EV_B9_C1,6.000000,80.000000,,
1,EV_B9_C1,5.000000,80.000000,,
1,EV_B9_C1,4.000000,80.000000,,
1,EV_B9_C1,3.000000,80.000000,,
1,EV_B9_C1,2.000000,80.000000,,
1,EV_B9_C1,1.000000,80.000000,,
1,EV_B9_C1,0.000000,80.000000,,
3,,,,,
3,,,,,
3,,,,,
3,,,,,
3,,,,,
3,,,,,
3,,,,,
3,,,,,
3,,,,,
3,,,,,
3,,,,,
3,,,,,
3,,,,,
3,,,,,
2,EV_B9_C1,,,0.000000,27.737610
1,EV_B9_C1,9.000000,80.000000,,
1,EV_B9_C1,8.000000,80.000000,,
1,EV_B9_C1,7.000000,80.000000,,
1,EV_B9_C1,6.000000,80.000000,,
1,EV_B9_C1,5.000000,80.000000,,
1,EV_B9_C1,4.000000,80.000000,,
1,EV_B9_C1,3.000000,80.000000,,
1,EV_B9_C1,2.000000,80.000000,,
1,EV_B9_C1,1.000000,80.000000,,
1,EV_B9_C1,0.000000,80.000000,,
3,,,,,
3,,,,,
3,,,,,
3,,,,,
3,,,,,
3,,,,,
3,,,,,
3,,,,,
3,,,,,
3,,,,,
3,,,,,
3,,,,,
2,EV_B9_C1,,,0.000000,43.929949
1,EV_B9_C1,8.000000,80.000000,,
1,EV_B9_C1,7.000000,80.000000,,
1,EV_B9_C1,6.000000,80.000000,,
1,EV_B9_C1,5.000000,80.000000,,
1,EV_B9_C1,4.000000,80.000000,,
1,EV_B9_C1,3.000000,80.000000,,
1,EV_B9_C1,2.000000,80.000000,,
1,EV_B9_C1,1.000000,80.000000,,
1,EV_B9_C1,0.000000,80.000000,,
3,,,,,
3,,,,,
3,,,,,
3,,,,,
3,,,,,
3,,,,,
3,,,,,
3,,,,,
3,,,,,
3,,,,,
3,,,,,
3,,,,,
3,,,,,
3,,,,,
3,,,,,
3,,,,,
3,,,,,
3,,,,,
3,,,,,
3,,,,,
3,,,,,
3,,,,,
3,,,,,
3,,,,,
3,,,,,
3,,,,,
3,,,,,
3,,,,,
3,,,,,
3,,,,,
3,,,,,
3,,,,,
3,,,,,
3,,,,,
3,,,,,
3,,,,,
3,,,,,
2,EV_B9_C1,,,0.000000,37.673224
1,EV_B9_C1,9.000000,80.000000,,
1,EV_B9_C1,8.000000,80.000000,,
1,EV_B9_C1,7.000000,80.000000,,
1,EV_B9_C1,6.000000,80.000000,,
1,EV_B9_C1,5.000000,80.000000,,
1,EV_B9_C1,4.000000,80.000000,,
1,EV_B9_C1,3.000000,80.000000,,
1,EV_B9_C1,2.000000,80.000000,,
1,EV_B9_C1,1.000000,80.000000,,
1,EV_B9_C1,0.000000,80.000000,,
3,,,,,
3,,,,,
3,,,,,
3,,,,,
3,,,,,
3,,,,,
3,,,,,
3,,,,,
3,,,,,
3,,,,,
3,,,,,
3,,,,,
3,,,,,
3,,,,,
3,,,,,
2,EV_B9_C1,,,0.000000,32.361941
1,EV_B9_C1,9.000000,80.000000,,
1,EV_B9_C1,8.000000,80.000000,,
1,EV_B9_C1,7.000000,80.000000,,
1,EV_B9_C1,6.000000,80.000000,,
1,EV_B9_C1,5.000000,80.000000,,
1,EV_B9_C1,4.000000,80.000000,,
1,EV_B9_C1,3.000000,80.000000,,
1,EV_B9_C1,2.000000,80.000000,,
1,EV_B9_C1,1.000000,80.000000,,
1,EV_B9_C1,0.000000,80.000000,,
3,,,,,
3,,,,,
3,,,,,
3,,,,,
3,,,,,
3,,,,,
3,,,,,
3,,,,,
3,,,,,
3,,,,,
3,,,,,
3,,,,,
3,,,,,
2,EV_B9_C1,,,0.000000,26.135132
1,EV_B9_C1,9.000000,80.000000,,
1,EV_B9_C1,8.000000,80.000000,,
1,EV_B9_C1,7.000000,80.000000,,
1,EV_B9_C1,6.000000,80.000000,,
1,EV_B9_C1,5.000000,80.000000,,
1,EV_B9_C1,4.000000,80.000000,,
1,EV_B9_C1,3.000000,80.000000,,
1,EV_B9_C1,2.000000,80.000000,,
1,EV_B9_C1,1.000000,80.000000,,
1,EV_B9_C1,0.000000,80.000000,,
3,,,,,
3,,,,,
3,,,,,
3,,,,,
3,,,,,
3,,,,,
3,,,,,
3,,,,,
3,,,,,
3,,,,,
3,,,,,
3,,,,,
3,,,,,
2,EV_B9_C1,,,0.000000,39.856945
1,EV_B9_C1,9.000000,80.000000,,
1,EV_B9_C1,8.000000,80.000000,,
1,EV_B9_C1,7.000000,80.000000,,
1,EV_B9_C1,6.000000,80.000000,,
1,EV_B9_C1,5.000000,80.000000,,
1,EV_B9_C1,4.000000,80.000000,,
1,EV_B9_C1,3.000000,80.000000,,
1,EV_B9_C1,2.000000,80.000000,,
1,EV_B9_C1,1.000000,80.000000,,
1,EV_B9_C1,0.000000,80.000000,,
3,,,,,
3,,,,,
3,,,,,
3,,,,,
3,,,,,
3,,,,,
3,,,,,
3,,,,,
3,,,,,
3,,,,,
3,,,,,
3,,,,,
3,,,,,
3,,,,,
3,,,,,
3,,,,,
3,,,,,
3,,,,,
3,,,,,
3,,,,,
3,,,,,
3,,,,,
3,,,,,
3,,,,,
3,,,,,
3,,,,,
3,,,,,
3,,,,,
3,,,,,
3,,,,,
3,,,,,
3,,,,,
3,,,,,
3,,,,,
3,,,,,
3,,,,,
2,EV_B9_C1,,,0.000000,37.307013
1,EV_B9_C1,9.000000,80.000000,,
1,EV_B9_C1,8.000000,80.000000,,
1,EV_B9_C1,7.000000,80.000000,,
1,EV_B9_C1,6.000000,80.000000,,
1,EV_B9_C1,5.000000,80.000000,,
1,EV_B9_C1,4.000000,80.000000,,
1,EV_B9_C1,3.000000,80.000000,,
1,EV_B9_C1,2.000000,80.000000,,
1,EV_B9_C1,1.000000,80.000000,,
1,EV_B9_C1,0.000000,80.000000,,
3,,,,,
3,,,,,
3,,,,,
3,,,,,
3,,,,,
3,,,,,
3,,,,,
3,,,,,
3,,,,,
3,,,,,
3,,,,,
3,,,,,
3,,,,,
3,,,,,
2,EV_B9_C1,,,0.000000,31.447525
1,EV_B9_C1,9.000000,80.000000,,
1,EV_B9_C1,8.000000,80.000000,,
1,EV_B9_C1,7.000000,80.000000,,
1,EV_B9_C1,6.000000,80.000000,,
1,EV_B9_C1,5.000000,80.000000,,
1,EV_B9_C1,4.000000,80.000000,,
1,EV_B9_C1,3.000000,80.000000,,
1,EV_B9_C1,2.000000,80.000000,,
1,EV_B9_C1,1.000000,80.000000,,
1,EV_B9_C1,0.000000,80.000000,,
3,,,,,
3,,,,,
3,,,,,
3,,,,,
3,,,,,
3,,,,,
3,,,,,
3,,,,,
3,,,,,
3,,,,,
3,,,,,
2,EV_B9_C1,,,0.000000,38.209917
1,EV_B9_C1,10.000000,80.000000,,
1,EV_B9_C1,9.000000,80.000000,,
1,EV_B9_C1,8.000000,80.000000,,
1,EV_B9_C1,7.000000,80.000000,,
1,EV_B9_C1,6.000000,80.000000,,
1,EV_B9_C1,5.000000,80.000000,,
1,EV_B9_C1,4.000000,80.000000,,
1,EV_B9_C1,3.000000,80.000000,,
1,EV_B9_C1,2.000000,80.000000,,
1,EV_B9_C1,1.000000,80.000000,,
1,EV_B9_C1,0.000000,80.000000,,
3,,,,,
3,,,,,
3,,,,,
3,,,,,
3,,,,,
3,,,,,
3,,,,,
3,,,,,
3,,,,,
3,,,,,
3,,,,,
3,,,,,
3,,,,,
2,EV_B9_C1,,,0.000000,32.119375
1,EV_B9_C1,10.000000,80.000000,,
1,EV_B9_C1,9.000000,80.000000,,
1,EV_B9_C1,8.000000,80.000000,,
1,EV_B9_C1,7.000000,80.000000,,
1,EV_B9_C1,6.000000,80.000000,,
1,EV_B9_C1,5.000000,80.000000,,
1,EV_B9_C1,4.000000,80.000000,,
1,EV_B9_C1,3.000000,80.000000,,
1,EV_B9_C1,2.000000,80.000000,,
1,EV_B9_C1,1.000000,80.000000,,
1,EV_B9_C1,0.000000,80.000000,,
3,,,,,
3,,,,,
3,,,,,
3,,,,,
3,,,,,
3,,,,,
3,,,,,
3,,,,,
3,,,,,
3,,,,,
3,,,,,
3,,,,,
3,,,,,
3,,,,,
2,EV_B9_C1,,,0.000000,29.901464
1,EV_B9_C1,7.000000,80.000000,,
1,EV_B9_C1,6.000000,80.000000,,
1,EV_B9_C1,5.000000,80.000000,,
1,EV_B9_C1,4.000000,80.000000,,
1,EV_B9_C1,3.000000,80.000000,,
1,EV_B9_C1,2.000000,80.000000,,
1,EV_B9_C1,1.000000,80.000000,,
1,EV_B9_C1,0.000000,80.000000,,
3,,,,,
3,,,,,
3,,,,,
3,,,,,
3,,,,,
3,,,,,
3,,,,,
3,,,,,
3,,,,,
3,,,,,
3,,,,,
3,,,,,
3,,,,,
3,,,,,
3,,,,,
2,EV_B9_C1,,,0.000000,32.226232
1,EV_B9_C1,8.000000,80.000000,,
1,EV_B9_C1,7.000000,80.000000,,
1,EV_B9_C1,6.000000,80.000000,,
1,EV_B9_C1,5.000000,80.000000,,
1,EV_B9_C1,4.000000,80.000000,,
1,EV_B9_C1,3.000000,80.000000,,
1,EV_B9_C1,2.000000,80.000000,,
1,EV_B9_C1,1.000000,80.000000,,
1,EV_B9_C1,0.000000,80.000000,,
3,,,,,
3,,,,,
3,,,,,
3,,,,,
3,,,,,
3,,,,,
3,,,,,
3,,,,,
3,,,,,
3,,,,,
3,,,,,
2,EV_B9_C1,,,0.000000,42.861808
1,EV_B9_C1,10.000000,80.000000,,
1,EV_B9_C1,9.000000,80.000000,,
1,EV_B9_C1,8.000000,80.000000,,
1,EV_B9_C1,7.000000,80.000000,,
1,EV_B9_C1,6.000000,80.000000,,
1,EV_B9_C1,5.000000,80.000000,,
1,EV_B9_C1,4.000000,80.000000,,
1,EV_B9_C1,3.000000,80.000000,,
1,EV_B9_C1,2.000000,80.000000,,
1,EV_B9_C1,1.000000,80.000000,,
1,EV_B9_C1,0.000000,80.000000,,
3,,,,,
3,,,,,
3,,,,,
3,,,,,
3,,,,,
3,,,,,
3,,,,,
3,,,,,
3,,,,,
3,,,,,
3,,,,,
3,,,,,
3,,,,,
3,,,,,
3,,,,,
2,EV_B9_C1,,,0.000000,42.951943
1,EV_B9_C1,7.000000,80.000000,,
1,EV_B9_C1,6.000000,80.000000,,
1,EV_B9_C1,5.000000,80.000000,,
1,EV_B9_C1,4.000000,80.000000,,
1,EV_B9_C1,3.000000,80.000000,,
1,EV_B9_C1,2.000000,80.000000,,
1,EV_B9_C1,1.000000,80.000000,,
1,EV_B9_C1,0.000000,80.000000,,
3,,,,,
3,,,,,
3,,,,,
3,,,,,
3,,,,,
3,,,,,
3,,,,,
3,,,,,
3,,,,,
3,,,,,
3,,,,,
3,,,,,
3,,,,,
2,EV_B9_C1,,,0.000000,36.291404
1,EV_B9_C1,10.000000,80.000000,,
1,EV_B9_C1,9.000000,80.000000,,
1,EV_B9_C1,8.000000,80.000000,,
1,EV_B9_C1,7.000000,80.000000,,
1,EV_B9_C1,6.000000,80.000000,,
1,EV_B9_C1,5.000000,80.000000,,
1,EV_B9_C1,4.000000,80.000000,,
1,EV_B9_C1,3.000000,80.000000,,
1,EV_B9_C1,2.000000,80.000000,,
1,EV_B9_C1,1.000000,80.000000,,
1,EV_B9_C1,0.000000,80.000000,,
3,,,,,
3,,,,,
3,,,,,
3,,,,,
3,,,,,
3,,,,,
3,,,,,
3,,,,,
3,,,,,
3,,,,,
3,,,,,
2,EV_B9_C1,,,0.000000,34.418843
1,EV_B9_C1,11.000000,80.000000,,
1,EV_B9_C1,10.000000,80.000000,,
1,EV_B9_C1,9.000000,80.000000,,
1,EV_B9_C1,8.000000,80.000000,,
1,EV_B9_C1,7.000000,80.000000,,
1,EV_B9_C1,6.000000,80.000000,,
1,EV_B9_C1,5.000000,80.000000,,
1,EV_B9_C1,4.000000,80.000000,,
1,EV_B9_C1,3.000000,80.000000,,
1,EV_B9_C1,2.000000,80.000000,,
1,EV_B9_C1,1.000000,80.000000,,
1,EV_B9_C1,0.000000,80.000000,,
3,,,,,
3,,,,,
3,,,,,
3,,,,,
3,,,,,
3,,,,,
3,,,,,
3,,,,,
3,,,,,
3,,,,,
3,,,,,
3,,,,,
2,EV_B9_C1,,,0.000000,36.032238
1,EV_B9_C1,9.000000,80.000000,,
1,EV_B9_C1,8.000000,80.000000,,
1,EV_B9_C1,7.000000,80.000000,,
1,EV_B9_C1,6.000000,80.000000,,
1,EV_B9_C1,5.000000,80.000000,,
1,EV_B9_C1,4.000000,80.000000,,
1,EV_B9_C1,3.000000,80.000000,,
1,EV_B9_C1,2.000000,80.000000,,
1,EV_B9_C1,1.000000,80.000000,,
1,EV_B9_C1,0.000000,80.000000,,
3,,,,,
3,,,,,
3,,,,,
3,,,,,
3,,,,,
3,,,,,
3,,,,,
3,,,,,
3,,,,,
3,,,,,
3,,,,,
3,,,,,
3,,,,,
3,,,,,
3,,,,,
3,,,,,
3,,,,,
3,,,,,
3,,,,,
3,,,,,
3,,,,,
3,,,,,
3,,,,,
3,,,,,
3,,,,,
3,,,,,
3,,,,,
3,,,,,
3,,,,,
3,,,,,
3,,,,,
3,,,,,
3,,,,,
3,,,,,
3,,,,,
3,,,,,
3,,,,,
3,,,,,
2,EV_B9_C1,,,0.000000,42.561029
1,EV_B9_C1,7.000000,80.000000,,
1,EV_B9_C1,6.000000,80.000000,,
1,EV_B9_C1,5.000000,80.000000,,
1,EV_B9_C1,4.000000,80.000000,,
1,EV_B9_C1,3.000000,80.000000,,
1,EV_B9_C1,2.000000,80.000000,,
1,EV_B9_C1,1.000000,80.000000,,
1,EV_B9_C1,0.000000,80.000000,,
3,,,,,
3,,,,,
3,,,,,
3,,,,,
3,,,,,
3,,,,,
3,,,,,
3,,,,,
3,,,,,
3,,,,,
3,,,,,
3,,,,,
3,,,,,
2,EV_B9_C1,,,0.000000,40.896187
1,EV_B9_C1,11.000000,80.000000,,
1,EV_B9_C1,10.000000,80.000000,,
1,EV_B9_C1,9.000000,80.000000,,
1,EV_B9_C1,8.000000,80.000000,,
1,EV_B9_C1,7.000000,80.000000,,
1,EV_B9_C1,6.000000,80.000000,,
1,EV_B9_C1,5.000000,80.000000,,
1,EV_B9_C1,4.000000,80.000000,,
1,EV_B9_C1,3.000000,80.000000,,
1,EV_B9_C1,2.000000,80.000000,,
1,EV_B9_C1,1.000000,80.000000,,
1,EV_B9_C1,0.000000,80.000000,,
3,,,,,
3,,,,,
3,,,,,
3,,,,,
3,,,,,
3,,,,,
3,,,,,
3,,,,,
3,,,,,
3,,,,,
3,,,,,
3,,,,,
2,EV_B9_C1,,,0.000000,43.748680
1,EV_B9_C1,9.000000,80.000000,,
1,EV_B9_C1,8.000000,80.000000,,
1,EV_B9_C1,7.000000,80.000000,,
1,EV_B9_C1,6.000000,80.000000,,
1,EV_B9_C1,5.000000,80.000000,,
1,EV_B9_C1,4.000000,80.000000,,
1,EV_B9_C1,3.000000,80.000000,,
1,EV_B9_C1,2.000000,80.000000,,
1,EV_B9_C1,1.000000,80.000000,,
1,EV_B9_C1,0.000000,80.000000,,
3,,,,,
3,,,,,
3,,,,,
3,,,,,
3,,,,,
3,,,,,
3,,,,,
3,,,,,
3,,,,,
3,,,,,
3,,,,,
3,,,,,
3,,,,,
2,EV_B9_C1,,,0.000000,38.364287
1,EV_B9_C1,9.000000,80.000000,,
1,EV_B9_C1,8.000000,80.000000,,
1,EV_B9_C1,7.000000,80.000000,,
1,EV_B9_C1,6.000000,80.000000,,
1,EV_B9_C1,5.000000,80.000000,,
1,EV_B9_C1,4.000000,80.000000,,
1,EV_B9_C1,3.000000,80.000000,,
1,EV_B9_C1,2.000000,80.000000,,
1,EV_B9_C1,1.000000,80.000000,,
1,EV_B9_C1,0.000000,80.000000,,
3,,,,,
3,,,,,
3,,,,,
3,,,,,
3,,,,,
3,,,,,
3,,,,,
3,,,,,
3,,,,,
3,,,,,
3,,,,,
3,,,,,
3,,,,,
3,,,,,
2,EV_B9_C1,,,0.000000,37.065028
1,EV_B9_C1,9.000000,80.000000,,
1,EV_B9_C1,8.000000,80.000000,,
1,EV_B9_C1,7.000000,80.000000,,
1,EV_B9_C1,6.000000,80.000000,,
1,EV_B9_C1,5.000000,80.000000,,
1,EV_B9_C1,4.000000,80.000000,,
1,EV_B9_C1,3.000000,80.000000,,
1,EV_B9_C1,2.000000,80.000000,,
1,EV_B9_C1,1.000000,80.000000,,
1,EV_B9_C1,0.000000,80.000000,,
3,,,,,
3,,,,,
3,,,,,
3,,,,,
3,,,,,
3,,,,,
3,,,,,
3,,,,,
3,,,,,
3,,,,,
3,,,,,
3,,,,,
2,EV_B9_C1,,,0.000000,34.321993
1,EV_B9_C1,9.000000,80.000000,,
1,EV_B9_C1,8.000000,80.000000,,
1,EV_B9_C1,7.000000,80.000000,,
1,EV_B9_C1,6.000000,80.000000,,
1,EV_B9_C1,5.000000,80.000000,,
1,EV_B9_C1,4.000000,80.000000,,
1,EV_B9_C1,3.000000,80.000000,,
1,EV_B9_C1,2.000000,80.000000,,
1,EV_B9_C1,1.000000,80.000000,,
1,EV_B9_C1,0.000000,80.000000,,
3,,,,,
3,,,,,
3,,,,,
3,,,,,
3,,,,,
3,,,,,
3,,,,,
3,,,,,
3,,,,,
3,,,,,
3,,,,,
3,,,,,
3,,,,,
2,EV_B9_C1,,,0.000000,30.121822
1,EV_B9_C1,9.000000,80.000000,,
1,EV_B9_C1,8.000000,80.000000,,
1,EV_B9_C1,7.000000,80.000000,,
1,EV_B9_C1,6.000000,80.000000,,
1,EV_B9_C1,5.000000,80.000000,,
1,EV_B9_C1,4.000000,80.000000,,
1,EV_B9_C1,3.000000,80.000000,,
1,EV_B9_C1,2.000000,80.000000,,
1,EV_B9_C1,1.000000,80.000000,,
1,EV_B9_C1,0.000000,80.000000,,
3,,,,,
3,,,,,
3,,,,,
3,,,,,
3,,,,,
3,,,,,
3,,,,,
3,,,,,
3,,,,,
3,,,,,
3,,,,,
3,,,,,
3,,,,,
2,EV_B9_C1,,,0.000000,27.457393
1,EV_B9_C1,9.000000,80.000000,,
1,EV_B9_C1,8.000000,80.000000,,
1,EV_B9_C1,7.000000,80.000000,,
1,EV_B9_C1,6.000000,80.000000,,
1,EV_B9_C1,5.000000,80.000000,,
1,EV_B9_C1,4.000000,80.000000,,
1,EV_B9_C1,3.000000,80.000000,,
1,EV_B9_C1,2.000000,80.000000,,
1,EV_B9_C1,1.000000,80.000000,,
1,EV_B9_C1,0.000000,80.000000,,
3,,,,,
3,,,,,
3,,,,,
3,,,,,
3,,,,,
3,,,,,
3,,,,,
3,,,,,
3,,,,,
3,,,,,
3,,,,,
3,,,,,
3,,,,,
3,,,,,
2,EV_B9_C1,,,0.000000,29.425011
1,EV_B9_C1,8.000000,80.000000,,
1,EV_B9_C1,7.000000,80.000000,,
1,EV_B9_C1,6.000000,80.000000,,
1,EV_B9_C1,5.000000,80.000000,,
1,EV_B9_C1,4.000000,80.000000,,
1,EV_B9_C1,3.000000,80.000000,,
1,EV_B9_C1,2.000000,80.000000,,
1,EV_B9_C1,1.000000,80.000000,,
1,EV_B9_C1,0.000000,80.000000,,
3,,,,,
3,,,,,
3,,,,,
3,,,,,
3,,,,,
3,,,,,
3,,,,,
3,,,,,
3,,,,,
3,,,,,
3,,,,,
3,,,,,
3,,,,,
2,EV_B9_C1,,,0.000000,41.941019
1,EV_B9_C1,10.000000,80.000000,,
1,EV_B9_C1,9.000000,80.000000,,
1,EV_B9_C1,8.000000,80.000000,,
1,EV_B9_C1,7.000000,80.000000,,
1,EV_B9_C1,6.000000,80.000000,,
1,EV_B9_C1,5.000000,80.000000,,
1,EV_B9_C1,4.000000,80.000000,,
1,EV_B9_C1,3.000000,80.000000,,
1,EV_B9_C1,2.000000,80.000000,,
1,EV_B9_C1,1.000000,80.000000,,
1,EV_B9_C1,0.000000,80.000000,,
3,,,,,
3,,,,,
3,,,,,
3,,,,,
3,,,,,
3,,,,,
3,,,,,
3,,,,,
3,,,,,
3,,,,,
3,,,,,
3,,,,,
3,,,,,
3,,,,,
3,,,,,
2,EV_B9_C1,,,0.000000,40.655351
1,EV_B9_C1,6.000000,80.000000,,
1,EV_B9_C1,5.000000,80.000000,,
1,EV_B9_C1,4.000000,80.000000,,
1,EV_B9_C1,3.000000,80.000000,,
1,EV_B9_C1,2.000000,80.000000,,
1,EV_B9_C1,1.000000,80.000000,,
1,EV_B9_C1,0.000000,80.000000,,
3,,,,,
3,,,,,
3,,,,,
3,,,,,
3,,,,,
3,,,,,
3,,,,,
3,,,,,
3,,,,,
3,,,,,
3,,,,,
3,,,,,
3,,,,,
3,,,,,
3,,,,,
2,EV_B9_C1,,,0.000000,27.659616
1,EV_B9_C1,7.000000,80.000000,,
1,EV_B9_C1,6.000000,80.000000,,
1,EV_B9_C1,5.000000,80.000000,,
1,EV_B9_C1,4.000000,80.000000,,
1,EV_B9_C1,3.000000,80.000000,,
1,EV_B9_C1,2.000000,80.000000,,
1,EV_B9_C1,1.000000,80.000000,,
1,EV_B9_C1,0.000000,80.000000,,
3,,,,,
3,,,,,
3,,,,,
3,,,,,
3,,,,,
3,,,,,
3,,,,,
3,,,,,
3,,,,,
3,,,,,
3,,,,,
3,,,,,
3,,,,,
2,EV_B9_C1,,,0.000000,41.991595
1,EV_B9_C1,10.000000,80.000000,,
1,EV_B9_C1,9.000000,80.000000,,
1,EV_B9_C1,8.000000,80.000000,,
1,EV_B9_C1,7.000000,80.000000,,
1,EV_B9_C1,6.000000,80.000000,,
1,EV_B9_C1,5.000000,80.000000,,
1,EV_B9_C1,4.000000,80.000000,,
1,EV_B9_C1,3.000000,80.000000,,
1,EV_B9_C1,2.000000,80.000000,,
1,EV_B9_C1,1.000000,80.000000,,
1,EV_B9_C1,0.000000,80.000000,,
3,,,,,
3,,,,,
3,,,,,
3,,,,,
3,,,,,
3,,,,,
3,,,,,
3,,,,,
3,,,,,
3,,,,,
3,,,,,
3,,,,,
2,EV_B9_C1,,,0.000000,32.998918
1,EV_B9_C1,9.000000,80.000000,,
1,EV_B9_C1,8.000000,80.000000,,
1,EV_B9_C1,7.000000,80.000000,,
1,EV_B9_C1,6.000000,80.000000,,
1,EV_B9_C1,5.000000,80.000000,,
1,EV_B9_C1,4.000000,80.000000,,
1,EV_B9_C1,3.000000,80.000000,,
1,EV_B9_C1,2.000000,80.000000,,
1,EV_B9_C1,1.000000,80.000000,,
1,EV_B9_C1,0.000000,80.000000,,
3,,,,,
3,,,,,
3,,,,,
3,,,,,
3,,,,,
3,,,,,
3,,,,,
3,,,,,
3,,,,,
3,,,,,
3,,,,,
3,,,,,
2,EV_B9_C1,,,0.000000,38.249764
1,EV_B9_C1,10.000000,80.000000,,
1,EV_B9_C1,9.000000,80.000000,,
1,EV_B9_C1,8.000000,80.000000,,
1,EV_B9_C1,7.000000,80.000000,,
1,EV_B9_C1,6.000000,80.000000,,
1,EV_B9_C1,5.000000,80.000000,,
1,EV_B9_C1,4.000000,80.000000,,
1,EV_B9_C1,3.000000,80.000000,,
1,EV_B9_C1,2.000000,80.000000,,
1,EV_B9_C1,1.000000,80.000000,,
1,EV_B9_C1,0.000000,80.000000,,
3,,,,,
3,,,,,
3,,,,,
3,,,,,
3,,,,,
3,,,,,
3,,,,,
3,,,,,
3,,,,,
3,,,,,
3,,,,,
3,,,,,
3,,,,,
3,,,,,
2,EV_B9_C1,,,0.000000,37.663468
1,EV_B9_C1,9.000000,80.000000,,
1,EV_B9_C1,8.000000,80.000000,,
1,EV_B9_C1,7.000000,80.000000,,
1,EV_B9_C1,6.000000,80.000000,,
1,EV_B9_C1,5.000000,80.000000,,
1,EV_B9_C1,4.000000,80.000000,,
1,EV_B9_C1,3.000000,80.000000,,
1,EV_B9_C1,2.000000,80.000000,,
1,EV_B9_C1,1.000000,80.000000,,
1,EV_B9_C1,0.000000,80.000000,,
3,,,,,
3,,,,,
3,,,,,
3,,,,,
3,,,,,
3,,,,,
3,,,,,
3,,,,,
3,,,,,
3,,,,,
3,,,,,
3,,,,,
3,,,,,
2,EV_B9_C1,,,0.000000,42.726900
1,EV_B9_C1,9.000000,80.000000,,
1,EV_B9_C1,8.000000,80.000000,,
1,EV_B9_C1,7.000000,80.000000,,
1,EV_B9_C1,6.000000,80.000000,,
1,EV_B9_C1,5.000000,80.000000,,
1,EV_B9_C1,4.000000,80.000000,,
1,EV_B9_C1,3.000000,80.000000,,
1,EV_B9_C1,2.000000,80.000000,,
1,EV_B9_C1,1.000000,80.000000,,
1,EV_B9_C1,0.000000,80.000000,,
3,,,,,
3,,,,,
3,,,,,
3,,,,,
3,,,,,
3,,,,,
3,,,,,
3,,,,,
3,,,,,
3,,,,,
3,,,,,
3,,,,,
3,,,,,
3,,,,,
2,EV_B9_C1,,,0.000000,25.174705
1,EV_B9_C1,8.000000,80.000000,,
1,EV_B9_C1,7.000000,80.000000,,
1,EV_B9_C1,6.000000,80.000000,,
1,EV_B9_C1,5.000000,80.000000,,
1,EV_B9_C1,4.000000,80.000000,,
1,EV_B9_C1,3.000000,80.000000,,
1,EV_B9_C1,2.000000,80.000000,,
1,EV_B9_C1,1.000000,80.000000,,
1,EV_B9_C1,0.000000,80.000000,,
3,,,,,
3,,,,,
3,,,,,
3,,,,,
3,,,,,
3,,,,,
3,,,,,
3,,,,,
3,,,,,
3,,,,,
3,,,,,
3,,,,,
2,EV_B9_C1,,,0.000000,35.650516
1,EV_B9_C1,9.000000,80.000000,,
1,EV_B9_C1,8.000000,80.000000,,
1,EV_B9_C1,7.000000,80.000000,,
1,EV_B9_C1,6.000000,80.000000,,
1,EV_B9_C1,5.000000,80.000000,,
1,EV_B9_C1,4.000000,80.000000,,
1,EV_B9_C1,3.000000,80.000000,,
1,EV_B9_C1,2.000000,80.000000,,
1,EV_B9_C1,1.000000,80.000000,,
1,EV_B9_C1,0.000000,80.000000,,
3,,,,,
3,,,,,
3,,,,,
3,,,,,
3,,,,,
3,,,,,
3,,,,,
3,,,,,
3,,,,,
3,,,,,
3,,,,,
3,,,,,
2,EV_B9_C1,,,0.000000,36.377241
1,EV_B9_C1,10.000000,80.000000,,
1,EV_B9_C1,9.000000,80.000000,,
1,EV_B9_C1,8.000000,80.000000,,
1,EV_B9_C1,7.000000,80.000000,,
1,EV_B9_C1,6.000000,80.000000,,
1,EV_B9_C1,5.000000,80.000000,,
1,EV_B9_C1,4.000000,80.000000,,
1,EV_B9_C1,3.000000,80.000000,,
1,EV_B9_C1,2.000000,80.000000,,
1,EV_B9_C1,1.000000,80.000000,,
1,EV_B9_C1,0.000000,80.000000,,
3,,,,,
3,,,,,
3,,,,,
3,,,,,
3,,,,,
3,,,,,
3,,,,,
3,,,,,
3,,,,,
3,,,,,
3,,,,,
3,,,,,
3,,,,,
3,,,,,
2,EV_B9_C1,,,0.000000,31.151052
1,EV_B9_C1,9.000000,80.000000,,
1,EV_B9_C1,8.000000,80.000000,,
1,EV_B9_C1,7.000000,80.000000,,
1,EV_B9_C1,6.000000,80.000000,,
1,EV_B9_C1,5.000000,80.000000,,
1,EV_B9_C1,4.000000,80.000000,,
1,EV_B9_C1,3.000000,80.000000,,
1,EV_B9_C1,2.000000,80.000000,,
1,EV_B9_C1,1.000000,80.000000,,
1,EV_B9_C1,0.000000,80.000000,,
3,,,,,
3,,,,,
3,,,,,
3,,,,,
3,,,,,
3,,,,,
3,,,,,
3,,,,,
3,,,,,
3,,,,,
3,,,,,
3,,,,,
3,,,,,
3,,,,,
3,,,,,
3,,,,,
3,,,,,
3,,,,,
3,,,,,
3,,,,,
3,,,,,
3,,,,,
3,,,,,
3,,,,,
3,,,,,
3,,,,,
3,,,,,
3,,,,,
3,,,,,
3,,,,,
3,,,,,
3,,,,,
3,,,,,
3,,,,,
3,,,,,
3,,,,,
3,,,,,
2,EV_B9_C1,,,0.000000,34.997083
1,EV_B9_C1,8.000000,80.000000,,
1,EV_B9_C1,7.000000,80.000000,,
1,EV_B9_C1,6.000000,80.000000,,
1,EV_B9_C1,5.000000,80.000000,,
1,EV_B9_C1,4.000000,80.000000,,
1,EV_B9_C1,3.000000,80.000000,,
1,EV_B9_C1,2.000000,80.000000,,
1,EV_B9_C1,1.000000,80.000000,,
1,EV_B9_C1,0.000000,80.000000,,
3,,,,,
3,,,,,
3,,,,,
3,,,,,
3,,,,,
3,,,,,
3,,,,,
3,,,,,
3,,,,,
3,,,,,
3,,,,,
3,,,,,
3,,,,,
3,,,,,
2,EV_B9_C1,,,0.000000,33.413353
1,EV_B9_C1,8.000000,80.000000,,
1,EV_B9_C1,7.000000,80.000000,,
1,EV_B9_C1,6.000000,80.000000,,
1,EV_B9_C1,5.000000,80.000000,,
1,EV_B9_C1,4.000000,80.000000,,
1,EV_B9_C1,3.000000,80.000000,,
1,EV_B9_C1,2.000000,80.000000,,
1,EV_B9_C1,1.000000,80.000000,,
1,EV_B9_C1,0.000000,80.000000,,
3,,,,,
3,,,,,
3,,,,,
3,,,,,
3,,,,,
3,,,,,
3,,,,,
3,,,,,
3,,,,,
3,,,,,
3,,,,,
3,,,,,
2,EV_B9_C1,,,0.000000,42.074157
1,EV_B9_C1,9.000000,80.000000,,
1,EV_B9_C1,8.000000,80.000000,,
1,EV_B9_C1,7.000000,80.000000,,
1,EV_B9_C1,6.000000,80.000000,,
1,EV_B9_C1,5.000000,80.000000,,
1,EV_B9_C1,4.000000,80.000000,,
1,EV_B9_C1,3.000000,80.000000,,
1,EV_B9_C1,2.000000,80.000000,,
1,EV_B9_C1,1.000000,80.000000,,
1,EV_B9_C1,0.000000,80.000000,,
3,,,,,
3,,,,,
3,,,,,
3,,,,,
3,,,,,
3,,,,,
3,,,,,
3,,,,,
3,,,,,
3,,,,,
3,,,,,
3,,,,,
3,,,,,
3,,,,,
3,,,,,
2,EV_B9_C1,,,0.000000,35.037353
1,EV_B9_C1,8.000000,80.000000,,
1,EV_B9_C1,7.000000,80.000000,,
1,EV_B9_C1,6.000000,80.000000,,
1,EV_B9_C1,5.000000,80.000000,,
1,EV_B9_C1,4.000000,80.000000,,
1,EV_B9_C1,3.000000,80.000000,,
1,EV_B9_C1,2.000000,80.000000,,
1,EV_B9_C1,1.000000,80.000000,,
1,EV_B9_C1,0.000000,80.000000,,
3,,,,,
3,,,,,
3,,,,,
3,,,,,
3,,,,,
3,,,,,
3,,,,,
3,,,,,
3,,,,,
3,,,,,
3,,,,,
3,,,,,
3,,,,,
2,EV_B9_C1,,,0.000000,38.476309
1,EV_B9_C1,9.000000,80.000000,,
1,EV_B9_C1,8.000000,80.000000,,
1,EV_B9_C1,7.000000,80.000000,,
1,EV_B9_C1,6.000000,80.000000,,
1,EV_B9_C1,5.000000,80.000000,,
1,EV_B9_C1,4.000000,80.000000,,
1,EV_B9_C1,3.000000,80.000000,,
1,EV_B9_C1,2.000000,80.000000,,
1,EV_B9_C1,1.000000,80.000000,,
1,EV_B9_C1,0.000000,80.000000,,
3,,,,,
3,,,,,
3,,,,,
3,,,,,
3,,,,,
3,,,,,
3,,,,,
3,,,,,
3,,,,,
3,,,,,
3,,,,,
3,,,,,
3,,,,,
3,,,,,
2,EV_B9_C1,,,0.000000,25.997024
1,EV_B9_C1,8.000000,80.000000,,
1,EV_B9_C1,7.000000,80.000000,,
1,EV_B9_C1,6.000000,80.000000,,
1,EV_B9_C1,5.000000,80.000000,,
1,EV_B9_C1,4.000000,80.000000,,
1,EV_B9_C1,3.000000,80.000000,,
1,EV_B9_C1,2.000000,80.000000,,
1,EV_B9_C1,1.000000,80.000000,,
1,EV_B9_C1,0.000000,80.000000,,
3,,,,,
3,,,,,
3,,,,,
3,,,,,
3,,,,,
3,,,,,
3,,,,,
3,,,,,
3,,,,,
3,,,,,
3,,,,,
3,,,,,
2,EV_B9_C1,,,0.000000,29.193877
1,EV_B9_C1,11.000000,80.000000,,
1,EV_B9_C1,10.000000,80.000000,,
1,EV_B9_C1,9.000000,80.000000,,
1,EV_B9_C1,8.000000,80.000000,,
1,EV_B9_C1,7.000000,80.000000,,
1,EV_B9_C1,6.000000,80.000000,,
1,EV_B9_C1,5.000000,80.000000,,
1,EV_B9_C1,4.000000,80.000000,,
1,EV_B9_C1,3.000000,80.000000,,
1,EV_B9_C1,2.000000,80.000000,,
1,EV_B9_C1,1.000000,80.000000,,
1,EV_B9_C1,0.000000,80.000000,,
3,,,,,
3,,,,,
3,,,,,
3,,,,,
3,,,,,
3,,,,,
3,,,,,
3,,,,,
3,,,,,
3,,,,,
3,,,,,
3,,,,,
3,,,,,
3,,,,,
2,EV_B9_C1,,,0.000000,27.637967
1,EV_B9_C1,7.000000,80.000000,,
1,EV_B9_C1,6.000000,80.000000,,
1,EV_B9_C1,5.000000,80.000000,,
1,EV_B9_C1,4.000000,80.000000,,
1,EV_B9_C1,3.000000,80.000000,,
1,EV_B9_C1,2.000000,80.000000,,
1,EV_B9_C1,1.000000,80.000000,,
1,EV_B9_C1,0.000000,80.000000,,
3,,,,,
3,,,,,
3,,,,,
3,,,,,
3,,,,,
3,,,,,
3,,,,,
3,,,,,
3,,,,,
3,,,,,
3,,,,,
3,,,,,
3,,,,,
2,EV_B9_C1,,,0.000000,27.549986
1,EV_B9_C1,9.000000,80.000000,,
1,EV_B9_C1,8.000000,80.000000,,
1,EV_B9_C1,7.000000,80.000000,,
1,EV_B9_C1,6.000000,80.000000,,
1,EV_B9_C1,5.000000,80.000000,,
1,EV_B9_C1,4.000000,80.000000,,
1,EV_B9_C1,3.000000,80.000000,,
1,EV_B9_C1,2.000000,80.000000,,
1,EV_B9_C1,1.000000,80.000000,,
1,EV_B9_C1,0.000000,80.000000,,
3,,,,,
3,,,,,
3,,,,,
3,,,,,
3,,,,,
3,,,,,
3,,,,,
3,,,,,
3,,,,,
3,,,,,
3,,,,,
3,,,,,
3,,,,,
3,,,,,
3,,,,,
2,EV_B9_C1,,,0.000000,28.100812
1,EV_B9_C1,7.000000,80.000000,,
1,EV_B9_C1,6.000000,80.000000,,
1,EV_B9_C1,5.000000,80.000000,,
1,EV_B9_C1,4.000000,80.000000,,
1,EV_B9_C1,3.000000,80.000000,,
1,EV_B9_C1,2.000000,80.000000,,
1,EV_B9_C1,1.000000,80.000000,,
1,EV_B9_C1,0.000000,80.000000,,
3,,,,,
3,,,,,
3,,,,,
3,,,,,
3,,,,,
3,,,,,
3,,,,,
3,,,,,
3,,,,,
3,,,,,
3,,,,,
3,,,,,
3,,,,,
3,,,,,
2,EV_B9_C1,,,0.000000,39.834190
1,EV_B9_C1,9.000000,80.000000,,
1,EV_B9_C1,8.000000,80.000000,,
1,EV_B9_C1,7.000000,80.000000,,
1,EV_B9_C1,6.000000,80.000000,,
1,EV_B9_C1,5.000000,80.000000,,
1,EV_B9_C1,4.000000,80.000000,,
1,EV_B9_C1,3.000000,80.000000,,
1,EV_B9_C1,2.000000,80.000000,,
1,EV_B9_C1,1.000000,80.000000,,
1,EV_B9_C1,0.000000,80.000000,,
3,,,,,
3,,,,,
3,,,,,
3,,,,,
3,,,,,
3,,,,,
3,,,,,
3,,,,,
3,,,,,
3,,,,,
3,,,,,
3,,,,,
2,EV_B9_C1,,,0.000000,42.706396
1,EV_B9_C1,9.000000,80.000000,,
1,EV_B9_C1,8.000000,80.000000,,
1,EV_B9_C1,7.000000,80.000000,,
1,EV_B9_C1,6.000000,80.000000,,
1,EV_B9_C1,5.000000,80.000000,,
1,EV_B9_C1,4.000000,80.000000,,
1,EV_B9_C1,3.000000,80.000000,,
1,EV_B9_C1,2.000000,80.000000,,
1,EV_B9_C1,1.000000,80.000000,,
1,EV_B9_C1,0.000000,80.000000,,
3,,,,,
3,,,,,
3,,,,,
3,,,,,
3,,,,,
3,,,,,
3,,,,,
3,,,,,
3,,,,,
3,,,,,
3,,,,,
3,,,,,
3,,,,,
2,EV_B9_C1,,,0.000000,33.805101
1,EV_B9_C1,10.000000,80.000000,,
1,EV_B9_C1,9.000000,80.000000,,
1,EV_B9_C1,8.000000,80.000000,,
1,EV_B9_C1,7.000000,80.000000,,
1,EV_B9_C1,6.000000,80.000000,,
1,EV_B9_C1,5.000000,80.000000,,
1,EV_B9_C1,4.000000,80.000000,,
1,EV_B9_C1,3.000000,80.000000,,
1,EV_B9_C1,2.000000,80.000000,,
1,EV_B9_C1,1.000000,80.000000,,
1,EV_B9_C1,0.000000,80.000000,,
3,,,,,
3,,,,,
3,,,,,
3,,,,,
3,,,,,
3,,,,,
3,,,,,
3,,,,,
3,,,,,
3,,,,,
3,,,,,
3,,,,,
3,,,,,
2,EV_B9_C1,,,0.000000,30.452625
1,EV_B9_C1,8.000000,80.000000,,
1,EV_B9_C1,7.000000,80.000000,,
1,EV_B9_C1,6.000000,80.000000,,
1,EV_B9_C1,5.000000,80.000000,,
1,EV_B9_C1,4.000000,80.000000,,
1,EV_B9_C1,3.000000,80.000000,,
1,EV_B9_C1,2.000000,80.000000,,
1,EV_B9_C1,1.000000,80.000000,,
1,EV_B9_C1,0.000000,80.000000,,
3,,,,,
3,,,,,
3,,,,,
3,,,,,
3,,,,,
3,,,,,
3,,,,,
3,,,,,
3,,,,,
3,,,,,
3,,,,,
3,,,,,
3,,,,,
2,EV_B9_C1,,,0.000000,29.768841
1,EV_B9_C1,10.000000,80.000000,,
1,EV_B9_C1,9.000000,80.000000,,
1,EV_B9_C1,8.000000,80.000000,,
1,EV_B9_C1,7.000000,80.000000,,
1,EV_B9_C1,6.000000,80.000000,,
1,EV_B9_C1,5.000000,80.000000,,
1,EV_B9_C1,4.000000,80.000000,,
1,EV_B9_C1,3.000000,80.000000,,
1,EV_B9_C1,2.000000,80.000000,,
1,EV_B9_C1,1.000000,80.000000,,
1,EV_B9_C1,0.000000,80.000000,,
3,,,,,
3,,,,,
3,,,,,
3,,,,,
3,,,,,
3,,,,,
3,,,,,
3,,,,,
3,,,,,
3,,,,,
3,,,,,
3,,,,,
2,EV_B9_C1,,,0.000000,28.656871
1,EV_B9_C1,10.000000,80.000000,,
1,EV_B9_C1,9.000000,80.000000,,
1,EV_B9_C1,8.000000,80.000000,,
1,EV_B9_C1,7.000000,80.000000,,
1,EV_B9_C1,6.000000,80.000000,,
1,EV_B9_C1,5.000000,80.000000,,
1,EV_B9_C1,4.000000,80.000000,,
1,EV_B9_C1,3.000000,80.000000,,
1,EV_B9_C1,2.000000,80.000000,,
1,EV_B9_C1,1.000000,80.000000,,
1,EV_B9_C1,0.000000,80.000000,,
3,,,,,
3,,,,,
3,,,,,
3,,,,,
3,,,,,
3,,,,,
3,,,,,
3,,,,,
3,,,,,
3,,,,,
3,,,,,
2,EV_B9_C1,,,0.000000,35.949957
1,EV_B9_C1,10.000000,80.000000,,
1,EV_B9_C1,9.000000,80.000000,,
1,EV_B9_C1,8.000000,80.000000,,
1,EV_B9_C1,7.000000,80.000000,,
1,EV_B9_C1,6.000000,80.000000,,
1,EV_B9_C1,5.000000,80.000000,,
1,EV_B9_C1,4.000000,80.000000,,
1,EV_B9_C1,3.000000,80.000000,,
1,EV_B9_C1,2.000000,80.000000,,
1,EV_B9_C1,1.000000,80.000000,,
1,EV_B9_C1,0.000000,80.000000,,
3,,,,,
3,,,,,
3,,,,,
3,,,,,
3,,,,,
3,,,,,
3,,,,,
3,,,,,
3,,,,,
3,,,,,
3,,,,,
3,,,,,
3,,,,,
3,,,,,
3,,,,,
2,EV_B9_C1,,,0.000000,32.345586
1,EV_B9_C1,7.000000,80.000000,,
1,EV_B9_C1,6.000000,80.000000,,
1,EV_B9_C1,5.000000,80.000000,,
1,EV_B9_C1,4.000000,80.000000,,
1,EV_B9_C1,3.000000,80.000000,,
1,EV_B9_C1,2.000000,80.000000,,
1,EV_B9_C1,1.000000,80.000000,,
1,EV_B9_C1,0.000000,80.000000,,
3,,,,,
3,,,,,
3,,,,,
3,,,,,
3,,,,,
3,,,,,
3,,,,,
3,,,,,
3,,,,,
3,,,,,
3,,,,,
3,,,,,
3,,,,,
2,EV_B9_C1,,,0.000000,44.949477
1,EV_B9_C1,10.000000,80.000000,,
1,EV_B9_C1,9.000000,80.000000,,
1,EV_B9_C1,8.000000,80.000000,,
1,EV_B9_C1,7.000000,80.000000,,
1,EV_B9_C1,6.000000,80.000000,,
1,EV_B9_C1,5.000000,80.000000,,
1,EV_B9_C1,4.000000,80.000000,,
1,EV_B9_C1,3.000000,80.000000,,
1,EV_B9_C1,2.000000,80.000000,,
1,EV_B9_C1,1.000000,80.000000,,
1,EV_B9_C1,0.000000,80.000000,,
3,,,,,
3,,,,,
3,,,,,
3,,,,,
3,,,,,
3,,,,,
3,,,,,
3,,,,,
3,,,,,
3,,,,,
3,,,,,
3,,,,,
2,EV_B9_C1,,,0.000000,36.374149
1,EV_B9_C1,9.000000,80.000000,,
1,EV_B9_C1,8.000000,80.000000,,
1,EV_B9_C1,7.000000,80.000000,,
1,EV_B9_C1,6.000000,80.000000,,
1,EV_B9_C1,5.000000,80.000000,,
1,EV_B9_C1,4.000000,80.000000,,
1,EV_B9_C1,3.000000,80.000000,,
1,EV_B9_C1,2.000000,80.000000,,
1,EV_B9_C1,1.000000,80.000000,,
1,EV_B9_C1,0.000000,80.000000,,
3,,,,,
3,,,,,
3,,,,,
3,,,,,
3,,,,,
3,,,,,
3,,,,,
3,,,,,
3,,,,,
3,,,,,
3,,,,,
3,,,,,
3,,,,,
2,EV_B9_C1,,,0.000000,43.106186
1,EV_B9_C1,9.000000,80.000000,,
1,EV_B9_C1,8.000000,80.000000,,
1,EV_B9_C1,7.000000,80.000000,,
1,EV_B9_C1,6.000000,80.000000,,
1,EV_B9_C1,5.000000,80.000000,,
1,EV_B9_C1,4.000000,80.000000,,
1,EV_B9_C1,3.000000,80.000000,,
1,EV_B9_C1,2.000000,80.000000,,
1,EV_B9_C1,1.000000,80.000000,,
1,EV_B9_C1,0.000000,80.000000,,
3,,,,,
3,,,,,
3,,,,,
3,,,,,
3,,,,,
3,,,,,
3,,,,,
3,,,,,
3,,,,,
3,,,,,
3,,,,,
3,,,,,
3,,,,,
2,EV_B9_C1,,,0.000000,33.446915
1,EV_B9_C1,9.000000,80.000000,,
1,EV_B9_C1,8.000000,80.000000,,
1,EV_B9_C1,7.000000,80.000000,,
1,EV_B9_C1,6.000000,80.000000,,
1,EV_B9_C1,5.000000,80.000000,,
1,EV_B9_C1,4.000000,80.000000,,
1,EV_B9_C1,3.000000,80.000000,,
1,EV_B9_C1,2.000000,80.000000,,
1,EV_B9_C1,1.000000,80.000000,,
1,EV_B9_C1,0.000000,80.000000,,
3,,,,,
3,,,,,
3,,,,,
3,,,,,
3,,,,,
3,,,,,
3,,,,,
3,,,,,
3,,,,,
3,,,,,
3,,,,,
3,,,,,
3,,,,,
3,,,,,
2,EV_B9_C1,,,0.000000,41.619463
1,EV_B9_C1,9.000000,80.000000,,
1,EV_B9_C1,8.000000,80.000000,,
1,EV_B9_C1,7.000000,80.000000,,
1,EV_B9_C1,6.000000,80.000000,,
1,EV_B9_C1,5.000000,80.000000,,
1,EV_B9_C1,4.000000,80.000000,,
1,EV_B9_C1,3.000000,80.000000,,
1,EV_B9_C1,2.000000,80.000000,,
1,EV_B9_C1,1.000000,80.000000,,
1,EV_B9_C1,0.000000,80.000000,,
3,,,,,
3,,,,,
3,,,,,
3,,,,,
3,,,,,
3,,,,,
3,,,,,
3,,,,,
3,,,,,
3,,,,,
3,,,,,
3,,,,,
2,EV_B9_C1,,,0.000000,28.190701
1,EV_B9_C1,9.000000,80.000000,,
1,EV_B9_C1,8.000000,80.000000,,
1,EV_B9_C1,7.000000,80.000000,,
1,EV_B9_C1,6.000000,80.000000,,
1,EV_B9_C1,5.000000,80.000000,,
1,EV_B9_C1,4.000000,80.000000,,
1,EV_B9_C1,3.000000,80.000000,,
1,EV_B9_C1,2.000000,80.000000,,
1,EV_B9_C1,1.000000,80.000000,,
1,EV_B9_C1,0.000000,80.000000,,
3,,,,,
3,,,,,
3,,,,,
3,,,,,
3,,,,,
3,,,,,
3,,,,,
3,,,,,
3,,,,,
3,,,,,
3,,,,,
3,,,,,
3,,,,,
2,EV_B9_C1,,,0.000000,34.463869
1,EV_B9_C1,10.000000,80.000000,,
1,EV_B9_C1,9.000000,80.000000,,
1,EV_B9_C1,8.000000,80.000000,,
1,EV_B9_C1,7.000000,80.000000,,
1,EV_B9_C1,6.000000,80.000000,,
1,EV_B9_C1,5.000000,80.000000,,
1,EV_B9_C1,4.000000,80.000000,,
1,EV_B9_C1,3.000000,80.000000,,
1,EV_B9_C1,2.000000,80.000000,,
1,EV_B9_C1,1.000000,80.000000,,
1,EV_B9_C1,0.000000,80.000000,,
3,,,,,
3,,,,,
3,,,,,
3,,,,,
3,,,,,
3,,,,,
3,,,,,
3,,,,,
3,,,,,
3,,,,,
3,,,,,
3,,,,,
3,,,,,
3,,,,,
3,,,,,
3,,,,,
3,,,,,
3,,,,,
3,,,,,
3,,,,,
3,,,,,
3,,,,,
3,,,,,
3,,,,,
3,,,,,
3,,,,,
3,,,,,
3,,,,,
3,,,,,
3,,,,,
3,,,,,
3,,,,,
3,,,,,
3,,,,,
3,,,,,
3,,,,,
3,,,,,
3,,,,,
3,,,,,
3,,,,,
3,,,,,
3,,,,,
3,,,,,
3,,,,,
3,,,,,
3,,,,,
3,,,,,
3,,,,,
3,,,,,
3,,,,,
3,,,,,
3,,,,,
3,,,,,
3,,,,,
3,,,,,
3,,,,,
3,,,,,
3,,,,,
3,,,,,
3,,,,,
2,EV_B9_C1,,,0.000000,30.245486
1,EV_B9_C1,10.000000,80.000000,,
1,EV_B9_C1,9.000000,80.000000,,
1,EV_B9_C1,8.000000,80.000000,,
1,EV_B9_C1,7.000000,80.000000,,
1,EV_B9_C1,6.000000,80.000000,,
1,EV_B9_C1,5.000000,80.000000,,
1,EV_B9_C1,4.000000,80.000000,,
1,EV_B9_C1,3.000000,80.000000,,
1,EV_B9_C1,2.000000,80.000000,,
1,EV_B9_C1,1.000000,80.000000,,
1,EV_B9_C1,0.000000,80.000000,,
3,,,,,
3,,,,,
3,,,,,
3,,,,,
3,,,,,
3,,,,,
3,,,,,
3,,,,,
3,,,,,
3,,,,,
3,,,,,
3,,,,,
3,,,,,
3,,,,,
3,,,,,
2,EV_B9_C1,,,0.000000,42.195345
1,EV_B9_C1,7.000000,80.000000,,
1,EV_B9_C1,6.000000,80.000000,,
1,EV_B9_C1,5.000000,80.000000,,
1,EV_B9_C1,4.000000,80.000000,,
1,EV_B9_C1,3.000000,80.000000,,
1,EV_B9_C1,2.000000,80.000000,,
1,EV_B9_C1,1.000000,80.000000,,
1,EV_B9_C1,0.000000,80.000000,,
3,,,,,
3,,,,,
3,,,,,
3,,,,,
3,,,,,
3,,,,,
3,,,,,
3,,,,,
3,,,,,
3,,,,,
3,,,,,
3,,,,,
3,,,,,
3,,,,,
2,EV_B9_C1,,,0.000000,30.539391
1,EV_B9_C1,8.000000,80.000000,,
1,EV_B9_C1,7.000000,80.000000,,
1,EV_B9_C1,6.000000,80.000000,,
1,EV_B9_C1,5.000000,80.000000,,
1,EV_B9_C1,4.000000,80.000000,,
1,EV_B9_C1,3.000000,80.000000,,
1,EV_B9_C1,2.000000,80.000000,,
1,EV_B9_C1,1.000000,80.000000,,
1,EV_B9_C1,0.000000,80.000000,,
3,,,,,
3,,,,,
3,,,,,
3,,,,,
3,,,,,
3,,,,,
3,,,,,
3,,,,,
3,,,,,
3,,,,,
3,,,,,
3,,,,,
3,,,,,
2,EV_B9_C1,,,0.000000,26.902327
1,EV_B9_C1,9.000000,80.000000,,
1,EV_B9_C1,8.000000,80.000000,,
1,EV_B9_C1,7.000000,80.000000,,
1,EV_B9_C1,6.000000,80.000000,,
1,EV_B9_C1,5.000000,80.000000,,
1,EV_B9_C1,4.000000,80.000000,,
1,EV_B9_C1,3.000000,80.000000,,
1,EV_B9_C1,2.000000,80.000000,,
1,EV_B9_C1,1.000000,80.000000,,
1,EV_B9_C1,0.000000,80.000000,,
3,,,,,
3,,,,,
3,,,,,
3,,,,,
3,,,,,
3,,,,,
3,,,,,
3,,,,,
3,,,,,
3,,,,,
3,,,,,
3,,,,,
2,EV_B9_C1,,,0.000000,38.177166
1,EV_B9_C1,10.000000,80.000000,,
1,EV_B9_C1,9.000000,80.000000,,
1,EV_B9_C1,8.000000,80.000000,,
1,EV_B9_C1,7.000000,80.000000,,
1,EV_B9_C1,6.000000,80.000000,,
1,EV_B9_C1,5.000000,80.000000,,
1,EV_B9_C1,4.000000,80.000000,,
1,EV_B9_C1,3.000000,80.000000,,
1,EV_B9_C1,2.000000,80.000000,,
1,EV_B9_C1,1.000000,80.000000,,
1,EV_B9_C1,0.000000,80.000000,,
3,,,,,
3,,,,,
3,,,,,
3,,,,,
3,,,,,
3,,,,,
3,,,,,
3,,,,,
3,,,,,
3,,,,,
3,,,,,
3,,,,,
3,,,,,
3,,,,,
2,EV_B9_C1,,,0.000000,31.114965
1,EV_B9_C1,8.000000,80.000000,,
1,EV_B9_C1,7.000000,80.000000,,
1,EV_B9_C1,6.000000,80.000000,,
1,EV_B9_C1,5.000000,80.000000,,
1,EV_B9_C1,4.000000,80.000000,,
1,EV_B9_C1,3.000000,80.000000,,
1,EV_B9_C1,2.000000,80.000000,,
1,EV_B9_C1,1.000000,80.000000,,
1,EV_B9_C1,0.000000,80.000000,,
3,,,,,
3,,,,,
3,,,,,
3,,,,,
3,,,,,
3,,,,,
3,,,,,
3,,,,,
3,,,,,
3,,,,,
3,,,,,
3,,,,,
3,,,,,
3,,,,,
2,EV_B9_C1,,,0.000000,36.878002
1,EV_B9_C1,8.000000,80.000000,,
1,EV_B9_C1,7.000000,80.000000,,
1,EV_B9_C1,6.000000,80.000000,,
1,EV_B9_C1,5.000000,80.000000,,
1,EV_B9_C1,4.000000,80.000000,,
1,EV_B9_C1,3.000000,80.000000,,
1,EV_B9_C1,2.000000,80.000000,,
1,EV_B9_C1,1.000000,80.000000,,
1,EV_B9_C1,0.000000,80.000000,,
3,,,,,
3,,,,,
3,,,,,
3,,,,,
3,,,,,
3,,,,,
3,,,,,
3,,,,,
3,,,,,
3,,,,,
3,,,,,
3,,,,,
2,EV_B9_C1,,,0.000000,34.858731
1,EV_B9_C1,10.000000,80.000000,,
1,EV_B9_C1,9.000000,80.000000,,
1,EV_B9_C1,8.000000,80.000000,,
1,EV_B9_C1,7.000000,80.000000,,
1,EV_B9_C1,6.000000,80.000000,,
1,EV_B9_C1,5.000000,80.000000,,
1,EV_B9_C1,4.000000,80.000000,,
1,EV_B9_C1,3.000000,80.000000,,
1,EV_B9_C1,2.000000,80.000000,,
1,EV_B9_C1,1.000000,80.000000,,
1,EV_B9_C1,0.000000,80.000000,,
3,,,,,
3,,,,,
3,,,,,
3,,,,,
3,,,,,
3,,,,,
3,,,,,
3,,,,,
3,,,,,
3,,,,,
2,EV_B9_C1,,,0.000000,34.535770
1,EV_B9_C1,12.000000,80.000000,,
1,EV_B9_C1,11.000000,80.000000,,
1,EV_B9_C1,10.000000,80.000000,,
1,EV_B9_C1,9.000000,80.000000,,
1,EV_B9_C1,8.000000,80.000000,,
1,EV_B9_C1,7.000000,80.000000,,
1,EV_B9_C1,6.000000,80.000000,,
1,EV_B9_C1,5.000000,80.000000,,
1,EV_B9_C1,4.000000,80.000000,,
1,EV_B9_C1,3.000000,80.000000,,
1,EV_B9_C1,2.000000,80.000000,,
1,EV_B9_C1,1.000000,80.000000,,
1,EV_B9_C1,0.000000,80.000000,,
3,,,,,
3,,,,,
3,,,,,
3,,,,,
3,,,,,
3,,,,,
3,,,,,
3,,,,,
3,,,,,
3,,,,,
2,EV_B9_C1,,,0.000000,44.497711
1,EV_B9_C1,12.000000,80.000000,,
1,EV_B9_C1,11.000000,80.000000,,
1,EV_B9_C1,10.000000,80.000000,,
1,EV_B9_C1,9.000000,80.000000,,
1,EV_B9_C1,8.000000,80.000000,,
1,EV_B9_C1,7.000000,80.000000,,
1,EV_B9_C1,6.000000,80.000000,,
1,EV_B9_C1,5.000000,80.000000,,
1,EV_B9_C1,4.000000,80.000000,,
1,EV_B9_C1,3.000000,80.000000,,
1,EV_B9_C1,2.000000,80.000000,,
1,EV_B9_C1,1.000000,80.000000,,
1,EV_B9_C1,0.000000,80.000000,,
3,,,,,
3,,,,,
3,,,,,
3,,,,,
3,,,,,
3,,,,,
3,,,,,
3,,,,,
3,,,,,
3,,,,,
3,,,,,
3,,,,,
3,,,,,
2,EV_B9_C1,,,0.000000,34.484268
1,EV_B9_C1,9.000000,80.000000,,
1,EV_B9_C1,8.000000,80.000000,,
1,EV_B9_C1,7.000000,80.000000,,
1,EV_B9_C1,6.000000,80.000000,,
1,EV_B9_C1,5.000000,80.000000,,
1,EV_B9_C1,4.000000,80.000000,,
1,EV_B9_C1,3.000000,80.000000,,
1,EV_B9_C1,2.000000,80.000000,,
1,EV_B9_C1,1.000000,80.000000,,
1,EV_B9_C1,0.000000,80.000000,,
3,,,,,
3,,,,,
3,,,,,
3,,,,,
3,,,,,
3,,,,,
3,,,,,
3,,,,,
3,,,,,
3,,,,,
3,,,,,
3,,,,,
3,,,,,
2,EV_B9_C1,,,0.000000,27.510534
1,EV_B9_C1,8.000000,80.000000,,
1,EV_B9_C1,7.000000,80.000000,,
1,EV_B9_C1,6.000000,80.000000,,
1,EV_B9_C1,5.000000,80.000000,,
1,EV_B9_C1,4.000000,80.000000,,
1,EV_B9_C1,3.000000,80.000000,,
1,EV_B9_C1,2.000000,80.000000,,
1,EV_B9_C1,1.000000,80.000000,,
1,EV_B9_C1,0.000000,80.000000,,
3,,,,,
3,,,,,
3,,,,,
3,,,,,
3,,,,,
3,,,,,
3,,,,,
3,,,,,
3,,,,,
3,,,,,
3,,,,,
3,,,,,
3,,,,,
2,EV_B9_C1,,,0.000000,33.095989
1,EV_B9_C1,9.000000,80.000000,,
1,EV_B9_C1,8.000000,80.000000,,
1,EV_B9_C1,7.000000,80.000000,,
1,EV_B9_C1,6.000000,80.000000,,
1,EV_B9_C1,5.000000,80.000000,,
1,EV_B9_C1,4.000000,80.000000,,
1,EV_B9_C1,3.000000,80.000000,,
1,EV_B9_C1,2.000000,80.000000,,
1,EV_B9_C1,1.000000,80.000000,,
1,EV_B9_C1,0.000000,80.000000,,
3,,,,,
3,,,,,
3,,,,,
3,,,,,
3,,,,,
3,,,,,
3,,,,,
3,,,,,
3,,,,,
3,,,,,
3,,,,,
3,,,,,
3,,,,,
3,,,,,
3,,,,,
2,EV_B9_C1,,,0.000000,39.542287
1,EV_B9_C1,7.000000,80.000000,,
1,EV_B9_C1,6.000000,80.000000,,
1,EV_B9_C1,5.000000,80.000000,,
1,EV_B9_C1,4.000000,80.000000,,
1,EV_B9_C1,3.000000,80.000000,,
1,EV_B9_C1,2.000000,80.000000,,
1,EV_B9_C1,1.000000,80.000000,,
1,EV_B9_C1,0.000000,80.000000,,
3,,,,,
3,,,,,
3,,,,,
3,,,,,
3,,,,,
3,,,,,
3,,,,,
3,,,,,
3,,,,,
3,,,,,
3,,,,,
3,,,,,
3,,,,,
3,,,,,
2,EV_B9_C1,,,0.000000,37.048099
1,EV_B9_C1,8.000000,80.000000,,
1,EV_B9_C1,7.000000,80.000000,,
1,EV_B9_C1,6.000000,80.000000,,
1,EV_B9_C1,5.000000,80.000000,,
1,EV_B9_C1,4.000000,80.000000,,
1,EV_B9_C1,3.000000,80.000000,,
1,EV_B9_C1,2.000000,80.000000,,
1,EV_B9_C1,1.000000,80.000000,,
1,EV_B9_C1,0.000000,80.000000,,
3,,,,,
3,,,,,
3,,,,,
3,,,,,
3,,,,,
3,,,,,
3,,,,,
3,,,,,
3,,,,,
3,,,,,
3,,,,,
3,,,,,
3,,,,,
2,EV_B9_C1,,,0.000000,27.807091
1,EV_B9_C1,10.000000,80.000000,,
1,EV_B9_C1,9.000000,80.000000,,
1,EV_B9_C1,8.000000,80.000000,,
1,EV_B9_C1,7.000000,80.000000,,
1,EV_B9_C1,6.000000,80.000000,,
1,EV_B9_C1,5.000000,80.000000,,
1,EV_B9_C1,4.000000,80.000000,,
1,EV_B9_C1,3.000000,80.000000,,
1,EV_B9_C1,2.000000,80.000000,,
1,EV_B9_C1,1.000000,80.000000,,
1,EV_B9_C1,0.000000,80.000000,,
3,,,,,
3,,,,,
3,,,,,
3,,,,,
3,,,,,
3,,,,,
3,,,,,
3,,,,,
3,,,,,
3,,,,,
3,,,,,
3,,,,,
2,EV_B9_C1,,,0.000000,42.158962
1,EV_B9_C1,9.000000,80.000000,,
1,EV_B9_C1,8.000000,80.000000,,
1,EV_B9_C1,7.000000,80.000000,,
1,EV_B9_C1,6.000000,80.000000,,
1,EV_B9_C1,5.000000,80.000000,,
1,EV_B9_C1,4.000000,80.000000,,
1,EV_B9_C1,3.000000,80.000000,,
1,EV_B9_C1,2.000000,80.000000,,
1,EV_B9_C1,1.000000,80.000000,,
1,EV_B9_C1,0.000000,80.000000,,
3,,,,,
3,,,,,
3,,,,,
3,,,,,
3,,,,,
3,,,,,
3,,,,,
3,,,,,
3,,,,,
3,,,,,
3,,,,,
3,,,,,
3,,,,,
2,EV_B9_C1,,,0.000000,30.637619
1,EV_B9_C1,10.000000,80.000000,,
1,EV_B9_C1,9.000000,80.000000,,
1,EV_B9_C1,8.000000,80.000000,,
1,EV_B9_C1,7.000000,80.000000,,
1,EV_B9_C1,6.000000,80.000000,,
1,EV_B9_C1,5.000000,80.000000,,
1,EV_B9_C1,4.000000,80.000000,,
1,EV_B9_C1,3.000000,80.000000,,
1,EV_B9_C1,2.000000,80.000000,,
1,EV_B9_C1,1.000000,80.000000,,
1,EV_B9_C1,0.000000,80.000000,,
3,,,,,
3,,,,,
3,,,,,
3,,,,,
3,,,,,
3,,,,,
3,,,,,
3,,,,,
3,,,,,
3,,,,,
3,,,,,
3,,,,,
2,EV_B9_C1,,,0.000000,44.727668
1,EV_B9_C1,9.000000,80.000000,,
1,EV_B9_C1,8.000000,80.000000,,
1,EV_B9_C1,7.000000,80.000000,,
1,EV_B9_C1,6.000000,80.000000,,
1,EV_B9_C1,5.000000,80.000000,,
1,EV_B9_C1,4.000000,80.000000,,
1,EV_B9_C1,3.000000,80.000000,,
1,EV_B9_C1,2.000000,80.000000,,
1,EV_B9_C1,1.000000,80.000000,,
1,EV_B9_C1,0.000000,80.000000,,
3,,,,,
3,,,,,
3,,,,,
3,,,,,
3,,,,,
3,,,,,
3,,,,,
3,,,,,
3,,,,,
3,,,,,
3,,,,,
3,,,,,
3,,,,,
2,EV_B9_C1,,,0.000000,43.624621
1,EV_B9_C1,9.000000,80.000000,,
1,EV_B9_C1,8.000000,80.000000,,
1,EV_B9_C1,7.000000,80.000000,,
1,EV_B9_C1,6.000000,80.000000,,
1,EV_B9_C1,5.000000,80.000000,,
1,EV_B9_C1,4.000000,80.000000,,
1,EV_B9_C1,3.000000,80.000000,,
1,EV_B9_C1,2.000000,80.000000,,
1,EV_B9_C1,1.000000,80.000000,,
1,EV_B9_C1,0.000000,80.000000,,
3,,,,,
3,,,,,
3,,,,,
3,,,,,
3,,,,,
3,,,,,
3,,,,,
3,,,,,
3,,,,,
3,,,,,
3,,,,,
3,,,,,
3,,,,,
2,EV_B9_C1,,,0.000000,38.054539
1,EV_B9_C1,9.000000,80.000000,,
1,EV_B9_C1,8.000000,80.000000,,
1,EV_B9_C1,7.000000,80.000000,,
1,EV_B9_C1,6.000000,80.000000,,
1,EV_B9_C1,5.000000,80.000000,,
1,EV_B9_C1,4.000000,80.000000,,
1,EV_B9_C1,3.000000,80.000000,,
1,EV_B9_C1,2.000000,80.000000,,
1,EV_B9_C1,1.000000,80.000000,,
1,EV_B9_C1,0.000000,80.000000,,
3,,,,,
3,,,,,
3,,,,,
3,,,,,
3,,,,,
3,,,,,
3,,,,,
3,,,,,
3,,,,,
3,,,,,
3,,,,,
3,,,,,
3,,,,,
3,,,,,
2,EV_B9_C1,,,0.000000,30.062852
1,EV_B9_C1,8.000000,80.000000,,
1,EV_B9_C1,7.000000,80.000000,,
1,EV_B9_C1,6.000000,80.000000,,
1,EV_B9_C1,5.000000,80.000000,,
1,EV_B9_C1,4.000000,80.000000,,
1,EV_B9_C1,3.000000,80.000000,,
1,EV_B9_C1,2.000000,80.000000,,
1,EV_B9_C1,1.000000,80.000000,,
1,EV_B9_C1,0.000000,80.000000,,
3,,,,,
3,,,,,
3,,,,,
3,,,,,
3,,,,,
3,,,,,
3,,,,,
3,,,,,
3,,,,,
3,,,,,
3,,,,,
3,,,,,
3,,,,,
2,EV_B9_C1,,,0.000000,27.877176
1,EV_B9_C1,10.000000,80.000000,,
1,EV_B9_C1,9.000000,80.000000,,
1,EV_B9_C1,8.000000,80.000000,,
1,EV_B9_C1,7.000000,80.000000,,
1,EV_B9_C1,6.000000,80.000000,,
1,EV_B9_C1,5.000000,80.000000,,
1,EV_B9_C1,4.000000,80.000000,,
1,EV_B9_C1,3.000000,80.000000,,
1,EV_B9_C1,2.000000,80.000000,,
1,EV_B9_C1,1.000000,80.000000,,
1,EV_B9_C1,0.000000,80.000000,,
3,,,,,
3,,,,,
3,,,,,
3,,,,,
3,,,,,
3,,,,,
3,,,,,
3,,,,,
3,,,,,
3,,,,,
3,,,,,
3,,,,,
3,,,,,
3,,,,,
2,EV_B9_C1,,,0.000000,29.540700
1,EV_B9_C1,7.000000,80.000000,,
1,EV_B9_C1,6.000000,80.000000,,
1,EV_B9_C1,5.000000,80.000000,,
1,EV_B9_C1,4.000000,80.000000,,
1,EV_B9_C1,3.000000,80.000000,,
1,EV_B9_C1,2.000000,80.000000,,
1,EV_B9_C1,1.000000,80.000000,,
1,EV_B9_C1,0.000000,80.000000,,
3,,,,,
3,,,,,
3,,,,,
3,,,,,
3,,,,,
3,,,,,
3,,,,,
3,,,,,
3,,,,,
3,,,,,
3,,,,,
3,,,,,
3,,,,,
2,EV_B9_C1,,,0.000000,43.793283
1,EV_B9_C1,9.000000,80.000000,,
1,EV_B9_C1,8.000000,80.000000,,
1,EV_B9_C1,7.000000,80.000000,,
1,EV_B9_C1,6.000000,80.000000,,
1,EV_B9_C1,5.000000,80.000000,,
1,EV_B9_C1,4.000000,80.000000,,
1,EV_B9_C1,3.000000,80.000000,,
1,EV_B9_C1,2.000000,80.000000,,
1,EV_B9_C1,1.000000,80.000000,,
1,EV_B9_C1,0.000000,80.000000,,
3,,,,,
3,,,,,
3,,,,,
3,,,,,
3,,,,,
3,,,,,
3,,,,,
3,,,,,
3,,,,,
3,,,,,
3,,,,,
3,,,,,
3,,,,,
3,,,,,
3,,,,,
2,EV_B9_C1,,,0.000000,41.315755
1,EV_B9_C1,8.000000,80.000000,,
1,EV_B9_C1,7.000000,80.000000,,
1,EV_B9_C1,6.000000,80.000000,,
1,EV_B9_C1,5.000000,80.000000,,
1,EV_B9_C1,4.000000,80.000000,,
1,EV_B9_C1,3.000000,80.000000,,
1,EV_B9_C1,2.000000,80.000000,,
1,EV_B9_C1,1.000000,80.000000,,
1,EV_B9_C1,0.000000,80.000000,,
3,,,,,
3,,,,,
3,,,,,
3,,,,,
3,,,,,
3,,,,,
3,,,,,
3,,,,,
3,,,,,
3,,,,,
3,,,,,
3,,,,,
3,,,,,
2,EV_B9_C1,,,0.000000,38.061671
1,EV_B9_C1,9.000000,80.000000,,
1,EV_B9_C1,8.000000,80.000000,,
1,EV_B9_C1,7.000000,80.000000,,
1,EV_B9_C1,6.000000,80.000000,,
1,EV_B9_C1,5.000000,80.000000,,
1,EV_B9_C1,4.000000,80.000000,,
1,EV_B9_C1,3.000000,80.000000,,
1,EV_B9_C1,2.000000,80.000000,,
1,EV_B9_C1,1.000000,80.000000,,
1,EV_B9_C1,0.000000,80.000000,,
3,,,,,
3,,,,,
3,,,,,
3,,,,,
3,,,,,
3,,,,,
3,,,,,
3,,,,,
3,,,,,
3,,,,,
3,,,,,
3,,,,,
3,,,,,
2,EV_B9_C1,,,0.000000,29.360081
1,EV_B9_C1,9.000000,80.000000,,
1,EV_B9_C1,8.000000,80.000000,,
1,EV_B9_C1,7.000000,80.000000,,
1,EV_B9_C1,6.000000,80.000000,,
1,EV_B9_C1,5.000000,80.000000,,
1,EV_B9_C1,4.000000,80.000000,,
1,EV_B9_C1,3.000000,80.000000,,
1,EV_B9_C1,2.000000,80.000000,,
1,EV_B9_C1,1.000000,80.000000,,
1,EV_B9_C1,0.000000,80.000000,,
3,,,,,
3,,,,,
3,,,,,
3,,,,,
3,,,,,
3,,,,,
3,,,,,
3,,,,,
3,,,,,
3,,,,,
3,,,,,
3,,,,,
3,,,,,
2,EV_B9_C1,,,0.000000,43.607295
1,EV_B9_C1,9.000000,80.000000,,
1,EV_B9_C1,8.000000,80.000000,,
1,EV_B9_C1,7.000000,80.000000,,
1,EV_B9_C1,6.000000,80.000000,,
1,EV_B9_C1,5.000000,80.000000,,
1,EV_B9_C1,4.000000,80.000000,,
1,EV_B9_C1,3.000000,80.000000,,
1,EV_B9_C1,2.000000,80.000000,,
1,EV_B9_C1,1.000000,80.000000,,
1,EV_B9_C1,0.000000,80.000000,,
3,,,,,
3,,,,,
3,,,,,
3,,,,,
3,,,,,
3,,,,,
3,,,,,
3,,,,,
3,,,,,
3,,,,,
3,,,,,
3,,,,,
3,,,,,
2,EV_B9_C1,,,0.000000,30.341383
1,EV_B9_C1,10.000000,80.000000,,
1,EV_B9_C1,9.000000,80.000000,,
1,EV_B9_C1,8.000000,80.000000,,
1,EV_B9_C1,7.000000,80.000000,,
1,EV_B9_C1,6.000000,80.000000,,
1,EV_B9_C1,5.000000,80.000000,,
1,EV_B9_C1,4.000000,80.000000,,
1,EV_B9_C1,3.000000,80.000000,,
1,EV_B9_C1,2.000000,80.000000,,
1,EV_B9_C1,1.000000,80.000000,,
1,EV_B9_C1,0.000000,80.000000,,
3,,,,,
3,,,,,
3,,,,,
3,,,,,
3,,,,,
3,,,,,
3,,,,,
3,,,,,
3,,,,,
3,,,,,
3,,,,,
2,EV_B9_C1,,,0.000000,35.001820
1,EV_B9_C1,10.000000,80.000000,,
1,EV_B9_C1,9.000000,80.000000,,
1,EV_B9_C1,8.000000,80.000000,,
1,EV_B9_C1,7.000000,80.000000,,
1,EV_B9_C1,6.000000,80.000000,,
1,EV_B9_C1,5.000000,80.000000,,
1,EV_B9_C1,4.000000,80.000000,,
1,EV_B9_C1,3.000000,80.000000,,
1,EV_B9_C1,2.000000,80.000000,,
1,EV_B9_C1,1.000000,80.000000,,
1,EV_B9_C1,0.000000,80.000000,,
3,,,,,
3,,,,,
3,,,,,
3,,,,,
3,,,,,
3,,,,,
3,,,,,
3,,,,,
3,,,,,
3,,,,,
3,,,,,
2,EV_B9_C1,,,0.000000,31.336422
1,EV_B9_C1,11.000000,80.000000,,
1,EV_B9_C1,10.000000,80.000000,,
1,EV_B9_C1,9.000000,80.000000,,
1,EV_B9_C1,8.000000,80.000000,,
1,EV_B9_C1,7.000000,80.000000,,
1,EV_B9_C1,6.000000,80.000000,,
1,EV_B9_C1,5.000000,80.000000,,
1,EV_B9_C1,4.000000,80.000000,,
1,EV_B9_C1,3.000000,80.000000,,
1,EV_B9_C1,2.000000,80.000000,,
1,EV_B9_C1,1.000000,80.000000,,
1,EV_B9_C1,0.000000,80.000000,,
3,,,,,
3,,,,,
3,,,,,
3,,,,,
3,,,,,
3,,,,,
3,,,,,
3,,,,,
3,,,,,
3,,,,,
3,,,,,
3,,,,,
2,EV_B9_C1,,,0.000000,33.599072
1,EV_B9_C1,10.000000,80.000000,,
1,EV_B9_C1,9.000000,80.000000,,
1,EV_B9_C1,8.000000,80.000000,,
1,EV_B9_C1,7.000000,80.000000,,
1,EV_B9_C1,6.000000,80.000000,,
1,EV_B9_C1,5.000000,80.000000,,
1,EV_B9_C1,4.000000,80.000000,,
1,EV_B9_C1,3.000000,80.000000,,
1,EV_B9_C1,2.000000,80.000000,,
1,EV_B9_C1,1.000000,80.000000,,
1,EV_B9_C1,0.000000,80.000000,,
3,,,,,
3,,,,,
3,,,,,
3,,,,,
3,,,,,
3,,,,,
3,,,,,
3,,,,,
3,,,,,
3,,,,,
3,,,,,
3,,,,,
3,,,,,
3,,,,,
3,,,,,
3,,,,,
3,,,,,
3,,,,,
3,,,,,
3,,,,,
3,,,,,
3,,,,,
3,,,,,
3,,,,,
3,,,,,
3,,,,,
3,,,,,
3,,,,,
3,,,,,
3,,,,,
3,,,,,
3,,,,,
3,,,,,
3,,,,,
3,,,,,
3,,,,,
3,,,,,
3,,,,,
2,EV_B9_C1,,,0.000000,38.787335
1,EV_B9_C1,7.000000,80.000000,,
1,EV_B9_C1,6.000000,80.000000,,
1,EV_B9_C1,5.000000,80.000000,,
1,EV_B9_C1,4.000000,80.000000,,
1,EV_B9_C1,3.000000,80.000000,,
1,EV_B9_C1,2.000000,80.000000,,
1,EV_B9_C1,1.000000,80.000000,,
1,EV_B9_C1,0.000000,80.000000,,
3,,,,,
3,,,,,
3,,,,,
3,,,,,
3,,,,,
3,,,,,
3,,,,,
3,,,,,
3,,,,,
3,,,,,
3,,,,,
3,,,,,
2,EV_B9_C1,,,0.000000,40.555383
1,EV_B9_C1,10.000000,80.000000,,
1,EV_B9_C1,9.000000,80.000000,,
1,EV_B9_C1,8.000000,80.000000,,
1,EV_B9_C1,7.000000,80.000000,,
1,EV_B9_C1,6.000000,80.000000,,
1,EV_B9_C1,5.000000,80.000000,,
1,EV_B9_C1,4.000000,80.000000,,
1,EV_B9_C1,3.000000,80.000000,,
1,EV_B9_C1,2.000000,80.000000,,
1,EV_B9_C1,1.000000,80.000000,,
1,EV_B9_C1,0.000000,80.000000,,
3,,,,,
3,,,,,
3,,,,,
3,,,,,
3,,,,,
3,,,,,
3,,,,,
3,,,,,
3,,,,,
3,,,,,
3,,,,,
3,,,,,
3,,,,,
3,,,,,
2,EV_B9_C1,,,0.000000,34.415436
1,EV_B9_C1,9.000000,80.000000,,
1,EV_B9_C1,8.000000,80.000000,,
1,EV_B9_C1,7.000000,80.000000,,
1,EV_B9_C1,6.000000,80.000000,,
1,EV_B9_C1,5.000000,80.000000,,
1,EV_B9_C1,4.000000,80.000000,,
1,EV_B9_C1,3.000000,80.000000,,
1,EV_B9_C1,2.000000,80.000000,,
1,EV_B9_C1,1.000000,80.000000,,
1,EV_B9_C1,0.000000,80.000000,,
3,,,,,
3,,,,,
3,,,,,
3,,,,,
3,,,,,
3,,,,,
3,,,,,
3,,,,,
3,,,,,
3,,,,,
3,,,,,
3,,,,,
3,,,,,
2,EV_B9_C1,,,0.000000,29.588091
1,EV_B9_C1,10.000000,80.000000,,
1,EV_B9_C1,9.000000,80.000000,,
1,EV_B9_C1,8.000000,80.000000,,
1,EV_B9_C1,7.000000,80.000000,,
1,EV_B9_C1,6.000000,80.000000,,
1,EV_B9_C1,5.000000,80.000000,,
1,EV_B9_C1,4.000000,80.000000,,
1,EV_B9_C1,3.000000,80.000000,,
1,EV_B9_C1,2.000000,80.000000,,
1,EV_B9_C1,1.000000,80.000000,,
1,EV_B9_C1,0.000000,80.000000,,
3,,,,,
3,,,,,
3,,,,,
3,,,,,
3,,,,,
3,,,,,
3,,,,,
3,,,,,
3,,,,,
3,,,,,
3,,,,,
3,,,,,
3,,,,,
3,,,,,
3,,,,,
3,,,,,
3,,,,,
3,,,,,
3,,,,,
3,,,,,
3,,,,,
3,,,,,
3,,,,,
3,,,,,
3,,,,,
3,,,,,
3,,,,,
3,,,,,
3,,,,,
3,,,,,
3,,,,,
3,,,,,
3,,,,,
3,,,,,
3,,,,,
3,,,,,
2,EV_B9_C1,,,0.000000,37.978376
1,EV_B9_C1,9.000000,80.000000,,
1,EV_B9_C1,8.000000,80.000000,,
1,EV_B9_C1,7.000000,80.000000,,
1,EV_B9_C1,6.000000,80.000000,,
1,EV_B9_C1,5.000000,80.000000,,
1,EV_B9_C1,4.000000,80.000000,,
1,EV_B9_C1,3.000000,80.000000,,
1,EV_B9_C1,2.000000,80.000000,,
1,EV_B9_C1,1.000000,80.000000,,
1,EV_B9_C1,0.000000,80.000000,,
3,,,,,
3,,,,,
3,,,,,
3,,,,,
3,,,,,
3,,,,,
3,,,,,
3,,,,,
3,,,,,
3,,,,,
3,,,,,
2,EV_B9_C1,,,0.000000,35.078168
1,EV_B9_C1,11.000000,80.000000,,
1,EV_B9_C1,10.000000,80.000000,,
1,EV_B9_C1,9.000000,80.000000,,
1,EV_B9_C1,8.000000,80.000000,,
1,EV_B9_C1,7.000000,80.000000,,
1,EV_B9_C1,6.000000,80.000000,,
1,EV_B9_C1,5.000000,80.000000,,
1,EV_B9_C1,4.000000,80.000000,,
1,EV_B9_C1,3.000000,80.000000,,
1,EV_B9_C1,2.000000,80.000000,,
1,EV_B9_C1,1.000000,80.000000,,
1,EV_B9_C1,0.000000,80.000000,,
3,,,,,
3,,,,,
3,,,,,
3,,,,,
3,,,,,
3,,,,,
3,,,,,
3,,,,,
3,,,,,
3,,,,,
3,,,,,
3,,,,,
3,,,,,
2,EV_B9_C1,,,0.000000,38.643130
1,EV_B9_C1,9.000000,80.000000,,
1,EV_B9_C1,8.000000,80.000000,,
1,EV_B9_C1,7.000000,80.000000,,
1,EV_B9_C1,6.000000,80.000000,,
1,EV_B9_C1,5.000000,80.000000,,
1,EV_B9_C1,4.000000,80.000000,,
1,EV_B9_C1,3.000000,80.000000,,
1,EV_B9_C1,2.000000,80.000000,,
1,EV_B9_C1,1.000000,80.000000,,
1,EV_B9_C1,0.000000,80.000000,,
3,,,,,
3,,,,,
3,,,,,
3,,,,,
3,,,,,
3,,,,,
3,,,,,
3,,,,,
3,,,,,
3,,,,,
3,,,,,
3,,,,,
3,,,,,
3,,,,,
2,EV_B9_C1,,,0.000000,27.472328
1,EV_B9_C1,7.000000,80.000000,,
1,EV_B9_C1,6.000000,80.000000,,
1,EV_B9_C1,5.000000,80.000000,,
1,EV_B9_C1,4.000000,80.000000,,
1,EV_B9_C1,3.000000,80.000000,,
1,EV_B9_C1,2.000000,80.000000,,
1,EV_B9_C1,1.000000,80.000000,,
1,EV_B9_C1,0.000000,80.000000,,
3,,,,,
3,,,,,
3,,,,,
3,,,,,
3,,,,,
3,,,,,
3,,,,,
3,,,,,
3,,,,,
3,,,,,
3,,,,,
3,,,,,
3,,,,,
3,,,,,
2,EV_B9_C1,,,0.000000,36.467731
1,EV_B9_C1,9.000000,80.000000,,
1,EV_B9_C1,8.000000,80.000000,,
1,EV_B9_C1,7.000000,80.000000,,
1,EV_B9_C1,6.000000,80.000000,,
1,EV_B9_C1,5.000000,80.000000,,
1,EV_B9_C1,4.000000,80.000000,,
1,EV_B9_C1,3.000000,80.000000,,
1,EV_B9_C1,2.000000,80.000000,,
1,EV_B9_C1,1.000000,80.000000,,
1,EV_B9_C1,0.000000,80.000000,,
3,,,,,
3,,,,,
3,,,,,
3,,,,,
3,,,,,
3,,,,,
3,,,,,
3,,,,,
3,,,,,
3,,,,,
3,,,,,
3,,,,,
3,,,,,
2,EV_B9_C1,,,0.000000,40.016574
1,EV_B9_C1,8.000000,80.000000,,
1,EV_B9_C1,7.000000,80.000000,,
1,EV_B9_C1,6.000000,80.000000,,
1,EV_B9_C1,5.000000,80.000000,,
1,EV_B9_C1,4.000000,80.000000,,
1,EV_B9_C1,3.000000,80.000000,,
1,EV_B9_C1,2.000000,80.000000,,
1,EV_B9_C1,1.000000,80.000000,,
1,EV_B9_C1,0.000000,80.000000,,
3,,,,,
3,,,,,
3,,,,,
3,,,,,
3,,,,,
3,,,,,
3,,,,,
3,,,,,
3,,,,,
3,,,,,
3,,,,,
3,,,,,
3,,,,,
2,EV_B9_C1,,,0.000000,26.468882
1,EV_B9_C1,9.000000,80.000000,,
1,EV_B9_C1,8.000000,80.000000,,
1,EV_B9_C1,7.000000,80.000000,,
1,EV_B9_C1,6.000000,80.000000,,
1,EV_B9_C1,5.000000,80.000000,,
1,EV_B9_C1,4.000000,80.000000,,
1,EV_B9_C1,3.000000,80.000000,,
1,EV_B9_C1,2.000000,80.000000,,
1,EV_B9_C1,1.000000,80.000000,,
1,EV_B9_C1,0.000000,80.000000,,
3,,,,,
3,,,,,
3,,,,,
3,,,,,
3,,,,,
3,,,,,
3,,,,,
3,,,,,
3,,,,,
3,,,,,
3,,,,,
3,,,,,
3,,,,,
2,EV_B9_C1,,,0.000000,36.208986
1,EV_B9_C1,9.000000,80.000000,,
1,EV_B9_C1,8.000000,80.000000,,
1,EV_B9_C1,7.000000,80.000000,,
1,EV_B9_C1,6.000000,80.000000,,
1,EV_B9_C1,5.000000,80.000000,,
1,EV_B9_C1,4.000000,80.000000,,
1,EV_B9_C1,3.000000,80.000000,,
1,EV_B9_C1,2.000000,80.000000,,
1,EV_B9_C1,1.000000,80.000000,,
1,EV_B9_C1,0.000000,80.000000,,
3,,,,,
3,,,,,
3,,,,,
3,,,,,
3,,,,,
3,,,,,
3,,,,,
3,,,,,
3,,,,,
3,,,,,
3,,,,,
3,,,,,
3,,,,,
3,,,,,
3,,,,,
3,,,,,
3,,,,,
3,,,,,
3,,,,,
3,,,,,
3,,,,,
3,,,,,
3,,,,,
3,,,,,
3,,,,,
3,,,,,
3,,,,,
3,,,,,
3,,,,,
3,,,,,
3,,,,,
3,,,,,
3,,,,,
3,,,,,
3,,,,,
3,,,,,
3,,,,,
2,EV_B9_C1,,,0.000000,41.338211
1,EV_B9_C1,9.000000,80.000000,,
1,EV_B9_C1,8.000000,80.000000,,
1,EV_B9_C1,7.000000,80.000000,,
1,EV_B9_C1,6.000000,80.000000,,
1,EV_B9_C1,5.000000,80.000000,,
1,EV_B9_C1,4.000000,80.000000,,
1,EV_B9_C1,3.000000,80.000000,,
1,EV_B9_C1,2.000000,80.000000,,
1,EV_B9_C1,1.000000,80.000000,,
1,EV_B9_C1,0.000000,80.000000,,
3,,,,,
3,,,,,
3,,,,,
3,,,,,
3,,,,,
3,,,,,
3,,,,,
3,,,,,
3,,,,,
3,,,,,
3,,,,,
3,,,,,
3,,,,,
3,,,,,
2,EV_B9_C1,,,0.000000,26.860603
1,EV_B9_C1,8.000000,80.000000,,
1,EV_B9_C1,7.000000,80.000000,,
1,EV_B9_C1,6.000000,80.000000,,
1,EV_B9_C1,5.000000,80.000000,,
1,EV_B9_C1,4.000000,80.000000,,
1,EV_B9_C1,3.000000,80.000000,,
1,EV_B9_C1,2.000000,80.000000,,
1,EV_B9_C1,1.000000,80.000000,,
1,EV_B9_C1,0.000000,80.000000,,
3,,,,,
3,,,,,
3,,,,,
3,,,,,
3,,,,,
3,,,,,
3,,,,,
3,,,,,
3,,,,,
3,,,,,
3,,,,,
3,,,,,
3,,,,,
3,,,,,
3,,,,,
2,EV_B9_C1,,,0.000000,33.864671
1,EV_B9_C1,8.000000,80.000000,,
1,EV_B9_C1,7.000000,80.000000,,
1,EV_B9_C1,6.000000,80.000000,,
1,EV_B9_C1,5.000000,80.000000,,
1,EV_B9_C1,4.000000,80.000000,,
1,EV_B9_C1,3.000000,80.000000,,
1,EV_B9_C1,2.000000,80.000000,,
1,EV_B9_C1,1.000000,80.000000,,
1,EV_B9_C1,0.000000,80.000000,,
3,,,,,
3,,,,,
3,,,,,
3,,,,,
3,,,,,
3,,,,,
3,,,,,
3,,,,,
3,,,,,
3,,,,,
3,,,,,
3,,,,,
3,,,,,
2,EV_B9_C1,,,0.000000,40.977653
1,EV_B9_C1,9.000000,80.000000,,
1,EV_B9_C1,8.000000,80.000000,,
1,EV_B9_C1,7.000000,80.000000,,
1,EV_B9_C1,6.000000,80.000000,,
1,EV_B9_C1,5.000000,80.000000,,
1,EV_B9_C1,4.000000,80.000000,,
1,EV_B9_C1,3.000000,80.000000,,
1,EV_B9_C1,2.000000,80.000000,,
1,EV_B9_C1,1.000000,80.000000,,
1,EV_B9_C1,0.000000,80.000000,,
3,,,,,
3,,,,,
3,,,,,
3,,,,,
3,,,,,
3,,,,,
3,,,,,
3,,,,,
3,,,,,
3,,,,,
3,,,,,
3,,,,,
2,EV_B9_C1,,,0.000000,37.154301
1,EV_B9_C1,10.000000,80.000000,,
1,EV_B9_C1,9.000000,80.000000,,
1,EV_B9_C1,8.000000,80.000000,,
1,EV_B9_C1,7.000000,80.000000,,
1,EV_B9_C1,6.000000,80.000000,,
1,EV_B9_C1,5.000000,80.000000,,
1,EV_B9_C1,4.000000,80.000000,,
1,EV_B9_C1,3.000000,80.000000,,
1,EV_B9_C1,2.000000,80.000000,,
1,EV_B9_C1,1.000000,80.000000,,
1,EV_B9_C1,0.000000,80.000000,,
3,,,,,
3,,,,,
3,,,,,
3,,,,,
3,,,,,
3,,,,,
3,,,,,
3,,,,,
3,,,,,
3,,,,,
3,,,,,
3,,,,,
2,EV_B9_C1,,,0.000000,35.412107
1,EV_B9_C1,10.000000,80.000000,,
1,EV_B9_C1,9.000000,80.000000,,
1,EV_B9_C1,8.000000,80.000000,,
1,EV_B9_C1,7.000000,80.000000,,
1,EV_B9_C1,6.000000,80.000000,,
1,EV_B9_C1,5.000000,80.000000,,
1,EV_B9_C1,4.000000,80.000000,,
1,EV_B9_C1,3.000000,80.000000,,
1,EV_B9_C1,2.000000,80.000000,,
1,EV_B9_C1,1.000000,80.000000,,
1,EV_B9_C1,0.000000,80.000000,,
3,,,,,
3,,,,,
3,,,,,
3,,,,,
3,,,,,
3,,,,,
3,,,,,
3,,,,,
3,,,,,
3,,,,,
3,,,,,
3,,,,,
2,EV_B9_C1,,,0.000000,26.662537
1,EV_B9_C1,9.000000,80.000000,,
1,EV_B9_C1,8.000000,80.000000,,
1,EV_B9_C1,7.000000,80.000000,,
1,EV_B9_C1,6.000000,80.000000,,
1,EV_B9_C1,5.000000,80.000000,,
1,EV_B9_C1,4.000000,80.000000,,
1,EV_B9_C1,3.000000,80.000000,,
1,EV_B9_C1,2.000000,80.000000,,
1,EV_B9_C1,1.000000,80.000000,,
1,EV_B9_C1,0.000000,80.000000,,
3,,,,,
3,,,,,
3,,,,,
3,,,,,
3,,,,,
3,,,,,
3,,,,,
3,,,,,
3,,,,,
3,,,,,
3,,,,,
3,,,,,
3,,,,,
2,EV_B9_C1,,,0.000000,33.692405
1,EV_B9_C1,10.000000,80.000000,,
1,EV_B9_C1,9.000000,80.000000,,
1,EV_B9_C1,8.000000,80.000000,,
1,EV_B9_C1,7.000000,80.000000,,
1,EV_B9_C1,6.000000,80.000000,,
1,EV_B9_C1,5.000000,80.000000,,
1,EV_B9_C1,4.000000,80.000000,,
1,EV_B9_C1,3.000000,80.000000,,
1,EV_B9_C1,2.000000,80.000000,,
1,EV_B9_C1,1.000000,80.000000,,
1,EV_B9_C1,0.000000,80.000000,,
3,,,,,
3,,,,,
3,,,,,
3,,,,,
3,,,,,
3,,,,,
3,,,,,
3,,,,,
3,,,,,
3,,,,,
3,,,,,
3,,,,,
3,,,,,
3,,,,,
2,EV_B9_C1,,,0.000000,37.220973
1,EV_B9_C1,8.000000,80.000000,,
1,EV_B9_C1,7.000000,80.000000,,
1,EV_B9_C1,6.000000,80.000000,,
1,EV_B9_C1,5.000000,80.000000,,
1,EV_B9_C1,4.000000,80.000000,,
1,EV_B9_C1,3.000000,80.000000,,
1,EV_B9_C1,2.000000,80.000000,,
1,EV_B9_C1,1.000000,80.000000,,
1,EV_B9_C1,0.000000,80.000000,,
3,,,,,
3,,,,,
3,,,,,
3,,,,,
3,,,,,
3,,,,,
3,,,,,
3,,,,,
3,,,,,
3,,,,,
3,,,,,
3,,,,,
3,,,,,
3,,,,,
3,,,,,
3,,,,,
3,,,,,
3,,,,,
3,,,,,
3,,,,,
3,,,,,
3,,,,,
3,,,,,
3,,,,,
3,,,,,
3,,,,,
3,,,,,
3,,,,,
3,,,,,
3,,,,,
3,,,,,
3,,,,,
3,,,,,
3,,,,,
3,,,,,
3,,,,,
3,,,,,
3,,,,,
3,,,,,
3,,,,,
3,,,,,
3,,,,,
3,,,,,
3,,,,,
3,,,,,
3,,,,,
3,,,,,
3,,,,,
3,,,,,
3,,,,,
3,,,,,
3,,,,,
3,,,,,
3,,,,,
3,,,,,
3,,,,,
3,,,,,
3,,,,,
3,,,,,
3,,,,,
3,,,,,
3,,,,,
3,,,,,
3,,,,,
3,,,,,
3,,,,,
3,,,,,
3,,,,,
3,,,,,
3,,,,,
3,,,,,
3,,,,,
3,,,,,
3,,,,,
3,,,,,
3,,,,,
3,,,,,
3,,,,,
3,,,,,
3,,,,,
3,,,,,
3,,,,,
3,,,,,
3,,,,,
3,,,,,
2,EV_B9_C1,,,0.000000,42.890505
1,EV_B9_C1,8.000000,80.000000,,
1,EV_B9_C1,7.000000,80.000000,,
1,EV_B9_C1,6.000000,80.000000,,
1,EV_B9_C1,5.000000,80.000000,,
1,EV_B9_C1,4.000000,80.000000,,
1,EV_B9_C1,3.000000,80.000000,,
1,EV_B9_C1,2.000000,80.000000,,
1,EV_B9_C1,1.000000,80.000000,,
1,EV_B9_C1,0.000000,80.000000,,
3,,,,,
3,,,,,
3,,,,,
3,,,,,
3,,,,,
3,,,,,
3,,,,,
3,,,,,
3,,,,,
3,,,,,
3,,,,,
3,,,,,
2,EV_B9_C1,,,0.000000,34.774012
1,EV_B9_C1,10.000000,80.000000,,
1,EV_B9_C1,9.000000,80.000000,,
1,EV_B9_C1,8.000000,80.000000,,
1,EV_B9_C1,7.000000,80.000000,,
1,EV_B9_C1,6.000000,80.000000,,
1,EV_B9_C1,5.000000,80.000000,,
1,EV_B9_C1,4.000000,80.000000,,
1,EV_B9_C1,3.000000,80.000000,,
1,EV_B9_C1,2.000000,80.000000,,
1,EV_B9_C1,1.000000,80.000000,,
1,EV_B9_C1,0.000000,80.000000,,
3,,,,,
3,,,,,
3,,,,,
3,,,,,
3,,,,,
3,,,,,
3,,,,,
3,,,,,
3,,,,,
3,,,,,
3,,,,,
3,,,,,
3,,,,,
3,,,,,
3,,,,,
3,,,,,
3,,,,,
3,,,,,
3,,,,,
3,,,,,
3,,,,,
3,,,,,
3,,,,,
3,,,,,
3,,,,,
3,,,,,
3,,,,,
3,,,,,
3,,,,,
3,,,,,
3,,,,,
3,,,,,
3,,,,,
3,,,,,
3,,,,,
3,,,,,
3,,,,,
3,,,,,
3,,,,,
3,,,,,
3,,,,,
3,,,,,
3,,,,,
3,,,,,
3,,,,,
3,,,,,
3,,,,,
3,,,,,
3,,,,,
3,,,,,
3,,,,,
3,,,,,
3,,,,,
3,,,,,
3,,,,,
3,,,,,
3,,,,,
3,,,,,
3,,,,,
3,,,,,
3,,,,,
3,,,,,
3,,,,,
2,EV_B9_C1,,,0.000000,30.899454
1,EV_B9_C1,9.000000,80.000000,,
1,EV_B9_C1,8.000000,80.000000,,
1,EV_B9_C1,7.000000,80.000000,,
1,EV_B9_C1,6.000000,80.000000,,
1,EV_B9_C1,5.000000,80.000000,,
1,EV_B9_C1,4.000000,80.000000,,
1,EV_B9_C1,3.000000,80.000000,,
1,EV_B9_C1,2.000000,80.000000,,
1,EV_B9_C1,1.000000,80.000000,,
1,EV_B9_C1,0.000000,80.000000,,
3,,,,,
3,,,,,
3,,,,,
3,,,,,
3,,,,,
3,,,,,
3,,,,,
3,,,,,
3,,,,,
3,,,,,
3,,,,,
2,EV_B9_C1,,,0.000000,33.570474
1,EV_B9_C1,10.000000,80.000000,,
1,EV_B9_C1,9.000000,80.000000,,
1,EV_B9_C1,8.000000,80.000000,,
1,EV_B9_C1,7.000000,80.000000,,
1,EV_B9_C1,6.000000,80.000000,,
1,EV_B9_C1,5.000000,80.000000,,
1,EV_B9_C1,4.000000,80.000000,,
1,EV_B9_C1,3.000000,80.000000,,
1,EV_B9_C1,2.000000,80.000000,,
1,EV_B9_C1,1.000000,80.000000,,
1,EV_B9_C1,0.000000,80.000000,,
3,,,,,
3,,,,,
3,,,,,
3,,,,,
3,,,,,
3,,,,,
3,,,,,
3,,,,,
3,,,,,
3,,,,,
3,,,,,
3,,,,,
3,,,,,
3,,,,,
3,,,,,
3,,,,,
3,,,,,
3,,,,,
3,,,,,
3,,,,,
3,,,,,
3,,,,,
3,,,,,
3,,,,,
3,,,,,
3,,,,,
3,,,,,
3,,,,,
3,,,,,
3,,,,,
3,,,,,
3,,,,,
3,,,,,
3,,,,,
3,,,,,
3,,,,,
3,,,,,
2,EV_B9_C1,,,0.000000,29.541147
1,EV_B9_C1,9.000000,80.000000,,
1,EV_B9_C1,8.000000,80.000000,,
1,EV_B9_C1,7.000000,80.000000,,
1,EV_B9_C1,6.000000,80.000000,,
1,EV_B9_C1,5.000000,80.000000,,
1,EV_B9_C1,4.000000,80.000000,,
1,EV_B9_C1,3.000000,80.000000,,
1,EV_B9_C1,2.000000,80.000000,,
1,EV_B9_C1,1.000000,80.000000,,
1,EV_B9_C1,0.000000,80.000000,,
3,,,,,
3,,,,,
3,,,,,
3,,,,,
3,,,,,
3,,,,,
3,,,,,
3,,,,,
3,,,,,
3,,,,,
3,,,,,
3,,,,,
3,,,,,
2,EV_B9_C1,,,0.000000,33.766999
1,EV_B9_C1,9.000000,80.000000,,
1,EV_B9_C1,8.000000,80.000000,,
1,EV_B9_C1,7.000000,80.000000,,
1,EV_B9_C1,6.000000,80.000000,,
1,EV_B9_C1,5.000000,80.000000,,
1,EV_B9_C1,4.000000,80.000000,,
1,EV_B9_C1,3.000000,80.000000,,
1,EV_B9_C1,2.000000,80.000000,,
1,EV_B9_C1,1.000000,80.000000,,
1,EV_B9_C1,0.000000,80.000000,,
3,,,,,
3,,,,,
3,,,,,
3,,,,,
3,,,,,
3,,,,,
3,,,,,
3,,,,,
3,,,,,
3,,,,,
3,,,,,
3,,,,,
2,EV_B9_C1,,,0.000000,32.557480
1,EV_B9_C1,10.000000,80.000000,,
1,EV_B9_C1,9.000000,80.000000,,
1,EV_B9_C1,8.000000,80.000000,,
1,EV_B9_C1,7.000000,80.000000,,
1,EV_B9_C1,6.000000,80.000000,,
1,EV_B9_C1,5.000000,80.000000,,
1,EV_B9_C1,4.000000,80.000000,,
1,EV_B9_C1,3.000000,80.000000,,
1,EV_B9_C1,2.000000,80.000000,,
1,EV_B9_C1,1.000000,80.000000,,
1,EV_B9_C1,0.000000,80.000000,,
3,,,,,
3,,,,,
3,,,,,
3,,,,,
3,,,,,
3,,,,,
3,,,,,
3,,,,,
3,,,,,
3,,,,,
3,,,,,
3,,,,,
2,EV_B9_C1,,,0.000000,40.564999
1,EV_B9_C1,8.000000,80.000000,,
1,EV_B9_C1,7.000000,80.000000,,
1,EV_B9_C1,6.000000,80.000000,,
1,EV_B9_C1,5.000000,80.000000,,
1,EV_B9_C1,4.000000,80.000000,,
1,EV_B9_C1,3.000000,80.000000,,
1,EV_B9_C1,2.000000,80.000000,,
1,EV_B9_C1,1.000000,80.000000,,
1,EV_B9_C1,0.000000,80.000000,,
3,,,,,
3,,,,,
3,,,,,
3,,,,,
3,,,,,
3,,,,,
3,,,,,
3,,,,,
3,,,,,
3,,,,,
3,,,,,
3,,,,,
3,,,,,
2,EV_B9_C1,,,0.000000,44.140753
1,EV_B9_C1,11.000000,80.000000,,
1,EV_B9_C1,10.000000,80.000000,,
1,EV_B9_C1,9.000000,80.000000,,
1,EV_B9_C1,8.000000,80.000000,,
1,EV_B9_C1,7.000000,80.000000,,
1,EV_B9_C1,6.000000,80.000000,,
1,EV_B9_C1,5.000000,80.000000,,
1,EV_B9_C1,4.000000,80.000000,,
1,EV_B9_C1,3.000000,80.000000,,
1,EV_B9_C1,2.000000,80.000000,,
1,EV_B9_C1,1.000000,80.000000,,
1,EV_B9_C1,0.000000,80.000000,,
3,,,,,
3,,,,,
3,,,,,
3,,,,,
3,,,,,
3,,,,,
3,,,,,
3,,,,,
3,,,,,
3,,,,,
3,,,,,
3,,,,,
3,,,,,
2,EV_B9_C1,,,0.000000,39.650742
1,EV_B9_C1,9.000000,80.000000,,
1,EV_B9_C1,8.000000,80.000000,,
1,EV_B9_C1,7.000000,80.000000,,
1,EV_B9_C1,6.000000,80.000000,,
1,EV_B9_C1,5.000000,80.000000,,
1,EV_B9_C1,4.000000,80.000000,,
1,EV_B9_C1,3.000000,80.000000,,
1,EV_B9_C1,2.000000,80.000000,,
1,EV_B9_C1,1.000000,80.000000,,
1,EV_B9_C1,0.000000,80.000000,,
3,,,,,
3,,,,,
3,,,,,
3,,,,,
3,,,,,
3,,,,,
3,,,,,
3,,,,,
3,,,,,
3,,,,,
3,,,,,
2,EV_B9_C1,,,0.000000,43.003239
1,EV_B9_C1,11.000000,80.000000,,
1,EV_B9_C1,10.000000,80.000000,,
1,EV_B9_C1,9.000000,80.000000,,
1,EV_B9_C1,8.000000,80.000000,,
1,EV_B9_C1,7.000000,80.000000,,
1,EV_B9_C1,6.000000,80.000000,,
1,EV_B9_C1,5.000000,80.000000,,
1,EV_B9_C1,4.000000,80.000000,,
1,EV_B9_C1,3.000000,80.000000,,
1,EV_B9_C1,2.000000,80.000000,,
1,EV_B9_C1,1.000000,80.000000,,
1,EV_B9_C1,0.000000,80.000000,,
3,,,,,
3,,,,,
3,,,,,
3,,,,,
3,,,,,
3,,,,,
3,,,,,
3,,,,,
3,,,,,
3,,,,,
3,,,,,
3,,,,,
3,,,,,
3,,,,,
2,EV_B9_C1,,,0.000000,40.353743
1,EV_B9_C1,7.000000,80.000000,,
1,EV_B9_C1,6.000000,80.000000,,
1,EV_B9_C1,5.000000,80.000000,,
1,EV_B9_C1,4.000000,80.000000,,
1,EV_B9_C1,3.000000,80.000000,,
1,EV_B9_C1,2.000000,80.000000,,
1,EV_B9_C1,1.000000,80.000000,,
1,EV_B9_C1,0.000000,80.000000,,
3,,,,,
3,,,,,
3,,,,,
3,,,,,
3,,,,,
3,,,,,
3,,,,,
3,,,,,
3,,,,,
3,,,,,
3,,,,,
3,,,,,
3,,,,,
3,,,,,
2,EV_B9_C1,,,0.000000,30.781097
1,EV_B9_C1,9.000000,80.000000,,
1,EV_B9_C1,8.000000,80.000000,,
1,EV_B9_C1,7.000000,80.000000,,
1,EV_B9_C1,6.000000,80.000000,,
1,EV_B9_C1,5.000000,80.000000,,
1,EV_B9_C1,4.000000,80.000000,,
1,EV_B9_C1,3.000000,80.000000,,
1,EV_B9_C1,2.000000,80.000000,,
1,EV_B9_C1,1.000000,80.000000,,
1,EV_B9_C1,0.000000,80.000000,,
3,,,,,
3,,,,,
3,,,,,
3,,,,,
3,,,,,
3,,,,,
3,,,,,
3,,,,,
3,,,,,
3,,,,,
3,,,,,
3,,,,,
3,,,,,
2,EV_B9_C1,,,0.000000,33.103559
1,EV_B9_C1,9.000000,80.000000,,
1,EV_B9_C1,8.000000,80.000000,,
1,EV_B9_C1,7.000000,80.000000,,
1,EV_B9_C1,6.000000,80.000000,,
1,EV_B9_C1,5.000000,80.000000,,
1,EV_B9_C1,4.000000,80.000000,,
1,EV_B9_C1,3.000000,80.000000,,
1,EV_B9_C1,2.000000,80.000000,,
1,EV_B9_C1,1.000000,80.000000,,
1,EV_B9_C1,0.000000,80.000000,,
3,,,,,
3,,,,,
3,,,,,
3,,,,,
3,,,,,
3,,,,,
3,,,,,
3,,,,,
3,,,,,
3,,,,,
3,,,,,
3,,,,,
3,,,,,
3,,,,,
2,EV_B9_C1,,,0.000000,27.810882
1,EV_B9_C1,8.000000,80.000000,,
1,EV_B9_C1,7.000000,80.000000,,
1,EV_B9_C1,6.000000,80.000000,,
1,EV_B9_C1,5.000000,80.000000,,
1,EV_B9_C1,4.000000,80.000000,,
1,EV_B9_C1,3.000000,80.000000,,
1,EV_B9_C1,2.000000,80.000000,,
1,EV_B9_C1,1.000000,80.000000,,
1,EV_B9_C1,0.000000,80.000000,,
3,,,,,
3,,,,,
3,,,,,
3,,,,,
3,,,,,
3,,,,,
3,,,,,
3,,,,,
3,,,,,
3,,,,,
3,,,,,
3,,,,,
3,,,,,
2,EV_B9_C1,,,0.000000,41.363360
1,EV_B9_C1,9.000000,80.000000,,
1,EV_B9_C1,8.000000,80.000000,,
1,EV_B9_C1,7.000000,80.000000,,
1,EV_B9_C1,6.000000,80.000000,,
1,EV_B9_C1,5.000000,80.000000,,
1,EV_B9_C1,4.000000,80.000000,,
1,EV_B9_C1,3.000000,80.000000,,
1,EV_B9_C1,2.000000,80.000000,,
1,EV_B9_C1,1.000000,80.000000,,
1,EV_B9_C1,0.000000,80.000000,,
3,,,,,
3,,,,,
3,,,,,
3,,,,,
3,,,,,
3,,,,,
3,,,,,
3,,,,,
3,,,,,
3,,,,,
3,,,,,
3,,,,,
3,,,,,
2,EV_B9_C1,,,0.000000,39.487486
1,EV_B9_C1,9.000000,80.000000,,
1,EV_B9_C1,8.000000,80.000000,,
1,EV_B9_C1,7.000000,80.000000,,
1,EV_B9_C1,6.000000,80.000000,,
1,EV_B9_C1,5.000000,80.000000,,
1,EV_B9_C1,4.000000,80.000000,,
1,EV_B9_C1,3.000000,80.000000,,
1,EV_B9_C1,2.000000,80.000000,,
1,EV_B9_C1,1.000000,80.000000,,
1,EV_B9_C1,0.000000,80.000000,,
3,,,,,
3,,,,,
3,,,,,
3,,,,,
3,,,,,
3,,,,,
3,,,,,
3,,,,,
3,,,,,
3,,,,,
3,,,,,
3,,,,,
3,,,,,
2,EV_B9_C1,,,0.000000,30.200551
1,EV_B9_C1,8.000000,80.000000,,
1,EV_B9_C1,7.000000,80.000000,,
1,EV_B9_C1,6.000000,80.000000,,
1,EV_B9_C1,5.000000,80.000000,,
1,EV_B9_C1,4.000000,80.000000,,
1,EV_B9_C1,3.000000,80.000000,,
1,EV_B9_C1,2.000000,80.000000,,
1,EV_B9_C1,1.000000,80.000000,,
1,EV_B9_C1,0.000000,80.000000,,
3,,,,,
3,,,,,
3,,,,,
3,,,,,
3,,,,,
3,,,,,
3,,,,,
3,,,,,
3,,,,,
3,,,,,
3,,,,,
3,,,,,
3,,,,,
3,,,,,
2,EV_B9_C1,,,0.000000,29.648003
1,EV_B9_C1,10.000000,80.000000,,
1,EV_B9_C1,9.000000,80.000000,,
1,EV_B9_C1,8.000000,80.000000,,
1,EV_B9_C1,7.000000,80.000000,,
1,EV_B9_C1,6.000000,80.000000,,
1,EV_B9_C1,5.000000,80.000000,,
1,EV_B9_C1,4.000000,80.000000,,
1,EV_B9_C1,3.000000,80.000000,,
1,EV_B9_C1,2.000000,80.000000,,
1,EV_B9_C1,1.000000,80.000000,,
1,EV_B9_C1,0.000000,80.000000,,
3,,,,,
3,,,,,
3,,,,,
3,,,,,
3,,,,,
3,,,,,
3,,,,,
3,,,,,
3,,,,,
3,,,,,
3,,,,,
3,,,,,
2,EV_B9_C1,,,0.000000,32.388265
1,EV_B9_C1,9.000000,80.000000,,
1,EV_B9_C1,8.000000,80.000000,,
1,EV_B9_C1,7.000000,80.000000,,
1,EV_B9_C1,6.000000,80.000000,,
1,EV_B9_C1,5.000000,80.000000,,
1,EV_B9_C1,4.000000,80.000000,,
1,EV_B9_C1,3.000000,80.000000,,
1,EV_B9_C1,2.000000,80.000000,,
1,EV_B9_C1,1.000000,80.000000,,
1,EV_B9_C1,0.000000,80.000000,,
3,,,,,
3,,,,,
3,,,,,
3,,,,,
3,,,,,
3,,,,,
3,,,,,
3,,,,,
3,,,,,
3,,,,,
3,,,,,
3,,,,,
3,,,,,
2,EV_B9_C1,,,0.000000,25.783659
1,EV_B9_C1,8.000000,80.000000,,
1,EV_B9_C1,7.000000,80.000000,,
1,EV_B9_C1,6.000000,80.000000,,
1,EV_B9_C1,5.000000,80.000000,,
1,EV_B9_C1,4.000000,80.000000,,
1,EV_B9_C1,3.000000,80.000000,,
1,EV_B9_C1,2.000000,80.000000,,
1,EV_B9_C1,1.000000,80.000000,,
1,EV_B9_C1,0.000000,80.000000,,
3,,,,,
3,,,,,
3,,,,,
3,,,,,
3,,,,,
3,,,,,
3,,,,,
3,,,,,
3,,,,,
3,,,,,
3,,,,,
3,,,,,
3,,,,,
2,EV_B9_C1,,,0.000000,37.355906
1,EV_B9_C1,10.000000,80.000000,,
1,EV_B9_C1,9.000000,80.000000,,
1,EV_B9_C1,8.000000,80.000000,,
1,EV_B9_C1,7.000000,80.000000,,
1,EV_B9_C1,6.000000,80.000000,,
1,EV_B9_C1,5.000000,80.000000,,
1,EV_B9_C1,4.000000,80.000000,,
1,EV_B9_C1,3.000000,80.000000,,
1,EV_B9_C1,2.000000,80.000000,,
1,EV_B9_C1,1.000000,80.000000,,
1,EV_B9_C1,0.000000,80.000000,,
3,,,,,
3,,,,,
3,,,,,
3,,,,,
3,,,,,
3,,,,,
3,,,,,
3,,,,,
3,,,,,
3,,,,,
3,,,,,
3,,,,,
2,EV_B9_C1,,,0.000000,37.595257
1,EV_B9_C1,9.000000,80.000000,,
1,EV_B9_C1,8.000000,80.000000,,
1,EV_B9_C1,7.000000,80.000000,,
1,EV_B9_C1,6.000000,80.000000,,
1,EV_B9_C1,5.000000,80.000000,,
1,EV_B9_C1,4.000000,80.000000,,
1,EV_B9_C1,3.000000,80.000000,,
1,EV_B9_C1,2.000000,80.000000,,
1,EV_B9_C1,1.000000,80.000000,,
1,EV_B9_C1,0.000000,80.000000,,
3,,,,,
3,,,,,
3,,,,,
3,,,,,
3,,,,,
3,,,,,
3,,,,,
3,,,,,
3,,,,,
3,,,,,
3,,,,,
3,,,,,
3,,,,,
2,EV_B9_C1,,,0.000000,26.493342
1,EV_B9_C1,9.000000,80.000000,,
1,EV_B9_C1,8.000000,80.000000,,
1,EV_B9_C1,7.000000,80.000000,,
1,EV_B9_C1,6.000000,80.000000,,
1,EV_B9_C1,5.000000,80.000000,,
1,EV_B9_C1,4.000000,80.000000,,
1,EV_B9_C1,3.000000,80.000000,,
1,EV_B9_C1,2.000000,80.000000,,
1,EV_B9_C1,1.000000,80.000000,,
1,EV_B9_C1,0.000000,80.000000,,
3,,,,,
3,,,,,
3,,,,,
3,,,,,
3,,,,,
3,,,,,
3,,,,,
3,,,,,
3,,,,,
3,,,,,
3,,,,,
3,,,,,
3,,,,,
3,,,,,
3,,,,,
2,EV_B9_C1,,,0.000000,33.608738
1,EV_B9_C1,8.000000,80.000000,,
1,EV_B9_C1,7.000000,80.000000,,
1,EV_B9_C1,6.000000,80.000000,,
1,EV_B9_C1,5.000000,80.000000,,
1,EV_B9_C1,4.000000,80.000000,,
1,EV_B9_C1,3.000000,80.000000,,
1,EV_B9_C1,2.000000,80.000000,,
1,EV_B9_C1,1.000000,80.000000,,
1,EV_B9_C1,0.000000,80.000000,,
3,,,,,
3,,,,,
3,,,,,
3,,,,,
3,,,,,
3,,,,,
3,,,,,
3,,,,,
3,,,,,
3,,,,,
3,,,,,
2,EV_B9_C1,,,0.000000,43.758155
1,EV_B9_C1,11.000000,80.000000,,
1,EV_B9_C1,10.000000,80.000000,,
1,EV_B9_C1,9.000000,80.000000,,
1,EV_B9_C1,8.000000,80.000000,,
1,EV_B9_C1,7.000000,80.000000,,
1,EV_B9_C1,6.000000,80.000000,,
1,EV_B9_C1,5.000000,80.000000,,
1,EV_B9_C1,4.000000,80.000000,,
1,EV_B9_C1,3.000000,80.000000,,
1,EV_B9_C1,2.000000,80.000000,,
1,EV_B9_C1,1.000000,80.000000,,
1,EV_B9_C1,0.000000,80.000000,,
3,,,,,
3,,,,,
3,,,,,
3,,,,,
3,,,,,
3,,,,,
3,,,,,
3,,,,,
3,,,,,
3,,,,,
3,,,,,
3,,,,,
3,,,,,
2,EV_B9_C1,,,0.000000,34.659277
1,EV_B9_C1,8.000000,80.000000,,
1,EV_B9_C1,7.000000,80.000000,,
1,EV_B9_C1,6.000000,80.000000,,
1,EV_B9_C1,5.000000,80.000000,,
1,EV_B9_C1,4.000000,80.000000,,
1,EV_B9_C1,3.000000,80.000000,,
1,EV_B9_C1,2.000000,80.000000,,
1,EV_B9_C1,1.000000,80.000000,,
1,EV_B9_C1,0.000000,80.000000,,
3,,,,,
3,,,,,
3,,,,,
3,,,,,
3,,,,,
3,,,,,
3,,,,,
3,,,,,
3,,,,,
3,,,,,
3,,,,,
3,,,,,
3,,,,,
3,,,,,
2,EV_B9_C1,,,0.000000,29.040388
1,EV_B9_C1,9.000000,80.000000,,
1,EV_B9_C1,8.000000,80.000000,,
1,EV_B9_C1,7.000000,80.000000,,
1,EV_B9_C1,6.000000,80.000000,,
1,EV_B9_C1,5.000000,80.000000,,
1,EV_B9_C1,4.000000,80.000000,,
1,EV_B9_C1,3.000000,80.000000,,
1,EV_B9_C1,2.000000,80.000000,,
1,EV_B9_C1,1.000000,80.000000,,
1,EV_B9_C1,0.000000,80.000000,,
3,,,,,
3,,,,,
3,,,,,
3,,,,,
3,,,,,
3,,,,,
3,,,,,
3,,,,,
3,,,,,
3,,,,,
3,,,,,
3,,,,,
3,,,,,
2,EV_B9_C1,,,0.000000,34.782345
1,EV_B9_C1,9.000000,80.000000,,
1,EV_B9_C1,8.000000,80.000000,,
1,EV_B9_C1,7.000000,80.000000,,
1,EV_B9_C1,6.000000,80.000000,,
1,EV_B9_C1,5.000000,80.000000,,
1,EV_B9_C1,4.000000,80.000000,,
1,EV_B9_C1,3.000000,80.000000,,
1,EV_B9_C1,2.000000,80.000000,,
1,EV_B9_C1,1.000000,80.000000,,
1,EV_B9_C1,0.000000,80.000000,,
3,,,,,
3,,,,,
3,,,,,
3,,,,,
3,,,,,
3,,,,,
3,,,,,
3,,,,,
3,,,,,
3,,,,,
3,,,,,
3,,,,,
3,,,,,
2,EV_B9_C1,,,0.000000,36.662631
1,EV_B9_C1,9.000000,80.000000,,
1,EV_B9_C1,8.000000,80.000000,,
1,EV_B9_C1,7.000000,80.000000,,
1,EV_B9_C1,6.000000,80.000000,,
1,EV_B9_C1,5.000000,80.000000,,
1,EV_B9_C1,4.000000,80.000000,,
1,EV_B9_C1,3.000000,80.000000,,
1,EV_B9_C1,2.000000,80.000000,,
1,EV_B9_C1,1.000000,80.000000,,
1,EV_B9_C1,0.000000,80.000000,,
3,,,,,
3,,,,,
3,,,,,
3,,,,,
3,,,,,
3,,,,,
3,,,,,
3,,,,,
3,,,,,
3,,,,,
3,,,,,
3,,,,,
3,,,,,
3,,,,,
3,,,,,
3,,,,,
3,,,,,
3,,,,,
3,,,,,
3,,,,,
3,,,,,
3,,,,,
3,,,,,
3,,,,,
3,,,,,
3,,,,,
3,,,,,
3,,,,,
3,,,,,
3,,,,,
3,,,,,
3,,,,,
3,,,,,
3,,,,,
3,,,,,
3,,,,,
2,EV_B9_C1,,,0.000000,37.138342
1,EV_B9_C1,9.000000,80.000000,,
1,EV_B9_C1,8.000000,80.000000,,
1,EV_B9_C1,7.000000,80.000000,,
1,EV_B9_C1,6.000000,80.000000,,
1,EV_B9_C1,5.000000,80.000000,,
1,EV_B9_C1,4.000000,80.000000,,
1,EV_B9_C1,3.000000,80.000000,,
1,EV_B9_C1,2.000000,80.000000,,
1,EV_B9_C1,1.000000,80.000000,,
1,EV_B9_C1,0.000000,80.000000,,
3,,,,,
3,,,,,
3,,,,,
3,,,,,
3,,,,,
3,,,,,
3,,,,,
3,,,,,
3,,,,,
3,,,,,
3,,,,,
3,,,,,
2,EV_B9_C1,,,0.000000,27.309187
1,EV_B9_C1,9.000000,80.000000,,
1,EV_B9_C1,8.000000,80.000000,,
1,EV_B9_C1,7.000000,80.000000,,
1,EV_B9_C1,6.000000,80.000000,,
1,EV_B9_C1,5.000000,80.000000,,
1,EV_B9_C1,4.000000,80.000000,,
1,EV_B9_C1,3.000000,80.000000,,
1,EV_B9_C1,2.000000,80.000000,,
1,EV_B9_C1,1.000000,80.000000,,
1,EV_B9_C1,0.000000,80.000000,,
3,,,,,
3,,,,,
3,,,,,
3,,,,,
3,,,,,
3,,,,,
3,,,,,
3,,,,,
3,,,,,
3,,,,,
3,,,,,
3,,,,,
3,,,,,
3,,,,,
3,,,,,
2,EV_B9_C1,,,0.000000,26.732035
1,EV_B9_C1,9.000000,80.000000,,
1,EV_B9_C1,8.000000,80.000000,,
1,EV_B9_C1,7.000000,80.000000,,
1,EV_B9_C1,6.000000,80.000000,,
1,EV_B9_C1,5.000000,80.000000,,
1,EV_B9_C1,4.000000,80.000000,,
1,EV_B9_C1,3.000000,80.000000,,
1,EV_B9_C1,2.000000,80.000000,,
1,EV_B9_C1,1.000000,80.000000,,
1,EV_B9_C1,0.000000,80.000000,,
3,,,,,
3,,,,,
3,,,,,
3,,,,,
3,,,,,
3,,,,,
3,,,,,
3,,,,,
3,,,,,
3,,,,,
3,,,,,
3,,,,,
3,,,,,
2,EV_B9_C1,,,0.000000,32.305648
1,EV_B9_C1,8.000000,80.000000,,
1,EV_B9_C1,7.000000,80.000000,,
1,EV_B9_C1,6.000000,80.000000,,
1,EV_B9_C1,5.000000,80.000000,,
1,EV_B9_C1,4.000000,80.000000,,
1,EV_B9_C1,3.000000,80.000000,,
1,EV_B9_C1,2.000000,80.000000,,
1,EV_B9_C1,1.000000,80.000000,,
1,EV_B9_C1,0.000000,80.000000,,
3,,,,,
3,,,,,
3,,,,,
3,,,,,
3,,,,,
3,,,,,
3,,,,,
3,,,,,
3,,,,,
3,,,,,
3,,,,,
3,,,,,
3,,,,,
2,EV_B9_C1,,,0.000000,26.219863
1,EV_B9_C1,9.000000,80.000000,,
1,EV_B9_C1,8.000000,80.000000,,
1,EV_B9_C1,7.000000,80.000000,,
1,EV_B9_C1,6.000000,80.000000,,
1,EV_B9_C1,5.000000,80.000000,,
1,EV_B9_C1,4.000000,80.000000,,
1,EV_B9_C1,3.000000,80.000000,,
1,EV_B9_C1,2.000000,80.000000,,
1,EV_B9_C1,1.000000,80.000000,,
1,EV_B9_C1,0.000000,80.000000,,
3,,,,,
3,,,,,
3,,,,,
3,,,,,
3,,,,,
3,,,,,
3,,,,,
3,,,,,
3,,,,,
3,,,,,
3,,,,,
3,,,,,
3,,,,,
2,EV_B9_C1,,,0.000000,31.115872
1,EV_B9_C1,9.000000,80.000000,,
1,EV_B9_C1,8.000000,80.000000,,
1,EV_B9_C1,7.000000,80.000000,,
1,EV_B9_C1,6.000000,80.000000,,
1,EV_B9_C1,5.000000,80.000000,,
1,EV_B9_C1,4.000000,80.000000,,
1,EV_B9_C1,3.000000,80.000000,,
1,EV_B9_C1,2.000000,80.000000,,
1,EV_B9_C1,1.000000,80.000000,,
1,EV_B9_C1,0.000000,80.000000,,
3,,,,,
3,,,,,
3,,,,,
3,,,,,
3,,,,,
3,,,,,
3,,,,,
3,,,,,
3,,,,,
3,,,,,
3,,,,,
3,,,,,
3,,,,,
3,,,,,
3,,,,,
2,EV_B9_C1,,,0.000000,37.168929
1,EV_B9_C1,8.000000,80.000000,,
1,EV_B9_C1,7.000000,80.000000,,
1,EV_B9_C1,6.000000,80.000000,,
1,EV_B9_C1,5.000000,80.000000,,
1,EV_B9_C1,4.000000,80.000000,,
1,EV_B9_C1,3.000000,80.000000,,
1,EV_B9_C1,2.000000,80.000000,,
1,EV_B9_C1,1.000000,80.000000,,
1,EV_B9_C1,0.000000,80.000000,,
3,,,,,
3,,,,,
3,,,,,
3,,,,,
3,,,,,
3,,,,,
3,,,,,
3,,,,,
3,,,,,
3,,,,,
3,,,,,
3,,,,,
3,,,,,
2,EV_B9_C1,,,0.000000,30.671816
1,EV_B9_C1,9.000000,80.000000,,
1,EV_B9_C1,8.000000,80.000000,,
1,EV_B9_C1,7.000000,80.000000,,
1,EV_B9_C1,6.000000,80.000000,,
1,EV_B9_C1,5.000000,80.000000,,
1,EV_B9_C1,4.000000,80.000000,,
1,EV_B9_C1,3.000000,80.000000,,
1,EV_B9_C1,2.000000,80.000000,,
1,EV_B9_C1,1.000000,80.000000,,
1,EV_B9_C1,0.000000,80.000000,,
3,,,,,
3,,,,,
3,,,,,
3,,,,,
3,,,,,
3,,,,,
3,,,,,
3,,,,,
3,,,,,
3,,,,,
3,,,,,
2,EV_B9_C1,,,0.000000,42.226452
1,EV_B9_C1,9.000000,80.000000,,
1,EV_B9_C1,8.000000,80.000000,,
1,EV_B9_C1,7.000000,80.000000,,
1,EV_B9_C1,6.000000,80.000000,,
1,EV_B9_C1,5.000000,80.000000,,
1,EV_B9_C1,4.000000,80.000000,,
1,EV_B9_C1,3.000000,80.000000,,
1,EV_B9_C1,2.000000,80.000000,,
1,EV_B9_C1,1.000000,80.000000,,
1,EV_B9_C1,0.000000,80.000000,,
3,,,,,
3,,,,,
3,,,,,
3,,,,,
3,,,,,
3,,,,,
3,,,,,
3,,,,,
3,,,,,
3,,,,,
3,,,,,
3,,,,,
3,,,,,
3,,,,,
2,EV_B9_C1,,,0.000000,35.540537
1,EV_B9_C1,10.000000,80.000000,,
1,EV_B9_C1,9.000000,80.000000,,
1,EV_B9_C1,8.000000,80.000000,,
1,EV_B9_C1,7.000000,80.000000,,
1,EV_B9_C1,6.000000,80.000000,,
1,EV_B9_C1,5.000000,80.000000,,
1,EV_B9_C1,4.000000,80.000000,,
1,EV_B9_C1,3.000000,80.000000,,
1,EV_B9_C1,2.000000,80.000000,,
1,EV_B9_C1,1.000000,80.000000,,
1,EV_B9_C1,0.000000,80.000000,,
3,,,,,
3,,,,,
3,,,,,
3,,,,,
3,,,,,
3,,,,,
3,,,,,
3,,,,,
3,,,,,
3,,,,,
3,,,,,
3,,,,,
3,,,,,
2,EV_B9_C1,,,0.000000,39.121696
1,EV_B9_C1,9.000000,80.000000,,
1,EV_B9_C1,8.000000,80.000000,,
1,EV_B9_C1,7.000000,80.000000,,
1,EV_B9_C1,6.000000,80.000000,,
1,EV_B9_C1,5.000000,80.000000,,
1,EV_B9_C1,4.000000,80.000000,,
1,EV_B9_C1,3.000000,80.000000,,
1,EV_B9_C1,2.000000,80.000000,,
1,EV_B9_C1,1.000000,80.000000,,
1,EV_B9_C1,0.000000,80.000000,,
3,,,,,
3,,,,,
3,,,,,
3,,,,,
3,,,,,
3,,,,,
3,,,,,
3,,,,,
3,,,,,
3,,,,,
3,,,,,
3,,,,,
3,,,,,
2,EV_B9_C1,,,0.000000,28.512191
1,EV_B9_C1,9.000000,80.000000,,
1,EV_B9_C1,8.000000,80.000000,,
1,EV_B9_C1,7.000000,80.000000,,
1,EV_B9_C1,6.000000,80.000000,,
1,EV_B9_C1,5.000000,80.000000,,
1,EV_B9_C1,4.000000,80.000000,,
1,EV_B9_C1,3.000000,80.000000,,
1,EV_B9_C1,2.000000,80.000000,,
1,EV_B9_C1,1.000000,80.000000,,
1,EV_B9_C1,0.000000,80.000000,,
3,,,,,
3,,,,,
3,,,,,
3,,,,,
3,,,,,
3,,,,,
3,,,,,
3,,,,,
3,,,,,
3,,,,,
3,,,,,
3,,,,,
2,EV_B9_C1,,,0.000000,38.593754
1,EV_B9_C1,9.000000,80.000000,,
1,EV_B9_C1,8.000000,80.000000,,
1,EV_B9_C1,7.000000,80.000000,,
1,EV_B9_C1,6.000000,80.000000,,
1,EV_B9_C1,5.000000,80.000000,,
1,EV_B9_C1,4.000000,80.000000,,
1,EV_B9_C1,3.000000,80.000000,,
1,EV_B9_C1,2.000000,80.000000,,
1,EV_B9_C1,1.000000,80.000000,,
1,EV_B9_C1,0.000000,80.000000,,
3,,,,,
3,,,,,
3,,,,,
3,,,,,
3,,,,,
3,,,,,
3,,,,,
3,,,,,
3,,,,,
3,,,,,
3,,,,,
3,,,,,
2,EV_B9_C1,,,0.000000,28.366624
1,EV_B9_C1,11.000000,80.000000,,
1,EV_B9_C1,10.000000,80.000000,,
1,EV_B9_C1,9.000000,80.000000,,
1,EV_B9_C1,8.000000,80.000000,,
1,EV_B9_C1,7.000000,80.000000,,
1,EV_B9_C1,6.000000,80.000000,,
1,EV_B9_C1,5.000000,80.000000,,
1,EV_B9_C1,4.000000,80.000000,,
1,EV_B9_C1,3.000000,80.000000,,
1,EV_B9_C1,2.000000,80.000000,,
1,EV_B9_C1,1.000000,80.000000,,
1,EV_B9_C1,0.000000,80.000000,,
3,,,,,
3,,,,,
3,,,,,
3,,,,,
3,,,,,
3,,,,,
3,,,,,
3,,,,,
3,,,,,
3,,,,,
3,,,,,
3,,,,,
3,,,,,
2,EV_B9_C1,,,0.000000,37.286867
1,EV_B9_C1,8.000000,80.000000,,
1,EV_B9_C1,7.000000,80.000000,,
1,EV_B9_C1,6.000000,80.000000,,
1,EV_B9_C1,5.000000,80.000000,,
1,EV_B9_C1,4.000000,80.000000,,
1,EV_B9_C1,3.000000,80.000000,,
1,EV_B9_C1,2.000000,80.000000,,
1,EV_B9_C1,1.000000,80.000000,,
1,EV_B9_C1,0.000000,80.000000,,
3,,,,,
3,,,,,
3,,,,,
3,,,,,
3,,,,,
3,,,,,
3,,,,,
3,,,,,
3,,,,,
3,,,,,
3,,,,,
3,,,,,
3,,,,,
3,,,,,
3,,,,,
3,,,,,
3,,,,,
3,,,,,
3,,,,,
3,,,,,
3,,,,,
3,,,,,
3,,,,,
3,,,,,
3,,,,,
3,,,,,
3,,,,,
3,,,,,
3,,,,,
3,,,,,
3,,,,,
3,,,,,
3,,,,,
3,,,,,
3,,,,,
3,,,,,
3,,,,,
2,EV_B9_C1,,,0.000000,41.753222
1,EV_B9_C1,10.000000,80.000000,,
1,EV_B9_C1,9.000000,80.000000,,
1,EV_B9_C1,8.000000,80.000000,,
1,EV_B9_C1,7.000000,80.000000,,
1,EV_B9_C1,6.000000,80.000000,,
1,EV_B9_C1,5.000000,80.000000,,
1,EV_B9_C1,4.000000,80.000000,,
1,EV_B9_C1,3.000000,80.000000,,
1,EV_B9_C1,2.000000,80.000000,,
1,EV_B9_C1,1.000000,80.000000,,
1,EV_B9_C1,0.000000,80.000000,,
3,,,,,
3,,,,,
3,,,,,
3,,,,,
3,,,,,
3,,,,,
3,,,,,
3,,,,,
3,,,,,
3,,,,,
3,,,,,
3,,,,,
2,EV_B9_C1,,,0.000000,27.968354
1,EV_B9_C1,10.000000,80.000000,,
1,EV_B9_C1,9.000000,80.000000,,
1,EV_B9_C1,8.000000,80.000000,,
1,EV_B9_C1,7.000000,80.000000,,
1,EV_B9_C1,6.000000,80.000000,,
1,EV_B9_C1,5.000000,80.000000,,
1,EV_B9_C1,4.000000,80.000000,,
1,EV_B9_C1,3.000000,80.000000,,
1,EV_B9_C1,2.000000,80.000000,,
1,EV_B9_C1,1.000000,80.000000,,
1,EV_B9_C1,0.000000,80.000000,,
3,,,,,
3,,,,,
3,,,,,
3,,,,,
3,,,,,
3,,,,,
3,,,,,
3,,,,,
3,,,,,
3,,,,,
3,,,,,
3,,,,,
3,,,,,
3,,,,,
3,,,,,
3,,,,,
3,,,,,
3,,,,,
3,,,,,
3,,,,,
3,,,,,
3,,,,,
3,,,,,
3,,,,,
3,,,,,
3,,,,,
3,,,,,
3,,,,,
3,,,,,
3,,,,,
3,,,,,
3,,,,,
3,,,,,
3,,,,,
3,,,,,
3,,,,,
3,,,,,
3,,,,,
3,,,,,
2,EV_B9_C1,,,0.000000,30.637320
1,EV_B9_C1,6.000000,80.000000,,
1,EV_B9_C1,5.000000,80.000000,,
1,EV_B9_C1,4.000000,80.000000,,
1,EV_B9_C1,3.000000,80.000000,,
1,EV_B9_C1,2.000000,80.000000,,
1,EV_B9_C1,1.000000,80.000000,,
1,EV_B9_C1,0.000000,80.000000,,
3,,,,,
3,,,,,
3,,,,,
3,,,,,
3,,,,,
3,,,,,
3,,,,,
3,,,,,
3,,,,,
3,,,,,
3,,,,,
3,,,,,
2,EV_B9_C1,,,0.000000,35.577174
1,EV_B9_C1,11.000000,80.000000,,
1,EV_B9_C1,10.000000,80.000000,,
1,EV_B9_C1,9.000000,80.000000,,
1,EV_B9_C1,8.000000,80.000000,,
1,EV_B9_C1,7.000000,80.000000,,
1,EV_B9_C1,6.000000,80.000000,,
1,EV_B9_C1,5.000000,80.000000,,
1,EV_B9_C1,4.000000,80.000000,,
1,EV_B9_C1,3.000000,80.000000,,
1,EV_B9_C1,2.000000,80.000000,,
1,EV_B9_C1,1.000000,80.000000,,
1,EV_B9_C1,0.000000,80.000000,,
3,,,,,
3,,,,,
3,,,,,
3,,,,,
3,,,,,
3,,,,,
3,,,,,
3,,,,,
3,,,,,
3,,,,,
3,,,,,
3,,,,,
2,EV_B9_C1,,,0.000000,27.891889
1,EV_B9_C1,10.000000,80.000000,,
1,EV_B9_C1,9.000000,80.000000,,
1,EV_B9_C1,8.000000,80.000000,,
1,EV_B9_C1,7.000000,80.000000,,
1,EV_B9_C1,6.000000,80.000000,,
1,EV_B9_C1,5.000000,80.000000,,
1,EV_B9_C1,4.000000,80.000000,,
1,EV_B9_C1,3.000000,80.000000,,
1,EV_B9_C1,2.000000,80.000000,,
1,EV_B9_C1,1.000000,80.000000,,
1,EV_B9_C1,0.000000,80.000000,,
3,,,,,
3,,,,,
3,,,,,
3,,,,,
3,,,,,
3,,,,,
3,,,,,
3,,,,,
3,,,,,
3,,,,,
3,,,,,
3,,,,,
2,EV_B9_C1,,,0.000000,28.911664
1,EV_B9_C1,9.000000,80.000000,,
1,EV_B9_C1,8.000000,80.000000,,
1,EV_B9_C1,7.000000,80.000000,,
1,EV_B9_C1,6.000000,80.000000,,
1,EV_B9_C1,5.000000,80.000000,,
1,EV_B9_C1,4.000000,80.000000,,
1,EV_B9_C1,3.000000,80.000000,,
1,EV_B9_C1,2.000000,80.000000,,
1,EV_B9_C1,1.000000,80.000000,,
1,EV_B9_C1,0.000000,80.000000,,
3,,,,,
3,,,,,
3,,,,,
3,,,,,
3,,,,,
3,,,,,
3,,,,,
3,,,,,
3,,,,,
3,,,,,
3,,,,,
3,,,,,
3,,,,,
3,,,,,
3,,,,,
2,EV_B9_C1,,,0.000000,29.889569
1,EV_B9_C1,8.000000,80.000000,,
1,EV_B9_C1,7.000000,80.000000,,
1,EV_B9_C1,6.000000,80.000000,,
1,EV_B9_C1,5.000000,80.000000,,
1,EV_B9_C1,4.000000,80.000000,,
1,EV_B9_C1,3.000000,80.000000,,
1,EV_B9_C1,2.000000,80.000000,,
1,EV_B9_C1,1.000000,80.000000,,
1,EV_B9_C1,0.000000,80.000000,,
3,,,,,
3,,,,,
3,,,,,
3,,,,,
3,,,,,
3,,,,,
3,,,,,
3,,,,,
3,,,,,
3,,,,,
3,,,,,
3,,,,,
2,EV_B9_C1,,,0.000000,34.564657
1,EV_B9_C1,9.000000,80.000000,,
1,EV_B9_C1,8.000000,80.000000,,
1,EV_B9_C1,7.000000,80.000000,,
1,EV_B9_C1,6.000000,80.000000,,
1,EV_B9_C1,5.000000,80.000000,,
1,EV_B9_C1,4.000000,80.000000,,
1,EV_B9_C1,3.000000,80.000000,,
1,EV_B9_C1,2.000000,80.000000,,
1,EV_B9_C1,1.000000,80.000000,,
1,EV_B9_C1,0.000000,80.000000,,
3,,,,,
3,,,,,
3,,,,,
3,,,,,
3,,,,,
3,,,,,
3,,,,,
3,,,,,
3,,,,,
3,,,,,
3,,,,,
3,,,,,
3,,,,,
2,EV_B9_C1,,,0.000000,40.980748
1,EV_B9_C1,10.000000,80.000000,,
1,EV_B9_C1,9.000000,80.000000,,
1,EV_B9_C1,8.000000,80.000000,,
1,EV_B9_C1,7.000000,80.000000,,
1,EV_B9_C1,6.000000,80.000000,,
1,EV_B9_C1,5.000000,80.000000,,
1,EV_B9_C1,4.000000,80.000000,,
1,EV_B9_C1,3.000000,80.000000,,
1,EV_B9_C1,2.000000,80.000000,,
1,EV_B9_C1,1.000000,80.000000,,
1,EV_B9_C1,0.000000,80.000000,,
3,,,,,
3,,,,,
3,,,,,
3,,,,,
3,,,,,
3,,,,,
3,,,,,
3,,,,,
3,,,,,
3,,,,,
3,,,,,
3,,,,,
3,,,,,
3,,,,,
3,,,,,
2,EV_B9_C1,,,0.000000,31.616245
1,EV_B9_C1,7.000000,80.000000,,
1,EV_B9_C1,6.000000,80.000000,,
1,EV_B9_C1,5.000000,80.000000,,
1,EV_B9_C1,4.000000,80.000000,,
1,EV_B9_C1,3.000000,80.000000,,
1,EV_B9_C1,2.000000,80.000000,,
1,EV_B9_C1,1.000000,80.000000,,
1,EV_B9_C1,0.000000,80.000000,,
3,,,,,
3,,,,,
3,,,,,
3,,,,,
3,,,,,
3,,,,,
3,,,,,
3,,,,,
3,,,,,
3,,,,,
3,,,,,
3,,,,,
3,,,,,
2,EV_B9_C1,,,0.000000,37.589290
1,EV_B9_C1,8.000000,80.000000,,
1,EV_B9_C1,7.000000,80.000000,,
1,EV_B9_C1,6.000000,80.000000,,
1,EV_B9_C1,5.000000,80.000000,,
1,EV_B9_C1,4.000000,80.000000,,
1,EV_B9_C1,3.000000,80.000000,,
1,EV_B9_C1,2.000000,80.000000,,
1,EV_B9_C1,1.000000,80.000000,,
1,EV_B9_C1,0.000000,80.000000,,
3,,,,,
3,,,,,
3,,,,,
3,,,,,
3,,,,,
3,,,,,
3,,,,,
3,,,,,
3,,,,,
3,,,,,
3,,,,,
3,,,,,
3,,,,,
2,EV_B9_C1,,,0.000000,41.547745
1,EV_B9_C1,10.000000,80.000000,,
1,EV_B9_C1,9.000000,80.000000,,
1,EV_B9_C1,8.000000,80.000000,,
1,EV_B9_C1,7.000000,80.000000,,
1,EV_B9_C1,6.000000,80.000000,,
1,EV_B9_C1,5.000000,80.000000,,
1,EV_B9_C1,4.000000,80.000000,,
1,EV_B9_C1,3.000000,80.000000,,
1,EV_B9_C1,2.000000,80.000000,,
1,EV_B9_C1,1.000000,80.000000,,
1,EV_B9_C1,0.000000,80.000000,,
3,,,,,
3,,,,,
3,,,,,
3,,,,,
3,,,,,
3,,,,,
3,,,,,
3,,,,,
3,,,,,
3,,,,,
3,,,,,
3,,,,,
2,EV_B9_C1,,,0.000000,34.230046
1,EV_B9_C1,9.000000,80.000000,,
1,EV_B9_C1,8.000000,80.000000,,
1,EV_B9_C1,7.000000,80.000000,,
1,EV_B9_C1,6.000000,80.000000,,
1,EV_B9_C1,5.000000,80.000000,,
1,EV_B9_C1,4.000000,80.000000,,
1,EV_B9_C1,3.000000,80.000000,,
1,EV_B9_C1,2.000000,80.000000,,
1,EV_B9_C1,1.000000,80.000000,,
1,EV_B9_C1,0.000000,80.000000,,
3,,,,,
3,,,,,
3,,,,,
3,,,,,
3,,,,,
3,,,,,
3,,,,,
3,,,,,
3,,,,,
3,,,,,
3,,,,,
3,,,,,
3,,,,,
3,,,,,
3,,,,,
2,EV_B9_C1,,,0.000000,25.324061
1,EV_B9_C1,8.000000,80.000000,,
1,EV_B9_C1,7.000000,80.000000,,
1,EV_B9_C1,6.000000,80.000000,,
1,EV_B9_C1,5.000000,80.000000,,
1,EV_B9_C1,4.000000,80.000000,,
1,EV_B9_C1,3.000000,80.000000,,
1,EV_B9_C1,2.000000,80.000000,,
1,EV_B9_C1,1.000000,80.000000,,
1,EV_B9_C1,0.000000,80.000000,,
3,,,,,
3,,,,,
3,,,,,
3,,,,,
3,,,,,
3,,,,,
3,,,,,
3,,,,,
3,,,,,
3,,,,,
3,,,,,
2,EV_B9_C1,,,0.000000,43.747111
1,EV_B9_C1,11.000000,80.000000,,
1,EV_B9_C1,10.000000,80.000000,,
1,EV_B9_C1,9.000000,80.000000,,
1,EV_B9_C1,8.000000,80.000000,,
1,EV_B9_C1,7.000000,80.000000,,
1,EV_B9_C1,6.000000,80.000000,,
1,EV_B9_C1,5.000000,80.000000,,
1,EV_B9_C1,4.000000,80.000000,,
1,EV_B9_C1,3.000000,80.000000,,
1,EV_B9_C1,2.000000,80.000000,,
1,EV_B9_C1,1.000000,80.000000,,
1,EV_B9_C1,0.000000,80.000000,,
3,,,,,
3,,,,,
3,,,,,
3,,,,,
3,,,,,
3,,,,,
3,,,,,
3,,,,,
3,,,,,
3,,,,,
3,,,,,
3,,,,,
2,EV_B9_C1,,,0.000000,25.360512
1,EV_B9_C1,9.000000,80.000000,,
1,EV_B9_C1,8.000000,80.000000,,
1,EV_B9_C1,7.000000,80.000000,,
1,EV_B9_C1,6.000000,80.000000,,
1,EV_B9_C1,5.000000,80.000000,,
1,EV_B9_C1,4.000000,80.000000,,
1,EV_B9_C1,3.000000,80.000000,,
1,EV_B9_C1,2.000000,80.000000,,
1,EV_B9_C1,1.000000,80.000000,,
1,EV_B9_C1,0.000000,80.000000,,
3,,,,,
3,,,,,
3,,,,,
3,,,,,
3,,,,,
3,,,,,
3,,,,,
3,,,,,
3,,,,,
3,,,,,
3,,,,,
3,,,,,
3,,,,,
3,,,,,
2,EV_B9_C1,,,0.000000,34.746941
1,EV_B9_C1,9.000000,80.000000,,
1,EV_B9_C1,8.000000,80.000000,,
1,EV_B9_C1,7.000000,80.000000,,
1,EV_B9_C1,6.000000,80.000000,,
1,EV_B9_C1,5.000000,80.000000,,
1,EV_B9_C1,4.000000,80.000000,,
1,EV_B9_C1,3.000000,80.000000,,
1,EV_B9_C1,2.000000,80.000000,,
1,EV_B9_C1,1.000000,80.000000,,
1,EV_B9_C1,0.000000,80.000000,,
3,,,,,
3,,,,,
3,,,,,
3,,,,,
3,,,,,
3,,,,,
3,,,,,
3,,,,,
3,,,,,
3,,,,,
3,,,,,
3,,,,,
2,EV_B9_C1,,,0.000000,40.717729
1,EV_B9_C1,9.000000,80.000000,,
1,EV_B9_C1,8.000000,80.000000,,
1,EV_B9_C1,7.000000,80.000000,,
1,EV_B9_C1,6.000000,80.000000,,
1,EV_B9_C1,5.000000,80.000000,,
1,EV_B9_C1,4.000000,80.000000,,
1,EV_B9_C1,3.000000,80.000000,,
1,EV_B9_C1,2.000000,80.000000,,
1,EV_B9_C1,1.000000,80.000000,,
1,EV_B9_C1,0.000000,80.000000,,
3,,,,,
3,,,,,
3,,,,,
3,,,,,
3,,,,,
3,,,,,
3,,,,,
3,,,,,
3,,,,,
3,,,,,
3,,,,,
3,,,,,
3,,,,,
2,EV_B9_C1,,,0.000000,27.774981
1,EV_B9_C1,10.000000,80.000000,,
1,EV_B9_C1,9.000000,80.000000,,
1,EV_B9_C1,8.000000,80.000000,,
1,EV_B9_C1,7.000000,80.000000,,
1,EV_B9_C1,6.000000,80.000000,,
1,EV_B9_C1,5.000000,80.000000,,
1,EV_B9_C1,4.000000,80.000000,,
1,EV_B9_C1,3.000000,80.000000,,
1,EV_B9_C1,2.000000,80.000000,,
1,EV_B9_C1,1.000000,80.000000,,
1,EV_B9_C1,0.000000,80.000000,,
3,,,,,
3,,,,,
3,,,,,
3,,,,,
3,,,,,
3,,,,,
3,,,,,
3,,,,,
3,,,,,
3,,,,,
3,,,,,
3,,,,,
2,EV_B9_C1,,,0.000000,37.528070
1,EV_B9_C1,9.000000,80.000000,,
1,EV_B9_C1,8.000000,80.000000,,
1,EV_B9_C1,7.000000,80.000000,,
1,EV_B9_C1,6.000000,80.000000,,
1,EV_B9_C1,5.000000,80.000000,,
1,EV_B9_C1,4.000000,80.000000,,
1,EV_B9_C1,3.000000,80.000000,,
1,EV_B9_C1,2.000000,80.000000,,
1,EV_B9_C1,1.000000,80.000000,,
1,EV_B9_C1,0.000000,80.000000,,
3,,,,,
3,,,,,
3,,,,,
3,,,,,
3,,,,,
3,,,,,
3,,,,,
3,,,,,
3,,,,,
3,,,,,
3,,,,,
3,,,,,
3,,,,,
3,,,,,
2,EV_B9_C1,,,0.000000,34.411998
1,EV_B9_C1,8.000000,80.000000,,
1,EV_B9_C1,7.000000,80.000000,,
1,EV_B9_C1,6.000000,80.000000,,
1,EV_B9_C1,5.000000,80.000000,,
1,EV_B9_C1,4.000000,80.000000,,
1,EV_B9_C1,3.000000,80.000000,,
1,EV_B9_C1,2.000000,80.000000,,
1,EV_B9_C1,1.000000,80.000000,,
1,EV_B9_C1,0.000000,80.000000,,
3,,,,,
3,,,,,
3,,,,,
3,,,,,
3,,,,,
3,,,,,
3,,,,,
3,,,,,
3,,,,,
3,,,,,
3,,,,,
3,,,,,
3,,,,,
3,,,,,
3,,,,,
2,EV_B9_C1,,,0.000000,29.206848
1,EV_B9_C1,8.000000,80.000000,,
1,EV_B9_C1,7.000000,80.000000,,
1,EV_B9_C1,6.000000,80.000000,,
1,EV_B9_C1,5.000000,80.000000,,
1,EV_B9_C1,4.000000,80.000000,,
1,EV_B9_C1,3.000000,80.000000,,
1,EV_B9_C1,2.000000,80.000000,,
1,EV_B9_C1,1.000000,80.000000,,
1,EV_B9_C1,0.000000,80.000000,,
3,,,,,
3,,,,,
3,,,,,
3,,,,,
3,,,,,
3,,,,,
3,,,,,
3,,,,,
3,,,,,
3,,,,,
3,,,,,
3,,,,,
3,,,,,
2,EV_B9_C1,,,0.000000,37.135545
1,EV_B9_C1,8.000000,80.000000,,
1,EV_B9_C1,7.000000,80.000000,,
1,EV_B9_C1,6.000000,80.000000,,
1,EV_B9_C1,5.000000,80.000000,,
1,EV_B9_C1,4.000000,80.000000,,
1,EV_B9_C1,3.000000,80.000000,,
1,EV_B9_C1,2.000000,80.000000,,
1,EV_B9_C1,1.000000,80.000000,,
1,EV_B9_C1,0.000000,80.000000,,
3,,,,,
3,,,,,
3,,,,,
3,,,,,
3,,,,,
3,,,,,
3,,,,,
3,,,,,
3,,,,,
3,,,,,
3,,,,,
3,,,,,
3,,,,,
3,,,,,
3,,,,,
3,,,,,
3,,,,,
3,,,,,
3,,,,,
3,,,,,
3,,,,,
3,,,,,
3,,,,,
3,,,,,
3,,,,,
3,,,,,
3,,,,,
3,,,,,
3,,,,,
3,,,,,
3,,,,,
3,,,,,
3,,,,,
3,,,,,
3,,,,,
3,,,,,
3,,,,,
2,EV_B9_C1,,,0.000000,26.808689
1,EV_B9_C1,9.000000,80.000000,,
1,EV_B9_C1,8.000000,80.000000,,
1,EV_B9_C1,7.000000,80.000000,,
1,EV_B9_C1,6.000000,80.000000,,
1,EV_B9_C1,5.000000,80.000000,,
1,EV_B9_C1,4.000000,80.000000,,
1,EV_B9_C1,3.000000,80.000000,,
1,EV_B9_C1,2.000000,80.000000,,
1,EV_B9_C1,1.000000,80.000000,,
1,EV_B9_C1,0.000000,80.000000,,
3,,,,,
3,,,,,
3,,,,,
3,,,,,
3,,,,,
3,,,,,
3,,,,,
3,,,,,
3,,,,,
3,,,,,
3,,,,,
3,,,,,
3,,,,,
3,,,,,
2,EV_B9_C1,,,0.000000,33.416975
1,EV_B9_C1,8.000000,80.000000,,
1,EV_B9_C1,7.000000,80.000000,,
1,EV_B9_C1,6.000000,80.000000,,
1,EV_B9_C1,5.000000,80.000000,,
1,EV_B9_C1,4.000000,80.000000,,
1,EV_B9_C1,3.000000,80.000000,,
1,EV_B9_C1,2.000000,80.000000,,
1,EV_B9_C1,1.000000,80.000000,,
1,EV_B9_C1,0.000000,80.000000,,
3,,,,,
3,,,,,
3,,,,,
3,,,,,
3,,,,,
3,,,,,
3,,,,,
3,,,,,
3,,,,,
3,,,,,
3,,,,,
3,,,,,
3,,,,,
3,,,,,
3,,,,,
3,,,,,
2,EV_B9_C1,,,0.000000,32.943176
1,EV_B9_C1,6.000000,80.000000,,
1,EV_B9_C1,5.000000,80.000000,,
1,EV_B9_C1,4.000000,80.000000,,
1,EV_B9_C1,3.000000,80.000000,,
1,EV_B9_C1,2.000000,80.000000,,
1,EV_B9_C1,1.000000,80.000000,,
1,EV_B9_C1,0.000000,80.000000,,
3,,,,,
3,,,,,
3,,,,,
3,,,,,
3,,,,,
3,,,,,
3,,,,,
3,,,,,
3,,,,,
3,,,,,
3,,,,,
3,,,,,
3,,,,,
3,,,,,
3,,,,,
2,EV_B9_C1,,,0.000000,43.999105
1,EV_B9_C1,7.000000,80.000000,,
1,EV_B9_C1,6.000000,80.000000,,
1,EV_B9_C1,5.000000,80.000000,,
1,EV_B9_C1,4.000000,80.000000,,
1,EV_B9_C1,3.000000,80.000000,,
1,EV_B9_C1,2.000000,80.000000,,
1,EV_B9_C1,1.000000,80.000000,,
1,EV_B9_C1,0.000000,80.000000,,
3,,,,,
3,,,,,
3,,,,,
3,,,,,
3,,,,,
3,,,,,
3,,,,,
3,,,,,
3,,,,,
3,,,,,
3,,,,,
3,,,,,
3,,,,,
2,EV_B9_C1,,,0.000000,40.731297
1,EV_B9_C1,10.000000,80.000000,,
1,EV_B9_C1,9.000000,80.000000,,
1,EV_B9_C1,8.000000,80.000000,,
1,EV_B9_C1,7.000000,80.000000,,
1,EV_B9_C1,6.000000,80.000000,,
1,EV_B9_C1,5.000000,80.000000,,
1,EV_B9_C1,4.000000,80.000000,,
1,EV_B9_C1,3.000000,80.000000,,
1,EV_B9_C1,2.000000,80.000000,,
1,EV_B9_C1,1.000000,80.000000,,
1,EV_B9_C1,0.000000,80.000000,,
3,,,,,
3,,,,,
3,,,,,
3,,,,,
3,,,,,
3,,,,,
3,,,,,
3,,,,,
3,,,,,
3,,,,,
3,,,,,
3,,,,,
2,EV_B9_C1,,,0.000000,30.193513
1,EV_B9_C1,9.000000,80.000000,,
1,EV_B9_C1,8.000000,80.000000,,
1,EV_B9_C1,7.000000,80.000000,,
1,EV_B9_C1,6.000000,80.000000,,
1,EV_B9_C1,5.000000,80.000000,,
1,EV_B9_C1,4.000000,80.000000,,
1,EV_B9_C1,3.000000,80.000000,,
1,EV_B9_C1,2.000000,80.000000,,
1,EV_B9_C1,1.000000,80.000000,,
1,EV_B9_C1,0.000000,80.000000,,
3,,,,,
3,,,,,
3,,,,,
3,,,,,
3,,,,,
3,,,,,
3,,,,,
3,,,,,
3,,,,,
3,,,,,
3,,,,,
3,,,,,
3,,,,,
3,,,,,
3,,,,,
2,EV_B9_C1,,,0.000000,41.790375
1,EV_B9_C1,7.000000,80.000000,,
1,EV_B9_C1,6.000000,80.000000,,
1,EV_B9_C1,5.000000,80.000000,,
1,EV_B9_C1,4.000000,80.000000,,
1,EV_B9_C1,3.000000,80.000000,,
1,EV_B9_C1,2.000000,80.000000,,
1,EV_B9_C1,1.000000,80.000000,,
1,EV_B9_C1,0.000000,80.000000,,
3,,,,,
3,,,,,
3,,,,,
3,,,,,
3,,,,,
3,,,,,
3,,,,,
3,,,,,
3,,,,,
3,,,,,
3,,,,,
3,,,,,
2,EV_B9_C1,,,0.000000,25.376118
1,EV_B9_C1,11.000000,80.000000,,
1,EV_B9_C1,10.000000,80.000000,,
1,EV_B9_C1,9.000000,80.000000,,
1,EV_B9_C1,8.000000,80.000000,,
1,EV_B9_C1,7.000000,80.000000,,
1,EV_B9_C1,6.000000,80.000000,,
1,EV_B9_C1,5.000000,80.000000,,
1,EV_B9_C1,4.000000,80.000000,,
1,EV_B9_C1,3.000000,80.000000,,
1,EV_B9_C1,2.000000,80.000000,,
1,EV_B9_C1,1.000000,80.000000,,
1,EV_B9_C1,0.000000,80.000000,,
3,,,,,
3,,,,,
3,,,,,
3,,,,,
3,,,,,
3,,,,,
3,,,,,
3,,,,,
3,,,,,
3,,,,,
3,,,,,
3,,,,,
3,,,,,
2,EV_B9_C1,,,0.000000,38.589071
1,EV_B9_C1,9.000000,80.000000,,
1,EV_B9_C1,8.000000,80.000000,,
1,EV_B9_C1,7.000000,80.000000,,
1,EV_B9_C1,6.000000,80.000000,,
1,EV_B9_C1,5.000000,80.000000,,
1,EV_B9_C1,4.000000,80.000000,,
1,EV_B9_C1,3.000000,80.000000,,
1,EV_B9_C1,2.000000,80.000000,,
1,EV_B9_C1,1.000000,80.000000,,
1,EV_B9_C1,0.000000,80.000000,,
3,,,,,
3,,,,,
3,,,,,
3,,,,,
3,,,,,
3,,,,,
3,,,,,
3,,,,,
3,,,,,
3,,,,,
3,,,,,
3,,,,,
3,,,,,
2,EV_B9_C1,,,0.000000,30.388716
1,EV_B9_C1,9.000000,80.000000,,
1,EV_B9_C1,8.000000,80.000000,,
1,EV_B9_C1,7.000000,80.000000,,
1,EV_B9_C1,6.000000,80.000000,,
1,EV_B9_C1,5.000000,80.000000,,
1,EV_B9_C1,4.000000,80.000000,,
1,EV_B9_C1,3.000000,80.000000,,
1,EV_B9_C1,2.000000,80.000000,,
1,EV_B9_C1,1.000000,80.000000,,
1,EV_B9_C1,0.000000,80.000000,,
3,,,,,
3,,,,,
3,,,,,
3,,,,,
3,,,,,
3,,,,,
3,,,,,
3,,,,,
3,,,,,
3,,,,,
3,,,,,
3,,,,,
2,EV_B9_C1,,,0.000000,43.137969
1,EV_B9_C1,10.000000,80.000000,,
1,EV_B9_C1,9.000000,80.000000,,
1,EV_B9_C1,8.000000,80.000000,,
1,EV_B9_C1,7.000000,80.000000,,
1,EV_B9_C1,6.000000,80.000000,,
1,EV_B9_C1,5.000000,80.000000,,
1,EV_B9_C1,4.000000,80.000000,,
1,EV_B9_C1,3.000000,80.000000,,
1,EV_B9_C1,2.000000,80.000000,,
1,EV_B9_C1,1.000000,80.000000,,
1,EV_B9_C1,0.000000,80.000000,,
3,,,,,
3,,,,,
3,,,,,
3,,,,,
3,,,,,
3,,,,,
3,,,,,
3,,,,,
3,,,,,
3,,,,,
3,,,,,
3,,,,,
2,EV_B9_C1,,,0.000000,35.883341
1,EV_B9_C1,10.000000,80.000000,,
1,EV_B9_C1,9.000000,80.000000,,
1,EV_B9_C1,8.000000,80.000000,,
1,EV_B9_C1,7.000000,80.000000,,
1,EV_B9_C1,6.000000,80.000000,,
1,EV_B9_C1,5.000000,80.000000,,
1,EV_B9_C1,4.000000,80.000000,,
1,EV_B9_C1,3.000000,80.000000,,
1,EV_B9_C1,2.000000,80.000000,,
1,EV_B9_C1,1.000000,80.000000,,
1,EV_B9_C1,0.000000,80.000000,,
3,,,,,
3,,,,,
3,,,,,
3,,,,,
3,,,,,
3,,,,,
3,,,,,
3,,,,,
3,,,,,
3,,,,,
3,,,,,
3,,,,,
3,,,,,
3,,,,,
2,EV_B9_C1,,,0.000000,28.216781
1,EV_B9_C1,8.000000,80.000000,,
1,EV_B9_C1,7.000000,80.000000,,
1,EV_B9_C1,6.000000,80.000000,,
1,EV_B9_C1,5.000000,80.000000,,
1,EV_B9_C1,4.000000,80.000000,,
1,EV_B9_C1,3.000000,80.000000,,
1,EV_B9_C1,2.000000,80.000000,,
1,EV_B9_C1,1.000000,80.000000,,
1,EV_B9_C1,0.000000,80.000000,,
3,,,,,
3,,,,,
3,,,,,
3,,,,,
3,,,,,
3,,,,,
3,,,,,
3,,,,,
3,,,,,
3,,,,,
3,,,,,
3,,,,,
2,EV_B9_C1,,,0.000000,41.546543
1,EV_B9_C1,10.000000,80.000000,,
1,EV_B9_C1,9.000000,80.000000,,
1,EV_B9_C1,8.000000,80.000000,,
1,EV_B9_C1,7.000000,80.000000,,
1,EV_B9_C1,6.000000,80.000000,,
1,EV_B9_C1,5.000000,80.000000,,
1,EV_B9_C1,4.000000,80.000000,,
1,EV_B9_C1,3.000000,80.000000,,
1,EV_B9_C1,2.000000,80.000000,,
1,EV_B9_C1,1.000000,80.000000,,
1,EV_B9_C1,0.000000,80.000000,,
3,,,,,
3,,,,,
3,,,,,
3,,,,,
3,,,,,
3,,,,,
3,,,,,
3,,,,,
3,,,,,
3,,,,,
3,,,,,
3,,,,,
3,,,,,
2,EV_B9_C1,,,0.000000,33.035845
1,EV_B9_C1,9.000000,80.000000,,
1,EV_B9_C1,8.000000,80.000000,,
1,EV_B9_C1,7.000000,80.000000,,
1,EV_B9_C1,6.000000,80.000000,,
1,EV_B9_C1,5.000000,80.000000,,
1,EV_B9_C1,4.000000,80.000000,,
1,EV_B9_C1,3.000000,80.000000,,
1,EV_B9_C1,2.000000,80.000000,,
1,EV_B9_C1,1.000000,80.000000,,
1,EV_B9_C1,0.000000,80.000000,,
3,,,,,
3,,,,,
3,,,,,
3,,,,,
3,,,,,
3,,,,,
3,,,,,
3,,,,,
3,,,,,
3,,,,,
3,,,,,
3,,,,,
2,EV_B9_C1,,,0.000000,40.931217
1,EV_B9_C1,10.000000,80.000000,,
1,EV_B9_C1,9.000000,80.000000,,
1,EV_B9_C1,8.000000,80.000000,,
1,EV_B9_C1,7.000000,80.000000,,
1,EV_B9_C1,6.000000,80.000000,,
1,EV_B9_C1,5.000000,80.000000,,
1,EV_B9_C1,4.000000,80.000000,,
1,EV_B9_C1,3.000000,80.000000,,
1,EV_B9_C1,2.000000,80.000000,,
1,EV_B9_C1,1.000000,80.000000,,
1,EV_B9_C1,0.000000,80.000000,,
3,,,,,
3,,,,,
3,,,,,
3,,,,,
3,,,,,
3,,,,,
3,,,,,
3,,,,,
3,,,,,
3,,,,,
2,EV_B9_C1,,,0.000000,26.908380
1,EV_B9_C1,12.000000,80.000000,,
1,EV_B9_C1,11.000000,80.000000,,
1,EV_B9_C1,10.000000,80.000000,,
1,EV_B9_C1,9.000000,80.000000,,
1,EV_B9_C1,8.000000,80.000000,,
1,EV_B9_C1,7.000000,80.000000,,
1,EV_B9_C1,6.000000,80.000000,,
1,EV_B9_C1,5.000000,80.000000,,
1,EV_B9_C1,4.000000,80.000000,,
1,EV_B9_C1,3.000000,80.000000,,
1,EV_B9_C1,2.000000,80.000000,,
1,EV_B9_C1,1.000000,80.000000,,
1,EV_B9_C1,0.000000,80.000000,,
3,,,,,
3,,,,,
3,,,,,
3,,,,,
3,,,,,
3,,,,,
3,,,,,
3,,,,,
3,,,,,
3,,,,,
3,,,,,
3,,,,,
2,EV_B9_C1,,,0.000000,35.541161
1,EV_B9_C1,9.000000,80.000000,,
1,EV_B9_C1,8.000000,80.000000,,
1,EV_B9_C1,7.000000,80.000000,,
1,EV_B9_C1,6.000000,80.000000,,
1,EV_B9_C1,5.000000,80.000000,,
1,EV_B9_C1,4.000000,80.000000,,
1,EV_B9_C1,3.000000,80.000000,,
1,EV_B9_C1,2.000000,80.000000,,
1,EV_B9_C1,1.000000,80.000000,,
1,EV_B9_C1,0.000000,80.000000,,
3,,,,,
3,,,,,
3,,,,,
3,,,,,
3,,,,,
3,,,,,
3,,,,,
3,,,,,
3,,,,,
3,,,,,
3,,,,,
3,,,,,
3,,,,,
3,,,,,
3,,,,,
3,,,,,
3,,,,,
3,,,,,
3,,,,,
3,,,,,
3,,,,,
3,,,,,
3,,,,,
3,,,,,
3,,,,,
3,,,,,
3,,,,,
3,,,,,
3,,,,,
3,,,,,
3,,,,,
3,,,,,
3,,,,,
3,,,,,
3,,,,,
3,,,,,
3,,,,,
2,EV_B9_C1,,,0.000000,26.812244
1,EV_B9_C1,9.000000,80.000000,,
1,EV_B9_C1,8.000000,80.000000,,
1,EV_B9_C1,7.000000,80.000000,,
1,EV_B9_C1,6.000000,80.000000,,
1,EV_B9_C1,5.000000,80.000000,,
1,EV_B9_C1,4.000000,80.000000,,
1,EV_B9_C1,3.000000,80.000000,,
1,EV_B9_C1,2.000000,80.000000,,
1,EV_B9_C1,1.000000,80.000000,,
1,EV_B9_C1,0.000000,80.000000,,
3,,,,,
3,,,,,
3,,,,,
3,,,,,
3,,,,,
3,,,,,
3,,,,,
3,,,,,
3,,,,,
3,,,,,
3,,,,,
3,,,,,
3,,,,,
3,,,,,
3,,,,,
3,,,,,
2,EV_B9_C1,,,0.000000,31.185309
1,EV_B9_C1,6.000000,80.000000,,
1,EV_B9_C1,5.000000,80.000000,,
1,EV_B9_C1,4.000000,80.000000,,
1,EV_B9_C1,3.000000,80.000000,,
1,EV_B9_C1,2.000000,80.000000,,
1,EV_B9_C1,1.000000,80.000000,,
1,EV_B9_C1,0.000000,80.000000,,
3,,,,,
3,,,,,
3,,,,,
3,,,,,
3,,,,,
3,,,,,
3,,,,,
3,,,,,
3,,,,,
3,,,,,
3,,,,,
3,,,,,
3,,,,,
3,,,,,
2,EV_B9_C1,,,0.000000,44.714032
1,EV_B9_C1,9.000000,80.000000,,
1,EV_B9_C1,8.000000,80.000000,,
1,EV_B9_C1,7.000000,80.000000,,
1,EV_B9_C1,6.000000,80.000000,,
1,EV_B9_C1,5.000000,80.000000,,
1,EV_B9_C1,4.000000,80.000000,,
1,EV_B9_C1,3.000000,80.000000,,
1,EV_B9_C1,2.000000,80.000000,,
1,EV_B9_C1,1.000000,80.000000,,
1,EV_B9_C1,0.000000,80.000000,,
3,,,,,
3,,,,,
3,,,,,
3,,,,,
3,,,,,
3,,,,,
3,,,,,
3,,,,,
3,,,,,
3,,,,,
3,,,,,
3,,,,,
2,EV_B9_C1,,,0.000000,41.248837
1,EV_B9_C1,9.000000,80.000000,,
1,EV_B9_C1,8.000000,80.000000,,
1,EV_B9_C1,7.000000,80.000000,,
1,EV_B9_C1,6.000000,80.000000,,
1,EV_B9_C1,5.000000,80.000000,,
1,EV_B9_C1,4.000000,80.000000,,
1,EV_B9_C1,3.000000,80.000000,,
1,EV_B9_C1,2.000000,80.000000,,
1,EV_B9_C1,1.000000,80.000000,,
1,EV_B9_C1,0.000000,80.000000,,
3,,,,,
3,,,,,
3,,,,,
3,,,,,
3,,,,,
3,,,,,
3,,,,,
3,,,,,
3,,,,,
3,,,,,
3,,,,,
3,,,,,
3,,,,,
2,EV_B9_C1,,,0.000000,32.130352
1,EV_B9_C1,10.000000,80.000000,,
1,EV_B9_C1,9.000000,80.000000,,
1,EV_B9_C1,8.000000,80.000000,,
1,EV_B9_C1,7.000000,80.000000,,
1,EV_B9_C1,6.000000,80.000000,,
1,EV_B9_C1,5.000000,80.000000,,
1,EV_B9_C1,4.000000,80.000000,,
1,EV_B9_C1,3.000000,80.000000,,
1,EV_B9_C1,2.000000,80.000000,,
1,EV_B9_C1,1.000000,80.000000,,
1,EV_B9_C1,0.000000,80.000000,,
3,,,,,
3,,,,,
3,,,,,
3,,,,,
3,,,,,
3,,,,,
3,,,,,
3,,,,,
3,,,,,
3,,,,,
3,,,,,
3,,,,,
3,,,,,
3,,,,,
3,,,,,
2,EV_B9_C1,,,0.000000,33.568016
1,EV_B9_C1,6.000000,80.000000,,
1,EV_B9_C1,5.000000,80.000000,,
1,EV_B9_C1,4.000000,80.000000,,
1,EV_B9_C1,3.000000,80.000000,,
1,EV_B9_C1,2.000000,80.000000,,
1,EV_B9_C1,1.000000,80.000000,,
1,EV_B9_C1,0.000000,80.000000,,
3,,,,,
3,,,,,
3,,,,,
3,,,,,
3,,,,,
3,,,,,
3,,,,,
3,,,,,
3,,,,,
3,,,,,
3,,,,,
3,,,,,
3,,,,,
2,EV_B9_C1,,,0.000000,34.312583
1,EV_B9_C1,9.000000,80.000000,,
1,EV_B9_C1,8.000000,80.000000,,
1,EV_B9_C1,7.000000,80.000000,,
1,EV_B9_C1,6.000000,80.000000,,
1,EV_B9_C1,5.000000,80.000000,,
1,EV_B9_C1,4.000000,80.000000,,
1,EV_B9_C1,3.000000,80.000000,,
1,EV_B9_C1,2.000000,80.000000,,
1,EV_B9_C1,1.000000,80.000000,,
1,EV_B9_C1,0.000000,80.000000,,
3,,,,,
3,,,,,
3,,,,,
3,,,,,
3,,,,,
3,,,,,
3,,,,,
3,,,,,
3,,,,,
3,,,,,
3,,,,,
3,,,,,
3,,,,,
3,,,,,
2,EV_B9_C1,,,0.000000,32.887355
1,EV_B9_C1,10.000000,80.000000,,
1,EV_B9_C1,9.000000,80.000000,,
1,EV_B9_C1,8.000000,80.000000,,
1,EV_B9_C1,7.000000,80.000000,,
1,EV_B9_C1,6.000000,80.000000,,
1,EV_B9_C1,5.000000,80.000000,,
1,EV_B9_C1,4.000000,80.000000,,
1,EV_B9_C1,3.000000,80.000000,,
1,EV_B9_C1,2.000000,80.000000,,
1,EV_B9_C1,1.000000,80.000000,,
1,EV_B9_C1,0.000000,80.000000,,
3,,,,,
3,,,,,
3,,,,,
3,,,,,
3,,,,,
3,,,,,
3,,,,,
3,,,,,
3,,,,,
3,,,,,
3,,,,,
3,,,,,
3,,,,,
2,EV_B9_C1,,,0.000000,32.281502
1,EV_B9_C1,7.000000,80.000000,,
1,EV_B9_C1,6.000000,80.000000,,
1,EV_B9_C1,5.000000,80.000000,,
1,EV_B9_C1,4.000000,80.000000,,
1,EV_B9_C1,3.000000,80.000000,,
1,EV_B9_C1,2.000000,80.000000,,
1,EV_B9_C1,1.000000,80.000000,,
1,EV_B9_C1,0.000000,80.000000,,
3,,,,,
3,,,,,
3,,,,,
3,,,,,
3,,,,,
3,,,,,
3,,,,,
3,,,,,
3,,,,,
3,,,,,
3,,,,,
3,,,,,
3,,,,,
3,,,,,
3,,,,,
3,,,,,
3,,,,,
3,,,,,
3,,,,,
3,,,,,
3,,,,,
3,,,,,
3,,,,,
3,,,,,
3,,,,,
3,,,,,
3,,,,,
3,,,,,
3,,,,,
3,,,,,
3,,,,,
3,,,,,
3,,,,,
3,,,,,
3,,,,,
3,,,,,
3,,,,,
3,,,,,
3,,,,,
3,,,,,
3,,,,,
3,,,,,
3,,,,,
3,,,,,
3,,,,,
3,,,,,
3,,,,,
3,,,,,
3,,,,,
3,,,,,
3,,,,,
3,,,,,
3,,,,,
3,,,,,
3,,,,,
3,,,,,
3,,,,,
3,,,,,
3,,,,,
3,,,,,
3,,,,,
3,,,,,
3,,,,,
3,,,,,
2,EV_B9_C1,,,0.000000,33.704752
1,EV_B9_C1,6.000000,80.000000,,
1,EV_B9_C1,5.000000,80.000000,,
1,EV_B9_C1,4.000000,80.000000,,
1,EV_B9_C1,3.000000,80.000000,,
1,EV_B9_C1,2.000000,80.000000,,
1,EV_B9_C1,1.000000,80.000000,,
1,EV_B9_C1,0.000000,80.000000,,
3,,,,,
3,,,,,
3,,,,,
3,,,,,
3,,,,,
3,,,,,
3,,,,,
3,,,,,
3,,,,,
3,,,,,
3,,,,,
3,,,,,
3,,,,,
3,,,,,
3,,,,,
2,EV_B9_C1,,,0.000000,25.084514
1,EV_B9_C1,8.000000,80.000000,,
1,EV_B9_C1,7.000000,80.000000,,
1,EV_B9_C1,6.000000,80.000000,,
1,EV_B9_C1,5.000000,80.000000,,
1,EV_B9_C1,4.000000,80.000000,,
1,EV_B9_C1,3.000000,80.000000,,
1,EV_B9_C1,2.000000,80.000000,,
1,EV_B9_C1,1.000000,80.000000,,
1,EV_B9_C1,0.000000,80.000000,,
3,,,,,
3,,,,,
3,,,,,
3,,,,,
3,,,,,
3,,,,,
3,,,,,
3,,,,,
3,,,,,
3,,,,,
3,,,,,
3,,,,,
3,,,,,
2,EV_B9_C1,,,0.000000,34.593395
1,EV_B9_C1,8.000000,80.000000,,
1,EV_B9_C1,7.000000,80.000000,,
1,EV_B9_C1,6.000000,80.000000,,
1,EV_B9_C1,5.000000,80.000000,,
1,EV_B9_C1,4.000000,80.000000,,
1,EV_B9_C1,3.000000,80.000000,,
1,EV_B9_C1,2.000000,80.000000,,
1,EV_B9_C1,1.000000,80.000000,,
1,EV_B9_C1,0.000000,80.000000,,
3,,,,,
3,,,,,
3,,,,,
3,,,,,
3,,,,,
3,,,,,
3,,,,,
3,,,,,
3,,,,,
3,,,,,
3,,,,,
3,,,,,
3,,,,,
2,EV_B9_C1,,,0.000000,35.188815
1,EV_B9_C1,9.000000,80.000000,,
1,EV_B9_C1,8.000000,80.000000,,
1,EV_B9_C1,7.000000,80.000000,,
1,EV_B9_C1,6.000000,80.000000,,
1,EV_B9_C1,5.000000,80.000000,,
1,EV_B9_C1,4.000000,80.000000,,
1,EV_B9_C1,3.000000,80.000000,,
1,EV_B9_C1,2.000000,80.000000,,
1,EV_B9_C1,1.000000,80.000000,,
1,EV_B9_C1,0.000000,80.000000,,
3,,,,,
3,,,,,
3,,,,,
3,,,,,
3,,,,,
3,,,,,
3,,,,,
3,,,,,
3,,,,,
3,,,,,
3,,,,,
3,,,,,
2,EV_B9_C1,,,0.000000,25.854569
1,EV_B9_C1,10.000000,80.000000,,
1,EV_B9_C1,9.000000,80.000000,,
1,EV_B9_C1,8.000000,80.000000,,
1,EV_B9_C1,7.000000,80.000000,,
1,EV_B9_C1,6.000000,80.000000,,
1,EV_B9_C1,5.000000,80.000000,,
1,EV_B9_C1,4.000000,80.000000,,
1,EV_B9_C1,3.000000,80.000000,,
1,EV_B9_C1,2.000000,80.000000,,
1,EV_B9_C1,1.000000,80.000000,,
1,EV_B9_C1,0.000000,80.000000,,
3,,,,,
3,,,,,
3,,,,,
3,,,,,
3,,,,,
3,,,,,
3,,,,,
3,,,,,
3,,,,,
3,,,,,
3,,,,,
3,,,,,
3,,,,,
3,,,,,
2,EV_B9_C1,,,0.000000,36.581912
1,EV_B9_C1,8.000000,80.000000,,
1,EV_B9_C1,7.000000,80.000000,,
1,EV_B9_C1,6.000000,80.000000,,
1,EV_B9_C1,5.000000,80.000000,,
1,EV_B9_C1,4.000000,80.000000,,
1,EV_B9_C1,3.000000,80.000000,,
1,EV_B9_C1,2.000000,80.000000,,
1,EV_B9_C1,1.000000,80.000000,,
1,EV_B9_C1,0.000000,80.000000,,
3,,,,,
3,,,,,
3,,,,,
3,,,,,
3,,,,,
3,,,,,
3,,,,,
3,,,,,
3,,,,,
3,,,,,
3,,,,,
3,,,,,
2,EV_B9_C1,,,0.000000,38.492890
1,EV_B9_C1,12.000000,80.000000,,
1,EV_B9_C1,11.000000,80.000000,,
1,EV_B9_C1,10.000000,80.000000,,
1,EV_B9_C1,9.000000,80.000000,,
1,EV_B9_C1,8.000000,80.000000,,
1,EV_B9_C1,7.000000,80.000000,,
1,EV_B9_C1,6.000000,80.000000,,
1,EV_B9_C1,5.000000,80.000000,,
1,EV_B9_C1,4.000000,80.000000,,
1,EV_B9_C1,3.000000,80.000000,,
1,EV_B9_C1,2.000000,80.000000,,
1,EV_B9_C1,1.000000,80.000000,,
1,EV_B9_C1,0.000000,80.000000,,
3,,,,,
3,,,,,
3,,,,,
3,,,,,
3,,,,,
3,,,,,
3,,,,,
3,,,,,
3,,,,,
3,,,,,
3,,,,,
3,,,,,
2,EV_B9_C1,,,0.000000,41.246113
1,EV_B9_C1,8.000000,80.000000,,
1,EV_B9_C1,7.000000,80.000000,,
1,EV_B9_C1,6.000000,80.000000,,
1,EV_B9_C1,5.000000,80.000000,,
1,EV_B9_C1,4.000000,80.000000,,
1,EV_B9_C1,3.000000,80.000000,,
1,EV_B9_C1,2.000000,80.000000,,
1,EV_B9_C1,1.000000,80.000000,,
1,EV_B9_C1,0.000000,80.000000,,
3,,,,,
3,,,,,
3,,,,,
3,,,,,
3,,,,,
3,,,,,
3,,,,,
3,,,,,
3,,,,,
3,,,,,
3,,,,,
3,,,,,
2,EV_B9_C1,,,0.000000,29.273436
1,EV_B9_C1,11.000000,80.000000,,
1,EV_B9_C1,10.000000,80.000000,,
1,EV_B9_C1,9.000000,80.000000,,
1,EV_B9_C1,8.000000,80.000000,,
1,EV_B9_C1,7.000000,80.000000,,
1,EV_B9_C1,6.000000,80.000000,,
1,EV_B9_C1,5.000000,80.000000,,
1,EV_B9_C1,4.000000,80.000000,,
1,EV_B9_C1,3.000000,80.000000,,
1,EV_B9_C1,2.000000,80.000000,,
1,EV_B9_C1,1.000000,80.000000,,
1,EV_B9_C1,0.000000,80.000000,,
3,,,,,
3,,,,,
3,,,,,
3,,,,,
3,,,,,
3,,,,,
3,,,,,
3,,,,,
3,,,,,
3,,,,,
3,,,,,
3,,,,,
2,EV_B9_C1,,,0.000000,29.795594
1,EV_B9_C1,8.000000,80.000000,,
1,EV_B9_C1,7.000000,80.000000,,
1,EV_B9_C1,6.000000,80.000000,,
1,EV_B9_C1,5.000000,80.000000,,
1,EV_B9_C1,4.000000,80.000000,,
1,EV_B9_C1,3.000000,80.000000,,
1,EV_B9_C1,2.000000,80.000000,,
1,EV_B9_C1,1.000000,80.000000,,
1,EV_B9_C1,0.000000,80.000000,,
3,,,,,
3,,,,,
3,,,,,
3,,,,,
3,,,,,
3,,,,,
3,,,,,
3,,,,,
3,,,,,
3,,,,,
3,,,,,
3,,,,,
3,,,,,
3,,,,,
3,,,,,
2,EV_B9_C1,,,0.000000,32.464325
1,EV_B9_C1,9.000000,80.000000,,
1,EV_B9_C1,8.000000,80.000000,,
1,EV_B9_C1,7.000000,80.000000,,
1,EV_B9_C1,6.000000,80.000000,,
1,EV_B9_C1,5.000000,80.000000,,
1,EV_B9_C1,4.000000,80.000000,,
1,EV_B9_C1,3.000000,80.000000,,
1,EV_B9_C1,2.000000,80.000000,,
1,EV_B9_C1,1.000000,80.000000,,
1,EV_B9_C1,0.000000,80.000000,,
3,,,,,
3,,,,,
3,,,,,
3,,,,,
3,,,,,
3,,,,,
3,,,,,
3,,,,,
3,,,,,
3,,,,,
3,,,,,
3,,,,,
3,,,,,
3,,,,,
3,,,,,
3,,,,,
3,,,,,
3,,,,,
3,,,,,
3,,,,,
3,,,,,
3,,,,,
3,,,,,
3,,,,,
3,,,,,
3,,,,,
3,,,,,
3,,,,,
3,,,,,
3,,,,,
3,,,,,
3,,,,,
3,,,,,
3,,,,,
3,,,,,
3,,,,,
3,,,,,
2,EV_B9_C1,,,0.000000,25.439052
1,EV_B9_C1,9.000000,80.000000,,
1,EV_B9_C1,8.000000,80.000000,,
1,EV_B9_C1,7.000000,80.000000,,
1,EV_B9_C1,6.000000,80.000000,,
1,EV_B9_C1,5.000000,80.000000,,
1,EV_B9_C1,4.000000,80.000000,,
1,EV_B9_C1,3.000000,80.000000,,
1,EV_B9_C1,2.000000,80.000000,,
1,EV_B9_C1,1.000000,80.000000,,
1,EV_B9_C1,0.000000,80.000000,,
3,,,,,
3,,,,,
3,,,,,
3,,,,,
3,,,,,
3,,,,,
3,,,,,
3,,,,,
3,,,,,
3,,,,,
3,,,,,
3,,,,,
2,EV_B9_C1,,,0.000000,42.500825
1,EV_B9_C1,9.000000,80.000000,,
1,EV_B9_C1,8.000000,80.000000,,
1,EV_B9_C1,7.000000,80.000000,,
1,EV_B9_C1,6.000000,80.000000,,
1,EV_B9_C1,5.000000,80.000000,,
1,EV_B9_C1,4.000000,80.000000,,
1,EV_B9_C1,3.000000,80.000000,,
1,EV_B9_C1,2.000000,80.000000,,
1,EV_B9_C1,1.000000,80.000000,,
1,EV_B9_C1,0.000000,80.000000,,
3,,,,,
3,,,,,
3,,,,,
3,,,,,
3,,,,,
3,,,,,
3,,,,,
3,,,,,
3,,,,,
3,,,,,
3,,,,,
3,,,,,
3,,,,,
2,EV_B9_C1,,,0.000000,26.466297
1,EV_B9_C1,10.000000,80.000000,,
1,EV_B9_C1,9.000000,80.000000,,
1,EV_B9_C1,8.000000,80.000000,,
1,EV_B9_C1,7.000000,80.000000,,
1,EV_B9_C1,6.000000,80.000000,,
1,EV_B9_C1,5.000000,80.000000,,
1,EV_B9_C1,4.000000,80.000000,,
1,EV_B9_C1,3.000000,80.000000,,
1,EV_B9_C1,2.000000,80.000000,,
1,EV_B9_C1,1.000000,80.000000,,
1,EV_B9_C1,0.000000,80.000000,,
3,,,,,
3,,,,,
3,,,,,
3,,,,,
3,,,,,
3,,,,,
3,,,,,
3,,,,,
3,,,,,
3,,,,,
3,,,,,
3,,,,,
3,,,,,
2,EV_B9_C1,,,0.000000,26.714001
1,EV_B9_C1,8.000000,80.000000,,
1,EV_B9_C1,7.000000,80.000000,,
1,EV_B9_C1,6.000000,80.000000,,
1,EV_B9_C1,5.000000,80.000000,,
1,EV_B9_C1,4.000000,80.000000,,
1,EV_B9_C1,3.000000,80.000000,,
1,EV_B9_C1,2.000000,80.000000,,
1,EV_B9_C1,1.000000,80.000000,,
1,EV_B9_C1,0.000000,80.000000,,
3,,,,,
3,,,,,
3,,,,,
3,,,,,
3,,,,,
3,,,,,
3,,,,,
3,,,,,
3,,,,,
3,,,,,
3,,,,,
3,,,,,
3,,,,,
3,,,,,
2,EV_B9_C1,,,0.000000,33.517525
1,EV_B9_C1,8.000000,80.000000,,
1,EV_B9_C1,7.000000,80.000000,,
1,EV_B9_C1,6.000000,80.000000,,
1,EV_B9_C1,5.000000,80.000000,,
1,EV_B9_C1,4.000000,80.000000,,
1,EV_B9_C1,3.000000,80.000000,,
1,EV_B9_C1,2.000000,80.000000,,
1,EV_B9_C1,1.000000,80.000000,,
1,EV_B9_C1,0.000000,80.000000,,
3,,,,,
3,,,,,
3,,,,,
3,,,,,
3,,,,,
3,,,,,
3,,,,,
3,,,,,
3,,,,,
3,,,,,
3,,,,,
3,,,,,
2,EV_B9_C1,,,0.000000,30.446442
1,EV_B9_C1,10.000000,80.000000,,
1,EV_B9_C1,9.000000,80.000000,,
1,EV_B9_C1,8.000000,80.000000,,
1,EV_B9_C1,7.000000,80.000000,,
1,EV_B9_C1,6.000000,80.000000,,
1,EV_B9_C1,5.000000,80.000000,,
1,EV_B9_C1,4.000000,80.000000,,
1,EV_B9_C1,3.000000,80.000000,,
1,EV_B9_C1,2.000000,80.000000,,
1,EV_B9_C1,1.000000,80.000000,,
1,EV_B9_C1,0.000000,80.000000,,
3,,,,,
3,,,,,
3,,,,,
3,,,,,
3,,,,,
3,,,,,
3,,,,,
3,,,,,
3,,,,,
3,,,,,
3,,,,,
2,EV_B9_C1,,,0.000000,37.861855
1,EV_B9_C1,12.000000,80.000000,,
1,EV_B9_C1,11.000000,80.000000,,
1,EV_B9_C1,10.000000,80.000000,,
1,EV_B9_C1,9.000000,80.000000,,
1,EV_B9_C1,8.000000,80.000000,,
1,EV_B9_C1,7.000000,80.000000,,
1,EV_B9_C1,6.000000,80.000000,,
1,EV_B9_C1,5.000000,80.000000,,
1,EV_B9_C1,4.000000,80.000000,,
1,EV_B9_C1,3.000000,80.000000,,
1,EV_B9_C1,2.000000,80.000000,,
1,EV_B9_C1,1.000000,80.000000,,
1,EV_B9_C1,0.000000,80.000000,,
3,,,,,
3,,,,,
3,,,,,
3,,,,,
3,,,,,
3,,,,,
3,,,,,
3,,,,,
3,,,,,
3,,,,,
3,,,,,
3,,,,,
3,,,,,
2,EV_B9_C1,,,0.000000,30.136199
1,EV_B9_C1,9.000000,80.000000,,
1,EV_B9_C1,8.000000,80.000000,,
1,EV_B9_C1,7.000000,80.000000,,
1,EV_B9_C1,6.000000,80.000000,,
1,EV_B9_C1,5.000000,80.000000,,
1,EV_B9_C1,4.000000,80.000000,,
1,EV_B9_C1,3.000000,80.000000,,
1,EV_B9_C1,2.000000,80.000000,,
1,EV_B9_C1,1.000000,80.000000,,
1,EV_B9_C1,0.000000,80.000000,,
3,,,,,
3,,,,,
3,,,,,
3,,,,,
3,,,,,
3,,,,,
3,,,,,
3,,,,,
3,,,,,
3,,,,,
3,,,,,
2,EV_B9_C1,,,0.000000,25.194024
1,EV_B9_C1,11.000000,80.000000,,
1,EV_B9_C1,10.000000,80.000000,,
1,EV_B9_C1,9.000000,80.000000,,
1,EV_B9_C1,8.000000,80.000000,,
1,EV_B9_C1,7.000000,80.000000,,
1,EV_B9_C1,6.000000,80.000000,,
1,EV_B9_C1,5.000000,80.000000,,
1,EV_B9_C1,4.000000,80.000000,,
1,EV_B9_C1,3.000000,80.000000,,
1,EV_B9_C1,2.000000,80.000000,,
1,EV_B9_C1,1.000000,80.000000,,
1,EV_B9_C1,0.000000,80.000000,,
3,,,,,
3,,,,,
3,,,,,
3,,,,,
3,,,,,
3,,,,,
3,,,,,
3,,,,,
3,,,,,
3,,,,,
3,,,,,
3,,,,,
3,,,,,
2,EV_B9_C1,,,0.000000,41.216189
1,EV_B9_C1,8.000000,80.000000,,
1,EV_B9_C1,7.000000,80.000000,,
1,EV_B9_C1,6.000000,80.000000,,
1,EV_B9_C1,5.000000,80.000000,,
1,EV_B9_C1,4.000000,80.000000,,
1,EV_B9_C1,3.000000,80.000000,,
1,EV_B9_C1,2.000000,80.000000,,
1,EV_B9_C1,1.000000,80.000000,,
1,EV_B9_C1,0.000000,80.000000,,
3,,,,,
3,,,,,
3,,,,,
3,,,,,
3,,,,,
3,,,,,
3,,,,,
3,,,,,
3,,,,,
3,,,,,
3,,,,,
3,,,,,
3,,,,,
3,,,,,
2,EV_B9_C1,,,0.000000,31.111572
1,EV_B9_C1,8.000000,80.000000,,
1,EV_B9_C1,7.000000,80.000000,,
1,EV_B9_C1,6.000000,80.000000,,
1,EV_B9_C1,5.000000,80.000000,,
1,EV_B9_C1,4.000000,80.000000,,
1,EV_B9_C1,3.000000,80.000000,,
1,EV_B9_C1,2.000000,80.000000,,
1,EV_B9_C1,1.000000,80.000000,,
1,EV_B9_C1,0.000000,80.000000,,
3,,,,,
3,,,,,
3,,,,,
3,,,,,
3,,,,,
3,,,,,
3,,,,,
3,,,,,
3,,,,,
3,,,,,
3,,,,,
3,,,,,
3,,,,,
2,EV_B9_C1,,,0.000000,30.568347
1,EV_B9_C1,9.000000,80.000000,,
1,EV_B9_C1,8.000000,80.000000,,
1,EV_B9_C1,7.000000,80.000000,,
1,EV_B9_C1,6.000000,80.000000,,
1,EV_B9_C1,5.000000,80.000000,,
1,EV_B9_C1,4.000000,80.000000,,
1,EV_B9_C1,3.000000,80.000000,,
1,EV_B9_C1,2.000000,80.000000,,
1,EV_B9_C1,1.000000,80.000000,,
1,EV_B9_C1,0.000000,80.000000,,
3,,,,,
3,,,,,
3,,,,,
3,,,,,
3,,,,,
3,,,,,
3,,,,,
3,,,,,
3,,,,,
3,,,,,
3,,,,,
3,,,,,
3,,,,,
2,EV_B9_C1,,,0.000000,30.677116
1,EV_B9_C1,10.000000,80.000000,,
1,EV_B9_C1,9.000000,80.000000,,
1,EV_B9_C1,8.000000,80.000000,,
1,EV_B9_C1,7.000000,80.000000,,
1,EV_B9_C1,6.000000,80.000000,,
1,EV_B9_C1,5.000000,80.000000,,
1,EV_B9_C1,4.000000,80.000000,,
1,EV_B9_C1,3.000000,80.000000,,
1,EV_B9_C1,2.000000,80.000000,,
1,EV_B9_C1,1.000000,80.000000,,
1,EV_B9_C1,0.000000,80.000000,,
3,,,,,
3,,,,,
3,,,,,
3,,,,,
3,,,,,
3,,,,,
3,,,,,
3,,,,,
3,,,,,
3,,,,,
3,,,,,
3,,,,,
3,,,,,
2,EV_B9_C1,,,0.000000,43.014766
1,EV_B9_C1,8.000000,80.000000,,
1,EV_B9_C1,7.000000,80.000000,,
1,EV_B9_C1,6.000000,80.000000,,
1,EV_B9_C1,5.000000,80.000000,,
1,EV_B9_C1,4.000000,80.000000,,
1,EV_B9_C1,3.000000,80.000000,,
1,EV_B9_C1,2.000000,80.000000,,
1,EV_B9_C1,1.000000,80.000000,,
1,EV_B9_C1,0.000000,80.000000,,
3,,,,,
3,,,,,
3,,,,,
3,,,,,
3,,,,,
3,,,,,
3,,,,,
3,,,,,
3,,,,,
3,,,,,
3,,,,,
3,,,,,
3,,,,,
2,EV_B9_C1,,,0.000000,38.079007
1,EV_B9_C1,9.000000,80.000000,,
1,EV_B9_C1,8.000000,80.000000,,
1,EV_B9_C1,7.000000,80.000000,,
1,EV_B9_C1,6.000000,80.000000,,
1,EV_B9_C1,5.000000,80.000000,,
1,EV_B9_C1,4.000000,80.000000,,
1,EV_B9_C1,3.000000,80.000000,,
1,EV_B9_C1,2.000000,80.000000,,
1,EV_B9_C1,1.000000,80.000000,,
1,EV_B9_C1,0.000000,80.000000,,
3,,,,,
3,,,,,
3,,,,,
3,,,,,
3,,,,,
3,,,,,
3,,,,,
3,,,,,
3,,,,,
3,,,,,
3,,,,,
3,,,,,
3,,,,,
2,EV_B9_C1,,,0.000000,25.618146
1,EV_B9_C1,9.000000,80.000000,,
1,EV_B9_C1,8.000000,80.000000,,
1,EV_B9_C1,7.000000,80.000000,,
1,EV_B9_C1,6.000000,80.000000,,
1,EV_B9_C1,5.000000,80.000000,,
1,EV_B9_C1,4.000000,80.000000,,
1,EV_B9_C1,3.000000,80.000000,,
1,EV_B9_C1,2.000000,80.000000,,
1,EV_B9_C1,1.000000,80.000000,,
1,EV_B9_C1,0.000000,80.000000,,
3,,,,,
3,,,,,
3,,,,,
3,,,,,
3,,,,,
3,,,,,
3,,,,,
3,,,,,
3,,,,,
3,,,,,
3,,,,,
3,,,,,
3,,,,,
3,,,,,
2,EV_B9_C1,,,0.000000,28.684431
1,EV_B9_C1,8.000000,80.000000,,
1,EV_B9_C1,7.000000,80.000000,,
1,EV_B9_C1,6.000000,80.000000,,
1,EV_B9_C1,5.000000,80.000000,,
1,EV_B9_C1,4.000000,80.000000,,
1,EV_B9_C1,3.000000,80.000000,,
1,EV_B9_C1,2.000000,80.000000,,
1,EV_B9_C1,1.000000,80.000000,,
1,EV_B9_C1,0.000000,80.000000,,
3,,,,,
3,,,,,
3,,,,,
3,,,,,
3,,,,,
3,,,,,
3,,,,,
3,,,,,
3,,,,,
3,,,,,
3,,,,,
3,,,,,
2,EV_B9_C1,,,0.000000,27.658265
1,EV_B9_C1,11.000000,80.000000,,
1,EV_B9_C1,10.000000,80.000000,,
1,EV_B9_C1,9.000000,80.000000,,
1,EV_B9_C1,8.000000,80.000000,,
1,EV_B9_C1,7.000000,80.000000,,
1,EV_B9_C1,6.000000,80.000000,,
1,EV_B9_C1,5.000000,80.000000,,
1,EV_B9_C1,4.000000,80.000000,,
1,EV_B9_C1,3.000000,80.000000,,
1,EV_B9_C1,2.000000,80.000000,,
1,EV_B9_C1,1.000000,80.000000,,
1,EV_B9_C1,0.000000,80.000000,,
3,,,,,
3,,,,,
3,,,,,
3,,,,,
3,,,,,
3,,,,,
3,,,,,
3,,,,,
3,,,,,
3,,,,,
3,,,,,
3,,,,,
2,EV_B9_C1,,,0.000000,31.242320
1,EV_B9_C1,10.000000,80.000000,,
1,EV_B9_C1,9.000000,80.000000,,
1,EV_B9_C1,8.000000,80.000000,,
1,EV_B9_C1,7.000000,80.000000,,
1,EV_B9_C1,6.000000,80.000000,,
1,EV_B9_C1,5.000000,80.000000,,
1,EV_B9_C1,4.000000,80.000000,,
1,EV_B9_C1,3.000000,80.000000,,
1,EV_B9_C1,2.000000,80.000000,,
1,EV_B9_C1,1.000000,80.000000,,
1,EV_B9_C1,0.000000,80.000000,,
3,,,,,
3,,,,,
3,,,,,
3,,,,,
3,,,,,
3,,,,,
3,,,,,
3,,,,,
3,,,,,
3,,,,,
3,,,,,
3,,,,,
3,,,,,
2,EV_B9_C1,,,0.000000,32.808211
1,EV_B9_C1,8.000000,80.000000,,
1,EV_B9_C1,7.000000,80.000000,,
1,EV_B9_C1,6.000000,80.000000,,
1,EV_B9_C1,5.000000,80.000000,,
1,EV_B9_C1,4.000000,80.000000,,
1,EV_B9_C1,3.000000,80.000000,,
1,EV_B9_C1,2.000000,80.000000,,
1,EV_B9_C1,1.000000,80.000000,,
1,EV_B9_C1,0.000000,80.000000,,
3,,,,,
3,,,,,
3,,,,,
3,,,,,
3,,,,,
3,,,,,
3,,,,,
3,,,,,
3,,,,,
3,,,,,
3,,,,,
3,,,,,
3,,,,,
3,,,,,
3,,,,,
2,EV_B9_C1,,,0.000000,30.812119
1,EV_B9_C1,8.000000,80.000000,,
1,EV_B9_C1,7.000000,80.000000,,
1,EV_B9_C1,6.000000,80.000000,,
1,EV_B9_C1,5.000000,80.000000,,
1,EV_B9_C1,4.000000,80.000000,,
1,EV_B9_C1,3.000000,80.000000,,
1,EV_B9_C1,2.000000,80.000000,,
1,EV_B9_C1,1.000000,80.000000,,
1,EV_B9_C1,0.000000,80.000000,,
3,,,,,
3,,,,,
3,,,,,
3,,,,,
3,,,,,
3,,,,,
3,,,,,
3,,,,,
3,,,,,
3,,,,,
3,,,,,
3,,,,,
3,,,,,
2,EV_B9_C1,,,0.000000,44.958639
1,EV_B9_C1,8.000000,80.000000,,
1,EV_B9_C1,7.000000,80.000000,,
1,EV_B9_C1,6.000000,80.000000,,
1,EV_B9_C1,5.000000,80.000000,,
1,EV_B9_C1,4.000000,80.000000,,
1,EV_B9_C1,3.000000,80.000000,,
1,EV_B9_C1,2.000000,80.000000,,
1,EV_B9_C1,1.000000,80.000000,,
1,EV_B9_C1,0.000000,80.000000,,
3,,,,,
3,,,,,
3,,,,,
3,,,,,
3,,,,,
3,,,,,
3,,,,,
3,,,,,
3,,,,,
3,,,,,
3,,,,,
3,,,,,
3,,,,,
3,,,,,
3,,,,,
2,EV_B9_C1,,,0.000000,30.788735
1,EV_B9_C1,7.000000,80.000000,,
1,EV_B9_C1,6.000000,80.000000,,
1,EV_B9_C1,5.000000,80.000000,,
1,EV_B9_C1,4.000000,80.000000,,
1,EV_B9_C1,3.000000,80.000000,,
1,EV_B9_C1,2.000000,80.000000,,
1,EV_B9_C1,1.000000,80.000000,,
1,EV_B9_C1,0.000000,80.000000,,
3,,,,,
3,,,,,
3,,,,,
3,,,,,
3,,,,,
3,,,,,
3,,,,,
3,,,,,
3,,,,,
3,,,,,
3,,,,,
3,,,,,
3,,,,,
2,EV_B9_C1,,,0.000000,38.632515
1,EV_B9_C1,9.000000,80.000000,,
1,EV_B9_C1,8.000000,80.000000,,
1,EV_B9_C1,7.000000,80.000000,,
1,EV_B9_C1,6.000000,80.000000,,
1,EV_B9_C1,5.000000,80.000000,,
1,EV_B9_C1,4.000000,80.000000,,
1,EV_B9_C1,3.000000,80.000000,,
1,EV_B9_C1,2.000000,80.000000,,
1,EV_B9_C1,1.000000,80.000000,,
1,EV_B9_C1,0.000000,80.000000,,
3,,,,,
3,,,,,
3,,,,,
3,,,,,
3,,,,,
3,,,,,
3,,,,,
3,,,,,
3,,,,,
3,,,,,
3,,,,,
3,,,,,
3,,,,,
3,,,,,
2,EV_B9_C1,,,0.000000,35.454277
1,EV_B9_C1,9.000000,80.000000,,
1,EV_B9_C1,8.000000,80.000000,,
1,EV_B9_C1,7.000000,80.000000,,
1,EV_B9_C1,6.000000,80.000000,,
1,EV_B9_C1,5.000000,80.000000,,
1,EV_B9_C1,4.000000,80.000000,,
1,EV_B9_C1,3.000000,80.000000,,
1,EV_B9_C1,2.000000,80.000000,,
1,EV_B9_C1,1.000000,80.000000,,
1,EV_B9_C1,0.000000,80.000000,,
3,,,,,
3,,,,,
3,,,,,
3,,,,,
3,,,,,
3,,,,,
3,,,,,
3,,,,,
3,,,,,
3,,,,,
3,,,,,
3,,,,,
3,,,,,
2,EV_B9_C1,,,0.000000,37.536335
1,EV_B9_C1,9.000000,80.000000,,
1,EV_B9_C1,8.000000,80.000000,,
1,EV_B9_C1,7.000000,80.000000,,
1,EV_B9_C1,6.000000,80.000000,,
1,EV_B9_C1,5.000000,80.000000,,
1,EV_B9_C1,4.000000,80.000000,,
1,EV_B9_C1,3.000000,80.000000,,
1,EV_B9_C1,2.000000,80.000000,,
1,EV_B9_C1,1.000000,80.000000,,
1,EV_B9_C1,0.000000,80.000000,,
3,,,,,
3,,,,,
3,,,,,
3,,,,,
3,,,,,
3,,,,,
3,,,,,
3,,,,,
3,,,,,
3,,,,,
3,,,,,
3,,,,,
2,EV_B9_C1,,,0.000000,38.123525
1,EV_B9_C1,9.000000,80.000000,,
1,EV_B9_C1,8.000000,80.000000,,
1,EV_B9_C1,7.000000,80.000000,,
1,EV_B9_C1,6.000000,80.000000,,
1,EV_B9_C1,5.000000,80.000000,,
1,EV_B9_C1,4.000000,80.000000,,
1,EV_B9_C1,3.000000,80.000000,,
1,EV_B9_C1,2.000000,80.000000,,
1,EV_B9_C1,1.000000,80.000000,,
1,EV_B9_C1,0.000000,80.000000,,
3,,,,,
3,,,,,
3,,,,,
3,,,,,
3,,,,,
3,,,,,
3,,,,,
3,,,,,
3,,,,,
3,,,,,
3,,,,,
3,,,,,
3,,,,,
2,EV_B9_C1,,,0.000000,36.246325
1,EV_B9_C1,10.000000,80.000000,,
1,EV_B9_C1,9.000000,80.000000,,
1,EV_B9_C1,8.000000,80.000000,,
1,EV_B9_C1,7.000000,80.000000,,
1,EV_B9_C1,6.000000,80.000000,,
1,EV_B9_C1,5.000000,80.000000,,
1,EV_B9_C1,4.000000,80.000000,,
1,EV_B9_C1,3.000000,80.000000,,
1,EV_B9_C1,2.000000,80.000000,,
1,EV_B9_C1,1.000000,80.000000,,
1,EV_B9_C1,0.000000,80.000000,,
3,,,,,
3,,,,,
3,,,,,
3,,,,,
3,,,,,
3,,,,,
3,,,,,
3,,,,,
3,,,,,
3,,,,,
3,,,,,
3,,,,,
3,,,,,
3,,,,,
3,,,,,
3,,,,,
3,,,,,
3,,,,,
3,,,,,
3,,,,,
3,,,,,
3,,,,,
3,,,,,
3,,,,,
3,,,,,
3,,,,,
3,,,,,
3,,,,,
3,,,,,
3,,,,,
3,,,,,
3,,,,,
3,,,,,
3,,,,,
3,,,,,
2,EV_B9_C1,,,0.000000,44.873697
1,EV_B9_C1,11.000000,80.000000,,
1,EV_B9_C1,10.000000,80.000000,,
1,EV_B9_C1,9.000000,80.000000,,
1,EV_B9_C1,8.000000,80.000000,,
1,EV_B9_C1,7.000000,80.000000,,
1,EV_B9_C1,6.000000,80.000000,,
1,EV_B9_C1,5.000000,80.000000,,
1,EV_B9_C1,4.000000,80.000000,,
1,EV_B9_C1,3.000000,80.000000,,
1,EV_B9_C1,2.000000,80.000000,,
1,EV_B9_C1,1.000000,80.000000,,
1,EV_B9_C1,0.000000,80.000000,,
3,,,,,
3,,,,,
3,,,,,
3,,,,,
3,,,,,
3,,,,,
3,,,,,
3,,,,,
3,,,,,
3,,,,,
3,,,,,
2,EV_B9_C1,,,0.000000,27.875986
1,EV_B9_C1,11.000000,80.000000,,
1,EV_B9_C1,10.000000,80.000000,,
1,EV_B9_C1,9.000000,80.000000,,
1,EV_B9_C1,8.000000,80.000000,,
1,EV_B9_C1,7.000000,80.000000,,
1,EV_B9_C1,6.000000,80.000000,,
1,EV_B9_C1,5.000000,80.000000,,
1,EV_B9_C1,4.000000,80.000000,,
1,EV_B9_C1,3.000000,80.000000,,
1,EV_B9_C1,2.000000,80.000000,,
1,EV_B9_C1,1.000000,80.000000,,
1,EV_B9_C1,0.000000,80.000000,,
3,,,,,
3,,,,,
3,,,,,
3,,,,,
3,,,,,
3,,,,,
3,,,,,
3,,,,,
3,,,,,
3,,,,,
3,,,,,
3,,,,,
3,,,,,
2,EV_B9_C1,,,0.000000,44.929323
1,EV_B9_C1,8.000000,80.000000,,
1,EV_B9_C1,7.000000,80.000000,,
1,EV_B9_C1,6.000000,80.000000,,
1,EV_B9_C1,5.000000,80.000000,,
1,EV_B9_C1,4.000000,80.000000,,
1,EV_B9_C1,3.000000,80.000000,,
1,EV_B9_C1,2.000000,80.000000,,
1,EV_B9_C1,1.000000,80.000000,,
1,EV_B9_C1,0.000000,80.000000,,
3,,,,,
3,,,,,
3,,,,,
3,,,,,
3,,,,,
3,,,,,
3,,,,,
3,,,,,
3,,,,,
3,,,,,
3,,,,,
3,,,,,
3,,,,,
2,EV_B9_C1,,,0.000000,26.857710
1,EV_B9_C1,10.000000,80.000000,,
1,EV_B9_C1,9.000000,80.000000,,
1,EV_B9_C1,8.000000,80.000000,,
1,EV_B9_C1,7.000000,80.000000,,
1,EV_B9_C1,6.000000,80.000000,,
1,EV_B9_C1,5.000000,80.000000,,
1,EV_B9_C1,4.000000,80.000000,,
1,EV_B9_C1,3.000000,80.000000,,
1,EV_B9_C1,2.000000,80.000000,,
1,EV_B9_C1,1.000000,80.000000,,
1,EV_B9_C1,0.000000,80.000000,,
3,,,,,
3,,,,,
3,,,,,
3,,,,,
3,,,,,
3,,,,,
3,,,,,
3,,,,,
3,,,,,
3,,,,,
3,,,,,
3,,,,,
2,EV_B9_C1,,,0.000000,30.397788
1,EV_B9_C1,9.000000,80.000000,,
1,EV_B9_C1,8.000000,80.000000,,
1,EV_B9_C1,7.000000,80.000000,,
1,EV_B9_C1,6.000000,80.000000,,
1,EV_B9_C1,5.000000,80.000000,,
1,EV_B9_C1,4.000000,80.000000,,
1,EV_B9_C1,3.000000,80.000000,,
1,EV_B9_C1,2.000000,80.000000,,
1,EV_B9_C1,1.000000,80.000000,,
1,EV_B9_C1,0.000000,80.000000,,
3,,,,,
3,,,,,
3,,,,,
3,,,,,
3,,,,,
3,,,,,
3,,,,,
3,,,,,
3,,,,,
3,,,,,
3,,,,,
3,,,,,
3,,,,,
3,,,,,
3,,,,,
2,EV_B9_C1,,,0.000000,29.022236
1,EV_B9_C1,7.000000,80.000000,,
1,EV_B9_C1,6.000000,80.000000,,
1,EV_B9_C1,5.000000,80.000000,,
1,EV_B9_C1,4.000000,80.000000,,
1,EV_B9_C1,3.000000,80.000000,,
1,EV_B9_C1,2.000000,80.000000,,
1,EV_B9_C1,1.000000,80.000000,,
1,EV_B9_C1,0.000000,80.000000,,
3,,,,,
3,,,,,
3,,,,,
3,,,,,
3,,,,,
3,,,,,
3,,,,,
3,,,,,
3,,,,,
3,,,,,
3,,,,,
3,,,,,
3,,,,,
3,,,,,
3,,,,,
2,EV_B9_C1,,,0.000000,43.990361
1,EV_B9_C1,7.000000,80.000000,,
1,EV_B9_C1,6.000000,80.000000,,
1,EV_B9_C1,5.000000,80.000000,,
1,EV_B9_C1,4.000000,80.000000,,
1,EV_B9_C1,3.000000,80.000000,,
1,EV_B9_C1,2.000000,80.000000,,
1,EV_B9_C1,1.000000,80.000000,,
1,EV_B9_C1,0.000000,80.000000,,
3,,,,,
3,,,,,
3,,,,,
3,,,,,
3,,,,,
3,,,,,
3,,,,,
3,,,,,
3,,,,,
3,,,,,
3,,,,,
3,,,,,
3,,,,,
3,,,,,
2,EV_B9_C1,,,0.000000,37.694266
1,EV_B9_C1,8.000000,80.000000,,
1,EV_B9_C1,7.000000,80.000000,,
1,EV_B9_C1,6.000000,80.000000,,
1,EV_B9_C1,5.000000,80.000000,,
1,EV_B9_C1,4.000000,80.000000,,
1,EV_B9_C1,3.000000,80.000000,,
1,EV_B9_C1,2.000000,80.000000,,
1,EV_B9_C1,1.000000,80.000000,,
1,EV_B9_C1,0.000000,80.000000,,
3,,,,,
3,,,,,
3,,,,,
3,,,,,
3,,,,,
3,,,,,
3,,,,,
3,,,,,
3,,,,,
3,,,,,
3,,,,,
3,,,,,
3,,,,,
3,,,,,
3,,,,,
3,,,,,
2,EV_B9_C1,,,0.000000,27.376780
1,EV_B9_C1,6.000000,80.000000,,
1,EV_B9_C1,5.000000,80.000000,,
1,EV_B9_C1,4.000000,80.000000,,
1,EV_B9_C1,3.000000,80.000000,,
1,EV_B9_C1,2.000000,80.000000,,
1,EV_B9_C1,1.000000,80.000000,,
1,EV_B9_C1,0.000000,80.000000,,
3,,,,,
3,,,,,
3,,,,,
3,,,,,
3,,,,,
3,,,,,
3,,,,,
3,,,,,
3,,,,,
3,,,,,
3,,,,,
3,,,,,
3,,,,,
2,EV_B9_C1,,,0.000000,40.736852
1,EV_B9_C1,10.000000,80.000000,,
1,EV_B9_C1,9.000000,80.000000,,
1,EV_B9_C1,8.000000,80.000000,,
1,EV_B9_C1,7.000000,80.000000,,
1,EV_B9_C1,6.000000,80.000000,,
1,EV_B9_C1,5.000000,80.000000,,
1,EV_B9_C1,4.000000,80.000000,,
1,EV_B9_C1,3.000000,80.000000,,
1,EV_B9_C1,2.000000,80.000000,,
1,EV_B9_C1,1.000000,80.000000,,
1,EV_B9_C1,0.000000,80.000000,,
3,,,,,
3,,,,,
3,,,,,
3,,,,,
3,,,,,
3,,,,,
3,,,,,
3,,,,,
3,,,,,
3,,,,,
3,,,,,
3,,,,,
3,,,,,
2,EV_B9_C1,,,0.000000,42.284217
1,EV_B9_C1,10.000000,80.000000,,
1,EV_B9_C1,9.000000,80.000000,,
1,EV_B9_C1,8.000000,80.000000,,
1,EV_B9_C1,7.000000,80.000000,,
1,EV_B9_C1,6.000000,80.000000,,
1,EV_B9_C1,5.000000,80.000000,,
1,EV_B9_C1,4.000000,80.000000,,
1,EV_B9_C1,3.000000,80.000000,,
1,EV_B9_C1,2.000000,80.000000,,
1,EV_B9_C1,1.000000,80.000000,,
1,EV_B9_C1,0.000000,80.000000,,
3,,,,,
3,,,,,
3,,,,,
3,,,,,
3,,,,,
3,,,,,
3,,,,,
3,,,,,
3,,,,,
3,,,,,
3,,,,,
3,,,,,
2,EV_B9_C1,,,0.000000,43.796677
1,EV_B9_C1,7.000000,80.000000,,
1,EV_B9_C1,6.000000,80.000000,,
1,EV_B9_C1,5.000000,80.000000,,
1,EV_B9_C1,4.000000,80.000000,,
1,EV_B9_C1,3.000000,80.000000,,
1,EV_B9_C1,2.000000,80.000000,,
1,EV_B9_C1,1.000000,80.000000,,
1,EV_B9_C1,0.000000,80.000000,,
3,,,,,
3,,,,,
3,,,,,
3,,,,,
3,,,,,
3,,,,,
3,,,,,
3,,,,,
3,,,,,
3,,,,,
3,,,,,
3,,,,,
3,,,,,
3,,,,,
2,EV_B9_C1,,,0.000000,39.803905
1,EV_B9_C1,10.000000,80.000000,,
1,EV_B9_C1,9.000000,80.000000,,
1,EV_B9_C1,8.000000,80.000000,,
1,EV_B9_C1,7.000000,80.000000,,
1,EV_B9_C1,6.000000,80.000000,,
1,EV_B9_C1,5.000000,80.000000,,
1,EV_B9_C1,4.000000,80.000000,,
1,EV_B9_C1,3.000000,80.000000,,
1,EV_B9_C1,2.000000,80.000000,,
1,EV_B9_C1,1.000000,80.000000,,
1,EV_B9_C1,0.000000,80.000000,,
3,,,,,
3,,,,,
3,,,,,
3,,,,,
3,,,,,
3,,,,,
3,,,,,
3,,,,,
3,,,,,
3,,,,,
3,,,,,
3,,,,,
3,,,,,
2,EV_B9_C1,,,0.000000,31.664194
1,EV_B9_C1,8.000000,80.000000,,
1,EV_B9_C1,7.000000,80.000000,,
1,EV_B9_C1,6.000000,80.000000,,
1,EV_B9_C1,5.000000,80.000000,,
1,EV_B9_C1,4.000000,80.000000,,
1,EV_B9_C1,3.000000,80.000000,,
1,EV_B9_C1,2.000000,80.000000,,
1,EV_B9_C1,1.000000,80.000000,,
1,EV_B9_C1,0.000000,80.000000,,
3,,,,,
3,,,,,
3,,,,,
3,,,,,
3,,,,,
3,,,,,
3,,,,,
3,,,,,
3,,,,,
3,,,,,
3,,,,,
3,,,,,
3,,,,,
3,,,,,
2,EV_B9_C1,,,0.000000,39.904464
1,EV_B9_C1,9.000000,80.000000,,
1,EV_B9_C1,8.000000,80.000000,,
1,EV_B9_C1,7.000000,80.000000,,
1,EV_B9_C1,6.000000,80.000000,,
1,EV_B9_C1,5.000000,80.000000,,
1,EV_B9_C1,4.000000,80.000000,,
1,EV_B9_C1,3.000000,80.000000,,
1,EV_B9_C1,2.000000,80.000000,,
1,EV_B9_C1,1.000000,80.000000,,
1,EV_B9_C1,0.000000,80.000000,,
3,,,,,
3,,,,,
3,,,,,
3,,,,,
3,,,,,
3,,,,,
3,,,,,
3,,,,,
3,,,,,
3,,,,,
3,,,,,
3,,,,,
3,,,,,
2,EV_B9_C1,,,0.000000,34.036896
1,EV_B9_C1,8.000000,80.000000,,
1,EV_B9_C1,7.000000,80.000000,,
1,EV_B9_C1,6.000000,80.000000,,
1,EV_B9_C1,5.000000,80.000000,,
1,EV_B9_C1,4.000000,80.000000,,
1,EV_B9_C1,3.000000,80.000000,,
1,EV_B9_C1,2.000000,80.000000,,
1,EV_B9_C1,1.000000,80.000000,,
1,EV_B9_C1,0.000000,80.000000,,
3,,,,,
3,,,,,
3,,,,,
3,,,,,
3,,,,,
3,,,,,
3,,,,,
3,,,,,
3,,,,,
3,,,,,
3,,,,,
3,,,,,
3,,,,,
3,,,,,
2,EV_B9_C1,,,0.000000,35.623069
1,EV_B9_C1,8.000000,80.000000,,
1,EV_B9_C1,7.000000,80.000000,,
1,EV_B9_C1,6.000000,80.000000,,
1,EV_B9_C1,5.000000,80.000000,,
1,EV_B9_C1,4.000000,80.000000,,
1,EV_B9_C1,3.000000,80.000000,,
1,EV_B9_C1,2.000000,80.000000,,
1,EV_B9_C1,1.000000,80.000000,,
1,EV_B9_C1,0.000000,80.000000,,
3,,,,,
3,,,,,
3,,,,,
3,,,,,
3,,,,,
3,,,,,
3,,,,,
3,,,,,
3,,,,,
3,,,,,
3,,,,,
3,,,,,
3,,,,,
3,,,,,
2,EV_B9_C1,,,0.000000,41.200474
1,EV_B9_C1,8.000000,80.000000,,
1,EV_B9_C1,7.000000,80.000000,,
1,EV_B9_C1,6.000000,80.000000,,
1,EV_B9_C1,5.000000,80.000000,,
1,EV_B9_C1,4.000000,80.000000,,
1,EV_B9_C1,3.000000,80.000000,,
1,EV_B9_C1,2.000000,80.000000,,
1,EV_B9_C1,1.000000,80.000000,,
1,EV_B9_C1,0.000000,80.000000,,
3,,,,,
3,,,,,
3,,,,,
3,,,,,
3,,,,,
3,,,,,
3,,,,,
3,,,,,
3,,,,,
3,,,,,
3,,,,,
3,,,,,
3,,,,,
2,EV_B9_C1,,,0.000000,43.075494
1,EV_B9_C1,9.000000,80.000000,,
1,EV_B9_C1,8.000000,80.000000,,
1,EV_B9_C1,7.000000,80.000000,,
1,EV_B9_C1,6.000000,80.000000,,
1,EV_B9_C1,5.000000,80.000000,,
1,EV_B9_C1,4.000000,80.000000,,
1,EV_B9_C1,3.000000,80.000000,,
1,EV_B9_C1,2.000000,80.000000,,
1,EV_B9_C1,1.000000,80.000000,,
1,EV_B9_C1,0.000000,80.000000,,
3,,,,,
3,,,,,
3,,,,,
3,,,,,
3,,,,,
3,,,,,
3,,,,,
3,,,,,
3,,,,,
3,,,,,
3,,,,,
3,,,,,
3,,,,,
3,,,,,
3,,,,,
2,EV_B9_C1,,,0.000000,30.976498
1,EV_B9_C1,8.000000,80.000000,,
1,EV_B9_C1,7.000000,80.000000,,
1,EV_B9_C1,6.000000,80.000000,,
1,EV_B9_C1,5.000000,80.000000,,
1,EV_B9_C1,4.000000,80.000000,,
1,EV_B9_C1,3.000000,80.000000,,
1,EV_B9_C1,2.000000,80.000000,,
1,EV_B9_C1,1.000000,80.000000,,
1,EV_B9_C1,0.000000,80.000000,,
3,,,,,
3,,,,,
3,,,,,
3,,,,,
3,,,,,
3,,,,,
3,,,,,
3,,,,,
3,,,,,
3,,,,,
3,,,,,
3,,,,,
2,EV_B9_C1,,,0.000000,30.547367
1,EV_B9_C1,8.000000,80.000000,,
1,EV_B9_C1,7.000000,80.000000,,
1,EV_B9_C1,6.000000,80.000000,,
1,EV_B9_C1,5.000000,80.000000,,
1,EV_B9_C1,4.000000,80.000000,,
1,EV_B9_C1,3.000000,80.000000,,
1,EV_B9_C1,2.000000,80.000000,,
1,EV_B9_C1,1.000000,80.000000,,
1,EV_B9_C1,0.000000,80.000000,,
3,,,,,
3,,,,,
3,,,,,
3,,,,,
3,,,,,
3,,,,,
3,,,,,
3,,,,,
3,,,,,
3,,,,,
3,,,,,
3,,,,,
3,,,,,
2,EV_B9_C1,,,0.000000,34.061275
1,EV_B9_C1,11.000000,80.000000,,
1,EV_B9_C1,10.000000,80.000000,,
1,EV_B9_C1,9.000000,80.000000,,
1,EV_B9_C1,8.000000,80.000000,,
1,EV_B9_C1,7.000000,80.000000,,
1,EV_B9_C1,6.000000,80.000000,,
1,EV_B9_C1,5.000000,80.000000,,
1,EV_B9_C1,4.000000,80.000000,,
1,EV_B9_C1,3.000000,80.000000,,
1,EV_B9_C1,2.000000,80.000000,,
1,EV_B9_C1,1.000000,80.000000,,
1,EV_B9_C1,0.000000,80.000000,,
3,,,,,
3,,,,,
3,,,,,
3,,,,,
3,,,,,
3,,,,,
3,,,,,
3,,,,,
3,,,,,
3,,,,,
3,,,,,
3,,,,,
2,EV_B9_C1,,,0.000000,37.413673
1,EV_B9_C1,9.000000,80.000000,,
1,EV_B9_C1,8.000000,80.000000,,
1,EV_B9_C1,7.000000,80.000000,,
1,EV_B9_C1,6.000000,80.000000,,
1,EV_B9_C1,5.000000,80.000000,,
1,EV_B9_C1,4.000000,80.000000,,
1,EV_B9_C1,3.000000,80.000000,,
1,EV_B9_C1,2.000000,80.000000,,
1,EV_B9_C1,1.000000,80.000000,,
1,EV_B9_C1,0.000000,80.000000,,
3,,,,,
3,,,,,
3,,,,,
3,,,,,
3,,,,,
3,,,,,
3,,,,,
3,,,,,
3,,,,,
3,,,,,
3,,,,,
3,,,,,
2,EV_B9_C1,,,0.000000,28.798831
1,EV_B9_C1,11.000000,80.000000,,
1,EV_B9_C1,10.000000,80.000000,,
1,EV_B9_C1,9.000000,80.000000,,
1,EV_B9_C1,8.000000,80.000000,,
1,EV_B9_C1,7.000000,80.000000,,
1,EV_B9_C1,6.000000,80.000000,,
1,EV_B9_C1,5.000000,80.000000,,
1,EV_B9_C1,4.000000,80.000000,,
1,EV_B9_C1,3.000000,80.000000,,
1,EV_B9_C1,2.000000,80.000000,,
1,EV_B9_C1,1.000000,80.000000,,
1,EV_B9_C1,0.000000,80.000000,,
3,,,,,
3,,,,,
3,,,,,
3,,,,,
3,,,,,
3,,,,,
3,,,,,
3,,,,,
3,,,,,
3,,,,,
3,,,,,
3,,,,,
3,,,,,
2,EV_B9_C1,,,0.000000,34.270972
1,EV_B9_C1,9.000000,80.000000,,
1,EV_B9_C1,8.000000,80.000000,,
1,EV_B9_C1,7.000000,80.000000,,
1,EV_B9_C1,6.000000,80.000000,,
1,EV_B9_C1,5.000000,80.000000,,
1,EV_B9_C1,4.000000,80.000000,,
1,EV_B9_C1,3.000000,80.000000,,
1,EV_B9_C1,2.000000,80.000000,,
1,EV_B9_C1,1.000000,80.000000,,
1,EV_B9_C1,0.000000,80.000000,,
3,,,,,
3,,,,,
3,,,,,
3,,,,,
3,,,,,
3,,,,,
3,,,,,
3,,,,,
3,,,,,
3,,,,,
3,,,,,
3,,,,,
2,EV_B9_C1,,,0.000000,36.980349
1,EV_B9_C1,9.000000,80.000000,,
1,EV_B9_C1,8.000000,80.000000,,
1,EV_B9_C1,7.000000,80.000000,,
1,EV_B9_C1,6.000000,80.000000,,
1,EV_B9_C1,5.000000,80.000000,,
1,EV_B9_C1,4.000000,80.000000,,
1,EV_B9_C1,3.000000,80.000000,,
1,EV_B9_C1,2.000000,80.000000,,
1,EV_B9_C1,1.000000,80.000000,,
1,EV_B9_C1,0.000000,80.000000,,
3,,,,,
3,,,,,
3,,,,,
3,,,,,
3,,,,,
3,,,,,
3,,,,,
3,,,,,
3,,,,,
3,,,,,
3,,,,,
3,,,,,
3,,,,,
3,,,,,
3,,,,,
3,,,,,
3,,,,,
3,,,,,
3,,,,,
3,,,,,
3,,,,,
3,,,,,
3,,,,,
3,,,,,
3,,,,,
3,,,,,
3,,,,,
3,,,,,
3,,,,,
3,,,,,
3,,,,,
3,,,,,
3,,,,,
3,,,,,
3,,,,,
3,,,,,
3,,,,,
3,,,,,
2,EV_B9_C1,,,0.000000,32.207404
1,EV_B9_C1,8.000000,80.000000,,
1,EV_B9_C1,7.000000,80.000000,,
1,EV_B9_C1,6.000000,80.000000,,
1,EV_B9_C1,5.000000,80.000000,,
1,EV_B9_C1,4.000000,80.000000,,
1,EV_B9_C1,3.000000,80.000000,,
1,EV_B9_C1,2.000000,80.000000,,
1,EV_B9_C1,1.000000,80.000000,,
1,EV_B9_C1,0.000000,80.000000,,
3,,,,,
3,,,,,
3,,,,,
3,,,,,
3,,,,,
3,,,,,
3,,,,,
3,,,,,
3,,,,,
3,,,,,
3,,,,,
3,,,,,
3,,,,,
3,,,,,
2,EV_B9_C1,,,0.000000,30.678369
1,EV_B9_C1,9.000000,80.000000,,
1,EV_B9_C1,8.000000,80.000000,,
1,EV_B9_C1,7.000000,80.000000,,
1,EV_B9_C1,6.000000,80.000000,,
1,EV_B9_C1,5.000000,80.000000,,
1,EV_B9_C1,4.000000,80.000000,,
1,EV_B9_C1,3.000000,80.000000,,
1,EV_B9_C1,2.000000,80.000000,,
1,EV_B9_C1,1.000000,80.000000,,
1,EV_B9_C1,0.000000,80.000000,,
3,,,,,
3,,,,,
3,,,,,
3,,,,,
3,,,,,
3,,,,,
3,,,,,
3,,,,,
3,,,,,
3,,,,,
3,,,,,
3,,,,,
3,,,,,
2,EV_B9_C1,,,0.000000,32.361932
1,EV_B9_C1,8.000000,80.000000,,
1,EV_B9_C1,7.000000,80.000000,,
1,EV_B9_C1,6.000000,80.000000,,
1,EV_B9_C1,5.000000,80.000000,,
1,EV_B9_C1,4.000000,80.000000,,
1,EV_B9_C1,3.000000,80.000000,,
1,EV_B9_C1,2.000000,80.000000,,
1,EV_B9_C1,1.000000,80.000000,,
1,EV_B9_C1,0.000000,80.000000,,
3,,,,,
3,,,,,
3,,,,,
3,,,,,
3,,,,,
3,,,,,
3,,,,,
3,,,,,
3,,,,,
3,,,,,
3,,,,,
3,,,,,
3,,,,,
3,,,,,
2,EV_B9_C1,,,0.000000,39.258088
1,EV_B9_C1,9.000000,80.000000,,
1,EV_B9_C1,8.000000,80.000000,,
1,EV_B9_C1,7.000000,80.000000,,
1,EV_B9_C1,6.000000,80.000000,,
1,EV_B9_C1,5.000000,80.000000,,
1,EV_B9_C1,4.000000,80.000000,,
1,EV_B9_C1,3.000000,80.000000,,
1,EV_B9_C1,2.000000,80.000000,,
1,EV_B9_C1,1.000000,80.000000,,
1,EV_B9_C1,0.000000,80.000000,,
3,,,,,
3,,,,,
3,,,,,
3,,,,,
3,,,,,
3,,,,,
3,,,,,
3,,,,,
3,,,,,
3,,,,,
3,,,,,
3,,,,,
3,,,,,
2,EV_B9_C1,,,0.000000,32.403246
1,EV_B9_C1,9.000000,80.000000,,
1,EV_B9_C1,8.000000,80.000000,,
1,EV_B9_C1,7.000000,80.000000,,
1,EV_B9_C1,6.000000,80.000000,,
1,EV_B9_C1,5.000000,80.000000,,
1,EV_B9_C1,4.000000,80.000000,,
1,EV_B9_C1,3.000000,80.000000,,
1,EV_B9_C1,2.000000,80.000000,,
1,EV_B9_C1,1.000000,80.000000,,
1,EV_B9_C1,0.000000,80.000000,,
3,,,,,
3,,,,,
3,,,,,
3,,,,,
3,,,,,
3,,,,,
3,,,,,
3,,,,,
3,,,,,
3,,,,,
3,,,,,
3,,,,,
3,,,,,
2,EV_B9_C1,,,0.000000,27.047217
1,EV_B9_C1,9.000000,80.000000,,
1,EV_B9_C1,8.000000,80.000000,,
1,EV_B9_C1,7.000000,80.000000,,
1,EV_B9_C1,6.000000,80.000000,,
1,EV_B9_C1,5.000000,80.000000,,
1,EV_B9_C1,4.000000,80.000000,,
1,EV_B9_C1,3.000000,80.000000,,
1,EV_B9_C1,2.000000,80.000000,,
1,EV_B9_C1,1.000000,80.000000,,
1,EV_B9_C1,0.000000,80.000000,,
3,,,,,
3,,,,,
3,,,,,
3,,,,,
3,,,,,
3,,,,,
3,,,,,
3,,,,,
3,,,,,
3,,,,,
3,,,,,
3,,,,,
3,,,,,
2,EV_B9_C1,,,0.000000,30.998025
1,EV_B9_C1,8.000000,80.000000,,
1,EV_B9_C1,7.000000,80.000000,,
1,EV_B9_C1,6.000000,80.000000,,
1,EV_B9_C1,5.000000,80.000000,,
1,EV_B9_C1,4.000000,80.000000,,
1,EV_B9_C1,3.000000,80.000000,,
1,EV_B9_C1,2.000000,80.000000,,
1,EV_B9_C1,1.000000,80.000000,,
1,EV_B9_C1,0.000000,80.000000,,
3,,,,,
3,,,,,
3,,,,,
3,,,,,
3,,,,,
3,,,,,
3,,,,,
3,,,,,
3,,,,,
3,,,,,
3,,,,,
3,,,,,
3,,,,,
3,,,,,
2,EV_B9_C1,,,0.000000,36.091207
1,EV_B9_C1,8.000000,80.000000,,
1,EV_B9_C1,7.000000,80.000000,,
1,EV_B9_C1,6.000000,80.000000,,
1,EV_B9_C1,5.000000,80.000000,,
1,EV_B9_C1,4.000000,80.000000,,
1,EV_B9_C1,3.000000,80.000000,,
1,EV_B9_C1,2.000000,80.000000,,
1,EV_B9_C1,1.000000,80.000000,,
1,EV_B9_C1,0.000000,80.000000,,
3,,,,,
3,,,,,
3,,,,,
3,,,,,
3,,,,,
3,,,,,
3,,,,,
3,,,,,
3,,,,,
3,,,,,
3,,,,,
3,,,,,
3,,,,,
2,EV_B9_C1,,,0.000000,29.345908
1,EV_B9_C1,10.000000,80.000000,,
1,EV_B9_C1,9.000000,80.000000,,
1,EV_B9_C1,8.000000,80.000000,,
1,EV_B9_C1,7.000000,80.000000,,
1,EV_B9_C1,6.000000,80.000000,,
1,EV_B9_C1,5.000000,80.000000,,
1,EV_B9_C1,4.000000,80.000000,,
1,EV_B9_C1,3.000000,80.000000,,
1,EV_B9_C1,2.000000,80.000000,,
1,EV_B9_C1,1.000000,80.000000,,
1,EV_B9_C1,0.000000,80.000000,,
3,,,,,
3,,,,,
3,,,,,
3,,,,,
3,,,,,
3,,,,,
3,,,,,
3,,,,,
3,,,,,
3,,,,,
3,,,,,
3,,,,,
2,EV_B9_C1,,,0.000000,38.625132
1,EV_B9_C1,9.000000,80.000000,,
1,EV_B9_C1,8.000000,80.000000,,
1,EV_B9_C1,7.000000,80.000000,,
1,EV_B9_C1,6.000000,80.000000,,
1,EV_B9_C1,5.000000,80.000000,,
1,EV_B9_C1,4.000000,80.000000,,
1,EV_B9_C1,3.000000,80.000000,,
1,EV_B9_C1,2.000000,80.000000,,
1,EV_B9_C1,1.000000,80.000000,,
1,EV_B9_C1,0.000000,80.000000,,
3,,,,,
3,,,,,
3,,,,,
3,,,,,
3,,,,,
3,,,,,
3,,,,,
3,,,,,
3,,,,,
3,,,,,
3,,,,,
3,,,,,
2,EV_B9_C1,,,0.000000,33.447139
1,EV_B9_C1,10.000000,80.000000,,
1,EV_B9_C1,9.000000,80.000000,,
1,EV_B9_C1,8.000000,80.000000,,
1,EV_B9_C1,7.000000,80.000000,,
1,EV_B9_C1,6.000000,80.000000,,
1,EV_B9_C1,5.000000,80.000000,,
1,EV_B9_C1,4.000000,80.000000,,
1,EV_B9_C1,3.000000,80.000000,,
1,EV_B9_C1,2.000000,80.000000,,
1,EV_B9_C1,1.000000,80.000000,,
1,EV_B9_C1,0.000000,80.000000,,
3,,,,,
3,,,,,
3,,,,,
3,,,,,
3,,,,,
3,,,,,
3,,,,,
3,,,,,
3,,,,,
3,,,,,
3,,,,,
3,,,,,
3,,,,,
3,,,,,
2,EV_B9_C1,,,0.000000,27.975703
1,EV_B9_C1,9.000000,80.000000,,
1,EV_B9_C1,8.000000,80.000000,,
1,EV_B9_C1,7.000000,80.000000,,
1,EV_B9_C1,6.000000,80.000000,,
1,EV_B9_C1,5.000000,80.000000,,
1,EV_B9_C1,4.000000,80.000000,,
1,EV_B9_C1,3.000000,80.000000,,
1,EV_B9_C1,2.000000,80.000000,,
1,EV_B9_C1,1.000000,80.000000,,
1,EV_B9_C1,0.000000,80.000000,,
3,,,,,
3,,,,,
3,,,,,
3,,,,,
3,,,,,
3,,,,,
3,,,,,
3,,,,,
3,,,,,
3,,,,,
3,,,,,
3,,,,,
3,,,,,
3,,,,,
3,,,,,
3,,,,,
3,,,,,
3,,,,,
3,,,,,
3,,,,,
3,,,,,
3,,,,,
3,,,,,
3,,,,,
3,,,,,
3,,,,,
3,,,,,
3,,,,,
3,,,,,
3,,,,,
3,,,,,
3,,,,,
3,,,,,
3,,,,,
3,,,,,
3,,,,,
3,,,,,
2,EV_B9_C1,,,0.000000,34.590251
1,EV_B9_C1,9.000000,80.000000,,
1,EV_B9_C1,8.000000,80.000000,,
1,EV_B9_C1,7.000000,80.000000,,
1,EV_B9_C1,6.000000,80.000000,,
1,EV_B9_C1,5.000000,80.000000,,
1,EV_B9_C1,4.000000,80.000000,,
1,EV_B9_C1,3.000000,80.000000,,
1,EV_B9_C1,2.000000,80.000000,,
1,EV_B9_C1,1.000000,80.000000,,
1,EV_B9_C1,0.000000,80.000000,,
3,,,,,
3,,,,,
3,,,,,
3,,,,,
3,,,,,
3,,,,,
3,,,,,
3,,,,,
3,,,,,
3,,,,,
3,,,,,
3,,,,,
2,EV_B9_C1,,,0.000000,32.244456
1,EV_B9_C1,9.000000,80.000000,,
1,EV_B9_C1,8.000000,80.000000,,
1,EV_B9_C1,7.000000,80.000000,,
1,EV_B9_C1,6.000000,80.000000,,
1,EV_B9_C1,5.000000,80.000000,,
1,EV_B9_C1,4.000000,80.000000,,
1,EV_B9_C1,3.000000,80.000000,,
1,EV_B9_C1,2.000000,80.000000,,
1,EV_B9_C1,1.000000,80.000000,,
1,EV_B9_C1,0.000000,80.000000,,
3,,,,,
3,,,,,
3,,,,,
3,,,,,
3,,,,,
3,,,,,
3,,,,,
3,,,,,
3,,,,,
3,,,,,
3,,,,,
3,,,,,
3,,,,,
2,EV_B9_C1,,,0.000000,32.300351
1,EV_B9_C1,9.000000,80.000000,,
1,EV_B9_C1,8.000000,80.000000,,
1,EV_B9_C1,7.000000,80.000000,,
1,EV_B9_C1,6.000000,80.000000,,
1,EV_B9_C1,5.000000,80.000000,,
1,EV_B9_C1,4.000000,80.000000,,
1,EV_B9_C1,3.000000,80.000000,,
1,EV_B9_C1,2.000000,80.000000,,
1,EV_B9_C1,1.000000,80.000000,,
1,EV_B9_C1,0.000000,80.000000,,
3,,,,,
3,,,,,
3,,,,,
3,,,,,
3,,,,,
3,,,,,
3,,,,,
3,,,,,
3,,,,,
3,,,,,
3,,,,,
3,,,,,
2,EV_B9_C1,,,0.000000,37.116273
1,EV_B9_C1,10.000000,80.000000,,
1,EV_B9_C1,9.000000,80.000000,,
1,EV_B9_C1,8.000000,80.000000,,
1,EV_B9_C1,7.000000,80.000000,,
1,EV_B9_C1,6.000000,80.000000,,
1,EV_B9_C1,5.000000,80.000000,,
1,EV_B9_C1,4.000000,80.000000,,
1,EV_B9_C1,3.000000,80.000000,,
1,EV_B9_C1,2.000000,80.000000,,
1,EV_B9_C1,1.000000,80.000000,,
1,EV_B9_C1,0.000000,80.000000,,
3,,,,,
3,,,,,
3,,,,,
3,,,,,
3,,,,,
3,,,,,
3,,,,,
3,,,,,
3,,,,,
3,,,,,
3,,,,,
3,,,,,
3,,,,,
3,,,,,
2,EV_B9_C1,,,0.000000,32.558743
1,EV_B9_C1,8.000000,80.000000,,
1,EV_B9_C1,7.000000,80.000000,,
1,EV_B9_C1,6.000000,80.000000,,
1,EV_B9_C1,5.000000,80.000000,,
1,EV_B9_C1,4.000000,80.000000,,
1,EV_B9_C1,3.000000,80.000000,,
1,EV_B9_C1,2.000000,80.000000,,
1,EV_B9_C1,1.000000,80.000000,,
1,EV_B9_C1,0.000000,80.000000,,
3,,,,,
3,,,,,
3,,,,,
3,,,,,
3,,,,,
3,,,,,
3,,,,,
3,,,,,
3,,,,,
3,,,,,
3,,,,,
3,,,,,
3,,,,,
3,,,,,
3,,,,,
3,,,,,
3,,,,,
3,,,,,
3,,,,,
3,,,,,
3,,,,,
3,,,,,
3,,,,,
3,,,,,
3,,,,,
3,,,,,
3,,,,,
3,,,,,
3,,,,,
3,,,,,
3,,,,,
3,,,,,
3,,,,,
3,,,,,
3,,,,,
3,,,,,
2,EV_B9_C1,,,0.000000,35.770225
1,EV_B9_C1,11.000000,80.000000,,
1,EV_B9_C1,10.000000,80.000000,,
1,EV_B9_C1,9.000000,80.000000,,
1,EV_B9_C1,8.000000,80.000000,,
1,EV_B9_C1,7.000000,80.000000,,
1,EV_B9_C1,6.000000,80.000000,,
1,EV_B9_C1,5.000000,80.000000,,
1,EV_B9_C1,4.000000,80.000000,,
1,EV_B9_C1,3.000000,80.000000,,
1,EV_B9_C1,2.000000,80.000000,,
1,EV_B9_C1,1.000000,80.000000,,
1,EV_B9_C1,0.000000,80.000000,,
3,,,,,
3,,,,,
3,,,,,
3,,,,,
3,,,,,
3,,,,,
3,,,,,
3,,,,,
3,,,,,
3,,,,,
3,,,,,
3,,,,,
2,EV_B9_C1,,,0.000000,32.677944
1,EV_B9_C1,9.000000,80.000000,,
1,EV_B9_C1,8.000000,80.000000,,
1,EV_B9_C1,7.000000,80.000000,,
1,EV_B9_C1,6.000000,80.000000,,
1,EV_B9_C1,5.000000,80.000000,,
1,EV_B9_C1,4.000000,80.000000,,
1,EV_B9_C1,3.000000,80.000000,,
1,EV_B9_C1,2.000000,80.000000,,
1,EV_B9_C1,1.000000,80.000000,,
1,EV_B9_C1,0.000000,80.000000,,
3,,,,,
3,,,,,
3,,,,,
3,,,,,
3,,,,,
3,,,,,
3,,,,,
3,,,,,
3,,,,,
3,,,,,
3,,,,,
3,,,,,
3,,,,,
3,,,,,
2,EV_B9_C1,,,0.000000,43.902574
1,EV_B9_C1,9.000000,80.000000,,
1,EV_B9_C1,8.000000,80.000000,,
1,EV_B9_C1,7.000000,80.000000,,
1,EV_B9_C1,6.000000,80.000000,,
1,EV_B9_C1,5.000000,80.000000,,
1,EV_B9_C1,4.000000,80.000000,,
1,EV_B9_C1,3.000000,80.000000,,
1,EV_B9_C1,2.000000,80.000000,,
1,EV_B9_C1,1.000000,80.000000,,
1,EV_B9_C1,0.000000,80.000000,,
3,,,,,
3,,,,,
3,,,,,
3,,,,,
3,,,,,
3,,,,,
3,,,,,
3,,,,,
3,,,,,
3,,,,,
3,,,,,
3,,,,,
3,,,,,
2,EV_B9_C1,,,0.000000,29.678609
1,EV_B9_C1,8.000000,80.000000,,
1,EV_B9_C1,7.000000,80.000000,,
1,EV_B9_C1,6.000000,80.000000,,
1,EV_B9_C1,5.000000,80.000000,,
1,EV_B9_C1,4.000000,80.000000,,
1,EV_B9_C1,3.000000,80.000000,,
1,EV_B9_C1,2.000000,80.000000,,
1,EV_B9_C1,1.000000,80.000000,,
1,EV_B9_C1,0.000000,80.000000,,
3,,,,,
3,,,,,
3,,,,,
3,,,,,
3,,,,,
3,,,,,
3,,,,,
3,,,,,
3,,,,,
3,,,,,
3,,,,,
3,,,,,
3,,,,,
2,EV_B9_C1,,,0.000000,43.643003
1,EV_B9_C1,10.000000,80.000000,,
1,EV_B9_C1,9.000000,80.000000,,
1,EV_B9_C1,8.000000,80.000000,,
1,EV_B9_C1,7.000000,80.000000,,
1,EV_B9_C1,6.000000,80.000000,,
1,EV_B9_C1,5.000000,80.000000,,
1,EV_B9_C1,4.000000,80.000000,,
1,EV_B9_C1,3.000000,80.000000,,
1,EV_B9_C1,2.000000,80.000000,,
1,EV_B9_C1,1.000000,80.000000,,
1,EV_B9_C1,0.000000,80.000000,,
3,,,,,
3,,,,,
3,,,,,
3,,,,,
3,,,,,
3,,,,,
3,,,,,
3,,,,,
3,,,,,
3,,,,,
3,,,,,
3,,,,,
3,,,,,
2,EV_B9_C1,,,0.000000,40.901640
1,EV_B9_C1,8.000000,80.000000,,
1,EV_B9_C1,7.000000,80.000000,,
1,EV_B9_C1,6.000000,80.000000,,
1,EV_B9_C1,5.000000,80.000000,,
1,EV_B9_C1,4.000000,80.000000,,
1,EV_B9_C1,3.000000,80.000000,,
1,EV_B9_C1,2.000000,80.000000,,
1,EV_B9_C1,1.000000,80.000000,,
1,EV_B9_C1,0.000000,80.000000,,
3,,,,,
3,,,,,
3,,,,,
3,,,,,
3,,,,,
3,,,,,
3,,,,,
3,,,,,
3,,,,,
3,,,,,
3,,,,,
3,,,,,
3,,,,,
2,EV_B9_C1,,,0.000000,26.357579
1,EV_B9_C1,9.000000,80.000000,,
1,EV_B9_C1,8.000000,80.000000,,
1,EV_B9_C1,7.000000,80.000000,,
1,EV_B9_C1,6.000000,80.000000,,
1,EV_B9_C1,5.000000,80.000000,,
1,EV_B9_C1,4.000000,80.000000,,
1,EV_B9_C1,3.000000,80.000000,,
1,EV_B9_C1,2.000000,80.000000,,
1,EV_B9_C1,1.000000,80.000000,,
1,EV_B9_C1,0.000000,80.000000,,
3,,,,,
3,,,,,
3,,,,,
3,,,,,
3,,,,,
3,,,,,
3,,,,,
3,,,,,
3,,,,,
3,,,,,
3,,,,,
3,,,,,
3,,,,,
2,EV_B9_C1,,,0.000000,37.109585
1,EV_B9_C1,9.000000,80.000000,,
1,EV_B9_C1,8.000000,80.000000,,
1,EV_B9_C1,7.000000,80.000000,,
1,EV_B9_C1,6.000000,80.000000,,
1,EV_B9_C1,5.000000,80.000000,,
1,EV_B9_C1,4.000000,80.000000,,
1,EV_B9_C1,3.000000,80.000000,,
1,EV_B9_C1,2.000000,80.000000,,
1,EV_B9_C1,1.000000,80.000000,,
1,EV_B9_C1,0.000000,80.000000,,
3,,,,,
3,,,,,
3,,,,,
3,,,,,
3,,,,,
3,,,,,
3,,,,,
3,,,,,
3,,,,,
3,,,,,
3,,,,,
3,,,,,
3,,,,,
2,EV_B9_C1,,,0.000000,32.646107
1,EV_B9_C1,10.000000,80.000000,,
1,EV_B9_C1,9.000000,80.000000,,
1,EV_B9_C1,8.000000,80.000000,,
1,EV_B9_C1,7.000000,80.000000,,
1,EV_B9_C1,6.000000,80.000000,,
1,EV_B9_C1,5.000000,80.000000,,
1,EV_B9_C1,4.000000,80.000000,,
1,EV_B9_C1,3.000000,80.000000,,
1,EV_B9_C1,2.000000,80.000000,,
1,EV_B9_C1,1.000000,80.000000,,
1,EV_B9_C1,0.000000,80.000000,,
3,,,,,
3,,,,,
3,,,,,
3,,,,,
3,,,,,
3,,,,,
3,,,,,
3,,,,,
3,,,,,
3,,,,,
3,,,,,
3,,,,,
3,,,,,
3,,,,,
2,EV_B9_C1,,,0.000000,34.691136
1,EV_B9_C1,8.000000,80.000000,,
1,EV_B9_C1,7.000000,80.000000,,
1,EV_B9_C1,6.000000,80.000000,,
1,EV_B9_C1,5.000000,80.000000,,
1,EV_B9_C1,4.000000,80.000000,,
1,EV_B9_C1,3.000000,80.000000,,
1,EV_B9_C1,2.000000,80.000000,,
1,EV_B9_C1,1.000000,80.000000,,
1,EV_B9_C1,0.000000,80.000000,,
3,,,,,
3,,,,,
3,,,,,
3,,,,,
3,,,,,
3,,,,,
3,,,,,
3,,,,,
3,,,,,
3,,,,,
3,,,,,
3,,,,,
2,EV_B9_C1,,,0.000000,42.976369
1,EV_B9_C1,9.000000,80.000000,,
1,EV_B9_C1,8.000000,80.000000,,
1,EV_B9_C1,7.000000,80.000000,,
1,EV_B9_C1,6.000000,80.000000,,
1,EV_B9_C1,5.000000,80.000000,,
1,EV_B9_C1,4.000000,80.000000,,
1,EV_B9_C1,3.000000,80.000000,,
1,EV_B9_C1,2.000000,80.000000,,
1,EV_B9_C1,1.000000,80.000000,,
1,EV_B9_C1,0.000000,80.000000,,
3,,,,,
3,,,,,
3,,,,,
3,,,,,
3,,,,,
3,,,,,
3,,,,,
3,,,,,
3,,,,,
3,,,,,
3,,,,,
3,,,,,
3,,,,,
3,,,,,
3,,,,,
3,,,,,
2,EV_B9_C1,,,0.000000,40.803800
1,EV_B9_C1,6.000000,80.000000,,
1,EV_B9_C1,5.000000,80.000000,,
1,EV_B9_C1,4.000000,80.000000,,
1,EV_B9_C1,3.000000,80.000000,,
1,EV_B9_C1,2.000000,80.000000,,
1,EV_B9_C1,1.000000,80.000000,,
1,EV_B9_C1,0.000000,80.000000,,
3,,,,,
3,,,,,
3,,,,,
3,,,,,
3,,,,,
3,,,,,
3,,,,,
3,,,,,
3,,,,,
3,,,,,
3,,,,,
3,,,,,
3,,,,,
3,,,,,
2,EV_B9_C1,,,0.000000,26.097781
1,EV_B9_C1,8.000000,80.000000,,
1,EV_B9_C1,7.000000,80.000000,,
1,EV_B9_C1,6.000000,80.000000,,
1,EV_B9_C1,5.000000,80.000000,,
1,EV_B9_C1,4.000000,80.000000,,
1,EV_B9_C1,3.000000,80.000000,,
1,EV_B9_C1,2.000000,80.000000,,
1,EV_B9_C1,1.000000,80.000000,,
1,EV_B9_C1,0.000000,80.000000,,
3,,,,,
3,,,,,
3,,,,,
3,,,,,
3,,,,,
3,,,,,
3,,,,,
3,,,,,
3,,,,,
3,,,,,
3,,,,,
3,,,,,
3,,,,,
3,,,,,
3,,,,,
3,,,,,
3,,,,,
3,,,,,
3,,,,,
3,,,,,
3,,,,,
3,,,,,
3,,,,,
3,,,,,
3,,,,,
3,,,,,
3,,,,,
3,,,,,
3,,,,,
3,,,,,
3,,,,,
3,,,,,
3,,,,,
3,,,,,
3,,,,,
3,,,,,
3,,,,,
2,EV_B9_C1,,,0.000000,41.367972
1,EV_B9_C1,10.000000,80.000000,,
1,EV_B9_C1,9.000000,80.000000,,
1,EV_B9_C1,8.000000,80.000000,,
1,EV_B9_C1,7.000000,80.000000,,
1,EV_B9_C1,6.000000,80.000000,,
1,EV_B9_C1,5.000000,80.000000,,
1,EV_B9_C1,4.000000,80.000000,,
1,EV_B9_C1,3.000000,80.000000,,
1,EV_B9_C1,2.000000,80.000000,,
1,EV_B9_C1,1.000000,80.000000,,
1,EV_B9_C1,0.000000,80.000000,,
3,,,,,
3,,,,,
3,,,,,
3,,,,,
3,,,,,
3,,,,,
3,,,,,
3,,,,,
3,,,,,
3,,,,,
3,,,,,
3,,,,,
3,,,,,
2,EV_B9_C1,,,0.000000,42.134329
1,EV_B9_C1,9.000000,80.000000,,
1,EV_B9_C1,8.000000,80.000000,,
1,EV_B9_C1,7.000000,80.000000,,
1,EV_B9_C1,6.000000,80.000000,,
1,EV_B9_C1,5.000000,80.000000,,
1,EV_B9_C1,4.000000,80.000000,,
1,EV_B9_C1,3.000000,80.000000,,
1,EV_B9_C1,2.000000,80.000000,,
1,EV_B9_C1,1.000000,80.000000,,
1,EV_B9_C1,0.000000,80.000000,,
3,,,,,
3,,,,,
3,,,,,
3,,,,,
3,,,,,
3,,,,,
3,,,,,
3,,,,,
3,,,,,
3,,,,,
3,,,,,
3,,,,,
3,,,,,
2,EV_B9_C1,,,0.000000,32.244832
1,EV_B9_C1,9.000000,80.000000,,
1,EV_B9_C1,8.000000,80.000000,,
1,EV_B9_C1,7.000000,80.000000,,
1,EV_B9_C1,6.000000,80.000000,,
1,EV_B9_C1,5.000000,80.000000,,
1,EV_B9_C1,4.000000,80.000000,,
1,EV_B9_C1,3.000000,80.000000,,
1,EV_B9_C1,2.000000,80.000000,,
1,EV_B9_C1,1.000000,80.000000,,
1,EV_B9_C1,0.000000,80.000000,,
3,,,,,
3,,,,,
3,,,,,
3,,,,,
3,,,,,
3,,,,,
3,,,,,
3,,,,,
3,,,,,
3,,,,,
3,,,,,
3,,,,,
3,,,,,
2,EV_B9_C1,,,0.000000,40.601320
1,EV_B9_C1,8.000000,80.000000,,
1,EV_B9_C1,7.000000,80.000000,,
1,EV_B9_C1,6.000000,80.000000,,
1,EV_B9_C1,5.000000,80.000000,,
1,EV_B9_C1,4.000000,80.000000,,
1,EV_B9_C1,3.000000,80.000000,,
1,EV_B9_C1,2.000000,80.000000,,
1,EV_B9_C1,1.000000,80.000000,,
1,EV_B9_C1,0.000000,80.000000,,
3,,,,,
3,,,,,
3,,,,,
3,,,,,
3,,,,,
3,,,,,
3,,,,,
3,,,,,
3,,,,,
3,,,,,
3,,,,,
3,,,,,
3,,,,,
3,,,,,
3,,,,,
2,EV_B9_C1,,,0.000000,33.127399
1,EV_B9_C1,6.000000,80.000000,,
1,EV_B9_C1,5.000000,80.000000,,
1,EV_B9_C1,4.000000,80.000000,,
1,EV_B9_C1,3.000000,80.000000,,
1,EV_B9_C1,2.000000,80.000000,,
1,EV_B9_C1,1.000000,80.000000,,
1,EV_B9_C1,0.000000,80.000000,,
3,,,,,
3,,,,,
3,,,,,
3,,,,,
3,,,,,
3,,,,,
3,,,,,
3,,,,,
3,,,,,
3,,,,,
3,,,,,
3,,,,,
3,,,,,
3,,,,,
3,,,,,
2,EV_B9_C1,,,0.000000,38.140544
1,EV_B9_C1,9.000000,80.000000,,
1,EV_B9_C1,8.000000,80.000000,,
1,EV_B9_C1,7.000000,80.000000,,
1,EV_B9_C1,6.000000,80.000000,,
1,EV_B9_C1,5.000000,80.000000,,
1,EV_B9_C1,4.000000,80.000000,,
1,EV_B9_C1,3.000000,80.000000,,
1,EV_B9_C1,2.000000,80.000000,,
1,EV_B9_C1,1.000000,80.000000,,
1,EV_B9_C1,0.000000,80.000000,,
3,,,,,
3,,,,,
3,,,,,
3,,,,,
3,,,,,
3,,,,,
3,,,,,
3,,,,,
3,,,,,
3,,,,,
3,,,,,
3,,,,,
3,,,,,
3,,,,,
3,,,,,
3,,,,,
3,,,,,
3,,,,,
3,,,,,
3,,,,,
3,,,,,
3,,,,,
3,,,,,
3,,,,,
3,,,,,
3,,,,,
3,,,,,
3,,,,,
3,,,,,
3,,,,,
3,,,,,
3,,,,,
3,,,,,
3,,,,,
3,,,,,
3,,,,,
3,,,,,
2,EV_B9_C1,,,0.000000,26.901472
1,EV_B9_C1,8.000000,80.000000,,
1,EV_B9_C1,7.000000,80.000000,,
1,EV_B9_C1,6.000000,80.000000,,
1,EV_B9_C1,5.000000,80.000000,,
1,EV_B9_C1,4.000000,80.000000,,
1,EV_B9_C1,3.000000,80.000000,,
1,EV_B9_C1,2.000000,80.000000,,
1,EV_B9_C1,1.000000,80.000000,,
1,EV_B9_C1,0.000000,80.000000,,
3,,,,,
3,,,,,
3,,,,,
3,,,,,
3,,,,,
3,,,,,
3,,,,,
3,,,,,
3,,,,,
3,,,,,
3,,,,,
3,,,,,
3,,,,,
2,EV_B9_C1,,,0.000000,27.228682
1,EV_B9_C1,10.000000,80.000000,,
1,EV_B9_C1,9.000000,80.000000,,
1,EV_B9_C1,8.000000,80.000000,,
1,EV_B9_C1,7.000000,80.000000,,
1,EV_B9_C1,6.000000,80.000000,,
1,EV_B9_C1,5.000000,80.000000,,
1,EV_B9_C1,4.000000,80.000000,,
1,EV_B9_C1,3.000000,80.000000,,
1,EV_B9_C1,2.000000,80.000000,,
1,EV_B9_C1,1.000000,80.000000,,
1,EV_B9_C1,0.000000,80.000000,,
3,,,,,
3,,,,,
3,,,,,
3,,,,,
3,,,,,
3,,,,,
3,,,,,
3,,,,,
3,,,,,
3,,,,,
3,,,,,
3,,,,,
3,,,,,
2,EV_B9_C1,,,0.000000,41.298005
1,EV_B9_C1,9.000000,80.000000,,
1,EV_B9_C1,8.000000,80.000000,,
1,EV_B9_C1,7.000000,80.000000,,
1,EV_B9_C1,6.000000,80.000000,,
1,EV_B9_C1,5.000000,80.000000,,
1,EV_B9_C1,4.000000,80.000000,,
1,EV_B9_C1,3.000000,80.000000,,
1,EV_B9_C1,2.000000,80.000000,,
1,EV_B9_C1,1.000000,80.000000,,
1,EV_B9_C1,0.000000,80.000000,,
3,,,,,
3,,,,,
3,,,,,
3,,,,,
3,,,,,
3,,,,,
3,,,,,
3,,,,,
3,,,,,
3,,,,,
3,,,,,
3,,,,,
2,EV_B9_C1,,,0.000000,40.145895
1,EV_B9_C1,9.000000,80.000000,,
1,EV_B9_C1,8.000000,80.000000,,
1,EV_B9_C1,7.000000,80.000000,,
1,EV_B9_C1,6.000000,80.000000,,
1,EV_B9_C1,5.000000,80.000000,,
1,EV_B9_C1,4.000000,80.000000,,
1,EV_B9_C1,3.000000,80.000000,,
1,EV_B9_C1,2.000000,80.000000,,
1,EV_B9_C1,1.000000,80.000000,,
1,EV_B9_C1,0.000000,80.000000,,
3,,,,,
3,,,,,
3,,,,,
3,,,,,
3,,,,,
3,,,,,
3,,,,,
3,,,,,
3,,,,,
3,,,,,
3,,,,,
3,,,,,
3,,,,,
2,EV_B9_C1,,,0.000000,38.325227
1,EV_B9_C1,9.000000,80.000000,,
1,EV_B9_C1,8.000000,80.000000,,
1,EV_B9_C1,7.000000,80.000000,,
1,EV_B9_C1,6.000000,80.000000,,
1,EV_B9_C1,5.000000,80.000000,,
1,EV_B9_C1,4.000000,80.000000,,
1,EV_B9_C1,3.000000,80.000000,,
1,EV_B9_C1,2.000000,80.000000,,
1,EV_B9_C1,1.000000,80.000000,,
1,EV_B9_C1,0.000000,80.000000,,
3,,,,,
3,,,,,
3,,,,,
3,,,,,
3,,,,,
3,,,,,
3,,,,,
3,,,,,
3,,,,,
3,,,,,
3,,,,,
3,,,,,
3,,,,,
3,,,,,
2,EV_B9_C1,,,0.000000,30.649408
1,EV_B9_C1,8.000000,80.000000,,
1,EV_B9_C1,7.000000,80.000000,,
1,EV_B9_C1,6.000000,80.000000,,
1,EV_B9_C1,5.000000,80.000000,,
1,EV_B9_C1,4.000000,80.000000,,
1,EV_B9_C1,3.000000,80.000000,,
1,EV_B9_C1,2.000000,80.000000,,
1,EV_B9_C1,1.000000,80.000000,,
1,EV_B9_C1,0.000000,80.000000,,
3,,,,,
3,,,,,
3,,,,,
3,,,,,
3,,,,,
3,,,,,
3,,,,,
3,,,,,
3,,,,,
3,,,,,
3,,,,,
3,,,,,
3,,,,,
3,,,,,
2,EV_B9_C1,,,0.000000,28.733477
1,EV_B9_C1,8.000000,80.000000,,
1,EV_B9_C1,7.000000,80.000000,,
1,EV_B9_C1,6.000000,80.000000,,
1,EV_B9_C1,5.000000,80.000000,,
1,EV_B9_C1,4.000000,80.000000,,
1,EV_B9_C1,3.000000,80.000000,,
1,EV_B9_C1,2.000000,80.000000,,
1,EV_B9_C1,1.000000,80.000000,,
1,EV_B9_C1,0.000000,80.000000,,
3,,,,,
3,,,,,
3,,,,,
3,,,,,
3,,,,,
3,,,,,
3,,,,,
3,,,,,
3,,,,,
3,,,,,
3,,,,,
3,,,,,
3,,,,,
3,,,,,
2,EV_B9_C1,,,0.000000,32.207461
1,EV_B9_C1,9.000000,80.000000,,
1,EV_B9_C1,8.000000,80.000000,,
1,EV_B9_C1,7.000000,80.000000,,
1,EV_B9_C1,6.000000,80.000000,,
1,EV_B9_C1,5.000000,80.000000,,
1,EV_B9_C1,4.000000,80.000000,,
1,EV_B9_C1,3.000000,80.000000,,
1,EV_B9_C1,2.000000,80.000000,,
1,EV_B9_C1,1.000000,80.000000,,
1,EV_B9_C1,0.000000,80.000000,,
3,,,,,
3,,,,,
3,,,,,
3,,,,,
3,,,,,
3,,,,,
3,,,,,
3,,,,,
3,,,,,
3,,,,,
3,,,,,
2,EV_B9_C1,,,0.000000,28.351836
1,EV_B9_C1,10.000000,80.000000,,
1,EV_B9_C1,9.000000,80.000000,,
1,EV_B9_C1,8.000000,80.000000,,
1,EV_B9_C1,7.000000,80.000000,,
1,EV_B9_C1,6.000000,80.000000,,
1,EV_B9_C1,5.000000,80.000000,,
1,EV_B9_C1,4.000000,80.000000,,
1,EV_B9_C1,3.000000,80.000000,,
1,EV_B9_C1,2.000000,80.000000,,
1,EV_B9_C1,1.000000,80.000000,,
1,EV_B9_C1,0.000000,80.000000,,
3,,,,,
3,,,,,
3,,,,,
3,,,,,
3,,,,,
3,,,,,
3,,,,,
3,,,,,
3,,,,,
3,,,,,
3,,,,,
3,,,,,
2,EV_B9_C1,,,0.000000,33.029225
1,EV_B9_C1,11.000000,80.000000,,
1,EV_B9_C1,10.000000,80.000000,,
1,EV_B9_C1,9.000000,80.000000,,
1,EV_B9_C1,8.000000,80.000000,,
1,EV_B9_C1,7.000000,80.000000,,
1,EV_B9_C1,6.000000,80.000000,,
1,EV_B9_C1,5.000000,80.000000,,
1,EV_B9_C1,4.000000,80.000000,,
1,EV_B9_C1,3.000000,80.000000,,
1,EV_B9_C1,2.000000,80.000000,,
1,EV_B9_C1,1.000000,80.000000,,
1,EV_B9_C1,0.000000,80.000000,,
3,,,,,
3,,,,,
3,,,,,
3,,,,,
3,,,,,
3,,,,,
3,,,,,
3,,,,,
3,,,,,
3,,,,,
3,,,,,
3,,,,,
3,,,,,
2,EV_B9_C1,,,0.000000,33.300099
1,EV_B9_C1,8.000000,80.000000,,
1,EV_B9_C1,7.000000,80.000000,,
1,EV_B9_C1,6.000000,80.000000,,
1,EV_B9_C1,5.000000,80.000000,,
1,EV_B9_C1,4.000000,80.000000,,
1,EV_B9_C1,3.000000,80.000000,,
1,EV_B9_C1,2.000000,80.000000,,
1,EV_B9_C1,1.000000,80.000000,,
1,EV_B9_C1,0.000000,80.000000,,
3,,,,,
3,,,,,
3,,,,,
3,,,,,
3,,,,,
3,,,,,
3,,,,,
3,,,,,
3,,,,,
3,,,,,
3,,,,,
3,,,,,
3,,,,,
3,,,,,
2,EV_B9_C1,,,0.000000,36.138033
1,EV_B9_C1,7.000000,80.000000,,
1,EV_B9_C1,6.000000,80.000000,,
1,EV_B9_C1,5.000000,80.000000,,
1,EV_B9_C1,4.000000,80.000000,,
1,EV_B9_C1,3.000000,80.000000,,
1,EV_B9_C1,2.000000,80.000000,,
1,EV_B9_C1,1.000000,80.000000,,
1,EV_B9_C1,0.000000,80.000000,,
3,,,,,
3,,,,,
3,,,,,
3,,,,,
3,,,,,
3,,,,,
3,,,,,
3,,,,,
3,,,,,
3,,,,,
3,,,,,
3,,,,,
3,,,,,
3,,,,,
3,,,,,
2,EV_B9_C1,,,0.000000,44.140264
1,EV_B9_C1,8.000000,80.000000,,
1,EV_B9_C1,7.000000,80.000000,,
1,EV_B9_C1,6.000000,80.000000,,
1,EV_B9_C1,5.000000,80.000000,,
1,EV_B9_C1,4.000000,80.000000,,
1,EV_B9_C1,3.000000,80.000000,,
1,EV_B9_C1,2.000000,80.000000,,
1,EV_B9_C1,1.000000,80.000000,,
1,EV_B9_C1,0.000000,80.000000,,
3,,,,,
3,,,,,
3,,,,,
3,,,,,
3,,,,,
3,,,,,
3,,,,,
3,,,,,
3,,,,,
3,,,,,
3,,,,,
2,EV_B9_C1,,,0.000000,28.171123
1,EV_B9_C1,12.000000,80.000000,,
1,EV_B9_C1,11.000000,80.000000,,
1,EV_B9_C1,10.000000,80.000000,,
1,EV_B9_C1,9.000000,80.000000,,
1,EV_B9_C1,8.000000,80.000000,,
1,EV_B9_C1,7.000000,80.000000,,
1,EV_B9_C1,6.000000,80.000000,,
1,EV_B9_C1,5.000000,80.000000,,
1,EV_B9_C1,4.000000,80.000000,,
1,EV_B9_C1,3.000000,80.000000,,
1,EV_B9_C1,2.000000,80.000000,,
1,EV_B9_C1,1.000000,80.000000,,
1,EV_B9_C1,0.000000,80.000000,,
3,,,,,
3,,,,,
3,,,,,
3,,,,,
3,,,,,
3,,,,,
3,,,,,
3,,,,,
3,,,,,
3,,,,,
3,,,,,
3,,,,,
3,,,,,
2,EV_B9_C1,,,0.000000,33.249533
1,EV_B9_C1,8.000000,80.000000,,
1,EV_B9_C1,7.000000,80.000000,,
1,EV_B9_C1,6.000000,80.000000,,
1,EV_B9_C1,5.000000,80.000000,,
1,EV_B9_C1,4.000000,80.000000,,
1,EV_B9_C1,3.000000,80.000000,,
1,EV_B9_C1,2.000000,80.000000,,
1,EV_B9_C1,1.000000,80.000000,,
1,EV_B9_C1,0.000000,80.000000,,
3,,,,,
3,,,,,
3,,,,,
3,,,,,
3,,,,,
3,,,,,
3,,,,,
3,,,,,
3,,,,,
3,,,,,
3,,,,,
3,,,,,
3,,,,,
3,,,,,
2,EV_B9_C1,,,0.000000,31.836577
1,EV_B9_C1,7.000000,80.000000,,
1,EV_B9_C1,6.000000,80.000000,,
1,EV_B9_C1,5.000000,80.000000,,
1,EV_B9_C1,4.000000,80.000000,,
1,EV_B9_C1,3.000000,80.000000,,
1,EV_B9_C1,2.000000,80.000000,,
1,EV_B9_C1,1.000000,80.000000,,
1,EV_B9_C1,0.000000,80.000000,,
3,,,,,
3,,,,,
3,,,,,
3,,,,,
3,,,,,
3,,,,,
3,,,,,
3,,,,,
3,,,,,
3,,,,,
3,,,,,
3,,,,,
3,,,,,
3,,,,,
2,EV_B9_C1,,,0.000000,40.667730
1,EV_B9_C1,10.000000,80.000000,,
1,EV_B9_C1,9.000000,80.000000,,
1,EV_B9_C1,8.000000,80.000000,,
1,EV_B9_C1,7.000000,80.000000,,
1,EV_B9_C1,6.000000,80.000000,,
1,EV_B9_C1,5.000000,80.000000,,
1,EV_B9_C1,4.000000,80.000000,,
1,EV_B9_C1,3.000000,80.000000,,
1,EV_B9_C1,2.000000,80.000000,,
1,EV_B9_C1,1.000000,80.000000,,
1,EV_B9_C1,0.000000,80.000000,,
3,,,,,
3,,,,,
3,,,,,
3,,,,,
3,,,,,
3,,,,,
3,,,,,
3,,,,,
3,,,,,
3,,,,,
3,,,,,
2,EV_B9_C1,,,0.000000,31.433177
1,EV_B9_C1,11.000000,80.000000,,
1,EV_B9_C1,10.000000,80.000000,,
1,EV_B9_C1,9.000000,80.000000,,
1,EV_B9_C1,8.000000,80.000000,,
1,EV_B9_C1,7.000000,80.000000,,
1,EV_B9_C1,6.000000,80.000000,,
1,EV_B9_C1,5.000000,80.000000,,
1,EV_B9_C1,4.000000,80.000000,,
1,EV_B9_C1,3.000000,80.000000,,
1,EV_B9_C1,2.000000,80.000000,,
1,EV_B9_C1,1.000000,80.000000,,
1,EV_B9_C1,0.000000,80.000000,,
3,,,,,
3,,,,,
3,,,,,
3,,,,,
3,,,,,
3,,,,,
3,,,,,
3,,,,,
3,,,,,
3,,,,,
3,,,,,
3,,,,,
3,,,,,
3,,,,,
3,,,,,
3,,,,,
3,,,,,
3,,,,,
3,,,,,
3,,,,,
3,,,,,
3,,,,,
3,,,,,
3,,,,,
3,,,,,
3,,,,,
3,,,,,
3,,,,,
3,,,,,
3,,,,,
3,,,,,
3,,,,,
3,,,,,
3,,,,,
3,,,,,
3,,,,,
2,EV_B9_C1,,,0.000000,36.411792
1,EV_B9_C1,9.000000,80.000000,,
1,EV_B9_C1,8.000000,80.000000,,
1,EV_B9_C1,7.000000,80.000000,,
1,EV_B9_C1,6.000000,80.000000,,
1,EV_B9_C1,5.000000,80.000000,,
1,EV_B9_C1,4.000000,80.000000,,
1,EV_B9_C1,3.000000,80.000000,,
1,EV_B9_C1,2.000000,80.000000,,
1,EV_B9_C1,1.000000,80.000000,,
1,EV_B9_C1,0.000000,80.000000,,
3,,,,,
3,,,,,
3,,,,,
3,,,,,
3,,,,,
3,,,,,
3,,,,,
3,,,,,
3,,,,,
3,,,,,
3,,,,,
3,,,,,
3,,,,,
3,,,,,
2,EV_B9_C1,,,0.000000,33.181023
1,EV_B9_C1,8.000000,80.000000,,
1,EV_B9_C1,7.000000,80.000000,,
1,EV_B9_C1,6.000000,80.000000,,
1,EV_B9_C1,5.000000,80.000000,,
1,EV_B9_C1,4.000000,80.000000,,
1,EV_B9_C1,3.000000,80.000000,,
1,EV_B9_C1,2.000000,80.000000,,
1,EV_B9_C1,1.000000,80.000000,,
1,EV_B9_C1,0.000000,80.000000,,
3,,,,,
3,,,,,
3,,,,,
3,,,,,
3,,,,,
3,,,,,
3,,,,,
3,,,,,
3,,,,,
3,,,,,
3,,,,,
3,,,,,
3,,,,,
3,,,,,
2,EV_B9_C1,,,0.000000,38.177895
1,EV_B9_C1,9.000000,80.000000,,
1,EV_B9_C1,8.000000,80.000000,,
1,EV_B9_C1,7.000000,80.000000,,
1,EV_B9_C1,6.000000,80.000000,,
1,EV_B9_C1,5.000000,80.000000,,
1,EV_B9_C1,4.000000,80.000000,,
1,EV_B9_C1,3.000000,80.000000,,
1,EV_B9_C1,2.000000,80.000000,,
1,EV_B9_C1,1.000000,80.000000,,
1,EV_B9_C1,0.000000,80.000000,,
3,,,,,
3,,,,,
3,,,,,
3,,,,,
3,,,,,
3,,,,,
3,,,,,
3,,,,,
3,,,,,
3,,,,,
3,,,,,
2,EV_B9_C1,,,0.000000,37.396621
1,EV_B9_C1,10.000000,80.000000,,
1,EV_B9_C1,9.000000,80.000000,,
1,EV_B9_C1,8.000000,80.000000,,
1,EV_B9_C1,7.000000,80.000000,,
1,EV_B9_C1,6.000000,80.000000,,
1,EV_B9_C1,5.000000,80.000000,,
1,EV_B9_C1,4.000000,80.000000,,
1,EV_B9_C1,3.000000,80.000000,,
1,EV_B9_C1,2.000000,80.000000,,
1,EV_B9_C1,1.000000,80.000000,,
1,EV_B9_C1,0.000000,80.000000,,
3,,,,,
3,,,,,
3,,,,,
3,,,,,
3,,,,,
3,,,,,
3,,,,,
3,,,,,
3,,,,,
3,,,,,
3,,,,,
3,,,,,
3,,,,,
3,,,,,
3,,,,,
2,EV_B9_C1,,,0.000000,30.860117
1,EV_B9_C1,8.000000,80.000000,,
1,EV_B9_C1,7.000000,80.000000,,
1,EV_B9_C1,6.000000,80.000000,,
1,EV_B9_C1,5.000000,80.000000,,
1,EV_B9_C1,4.000000,80.000000,,
1,EV_B9_C1,3.000000,80.000000,,
1,EV_B9_C1,2.000000,80.000000,,
1,EV_B9_C1,1.000000,80.000000,,
1,EV_B9_C1,0.000000,80.000000,,
3,,,,,
3,,,,,
3,,,,,
3,,,,,
3,,,,,
3,,,,,
3,,,,,
3,,,,,
3,,,,,
3,,,,,
3,,,,,
3,,,,,
2,EV_B9_C1,,,0.000000,35.894270
1,EV_B9_C1,10.000000,80.000000,,
1,EV_B9_C1,9.000000,80.000000,,
1,EV_B9_C1,8.000000,80.000000,,
1,EV_B9_C1,7.000000,80.000000,,
1,EV_B9_C1,6.000000,80.000000,,
1,EV_B9_C1,5.000000,80.000000,,
1,EV_B9_C1,4.000000,80.000000,,
1,EV_B9_C1,3.000000,80.000000,,
1,EV_B9_C1,2.000000,80.000000,,
1,EV_B9_C1,1.000000,80.000000,,
1,EV_B9_C1,0.000000,80.000000,,
3,,,,,
3,,,,,
3,,,,,
3,,,,,
3,,,,,
3,,,,,
3,,,,,
3,,,,,
3,,,,,
3,,,,,
3,,,,,
3,,,,,
3,,,,,
2,EV_B9_C1,,,0.000000,34.328889
1,EV_B9_C1,8.000000,80.000000,,
1,EV_B9_C1,7.000000,80.000000,,
1,EV_B9_C1,6.000000,80.000000,,
1,EV_B9_C1,5.000000,80.000000,,
1,EV_B9_C1,4.000000,80.000000,,
1,EV_B9_C1,3.000000,80.000000,,
1,EV_B9_C1,2.000000,80.000000,,
1,EV_B9_C1,1.000000,80.000000,,
1,EV_B9_C1,0.000000,80.000000,,
3,,,,,
3,,,,,
3,,,,,
3,,,,,
3,,,,,
3,,,,,
3,,,,,
3,,,,,
3,,,,,
3,,,,,
3,,,,,
3,,,,,
3,,,,,
3,,,,,
3,,,,,
2,EV_B9_C1,,,0.000000,36.051470
1,EV_B9_C1,8.000000,80.000000,,
1,EV_B9_C1,7.000000,80.000000,,
1,EV_B9_C1,6.000000,80.000000,,
1,EV_B9_C1,5.000000,80.000000,,
1,EV_B9_C1,4.000000,80.000000,,
1,EV_B9_C1,3.000000,80.000000,,
1,EV_B9_C1,2.000000,80.000000,,
1,EV_B9_C1,1.000000,80.000000,,
1,EV_B9_C1,0.000000,80.000000,,
3,,,,,
3,,,,,
3,,,,,
3,,,,,
3,,,,,
3,,,,,
3,,,,,
3,,,,,
3,,,,,
3,,,,,
3,,,,,
3,,,,,
3,,,,,
2,EV_B9_C1,,,0.000000,33.645453
1,EV_B9_C1,8.000000,80.000000,,
1,EV_B9_C1,7.000000,80.000000,,
1,EV_B9_C1,6.000000,80.000000,,
1,EV_B9_C1,5.000000,80.000000,,
1,EV_B9_C1,4.000000,80.000000,,
1,EV_B9_C1,3.000000,80.000000,,
1,EV_B9_C1,2.000000,80.000000,,
1,EV_B9_C1,1.000000,80.000000,,
1,EV_B9_C1,0.000000,80.000000,,
3,,,,,
3,,,,,
3,,,,,
3,,,,,
3,,,,,
3,,,,,
3,,,,,
3,,,,,
3,,,,,
3,,,,,
3,,,,,
3,,,,,
3,,,,,
2,EV_B9_C1,,,0.000000,43.380449
1,EV_B9_C1,9.000000,80.000000,,
1,EV_B9_C1,8.000000,80.000000,,
1,EV_B9_C1,7.000000,80.000000,,
1,EV_B9_C1,6.000000,80.000000,,
1,EV_B9_C1,5.000000,80.000000,,
1,EV_B9_C1,4.000000,80.000000,,
1,EV_B9_C1,3.000000,80.000000,,
1,EV_B9_C1,2.000000,80.000000,,
1,EV_B9_C1,1.000000,80.000000,,
1,EV_B9_C1,0.000000,80.000000,,
3,,,,,
3,,,,,
3,,,,,
3,,,,,
3,,,,,
3,,,,,
3,,,,,
3,,,,,
3,,,,,
3,,,,,
3,,,,,
3,,,,,
3,,,,,
3,,,,,
3,,,,,
3,,,,,
3,,,,,
3,,,,,
3,,,,,
3,,,,,
3,,,,,
3,,,,,
3,,,,,
3,,,,,
3,,,,,
3,,,,,
3,,,,,
3,,,,,
3,,,,,
3,,,,,
3,,,,,
3,,,,,
3,,,,,
3,,,,,
3,,,,,
3,,,,,
2,EV_B9_C1,,,0.000000,42.676514
1,EV_B9_C1,11.000000,80.000000,,
1,EV_B9_C1,10.000000,80.000000,,
1,EV_B9_C1,9.000000,80.000000,,
1,EV_B9_C1,8.000000,80.000000,,
1,EV_B9_C1,7.000000,80.000000,,
1,EV_B9_C1,6.000000,80.000000,,
1,EV_B9_C1,5.000000,80.000000,,
1,EV_B9_C1,4.000000,80.000000,,
1,EV_B9_C1,3.000000,80.000000,,
1,EV_B9_C1,2.000000,80.000000,,
1,EV_B9_C1,1.000000,80.000000,,
1,EV_B9_C1,0.000000,80.000000,,
3,,,,,
3,,,,,
3,,,,,
3,,,,,
3,,,,,
3,,,,,
3,,,,,
3,,,,,
3,,,,,
3,,,,,
3,,,,,
3,,,,,
3,,,,,
3,,,,,
3,,,,,
3,,,,,
3,,,,,
3,,,,,
3,,,,,
3,,,,,
3,,,,,
3,,,,,
3,,,,,
3,,,,,
3,,,,,
3,,,,,
3,,,,,
3,,,,,
3,,,,,
3,,,,,
3,,,,,
3,,,,,
3,,,,,
3,,,,,
3,,,,,
3,,,,,
2,EV_B9_C1,,,0.000000,28.715140
1,EV_B9_C1,10.000000,80.000000,,
1,EV_B9_C1,9.000000,80.000000,,
1,EV_B9_C1,8.000000,80.000000,,
1,EV_B9_C1,7.000000,80.000000,,
1,EV_B9_C1,6.000000,80.000000,,
1,EV_B9_C1,5.000000,80.000000,,
1,EV_B9_C1,4.000000,80.000000,,
1,EV_B9_C1,3.000000,80.000000,,
1,EV_B9_C1,2.000000,80.000000,,
1,EV_B9_C1,1.000000,80.000000,,
1,EV_B9_C1,0.000000,80.000000,,
3,,,,,
3,,,,,
3,,,,,
3,,,,,
3,,,,,
3,,,,,
3,,,,,
3,,,,,
3,,,,,
3,,,,,
3,,,,,
3,,,,,
3,,,,,
2,EV_B9_C1,,,0.000000,43.176107
1,EV_B9_C1,9.000000,80.000000,,
1,EV_B9_C1,8.000000,80.000000,,
1,EV_B9_C1,7.000000,80.000000,,
1,EV_B9_C1,6.000000,80.000000,,
1,EV_B9_C1,5.000000,80.000000,,
1,EV_B9_C1,4.000000,80.000000,,
1,EV_B9_C1,3.000000,80.000000,,
1,EV_B9_C1,2.000000,80.000000,,
1,EV_B9_C1,1.000000,80.000000,,
1,EV_B9_C1,0.000000,80.000000,,
3,,,,,
3,,,,,
3,,,,,
3,,,,,
3,,,,,
3,,,,,
3,,,,,
3,,,,,
3,,,,,
3,,,,,
3,,,,,
3,,,,,
3,,,,,
2,EV_B9_C1,,,0.000000,34.616910
1,EV_B9_C1,9.000000,80.000000,,
1,EV_B9_C1,8.000000,80.000000,,
1,EV_B9_C1,7.000000,80.000000,,
1,EV_B9_C1,6.000000,80.000000,,
1,EV_B9_C1,5.000000,80.000000,,
1,EV_B9_C1,4.000000,80.000000,,
1,EV_B9_C1,3.000000,80.000000,,
1,EV_B9_C1,2.000000,80.000000,,
1,EV_B9_C1,1.000000,80.000000,,
1,EV_B9_C1,0.000000,80.000000,,
3,,,,,
3,,,,,
3,,,,,
3,,,,,
3,,,,,
3,,,,,
3,,,,,
3,,,,,
3,,,,,
3,,,,,
3,,,,,
3,,,,,
3,,,,,
2,EV_B9_C1,,,0.000000,37.930359
1,EV_B9_C1,8.000000,80.000000,,
1,EV_B9_C1,7.000000,80.000000,,
1,EV_B9_C1,6.000000,80.000000,,
1,EV_B9_C1,5.000000,80.000000,,
1,EV_B9_C1,4.000000,80.000000,,
1,EV_B9_C1,3.000000,80.000000,,
1,EV_B9_C1,2.000000,80.000000,,
1,EV_B9_C1,1.000000,80.000000,,
1,EV_B9_C1,0.000000,80.000000,,
3,,,,,
3,,,,,
3,,,,,
3,,,,,
3,,,,,
3,,,,,
3,,,,,
3,,,,,
3,,,,,
3,,,,,
3,,,,,
3,,,,,
3,,,,,
2,EV_B9_C1,,,0.000000,31.413093
1,EV_B9_C1,10.000000,80.000000,,
1,EV_B9_C1,9.000000,80.000000,,
1,EV_B9_C1,8.000000,80.000000,,
1,EV_B9_C1,7.000000,80.000000,,
1,EV_B9_C1,6.000000,80.000000,,
1,EV_B9_C1,5.000000,80.000000,,
1,EV_B9_C1,4.000000,80.000000,,
1,EV_B9_C1,3.000000,80.000000,,
1,EV_B9_C1,2.000000,80.000000,,
1,EV_B9_C1,1.000000,80.000000,,
1,EV_B9_C1,0.000000,80.000000,,
3,,,,,
3,,,,,
3,,,,,
3,,,,,
3,,,,,
3,,,,,
3,,,,,
3,,,,,
3,,,,,
3,,,,,
3,,,,,
3,,,,,
2,EV_B9_C1,,,0.000000,27.235964
1,EV_B9_C1,9.000000,80.000000,,
1,EV_B9_C1,8.000000,80.000000,,
1,EV_B9_C1,7.000000,80.000000,,
1,EV_B9_C1,6.000000,80.000000,,
1,EV_B9_C1,5.000000,80.000000,,
1,EV_B9_C1,4.000000,80.000000,,
1,EV_B9_C1,3.000000,80.000000,,
1,EV_B9_C1,2.000000,80.000000,,
1,EV_B9_C1,1.000000,80.000000,,
1,EV_B9_C1,0.000000,80.000000,,
3,,,,,
3,,,,,
3,,,,,
3,,,,,
3,,,,,
3,,,,,
3,,,,,
3,,,,,
3,,,,,
3,,,,,
3,,,,,
3,,,,,
3,,,,,
2,EV_B9_C1,,,0.000000,28.335806
1,EV_B9_C1,9.000000,80.000000,,
1,EV_B9_C1,8.000000,80.000000,,
1,EV_B9_C1,7.000000,80.000000,,
1,EV_B9_C1,6.000000,80.000000,,
1,EV_B9_C1,5.000000,80.000000,,
1,EV_B9_C1,4.000000,80.000000,,
1,EV_B9_C1,3.000000,80.000000,,
1,EV_B9_C1,2.000000,80.000000,,
1,EV_B9_C1,1.000000,80.000000,,
1,EV_B9_C1,0.000000,80.000000,,
3,,,,,
3,,,,,
3,,,,,
3,,,,,
3,,,,,
3,,,,,
3,,,,,
3,,,,,
3,,,,,
3,,,,,
3,,,,,
3,,,,,
3,,,,,
3,,,,,
3,,,,,
3,,,,,
3,,,,,
3,,,,,
3,,,,,
3,,,,,
3,,,,,
3,,,,,
3,,,,,
3,,,,,
3,,,,,
3,,,,,
3,,,,,
3,,,,,
3,,,,,
3,,,,,
3,,,,,
3,,,,,
3,,,,,
3,,,,,
3,,,,,
3,,,,,
3,,,,,
3,,,,,
3,,,,,
3,,,,,
3,,,,,
3,,,,,
3,,,,,
3,,,,,
3,,,,,
3,,,,,
3,,,,,
3,,,,,
3,,,,,
3,,,,,
3,,,,,
3,,,,,
3,,,,,
3,,,,,
3,,,,,
3,,,,,
3,,,,,
3,,,,,
3,,,,,
3,,,,,
3,,,,,
3,,,,,
2,EV_B9_C1,,,0.000000,26.293727
1,EV_B9_C1,9.000000,80.000000,,
1,EV_B9_C1,8.000000,80.000000,,
1,EV_B9_C1,7.000000,80.000000,,
1,EV_B9_C1,6.000000,80.000000,,
1,EV_B9_C1,5.000000,80.000000,,
1,EV_B9_C1,4.000000,80.000000,,
1,EV_B9_C1,3.000000,80.000000,,
1,EV_B9_C1,2.000000,80.000000,,
1,EV_B9_C1,1.000000,80.000000,,
1,EV_B9_C1,0.000000,80.000000,,
3,,,,,
3,,,,,
3,,,,,
3,,,,,
3,,,,,
3,,,,,
3,,,,,
3,,,,,
3,,,,,
3,,,,,
3,,,,,
3,,,,,
3,,,,,
3,,,,,
3,,,,,
3,,,,,
3,,,,,
3,,,,,
3,,,,,
3,,,,,
3,,,,,
3,,,,,
3,,,,,
3,,,,,
3,,,,,
3,,,,,
3,,,,,
3,,,,,
3,,,,,
3,,,,,
3,,,,,
3,,,,,
3,,,,,
3,,,,,
3,,,,,
3,,,,,
3,,,,,
3,,,,,
3,,,,,
3,,,,,
3,,,,,
3,,,,,
3,,,,,
3,,,,,
3,,,,,
3,,,,,
3,,,,,
3,,,,,
3,,,,,
3,,,,,
3,,,,,
3,,,,,
3,,,,,
3,,,,,
3,,,,,
3,,,,,
3,,,,,
3,,,,,
3,,,,,
2,EV_B9_C1,,,0.000000,32.341992
1,EV_B9_C1,10.000000,80.000000,,
1,EV_B9_C1,9.000000,80.000000,,
1,EV_B9_C1,8.000000,80.000000,,
1,EV_B9_C1,7.000000,80.000000,,
1,EV_B9_C1,6.000000,80.000000,,
1,EV_B9_C1,5.000000,80.000000,,
1,EV_B9_C1,4.000000,80.000000,,
1,EV_B9_C1,3.000000,80.000000,,
1,EV_B9_C1,2.000000,80.000000,,
1,EV_B9_C1,1.000000,80.000000,,
1,EV_B9_C1,0.000000,80.000000,,
3,,,,,
3,,,,,
3,,,,,
3,,,,,
3,,,,,
3,,,,,
3,,,,,
3,,,,,
3,,,,,
3,,,,,
3,,,,,
3,,,,,
3,,,,,
3,,,,,
2,EV_B9_C1,,,0.000000,41.975414
1,EV_B9_C1,9.000000,80.000000,,
1,EV_B9_C1,8.000000,80.000000,,
1,EV_B9_C1,7.000000,80.000000,,
1,EV_B9_C1,6.000000,80.000000,,
1,EV_B9_C1,5.000000,80.000000,,
1,EV_B9_C1,4.000000,80.000000,,
1,EV_B9_C1,3.000000,80.000000,,
1,EV_B9_C1,2.000000,80.000000,,
1,EV_B9_C1,1.000000,80.000000,,
1,EV_B9_C1,0.000000,80.000000,,
3,,,,,
3,,,,,
3,,,,,
3,,,,,
3,,,,,
3,,,,,
3,,,,,
3,,,,,
3,,,,,
3,,,,,
3,,,,,
2,EV_B9_C1,,,0.000000,27.308259
1,EV_B9_C1,10.000000,80.000000,,
1,EV_B9_C1,9.000000,80.000000,,
1,EV_B9_C1,8.000000,80.000000,,
1,EV_B9_C1,7.000000,80.000000,,
1,EV_B9_C1,6.000000,80.000000,,
1,EV_B9_C1,5.000000,80.000000,,
1,EV_B9_C1,4.000000,80.000000,,
1,EV_B9_C1,3.000000,80.000000,,
1,EV_B9_C1,2.000000,80.000000,,
1,EV_B9_C1,1.000000,80.000000,,
1,EV_B9_C1,0.000000,80.000000,,
3,,,,,
3,,,,,
3,,,,,
3,,,,,
3,,,,,
3,,,,,
3,,,,,
3,,,,,
3,,,,,
3,,,,,
3,,,,,
3,,,,,
3,,,,,
3,,,,,
3,,,,,
3,,,,,
3,,,,,
3,,,,,
3,,,,,
3,,,,,
3,,,,,
3,,,,,
3,,,,,
3,,,,,
3,,,,,
3,,,,,
3,,,,,
3,,,,,
3,,,,,
3,,,,,
3,,,,,
3,,,,,
3,,,,,
3,,,,,
3,,,,,
3,,,,,
3,,,,,
3,,,,,
2,EV_B9_C1,,,0.000000,41.354191
1,EV_B9_C1,8.000000,80.000000,,
1,EV_B9_C1,7.000000,80.000000,,
1,EV_B9_C1,6.000000,80.000000,,
1,EV_B9_C1,5.000000,80.000000,,
1,EV_B9_C1,4.000000,80.000000,,
1,EV_B9_C1,3.000000,80.000000,,
1,EV_B9_C1,2.000000,80.000000,,
1,EV_B9_C1,1.000000,80.000000,,
1,EV_B9_C1,0.000000,80.000000,,
3,,,,,
3,,,,,
3,,,,,
3,,,,,
3,,,,,
3,,,,,
3,,,,,
3,,,,,
3,,,,,
3,,,,,
3,,,,,
3,,,,,
3,,,,,
3,,,,,
3,,,,,
2,EV_B9_C1,,,0.000000,30.675883
1,EV_B9_C1,7.000000,80.000000,,
1,EV_B9_C1,6.000000,80.000000,,
1,EV_B9_C1,5.000000,80.000000,,
1,EV_B9_C1,4.000000,80.000000,,
1,EV_B9_C1,3.000000,80.000000,,
1,EV_B9_C1,2.000000,80.000000,,
1,EV_B9_C1,1.000000,80.000000,,
1,EV_B9_C1,0.000000,80.000000,,
3,,,,,
3,,,,,
3,,,,,
3,,,,,
3,,,,,
3,,,,,
3,,,,,
3,,,,,
3,,,,,
3,,,,,
3,,,,,
3,,,,,
3,,,,,
3,,,,,
3,,,,,
2,EV_B9_C1,,,0.000000,36.606399
1,EV_B9_C1,7.000000,80.000000,,
1,EV_B9_C1,6.000000,80.000000,,
1,EV_B9_C1,5.000000,80.000000,,
1,EV_B9_C1,4.000000,80.000000,,
1,EV_B9_C1,3.000000,80.000000,,
1,EV_B9_C1,2.000000,80.000000,,
1,EV_B9_C1,1.000000,80.000000,,
1,EV_B9_C1,0.000000,80.000000,,
3,,,,,
3,,,,,
3,,,,,
3,,,,,
3,,,,,
3,,,,,
3,,,,,
3,,,,,
3,,,,,
3,,,,,
3,,,,,
3,,,,,
3,,,,,
3,,,,,
2,EV_B9_C1,,,0.000000,40.077177
1,EV_B9_C1,8.000000,80.000000,,
1,EV_B9_C1,7.000000,80.000000,,
1,EV_B9_C1,6.000000,80.000000,,
1,EV_B9_C1,5.000000,80.000000,,
1,EV_B9_C1,4.000000,80.000000,,
1,EV_B9_C1,3.000000,80.000000,,
1,EV_B9_C1,2.000000,80.000000,,
1,EV_B9_C1,1.000000,80.000000,,
1,EV_B9_C1,0.000000,80.000000,,
3,,,,,
3,,,,,
3,,,,,
3,,,,,
3,,,,,
3,,,,,
3,,,,,
3,,,,,
3,,,,,
3,,,,,
3,,,,,
3,,,,,
3,,,,,
2,EV_B9_C1,,,0.000000,31.511761
1,EV_B9_C1,10.000000,80.000000,,
1,EV_B9_C1,9.000000,80.000000,,
1,EV_B9_C1,8.000000,80.000000,,
1,EV_B9_C1,7.000000,80.000000,,
1,EV_B9_C1,6.000000,80.000000,,
1,EV_B9_C1,5.000000,80.000000,,
1,EV_B9_C1,4.000000,80.000000,,
1,EV_B9_C1,3.000000,80.000000,,
1,EV_B9_C1,2.000000,80.000000,,
1,EV_B9_C1,1.000000,80.000000,,
1,EV_B9_C1,0.000000,80.000000,,
3,,,,,
3,,,,,
3,,,,,
3,,,,,
3,,,,,
3,,,,,
3,,,,,
3,,,,,
3,,,,,
3,,,,,
3,,,,,
3,,,,,
3,,,,,
2,EV_B9_C1,,,0.000000,30.698509
1,EV_B9_C1,9.000000,80.000000,,
1,EV_B9_C1,8.000000,80.000000,,
1,EV_B9_C1,7.000000,80.000000,,
1,EV_B9_C1,6.000000,80.000000,,
1,EV_B9_C1,5.000000,80.000000,,
1,EV_B9_C1,4.000000,80.000000,,
1,EV_B9_C1,3.000000,80.000000,,
1,EV_B9_C1,2.000000,80.000000,,
1,EV_B9_C1,1.000000,80.000000,,
1,EV_B9_C1,0.000000,80.000000,,
3,,,,,
3,,,,,
3,,,,,
3,,,,,
3,,,,,
3,,,,,
3,,,,,
3,,,,,
3,,,,,
3,,,,,
3,,,,,
3,,,,,
2,EV_B9_C1,,,0.000000,40.191773
1,EV_B9_C1,10.000000,80.000000,,
1,EV_B9_C1,9.000000,80.000000,,
1,EV_B9_C1,8.000000,80.000000,,
1,EV_B9_C1,7.000000,80.000000,,
1,EV_B9_C1,6.000000,80.000000,,
1,EV_B9_C1,5.000000,80.000000,,
1,EV_B9_C1,4.000000,80.000000,,
1,EV_B9_C1,3.000000,80.000000,,
1,EV_B9_C1,2.000000,80.000000,,
1,EV_B9_C1,1.000000,80.000000,,
1,EV_B9_C1,0.000000,80.000000,,
3,,,,,
3,,,,,
3,,,,,
3,,,,,
3,,,,,
3,,,,,
3,,,,,
3,,,,,
3,,,,,
3,,,,,
3,,,,,
3,,,,,
2,EV_B9_C1,,,0.000000,39.361686
1,EV_B9_C1,10.000000,80.000000,,
1,EV_B9_C1,9.000000,80.000000,,
1,EV_B9_C1,8.000000,80.000000,,
1,EV_B9_C1,7.000000,80.000000,,
1,EV_B9_C1,6.000000,80.000000,,
1,EV_B9_C1,5.000000,80.000000,,
1,EV_B9_C1,4.000000,80.000000,,
1,EV_B9_C1,3.000000,80.000000,,
1,EV_B9_C1,2.000000,80.000000,,
1,EV_B9_C1,1.000000,80.000000,,
1,EV_B9_C1,0.000000,80.000000,,
3,,,,,
3,,,,,
3,,,,,
3,,,,,
3,,,,,
3,,,,,
3,,,,,
3,,,,,
3,,,,,
3,,,,,
3,,,,,
3,,,,,
3,,,,,
2,EV_B9_C1,,,0.000000,32.498373
1,EV_B9_C1,9.000000,80.000000,,
1,EV_B9_C1,8.000000,80.000000,,
1,EV_B9_C1,7.000000,80.000000,,
1,EV_B9_C1,6.000000,80.000000,,
1,EV_B9_C1,5.000000,80.000000,,
1,EV_B9_C1,4.000000,80.000000,,
1,EV_B9_C1,3.000000,80.000000,,
1,EV_B9_C1,2.000000,80.000000,,
1,EV_B9_C1,1.000000,80.000000,,
1,EV_B9_C1,0.000000,80.000000,,
3,,,,,
3,,,,,
3,,,,,
3,,,,,
3,,,,,
3,,,,,
3,,,,,
3,,,,,
3,,,,,
3,,,,,
3,,,,,
3,,,,,
3,,,,,
3,,,,,
2,EV_B9_C1,,,0.000000,34.976100
1,EV_B9_C1,7.000000,80.000000,,
1,EV_B9_C1,6.000000,80.000000,,
1,EV_B9_C1,5.000000,80.000000,,
1,EV_B9_C1,4.000000,80.000000,,
1,EV_B9_C1,3.000000,80.000000,,
1,EV_B9_C1,2.000000,80.000000,,
1,EV_B9_C1,1.000000,80.000000,,
1,EV_B9_C1,0.000000,80.000000,,
3,,,,,
3,,,,,
3,,,,,
3,,,,,
3,,,,,
3,,,,,
3,,,,,
3,,,,,
3,,,,,
3,,,,,
3,,,,,
2,EV_B9_C1,,,0.000000,30.756800
1,EV_B9_C1,12.000000,80.000000,,
1,EV_B9_C1,11.000000,80.000000,,
1,EV_B9_C1,10.000000,80.000000,,
1,EV_B9_C1,9.000000,80.000000,,
1,EV_B9_C1,8.000000,80.000000,,
1,EV_B9_C1,7.000000,80.000000,,
1,EV_B9_C1,6.000000,80.000000,,
1,EV_B9_C1,5.000000,80.000000,,
1,EV_B9_C1,4.000000,80.000000,,
1,EV_B9_C1,3.000000,80.000000,,
1,EV_B9_C1,2.000000,80.000000,,
1,EV_B9_C1,1.000000,80.000000,,
1,EV_B9_C1,0.000000,80.000000,,
3,,,,,
3,,,,,
3,,,,,
3,,,,,
3,,,,,
3,,,,,
3,,,,,
3,,,,,
3,,,,,
3,,,,,
3,,,,,
3,,,,,
2,EV_B9_C1,,,0.000000,40.482243
1,EV_B9_C1,9.000000,80.000000,,
1,EV_B9_C1,8.000000,80.000000,,
1,EV_B9_C1,7.000000,80.000000,,
1,EV_B9_C1,6.000000,80.000000,,
1,EV_B9_C1,5.000000,80.000000,,
1,EV_B9_C1,4.000000,80.000000,,
1,EV_B9_C1,3.000000,80.000000,,
1,EV_B9_C1,2.000000,80.000000,,
1,EV_B9_C1,1.000000,80.000000,,
1,EV_B9_C1,0.000000,80.000000,,
3,,,,,
3,,,,,
3,,,,,
3,,,,,
3,,,,,
3,,,,,
3,,,,,
3,,,,,
3,,,,,
3,,,,,
3,,,,,
3,,,,,
3,,,,,
3,,,,,
2,EV_B9_C1,,,0.000000,36.067117
1,EV_B9_C1,8.000000,80.000000,,
1,EV_B9_C1,7.000000,80.000000,,
1,EV_B9_C1,6.000000,80.000000,,
1,EV_B9_C1,5.000000,80.000000,,
1,EV_B9_C1,4.000000,80.000000,,
1,EV_B9_C1,3.000000,80.000000,,
1,EV_B9_C1,2.000000,80.000000,,
1,EV_B9_C1,1.000000,80.000000,,
1,EV_B9_C1,0.000000,80.000000,,
3,,,,,
3,,,,,
3,,,,,
3,,,,,
3,,,,,
3,,,,,
3,,,,,
3,,,,,
3,,,,,
3,,,,,
3,,,,,
3,,,,,
3,,,,,
3,,,,,
2,EV_B9_C1,,,0.000000,34.919827
1,EV_B9_C1,8.000000,80.000000,,
1,EV_B9_C1,7.000000,80.000000,,
1,EV_B9_C1,6.000000,80.000000,,
1,EV_B9_C1,5.000000,80.000000,,
1,EV_B9_C1,4.000000,80.000000,,
1,EV_B9_C1,3.000000,80.000000,,
1,EV_B9_C1,2.000000,80.000000,,
1,EV_B9_C1,1.000000,80.000000,,
1,EV_B9_C1,0.000000,80.000000,,
3,,,,,
3,,,,,
3,,,,,
3,,,,,
3,,,,,
3,,,,,
3,,,,,
3,,,,,
3,,,,,
3,,,,,
3,,,,,
3,,,,,
3,,,,,
2,EV_B9_C1,,,0.000000,33.588723
1,EV_B9_C1,10.000000,80.000000,,
1,EV_B9_C1,9.000000,80.000000,,
1,EV_B9_C1,8.000000,80.000000,,
1,EV_B9_C1,7.000000,80.000000,,
1,EV_B9_C1,6.000000,80.000000,,
1,EV_B9_C1,5.000000,80.000000,,
1,EV_B9_C1,4.000000,80.000000,,
1,EV_B9_C1,3.000000,80.000000,,
1,EV_B9_C1,2.000000,80.000000,,
1,EV_B9_C1,1.000000,80.000000,,
1,EV_B9_C1,0.000000,80.000000,,
3,,,,,
3,,,,,
3,,,,,
3,,,,,
3,,,,,
3,,,,,
3,,,,,
3,,,,,
3,,,,,
3,,,,,
3,,,,,
3,,,,,
2,EV_B9_C1,,,0.000000,30.462277
1,EV_B9_C1,9.000000,80.000000,,
1,EV_B9_C1,8.000000,80.000000,,
1,EV_B9_C1,7.000000,80.000000,,
1,EV_B9_C1,6.000000,80.000000,,
1,EV_B9_C1,5.000000,80.000000,,
1,EV_B9_C1,4.000000,80.000000,,
1,EV_B9_C1,3.000000,80.000000,,
1,EV_B9_C1,2.000000,80.000000,,
1,EV_B9_C1,1.000000,80.000000,,
1,EV_B9_C1,0.000000,80.000000,,
3,,,,,
3,,,,,
3,,,,,
3,,,,,
3,,,,,
3,,,,,
3,,,,,
3,,,,,
3,,,,,
3,,,,,
3,,,,,
3,,,,,
3,,,,,
3,,,,,
2,EV_B9_C1,,,0.000000,35.200915
1,EV_B9_C1,9.000000,80.000000,,
1,EV_B9_C1,8.000000,80.000000,,
1,EV_B9_C1,7.000000,80.000000,,
1,EV_B9_C1,6.000000,80.000000,,
1,EV_B9_C1,5.000000,80.000000,,
1,EV_B9_C1,4.000000,80.000000,,
1,EV_B9_C1,3.000000,80.000000,,
1,EV_B9_C1,2.000000,80.000000,,
1,EV_B9_C1,1.000000,80.000000,,
1,EV_B9_C1,0.000000,80.000000,,
3,,,,,
3,,,,,
3,,,,,
3,,,,,
3,,,,,
3,,,,,
3,,,,,
3,,,,,
3,,,,,
3,,,,,
3,,,,,
3,,,,,
2,EV_B9_C1,,,0.000000,30.534599
1,EV_B9_C1,10.000000,80.000000,,
1,EV_B9_C1,9.000000,80.000000,,
1,EV_B9_C1,8.000000,80.000000,,
1,EV_B9_C1,7.000000,80.000000,,
1,EV_B9_C1,6.000000,80.000000,,
1,EV_B9_C1,5.000000,80.000000,,
1,EV_B9_C1,4.000000,80.000000,,
1,EV_B9_C1,3.000000,80.000000,,
1,EV_B9_C1,2.000000,80.000000,,
1,EV_B9_C1,1.000000,80.000000,,
1,EV_B9_C1,0.000000,80.000000,,
3,,,,,
3,,,,,
3,,,,,
3,,,,,
3,,,,,
3,,,,,
3,,,,,
3,,,,,
3,,,,,
3,,,,,
3,,,,,
3,,,,,
2,EV_B9_C1,,,0.000000,37.224353
1,EV_B9_C1,10.000000,80.000000,,
1,EV_B9_C1,9.000000,80.000000,,
1,EV_B9_C1,8.000000,80.000000,,
1,EV_B9_C1,7.000000,80.000000,,
1,EV_B9_C1,6.000000,80.000000,,
1,EV_B9_C1,5.000000,80.000000,,
1,EV_B9_C1,4.000000,80.000000,,
1,EV_B9_C1,3.000000,80.000000,,
1,EV_B9_C1,2.000000,80.000000,,
1,EV_B9_C1,1.000000,80.000000,,
1,EV_B9_C1,0.000000,80.000000,,
3,,,,,
3,,,,,
3,,,,,
3,,,,,
3,,,,,
3,,,,,
3,,,,,
3,,,,,
3,,,,,
3,,,,,
3,,,,,
3,,,,,
3,,,,,
3,,,,,
3,,,,,
3,,,,,
3,,,,,
3,,,,,
3,,,,,
3,,,,,
3,,,,,
3,,,,,
3,,,,,
3,,,,,
3,,,,,
3,,,,,
3,,,,,
3,,,,,
3,,,,,
3,,,,,
3,,,,,
3,,,,,
3,,,,,
3,,,,,
3,,,,,
3,,,,,
3,,,,,
3,,,,,
3,,,,,
3,,,,,
3,,,,,
3,,,,,
3,,,,,
3,,,,,
3,,,,,
3,,,,,
3,,,,,
3,,,,,
3,,,,,
3,,,,,
3,,,,,
3,,,,,
3,,,,,
3,,,,,
3,,,,,
3,,,,,
3,,,,,
3,,,,,
3,,,,,
3,,,,,
3,,,,,
3,,,,,
2,EV_B9_C1,,,0.000000,41.428143
1,EV_B9_C1,8.000000,80.000000,,
1,EV_B9_C1,7.000000,80.000000,,
1,EV_B9_C1,6.000000,80.000000,,
1,EV_B9_C1,5.000000,80.000000,,
1,EV_B9_C1,4.000000,80.000000,,
1,EV_B9_C1,3.000000,80.000000,,
1,EV_B9_C1,2.000000,80.000000,,
1,EV_B9_C1,1.000000,80.000000,,
1,EV_B9_C1,0.000000,80.000000,,
3,,,,,
3,,,,,
3,,,,,
3,,,,,
3,,,,,
3,,,,,
3,,,,,
3,,,,,
3,,,,,
3,,,,,
3,,,,,
3,,,,,
3,,,,,
3,,,,,
3,,,,,
3,,,,,
3,,,,,
3,,,,,
3,,,,,
3,,,,,
3,,,,,
3,,,,,
3,,,,,
3,,,,,
3,,,,,
3,,,,,
3,,,,,
3,,,,,
3,,,,,
3,,,,,
3,,,,,
3,,,,,
3,,,,,
3,,,,,
3,,,,,
3,,,,,
2,EV_B9_C1,,,0.000000,39.475976
1,EV_B9_C1,9.000000,80.000000,,
1,EV_B9_C1,8.000000,80.000000,,
1,EV_B9_C1,7.000000,80.000000,,
1,EV_B9_C1,6.000000,80.000000,,
1,EV_B9_C1,5.000000,80.000000,,
1,EV_B9_C1,4.000000,80.000000,,
1,EV_B9_C1,3.000000,80.000000,,
1,EV_B9_C1,2.000000,80.000000,,
1,EV_B9_C1,1.000000,80.000000,,
1,EV_B9_C1,0.000000,80.000000,,
3,,,,,
3,,,,,
3,,,,,
3,,,,,
3,,,,,
3,,,,,
3,,,,,
3,,,,,
3,,,,,
3,,,,,
3,,,,,
3,,,,,
3,,,,,
3,,,,,
3,,,,,
3,,,,,
3,,,,,
3,,,,,
3,,,,,
3,,,,,
3,,,,,
3,,,,,
3,,,,,
3,,,,,
3,,,,,
3,,,,,
3,,,,,
3,,,,,
3,,,,,
3,,,,,
3,,,,,
3,,,,,
3,,,,,
3,,,,,
3,,,,,
3,,,,,
3,,,,,
3,,,,,
3,,,,,
2,EV_B9_C1,,,0.000000,35.530510
1,EV_B9_C1,8.000000,80.000000,,
1,EV_B9_C1,7.000000,80.000000,,
1,EV_B9_C1,6.000000,80.000000,,
1,EV_B9_C1,5.000000,80.000000,,
1,EV_B9_C1,4.000000,80.000000,,
1,EV_B9_C1,3.000000,80.000000,,
1,EV_B9_C1,2.000000,80.000000,,
1,EV_B9_C1,1.000000,80.000000,,
1,EV_B9_C1,0.000000,80.000000,,
3,,,,,
3,,,,,
3,,,,,
3,,,,,
3,,,,,
3,,,,,
3,,,,,
3,,,,,
3,,,,,
3,,,,,
3,,,,,
3,,,,,
3,,,,,
3,,,,,
3,,,,,
3,,,,,
3,,,,,
3,,,,,
3,,,,,
3,,,,,
3,,,,,
3,,,,,
3,,,,,
3,,,,,
3,,,,,
3,,,,,
3,,,,,
3,,,,,
3,,,,,
3,,,,,
3,,,,,
3,,,,,
3,,,,,
3,,,,,
3,,,,,
3,,,,,
3,,,,,
3,,,,,
2,EV_B9_C1,,,0.000000,28.069329
1,EV_B9_C1,8.000000,80.000000,,
1,EV_B9_C1,7.000000,80.000000,,
1,EV_B9_C1,6.000000,80.000000,,
1,EV_B9_C1,5.000000,80.000000,,
1,EV_B9_C1,4.000000,80.000000,,
1,EV_B9_C1,3.000000,80.000000,,
1,EV_B9_C1,2.000000,80.000000,,
1,EV_B9_C1,1.000000,80.000000,,
1,EV_B9_C1,0.000000,80.000000,,
3,,,,,
3,,,,,
3,,,,,
3,,,,,
3,,,,,
3,,,,,
3,,,,,
3,,,,,
3,,,,,
3,,,,,
3,,,,,
2,EV_B9_C1,,,0.000000,27.183464
1,EV_B9_C1,10.000000,80.000000,,
1,EV_B9_C1,9.000000,80.000000,,
1,EV_B9_C1,8.000000,80.000000,,
1,EV_B9_C1,7.000000,80.000000,,
1,EV_B9_C1,6.000000,80.000000,,
1,EV_B9_C1,5.000000,80.000000,,
1,EV_B9_C1,4.000000,80.000000,,
1,EV_B9_C1,3.000000,80.000000,,
1,EV_B9_C1,2.000000,80.000000,,
1,EV_B9_C1,1.000000,80.000000,,
1,EV_B9_C1,0.000000,80.000000,,
3,,,,,
3,,,,,
3,,,,,
3,,,,,
3,,,,,
3,,,,,
3,,,,,
3,,,,,
3,,,,,
3,,,,,
3,,,,,
3,,,,,
3,,,,,
3,,,,,
2,EV_B9_C1,,,0.000000,37.426098
1,EV_B9_C1,8.000000,80.000000,,
1,EV_B9_C1,7.000000,80.000000,,
1,EV_B9_C1,6.000000,80.000000,,
1,EV_B9_C1,5.000000,80.000000,,
1,EV_B9_C1,4.000000,80.000000,,
1,EV_B9_C1,3.000000,80.000000,,
1,EV_B9_C1,2.000000,80.000000,,
1,EV_B9_C1,1.000000,80.000000,,
1,EV_B9_C1,0.000000,80.000000,,
3,,,,,
3,,,,,
3,,,,,
3,,,,,
3,,,,,
3,,,,,
3,,,,,
3,,,,,
3,,,,,
3,,,,,
3,,,,,
3,,,,,
3,,,,,
3,,,,,
3,,,,,
2,EV_B9_C1,,,0.000000,44.103892
1,EV_B9_C1,7.000000,80.000000,,
1,EV_B9_C1,6.000000,80.000000,,
1,EV_B9_C1,5.000000,80.000000,,
1,EV_B9_C1,4.000000,80.000000,,
1,EV_B9_C1,3.000000,80.000000,,
1,EV_B9_C1,2.000000,80.000000,,
1,EV_B9_C1,1.000000,80.000000,,
1,EV_B9_C1,0.000000,80.000000,,
3,,,,,
3,,,,,
3,,,,,
3,,,,,
3,,,,,
3,,,,,
3,,,,,
3,,,,,
3,,,,,
3,,,,,
3,,,,,
3,,,,,
3,,,,,
2,EV_B9_C1,,,0.000000,42.413643
1,EV_B9_C1,9.000000,80.000000,,
1,EV_B9_C1,8.000000,80.000000,,
1,EV_B9_C1,7.000000,80.000000,,
1,EV_B9_C1,6.000000,80.000000,,
1,EV_B9_C1,5.000000,80.000000,,
1,EV_B9_C1,4.000000,80.000000,,
1,EV_B9_C1,3.000000,80.000000,,
1,EV_B9_C1,2.000000,80.000000,,
1,EV_B9_C1,1.000000,80.000000,,
1,EV_B9_C1,0.000000,80.000000,,
3,,,,,
3,,,,,
3,,,,,
3,,,,,
3,,,,,
3,,,,,
3,,,,,
3,,,,,
3,,,,,
3,,,,,
3,,,,,
3,,,,,
3,,,,,
3,,,,,
2,EV_B9_C1,,,0.000000,25.725358
1,EV_B9_C1,8.000000,80.000000,,
1,EV_B9_C1,7.000000,80.000000,,
1,EV_B9_C1,6.000000,80.000000,,
1,EV_B9_C1,5.000000,80.000000,,
1,EV_B9_C1,4.000000,80.000000,,
1,EV_B9_C1,3.000000,80.000000,,
1,EV_B9_C1,2.000000,80.000000,,
1,EV_B9_C1,1.000000,80.000000,,
1,EV_B9_C1,0.000000,80.000000,,
3,,,,,
3,,,,,
3,,,,,
3,,,,,
3,,,,,
3,,,,,
3,,,,,
3,,,,,
3,,,,,
3,,,,,
3,,,,,
3,,,,,
3,,,,,
3,,,,,
3,,,,,
2,EV_B9_C1,,,0.000000,30.039823
1,EV_B9_C1,7.000000,80.000000,,
1,EV_B9_C1,6.000000,80.000000,,
1,EV_B9_C1,5.000000,80.000000,,
1,EV_B9_C1,4.000000,80.000000,,
1,EV_B9_C1,3.000000,80.000000,,
1,EV_B9_C1,2.000000,80.000000,,
1,EV_B9_C1,1.000000,80.000000,,
1,EV_B9_C1,0.000000,80.000000,,
3,,,,,
3,,,,,
3,,,,,
3,,,,,
3,,,,,
3,,,,,
3,,,,,
3,,,,,
3,,,,,
3,,,,,
3,,,,,
3,,,,,
3,,,,,
3,,,,,
2,EV_B9_C1,,,0.000000,44.430910
1,EV_B9_C1,8.000000,80.000000,,
1,EV_B9_C1,7.000000,80.000000,,
1,EV_B9_C1,6.000000,80.000000,,
1,EV_B9_C1,5.000000,80.000000,,
1,EV_B9_C1,4.000000,80.000000,,
1,EV_B9_C1,3.000000,80.000000,,
1,EV_B9_C1,2.000000,80.000000,,
1,EV_B9_C1,1.000000,80.000000,,
1,EV_B9_C1,0.000000,80.000000,,
3,,,,,
3,,,,,
3,,,,,
3,,,,,
3,,,,,
3,,,,,
3,,,,,
3,,,,,
3,,,,,
3,,,,,
3,,,,,
3,,,,,
3,,,,,
2,EV_B9_C1,,,0.000000,41.692595
1,EV_B9_C1,9.000000,80.000000,,
1,EV_B9_C1,8.000000,80.000000,,
1,EV_B9_C1,7.000000,80.000000,,
1,EV_B9_C1,6.000000,80.000000,,
1,EV_B9_C1,5.000000,80.000000,,
1,EV_B9_C1,4.000000,80.000000,,
1,EV_B9_C1,3.000000,80.000000,,
1,EV_B9_C1,2.000000,80.000000,,
1,EV_B9_C1,1.000000,80.000000,,
1,EV_B9_C1,0.000000,80.000000,,
3,,,,,
3,,,,,
3,,,,,
3,,,,,
3,,,,,
3,,,,,
3,,,,,
3,,,,,
3,,,,,
3,,,,,
3,,,,,
3,,,,,
3,,,,,
2,EV_B9_C1,,,0.000000,34.813543
1,EV_B9_C1,9.000000,80.000000,,
1,EV_B9_C1,8.000000,80.000000,,
1,EV_B9_C1,7.000000,80.000000,,
1,EV_B9_C1,6.000000,80.000000,,
1,EV_B9_C1,5.000000,80.000000,,
1,EV_B9_C1,4.000000,80.000000,,
1,EV_B9_C1,3.000000,80.000000,,
1,EV_B9_C1,2.000000,80.000000,,
1,EV_B9_C1,1.000000,80.000000,,
1,EV_B9_C1,0.000000,80.000000,,
3,,,,,
3,,,,,
3,,,,,
3,,,,,
3,,,,,
3,,,,,
3,,,,,
3,,,,,
3,,,,,
3,,,,,
3,,,,,
3,,,,,
3,,,,,
2,EV_B9_C1,,,0.000000,38.111944
1,EV_B9_C1,9.000000,80.000000,,
1,EV_B9_C1,8.000000,80.000000,,
1,EV_B9_C1,7.000000,80.000000,,
1,EV_B9_C1,6.000000,80.000000,,
1,EV_B9_C1,5.000000,80.000000,,
1,EV_B9_C1,4.000000,80.000000,,
1,EV_B9_C1,3.000000,80.000000,,
1,EV_B9_C1,2.000000,80.000000,,
1,EV_B9_C1,1.000000,80.000000,,
1,EV_B9_C1,0.000000,80.000000,,
3,,,,,
3,,,,,
3,,,,,
3,,,,,
3,,,,,
3,,,,,
3,,,,,
3,,,,,
3,,,,,
3,,,,,
3,,,,,
3,,,,,
3,,,,,
2,EV_B9_C1,,,0.000000,41.327194
1,EV_B9_C1,9.000000,80.000000,,
1,EV_B9_C1,8.000000,80.000000,,
1,EV_B9_C1,7.000000,80.000000,,
1,EV_B9_C1,6.000000,80.000000,,
1,EV_B9_C1,5.000000,80.000000,,
1,EV_B9_C1,4.000000,80.000000,,
1,EV_B9_C1,3.000000,80.000000,,
1,EV_B9_C1,2.000000,80.000000,,
1,EV_B9_C1,1.000000,80.000000,,
1,EV_B9_C1,0.000000,80.000000,,
3,,,,,
3,,,,,
3,,,,,
3,,,,,
3,,,,,
3,,,,,
3,,,,,
3,,,,,
3,,,,,
3,,,,,
3,,,,,
3,,,,,
3,,,,,
3,,,,,
2,EV_B9_C1,,,0.000000,38.100510
1,EV_B9_C1,8.000000,80.000000,,
1,EV_B9_C1,7.000000,80.000000,,
1,EV_B9_C1,6.000000,80.000000,,
1,EV_B9_C1,5.000000,80.000000,,
1,EV_B9_C1,4.000000,80.000000,,
1,EV_B9_C1,3.000000,80.000000,,
1,EV_B9_C1,2.000000,80.000000,,
1,EV_B9_C1,1.000000,80.000000,,
1,EV_B9_C1,0.000000,80.000000,,
3,,,,,
3,,,,,
3,,,,,
3,,,,,
3,,,,,
3,,,,,
3,,,,,
3,,,,,
3,,,,,
3,,,,,
3,,,,,
3,,,,,
2,EV_B9_C1,,,0.000000,30.899327
1,EV_B9_C1,10.000000,80.000000,,
1,EV_B9_C1,9.000000,80.000000,,
1,EV_B9_C1,8.000000,80.000000,,
1,EV_B9_C1,7.000000,80.000000,,
1,EV_B9_C1,6.000000,80.000000,,
1,EV_B9_C1,5.000000,80.000000,,
1,EV_B9_C1,4.000000,80.000000,,
1,EV_B9_C1,3.000000,80.000000,,
1,EV_B9_C1,2.000000,80.000000,,
1,EV_B9_C1,1.000000,80.000000,,
1,EV_B9_C1,0.000000,80.000000,,
3,,,,,
3,,,,,
3,,,,,
3,,,,,
3,,,,,
3,,,,,
3,,,,,
3,,,,,
3,,,,,
3,,,,,
3,,,,,
3,,,,,
3,,,,,
3,,,,,
2,EV_B9_C1,,,0.000000,42.555963
1,EV_B9_C1,9.000000,80.000000,,
1,EV_B9_C1,8.000000,80.000000,,
1,EV_B9_C1,7.000000,80.000000,,
1,EV_B9_C1,6.000000,80.000000,,
1,EV_B9_C1,5.000000,80.000000,,
1,EV_B9_C1,4.000000,80.000000,,
1,EV_B9_C1,3.000000,80.000000,,
1,EV_B9_C1,2.000000,80.000000,,
1,EV_B9_C1,1.000000,80.000000,,
1,EV_B9_C1,0.000000,80.000000,,
3,,,,,
3,,,,,
3,,,,,
3,,,,,
3,,,,,
3,,,,,
3,,,,,
3,,,,,
3,,,,,
3,,,,,
3,,,,,
2,EV_B9_C1,,,0.000000,40.700194
1,EV_B9_C1,10.000000,80.000000,,
1,EV_B9_C1,9.000000,80.000000,,
1,EV_B9_C1,8.000000,80.000000,,
1,EV_B9_C1,7.000000,80.000000,,
1,EV_B9_C1,6.000000,80.000000,,
1,EV_B9_C1,5.000000,80.000000,,
1,EV_B9_C1,4.000000,80.000000,,
1,EV_B9_C1,3.000000,80.000000,,
1,EV_B9_C1,2.000000,80.000000,,
1,EV_B9_C1,1.000000,80.000000,,
1,EV_B9_C1,0.000000,80.000000,,
3,,,,,
3,,,,,
3,,,,,
3,,,,,
3,,,,,
3,,,,,
3,,,,,
3,,,,,
3,,,,,
3,,,,,
3,,,,,
3,,,,,
3,,,,,
3,,,,,
2,EV_B9_C1,,,0.000000,42.320637
1,EV_B9_C1,8.000000,80.000000,,
1,EV_B9_C1,7.000000,80.000000,,
1,EV_B9_C1,6.000000,80.000000,,
1,EV_B9_C1,5.000000,80.000000,,
1,EV_B9_C1,4.000000,80.000000,,
1,EV_B9_C1,3.000000,80.000000,,
1,EV_B9_C1,2.000000,80.000000,,
1,EV_B9_C1,1.000000,80.000000,,
1,EV_B9_C1,0.000000,80.000000,,
3,,,,,
3,,,,,
3,,,,,
3,,,,,
3,,,,,
3,,,,,
3,,,,,
3,,,,,
3,,,,,
3,,,,,
3,,,,,
3,,,,,
2,EV_B9_C1,,,0.000000,41.970168
1,EV_B9_C1,10.000000,80.000000,,
1,EV_B9_C1,9.000000,80.000000,,
1,EV_B9_C1,8.000000,80.000000,,
1,EV_B9_C1,7.000000,80.000000,,
1,EV_B9_C1,6.000000,80.000000,,
1,EV_B9_C1,5.000000,80.000000,,
1,EV_B9_C1,4.000000,80.000000,,
1,EV_B9_C1,3.000000,80.000000,,
1,EV_B9_C1,2.000000,80.000000,,
1,EV_B9_C1,1.000000,80.000000,,
1,EV_B9_C1,0.000000,80.000000,,
3,,,,,
3,,,,,
3,,,,,
3,,,,,
3,,,,,
3,,,,,
3,,,,,
3,,,,,
3,,,,,
3,,,,,
3,,,,,
3,,,,,
3,,,,,
2,EV_B9_C1,,,0.000000,43.254296
1,EV_B9_C1,9.000000,80.000000,,
1,EV_B9_C1,8.000000,80.000000,,
1,EV_B9_C1,7.000000,80.000000,,
1,EV_B9_C1,6.000000,80.000000,,
1,EV_B9_C1,5.000000,80.000000,,
1,EV_B9_C1,4.000000,80.000000,,
1,EV_B9_C1,3.000000,80.000000,,
1,EV_B9_C1,2.000000,80.000000,,
1,EV_B9_C1,1.000000,80.000000,,
1,EV_B9_C1,0.000000,80.000000,,
3,,,,,
3,,,,,
3,,,,,
3,,,,,
3,,,,,
3,,,,,
3,,,,,
3,,,,,
3,,,,,
3,,,,,
3,,,,,
3,,,,,
3,,,,,
2,EV_B9_C1,,,0.000000,38.045387
1,EV_B9_C1,9.000000,80.000000,,
1,EV_B9_C1,8.000000,80.000000,,
1,EV_B9_C1,7.000000,80.000000,,
1,EV_B9_C1,6.000000,80.000000,,
1,EV_B9_C1,5.000000,80.000000,,
1,EV_B9_C1,4.000000,80.000000,,
1,EV_B9_C1,3.000000,80.000000,,
1,EV_B9_C1,2.000000,80.000000,,
1,EV_B9_C1,1.000000,80.000000,,
1,EV_B9_C1,0.000000,80.000000,,
3,,,,,
3,,,,,
3,,,,,
3,,,,,
3,,,,,
3,,,,,
3,,,,,
3,,,,,
3,,,,,
3,,,,,
3,,,,,
3,,,,,
3,,,,,
3,,,,,
3,,,,,
3,,,,,
2,EV_B9_C1,,,0.000000,42.693664
1,EV_B9_C1,7.000000,80.000000,,
1,EV_B9_C1,6.000000,80.000000,,
1,EV_B9_C1,5.000000,80.000000,,
1,EV_B9_C1,4.000000,80.000000,,
1,EV_B9_C1,3.000000,80.000000,,
1,EV_B9_C1,2.000000,80.000000,,
1,EV_B9_C1,1.000000,80.000000,,
1,EV_B9_C1,0.000000,80.000000,,
3,,,,,
3,,,,,
3,,,,,
3,,,,,
3,,,,,
3,,,,,
3,,,,,
3,,,,,
3,,,,,
3,,,,,
3,,,,,
2,EV_B9_C1,,,0.000000,37.040037
1,EV_B9_C1,11.000000,80.000000,,
1,EV_B9_C1,10.000000,80.000000,,
1,EV_B9_C1,9.000000,80.000000,,
1,EV_B9_C1,8.000000,80.000000,,
1,EV_B9_C1,7.000000,80.000000,,
1,EV_B9_C1,6.000000,80.000000,,
1,EV_B9_C1,5.000000,80.000000,,
1,EV_B9_C1,4.000000,80.000000,,
1,EV_B9_C1,3.000000,80.000000,,
1,EV_B9_C1,2.000000,80.000000,,
1,EV_B9_C1,1.000000,80.000000,,
1,EV_B9_C1,0.000000,80.000000,,
3,,,,,
3,,,,,
3,,,,,
3,,,,,
3,,,,,
3,,,,,
3,,,,,
3,,,,,
3,,,,,
3,,,,,
3,,,,,
3,,,,,
2,EV_B9_C1,,,0.000000,32.036519
1,EV_B9_C1,9.000000,80.000000,,
1,EV_B9_C1,8.000000,80.000000,,
1,EV_B9_C1,7.000000,80.000000,,
1,EV_B9_C1,6.000000,80.000000,,
1,EV_B9_C1,5.000000,80.000000,,
1,EV_B9_C1,4.000000,80.000000,,
1,EV_B9_C1,3.000000,80.000000,,
1,EV_B9_C1,2.000000,80.000000,,
1,EV_B9_C1,1.000000,80.000000,,
1,EV_B9_C1,0.000000,80.000000,,
3,,,,,
3,,,,,
3,,,,,
3,,,,,
3,,,,,
3,,,,,
3,,,,,
3,,,,,
3,,,,,
3,,,,,
3,,,,,
3,,,,,
3,,,,,
3,,,,,
2,EV_B9_C1,,,0.000000,43.324131
1,EV_B9_C1,9.000000,80.000000,,
1,EV_B9_C1,8.000000,80.000000,,
1,EV_B9_C1,7.000000,80.000000,,
1,EV_B9_C1,6.000000,80.000000,,
1,EV_B9_C1,5.000000,80.000000,,
1,EV_B9_C1,4.000000,80.000000,,
1,EV_B9_C1,3.000000,80.000000,,
1,EV_B9_C1,2.000000,80.000000,,
1,EV_B9_C1,1.000000,80.000000,,
1,EV_B9_C1,0.000000,80.000000,,
3,,,,,
3,,,,,
3,,,,,
3,,,,,
3,,,,,
3,,,,,
3,,,,,
3,,,,,
3,,,,,
3,,,,,
3,,,,,
3,,,,,
2,EV_B9_C1,,,0.000000,38.878032
1,EV_B9_C1,9.000000,80.000000,,
1,EV_B9_C1,8.000000,80.000000,,
1,EV_B9_C1,7.000000,80.000000,,
1,EV_B9_C1,6.000000,80.000000,,
1,EV_B9_C1,5.000000,80.000000,,
1,EV_B9_C1,4.000000,80.000000,,
1,EV_B9_C1,3.000000,80.000000,,
1,EV_B9_C1,2.000000,80.000000,,
1,EV_B9_C1,1.000000,80.000000,,
1,EV_B9_C1,0.000000,80.000000,,
3,,,,,
3,,,,,
3,,,,,
3,,,,,
3,,,,,
3,,,,,
3,,,,,
3,,,,,
3,,,,,
3,,,,,
3,,,,,
3,,,,,
3,,,,,
3,,,,,
3,,,,,
2,EV_B9_C1,,,0.000000,27.959976
1,EV_B9_C1,8.000000,80.000000,,
1,EV_B9_C1,7.000000,80.000000,,
1,EV_B9_C1,6.000000,80.000000,,
1,EV_B9_C1,5.000000,80.000000,,
1,EV_B9_C1,4.000000,80.000000,,
1,EV_B9_C1,3.000000,80.000000,,
1,EV_B9_C1,2.000000,80.000000,,
1,EV_B9_C1,1.000000,80.000000,,
1,EV_B9_C1,0.000000,80.000000,,
3,,,,,
3,,,,,
3,,,,,
3,,,,,
3,,,,,
3,,,,,
3,,,,,
3,,,,,
3,,,,,
3,,,,,
3,,,,,
3,,,,,
3,,,,,
2,EV_B9_C1,,,0.000000,38.056323
1,EV_B9_C1,9.000000,80.000000,,
1,EV_B9_C1,8.000000,80.000000,,
1,EV_B9_C1,7.000000,80.000000,,
1,EV_B9_C1,6.000000,80.000000,,
1,EV_B9_C1,5.000000,80.000000,,
1,EV_B9_C1,4.000000,80.000000,,
1,EV_B9_C1,3.000000,80.000000,,
1,EV_B9_C1,2.000000,80.000000,,
1,EV_B9_C1,1.000000,80.000000,,
1,EV_B9_C1,0.000000,80.000000,,
3,,,,,
3,,,,,
3,,,,,
3,,,,,
3,,,,,
3,,,,,
3,,,,,
3,,,,,
3,,,,,
3,,,,,
3,,,,,
3,,,,,
2,EV_B9_C1,,,0.000000,37.342723
1,EV_B9_C1,9.000000,80.000000,,
1,EV_B9_C1,8.000000,80.000000,,
1,EV_B9_C1,7.000000,80.000000,,
1,EV_B9_C1,6.000000,80.000000,,
1,EV_B9_C1,5.000000,80.000000,,
1,EV_B9_C1,4.000000,80.000000,,
1,EV_B9_C1,3.000000,80.000000,,
1,EV_B9_C1,2.000000,80.000000,,
1,EV_B9_C1,1.000000,80.000000,,
1,EV_B9_C1,0.000000,80.000000,,
3,,,,,
3,,,,,
3,,,,,
3,,,,,
3,,,,,
3,,,,,
3,,,,,
3,,,,,
3,,,,,
3,,,,,
3,,,,,
3,,,,,
3,,,,,
2,EV_B9_C1,,,0.000000,30.872915
1,EV_B9_C1,9.000000,80.000000,,
1,EV_B9_C1,8.000000,80.000000,,
1,EV_B9_C1,7.000000,80.000000,,
1,EV_B9_C1,6.000000,80.000000,,
1,EV_B9_C1,5.000000,80.000000,,
1,EV_B9_C1,4.000000,80.000000,,
1,EV_B9_C1,3.000000,80.000000,,
1,EV_B9_C1,2.000000,80.000000,,
1,EV_B9_C1,1.000000,80.000000,,
1,EV_B9_C1,0.000000,80.000000,,
3,,,,,
3,,,,,
3,,,,,
3,,,,,
3,,,,,
3,,,,,
3,,,,,
3,,,,,
3,,,,,
3,,,,,
3,,,,,
3,,,,,
2,EV_B9_C1,,,0.000000,43.764441
1,EV_B9_C1,10.000000,80.000000,,
1,EV_B9_C1,9.000000,80.000000,,
1,EV_B9_C1,8.000000,80.000000,,
1,EV_B9_C1,7.000000,80.000000,,
1,EV_B9_C1,6.000000,80.000000,,
1,EV_B9_C1,5.000000,80.000000,,
1,EV_B9_C1,4.000000,80.000000,,
1,EV_B9_C1,3.000000,80.000000,,
1,EV_B9_C1,2.000000,80.000000,,
1,EV_B9_C1,1.000000,80.000000,,
1,EV_B9_C1,0.000000,80.000000,,
3,,,,,
3,,,,,
3,,,,,
3,,,,,
3,,,,,
3,,,,,
3,,,,,
3,,,,,
3,,,,,
3,,,,,
3,,,,,
3,,,,,
3,,,,,
3,,,,,
3,,,,,
2,EV_B9_C1,,,0.000000,29.431502
1,EV_B9_C1,8.000000,80.000000,,
1,EV_B9_C1,7.000000,80.000000,,
1,EV_B9_C1,6.000000,80.000000,,
1,EV_B9_C1,5.000000,80.000000,,
1,EV_B9_C1,4.000000,80.000000,,
1,EV_B9_C1,3.000000,80.000000,,
1,EV_B9_C1,2.000000,80.000000,,
1,EV_B9_C1,1.000000,80.000000,,
1,EV_B9_C1,0.000000,80.000000,,
3,,,,,
3,,,,,
3,,,,,
3,,,,,
3,,,,,
3,,,,,
3,,,,,
3,,,,,
3,,,,,
3,,,,,
3,,,,,
3,,,,,
3,,,,,
2,EV_B9_C1,,,0.000000,35.322357
1,EV_B9_C1,8.000000,80.000000,,
1,EV_B9_C1,7.000000,80.000000,,
1,EV_B9_C1,6.000000,80.000000,,
1,EV_B9_C1,5.000000,80.000000,,
1,EV_B9_C1,4.000000,80.000000,,
1,EV_B9_C1,3.000000,80.000000,,
1,EV_B9_C1,2.000000,80.000000,,
1,EV_B9_C1,1.000000,80.000000,,
1,EV_B9_C1,0.000000,80.000000,,
3,,,,,
3,,,,,
3,,,,,
3,,,,,
3,,,,,
3,,,,,
3,,,,,
3,,,,,
3,,,,,
3,,,,,
3,,,,,
3,,,,,
3,,,,,
2,EV_B9_C1,,,0.000000,42.914918
1,EV_B9_C1,10.000000,80.000000,,
1,EV_B9_C1,9.000000,80.000000,,
1,EV_B9_C1,8.000000,80.000000,,
1,EV_B9_C1,7.000000,80.000000,,
1,EV_B9_C1,6.000000,80.000000,,
1,EV_B9_C1,5.000000,80.000000,,
1,EV_B9_C1,4.000000,80.000000,,
1,EV_B9_C1,3.000000,80.000000,,
1,EV_B9_C1,2.000000,80.000000,,
1,EV_B9_C1,1.000000,80.000000,,
1,EV_B9_C1,0.000000,80.000000,,
3,,,,,
3,,,,,
3,,,,,
3,,,,,
3,,,,,
3,,,,,
3,,,,,
3,,,,,
3,,,,,
3,,,,,
2,EV_B9_C1,,,0.000000,25.814397
1,EV_B9_C1,11.000000,80.000000,,
1,EV_B9_C1,10.000000,80.000000,,
1,EV_B9_C1,9.000000,80.000000,,
1,EV_B9_C1,8.000000,80.000000,,
1,EV_B9_C1,7.000000,80.000000,,
1,EV_B9_C1,6.000000,80.000000,,
1,EV_B9_C1,5.000000,80.000000,,
1,EV_B9_C1,4.000000,80.000000,,
1,EV_B9_C1,3.000000,80.000000,,
1,EV_B9_C1,2.000000,80.000000,,
1,EV_B9_C1,1.000000,80.000000,,
1,EV_B9_C1,0.000000,80.000000,,
3,,,,,
3,,,,,
3,,,,,
3,,,,,
3,,,,,
3,,,,,
3,,,,,
3,,,,,
3,,,,,
3,,,,,
3,,,,,
3,,,,,
3,,,,,
3,,,,,
2,EV_B9_C1,,,0.000000,40.515348
1,EV_B9_C1,8.000000,80.000000,,
1,EV_B9_C1,7.000000,80.000000,,
1,EV_B9_C1,6.000000,80.000000,,
1,EV_B9_C1,5.000000,80.000000,,
1,EV_B9_C1,4.000000,80.000000,,
1,EV_B9_C1,3.000000,80.000000,,
1,EV_B9_C1,2.000000,80.000000,,
1,EV_B9_C1,1.000000,80.000000,,
1,EV_B9_C1,0.000000,80.000000,,
3,,,,,
3,,,,,
3,,,,,
3,,,,,
3,,,,,
3,,,,,
3,,,,,
3,,,,,
3,,,,,
3,,,,,
3,,,,,
3,,,,,
3,,,,,
3,,,,,
3,,,,,
2,EV_B9_C1,,,0.000000,32.270203
1,EV_B9_C1,7.000000,80.000000,,
1,EV_B9_C1,6.000000,80.000000,,
1,EV_B9_C1,5.000000,80.000000,,
1,EV_B9_C1,4.000000,80.000000,,
1,EV_B9_C1,3.000000,80.000000,,
1,EV_B9_C1,2.000000,80.000000,,
1,EV_B9_C1,1.000000,80.000000,,
1,EV_B9_C1,0.000000,80.000000,,
3,,,,,
3,,,,,
3,,,,,
3,,,,,
3,,,,,
3,,,,,
3,,,,,
3,,,,,
3,,,,,
3,,,,,
3,,,,,
3,,,,,
3,,,,,
3,,,,,
3,,,,,
3,,,,,
3,,,,,
3,,,,,
3,,,,,
3,,,,,
3,,,,,
3,,,,,
3,,,,,
3,,,,,
3,,,,,
3,,,,,
3,,,,,
3,,,,,
3,,,,,
3,,,,,
3,,,,,
3,,,,,
3,,,,,
3,,,,,
3,,,,,
3,,,,,
3,,,,,
3,,,,,
3,,,,,
3,,,,,
3,,,,,
3,,,,,
3,,,,,
3,,,,,
3,,,,,
3,,,,,
3,,,,,
3,,,,,
3,,,,,
3,,,,,
3,,,,,
3,,,,,
3,,,,,
3,,,,,
3,,,,,
3,,,,,
3,,,,,
3,,,,,
3,,,,,
3,,,,,
3,,,,,
3,,,,,
2,EV_B9_C1,,,0.000000,43.721073
1,EV_B9_C1,9.000000,80.000000,,
1,EV_B9_C1,8.000000,80.000000,,
1,EV_B9_C1,7.000000,80.000000,,
1,EV_B9_C1,6.000000,80.000000,,
1,EV_B9_C1,5.000000,80.000000,,
1,EV_B9_C1,4.000000,80.000000,,
1,EV_B9_C1,3.000000,80.000000,,
1,EV_B9_C1,2.000000,80.000000,,
1,EV_B9_C1,1.000000,80.000000,,
1,EV_B9_C1,0.000000,80.000000,,
3,,,,,
3,,,,,
3,,,,,
3,,,,,
3,,,,,
3,,,,,
3,,,,,
3,,,,,
3,,,,,
3,,,,,
3,,,,,
3,,,,,
2,EV_B9_C1,,,0.000000,39.057577
1,EV_B9_C1,10.000000,80.000000,,
1,EV_B9_C1,9.000000,80.000000,,
1,EV_B9_C1,8.000000,80.000000,,
1,EV_B9_C1,7.000000,80.000000,,
1,EV_B9_C1,6.000000,80.000000,,
1,EV_B9_C1,5.000000,80.000000,,
1,EV_B9_C1,4.000000,80.000000,,
1,EV_B9_C1,3.000000,80.000000,,
1,EV_B9_C1,2.000000,80.000000,,
1,EV_B9_C1,1.000000,80.000000,,
1,EV_B9_C1,0.000000,80.000000,,
3,,,,,
3,,,,,
3,,,,,
3,,,,,
3,,,,,
3,,,,,
3,,,,,
3,,,,,
3,,,,,
3,,,,,
3,,,,,
3,,,,,
3,,,,,
2,EV_B9_C1,,,0.000000,30.773535
1,EV_B9_C1,8.000000,80.000000,,
1,EV_B9_C1,7.000000,80.000000,,
1,EV_B9_C1,6.000000,80.000000,,
1,EV_B9_C1,5.000000,80.000000,,
1,EV_B9_C1,4.000000,80.000000,,
1,EV_B9_C1,3.000000,80.000000,,
1,EV_B9_C1,2.000000,80.000000,,
1,EV_B9_C1,1.000000,80.000000,,
1,EV_B9_C1,0.000000,80.000000,,
3,,,,,
3,,,,,
3,,,,,
3,,,,,
3,,,,,
3,,,,,
3,,,,,
3,,,,,
3,,,,,
3,,,,,
3,,,,,
3,,,,,
2,EV_B9_C1,,,0.000000,40.510170
1,EV_B9_C1,11.000000,80.000000,,
1,EV_B9_C1,10.000000,80.000000,,
1,EV_B9_C1,9.000000,80.000000,,
1,EV_B9_C1,8.000000,80.000000,,
1,EV_B9_C1,7.000000,80.000000,,
1,EV_B9_C1,6.000000,80.000000,,
1,EV_B9_C1,5.000000,80.000000,,
1,EV_B9_C1,4.000000,80.000000,,
1,EV_B9_C1,3.000000,80.000000,,
1,EV_B9_C1,2.000000,80.000000,,
1,EV_B9_C1,1.000000,80.000000,,
1,EV_B9_C1,0.000000,80.000000,,
3,,,,,
3,,,,,
3,,,,,
3,,,,,
3,,,,,
3,,,,,
3,,,,,
3,,,,,
3,,,,,
3,,,,,
3,,,,,
3,,,,,
3,,,,,
2,EV_B9_C1,,,0.000000,41.827158
1,EV_B9_C1,9.000000,80.000000,,
1,EV_B9_C1,8.000000,80.000000,,
1,EV_B9_C1,7.000000,80.000000,,
1,EV_B9_C1,6.000000,80.000000,,
1,EV_B9_C1,5.000000,80.000000,,
1,EV_B9_C1,4.000000,80.000000,,
1,EV_B9_C1,3.000000,80.000000,,
1,EV_B9_C1,2.000000,80.000000,,
1,EV_B9_C1,1.000000,80.000000,,
1,EV_B9_C1,0.000000,80.000000,,
3,,,,,
3,,,,,
3,,,,,
3,,,,,
3,,,,,
3,,,,,
3,,,,,
3,,,,,
3,,,,,
3,,,,,
3,,,,,
3,,,,,
3,,,,,
3,,,,,
3,,,,,
3,,,,,
3,,,,,
3,,,,,
3,,,,,
3,,,,,
3,,,,,
3,,,,,
3,,,,,
3,,,,,
3,,,,,
3,,,,,
3,,,,,
3,,,,,
3,,,,,
3,,,,,
3,,,,,
3,,,,,
3,,,,,
3,,,,,
3,,,,,
3,,,,,
3,,,,,
3,,,,,
3,,,,,
3,,,,,
3,,,,,
3,,,,,
3,,,,,
3,,,,,
3,,,,,
3,,,,,
3,,,,,
3,,,,,
3,,,,,
3,,,,,
3,,,,,
3,,,,,
3,,,,,
3,,,,,
3,,,,,
3,,,,,
3,,,,,
3,,,,,
3,,,,,
3,,,,,
3,,,,,
2,EV_B9_C1,,,0.000000,37.176029
1,EV_B9_C1,9.000000,80.000000,,
1,EV_B9_C1,8.000000,80.000000,,
1,EV_B9_C1,7.000000,80.000000,,
1,EV_B9_C1,6.000000,80.000000,,
1,EV_B9_C1,5.000000,80.000000,,
1,EV_B9_C1,4.000000,80.000000,,
1,EV_B9_C1,3.000000,80.000000,,
1,EV_B9_C1,2.000000,80.000000,,
1,EV_B9_C1,1.000000,80.000000,,
1,EV_B9_C1,0.000000,80.000000,,
3,,,,,
3,,,,,
3,,,,,
3,,,,,
3,,,,,
3,,,,,
3,,,,,
3,,,,,
3,,,,,
3,,,,,
3,,,,,
3,,,,,
3,,,,,
2,EV_B9_C1,,,0.000000,35.433106
1,EV_B9_C1,9.000000,80.000000,,
1,EV_B9_C1,8.000000,80.000000,,
1,EV_B9_C1,7.000000,80.000000,,
1,EV_B9_C1,6.000000,80.000000,,
1,EV_B9_C1,5.000000,80.000000,,
1,EV_B9_C1,4.000000,80.000000,,
1,EV_B9_C1,3.000000,80.000000,,
1,EV_B9_C1,2.000000,80.000000,,
1,EV_B9_C1,1.000000,80.000000,,
1,EV_B9_C1,0.000000,80.000000,,
3,,,,,
3,,,,,
3,,,,,
3,,,,,
3,,,,,
3,,,,,
3,,,,,
3,,,,,
3,,,,,
3,,,,,
3,,,,,
3,,,,,
3,,,,,
3,,,,,
3,,,,,
3,,,,,
3,,,,,
3,,,,,
3,,,,,
3,,,,,
3,,,,,
3,,,,,
3,,,,,
3,,,,,
3,,,,,
3,,,,,
3,,,,,
3,,,,,
3,,,,,
3,,,,,
3,,,,,
3,,,,,
3,,,,,
3,,,,,
3,,,,,
2,EV_B9_C1,,,0.000000,36.468398
1,EV_B9_C1,10.000000,80.000000,,
1,EV_B9_C1,9.000000,80.000000,,
1,EV_B9_C1,8.000000,80.000000,,
1,EV_B9_C1,7.000000,80.000000,,
1,EV_B9_C1,6.000000,80.000000,,
1,EV_B9_C1,5.000000,80.000000,,
1,EV_B9_C1,4.000000,80.000000,,
1,EV_B9_C1,3.000000,80.000000,,
1,EV_B9_C1,2.000000,80.000000,,
1,EV_B9_C1,1.000000,80.000000,,
1,EV_B9_C1,0.000000,80.000000,,
3,,,,,
3,,,,,
3,,,,,
3,,,,,
3,,,,,
3,,,,,
3,,,,,
3,,,,,
3,,,,,
3,,,,,
3,,,,,
3,,,,,
3,,,,,
2,EV_B9_C1,,,0.000000,42.270263
1,EV_B9_C1,10.000000,80.000000,,
1,EV_B9_C1,9.000000,80.000000,,
1,EV_B9_C1,8.000000,80.000000,,
1,EV_B9_C1,7.000000,80.000000,,
1,EV_B9_C1,6.000000,80.000000,,
1,EV_B9_C1,5.000000,80.000000,,
1,EV_B9_C1,4.000000,80.000000,,
1,EV_B9_C1,3.000000,80.000000,,
1,EV_B9_C1,2.000000,80.000000,,
1,EV_B9_C1,1.000000,80.000000,,
1,EV_B9_C1,0.000000,80.000000,,
3,,,,,
3,,,,,
3,,,,,
3,,,,,
3,,,,,
3,,,,,
3,,,,,
3,,,,,
3,,,,,
3,,,,,
3,,,,,
3,,,,,
3,,,,,
2,EV_B9_C1,,,0.000000,25.505432
1,EV_B9_C1,8.000000,80.000000,,
1,EV_B9_C1,7.000000,80.000000,,
1,EV_B9_C1,6.000000,80.000000,,
1,EV_B9_C1,5.000000,80.000000,,
1,EV_B9_C1,4.000000,80.000000,,
1,EV_B9_C1,3.000000,80.000000,,
1,EV_B9_C1,2.000000,80.000000,,
1,EV_B9_C1,1.000000,80.000000,,
1,EV_B9_C1,0.000000,80.000000,,
3,,,,,
3,,,,,
3,,,,,
3,,,,,
3,,,,,
3,,,,,
3,,,,,
3,,,,,
3,,,,,
3,,,,,
3,,,,,
3,,,,,
3,,,,,
3,,,,,
3,,,,,
2,EV_B9_C1,,,0.000000,30.851005
1,EV_B9_C1,8.000000,80.000000,,
1,EV_B9_C1,7.000000,80.000000,,
1,EV_B9_C1,6.000000,80.000000,,
1,EV_B9_C1,5.000000,80.000000,,
1,EV_B9_C1,4.000000,80.000000,,
1,EV_B9_C1,3.000000,80.000000,,
1,EV_B9_C1,2.000000,80.000000,,
1,EV_B9_C1,1.000000,80.000000,,
1,EV_B9_C1,0.000000,80.000000,,
3,,,,,
3,,,,,
3,,,,,
3,,,,,
3,,,,,
3,,,,,
3,,,,,
3,,,,,
3,,,,,
3,,,,,
3,,,,,
3,,,,,
2,EV_B9_C1,,,0.000000,32.439531
1,EV_B9_C1,9.000000,80.000000,,
1,EV_B9_C1,8.000000,80.000000,,
1,EV_B9_C1,7.000000,80.000000,,
1,EV_B9_C1,6.000000,80.000000,,
1,EV_B9_C1,5.000000,80.000000,,
1,EV_B9_C1,4.000000,80.000000,,
1,EV_B9_C1,3.000000,80.000000,,
1,EV_B9_C1,2.000000,80.000000,,
1,EV_B9_C1,1.000000,80.000000,,
1,EV_B9_C1,0.000000,80.000000,,
3,,,,,
3,,,,,
3,,,,,
3,,,,,
3,,,,,
3,,,,,
3,,,,,
3,,,,,
3,,,,,
3,,,,,
3,,,,,
3,,,,,
3,,,,,
3,,,,,
2,EV_B9_C1,,,0.000000,38.807892
1,EV_B9_C1,8.000000,80.000000,,
1,EV_B9_C1,7.000000,80.000000,,
1,EV_B9_C1,6.000000,80.000000,,
1,EV_B9_C1,5.000000,80.000000,,
1,EV_B9_C1,4.000000,80.000000,,
1,EV_B9_C1,3.000000,80.000000,,
1,EV_B9_C1,2.000000,80.000000,,
1,EV_B9_C1,1.000000,80.000000,,
1,EV_B9_C1,0.000000,80.000000,,
3,,,,,
3,,,,,
3,,,,,
3,,,,,
3,,,,,
3,,,,,
3,,,,,
3,,,,,
3,,,,,
3,,,,,
3,,,,,
3,,,,,
3,,,,,
3,,,,,
3,,,,,
3,,,,,
3,,,,,
3,,,,,
3,,,,,
3,,,,,
3,,,,,
3,,,,,
3,,,,,
3,,,,,
3,,,,,
3,,,,,
3,,,,,
3,,,,,
3,,,,,
3,,,,,
3,,,,,
3,,,,,
3,,,,,
3,,,,,
3,,,,,
3,,,,,
3,,,,,
2,EV_B9_C1,,,0.000000,41.736979
1,EV_B9_C1,11.000000,80.000000,,
1,EV_B9_C1,10.000000,80.000000,,
1,EV_B9_C1,9.000000,80.000000,,
1,EV_B9_C1,8.000000,80.000000,,
1,EV_B9_C1,7.000000,80.000000,,
1,EV_B9_C1,6.000000,80.000000,,
1,EV_B9_C1,5.000000,80.000000,,
1,EV_B9_C1,4.000000,80.000000,,
1,EV_B9_C1,3.000000,80.000000,,
1,EV_B9_C1,2.000000,80.000000,,
1,EV_B9_C1,1.000000,80.000000,,
1,EV_B9_C1,0.000000,80.000000,,
3,,,,,
3,,,,,
3,,,,,
3,,,,,
3,,,,,
3,,,,,
3,,,,,
3,,,,,
3,,,,,
3,,,,,
3,,,,,
3,,,,,
3,,,,,
2,EV_B9_C1,,,0.000000,40.293839
1,EV_B9_C1,7.000000,80.000000,,
1,EV_B9_C1,6.000000,80.000000,,
1,EV_B9_C1,5.000000,80.000000,,
1,EV_B9_C1,4.000000,80.000000,,
1,EV_B9_C1,3.000000,80.000000,,
1,EV_B9_C1,2.000000,80.000000,,
1,EV_B9_C1,1.000000,80.000000,,
1,EV_B9_C1,0.000000,80.000000,,
3,,,,,
3,,,,,
3,,,,,
3,,,,,
3,,,,,
3,,,,,
3,,,,,
3,,,,,
3,,,,,
3,,,,,
3,,,,,
3,,,,,
3,,,,,
3,,,,,
2,EV_B9_C1,,,0.000000,42.226051
1,EV_B9_C1,9.000000,80.000000,,
1,EV_B9_C1,8.000000,80.000000,,
1,EV_B9_C1,7.000000,80.000000,,
1,EV_B9_C1,6.000000,80.000000,,
1,EV_B9_C1,5.000000,80.000000,,
1,EV_B9_C1,4.000000,80.000000,,
1,EV_B9_C1,3.000000,80.000000,,
1,EV_B9_C1,2.000000,80.000000,,
1,EV_B9_C1,1.000000,80.000000,,
1,EV_B9_C1,0.000000,80.000000,,
3,,,,,
3,,,,,
3,,,,,
3,,,,,
3,,,,,
3,,,,,
3,,,,,
3,,,,,
3,,,,,
3,,,,,
3,,,,,
3,,,,,
3,,,,,
2,EV_B9_C1,,,0.000000,41.091859
1,EV_B9_C1,8.000000,80.000000,,
1,EV_B9_C1,7.000000,80.000000,,
1,EV_B9_C1,6.000000,80.000000,,
1,EV_B9_C1,5.000000,80.000000,,
1,EV_B9_C1,4.000000,80.000000,,
1,EV_B9_C1,3.000000,80.000000,,
1,EV_B9_C1,2.000000,80.000000,,
1,EV_B9_C1,1.000000,80.000000,,
1,EV_B9_C1,0.000000,80.000000,,
3,,,,,
3,,,,,
3,,,,,
3,,,,,
3,,,,,
3,,,,,
3,,,,,
3,,,,,
3,,,,,
3,,,,,
3,,,,,
3,,,,,
3,,,,,
3,,,,,
3,,,,,
3,,,,,
3,,,,,
3,,,,,
3,,,,,
3,,,,,
3,,,,,
3,,,,,
3,,,,,
3,,,,,
3,,,,,
3,,,,,
3,,,,,
3,,,,,
3,,,,,
3,,,,,
3,,,,,
3,,,,,
3,,,,,
3,,,,,
3,,,,,
3,,,,,
3,,,,,
3,,,,,
3,,,,,
2,EV_B9_C1,,,0.000000,26.553725
1,EV_B9_C1,8.000000,80.000000,,
1,EV_B9_C1,7.000000,80.000000,,
1,EV_B9_C1,6.000000,80.000000,,
1,EV_B9_C1,5.000000,80.000000,,
1,EV_B9_C1,4.000000,80.000000,,
1,EV_B9_C1,3.000000,80.000000,,
1,EV_B9_C1,2.000000,80.000000,,
1,EV_B9_C1,1.000000,80.000000,,
1,EV_B9_C1,0.000000,80.000000,,
3,,,,,
3,,,,,
3,,,,,
3,,,,,
3,,,,,
3,,,,,
3,,,,,
3,,,,,
3,,,,,
3,,,,,
3,,,,,
3,,,,,
3,,,,,
3,,,,,
3,,,,,
3,,,,,
3,,,,,
3,,,,,
3,,,,,
3,,,,,
3,,,,,
3,,,,,
3,,,,,
3,,,,,
3,,,,,
3,,,,,
3,,,,,
3,,,,,
3,,,,,
3,,,,,
3,,,,,
3,,,,,
3,,,,,
3,,,,,
3,,,,,
3,,,,,
3,,,,,
2,EV_B9_C1,,,0.000000,33.823665
1,EV_B9_C1,9.000000,80.000000,,
1,EV_B9_C1,8.000000,80.000000,,
1,EV_B9_C1,7.000000,80.000000,,
1,EV_B9_C1,6.000000,80.000000,,
1,EV_B9_C1,5.000000,80.000000,,
1,EV_B9_C1,4.000000,80.000000,,
1,EV_B9_C1,3.000000,80.000000,,
1,EV_B9_C1,2.000000,80.000000,,
1,EV_B9_C1,1.000000,80.000000,,
1,EV_B9_C1,0.000000,80.000000,,
3,,,,,
3,,,,,
3,,,,,
3,,,,,
3,,,,,
3,,,,,
3,,,,,
3,,,,,
3,,,,,
3,,,,,
3,,,,,
3,,,,,
3,,,,,
3,,,,,
2,EV_B9_C1,,,0.000000,42.290000
1,EV_B9_C1,8.000000,80.000000,,
1,EV_B9_C1,7.000000,80.000000,,
1,EV_B9_C1,6.000000,80.000000,,
1,EV_B9_C1,5.000000,80.000000,,
1,EV_B9_C1,4.000000,80.000000,,
1,EV_B9_C1,3.000000,80.000000,,
1,EV_B9_C1,2.000000,80.000000,,
1,EV_B9_C1,1.000000,80.000000,,
1,EV_B9_C1,0.000000,80.000000,,
3,,,,,
3,,,,,
3,,,,,
3,,,,,
3,,,,,
3,,,,,
3,,,,,
3,,,,,
3,,,,,
3,,,,,
3,,,,,
2,EV_B9_C1,,,0.000000,29.439146
1,EV_B9_C1,11.000000,80.000000,,
1,EV_B9_C1,10.000000,80.000000,,
1,EV_B9_C1,9.000000,80.000000,,
1,EV_B9_C1,8.000000,80.000000,,
1,EV_B9_C1,7.000000,80.000000,,
1,EV_B9_C1,6.000000,80.000000,,
1,EV_B9_C1,5.000000,80.000000,,
1,EV_B9_C1,4.000000,80.000000,,
1,EV_B9_C1,3.000000,80.000000,,
1,EV_B9_C1,2.000000,80.000000,,
1,EV_B9_C1,1.000000,80.000000,,
1,EV_B9_C1,0.000000,80.000000,,
3,,,,,
3,,,,,
3,,,,,
3,,,,,
3,,,,,
3,,,,,
3,,,,,
3,,,,,
3,,,,,
3,,,,,
3,,,,,
2,EV_B9_C1,,,0.000000,25.028596
1,EV_B9_C1,11.000000,80.000000,,
1,EV_B9_C1,10.000000,80.000000,,
1,EV_B9_C1,9.000000,80.000000,,
1,EV_B9_C1,8.000000,80.000000,,
1,EV_B9_C1,7.000000,80.000000,,
1,EV_B9_C1,6.000000,80.000000,,
1,EV_B9_C1,5.000000,80.000000,,
1,EV_B9_C1,4.000000,80.000000,,
1,EV_B9_C1,3.000000,80.000000,,
1,EV_B9_C1,2.000000,80.000000,,
1,EV_B9_C1,1.000000,80.000000,,
1,EV_B9_C1,0.000000,80.000000,,
3,,,,,
3,,,,,
3,,,,,
3,,,,,
3,,,,,
3,,,,,
3,,,,,
3,,,,,
3,,,,,
3,,,,,
3,,,,,
3,,,,,
3,,,,,
3,,,,,
2,EV_B9_C1,,,0.000000,32.497440
1,EV_B9_C1,8.000000,80.000000,,
1,EV_B9_C1,7.000000,80.000000,,
1,EV_B9_C1,6.000000,80.000000,,
1,EV_B9_C1,5.000000,80.000000,,
1,EV_B9_C1,4.000000,80.000000,,
1,EV_B9_C1,3.000000,80.000000,,
1,EV_B9_C1,2.000000,80.000000,,
1,EV_B9_C1,1.000000,80.000000,,
1,EV_B9_C1,0.000000,80.000000,,
3,,,,,
3,,,,,
3,,,,,
3,,,,,
3,,,,,
3,,,,,
3,,,,,
3,,,,,
3,,,,,
3,,,,,
3,,,,,
3,,,,,
2,EV_B9_C1,,,0.000000,35.075214
1,EV_B9_C1,9.000000,80.000000,,
1,EV_B9_C1,8.000000,80.000000,,
1,EV_B9_C1,7.000000,80.000000,,
1,EV_B9_C1,6.000000,80.000000,,
1,EV_B9_C1,5.000000,80.000000,,
1,EV_B9_C1,4.000000,80.000000,,
1,EV_B9_C1,3.000000,80.000000,,
1,EV_B9_C1,2.000000,80.000000,,
1,EV_B9_C1,1.000000,80.000000,,
1,EV_B9_C1,0.000000,80.000000,,
3,,,,,
3,,,,,
3,,,,,
3,,,,,
3,,,,,
3,,,,,
3,,,,,
3,,,,,
3,,,,,
3,,,,,
3,,,,,
3,,,,,
3,,,,,
3,,,,,
3,,,,,
2,EV_B9_C1,,,0.000000,30.786163
1,EV_B9_C1,8.000000,80.000000,,
1,EV_B9_C1,7.000000,80.000000,,
1,EV_B9_C1,6.000000,80.000000,,
1,EV_B9_C1,5.000000,80.000000,,
1,EV_B9_C1,4.000000,80.000000,,
1,EV_B9_C1,3.000000,80.000000,,
1,EV_B9_C1,2.000000,80.000000,,
1,EV_B9_C1,1.000000,80.000000,,
1,EV_B9_C1,0.000000,80.000000,,
3,,,,,
3,,,,,
3,,,,,
3,,,,,
3,,,,,
3,,,,,
3,,,,,
3,,,,,
3,,,,,
3,,,,,
3,,,,,
3,,,,,
2,EV_B9_C1,,,0.000000,37.551914
1,EV_B9_C1,9.000000,80.000000,,
1,EV_B9_C1,8.000000,80.000000,,
1,EV_B9_C1,7.000000,80.000000,,
1,EV_B9_C1,6.000000,80.000000,,
1,EV_B9_C1,5.000000,80.000000,,
1,EV_B9_C1,4.000000,80.000000,,
1,EV_B9_C1,3.000000,80.000000,,
1,EV_B9_C1,2.000000,80.000000,,
1,EV_B9_C1,1.000000,80.000000,,
1,EV_B9_C1,0.000000,80.000000,,
3,,,,,
3,,,,,
3,,,,,
3,,,,,
3,,,,,
3,,,,,
3,,,,,
3,,,,,
3,,,,,
3,,,,,
3,,,,,
3,,,,,
3,,,,,
3,,,,,
3,,,,,
2,EV_B9_C1,,,0.000000,25.018164
1,EV_B9_C1,7.000000,80.000000,,
1,EV_B9_C1,6.000000,80.000000,,
1,EV_B9_C1,5.000000,80.000000,,
1,EV_B9_C1,4.000000,80.000000,,
1,EV_B9_C1,3.000000,80.000000,,
1,EV_B9_C1,2.000000,80.000000,,
1,EV_B9_C1,1.000000,80.000000,,
1,EV_B9_C1,0.000000,80.000000,,
3,,,,,
3,,,,,
3,,,,,
3,,,,,
3,,,,,
3,,,,,
3,,,,,
3,,,,,
3,,,,,
3,,,,,
3,,,,,
3,,,,,
3,,,,,
3,,,,,
2,EV_B9_C1,,,0.000000,37.545395
1,EV_B9_C1,8.000000,80.000000,,
1,EV_B9_C1,7.000000,80.000000,,
1,EV_B9_C1,6.000000,80.000000,,
1,EV_B9_C1,5.000000,80.000000,,
1,EV_B9_C1,4.000000,80.000000,,
1,EV_B9_C1,3.000000,80.000000,,
1,EV_B9_C1,2.000000,80.000000,,
1,EV_B9_C1,1.000000,80.000000,,
1,EV_B9_C1,0.000000,80.000000,,
3,,,,,
3,,,,,
3,,,,,
3,,,,,
3,,,,,
3,,,,,
3,,,,,
3,,,,,
3,,,,,
3,,,,,
3,,,,,
3,,,,,
3,,,,,
2,EV_B9_C1,,,0.000000,36.611931
1,EV_B9_C1,10.000000,80.000000,,
1,EV_B9_C1,9.000000,80.000000,,
1,EV_B9_C1,8.000000,80.000000,,
1,EV_B9_C1,7.000000,80.000000,,
1,EV_B9_C1,6.000000,80.000000,,
1,EV_B9_C1,5.000000,80.000000,,
1,EV_B9_C1,4.000000,80.000000,,
1,EV_B9_C1,3.000000,80.000000,,
1,EV_B9_C1,2.000000,80.000000,,
1,EV_B9_C1,1.000000,80.000000,,
1,EV_B9_C1,0.000000,80.000000,,
3,,,,,
3,,,,,
3,,,,,
3,,,,,
3,,,,,
3,,,,,
3,,,,,
3,,,,,
3,,,,,
3,,,,,
3,,,,,
3,,,,,
3,,,,,
3,,,,,
2,EV_B9_C1,,,0.000000,34.404881
1,EV_B9_C1,8.000000,80.000000,,
1,EV_B9_C1,7.000000,80.000000,,
1,EV_B9_C1,6.000000,80.000000,,
1,EV_B9_C1,5.000000,80.000000,,
1,EV_B9_C1,4.000000,80.000000,,
1,EV_B9_C1,3.000000,80.000000,,
1,EV_B9_C1,2.000000,80.000000,,
1,EV_B9_C1,1.000000,80.000000,,
1,EV_B9_C1,0.000000,80.000000,,
3,,,,,
3,,,,,
3,,,,,
3,,,,,
3,,,,,
3,,,,,
3,,,,,
3,,,,,
3,,,,,
3,,,,,
3,,,,,
3,,,,,
3,,,,,
2,EV_B9_C1,,,0.000000,41.667664
1,EV_B9_C1,9.000000,80.000000,,
1,EV_B9_C1,8.000000,80.000000,,
1,EV_B9_C1,7.000000,80.000000,,
1,EV_B9_C1,6.000000,80.000000,,
1,EV_B9_C1,5.000000,80.000000,,
1,EV_B9_C1,4.000000,80.000000,,
1,EV_B9_C1,3.000000,80.000000,,
1,EV_B9_C1,2.000000,80.000000,,
1,EV_B9_C1,1.000000,80.000000,,
1,EV_B9_C1,0.000000,80.000000,,
3,,,,,
3,,,,,
3,,,,,
3,,,,,
3,,,,,
3,,,,,
3,,,,,
3,,,,,
3,,,,,
3,,,,,
3,,,,,
3,,,,,
2,EV_B9_C1,,,0.000000,38.846976
1,EV_B9_C1,10.000000,80.000000,,
1,EV_B9_C1,9.000000,80.000000,,
1,EV_B9_C1,8.000000,80.000000,,
1,EV_B9_C1,7.000000,80.000000,,
1,EV_B9_C1,6.000000,80.000000,,
1,EV_B9_C1,5.000000,80.000000,,
1,EV_B9_C1,4.000000,80.000000,,
1,EV_B9_C1,3.000000,80.000000,,
1,EV_B9_C1,2.000000,80.000000,,
1,EV_B9_C1,1.000000,80.000000,,
1,EV_B9_C1,0.000000,80.000000,,
3,,,,,
3,,,,,
3,,,,,
3,,,,,
3,,,,,
3,,,,,
3,,,,,
3,,,,,
3,,,,,
3,,,,,
3,,,,,
3,,,,,
2,EV_B9_C1,,,0.000000,38.232561
1,EV_B9_C1,9.000000,80.000000,,
1,EV_B9_C1,8.000000,80.000000,,
1,EV_B9_C1,7.000000,80.000000,,
1,EV_B9_C1,6.000000,80.000000,,
1,EV_B9_C1,5.000000,80.000000,,
1,EV_B9_C1,4.000000,80.000000,,
1,EV_B9_C1,3.000000,80.000000,,
1,EV_B9_C1,2.000000,80.000000,,
1,EV_B9_C1,1.000000,80.000000,,
1,EV_B9_C1,0.000000,80.000000,,
3,,,,,
3,,,,,
3,,,,,
3,,,,,
3,,,,,
3,,,,,
3,,,,,
3,,,,,
3,,,,,
3,,,,,
3,,,,,
3,,,,,
3,,,,,
2,EV_B9_C1,,,0.000000,42.054508
1,EV_B9_C1,9.000000,80.000000,,
1,EV_B9_C1,8.000000,80.000000,,
1,EV_B9_C1,7.000000,80.000000,,
1,EV_B9_C1,6.000000,80.000000,,
1,EV_B9_C1,5.000000,80.000000,,
1,EV_B9_C1,4.000000,80.000000,,
1,EV_B9_C1,3.000000,80.000000,,
1,EV_B9_C1,2.000000,80.000000,,
1,EV_B9_C1,1.000000,80.000000,,
1,EV_B9_C1,0.000000,80.000000,,
3,,,,,
3,,,,,
3,,,,,
3,,,,,
3,,,,,
3,,,,,
3,,,,,
3,,,,,
3,,,,,
3,,,,,
3,,,,,
3,,,,,
3,,,,,
3,,,,,
2,EV_B9_C1,,,0.000000,41.409175
1,EV_B9_C1,8.000000,80.000000,,
1,EV_B9_C1,7.000000,80.000000,,
1,EV_B9_C1,6.000000,80.000000,,
1,EV_B9_C1,5.000000,80.000000,,
1,EV_B9_C1,4.000000,80.000000,,
1,EV_B9_C1,3.000000,80.000000,,
1,EV_B9_C1,2.000000,80.000000,,
1,EV_B9_C1,1.000000,80.000000,,
1,EV_B9_C1,0.000000,80.000000,,
3,,,,,
3,,,,,
3,,,,,
3,,,,,
3,,,,,
3,,,,,
3,,,,,
3,,,,,
3,,,,,
3,,,,,
3,,,,,
3,,,,,
3,,,,,
3,,,,,
2,EV_B9_C1,,,0.000000,43.518802
1,EV_B9_C1,9.000000,80.000000,,
1,EV_B9_C1,8.000000,80.000000,,
1,EV_B9_C1,7.000000,80.000000,,
1,EV_B9_C1,6.000000,80.000000,,
1,EV_B9_C1,5.000000,80.000000,,
1,EV_B9_C1,4.000000,80.000000,,
1,EV_B9_C1,3.000000,80.000000,,
1,EV_B9_C1,2.000000,80.000000,,
1,EV_B9_C1,1.000000,80.000000,,
1,EV_B9_C1,0.000000,80.000000,,
3,,,,,
3,,,,,
3,,,,,
3,,,,,
3,,,,,
3,,,,,
3,,,,,
3,,,,,
3,,,,,
3,,,,,
3,,,,,
3,,,,,
2,EV_B9_C1,,,0.000000,33.558317
1,EV_B9_C1,10.000000,80.000000,,
1,EV_B9_C1,9.000000,80.000000,,
1,EV_B9_C1,8.000000,80.000000,,
1,EV_B9_C1,7.000000,80.000000,,
1,EV_B9_C1,6.000000,80.000000,,
1,EV_B9_C1,5.000000,80.000000,,
1,EV_B9_C1,4.000000,80.000000,,
1,EV_B9_C1,3.000000,80.000000,,
1,EV_B9_C1,2.000000,80.000000,,
1,EV_B9_C1,1.000000,80.000000,,
1,EV_B9_C1,0.000000,80.000000,,
3,,,,,
3,,,,,
3,,,,,
3,,,,,
3,,,,,
3,,,,,
3,,,,,
3,,,,,
3,,,,,
3,,,,,
3,,,,,
3,,,,,
2,EV_B9_C1,,,0.000000,31.741301
1,EV_B9_C1,9.000000,80.000000,,
1,EV_B9_C1,8.000000,80.000000,,
1,EV_B9_C1,7.000000,80.000000,,
1,EV_B9_C1,6.000000,80.000000,,
1,EV_B9_C1,5.000000,80.000000,,
1,EV_B9_C1,4.000000,80.000000,,
1,EV_B9_C1,3.000000,80.000000,,
1,EV_B9_C1,2.000000,80.000000,,
1,EV_B9_C1,1.000000,80.000000,,
1,EV_B9_C1,0.000000,80.000000,,
3,,,,,
3,,,,,
3,,,,,
3,,,,,
3,,,,,
3,,,,,
3,,,,,
3,,,,,
3,,,,,
3,,,,,
3,,,,,
3,,,,,
3,,,,,
3,,,,,
2,EV_B9_C1,,,0.000000,41.522560
1,EV_B9_C1,7.000000,80.000000,,
1,EV_B9_C1,6.000000,80.000000,,
1,EV_B9_C1,5.000000,80.000000,,
1,EV_B9_C1,4.000000,80.000000,,
1,EV_B9_C1,3.000000,80.000000,,
1,EV_B9_C1,2.000000,80.000000,,
1,EV_B9_C1,1.000000,80.000000,,
1,EV_B9_C1,0.000000,80.000000,,
3,,,,,
3,,,,,
3,,,,,
3,,,,,
3,,,,,
3,,,,,
3,,,,,
3,,,,,
3,,,,,
3,,,,,
3,,,,,
3,,,,,
3,,,,,
3,,,,,
2,EV_B9_C1,,,0.000000,34.957775
1,EV_B9_C1,9.000000,80.000000,,
1,EV_B9_C1,8.000000,80.000000,,
1,EV_B9_C1,7.000000,80.000000,,
1,EV_B9_C1,6.000000,80.000000,,
1,EV_B9_C1,5.000000,80.000000,,
1,EV_B9_C1,4.000000,80.000000,,
1,EV_B9_C1,3.000000,80.000000,,
1,EV_B9_C1,2.000000,80.000000,,
1,EV_B9_C1,1.000000,80.000000,,
1,EV_B9_C1,0.000000,80.000000,,
3,,,,,
3,,,,,
3,,,,,
3,,,,,
3,,,,,
3,,,,,
3,,,,,
3,,,,,
3,,,,,
3,,,,,
3,,,,,
3,,,,,
3,,,,,
2,EV_B9_C1,,,0.000000,38.869797
1,EV_B9_C1,10.000000,80.000000,,
1,EV_B9_C1,9.000000,80.000000,,
1,EV_B9_C1,8.000000,80.000000,,
1,EV_B9_C1,7.000000,80.000000,,
1,EV_B9_C1,6.000000,80.000000,,
1,EV_B9_C1,5.000000,80.000000,,
1,EV_B9_C1,4.000000,80.000000,,
1,EV_B9_C1,3.000000,80.000000,,
1,EV_B9_C1,2.000000,80.000000,,
1,EV_B9_C1,1.000000,80.000000,,
1,EV_B9_C1,0.000000,80.000000,,
3,,,,,
3,,,,,
3,,,,,
3,,,,,
3,,,,,
3,,,,,
3,,,,,
3,,,,,
3,,,,,
3,,,,,
3,,,,,
3,,,,,
3,,,,,
2,EV_B9_C1,,,0.000000,29.972947
1,EV_B9_C1,8.000000,80.000000,,
1,EV_B9_C1,7.000000,80.000000,,
1,EV_B9_C1,6.000000,80.000000,,
1,EV_B9_C1,5.000000,80.000000,,
1,EV_B9_C1,4.000000,80.000000,,
1,EV_B9_C1,3.000000,80.000000,,
1,EV_B9_C1,2.000000,80.000000,,
1,EV_B9_C1,1.000000,80.000000,,
1,EV_B9_C1,0.000000,80.000000,,
3,,,,,
3,,,,,
3,,,,,
3,,,,,
3,,,,,
3,,,,,
3,,,,,
3,,,,,
3,,,,,
3,,,,,
3,,,,,
3,,,,,
3,,,,,
3,,,,,
2,EV_B9_C1,,,0.000000,33.115332
1,EV_B9_C1,9.000000,80.000000,,
1,EV_B9_C1,8.000000,80.000000,,
1,EV_B9_C1,7.000000,80.000000,,
1,EV_B9_C1,6.000000,80.000000,,
1,EV_B9_C1,5.000000,80.000000,,
1,EV_B9_C1,4.000000,80.000000,,
1,EV_B9_C1,3.000000,80.000000,,
1,EV_B9_C1,2.000000,80.000000,,
1,EV_B9_C1,1.000000,80.000000,,
1,EV_B9_C1,0.000000,80.000000,,
3,,,,,
3,,,,,
3,,,,,
3,,,,,
3,,,,,
3,,,,,
3,,,,,
3,,,,,
3,,,,,
3,,,,,
3,,,,,
3,,,,,
2,EV_B9_C1,,,0.000000,28.116569
1,EV_B9_C1,9.000000,80.000000,,
1,EV_B9_C1,8.000000,80.000000,,
1,EV_B9_C1,7.000000,80.000000,,
1,EV_B9_C1,6.000000,80.000000,,
1,EV_B9_C1,5.000000,80.000000,,
1,EV_B9_C1,4.000000,80.000000,,
1,EV_B9_C1,3.000000,80.000000,,
1,EV_B9_C1,2.000000,80.000000,,
1,EV_B9_C1,1.000000,80.000000,,
1,EV_B9_C1,0.000000,80.000000,,
3,,,,,
3,,,,,
3,,,,,
3,,,,,
3,,,,,
3,,,,,
3,,,,,
3,,,,,
3,,,,,
3,,,,,
3,,,,,
3,,,,,
3,,,,,
3,,,,,
3,,,,,
3,,,,,
3,,,,,
3,,,,,
3,,,,,
3,,,,,
3,,,,,
3,,,,,
3,,,,,
3,,,,,
3,,,,,
3,,,,,
3,,,,,
3,,,,,
3,,,,,
3,,,,,
3,,,,,
3,,,,,
3,,,,,
3,,,,,
3,,,,,
3,,,,,
2,EV_B9_C1,,,0.000000,36.813738
1,EV_B9_C1,11.000000,80.000000,,
1,EV_B9_C1,10.000000,80.000000,,
1,EV_B9_C1,9.000000,80.000000,,
1,EV_B9_C1,8.000000,80.000000,,
1,EV_B9_C1,7.000000,80.000000,,
1,EV_B9_C1,6.000000,80.000000,,
1,EV_B9_C1,5.000000,80.000000,,
1,EV_B9_C1,4.000000,80.000000,,
1,EV_B9_C1,3.000000,80.000000,,
1,EV_B9_C1,2.000000,80.000000,,
1,EV_B9_C1,1.000000,80.000000,,
1,EV_B9_C1,0.000000,80.000000,,
3,,,,,
3,,,,,
3,,,,,
3,,,,,
3,,,,,
3,,,,,
3,,,,,
3,,,,,
3,,,,,
3,,,,,
3,,,,,
3,,,,,
3,,,,,
2,EV_B9_C1,,,0.000000,29.866604
1,EV_B9_C1,9.000000,80.000000,,
1,EV_B9_C1,8.000000,80.000000,,
1,EV_B9_C1,7.000000,80.000000,,
1,EV_B9_C1,6.000000,80.000000,,
1,EV_B9_C1,5.000000,80.000000,,
1,EV_B9_C1,4.000000,80.000000,,
1,EV_B9_C1,3.000000,80.000000,,
1,EV_B9_C1,2.000000,80.000000,,
1,EV_B9_C1,1.000000,80.000000,,
1,EV_B9_C1,0.000000,80.000000,,
3,,,,,
3,,,,,
3,,,,,
3,,,,,
3,,,,,
3,,,,,
3,,,,,
3,,,,,
3,,,,,
3,,,,,
3,,,,,
3,,,,,
3,,,,,
2,EV_B9_C1,,,0.000000,34.647424
1,EV_B9_C1,8.000000,80.000000,,
1,EV_B9_C1,7.000000,80.000000,,
1,EV_B9_C1,6.000000,80.000000,,
1,EV_B9_C1,5.000000,80.000000,,
1,EV_B9_C1,4.000000,80.000000,,
1,EV_B9_C1,3.000000,80.000000,,
1,EV_B9_C1,2.000000,80.000000,,
1,EV_B9_C1,1.000000,80.000000,,
1,EV_B9_C1,0.000000,80.000000,,
3,,,,,
3,,,,,
3,,,,,
3,,,,,
3,,,,,
3,,,,,
3,,,,,
3,,,,,
3,,,,,
3,,,,,
3,,,,,
3,,,,,
3,,,,,
3,,,,,
3,,,,,
3,,,,,
2,EV_B9_C1,,,0.000000,41.759084
1,EV_B9_C1,7.000000,80.000000,,
1,EV_B9_C1,6.000000,80.000000,,
1,EV_B9_C1,5.000000,80.000000,,
1,EV_B9_C1,4.000000,80.000000,,
1,EV_B9_C1,3.000000,80.000000,,
1,EV_B9_C1,2.000000,80.000000,,
1,EV_B9_C1,1.000000,80.000000,,
1,EV_B9_C1,0.000000,80.000000,,
3,,,,,
3,,,,,
3,,,,,
3,,,,,
3,,,,,
3,,,,,
3,,,,,
3,,,,,
3,,,,,
3,,,,,
3,,,,,
3,,,,,
2,EV_B9_C1,,,0.000000,32.191638
1,EV_B9_C1,9.000000,80.000000,,
1,EV_B9_C1,8.000000,80.000000,,
1,EV_B9_C1,7.000000,80.000000,,
1,EV_B9_C1,6.000000,80.000000,,
1,EV_B9_C1,5.000000,80.000000,,
1,EV_B9_C1,4.000000,80.000000,,
1,EV_B9_C1,3.000000,80.000000,,
1,EV_B9_C1,2.000000,80.000000,,
1,EV_B9_C1,1.000000,80.000000,,
1,EV_B9_C1,0.000000,80.000000,,
3,,,,,
3,,,,,
3,,,,,
3,,,,,
3,,,,,
3,,,,,
3,,,,,
3,,,,,
3,,,,,
3,,,,,
3,,,,,
3,,,,,
3,,,,,
3,,,,,
2,EV_B9_C1,,,0.000000,31.840428
1,EV_B9_C1,8.000000,80.000000,,
1,EV_B9_C1,7.000000,80.000000,,
1,EV_B9_C1,6.000000,80.000000,,
1,EV_B9_C1,5.000000,80.000000,,
1,EV_B9_C1,4.000000,80.000000,,
1,EV_B9_C1,3.000000,80.000000,,
1,EV_B9_C1,2.000000,80.000000,,
1,EV_B9_C1,1.000000,80.000000,,
1,EV_B9_C1,0.000000,80.000000,,
3,,,,,
3,,,,,
3,,,,,
3,,,,,
3,,,,,
3,,,,,
3,,,,,
3,,,,,
3,,,,,
3,,,,,
3,,,,,
3,,,,,
3,,,,,
3,,,,,
2,EV_B9_C1,,,0.000000,33.649360
1,EV_B9_C1,8.000000,80.000000,,
1,EV_B9_C1,7.000000,80.000000,,
1,EV_B9_C1,6.000000,80.000000,,
1,EV_B9_C1,5.000000,80.000000,,
1,EV_B9_C1,4.000000,80.000000,,
1,EV_B9_C1,3.000000,80.000000,,
1,EV_B9_C1,2.000000,80.000000,,
1,EV_B9_C1,1.000000,80.000000,,
1,EV_B9_C1,0.000000,80.000000,,
3,,,,,
3,,,,,
3,,,,,
3,,,,,
3,,,,,
3,,,,,
3,,,,,
3,,,,,
3,,,,,
3,,,,,
3,,,,,
3,,,,,
3,,,,,
2,EV_B9_C1,,,0.000000,36.735173
1,EV_B9_C1,9.000000,80.000000,,
1,EV_B9_C1,8.000000,80.000000,,
1,EV_B9_C1,7.000000,80.000000,,
1,EV_B9_C1,6.000000,80.000000,,
1,EV_B9_C1,5.000000,80.000000,,
1,EV_B9_C1,4.000000,80.000000,,
1,EV_B9_C1,3.000000,80.000000,,
1,EV_B9_C1,2.000000,80.000000,,
1,EV_B9_C1,1.000000,80.000000,,
1,EV_B9_C1,0.000000,80.000000,,
3,,,,,
3,,,,,
3,,,,,
3,,,,,
3,,,,,
3,,,,,
3,,,,,
3,,,,,
3,,,,,
3,,,,,
3,,,,,
3,,,,,
3,,,,,
3,,,,,
2,EV_B9_C1,,,0.000000,28.567383
1,EV_B9_C1,8.000000,80.000000,,
1,EV_B9_C1,7.000000,80.000000,,
1,EV_B9_C1,6.000000,80.000000,,
1,EV_B9_C1,5.000000,80.000000,,
1,EV_B9_C1,4.000000,80.000000,,
1,EV_B9_C1,3.000000,80.000000,,
1,EV_B9_C1,2.000000,80.000000,,
1,EV_B9_C1,1.000000,80.000000,,
1,EV_B9_C1,0.000000,80.000000,,
3,,,,,
3,,,,,
3,,,,,
3,,,,,
3,,,,,
3,,,,,
3,,,,,
3,,,,,
3,,,,,
3,,,,,
3,,,,,
3,,,,,
3,,,,,
3,,,,,
2,EV_B9_C1,,,0.000000,31.505375
1,EV_B9_C1,9.000000,80.000000,,
1,EV_B9_C1,8.000000,80.000000,,
1,EV_B9_C1,7.000000,80.000000,,
1,EV_B9_C1,6.000000,80.000000,,
1,EV_B9_C1,5.000000,80.000000,,
1,EV_B9_C1,4.000000,80.000000,,
1,EV_B9_C1,3.000000,80.000000,,
1,EV_B9_C1,2.000000,80.000000,,
1,EV_B9_C1,1.000000,80.000000,,
1,EV_B9_C1,0.000000,80.000000,,
3,,,,,
3,,,,,
3,,,,,
3,,,,,
3,,,,,
3,,,,,
3,,,,,
3,,,,,
3,,,,,
3,,,,,
3,,,,,
3,,,,,
2,EV_B9_C1,,,0.000000,33.185679
1,EV_B9_C1,10.000000,80.000000,,
1,EV_B9_C1,9.000000,80.000000,,
1,EV_B9_C1,8.000000,80.000000,,
1,EV_B9_C1,7.000000,80.000000,,
1,EV_B9_C1,6.000000,80.000000,,
1,EV_B9_C1,5.000000,80.000000,,
1,EV_B9_C1,4.000000,80.000000,,
1,EV_B9_C1,3.000000,80.000000,,
1,EV_B9_C1,2.000000,80.000000,,
1,EV_B9_C1,1.000000,80.000000,,
1,EV_B9_C1,0.000000,80.000000,,
3,,,,,
3,,,,,
3,,,,,
3,,,,,
3,,,,,
3,,,,,
3,,,,,
3,,,,,
3,,,,,
3,,,,,
3,,,,,
3,,,,,
3,,,,,
3,,,,,
3,,,,,
3,,,,,
3,,,,,
3,,,,,
3,,,,,
3,,,,,
3,,,,,
3,,,,,
3,,,,,
3,,,,,
3,,,,,
3,,,,,
3,,,,,
3,,,,,
3,,,,,
3,,,,,
3,,,,,
3,,,,,
3,,,,,
3,,,,,
3,,,,,
3,,,,,
3,,,,,
2,EV_B9_C1,,,0.000000,35.822431
1,EV_B9_C1,9.000000,80.000000,,
1,EV_B9_C1,8.000000,80.000000,,
1,EV_B9_C1,7.000000,80.000000,,
1,EV_B9_C1,6.000000,80.000000,,
1,EV_B9_C1,5.000000,80.000000,,
1,EV_B9_C1,4.000000,80.000000,,
1,EV_B9_C1,3.000000,80.000000,,
1,EV_B9_C1,2.000000,80.000000,,
1,EV_B9_C1,1.000000,80.000000,,
1,EV_B9_C1,0.000000,80.000000,,
3,,,,,
3,,,,,
3,,,,,
3,,,,,
3,,,,,
3,,,,,
3,,,,,
3,,,,,
3,,,,,
3,,,,,
3,,,,,
3,,,,,
2,EV_B9_C1,,,0.000000,35.517256
1,EV_B9_C1,9.000000,80.000000,,
1,EV_B9_C1,8.000000,80.000000,,
1,EV_B9_C1,7.000000,80.000000,,
1,EV_B9_C1,6.000000,80.000000,,
1,EV_B9_C1,5.000000,80.000000,,
1,EV_B9_C1,4.000000,80.000000,,
1,EV_B9_C1,3.000000,80.000000,,
1,EV_B9_C1,2.000000,80.000000,,
1,EV_B9_C1,1.000000,80.000000,,
1,EV_B9_C1,0.000000,80.000000,,
3,,,,,
3,,,,,
3,,,,,
3,,,,,
3,,,,,
3,,,,,
3,,,,,
3,,,,,
3,,,,,
3,,,,,
3,,,,,
2,EV_B9_C1,,,0.000000,31.660761
1,EV_B9_C1,12.000000,80.000000,,
1,EV_B9_C1,11.000000,80.000000,,
1,EV_B9_C1,10.000000,80.000000,,
1,EV_B9_C1,9.000000,80.000000,,
1,EV_B9_C1,8.000000,80.000000,,
1,EV_B9_C1,7.000000,80.000000,,
1,EV_B9_C1,6.000000,80.000000,,
1,EV_B9_C1,5.000000,80.000000,,
1,EV_B9_C1,4.000000,80.000000,,
1,EV_B9_C1,3.000000,80.000000,,
1,EV_B9_C1,2.000000,80.000000,,
1,EV_B9_C1,1.000000,80.000000,,
1,EV_B9_C1,0.000000,80.000000,,
3,,,,,
3,,,,,
3,,,,,
3,,,,,
3,,,,,
3,,,,,
3,,,,,
3,,,,,
3,,,,,
3,,,,,
3,,,,,
3,,,,,
2,EV_B9_C1,,,0.000000,25.801662
1,EV_B9_C1,10.000000,80.000000,,
1,EV_B9_C1,9.000000,80.000000,,
1,EV_B9_C1,8.000000,80.000000,,
1,EV_B9_C1,7.000000,80.000000,,
1,EV_B9_C1,6.000000,80.000000,,
1,EV_B9_C1,5.000000,80.000000,,
1,EV_B9_C1,4.000000,80.000000,,
1,EV_B9_C1,3.000000,80.000000,,
1,EV_B9_C1,2.000000,80.000000,,
1,EV_B9_C1,1.000000,80.000000,,
1,EV_B9_C1,0.000000,80.000000,,
3,,,,,
3,,,,,
3,,,,,
3,,,,,
3,,,,,
3,,,,,
3,,,,,
3,,,,,
3,,,,,
3,,,,,
3,,,,,
3,,,,,
3,,,,,
3,,,,,
2,EV_B9_C1,,,0.000000,41.258931
1,EV_B9_C1,7.000000,80.000000,,
1,EV_B9_C1,6.000000,80.000000,,
1,EV_B9_C1,5.000000,80.000000,,
1,EV_B9_C1,4.000000,80.000000,,
1,EV_B9_C1,3.000000,80.000000,,
1,EV_B9_C1,2.000000,80.000000,,
1,EV_B9_C1,1.000000,80.000000,,
1,EV_B9_C1,0.000000,80.000000,,
3,,,,,
3,,,,,
3,,,,,
3,,,,,
3,,,,,
3,,,,,
3,,,,,
3,,,,,
3,,,,,
3,,,,,
3,,,,,
3,,,,,
3,,,,,
3,,,,,
2,EV_B9_C1,,,0.000000,27.639188
1,EV_B9_C1,8.000000,80.000000,,
1,EV_B9_C1,7.000000,80.000000,,
1,EV_B9_C1,6.000000,80.000000,,
1,EV_B9_C1,5.000000,80.000000,,
1,EV_B9_C1,4.000000,80.000000,,
1,EV_B9_C1,3.000000,80.000000,,
1,EV_B9_C1,2.000000,80.000000,,
1,EV_B9_C1,1.000000,80.000000,,
1,EV_B9_C1,0.000000,80.000000,,
3,,,,,
3,,,,,
3,,,,,
3,,,,,
3,,,,,
3,,,,,
3,,,,,
3,,,,,
3,,,,,
3,,,,,
3,,,,,
3,,,,,
3,,,,,
2,EV_B9_C1,,,0.000000,34.909120
1,EV_B9_C1,9.000000,80.000000,,
1,EV_B9_C1,8.000000,80.000000,,
1,EV_B9_C1,7.000000,80.000000,,
1,EV_B9_C1,6.000000,80.000000,,
1,EV_B9_C1,5.000000,80.000000,,
1,EV_B9_C1,4.000000,80.000000,,
1,EV_B9_C1,3.000000,80.000000,,
1,EV_B9_C1,2.000000,80.000000,,
1,EV_B9_C1,1.000000,80.000000,,
1,EV_B9_C1,0.000000,80.000000,,
3,,,,,
3,,,,,
3,,,,,
3,,,,,
3,,,,,
3,,,,,
3,,,,,
3,,,,,
3,,,,,
3,,,,,
3,,,,,
3,,,,,
2,EV_B9_C1,,,0.000000,33.664716
1,EV_B9_C1,11.000000,80.000000,,
1,EV_B9_C1,10.000000,80.000000,,
1,EV_B9_C1,9.000000,80.000000,,
1,EV_B9_C1,8.000000,80.000000,,
1,EV_B9_C1,7.000000,80.000000,,
1,EV_B9_C1,6.000000,80.000000,,
1,EV_B9_C1,5.000000,80.000000,,
1,EV_B9_C1,4.000000,80.000000,,
1,EV_B9_C1,3.000000,80.000000,,
1,EV_B9_C1,2.000000,80.000000,,
1,EV_B9_C1,1.000000,80.000000,,
1,EV_B9_C1,0.000000,80.000000,,
3,,,,,
3,,,,,
3,,,,,
3,,,,,
3,,,,,
3,,,,,
3,,,,,
3,,,,,
3,,,,,
3,,,,,
2,EV_B9_C1,,,0.000000,32.539550
1,EV_B9_C1,11.000000,80.000000,,
1,EV_B9_C1,10.000000,80.000000,,
1,EV_B9_C1,9.000000,80.000000,,
1,EV_B9_C1,8.000000,80.000000,,
1,EV_B9_C1,7.000000,80.000000,,
1,EV_B9_C1,6.000000,80.000000,,
1,EV_B9_C1,5.000000,80.000000,,
1,EV_B9_C1,4.000000,80.000000,,
1,EV_B9_C1,3.000000,80.000000,,
1,EV_B9_C1,2.000000,80.000000,,
1,EV_B9_C1,1.000000,80.000000,,
1,EV_B9_C1,0.000000,80.000000,,
3,,,,,
3,,,,,
3,,,,,
3,,,,,
3,,,,,
3,,,,,
3,,,,,
3,,,,,
3,,,,,
3,,,,,
3,,,,,
3,,,,,
3,,,,,
2,EV_B9_C1,,,0.000000,33.955881
1,EV_B9_C1,10.000000,80.000000,,
1,EV_B9_C1,9.000000,80.000000,,
1,EV_B9_C1,8.000000,80.000000,,
1,EV_B9_C1,7.000000,80.000000,,
1,EV_B9_C1,6.000000,80.000000,,
1,EV_B9_C1,5.000000,80.000000,,
1,EV_B9_C1,4.000000,80.000000,,
1,EV_B9_C1,3.000000,80.000000,,
1,EV_B9_C1,2.000000,80.000000,,
1,EV_B9_C1,1.000000,80.000000,,
1,EV_B9_C1,0.000000,80.000000,,
3,,,,,
3,,,,,
3,,,,,
3,,,,,
3,,,,,
3,,,,,
3,,,,,
3,,,,,
3,,,,,
3,,,,,
3,,,,,
3,,,,,
3,,,,,
2,EV_B9_C1,,,0.000000,34.135871
1,EV_B9_C1,8.000000,80.000000,,
1,EV_B9_C1,7.000000,80.000000,,
1,EV_B9_C1,6.000000,80.000000,,
1,EV_B9_C1,5.000000,80.000000,,
1,EV_B9_C1,4.000000,80.000000,,
1,EV_B9_C1,3.000000,80.000000,,
1,EV_B9_C1,2.000000,80.000000,,
1,EV_B9_C1,1.000000,80.000000,,
1,EV_B9_C1,0.000000,80.000000,,
3,,,,,
3,,,,,
3,,,,,
3,,,,,
3,,,,,
3,,,,,
3,,,,,
3,,,,,
3,,,,,
3,,,,,
3,,,,,
3,,,,,
2,EV_B9_C1,,,0.000000,26.391130
1,EV_B9_C1,11.000000,80.000000,,
1,EV_B9_C1,10.000000,80.000000,,
1,EV_B9_C1,9.000000,80.000000,,
1,EV_B9_C1,8.000000,80.000000,,
1,EV_B9_C1,7.000000,80.000000,,
1,EV_B9_C1,6.000000,80.000000,,
1,EV_B9_C1,5.000000,80.000000,,
1,EV_B9_C1,4.000000,80.000000,,
1,EV_B9_C1,3.000000,80.000000,,
1,EV_B9_C1,2.000000,80.000000,,
1,EV_B9_C1,1.000000,80.000000,,
1,EV_B9_C1,0.000000,80.000000,,
3,,,,,
3,,,,,
3,,,,,
3,,,,,
3,,,,,
3,,,,,
3,,,,,
3,,,,,
3,,,,,
3,,,,,
3,,,,,
3,,,,,
3,,,,,
2,EV_B9_C1,,,0.000000,41.952696
1,EV_B9_C1,9.000000,80.000000,,
1,EV_B9_C1,8.000000,80.000000,,
1,EV_B9_C1,7.000000,80.000000,,
1,EV_B9_C1,6.000000,80.000000,,
1,EV_B9_C1,5.000000,80.000000,,
1,EV_B9_C1,4.000000,80.000000,,
1,EV_B9_C1,3.000000,80.000000,,
1,EV_B9_C1,2.000000,80.000000,,
1,EV_B9_C1,1.000000,80.000000,,
1,EV_B9_C1,0.000000,80.000000,,
3,,,,,
3,,,,,
3,,,,,
3,,,,,
3,,,,,
3,,,,,
3,,,,,
3,,,,,
3,,,,,
3,,,,,
3,,,,,
3,,,,,
3,,,,,
2,EV_B9_C1,,,0.000000,42.842899
1,EV_B9_C1,9.000000,80.000000,,
1,EV_B9_C1,8.000000,80.000000,,
1,EV_B9_C1,7.000000,80.000000,,
1,EV_B9_C1,6.000000,80.000000,,
1,EV_B9_C1,5.000000,80.000000,,
1,EV_B9_C1,4.000000,80.000000,,
1,EV_B9_C1,3.000000,80.000000,,
1,EV_B9_C1,2.000000,80.000000,,
1,EV_B9_C1,1.000000,80.000000,,
1,EV_B9_C1,0.000000,80.000000,,
3,,,,,
3,,,,,
3,,,,,
3,,,,,
3,,,,,
3,,,,,
3,,,,,
3,,,,,
3,,,,,
3,,,,,
3,,,,,
3,,,,,
3,,,,,
3,,,,,
2,EV_B9_C1,,,0.000000,28.674730
1,EV_B9_C1,7.000000,80.000000,,
1,EV_B9_C1,6.000000,80.000000,,
1,EV_B9_C1,5.000000,80.000000,,
1,EV_B9_C1,4.000000,80.000000,,
1,EV_B9_C1,3.000000,80.000000,,
1,EV_B9_C1,2.000000,80.000000,,
1,EV_B9_C1,1.000000,80.000000,,
1,EV_B9_C1,0.000000,80.000000,,
3,,,,,
3,,,,,
3,,,,,
3,,,,,
3,,,,,
3,,,,,
3,,,,,
3,,,,,
3,,,,,
3,,,,,
3,,,,,
3,,,,,
3,,,,,
2,EV_B9_C1,,,0.000000,34.556041
1,EV_B9_C1,9.000000,80.000000,,
1,EV_B9_C1,8.000000,80.000000,,
1,EV_B9_C1,7.000000,80.000000,,
1,EV_B9_C1,6.000000,80.000000,,
1,EV_B9_C1,5.000000,80.000000,,
1,EV_B9_C1,4.000000,80.000000,,
1,EV_B9_C1,3.000000,80.000000,,
1,EV_B9_C1,2.000000,80.000000,,
1,EV_B9_C1,1.000000,80.000000,,
1,EV_B9_C1,0.000000,80.000000,,
3,,,,,
3,,,,,
3,,,,,
3,,,,,
3,,,,,
3,,,,,
3,,,,,
3,,,,,
3,,,,,
3,,,,,
3,,,,,
3,,,,,
3,,,,,
3,,,,,
3,,,,,
2,EV_B9_C1,,,0.000000,42.837872
1,EV_B9_C1,8.000000,80.000000,,
1,EV_B9_C1,7.000000,80.000000,,
1,EV_B9_C1,6.000000,80.000000,,
1,EV_B9_C1,5.000000,80.000000,,
1,EV_B9_C1,4.000000,80.000000,,
1,EV_B9_C1,3.000000,80.000000,,
1,EV_B9_C1,2.000000,80.000000,,
1,EV_B9_C1,1.000000,80.000000,,
1,EV_B9_C1,0.000000,80.000000,,
3,,,,,
3,,,,,
3,,,,,
3,,,,,
3,,,,,
3,,,,,
3,,,,,
3,,,,,
3,,,,,
3,,,,,
3,,,,,
2,EV_B9_C1,,,0.000000,29.077650
1,EV_B9_C1,10.000000,80.000000,,
1,EV_B9_C1,9.000000,80.000000,,
1,EV_B9_C1,8.000000,80.000000,,
1,EV_B9_C1,7.000000,80.000000,,
1,EV_B9_C1,6.000000,80.000000,,
1,EV_B9_C1,5.000000,80.000000,,
1,EV_B9_C1,4.000000,80.000000,,
1,EV_B9_C1,3.000000,80.000000,,
1,EV_B9_C1,2.000000,80.000000,,
1,EV_B9_C1,1.000000,80.000000,,
1,EV_B9_C1,0.000000,80.000000,,
3,,,,,
3,,,,,
3,,,,,
3,,,,,
3,,,,,
3,,,,,
3,,,,,
3,,,,,
3,,,,,
3,,,,,
3,,,,,
3,,,,,
3,,,,,
3,,,,,
2,EV_B9_C1,,,0.000000,35.149822
1,EV_B9_C1,9.000000,80.000000,,
1,EV_B9_C1,8.000000,80.000000,,
1,EV_B9_C1,7.000000,80.000000,,
1,EV_B9_C1,6.000000,80.000000,,
1,EV_B9_C1,5.000000,80.000000,,
1,EV_B9_C1,4.000000,80.000000,,
1,EV_B9_C1,3.000000,80.000000,,
1,EV_B9_C1,2.000000,80.000000,,
1,EV_B9_C1,1.000000,80.000000,,
1,EV_B9_C1,0.000000,80.000000,,
3,,,,,
3,,,,,
3,,,,,
3,,,,,
3,,,,,
3,,,,,
3,,,,,
3,,,,,
3,,,,,
3,,,,,
3,,,,,
3,,,,,
3,,,,,
3,,,,,
2,EV_B9_C1,,,0.000000,43.645439
1,EV_B9_C1,7.000000,80.000000,,
1,EV_B9_C1,6.000000,80.000000,,
1,EV_B9_C1,5.000000,80.000000,,
1,EV_B9_C1,4.000000,80.000000,,
1,EV_B9_C1,3.000000,80.000000,,
1,EV_B9_C1,2.000000,80.000000,,
1,EV_B9_C1,1.000000,80.000000,,
1,EV_B9_C1,0.000000,80.000000,,
3,,,,,
3,,,,,
3,,,,,
3,,,,,
3,,,,,
3,,,,,
3,,,,,
3,,,,,
3,,,,,
3,,,,,
3,,,,,
3,,,,,
3,,,,,
3,,,,,
2,EV_B9_C1,,,0.000000,43.160557
1,EV_B9_C1,9.000000,80.000000,,
1,EV_B9_C1,8.000000,80.000000,,
1,EV_B9_C1,7.000000,80.000000,,
1,EV_B9_C1,6.000000,80.000000,,
1,EV_B9_C1,5.000000,80.000000,,
1,EV_B9_C1,4.000000,80.000000,,
1,EV_B9_C1,3.000000,80.000000,,
1,EV_B9_C1,2.000000,80.000000,,
1,EV_B9_C1,1.000000,80.000000,,
1,EV_B9_C1,0.000000,80.000000,,
3,,,,,
3,,,,,
3,,,,,
3,,,,,
3,,,,,
3,,,,,
3,,,,,
3,,,,,
3,,,,,
3,,,,,
3,,,,,
3,,,,,
3,,,,,
2,EV_B9_C1,,,0.000000,30.861649
1,EV_B9_C1,8.000000,80.000000,,
1,EV_B9_C1,7.000000,80.000000,,
1,EV_B9_C1,6.000000,80.000000,,
1,EV_B9_C1,5.000000,80.000000,,
1,EV_B9_C1,4.000000,80.000000,,
1,EV_B9_C1,3.000000,80.000000,,
1,EV_B9_C1,2.000000,80.000000,,
1,EV_B9_C1,1.000000,80.000000,,
1,EV_B9_C1,0.000000,80.000000,,
3,,,,,
3,,,,,
3,,,,,
3,,,,,
3,,,,,
3,,,,,
3,,,,,
3,,,,,
3,,,,,
3,,,,,
3,,,,,
3,,,,,
3,,,,,
2,EV_B9_C1,,,0.000000,33.444836
1,EV_B9_C1,9.000000,80.000000,,
1,EV_B9_C1,8.000000,80.000000,,
1,EV_B9_C1,7.000000,80.000000,,
1,EV_B9_C1,6.000000,80.000000,,
1,EV_B9_C1,5.000000,80.000000,,
1,EV_B9_C1,4.000000,80.000000,,
1,EV_B9_C1,3.000000,80.000000,,
1,EV_B9_C1,2.000000,80.000000,,
1,EV_B9_C1,1.000000,80.000000,,
1,EV_B9_C1,0.000000,80.000000,,
3,,,,,
3,,,,,
3,,,,,
3,,,,,
3,,,,,
3,,,,,
3,,,,,
3,,,,,
3,,,,,
3,,,,,
3,,,,,
3,,,,,
3,,,,,
3,,,,,
2,EV_B9_C1,,,0.000000,37.015370
1,EV_B9_C1,8.000000,80.000000,,
1,EV_B9_C1,7.000000,80.000000,,
1,EV_B9_C1,6.000000,80.000000,,
1,EV_B9_C1,5.000000,80.000000,,
1,EV_B9_C1,4.000000,80.000000,,
1,EV_B9_C1,3.000000,80.000000,,
1,EV_B9_C1,2.000000,80.000000,,
1,EV_B9_C1,1.000000,80.000000,,
1,EV_B9_C1,0.000000,80.000000,,
3,,,,,
3,,,,,
3,,,,,
3,,,,,
3,,,,,
3,,,,,
3,,,,,
3,,,,,
3,,,,,
3,,,,,
3,,,,,
3,,,,,
3,,,,,
2,EV_B9_C1,,,0.000000,31.680750
1,EV_B9_C1,10.000000,80.000000,,
1,EV_B9_C1,9.000000,80.000000,,
1,EV_B9_C1,8.000000,80.000000,,
1,EV_B9_C1,7.000000,80.000000,,
1,EV_B9_C1,6.000000,80.000000,,
1,EV_B9_C1,5.000000,80.000000,,
1,EV_B9_C1,4.000000,80.000000,,
1,EV_B9_C1,3.000000,80.000000,,
1,EV_B9_C1,2.000000,80.000000,,
1,EV_B9_C1,1.000000,80.000000,,
1,EV_B9_C1,0.000000,80.000000,,
3,,,,,
3,,,,,
3,,,,,
3,,,,,
3,,,,,
3,,,,,
3,,,,,
3,,,,,
3,,,,,
3,,,,,
3,,,,,
3,,,,,
3,,,,,
3,,,,,
3,,,,,
3,,,,,
3,,,,,
3,,,,,
3,,,,,
3,,,,,
3,,,,,
3,,,,,
3,,,,,
3,,,,,
3,,,,,
3,,,,,
3,,,,,
3,,,,,
3,,,,,
3,,,,,
3,,,,,
3,,,,,
3,,,,,
3,,,,,
3,,,,,
3,,,,,
3,,,,,
2,EV_B9_C1,,,0.000000,37.137514
1,EV_B9_C1,9.000000,80.000000,,
1,EV_B9_C1,8.000000,80.000000,,
1,EV_B9_C1,7.000000,80.000000,,
1,EV_B9_C1,6.000000,80.000000,,
1,EV_B9_C1,5.000000,80.000000,,
1,EV_B9_C1,4.000000,80.000000,,
1,EV_B9_C1,3.000000,80.000000,,
1,EV_B9_C1,2.000000,80.000000,,
1,EV_B9_C1,1.000000,80.000000,,
1,EV_B9_C1,0.000000,80.000000,,
3,,,,,
3,,,,,
3,,,,,
3,,,,,
3,,,,,
3,,,,,
3,,,,,
3,,,,,
3,,,,,
3,,,,,
3,,,,,
3,,,,,
3,,,,,
3,,,,,
3,,,,,
3,,,,,
3,,,,,
3,,,,,
3,,,,,
3,,,,,
3,,,,,
3,,,,,
3,,,,,
3,,,,,
3,,,,,
3,,,,,
3,,,,,
3,,,,,
3,,,,,
3,,,,,
3,,,,,
3,,,,,
3,,,,,
3,,,,,
3,,,,,
3,,,,,
3,,,,,
2,EV_B9_C1,,,0.000000,35.509370
1,EV_B9_C1,8.000000,80.000000,,
1,EV_B9_C1,7.000000,80.000000,,
1,EV_B9_C1,6.000000,80.000000,,
1,EV_B9_C1,5.000000,80.000000,,
1,EV_B9_C1,4.000000,80.000000,,
1,EV_B9_C1,3.000000,80.000000,,
1,EV_B9_C1,2.000000,80.000000,,
1,EV_B9_C1,1.000000,80.000000,,
1,EV_B9_C1,0.000000,80.000000,,
3,,,,,
3,,,,,
3,,,,,
3,,,,,
3,,,,,
3,,,,,
3,,,,,
3,,,,,
3,,,,,
3,,,,,
3,,,,,
3,,,,,
3,,,,,
2,EV_B9_C1,,,0.000000,40.609085
1,EV_B9_C1,9.000000,80.000000,,
1,EV_B9_C1,8.000000,80.000000,,
1,EV_B9_C1,7.000000,80.000000,,
1,EV_B9_C1,6.000000,80.000000,,
1,EV_B9_C1,5.000000,80.000000,,
1,EV_B9_C1,4.000000,80.000000,,
1,EV_B9_C1,3.000000,80.000000,,
1,EV_B9_C1,2.000000,80.000000,,
1,EV_B9_C1,1.000000,80.000000,,
1,EV_B9_C1,0.000000,80.000000,,
3,,,,,
3,,,,,
3,,,,,
3,,,,,
3,,,,,
3,,,,,
3,,,,,
3,,,,,
3,,,,,
3,,,,,
3,,,,,
3,,,,,
3,,,,,
2,EV_B9_C1,,,0.000000,38.582224
1,EV_B9_C1,10.000000,80.000000,,
1,EV_B9_C1,9.000000,80.000000,,
1,EV_B9_C1,8.000000,80.000000,,
1,EV_B9_C1,7.000000,80.000000,,
1,EV_B9_C1,6.000000,80.000000,,
1,EV_B9_C1,5.000000,80.000000,,
1,EV_B9_C1,4.000000,80.000000,,
1,EV_B9_C1,3.000000,80.000000,,
1,EV_B9_C1,2.000000,80.000000,,
1,EV_B9_C1,1.000000,80.000000,,
1,EV_B9_C1,0.000000,80.000000,,
3,,,,,
3,,,,,
3,,,,,
3,,,,,
3,,,,,
3,,,,,
3,,,,,
3,,,,,
3,,,,,
3,,,,,
3,,,,,
2,EV_B9_C1,,,0.000000,30.540362
1,EV_B9_C1,10.000000,80.000000,,
1,EV_B9_C1,9.000000,80.000000,,
1,EV_B9_C1,8.000000,80.000000,,
1,EV_B9_C1,7.000000,80.000000,,
1,EV_B9_C1,6.000000,80.000000,,
1,EV_B9_C1,5.000000,80.000000,,
1,EV_B9_C1,4.000000,80.000000,,
1,EV_B9_C1,3.000000,80.000000,,
1,EV_B9_C1,2.000000,80.000000,,
1,EV_B9_C1,1.000000,80.000000,,
1,EV_B9_C1,0.000000,80.000000,,
3,,,,,
3,,,,,
3,,,,,
3,,,,,
3,,,,,
3,,,,,
3,,,,,
3,,,,,
3,,,,,
3,,,,,
3,,,,,
3,,,,,
3,,,,,
2,EV_B9_C1,,,0.000000,40.194954
1,EV_B9_C1,10.000000,80.000000,,
1,EV_B9_C1,9.000000,80.000000,,
1,EV_B9_C1,8.000000,80.000000,,
1,EV_B9_C1,7.000000,80.000000,,
1,EV_B9_C1,6.000000,80.000000,,
1,EV_B9_C1,5.000000,80.000000,,
1,EV_B9_C1,4.000000,80.000000,,
1,EV_B9_C1,3.000000,80.000000,,
1,EV_B9_C1,2.000000,80.000000,,
1,EV_B9_C1,1.000000,80.000000,,
1,EV_B9_C1,0.000000,80.000000,,
3,,,,,
3,,,,,
3,,,,,
3,,,,,
3,,,,,
3,,,,,
3,,,,,
3,,,,,
3,,,,,
3,,,,,
3,,,,,
3,,,,,
3,,,,,
3,,,,,
3,,,,,
3,,,,,
3,,,,,
3,,,,,
3,,,,,
3,,,,,
3,,,,,
3,,,,,
3,,,,,
3,,,,,
3,,,,,
3,,,,,
3,,,,,
3,,,,,
3,,,,,
3,,,,,
3,,,,,
3,,,,,
3,,,,,
3,,,,,
3,,,,,
3,,,,,
3,,,,,
2,EV_B9_C1,,,0.000000,26.474539
1,EV_B9_C1,8.000000,80.000000,,
1,EV_B9_C1,7.000000,80.000000,,
1,EV_B9_C1,6.000000,80.000000,,
1,EV_B9_C1,5.000000,80.000000,,
1,EV_B9_C1,4.000000,80.000000,,
1,EV_B9_C1,3.000000,80.000000,,
1,EV_B9_C1,2.000000,80.000000,,
1,EV_B9_C1,1.000000,80.000000,,
1,EV_B9_C1,0.000000,80.000000,,
3,,,,,
3,,,,,
3,,,,,
3,,,,,
3,,,,,
3,,,,,
3,,,,,
3,,,,,
3,,,,,
3,,,,,
3,,,,,
3,,,,,
3,,,,,
3,,,,,
3,,,,,
2,EV_B9_C1,,,0.000000,29.581368
1,EV_B9_C1,7.000000,80.000000,,
1,EV_B9_C1,6.000000,80.000000,,
1,EV_B9_C1,5.000000,80.000000,,
1,EV_B9_C1,4.000000,80.000000,,
1,EV_B9_C1,3.000000,80.000000,,
1,EV_B9_C1,2.000000,80.000000,,
1,EV_B9_C1,1.000000,80.000000,,
1,EV_B9_C1,0.000000,80.000000,,
3,,,,,
3,,,,,
3,,,,,
3,,,,,
3,,,,,
3,,,,,
3,,,,,
3,,,,,
3,,,,,
3,,,,,
3,,,,,
3,,,,,
3,,,,,
3,,,,,
2,EV_B9_C1,,,0.000000,29.784800
1,EV_B9_C1,8.000000,80.000000,,
1,EV_B9_C1,7.000000,80.000000,,
1,EV_B9_C1,6.000000,80.000000,,
1,EV_B9_C1,5.000000,80.000000,,
1,EV_B9_C1,4.000000,80.000000,,
1,EV_B9_C1,3.000000,80.000000,,
1,EV_B9_C1,2.000000,80.000000,,
1,EV_B9_C1,1.000000,80.000000,,
1,EV_B9_C1,0.000000,80.000000,,
3,,,,,
3,,,,,
3,,,,,
3,,,,,
3,,,,,
3,,,,,
3,,,,,
3,,,,,
3,,,,,
3,,,,,
3,,,,,
2,EV_B9_C1,,,0.000000,31.076183
1,EV_B9_C1,11.000000,80.000000,,
1,EV_B9_C1,10.000000,80.000000,,
1,EV_B9_C1,9.000000,80.000000,,
1,EV_B9_C1,8.000000,80.000000,,
1,EV_B9_C1,7.000000,80.000000,,
1,EV_B9_C1,6.000000,80.000000,,
1,EV_B9_C1,5.000000,80.000000,,
1,EV_B9_C1,4.000000,80.000000,,
1,EV_B9_C1,3.000000,80.000000,,
1,EV_B9_C1,2.000000,80.000000,,
1,EV_B9_C1,1.000000,80.000000,,
1,EV_B9_C1,0.000000,80.000000,,
3,,,,,
3,,,,,
3,,,,,
3,,,,,
3,,,,,
3,,,,,
3,,,,,
3,,,,,
3,,,,,
3,,,,,
3,,,,,
3,,,,,
3,,,,,
2,EV_B9_C1,,,0.000000,32.452420
1,EV_B9_C1,9.000000,80.000000,,
1,EV_B9_C1,8.000000,80.000000,,
1,EV_B9_C1,7.000000,80.000000,,
1,EV_B9_C1,6.000000,80.000000,,
1,EV_B9_C1,5.000000,80.000000,,
1,EV_B9_C1,4.000000,80.000000,,
1,EV_B9_C1,3.000000,80.000000,,
1,EV_B9_C1,2.000000,80.000000,,
1,EV_B9_C1,1.000000,80.000000,,
1,EV_B9_C1,0.000000,80.000000,,
3,,,,,
3,,,,,
3,,,,,
3,,,,,
3,,,,,
3,,,,,
3,,,,,
3,,,,,
3,,,,,
3,,,,,
3,,,,,
3,,,,,
3,,,,,
3,,,,,
3,,,,,
3,,,,,
3,,,,,
3,,,,,
3,,,,,
3,,,,,
3,,,,,
3,,,,,
3,,,,,
3,,,,,
3,,,,,
3,,,,,
3,,,,,
3,,,,,
3,,,,,
3,,,,,
3,,,,,
3,,,,,
3,,,,,
3,,,,,
3,,,,,
3,,,,,
2,EV_B9_C1,,,0.000000,27.133301
1,EV_B9_C1,11.000000,80.000000,,
1,EV_B9_C1,10.000000,80.000000,,
1,EV_B9_C1,9.000000,80.000000,,
1,EV_B9_C1,8.000000,80.000000,,
1,EV_B9_C1,7.000000,80.000000,,
1,EV_B9_C1,6.000000,80.000000,,
1,EV_B9_C1,5.000000,80.000000,,
1,EV_B9_C1,4.000000,80.000000,,
1,EV_B9_C1,3.000000,80.000000,,
1,EV_B9_C1,2.000000,80.000000,,
1,EV_B9_C1,1.000000,80.000000,,
1,EV_B9_C1,0.000000,80.000000,,
3,,,,,
3,,,,,
3,,,,,
3,,,,,
3,,,,,
3,,,,,
3,,,,,
3,,,,,
3,,,,,
3,,,,,
3,,,,,
3,,,,,
3,,,,,
2,EV_B9_C1,,,0.000000,40.330373
1,EV_B9_C1,9.000000,80.000000,,
1,EV_B9_C1,8.000000,80.000000,,
1,EV_B9_C1,7.000000,80.000000,,
1,EV_B9_C1,6.000000,80.000000,,
1,EV_B9_C1,5.000000,80.000000,,
1,EV_B9_C1,4.000000,80.000000,,
1,EV_B9_C1,3.000000,80.000000,,
1,EV_B9_C1,2.000000,80.000000,,
1,EV_B9_C1,1.000000,80.000000,,
1,EV_B9_C1,0.000000,80.000000,,
3,,,,,
3,,,,,
3,,,,,
3,,,,,
3,,,,,
3,,,,,
3,,,,,
3,,,,,
3,,,,,
3,,,,,
3,,,,,
3,,,,,
3,,,,,
2,EV_B9_C1,,,0.000000,26.039536
1,EV_B9_C1,9.000000,80.000000,,
1,EV_B9_C1,8.000000,80.000000,,
1,EV_B9_C1,7.000000,80.000000,,
1,EV_B9_C1,6.000000,80.000000,,
1,EV_B9_C1,5.000000,80.000000,,
1,EV_B9_C1,4.000000,80.000000,,
1,EV_B9_C1,3.000000,80.000000,,
1,EV_B9_C1,2.000000,80.000000,,
1,EV_B9_C1,1.000000,80.000000,,
1,EV_B9_C1,0.000000,80.000000,,
3,,,,,
3,,,,,
3,,,,,
3,,,,,
3,,,,,
3,,,,,
3,,,,,
3,,,,,
3,,,,,
3,,,,,
3,,,,,
3,,,,,
2,EV_B9_C1,,,0.000000,41.735008
1,EV_B9_C1,9.000000,80.000000,,
1,EV_B9_C1,8.000000,80.000000,,
1,EV_B9_C1,7.000000,80.000000,,
1,EV_B9_C1,6.000000,80.000000,,
1,EV_B9_C1,5.000000,80.000000,,
1,EV_B9_C1,4.000000,80.000000,,
1,EV_B9_C1,3.000000,80.000000,,
1,EV_B9_C1,2.000000,80.000000,,
1,EV_B9_C1,1.000000,80.000000,,
1,EV_B9_C1,0.000000,80.000000,,
3,,,,,
3,,,,,
3,,,,,
3,,,,,
3,,,,,
3,,,,,
3,,,,,
3,,,,,
3,,,,,
3,,,,,
3,,,,,
3,,,,,
3,,,,,
3,,,,,
2,EV_B9_C1,,,0.000000,28.180221
1,EV_B9_C1,7.000000,80.000000,,
1,EV_B9_C1,6.000000,80.000000,,
1,EV_B9_C1,5.000000,80.000000,,
1,EV_B9_C1,4.000000,80.000000,,
1,EV_B9_C1,3.000000,80.000000,,
1,EV_B9_C1,2.000000,80.000000,,
1,EV_B9_C1,1.000000,80.000000,,
1,EV_B9_C1,0.000000,80.000000,,
3,,,,,
3,,,,,
3,,,,,
3,,,,,
3,,,,,
3,,,,,
3,,,,,
3,,,,,
3,,,,,
3,,,,,
3,,,,,
3,,,,,
3,,,,,
3,,,,,
3,,,,,
3,,,,,
3,,,,,
2,EV_B9_C1,,,0.000000,44.861846
1,EV_B9_C1,6.000000,80.000000,,
1,EV_B9_C1,5.000000,80.000000,,
1,EV_B9_C1,4.000000,80.000000,,
1,EV_B9_C1,3.000000,80.000000,,
1,EV_B9_C1,2.000000,80.000000,,
1,EV_B9_C1,1.000000,80.000000,,
1,EV_B9_C1,0.000000,80.000000,,
3,,,,,
3,,,,,
3,,,,,
3,,,,,
3,,,,,
3,,,,,
3,,,,,
3,,,,,
3,,,,,
3,,,,,
3,,,,,
3,,,,,
2,EV_B9_C1,,,0.000000,30.969474
1,EV_B9_C1,11.000000,80.000000,,
1,EV_B9_C1,10.000000,80.000000,,
1,EV_B9_C1,9.000000,80.000000,,
1,EV_B9_C1,8.000000,80.000000,,
1,EV_B9_C1,7.000000,80.000000,,
1,EV_B9_C1,6.000000,80.000000,,
1,EV_B9_C1,5.000000,80.000000,,
1,EV_B9_C1,4.000000,80.000000,,
1,EV_B9_C1,3.000000,80.000000,,
1,EV_B9_C1,2.000000,80.000000,,
1,EV_B9_C1,1.000000,80.000000,,
1,EV_B9_C1,0.000000,80.000000,,
3,,,,,
3,,,,,
3,,,,,
3,,,,,
3,,,,,
3,,,,,
3,,,,,
3,,,,,
3,,,,,
3,,,,,
3,,,,,
3,,,,,
3,,,,,
2,EV_B9_C1,,,0.000000,27.891429
1,EV_B9_C1,9.000000,80.000000,,
1,EV_B9_C1,8.000000,80.000000,,
1,EV_B9_C1,7.000000,80.000000,,
1,EV_B9_C1,6.000000,80.000000,,
1,EV_B9_C1,5.000000,80.000000,,
1,EV_B9_C1,4.000000,80.000000,,
1,EV_B9_C1,3.000000,80.000000,,
1,EV_B9_C1,2.000000,80.000000,,
1,EV_B9_C1,1.000000,80.000000,,
1,EV_B9_C1,0.000000,80.000000,,
3,,,,,
3,,,,,
3,,,,,
3,,,,,
3,,,,,
3,,,,,
3,,,,,
3,,,,,
3,,,,,
3,,,,,
3,,,,,
3,,,,,
3,,,,,
3,,,,,
2,EV_B9_C1,,,0.000000,41.509790
1,EV_B9_C1,7.000000,80.000000,,
1,EV_B9_C1,6.000000,80.000000,,
1,EV_B9_C1,5.000000,80.000000,,
1,EV_B9_C1,4.000000,80.000000,,
1,EV_B9_C1,3.000000,80.000000,,
1,EV_B9_C1,2.000000,80.000000,,
1,EV_B9_C1,1.000000,80.000000,,
1,EV_B9_C1,0.000000,80.000000,,
3,,,,,
3,,,,,
3,,,,,
3,,,,,
3,,,,,
3,,,,,
3,,,,,
3,,,,,
3,,,,,
3,,,,,
3,,,,,
3,,,,,
3,,,,,
3,,,,,
2,EV_B9_C1,,,0.000000,28.840067
1,EV_B9_C1,8.000000,80.000000,,
1,EV_B9_C1,7.000000,80.000000,,
1,EV_B9_C1,6.000000,80.000000,,
1,EV_B9_C1,5.000000,80.000000,,
1,EV_B9_C1,4.000000,80.000000,,
1,EV_B9_C1,3.000000,80.000000,,
1,EV_B9_C1,2.000000,80.000000,,
1,EV_B9_C1,1.000000,80.000000,,
1,EV_B9_C1,0.000000,80.000000,,
3,,,,,
3,,,,,
3,,,,,
3,,,,,
3,,,,,
3,,,,,
3,,,,,
3,,,,,
3,,,,,
3,,,,,
3,,,,,
3,,,,,
2,EV_B9_C1,,,0.000000,36.014882
1,EV_B9_C1,11.000000,80.000000,,
1,EV_B9_C1,10.000000,80.000000,,
1,EV_B9_C1,9.000000,80.000000,,
1,EV_B9_C1,8.000000,80.000000,,
1,EV_B9_C1,7.000000,80.000000,,
1,EV_B9_C1,6.000000,80.000000,,
1,EV_B9_C1,5.000000,80.000000,,
1,EV_B9_C1,4.000000,80.000000,,
1,EV_B9_C1,3.000000,80.000000,,
1,EV_B9_C1,2.000000,80.000000,,
1,EV_B9_C1,1.000000,80.000000,,
1,EV_B9_C1,0.000000,80.000000,,
3,,,,,
3,,,,,
3,,,,,
3,,,,,
3,,,,,
3,,,,,
3,,,,,
3,,,,,
3,,,,,
3,,,,,
3,,,,,
3,,,,,
3,,,,,
2,EV_B9_C1,,,0.000000,33.966684
1,EV_B9_C1,8.000000,80.000000,,
1,EV_B9_C1,7.000000,80.000000,,
1,EV_B9_C1,6.000000,80.000000,,
1,EV_B9_C1,5.000000,80.000000,,
1,EV_B9_C1,4.000000,80.000000,,
1,EV_B9_C1,3.000000,80.000000,,
1,EV_B9_C1,2.000000,80.000000,,
1,EV_B9_C1,1.000000,80.000000,,
1,EV_B9_C1,0.000000,80.000000,,
3,,,,,
3,,,,,
3,,,,,
3,,,,,
3,,,,,
3,,,,,
3,,,,,
3,,,,,
3,,,,,
3,,,,,
3,,,,,
3,,,,,
3,,,,,
3,,,,,
2,EV_B9_C1,,,0.000000,28.778384
1,EV_B9_C1,8.000000,80.000000,,
1,EV_B9_C1,7.000000,80.000000,,
1,EV_B9_C1,6.000000,80.000000,,
1,EV_B9_C1,5.000000,80.000000,,
1,EV_B9_C1,4.000000,80.000000,,
1,EV_B9_C1,3.000000,80.000000,,
1,EV_B9_C1,2.000000,80.000000,,
1,EV_B9_C1,1.000000,80.000000,,
1,EV_B9_C1,0.000000,80.000000,,
3,,,,,
3,,,,,
3,,,,,
3,,,,,
3,,,,,
3,,,,,
3,,,,,
3,,,,,
3,,,,,
3,,,,,
3,,,,,
3,,,,,
3,,,,,
2,EV_B9_C1,,,0.000000,39.397297
1,EV_B9_C1,9.000000,80.000000,,
1,EV_B9_C1,8.000000,80.000000,,
1,EV_B9_C1,7.000000,80.000000,,
1,EV_B9_C1,6.000000,80.000000,,
1,EV_B9_C1,5.000000,80.000000,,
1,EV_B9_C1,4.000000,80.000000,,
1,EV_B9_C1,3.000000,80.000000,,
1,EV_B9_C1,2.000000,80.000000,,
1,EV_B9_C1,1.000000,80.000000,,
1,EV_B9_C1,0.000000,80.000000,,
3,,,,,
3,,,,,
3,,,,,
3,,,,,
3,,,,,
3,,,,,
3,,,,,
3,,,,,
3,,,,,
3,,,,,
3,,,,,
3,,,,,
3,,,,,
2,EV_B9_C1,,,0.000000,33.582949
1,EV_B9_C1,10.000000,80.000000,,
1,EV_B9_C1,9.000000,80.000000,,
1,EV_B9_C1,8.000000,80.000000,,
1,EV_B9_C1,7.000000,80.000000,,
1,EV_B9_C1,6.000000,80.000000,,
1,EV_B9_C1,5.000000,80.000000,,
1,EV_B9_C1,4.000000,80.000000,,
1,EV_B9_C1,3.000000,80.000000,,
1,EV_B9_C1,2.000000,80.000000,,
1,EV_B9_C1,1.000000,80.000000,,
1,EV_B9_C1,0.000000,80.000000,,
3,,,,,
3,,,,,
3,,,,,
3,,,,,
3,,,,,
3,,,,,
3,,,,,
3,,,,,
3,,,,,
3,,,,,
3,,,,,
3,,,,,
3,,,,,
3,,,,,
3,,,,,
3,,,,,
3,,,,,
3,,,,,
3,,,,,
3,,,,,
3,,,,,
3,,,,,
3,,,,,
3,,,,,
3,,,,,
3,,,,,
3,,,,,
3,,,,,
3,,,,,
3,,,,,
3,,,,,
3,,,,,
3,,,,,
3,,,,,
3,,,,,
3,,,,,
2,EV_B9_C1,,,0.000000,26.919704
1,EV_B9_C1,10.000000,80.000000,,
1,EV_B9_C1,9.000000,80.000000,,
1,EV_B9_C1,8.000000,80.000000,,
1,EV_B9_C1,7.000000,80.000000,,
1,EV_B9_C1,6.000000,80.000000,,
1,EV_B9_C1,5.000000,80.000000,,
1,EV_B9_C1,4.000000,80.000000,,
1,EV_B9_C1,3.000000,80.000000,,
1,EV_B9_C1,2.000000,80.000000,,
1,EV_B9_C1,1.000000,80.000000,,
1,EV_B9_C1,0.000000,80.000000,,
3,,,,,
3,,,,,
3,,,,,
3,,,,,
3,,,,,
3,,,,,
3,,,,,
3,,,,,
3,,,,,
3,,,,,
3,,,,,
3,,,,,
2,EV_B9_C1,,,0.000000,40.579640
1,EV_B9_C1,10.000000,80.000000,,
1,EV_B9_C1,9.000000,80.000000,,
1,EV_B9_C1,8.000000,80.000000,,
1,EV_B9_C1,7.000000,80.000000,,
1,EV_B9_C1,6.000000,80.000000,,
1,EV_B9_C1,5.000000,80.000000,,
1,EV_B9_C1,4.000000,80.000000,,
1,EV_B9_C1,3.000000,80.000000,,
1,EV_B9_C1,2.000000,80.000000,,
1,EV_B9_C1,1.000000,80.000000,,
1,EV_B9_C1,0.000000,80.000000,,
3,,,,,
3,,,,,
3,,,,,
3,,,,,
3,,,,,
3,,,,,
3,,,,,
3,,,,,
3,,,,,
3,,,,,
3,,,,,
3,,,,,
2,EV_B9_C1,,,0.000000,27.612849
1,EV_B9_C1,9.000000,80.000000,,
1,EV_B9_C1,8.000000,80.000000,,
1,EV_B9_C1,7.000000,80.000000,,
1,EV_B9_C1,6.000000,80.000000,,
1,EV_B9_C1,5.000000,80.000000,,
1,EV_B9_C1,4.000000,80.000000,,
1,EV_B9_C1,3.000000,80.000000,,
1,EV_B9_C1,2.000000,80.000000,,
1,EV_B9_C1,1.000000,80.000000,,
1,EV_B9_C1,0.000000,80.000000,,
3,,,,,
3,,,,,
3,,,,,
3,,,,,
3,,,,,
3,,,,,
3,,,,,
3,,,,,
3,,,,,
3,,,,,
3,,,,,
3,,,,,
3,,,,,
2,EV_B9_C1,,,0.000000,35.770693
1,EV_B9_C1,9.000000,80.000000,,
1,EV_B9_C1,8.000000,80.000000,,
1,EV_B9_C1,7.000000,80.000000,,
1,EV_B9_C1,6.000000,80.000000,,
1,EV_B9_C1,5.000000,80.000000,,
1,EV_B9_C1,4.000000,80.000000,,
1,EV_B9_C1,3.000000,80.000000,,
1,EV_B9_C1,2.000000,80.000000,,
1,EV_B9_C1,1.000000,80.000000,,
1,EV_B9_C1,0.000000,80.000000,,
3,,,,,
3,,,,,
3,,,,,
3,,,,,
3,,,,,
3,,,,,
3,,,,,
3,,,,,
3,,,,,
3,,,,,
3,,,,,
3,,,,,
3,,,,,
3,,,,,
2,EV_B9_C1,,,0.000000,29.684799
1,EV_B9_C1,8.000000,80.000000,,
1,EV_B9_C1,7.000000,80.000000,,
1,EV_B9_C1,6.000000,80.000000,,
1,EV_B9_C1,5.000000,80.000000,,
1,EV_B9_C1,4.000000,80.000000,,
1,EV_B9_C1,3.000000,80.000000,,
1,EV_B9_C1,2.000000,80.000000,,
1,EV_B9_C1,1.000000,80.000000,,
1,EV_B9_C1,0.000000,80.000000,,
3,,,,,
3,,,,,
3,,,,,
3,,,,,
3,,,,,
3,,,,,
3,,,,,
3,,,,,
3,,,,,
3,,,,,
3,,,,,
3,,,,,
3,,,,,
2,EV_B9_C1,,,0.000000,25.213499
1,EV_B9_C1,10.000000,80.000000,,
1,EV_B9_C1,9.000000,80.000000,,
1,EV_B9_C1,8.000000,80.000000,,
1,EV_B9_C1,7.000000,80.000000,,
1,EV_B9_C1,6.000000,80.000000,,
1,EV_B9_C1,5.000000,80.000000,,
1,EV_B9_C1,4.000000,80.000000,,
1,EV_B9_C1,3.000000,80.000000,,
1,EV_B9_C1,2.000000,80.000000,,
1,EV_B9_C1,1.000000,80.000000,,
1,EV_B9_C1,0.000000,80.000000,,
3,,,,,
3,,,,,
3,,,,,
3,,,,,
3,,,,,
3,,,,,
3,,,,,
3,,,,,
3,,,,,
3,,,,,
3,,,,,
2,EV_B9_C1,,,0.000000,35.737015
1,EV_B9_C1,9.000000,80.000000,,
1,EV_B9_C1,8.000000,80.000000,,
1,EV_B9_C1,7.000000,80.000000,,
1,EV_B9_C1,6.000000,80.000000,,
1,EV_B9_C1,5.000000,80.000000,,
1,EV_B9_C1,4.000000,80.000000,,
1,EV_B9_C1,3.000000,80.000000,,
1,EV_B9_C1,2.000000,80.000000,,
1,EV_B9_C1,1.000000,80.000000,,
1,EV_B9_C1,0.000000,80.000000,,
3,,,,,
3,,,,,
3,,,,,
3,,,,,
3,,,,,
3,,,,,
3,,,,,
3,,,,,
3,,,,,
3,,,,,
3,,,,,
3,,,,,
3,,,,,
3,,,,,
3,,,,,
2,EV_B9_C1,,,0.000000,38.643733
1,EV_B9_C1,9.000000,80.000000,,
1,EV_B9_C1,8.000000,80.000000,,
1,EV_B9_C1,7.000000,80.000000,,
1,EV_B9_C1,6.000000,80.000000,,
1,EV_B9_C1,5.000000,80.000000,,
1,EV_B9_C1,4.000000,80.000000,,
1,EV_B9_C1,3.000000,80.000000,,
1,EV_B9_C1,2.000000,80.000000,,
1,EV_B9_C1,1.000000,80.000000,,
1,EV_B9_C1,0.000000,80.000000,,
3,,,,,
3,,,,,
3,,,,,
3,,,,,
3,,,,,
3,,,,,
3,,,,,
3,,,,,
3,,,,,
3,,,,,
3,,,,,
3,,,,,
3,,,,,
2,EV_B9_C1,,,0.000000,39.542006
1,EV_B9_C1,9.000000,80.000000,,
1,EV_B9_C1,8.000000,80.000000,,
1,EV_B9_C1,7.000000,80.000000,,
1,EV_B9_C1,6.000000,80.000000,,
1,EV_B9_C1,5.000000,80.000000,,
1,EV_B9_C1,4.000000,80.000000,,
1,EV_B9_C1,3.000000,80.000000,,
1,EV_B9_C1,2.000000,80.000000,,
1,EV_B9_C1,1.000000,80.000000,,
1,EV_B9_C1,0.000000,80.000000,,
3,,,,,
3,,,,,
3,,,,,
3,,,,,
3,,,,,
3,,,,,
3,,,,,
3,,,,,
3,,,,,
3,,,,,
3,,,,,
3,,,,,
3,,,,,
2,EV_B9_C1,,,0.000000,36.478691
1,EV_B9_C1,8.000000,80.000000,,
1,EV_B9_C1,7.000000,80.000000,,
1,EV_B9_C1,6.000000,80.000000,,
1,EV_B9_C1,5.000000,80.000000,,
1,EV_B9_C1,4.000000,80.000000,,
1,EV_B9_C1,3.000000,80.000000,,
1,EV_B9_C1,2.000000,80.000000,,
1,EV_B9_C1,1.000000,80.000000,,
1,EV_B9_C1,0.000000,80.000000,,
3,,,,,
3,,,,,
3,,,,,
3,,,,,
3,,,,,
3,,,,,
3,,,,,
3,,,,,
3,,,,,
3,,,,,
3,,,,,
3,,,,,
2,EV_B9_C1,,,0.000000,43.378602
1,EV_B9_C1,11.000000,80.000000,,
1,EV_B9_C1,10.000000,80.000000,,
1,EV_B9_C1,9.000000,80.000000,,
1,EV_B9_C1,8.000000,80.000000,,
1,EV_B9_C1,7.000000,80.000000,,
1,EV_B9_C1,6.000000,80.000000,,
1,EV_B9_C1,5.000000,80.000000,,
1,EV_B9_C1,4.000000,80.000000,,
1,EV_B9_C1,3.000000,80.000000,,
1,EV_B9_C1,2.000000,80.000000,,
1,EV_B9_C1,1.000000,80.000000,,
1,EV_B9_C1,0.000000,80.000000,,
3,,,,,
3,,,,,
3,,,,,
3,,,,,
3,,,,,
3,,,,,
3,,,,,
3,,,,,
3,,,,,
3,,,,,
3,,,,,
3,,,,,
3,,,,,
2,EV_B9_C1,,,0.000000,27.649084
1,EV_B9_C1,9.000000,80.000000,,
1,EV_B9_C1,8.000000,80.000000,,
1,EV_B9_C1,7.000000,80.000000,,
1,EV_B9_C1,6.000000,80.000000,,
1,EV_B9_C1,5.000000,80.000000,,
1,EV_B9_C1,4.000000,80.000000,,
1,EV_B9_C1,3.000000,80.000000,,
1,EV_B9_C1,2.000000,80.000000,,
1,EV_B9_C1,1.000000,80.000000,,
1,EV_B9_C1,0.000000,80.000000,,
3,,,,,
3,,,,,
3,,,,,
3,,,,,
3,,,,,
3,,,,,
3,,,,,
3,,,,,
3,,,,,
3,,,,,
3,,,,,
3,,,,,
2,EV_B9_C1,,,0.000000,29.285867
1,EV_B9_C1,10.000000,80.000000,,
1,EV_B9_C1,9.000000,80.000000,,
1,EV_B9_C1,8.000000,80.000000,,
1,EV_B9_C1,7.000000,80.000000,,
1,EV_B9_C1,6.000000,80.000000,,
1,EV_B9_C1,5.000000,80.000000,,
1,EV_B9_C1,4.000000,80.000000,,
1,EV_B9_C1,3.000000,80.000000,,
1,EV_B9_C1,2.000000,80.000000,,
1,EV_B9_C1,1.000000,80.000000,,
1,EV_B9_C1,0.000000,80.000000,,
3,,,,,
3,,,,,
3,,,,,
3,,,,,
3,,,,,
3,,,,,
3,,,,,
3,,,,,
3,,,,,
3,,,,,
3,,,,,
3,,,,,
2,EV_B9_C1,,,0.000000,25.338369
1,EV_B9_C1,10.000000,80.000000,,
1,EV_B9_C1,9.000000,80.000000,,
1,EV_B9_C1,8.000000,80.000000,,
1,EV_B9_C1,7.000000,80.000000,,
1,EV_B9_C1,6.000000,80.000000,,
1,EV_B9_C1,5.000000,80.000000,,
1,EV_B9_C1,4.000000,80.000000,,
1,EV_B9_C1,3.000000,80.000000,,
1,EV_B9_C1,2.000000,80.000000,,
1,EV_B9_C1,1.000000,80.000000,,
1,EV_B9_C1,0.000000,80.000000,,
3,,,,,
3,,,,,
3,,,,,
3,,,,,
3,,,,,
3,,,,,
3,,,,,
3,,,,,
3,,,,,
3,,,,,
3,,,,,
3,,,,,
3,,,,,
2,EV_B9_C1,,,0.000000,39.281132
1,EV_B9_C1,8.000000,80.000000,,
1,EV_B9_C1,7.000000,80.000000,,
1,EV_B9_C1,6.000000,80.000000,,
1,EV_B9_C1,5.000000,80.000000,,
1,EV_B9_C1,4.000000,80.000000,,
1,EV_B9_C1,3.000000,80.000000,,
1,EV_B9_C1,2.000000,80.000000,,
1,EV_B9_C1,1.000000,80.000000,,
1,EV_B9_C1,0.000000,80.000000,,
3,,,,,
3,,,,,
3,,,,,
3,,,,,
3,,,,,
3,,,,,
3,,,,,
3,,,,,
3,,,,,
3,,,,,
3,,,,,
3,,,,,
3,,,,,
2,EV_B9_C1,,,0.000000,31.297199
1,EV_B9_C1,10.000000,80.000000,,
1,EV_B9_C1,9.000000,80.000000,,
1,EV_B9_C1,8.000000,80.000000,,
1,EV_B9_C1,7.000000,80.000000,,
1,EV_B9_C1,6.000000,80.000000,,
1,EV_B9_C1,5.000000,80.000000,,
1,EV_B9_C1,4.000000,80.000000,,
1,EV_B9_C1,3.000000,80.000000,,
1,EV_B9_C1,2.000000,80.000000,,
1,EV_B9_C1,1.000000,80.000000,,
1,EV_B9_C1,0.000000,80.000000,,
3,,,,,
3,,,,,
3,,,,,
3,,,,,
3,,,,,
3,,,,,
3,,,,,
3,,,,,
3,,,,,
3,,,,,
3,,,,,
3,,,,,
2,EV_B9_C1,,,0.000000,32.186598
1,EV_B9_C1,9.000000,80.000000,,
1,EV_B9_C1,8.000000,80.000000,,
1,EV_B9_C1,7.000000,80.000000,,
1,EV_B9_C1,6.000000,80.000000,,
1,EV_B9_C1,5.000000,80.000000,,
1,EV_B9_C1,4.000000,80.000000,,
1,EV_B9_C1,3.000000,80.000000,,
1,EV_B9_C1,2.000000,80.000000,,
1,EV_B9_C1,1.000000,80.000000,,
1,EV_B9_C1,0.000000,80.000000,,
3,,,,,
3,,,,,
3,,,,,
3,,,,,
3,,,,,
3,,,,,
3,,,,,
3,,,,,
3,,,,,
3,,,,,
3,,,,,
3,,,,,
3,,,,,
3,,,,,
2,EV_B9_C1,,,0.000000,41.903537
1,EV_B9_C1,8.000000,80.000000,,
1,EV_B9_C1,7.000000,80.000000,,
1,EV_B9_C1,6.000000,80.000000,,
1,EV_B9_C1,5.000000,80.000000,,
1,EV_B9_C1,4.000000,80.000000,,
1,EV_B9_C1,3.000000,80.000000,,
1,EV_B9_C1,2.000000,80.000000,,
1,EV_B9_C1,1.000000,80.000000,,
1,EV_B9_C1,0.000000,80.000000,,
3,,,,,
3,,,,,
3,,,,,
3,,,,,
3,,,,,
3,,,,,
3,,,,,
3,,,,,
3,,,,,
3,,,,,
3,,,,,
3,,,,,
3,,,,,
2,EV_B9_C1,,,0.000000,44.208511
1,EV_B9_C1,10.000000,80.000000,,
1,EV_B9_C1,9.000000,80.000000,,
1,EV_B9_C1,8.000000,80.000000,,
1,EV_B9_C1,7.000000,80.000000,,
1,EV_B9_C1,6.000000,80.000000,,
1,EV_B9_C1,5.000000,80.000000,,
1,EV_B9_C1,4.000000,80.000000,,
1,EV_B9_C1,3.000000,80.000000,,
1,EV_B9_C1,2.000000,80.000000,,
1,EV_B9_C1,1.000000,80.000000,,
1,EV_B9_C1,0.000000,80.000000,,
3,,,,,
3,,,,,
3,,,,,
3,,,,,
3,,,,,
3,,,,,
3,,,,,
3,,,,,
3,,,,,
3,,,,,
3,,,,,
3,,,,,
3,,,,,
2,EV_B9_C1,,,0.000000,33.143526
1,EV_B9_C1,9.000000,80.000000,,
1,EV_B9_C1,8.000000,80.000000,,
1,EV_B9_C1,7.000000,80.000000,,
1,EV_B9_C1,6.000000,80.000000,,
1,EV_B9_C1,5.000000,80.000000,,
1,EV_B9_C1,4.000000,80.000000,,
1,EV_B9_C1,3.000000,80.000000,,
1,EV_B9_C1,2.000000,80.000000,,
1,EV_B9_C1,1.000000,80.000000,,
1,EV_B9_C1,0.000000,80.000000,,
3,,,,,
3,,,,,
3,,,,,
3,,,,,
3,,,,,
3,,,,,
3,,,,,
3,,,,,
3,,,,,
3,,,,,
3,,,,,
3,,,,,
3,,,,,
2,EV_B9_C1,,,0.000000,27.665035
1,EV_B9_C1,7.000000,80.000000,,
1,EV_B9_C1,6.000000,80.000000,,
1,EV_B9_C1,5.000000,80.000000,,
1,EV_B9_C1,4.000000,80.000000,,
1,EV_B9_C1,3.000000,80.000000,,
1,EV_B9_C1,2.000000,80.000000,,
1,EV_B9_C1,1.000000,80.000000,,
1,EV_B9_C1,0.000000,80.000000,,
3,,,,,
3,,,,,
3,,,,,
3,,,,,
3,,,,,
3,,,,,
3,,,,,
3,,,,,
3,,,,,
3,,,,,
3,,,,,
3,,,,,
3,,,,,
3,,,,,
2,EV_B9_C1,,,0.000000,43.795582
1,EV_B9_C1,10.000000,80.000000,,
1,EV_B9_C1,9.000000,80.000000,,
1,EV_B9_C1,8.000000,80.000000,,
1,EV_B9_C1,7.000000,80.000000,,
1,EV_B9_C1,6.000000,80.000000,,
1,EV_B9_C1,5.000000,80.000000,,
1,EV_B9_C1,4.000000,80.000000,,
1,EV_B9_C1,3.000000,80.000000,,
1,EV_B9_C1,2.000000,80.000000,,
1,EV_B9_C1,1.000000,80.000000,,
1,EV_B9_C1,0.000000,80.000000,,
3,,,,,
3,,,,,
3,,,,,
3,,,,,
3,,,,,
3,,,,,
3,,,,,
3,,,,,
3,,,,,
3,,,,,
3,,,,,
3,,,,,
2,EV_B9_C1,,,0.000000,40.803326
1,EV_B9_C1,9.000000,80.000000,,
1,EV_B9_C1,8.000000,80.000000,,
1,EV_B9_C1,7.000000,80.000000,,
1,EV_B9_C1,6.000000,80.000000,,
1,EV_B9_C1,5.000000,80.000000,,
1,EV_B9_C1,4.000000,80.000000,,
1,EV_B9_C1,3.000000,80.000000,,
1,EV_B9_C1,2.000000,80.000000,,
1,EV_B9_C1,1.000000,80.000000,,
1,EV_B9_C1,0.000000,80.000000,,
3,,,,,
3,,,,,
3,,,,,
3,,,,,
3,,,,,
3,,,,,
3,,,,,
3,,,,,
3,,,,,
3,,,,,
3,,,,,
3,,,,,
3,,,,,
3,,,,,
2,EV_B9_C1,,,0.000000,30.069456
1,EV_B9_C1,9.000000,80.000000,,
1,EV_B9_C1,8.000000,80.000000,,
1,EV_B9_C1,7.000000,80.000000,,
1,EV_B9_C1,6.000000,80.000000,,
1,EV_B9_C1,5.000000,80.000000,,
1,EV_B9_C1,4.000000,80.000000,,
1,EV_B9_C1,3.000000,80.000000,,
1,EV_B9_C1,2.000000,80.000000,,
1,EV_B9_C1,1.000000,80.000000,,
1,EV_B9_C1,0.000000,80.000000,,
3,,,,,
3,,,,,
3,,,,,
3,,,,,
3,,,,,
3,,,,,
3,,,,,
3,,,,,
3,,,,,
3,,,,,
3,,,,,
2,EV_B9_C1,,,0.000000,38.372288
1,EV_B9_C1,11.000000,80.000000,,
1,EV_B9_C1,10.000000,80.000000,,
1,EV_B9_C1,9.000000,80.000000,,
1,EV_B9_C1,8.000000,80.000000,,
1,EV_B9_C1,7.000000,80.000000,,
1,EV_B9_C1,6.000000,80.000000,,
1,EV_B9_C1,5.000000,80.000000,,
1,EV_B9_C1,4.000000,80.000000,,
1,EV_B9_C1,3.000000,80.000000,,
1,EV_B9_C1,2.000000,80.000000,,
1,EV_B9_C1,1.000000,80.000000,,
1,EV_B9_C1,0.000000,80.000000,,
3,,,,,
3,,,,,
3,,,,,
3,,,,,
3,,,,,
3,,,,,
3,,,,,
3,,,,,
3,,,,,
3,,,,,
3,,,,,
3,,,,,
3,,,,,
2,EV_B9_C1,,,0.000000,33.858916
1,EV_B9_C1,9.000000,80.000000,,
1,EV_B9_C1,8.000000,80.000000,,
1,EV_B9_C1,7.000000,80.000000,,
1,EV_B9_C1,6.000000,80.000000,,
1,EV_B9_C1,5.000000,80.000000,,
1,EV_B9_C1,4.000000,80.000000,,
1,EV_B9_C1,3.000000,80.000000,,
1,EV_B9_C1,2.000000,80.000000,,
1,EV_B9_C1,1.000000,80.000000,,
1,EV_B9_C1,0.000000,80.000000,,
3,,,,,
3,,,,,
3,,,,,
3,,,,,
3,,,,,
3,,,,,
3,,,,,
3,,,,,
3,,,,,
3,,,,,
3,,,,,
3,,,,,
3,,,,,
2,EV_B9_C1,,,0.000000,36.805064
1,EV_B9_C1,8.000000,80.000000,,
1,EV_B9_C1,7.000000,80.000000,,
1,EV_B9_C1,6.000000,80.000000,,
1,EV_B9_C1,5.000000,80.000000,,
1,EV_B9_C1,4.000000,80.000000,,
1,EV_B9_C1,3.000000,80.000000,,
1,EV_B9_C1,2.000000,80.000000,,
1,EV_B9_C1,1.000000,80.000000,,
1,EV_B9_C1,0.000000,80.000000,,
3,,,,,
3,,,,,
3,,,,,
3,,,,,
3,,,,,
3,,,,,
3,,,,,
3,,,,,
3,,,,,
3,,,,,
3,,,,,
3,,,,,
3,,,,,
3,,,,,
3,,,,,
3,,,,,
3,,,,,
3,,,,,
3,,,,,
3,,,,,
3,,,,,
3,,,,,
3,,,,,
3,,,,,
3,,,,,
3,,,,,
3,,,,,
3,,,,,
3,,,,,
3,,,,,
3,,,,,
3,,,,,
3,,,,,
3,,,,,
3,,,,,
3,,,,,
3,,,,,
2,EV_B9_C1,,,0.000000,29.316639
1,EV_B9_C1,9.000000,80.000000,,
1,EV_B9_C1,8.000000,80.000000,,
1,EV_B9_C1,7.000000,80.000000,,
1,EV_B9_C1,6.000000,80.000000,,
1,EV_B9_C1,5.000000,80.000000,,
1,EV_B9_C1,4.000000,80.000000,,
1,EV_B9_C1,3.000000,80.000000,,
1,EV_B9_C1,2.000000,80.000000,,
1,EV_B9_C1,1.000000,80.000000,,
1,EV_B9_C1,0.000000,80.000000,,
3,,,,,
3,,,,,
3,,,,,
3,,,,,
3,,,,,
3,,,,,
3,,,,,
3,,,,,
3,,,,,
3,,,,,
3,,,,,
3,,,,,
3,,,,,
2,EV_B9_C1,,,0.000000,41.517104
1,EV_B9_C1,10.000000,80.000000,,
1,EV_B9_C1,9.000000,80.000000,,
1,EV_B9_C1,8.000000,80.000000,,
1,EV_B9_C1,7.000000,80.000000,,
1,EV_B9_C1,6.000000,80.000000,,
1,EV_B9_C1,5.000000,80.000000,,
1,EV_B9_C1,4.000000,80.000000,,
1,EV_B9_C1,3.000000,80.000000,,
1,EV_B9_C1,2.000000,80.000000,,
1,EV_B9_C1,1.000000,80.000000,,
1,EV_B9_C1,0.000000,80.000000,,
3,,,,,
3,,,,,
3,,,,,
3,,,,,
3,,,,,
3,,,,,
3,,,,,
3,,,,,
3,,,,,
3,,,,,
3,,,,,
3,,,,,
2,EV_B9_C1,,,0.000000,35.306389
1,EV_B9_C1,9.000000,80.000000,,
1,EV_B9_C1,8.000000,80.000000,,
1,EV_B9_C1,7.000000,80.000000,,
1,EV_B9_C1,6.000000,80.000000,,
1,EV_B9_C1,5.000000,80.000000,,
1,EV_B9_C1,4.000000,80.000000,,
1,EV_B9_C1,3.000000,80.000000,,
1,EV_B9_C1,2.000000,80.000000,,
1,EV_B9_C1,1.000000,80.000000,,
1,EV_B9_C1,0.000000,80.000000,,
3,,,,,
3,,,,,
3,,,,,
3,,,,,
3,,,,,
3,,,,,
3,,,,,
3,,,,,
3,,,,,
3,,,,,
3,,,,,
3,,,,,
2,EV_B9_C1,,,0.000000,40.088268
1,EV_B9_C1,10.000000,80.000000,,
1,EV_B9_C1,9.000000,80.000000,,
1,EV_B9_C1,8.000000,80.000000,,
1,EV_B9_C1,7.000000,80.000000,,
1,EV_B9_C1,6.000000,80.000000,,
1,EV_B9_C1,5.000000,80.000000,,
1,EV_B9_C1,4.000000,80.000000,,
1,EV_B9_C1,3.000000,80.000000,,
1,EV_B9_C1,2.000000,80.000000,,
1,EV_B9_C1,1.000000,80.000000,,
1,EV_B9_C1,0.000000,80.000000,,
3,,,,,
3,,,,,
3,,,,,
3,,,,,
3,,,,,
3,,,,,
3,,,,,
3,,,,,
3,,,,,
3,,,,,
3,,,,,
3,,,,,
3,,,,,
3,,,,,
3,,,,,
2,EV_B9_C1,,,0.000000,34.170106
1,EV_B9_C1,7.000000,80.000000,,
1,EV_B9_C1,6.000000,80.000000,,
1,EV_B9_C1,5.000000,80.000000,,
1,EV_B9_C1,4.000000,80.000000,,
1,EV_B9_C1,3.000000,80.000000,,
1,EV_B9_C1,2.000000,80.000000,,
1,EV_B9_C1,1.000000,80.000000,,
1,EV_B9_C1,0.000000,80.000000,,
3,,,,,
3,,,,,
3,,,,,
3,,,,,
3,,,,,
3,,,,,
3,,,,,
3,,,,,
3,,,,,
3,,,,,
3,,,,,
3,,,,,
2,EV_B9_C1,,,0.000000,27.232314
1,EV_B9_C1,10.000000,80.000000,,
1,EV_B9_C1,9.000000,80.000000,,
1,EV_B9_C1,8.000000,80.000000,,
1,EV_B9_C1,7.000000,80.000000,,
1,EV_B9_C1,6.000000,80.000000,,
1,EV_B9_C1,5.000000,80.000000,,
1,EV_B9_C1,4.000000,80.000000,,
1,EV_B9_C1,3.000000,80.000000,,
1,EV_B9_C1,2.000000,80.000000,,
1,EV_B9_C1,1.000000,80.000000,,
1,EV_B9_C1,0.000000,80.000000,,
3,,,,,
3,,,,,
3,,,,,
3,,,,,
3,,,,,
3,,,,,
3,,,,,
3,,,,,
3,,,,,
3,,,,,
3,,,,,
3,,,,,
3,,,,,
2,EV_B9_C1,,,0.000000,26.600157
1,EV_B9_C1,9.000000,80.000000,,
1,EV_B9_C1,8.000000,80.000000,,
1,EV_B9_C1,7.000000,80.000000,,
1,EV_B9_C1,6.000000,80.000000,,
1,EV_B9_C1,5.000000,80.000000,,
1,EV_B9_C1,4.000000,80.000000,,
1,EV_B9_C1,3.000000,80.000000,,
1,EV_B9_C1,2.000000,80.000000,,
1,EV_B9_C1,1.000000,80.000000,,
1,EV_B9_C1,0.000000,80.000000,,
3,,,,,
3,,,,,
3,,,,,
3,,,,,
3,,,,,
3,,,,,
3,,,,,
3,,,,,
3,,,,,
3,,,,,
3,,,,,
3,,,,,
3,,,,,
2,EV_B9_C1,,,0.000000,30.830593
1,EV_B9_C1,9.000000,80.000000,,
1,EV_B9_C1,8.000000,80.000000,,
1,EV_B9_C1,7.000000,80.000000,,
1,EV_B9_C1,6.000000,80.000000,,
1,EV_B9_C1,5.000000,80.000000,,
1,EV_B9_C1,4.000000,80.000000,,
1,EV_B9_C1,3.000000,80.000000,,
1,EV_B9_C1,2.000000,80.000000,,
1,EV_B9_C1,1.000000,80.000000,,
1,EV_B9_C1,0.000000,80.000000,,
3,,,,,
3,,,,,
3,,,,,
3,,,,,
3,,,,,
3,,,,,
3,,,,,
3,,,,,
3,,,,,
3,,,,,
3,,,,,
3,,,,,
3,,,,,
2,EV_B9_C1,,,0.000000,30.209641
1,EV_B9_C1,10.000000,80.000000,,
1,EV_B9_C1,9.000000,80.000000,,
1,EV_B9_C1,8.000000,80.000000,,
1,EV_B9_C1,7.000000,80.000000,,
1,EV_B9_C1,6.000000,80.000000,,
1,EV_B9_C1,5.000000,80.000000,,
1,EV_B9_C1,4.000000,80.000000,,
1,EV_B9_C1,3.000000,80.000000,,
1,EV_B9_C1,2.000000,80.000000,,
1,EV_B9_C1,1.000000,80.000000,,
1,EV_B9_C1,0.000000,80.000000,,
3,,,,,
3,,,,,
3,,,,,
3,,,,,
3,,,,,
3,,,,,
3,,,,,
3,,,,,
3,,,,,
3,,,,,
3,,,,,
3,,,,,
3,,,,,
2,EV_B9_C1,,,0.000000,29.335660
1,EV_B9_C1,9.000000,80.000000,,
1,EV_B9_C1,8.000000,80.000000,,
1,EV_B9_C1,7.000000,80.000000,,
1,EV_B9_C1,6.000000,80.000000,,
1,EV_B9_C1,5.000000,80.000000,,
1,EV_B9_C1,4.000000,80.000000,,
1,EV_B9_C1,3.000000,80.000000,,
1,EV_B9_C1,2.000000,80.000000,,
1,EV_B9_C1,1.000000,80.000000,,
1,EV_B9_C1,0.000000,80.000000,,
3,,,,,
3,,,,,
3,,,,,
3,,,,,
3,,,,,
3,,,,,
3,,,,,
3,,,,,
3,,,,,
3,,,,,
3,,,,,
3,,,,,
2,EV_B9_C1,,,0.000000,31.597591
1,EV_B9_C1,9.000000,80.000000,,
1,EV_B9_C1,8.000000,80.000000,,
1,EV_B9_C1,7.000000,80.000000,,
1,EV_B9_C1,6.000000,80.000000,,
1,EV_B9_C1,5.000000,80.000000,,
1,EV_B9_C1,4.000000,80.000000,,
1,EV_B9_C1,3.000000,80.000000,,
1,EV_B9_C1,2.000000,80.000000,,
1,EV_B9_C1,1.000000,80.000000,,
1,EV_B9_C1,0.000000,80.000000,,
3,,,,,
3,,,,,
3,,,,,
3,,,,,
3,,,,,
3,,,,,
3,,,,,
3,,,,,
3,,,,,
3,,,,,
3,,,,,
3,,,,,
3,,,,,
3,,,,,
2,EV_B9_C1,,,0.000000,25.149425
1,EV_B9_C1,9.000000,80.000000,,
1,EV_B9_C1,8.000000,80.000000,,
1,EV_B9_C1,7.000000,80.000000,,
1,EV_B9_C1,6.000000,80.000000,,
1,EV_B9_C1,5.000000,80.000000,,
1,EV_B9_C1,4.000000,80.000000,,
1,EV_B9_C1,3.000000,80.000000,,
1,EV_B9_C1,2.000000,80.000000,,
1,EV_B9_C1,1.000000,80.000000,,
1,EV_B9_C1,0.000000,80.000000,,
3,,,,,
3,,,,,
3,,,,,
3,,,,,
3,,,,,
3,,,,,
3,,,,,
3,,,,,
3,,,,,
3,,,,,
3,,,,,
3,,,,,
3,,,,,
2,EV_B9_C1,,,0.000000,34.507620
1,EV_B9_C1,9.000000,80.000000,,
1,EV_B9_C1,8.000000,80.000000,,
1,EV_B9_C1,7.000000,80.000000,,
1,EV_B9_C1,6.000000,80.000000,,
1,EV_B9_C1,5.000000,80.000000,,
1,EV_B9_C1,4.000000,80.000000,,
1,EV_B9_C1,3.000000,80.000000,,
1,EV_B9_C1,2.000000,80.000000,,
1,EV_B9_C1,1.000000,80.000000,,
1,EV_B9_C1,0.000000,80.000000,,
3,,,,,
3,,,,,
3,,,,,
3,,,,,
3,,,,,
3,,,,,
3,,,,,
3,,,,,
3,,,,,
3,,,,,
3,,,,,
3,,,,,
3,,,,,
3,,,,,
2,EV_B9_C1,,,0.000000,28.358538
1,EV_B9_C1,8.000000,80.000000,,
1,EV_B9_C1,7.000000,80.000000,,
1,EV_B9_C1,6.000000,80.000000,,
1,EV_B9_C1,5.000000,80.000000,,
1,EV_B9_C1,4.000000,80.000000,,
1,EV_B9_C1,3.000000,80.000000,,
1,EV_B9_C1,2.000000,80.000000,,
1,EV_B9_C1,1.000000,80.000000,,
1,EV_B9_C1,0.000000,80.000000,,
3,,,,,
3,,,,,
3,,,,,
3,,,,,
3,,,,,
3,,,,,
3,,,,,
3,,,,,
3,,,,,
3,,,,,
3,,,,,
2,EV_B9_C1,,,0.000000,31.233868
1,EV_B9_C1,10.000000,80.000000,,
1,EV_B9_C1,9.000000,80.000000,,
1,EV_B9_C1,8.000000,80.000000,,
1,EV_B9_C1,7.000000,80.000000,,
1,EV_B9_C1,6.000000,80.000000,,
1,EV_B9_C1,5.000000,80.000000,,
1,EV_B9_C1,4.000000,80.000000,,
1,EV_B9_C1,3.000000,80.000000,,
1,EV_B9_C1,2.000000,80.000000,,
1,EV_B9_C1,1.000000,80.000000,,
1,EV_B9_C1,0.000000,80.000000,,
3,,,,,
3,,,,,
3,,,,,
3,,,,,
3,,,,,
3,,,,,
3,,,,,
3,,,,,
3,,,,,
3,,,,,
3,,,,,
3,,,,,
3,,,,,
3,,,,,
3,,,,,
2,EV_B9_C1,,,0.000000,44.871688
1,EV_B9_C1,7.000000,80.000000,,
1,EV_B9_C1,6.000000,80.000000,,
1,EV_B9_C1,5.000000,80.000000,,
1,EV_B9_C1,4.000000,80.000000,,
1,EV_B9_C1,3.000000,80.000000,,
1,EV_B9_C1,2.000000,80.000000,,
1,EV_B9_C1,1.000000,80.000000,,
1,EV_B9_C1,0.000000,80.000000,,
3,,,,,
3,,,,,
3,,,,,
3,,,,,
3,,,,,
3,,,,,
3,,,,,
3,,,,,
3,,,,,
3,,,,,
3,,,,,
3,,,,,
3,,,,,
3,,,,,
3,,,,,
3,,,,,
3,,,,,
3,,,,,
3,,,,,
3,,,,,
3,,,,,
3,,,,,
3,,,,,
3,,,,,
3,,,,,
3,,,,,
3,,,,,
3,,,,,
3,,,,,
3,,,,,
3,,,,,
3,,,,,
3,,,,,
3,,,,,
3,,,,,
3,,,,,
3,,,,,
2,EV_B9_C1,,,0.000000,29.863103
1,EV_B9_C1,9.000000,80.000000,,
1,EV_B9_C1,8.000000,80.000000,,
1,EV_B9_C1,7.000000,80.000000,,
1,EV_B9_C1,6.000000,80.000000,,
1,EV_B9_C1,5.000000,80.000000,,
1,EV_B9_C1,4.000000,80.000000,,
1,EV_B9_C1,3.000000,80.000000,,
1,EV_B9_C1,2.000000,80.000000,,
1,EV_B9_C1,1.000000,80.000000,,
1,EV_B9_C1,0.000000,80.000000,,
3,,,,,
3,,,,,
3,,,,,
3,,,,,
3,,,,,
3,,,,,
3,,,,,
3,,,,,
3,,,,,
3,,,,,
3,,,,,
3,,,,,
3,,,,,
3,,,,,
3,,,,,
2,EV_B9_C1,,,0.000000,25.366276
1,EV_B9_C1,7.000000,80.000000,,
1,EV_B9_C1,6.000000,80.000000,,
1,EV_B9_C1,5.000000,80.000000,,
1,EV_B9_C1,4.000000,80.000000,,
1,EV_B9_C1,3.000000,80.000000,,
1,EV_B9_C1,2.000000,80.000000,,
1,EV_B9_C1,1.000000,80.000000,,
1,EV_B9_C1,0.000000,80.000000,,
3,,,,,
3,,,,,
3,,,,,
3,,,,,
3,,,,,
3,,,,,
3,,,,,
3,,,,,
3,,,,,
3,,,,,
3,,,,,
3,,,,,
2,EV_B9_C1,,,0.000000,35.777065
1,EV_B9_C1,10.000000,80.000000,,
1,EV_B9_C1,9.000000,80.000000,,
1,EV_B9_C1,8.000000,80.000000,,
1,EV_B9_C1,7.000000,80.000000,,
1,EV_B9_C1,6.000000,80.000000,,
1,EV_B9_C1,5.000000,80.000000,,
1,EV_B9_C1,4.000000,80.000000,,
1,EV_B9_C1,3.000000,80.000000,,
1,EV_B9_C1,2.000000,80.000000,,
1,EV_B9_C1,1.000000,80.000000,,
1,EV_B9_C1,0.000000,80.000000,,
3,,,,,
3,,,,,
3,,,,,
3,,,,,
3,,,,,
3,,,,,
3,,,,,
3,,,,,
3,,,,,
3,,,,,
3,,,,,
3,,,,,
2,EV_B9_C1,,,0.000000,28.038902
1,EV_B9_C1,10.000000,80.000000,,
1,EV_B9_C1,9.000000,80.000000,,
1,EV_B9_C1,8.000000,80.000000,,
1,EV_B9_C1,7.000000,80.000000,,
1,EV_B9_C1,6.000000,80.000000,,
1,EV_B9_C1,5.000000,80.000000,,
1,EV_B9_C1,4.000000,80.000000,,
1,EV_B9_C1,3.000000,80.000000,,
1,EV_B9_C1,2.000000,80.000000,,
1,EV_B9_C1,1.000000,80.000000,,
1,EV_B9_C1,0.000000,80.000000,,
3,,,,,
3,,,,,
3,,,,,
3,,,,,
3,,,,,
3,,,,,
3,,,,,
3,,,,,
3,,,,,
3,,,,,
3,,,,,
3,,,,,
3,,,,,
2,EV_B9_C1,,,0.000000,40.020814
1,EV_B9_C1,10.000000,80.000000,,
1,EV_B9_C1,9.000000,80.000000,,
1,EV_B9_C1,8.000000,80.000000,,
1,EV_B9_C1,7.000000,80.000000,,
1,EV_B9_C1,6.000000,80.000000,,
1,EV_B9_C1,5.000000,80.000000,,
1,EV_B9_C1,4.000000,80.000000,,
1,EV_B9_C1,3.000000,80.000000,,
1,EV_B9_C1,2.000000,80.000000,,
1,EV_B9_C1,1.000000,80.000000,,
1,EV_B9_C1,0.000000,80.000000,,
3,,,,,
3,,,,,
3,,,,,
3,,,,,
3,,,,,
3,,,,,
3,,,,,
3,,,,,
3,,,,,
3,,,,,
3,,,,,
3,,,,,
2,EV_B9_C1,,,0.000000,44.040592
1,EV_B9_C1,9.000000,80.000000,,
1,EV_B9_C1,8.000000,80.000000,,
1,EV_B9_C1,7.000000,80.000000,,
1,EV_B9_C1,6.000000,80.000000,,
1,EV_B9_C1,5.000000,80.000000,,
1,EV_B9_C1,4.000000,80.000000,,
1,EV_B9_C1,3.000000,80.000000,,
1,EV_B9_C1,2.000000,80.000000,,
1,EV_B9_C1,1.000000,80.000000,,
1,EV_B9_C1,0.000000,80.000000,,
3,,,,,
3,,,,,
3,,,,,
3,,,,,
3,,,,,
3,,,,,
3,,,,,
3,,,,,
3,,,,,
3,,,,,
3,,,,,
3,,,,,
3,,,,,
3,,,,,
3,,,,,
3,,,,,
3,,,,,
3,,,,,
3,,,,,
3,,,,,
3,,,,,
3,,,,,
3,,,,,
3,,,,,
3,,,,,
3,,,,,
3,,,,,
3,,,,,
3,,,,,
3,,,,,
3,,,,,
3,,,,,
3,,,,,
3,,,,,
3,,,,,
3,,,,,
3,,,,,
3,,,,,
2,EV_B9_C1,,,0.000000,34.956449
1,EV_B9_C1,9.000000,80.000000,,
1,EV_B9_C1,8.000000,80.000000,,
1,EV_B9_C1,7.000000,80.000000,,
1,EV_B9_C1,6.000000,80.000000,,
1,EV_B9_C1,5.000000,80.000000,,
1,EV_B9_C1,4.000000,80.000000,,
1,EV_B9_C1,3.000000,80.000000,,
1,EV_B9_C1,2.000000,80.000000,,
1,EV_B9_C1,1.000000,80.000000,,
1,EV_B9_C1,0.000000,80.000000,,
3,,,,,
3,,,,,
3,,,,,
3,,,,,
3,,,,,
3,,,,,
3,,,,,
3,,,,,
3,,,,,
3,,,,,
3,,,,,
2,EV_B9_C1,,,0.000000,34.939523
1,EV_B9_C1,10.000000,80.000000,,
1,EV_B9_C1,9.000000,80.000000,,
1,EV_B9_C1,8.000000,80.000000,,
1,EV_B9_C1,7.000000,80.000000,,
1,EV_B9_C1,6.000000,80.000000,,
1,EV_B9_C1,5.000000,80.000000,,
1,EV_B9_C1,4.000000,80.000000,,
1,EV_B9_C1,3.000000,80.000000,,
1,EV_B9_C1,2.000000,80.000000,,
1,EV_B9_C1,1.000000,80.000000,,
1,EV_B9_C1,0.000000,80.000000,,
3,,,,,
3,,,,,
3,,,,,
3,,,,,
3,,,,,
3,,,,,
3,,,,,
3,,,,,
3,,,,,
3,,,,,
3,,,,,
3,,,,,
3,,,,,
3,,,,,
3,,,,,
2,EV_B9_C1,,,0.000000,41.270659
1,EV_B9_C1,8.000000,80.000000,,
1,EV_B9_C1,7.000000,80.000000,,
1,EV_B9_C1,6.000000,80.000000,,
1,EV_B9_C1,5.000000,80.000000,,
1,EV_B9_C1,4.000000,80.000000,,
1,EV_B9_C1,3.000000,80.000000,,
1,EV_B9_C1,2.000000,80.000000,,
1,EV_B9_C1,1.000000,80.000000,,
1,EV_B9_C1,0.000000,80.000000,,
3,,,,,
3,,,,,
3,,,,,
3,,,,,
3,,,,,
3,,,,,
3,,,,,
3,,,,,
3,,,,,
3,,,,,
3,,,,,
3,,,,,
3,,,,,
3,,,,,
3,,,,,
2,EV_B9_C1,,,0.000000,25.735832
1,EV_B9_C1,7.000000,80.000000,,
1,EV_B9_C1,6.000000,80.000000,,
1,EV_B9_C1,5.000000,80.000000,,
1,EV_B9_C1,4.000000,80.000000,,
1,EV_B9_C1,3.000000,80.000000,,
1,EV_B9_C1,2.000000,80.000000,,
1,EV_B9_C1,1.000000,80.000000,,
1,EV_B9_C1,0.000000,80.000000,,
3,,,,,
3,,,,,
3,,,,,
3,,,,,
3,,,,,
3,,,,,
3,,,,,
3,,,,,
3,,,,,
3,,,,,
3,,,,,
3,,,,,
3,,,,,
2,EV_B9_C1,,,0.000000,28.668252
1,EV_B9_C1,9.000000,80.000000,,
1,EV_B9_C1,8.000000,80.000000,,
1,EV_B9_C1,7.000000,80.000000,,
1,EV_B9_C1,6.000000,80.000000,,
1,EV_B9_C1,5.000000,80.000000,,
1,EV_B9_C1,4.000000,80.000000,,
1,EV_B9_C1,3.000000,80.000000,,
1,EV_B9_C1,2.000000,80.000000,,
1,EV_B9_C1,1.000000,80.000000,,
1,EV_B9_C1,0.000000,80.000000,,
3,,,,,
3,,,,,
3,,,,,
3,,,,,
3,,,,,
3,,,,,
3,,,,,
3,,,,,
3,,,,,
3,,,,,
3,,,,,
3,,,,,
3,,,,,
2,EV_B9_C1,,,0.000000,38.689897
1,EV_B9_C1,9.000000,80.000000,,
1,EV_B9_C1,8.000000,80.000000,,
1,EV_B9_C1,7.000000,80.000000,,
1,EV_B9_C1,6.000000,80.000000,,
1,EV_B9_C1,5.000000,80.000000,,
1,EV_B9_C1,4.000000,80.000000,,
1,EV_B9_C1,3.000000,80.000000,,
1,EV_B9_C1,2.000000,80.000000,,
1,EV_B9_C1,1.000000,80.000000,,
1,EV_B9_C1,0.000000,80.000000,,
3,,,,,
3,,,,,
3,,,,,
3,,,,,
3,,,,,
3,,,,,
3,,,,,
3,,,,,
3,,,,,
3,,,,,
3,,,,,
3,,,,,
3,,,,,
3,,,,,
2,EV_B9_C1,,,0.000000,31.204691
1,EV_B9_C1,8.000000,80.000000,,
1,EV_B9_C1,7.000000,80.000000,,
1,EV_B9_C1,6.000000,80.000000,,
1,EV_B9_C1,5.000000,80.000000,,
1,EV_B9_C1,4.000000,80.000000,,
1,EV_B9_C1,3.000000,80.000000,,
1,EV_B9_C1,2.000000,80.000000,,
1,EV_B9_C1,1.000000,80.000000,,
1,EV_B9_C1,0.000000,80.000000,,
3,,,,,
3,,,,,
3,,,,,
3,,,,,
3,,,,,
3,,,,,
3,,,,,
3,,,,,
3,,,,,
3,,,,,
3,,,,,
3,,,,,
3,,,,,
3,,,,,
3,,,,,
2,EV_B9_C1,,,0.000000,43.902407
1,EV_B9_C1,7.000000,80.000000,,
1,EV_B9_C1,6.000000,80.000000,,
1,EV_B9_C1,5.000000,80.000000,,
1,EV_B9_C1,4.000000,80.000000,,
1,EV_B9_C1,3.000000,80.000000,,
1,EV_B9_C1,2.000000,80.000000,,
1,EV_B9_C1,1.000000,80.000000,,
1,EV_B9_C1,0.000000,80.000000,,
3,,,,,
3,,,,,
3,,,,,
3,,,,,
3,,,,,
3,,,,,
3,,,,,
3,,,,,
3,,,,,
3,,,,,
3,,,,,
3,,,,,
2,EV_B9_C1,,,0.000000,35.457050
1,EV_B9_C1,10.000000,80.000000,,
1,EV_B9_C1,9.000000,80.000000,,
1,EV_B9_C1,8.000000,80.000000,,
1,EV_B9_C1,7.000000,80.000000,,
1,EV_B9_C1,6.000000,80.000000,,
1,EV_B9_C1,5.000000,80.000000,,
1,EV_B9_C1,4.000000,80.000000,,
1,EV_B9_C1,3.000000,80.000000,,
1,EV_B9_C1,2.000000,80.000000,,
1,EV_B9_C1,1.000000,80.000000,,
1,EV_B9_C1,0.000000,80.000000,,
3,,,,,
3,,,,,
3,,,,,
3,,,,,
3,,,,,
3,,,,,
3,,,,,
3,,,,,
3,,,,,
3,,,,,
3,,,,,
2,EV_B9_C1,,,0.000000,30.757964
1,EV_B9_C1,10.000000,80.000000,,
1,EV_B9_C1,9.000000,80.000000,,
1,EV_B9_C1,8.000000,80.000000,,
1,EV_B9_C1,7.000000,80.000000,,
1,EV_B9_C1,6.000000,80.000000,,
1,EV_B9_C1,5.000000,80.000000,,
1,EV_B9_C1,4.000000,80.000000,,
1,EV_B9_C1,3.000000,80.000000,,
1,EV_B9_C1,2.000000,80.000000,,
1,EV_B9_C1,1.000000,80.000000,,
1,EV_B9_C1,0.000000,80.000000,,
3,,,,,
3,,,,,
3,,,,,
3,,,,,
3,,,,,
3,,,,,
3,,,,,
3,,,,,
3,,,,,
3,,,,,
3,,,,,
3,,,,,
2,EV_B9_C1,,,0.000000,32.484592
1,EV_B9_C1,11.000000,80.000000,,
1,EV_B9_C1,10.000000,80.000000,,
1,EV_B9_C1,9.000000,80.000000,,
1,EV_B9_C1,8.000000,80.000000,,
1,EV_B9_C1,7.000000,80.000000,,
1,EV_B9_C1,6.000000,80.000000,,
1,EV_B9_C1,5.000000,80.000000,,
1,EV_B9_C1,4.000000,80.000000,,
1,EV_B9_C1,3.000000,80.000000,,
1,EV_B9_C1,2.000000,80.000000,,
1,EV_B9_C1,1.000000,80.000000,,
1,EV_B9_C1,0.000000,80.000000,,
3,,,,,
3,,,,,
3,,,,,
3,,,,,
3,,,,,
3,,,,,
3,,,,,
3,,,,,
3,,,,,
3,,,,,
3,,,,,
3,,,,,
3,,,,,
3,,,,,
2,EV_B9_C1,,,0.000000,40.676832
1,EV_B9_C1,7.000000,80.000000,,
1,EV_B9_C1,6.000000,80.000000,,
1,EV_B9_C1,5.000000,80.000000,,
1,EV_B9_C1,4.000000,80.000000,,
1,EV_B9_C1,3.000000,80.000000,,
1,EV_B9_C1,2.000000,80.000000,,
1,EV_B9_C1,1.000000,80.000000,,
1,EV_B9_C1,0.000000,80.000000,,
3,,,,,
3,,,,,
3,,,,,
3,,,,,
3,,,,,
3,,,,,
3,,,,,
3,,,,,
3,,,,,
3,,,,,
3,,,,,
3,,,,,
2,EV_B9_C1,,,0.000000,33.744944
1,EV_B9_C1,10.000000,80.000000,,
1,EV_B9_C1,9.000000,80.000000,,
1,EV_B9_C1,8.000000,80.000000,,
1,EV_B9_C1,7.000000,80.000000,,
1,EV_B9_C1,6.000000,80.000000,,
1,EV_B9_C1,5.000000,80.000000,,
1,EV_B9_C1,4.000000,80.000000,,
1,EV_B9_C1,3.000000,80.000000,,
1,EV_B9_C1,2.000000,80.000000,,
1,EV_B9_C1,1.000000,80.000000,,
1,EV_B9_C1,0.000000,80.000000,,
3,,,,,
3,,,,,
3,,,,,
3,,,,,
3,,,,,
3,,,,,
3,,,,,
3,,,,,
3,,,,,
3,,,,,
3,,,,,
3,,,,,
3,,,,,
3,,,,,
2,EV_B9_C1,,,0.000000,40.725629
1,EV_B9_C1,8.000000,80.000000,,
1,EV_B9_C1,7.000000,80.000000,,
1,EV_B9_C1,6.000000,80.000000,,
1,EV_B9_C1,5.000000,80.000000,,
1,EV_B9_C1,4.000000,80.000000,,
1,EV_B9_C1,3.000000,80.000000,,
1,EV_B9_C1,2.000000,80.000000,,
1,EV_B9_C1,1.000000,80.000000,,
1,EV_B9_C1,0.000000,80.000000,,
3,,,,,
3,,,,,
3,,,,,
3,,,,,
3,,,,,
3,,,,,
3,,,,,
3,,,,,
3,,,,,
3,,,,,
3,,,,,
3,,,,,
3,,,,,
2,EV_B9_C1,,,0.000000,42.632667
1,EV_B9_C1,9.000000,80.000000,,
1,EV_B9_C1,8.000000,80.000000,,
1,EV_B9_C1,7.000000,80.000000,,
1,EV_B9_C1,6.000000,80.000000,,
1,EV_B9_C1,5.000000,80.000000,,
1,EV_B9_C1,4.000000,80.000000,,
1,EV_B9_C1,3.000000,80.000000,,
1,EV_B9_C1,2.000000,80.000000,,
1,EV_B9_C1,1.000000,80.000000,,
1,EV_B9_C1,0.000000,80.000000,,
3,,,,,
3,,,,,
3,,,,,
3,,,,,
3,,,,,
3,,,,,
3,,,,,
3,,,,,
3,,,,,
3,,,,,
3,,,,,
3,,,,,
3,,,,,
3,,,,,
2,EV_B9_C1,,,0.000000,37.307838
1,EV_B9_C1,8.000000,80.000000,,
1,EV_B9_C1,7.000000,80.000000,,
1,EV_B9_C1,6.000000,80.000000,,
1,EV_B9_C1,5.000000,80.000000,,
1,EV_B9_C1,4.000000,80.000000,,
1,EV_B9_C1,3.000000,80.000000,,
1,EV_B9_C1,2.000000,80.000000,,
1,EV_B9_C1,1.000000,80.000000,,
1,EV_B9_C1,0.000000,80.000000,,
3,,,,,
3,,,,,
3,,,,,
3,,,,,
3,,,,,
3,,,,,
3,,,,,
3,,,,,
3,,,,,
3,,,,,
3,,,,,
3,,,,,
3,,,,,
2,EV_B9_C1,,,0.000000,37.548847
1,EV_B9_C1,10.000000,80.000000,,
1,EV_B9_C1,9.000000,80.000000,,
1,EV_B9_C1,8.000000,80.000000,,
1,EV_B9_C1,7.000000,80.000000,,
1,EV_B9_C1,6.000000,80.000000,,
1,EV_B9_C1,5.000000,80.000000,,
1,EV_B9_C1,4.000000,80.000000,,
1,EV_B9_C1,3.000000,80.000000,,
1,EV_B9_C1,2.000000,80.000000,,
1,EV_B9_C1,1.000000,80.000000,,
1,EV_B9_C1,0.000000,80.000000,,
3,,,,,
3,,,,,
3,,,,,
3,,,,,
3,,,,,
3,,,,,
3,,,,,
3,,,,,
3,,,,,
3,,,,,
3,,,,,
3,,,,,
2,EV_B9_C1,,,0.000000,42.187986
1,EV_B9_C1,9.000000,80.000000,,
1,EV_B9_C1,8.000000,80.000000,,
1,EV_B9_C1,7.000000,80.000000,,
1,EV_B9_C1,6.000000,80.000000,,
1,EV_B9_C1,5.000000,80.000000,,
1,EV_B9_C1,4.000000,80.000000,,
1,EV_B9_C1,3.000000,80.000000,,
1,EV_B9_C1,2.000000,80.000000,,
1,EV_B9_C1,1.000000,80.000000,,
1,EV_B9_C1,0.000000,80.000000,,
3,,,,,
3,,,,,
3,,,,,
3,,,,,
3,,,,,
3,,,,,
3,,,,,
3,,,,,
3,,,,,
3,,,,,
3,,,,,
3,,,,,
3,,,,,
2,EV_B9_C1,,,0.000000,33.285001
1,EV_B9_C1,10.000000,80.000000,,
1,EV_B9_C1,9.000000,80.000000,,
1,EV_B9_C1,8.000000,80.000000,,
1,EV_B9_C1,7.000000,80.000000,,
1,EV_B9_C1,6.000000,80.000000,,
1,EV_B9_C1,5.000000,80.000000,,
1,EV_B9_C1,4.000000,80.000000,,
1,EV_B9_C1,3.000000,80.000000,,
1,EV_B9_C1,2.000000,80.000000,,
1,EV_B9_C1,1.000000,80.000000,,
1,EV_B9_C1,0.000000,80.000000,,
3,,,,,
3,,,,,
3,,,,,
3,,,,,
3,,,,,
3,,,,,
3,,,,,
3,,,,,
3,,,,,
3,,,,,
3,,,,,
3,,,,,
3,,,,,
3,,,,,
3,,,,,
3,,,,,
3,,,,,
3,,,,,
3,,,,,
3,,,,,
3,,,,,
3,,,,,
3,,,,,
3,,,,,
3,,,,,
3,,,,,
3,,,,,
3,,,,,
3,,,,,
3,,,,,
3,,,,,
3,,,,,
3,,,,,
3,,,,,
3,,,,,
3,,,,,
3,,,,,
2,EV_B9_C1,,,0.000000,41.896655
1,EV_B9_C1,9.000000,80.000000,,
1,EV_B9_C1,8.000000,80.000000,,
1,EV_B9_C1,7.000000,80.000000,,
1,EV_B9_C1,6.000000,80.000000,,
1,EV_B9_C1,5.000000,80.000000,,
1,EV_B9_C1,4.000000,80.000000,,
1,EV_B9_C1,3.000000,80.000000,,
1,EV_B9_C1,2.000000,80.000000,,
1,EV_B9_C1,1.000000,80.000000,,
1,EV_B9_C1,0.000000,80.000000,,
3,,,,,
3,,,,,
3,,,,,
3,,,,,
3,,,,,
3,,,,,
3,,,,,
3,,,,,
3,,,,,
3,,,,,
3,,,,,
3,,,,,
2,EV_B9_C1,,,0.000000,38.980283
1,EV_B9_C1,9.000000,80.000000,,
1,EV_B9_C1,8.000000,80.000000,,
1,EV_B9_C1,7.000000,80.000000,,
1,EV_B9_C1,6.000000,80.000000,,
1,EV_B9_C1,5.000000,80.000000,,
1,EV_B9_C1,4.000000,80.000000,,
1,EV_B9_C1,3.000000,80.000000,,
1,EV_B9_C1,2.000000,80.000000,,
1,EV_B9_C1,1.000000,80.000000,,
1,EV_B9_C1,0.000000,80.000000,,
3,,,,,
3,,,,,
3,,,,,
3,,,,,
3,,,,,
3,,,,,
3,,,,,
3,,,,,
3,,,,,
3,,,,,
3,,,,,
3,,,,,
3,,,,,
2,EV_B9_C1,,,0.000000,42.648221
1,EV_B9_C1,9.000000,80.000000,,
1,EV_B9_C1,8.000000,80.000000,,
1,EV_B9_C1,7.000000,80.000000,,
1,EV_B9_C1,6.000000,80.000000,,
1,EV_B9_C1,5.000000,80.000000,,
1,EV_B9_C1,4.000000,80.000000,,
1,EV_B9_C1,3.000000,80.000000,,
1,EV_B9_C1,2.000000,80.000000,,
1,EV_B9_C1,1.000000,80.000000,,
1,EV_B9_C1,0.000000,80.000000,,
3,,,,,
3,,,,,
3,,,,,
3,,,,,
3,,,,,
3,,,,,
3,,,,,
3,,,,,
3,,,,,
3,,,,,
3,,,,,
3,,,,,
3,,,,,
3,,,,,
3,,,,,
3,,,,,
2,EV_B9_C1,,,0.000000,40.734093
1,EV_B9_C1,6.000000,80.000000,,
1,EV_B9_C1,5.000000,80.000000,,
1,EV_B9_C1,4.000000,80.000000,,
1,EV_B9_C1,3.000000,80.000000,,
1,EV_B9_C1,2.000000,80.000000,,
1,EV_B9_C1,1.000000,80.000000,,
1,EV_B9_C1,0.000000,80.000000,,
3,,,,,
3,,,,,
3,,,,,
3,,,,,
3,,,,,
3,,,,,
3,,,,,
3,,,,,
3,,,,,
3,,,,,
3,,,,,
3,,,,,
3,,,,,
3,,,,,
2,EV_B9_C1,,,0.000000,33.982078
1,EV_B9_C1,8.000000,80.000000,,
1,EV_B9_C1,7.000000,80.000000,,
1,EV_B9_C1,6.000000,80.000000,,
1,EV_B9_C1,5.000000,80.000000,,
1,EV_B9_C1,4.000000,80.000000,,
1,EV_B9_C1,3.000000,80.000000,,
1,EV_B9_C1,2.000000,80.000000,,
1,EV_B9_C1,1.000000,80.000000,,
1,EV_B9_C1,0.000000,80.000000,,
3,,,,,
3,,,,,
3,,,,,
3,,,,,
3,,,,,
3,,,,,
3,,,,,
3,,,,,
3,,,,,
3,,,,,
3,,,,,
3,,,,,
3,,,,,
3,,,,,
2,EV_B9_C1,,,0.000000,28.224564
1,EV_B9_C1,9.000000,80.000000,,
1,EV_B9_C1,8.000000,80.000000,,
1,EV_B9_C1,7.000000,80.000000,,
1,EV_B9_C1,6.000000,80.000000,,
1,EV_B9_C1,5.000000,80.000000,,
1,EV_B9_C1,4.000000,80.000000,,
1,EV_B9_C1,3.000000,80.000000,,
1,EV_B9_C1,2.000000,80.000000,,
1,EV_B9_C1,1.000000,80.000000,,
1,EV_B9_C1,0.000000,80.000000,,
3,,,,,
3,,,,,
3,,,,,
3,,,,,
3,,,,,
3,,,,,
3,,,,,
3,,,,,
3,,,,,
3,,,,,
3,,,,,
3,,,,,
3,,,,,
2,EV_B9_C1,,,0.000000,42.458156
1,EV_B9_C1,9.000000,80.000000,,
1,EV_B9_C1,8.000000,80.000000,,
1,EV_B9_C1,7.000000,80.000000,,
1,EV_B9_C1,6.000000,80.000000,,
1,EV_B9_C1,5.000000,80.000000,,
1,EV_B9_C1,4.000000,80.000000,,
1,EV_B9_C1,3.000000,80.000000,,
1,EV_B9_C1,2.000000,80.000000,,
1,EV_B9_C1,1.000000,80.000000,,
1,EV_B9_C1,0.000000,80.000000,,
3,,,,,
3,,,,,
3,,,,,
3,,,,,
3,,,,,
3,,,,,
3,,,,,
3,,,,,
3,,,,,
3,,,,,
3,,,,,
3,,,,,
3,,,,,
3,,,,,
3,,,,,
3,,,,,
3,,,,,
3,,,,,
3,,,,,
3,,,,,
3,,,,,
3,,,,,
3,,,,,
3,,,,,
3,,,,,
3,,,,,
3,,,,,
3,,,,,
3,,,,,
3,,,,,
3,,,,,
3,,,,,
3,,,,,
3,,,,,
3,,,,,
3,,,,,
3,,,,,
2,EV_B9_C1,,,0.000000,36.239223
1,EV_B9_C1,8.000000,80.000000,,
1,EV_B9_C1,7.000000,80.000000,,
1,EV_B9_C1,6.000000,80.000000,,
1,EV_B9_C1,5.000000,80.000000,,
1,EV_B9_C1,4.000000,80.000000,,
1,EV_B9_C1,3.000000,80.000000,,
1,EV_B9_C1,2.000000,80.000000,,
1,EV_B9_C1,1.000000,80.000000,,
1,EV_B9_C1,0.000000,80.000000,,
3,,,,,
3,,,,,
3,,,,,
3,,,,,
3,,,,,
3,,,,,
3,,,,,
3,,,,,
3,,,,,
3,,,,,
3,,,,,
3,,,,,
3,,,,,
2,EV_B9_C1,,,0.000000,26.376343
1,EV_B9_C1,9.000000,80.000000,,
1,EV_B9_C1,8.000000,80.000000,,
1,EV_B9_C1,7.000000,80.000000,,
1,EV_B9_C1,6.000000,80.000000,,
1,EV_B9_C1,5.000000,80.000000,,
1,EV_B9_C1,4.000000,80.000000,,
1,EV_B9_C1,3.000000,80.000000,,
1,EV_B9_C1,2.000000,80.000000,,
1,EV_B9_C1,1.000000,80.000000,,
1,EV_B9_C1,0.000000,80.000000,,
3,,,,,
3,,,,,
3,,,,,
3,,,,,
3,,,,,
3,,,,,
3,,,,,
3,,,,,
3,,,,,
3,,,,,
3,,,,,
3,,,,,
3,,,,,
3,,,,,
3,,,,,
2,EV_B9_C1,,,0.000000,42.252931
1,EV_B9_C1,7.000000,80.000000,,
1,EV_B9_C1,6.000000,80.000000,,
1,EV_B9_C1,5.000000,80.000000,,
1,EV_B9_C1,4.000000,80.000000,,
1,EV_B9_C1,3.000000,80.000000,,
1,EV_B9_C1,2.000000,80.000000,,
1,EV_B9_C1,1.000000,80.000000,,
1,EV_B9_C1,0.000000,80.000000,,
3,,,,,
3,,,,,
3,,,,,
3,,,,,
3,,,,,
3,,,,,
3,,,,,
3,,,,,
3,,,,,
3,,,,,
3,,,,,
3,,,,,
3,,,,,
3,,,,,
2,EV_B9_C1,,,0.000000,43.227602
1,EV_B9_C1,8.000000,80.000000,,
1,EV_B9_C1,7.000000,80.000000,,
1,EV_B9_C1,6.000000,80.000000,,
1,EV_B9_C1,5.000000,80.000000,,
1,EV_B9_C1,4.000000,80.000000,,
1,EV_B9_C1,3.000000,80.000000,,
1,EV_B9_C1,2.000000,80.000000,,
1,EV_B9_C1,1.000000,80.000000,,
1,EV_B9_C1,0.000000,80.000000,,
3,,,,,
3,,,,,
3,,,,,
3,,,,,
3,,,,,
3,,,,,
3,,,,,
3,,,,,
3,,,,,
3,,,,,
3,,,,,
3,,,,,
2,EV_B9_C1,,,0.000000,40.861178
1,EV_B9_C1,10.000000,80.000000,,
1,EV_B9_C1,9.000000,80.000000,,
1,EV_B9_C1,8.000000,80.000000,,
1,EV_B9_C1,7.000000,80.000000,,
1,EV_B9_C1,6.000000,80.000000,,
1,EV_B9_C1,5.000000,80.000000,,
1,EV_B9_C1,4.000000,80.000000,,
1,EV_B9_C1,3.000000,80.000000,,
1,EV_B9_C1,2.000000,80.000000,,
1,EV_B9_C1,1.000000,80.000000,,
1,EV_B9_C1,0.000000,80.000000,,
3,,,,,
3,,,,,
3,,,,,
3,,,,,
3,,,,,
3,,,,,
3,,,,,
3,,,,,
3,,,,,
3,,,,,
3,,,,,
3,,,,,
3,,,,,
2,EV_B9_C1,,,0.000000,30.363054
1,EV_B9_C1,10.000000,80.000000,,
1,EV_B9_C1,9.000000,80.000000,,
1,EV_B9_C1,8.000000,80.000000,,
1,EV_B9_C1,7.000000,80.000000,,
1,EV_B9_C1,6.000000,80.000000,,
1,EV_B9_C1,5.000000,80.000000,,
1,EV_B9_C1,4.000000,80.000000,,
1,EV_B9_C1,3.000000,80.000000,,
1,EV_B9_C1,2.000000,80.000000,,
1,EV_B9_C1,1.000000,80.000000,,
1,EV_B9_C1,0.000000,80.000000,,
3,,,,,
3,,,,,
3,,,,,
3,,,,,
3,,,,,
3,,,,,
3,,,,,
3,,,,,
3,,,,,
3,,,,,
3,,,,,
3,,,,,
3,,,,,
2,EV_B9_C1,,,0.000000,26.539432
1,EV_B9_C1,7.000000,80.000000,,
1,EV_B9_C1,6.000000,80.000000,,
1,EV_B9_C1,5.000000,80.000000,,
1,EV_B9_C1,4.000000,80.000000,,
1,EV_B9_C1,3.000000,80.000000,,
1,EV_B9_C1,2.000000,80.000000,,
1,EV_B9_C1,1.000000,80.000000,,
1,EV_B9_C1,0.000000,80.000000,,
3,,,,,
3,,,,,
3,,,,,
3,,,,,
3,,,,,
3,,,,,
3,,,,,
3,,,,,
3,,,,,
3,,,,,
3,,,,,
3,,,,,
3,,,,,
3,,,,,
2,EV_B9_C1,,,0.000000,39.216288
1,EV_B9_C1,9.000000,80.000000,,
1,EV_B9_C1,8.000000,80.000000,,
1,EV_B9_C1,7.000000,80.000000,,
1,EV_B9_C1,6.000000,80.000000,,
1,EV_B9_C1,5.000000,80.000000,,
1,EV_B9_C1,4.000000,80.000000,,
1,EV_B9_C1,3.000000,80.000000,,
1,EV_B9_C1,2.000000,80.000000,,
1,EV_B9_C1,1.000000,80.000000,,
1,EV_B9_C1,0.000000,80.000000,,
3,,,,,
3,,,,,
3,,,,,
3,,,,,
3,,,,,
3,,,,,
3,,,,,
3,,,,,
3,,,,,
3,,,,,
3,,,,,
3,,,,,
3,,,,,
3,,,,,
3,,,,,
2,EV_B9_C1,,,0.000000,35.930029
1,EV_B9_C1,7.000000,80.000000,,
1,EV_B9_C1,6.000000,80.000000,,
1,EV_B9_C1,5.000000,80.000000,,
1,EV_B9_C1,4.000000,80.000000,,
1,EV_B9_C1,3.000000,80.000000,,
1,EV_B9_C1,2.000000,80.000000,,
1,EV_B9_C1,1.000000,80.000000,,
1,EV_B9_C1,0.000000,80.000000,,
3,,,,,
3,,,,,
3,,,,,
3,,,,,
3,,,,,
3,,,,,
3,,,,,
3,,,,,
3,,,,,
3,,,,,
3,,,,,
3,,,,,
3,,,,,
3,,,,,
3,,,,,
2,EV_B9_C1,,,0.000000,40.870510
1,EV_B9_C1,7.000000,80.000000,,
1,EV_B9_C1,6.000000,80.000000,,
1,EV_B9_C1,5.000000,80.000000,,
1,EV_B9_C1,4.000000,80.000000,,
1,EV_B9_C1,3.000000,80.000000,,
1,EV_B9_C1,2.000000,80.000000,,
1,EV_B9_C1,1.000000,80.000000,,
1,EV_B9_C1,0.000000,80.000000,,
3,,,,,
3,,,,,
3,,,,,
3,,,,,
3,,,,,
3,,,,,
3,,,,,
3,,,,,
3,,,,,
3,,,,,
3,,,,,
3,,,,,
3,,,,,
3,,,,,
3,,,,,
3,,,,,
3,,,,,
3,,,,,
3,,,,,
3,,,,,
3,,,,,
3,,,,,
3,,,,,
3,,,,,
3,,,,,
3,,,,,
3,,,,,
3,,,,,
3,,,,,
3,,,,,
3,,,,,
3,,,,,
3,,,,,
3,,,,,
3,,,,,
3,,,,,
3,,,,,
3,,,,,
2,EV_B9_C1,,,0.000000,41.939165
1,EV_B9_C1,9.000000,80.000000,,
1,EV_B9_C1,8.000000,80.000000,,
1,EV_B9_C1,7.000000,80.000000,,
1,EV_B9_C1,6.000000,80.000000,,
1,EV_B9_C1,5.000000,80.000000,,
1,EV_B9_C1,4.000000,80.000000,,
1,EV_B9_C1,3.000000,80.000000,,
1,EV_B9_C1,2.000000,80.000000,,
1,EV_B9_C1,1.000000,80.000000,,
1,EV_B9_C1,0.000000,80.000000,,
3,,,,,
3,,,,,
3,,,,,
3,,,,,
3,,,,,
3,,,,,
3,,,,,
3,,,,,
3,,,,,
3,,,,,
3,,,,,
3,,,,,
2,EV_B9_C1,,,0.000000,33.044023
1,EV_B9_C1,10.000000,80.000000,,
1,EV_B9_C1,9.000000,80.000000,,
1,EV_B9_C1,8.000000,80.000000,,
1,EV_B9_C1,7.000000,80.000000,,
1,EV_B9_C1,6.000000,80.000000,,
1,EV_B9_C1,5.000000,80.000000,,
1,EV_B9_C1,4.000000,80.000000,,
1,EV_B9_C1,3.000000,80.000000,,
1,EV_B9_C1,2.000000,80.000000,,
1,EV_B9_C1,1.000000,80.000000,,
1,EV_B9_C1,0.000000,80.000000,,
3,,,,,
3,,,,,
3,,,,,
3,,,,,
3,,,,,
3,,,,,
3,,,,,
3,,,,,
3,,,,,
3,,,,,
3,,,,,
3,,,,,
3,,,,,
3,,,,,
2,EV_B9_C1,,,0.000000,27.220542
1,EV_B9_C1,8.000000,80.000000,,
1,EV_B9_C1,7.000000,80.000000,,
1,EV_B9_C1,6.000000,80.000000,,
1,EV_B9_C1,5.000000,80.000000,,
1,EV_B9_C1,4.000000,80.000000,,
1,EV_B9_C1,3.000000,80.000000,,
1,EV_B9_C1,2.000000,80.000000,,
1,EV_B9_C1,1.000000,80.000000,,
1,EV_B9_C1,0.000000,80.000000,,
3,,,,,
3,,,,,
3,,,,,
3,,,,,
3,,,,,
3,,,,,
3,,,,,
3,,,,,
3,,,,,
3,,,,,
3,,,,,
3,,,,,
2,EV_B9_C1,,,0.000000,37.429118
1,EV_B9_C1,8.000000,80.000000,,
1,EV_B9_C1,7.000000,80.000000,,
1,EV_B9_C1,6.000000,80.000000,,
1,EV_B9_C1,5.000000,80.000000,,
1,EV_B9_C1,4.000000,80.000000,,
1,EV_B9_C1,3.000000,80.000000,,
1,EV_B9_C1,2.000000,80.000000,,
1,EV_B9_C1,1.000000,80.000000,,
1,EV_B9_C1,0.000000,80.000000,,
3,,,,,
3,,,,,
3,,,,,
3,,,,,
3,,,,,
3,,,,,
3,,,,,
3,,,,,
3,,,,,
3,,,,,
3,,,,,
3,,,,,
3,,,,,
3,,,,,
3,,,,,
3,,,,,
2,EV_B9_C1,,,0.000000,27.888467
1,EV_B9_C1,7.000000,80.000000,,
1,EV_B9_C1,6.000000,80.000000,,
1,EV_B9_C1,5.000000,80.000000,,
1,EV_B9_C1,4.000000,80.000000,,
1,EV_B9_C1,3.000000,80.000000,,
1,EV_B9_C1,2.000000,80.000000,,
1,EV_B9_C1,1.000000,80.000000,,
1,EV_B9_C1,0.000000,80.000000,,
3,,,,,
3,,,,,
3,,,,,
3,,,,,
3,,,,,
3,,,,,
3,,,,,
3,,,,,
3,,,,,
3,,,,,
3,,,,,
3,,,,,
3,,,,,
2,EV_B9_C1,,,0.000000,30.633077
1,EV_B9_C1,10.000000,80.000000,,
1,EV_B9_C1,9.000000,80.000000,,
1,EV_B9_C1,8.000000,80.000000,,
1,EV_B9_C1,7.000000,80.000000,,
1,EV_B9_C1,6.000000,80.000000,,
1,EV_B9_C1,5.000000,80.000000,,
1,EV_B9_C1,4.000000,80.000000,,
1,EV_B9_C1,3.000000,80.000000,,
1,EV_B9_C1,2.000000,80.000000,,
1,EV_B9_C1,1.000000,80.000000,,
1,EV_B9_C1,0.000000,80.000000,,
3,,,,,
3,,,,,
3,,,,,
3,,,,,
3,,,,,
3,,,,,
3,,,,,
3,,,,,
3,,,,,
3,,,,,
3,,,,,
3,,,,,
3,,,,,
2,EV_B9_C1,,,0.000000,33.238210
1,EV_B9_C1,9.000000,80.000000,,
1,EV_B9_C1,8.000000,80.000000,,
1,EV_B9_C1,7.000000,80.000000,,
1,EV_B9_C1,6.000000,80.000000,,
1,EV_B9_C1,5.000000,80.000000,,
1,EV_B9_C1,4.000000,80.000000,,
1,EV_B9_C1,3.000000,80.000000,,
1,EV_B9_C1,2.000000,80.000000,,
1,EV_B9_C1,1.000000,80.000000,,
1,EV_B9_C1,0.000000,80.000000,,
3,,,,,
3,,,,,
3,,,,,
3,,,,,
3,,,,,
3,,,,,
3,,,,,
3,,,,,
3,,,,,
3,,,,,
3,,,,,
3,,,,,
3,,,,,
2,EV_B9_C1,,,0.000000,42.297104
1,EV_B9_C1,8.000000,80.000000,,
1,EV_B9_C1,7.000000,80.000000,,
1,EV_B9_C1,6.000000,80.000000,,
1,EV_B9_C1,5.000000,80.000000,,
1,EV_B9_C1,4.000000,80.000000,,
1,EV_B9_C1,3.000000,80.000000,,
1,EV_B9_C1,2.000000,80.000000,,
1,EV_B9_C1,1.000000,80.000000,,
1,EV_B9_C1,0.000000,80.000000,,
3,,,,,
3,,,,,
3,,,,,
3,,,,,
3,,,,,
3,,,,,
3,,,,,
3,,,,,
3,,,,,
3,,,,,
3,,,,,
3,,,,,
3,,,,,
3,,,,,
2,EV_B9_C1,,,0.000000,43.823015
1,EV_B9_C1,9.000000,80.000000,,
1,EV_B9_C1,8.000000,80.000000,,
1,EV_B9_C1,7.000000,80.000000,,
1,EV_B9_C1,6.000000,80.000000,,
1,EV_B9_C1,5.000000,80.000000,,
1,EV_B9_C1,4.000000,80.000000,,
1,EV_B9_C1,3.000000,80.000000,,
1,EV_B9_C1,2.000000,80.000000,,
1,EV_B9_C1,1.000000,80.000000,,
1,EV_B9_C1,0.000000,80.000000,,
3,,,,,
3,,,,,
3,,,,,
3,,,,,
3,,,,,
3,,,,,
3,,,,,
3,,,,,
3,,,,,
3,,,,,
3,,,,,
3,,,,,
2,EV_B9_C1,,,0.000000,26.711526
1,EV_B9_C1,9.000000,80.000000,,
1,EV_B9_C1,8.000000,80.000000,,
1,EV_B9_C1,7.000000,80.000000,,
1,EV_B9_C1,6.000000,80.000000,,
1,EV_B9_C1,5.000000,80.000000,,
1,EV_B9_C1,4.000000,80.000000,,
1,EV_B9_C1,3.000000,80.000000,,
1,EV_B9_C1,2.000000,80.000000,,
1,EV_B9_C1,1.000000,80.000000,,
1,EV_B9_C1,0.000000,80.000000,,
3,,,,,
3,,,,,
3,,,,,
3,,,,,
3,,,,,
3,,,,,
3,,,,,
3,,,,,
3,,,,,
3,,,,,
3,,,,,
3,,,,,
3,,,,,
3,,,,,
2,EV_B9_C1,,,0.000000,26.015392
1,EV_B9_C1,9.000000,80.000000,,
1,EV_B9_C1,8.000000,80.000000,,
1,EV_B9_C1,7.000000,80.000000,,
1,EV_B9_C1,6.000000,80.000000,,
1,EV_B9_C1,5.000000,80.000000,,
1,EV_B9_C1,4.000000,80.000000,,
1,EV_B9_C1,3.000000,80.000000,,
1,EV_B9_C1,2.000000,80.000000,,
1,EV_B9_C1,1.000000,80.000000,,
1,EV_B9_C1,0.000000,80.000000,,
3,,,,,
3,,,,,
3,,,,,
3,,,,,
3,,,,,
3,,,,,
3,,,,,
3,,,,,
3,,,,,
3,,,,,
3,,,,,
2,EV_B9_C1,,,0.000000,42.660963
1,EV_B9_C1,10.000000,80.000000,,
1,EV_B9_C1,9.000000,80.000000,,
1,EV_B9_C1,8.000000,80.000000,,
1,EV_B9_C1,7.000000,80.000000,,
1,EV_B9_C1,6.000000,80.000000,,
1,EV_B9_C1,5.000000,80.000000,,
1,EV_B9_C1,4.000000,80.000000,,
1,EV_B9_C1,3.000000,80.000000,,
1,EV_B9_C1,2.000000,80.000000,,
1,EV_B9_C1,1.000000,80.000000,,
1,EV_B9_C1,0.000000,80.000000,,
3,,,,,
3,,,,,
3,,,,,
3,,,,,
3,,,,,
3,,,,,
3,,,,,
3,,,,,
3,,,,,
3,,,,,
3,,,,,
3,,,,,
3,,,,,
3,,,,,
3,,,,,
2,EV_B9_C1,,,0.000000,37.760535
1,EV_B9_C1,7.000000,80.000000,,
1,EV_B9_C1,6.000000,80.000000,,
1,EV_B9_C1,5.000000,80.000000,,
1,EV_B9_C1,4.000000,80.000000,,
1,EV_B9_C1,3.000000,80.000000,,
1,EV_B9_C1,2.000000,80.000000,,
1,EV_B9_C1,1.000000,80.000000,,
1,EV_B9_C1,0.000000,80.000000,,
3,,,,,
3,,,,,
3,,,,,
3,,,,,
3,,,,,
3,,,,,
3,,,,,
3,,,,,
3,,,,,
3,,,,,
3,,,,,
3,,,,,
2,EV_B9_C1,,,0.000000,34.753998
1,EV_B9_C1,10.000000,80.000000,,
1,EV_B9_C1,9.000000,80.000000,,
1,EV_B9_C1,8.000000,80.000000,,
1,EV_B9_C1,7.000000,80.000000,,
1,EV_B9_C1,6.000000,80.000000,,
1,EV_B9_C1,5.000000,80.000000,,
1,EV_B9_C1,4.000000,80.000000,,
1,EV_B9_C1,3.000000,80.000000,,
1,EV_B9_C1,2.000000,80.000000,,
1,EV_B9_C1,1.000000,80.000000,,
1,EV_B9_C1,0.000000,80.000000,,
3,,,,,
3,,,,,
3,,,,,
3,,,,,
3,,,,,
3,,,,,
3,,,,,
3,,,,,
3,,,,,
3,,,,,
3,,,,,
3,,,,,
3,,,,,
3,,,,,
3,,,,,
2,EV_B9_C1,,,0.000000,35.946324
1,EV_B9_C1,7.000000,80.000000,,
1,EV_B9_C1,6.000000,80.000000,,
1,EV_B9_C1,5.000000,80.000000,,
1,EV_B9_C1,4.000000,80.000000,,
1,EV_B9_C1,3.000000,80.000000,,
1,EV_B9_C1,2.000000,80.000000,,
1,EV_B9_C1,1.000000,80.000000,,
1,EV_B9_C1,0.000000,80.000000,,
3,,,,,
3,,,,,
3,,,,,
3,,,,,
3,,,,,
3,,,,,
3,,,,,
3,,,,,
3,,,,,
3,,,,,
3,,,,,
3,,,,,
3,,,,,
2,EV_B9_C1,,,0.000000,36.103883
1,EV_B9_C1,10.000000,80.000000,,
1,EV_B9_C1,9.000000,80.000000,,
1,EV_B9_C1,8.000000,80.000000,,
1,EV_B9_C1,7.000000,80.000000,,
1,EV_B9_C1,6.000000,80.000000,,
1,EV_B9_C1,5.000000,80.000000,,
1,EV_B9_C1,4.000000,80.000000,,
1,EV_B9_C1,3.000000,80.000000,,
1,EV_B9_C1,2.000000,80.000000,,
1,EV_B9_C1,1.000000,80.000000,,
1,EV_B9_C1,0.000000,80.000000,,
3,,,,,
3,,,,,
3,,,,,
3,,,,,
3,,,,,
3,,,,,
3,,,,,
3,,,,,
3,,,,,
3,,,,,
3,,,,,
3,,,,,
3,,,,,
2,EV_B9_C1,,,0.000000,32.886012
1,EV_B9_C1,8.000000,80.000000,,
1,EV_B9_C1,7.000000,80.000000,,
1,EV_B9_C1,6.000000,80.000000,,
1,EV_B9_C1,5.000000,80.000000,,
1,EV_B9_C1,4.000000,80.000000,,
1,EV_B9_C1,3.000000,80.000000,,
1,EV_B9_C1,2.000000,80.000000,,
1,EV_B9_C1,1.000000,80.000000,,
1,EV_B9_C1,0.000000,80.000000,,
3,,,,,
3,,,,,
3,,,,,
3,,,,,
3,,,,,
3,,,,,
3,,,,,
3,,,,,
3,,,,,
3,,,,,
3,,,,,
3,,,,,
3,,,,,
3,,,,,
3,,,,,
3,,,,,
2,EV_B9_C1,,,0.000000,29.069635
1,EV_B9_C1,6.000000,80.000000,,
1,EV_B9_C1,5.000000,80.000000,,
1,EV_B9_C1,4.000000,80.000000,,
1,EV_B9_C1,3.000000,80.000000,,
1,EV_B9_C1,2.000000,80.000000,,
1,EV_B9_C1,1.000000,80.000000,,
1,EV_B9_C1,0.000000,80.000000,,
3,,,,,
3,,,,,
3,,,,,
3,,,,,
3,,,,,
3,,,,,
3,,,,,
3,,,,,
3,,,,,
3,,,,,
3,,,,,
3,,,,,
3,,,,,
3,,,,,
3,,,,,
3,,,,,
3,,,,,
3,,,,,
3,,,,,
3,,,,,
3,,,,,
3,,,,,
3,,,,,
3,,,,,
3,,,,,
3,,,,,
3,,,,,
3,,,,,
3,,,,,
3,,,,,
3,,,,,
3,,,,,
3,,,,,
3,,,,,
3,,,,,
3,,,,,
3,,,,,
2,EV_B9_C1,,,0.000000,26.547852
1,EV_B9_C1,9.000000,80.000000,,
1,EV_B9_C1,8.000000,80.000000,,
1,EV_B9_C1,7.000000,80.000000,,
1,EV_B9_C1,6.000000,80.000000,,
1,EV_B9_C1,5.000000,80.000000,,
1,EV_B9_C1,4.000000,80.000000,,
1,EV_B9_C1,3.000000,80.000000,,
1,EV_B9_C1,2.000000,80.000000,,
1,EV_B9_C1,1.000000,80.000000,,
1,EV_B9_C1,0.000000,80.000000,,
3,,,,,
3,,,,,
3,,,,,
3,,,,,
3,,,,,
3,,,,,
3,,,,,
3,,,,,
3,,,,,
3,,,,,
3,,,,,
2,EV_B9_C1,,,0.000000,35.548751
1,EV_B9_C1,11.000000,80.000000,,
1,EV_B9_C1,10.000000,80.000000,,
1,EV_B9_C1,9.000000,80.000000,,
1,EV_B9_C1,8.000000,80.000000,,
1,EV_B9_C1,7.000000,80.000000,,
1,EV_B9_C1,6.000000,80.000000,,
1,EV_B9_C1,5.000000,80.000000,,
1,EV_B9_C1,4.000000,80.000000,,
1,EV_B9_C1,3.000000,80.000000,,
1,EV_B9_C1,2.000000,80.000000,,
1,EV_B9_C1,1.000000,80.000000,,
1,EV_B9_C1,0.000000,80.000000,,
3,,,,,
3,,,,,
3,,,,,
3,,,,,
3,,,,,
3,,,,,
3,,,,,
3,,,,,
3,,,,,
3,,,,,
3,,,,,
3,,,,,
3,,,,,
3,,,,,
3,,,,,
2,EV_B9_C1,,,0.000000,39.728728
1,EV_B9_C1,8.000000,80.000000,,
1,EV_B9_C1,7.000000,80.000000,,
1,EV_B9_C1,6.000000,80.000000,,
1,EV_B9_C1,5.000000,80.000000,,
1,EV_B9_C1,4.000000,80.000000,,
1,EV_B9_C1,3.000000,80.000000,,
1,EV_B9_C1,2.000000,80.000000,,
1,EV_B9_C1,1.000000,80.000000,,
1,EV_B9_C1,0.000000,80.000000,,
3,,,,,
3,,,,,
3,,,,,
3,,,,,
3,,,,,
3,,,,,
3,,,,,
3,,,,,
3,,,,,
3,,,,,
3,,,,,
3,,,,,
3,,,,,
3,,,,,
3,,,,,
2,EV_B9_C1,,,0.000000,37.733613
1,EV_B9_C1,7.000000,80.000000,,
1,EV_B9_C1,6.000000,80.000000,,
1,EV_B9_C1,5.000000,80.000000,,
1,EV_B9_C1,4.000000,80.000000,,
1,EV_B9_C1,3.000000,80.000000,,
1,EV_B9_C1,2.000000,80.000000,,
1,EV_B9_C1,1.000000,80.000000,,
1,EV_B9_C1,0.000000,80.000000,,
3,,,,,
3,,,,,
3,,,,,
3,,,,,
3,,,,,
3,,,,,
3,,,,,
3,,,,,
3,,,,,
3,,,,,
3,,,,,
3,,,,,
3,,,,,
2,EV_B9_C1,,,0.000000,34.350539
1,EV_B9_C1,8.000000,80.000000,,
1,EV_B9_C1,7.000000,80.000000,,
1,EV_B9_C1,6.000000,80.000000,,
1,EV_B9_C1,5.000000,80.000000,,
1,EV_B9_C1,4.000000,80.000000,,
1,EV_B9_C1,3.000000,80.000000,,
1,EV_B9_C1,2.000000,80.000000,,
1,EV_B9_C1,1.000000,80.000000,,
1,EV_B9_C1,0.000000,80.000000,,
3,,,,,
3,,,,,
3,,,,,
3,,,,,
3,,,,,
3,,,,,
3,,,,,
3,,,,,
3,,,,,
3,,,,,
3,,,,,
3,,,,,
3,,,,,
2,EV_B9_C1,,,0.000000,40.925319
1,EV_B9_C1,10.000000,80.000000,,
1,EV_B9_C1,9.000000,80.000000,,
1,EV_B9_C1,8.000000,80.000000,,
1,EV_B9_C1,7.000000,80.000000,,
1,EV_B9_C1,6.000000,80.000000,,
1,EV_B9_C1,5.000000,80.000000,,
1,EV_B9_C1,4.000000,80.000000,,
1,EV_B9_C1,3.000000,80.000000,,
1,EV_B9_C1,2.000000,80.000000,,
1,EV_B9_C1,1.000000,80.000000,,
1,EV_B9_C1,0.000000,80.000000,,
3,,,,,
3,,,,,
3,,,,,
3,,,,,
3,,,,,
3,,,,,
3,,,,,
3,,,,,
3,,,,,
3,,,,,
3,,,,,
3,,,,,
3,,,,,
3,,,,,
3,,,,,
3,,,,,
3,,,,,
3,,,,,
3,,,,,
3,,,,,
3,,,,,
3,,,,,
3,,,,,
3,,,,,
3,,,,,
3,,,,,
3,,,,,
3,,,,,
3,,,,,
3,,,,,
3,,,,,
3,,,,,
3,,,,,
3,,,,,
3,,,,,
3,,,,,
3,,,,,
2,EV_B9_C1,,,0.000000,34.646190
1,EV_B9_C1,8.000000,80.000000,,
1,EV_B9_C1,7.000000,80.000000,,
1,EV_B9_C1,6.000000,80.000000,,
1,EV_B9_C1,5.000000,80.000000,,
1,EV_B9_C1,4.000000,80.000000,,
1,EV_B9_C1,3.000000,80.000000,,
1,EV_B9_C1,2.000000,80.000000,,
1,EV_B9_C1,1.000000,80.000000,,
1,EV_B9_C1,0.000000,80.000000,,
3,,,,,
3,,,,,
3,,,,,
3,,,,,
3,,,,,
3,,,,,
3,,,,,
3,,,,,
3,,,,,
3,,,,,
3,,,,,
3,,,,,
3,,,,,
2,EV_B9_C1,,,0.000000,27.530109
1,EV_B9_C1,10.000000,80.000000,,
1,EV_B9_C1,9.000000,80.000000,,
1,EV_B9_C1,8.000000,80.000000,,
1,EV_B9_C1,7.000000,80.000000,,
1,EV_B9_C1,6.000000,80.000000,,
1,EV_B9_C1,5.000000,80.000000,,
1,EV_B9_C1,4.000000,80.000000,,
1,EV_B9_C1,3.000000,80.000000,,
1,EV_B9_C1,2.000000,80.000000,,
1,EV_B9_C1,1.000000,80.000000,,
1,EV_B9_C1,0.000000,80.000000,,
3,,,,,
3,,,,,
3,,,,,
3,,,,,
3,,,,,
3,,,,,
3,,,,,
3,,,,,
3,,,,,
3,,,,,
3,,,,,
3,,,,,
3,,,,,
2,EV_B9_C1,,,0.000000,36.179662
1,EV_B9_C1,9.000000,80.000000,,
1,EV_B9_C1,8.000000,80.000000,,
1,EV_B9_C1,7.000000,80.000000,,
1,EV_B9_C1,6.000000,80.000000,,
1,EV_B9_C1,5.000000,80.000000,,
1,EV_B9_C1,4.000000,80.000000,,
1,EV_B9_C1,3.000000,80.000000,,
1,EV_B9_C1,2.000000,80.000000,,
1,EV_B9_C1,1.000000,80.000000,,
1,EV_B9_C1,0.000000,80.000000,,
3,,,,,
3,,,,,
3,,,,,
3,,,,,
3,,,,,
3,,,,,
3,,,,,
3,,,,,
3,,,,,
3,,,,,
3,,,,,
3,,,,,
3,,,,,
3,,,,,
2,EV_B9_C1,,,0.000000,30.760994
1,EV_B9_C1,7.000000,80.000000,,
1,EV_B9_C1,6.000000,80.000000,,
1,EV_B9_C1,5.000000,80.000000,,
1,EV_B9_C1,4.000000,80.000000,,
1,EV_B9_C1,3.000000,80.000000,,
1,EV_B9_C1,2.000000,80.000000,,
1,EV_B9_C1,1.000000,80.000000,,
1,EV_B9_C1,0.000000,80.000000,,
3,,,,,
3,,,,,
3,,,,,
3,,,,,
3,,,,,
3,,,,,
3,,,,,
3,,,,,
3,,,,,
3,,,,,
3,,,,,
3,,,,,
3,,,,,
2,EV_B9_C1,,,0.000000,41.359587
1,EV_B9_C1,10.000000,80.000000,,
1,EV_B9_C1,9.000000,80.000000,,
1,EV_B9_C1,8.000000,80.000000,,
1,EV_B9_C1,7.000000,80.000000,,
1,EV_B9_C1,6.000000,80.000000,,
1,EV_B9_C1,5.000000,80.000000,,
1,EV_B9_C1,4.000000,80.000000,,
1,EV_B9_C1,3.000000,80.000000,,
1,EV_B9_C1,2.000000,80.000000,,
1,EV_B9_C1,1.000000,80.000000,,
1,EV_B9_C1,0.000000,80.000000,,
3,,,,,
3,,,,,
3,,,,,
3,,,,,
3,,,,,
3,,,,,
3,,,,,
3,,,,,
3,,,,,
3,,,,,
3,,,,,
3,,,,,
3,,,,,
3,,,,,
3,,,,,
3,,,,,
3,,,,,
3,,,,,
3,,,,,
3,,,,,
3,,,,,
3,,,,,
3,,,,,
3,,,,,
3,,,,,
3,,,,,
3,,,,,
3,,,,,
3,,,,,
3,,,,,
3,,,,,
3,,,,,
3,,,,,
3,,,,,
3,,,,,
3,,,,,
3,,,,,
2,EV_B9_C1,,,0.000000,38.849934
1,EV_B9_C1,9.000000,80.000000,,
1,EV_B9_C1,8.000000,80.000000,,
1,EV_B9_C1,7.000000,80.000000,,
1,EV_B9_C1,6.000000,80.000000,,
1,EV_B9_C1,5.000000,80.000000,,
1,EV_B9_C1,4.000000,80.000000,,
1,EV_B9_C1,3.000000,80.000000,,
1,EV_B9_C1,2.000000,80.000000,,
1,EV_B9_C1,1.000000,80.000000,,
1,EV_B9_C1,0.000000,80.000000,,
3,,,,,
3,,,,,
3,,,,,
3,,,,,
3,,,,,
3,,,,,
3,,,,,
3,,,,,
3,,,,,
3,,,,,
3,,,,,
3,,,,,
2,EV_B9_C1,,,0.000000,25.312302
1,EV_B9_C1,10.000000,80.000000,,
1,EV_B9_C1,9.000000,80.000000,,
1,EV_B9_C1,8.000000,80.000000,,
1,EV_B9_C1,7.000000,80.000000,,
1,EV_B9_C1,6.000000,80.000000,,
1,EV_B9_C1,5.000000,80.000000,,
1,EV_B9_C1,4.000000,80.000000,,
1,EV_B9_C1,3.000000,80.000000,,
1,EV_B9_C1,2.000000,80.000000,,
1,EV_B9_C1,1.000000,80.000000,,
1,EV_B9_C1,0.000000,80.000000,,
3,,,,,
3,,,,,
3,,,,,
3,,,,,
3,,,,,
3,,,,,
3,,,,,
3,,,,,
3,,,,,
3,,,,,
3,,,,,
3,,,,,
3,,,,,
2,EV_B9_C1,,,0.000000,25.500342
1,EV_B9_C1,8.000000,80.000000,,
1,EV_B9_C1,7.000000,80.000000,,
1,EV_B9_C1,6.000000,80.000000,,
1,EV_B9_C1,5.000000,80.000000,,
1,EV_B9_C1,4.000000,80.000000,,
1,EV_B9_C1,3.000000,80.000000,,
1,EV_B9_C1,2.000000,80.000000,,
1,EV_B9_C1,1.000000,80.000000,,
1,EV_B9_C1,0.000000,80.000000,,
3,,,,,
3,,,,,
3,,,,,
3,,,,,
3,,,,,
3,,,,,
3,,,,,
3,,,,,
3,,,,,
3,,,,,
3,,,,,
3,,,,,
3,,,,,
3,,,,,
3,,,,,
3,,,,,
3,,,,,
3,,,,,
3,,,,,
3,,,,,
3,,,,,
3,,,,,
3,,,,,
3,,,,,
3,,,,,
3,,,,,
3,,,,,
3,,,,,
3,,,,,
3,,,,,
3,,,,,
3,,,,,
3,,,,,
3,,,,,
3,,,,,
3,,,,,
3,,,,,
3,,,,,
3,,,,,
3,,,,,
3,,,,,
3,,,,,
3,,,,,
3,,,,,
3,,,,,
3,,,,,
3,,,,,
3,,,,,
3,,,,,
3,,,,,
3,,,,,
3,,,,,
3,,,,,
3,,,,,
3,,,,,
3,,,,,
3,,,,,
3,,,,,
3,,,,,
3,,,,,
3,,,,,
3,,,,,
2,EV_B9_C1,,,0.000000,27.217870
1,EV_B9_C1,8.000000,80.000000,,
1,EV_B9_C1,7.000000,80.000000,,
1,EV_B9_C1,6.000000,80.000000,,
1,EV_B9_C1,5.000000,80.000000,,
1,EV_B9_C1,4.000000,80.000000,,
1,EV_B9_C1,3.000000,80.000000,,
1,EV_B9_C1,2.000000,80.000000,,
1,EV_B9_C1,1.000000,80.000000,,
1,EV_B9_C1,0.000000,80.000000,,
3,,,,,
3,,,,,
3,,,,,
3,,,,,
3,,,,,
3,,,,,
3,,,,,
3,,,,,
3,,,,,
3,,,,,
3,,,,,
3,,,,,
3,,,,,
3,,,,,
2,EV_B9_C1,,,0.000000,43.497685
1,EV_B9_C1,9.000000,80.000000,,
1,EV_B9_C1,8.000000,80.000000,,
1,EV_B9_C1,7.000000,80.000000,,
1,EV_B9_C1,6.000000,80.000000,,
1,EV_B9_C1,5.000000,80.000000,,
1,EV_B9_C1,4.000000,80.000000,,
1,EV_B9_C1,3.000000,80.000000,,
1,EV_B9_C1,2.000000,80.000000,,
1,EV_B9_C1,1.000000,80.000000,,
1,EV_B9_C1,0.000000,80.000000,,
3,,,,,
3,,,,,
3,,,,,
3,,,,,
3,,,,,
3,,,,,
3,,,,,
3,,,,,
3,,,,,
3,,,,,
3,,,,,
3,,,,,
3,,,,,
3,,,,,
3,,,,,
3,,,,,
3,,,,,
3,,,,,
3,,,,,
3,,,,,
3,,,,,
3,,,,,
3,,,,,
3,,,,,
3,,,,,
3,,,,,
3,,,,,
3,,,,,
3,,,,,
3,,,,,
3,,,,,
3,,,,,
3,,,,,
3,,,,,
3,,,,,
2,EV_B9_C1,,,0.000000,44.071923
1,EV_B9_C1,10.000000,80.000000,,
1,EV_B9_C1,9.000000,80.000000,,
1,EV_B9_C1,8.000000,80.000000,,
1,EV_B9_C1,7.000000,80.000000,,
1,EV_B9_C1,6.000000,80.000000,,
1,EV_B9_C1,5.000000,80.000000,,
1,EV_B9_C1,4.000000,80.000000,,
1,EV_B9_C1,3.000000,80.000000,,
1,EV_B9_C1,2.000000,80.000000,,
1,EV_B9_C1,1.000000,80.000000,,
1,EV_B9_C1,0.000000,80.000000,,
3,,,,,
3,,,,,
3,,,,,
3,,,,,
3,,,,,
3,,,,,
3,,,,,
3,,,,,
3,,,,,
3,,,,,
3,,,,,
3,,,,,
3,,,,,
3,,,,,
2,EV_B9_C1,,,0.000000,30.942908
1,EV_B9_C1,9.000000,80.000000,,
1,EV_B9_C1,8.000000,80.000000,,
1,EV_B9_C1,7.000000,80.000000,,
1,EV_B9_C1,6.000000,80.000000,,
1,EV_B9_C1,5.000000,80.000000,,
1,EV_B9_C1,4.000000,80.000000,,
1,EV_B9_C1,3.000000,80.000000,,
1,EV_B9_C1,2.000000,80.000000,,
1,EV_B9_C1,1.000000,80.000000,,
1,EV_B9_C1,0.000000,80.000000,,
3,,,,,
3,,,,,
3,,,,,
3,,,,,
3,,,,,
3,,,,,
3,,,,,
3,,,,,
3,,,,,
3,,,,,
3,,,,,
2,EV_B9_C1,,,0.000000,31.591697
1,EV_B9_C1,10.000000,80.000000,,
1,EV_B9_C1,9.000000,80.000000,,
1,EV_B9_C1,8.000000,80.000000,,
1,EV_B9_C1,7.000000,80.000000,,
1,EV_B9_C1,6.000000,80.000000,,
1,EV_B9_C1,5.000000,80.000000,,
1,EV_B9_C1,4.000000,80.000000,,
1,EV_B9_C1,3.000000,80.000000,,
1,EV_B9_C1,2.000000,80.000000,,
1,EV_B9_C1,1.000000,80.000000,,
1,EV_B9_C1,0.000000,80.000000,,
3,,,,,
3,,,,,
3,,,,,
3,,,,,
3,,,,,
3,,,,,
3,,,,,
3,,,,,
3,,,,,
3,,,,,
3,,,,,
3,,,,,
2,EV_B9_C1,,,0.000000,44.171828
1,EV_B9_C1,11.000000,80.000000,,
1,EV_B9_C1,10.000000,80.000000,,
1,EV_B9_C1,9.000000,80.000000,,
1,EV_B9_C1,8.000000,80.000000,,
1,EV_B9_C1,7.000000,80.000000,,
1,EV_B9_C1,6.000000,80.000000,,
1,EV_B9_C1,5.000000,80.000000,,
1,EV_B9_C1,4.000000,80.000000,,
1,EV_B9_C1,3.000000,80.000000,,
1,EV_B9_C1,2.000000,80.000000,,
1,EV_B9_C1,1.000000,80.000000,,
1,EV_B9_C1,0.000000,80.000000,,
3,,,,,
3,,,,,
3,,,,,
3,,,,,
3,,,,,
3,,,,,
3,,,,,
3,,,,,
3,,,,,
3,,,,,
3,,,,,
3,,,,,
3,,,,,
3,,,,,
3,,,,,
3,,,,,
3,,,,,
3,,,,,
3,,,,,
3,,,,,
3,,,,,
3,,,,,
3,,,,,
3,,,,,
3,,,,,
3,,,,,
3,,,,,
3,,,,,
3,,,,,
3,,,,,
3,,,,,
3,,,,,
3,,,,,
3,,,,,
3,,,,,
3,,,,,
3,,,,,
3,,,,,
3,,,,,
2,EV_B9_C1,,,0.000000,32.258985
1,EV_B9_C1,6.000000,80.000000,,
1,EV_B9_C1,5.000000,80.000000,,
1,EV_B9_C1,4.000000,80.000000,,
1,EV_B9_C1,3.000000,80.000000,,
1,EV_B9_C1,2.000000,80.000000,,
1,EV_B9_C1,1.000000,80.000000,,
1,EV_B9_C1,0.000000,80.000000,,
3,,,,,
3,,,,,
3,,,,,
3,,,,,
3,,,,,
3,,,,,
3,,,,,
3,,,,,
3,,,,,
3,,,,,
3,,,,,
3,,,,,
3,,,,,
3,,,,,
2,EV_B9_C1,,,0.000000,26.020303
1,EV_B9_C1,8.000000,80.000000,,
1,EV_B9_C1,7.000000,80.000000,,
1,EV_B9_C1,6.000000,80.000000,,
1,EV_B9_C1,5.000000,80.000000,,
1,EV_B9_C1,4.000000,80.000000,,
1,EV_B9_C1,3.000000,80.000000,,
1,EV_B9_C1,2.000000,80.000000,,
1,EV_B9_C1,1.000000,80.000000,,
1,EV_B9_C1,0.000000,80.000000,,
3,,,,,
3,,,,,
3,,,,,
3,,,,,
3,,,,,
3,,,,,
3,,,,,
3,,,,,
3,,,,,
3,,,,,
3,,,,,
3,,,,,
2,EV_B9_C1,,,0.000000,34.520665
1,EV_B9_C1,10.000000,80.000000,,
1,EV_B9_C1,9.000000,80.000000,,
1,EV_B9_C1,8.000000,80.000000,,
1,EV_B9_C1,7.000000,80.000000,,
1,EV_B9_C1,6.000000,80.000000,,
1,EV_B9_C1,5.000000,80.000000,,
1,EV_B9_C1,4.000000,80.000000,,
1,EV_B9_C1,3.000000,80.000000,,
1,EV_B9_C1,2.000000,80.000000,,
1,EV_B9_C1,1.000000,80.000000,,
1,EV_B9_C1,0.000000,80.000000,,
3,,,,,
3,,,,,
3,,,,,
3,,,,,
3,,,,,
3,,,,,
3,,,,,
3,,,,,
3,,,,,
3,,,,,
3,,,,,
3,,,,,
3,,,,,
3,,,,,
3,,,,,
2,EV_B9_C1,,,0.000000,28.329906
1,EV_B9_C1,7.000000,80.000000,,
1,EV_B9_C1,6.000000,80.000000,,
1,EV_B9_C1,5.000000,80.000000,,
1,EV_B9_C1,4.000000,80.000000,,
1,EV_B9_C1,3.000000,80.000000,,
1,EV_B9_C1,2.000000,80.000000,,
1,EV_B9_C1,1.000000,80.000000,,
1,EV_B9_C1,0.000000,80.000000,,
3,,,,,
3,,,,,
3,,,,,
3,,,,,
3,,,,,
3,,,,,
3,,,,,
3,,,,,
3,,,,,
3,,,,,
3,,,,,
3,,,,,
3,,,,,
2,EV_B9_C1,,,0.000000,28.260982
1,EV_B9_C1,9.000000,80.000000,,
1,EV_B9_C1,8.000000,80.000000,,
1,EV_B9_C1,7.000000,80.000000,,
1,EV_B9_C1,6.000000,80.000000,,
1,EV_B9_C1,5.000000,80.000000,,
1,EV_B9_C1,4.000000,80.000000,,
1,EV_B9_C1,3.000000,80.000000,,
1,EV_B9_C1,2.000000,80.000000,,
1,EV_B9_C1,1.000000,80.000000,,
1,EV_B9_C1,0.000000,80.000000,,
3,,,,,
3,,,,,
3,,,,,
3,,,,,
3,,,,,
3,,,,,
3,,,,,
3,,,,,
3,,,,,
3,,,,,
3,,,,,
3,,,,,
2,EV_B9_C1,,,0.000000,43.439035
1,EV_B9_C1,10.000000,80.000000,,
1,EV_B9_C1,9.000000,80.000000,,
1,EV_B9_C1,8.000000,80.000000,,
1,EV_B9_C1,7.000000,80.000000,,
1,EV_B9_C1,6.000000,80.000000,,
1,EV_B9_C1,5.000000,80.000000,,
1,EV_B9_C1,4.000000,80.000000,,
1,EV_B9_C1,3.000000,80.000000,,
1,EV_B9_C1,2.000000,80.000000,,
1,EV_B9_C1,1.000000,80.000000,,
1,EV_B9_C1,0.000000,80.000000,,
3,,,,,
3,,,,,
3,,,,,
3,,,,,
3,,,,,
3,,,,,
3,,,,,
3,,,,,
3,,,,,
3,,,,,
3,,,,,
3,,,,,
3,,,,,
3,,,,,
2,EV_B9_C1,,,0.000000,32.175710
1,EV_B9_C1,9.000000,80.000000,,
1,EV_B9_C1,8.000000,80.000000,,
1,EV_B9_C1,7.000000,80.000000,,
1,EV_B9_C1,6.000000,80.000000,,
1,EV_B9_C1,5.000000,80.000000,,
1,EV_B9_C1,4.000000,80.000000,,
1,EV_B9_C1,3.000000,80.000000,,
1,EV_B9_C1,2.000000,80.000000,,
1,EV_B9_C1,1.000000,80.000000,,
1,EV_B9_C1,0.000000,80.000000,,
3,,,,,
3,,,,,
3,,,,,
3,,,,,
3,,,,,
3,,,,,
3,,,,,
3,,,,,
3,,,,,
3,,,,,
3,,,,,
3,,,,,
2,EV_B9_C1,,,0.000000,37.292608
1,EV_B9_C1,9.000000,80.000000,,
1,EV_B9_C1,8.000000,80.000000,,
1,EV_B9_C1,7.000000,80.000000,,
1,EV_B9_C1,6.000000,80.000000,,
1,EV_B9_C1,5.000000,80.000000,,
1,EV_B9_C1,4.000000,80.000000,,
1,EV_B9_C1,3.000000,80.000000,,
1,EV_B9_C1,2.000000,80.000000,,
1,EV_B9_C1,1.000000,80.000000,,
1,EV_B9_C1,0.000000,80.000000,,
3,,,,,
3,,,,,
3,,,,,
3,,,,,
3,,,,,
3,,,,,
3,,,,,
3,,,,,
3,,,,,
3,,,,,
3,,,,,
3,,,,,
2,EV_B9_C1,,,0.000000,28.585165
1,EV_B9_C1,11.000000,80.000000,,
1,EV_B9_C1,10.000000,80.000000,,
1,EV_B9_C1,9.000000,80.000000,,
1,EV_B9_C1,8.000000,80.000000,,
1,EV_B9_C1,7.000000,80.000000,,
1,EV_B9_C1,6.000000,80.000000,,
1,EV_B9_C1,5.000000,80.000000,,
1,EV_B9_C1,4.000000,80.000000,,
1,EV_B9_C1,3.000000,80.000000,,
1,EV_B9_C1,2.000000,80.000000,,
1,EV_B9_C1,1.000000,80.000000,,
1,EV_B9_C1,0.000000,80.000000,,
3,,,,,
3,,,,,
3,,,,,
3,,,,,
3,,,,,
3,,,,,
3,,,,,
3,,,,,
3,,,,,
3,,,,,
3,,,,,
3,,,,,
2,EV_B9_C1,,,0.000000,37.252777
1,EV_B9_C1,10.000000,80.000000,,
1,EV_B9_C1,9.000000,80.000000,,
1,EV_B9_C1,8.000000,80.000000,,
1,EV_B9_C1,7.000000,80.000000,,
1,EV_B9_C1,6.000000,80.000000,,
1,EV_B9_C1,5.000000,80.000000,,
1,EV_B9_C1,4.000000,80.000000,,
1,EV_B9_C1,3.000000,80.000000,,
1,EV_B9_C1,2.000000,80.000000,,
1,EV_B9_C1,1.000000,80.000000,,
1,EV_B9_C1,0.000000,80.000000,,
3,,,,,
3,,,,,
3,,,,,
3,,,,,
3,,,,,
3,,,,,
3,,,,,
3,,,,,
3,,,,,
3,,,,,
3,,,,,
3,,,,,
3,,,,,
2,EV_B9_C1,,,0.000000,37.964540
1,EV_B9_C1,9.000000,80.000000,,
1,EV_B9_C1,8.000000,80.000000,,
1,EV_B9_C1,7.000000,80.000000,,
1,EV_B9_C1,6.000000,80.000000,,
1,EV_B9_C1,5.000000,80.000000,,
1,EV_B9_C1,4.000000,80.000000,,
1,EV_B9_C1,3.000000,80.000000,,
1,EV_B9_C1,2.000000,80.000000,,
1,EV_B9_C1,1.000000,80.000000,,
1,EV_B9_C1,0.000000,80.000000,,
3,,,,,
3,,,,,
3,,,,,
3,,,,,
3,,,,,
3,,,,,
3,,,,,
3,,,,,
3,,,,,
3,,,,,
3,,,,,
3,,,,,
3,,,,,
2,EV_B9_C1,,,0.000000,37.326929
1,EV_B9_C1,9.000000,80.000000,,
1,EV_B9_C1,8.000000,80.000000,,
1,EV_B9_C1,7.000000,80.000000,,
1,EV_B9_C1,6.000000,80.000000,,
1,EV_B9_C1,5.000000,80.000000,,
1,EV_B9_C1,4.000000,80.000000,,
1,EV_B9_C1,3.000000,80.000000,,
1,EV_B9_C1,2.000000,80.000000,,
1,EV_B9_C1,1.000000,80.000000,,
1,EV_B9_C1,0.000000,80.000000,,
3,,,,,
3,,,,,
3,,,,,
3,,,,,
3,,,,,
3,,,,,
3,,,,,
3,,,,,
3,,,,,
3,,,,,
3,,,,,
3,,,,,
3,,,,,
3,,,,,
2,EV_B9_C1,,,0.000000,38.942555
1,EV_B9_C1,8.000000,80.000000,,
1,EV_B9_C1,7.000000,80.000000,,
1,EV_B9_C1,6.000000,80.000000,,
1,EV_B9_C1,5.000000,80.000000,,
1,EV_B9_C1,4.000000,80.000000,,
1,EV_B9_C1,3.000000,80.000000,,
1,EV_B9_C1,2.000000,80.000000,,
1,EV_B9_C1,1.000000,80.000000,,
1,EV_B9_C1,0.000000,80.000000,,
3,,,,,
3,,,,,
3,,,,,
3,,,,,
3,,,,,
3,,,,,
3,,,,,
3,,,,,
3,,,,,
3,,,,,
3,,,,,
2,EV_B9_C1,,,0.000000,35.685260
1,EV_B9_C1,10.000000,80.000000,,
1,EV_B9_C1,9.000000,80.000000,,
1,EV_B9_C1,8.000000,80.000000,,
1,EV_B9_C1,7.000000,80.000000,,
1,EV_B9_C1,6.000000,80.000000,,
1,EV_B9_C1,5.000000,80.000000,,
1,EV_B9_C1,4.000000,80.000000,,
1,EV_B9_C1,3.000000,80.000000,,
1,EV_B9_C1,2.000000,80.000000,,
1,EV_B9_C1,1.000000,80.000000,,
1,EV_B9_C1,0.000000,80.000000,,
3,,,,,
3,,,,,
3,,,,,
3,,,,,
3,,,,,
3,,,,,
3,,,,,
3,,,,,
3,,,,,
3,,,,,
3,,,,,
3,,,,,
3,,,,,
2,EV_B9_C1,,,0.000000,25.783059
1,EV_B9_C1,9.000000,80.000000,,
1,EV_B9_C1,8.000000,80.000000,,
1,EV_B9_C1,7.000000,80.000000,,
1,EV_B9_C1,6.000000,80.000000,,
1,EV_B9_C1,5.000000,80.000000,,
1,EV_B9_C1,4.000000,80.000000,,
1,EV_B9_C1,3.000000,80.000000,,
1,EV_B9_C1,2.000000,80.000000,,
1,EV_B9_C1,1.000000,80.000000,,
1,EV_B9_C1,0.000000,80.000000,,
3,,,,,
3,,,,,
3,,,,,
3,,,,,
3,,,,,
3,,,,,
3,,,,,
3,,,,,
3,,,,,
3,,,,,
3,,,,,
3,,,,,
2,EV_B9_C1,,,0.000000,35.029791
1,EV_B9_C1,10.000000,80.000000,,
1,EV_B9_C1,9.000000,80.000000,,
1,EV_B9_C1,8.000000,80.000000,,
1,EV_B9_C1,7.000000,80.000000,,
1,EV_B9_C1,6.000000,80.000000,,
1,EV_B9_C1,5.000000,80.000000,,
1,EV_B9_C1,4.000000,80.000000,,
1,EV_B9_C1,3.000000,80.000000,,
1,EV_B9_C1,2.000000,80.000000,,
1,EV_B9_C1,1.000000,80.000000,,
1,EV_B9_C1,0.000000,80.000000,,
3,,,,,
3,,,,,
3,,,,,
3,,,,,
3,,,,,
3,,,,,
3,,,,,
3,,,,,
3,,,,,
3,,,,,
2,EV_B9_C1,,,0.000000,37.030077
1,EV_B9_C1,12.000000,80.000000,,
1,EV_B9_C1,11.000000,80.000000,,
1,EV_B9_C1,10.000000,80.000000,,
1,EV_B9_C1,9.000000,80.000000,,
1,EV_B9_C1,8.000000,80.000000,,
1,EV_B9_C1,7.000000,80.000000,,
1,EV_B9_C1,6.000000,80.000000,,
1,EV_B9_C1,5.000000,80.000000,,
1,EV_B9_C1,4.000000,80.000000,,
1,EV_B9_C1,3.000000,80.000000,,
1,EV_B9_C1,2.000000,80.000000,,
1,EV_B9_C1,1.000000,80.000000,,
1,EV_B9_C1,0.000000,80.000000,,
3,,,,,
3,,,,,
3,,,,,
3,,,,,
3,,,,,
3,,,,,
3,,,,,
3,,,,,
3,,,,,
3,,,,,
3,,,,,
3,,,,,
3,,,,,
3,,,,,
2,EV_B9_C1,,,0.000000,28.474578
1,EV_B9_C1,8.000000,80.000000,,
1,EV_B9_C1,7.000000,80.000000,,
1,EV_B9_C1,6.000000,80.000000,,
1,EV_B9_C1,5.000000,80.000000,,
1,EV_B9_C1,4.000000,80.000000,,
1,EV_B9_C1,3.000000,80.000000,,
1,EV_B9_C1,2.000000,80.000000,,
1,EV_B9_C1,1.000000,80.000000,,
1,EV_B9_C1,0.000000,80.000000,,
3,,,,,
3,,,,,
3,,,,,
3,,,,,
3,,,,,
3,,,,,
3,,,,,
3,,,,,
3,,,,,
3,,,,,
3,,,,,
3,,,,,
3,,,,,
3,,,,,
3,,,,,
3,,,,,
3,,,,,
3,,,,,
3,,,,,
3,,,,,
3,,,,,
3,,,,,
3,,,,,
3,,,,,
3,,,,,
3,,,,,
3,,,,,
3,,,,,
3,,,,,
3,,,,,
3,,,,,
3,,,,,
3,,,,,
3,,,,,
3,,,,,
3,,,,,
3,,,,,
2,EV_B9_C1,,,0.000000,29.055271
1,EV_B9_C1,10.000000,80.000000,,
1,EV_B9_C1,9.000000,80.000000,,
1,EV_B9_C1,8.000000,80.000000,,
1,EV_B9_C1,7.000000,80.000000,,
1,EV_B9_C1,6.000000,80.000000,,
1,EV_B9_C1,5.000000,80.000000,,
1,EV_B9_C1,4.000000,80.000000,,
1,EV_B9_C1,3.000000,80.000000,,
1,EV_B9_C1,2.000000,80.000000,,
1,EV_B9_C1,1.000000,80.000000,,
1,EV_B9_C1,0.000000,80.000000,,
3,,,,,
3,,,,,
3,,,,,
3,,,,,
3,,,,,
3,,,,,
3,,,,,
3,,,,,
3,,,,,
3,,,,,
3,,,,,
3,,,,,
2,EV_B9_C1,,,0.000000,33.138126
1,EV_B9_C1,10.000000,80.000000,,
1,EV_B9_C1,9.000000,80.000000,,
1,EV_B9_C1,8.000000,80.000000,,
1,EV_B9_C1,7.000000,80.000000,,
1,EV_B9_C1,6.000000,80.000000,,
1,EV_B9_C1,5.000000,80.000000,,
1,EV_B9_C1,4.000000,80.000000,,
1,EV_B9_C1,3.000000,80.000000,,
1,EV_B9_C1,2.000000,80.000000,,
1,EV_B9_C1,1.000000,80.000000,,
1,EV_B9_C1,0.000000,80.000000,,
3,,,,,
3,,,,,
3,,,,,
3,,,,,
3,,,,,
3,,,,,
3,,,,,
3,,,,,
3,,,,,
3,,,,,
3,,,,,
3,,,,,
3,,,,,
3,,,,,
2,EV_B9_C1,,,0.000000,39.338308
1,EV_B9_C1,7.000000,80.000000,,
1,EV_B9_C1,6.000000,80.000000,,
1,EV_B9_C1,5.000000,80.000000,,
1,EV_B9_C1,4.000000,80.000000,,
1,EV_B9_C1,3.000000,80.000000,,
1,EV_B9_C1,2.000000,80.000000,,
1,EV_B9_C1,1.000000,80.000000,,
1,EV_B9_C1,0.000000,80.000000,,
3,,,,,
3,,,,,
3,,,,,
3,,,,,
3,,,,,
3,,,,,
3,,,,,
3,,,,,
3,,,,,
3,,,,,
3,,,,,
3,,,,,
3,,,,,
3,,,,,
3,,,,,
3,,,,,
3,,,,,
3,,,,,
3,,,,,
3,,,,,
3,,,,,
3,,,,,
3,,,,,
3,,,,,
3,,,,,
3,,,,,
3,,,,,
3,,,,,
3,,,,,
3,,,,,
3,,,,,
3,,,,,
3,,,,,
3,,,,,
3,,,,,
3,,,,,
3,,,,,
3,,,,,
2,EV_B9_C1,,,0.000000,31.138222
1,EV_B9_C1,9.000000,80.000000,,
1,EV_B9_C1,8.000000,80.000000,,
1,EV_B9_C1,7.000000,80.000000,,
1,EV_B9_C1,6.000000,80.000000,,
1,EV_B9_C1,5.000000,80.000000,,
1,EV_B9_C1,4.000000,80.000000,,
1,EV_B9_C1,3.000000,80.000000,,
1,EV_B9_C1,2.000000,80.000000,,
1,EV_B9_C1,1.000000,80.000000,,
1,EV_B9_C1,0.000000,80.000000,,
3,,,,,
3,,,,,
3,,,,,
3,,,,,
3,,,,,
3,,,,,
3,,,,,
3,,,,,
3,,,,,
3,,,,,
3,,,,,
3,,,,,
3,,,,,
2,EV_B9_C1,,,0.000000,28.210993
1,EV_B9_C1,9.000000,80.000000,,
1,EV_B9_C1,8.000000,80.000000,,
1,EV_B9_C1,7.000000,80.000000,,
1,EV_B9_C1,6.000000,80.000000,,
1,EV_B9_C1,5.000000,80.000000,,
1,EV_B9_C1,4.000000,80.000000,,
1,EV_B9_C1,3.000000,80.000000,,
1,EV_B9_C1,2.000000,80.000000,,
1,EV_B9_C1,1.000000,80.000000,,
1,EV_B9_C1,0.000000,80.000000,,
3,,,,,
3,,,,,
3,,,,,
3,,,,,
3,,,,,
3,,,,,
3,,,,,
3,,,,,
3,,,,,
3,,,,,
3,,,,,
3,,,,,
3,,,,,
2,EV_B9_C1,,,0.000000,42.348963
1,EV_B9_C1,9.000000,80.000000,,
1,EV_B9_C1,8.000000,80.000000,,
1,EV_B9_C1,7.000000,80.000000,,
1,EV_B9_C1,6.000000,80.000000,,
1,EV_B9_C1,5.000000,80.000000,,
1,EV_B9_C1,4.000000,80.000000,,
1,EV_B9_C1,3.000000,80.000000,,
1,EV_B9_C1,2.000000,80.000000,,
1,EV_B9_C1,1.000000,80.000000,,
1,EV_B9_C1,0.000000,80.000000,,
3,,,,,
3,,,,,
3,,,,,
3,,,,,
3,,,,,
3,,,,,
3,,,,,
3,,,,,
3,,,,,
3,,,,,
3,,,,,
3,,,,,
2,EV_B9_C1,,,0.000000,29.903921
1,EV_B9_C1,10.000000,80.000000,,
1,EV_B9_C1,9.000000,80.000000,,
1,EV_B9_C1,8.000000,80.000000,,
1,EV_B9_C1,7.000000,80.000000,,
1,EV_B9_C1,6.000000,80.000000,,
1,EV_B9_C1,5.000000,80.000000,,
1,EV_B9_C1,4.000000,80.000000,,
1,EV_B9_C1,3.000000,80.000000,,
1,EV_B9_C1,2.000000,80.000000,,
1,EV_B9_C1,1.000000,80.000000,,
1,EV_B9_C1,0.000000,80.000000,,
3,,,,,
3,,,,,
3,,,,,
3,,,,,
3,,,,,
3,,,,,
3,,,,,
3,,,,,
3,,,,,
3,,,,,
3,,,,,
3,,,,,
3,,,,,
3,,,,,
3,,,,,
3,,,,,
3,,,,,
3,,,,,
3,,,,,
3,,,,,
3,,,,,
3,,,,,
3,,,,,
3,,,,,
3,,,,,
3,,,,,
3,,,,,
3,,,,,
3,,,,,
3,,,,,
3,,,,,
3,,,,,
3,,,,,
3,,,,,
3,,,,,
3,,,,,
2,EV_B9_C1,,,0.000000,43.954699
1,EV_B9_C1,10.000000,80.000000,,
1,EV_B9_C1,9.000000,80.000000,,
1,EV_B9_C1,8.000000,80.000000,,
1,EV_B9_C1,7.000000,80.000000,,
1,EV_B9_C1,6.000000,80.000000,,
1,EV_B9_C1,5.000000,80.000000,,
1,EV_B9_C1,4.000000,80.000000,,
1,EV_B9_C1,3.000000,80.000000,,
1,EV_B9_C1,2.000000,80.000000,,
1,EV_B9_C1,1.000000,80.000000,,
1,EV_B9_C1,0.000000,80.000000,,
3,,,,,
3,,,,,
3,,,,,
3,,,,,
3,,,,,
3,,,,,
3,,,,,
3,,,,,
3,,,,,
3,,,,,
3,,,,,
3,,,,,
3,,,,,
2,EV_B9_C1,,,0.000000,41.686215
1,EV_B9_C1,8.000000,80.000000,,
1,EV_B9_C1,7.000000,80.000000,,
1,EV_B9_C1,6.000000,80.000000,,
1,EV_B9_C1,5.000000,80.000000,,
1,EV_B9_C1,4.000000,80.000000,,
1,EV_B9_C1,3.000000,80.000000,,
1,EV_B9_C1,2.000000,80.000000,,
1,EV_B9_C1,1.000000,80.000000,,
1,EV_B9_C1,0.000000,80.000000,,
3,,,,,
3,,,,,
3,,,,,
3,,,,,
3,,,,,
3,,,,,
3,,,,,
3,,,,,
3,,,,,
3,,,,,
3,,,,,
3,,,,,
3,,,,,
3,,,,,
3,,,,,
3,,,,,
3,,,,,
3,,,,,
3,,,,,
3,,,,,
3,,,,,
3,,,,,
3,,,,,
3,,,,,
3,,,,,
3,,,,,
3,,,,,
3,,,,,
3,,,,,
3,,,,,
3,,,,,
3,,,,,
3,,,,,
3,,,,,
3,,,,,
3,,,,,
3,,,,,
3,,,,,
3,,,,,
3,,,,,
3,,,,,
3,,,,,
3,,,,,
3,,,,,
3,,,,,
3,,,,,
3,,,,,
3,,,,,
3,,,,,
3,,,,,
3,,,,,
3,,,,,
3,,,,,
3,,,,,
3,,,,,
3,,,,,
3,,,,,
3,,,,,
3,,,,,
3,,,,,
2,EV_B9_C1,,,0.000000,37.749064
1,EV_B9_C1,10.000000,80.000000,,
1,EV_B9_C1,9.000000,80.000000,,
1,EV_B9_C1,8.000000,80.000000,,
1,EV_B9_C1,7.000000,80.000000,,
1,EV_B9_C1,6.000000,80.000000,,
1,EV_B9_C1,5.000000,80.000000,,
1,EV_B9_C1,4.000000,80.000000,,
1,EV_B9_C1,3.000000,80.000000,,
1,EV_B9_C1,2.000000,80.000000,,
1,EV_B9_C1,1.000000,80.000000,,
1,EV_B9_C1,0.000000,80.000000,,
3,,,,,
3,,,,,
3,,,,,
3,,,,,
3,,,,,
3,,,,,
3,,,,,
3,,,,,
3,,,,,
3,,,,,
3,,,,,
3,,,,,
3,,,,,
2,EV_B9_C1,,,0.000000,36.819720
1,EV_B9_C1,10.000000,80.000000,,
1,EV_B9_C1,9.000000,80.000000,,
1,EV_B9_C1,8.000000,80.000000,,
1,EV_B9_C1,7.000000,80.000000,,
1,EV_B9_C1,6.000000,80.000000,,
1,EV_B9_C1,5.000000,80.000000,,
1,EV_B9_C1,4.000000,80.000000,,
1,EV_B9_C1,3.000000,80.000000,,
1,EV_B9_C1,2.000000,80.000000,,
1,EV_B9_C1,1.000000,80.000000,,
1,EV_B9_C1,0.000000,80.000000,,
3,,,,,
3,,,,,
3,,,,,
3,,,,,
3,,,,,
3,,,,,
3,,,,,
3,,,,,
3,,,,,
3,,,,,
3,,,,,
2,EV_B9_C1,,,0.000000,32.903077
1,EV_B9_C1,10.000000,80.000000,,
1,EV_B9_C1,9.000000,80.000000,,
1,EV_B9_C1,8.000000,80.000000,,
1,EV_B9_C1,7.000000,80.000000,,
1,EV_B9_C1,6.000000,80.000000,,
1,EV_B9_C1,5.000000,80.000000,,
1,EV_B9_C1,4.000000,80.000000,,
1,EV_B9_C1,3.000000,80.000000,,
1,EV_B9_C1,2.000000,80.000000,,
1,EV_B9_C1,1.000000,80.000000,,
1,EV_B9_C1,0.000000,80.000000,,
3,,,,,
3,,,,,
3,,,,,
3,,,,,
3,,,,,
3,,,,,
3,,,,,
3,,,,,
3,,,,,
3,,,,,
3,,,,,
3,,,,,
3,,,,,
3,,,,,
3,,,,,
2,EV_B9_C1,,,0.000000,34.408696
1,EV_B9_C1,7.000000,80.000000,,
1,EV_B9_C1,6.000000,80.000000,,
1,EV_B9_C1,5.000000,80.000000,,
1,EV_B9_C1,4.000000,80.000000,,
1,EV_B9_C1,3.000000,80.000000,,
1,EV_B9_C1,2.000000,80.000000,,
1,EV_B9_C1,1.000000,80.000000,,
1,EV_B9_C1,0.000000,80.000000,,
3,,,,,
3,,,,,
3,,,,,
3,,,,,
3,,,,,
3,,,,,
3,,,,,
3,,,,,
3,,,,,
2,EV_B9_C1,,,0.000000,39.861097
1,EV_B9_C1,14.000000,80.000000,,
1,EV_B9_C1,13.000000,80.000000,,
1,EV_B9_C1,12.000000,80.000000,,
1,EV_B9_C1,11.000000,80.000000,,
1,EV_B9_C1,10.000000,80.000000,,
1,EV_B9_C1,9.000000,80.000000,,
1,EV_B9_C1,8.000000,80.000000,,
1,EV_B9_C1,7.000000,80.000000,,
1,EV_B9_C1,6.000000,80.000000,,
1,EV_B9_C1,5.000000,80.000000,,
1,EV_B9_C1,4.000000,80.000000,,
1,EV_B9_C1,3.000000,80.000000,,
1,EV_B9_C1,2.000000,80.000000,,
1,EV_B9_C1,1.000000,80.000000,,
1,EV_B9_C1,0.000000,80.000000,,
3,,,,,
3,,,,,
3,,,,,
3,,,,,
3,,,,,
3,,,,,
3,,,,,
3,,,,,
3,,,,,
3,,,,,
3,,,,,
3,,,,,
3,,,,,
3,,,,,
3,,,,,
3,,,,,
3,,,,,
3,,,,,
3,,,,,
3,,,,,
3,,,,,
3,,,,,
3,,,,,
3,,,,,
3,,,,,
3,,,,,
3,,,,,
3,,,,,
3,,,,,
3,,,,,
3,,,,,
3,,,,,
3,,,,,
3,,,,,
3,,,,,
3,,,,,
3,,,,,
2,EV_B9_C1,,,0.000000,38.281634
1,EV_B9_C1,8.000000,80.000000,,
1,EV_B9_C1,7.000000,80.000000,,
1,EV_B9_C1,6.000000,80.000000,,
1,EV_B9_C1,5.000000,80.000000,,
1,EV_B9_C1,4.000000,80.000000,,
1,EV_B9_C1,3.000000,80.000000,,
1,EV_B9_C1,2.000000,80.000000,,
1,EV_B9_C1,1.000000,80.000000,,
1,EV_B9_C1,0.000000,80.000000,,
3,,,,,
3,,,,,
3,,,,,
3,,,,,
3,,,,,
3,,,,,
3,,,,,
3,,,,,
3,,,,,
3,,,,,
3,,,,,
3,,,,,
3,,,,,
3,,,,,
2,EV_B9_C1,,,0.000000,40.097583
1,EV_B9_C1,8.000000,80.000000,,
1,EV_B9_C1,7.000000,80.000000,,
1,EV_B9_C1,6.000000,80.000000,,
1,EV_B9_C1,5.000000,80.000000,,
1,EV_B9_C1,4.000000,80.000000,,
1,EV_B9_C1,3.000000,80.000000,,
1,EV_B9_C1,2.000000,80.000000,,
1,EV_B9_C1,1.000000,80.000000,,
1,EV_B9_C1,0.000000,80.000000,,
3,,,,,
3,,,,,
3,,,,,
3,,,,,
3,,,,,
3,,,,,
3,,,,,
3,,,,,
3,,,,,
3,,,,,
3,,,,,
3,,,,,
3,,,,,
2,EV_B9_C1,,,0.000000,40.827336
1,EV_B9_C1,10.000000,80.000000,,
1,EV_B9_C1,9.000000,80.000000,,
1,EV_B9_C1,8.000000,80.000000,,
1,EV_B9_C1,7.000000,80.000000,,
1,EV_B9_C1,6.000000,80.000000,,
1,EV_B9_C1,5.000000,80.000000,,
1,EV_B9_C1,4.000000,80.000000,,
1,EV_B9_C1,3.000000,80.000000,,
1,EV_B9_C1,2.000000,80.000000,,
1,EV_B9_C1,1.000000,80.000000,,
1,EV_B9_C1,0.000000,80.000000,,
3,,,,,
3,,,,,
3,,,,,
3,,,,,
3,,,,,
3,,,,,
3,,,,,
3,,,,,
3,,,,,
3,,,,,
3,,,,,
3,,,,,
2,EV_B9_C1,,,0.000000,44.613863
1,EV_B9_C1,10.000000,80.000000,,
1,EV_B9_C1,9.000000,80.000000,,
1,EV_B9_C1,8.000000,80.000000,,
1,EV_B9_C1,7.000000,80.000000,,
1,EV_B9_C1,6.000000,80.000000,,
1,EV_B9_C1,5.000000,80.000000,,
1,EV_B9_C1,4.000000,80.000000,,
1,EV_B9_C1,3.000000,80.000000,,
1,EV_B9_C1,2.000000,80.000000,,
1,EV_B9_C1,1.000000,80.000000,,
1,EV_B9_C1,0.000000,80.000000,,
3,,,,,
3,,,,,
3,,,,,
3,,,,,
3,,,,,
3,,,,,
3,,,,,
3,,,,,
3,,,,,
3,,,,,
3,,,,,
3,,,,,
3,,,,,
3,,,,,
2,EV_B9_C1,,,0.000000,25.632500
1,EV_B9_C1,8.000000,80.000000,,
1,EV_B9_C1,7.000000,80.000000,,
1,EV_B9_C1,6.000000,80.000000,,
1,EV_B9_C1,5.000000,80.000000,,
1,EV_B9_C1,4.000000,80.000000,,
1,EV_B9_C1,3.000000,80.000000,,
1,EV_B9_C1,2.000000,80.000000,,
1,EV_B9_C1,1.000000,80.000000,,
1,EV_B9_C1,0.000000,80.000000,,
3,,,,,
3,,,,,
3,,,,,
3,,,,,
3,,,,,
3,,,,,
3,,,,,
3,,,,,
3,,,,,
3,,,,,
3,,,,,
3,,,,,
3,,,,,
2,EV_B9_C1,,,0.000000,44.884359
1,EV_B9_C1,8.000000,80.000000,,
1,EV_B9_C1,7.000000,80.000000,,
1,EV_B9_C1,6.000000,80.000000,,
1,EV_B9_C1,5.000000,80.000000,,
1,EV_B9_C1,4.000000,80.000000,,
1,EV_B9_C1,3.000000,80.000000,,
1,EV_B9_C1,2.000000,80.000000,,
1,EV_B9_C1,1.000000,80.000000,,
1,EV_B9_C1,0.000000,80.000000,,
3,,,,,
3,,,,,
3,,,,,
3,,,,,
3,,,,,
3,,,,,
3,,,,,
3,,,,,
3,,,,,
3,,,,,
3,,,,,
3,,,,,
3,,,,,
3,,,,,
2,EV_B9_C1,,,0.000000,42.452360
1,EV_B9_C1,9.000000,80.000000,,
1,EV_B9_C1,8.000000,80.000000,,
1,EV_B9_C1,7.000000,80.000000,,
1,EV_B9_C1,6.000000,80.000000,,
1,EV_B9_C1,5.000000,80.000000,,
1,EV_B9_C1,4.000000,80.000000,,
1,EV_B9_C1,3.000000,80.000000,,
1,EV_B9_C1,2.000000,80.000000,,
1,EV_B9_C1,1.000000,80.000000,,
1,EV_B9_C1,0.000000,80.000000,,
3,,,,,
3,,,,,
3,,,,,
3,,,,,
3,,,,,
3,,,,,
3,,,,,
3,,,,,
3,,,,,
3,,,,,
3,,,,,
3,,,,,
3,,,,,
3,,,,,
2,EV_B9_C1,,,0.000000,29.979684
1,EV_B9_C1,8.000000,80.000000,,
1,EV_B9_C1,7.000000,80.000000,,
1,EV_B9_C1,6.000000,80.000000,,
1,EV_B9_C1,5.000000,80.000000,,
1,EV_B9_C1,4.000000,80.000000,,
1,EV_B9_C1,3.000000,80.000000,,
1,EV_B9_C1,2.000000,80.000000,,
1,EV_B9_C1,1.000000,80.000000,,
1,EV_B9_C1,0.000000,80.000000,,
3,,,,,
3,,,,,
3,,,,,
3,,,,,
3,,,,,
3,,,,,
3,,,,,
3,,,,,
3,,,,,
3,,,,,
3,,,,,
3,,,,,
2,EV_B9_C1,,,0.000000,43.390927
1,EV_B9_C1,9.000000,80.000000,,
1,EV_B9_C1,8.000000,80.000000,,
1,EV_B9_C1,7.000000,80.000000,,
1,EV_B9_C1,6.000000,80.000000,,
1,EV_B9_C1,5.000000,80.000000,,
1,EV_B9_C1,4.000000,80.000000,,
1,EV_B9_C1,3.000000,80.000000,,
1,EV_B9_C1,2.000000,80.000000,,
1,EV_B9_C1,1.000000,80.000000,,
1,EV_B9_C1,0.000000,80.000000,,
3,,,,,
3,,,,,
3,,,,,
3,,,,,
3,,,,,
3,,,,,
3,,,,,
3,,,,,
3,,,,,
3,,,,,
3,,,,,
3,,,,,
3,,,,,
2,EV_B9_C1,,,0.000000,30.242609
1,EV_B9_C1,9.000000,80.000000,,
1,EV_B9_C1,8.000000,80.000000,,
1,EV_B9_C1,7.000000,80.000000,,
1,EV_B9_C1,6.000000,80.000000,,
1,EV_B9_C1,5.000000,80.000000,,
1,EV_B9_C1,4.000000,80.000000,,
1,EV_B9_C1,3.000000,80.000000,,
1,EV_B9_C1,2.000000,80.000000,,
1,EV_B9_C1,1.000000,80.000000,,
1,EV_B9_C1,0.000000,80.000000,,
3,,,,,
3,,,,,
3,,,,,
3,,,,,
3,,,,,
3,,,,,
3,,,,,
3,,,,,
3,,,,,
3,,,,,
3,,,,,
3,,,,,
3,,,,,
3,,,,,
2,EV_B9_C1,,,0.000000,29.055445
1,EV_B9_C1,8.000000,80.000000,,
1,EV_B9_C1,7.000000,80.000000,,
1,EV_B9_C1,6.000000,80.000000,,
1,EV_B9_C1,5.000000,80.000000,,
1,EV_B9_C1,4.000000,80.000000,,
1,EV_B9_C1,3.000000,80.000000,,
1,EV_B9_C1,2.000000,80.000000,,
1,EV_B9_C1,1.000000,80.000000,,
1,EV_B9_C1,0.000000,80.000000,,
3,,,,,
3,,,,,
3,,,,,
3,,,,,
3,,,,,
3,,,,,
3,,,,,
3,,,,,
3,,,,,
3,,,,,
3,,,,,
3,,,,,
3,,,,,
2,EV_B9_C1,,,0.000000,38.116263
1,EV_B9_C1,10.000000,80.000000,,
1,EV_B9_C1,9.000000,80.000000,,
1,EV_B9_C1,8.000000,80.000000,,
1,EV_B9_C1,7.000000,80.000000,,
1,EV_B9_C1,6.000000,80.000000,,
1,EV_B9_C1,5.000000,80.000000,,
1,EV_B9_C1,4.000000,80.000000,,
1,EV_B9_C1,3.000000,80.000000,,
1,EV_B9_C1,2.000000,80.000000,,
1,EV_B9_C1,1.000000,80.000000,,
1,EV_B9_C1,0.000000,80.000000,,
3,,,,,
3,,,,,
3,,,,,
3,,,,,
3,,,,,
3,,,,,
3,,,,,
3,,,,,
3,,,,,
3,,,,,
3,,,,,
3,,,,,
2,EV_B9_C1,,,0.000000,28.458628
1,EV_B9_C1,9.000000,80.000000,,
1,EV_B9_C1,8.000000,80.000000,,
1,EV_B9_C1,7.000000,80.000000,,
1,EV_B9_C1,6.000000,80.000000,,
1,EV_B9_C1,5.000000,80.000000,,
1,EV_B9_C1,4.000000,80.000000,,
1,EV_B9_C1,3.000000,80.000000,,
1,EV_B9_C1,2.000000,80.000000,,
1,EV_B9_C1,1.000000,80.000000,,
1,EV_B9_C1,0.000000,80.000000,,
3,,,,,
3,,,,,
3,,,,,
3,,,,,
3,,,,,
3,,,,,
3,,,,,
3,,,,,
3,,,,,
3,,,,,
3,,,,,
3,,,,,
3,,,,,
3,,,,,
2,EV_B9_C1,,,0.000000,31.261264
1,EV_B9_C1,8.000000,80.000000,,
1,EV_B9_C1,7.000000,80.000000,,
1,EV_B9_C1,6.000000,80.000000,,
1,EV_B9_C1,5.000000,80.000000,,
1,EV_B9_C1,4.000000,80.000000,,
1,EV_B9_C1,3.000000,80.000000,,
1,EV_B9_C1,2.000000,80.000000,,
1,EV_B9_C1,1.000000,80.000000,,
1,EV_B9_C1,0.000000,80.000000,,
3,,,,,
3,,,,,
3,,,,,
3,,,,,
3,,,,,
3,,,,,
3,,,,,
3,,,,,
3,,,,,
3,,,,,
3,,,,,
3,,,,,
3,,,,,
2,EV_B9_C1,,,0.000000,26.827225
1,EV_B9_C1,9.000000,80.000000,,
1,EV_B9_C1,8.000000,80.000000,,
1,EV_B9_C1,7.000000,80.000000,,
1,EV_B9_C1,6.000000,80.000000,,
1,EV_B9_C1,5.000000,80.000000,,
1,EV_B9_C1,4.000000,80.000000,,
1,EV_B9_C1,3.000000,80.000000,,
1,EV_B9_C1,2.000000,80.000000,,
1,EV_B9_C1,1.000000,80.000000,,
1,EV_B9_C1,0.000000,80.000000,,
3,,,,,
3,,,,,
3,,,,,
3,,,,,
3,,,,,
3,,,,,
3,,,,,
3,,,,,
3,,,,,
3,,,,,
3,,,,,
3,,,,,
3,,,,,
2,EV_B9_C1,,,0.000000,27.403652
1,EV_B9_C1,9.000000,80.000000,,
1,EV_B9_C1,8.000000,80.000000,,
1,EV_B9_C1,7.000000,80.000000,,
1,EV_B9_C1,6.000000,80.000000,,
1,EV_B9_C1,5.000000,80.000000,,
1,EV_B9_C1,4.000000,80.000000,,
1,EV_B9_C1,3.000000,80.000000,,
1,EV_B9_C1,2.000000,80.000000,,
1,EV_B9_C1,1.000000,80.000000,,
1,EV_B9_C1,0.000000,80.000000,,
3,,,,,
3,,,,,
3,,,,,
3,,,,,
3,,,,,
3,,,,,
3,,,,,
3,,,,,
3,,,,,
3,,,,,
3,,,,,
3,,,,,
3,,,,,
2,EV_B9_C1,,,0.000000,39.668759
1,EV_B9_C1,11.000000,80.000000,,
1,EV_B9_C1,10.000000,80.000000,,
1,EV_B9_C1,9.000000,80.000000,,
1,EV_B9_C1,8.000000,80.000000,,
1,EV_B9_C1,7.000000,80.000000,,
1,EV_B9_C1,6.000000,80.000000,,
1,EV_B9_C1,5.000000,80.000000,,
1,EV_B9_C1,4.000000,80.000000,,
1,EV_B9_C1,3.000000,80.000000,,
1,EV_B9_C1,2.000000,80.000000,,
1,EV_B9_C1,1.000000,80.000000,,
1,EV_B9_C1,0.000000,80.000000,,
3,,,,,
3,,,,,
3,,,,,
3,,,,,
3,,,,,
3,,,,,
3,,,,,
3,,,,,
3,,,,,
3,,,,,
3,,,,,
2,EV_B9_C1,,,0.000000,36.174751
1,EV_B9_C1,10.000000,80.000000,,
1,EV_B9_C1,9.000000,80.000000,,
1,EV_B9_C1,8.000000,80.000000,,
1,EV_B9_C1,7.000000,80.000000,,
1,EV_B9_C1,6.000000,80.000000,,
1,EV_B9_C1,5.000000,80.000000,,
1,EV_B9_C1,4.000000,80.000000,,
1,EV_B9_C1,3.000000,80.000000,,
1,EV_B9_C1,2.000000,80.000000,,
1,EV_B9_C1,1.000000,80.000000,,
1,EV_B9_C1,0.000000,80.000000,,
3,,,,,
3,,,,,
3,,,,,
3,,,,,
3,,,,,
3,,,,,
3,,,,,
3,,,,,
3,,,,,
3,,,,,
3,,,,,
3,,,,,
2,EV_B9_C1,,,0.000000,32.537978
1,EV_B9_C1,11.000000,80.000000,,
1,EV_B9_C1,10.000000,80.000000,,
1,EV_B9_C1,9.000000,80.000000,,
1,EV_B9_C1,8.000000,80.000000,,
1,EV_B9_C1,7.000000,80.000000,,
1,EV_B9_C1,6.000000,80.000000,,
1,EV_B9_C1,5.000000,80.000000,,
1,EV_B9_C1,4.000000,80.000000,,
1,EV_B9_C1,3.000000,80.000000,,
1,EV_B9_C1,2.000000,80.000000,,
1,EV_B9_C1,1.000000,80.000000,,
1,EV_B9_C1,0.000000,80.000000,,
3,,,,,
3,,,,,
3,,,,,
3,,,,,
3,,,,,
3,,,,,
3,,,,,
3,,,,,
3,,,,,
3,,,,,
3,,,,,
3,,,,,
3,,,,,
3,,,,,
3,,,,,
3,,,,,
3,,,,,
3,,,,,
3,,,,,
3,,,,,
3,,,,,
3,,,,,
3,,,,,
3,,,,,
3,,,,,
3,,,,,
3,,,,,
3,,,,,
3,,,,,
3,,,,,
3,,,,,
3,,,,,
3,,,,,
3,,,,,
3,,,,,
3,,,,,
2,EV_B9_C1,,,0.000000,37.260503
1,EV_B9_C1,9.000000,80.000000,,
1,EV_B9_C1,8.000000,80.000000,,
1,EV_B9_C1,7.000000,80.000000,,
1,EV_B9_C1,6.000000,80.000000,,
1,EV_B9_C1,5.000000,80.000000,,
1,EV_B9_C1,4.000000,80.000000,,
1,EV_B9_C1,3.000000,80.000000,,
1,EV_B9_C1,2.000000,80.000000,,
1,EV_B9_C1,1.000000,80.000000,,
1,EV_B9_C1,0.000000,80.000000,,
3,,,,,
3,,,,,
3,,,,,
3,,,,,
3,,,,,
3,,,,,
3,,,,,
3,,,,,
3,,,,,
3,,,,,
3,,,,,
3,,,,,
2,EV_B9_C1,,,0.000000,43.104517
1,EV_B9_C1,9.000000,80.000000,,
1,EV_B9_C1,8.000000,80.000000,,
1,EV_B9_C1,7.000000,80.000000,,
1,EV_B9_C1,6.000000,80.000000,,
1,EV_B9_C1,5.000000,80.000000,,
1,EV_B9_C1,4.000000,80.000000,,
1,EV_B9_C1,3.000000,80.000000,,
1,EV_B9_C1,2.000000,80.000000,,
1,EV_B9_C1,1.000000,80.000000,,
1,EV_B9_C1,0.000000,80.000000,,
3,,,,,
3,,,,,
3,,,,,
3,,,,,
3,,,,,
3,,,,,
3,,,,,
3,,,,,
3,,,,,
3,,,,,
3,,,,,
3,,,,,
3,,,,,
2,EV_B9_C1,,,0.000000,42.575891
1,EV_B9_C1,9.000000,80.000000,,
1,EV_B9_C1,8.000000,80.000000,,
1,EV_B9_C1,7.000000,80.000000,,
1,EV_B9_C1,6.000000,80.000000,,
1,EV_B9_C1,5.000000,80.000000,,
1,EV_B9_C1,4.000000,80.000000,,
1,EV_B9_C1,3.000000,80.000000,,
1,EV_B9_C1,2.000000,80.000000,,
1,EV_B9_C1,1.000000,80.000000,,
1,EV_B9_C1,0.000000,80.000000,,
3,,,,,
3,,,,,
3,,,,,
3,,,,,
3,,,,,
3,,,,,
3,,,,,
3,,,,,
3,,,,,
3,,,,,
3,,,,,
3,,,,,
3,,,,,
3,,,,,
3,,,,,
3,,,,,
3,,,,,
3,,,,,
3,,,,,
3,,,,,
3,,,,,
3,,,,,
3,,,,,
3,,,,,
3,,,,,
3,,,,,
3,,,,,
3,,,,,
3,,,,,
3,,,,,
3,,,,,
3,,,,,
3,,,,,
3,,,,,
3,,,,,
3,,,,,
3,,,,,
3,,,,,
2,EV_B9_C1,,,0.000000,41.699651
1,EV_B9_C1,8.000000,80.000000,,
1,EV_B9_C1,7.000000,80.000000,,
1,EV_B9_C1,6.000000,80.000000,,
1,EV_B9_C1,5.000000,80.000000,,
1,EV_B9_C1,4.000000,80.000000,,
1,EV_B9_C1,3.000000,80.000000,,
1,EV_B9_C1,2.000000,80.000000,,
1,EV_B9_C1,1.000000,80.000000,,
1,EV_B9_C1,0.000000,80.000000,,
3,,,,,
3,,,,,
3,,,,,
3,,,,,
3,,,,,
3,,,,,
3,,,,,
3,,,,,
3,,,,,
3,,,,,
3,,,,,
3,,,,,
2,EV_B9_C1,,,0.000000,26.943981
1,EV_B9_C1,10.000000,80.000000,,
1,EV_B9_C1,9.000000,80.000000,,
1,EV_B9_C1,8.000000,80.000000,,
1,EV_B9_C1,7.000000,80.000000,,
1,EV_B9_C1,6.000000,80.000000,,
1,EV_B9_C1,5.000000,80.000000,,
1,EV_B9_C1,4.000000,80.000000,,
1,EV_B9_C1,3.000000,80.000000,,
1,EV_B9_C1,2.000000,80.000000,,
1,EV_B9_C1,1.000000,80.000000,,
1,EV_B9_C1,0.000000,80.000000,,
3,,,,,
3,,,,,
3,,,,,
3,,,,,
3,,,,,
3,,,,,
3,,,,,
3,,,,,
3,,,,,
3,,,,,
3,,,,,
3,,,,,
3,,,,,
3,,,,,
3,,,,,
3,,,,,
2,EV_B9_C1,,,0.000000,43.327364
1,EV_B9_C1,5.000000,80.000000,,
1,EV_B9_C1,4.000000,80.000000,,
1,EV_B9_C1,3.000000,80.000000,,
1,EV_B9_C1,2.000000,80.000000,,
1,EV_B9_C1,1.000000,80.000000,,
1,EV_B9_C1,0.000000,80.000000,,
3,,,,,
3,,,,,
3,,,,,
3,,,,,
3,,,,,
3,,,,,
3,,,,,
3,,,,,
3,,,,,
3,,,,,
3,,,,,
3,,,,,
3,,,,,
3,,,,,
3,,,,,
2,EV_B9_C1,,,0.000000,44.837807
1,EV_B9_C1,9.000000,80.000000,,
1,EV_B9_C1,8.000000,80.000000,,
1,EV_B9_C1,7.000000,80.000000,,
1,EV_B9_C1,6.000000,80.000000,,
1,EV_B9_C1,5.000000,80.000000,,
1,EV_B9_C1,4.000000,80.000000,,
1,EV_B9_C1,3.000000,80.000000,,
1,EV_B9_C1,2.000000,80.000000,,
1,EV_B9_C1,1.000000,80.000000,,
1,EV_B9_C1,0.000000,80.000000,,
3,,,,,
3,,,,,
3,,,,,
3,,,,,
3,,,,,
3,,,,,
3,,,,,
3,,,,,
3,,,,,
3,,,,,
3,,,,,
3,,,,,
3,,,,,
2,EV_B9_C1,,,0.000000,36.659229
1,EV_B9_C1,8.000000,80.000000,,
1,EV_B9_C1,7.000000,80.000000,,
1,EV_B9_C1,6.000000,80.000000,,
1,EV_B9_C1,5.000000,80.000000,,
1,EV_B9_C1,4.000000,80.000000,,
1,EV_B9_C1,3.000000,80.000000,,
1,EV_B9_C1,2.000000,80.000000,,
1,EV_B9_C1,1.000000,80.000000,,
1,EV_B9_C1,0.000000,80.000000,,
3,,,,,
3,,,,,
3,,,,,
3,,,,,
3,,,,,
3,,,,,
3,,,,,
3,,,,,
3,,,,,
3,,,,,
3,,,,,
3,,,,,
3,,,,,
3,,,,,
3,,,,,
3,,,,,
3,,,,,
3,,,,,
3,,,,,
3,,,,,
3,,,,,
3,,,,,
3,,,,,
3,,,,,
3,,,,,
3,,,,,
3,,,,,
3,,,,,
3,,,,,
3,,,,,
3,,,,,
3,,,,,
3,,,,,
3,,,,,
3,,,,,
3,,,,,
3,,,,,
3,,,,,
3,,,,,
3,,,,,
3,,,,,
3,,,,,
3,,,,,
3,,,,,
3,,,,,
3,,,,,
3,,,,,
3,,,,,
3,,,,,
3,,,,,
3,,,,,
3,,,,,
3,,,,,
3,,,,,
3,,,,,
3,,,,,
3,,,,,
3,,,,,
3,,,,,
3,,,,,
3,,,,,
2,EV_B9_C1,,,0.000000,43.779048
1,EV_B9_C1,10.000000,80.000000,,
1,EV_B9_C1,9.000000,80.000000,,
1,EV_B9_C1,8.000000,80.000000,,
1,EV_B9_C1,7.000000,80.000000,,
1,EV_B9_C1,6.000000,80.000000,,
1,EV_B9_C1,5.000000,80.000000,,
1,EV_B9_C1,4.000000,80.000000,,
1,EV_B9_C1,3.000000,80.000000,,
1,EV_B9_C1,2.000000,80.000000,,
1,EV_B9_C1,1.000000,80.000000,,
1,EV_B9_C1,0.000000,80.000000,,
3,,,,,
3,,,,,
3,,,,,
3,,,,,
3,,,,,
3,,,,,
3,,,,,
3,,,,,
3,,,,,
3,,,,,
3,,,,,
3,,,,,
3,,,,,
2,EV_B9_C1,,,0.000000,32.404138
1,EV_B9_C1,8.000000,80.000000,,
1,EV_B9_C1,7.000000,80.000000,,
1,EV_B9_C1,6.000000,80.000000,,
1,EV_B9_C1,5.000000,80.000000,,
1,EV_B9_C1,4.000000,80.000000,,
1,EV_B9_C1,3.000000,80.000000,,
1,EV_B9_C1,2.000000,80.000000,,
1,EV_B9_C1,1.000000,80.000000,,
1,EV_B9_C1,0.000000,80.000000,,
3,,,,,
3,,,,,
3,,,,,
3,,,,,
3,,,,,
3,,,,,
3,,,,,
3,,,,,
3,,,,,
3,,,,,
3,,,,,
3,,,,,
3,,,,,
3,,,,,
2,EV_B9_C1,,,0.000000,26.741039
1,EV_B9_C1,9.000000,80.000000,,
1,EV_B9_C1,8.000000,80.000000,,
1,EV_B9_C1,7.000000,80.000000,,
1,EV_B9_C1,6.000000,80.000000,,
1,EV_B9_C1,5.000000,80.000000,,
1,EV_B9_C1,4.000000,80.000000,,
1,EV_B9_C1,3.000000,80.000000,,
1,EV_B9_C1,2.000000,80.000000,,
1,EV_B9_C1,1.000000,80.000000,,
1,EV_B9_C1,0.000000,80.000000,,
3,,,,,
3,,,,,
3,,,,,
3,,,,,
3,,,,,
3,,,,,
3,,,,,
3,,,,,
3,,,,,
3,,,,,
3,,,,,
3,,,,,
3,,,,,
2,EV_B9_C1,,,0.000000,41.737175
1,EV_B9_C1,9.000000,80.000000,,
1,EV_B9_C1,8.000000,80.000000,,
1,EV_B9_C1,7.000000,80.000000,,
1,EV_B9_C1,6.000000,80.000000,,
1,EV_B9_C1,5.000000,80.000000,,
1,EV_B9_C1,4.000000,80.000000,,
1,EV_B9_C1,3.000000,80.000000,,
1,EV_B9_C1,2.000000,80.000000,,
1,EV_B9_C1,1.000000,80.000000,,
1,EV_B9_C1,0.000000,80.000000,,
3,,,,,
3,,,,,
3,,,,,
3,,,,,
3,,,,,
3,,,,,
3,,,,,
3,,,,,
3,,,,,
3,,,,,
3,,,,,
3,,,,,
2,EV_B9_C1,,,0.000000,26.839438
1,EV_B9_C1,10.000000,80.000000,,
1,EV_B9_C1,9.000000,80.000000,,
1,EV_B9_C1,8.000000,80.000000,,
1,EV_B9_C1,7.000000,80.000000,,
1,EV_B9_C1,6.000000,80.000000,,
1,EV_B9_C1,5.000000,80.000000,,
1,EV_B9_C1,4.000000,80.000000,,
1,EV_B9_C1,3.000000,80.000000,,
1,EV_B9_C1,2.000000,80.000000,,
1,EV_B9_C1,1.000000,80.000000,,
1,EV_B9_C1,0.000000,80.000000,,
3,,,,,
3,,,,,
3,,,,,
3,,,,,
3,,,,,
3,,,,,
3,,,,,
3,,,,,
3,,,,,
3,,,,,
3,,,,,
3,,,,,
3,,,,,
3,,,,,
2,EV_B9_C1,,,0.000000,38.378838
1,EV_B9_C1,8.000000,80.000000,,
1,EV_B9_C1,7.000000,80.000000,,
1,EV_B9_C1,6.000000,80.000000,,
1,EV_B9_C1,5.000000,80.000000,,
1,EV_B9_C1,4.000000,80.000000,,
1,EV_B9_C1,3.000000,80.000000,,
1,EV_B9_C1,2.000000,80.000000,,
1,EV_B9_C1,1.000000,80.000000,,
1,EV_B9_C1,0.000000,80.000000,,
3,,,,,
3,,,,,
3,,,,,
3,,,,,
3,,,,,
3,,,,,
3,,,,,
3,,,,,
3,,,,,
3,,,,,
3,,,,,
2,EV_B9_C1,,,0.000000,27.505314
1,EV_B9_C1,10.000000,80.000000,,
1,EV_B9_C1,9.000000,80.000000,,
1,EV_B9_C1,8.000000,80.000000,,
1,EV_B9_C1,7.000000,80.000000,,
1,EV_B9_C1,6.000000,80.000000,,
1,EV_B9_C1,5.000000,80.000000,,
1,EV_B9_C1,4.000000,80.000000,,
1,EV_B9_C1,3.000000,80.000000,,
1,EV_B9_C1,2.000000,80.000000,,
1,EV_B9_C1,1.000000,80.000000,,
1,EV_B9_C1,0.000000,80.000000,,
3,,,,,
3,,,,,
3,,,,,
3,,,,,
3,,,,,
3,,,,,
3,,,,,
3,,,,,
3,,,,,
3,,,,,
3,,,,,
3,,,,,
2,EV_B9_C1,,,0.000000,39.204620
1,EV_B9_C1,11.000000,80.000000,,
1,EV_B9_C1,10.000000,80.000000,,
1,EV_B9_C1,9.000000,80.000000,,
1,EV_B9_C1,8.000000,80.000000,,
1,EV_B9_C1,7.000000,80.000000,,
1,EV_B9_C1,6.000000,80.000000,,
1,EV_B9_C1,5.000000,80.000000,,
1,EV_B9_C1,4.000000,80.000000,,
1,EV_B9_C1,3.000000,80.000000,,
1,EV_B9_C1,2.000000,80.000000,,
1,EV_B9_C1,1.000000,80.000000,,
1,EV_B9_C1,0.000000,80.000000,,
3,,,,,
3,,,,,
3,,,,,
3,,,,,
3,,,,,
3,,,,,
3,,,,,
3,,,,,
3,,,,,
3,,,,,
3,,,,,
2,EV_B9_C1,,,0.000000,43.096593
1,EV_B9_C1,10.000000,80.000000,,
1,EV_B9_C1,9.000000,80.000000,,
1,EV_B9_C1,8.000000,80.000000,,
1,EV_B9_C1,7.000000,80.000000,,
1,EV_B9_C1,6.000000,80.000000,,
1,EV_B9_C1,5.000000,80.000000,,
1,EV_B9_C1,4.000000,80.000000,,
1,EV_B9_C1,3.000000,80.000000,,
1,EV_B9_C1,2.000000,80.000000,,
1,EV_B9_C1,1.000000,80.000000,,
1,EV_B9_C1,0.000000,80.000000,,
3,,,,,
3,,,,,
3,,,,,
3,,,,,
3,,,,,
3,,,,,
3,,,,,
3,,,,,
3,,,,,
3,,,,,
3,,,,,
3,,,,,
3,,,,,
2,EV_B9_C1,,,0.000000,25.092634
1,EV_B9_C1,10.000000,80.000000,,
1,EV_B9_C1,9.000000,80.000000,,
1,EV_B9_C1,8.000000,80.000000,,
1,EV_B9_C1,7.000000,80.000000,,
1,EV_B9_C1,6.000000,80.000000,,
1,EV_B9_C1,5.000000,80.000000,,
1,EV_B9_C1,4.000000,80.000000,,
1,EV_B9_C1,3.000000,80.000000,,
1,EV_B9_C1,2.000000,80.000000,,
1,EV_B9_C1,1.000000,80.000000,,
1,EV_B9_C1,0.000000,80.000000,,
3,,,,,
3,,,,,
3,,,,,
3,,,,,
3,,,,,
3,,,,,
3,,,,,
3,,,,,
3,,,,,
3,,,,,
3,,,,,
2,EV_B9_C1,,,0.000000,26.042510
1,EV_B9_C1,11.000000,80.000000,,
1,EV_B9_C1,10.000000,80.000000,,
1,EV_B9_C1,9.000000,80.000000,,
1,EV_B9_C1,8.000000,80.000000,,
1,EV_B9_C1,7.000000,80.000000,,
1,EV_B9_C1,6.000000,80.000000,,
1,EV_B9_C1,5.000000,80.000000,,
1,EV_B9_C1,4.000000,80.000000,,
1,EV_B9_C1,3.000000,80.000000,,
1,EV_B9_C1,2.000000,80.000000,,
1,EV_B9_C1,1.000000,80.000000,,
1,EV_B9_C1,0.000000,80.000000,,
3,,,,,
3,,,,,
3,,,,,
3,,,,,
3,,,,,
3,,,,,
3,,,,,
3,,,,,
3,,,,,
3,,,,,
3,,,,,
2,EV_B9_C1,,,0.000000,32.909746
1,EV_B9_C1,10.000000,80.000000,,
1,EV_B9_C1,9.000000,80.000000,,
1,EV_B9_C1,8.000000,80.000000,,
1,EV_B9_C1,7.000000,80.000000,,
1,EV_B9_C1,6.000000,80.000000,,
1,EV_B9_C1,5.000000,80.000000,,
1,EV_B9_C1,4.000000,80.000000,,
1,EV_B9_C1,3.000000,80.000000,,
1,EV_B9_C1,2.000000,80.000000,,
1,EV_B9_C1,1.000000,80.000000,,
1,EV_B9_C1,0.000000,80.000000,,
3,,,,,
3,,,,,
3,,,,,
3,,,,,
3,,,,,
3,,,,,
3,,,,,
3,,,,,
3,,,,,
3,,,,,
3,,,,,
3,,,,,
3,,,,,
2,EV_B9_C1,,,0.000000,28.475462
1,EV_B9_C1,10.000000,80.000000,,
1,EV_B9_C1,9.000000,80.000000,,
1,EV_B9_C1,8.000000,80.000000,,
1,EV_B9_C1,7.000000,80.000000,,
1,EV_B9_C1,6.000000,80.000000,,
1,EV_B9_C1,5.000000,80.000000,,
1,EV_B9_C1,4.000000,80.000000,,
1,EV_B9_C1,3.000000,80.000000,,
1,EV_B9_C1,2.000000,80.000000,,
1,EV_B9_C1,1.000000,80.000000,,
1,EV_B9_C1,0.000000,80.000000,,
3,,,,,
3,,,,,
3,,,,,
3,,,,,
3,,,,,
3,,,,,
3,,,,,
3,,,,,
3,,,,,
3,,,,,
3,,,,,
3,,,,,
3,,,,,
3,,,,,
2,EV_B9_C1,,,0.000000,40.250121
1,EV_B9_C1,8.000000,80.000000,,
1,EV_B9_C1,7.000000,80.000000,,
1,EV_B9_C1,6.000000,80.000000,,
1,EV_B9_C1,5.000000,80.000000,,
1,EV_B9_C1,4.000000,80.000000,,
1,EV_B9_C1,3.000000,80.000000,,
1,EV_B9_C1,2.000000,80.000000,,
1,EV_B9_C1,1.000000,80.000000,,
1,EV_B9_C1,0.000000,80.000000,,
3,,,,,
3,,,,,
3,,,,,
3,,,,,
3,,,,,
3,,,,,
3,,,,,
3,,,,,
3,,,,,
3,,,,,
3,,,,,
3,,,,,
3,,,,,
3,,,,,
3,,,,,
3,,,,,
3,,,,,
3,,,,,
3,,,,,
3,,,,,
3,,,,,
3,,,,,
3,,,,,
3,,,,,
3,,,,,
3,,,,,
3,,,,,
3,,,,,
3,,,,,
3,,,,,
3,,,,,
3,,,,,
3,,,,,
3,,,,,
3,,,,,
2,EV_B9_C1,,,0.000000,27.837578
1,EV_B9_C1,11.000000,80.000000,,
1,EV_B9_C1,10.000000,80.000000,,
1,EV_B9_C1,9.000000,80.000000,,
1,EV_B9_C1,8.000000,80.000000,,
1,EV_B9_C1,7.000000,80.000000,,
1,EV_B9_C1,6.000000,80.000000,,
1,EV_B9_C1,5.000000,80.000000,,
1,EV_B9_C1,4.000000,80.000000,,
1,EV_B9_C1,3.000000,80.000000,,
1,EV_B9_C1,2.000000,80.000000,,
1,EV_B9_C1,1.000000,80.000000,,
1,EV_B9_C1,0.000000,80.000000,,
3,,,,,
3,,,,,
3,,,,,
3,,,,,
3,,,,,
3,,,,,
3,,,,,
3,,,,,
3,,,,,
3,,,,,
3,,,,,
3,,,,,
3,,,,,
3,,,,,
3,,,,,
3,,,,,
3,,,,,
3,,,,,
3,,,,,
3,,,,,
3,,,,,
3,,,,,
3,,,,,
3,,,,,
3,,,,,
3,,,,,
3,,,,,
3,,,,,
3,,,,,
3,,,,,
3,,,,,
3,,,,,
3,,,,,
3,,,,,
3,,,,,
3,,,,,
3,,,,,
2,EV_B9_C1,,,0.000000,43.552761
1,EV_B9_C1,8.000000,80.000000,,
1,EV_B9_C1,7.000000,80.000000,,
1,EV_B9_C1,6.000000,80.000000,,
1,EV_B9_C1,5.000000,80.000000,,
1,EV_B9_C1,4.000000,80.000000,,
1,EV_B9_C1,3.000000,80.000000,,
1,EV_B9_C1,2.000000,80.000000,,
1,EV_B9_C1,1.000000,80.000000,,
1,EV_B9_C1,0.000000,80.000000,,
3,,,,,
3,,,,,
3,,,,,
3,,,,,
3,,,,,
3,,,,,
3,,,,,
3,,,,,
3,,,,,
3,,,,,
3,,,,,
3,,,,,
3,,,,,
3,,,,,
2,EV_B9_C1,,,0.000000,31.459996
1,EV_B9_C1,9.000000,80.000000,,
1,EV_B9_C1,8.000000,80.000000,,
1,EV_B9_C1,7.000000,80.000000,,
1,EV_B9_C1,6.000000,80.000000,,
1,EV_B9_C1,5.000000,80.000000,,
1,EV_B9_C1,4.000000,80.000000,,
1,EV_B9_C1,3.000000,80.000000,,
1,EV_B9_C1,2.000000,80.000000,,
1,EV_B9_C1,1.000000,80.000000,,
1,EV_B9_C1,0.000000,80.000000,,
3,,,,,
3,,,,,
3,,,,,
3,,,,,
3,,,,,
3,,,,,
3,,,,,
3,,,,,
3,,,,,
3,,,,,
3,,,,,
3,,,,,
2,EV_B9_C1,,,0.000000,31.152358
1,EV_B9_C1,9.000000,80.000000,,
1,EV_B9_C1,8.000000,80.000000,,
1,EV_B9_C1,7.000000,80.000000,,
1,EV_B9_C1,6.000000,80.000000,,
1,EV_B9_C1,5.000000,80.000000,,
1,EV_B9_C1,4.000000,80.000000,,
1,EV_B9_C1,3.000000,80.000000,,
1,EV_B9_C1,2.000000,80.000000,,
1,EV_B9_C1,1.000000,80.000000,,
1,EV_B9_C1,0.000000,80.000000,,
3,,,,,
3,,,,,
3,,,,,
3,,,,,
3,,,,,
3,,,,,
3,,,,,
3,,,,,
3,,,,,
3,,,,,
3,,,,,
3,,,,,
3,,,,,
3,,,,,
2,EV_B9_C1,,,0.000000,30.697555
1,EV_B9_C1,9.000000,80.000000,,
1,EV_B9_C1,8.000000,80.000000,,
1,EV_B9_C1,7.000000,80.000000,,
1,EV_B9_C1,6.000000,80.000000,,
1,EV_B9_C1,5.000000,80.000000,,
1,EV_B9_C1,4.000000,80.000000,,
1,EV_B9_C1,3.000000,80.000000,,
1,EV_B9_C1,2.000000,80.000000,,
1,EV_B9_C1,1.000000,80.000000,,
1,EV_B9_C1,0.000000,80.000000,,
3,,,,,
3,,,,,
3,,,,,
3,,,,,
3,,,,,
3,,,,,
3,,,,,
3,,,,,
3,,,,,
3,,,,,
3,,,,,
3,,,,,
3,,,,,
2,EV_B9_C1,,,0.000000,44.984096
1,EV_B9_C1,9.000000,80.000000,,
1,EV_B9_C1,8.000000,80.000000,,
1,EV_B9_C1,7.000000,80.000000,,
1,EV_B9_C1,6.000000,80.000000,,
1,EV_B9_C1,5.000000,80.000000,,
1,EV_B9_C1,4.000000,80.000000,,
1,EV_B9_C1,3.000000,80.000000,,
1,EV_B9_C1,2.000000,80.000000,,
1,EV_B9_C1,1.000000,80.000000,,
1,EV_B9_C1,0.000000,80.000000,,
3,,,,,
3,,,,,
3,,,,,
3,,,,,
3,,,,,
3,,,,,
3,,,,,
3,,,,,
3,,,,,
3,,,,,
3,,,,,
3,,,,,
2,EV_B9_C1,,,0.000000,27.454937
1,EV_B9_C1,9.000000,80.000000,,
1,EV_B9_C1,8.000000,80.000000,,
1,EV_B9_C1,7.000000,80.000000,,
1,EV_B9_C1,6.000000,80.000000,,
1,EV_B9_C1,5.000000,80.000000,,
1,EV_B9_C1,4.000000,80.000000,,
1,EV_B9_C1,3.000000,80.000000,,
1,EV_B9_C1,2.000000,80.000000,,
1,EV_B9_C1,1.000000,80.000000,,
1,EV_B9_C1,0.000000,80.000000,,
3,,,,,
3,,,,,
3,,,,,
3,,,,,
3,,,,,
3,,,,,
3,,,,,
3,,,,,
3,,,,,
3,,,,,
3,,,,,
3,,,,,
3,,,,,
3,,,,,
3,,,,,
2,EV_B9_C1,,,0.000000,42.428958
1,EV_B9_C1,8.000000,80.000000,,
1,EV_B9_C1,7.000000,80.000000,,
1,EV_B9_C1,6.000000,80.000000,,
1,EV_B9_C1,5.000000,80.000000,,
1,EV_B9_C1,4.000000,80.000000,,
1,EV_B9_C1,3.000000,80.000000,,
1,EV_B9_C1,2.000000,80.000000,,
1,EV_B9_C1,1.000000,80.000000,,
1,EV_B9_C1,0.000000,80.000000,,
3,,,,,
3,,,,,
3,,,,,
3,,,,,
3,,,,,
3,,,,,
3,,,,,
3,,,,,
3,,,,,
3,,,,,
3,,,,,
3,,,,,
3,,,,,
2,EV_B9_C1,,,0.000000,41.604049
1,EV_B9_C1,8.000000,80.000000,,
1,EV_B9_C1,7.000000,80.000000,,
1,EV_B9_C1,6.000000,80.000000,,
1,EV_B9_C1,5.000000,80.000000,,
1,EV_B9_C1,4.000000,80.000000,,
1,EV_B9_C1,3.000000,80.000000,,
1,EV_B9_C1,2.000000,80.000000,,
1,EV_B9_C1,1.000000,80.000000,,
1,EV_B9_C1,0.000000,80.000000,,
3,,,,,
3,,,,,
3,,,,,
3,,,,,
3,,,,,
3,,,,,
3,,,,,
3,,,,,
3,,,,,
3,,,,,
3,,,,,
3,,,,,
3,,,,,
2,EV_B9_C1,,,0.000000,26.224128
1,EV_B9_C1,10.000000,80.000000,,
1,EV_B9_C1,9.000000,80.000000,,
1,EV_B9_C1,8.000000,80.000000,,
1,EV_B9_C1,7.000000,80.000000,,
1,EV_B9_C1,6.000000,80.000000,,
1,EV_B9_C1,5.000000,80.000000,,
1,EV_B9_C1,4.000000,80.000000,,
1,EV_B9_C1,3.000000,80.000000,,
1,EV_B9_C1,2.000000,80.000000,,
1,EV_B9_C1,1.000000,80.000000,,
1,EV_B9_C1,0.000000,80.000000,,
3,,,,,
3,,,,,
3,,,,,
3,,,,,
3,,,,,
3,,,,,
3,,,,,
3,,,,,
3,,,,,
3,,,,,
3,,,,,
3,,,,,
3,,,,,
3,,,,,
2,EV_B9_C1,,,0.000000,42.354380
1,EV_B9_C1,8.000000,80.000000,,
1,EV_B9_C1,7.000000,80.000000,,
1,EV_B9_C1,6.000000,80.000000,,
1,EV_B9_C1,5.000000,80.000000,,
1,EV_B9_C1,4.000000,80.000000,,
1,EV_B9_C1,3.000000,80.000000,,
1,EV_B9_C1,2.000000,80.000000,,
1,EV_B9_C1,1.000000,80.000000,,
1,EV_B9_C1,0.000000,80.000000,,
3,,,,,
3,,,,,
3,,,,,
3,,,,,
3,,,,,
3,,,,,
3,,,,,
3,,,,,
3,,,,,
3,,,,,
3,,,,,
3,,,,,
3,,,,,
3,,,,,
2,EV_B9_C1,,,0.000000,25.857208
1,EV_B9_C1,7.000000,80.000000,,
1,EV_B9_C1,6.000000,80.000000,,
1,EV_B9_C1,5.000000,80.000000,,
1,EV_B9_C1,4.000000,80.000000,,
1,EV_B9_C1,3.000000,80.000000,,
1,EV_B9_C1,2.000000,80.000000,,
1,EV_B9_C1,1.000000,80.000000,,
1,EV_B9_C1,0.000000,80.000000,,
3,,,,,
3,,,,,
3,,,,,
3,,,,,
3,,,,,
3,,,,,
3,,,,,
3,,,,,
3,,,,,
3,,,,,
3,,,,,
3,,,,,
3,,,,,
2,EV_B9_C1,,,0.000000,29.418381
1,EV_B9_C1,10.000000,80.000000,,
1,EV_B9_C1,9.000000,80.000000,,
1,EV_B9_C1,8.000000,80.000000,,
1,EV_B9_C1,7.000000,80.000000,,
1,EV_B9_C1,6.000000,80.000000,,
1,EV_B9_C1,5.000000,80.000000,,
1,EV_B9_C1,4.000000,80.000000,,
1,EV_B9_C1,3.000000,80.000000,,
1,EV_B9_C1,2.000000,80.000000,,
1,EV_B9_C1,1.000000,80.000000,,
1,EV_B9_C1,0.000000,80.000000,,
3,,,,,
3,,,,,
3,,,,,
3,,,,,
3,,,,,
3,,,,,
3,,,,,
3,,,,,
3,,,,,
3,,,,,
3,,,,,
3,,,,,
3,,,,,
3,,,,,
2,EV_B9_C1,,,0.000000,25.102131
1,EV_B9_C1,8.000000,80.000000,,
1,EV_B9_C1,7.000000,80.000000,,
1,EV_B9_C1,6.000000,80.000000,,
1,EV_B9_C1,5.000000,80.000000,,
1,EV_B9_C1,4.000000,80.000000,,
1,EV_B9_C1,3.000000,80.000000,,
1,EV_B9_C1,2.000000,80.000000,,
1,EV_B9_C1,1.000000,80.000000,,
1,EV_B9_C1,0.000000,80.000000,,
3,,,,,
3,,,,,
3,,,,,
3,,,,,
3,,,,,
3,,,,,
3,,,,,
3,,,,,
3,,,,,
3,,,,,
3,,,,,
3,,,,,
2,EV_B9_C1,,,0.000000,27.673377
1,EV_B9_C1,9.000000,80.000000,,
1,EV_B9_C1,8.000000,80.000000,,
1,EV_B9_C1,7.000000,80.000000,,
1,EV_B9_C1,6.000000,80.000000,,
1,EV_B9_C1,5.000000,80.000000,,
1,EV_B9_C1,4.000000,80.000000,,
1,EV_B9_C1,3.000000,80.000000,,
1,EV_B9_C1,2.000000,80.000000,,
1,EV_B9_C1,1.000000,80.000000,,
1,EV_B9_C1,0.000000,80.000000,,
3,,,,,
3,,,,,
3,,,,,
3,,,,,
3,,,,,
3,,,,,
3,,,,,
3,,,,,
3,,,,,
3,,,,,
3,,,,,
3,,,,,
2,EV_B9_C1,,,0.000000,35.166715
1,EV_B9_C1,11.000000,80.000000,,
1,EV_B9_C1,10.000000,80.000000,,
1,EV_B9_C1,9.000000,80.000000,,
1,EV_B9_C1,8.000000,80.000000,,
1,EV_B9_C1,7.000000,80.000000,,
1,EV_B9_C1,6.000000,80.000000,,
1,EV_B9_C1,5.000000,80.000000,,
1,EV_B9_C1,4.000000,80.000000,,
1,EV_B9_C1,3.000000,80.000000,,
1,EV_B9_C1,2.000000,80.000000,,
1,EV_B9_C1,1.000000,80.000000,,
1,EV_B9_C1,0.000000,80.000000,,
3,,,,,
3,,,,,
3,,,,,
3,,,,,
3,,,,,
3,,,,,
3,,,,,
3,,,,,
3,,,,,
3,,,,,
3,,,,,
3,,,,,
2,EV_B9_C1,,,0.000000,44.980373
1,EV_B9_C1,9.000000,80.000000,,
1,EV_B9_C1,8.000000,80.000000,,
1,EV_B9_C1,7.000000,80.000000,,
1,EV_B9_C1,6.000000,80.000000,,
1,EV_B9_C1,5.000000,80.000000,,
1,EV_B9_C1,4.000000,80.000000,,
1,EV_B9_C1,3.000000,80.000000,,
1,EV_B9_C1,2.000000,80.000000,,
1,EV_B9_C1,1.000000,80.000000,,
1,EV_B9_C1,0.000000,80.000000,,
3,,,,,
3,,,,,
3,,,,,
3,,,,,
3,,,,,
3,,,,,
3,,,,,
3,,,,,
3,,,,,
3,,,,,
3,,,,,
3,,,,,
2,EV_B9_C1,,,0.000000,36.970478
1,EV_B9_C1,10.000000,80.000000,,
1,EV_B9_C1,9.000000,80.000000,,
1,EV_B9_C1,8.000000,80.000000,,
1,EV_B9_C1,7.000000,80.000000,,
1,EV_B9_C1,6.000000,80.000000,,
1,EV_B9_C1,5.000000,80.000000,,
1,EV_B9_C1,4.000000,80.000000,,
1,EV_B9_C1,3.000000,80.000000,,
1,EV_B9_C1,2.000000,80.000000,,
1,EV_B9_C1,1.000000,80.000000,,
1,EV_B9_C1,0.000000,80.000000,,
3,,,,,
3,,,,,
3,,,,,
3,,,,,
3,,,,,
3,,,,,
3,,,,,
3,,,,,
3,,,,,
3,,,,,
3,,,,,
3,,,,,
3,,,,,
3,,,,,
2,EV_B9_C1,,,0.000000,41.194872
1,EV_B9_C1,8.000000,80.000000,,
1,EV_B9_C1,7.000000,80.000000,,
1,EV_B9_C1,6.000000,80.000000,,
1,EV_B9_C1,5.000000,80.000000,,
1,EV_B9_C1,4.000000,80.000000,,
1,EV_B9_C1,3.000000,80.000000,,
1,EV_B9_C1,2.000000,80.000000,,
1,EV_B9_C1,1.000000,80.000000,,
1,EV_B9_C1,0.000000,80.000000,,
3,,,,,
3,,,,,
3,,,,,
3,,,,,
3,,,,,
3,,,,,
3,,,,,
3,,,,,
3,,,,,
3,,,,,
3,,,,,
3,,,,,
3,,,,,
3,,,,,
3,,,,,
2,EV_B9_C1,,,0.000000,41.647985
1,EV_B9_C1,7.000000,80.000000,,
1,EV_B9_C1,6.000000,80.000000,,
1,EV_B9_C1,5.000000,80.000000,,
1,EV_B9_C1,4.000000,80.000000,,
1,EV_B9_C1,3.000000,80.000000,,
1,EV_B9_C1,2.000000,80.000000,,
1,EV_B9_C1,1.000000,80.000000,,
1,EV_B9_C1,0.000000,80.000000,,
3,,,,,
3,,,,,
3,,,,,
3,,,,,
3,,,,,
3,,,,,
3,,,,,
3,,,,,
3,,,,,
3,,,,,
3,,,,,
3,,,,,
3,,,,,
2,EV_B9_C1,,,0.000000,31.067743
1,EV_B9_C1,9.000000,80.000000,,
1,EV_B9_C1,8.000000,80.000000,,
1,EV_B9_C1,7.000000,80.000000,,
1,EV_B9_C1,6.000000,80.000000,,
1,EV_B9_C1,5.000000,80.000000,,
1,EV_B9_C1,4.000000,80.000000,,
1,EV_B9_C1,3.000000,80.000000,,
1,EV_B9_C1,2.000000,80.000000,,
1,EV_B9_C1,1.000000,80.000000,,
1,EV_B9_C1,0.000000,80.000000,,
3,,,,,
3,,,,,
3,,,,,
3,,,,,
3,,,,,
3,,,,,
3,,,,,
3,,,,,
3,,,,,
3,,,,,
3,,,,,
3,,,,,
3,,,,,
3,,,,,
2,EV_B9_C1,,,0.000000,35.691736
1,EV_B9_C1,8.000000,80.000000,,
1,EV_B9_C1,7.000000,80.000000,,
1,EV_B9_C1,6.000000,80.000000,,
1,EV_B9_C1,5.000000,80.000000,,
1,EV_B9_C1,4.000000,80.000000,,
1,EV_B9_C1,3.000000,80.000000,,
1,EV_B9_C1,2.000000,80.000000,,
1,EV_B9_C1,1.000000,80.000000,,
1,EV_B9_C1,0.000000,80.000000,,
3,,,,,
3,,,,,
3,,,,,
3,,,,,
3,,,,,
3,,,,,
3,,,,,
3,,,,,
3,,,,,
3,,,,,
3,,,,,
3,,,,,
3,,,,,
3,,,,,
2,EV_B9_C1,,,0.000000,32.520972
1,EV_B9_C1,8.000000,80.000000,,
1,EV_B9_C1,7.000000,80.000000,,
1,EV_B9_C1,6.000000,80.000000,,
1,EV_B9_C1,5.000000,80.000000,,
1,EV_B9_C1,4.000000,80.000000,,
1,EV_B9_C1,3.000000,80.000000,,
1,EV_B9_C1,2.000000,80.000000,,
1,EV_B9_C1,1.000000,80.000000,,
1,EV_B9_C1,0.000000,80.000000,,
3,,,,,
3,,,,,
3,,,,,
3,,,,,
3,,,,,
3,,,,,
3,,,,,
3,,,,,
3,,,,,
3,,,,,
3,,,,,
3,,,,,
3,,,,,
3,,,,,
3,,,,,
3,,,,,
3,,,,,
3,,,,,
3,,,,,
3,,,,,
3,,,,,
3,,,,,
3,,,,,
3,,,,,
3,,,,,
3,,,,,
3,,,,,
3,,,,,
3,,,,,
3,,,,,
3,,,,,
3,,,,,
3,,,,,
3,,,,,
3,,,,,
3,,,,,
2,EV_B9_C1,,,0.000000,37.021230
1,EV_B9_C1,10.000000,80.000000,,
1,EV_B9_C1,9.000000,80.000000,,
1,EV_B9_C1,8.000000,80.000000,,
1,EV_B9_C1,7.000000,80.000000,,
1,EV_B9_C1,6.000000,80.000000,,
1,EV_B9_C1,5.000000,80.000000,,
1,EV_B9_C1,4.000000,80.000000,,
1,EV_B9_C1,3.000000,80.000000,,
1,EV_B9_C1,2.000000,80.000000,,
1,EV_B9_C1,1.000000,80.000000,,
1,EV_B9_C1,0.000000,80.000000,,
3,,,,,
3,,,,,
3,,,,,
3,,,,,
3,,,,,
3,,,,,
3,,,,,
3,,,,,
3,,,,,
3,,,,,
3,,,,,
3,,,,,
3,,,,,
3,,,,,
3,,,,,
3,,,,,
3,,,,,
3,,,,,
3,,,,,
3,,,,,
3,,,,,
3,,,,,
3,,,,,
3,,,,,
3,,,,,
3,,,,,
3,,,,,
3,,,,,
3,,,,,
3,,,,,
3,,,,,
3,,,,,
3,,,,,
3,,,,,
3,,,,,
3,,,,,
2,EV_B9_C1,,,0.000000,29.494071
1,EV_B9_C1,11.000000,80.000000,,
1,EV_B9_C1,10.000000,80.000000,,
1,EV_B9_C1,9.000000,80.000000,,
1,EV_B9_C1,8.000000,80.000000,,
1,EV_B9_C1,7.000000,80.000000,,
1,EV_B9_C1,6.000000,80.000000,,
1,EV_B9_C1,5.000000,80.000000,,
1,EV_B9_C1,4.000000,80.000000,,
1,EV_B9_C1,3.000000,80.000000,,
1,EV_B9_C1,2.000000,80.000000,,
1,EV_B9_C1,1.000000,80.000000,,
1,EV_B9_C1,0.000000,80.000000,,
3,,,,,
3,,,,,
3,,,,,
3,,,,,
3,,,,,
3,,,,,
3,,,,,
3,,,,,
3,,,,,
3,,,,,
3,,,,,
2,EV_B9_C1,,,0.000000,28.162543
1,EV_B9_C1,11.000000,80.000000,,
1,EV_B9_C1,10.000000,80.000000,,
1,EV_B9_C1,9.000000,80.000000,,
1,EV_B9_C1,8.000000,80.000000,,
1,EV_B9_C1,7.000000,80.000000,,
1,EV_B9_C1,6.000000,80.000000,,
1,EV_B9_C1,5.000000,80.000000,,
1,EV_B9_C1,4.000000,80.000000,,
1,EV_B9_C1,3.000000,80.000000,,
1,EV_B9_C1,2.000000,80.000000,,
1,EV_B9_C1,1.000000,80.000000,,
1,EV_B9_C1,0.000000,80.000000,,
3,,,,,
3,,,,,
3,,,,,
3,,,,,
3,,,,,
3,,,,,
3,,,,,
3,,,,,
3,,,,,
3,,,,,
3,,,,,
3,,,,,
3,,,,,
3,,,,,
2,EV_B9_C1,,,0.000000,41.079375
1,EV_B9_C1,7.000000,80.000000,,
1,EV_B9_C1,6.000000,80.000000,,
1,EV_B9_C1,5.000000,80.000000,,
1,EV_B9_C1,4.000000,80.000000,,
1,EV_B9_C1,3.000000,80.000000,,
1,EV_B9_C1,2.000000,80.000000,,
1,EV_B9_C1,1.000000,80.000000,,
1,EV_B9_C1,0.000000,80.000000,,
3,,,,,
3,,,,,
3,,,,,
3,,,,,
3,,,,,
3,,,,,
3,,,,,
3,,,,,
3,,,,,
3,,,,,
3,,,,,
3,,,,,
3,,,,,
3,,,,,
2,EV_B9_C1,,,0.000000,26.186932
1,EV_B9_C1,8.000000,80.000000,,
1,EV_B9_C1,7.000000,80.000000,,
1,EV_B9_C1,6.000000,80.000000,,
1,EV_B9_C1,5.000000,80.000000,,
1,EV_B9_C1,4.000000,80.000000,,
1,EV_B9_C1,3.000000,80.000000,,
1,EV_B9_C1,2.000000,80.000000,,
1,EV_B9_C1,1.000000,80.000000,,
1,EV_B9_C1,0.000000,80.000000,,
3,,,,,
3,,,,,
3,,,,,
3,,,,,
3,,,,,
3,,,,,
3,,,,,
3,,,,,
3,,,,,
3,,,,,
3,,,,,
3,,,,,
2,EV_B9_C1,,,0.000000,40.437769
1,EV_B9_C1,11.000000,80.000000,,
1,EV_B9_C1,10.000000,80.000000,,
1,EV_B9_C1,9.000000,80.000000,,
1,EV_B9_C1,8.000000,80.000000,,
1,EV_B9_C1,7.000000,80.000000,,
1,EV_B9_C1,6.000000,80.000000,,
1,EV_B9_C1,5.000000,80.000000,,
1,EV_B9_C1,4.000000,80.000000,,
1,EV_B9_C1,3.000000,80.000000,,
1,EV_B9_C1,2.000000,80.000000,,
1,EV_B9_C1,1.000000,80.000000,,
1,EV_B9_C1,0.000000,80.000000,,
3,,,,,
3,,,,,
3,,,,,
3,,,,,
3,,,,,
3,,,,,
3,,,,,
3,,,,,
3,,,,,
3,,,,,
3,,,,,
3,,,,,
3,,,,,
2,EV_B9_C1,,,0.000000,39.784786
1,EV_B9_C1,9.000000,80.000000,,
1,EV_B9_C1,8.000000,80.000000,,
1,EV_B9_C1,7.000000,80.000000,,
1,EV_B9_C1,6.000000,80.000000,,
1,EV_B9_C1,5.000000,80.000000,,
1,EV_B9_C1,4.000000,80.000000,,
1,EV_B9_C1,3.000000,80.000000,,
1,EV_B9_C1,2.000000,80.000000,,
1,EV_B9_C1,1.000000,80.000000,,
1,EV_B9_C1,0.000000,80.000000,,
3,,,,,
3,,,,,
3,,,,,
3,,,,,
3,,,,,
3,,,,,
3,,,,,
3,,,,,
3,,,,,
3,,,,,
3,,,,,
3,,,,,
3,,,,,
2,EV_B9_C1,,,0.000000,28.894433
1,EV_B9_C1,9.000000,80.000000,,
1,EV_B9_C1,8.000000,80.000000,,
1,EV_B9_C1,7.000000,80.000000,,
1,EV_B9_C1,6.000000,80.000000,,
1,EV_B9_C1,5.000000,80.000000,,
1,EV_B9_C1,4.000000,80.000000,,
1,EV_B9_C1,3.000000,80.000000,,
1,EV_B9_C1,2.000000,80.000000,,
1,EV_B9_C1,1.000000,80.000000,,
1,EV_B9_C1,0.000000,80.000000,,
3,,,,,
3,,,,,
3,,,,,
3,,,,,
3,,,,,
3,,,,,
3,,,,,
3,,,,,
3,,,,,
3,,,,,
3,,,,,
2,EV_B9_C1,,,0.000000,25.193691
1,EV_B9_C1,12.000000,80.000000,,
1,EV_B9_C1,11.000000,80.000000,,
1,EV_B9_C1,10.000000,80.000000,,
1,EV_B9_C1,9.000000,80.000000,,
1,EV_B9_C1,8.000000,80.000000,,
1,EV_B9_C1,7.000000,80.000000,,
1,EV_B9_C1,6.000000,80.000000,,
1,EV_B9_C1,5.000000,80.000000,,
1,EV_B9_C1,4.000000,80.000000,,
1,EV_B9_C1,3.000000,80.000000,,
1,EV_B9_C1,2.000000,80.000000,,
1,EV_B9_C1,1.000000,80.000000,,
1,EV_B9_C1,0.000000,80.000000,,
3,,,,,
3,,,,,
3,,,,,
3,,,,,
3,,,,,
3,,,,,
3,,,,,
3,,,,,
3,,,,,
3,,,,,
2,EV_B9_C1,,,0.000000,41.137558
1,EV_B9_C1,11.000000,80.000000,,
1,EV_B9_C1,10.000000,80.000000,,
1,EV_B9_C1,9.000000,80.000000,,
1,EV_B9_C1,8.000000,80.000000,,
1,EV_B9_C1,7.000000,80.000000,,
1,EV_B9_C1,6.000000,80.000000,,
1,EV_B9_C1,5.000000,80.000000,,
1,EV_B9_C1,4.000000,80.000000,,
1,EV_B9_C1,3.000000,80.000000,,
1,EV_B9_C1,2.000000,80.000000,,
1,EV_B9_C1,1.000000,80.000000,,
1,EV_B9_C1,0.000000,80.000000,,
3,,,,,
3,,,,,
3,,,,,
3,,,,,
3,,,,,
3,,,,,
3,,,,,
3,,,,,
3,,,,,
3,,,,,
3,,,,,
3,,,,,
3,,,,,
3,,,,,
3,,,,,
3,,,,,
3,,,,,
3,,,,,
3,,,,,
3,,,,,
3,,,,,
3,,,,,
3,,,,,
3,,,,,
3,,,,,
3,,,,,
3,,,,,
3,,,,,
3,,,,,
3,,,,,
3,,,,,
3,,,,,
3,,,,,
3,,,,,
3,,,,,
3,,,,,
3,,,,,
2,EV_B9_C1,,,0.000000,36.602399
1,EV_B9_C1,8.000000,80.000000,,
1,EV_B9_C1,7.000000,80.000000,,
1,EV_B9_C1,6.000000,80.000000,,
1,EV_B9_C1,5.000000,80.000000,,
1,EV_B9_C1,4.000000,80.000000,,
1,EV_B9_C1,3.000000,80.000000,,
1,EV_B9_C1,2.000000,80.000000,,
1,EV_B9_C1,1.000000,80.000000,,
1,EV_B9_C1,0.000000,80.000000,,
3,,,,,
3,,,,,
3,,,,,
3,,,,,
3,,,,,
3,,,,,
3,,,,,
3,,,,,
3,,,,,
3,,,,,
3,,,,,
3,,,,,
3,,,,,
3,,,,,
2,EV_B9_C1,,,0.000000,39.011693
1,EV_B9_C1,8.000000,80.000000,,
1,EV_B9_C1,7.000000,80.000000,,
1,EV_B9_C1,6.000000,80.000000,,
1,EV_B9_C1,5.000000,80.000000,,
1,EV_B9_C1,4.000000,80.000000,,
1,EV_B9_C1,3.000000,80.000000,,
1,EV_B9_C1,2.000000,80.000000,,
1,EV_B9_C1,1.000000,80.000000,,
1,EV_B9_C1,0.000000,80.000000,,
3,,,,,
3,,,,,
3,,,,,
3,,,,,
3,,,,,
3,,,,,
3,,,,,
3,,,,,
3,,,,,
3,,,,,
3,,,,,
3,,,,,
3,,,,,
2,EV_B9_C1,,,0.000000,39.267322
1,EV_B9_C1,10.000000,80.000000,,
1,EV_B9_C1,9.000000,80.000000,,
1,EV_B9_C1,8.000000,80.000000,,
1,EV_B9_C1,7.000000,80.000000,,
1,EV_B9_C1,6.000000,80.000000,,
1,EV_B9_C1,5.000000,80.000000,,
1,EV_B9_C1,4.000000,80.000000,,
1,EV_B9_C1,3.000000,80.000000,,
1,EV_B9_C1,2.000000,80.000000,,
1,EV_B9_C1,1.000000,80.000000,,
1,EV_B9_C1,0.000000,80.000000,,
3,,,,,
3,,,,,
3,,,,,
3,,,,,
3,,,,,
3,,,,,
3,,,,,
3,,,,,
3,,,,,
3,,,,,
3,,,,,
2,EV_B9_C1,,,0.000000,30.893364
1,EV_B9_C1,10.000000,80.000000,,
1,EV_B9_C1,9.000000,80.000000,,
1,EV_B9_C1,8.000000,80.000000,,
1,EV_B9_C1,7.000000,80.000000,,
1,EV_B9_C1,6.000000,80.000000,,
1,EV_B9_C1,5.000000,80.000000,,
1,EV_B9_C1,4.000000,80.000000,,
1,EV_B9_C1,3.000000,80.000000,,
1,EV_B9_C1,2.000000,80.000000,,
1,EV_B9_C1,1.000000,80.000000,,
1,EV_B9_C1,0.000000,80.000000,,
3,,,,,
3,,,,,
3,,,,,
3,,,,,
3,,,,,
3,,,,,
3,,,,,
3,,,,,
3,,,,,
3,,,,,
3,,,,,
3,,,,,
2,EV_B9_C1,,,0.000000,31.441057
1,EV_B9_C1,12.000000,80.000000,,
1,EV_B9_C1,11.000000,80.000000,,
1,EV_B9_C1,10.000000,80.000000,,
1,EV_B9_C1,9.000000,80.000000,,
1,EV_B9_C1,8.000000,80.000000,,
1,EV_B9_C1,7.000000,80.000000,,
1,EV_B9_C1,6.000000,80.000000,,
1,EV_B9_C1,5.000000,80.000000,,
1,EV_B9_C1,4.000000,80.000000,,
1,EV_B9_C1,3.000000,80.000000,,
1,EV_B9_C1,2.000000,80.000000,,
1,EV_B9_C1,1.000000,80.000000,,
1,EV_B9_C1,0.000000,80.000000,,
3,,,,,
3,,,,,
3,,,,,
3,,,,,
3,,,,,
3,,,,,
3,,,,,
3,,,,,
3,,,,,
3,,,,,
3,,,,,
2,EV_B9_C1,,,0.000000,43.936567
1,EV_B9_C1,10.000000,80.000000,,
1,EV_B9_C1,9.000000,80.000000,,
1,EV_B9_C1,8.000000,80.000000,,
1,EV_B9_C1,7.000000,80.000000,,
1,EV_B9_C1,6.000000,80.000000,,
1,EV_B9_C1,5.000000,80.000000,,
1,EV_B9_C1,4.000000,80.000000,,
1,EV_B9_C1,3.000000,80.000000,,
1,EV_B9_C1,2.000000,80.000000,,
1,EV_B9_C1,1.000000,80.000000,,
1,EV_B9_C1,0.000000,80.000000,,
3,,,,,
3,,,,,
3,,,,,
3,,,,,
3,,,,,
3,,,,,
3,,,,,
3,,,,,
3,,,,,
3,,,,,
3,,,,,
3,,,,,
3,,,,,
2,EV_B9_C1,,,0.000000,42.167954
1,EV_B9_C1,8.000000,80.000000,,
1,EV_B9_C1,7.000000,80.000000,,
1,EV_B9_C1,6.000000,80.000000,,
1,EV_B9_C1,5.000000,80.000000,,
1,EV_B9_C1,4.000000,80.000000,,
1,EV_B9_C1,3.000000,80.000000,,
1,EV_B9_C1,2.000000,80.000000,,
1,EV_B9_C1,1.000000,80.000000,,
1,EV_B9_C1,0.000000,80.000000,,
3,,,,,
3,,,,,
3,,,,,
3,,,,,
3,,,,,
3,,,,,
3,,,,,
3,,,,,
3,,,,,
3,,,,,
3,,,,,
3,,,,,
3,,,,,
2,EV_B9_C1,,,0.000000,29.851273
1,EV_B9_C1,9.000000,80.000000,,
1,EV_B9_C1,8.000000,80.000000,,
1,EV_B9_C1,7.000000,80.000000,,
1,EV_B9_C1,6.000000,80.000000,,
1,EV_B9_C1,5.000000,80.000000,,
1,EV_B9_C1,4.000000,80.000000,,
1,EV_B9_C1,3.000000,80.000000,,
1,EV_B9_C1,2.000000,80.000000,,
1,EV_B9_C1,1.000000,80.000000,,
1,EV_B9_C1,0.000000,80.000000,,
3,,,,,
3,,,,,
3,,,,,
3,,,,,
3,,,,,
3,,,,,
3,,,,,
3,,,,,
3,,,,,
3,,,,,
3,,,,,
3,,,,,
3,,,,,
2,EV_B9_C1,,,0.000000,26.743533
1,EV_B9_C1,9.000000,80.000000,,
1,EV_B9_C1,8.000000,80.000000,,
1,EV_B9_C1,7.000000,80.000000,,
1,EV_B9_C1,6.000000,80.000000,,
1,EV_B9_C1,5.000000,80.000000,,
1,EV_B9_C1,4.000000,80.000000,,
1,EV_B9_C1,3.000000,80.000000,,
1,EV_B9_C1,2.000000,80.000000,,
1,EV_B9_C1,1.000000,80.000000,,
1,EV_B9_C1,0.000000,80.000000,,
3,,,,,
3,,,,,
3,,,,,
3,,,,,
3,,,,,
3,,,,,
3,,,,,
3,,,,,
3,,,,,
3,,,,,
3,,,,,
3,,,,,
2,EV_B9_C1,,,0.000000,36.708832
1,EV_B9_C1,11.000000,80.000000,,
1,EV_B9_C1,10.000000,80.000000,,
1,EV_B9_C1,9.000000,80.000000,,
1,EV_B9_C1,8.000000,80.000000,,
1,EV_B9_C1,7.000000,80.000000,,
1,EV_B9_C1,6.000000,80.000000,,
1,EV_B9_C1,5.000000,80.000000,,
1,EV_B9_C1,4.000000,80.000000,,
1,EV_B9_C1,3.000000,80.000000,,
1,EV_B9_C1,2.000000,80.000000,,
1,EV_B9_C1,1.000000,80.000000,,
1,EV_B9_C1,0.000000,80.000000,,
3,,,,,
3,,,,,
3,,,,,
3,,,,,
3,,,,,
3,,,,,
3,,,,,
3,,,,,
3,,,,,
3,,,,,
3,,,,,
3,,,,,
3,,,,,
3,,,,,
2,EV_B9_C1,,,0.000000,43.124300
1,EV_B9_C1,7.000000,80.000000,,
1,EV_B9_C1,6.000000,80.000000,,
1,EV_B9_C1,5.000000,80.000000,,
1,EV_B9_C1,4.000000,80.000000,,
1,EV_B9_C1,3.000000,80.000000,,
1,EV_B9_C1,2.000000,80.000000,,
1,EV_B9_C1,1.000000,80.000000,,
1,EV_B9_C1,0.000000,80.000000,,
3,,,,,
3,,,,,
3,,,,,
3,,,,,
3,,,,,
3,,,,,
3,,,,,
3,,,,,
3,,,,,
3,,,,,
3,,,,,
3,,,,,
3,,,,,
3,,,,,
2,EV_B9_C1,,,0.000000,34.571067
1,EV_B9_C1,9.000000,80.000000,,
1,EV_B9_C1,8.000000,80.000000,,
1,EV_B9_C1,7.000000,80.000000,,
1,EV_B9_C1,6.000000,80.000000,,
1,EV_B9_C1,5.000000,80.000000,,
1,EV_B9_C1,4.000000,80.000000,,
1,EV_B9_C1,3.000000,80.000000,,
1,EV_B9_C1,2.000000,80.000000,,
1,EV_B9_C1,1.000000,80.000000,,
1,EV_B9_C1,0.000000,80.000000,,
3,,,,,
3,,,,,
3,,,,,
3,,,,,
3,,,,,
3,,,,,
3,,,,,
3,,,,,
3,,,,,
3,,,,,
3,,,,,
3,,,,,
2,EV_B9_C1,,,0.000000,38.327796
1,EV_B9_C1,10.000000,80.000000,,
1,EV_B9_C1,9.000000,80.000000,,
1,EV_B9_C1,8.000000,80.000000,,
1,EV_B9_C1,7.000000,80.000000,,
1,EV_B9_C1,6.000000,80.000000,,
1,EV_B9_C1,5.000000,80.000000,,
1,EV_B9_C1,4.000000,80.000000,,
1,EV_B9_C1,3.000000,80.000000,,
1,EV_B9_C1,2.000000,80.000000,,
1,EV_B9_C1,1.000000,80.000000,,
1,EV_B9_C1,0.000000,80.000000,,
3,,,,,
3,,,,,
3,,,,,
3,,,,,
3,,,,,
3,,,,,
3,,,,,
3,,,,,
3,,,,,
3,,,,,
3,,,,,
3,,,,,
3,,,,,
3,,,,,
3,,,,,
3,,,,,
3,,,,,
3,,,,,
3,,,,,
3,,,,,
3,,,,,
3,,,,,
3,,,,,
3,,,,,
3,,,,,
3,,,,,
3,,,,,
3,,,,,
3,,,,,
3,,,,,
3,,,,,
3,,,,,
3,,,,,
3,,,,,
3,,,,,
3,,,,,
3,,,,,
2,EV_B9_C1,,,0.000000,25.200327
1,EV_B9_C1,9.000000,80.000000,,
1,EV_B9_C1,8.000000,80.000000,,
1,EV_B9_C1,7.000000,80.000000,,
1,EV_B9_C1,6.000000,80.000000,,
1,EV_B9_C1,5.000000,80.000000,,
1,EV_B9_C1,4.000000,80.000000,,
1,EV_B9_C1,3.000000,80.000000,,
1,EV_B9_C1,2.000000,80.000000,,
1,EV_B9_C1,1.000000,80.000000,,
1,EV_B9_C1,0.000000,80.000000,,
3,,,,,
3,,,,,
3,,,,,
3,,,,,
3,,,,,
3,,,,,
3,,,,,
3,,,,,
3,,,,,
3,,,,,
3,,,,,
3,,,,,
2,EV_B9_C1,,,0.000000,43.710953
1,EV_B9_C1,9.000000,80.000000,,
1,EV_B9_C1,8.000000,80.000000,,
1,EV_B9_C1,7.000000,80.000000,,
1,EV_B9_C1,6.000000,80.000000,,
1,EV_B9_C1,5.000000,80.000000,,
1,EV_B9_C1,4.000000,80.000000,,
1,EV_B9_C1,3.000000,80.000000,,
1,EV_B9_C1,2.000000,80.000000,,
1,EV_B9_C1,1.000000,80.000000,,
1,EV_B9_C1,0.000000,80.000000,,
3,,,,,
3,,,,,
3,,,,,
3,,,,,
3,,,,,
3,,,,,
3,,,,,
3,,,,,
3,,,,,
3,,,,,
3,,,,,
3,,,,,
3,,,,,
3,,,,,
2,EV_B9_C1,,,0.000000,44.468273
1,EV_B9_C1,9.000000,80.000000,,
1,EV_B9_C1,8.000000,80.000000,,
1,EV_B9_C1,7.000000,80.000000,,
1,EV_B9_C1,6.000000,80.000000,,
1,EV_B9_C1,5.000000,80.000000,,
1,EV_B9_C1,4.000000,80.000000,,
1,EV_B9_C1,3.000000,80.000000,,
1,EV_B9_C1,2.000000,80.000000,,
1,EV_B9_C1,1.000000,80.000000,,
1,EV_B9_C1,0.000000,80.000000,,
3,,,,,
3,,,,,
3,,,,,
3,,,,,
3,,,,,
3,,,,,
3,,,,,
3,,,,,
3,,,,,
3,,,,,
3,,,,,
3,,,,,
3,,,,,
2,EV_B9_C1,,,0.000000,27.302955
1,EV_B9_C1,9.000000,80.000000,,
1,EV_B9_C1,8.000000,80.000000,,
1,EV_B9_C1,7.000000,80.000000,,
1,EV_B9_C1,6.000000,80.000000,,
1,EV_B9_C1,5.000000,80.000000,,
1,EV_B9_C1,4.000000,80.000000,,
1,EV_B9_C1,3.000000,80.000000,,
1,EV_B9_C1,2.000000,80.000000,,
1,EV_B9_C1,1.000000,80.000000,,
1,EV_B9_C1,0.000000,80.000000,,
3,,,,,
3,,,,,
3,,,,,
3,,,,,
3,,,,,
3,,,,,
3,,,,,
3,,,,,
3,,,,,
3,,,,,
3,,,,,
3,,,,,
2,EV_B9_C1,,,0.000000,31.961076
1,EV_B9_C1,10.000000,80.000000,,
1,EV_B9_C1,9.000000,80.000000,,
1,EV_B9_C1,8.000000,80.000000,,
1,EV_B9_C1,7.000000,80.000000,,
1,EV_B9_C1,6.000000,80.000000,,
1,EV_B9_C1,5.000000,80.000000,,
1,EV_B9_C1,4.000000,80.000000,,
1,EV_B9_C1,3.000000,80.000000,,
1,EV_B9_C1,2.000000,80.000000,,
1,EV_B9_C1,1.000000,80.000000,,
1,EV_B9_C1,0.000000,80.000000,,
3,,,,,
3,,,,,
3,,,,,
3,,,,,
3,,,,,
3,,,,,
3,,,,,
3,,,,,
3,,,,,
3,,,,,
3,,,,,
3,,,,,
3,,,,,
3,,,,,
3,,,,,
3,,,,,
3,,,,,
3,,,,,
3,,,,,
3,,,,,
3,,,,,
3,,,,,
3,,,,,
3,,,,,
3,,,,,
3,,,,,
3,,,,,
3,,,,,
3,,,,,
3,,,,,
3,,,,,
3,,,,,
3,,,,,
3,,,,,
3,,,,,
3,,,,,
3,,,,,
3,,,,,
2,EV_B9_C1,,,0.000000,39.426309
1,EV_B9_C1,7.000000,80.000000,,
1,EV_B9_C1,6.000000,80.000000,,
1,EV_B9_C1,5.000000,80.000000,,
1,EV_B9_C1,4.000000,80.000000,,
1,EV_B9_C1,3.000000,80.000000,,
1,EV_B9_C1,2.000000,80.000000,,
1,EV_B9_C1,1.000000,80.000000,,
1,EV_B9_C1,0.000000,80.000000,,
3,,,,,
3,,,,,
3,,,,,
3,,,,,
3,,,,,
3,,,,,
3,,,,,
3,,,,,
3,,,,,
3,,,,,
3,,,,,
3,,,,,
3,,,,,
3,,,,,
2,EV_B9_C1,,,0.000000,27.059973
1,EV_B9_C1,8.000000,80.000000,,
1,EV_B9_C1,7.000000,80.000000,,
1,EV_B9_C1,6.000000,80.000000,,
1,EV_B9_C1,5.000000,80.000000,,
1,EV_B9_C1,4.000000,80.000000,,
1,EV_B9_C1,3.000000,80.000000,,
1,EV_B9_C1,2.000000,80.000000,,
1,EV_B9_C1,1.000000,80.000000,,
1,EV_B9_C1,0.000000,80.000000,,
3,,,,,
3,,,,,
3,,,,,
3,,,,,
3,,,,,
3,,,,,
3,,,,,
3,,,,,
3,,,,,
3,,,,,
3,,,,,
3,,,,,
3,,,,,
3,,,,,
2,EV_B9_C1,,,0.000000,37.278527
1,EV_B9_C1,9.000000,80.000000,,
1,EV_B9_C1,8.000000,80.000000,,
1,EV_B9_C1,7.000000,80.000000,,
1,EV_B9_C1,6.000000,80.000000,,
1,EV_B9_C1,5.000000,80.000000,,
1,EV_B9_C1,4.000000,80.000000,,
1,EV_B9_C1,3.000000,80.000000,,
1,EV_B9_C1,2.000000,80.000000,,
1,EV_B9_C1,1.000000,80.000000,,
1,EV_B9_C1,0.000000,80.000000,,
3,,,,,
3,,,,,
3,,,,,
3,,,,,
3,,,,,
3,,,,,
3,,,,,
3,,,,,
3,,,,,
3,,,,,
3,,,,,
3,,,,,
3,,,,,
2,EV_B9_C1,,,0.000000,32.633409
1,EV_B9_C1,9.000000,80.000000,,
1,EV_B9_C1,8.000000,80.000000,,
1,EV_B9_C1,7.000000,80.000000,,
1,EV_B9_C1,6.000000,80.000000,,
1,EV_B9_C1,5.000000,80.000000,,
1,EV_B9_C1,4.000000,80.000000,,
1,EV_B9_C1,3.000000,80.000000,,
1,EV_B9_C1,2.000000,80.000000,,
1,EV_B9_C1,1.000000,80.000000,,
1,EV_B9_C1,0.000000,80.000000,,
3,,,,,
3,,,,,
3,,,,,
3,,,,,
3,,,,,
3,,,,,
3,,,,,
3,,,,,
3,,,,,
3,,,,,
3,,,,,
3,,,,,
3,,,,,
2,EV_B9_C1,,,0.000000,29.192382
1,EV_B9_C1,8.000000,80.000000,,
1,EV_B9_C1,7.000000,80.000000,,
1,EV_B9_C1,6.000000,80.000000,,
1,EV_B9_C1,5.000000,80.000000,,
1,EV_B9_C1,4.000000,80.000000,,
1,EV_B9_C1,3.000000,80.000000,,
1,EV_B9_C1,2.000000,80.000000,,
1,EV_B9_C1,1.000000,80.000000,,
1,EV_B9_C1,0.000000,80.000000,,
3,,,,,
3,,,,,
3,,,,,
3,,,,,
3,,,,,
3,,,,,
3,,,,,
3,,,,,
3,,,,,
3,,,,,
3,,,,,
3,,,,,
3,,,,,
3,,,,,
3,,,,,
2,EV_B9_C1,,,0.000000,38.910858
1,EV_B9_C1,7.000000,80.000000,,
1,EV_B9_C1,6.000000,80.000000,,
1,EV_B9_C1,5.000000,80.000000,,
1,EV_B9_C1,4.000000,80.000000,,
1,EV_B9_C1,3.000000,80.000000,,
1,EV_B9_C1,2.000000,80.000000,,
1,EV_B9_C1,1.000000,80.000000,,
1,EV_B9_C1,0.000000,80.000000,,
3,,,,,
3,,,,,
3,,,,,
3,,,,,
3,,,,,
3,,,,,
3,,,,,
3,,,,,
3,,,,,
3,,,,,
3,,,,,
3,,,,,
3,,,,,
3,,,,,
2,EV_B9_C1,,,0.000000,38.322380
1,EV_B9_C1,8.000000,80.000000,,
1,EV_B9_C1,7.000000,80.000000,,
1,EV_B9_C1,6.000000,80.000000,,
1,EV_B9_C1,5.000000,80.000000,,
1,EV_B9_C1,4.000000,80.000000,,
1,EV_B9_C1,3.000000,80.000000,,
1,EV_B9_C1,2.000000,80.000000,,
1,EV_B9_C1,1.000000,80.000000,,
1,EV_B9_C1,0.000000,80.000000,,
3,,,,,
3,,,,,
3,,,,,
3,,,,,
3,,,,,
3,,,,,
3,,,,,
3,,,,,
3,,,,,
3,,,,,
3,,,,,
3,,,,,
3,,,,,
3,,,,,
2,EV_B9_C1,,,0.000000,28.891223
1,EV_B9_C1,7.000000,80.000000,,
1,EV_B9_C1,6.000000,80.000000,,
1,EV_B9_C1,5.000000,80.000000,,
1,EV_B9_C1,4.000000,80.000000,,
1,EV_B9_C1,3.000000,80.000000,,
1,EV_B9_C1,2.000000,80.000000,,
1,EV_B9_C1,1.000000,80.000000,,
1,EV_B9_C1,0.000000,80.000000,,
3,,,,,
3,,,,,
3,,,,,
3,,,,,
3,,,,,
3,,,,,
3,,,,,
3,,,,,
3,,,,,
3,,,,,
3,,,,,
3,,,,,
3,,,,,
2,EV_B9_C1,,,0.000000,34.591233
1,EV_B9_C1,10.000000,80.000000,,
1,EV_B9_C1,9.000000,80.000000,,
1,EV_B9_C1,8.000000,80.000000,,
1,EV_B9_C1,7.000000,80.000000,,
1,EV_B9_C1,6.000000,80.000000,,
1,EV_B9_C1,5.000000,80.000000,,
1,EV_B9_C1,4.000000,80.000000,,
1,EV_B9_C1,3.000000,80.000000,,
1,EV_B9_C1,2.000000,80.000000,,
1,EV_B9_C1,1.000000,80.000000,,
1,EV_B9_C1,0.000000,80.000000,,
3,,,,,
3,,,,,
3,,,,,
3,,,,,
3,,,,,
3,,,,,
3,,,,,
3,,,,,
3,,,,,
3,,,,,
3,,,,,
3,,,,,
3,,,,,
2,EV_B9_C1,,,0.000000,34.485270
1,EV_B9_C1,9.000000,80.000000,,
1,EV_B9_C1,8.000000,80.000000,,
1,EV_B9_C1,7.000000,80.000000,,
1,EV_B9_C1,6.000000,80.000000,,
1,EV_B9_C1,5.000000,80.000000,,
1,EV_B9_C1,4.000000,80.000000,,
1,EV_B9_C1,3.000000,80.000000,,
1,EV_B9_C1,2.000000,80.000000,,
1,EV_B9_C1,1.000000,80.000000,,
1,EV_B9_C1,0.000000,80.000000,,
3,,,,,
3,,,,,
3,,,,,
3,,,,,
3,,,,,
3,,,,,
3,,,,,
3,,,,,
3,,,,,
3,,,,,
3,,,,,
3,,,,,
3,,,,,
2,EV_B9_C1,,,0.000000,32.345432
1,EV_B9_C1,9.000000,80.000000,,
1,EV_B9_C1,8.000000,80.000000,,
1,EV_B9_C1,7.000000,80.000000,,
1,EV_B9_C1,6.000000,80.000000,,
1,EV_B9_C1,5.000000,80.000000,,
1,EV_B9_C1,4.000000,80.000000,,
1,EV_B9_C1,3.000000,80.000000,,
1,EV_B9_C1,2.000000,80.000000,,
1,EV_B9_C1,1.000000,80.000000,,
1,EV_B9_C1,0.000000,80.000000,,
3,,,,,
3,,,,,
3,,,,,
3,,,,,
3,,,,,
3,,,,,
3,,,,,
3,,,,,
3,,,,,
3,,,,,
3,,,,,
3,,,,,
3,,,,,
3,,,,,
3,,,,,
2,EV_B9_C1,,,0.000000,31.851974
1,EV_B9_C1,8.000000,80.000000,,
1,EV_B9_C1,7.000000,80.000000,,
1,EV_B9_C1,6.000000,80.000000,,
1,EV_B9_C1,5.000000,80.000000,,
1,EV_B9_C1,4.000000,80.000000,,
1,EV_B9_C1,3.000000,80.000000,,
1,EV_B9_C1,2.000000,80.000000,,
1,EV_B9_C1,1.000000,80.000000,,
1,EV_B9_C1,0.000000,80.000000,,
3,,,,,
3,,,,,
3,,,,,
3,,,,,
3,,,,,
3,,,,,
3,,,,,
3,,,,,
3,,,,,
3,,,,,
3,,,,,
3,,,,,
2,EV_B9_C1,,,0.000000,33.220836
1,EV_B9_C1,9.000000,80.000000,,
1,EV_B9_C1,8.000000,80.000000,,
1,EV_B9_C1,7.000000,80.000000,,
1,EV_B9_C1,6.000000,80.000000,,
1,EV_B9_C1,5.000000,80.000000,,
1,EV_B9_C1,4.000000,80.000000,,
1,EV_B9_C1,3.000000,80.000000,,
1,EV_B9_C1,2.000000,80.000000,,
1,EV_B9_C1,1.000000,80.000000,,
1,EV_B9_C1,0.000000,80.000000,,
3,,,,,
3,,,,,
3,,,,,
3,,,,,
3,,,,,
3,,,,,
3,,,,,
3,,,,,
3,,,,,
3,,,,,
3,,,,,
3,,,,,
3,,,,,
3,,,,,
2,EV_B9_C1,,,0.000000,41.270988
1,EV_B9_C1,9.000000,80.000000,,
1,EV_B9_C1,8.000000,80.000000,,
1,EV_B9_C1,7.000000,80.000000,,
1,EV_B9_C1,6.000000,80.000000,,
1,EV_B9_C1,5.000000,80.000000,,
1,EV_B9_C1,4.000000,80.000000,,
1,EV_B9_C1,3.000000,80.000000,,
1,EV_B9_C1,2.000000,80.000000,,
1,EV_B9_C1,1.000000,80.000000,,
1,EV_B9_C1,0.000000,80.000000,,
3,,,,,
3,,,,,
3,,,,,
3,,,,,
3,,,,,
3,,,,,
3,,,,,
3,,,,,
3,,,,,
3,,,,,
3,,,,,
2,EV_B9_C1,,,0.000000,43.373605
1,EV_B9_C1,10.000000,80.000000,,
1,EV_B9_C1,9.000000,80.000000,,
1,EV_B9_C1,8.000000,80.000000,,
1,EV_B9_C1,7.000000,80.000000,,
1,EV_B9_C1,6.000000,80.000000,,
1,EV_B9_C1,5.000000,80.000000,,
1,EV_B9_C1,4.000000,80.000000,,
1,EV_B9_C1,3.000000,80.000000,,
1,EV_B9_C1,2.000000,80.000000,,
1,EV_B9_C1,1.000000,80.000000,,
1,EV_B9_C1,0.000000,80.000000,,
3,,,,,
3,,,,,
3,,,,,
3,,,,,
3,,,,,
3,,,,,
3,,,,,
3,,,,,
3,,,,,
3,,,,,
3,,,,,
3,,,,,
3,,,,,
3,,,,,
2,EV_B9_C1,,,0.000000,33.330144
1,EV_B9_C1,9.000000,80.000000,,
1,EV_B9_C1,8.000000,80.000000,,
1,EV_B9_C1,7.000000,80.000000,,
1,EV_B9_C1,6.000000,80.000000,,
1,EV_B9_C1,5.000000,80.000000,,
1,EV_B9_C1,4.000000,80.000000,,
1,EV_B9_C1,3.000000,80.000000,,
1,EV_B9_C1,2.000000,80.000000,,
1,EV_B9_C1,1.000000,80.000000,,
1,EV_B9_C1,0.000000,80.000000,,
3,,,,,
3,,,,,
3,,,,,
3,,,,,
3,,,,,
3,,,,,
3,,,,,
3,,,,,
3,,,,,
3,,,,,
3,,,,,
3,,,,,
3,,,,,
3,,,,,
3,,,,,
3,,,,,
3,,,,,
3,,,,,
3,,,,,
3,,,,,
3,,,,,
3,,,,,
3,,,,,
3,,,,,
3,,,,,
3,,,,,
3,,,,,
3,,,,,
3,,,,,
3,,,,,
3,,,,,
3,,,,,
3,,,,,
3,,,,,
3,,,,,
3,,,,,
2,EV_B9_C1,,,0.000000,32.832548
1,EV_B9_C1,9.000000,80.000000,,
1,EV_B9_C1,8.000000,80.000000,,
1,EV_B9_C1,7.000000,80.000000,,
1,EV_B9_C1,6.000000,80.000000,,
1,EV_B9_C1,5.000000,80.000000,,
1,EV_B9_C1,4.000000,80.000000,,
1,EV_B9_C1,3.000000,80.000000,,
1,EV_B9_C1,2.000000,80.000000,,
1,EV_B9_C1,1.000000,80.000000,,
1,EV_B9_C1,0.000000,80.000000,,
3,,,,,
3,,,,,
3,,,,,
3,,,,,
3,,,,,
3,,,,,
3,,,,,
3,,,,,
3,,,,,
3,,,,,
3,,,,,
3,,,,,
3,,,,,
3,,,,,
3,,,,,
3,,,,,
3,,,,,
3,,,,,
3,,,,,
3,,,,,
3,,,,,
3,,,,,
3,,,,,
3,,,,,
3,,,,,
3,,,,,
3,,,,,
3,,,,,
3,,,,,
3,,,,,
3,,,,,
3,,,,,
3,,,,,
3,,,,,
3,,,,,
3,,,,,
3,,,,,
3,,,,,
2,EV_B9_C1,,,0.000000,25.774661
1,EV_B9_C1,7.000000,80.000000,,
1,EV_B9_C1,6.000000,80.000000,,
1,EV_B9_C1,5.000000,80.000000,,
1,EV_B9_C1,4.000000,80.000000,,
1,EV_B9_C1,3.000000,80.000000,,
1,EV_B9_C1,2.000000,80.000000,,
1,EV_B9_C1,1.000000,80.000000,,
1,EV_B9_C1,0.000000,80.000000,,
3,,,,,
3,,,,,
3,,,,,
3,,,,,
3,,,,,
3,,,,,
3,,,,,
3,,,,,
3,,,,,
3,,,,,
3,,,,,
3,,,,,
3,,,,,
3,,,,,
3,,,,,
3,,,,,
2,EV_B9_C1,,,0.000000,35.970019
1,EV_B9_C1,7.000000,80.000000,,
1,EV_B9_C1,6.000000,80.000000,,
1,EV_B9_C1,5.000000,80.000000,,
1,EV_B9_C1,4.000000,80.000000,,
1,EV_B9_C1,3.000000,80.000000,,
1,EV_B9_C1,2.000000,80.000000,,
1,EV_B9_C1,1.000000,80.000000,,
1,EV_B9_C1,0.000000,80.000000,,
3,,,,,
3,,,,,
3,,,,,
3,,,,,
3,,,,,
3,,,,,
3,,,,,
3,,,,,
3,,,,,
3,,,,,
3,,,,,
3,,,,,
3,,,,,
2,EV_B9_C1,,,0.000000,32.970999
1,EV_B9_C1,10.000000,80.000000,,
1,EV_B9_C1,9.000000,80.000000,,
1,EV_B9_C1,8.000000,80.000000,,
1,EV_B9_C1,7.000000,80.000000,,
1,EV_B9_C1,6.000000,80.000000,,
1,EV_B9_C1,5.000000,80.000000,,
1,EV_B9_C1,4.000000,80.000000,,
1,EV_B9_C1,3.000000,80.000000,,
1,EV_B9_C1,2.000000,80.000000,,
1,EV_B9_C1,1.000000,80.000000,,
1,EV_B9_C1,0.000000,80.000000,,
3,,,,,
3,,,,,
3,,,,,
3,,,,,
3,,,,,
3,,,,,
3,,,,,
3,,,,,
3,,,,,
3,,,,,
3,,,,,
3,,,,,
3,,,,,
3,,,,,
2,EV_B9_C1,,,0.000000,39.618171
1,EV_B9_C1,8.000000,80.000000,,
1,EV_B9_C1,7.000000,80.000000,,
1,EV_B9_C1,6.000000,80.000000,,
1,EV_B9_C1,5.000000,80.000000,,
1,EV_B9_C1,4.000000,80.000000,,
1,EV_B9_C1,3.000000,80.000000,,
1,EV_B9_C1,2.000000,80.000000,,
1,EV_B9_C1,1.000000,80.000000,,
1,EV_B9_C1,0.000000,80.000000,,
3,,,,,
3,,,,,
3,,,,,
3,,,,,
3,,,,,
3,,,,,
3,,,,,
3,,,,,
3,,,,,
3,,,,,
3,,,,,
3,,,,,
2,EV_B9_C1,,,0.000000,40.363626
1,EV_B9_C1,9.000000,80.000000,,
1,EV_B9_C1,8.000000,80.000000,,
1,EV_B9_C1,7.000000,80.000000,,
1,EV_B9_C1,6.000000,80.000000,,
1,EV_B9_C1,5.000000,80.000000,,
1,EV_B9_C1,4.000000,80.000000,,
1,EV_B9_C1,3.000000,80.000000,,
1,EV_B9_C1,2.000000,80.000000,,
1,EV_B9_C1,1.000000,80.000000,,
1,EV_B9_C1,0.000000,80.000000,,
3,,,,,
3,,,,,
3,,,,,
3,,,,,
3,,,,,
3,,,,,
3,,,,,
3,,,,,
3,,,,,
3,,,,,
3,,,,,
3,,,,,
3,,,,,
3,,,,,
2,EV_B9_C1,,,0.000000,44.550851
1,EV_B9_C1,8.000000,80.000000,,
1,EV_B9_C1,7.000000,80.000000,,
1,EV_B9_C1,6.000000,80.000000,,
1,EV_B9_C1,5.000000,80.000000,,
1,EV_B9_C1,4.000000,80.000000,,
1,EV_B9_C1,3.000000,80.000000,,
1,EV_B9_C1,2.000000,80.000000,,
1,EV_B9_C1,1.000000,80.000000,,
1,EV_B9_C1,0.000000,80.000000,,
3,,,,,
3,,,,,
3,,,,,
3,,,,,
3,,,,,
3,,,,,
3,,,,,
3,,,,,
3,,,,,
3,,,,,
3,,,,,
3,,,,,
3,,,,,
3,,,,,
3,,,,,
3,,,,,
3,,,,,
3,,,,,
3,,,,,
3,,,,,
3,,,,,
3,,,,,
3,,,,,
3,,,,,
3,,,,,
3,,,,,
3,,,,,
3,,,,,
3,,,,,
3,,,,,
3,,,,,
3,,,,,
3,,,,,
3,,,,,
3,,,,,
3,,,,,
3,,,,,
2,EV_B9_C1,,,0.000000,29.976394
1,EV_B9_C1,10.000000,80.000000,,
1,EV_B9_C1,9.000000,80.000000,,
1,EV_B9_C1,8.000000,80.000000,,
1,EV_B9_C1,7.000000,80.000000,,
1,EV_B9_C1,6.000000,80.000000,,
1,EV_B9_C1,5.000000,80.000000,,
1,EV_B9_C1,4.000000,80.000000,,
1,EV_B9_C1,3.000000,80.000000,,
1,EV_B9_C1,2.000000,80.000000,,
1,EV_B9_C1,1.000000,80.000000,,
1,EV_B9_C1,0.000000,80.000000,,
3,,,,,
3,,,,,
3,,,,,
3,,,,,
3,,,,,
3,,,,,
3,,,,,
3,,,,,
3,,,,,
3,,,,,
3,,,,,
3,,,,,
3,,,,,
3,,,,,
2,EV_B9_C1,,,0.000000,43.437885
1,EV_B9_C1,8.000000,80.000000,,
1,EV_B9_C1,7.000000,80.000000,,
1,EV_B9_C1,6.000000,80.000000,,
1,EV_B9_C1,5.000000,80.000000,,
1,EV_B9_C1,4.000000,80.000000,,
1,EV_B9_C1,3.000000,80.000000,,
1,EV_B9_C1,2.000000,80.000000,,
1,EV_B9_C1,1.000000,80.000000,,
1,EV_B9_C1,0.000000,80.000000,,
3,,,,,
3,,,,,
3,,,,,
3,,,,,
3,,,,,
3,,,,,
3,,,,,
3,,,,,
3,,,,,
3,,,,,
3,,,,,
3,,,,,
3,,,,,
2,EV_B9_C1,,,0.000000,30.871342
1,EV_B9_C1,8.000000,80.000000,,
1,EV_B9_C1,7.000000,80.000000,,
1,EV_B9_C1,6.000000,80.000000,,
1,EV_B9_C1,5.000000,80.000000,,
1,EV_B9_C1,4.000000,80.000000,,
1,EV_B9_C1,3.000000,80.000000,,
1,EV_B9_C1,2.000000,80.000000,,
1,EV_B9_C1,1.000000,80.000000,,
1,EV_B9_C1,0.000000,80.000000,,
3,,,,,
3,,,,,
3,,,,,
3,,,,,
3,,,,,
3,,,,,
3,,,,,
3,,,,,
3,,,,,
3,,,,,
3,,,,,
3,,,,,
3,,,,,
3,,,,,
2,EV_B9_C1,,,0.000000,35.607165
1,EV_B9_C1,8.000000,80.000000,,
1,EV_B9_C1,7.000000,80.000000,,
1,EV_B9_C1,6.000000,80.000000,,
1,EV_B9_C1,5.000000,80.000000,,
1,EV_B9_C1,4.000000,80.000000,,
1,EV_B9_C1,3.000000,80.000000,,
1,EV_B9_C1,2.000000,80.000000,,
1,EV_B9_C1,1.000000,80.000000,,
1,EV_B9_C1,0.000000,80.000000,,
3,,,,,
3,,,,,
3,,,,,
3,,,,,
3,,,,,
3,,,,,
3,,,,,
3,,,,,
3,,,,,
3,,,,,
3,,,,,
2,EV_B9_C1,,,0.000000,42.850004
1,EV_B9_C1,12.000000,80.000000,,
1,EV_B9_C1,11.000000,80.000000,,
1,EV_B9_C1,10.000000,80.000000,,
1,EV_B9_C1,9.000000,80.000000,,
1,EV_B9_C1,8.000000,80.000000,,
1,EV_B9_C1,7.000000,80.000000,,
1,EV_B9_C1,6.000000,80.000000,,
1,EV_B9_C1,5.000000,80.000000,,
1,EV_B9_C1,4.000000,80.000000,,
1,EV_B9_C1,3.000000,80.000000,,
1,EV_B9_C1,2.000000,80.000000,,
1,EV_B9_C1,1.000000,80.000000,,
1,EV_B9_C1,0.000000,80.000000,,
3,,,,,
3,,,,,
3,,,,,
3,,,,,
3,,,,,
3,,,,,
3,,,,,
3,,,,,
3,,,,,
3,,,,,
3,,,,,
3,,,,,
3,,,,,
2,EV_B9_C1,,,0.000000,39.377431
1,EV_B9_C1,9.000000,80.000000,,
1,EV_B9_C1,8.000000,80.000000,,
1,EV_B9_C1,7.000000,80.000000,,
1,EV_B9_C1,6.000000,80.000000,,
1,EV_B9_C1,5.000000,80.000000,,
1,EV_B9_C1,4.000000,80.000000,,
1,EV_B9_C1,3.000000,80.000000,,
1,EV_B9_C1,2.000000,80.000000,,
1,EV_B9_C1,1.000000,80.000000,,
1,EV_B9_C1,0.000000,80.000000,,
3,,,,,
3,,,,,
3,,,,,
3,,,,,
3,,,,,
3,,,,,
3,,,,,
3,,,,,
3,,,,,
3,,,,,
3,,,,,
3,,,,,
3,,,,,
2,EV_B9_C1,,,0.000000,29.612930
1,EV_B9_C1,9.000000,80.000000,,
1,EV_B9_C1,8.000000,80.000000,,
1,EV_B9_C1,7.000000,80.000000,,
1,EV_B9_C1,6.000000,80.000000,,
1,EV_B9_C1,5.000000,80.000000,,
1,EV_B9_C1,4.000000,80.000000,,
1,EV_B9_C1,3.000000,80.000000,,
1,EV_B9_C1,2.000000,80.000000,,
1,EV_B9_C1,1.000000,80.000000,,
1,EV_B9_C1,0.000000,80.000000,,
3,,,,,
3,,,,,
3,,,,,
3,,,,,
3,,,,,
3,,,,,
3,,,,,
3,,,,,
3,,,,,
3,,,,,
3,,,,,
2,EV_B9_C1,,,0.000000,35.353117
1,EV_B9_C1,11.000000,80.000000,,
1,EV_B9_C1,10.000000,80.000000,,
1,EV_B9_C1,9.000000,80.000000,,
1,EV_B9_C1,8.000000,80.000000,,
1,EV_B9_C1,7.000000,80.000000,,
1,EV_B9_C1,6.000000,80.000000,,
1,EV_B9_C1,5.000000,80.000000,,
1,EV_B9_C1,4.000000,80.000000,,
1,EV_B9_C1,3.000000,80.000000,,
1,EV_B9_C1,2.000000,80.000000,,
1,EV_B9_C1,1.000000,80.000000,,
1,EV_B9_C1,0.000000,80.000000,,
3,,,,,
3,,,,,
3,,,,,
3,,,,,
3,,,,,
3,,,,,
3,,,,,
3,,,,,
3,,,,,
3,,,,,
3,,,,,
3,,,,,
2,EV_B9_C1,,,0.000000,32.806386
1,EV_B9_C1,9.000000,80.000000,,
1,EV_B9_C1,8.000000,80.000000,,
1,EV_B9_C1,7.000000,80.000000,,
1,EV_B9_C1,6.000000,80.000000,,
1,EV_B9_C1,5.000000,80.000000,,
1,EV_B9_C1,4.000000,80.000000,,
1,EV_B9_C1,3.000000,80.000000,,
1,EV_B9_C1,2.000000,80.000000,,
1,EV_B9_C1,1.000000,80.000000,,
1,EV_B9_C1,0.000000,80.000000,,
3,,,,,
3,,,,,
3,,,,,
3,,,,,
3,,,,,
3,,,,,
3,,,,,
3,,,,,
3,,,,,
3,,,,,
3,,,,,
3,,,,,
3,,,,,
3,,,,,
3,,,,,
3,,,,,
2,EV_B9_C1,,,0.000000,27.255696
1,EV_B9_C1,6.000000,80.000000,,
1,EV_B9_C1,5.000000,80.000000,,
1,EV_B9_C1,4.000000,80.000000,,
1,EV_B9_C1,3.000000,80.000000,,
1,EV_B9_C1,2.000000,80.000000,,
1,EV_B9_C1,1.000000,80.000000,,
1,EV_B9_C1,0.000000,80.000000,,
3,,,,,
3,,,,,
3,,,,,
3,,,,,
3,,,,,
3,,,,,
3,,,,,
3,,,,,
3,,,,,
3,,,,,
3,,,,,
3,,,,,
3,,,,,
2,EV_B9_C1,,,0.000000,38.760572
1,EV_B9_C1,10.000000,80.000000,,
1,EV_B9_C1,9.000000,80.000000,,
1,EV_B9_C1,8.000000,80.000000,,
1,EV_B9_C1,7.000000,80.000000,,
1,EV_B9_C1,6.000000,80.000000,,
1,EV_B9_C1,5.000000,80.000000,,
1,EV_B9_C1,4.000000,80.000000,,
1,EV_B9_C1,3.000000,80.000000,,
1,EV_B9_C1,2.000000,80.000000,,
1,EV_B9_C1,1.000000,80.000000,,
1,EV_B9_C1,0.000000,80.000000,,
3,,,,,
3,,,,,
3,,,,,
3,,,,,
3,,,,,
3,,,,,
3,,,,,
3,,,,,
3,,,,,
3,,,,,
3,,,,,
3,,,,,
2,EV_B9_C1,,,0.000000,27.069552
1,EV_B9_C1,10.000000,80.000000,,
1,EV_B9_C1,9.000000,80.000000,,
1,EV_B9_C1,8.000000,80.000000,,
1,EV_B9_C1,7.000000,80.000000,,
1,EV_B9_C1,6.000000,80.000000,,
1,EV_B9_C1,5.000000,80.000000,,
1,EV_B9_C1,4.000000,80.000000,,
1,EV_B9_C1,3.000000,80.000000,,
1,EV_B9_C1,2.000000,80.000000,,
1,EV_B9_C1,1.000000,80.000000,,
1,EV_B9_C1,0.000000,80.000000,,
3,,,,,
3,,,,,
3,,,,,
3,,,,,
3,,,,,
3,,,,,
3,,,,,
3,,,,,
3,,,,,
3,,,,,
3,,,,,
3,,,,,
2,EV_B9_C1,,,0.000000,25.236934
1,EV_B9_C1,9.000000,80.000000,,
1,EV_B9_C1,8.000000,80.000000,,
1,EV_B9_C1,7.000000,80.000000,,
1,EV_B9_C1,6.000000,80.000000,,
1,EV_B9_C1,5.000000,80.000000,,
1,EV_B9_C1,4.000000,80.000000,,
1,EV_B9_C1,3.000000,80.000000,,
1,EV_B9_C1,2.000000,80.000000,,
1,EV_B9_C1,1.000000,80.000000,,
1,EV_B9_C1,0.000000,80.000000,,
3,,,,,
3,,,,,
3,,,,,
3,,,,,
3,,,,,
3,,,,,
3,,,,,
3,,,,,
3,,,,,
3,,,,,
3,,,,,
3,,,,,
3,,,,,
3,,,,,
2,EV_B9_C1,,,0.000000,42.146960
1,EV_B9_C1,9.000000,80.000000,,
1,EV_B9_C1,8.000000,80.000000,,
1,EV_B9_C1,7.000000,80.000000,,
1,EV_B9_C1,6.000000,80.000000,,
1,EV_B9_C1,5.000000,80.000000,,
1,EV_B9_C1,4.000000,80.000000,,
1,EV_B9_C1,3.000000,80.000000,,
1,EV_B9_C1,2.000000,80.000000,,
1,EV_B9_C1,1.000000,80.000000,,
1,EV_B9_C1,0.000000,80.000000,,
3,,,,,
3,,,,,
3,,,,,
3,,,,,
3,,,,,
3,,,,,
3,,,,,
3,,,,,
3,,,,,
3,,,,,
3,,,,,
3,,,,,
2,EV_B9_C1,,,0.000000,35.627067
1,EV_B9_C1,9.000000,80.000000,,
1,EV_B9_C1,8.000000,80.000000,,
1,EV_B9_C1,7.000000,80.000000,,
1,EV_B9_C1,6.000000,80.000000,,
1,EV_B9_C1,5.000000,80.000000,,
1,EV_B9_C1,4.000000,80.000000,,
1,EV_B9_C1,3.000000,80.000000,,
1,EV_B9_C1,2.000000,80.000000,,
1,EV_B9_C1,1.000000,80.000000,,
1,EV_B9_C1,0.000000,80.000000,,
3,,,,,
3,,,,,
3,,,,,
3,,,,,
3,,,,,
3,,,,,
3,,,,,
3,,,,,
3,,,,,
3,,,,,
3,,,,,
3,,,,,
2,EV_B9_C1,,,0.000000,42.140066
1,EV_B9_C1,10.000000,80.000000,,
1,EV_B9_C1,9.000000,80.000000,,
1,EV_B9_C1,8.000000,80.000000,,
1,EV_B9_C1,7.000000,80.000000,,
1,EV_B9_C1,6.000000,80.000000,,
1,EV_B9_C1,5.000000,80.000000,,
1,EV_B9_C1,4.000000,80.000000,,
1,EV_B9_C1,3.000000,80.000000,,
1,EV_B9_C1,2.000000,80.000000,,
1,EV_B9_C1,1.000000,80.000000,,
1,EV_B9_C1,0.000000,80.000000,,
3,,,,,
3,,,,,
3,,,,,
3,,,,,
3,,,,,
3,,,,,
3,,,,,
3,,,,,
3,,,,,
3,,,,,
3,,,,,
3,,,,,
3,,,,,
2,EV_B9_C1,,,0.000000,34.573066
1,EV_B9_C1,9.000000,80.000000,,
1,EV_B9_C1,8.000000,80.000000,,
1,EV_B9_C1,7.000000,80.000000,,
1,EV_B9_C1,6.000000,80.000000,,
1,EV_B9_C1,5.000000,80.000000,,
1,EV_B9_C1,4.000000,80.000000,,
1,EV_B9_C1,3.000000,80.000000,,
1,EV_B9_C1,2.000000,80.000000,,
1,EV_B9_C1,1.000000,80.000000,,
1,EV_B9_C1,0.000000,80.000000,,
3,,,,,
3,,,,,
3,,,,,
3,,,,,
3,,,,,
3,,,,,
3,,,,,
3,,,,,
3,,,,,
3,,,,,
3,,,,,
3,,,,,
2,EV_B9_C1,,,0.000000,44.709673
1,EV_B9_C1,10.000000,80.000000,,
1,EV_B9_C1,9.000000,80.000000,,
1,EV_B9_C1,8.000000,80.000000,,
1,EV_B9_C1,7.000000,80.000000,,
1,EV_B9_C1,6.000000,80.000000,,
1,EV_B9_C1,5.000000,80.000000,,
1,EV_B9_C1,4.000000,80.000000,,
1,EV_B9_C1,3.000000,80.000000,,
1,EV_B9_C1,2.000000,80.000000,,
1,EV_B9_C1,1.000000,80.000000,,
1,EV_B9_C1,0.000000,80.000000,,
3,,,,,
3,,,,,
3,,,,,
3,,,,,
3,,,,,
3,,,,,
3,,,,,
3,,,,,
3,,,,,
3,,,,,
3,,,,,
3,,,,,
3,,,,,
3,,,,,
2,EV_B9_C1,,,0.000000,30.833351
1,EV_B9_C1,9.000000,80.000000,,
1,EV_B9_C1,8.000000,80.000000,,
1,EV_B9_C1,7.000000,80.000000,,
1,EV_B9_C1,6.000000,80.000000,,
1,EV_B9_C1,5.000000,80.000000,,
1,EV_B9_C1,4.000000,80.000000,,
1,EV_B9_C1,3.000000,80.000000,,
1,EV_B9_C1,2.000000,80.000000,,
1,EV_B9_C1,1.000000,80.000000,,
1,EV_B9_C1,0.000000,80.000000,,
3,,,,,
3,,,,,
3,,,,,
3,,,,,
3,,,,,
3,,,,,
3,,,,,
3,,,,,
3,,,,,
3,,,,,
3,,,,,
3,,,,,
2,EV_B9_C1,,,0.000000,29.188029
1,EV_B9_C1,11.000000,80.000000,,
1,EV_B9_C1,10.000000,80.000000,,
1,EV_B9_C1,9.000000,80.000000,,
1,EV_B9_C1,8.000000,80.000000,,
1,EV_B9_C1,7.000000,80.000000,,
1,EV_B9_C1,6.000000,80.000000,,
1,EV_B9_C1,5.000000,80.000000,,
1,EV_B9_C1,4.000000,80.000000,,
1,EV_B9_C1,3.000000,80.000000,,
1,EV_B9_C1,2.000000,80.000000,,
1,EV_B9_C1,1.000000,80.000000,,
1,EV_B9_C1,0.000000,80.000000,,
3,,,,,
3,,,,,
3,,,,,
3,,,,,
3,,,,,
3,,,,,
3,,,,,
3,,,,,
3,,,,,
3,,,,,
3,,,,,
2,EV_B9_C1,,,0.000000,35.790897
1,EV_B9_C1,10.000000,80.000000,,
1,EV_B9_C1,9.000000,80.000000,,
1,EV_B9_C1,8.000000,80.000000,,
1,EV_B9_C1,7.000000,80.000000,,
1,EV_B9_C1,6.000000,80.000000,,
1,EV_B9_C1,5.000000,80.000000,,
1,EV_B9_C1,4.000000,80.000000,,
1,EV_B9_C1,3.000000,80.000000,,
1,EV_B9_C1,2.000000,80.000000,,
1,EV_B9_C1,1.000000,80.000000,,
1,EV_B9_C1,0.000000,80.000000,,
3,,,,,
3,,,,,
3,,,,,
3,,,,,
3,,,,,
3,,,,,
3,,,,,
3,,,,,
3,,,,,
3,,,,,
3,,,,,
2,EV_B9_C1,,,0.000000,28.624229
1,EV_B9_C1,10.000000,80.000000,,
1,EV_B9_C1,9.000000,80.000000,,
1,EV_B9_C1,8.000000,80.000000,,
1,EV_B9_C1,7.000000,80.000000,,
1,EV_B9_C1,6.000000,80.000000,,
1,EV_B9_C1,5.000000,80.000000,,
1,EV_B9_C1,4.000000,80.000000,,
1,EV_B9_C1,3.000000,80.000000,,
1,EV_B9_C1,2.000000,80.000000,,
1,EV_B9_C1,1.000000,80.000000,,
1,EV_B9_C1,0.000000,80.000000,,
3,,,,,
3,,,,,
3,,,,,
3,,,,,
3,,,,,
3,,,,,
3,,,,,
3,,,,,
3,,,,,
3,,,,,
3,,,,,
3,,,,,
3,,,,,
2,EV_B9_C1,,,0.000000,44.703624
1,EV_B9_C1,10.000000,80.000000,,
1,EV_B9_C1,9.000000,80.000000,,
1,EV_B9_C1,8.000000,80.000000,,
1,EV_B9_C1,7.000000,80.000000,,
1,EV_B9_C1,6.000000,80.000000,,
1,EV_B9_C1,5.000000,80.000000,,
1,EV_B9_C1,4.000000,80.000000,,
1,EV_B9_C1,3.000000,80.000000,,
1,EV_B9_C1,2.000000,80.000000,,
1,EV_B9_C1,1.000000,80.000000,,
1,EV_B9_C1,0.000000,80.000000,,
3,,,,,
3,,,,,
3,,,,,
3,,,,,
3,,,,,
3,,,,,
3,,,,,
3,,,,,
3,,,,,
3,,,,,
3,,,,,
2,EV_B9_C1,,,0.000000,28.779906
1,EV_B9_C1,11.000000,80.000000,,
1,EV_B9_C1,10.000000,80.000000,,
1,EV_B9_C1,9.000000,80.000000,,
1,EV_B9_C1,8.000000,80.000000,,
1,EV_B9_C1,7.000000,80.000000,,
1,EV_B9_C1,6.000000,80.000000,,
1,EV_B9_C1,5.000000,80.000000,,
1,EV_B9_C1,4.000000,80.000000,,
1,EV_B9_C1,3.000000,80.000000,,
1,EV_B9_C1,2.000000,80.000000,,
1,EV_B9_C1,1.000000,80.000000,,
1,EV_B9_C1,0.000000,80.000000,,
3,,,,,
3,,,,,
3,,,,,
3,,,,,
3,,,,,
3,,,,,
3,,,,,
3,,,,,
3,,,,,
3,,,,,
3,,,,,
3,,,,,
3,,,,,
3,,,,,
2,EV_B9_C1,,,0.000000,40.934531
1,EV_B9_C1,8.000000,80.000000,,
1,EV_B9_C1,7.000000,80.000000,,
1,EV_B9_C1,6.000000,80.000000,,
1,EV_B9_C1,5.000000,80.000000,,
1,EV_B9_C1,4.000000,80.000000,,
1,EV_B9_C1,3.000000,80.000000,,
1,EV_B9_C1,2.000000,80.000000,,
1,EV_B9_C1,1.000000,80.000000,,
1,EV_B9_C1,0.000000,80.000000,,
3,,,,,
3,,,,,
3,,,,,
3,,,,,
3,,,,,
3,,,,,
3,,,,,
3,,,,,
3,,,,,
3,,,,,
3,,,,,
3,,,,,
3,,,,,
2,EV_B9_C1,,,0.000000,44.009433
1,EV_B9_C1,9.000000,80.000000,,
1,EV_B9_C1,8.000000,80.000000,,
1,EV_B9_C1,7.000000,80.000000,,
1,EV_B9_C1,6.000000,80.000000,,
1,EV_B9_C1,5.000000,80.000000,,
1,EV_B9_C1,4.000000,80.000000,,
1,EV_B9_C1,3.000000,80.000000,,
1,EV_B9_C1,2.000000,80.000000,,
1,EV_B9_C1,1.000000,80.000000,,
1,EV_B9_C1,0.000000,80.000000,,
3,,,,,
3,,,,,
3,,,,,
3,,,,,
3,,,,,
3,,,,,
3,,,,,
3,,,,,
3,,,,,
3,,,,,
3,,,,,
2,EV_B9_C1,,,0.000000,25.257072
1,EV_B9_C1,11.000000,80.000000,,
1,EV_B9_C1,10.000000,80.000000,,
1,EV_B9_C1,9.000000,80.000000,,
1,EV_B9_C1,8.000000,80.000000,,
1,EV_B9_C1,7.000000,80.000000,,
1,EV_B9_C1,6.000000,80.000000,,
1,EV_B9_C1,5.000000,80.000000,,
1,EV_B9_C1,4.000000,80.000000,,
1,EV_B9_C1,3.000000,80.000000,,
1,EV_B9_C1,2.000000,80.000000,,
1,EV_B9_C1,1.000000,80.000000,,
1,EV_B9_C1,0.000000,80.000000,,
3,,,,,
3,,,,,
3,,,,,
3,,,,,
3,,,,,
3,,,,,
3,,,,,
3,,,,,
3,,,,,
3,,,,,
2,EV_B9_C1,,,0.000000,35.330413
1,EV_B9_C1,12.000000,80.000000,,
1,EV_B9_C1,11.000000,80.000000,,
1,EV_B9_C1,10.000000,80.000000,,
1,EV_B9_C1,9.000000,80.000000,,
1,EV_B9_C1,8.000000,80.000000,,
1,EV_B9_C1,7.000000,80.000000,,
1,EV_B9_C1,6.000000,80.000000,,
1,EV_B9_C1,5.000000,80.000000,,
1,EV_B9_C1,4.000000,80.000000,,
1,EV_B9_C1,3.000000,80.000000,,
1,EV_B9_C1,2.000000,80.000000,,
1,EV_B9_C1,1.000000,80.000000,,
1,EV_B9_C1,0.000000,80.000000,,
3,,,,,
3,,,,,
3,,,,,
3,,,,,
3,,,,,
3,,,,,
3,,,,,
3,,,,,
3,,,,,
3,,,,,
3,,,,,
2,EV_B9_C1,,,0.000000,41.851610
1,EV_B9_C1,11.000000,80.000000,,
1,EV_B9_C1,10.000000,80.000000,,
1,EV_B9_C1,9.000000,80.000000,,
1,EV_B9_C1,8.000000,80.000000,,
1,EV_B9_C1,7.000000,80.000000,,
1,EV_B9_C1,6.000000,80.000000,,
1,EV_B9_C1,5.000000,80.000000,,
1,EV_B9_C1,4.000000,80.000000,,
1,EV_B9_C1,3.000000,80.000000,,
1,EV_B9_C1,2.000000,80.000000,,
1,EV_B9_C1,1.000000,80.000000,,
1,EV_B9_C1,0.000000,80.000000,,
3,,,,,
3,,,,,
3,,,,,
3,,,,,
3,,,,,
3,,,,,
3,,,,,
3,,,,,
3,,,,,
3,,,,,
3,,,,,
3,,,,,
2,EV_B9_C1,,,0.000000,29.102097
1,EV_B9_C1,9.000000,80.000000,,
1,EV_B9_C1,8.000000,80.000000,,
1,EV_B9_C1,7.000000,80.000000,,
1,EV_B9_C1,6.000000,80.000000,,
1,EV_B9_C1,5.000000,80.000000,,
1,EV_B9_C1,4.000000,80.000000,,
1,EV_B9_C1,3.000000,80.000000,,
1,EV_B9_C1,2.000000,80.000000,,
1,EV_B9_C1,1.000000,80.000000,,
1,EV_B9_C1,0.000000,80.000000,,
3,,,,,
3,,,,,
3,,,,,
3,,,,,
3,,,,,
3,,,,,
3,,,,,
3,,,,,
3,,,,,
3,,,,,
3,,,,,
3,,,,,
3,,,,,
3,,,,,
2,EV_B9_C1,,,0.000000,40.401284
1,EV_B9_C1,9.000000,80.000000,,
1,EV_B9_C1,8.000000,80.000000,,
1,EV_B9_C1,7.000000,80.000000,,
1,EV_B9_C1,6.000000,80.000000,,
1,EV_B9_C1,5.000000,80.000000,,
1,EV_B9_C1,4.000000,80.000000,,
1,EV_B9_C1,3.000000,80.000000,,
1,EV_B9_C1,2.000000,80.000000,,
1,EV_B9_C1,1.000000,80.000000,,
1,EV_B9_C1,0.000000,80.000000,,
3,,,,,
3,,,,,
3,,,,,
3,,,,,
3,,,,,
3,,,,,
3,,,,,
3,,,,,
3,,,,,
3,,,,,
3,,,,,
3,,,,,
3,,,,,
2,EV_B9_C1,,,0.000000,37.322900
1,EV_B9_C1,8.000000,80.000000,,
1,EV_B9_C1,7.000000,80.000000,,
1,EV_B9_C1,6.000000,80.000000,,
1,EV_B9_C1,5.000000,80.000000,,
1,EV_B9_C1,4.000000,80.000000,,
1,EV_B9_C1,3.000000,80.000000,,
1,EV_B9_C1,2.000000,80.000000,,
1,EV_B9_C1,1.000000,80.000000,,
1,EV_B9_C1,0.000000,80.000000,,
3,,,,,
3,,,,,
3,,,,,
3,,,,,
3,,,,,
3,,,,,
3,,,,,
3,,,,,
3,,,,,
3,,,,,
3,,,,,
3,,,,,
3,,,,,
2,EV_B9_C1,,,0.000000,36.953194
1,EV_B9_C1,9.000000,80.000000,,
1,EV_B9_C1,8.000000,80.000000,,
1,EV_B9_C1,7.000000,80.000000,,
1,EV_B9_C1,6.000000,80.000000,,
1,EV_B9_C1,5.000000,80.000000,,
1,EV_B9_C1,4.000000,80.000000,,
1,EV_B9_C1,3.000000,80.000000,,
1,EV_B9_C1,2.000000,80.000000,,
1,EV_B9_C1,1.000000,80.000000,,
1,EV_B9_C1,0.000000,80.000000,,
3,,,,,
3,,,,,
3,,,,,
3,,,,,
3,,,,,
3,,,,,
3,,,,,
3,,,,,
3,,,,,
3,,,,,
3,,,,,
3,,,,,
3,,,,,
3,,,,,
2,EV_B9_C1,,,0.000000,29.529341
1,EV_B9_C1,9.000000,80.000000,,
1,EV_B9_C1,8.000000,80.000000,,
1,EV_B9_C1,7.000000,80.000000,,
1,EV_B9_C1,6.000000,80.000000,,
1,EV_B9_C1,5.000000,80.000000,,
1,EV_B9_C1,4.000000,80.000000,,
1,EV_B9_C1,3.000000,80.000000,,
1,EV_B9_C1,2.000000,80.000000,,
1,EV_B9_C1,1.000000,80.000000,,
1,EV_B9_C1,0.000000,80.000000,,
3,,,,,
3,,,,,
3,,,,,
3,,,,,
3,,,,,
3,,,,,
3,,,,,
3,,,,,
3,,,,,
3,,,,,
3,,,,,
3,,,,,
2,EV_B9_C1,,,0.000000,43.373835
1,EV_B9_C1,10.000000,80.000000,,
1,EV_B9_C1,9.000000,80.000000,,
1,EV_B9_C1,8.000000,80.000000,,
1,EV_B9_C1,7.000000,80.000000,,
1,EV_B9_C1,6.000000,80.000000,,
1,EV_B9_C1,5.000000,80.000000,,
1,EV_B9_C1,4.000000,80.000000,,
1,EV_B9_C1,3.000000,80.000000,,
1,EV_B9_C1,2.000000,80.000000,,
1,EV_B9_C1,1.000000,80.000000,,
1,EV_B9_C1,0.000000,80.000000,,
3,,,,,
3,,,,,
3,,,,,
3,,,,,
3,,,,,
3,,,,,
3,,,,,
3,,,,,
3,,,,,
3,,,,,
3,,,,,
3,,,,,
3,,,,,
3,,,,,
3,,,,,
2,EV_B9_C1,,,0.000000,25.883671
1,EV_B9_C1,7.000000,80.000000,,
1,EV_B9_C1,6.000000,80.000000,,
1,EV_B9_C1,5.000000,80.000000,,
1,EV_B9_C1,4.000000,80.000000,,
1,EV_B9_C1,3.000000,80.000000,,
1,EV_B9_C1,2.000000,80.000000,,
1,EV_B9_C1,1.000000,80.000000,,
1,EV_B9_C1,0.000000,80.000000,,
3,,,,,
3,,,,,
3,,,,,
3,,,,,
3,,,,,
3,,,,,
3,,,,,
3,,,,,
3,,,,,
3,,,,,
3,,,,,
3,,,,,
3,,,,,
3,,,,,
2,EV_B9_C1,,,0.000000,43.208663
1,EV_B9_C1,7.000000,80.000000,,
1,EV_B9_C1,6.000000,80.000000,,
1,EV_B9_C1,5.000000,80.000000,,
1,EV_B9_C1,4.000000,80.000000,,
1,EV_B9_C1,3.000000,80.000000,,
1,EV_B9_C1,2.000000,80.000000,,
1,EV_B9_C1,1.000000,80.000000,,
1,EV_B9_C1,0.000000,80.000000,,
3,,,,,
3,,,,,
3,,,,,
3,,,,,
3,,,,,
3,,,,,
3,,,,,
3,,,,,
3,,,,,
3,,,,,
3,,,,,
3,,,,,
3,,,,,
3,,,,,
2,EV_B9_C1,,,0.000000,32.993531
1,EV_B9_C1,9.000000,80.000000,,
1,EV_B9_C1,8.000000,80.000000,,
1,EV_B9_C1,7.000000,80.000000,,
1,EV_B9_C1,6.000000,80.000000,,
1,EV_B9_C1,5.000000,80.000000,,
1,EV_B9_C1,4.000000,80.000000,,
1,EV_B9_C1,3.000000,80.000000,,
1,EV_B9_C1,2.000000,80.000000,,
1,EV_B9_C1,1.000000,80.000000,,
1,EV_B9_C1,0.000000,80.000000,,
3,,,,,
3,,,,,
3,,,,,
3,,,,,
3,,,,,
3,,,,,
3,,,,,
3,,,,,
3,,,,,
3,,,,,
3,,,,,
3,,,,,
2,EV_B9_C1,,,0.000000,36.141485
1,EV_B9_C1,9.000000,80.000000,,
1,EV_B9_C1,8.000000,80.000000,,
1,EV_B9_C1,7.000000,80.000000,,
1,EV_B9_C1,6.000000,80.000000,,
1,EV_B9_C1,5.000000,80.000000,,
1,EV_B9_C1,4.000000,80.000000,,
1,EV_B9_C1,3.000000,80.000000,,
1,EV_B9_C1,2.000000,80.000000,,
1,EV_B9_C1,1.000000,80.000000,,
1,EV_B9_C1,0.000000,80.000000,,
3,,,,,
3,,,,,
3,,,,,
3,,,,,
3,,,,,
3,,,,,
3,,,,,
3,,,,,
3,,,,,
3,,,,,
3,,,,,
3,,,,,
2,EV_B9_C1,,,0.000000,37.911419
1,EV_B9_C1,11.000000,80.000000,,
1,EV_B9_C1,10.000000,80.000000,,
1,EV_B9_C1,9.000000,80.000000,,
1,EV_B9_C1,8.000000,80.000000,,
1,EV_B9_C1,7.000000,80.000000,,
1,EV_B9_C1,6.000000,80.000000,,
1,EV_B9_C1,5.000000,80.000000,,
1,EV_B9_C1,4.000000,80.000000,,
1,EV_B9_C1,3.000000,80.000000,,
1,EV_B9_C1,2.000000,80.000000,,
1,EV_B9_C1,1.000000,80.000000,,
1,EV_B9_C1,0.000000,80.000000,,
3,,,,,
3,,,,,
3,,,,,
3,,,,,
3,,,,,
3,,,,,
3,,,,,
3,,,,,
3,,,,,
3,,,,,
3,,,,,
3,,,,,
2,EV_B9_C1,,,0.000000,38.543228
1,EV_B9_C1,10.000000,80.000000,,
1,EV_B9_C1,9.000000,80.000000,,
1,EV_B9_C1,8.000000,80.000000,,
1,EV_B9_C1,7.000000,80.000000,,
1,EV_B9_C1,6.000000,80.000000,,
1,EV_B9_C1,5.000000,80.000000,,
1,EV_B9_C1,4.000000,80.000000,,
1,EV_B9_C1,3.000000,80.000000,,
1,EV_B9_C1,2.000000,80.000000,,
1,EV_B9_C1,1.000000,80.000000,,
1,EV_B9_C1,0.000000,80.000000,,
3,,,,,
3,,,,,
3,,,,,
3,,,,,
3,,,,,
3,,,,,
3,,,,,
3,,,,,
3,,,,,
3,,,,,
3,,,,,
3,,,,,
3,,,,,
2,EV_B9_C1,,,0.000000,40.158751
1,EV_B9_C1,8.000000,80.000000,,
1,EV_B9_C1,7.000000,80.000000,,
1,EV_B9_C1,6.000000,80.000000,,
1,EV_B9_C1,5.000000,80.000000,,
1,EV_B9_C1,4.000000,80.000000,,
1,EV_B9_C1,3.000000,80.000000,,
1,EV_B9_C1,2.000000,80.000000,,
1,EV_B9_C1,1.000000,80.000000,,
1,EV_B9_C1,0.000000,80.000000,,
3,,,,,
3,,,,,
3,,,,,
3,,,,,
3,,,,,
3,,,,,
3,,,,,
3,,,,,
3,,,,,
3,,,,,
3,,,,,
3,,,,,
3,,,,,
3,,,,,
2,EV_B9_C1,,,0.000000,30.788529
1,EV_B9_C1,9.000000,80.000000,,
1,EV_B9_C1,8.000000,80.000000,,
1,EV_B9_C1,7.000000,80.000000,,
1,EV_B9_C1,6.000000,80.000000,,
1,EV_B9_C1,5.000000,80.000000,,
1,EV_B9_C1,4.000000,80.000000,,
1,EV_B9_C1,3.000000,80.000000,,
1,EV_B9_C1,2.000000,80.000000,,
1,EV_B9_C1,1.000000,80.000000,,
1,EV_B9_C1,0.000000,80.000000,,
3,,,,,
3,,,,,
3,,,,,
3,,,,,
3,,,,,
3,,,,,
3,,,,,
3,,,,,
3,,,,,
3,,,,,
3,,,,,
3,,,,,
3,,,,,
2,EV_B9_C1,,,0.000000,31.298110
1,EV_B9_C1,8.000000,80.000000,,
1,EV_B9_C1,7.000000,80.000000,,
1,EV_B9_C1,6.000000,80.000000,,
1,EV_B9_C1,5.000000,80.000000,,
1,EV_B9_C1,4.000000,80.000000,,
1,EV_B9_C1,3.000000,80.000000,,
1,EV_B9_C1,2.000000,80.000000,,
1,EV_B9_C1,1.000000,80.000000,,
1,EV_B9_C1,0.000000,80.000000,,
3,,,,,
3,,,,,
3,,,,,
3,,,,,
3,,,,,
3,,,,,
3,,,,,
3,,,,,
3,,,,,
3,,,,,
3,,,,,
3,,,,,
3,,,,,
2,EV_B9_C1,,,0.000000,30.503522
1,EV_B9_C1,9.000000,80.000000,,
1,EV_B9_C1,8.000000,80.000000,,
1,EV_B9_C1,7.000000,80.000000,,
1,EV_B9_C1,6.000000,80.000000,,
1,EV_B9_C1,5.000000,80.000000,,
1,EV_B9_C1,4.000000,80.000000,,
1,EV_B9_C1,3.000000,80.000000,,
1,EV_B9_C1,2.000000,80.000000,,
1,EV_B9_C1,1.000000,80.000000,,
1,EV_B9_C1,0.000000,80.000000,,
3,,,,,
3,,,,,
3,,,,,
3,,,,,
3,,,,,
3,,,,,
3,,,,,
3,,,,,
3,,,,,
3,,,,,
3,,,,,
3,,,,,
3,,,,,
3,,,,,
3,,,,,
2,EV_B9_C1,,,0.000000,41.729019
1,EV_B9_C1,7.000000,80.000000,,
1,EV_B9_C1,6.000000,80.000000,,
1,EV_B9_C1,5.000000,80.000000,,
1,EV_B9_C1,4.000000,80.000000,,
1,EV_B9_C1,3.000000,80.000000,,
1,EV_B9_C1,2.000000,80.000000,,
1,EV_B9_C1,1.000000,80.000000,,
1,EV_B9_C1,0.000000,80.000000,,
3,,,,,
3,,,,,
3,,,,,
3,,,,,
3,,,,,
3,,,,,
3,,,,,
3,,,,,
3,,,,,
3,,,,,
3,,,,,
3,,,,,
3,,,,,
3,,,,,
2,EV_B9_C1,,,0.000000,41.639842
1,EV_B9_C1,9.000000,80.000000,,
1,EV_B9_C1,8.000000,80.000000,,
1,EV_B9_C1,7.000000,80.000000,,
1,EV_B9_C1,6.000000,80.000000,,
1,EV_B9_C1,5.000000,80.000000,,
1,EV_B9_C1,4.000000,80.000000,,
1,EV_B9_C1,3.000000,80.000000,,
1,EV_B9_C1,2.000000,80.000000,,
1,EV_B9_C1,1.000000,80.000000,,
1,EV_B9_C1,0.000000,80.000000,,
3,,,,,
3,,,,,
3,,,,,
3,,,,,
3,,,,,
3,,,,,
3,,,,,
3,,,,,
3,,,,,
3,,,,,
3,,,,,
3,,,,,
3,,,,,
3,,,,,
3,,,,,
3,,,,,
3,,,,,
3,,,,,
3,,,,,
3,,,,,
3,,,,,
3,,,,,
3,,,,,
3,,,,,
3,,,,,
3,,,,,
3,,,,,
3,,,,,
3,,,,,
3,,,,,
3,,,,,
3,,,,,
3,,,,,
3,,,,,
3,,,,,
3,,,,,
2,EV_B9_C1,,,0.000000,42.953034
1,EV_B9_C1,9.000000,80.000000,,
1,EV_B9_C1,8.000000,80.000000,,
1,EV_B9_C1,7.000000,80.000000,,
1,EV_B9_C1,6.000000,80.000000,,
1,EV_B9_C1,5.000000,80.000000,,
1,EV_B9_C1,4.000000,80.000000,,
1,EV_B9_C1,3.000000,80.000000,,
1,EV_B9_C1,2.000000,80.000000,,
1,EV_B9_C1,1.000000,80.000000,,
1,EV_B9_C1,0.000000,80.000000,,
3,,,,,
3,,,,,
3,,,,,
3,,,,,
3,,,,,
3,,,,,
3,,,,,
3,,,,,
3,,,,,
3,,,,,
3,,,,,
3,,,,,
3,,,,,
3,,,,,
3,,,,,
2,EV_B9_C1,,,0.000000,31.685378
1,EV_B9_C1,8.000000,80.000000,,
1,EV_B9_C1,7.000000,80.000000,,
1,EV_B9_C1,6.000000,80.000000,,
1,EV_B9_C1,5.000000,80.000000,,
1,EV_B9_C1,4.000000,80.000000,,
1,EV_B9_C1,3.000000,80.000000,,
1,EV_B9_C1,2.000000,80.000000,,
1,EV_B9_C1,1.000000,80.000000,,
1,EV_B9_C1,0.000000,80.000000,,
3,,,,,
3,,,,,
3,,,,,
3,,,,,
3,,,,,
3,,,,,
3,,,,,
3,,,,,
3,,,,,
3,,,,,
3,,,,,
3,,,,,
3,,,,,
2,EV_B9_C1,,,0.000000,34.409651
1,EV_B9_C1,9.000000,80.000000,,
1,EV_B9_C1,8.000000,80.000000,,
1,EV_B9_C1,7.000000,80.000000,,
1,EV_B9_C1,6.000000,80.000000,,
1,EV_B9_C1,5.000000,80.000000,,
1,EV_B9_C1,4.000000,80.000000,,
1,EV_B9_C1,3.000000,80.000000,,
1,EV_B9_C1,2.000000,80.000000,,
1,EV_B9_C1,1.000000,80.000000,,
1,EV_B9_C1,0.000000,80.000000,,
3,,,,,
3,,,,,
3,,,,,
3,,,,,
3,,,,,
3,,,,,
3,,,,,
3,,,,,
3,,,,,
3,,,,,
3,,,,,
3,,,,,
2,EV_B9_C1,,,0.000000,25.821869
1,EV_B9_C1,9.000000,80.000000,,
1,EV_B9_C1,8.000000,80.000000,,
1,EV_B9_C1,7.000000,80.000000,,
1,EV_B9_C1,6.000000,80.000000,,
1,EV_B9_C1,5.000000,80.000000,,
1,EV_B9_C1,4.000000,80.000000,,
1,EV_B9_C1,3.000000,80.000000,,
1,EV_B9_C1,2.000000,80.000000,,
1,EV_B9_C1,1.000000,80.000000,,
1,EV_B9_C1,0.000000,80.000000,,
3,,,,,
3,,,,,
3,,,,,
3,,,,,
3,,,,,
3,,,,,
3,,,,,
3,,,,,
3,,,,,
3,,,,,
3,,,,,
3,,,,,
3,,,,,
3,,,,,
3,,,,,
2,EV_B9_C1,,,0.000000,40.958310
1,EV_B9_C1,6.000000,80.000000,,
1,EV_B9_C1,5.000000,80.000000,,
1,EV_B9_C1,4.000000,80.000000,,
1,EV_B9_C1,3.000000,80.000000,,
1,EV_B9_C1,2.000000,80.000000,,
1,EV_B9_C1,1.000000,80.000000,,
1,EV_B9_C1,0.000000,80.000000,,
3,,,,,
3,,,,,
3,,,,,
3,,,,,
3,,,,,
3,,,,,
3,,,,,
3,,,,,
3,,,,,
3,,,,,
3,,,,,
3,,,,,
3,,,,,
3,,,,,
3,,,,,
2,EV_B9_C1,,,0.000000,33.211180
1,EV_B9_C1,9.000000,80.000000,,
1,EV_B9_C1,8.000000,80.000000,,
1,EV_B9_C1,7.000000,80.000000,,
1,EV_B9_C1,6.000000,80.000000,,
1,EV_B9_C1,5.000000,80.000000,,
1,EV_B9_C1,4.000000,80.000000,,
1,EV_B9_C1,3.000000,80.000000,,
1,EV_B9_C1,2.000000,80.000000,,
1,EV_B9_C1,1.000000,80.000000,,
1,EV_B9_C1,0.000000,80.000000,,
3,,,,,
3,,,,,
3,,,,,
3,,,,,
3,,,,,
3,,,,,
3,,,,,
3,,,,,
3,,,,,
3,,,,,
3,,,,,
2,EV_B9_C1,,,0.000000,31.229878
1,EV_B9_C1,11.000000,80.000000,,
1,EV_B9_C1,10.000000,80.000000,,
1,EV_B9_C1,9.000000,80.000000,,
1,EV_B9_C1,8.000000,80.000000,,
1,EV_B9_C1,7.000000,80.000000,,
1,EV_B9_C1,6.000000,80.000000,,
1,EV_B9_C1,5.000000,80.000000,,
1,EV_B9_C1,4.000000,80.000000,,
1,EV_B9_C1,3.000000,80.000000,,
1,EV_B9_C1,2.000000,80.000000,,
1,EV_B9_C1,1.000000,80.000000,,
1,EV_B9_C1,0.000000,80.000000,,
3,,,,,
3,,,,,
3,,,,,
3,,,,,
3,,,,,
3,,,,,
3,,,,,
3,,,,,
3,,,,,
3,,,,,
3,,,,,
2,EV_B9_C1,,,0.000000,27.613828
1,EV_B9_C1,10.000000,80.000000,,
1,EV_B9_C1,9.000000,80.000000,,
1,EV_B9_C1,8.000000,80.000000,,
1,EV_B9_C1,7.000000,80.000000,,
1,EV_B9_C1,6.000000,80.000000,,
1,EV_B9_C1,5.000000,80.000000,,
1,EV_B9_C1,4.000000,80.000000,,
1,EV_B9_C1,3.000000,80.000000,,
1,EV_B9_C1,2.000000,80.000000,,
1,EV_B9_C1,1.000000,80.000000,,
1,EV_B9_C1,0.000000,80.000000,,
3,,,,,
3,,,,,
3,,,,,
3,,,,,
3,,,,,
3,,,,,
3,,,,,
3,,,,,
3,,,,,
3,,,,,
3,,,,,
3,,,,,
2,EV_B9_C1,,,0.000000,42.089556
1,EV_B9_C1,10.000000,80.000000,,
1,EV_B9_C1,9.000000,80.000000,,
1,EV_B9_C1,8.000000,80.000000,,
1,EV_B9_C1,7.000000,80.000000,,
1,EV_B9_C1,6.000000,80.000000,,
1,EV_B9_C1,5.000000,80.000000,,
1,EV_B9_C1,4.000000,80.000000,,
1,EV_B9_C1,3.000000,80.000000,,
1,EV_B9_C1,2.000000,80.000000,,
1,EV_B9_C1,1.000000,80.000000,,
1,EV_B9_C1,0.000000,80.000000,,
3,,,,,
3,,,,,
3,,,,,
3,,,,,
3,,,,,
3,,,,,
3,,,,,
3,,,,,
3,,,,,
3,,,,,
3,,,,,
3,,,,,
2,EV_B9_C1,,,0.000000,41.365880
1,EV_B9_C1,10.000000,80.000000,,
1,EV_B9_C1,9.000000,80.000000,,
1,EV_B9_C1,8.000000,80.000000,,
1,EV_B9_C1,7.000000,80.000000,,
1,EV_B9_C1,6.000000,80.000000,,
1,EV_B9_C1,5.000000,80.000000,,
1,EV_B9_C1,4.000000,80.000000,,
1,EV_B9_C1,3.000000,80.000000,,
1,EV_B9_C1,2.000000,80.000000,,
1,EV_B9_C1,1.000000,80.000000,,
1,EV_B9_C1,0.000000,80.000000,,
3,,,,,
3,,,,,
3,,,,,
3,,,,,
3,,,,,
3,,,,,
3,,,,,
3,,,,,
3,,,,,
3,,,,,
3,,,,,
3,,,,,
3,,,,,
2,EV_B9_C1,,,0.000000,41.272454
1,EV_B9_C1,10.000000,80.000000,,
1,EV_B9_C1,9.000000,80.000000,,
1,EV_B9_C1,8.000000,80.000000,,
1,EV_B9_C1,7.000000,80.000000,,
1,EV_B9_C1,6.000000,80.000000,,
1,EV_B9_C1,5.000000,80.000000,,
1,EV_B9_C1,4.000000,80.000000,,
1,EV_B9_C1,3.000000,80.000000,,
1,EV_B9_C1,2.000000,80.000000,,
1,EV_B9_C1,1.000000,80.000000,,
1,EV_B9_C1,0.000000,80.000000,,
3,,,,,
3,,,,,
3,,,,,
3,,,,,
3,,,,,
3,,,,,
3,,,,,
3,,,,,
3,,,,,
3,,,,,
3,,,,,
3,,,,,
3,,,,,
3,,,,,
2,EV_B9_C1,,,0.000000,33.182538
1,EV_B9_C1,8.000000,80.000000,,
1,EV_B9_C1,7.000000,80.000000,,
1,EV_B9_C1,6.000000,80.000000,,
1,EV_B9_C1,5.000000,80.000000,,
1,EV_B9_C1,4.000000,80.000000,,
1,EV_B9_C1,3.000000,80.000000,,
1,EV_B9_C1,2.000000,80.000000,,
1,EV_B9_C1,1.000000,80.000000,,
1,EV_B9_C1,0.000000,80.000000,,
3,,,,,
3,,,,,
3,,,,,
3,,,,,
3,,,,,
3,,,,,
3,,,,,
3,,,,,
3,,,,,
3,,,,,
3,,,,,
3,,,,,
2,EV_B9_C1,,,0.000000,27.968653
1,EV_B9_C1,9.000000,80.000000,,
1,EV_B9_C1,8.000000,80.000000,,
1,EV_B9_C1,7.000000,80.000000,,
1,EV_B9_C1,6.000000,80.000000,,
1,EV_B9_C1,5.000000,80.000000,,
1,EV_B9_C1,4.000000,80.000000,,
1,EV_B9_C1,3.000000,80.000000,,
1,EV_B9_C1,2.000000,80.000000,,
1,EV_B9_C1,1.000000,80.000000,,
1,EV_B9_C1,0.000000,80.000000,,
3,,,,,
3,,,,,
3,,,,,
3,,,,,
3,,,,,
3,,,,,
3,,,,,
3,,,,,
3,,,,,
3,,,,,
3,,,,,
3,,,,,
2,EV_B9_C1,,,0.000000,39.161100
1,EV_B9_C1,10.000000,80.000000,,
1,EV_B9_C1,9.000000,80.000000,,
1,EV_B9_C1,8.000000,80.000000,,
1,EV_B9_C1,7.000000,80.000000,,
1,EV_B9_C1,6.000000,80.000000,,
1,EV_B9_C1,5.000000,80.000000,,
1,EV_B9_C1,4.000000,80.000000,,
1,EV_B9_C1,3.000000,80.000000,,
1,EV_B9_C1,2.000000,80.000000,,
1,EV_B9_C1,1.000000,80.000000,,
1,EV_B9_C1,0.000000,80.000000,,
3,,,,,
3,,,,,
3,,,,,
3,,,,,
3,,,,,
3,,,,,
3,,,,,
3,,,,,
3,,,,,
3,,,,,
3,,,,,
3,,,,,
3,,,,,
2,EV_B9_C1,,,0.000000,42.095604
1,EV_B9_C1,9.000000,80.000000,,
1,EV_B9_C1,8.000000,80.000000,,
1,EV_B9_C1,7.000000,80.000000,,
1,EV_B9_C1,6.000000,80.000000,,
1,EV_B9_C1,5.000000,80.000000,,
1,EV_B9_C1,4.000000,80.000000,,
1,EV_B9_C1,3.000000,80.000000,,
1,EV_B9_C1,2.000000,80.000000,,
1,EV_B9_C1,1.000000,80.000000,,
1,EV_B9_C1,0.000000,80.000000,,
3,,,,,
3,,,,,
3,,,,,
3,,,,,
3,,,,,
3,,,,,
3,,,,,
3,,,,,
3,,,,,
3,,,,,
3,,,,,
3,,,,,
3,,,,,
2,EV_B9_C1,,,0.000000,35.967602
1,EV_B9_C1,10.000000,80.000000,,
1,EV_B9_C1,9.000000,80.000000,,
1,EV_B9_C1,8.000000,80.000000,,
1,EV_B9_C1,7.000000,80.000000,,
1,EV_B9_C1,6.000000,80.000000,,
1,EV_B9_C1,5.000000,80.000000,,
1,EV_B9_C1,4.000000,80.000000,,
1,EV_B9_C1,3.000000,80.000000,,
1,EV_B9_C1,2.000000,80.000000,,
1,EV_B9_C1,1.000000,80.000000,,
1,EV_B9_C1,0.000000,80.000000,,
3,,,,,
3,,,,,
3,,,,,
3,,,,,
3,,,,,
3,,,,,
3,,,,,
3,,,,,
3,,,,,
3,,,,,
3,,,,,
3,,,,,
2,EV_B9_C1,,,0.000000,29.859560
1,EV_B9_C1,10.000000,80.000000,,
1,EV_B9_C1,9.000000,80.000000,,
1,EV_B9_C1,8.000000,80.000000,,
1,EV_B9_C1,7.000000,80.000000,,
1,EV_B9_C1,6.000000,80.000000,,
1,EV_B9_C1,5.000000,80.000000,,
1,EV_B9_C1,4.000000,80.000000,,
1,EV_B9_C1,3.000000,80.000000,,
1,EV_B9_C1,2.000000,80.000000,,
1,EV_B9_C1,1.000000,80.000000,,
1,EV_B9_C1,0.000000,80.000000,,
3,,,,,
3,,,,,
3,,,,,
3,,,,,
3,,,,,
3,,,,,
3,,,,,
3,,,,,
3,,,,,
3,,,,,
3,,,,,
3,,,,,
2,EV_B9_C1,,,0.000000,27.045671
1,EV_B9_C1,10.000000,80.000000,,
1,EV_B9_C1,9.000000,80.000000,,
1,EV_B9_C1,8.000000,80.000000,,
1,EV_B9_C1,7.000000,80.000000,,
1,EV_B9_C1,6.000000,80.000000,,
1,EV_B9_C1,5.000000,80.000000,,
1,EV_B9_C1,4.000000,80.000000,,
1,EV_B9_C1,3.000000,80.000000,,
1,EV_B9_C1,2.000000,80.000000,,
1,EV_B9_C1,1.000000,80.000000,,
1,EV_B9_C1,0.000000,80.000000,,
3,,,,,
3,,,,,
3,,,,,
3,,,,,
3,,,,,
3,,,,,
3,,,,,
3,,,,,
3,,,,,
3,,,,,
3,,,,,
3,,,,,
2,EV_B9_C1,,,0.000000,42.829450
1,EV_B9_C1,9.000000,80.000000,,
1,EV_B9_C1,8.000000,80.000000,,
1,EV_B9_C1,7.000000,80.000000,,
1,EV_B9_C1,6.000000,80.000000,,
1,EV_B9_C1,5.000000,80.000000,,
1,EV_B9_C1,4.000000,80.000000,,
1,EV_B9_C1,3.000000,80.000000,,
1,EV_B9_C1,2.000000,80.000000,,
1,EV_B9_C1,1.000000,80.000000,,
1,EV_B9_C1,0.000000,80.000000,,
3,,,,,
3,,,,,
3,,,,,
3,,,,,
3,,,,,
3,,,,,
3,,,,,
3,,,,,
3,,,,,
3,,,,,
3,,,,,
3,,,,,
3,,,,,
3,,,,,
2,EV_B9_C1,,,0.000000,34.041967
1,EV_B9_C1,8.000000,80.000000,,
1,EV_B9_C1,7.000000,80.000000,,
1,EV_B9_C1,6.000000,80.000000,,
1,EV_B9_C1,5.000000,80.000000,,
1,EV_B9_C1,4.000000,80.000000,,
1,EV_B9_C1,3.000000,80.000000,,
1,EV_B9_C1,2.000000,80.000000,,
1,EV_B9_C1,1.000000,80.000000,,
1,EV_B9_C1,0.000000,80.000000,,
3,,,,,
3,,,,,
3,,,,,
3,,,,,
3,,,,,
3,,,,,
3,,,,,
3,,,,,
3,,,,,
3,,,,,
3,,,,,
3,,,,,
3,,,,,
2,EV_B9_C1,,,0.000000,44.144706
1,EV_B9_C1,9.000000,80.000000,,
1,EV_B9_C1,8.000000,80.000000,,
1,EV_B9_C1,7.000000,80.000000,,
1,EV_B9_C1,6.000000,80.000000,,
1,EV_B9_C1,5.000000,80.000000,,
1,EV_B9_C1,4.000000,80.000000,,
1,EV_B9_C1,3.000000,80.000000,,
1,EV_B9_C1,2.000000,80.000000,,
1,EV_B9_C1,1.000000,80.000000,,
1,EV_B9_C1,0.000000,80.000000,,
3,,,,,
3,,,,,
3,,,,,
3,,,,,
3,,,,,
3,,,,,
3,,,,,
3,,,,,
3,,,,,
3,,,,,
3,,,,,
3,,,,,
3,,,,,
2,EV_B9_C1,,,0.000000,32.224484
1,EV_B9_C1,10.000000,80.000000,,
1,EV_B9_C1,9.000000,80.000000,,
1,EV_B9_C1,8.000000,80.000000,,
1,EV_B9_C1,7.000000,80.000000,,
1,EV_B9_C1,6.000000,80.000000,,
1,EV_B9_C1,5.000000,80.000000,,
1,EV_B9_C1,4.000000,80.000000,,
1,EV_B9_C1,3.000000,80.000000,,
1,EV_B9_C1,2.000000,80.000000,,
1,EV_B9_C1,1.000000,80.000000,,
1,EV_B9_C1,0.000000,80.000000,,
3,,,,,
3,,,,,
3,,,,,
3,,,,,
3,,,,,
3,,,,,
3,,,,,
3,,,,,
3,,,,,
3,,,,,
3,,,,,
3,,,,,
2,EV_B9_C1,,,0.000000,34.391434
1,EV_B9_C1,10.000000,80.000000,,
1,EV_B9_C1,9.000000,80.000000,,
1,EV_B9_C1,8.000000,80.000000,,
1,EV_B9_C1,7.000000,80.000000,,
1,EV_B9_C1,6.000000,80.000000,,
1,EV_B9_C1,5.000000,80.000000,,
1,EV_B9_C1,4.000000,80.000000,,
1,EV_B9_C1,3.000000,80.000000,,
1,EV_B9_C1,2.000000,80.000000,,
1,EV_B9_C1,1.000000,80.000000,,
1,EV_B9_C1,0.000000,80.000000,,
3,,,,,
3,,,,,
3,,,,,
3,,,,,
3,,,,,
3,,,,,
3,,,,,
3,,,,,
3,,,,,
3,,,,,
3,,,,,
3,,,,,
3,,,,,
2,EV_B9_C1,,,0.000000,25.251444
1,EV_B9_C1,8.000000,80.000000,,
1,EV_B9_C1,7.000000,80.000000,,
1,EV_B9_C1,6.000000,80.000000,,
1,EV_B9_C1,5.000000,80.000000,,
1,EV_B9_C1,4.000000,80.000000,,
1,EV_B9_C1,3.000000,80.000000,,
1,EV_B9_C1,2.000000,80.000000,,
1,EV_B9_C1,1.000000,80.000000,,
1,EV_B9_C1,0.000000,80.000000,,
3,,,,,
3,,,,,
3,,,,,
3,,,,,
3,,,,,
3,,,,,
3,,,,,
3,,,,,
3,,,,,
3,,,,,
3,,,,,
3,,,,,
2,EV_B9_C1,,,0.000000,38.273330
1,EV_B9_C1,11.000000,80.000000,,
1,EV_B9_C1,10.000000,80.000000,,
1,EV_B9_C1,9.000000,80.000000,,
1,EV_B9_C1,8.000000,80.000000,,
1,EV_B9_C1,7.000000,80.000000,,
1,EV_B9_C1,6.000000,80.000000,,
1,EV_B9_C1,5.000000,80.000000,,
1,EV_B9_C1,4.000000,80.000000,,
1,EV_B9_C1,3.000000,80.000000,,
1,EV_B9_C1,2.000000,80.000000,,
1,EV_B9_C1,1.000000,80.000000,,
1,EV_B9_C1,0.000000,80.000000,,
3,,,,,
3,,,,,
3,,,,,
3,,,,,
3,,,,,
3,,,,,
3,,,,,
3,,,,,
3,,,,,
3,,,,,
3,,,,,
3,,,,,
2,EV_B9_C1,,,0.000000,43.275391
1,EV_B9_C1,9.000000,80.000000,,
1,EV_B9_C1,8.000000,80.000000,,
1,EV_B9_C1,7.000000,80.000000,,
1,EV_B9_C1,6.000000,80.000000,,
1,EV_B9_C1,5.000000,80.000000,,
1,EV_B9_C1,4.000000,80.000000,,
1,EV_B9_C1,3.000000,80.000000,,
1,EV_B9_C1,2.000000,80.000000,,
1,EV_B9_C1,1.000000,80.000000,,
1,EV_B9_C1,0.000000,80.000000,,
3,,,,,
3,,,,,
3,,,,,
3,,,,,
3,,,,,
3,,,,,
3,,,,,
3,,,,,
3,,,,,
3,,,,,
3,,,,,
3,,,,,
3,,,,,
2,EV_B9_C1,,,0.000000,43.599790
1,EV_B9_C1,9.000000,80.000000,,
1,EV_B9_C1,8.000000,80.000000,,
1,EV_B9_C1,7.000000,80.000000,,
1,EV_B9_C1,6.000000,80.000000,,
1,EV_B9_C1,5.000000,80.000000,,
1,EV_B9_C1,4.000000,80.000000,,
1,EV_B9_C1,3.000000,80.000000,,
1,EV_B9_C1,2.000000,80.000000,,
1,EV_B9_C1,1.000000,80.000000,,
1,EV_B9_C1,0.000000,80.000000,,
3,,,,,
3,,,,,
3,,,,,
3,,,,,
3,,,,,
3,,,,,
3,,,,,
3,,,,,
3,,,,,
3,,,,,
3,,,,,
3,,,,,
3,,,,,
3,,,,,
3,,,,,
3,,,,,
3,,,,,
3,,,,,
3,,,,,
3,,,,,
3,,,,,
3,,,,,
3,,,,,
3,,,,,
3,,,,,
3,,,,,
3,,,,,
3,,,,,
3,,,,,
3,,,,,
3,,,,,
3,,,,,
3,,,,,
3,,,,,
3,,,,,
3,,,,,
3,,,,,
2,EV_B9_C1,,,0.000000,40.492224
1,EV_B9_C1,10.000000,80.000000,,
1,EV_B9_C1,9.000000,80.000000,,
1,EV_B9_C1,8.000000,80.000000,,
1,EV_B9_C1,7.000000,80.000000,,
1,EV_B9_C1,6.000000,80.000000,,
1,EV_B9_C1,5.000000,80.000000,,
1,EV_B9_C1,4.000000,80.000000,,
1,EV_B9_C1,3.000000,80.000000,,
1,EV_B9_C1,2.000000,80.000000,,
1,EV_B9_C1,1.000000,80.000000,,
1,EV_B9_C1,0.000000,80.000000,,
3,,,,,
3,,,,,
3,,,,,
3,,,,,
3,,,,,
3,,,,,
3,,,,,
3,,,,,
3,,,,,
3,,,,,
3,,,,,
3,,,,,
2,EV_B9_C1,,,0.000000,42.353204
1,EV_B9_C1,9.000000,80.000000,,
1,EV_B9_C1,8.000000,80.000000,,
1,EV_B9_C1,7.000000,80.000000,,
1,EV_B9_C1,6.000000,80.000000,,
1,EV_B9_C1,5.000000,80.000000,,
1,EV_B9_C1,4.000000,80.000000,,
1,EV_B9_C1,3.000000,80.000000,,
1,EV_B9_C1,2.000000,80.000000,,
1,EV_B9_C1,1.000000,80.000000,,
1,EV_B9_C1,0.000000,80.000000,,
3,,,,,
3,,,,,
3,,,,,
3,,,,,
3,,,,,
3,,,,,
3,,,,,
3,,,,,
3,,,,,
3,,,,,
3,,,,,
3,,,,,
3,,,,,
3,,,,,
2,EV_B9_C1,,,0.000000,44.642022
1,EV_B9_C1,9.000000,80.000000,,
1,EV_B9_C1,8.000000,80.000000,,
1,EV_B9_C1,7.000000,80.000000,,
1,EV_B9_C1,6.000000,80.000000,,
1,EV_B9_C1,5.000000,80.000000,,
1,EV_B9_C1,4.000000,80.000000,,
1,EV_B9_C1,3.000000,80.000000,,
1,EV_B9_C1,2.000000,80.000000,,
1,EV_B9_C1,1.000000,80.000000,,
1,EV_B9_C1,0.000000,80.000000,,
3,,,,,
3,,,,,
3,,,,,
3,,,,,
3,,,,,
3,,,,,
3,,,,,
3,,,,,
3,,,,,
3,,,,,
3,,,,,
3,,,,,
2,EV_B9_C1,,,0.000000,28.291865
1,EV_B9_C1,9.000000,80.000000,,
1,EV_B9_C1,8.000000,80.000000,,
1,EV_B9_C1,7.000000,80.000000,,
1,EV_B9_C1,6.000000,80.000000,,
1,EV_B9_C1,5.000000,80.000000,,
1,EV_B9_C1,4.000000,80.000000,,
1,EV_B9_C1,3.000000,80.000000,,
1,EV_B9_C1,2.000000,80.000000,,
1,EV_B9_C1,1.000000,80.000000,,
1,EV_B9_C1,0.000000,80.000000,,
3,,,,,
3,,,,,
3,,,,,
3,,,,,
3,,,,,
3,,,,,
3,,,,,
3,,,,,
3,,,,,
3,,,,,
3,,,,,
3,,,,,
3,,,,,
3,,,,,
2,EV_B9_C1,,,0.000000,41.318589
1,EV_B9_C1,9.000000,80.000000,,
1,EV_B9_C1,8.000000,80.000000,,
1,EV_B9_C1,7.000000,80.000000,,
1,EV_B9_C1,6.000000,80.000000,,
1,EV_B9_C1,5.000000,80.000000,,
1,EV_B9_C1,4.000000,80.000000,,
1,EV_B9_C1,3.000000,80.000000,,
1,EV_B9_C1,2.000000,80.000000,,
1,EV_B9_C1,1.000000,80.000000,,
1,EV_B9_C1,0.000000,80.000000,,
3,,,,,
3,,,,,
3,,,,,
3,,,,,
3,,,,,
3,,,,,
3,,,,,
3,,,,,
3,,,,,
3,,,,,
3,,,,,
3,,,,,
3,,,,,
3,,,,,
2,EV_B9_C1,,,0.000000,42.587501
1,EV_B9_C1,8.000000,80.000000,,
1,EV_B9_C1,7.000000,80.000000,,
1,EV_B9_C1,6.000000,80.000000,,
1,EV_B9_C1,5.000000,80.000000,,
1,EV_B9_C1,4.000000,80.000000,,
1,EV_B9_C1,3.000000,80.000000,,
1,EV_B9_C1,2.000000,80.000000,,
1,EV_B9_C1,1.000000,80.000000,,
1,EV_B9_C1,0.000000,80.000000,,
3,,,,,
3,,,,,
3,,,,,
3,,,,,
3,,,,,
3,,,,,
3,,,,,
3,,,,,
3,,,,,
3,,,,,
3,,,,,
3,,,,,
2,EV_B9_C1,,,0.000000,32.878922
1,EV_B9_C1,9.000000,80.000000,,
1,EV_B9_C1,8.000000,80.000000,,
1,EV_B9_C1,7.000000,80.000000,,
1,EV_B9_C1,6.000000,80.000000,,
1,EV_B9_C1,5.000000,80.000000,,
1,EV_B9_C1,4.000000,80.000000,,
1,EV_B9_C1,3.000000,80.000000,,
1,EV_B9_C1,2.000000,80.000000,,
1,EV_B9_C1,1.000000,80.000000,,
1,EV_B9_C1,0.000000,80.000000,,
3,,,,,
3,,,,,
3,,,,,
3,,,,,
3,,,,,
3,,,,,
3,,,,,
3,,,,,
3,,,,,
3,,,,,
3,,,,,
3,,,,,
3,,,,,
3,,,,,
3,,,,,
3,,,,,
2,EV_B9_C1,,,0.000000,38.313905
1,EV_B9_C1,6.000000,80.000000,,
1,EV_B9_C1,5.000000,80.000000,,
1,EV_B9_C1,4.000000,80.000000,,
1,EV_B9_C1,3.000000,80.000000,,
1,EV_B9_C1,2.000000,80.000000,,
1,EV_B9_C1,1.000000,80.000000,,
1,EV_B9_C1,0.000000,80.000000,,
3,,,,,
3,,,,,
3,,,,,
3,,,,,
3,,,,,
3,,,,,
3,,,,,
3,,,,,
3,,,,,
3,,,,,
3,,,,,
3,,,,,
3,,,,,
3,,,,,
3,,,,,
2,EV_B9_C1,,,0.000000,29.677926
1,EV_B9_C1,7.000000,80.000000,,
1,EV_B9_C1,6.000000,80.000000,,
1,EV_B9_C1,5.000000,80.000000,,
1,EV_B9_C1,4.000000,80.000000,,
1,EV_B9_C1,3.000000,80.000000,,
1,EV_B9_C1,2.000000,80.000000,,
1,EV_B9_C1,1.000000,80.000000,,
1,EV_B9_C1,0.000000,80.000000,,
3,,,,,
3,,,,,
3,,,,,
3,,,,,
3,,,,,
3,,,,,
3,,,,,
3,,,,,
3,,,,,
3,,,,,
3,,,,,
3,,,,,
3,,,,,
3,,,,,
3,,,,,
3,,,,,
3,,,,,
2,EV_B9_C1,,,0.000000,31.942555
1,EV_B9_C1,5.000000,80.000000,,
1,EV_B9_C1,4.000000,80.000000,,
1,EV_B9_C1,3.000000,80.000000,,
1,EV_B9_C1,2.000000,80.000000,,
1,EV_B9_C1,1.000000,80.000000,,
1,EV_B9_C1,0.000000,80.000000,,
3,,,,,
3,,,,,
3,,,,,
3,,,,,
3,,,,,
3,,,,,
3,,,,,
3,,,,,
3,,,,,
3,,,,,
3,,,,,
3,,,,,
3,,,,,
3,,,,,
3,,,,,
2,EV_B9_C1,,,0.000000,26.138653
1,EV_B9_C1,8.000000,80.000000,,
1,EV_B9_C1,7.000000,80.000000,,
1,EV_B9_C1,6.000000,80.000000,,
1,EV_B9_C1,5.000000,80.000000,,
1,EV_B9_C1,4.000000,80.000000,,
1,EV_B9_C1,3.000000,80.000000,,
1,EV_B9_C1,2.000000,80.000000,,
1,EV_B9_C1,1.000000,80.000000,,
1,EV_B9_C1,0.000000,80.000000,,
3,,,,,
3,,,,,
3,,,,,
3,,,,,
3,,,,,
3,,,,,
3,,,,,
3,,,,,
3,,,,,
3,,,,,
2,EV_B9_C1,,,0.000000,26.664809
1,EV_B9_C1,12.000000,80.000000,,
1,EV_B9_C1,11.000000,80.000000,,
1,EV_B9_C1,10.000000,80.000000,,
1,EV_B9_C1,9.000000,80.000000,,
1,EV_B9_C1,8.000000,80.000000,,
1,EV_B9_C1,7.000000,80.000000,,
1,EV_B9_C1,6.000000,80.000000,,
1,EV_B9_C1,5.000000,80.000000,,
1,EV_B9_C1,4.000000,80.000000,,
1,EV_B9_C1,3.000000,80.000000,,
1,EV_B9_C1,2.000000,80.000000,,
1,EV_B9_C1,1.000000,80.000000,,
1,EV_B9_C1,0.000000,80.000000,,
3,,,,,
3,,,,,
3,,,,,
3,,,,,
3,,,,,
3,,,,,
3,,,,,
3,,,,,
3,,,,,
3,,,,,
3,,,,,
3,,,,,
3,,,,,
2,EV_B9_C1,,,0.000000,39.552133
1,EV_B9_C1,9.000000,80.000000,,
1,EV_B9_C1,8.000000,80.000000,,
1,EV_B9_C1,7.000000,80.000000,,
1,EV_B9_C1,6.000000,80.000000,,
1,EV_B9_C1,5.000000,80.000000,,
1,EV_B9_C1,4.000000,80.000000,,
1,EV_B9_C1,3.000000,80.000000,,
1,EV_B9_C1,2.000000,80.000000,,
1,EV_B9_C1,1.000000,80.000000,,
1,EV_B9_C1,0.000000,80.000000,,
3,,,,,
3,,,,,
3,,,,,
3,,,,,
3,,,,,
3,,,,,
3,,,,,
3,,,,,
3,,,,,
3,,,,,
3,,,,,
3,,,,,
3,,,,,
3,,,,,
2,EV_B9_C1,,,0.000000,38.019740
1,EV_B9_C1,8.000000,80.000000,,
1,EV_B9_C1,7.000000,80.000000,,
1,EV_B9_C1,6.000000,80.000000,,
1,EV_B9_C1,5.000000,80.000000,,
1,EV_B9_C1,4.000000,80.000000,,
1,EV_B9_C1,3.000000,80.000000,,
1,EV_B9_C1,2.000000,80.000000,,
1,EV_B9_C1,1.000000,80.000000,,
1,EV_B9_C1,0.000000,80.000000,,
3,,,,,
3,,,,,
3,,,,,
3,,,,,
3,,,,,
3,,,,,
3,,,,,
3,,,,,
3,,,,,
3,,,,,
3,,,,,
3,,,,,
3,,,,,
2,EV_B9_C1,,,0.000000,33.271595
1,EV_B9_C1,9.000000,80.000000,,
1,EV_B9_C1,8.000000,80.000000,,
1,EV_B9_C1,7.000000,80.000000,,
1,EV_B9_C1,6.000000,80.000000,,
1,EV_B9_C1,5.000000,80.000000,,
1,EV_B9_C1,4.000000,80.000000,,
1,EV_B9_C1,3.000000,80.000000,,
1,EV_B9_C1,2.000000,80.000000,,
1,EV_B9_C1,1.000000,80.000000,,
1,EV_B9_C1,0.000000,80.000000,,
3,,,,,
3,,,,,
3,,,,,
3,,,,,
3,,,,,
3,,,,,
3,,,,,
3,,,,,
3,,,,,
3,,,,,
3,,,,,
3,,,,,
3,,,,,
3,,,,,
3,,,,,
3,,,,,
3,,,,,
3,,,,,
3,,,,,
3,,,,,
3,,,,,
3,,,,,
3,,,,,
3,,,,,
3,,,,,
3,,,,,
3,,,,,
3,,,,,
3,,,,,
3,,,,,
3,,,,,
3,,,,,
3,,,,,
3,,,,,
3,,,,,
3,,,,,
2,EV_B9_C1,,,0.000000,34.542027
1,EV_B9_C1,9.000000,80.000000,,
1,EV_B9_C1,8.000000,80.000000,,
1,EV_B9_C1,7.000000,80.000000,,
1,EV_B9_C1,6.000000,80.000000,,
1,EV_B9_C1,5.000000,80.000000,,
1,EV_B9_C1,4.000000,80.000000,,
1,EV_B9_C1,3.000000,80.000000,,
1,EV_B9_C1,2.000000,80.000000,,
1,EV_B9_C1,1.000000,80.000000,,
1,EV_B9_C1,0.000000,80.000000,,
3,,,,,
3,,,,,
3,,,,,
3,,,,,
3,,,,,
3,,,,,
3,,,,,
3,,,,,
3,,,,,
3,,,,,
3,,,,,
3,,,,,
3,,,,,
3,,,,,
3,,,,,
3,,,,,
3,,,,,
3,,,,,
3,,,,,
3,,,,,
3,,,,,
3,,,,,
3,,,,,
3,,,,,
3,,,,,
3,,,,,
3,,,,,
3,,,,,
3,,,,,
3,,,,,
3,,,,,
3,,,,,
3,,,,,
3,,,,,
3,,,,,
3,,,,,
3,,,,,
2,EV_B9_C1,,,0.000000,29.957095
1,EV_B9_C1,10.000000,80.000000,,
1,EV_B9_C1,9.000000,80.000000,,
1,EV_B9_C1,8.000000,80.000000,,
1,EV_B9_C1,7.000000,80.000000,,
1,EV_B9_C1,6.000000,80.000000,,
1,EV_B9_C1,5.000000,80.000000,,
1,EV_B9_C1,4.000000,80.000000,,
1,EV_B9_C1,3.000000,80.000000,,
1,EV_B9_C1,2.000000,80.000000,,
1,EV_B9_C1,1.000000,80.000000,,
1,EV_B9_C1,0.000000,80.000000,,
3,,,,,
3,,,,,
3,,,,,
3,,,,,
3,,,,,
3,,,,,
3,,,,,
3,,,,,
3,,,,,
3,,,,,
3,,,,,
3,,,,,
2,EV_B9_C1,,,0.000000,40.437904
1,EV_B9_C1,9.000000,80.000000,,
1,EV_B9_C1,8.000000,80.000000,,
1,EV_B9_C1,7.000000,80.000000,,
1,EV_B9_C1,6.000000,80.000000,,
1,EV_B9_C1,5.000000,80.000000,,
1,EV_B9_C1,4.000000,80.000000,,
1,EV_B9_C1,3.000000,80.000000,,
1,EV_B9_C1,2.000000,80.000000,,
1,EV_B9_C1,1.000000,80.000000,,
1,EV_B9_C1,0.000000,80.000000,,
3,,,,,
3,,,,,
3,,,,,
3,,,,,
3,,,,,
3,,,,,
3,,,,,
3,,,,,
3,,,,,
3,,,,,
3,,,,,
3,,,,,
3,,,,,
2,EV_B9_C1,,,0.000000,33.668970
1,EV_B9_C1,11.000000,80.000000,,
1,EV_B9_C1,10.000000,80.000000,,
1,EV_B9_C1,9.000000,80.000000,,
1,EV_B9_C1,8.000000,80.000000,,
1,EV_B9_C1,7.000000,80.000000,,
1,EV_B9_C1,6.000000,80.000000,,
1,EV_B9_C1,5.000000,80.000000,,
1,EV_B9_C1,4.000000,80.000000,,
1,EV_B9_C1,3.000000,80.000000,,
1,EV_B9_C1,2.000000,80.000000,,
1,EV_B9_C1,1.000000,80.000000,,
1,EV_B9_C1,0.000000,80.000000,,
3,,,,,
3,,,,,
3,,,,,
3,,,,,
3,,,,,
3,,,,,
3,,,,,
3,,,,,
3,,,,,
3,,,,,
3,,,,,
2,EV_B9_C1,,,0.000000,28.980053
1,EV_B9_C1,8.000000,80.000000,,
1,EV_B9_C1,7.000000,80.000000,,
1,EV_B9_C1,6.000000,80.000000,,
1,EV_B9_C1,5.000000,80.000000,,
1,EV_B9_C1,4.000000,80.000000,,
1,EV_B9_C1,3.000000,80.000000,,
1,EV_B9_C1,2.000000,80.000000,,
1,EV_B9_C1,1.000000,80.000000,,
1,EV_B9_C1,0.000000,80.000000,,
3,,,,,
3,,,,,
3,,,,,
3,,,,,
3,,,,,
3,,,,,
3,,,,,
3,,,,,
3,,,,,
3,,,,,
3,,,,,
3,,,,,
3,,,,,
3,,,,,
3,,,,,
3,,,,,
3,,,,,
3,,,,,
3,,,,,
3,,,,,
3,,,,,
3,,,,,
3,,,,,
3,,,,,
3,,,,,
3,,,,,
3,,,,,
3,,,,,
3,,,,,
3,,,,,
3,,,,,
3,,,,,
3,,,,,
3,,,,,
3,,,,,
3,,,,,
3,,,,,
3,,,,,
2,EV_B9_C1,,,0.000000,42.058802
1,EV_B9_C1,10.000000,80.000000,,
1,EV_B9_C1,9.000000,80.000000,,
1,EV_B9_C1,8.000000,80.000000,,
1,EV_B9_C1,7.000000,80.000000,,
1,EV_B9_C1,6.000000,80.000000,,
1,EV_B9_C1,5.000000,80.000000,,
1,EV_B9_C1,4.000000,80.000000,,
1,EV_B9_C1,3.000000,80.000000,,
1,EV_B9_C1,2.000000,80.000000,,
1,EV_B9_C1,1.000000,80.000000,,
1,EV_B9_C1,0.000000,80.000000,,
3,,,,,
3,,,,,
3,,,,,
3,,,,,
3,,,,,
3,,,,,
3,,,,,
3,,,,,
3,,,,,
3,,,,,
3,,,,,
3,,,,,
3,,,,,
2,EV_B9_C1,,,0.000000,26.259716
1,EV_B9_C1,9.000000,80.000000,,
1,EV_B9_C1,8.000000,80.000000,,
1,EV_B9_C1,7.000000,80.000000,,
1,EV_B9_C1,6.000000,80.000000,,
1,EV_B9_C1,5.000000,80.000000,,
1,EV_B9_C1,4.000000,80.000000,,
1,EV_B9_C1,3.000000,80.000000,,
1,EV_B9_C1,2.000000,80.000000,,
1,EV_B9_C1,1.000000,80.000000,,
1,EV_B9_C1,0.000000,80.000000,,
3,,,,,
3,,,,,
3,,,,,
3,,,,,
3,,,,,
3,,,,,
3,,,,,
3,,,,,
3,,,,,
3,,,,,
3,,,,,
3,,,,,
3,,,,,
3,,,,,
3,,,,,
3,,,,,
3,,,,,
3,,,,,
3,,,,,
3,,,,,
3,,,,,
3,,,,,
3,,,,,
3,,,,,
3,,,,,
3,,,,,
3,,,,,
3,,,,,
3,,,,,
3,,,,,
3,,,,,
3,,,,,
3,,,,,
3,,,,,
3,,,,,
2,EV_B9_C1,,,0.000000,35.167338
1,EV_B9_C1,11.000000,80.000000,,
1,EV_B9_C1,10.000000,80.000000,,
1,EV_B9_C1,9.000000,80.000000,,
1,EV_B9_C1,8.000000,80.000000,,
1,EV_B9_C1,7.000000,80.000000,,
1,EV_B9_C1,6.000000,80.000000,,
1,EV_B9_C1,5.000000,80.000000,,
1,EV_B9_C1,4.000000,80.000000,,
1,EV_B9_C1,3.000000,80.000000,,
1,EV_B9_C1,2.000000,80.000000,,
1,EV_B9_C1,1.000000,80.000000,,
1,EV_B9_C1,0.000000,80.000000,,
3,,,,,
3,,,,,
3,,,,,
3,,,,,
3,,,,,
3,,,,,
3,,,,,
3,,,,,
3,,,,,
3,,,,,
3,,,,,
3,,,,,
3,,,,,
3,,,,,
3,,,,,
3,,,,,
3,,,,,
3,,,,,
3,,,,,
3,,,,,
3,,,,,
3,,,,,
3,,,,,
3,,,,,
3,,,,,
3,,,,,
3,,,,,
3,,,,,
3,,,,,
3,,,,,
3,,,,,
3,,,,,
3,,,,,
3,,,,,
3,,,,,
2,EV_B9_C1,,,0.000000,38.069085
1,EV_B9_C1,11.000000,80.000000,,
1,EV_B9_C1,10.000000,80.000000,,
1,EV_B9_C1,9.000000,80.000000,,
1,EV_B9_C1,8.000000,80.000000,,
1,EV_B9_C1,7.000000,80.000000,,
1,EV_B9_C1,6.000000,80.000000,,
1,EV_B9_C1,5.000000,80.000000,,
1,EV_B9_C1,4.000000,80.000000,,
1,EV_B9_C1,3.000000,80.000000,,
1,EV_B9_C1,2.000000,80.000000,,
1,EV_B9_C1,1.000000,80.000000,,
1,EV_B9_C1,0.000000,80.000000,,
3,,,,,
3,,,,,
3,,,,,
3,,,,,
3,,,,,
3,,,,,
3,,,,,
3,,,,,
3,,,,,
3,,,,,
3,,,,,
3,,,,,
2,EV_B9_C1,,,0.000000,35.420707
1,EV_B9_C1,10.000000,80.000000,,
1,EV_B9_C1,9.000000,80.000000,,
1,EV_B9_C1,8.000000,80.000000,,
1,EV_B9_C1,7.000000,80.000000,,
1,EV_B9_C1,6.000000,80.000000,,
1,EV_B9_C1,5.000000,80.000000,,
1,EV_B9_C1,4.000000,80.000000,,
1,EV_B9_C1,3.000000,80.000000,,
1,EV_B9_C1,2.000000,80.000000,,
1,EV_B9_C1,1.000000,80.000000,,
1,EV_B9_C1,0.000000,80.000000,,
3,,,,,
3,,,,,
3,,,,,
3,,,,,
3,,,,,
3,,,,,
3,,,,,
3,,,,,
3,,,,,
3,,,,,
3,,,,,
3,,,,,
3,,,,,
3,,,,,
3,,,,,
3,,,,,
3,,,,,
3,,,,,
3,,,,,
3,,,,,
3,,,,,
3,,,,,
3,,,,,
3,,,,,
3,,,,,
3,,,,,
3,,,,,
3,,,,,
3,,,,,
3,,,,,
3,,,,,
3,,,,,
3,,,,,
3,,,,,
3,,,,,
3,,,,,
3,,,,,
2,EV_B9_C1,,,0.000000,41.538707
1,EV_B9_C1,9.000000,80.000000,,
1,EV_B9_C1,8.000000,80.000000,,
1,EV_B9_C1,7.000000,80.000000,,
1,EV_B9_C1,6.000000,80.000000,,
1,EV_B9_C1,5.000000,80.000000,,
1,EV_B9_C1,4.000000,80.000000,,
1,EV_B9_C1,3.000000,80.000000,,
1,EV_B9_C1,2.000000,80.000000,,
1,EV_B9_C1,1.000000,80.000000,,
1,EV_B9_C1,0.000000,80.000000,,
3,,,,,
3,,,,,
3,,,,,
3,,,,,
3,,,,,
3,,,,,
3,,,,,
3,,,,,
3,,,,,
3,,,,,
3,,,,,
2,EV_B9_C1,,,0.000000,38.521805
1,EV_B9_C1,10.000000,80.000000,,
1,EV_B9_C1,9.000000,80.000000,,
1,EV_B9_C1,8.000000,80.000000,,
1,EV_B9_C1,7.000000,80.000000,,
1,EV_B9_C1,6.000000,80.000000,,
1,EV_B9_C1,5.000000,80.000000,,
1,EV_B9_C1,4.000000,80.000000,,
1,EV_B9_C1,3.000000,80.000000,,
1,EV_B9_C1,2.000000,80.000000,,
1,EV_B9_C1,1.000000,80.000000,,
1,EV_B9_C1,0.000000,80.000000,,
3,,,,,
3,,,,,
3,,,,,
3,,,,,
3,,,,,
3,,,,,
3,,,,,
3,,,,,
3,,,,,
3,,,,,
3,,,,,
3,,,,,
3,,,,,
3,,,,,
2,EV_B9_C1,,,0.000000,32.522719
1,EV_B9_C1,9.000000,80.000000,,
1,EV_B9_C1,8.000000,80.000000,,
1,EV_B9_C1,7.000000,80.000000,,
1,EV_B9_C1,6.000000,80.000000,,
1,EV_B9_C1,5.000000,80.000000,,
1,EV_B9_C1,4.000000,80.000000,,
1,EV_B9_C1,3.000000,80.000000,,
1,EV_B9_C1,2.000000,80.000000,,
1,EV_B9_C1,1.000000,80.000000,,
1,EV_B9_C1,0.000000,80.000000,,
3,,,,,
3,,,,,
3,,,,,
3,,,,,
3,,,,,
3,,,,,
3,,,,,
3,,,,,
3,,,,,
3,,,,,
3,,,,,
3,,,,,
3,,,,,
2,EV_B9_C1,,,0.000000,31.616236
1,EV_B9_C1,8.000000,80.000000,,
1,EV_B9_C1,7.000000,80.000000,,
1,EV_B9_C1,6.000000,80.000000,,
1,EV_B9_C1,5.000000,80.000000,,
1,EV_B9_C1,4.000000,80.000000,,
1,EV_B9_C1,3.000000,80.000000,,
1,EV_B9_C1,2.000000,80.000000,,
1,EV_B9_C1,1.000000,80.000000,,
1,EV_B9_C1,0.000000,80.000000,,
3,,,,,
3,,,,,
3,,,,,
3,,,,,
3,,,,,
3,,,,,
3,,,,,
3,,,,,
3,,,,,
3,,,,,
3,,,,,
3,,,,,
3,,,,,
3,,,,,
3,,,,,
3,,,,,
3,,,,,
3,,,,,
3,,,,,
3,,,,,
3,,,,,
3,,,,,
3,,,,,
3,,,,,
3,,,,,
3,,,,,
3,,,,,
3,,,,,
3,,,,,
3,,,,,
3,,,,,
3,,,,,
3,,,,,
3,,,,,
3,,,,,
3,,,,,
2,EV_B9_C1,,,0.000000,40.702212
1,EV_B9_C1,10.000000,80.000000,,
1,EV_B9_C1,9.000000,80.000000,,
1,EV_B9_C1,8.000000,80.000000,,
1,EV_B9_C1,7.000000,80.000000,,
1,EV_B9_C1,6.000000,80.000000,,
1,EV_B9_C1,5.000000,80.000000,,
1,EV_B9_C1,4.000000,80.000000,,
1,EV_B9_C1,3.000000,80.000000,,
1,EV_B9_C1,2.000000,80.000000,,
1,EV_B9_C1,1.000000,80.000000,,
1,EV_B9_C1,0.000000,80.000000,,
3,,,,,
3,,,,,
3,,,,,
3,,,,,
3,,,,,
3,,,,,
3,,,,,
3,,,,,
3,,,,,
3,,,,,
3,,,,,
2,EV_B9_C1,,,0.000000,35.730665
1,EV_B9_C1,12.000000,80.000000,,
1,EV_B9_C1,11.000000,80.000000,,
1,EV_B9_C1,10.000000,80.000000,,
1,EV_B9_C1,9.000000,80.000000,,
1,EV_B9_C1,8.000000,80.000000,,
1,EV_B9_C1,7.000000,80.000000,,
1,EV_B9_C1,6.000000,80.000000,,
1,EV_B9_C1,5.000000,80.000000,,
1,EV_B9_C1,4.000000,80.000000,,
1,EV_B9_C1,3.000000,80.000000,,
1,EV_B9_C1,2.000000,80.000000,,
1,EV_B9_C1,1.000000,80.000000,,
1,EV_B9_C1,0.000000,80.000000,,
3,,,,,
3,,,,,
3,,,,,
3,,,,,
3,,,,,
3,,,,,
3,,,,,
3,,,,,
3,,,,,
3,,,,,
3,,,,,
2,EV_B9_C1,,,0.000000,37.891206
1,EV_B9_C1,11.000000,80.000000,,
1,EV_B9_C1,10.000000,80.000000,,
1,EV_B9_C1,9.000000,80.000000,,
1,EV_B9_C1,8.000000,80.000000,,
1,EV_B9_C1,7.000000,80.000000,,
1,EV_B9_C1,6.000000,80.000000,,
1,EV_B9_C1,5.000000,80.000000,,
1,EV_B9_C1,4.000000,80.000000,,
1,EV_B9_C1,3.000000,80.000000,,
1,EV_B9_C1,2.000000,80.000000,,
1,EV_B9_C1,1.000000,80.000000,,
1,EV_B9_C1,0.000000,80.000000,,
3,,,,,
3,,,,,
3,,,,,
3,,,,,
3,,,,,
3,,,,,
3,,,,,
3,,,,,
3,,,,,
3,,,,,
3,,,,,
3,,,,,
2,EV_B9_C1,,,0.000000,41.151111
1,EV_B9_C1,9.000000,80.000000,,
1,EV_B9_C1,8.000000,80.000000,,
1,EV_B9_C1,7.000000,80.000000,,
1,EV_B9_C1,6.000000,80.000000,,
1,EV_B9_C1,5.000000,80.000000,,
1,EV_B9_C1,4.000000,80.000000,,
1,EV_B9_C1,3.000000,80.000000,,
1,EV_B9_C1,2.000000,80.000000,,
1,EV_B9_C1,1.000000,80.000000,,
1,EV_B9_C1,0.000000,80.000000,,
3,,,,,
3,,,,,
3,,,,,
3,,,,,
3,,,,,
3,,,,,
3,,,,,
3,,,,,
3,,,,,
3,,,,,
3,,,,,
3,,,,,
2,EV_B9_C1,,,0.000000,42.699394
1,EV_B9_C1,11.000000,80.000000,,
1,EV_B9_C1,10.000000,80.000000,,
1,EV_B9_C1,9.000000,80.000000,,
1,EV_B9_C1,8.000000,80.000000,,
1,EV_B9_C1,7.000000,80.000000,,
1,EV_B9_C1,6.000000,80.000000,,
1,EV_B9_C1,5.000000,80.000000,,
1,EV_B9_C1,4.000000,80.000000,,
1,EV_B9_C1,3.000000,80.000000,,
1,EV_B9_C1,2.000000,80.000000,,
1,EV_B9_C1,1.000000,80.000000,,
1,EV_B9_C1,0.000000,80.000000,,
3,,,,,
3,,,,,
3,,,,,
3,,,,,
3,,,,,
3,,,,,
3,,,,,
3,,,,,
3,,,,,
3,,,,,
3,,,,,
3,,,,,
3,,,,,
2,EV_B9_C1,,,0.000000,39.890942
1,EV_B9_C1,8.000000,80.000000,,
1,EV_B9_C1,7.000000,80.000000,,
1,EV_B9_C1,6.000000,80.000000,,
1,EV_B9_C1,5.000000,80.000000,,
1,EV_B9_C1,4.000000,80.000000,,
1,EV_B9_C1,3.000000,80.000000,,
1,EV_B9_C1,2.000000,80.000000,,
1,EV_B9_C1,1.000000,80.000000,,
1,EV_B9_C1,0.000000,80.000000,,
3,,,,,
3,,,,,
3,,,,,
3,,,,,
3,,,,,
3,,,,,
3,,,,,
3,,,,,
3,,,,,
3,,,,,
3,,,,,
3,,,,,
3,,,,,
3,,,,,
2,EV_B9_C1,,,0.000000,43.574920
1,EV_B9_C1,8.000000,80.000000,,
1,EV_B9_C1,7.000000,80.000000,,
1,EV_B9_C1,6.000000,80.000000,,
1,EV_B9_C1,5.000000,80.000000,,
1,EV_B9_C1,4.000000,80.000000,,
1,EV_B9_C1,3.000000,80.000000,,
1,EV_B9_C1,2.000000,80.000000,,
1,EV_B9_C1,1.000000,80.000000,,
1,EV_B9_C1,0.000000,80.000000,,
3,,,,,
3,,,,,
3,,,,,
3,,,,,
3,,,,,
3,,,,,
3,,,,,
3,,,,,
3,,,,,
3,,,,,
3,,,,,
3,,,,,
2,EV_B9_C1,,,0.000000,33.606720
1,EV_B9_C1,10.000000,80.000000,,
1,EV_B9_C1,9.000000,80.000000,,
1,EV_B9_C1,8.000000,80.000000,,
1,EV_B9_C1,7.000000,80.000000,,
1,EV_B9_C1,6.000000,80.000000,,
1,EV_B9_C1,5.000000,80.000000,,
1,EV_B9_C1,4.000000,80.000000,,
1,EV_B9_C1,3.000000,80.000000,,
1,EV_B9_C1,2.000000,80.000000,,
1,EV_B9_C1,1.000000,80.000000,,
1,EV_B9_C1,0.000000,80.000000,,
3,,,,,
3,,,,,
3,,,,,
3,,,,,
3,,,,,
3,,,,,
3,,,,,
3,,,,,
3,,,,,
3,,,,,
3,,,,,
3,,,,,
3,,,,,
2,EV_B9_C1,,,0.000000,30.946299
1,EV_B9_C1,10.000000,80.000000,,
1,EV_B9_C1,9.000000,80.000000,,
1,EV_B9_C1,8.000000,80.000000,,
1,EV_B9_C1,7.000000,80.000000,,
1,EV_B9_C1,6.000000,80.000000,,
1,EV_B9_C1,5.000000,80.000000,,
1,EV_B9_C1,4.000000,80.000000,,
1,EV_B9_C1,3.000000,80.000000,,
1,EV_B9_C1,2.000000,80.000000,,
1,EV_B9_C1,1.000000,80.000000,,
1,EV_B9_C1,0.000000,80.000000,,
3,,,,,
3,,,,,
3,,,,,
3,,,,,
3,,,,,
3,,,,,
3,,,,,
3,,,,,
3,,,,,
3,,,,,
3,,,,,
2,EV_B9_C1,,,0.000000,27.084255
1,EV_B9_C1,11.000000,80.000000,,
1,EV_B9_C1,10.000000,80.000000,,
1,EV_B9_C1,9.000000,80.000000,,
1,EV_B9_C1,8.000000,80.000000,,
1,EV_B9_C1,7.000000,80.000000,,
1,EV_B9_C1,6.000000,80.000000,,
1,EV_B9_C1,5.000000,80.000000,,
1,EV_B9_C1,4.000000,80.000000,,
1,EV_B9_C1,3.000000,80.000000,,
1,EV_B9_C1,2.000000,80.000000,,
1,EV_B9_C1,1.000000,80.000000,,
1,EV_B9_C1,0.000000,80.000000,,
3,,,,,
3,,,,,
3,,,,,
3,,,,,
3,,,,,
3,,,,,
3,,,,,
3,,,,,
3,,,,,
3,,,,,
3,,,,,
3,,,,,
3,,,,,
2,EV_B9_C1,,,0.000000,35.355701
1,EV_B9_C1,9.000000,80.000000,,
1,EV_B9_C1,8.000000,80.000000,,
1,EV_B9_C1,7.000000,80.000000,,
1,EV_B9_C1,6.000000,80.000000,,
1,EV_B9_C1,5.000000,80.000000,,
1,EV_B9_C1,4.000000,80.000000,,
1,EV_B9_C1,3.000000,80.000000,,
1,EV_B9_C1,2.000000,80.000000,,
1,EV_B9_C1,1.000000,80.000000,,
1,EV_B9_C1,0.000000,80.000000,,
3,,,,,
3,,,,,
3,,,,,
3,,,,,
3,,,,,
3,,,,,
3,,,,,
3,,,,,
3,,,,,
3,,,,,
3,,,,,
3,,,,,
3,,,,,
2,EV_B9_C1,,,0.000000,42.437899
1,EV_B9_C1,8.000000,80.000000,,
1,EV_B9_C1,7.000000,80.000000,,
1,EV_B9_C1,6.000000,80.000000,,
1,EV_B9_C1,5.000000,80.000000,,
1,EV_B9_C1,4.000000,80.000000,,
1,EV_B9_C1,3.000000,80.000000,,
1,EV_B9_C1,2.000000,80.000000,,
1,EV_B9_C1,1.000000,80.000000,,
1,EV_B9_C1,0.000000,80.000000,,
3,,,,,
3,,,,,
3,,,,,
3,,,,,
3,,,,,
3,,,,,
3,,,,,
3,,,,,
3,,,,,
3,,,,,
3,,,,,
3,,,,,
3,,,,,
3,,,,,
2,EV_B9_C1,,,0.000000,27.913350
1,EV_B9_C1,8.000000,80.000000,,
1,EV_B9_C1,7.000000,80.000000,,
1,EV_B9_C1,6.000000,80.000000,,
1,EV_B9_C1,5.000000,80.000000,,
1,EV_B9_C1,4.000000,80.000000,,
1,EV_B9_C1,3.000000,80.000000,,
1,EV_B9_C1,2.000000,80.000000,,
1,EV_B9_C1,1.000000,80.000000,,
1,EV_B9_C1,0.000000,80.000000,,
3,,,,,
3,,,,,
3,,,,,
3,,,,,
3,,,,,
3,,,,,
3,,,,,
3,,,,,
3,,,,,
3,,,,,
3,,,,,
3,,,,,
3,,,,,
2,EV_B9_C1,,,0.000000,38.293657
1,EV_B9_C1,10.000000,80.000000,,
1,EV_B9_C1,9.000000,80.000000,,
1,EV_B9_C1,8.000000,80.000000,,
1,EV_B9_C1,7.000000,80.000000,,
1,EV_B9_C1,6.000000,80.000000,,
1,EV_B9_C1,5.000000,80.000000,,
1,EV_B9_C1,4.000000,80.000000,,
1,EV_B9_C1,3.000000,80.000000,,
1,EV_B9_C1,2.000000,80.000000,,
1,EV_B9_C1,1.000000,80.000000,,
1,EV_B9_C1,0.000000,80.000000,,
3,,,,,
3,,,,,
3,,,,,
3,,,,,
3,,,,,
3,,,,,
3,,,,,
3,,,,,
3,,,,,
3,,,,,
3,,,,,
3,,,,,
2,EV_B9_C1,,,0.000000,42.521557
1,EV_B9_C1,10.000000,80.000000,,
1,EV_B9_C1,9.000000,80.000000,,
1,EV_B9_C1,8.000000,80.000000,,
1,EV_B9_C1,7.000000,80.000000,,
1,EV_B9_C1,6.000000,80.000000,,
1,EV_B9_C1,5.000000,80.000000,,
1,EV_B9_C1,4.000000,80.000000,,
1,EV_B9_C1,3.000000,80.000000,,
1,EV_B9_C1,2.000000,80.000000,,
1,EV_B9_C1,1.000000,80.000000,,
1,EV_B9_C1,0.000000,80.000000,,
3,,,,,
3,,,,,
3,,,,,
3,,,,,
3,,,,,
3,,,,,
3,,,,,
3,,,,,
3,,,,,
3,,,,,
3,,,,,
3,,,,,
2,EV_B9_C1,,,0.000000,32.319733
1,EV_B9_C1,10.000000,80.000000,,
1,EV_B9_C1,9.000000,80.000000,,
1,EV_B9_C1,8.000000,80.000000,,
1,EV_B9_C1,7.000000,80.000000,,
1,EV_B9_C1,6.000000,80.000000,,
1,EV_B9_C1,5.000000,80.000000,,
1,EV_B9_C1,4.000000,80.000000,,
1,EV_B9_C1,3.000000,80.000000,,
1,EV_B9_C1,2.000000,80.000000,,
1,EV_B9_C1,1.000000,80.000000,,
1,EV_B9_C1,0.000000,80.000000,,
3,,,,,
3,,,,,
3,,,,,
3,,,,,
3,,,,,
3,,,,,
3,,,,,
3,,,,,
3,,,,,
3,,,,,
3,,,,,
3,,,,,
2,EV_B9_C1,,,0.000000,42.357855
1,EV_B9_C1,10.000000,80.000000,,
1,EV_B9_C1,9.000000,80.000000,,
1,EV_B9_C1,8.000000,80.000000,,
1,EV_B9_C1,7.000000,80.000000,,
1,EV_B9_C1,6.000000,80.000000,,
1,EV_B9_C1,5.000000,80.000000,,
1,EV_B9_C1,4.000000,80.000000,,
1,EV_B9_C1,3.000000,80.000000,,
1,EV_B9_C1,2.000000,80.000000,,
1,EV_B9_C1,1.000000,80.000000,,
1,EV_B9_C1,0.000000,80.000000,,
3,,,,,
3,,,,,
3,,,,,
3,,,,,
3,,,,,
3,,,,,
3,,,,,
3,,,,,
3,,,,,
3,,,,,
3,,,,,
3,,,,,
2,EV_B9_C1,,,0.000000,27.828976
1,EV_B9_C1,9.000000,80.000000,,
1,EV_B9_C1,8.000000,80.000000,,
1,EV_B9_C1,7.000000,80.000000,,
1,EV_B9_C1,6.000000,80.000000,,
1,EV_B9_C1,5.000000,80.000000,,
1,EV_B9_C1,4.000000,80.000000,,
1,EV_B9_C1,3.000000,80.000000,,
1,EV_B9_C1,2.000000,80.000000,,
1,EV_B9_C1,1.000000,80.000000,,
1,EV_B9_C1,0.000000,80.000000,,
3,,,,,
3,,,,,
3,,,,,
3,,,,,
3,,,,,
3,,,,,
3,,,,,
3,,,,,
3,,,,,
3,,,,,
3,,,,,
3,,,,,
3,,,,,
2,EV_B9_C1,,,0.000000,31.361943
1,EV_B9_C1,9.000000,80.000000,,
1,EV_B9_C1,8.000000,80.000000,,
1,EV_B9_C1,7.000000,80.000000,,
1,EV_B9_C1,6.000000,80.000000,,
1,EV_B9_C1,5.000000,80.000000,,
1,EV_B9_C1,4.000000,80.000000,,
1,EV_B9_C1,3.000000,80.000000,,
1,EV_B9_C1,2.000000,80.000000,,
1,EV_B9_C1,1.000000,80.000000,,
1,EV_B9_C1,0.000000,80.000000,,
3,,,,,
3,,,,,
3,,,,,
3,,,,,
3,,,,,
3,,,,,
3,,,,,
3,,,,,
3,,,,,
3,,,,,
3,,,,,
3,,,,,
3,,,,,
3,,,,,
2,EV_B9_C1,,,0.000000,29.116799
1,EV_B9_C1,7.000000,80.000000,,
1,EV_B9_C1,6.000000,80.000000,,
1,EV_B9_C1,5.000000,80.000000,,
1,EV_B9_C1,4.000000,80.000000,,
1,EV_B9_C1,3.000000,80.000000,,
1,EV_B9_C1,2.000000,80.000000,,
1,EV_B9_C1,1.000000,80.000000,,
1,EV_B9_C1,0.000000,80.000000,,
3,,,,,
3,,,,,
3,,,,,
3,,,,,
3,,,,,
3,,,,,
3,,,,,
3,,,,,
3,,,,,
3,,,,,
3,,,,,
3,,,,,
3,,,,,
3,,,,,
2,EV_B9_C1,,,0.000000,38.030320
1,EV_B9_C1,11.000000,80.000000,,
1,EV_B9_C1,10.000000,80.000000,,
1,EV_B9_C1,9.000000,80.000000,,
1,EV_B9_C1,8.000000,80.000000,,
1,EV_B9_C1,7.000000,80.000000,,
1,EV_B9_C1,6.000000,80.000000,,
1,EV_B9_C1,5.000000,80.000000,,
1,EV_B9_C1,4.000000,80.000000,,
1,EV_B9_C1,3.000000,80.000000,,
1,EV_B9_C1,2.000000,80.000000,,
1,EV_B9_C1,1.000000,80.000000,,
1,EV_B9_C1,0.000000,80.000000,,
3,,,,,
3,,,,,
3,,,,,
3,,,,,
3,,,,,
3,,,,,
3,,,,,
3,,,,,
3,,,,,
3,,,,,
3,,,,,
3,,,,,
2,EV_B9_C1,,,0.000000,38.735702
1,EV_B9_C1,9.000000,80.000000,,
1,EV_B9_C1,8.000000,80.000000,,
1,EV_B9_C1,7.000000,80.000000,,
1,EV_B9_C1,6.000000,80.000000,,
1,EV_B9_C1,5.000000,80.000000,,
1,EV_B9_C1,4.000000,80.000000,,
1,EV_B9_C1,3.000000,80.000000,,
1,EV_B9_C1,2.000000,80.000000,,
1,EV_B9_C1,1.000000,80.000000,,
1,EV_B9_C1,0.000000,80.000000,,
3,,,,,
3,,,,,
3,,,,,
3,,,,,
3,,,,,
3,,,,,
3,,,,,
3,,,,,
3,,,,,
3,,,,,
3,,,,,
3,,,,,
2,EV_B9_C1,,,0.000000,30.865912
1,EV_B9_C1,10.000000,80.000000,,
1,EV_B9_C1,9.000000,80.000000,,
1,EV_B9_C1,8.000000,80.000000,,
1,EV_B9_C1,7.000000,80.000000,,
1,EV_B9_C1,6.000000,80.000000,,
1,EV_B9_C1,5.000000,80.000000,,
1,EV_B9_C1,4.000000,80.000000,,
1,EV_B9_C1,3.000000,80.000000,,
1,EV_B9_C1,2.000000,80.000000,,
1,EV_B9_C1,1.000000,80.000000,,
1,EV_B9_C1,0.000000,80.000000,,
3,,,,,
3,,,,,
3,,,,,
3,,,,,
3,,,,,
3,,,,,
3,,,,,
3,,,,,
3,,,,,
3,,,,,
3,,,,,
3,,,,,
3,,,,,
3,,,,,
3,,,,,
3,,,,,
3,,,,,
3,,,,,
3,,,,,
3,,,,,
3,,,,,
3,,,,,
3,,,,,
3,,,,,
3,,,,,
3,,,,,
3,,,,,
3,,,,,
3,,,,,
3,,,,,
3,,,,,
3,,,,,
3,,,,,
3,,,,,
3,,,,,
3,,,,,
2,EV_B9_C1,,,0.000000,36.004871
1,EV_B9_C1,9.000000,80.000000,,
1,EV_B9_C1,8.000000,80.000000,,
1,EV_B9_C1,7.000000,80.000000,,
1,EV_B9_C1,6.000000,80.000000,,
1,EV_B9_C1,5.000000,80.000000,,
1,EV_B9_C1,4.000000,80.000000,,
1,EV_B9_C1,3.000000,80.000000,,
1,EV_B9_C1,2.000000,80.000000,,
1,EV_B9_C1,1.000000,80.000000,,
1,EV_B9_C1,0.000000,80.000000,,
3,,,,,
3,,,,,
3,,,,,
3,,,,,
3,,,,,
3,,,,,
3,,,,,
3,,,,,
3,,,,,
3,,,,,
3,,,,,
3,,,,,
3,,,,,
3,,,,,
2,EV_B9_C1,,,0.000000,28.658962
1,EV_B9_C1,9.000000,80.000000,,
1,EV_B9_C1,8.000000,80.000000,,
1,EV_B9_C1,7.000000,80.000000,,
1,EV_B9_C1,6.000000,80.000000,,
1,EV_B9_C1,5.000000,80.000000,,
1,EV_B9_C1,4.000000,80.000000,,
1,EV_B9_C1,3.000000,80.000000,,
1,EV_B9_C1,2.000000,80.000000,,
1,EV_B9_C1,1.000000,80.000000,,
1,EV_B9_C1,0.000000,80.000000,,
3,,,,,
3,,,,,
3,,,,,
3,,,,,
3,,,,,
3,,,,,
3,,,,,
3,,,,,
3,,,,,
3,,,,,
3,,,,,
3,,,,,
3,,,,,
3,,,,,
3,,,,,
3,,,,,
3,,,,,
3,,,,,
3,,,,,
3,,,,,
3,,,,,
3,,,,,
3,,,,,
3,,,,,
3,,,,,
3,,,,,
3,,,,,
3,,,,,
3,,,,,
3,,,,,
3,,,,,
3,,,,,
3,,,,,
3,,,,,
3,,,,,
3,,,,,
2,EV_B9_C1,,,0.000000,26.999436
1,EV_B9_C1,10.000000,80.000000,,
1,EV_B9_C1,9.000000,80.000000,,
1,EV_B9_C1,8.000000,80.000000,,
1,EV_B9_C1,7.000000,80.000000,,
1,EV_B9_C1,6.000000,80.000000,,
1,EV_B9_C1,5.000000,80.000000,,
1,EV_B9_C1,4.000000,80.000000,,
1,EV_B9_C1,3.000000,80.000000,,
1,EV_B9_C1,2.000000,80.000000,,
1,EV_B9_C1,1.000000,80.000000,,
1,EV_B9_C1,0.000000,80.000000,,
3,,,,,
3,,,,,
3,,,,,
3,,,,,
3,,,,,
3,,,,,
3,,,,,
3,,,,,
3,,,,,
3,,,,,
3,,,,,
3,,,,,
3,,,,,
3,,,,,
3,,,,,
3,,,,,
3,,,,,
3,,,,,
3,,,,,
3,,,,,
3,,,,,
3,,,,,
3,,,,,
3,,,,,
3,,,,,
3,,,,,
3,,,,,
3,,,,,
3,,,,,
3,,,,,
3,,,,,
3,,,,,
3,,,,,
3,,,,,
3,,,,,
3,,,,,
2,EV_B9_C1,,,0.000000,38.281797
1,EV_B9_C1,9.000000,80.000000,,
1,EV_B9_C1,8.000000,80.000000,,
1,EV_B9_C1,7.000000,80.000000,,
1,EV_B9_C1,6.000000,80.000000,,
1,EV_B9_C1,5.000000,80.000000,,
1,EV_B9_C1,4.000000,80.000000,,
1,EV_B9_C1,3.000000,80.000000,,
1,EV_B9_C1,2.000000,80.000000,,
1,EV_B9_C1,1.000000,80.000000,,
1,EV_B9_C1,0.000000,80.000000,,
3,,,,,
3,,,,,
3,,,,,
3,,,,,
3,,,,,
3,,,,,
3,,,,,
3,,,,,
3,,,,,
3,,,,,
3,,,,,
3,,,,,
3,,,,,
2,EV_B9_C1,,,0.000000,26.111795
1,EV_B9_C1,11.000000,80.000000,,
1,EV_B9_C1,10.000000,80.000000,,
1,EV_B9_C1,9.000000,80.000000,,
1,EV_B9_C1,8.000000,80.000000,,
1,EV_B9_C1,7.000000,80.000000,,
1,EV_B9_C1,6.000000,80.000000,,
1,EV_B9_C1,5.000000,80.000000,,
1,EV_B9_C1,4.000000,80.000000,,
1,EV_B9_C1,3.000000,80.000000,,
1,EV_B9_C1,2.000000,80.000000,,
1,EV_B9_C1,1.000000,80.000000,,
1,EV_B9_C1,0.000000,80.000000,,
3,,,,,
3,,,,,
3,,,,,
3,,,,,
3,,,,,
3,,,,,
3,,,,,
3,,,,,
3,,,,,
3,,,,,
3,,,,,
2,EV_B9_C1,,,0.000000,37.173516
1,EV_B9_C1,10.000000,80.000000,,
1,EV_B9_C1,9.000000,80.000000,,
1,EV_B9_C1,8.000000,80.000000,,
1,EV_B9_C1,7.000000,80.000000,,
1,EV_B9_C1,6.000000,80.000000,,
1,EV_B9_C1,5.000000,80.000000,,
1,EV_B9_C1,4.000000,80.000000,,
1,EV_B9_C1,3.000000,80.000000,,
1,EV_B9_C1,2.000000,80.000000,,
1,EV_B9_C1,1.000000,80.000000,,
1,EV_B9_C1,0.000000,80.000000,,
3,,,,,
3,,,,,
3,,,,,
3,,,,,
3,,,,,
3,,,,,
3,,,,,
3,,,,,
3,,,,,
3,,,,,
3,,,,,
3,,,,,
3,,,,,
2,EV_B9_C1,,,0.000000,31.961590
1,EV_B9_C1,9.000000,80.000000,,
1,EV_B9_C1,8.000000,80.000000,,
1,EV_B9_C1,7.000000,80.000000,,
1,EV_B9_C1,6.000000,80.000000,,
1,EV_B9_C1,5.000000,80.000000,,
1,EV_B9_C1,4.000000,80.000000,,
1,EV_B9_C1,3.000000,80.000000,,
1,EV_B9_C1,2.000000,80.000000,,
1,EV_B9_C1,1.000000,80.000000,,
1,EV_B9_C1,0.000000,80.000000,,
3,,,,,
3,,,,,
3,,,,,
3,,,,,
3,,,,,
3,,,,,
3,,,,,
3,,,,,
3,,,,,
3,,,,,
3,,,,,
3,,,,,
2,EV_B9_C1,,,0.000000,44.640560
1,EV_B9_C1,9.000000,80.000000,,
1,EV_B9_C1,8.000000,80.000000,,
1,EV_B9_C1,7.000000,80.000000,,
1,EV_B9_C1,6.000000,80.000000,,
1,EV_B9_C1,5.000000,80.000000,,
1,EV_B9_C1,4.000000,80.000000,,
1,EV_B9_C1,3.000000,80.000000,,
1,EV_B9_C1,2.000000,80.000000,,
1,EV_B9_C1,1.000000,80.000000,,
1,EV_B9_C1,0.000000,80.000000,,
3,,,,,
3,,,,,
3,,,,,
3,,,,,
3,,,,,
3,,,,,
3,,,,,
3,,,,,
3,,,,,
3,,,,,
3,,,,,
3,,,,,
3,,,,,
2,EV_B9_C1,,,0.000000,37.515590
1,EV_B9_C1,9.000000,80.000000,,
1,EV_B9_C1,8.000000,80.000000,,
1,EV_B9_C1,7.000000,80.000000,,
1,EV_B9_C1,6.000000,80.000000,,
1,EV_B9_C1,5.000000,80.000000,,
1,EV_B9_C1,4.000000,80.000000,,
1,EV_B9_C1,3.000000,80.000000,,
1,EV_B9_C1,2.000000,80.000000,,
1,EV_B9_C1,1.000000,80.000000,,
1,EV_B9_C1,0.000000,80.000000,,
3,,,,,
3,,,,,
3,,,,,
3,,,,,
3,,,,,
3,,,,,
3,,,,,
3,,,,,
3,,,,,
3,,,,,
3,,,,,
3,,,,,
3,,,,,
3,,,,,
2,EV_B9_C1,,,0.000000,39.674800
1,EV_B9_C1,9.000000,80.000000,,
1,EV_B9_C1,8.000000,80.000000,,
1,EV_B9_C1,7.000000,80.000000,,
1,EV_B9_C1,6.000000,80.000000,,
1,EV_B9_C1,5.000000,80.000000,,
1,EV_B9_C1,4.000000,80.000000,,
1,EV_B9_C1,3.000000,80.000000,,
1,EV_B9_C1,2.000000,80.000000,,
1,EV_B9_C1,1.000000,80.000000,,
1,EV_B9_C1,0.000000,80.000000,,
3,,,,,
3,,,,,
3,,,,,
3,,,,,
3,,,,,
3,,,,,
3,,,,,
3,,,,,
3,,,,,
3,,,,,
3,,,,,
3,,,,,
3,,,,,
2,EV_B9_C1,,,0.000000,44.027464
1,EV_B9_C1,8.000000,80.000000,,
1,EV_B9_C1,7.000000,80.000000,,
1,EV_B9_C1,6.000000,80.000000,,
1,EV_B9_C1,5.000000,80.000000,,
1,EV_B9_C1,4.000000,80.000000,,
1,EV_B9_C1,3.000000,80.000000,,
1,EV_B9_C1,2.000000,80.000000,,
1,EV_B9_C1,1.000000,80.000000,,
1,EV_B9_C1,0.000000,80.000000,,
3,,,,,
3,,,,,
3,,,,,
3,,,,,
3,,,,,
3,,,,,
3,,,,,
3,,,,,
3,,,,,
3,,,,,
3,,,,,
3,,,,,
3,,,,,
3,,,,,
2,EV_B9_C1,,,0.000000,35.314266
1,EV_B9_C1,8.000000,80.000000,,
1,EV_B9_C1,7.000000,80.000000,,
1,EV_B9_C1,6.000000,80.000000,,
1,EV_B9_C1,5.000000,80.000000,,
1,EV_B9_C1,4.000000,80.000000,,
1,EV_B9_C1,3.000000,80.000000,,
1,EV_B9_C1,2.000000,80.000000,,
1,EV_B9_C1,1.000000,80.000000,,
1,EV_B9_C1,0.000000,80.000000,,
3,,,,,
3,,,,,
3,,,,,
3,,,,,
3,,,,,
3,,,,,
3,,,,,
3,,,,,
3,,,,,
3,,,,,
3,,,,,
3,,,,,
3,,,,,
3,,,,,
3,,,,,
3,,,,,
3,,,,,
3,,,,,
3,,,,,
3,,,,,
3,,,,,
3,,,,,
3,,,,,
3,,,,,
3,,,,,
3,,,,,
3,,,,,
3,,,,,
3,,,,,
3,,,,,
3,,,,,
3,,,,,
3,,,,,
3,,,,,
3,,,,,
3,,,,,
3,,,,,
3,,,,,
3,,,,,
2,EV_B9_C1,,,0.000000,32.402659
1,EV_B9_C1,7.000000,80.000000,,
1,EV_B9_C1,6.000000,80.000000,,
1,EV_B9_C1,5.000000,80.000000,,
1,EV_B9_C1,4.000000,80.000000,,
1,EV_B9_C1,3.000000,80.000000,,
1,EV_B9_C1,2.000000,80.000000,,
1,EV_B9_C1,1.000000,80.000000,,
1,EV_B9_C1,0.000000,80.000000,,
3,,,,,
3,,,,,
3,,,,,
3,,,,,
3,,,,,
3,,,,,
3,,,,,
3,,,,,
3,,,,,
3,,,,,
3,,,,,
3,,,,,
3,,,,,
2,EV_B9_C1,,,0.000000,35.240114
1,EV_B9_C1,9.000000,80.000000,,
1,EV_B9_C1,8.000000,80.000000,,
1,EV_B9_C1,7.000000,80.000000,,
1,EV_B9_C1,6.000000,80.000000,,
1,EV_B9_C1,5.000000,80.000000,,
1,EV_B9_C1,4.000000,80.000000,,
1,EV_B9_C1,3.000000,80.000000,,
1,EV_B9_C1,2.000000,80.000000,,
1,EV_B9_C1,1.000000,80.000000,,
1,EV_B9_C1,0.000000,80.000000,,
3,,,,,
3,,,,,
3,,,,,
3,,,,,
3,,,,,
3,,,,,
3,,,,,
3,,,,,
