electric_vehicle_charger_state,electric_vehicle_id,electric_vehicle_departure_time,electric_vehicle_required_soc_departure,electric_vehicle_estimated_arrival_time,electric_vehicle_estimated_soc_arrival
3,NONE,-1.0,-0.1,-1.0,-0.1
3,NONE,-1.0,-0.1,-1.0,-0.1
3,NONE,-1.0,-0.1,-1.0,-0.1
3,NONE,-1.0,-0.1,-1.0,-0.1
3,NONE,-1.0,-0.1,-1.0,-0.1
3,NONE,-1.0,-0.1,-1.0,-0.1
3,NONE,-1.0,-0.1,-1.0,-0.1
3,NONE,-1.0,-0.1,-1.0,-0.1
3,NONE,-1.0,-0.1,-1.0,-0.1
3,NONE,-1.0,-0.1,-1.0,-0.1
3,NONE,-1.0,-0.1,-1.0,-0.1
3,NONE,-1.0,-0.1,-1.0,-0.1
3,NONE,-1.0,-0.1,-1.0,-0.1
3,NONE,-1.0,-0.1,-1.0,-0.1
3,NONE,-1.0,-0.1,-1.0,-0.1
3,NONE,-1.0,-0.1,-1.0,-0.1
3,NONE,-1.0,-0.1,-1.0,-0.1
3,NONE,-1.0,-0.1,-1.0,-0.1
3,NONE,-1.0,-0.1,-1.0,-0.1
3,NONE,-1.0,-0.1,-1.0,-0.1
3,NONE,-1.0,-0.1,-1.0,-0.1
3,NONE,-1.0,-0.1,-1.0,-0.1
3,NONE,-1.0,-0.1,-1.0,-0.1
3,NONE,-1.0,-0.1,-1.0,-0.1
3,NONE,-1.0,-0.1,-1.0,-0.1
3,NONE,-1.0,-0.1,-1.0,-0.1
3,NONE,-1.0,-0.1,-1.0,-0.1
3,NONE,-1.0,-0.1,-1.0,-0.1
3,NONE,-1.0,-0.1,-1.0,-0.1
3,NONE,-1.0,-0.1,-1.0,-0.1
3,NONE,-1.0,-0.1,-1.0,-0.1
3,NONE,-1.0,-0.1,-1.0,-0.1
3,NONE,-1.0,-0.1,-1.0,-0.1
3,NONE,-1.0,-0.1,-1.0,-0.1
3,NONE,-1.0,-0.1,-1.0,-0.1
3,NONE,-1.0,-0.1,-1.0,-0.1
3,NONE,-1.0,-0.1,-1.0,-0.1
3,NONE,-1.0,-0.1,-1.0,-0.1
3,NONE,-1.0,-0.1,-1.0,-0.1
3,NONE,-1.0,-0.1,-1.0,-0.1
3,NONE,-1.0,-0.1,-1.0,-0.1
3,NONE,-1.0,-0.1,-1.0,-0.1
3,NONE,-1.0,-0.1,-1.0,-0.1
3,NONE,-1.0,-0.1,-1.0,-0.1
3,NONE,-1.0,-0.1,-1.0,-0.1
3,NONE,-1.0,-0.1,-1.0,-0.1
3,NONE,-1.0,-0.1,-1.0,-0.1
3,NONE,-1.0,-0.1,-1.0,-0.1
3,NONE,-1.0,-0.1,-1.0,-0.1
3,NONE,-1.0,-0.1,-1.0,-0.1
3,NONE,-1.0,-0.1,-1.0,-0.1
3,NONE,-1.0,-0.1,-1.0,-0.1
3,NONE,-1.0,-0.1,-1.0,-0.1
3,NONE,-1.0,-0.1,-1.0,-0.1
2,EV_B07_C021_Moto_Lineal_Electrica,-1.0,-0.1,7.0,33.108945647078755
1,EV_B07_C021_Moto_Lineal_Electrica,7.0,86.99876212773644,-1.0,33.108945647078755
1,EV_B07_C021_Moto_Lineal_Electrica,6.0,86.99876212773644,-1.0,33.108945647078755
1,EV_B07_C021_Moto_Lineal_Electrica,5.0,86.99876212773644,-1.0,33.108945647078755
1,EV_B07_C021_Moto_Lineal_Electrica,4.0,86.99876212773644,-1.0,33.108945647078755
1,EV_B07_C021_Moto_Lineal_Electrica,3.0,86.99876212773644,-1.0,33.108945647078755
1,EV_B07_C021_Moto_Lineal_Electrica,2.0,86.99876212773644,-1.0,33.108945647078755
1,EV_B07_C021_Moto_Lineal_Electrica,1.0,86.99876212773644,-1.0,33.108945647078755
1,EV_B07_C021_Moto_Lineal_Electrica,0.0,86.99876212773644,-1.0,33.108945647078755
3,NONE,-1.0,-0.1,-1.0,-0.1
3,NONE,-1.0,-0.1,-1.0,-0.1
3,NONE,-1.0,-0.1,-1.0,-0.1
3,NONE,-1.0,-0.1,-1.0,-0.1
3,NONE,-1.0,-0.1,-1.0,-0.1
3,NONE,-1.0,-0.1,-1.0,-0.1
3,NONE,-1.0,-0.1,-1.0,-0.1
3,NONE,-1.0,-0.1,-1.0,-0.1
3,NONE,-1.0,-0.1,-1.0,-0.1
3,NONE,-1.0,-0.1,-1.0,-0.1
3,NONE,-1.0,-0.1,-1.0,-0.1
3,NONE,-1.0,-0.1,-1.0,-0.1
3,NONE,-1.0,-0.1,-1.0,-0.1
3,NONE,-1.0,-0.1,-1.0,-0.1
3,NONE,-1.0,-0.1,-1.0,-0.1
2,EV_B07_C021_Moto_Lineal_Electrica,-1.0,-0.1,7.0,24.71835745731177
1,EV_B07_C021_Moto_Lineal_Electrica,7.0,79.97649423025781,-1.0,24.71835745731177
1,EV_B07_C021_Moto_Lineal_Electrica,6.0,79.97649423025781,-1.0,24.71835745731177
1,EV_B07_C021_Moto_Lineal_Electrica,5.0,79.97649423025781,-1.0,24.71835745731177
1,EV_B07_C021_Moto_Lineal_Electrica,4.0,79.97649423025781,-1.0,24.71835745731177
1,EV_B07_C021_Moto_Lineal_Electrica,3.0,79.97649423025781,-1.0,24.71835745731177
1,EV_B07_C021_Moto_Lineal_Electrica,2.0,79.97649423025781,-1.0,24.71835745731177
1,EV_B07_C021_Moto_Lineal_Electrica,1.0,79.97649423025781,-1.0,24.71835745731177
1,EV_B07_C021_Moto_Lineal_Electrica,0.0,79.97649423025781,-1.0,24.71835745731177
3,NONE,-1.0,-0.1,-1.0,-0.1
3,NONE,-1.0,-0.1,-1.0,-0.1
3,NONE,-1.0,-0.1,-1.0,-0.1
3,NONE,-1.0,-0.1,-1.0,-0.1
3,NONE,-1.0,-0.1,-1.0,-0.1
3,NONE,-1.0,-0.1,-1.0,-0.1
3,NONE,-1.0,-0.1,-1.0,-0.1
3,NONE,-1.0,-0.1,-1.0,-0.1
3,NONE,-1.0,-0.1,-1.0,-0.1
3,NONE,-1.0,-0.1,-1.0,-0.1
3,NONE,-1.0,-0.1,-1.0,-0.1
3,NONE,-1.0,-0.1,-1.0,-0.1
3,NONE,-1.0,-0.1,-1.0,-0.1
3,NONE,-1.0,-0.1,-1.0,-0.1
3,NONE,-1.0,-0.1,-1.0,-0.1
2,EV_B07_C021_Moto_Lineal_Electrica,-1.0,-0.1,7.0,25.544576132208476
1,EV_B07_C021_Moto_Lineal_Electrica,7.0,78.40873588463947,-1.0,25.544576132208476
1,EV_B07_C021_Moto_Lineal_Electrica,6.0,78.40873588463947,-1.0,25.544576132208476
1,EV_B07_C021_Moto_Lineal_Electrica,5.0,78.40873588463947,-1.0,25.544576132208476
1,EV_B07_C021_Moto_Lineal_Electrica,4.0,78.40873588463947,-1.0,25.544576132208476
1,EV_B07_C021_Moto_Lineal_Electrica,3.0,78.40873588463947,-1.0,25.544576132208476
1,EV_B07_C021_Moto_Lineal_Electrica,2.0,78.40873588463947,-1.0,25.544576132208476
1,EV_B07_C021_Moto_Lineal_Electrica,1.0,78.40873588463947,-1.0,25.544576132208476
1,EV_B07_C021_Moto_Lineal_Electrica,0.0,78.40873588463947,-1.0,25.544576132208476
3,NONE,-1.0,-0.1,-1.0,-0.1
3,NONE,-1.0,-0.1,-1.0,-0.1
3,NONE,-1.0,-0.1,-1.0,-0.1
3,NONE,-1.0,-0.1,-1.0,-0.1
3,NONE,-1.0,-0.1,-1.0,-0.1
3,NONE,-1.0,-0.1,-1.0,-0.1
3,NONE,-1.0,-0.1,-1.0,-0.1
3,NONE,-1.0,-0.1,-1.0,-0.1
3,NONE,-1.0,-0.1,-1.0,-0.1
3,NONE,-1.0,-0.1,-1.0,-0.1
3,NONE,-1.0,-0.1,-1.0,-0.1
3,NONE,-1.0,-0.1,-1.0,-0.1
3,NONE,-1.0,-0.1,-1.0,-0.1
3,NONE,-1.0,-0.1,-1.0,-0.1
3,NONE,-1.0,-0.1,-1.0,-0.1
2,EV_B07_C021_Moto_Lineal_Electrica,-1.0,-0.1,7.0,39.09716691653464
1,EV_B07_C021_Moto_Lineal_Electrica,7.0,77.03038721832742,-1.0,39.09716691653464
1,EV_B07_C021_Moto_Lineal_Electrica,6.0,77.03038721832742,-1.0,39.09716691653464
1,EV_B07_C021_Moto_Lineal_Electrica,5.0,77.03038721832742,-1.0,39.09716691653464
1,EV_B07_C021_Moto_Lineal_Electrica,4.0,77.03038721832742,-1.0,39.09716691653464
1,EV_B07_C021_Moto_Lineal_Electrica,3.0,77.03038721832742,-1.0,39.09716691653464
1,EV_B07_C021_Moto_Lineal_Electrica,2.0,77.03038721832742,-1.0,39.09716691653464
1,EV_B07_C021_Moto_Lineal_Electrica,1.0,77.03038721832742,-1.0,39.09716691653464
1,EV_B07_C021_Moto_Lineal_Electrica,0.0,77.03038721832742,-1.0,39.09716691653464
3,NONE,-1.0,-0.1,-1.0,-0.1
3,NONE,-1.0,-0.1,-1.0,-0.1
3,NONE,-1.0,-0.1,-1.0,-0.1
3,NONE,-1.0,-0.1,-1.0,-0.1
3,NONE,-1.0,-0.1,-1.0,-0.1
3,NONE,-1.0,-0.1,-1.0,-0.1
3,NONE,-1.0,-0.1,-1.0,-0.1
3,NONE,-1.0,-0.1,-1.0,-0.1
3,NONE,-1.0,-0.1,-1.0,-0.1
3,NONE,-1.0,-0.1,-1.0,-0.1
3,NONE,-1.0,-0.1,-1.0,-0.1
3,NONE,-1.0,-0.1,-1.0,-0.1
3,NONE,-1.0,-0.1,-1.0,-0.1
3,NONE,-1.0,-0.1,-1.0,-0.1
3,NONE,-1.0,-0.1,-1.0,-0.1
3,NONE,-1.0,-0.1,-1.0,-0.1
3,NONE,-1.0,-0.1,-1.0,-0.1
3,NONE,-1.0,-0.1,-1.0,-0.1
3,NONE,-1.0,-0.1,-1.0,-0.1
3,NONE,-1.0,-0.1,-1.0,-0.1
3,NONE,-1.0,-0.1,-1.0,-0.1
3,NONE,-1.0,-0.1,-1.0,-0.1
3,NONE,-1.0,-0.1,-1.0,-0.1
3,NONE,-1.0,-0.1,-1.0,-0.1
3,NONE,-1.0,-0.1,-1.0,-0.1
3,NONE,-1.0,-0.1,-1.0,-0.1
3,NONE,-1.0,-0.1,-1.0,-0.1
3,NONE,-1.0,-0.1,-1.0,-0.1
3,NONE,-1.0,-0.1,-1.0,-0.1
3,NONE,-1.0,-0.1,-1.0,-0.1
3,NONE,-1.0,-0.1,-1.0,-0.1
3,NONE,-1.0,-0.1,-1.0,-0.1
3,NONE,-1.0,-0.1,-1.0,-0.1
3,NONE,-1.0,-0.1,-1.0,-0.1
3,NONE,-1.0,-0.1,-1.0,-0.1
3,NONE,-1.0,-0.1,-1.0,-0.1
3,NONE,-1.0,-0.1,-1.0,-0.1
3,NONE,-1.0,-0.1,-1.0,-0.1
3,NONE,-1.0,-0.1,-1.0,-0.1
3,NONE,-1.0,-0.1,-1.0,-0.1
3,NONE,-1.0,-0.1,-1.0,-0.1
3,NONE,-1.0,-0.1,-1.0,-0.1
3,NONE,-1.0,-0.1,-1.0,-0.1
3,NONE,-1.0,-0.1,-1.0,-0.1
3,NONE,-1.0,-0.1,-1.0,-0.1
3,NONE,-1.0,-0.1,-1.0,-0.1
3,NONE,-1.0,-0.1,-1.0,-0.1
3,NONE,-1.0,-0.1,-1.0,-0.1
3,NONE,-1.0,-0.1,-1.0,-0.1
3,NONE,-1.0,-0.1,-1.0,-0.1
3,NONE,-1.0,-0.1,-1.0,-0.1
3,NONE,-1.0,-0.1,-1.0,-0.1
3,NONE,-1.0,-0.1,-1.0,-0.1
3,NONE,-1.0,-0.1,-1.0,-0.1
3,NONE,-1.0,-0.1,-1.0,-0.1
3,NONE,-1.0,-0.1,-1.0,-0.1
3,NONE,-1.0,-0.1,-1.0,-0.1
3,NONE,-1.0,-0.1,-1.0,-0.1
3,NONE,-1.0,-0.1,-1.0,-0.1
3,NONE,-1.0,-0.1,-1.0,-0.1
3,NONE,-1.0,-0.1,-1.0,-0.1
3,NONE,-1.0,-0.1,-1.0,-0.1
3,NONE,-1.0,-0.1,-1.0,-0.1
2,EV_B07_C021_Moto_Lineal_Electrica,-1.0,-0.1,7.0,51.653675024793856
1,EV_B07_C021_Moto_Lineal_Electrica,7.0,83.66812120723992,-1.0,51.653675024793856
1,EV_B07_C021_Moto_Lineal_Electrica,6.0,83.66812120723992,-1.0,51.653675024793856
1,EV_B07_C021_Moto_Lineal_Electrica,5.0,83.66812120723992,-1.0,51.653675024793856
1,EV_B07_C021_Moto_Lineal_Electrica,4.0,83.66812120723992,-1.0,51.653675024793856
1,EV_B07_C021_Moto_Lineal_Electrica,3.0,83.66812120723992,-1.0,51.653675024793856
1,EV_B07_C021_Moto_Lineal_Electrica,2.0,83.66812120723992,-1.0,51.653675024793856
1,EV_B07_C021_Moto_Lineal_Electrica,1.0,83.66812120723992,-1.0,51.653675024793856
1,EV_B07_C021_Moto_Lineal_Electrica,0.0,83.66812120723992,-1.0,51.653675024793856
3,NONE,-1.0,-0.1,-1.0,-0.1
3,NONE,-1.0,-0.1,-1.0,-0.1
3,NONE,-1.0,-0.1,-1.0,-0.1
3,NONE,-1.0,-0.1,-1.0,-0.1
3,NONE,-1.0,-0.1,-1.0,-0.1
3,NONE,-1.0,-0.1,-1.0,-0.1
3,NONE,-1.0,-0.1,-1.0,-0.1
3,NONE,-1.0,-0.1,-1.0,-0.1
3,NONE,-1.0,-0.1,-1.0,-0.1
3,NONE,-1.0,-0.1,-1.0,-0.1
3,NONE,-1.0,-0.1,-1.0,-0.1
3,NONE,-1.0,-0.1,-1.0,-0.1
3,NONE,-1.0,-0.1,-1.0,-0.1
3,NONE,-1.0,-0.1,-1.0,-0.1
3,NONE,-1.0,-0.1,-1.0,-0.1
2,EV_B07_C021_Moto_Lineal_Electrica,-1.0,-0.1,7.0,14.796955523697031
1,EV_B07_C021_Moto_Lineal_Electrica,6.0,83.68193469980287,-1.0,14.796955523697031
1,EV_B07_C021_Moto_Lineal_Electrica,5.0,83.68193469980287,-1.0,14.796955523697031
1,EV_B07_C021_Moto_Lineal_Electrica,4.0,83.68193469980287,-1.0,14.796955523697031
1,EV_B07_C021_Moto_Lineal_Electrica,3.0,83.68193469980287,-1.0,14.796955523697031
1,EV_B07_C021_Moto_Lineal_Electrica,2.0,83.68193469980287,-1.0,14.796955523697031
1,EV_B07_C021_Moto_Lineal_Electrica,1.0,83.68193469980287,-1.0,14.796955523697031
1,EV_B07_C021_Moto_Lineal_Electrica,0.0,83.68193469980287,-1.0,14.796955523697031
3,NONE,-1.0,-0.1,-1.0,-0.1
3,NONE,-1.0,-0.1,-1.0,-0.1
3,NONE,-1.0,-0.1,-1.0,-0.1
3,NONE,-1.0,-0.1,-1.0,-0.1
3,NONE,-1.0,-0.1,-1.0,-0.1
3,NONE,-1.0,-0.1,-1.0,-0.1
3,NONE,-1.0,-0.1,-1.0,-0.1
3,NONE,-1.0,-0.1,-1.0,-0.1
3,NONE,-1.0,-0.1,-1.0,-0.1
3,NONE,-1.0,-0.1,-1.0,-0.1
3,NONE,-1.0,-0.1,-1.0,-0.1
3,NONE,-1.0,-0.1,-1.0,-0.1
3,NONE,-1.0,-0.1,-1.0,-0.1
3,NONE,-1.0,-0.1,-1.0,-0.1
3,NONE,-1.0,-0.1,-1.0,-0.1
3,NONE,-1.0,-0.1,-1.0,-0.1
2,EV_B07_C021_Moto_Lineal_Electrica,-1.0,-0.1,7.0,36.40957800726962
1,EV_B07_C021_Moto_Lineal_Electrica,7.0,83.56440386356876,-1.0,36.40957800726962
1,EV_B07_C021_Moto_Lineal_Electrica,6.0,83.56440386356876,-1.0,36.40957800726962
1,EV_B07_C021_Moto_Lineal_Electrica,5.0,83.56440386356876,-1.0,36.40957800726962
1,EV_B07_C021_Moto_Lineal_Electrica,4.0,83.56440386356876,-1.0,36.40957800726962
1,EV_B07_C021_Moto_Lineal_Electrica,3.0,83.56440386356876,-1.0,36.40957800726962
1,EV_B07_C021_Moto_Lineal_Electrica,2.0,83.56440386356876,-1.0,36.40957800726962
1,EV_B07_C021_Moto_Lineal_Electrica,1.0,83.56440386356876,-1.0,36.40957800726962
1,EV_B07_C021_Moto_Lineal_Electrica,0.0,83.56440386356876,-1.0,36.40957800726962
3,NONE,-1.0,-0.1,-1.0,-0.1
3,NONE,-1.0,-0.1,-1.0,-0.1
3,NONE,-1.0,-0.1,-1.0,-0.1
3,NONE,-1.0,-0.1,-1.0,-0.1
3,NONE,-1.0,-0.1,-1.0,-0.1
3,NONE,-1.0,-0.1,-1.0,-0.1
3,NONE,-1.0,-0.1,-1.0,-0.1
3,NONE,-1.0,-0.1,-1.0,-0.1
3,NONE,-1.0,-0.1,-1.0,-0.1
3,NONE,-1.0,-0.1,-1.0,-0.1
3,NONE,-1.0,-0.1,-1.0,-0.1
3,NONE,-1.0,-0.1,-1.0,-0.1
3,NONE,-1.0,-0.1,-1.0,-0.1
3,NONE,-1.0,-0.1,-1.0,-0.1
3,NONE,-1.0,-0.1,-1.0,-0.1
2,EV_B07_C021_Moto_Lineal_Electrica,-1.0,-0.1,7.0,33.04155928054241
1,EV_B07_C021_Moto_Lineal_Electrica,7.0,75.852574847315,-1.0,33.04155928054241
1,EV_B07_C021_Moto_Lineal_Electrica,6.0,75.852574847315,-1.0,33.04155928054241
1,EV_B07_C021_Moto_Lineal_Electrica,5.0,75.852574847315,-1.0,33.04155928054241
1,EV_B07_C021_Moto_Lineal_Electrica,4.0,75.852574847315,-1.0,33.04155928054241
1,EV_B07_C021_Moto_Lineal_Electrica,3.0,75.852574847315,-1.0,33.04155928054241
1,EV_B07_C021_Moto_Lineal_Electrica,2.0,75.852574847315,-1.0,33.04155928054241
1,EV_B07_C021_Moto_Lineal_Electrica,1.0,75.852574847315,-1.0,33.04155928054241
1,EV_B07_C021_Moto_Lineal_Electrica,0.0,75.852574847315,-1.0,33.04155928054241
3,NONE,-1.0,-0.1,-1.0,-0.1
3,NONE,-1.0,-0.1,-1.0,-0.1
3,NONE,-1.0,-0.1,-1.0,-0.1
3,NONE,-1.0,-0.1,-1.0,-0.1
3,NONE,-1.0,-0.1,-1.0,-0.1
3,NONE,-1.0,-0.1,-1.0,-0.1
3,NONE,-1.0,-0.1,-1.0,-0.1
3,NONE,-1.0,-0.1,-1.0,-0.1
3,NONE,-1.0,-0.1,-1.0,-0.1
3,NONE,-1.0,-0.1,-1.0,-0.1
3,NONE,-1.0,-0.1,-1.0,-0.1
3,NONE,-1.0,-0.1,-1.0,-0.1
3,NONE,-1.0,-0.1,-1.0,-0.1
3,NONE,-1.0,-0.1,-1.0,-0.1
3,NONE,-1.0,-0.1,-1.0,-0.1
2,EV_B07_C021_Moto_Lineal_Electrica,-1.0,-0.1,7.0,37.52743450233628
1,EV_B07_C021_Moto_Lineal_Electrica,7.0,77.3537459215308,-1.0,37.52743450233628
1,EV_B07_C021_Moto_Lineal_Electrica,6.0,77.3537459215308,-1.0,37.52743450233628
1,EV_B07_C021_Moto_Lineal_Electrica,5.0,77.3537459215308,-1.0,37.52743450233628
1,EV_B07_C021_Moto_Lineal_Electrica,4.0,77.3537459215308,-1.0,37.52743450233628
1,EV_B07_C021_Moto_Lineal_Electrica,3.0,77.3537459215308,-1.0,37.52743450233628
1,EV_B07_C021_Moto_Lineal_Electrica,2.0,77.3537459215308,-1.0,37.52743450233628
1,EV_B07_C021_Moto_Lineal_Electrica,1.0,77.3537459215308,-1.0,37.52743450233628
1,EV_B07_C021_Moto_Lineal_Electrica,0.0,77.3537459215308,-1.0,37.52743450233628
3,NONE,-1.0,-0.1,-1.0,-0.1
3,NONE,-1.0,-0.1,-1.0,-0.1
3,NONE,-1.0,-0.1,-1.0,-0.1
3,NONE,-1.0,-0.1,-1.0,-0.1
3,NONE,-1.0,-0.1,-1.0,-0.1
3,NONE,-1.0,-0.1,-1.0,-0.1
3,NONE,-1.0,-0.1,-1.0,-0.1
3,NONE,-1.0,-0.1,-1.0,-0.1
3,NONE,-1.0,-0.1,-1.0,-0.1
3,NONE,-1.0,-0.1,-1.0,-0.1
3,NONE,-1.0,-0.1,-1.0,-0.1
3,NONE,-1.0,-0.1,-1.0,-0.1
3,NONE,-1.0,-0.1,-1.0,-0.1
3,NONE,-1.0,-0.1,-1.0,-0.1
3,NONE,-1.0,-0.1,-1.0,-0.1
3,NONE,-1.0,-0.1,-1.0,-0.1
3,NONE,-1.0,-0.1,-1.0,-0.1
3,NONE,-1.0,-0.1,-1.0,-0.1
3,NONE,-1.0,-0.1,-1.0,-0.1
3,NONE,-1.0,-0.1,-1.0,-0.1
3,NONE,-1.0,-0.1,-1.0,-0.1
3,NONE,-1.0,-0.1,-1.0,-0.1
3,NONE,-1.0,-0.1,-1.0,-0.1
3,NONE,-1.0,-0.1,-1.0,-0.1
3,NONE,-1.0,-0.1,-1.0,-0.1
3,NONE,-1.0,-0.1,-1.0,-0.1
3,NONE,-1.0,-0.1,-1.0,-0.1
3,NONE,-1.0,-0.1,-1.0,-0.1
3,NONE,-1.0,-0.1,-1.0,-0.1
3,NONE,-1.0,-0.1,-1.0,-0.1
3,NONE,-1.0,-0.1,-1.0,-0.1
3,NONE,-1.0,-0.1,-1.0,-0.1
3,NONE,-1.0,-0.1,-1.0,-0.1
3,NONE,-1.0,-0.1,-1.0,-0.1
3,NONE,-1.0,-0.1,-1.0,-0.1
3,NONE,-1.0,-0.1,-1.0,-0.1
3,NONE,-1.0,-0.1,-1.0,-0.1
3,NONE,-1.0,-0.1,-1.0,-0.1
3,NONE,-1.0,-0.1,-1.0,-0.1
3,NONE,-1.0,-0.1,-1.0,-0.1
3,NONE,-1.0,-0.1,-1.0,-0.1
3,NONE,-1.0,-0.1,-1.0,-0.1
3,NONE,-1.0,-0.1,-1.0,-0.1
3,NONE,-1.0,-0.1,-1.0,-0.1
3,NONE,-1.0,-0.1,-1.0,-0.1
3,NONE,-1.0,-0.1,-1.0,-0.1
3,NONE,-1.0,-0.1,-1.0,-0.1
3,NONE,-1.0,-0.1,-1.0,-0.1
3,NONE,-1.0,-0.1,-1.0,-0.1
3,NONE,-1.0,-0.1,-1.0,-0.1
3,NONE,-1.0,-0.1,-1.0,-0.1
3,NONE,-1.0,-0.1,-1.0,-0.1
3,NONE,-1.0,-0.1,-1.0,-0.1
3,NONE,-1.0,-0.1,-1.0,-0.1
3,NONE,-1.0,-0.1,-1.0,-0.1
3,NONE,-1.0,-0.1,-1.0,-0.1
3,NONE,-1.0,-0.1,-1.0,-0.1
3,NONE,-1.0,-0.1,-1.0,-0.1
3,NONE,-1.0,-0.1,-1.0,-0.1
3,NONE,-1.0,-0.1,-1.0,-0.1
3,NONE,-1.0,-0.1,-1.0,-0.1
3,NONE,-1.0,-0.1,-1.0,-0.1
3,NONE,-1.0,-0.1,-1.0,-0.1
3,NONE,-1.0,-0.1,-1.0,-0.1
3,NONE,-1.0,-0.1,-1.0,-0.1
3,NONE,-1.0,-0.1,-1.0,-0.1
3,NONE,-1.0,-0.1,-1.0,-0.1
3,NONE,-1.0,-0.1,-1.0,-0.1
3,NONE,-1.0,-0.1,-1.0,-0.1
3,NONE,-1.0,-0.1,-1.0,-0.1
3,NONE,-1.0,-0.1,-1.0,-0.1
3,NONE,-1.0,-0.1,-1.0,-0.1
3,NONE,-1.0,-0.1,-1.0,-0.1
3,NONE,-1.0,-0.1,-1.0,-0.1
3,NONE,-1.0,-0.1,-1.0,-0.1
3,NONE,-1.0,-0.1,-1.0,-0.1
3,NONE,-1.0,-0.1,-1.0,-0.1
3,NONE,-1.0,-0.1,-1.0,-0.1
3,NONE,-1.0,-0.1,-1.0,-0.1
3,NONE,-1.0,-0.1,-1.0,-0.1
3,NONE,-1.0,-0.1,-1.0,-0.1
3,NONE,-1.0,-0.1,-1.0,-0.1
3,NONE,-1.0,-0.1,-1.0,-0.1
3,NONE,-1.0,-0.1,-1.0,-0.1
3,NONE,-1.0,-0.1,-1.0,-0.1
3,NONE,-1.0,-0.1,-1.0,-0.1
3,NONE,-1.0,-0.1,-1.0,-0.1
2,EV_B07_C021_Moto_Lineal_Electrica,-1.0,-0.1,7.0,32.79845729232144
1,EV_B07_C021_Moto_Lineal_Electrica,7.0,85.49615342844201,-1.0,32.79845729232144
1,EV_B07_C021_Moto_Lineal_Electrica,6.0,85.49615342844201,-1.0,32.79845729232144
1,EV_B07_C021_Moto_Lineal_Electrica,5.0,85.49615342844201,-1.0,32.79845729232144
1,EV_B07_C021_Moto_Lineal_Electrica,4.0,85.49615342844201,-1.0,32.79845729232144
1,EV_B07_C021_Moto_Lineal_Electrica,3.0,85.49615342844201,-1.0,32.79845729232144
1,EV_B07_C021_Moto_Lineal_Electrica,2.0,85.49615342844201,-1.0,32.79845729232144
1,EV_B07_C021_Moto_Lineal_Electrica,1.0,85.49615342844201,-1.0,32.79845729232144
1,EV_B07_C021_Moto_Lineal_Electrica,0.0,85.49615342844201,-1.0,32.79845729232144
3,NONE,-1.0,-0.1,-1.0,-0.1
3,NONE,-1.0,-0.1,-1.0,-0.1
3,NONE,-1.0,-0.1,-1.0,-0.1
3,NONE,-1.0,-0.1,-1.0,-0.1
3,NONE,-1.0,-0.1,-1.0,-0.1
3,NONE,-1.0,-0.1,-1.0,-0.1
3,NONE,-1.0,-0.1,-1.0,-0.1
3,NONE,-1.0,-0.1,-1.0,-0.1
3,NONE,-1.0,-0.1,-1.0,-0.1
3,NONE,-1.0,-0.1,-1.0,-0.1
3,NONE,-1.0,-0.1,-1.0,-0.1
3,NONE,-1.0,-0.1,-1.0,-0.1
3,NONE,-1.0,-0.1,-1.0,-0.1
3,NONE,-1.0,-0.1,-1.0,-0.1
3,NONE,-1.0,-0.1,-1.0,-0.1
3,NONE,-1.0,-0.1,-1.0,-0.1
2,EV_B07_C021_Moto_Lineal_Electrica,-1.0,-0.1,8.0,22.382789046950318
1,EV_B07_C021_Moto_Lineal_Electrica,6.0,87.06331572843523,-1.0,22.382789046950318
1,EV_B07_C021_Moto_Lineal_Electrica,5.0,87.06331572843523,-1.0,22.382789046950318
1,EV_B07_C021_Moto_Lineal_Electrica,4.0,87.06331572843523,-1.0,22.382789046950318
1,EV_B07_C021_Moto_Lineal_Electrica,3.0,87.06331572843523,-1.0,22.382789046950318
1,EV_B07_C021_Moto_Lineal_Electrica,2.0,87.06331572843523,-1.0,22.382789046950318
1,EV_B07_C021_Moto_Lineal_Electrica,1.0,87.06331572843523,-1.0,22.382789046950318
1,EV_B07_C021_Moto_Lineal_Electrica,0.0,87.06331572843523,-1.0,22.382789046950318
3,NONE,-1.0,-0.1,-1.0,-0.1
3,NONE,-1.0,-0.1,-1.0,-0.1
3,NONE,-1.0,-0.1,-1.0,-0.1
3,NONE,-1.0,-0.1,-1.0,-0.1
3,NONE,-1.0,-0.1,-1.0,-0.1
3,NONE,-1.0,-0.1,-1.0,-0.1
3,NONE,-1.0,-0.1,-1.0,-0.1
3,NONE,-1.0,-0.1,-1.0,-0.1
3,NONE,-1.0,-0.1,-1.0,-0.1
3,NONE,-1.0,-0.1,-1.0,-0.1
3,NONE,-1.0,-0.1,-1.0,-0.1
3,NONE,-1.0,-0.1,-1.0,-0.1
3,NONE,-1.0,-0.1,-1.0,-0.1
3,NONE,-1.0,-0.1,-1.0,-0.1
3,NONE,-1.0,-0.1,-1.0,-0.1
3,NONE,-1.0,-0.1,-1.0,-0.1
3,NONE,-1.0,-0.1,-1.0,-0.1
2,EV_B07_C021_Moto_Lineal_Electrica,-1.0,-0.1,9.0,26.43797339975024
1,EV_B07_C021_Moto_Lineal_Electrica,5.0,80.91765076540585,-1.0,26.43797339975024
1,EV_B07_C021_Moto_Lineal_Electrica,4.0,80.91765076540585,-1.0,26.43797339975024
1,EV_B07_C021_Moto_Lineal_Electrica,3.0,80.91765076540585,-1.0,26.43797339975024
1,EV_B07_C021_Moto_Lineal_Electrica,2.0,80.91765076540585,-1.0,26.43797339975024
1,EV_B07_C021_Moto_Lineal_Electrica,1.0,80.91765076540585,-1.0,26.43797339975024
1,EV_B07_C021_Moto_Lineal_Electrica,0.0,80.91765076540585,-1.0,26.43797339975024
3,NONE,-1.0,-0.1,-1.0,-0.1
3,NONE,-1.0,-0.1,-1.0,-0.1
3,NONE,-1.0,-0.1,-1.0,-0.1
3,NONE,-1.0,-0.1,-1.0,-0.1
3,NONE,-1.0,-0.1,-1.0,-0.1
3,NONE,-1.0,-0.1,-1.0,-0.1
3,NONE,-1.0,-0.1,-1.0,-0.1
3,NONE,-1.0,-0.1,-1.0,-0.1
3,NONE,-1.0,-0.1,-1.0,-0.1
3,NONE,-1.0,-0.1,-1.0,-0.1
3,NONE,-1.0,-0.1,-1.0,-0.1
3,NONE,-1.0,-0.1,-1.0,-0.1
3,NONE,-1.0,-0.1,-1.0,-0.1
3,NONE,-1.0,-0.1,-1.0,-0.1
3,NONE,-1.0,-0.1,-1.0,-0.1
3,NONE,-1.0,-0.1,-1.0,-0.1
2,EV_B07_C021_Moto_Lineal_Electrica,-1.0,-0.1,8.0,23.941939569109095
1,EV_B07_C021_Moto_Lineal_Electrica,6.0,90.1556138633098,-1.0,23.941939569109095
1,EV_B07_C021_Moto_Lineal_Electrica,5.0,90.1556138633098,-1.0,23.941939569109095
1,EV_B07_C021_Moto_Lineal_Electrica,4.0,90.1556138633098,-1.0,23.941939569109095
1,EV_B07_C021_Moto_Lineal_Electrica,3.0,90.1556138633098,-1.0,23.941939569109095
1,EV_B07_C021_Moto_Lineal_Electrica,2.0,90.1556138633098,-1.0,23.941939569109095
1,EV_B07_C021_Moto_Lineal_Electrica,1.0,90.1556138633098,-1.0,23.941939569109095
1,EV_B07_C021_Moto_Lineal_Electrica,0.0,90.1556138633098,-1.0,23.941939569109095
3,NONE,-1.0,-0.1,-1.0,-0.1
3,NONE,-1.0,-0.1,-1.0,-0.1
3,NONE,-1.0,-0.1,-1.0,-0.1
3,NONE,-1.0,-0.1,-1.0,-0.1
3,NONE,-1.0,-0.1,-1.0,-0.1
3,NONE,-1.0,-0.1,-1.0,-0.1
3,NONE,-1.0,-0.1,-1.0,-0.1
3,NONE,-1.0,-0.1,-1.0,-0.1
3,NONE,-1.0,-0.1,-1.0,-0.1
3,NONE,-1.0,-0.1,-1.0,-0.1
3,NONE,-1.0,-0.1,-1.0,-0.1
3,NONE,-1.0,-0.1,-1.0,-0.1
3,NONE,-1.0,-0.1,-1.0,-0.1
3,NONE,-1.0,-0.1,-1.0,-0.1
3,NONE,-1.0,-0.1,-1.0,-0.1
3,NONE,-1.0,-0.1,-1.0,-0.1
3,NONE,-1.0,-0.1,-1.0,-0.1
3,NONE,-1.0,-0.1,-1.0,-0.1
3,NONE,-1.0,-0.1,-1.0,-0.1
3,NONE,-1.0,-0.1,-1.0,-0.1
3,NONE,-1.0,-0.1,-1.0,-0.1
3,NONE,-1.0,-0.1,-1.0,-0.1
3,NONE,-1.0,-0.1,-1.0,-0.1
3,NONE,-1.0,-0.1,-1.0,-0.1
3,NONE,-1.0,-0.1,-1.0,-0.1
3,NONE,-1.0,-0.1,-1.0,-0.1
3,NONE,-1.0,-0.1,-1.0,-0.1
3,NONE,-1.0,-0.1,-1.0,-0.1
3,NONE,-1.0,-0.1,-1.0,-0.1
3,NONE,-1.0,-0.1,-1.0,-0.1
3,NONE,-1.0,-0.1,-1.0,-0.1
3,NONE,-1.0,-0.1,-1.0,-0.1
3,NONE,-1.0,-0.1,-1.0,-0.1
3,NONE,-1.0,-0.1,-1.0,-0.1
3,NONE,-1.0,-0.1,-1.0,-0.1
3,NONE,-1.0,-0.1,-1.0,-0.1
3,NONE,-1.0,-0.1,-1.0,-0.1
3,NONE,-1.0,-0.1,-1.0,-0.1
3,NONE,-1.0,-0.1,-1.0,-0.1
3,NONE,-1.0,-0.1,-1.0,-0.1
3,NONE,-1.0,-0.1,-1.0,-0.1
3,NONE,-1.0,-0.1,-1.0,-0.1
3,NONE,-1.0,-0.1,-1.0,-0.1
3,NONE,-1.0,-0.1,-1.0,-0.1
3,NONE,-1.0,-0.1,-1.0,-0.1
3,NONE,-1.0,-0.1,-1.0,-0.1
3,NONE,-1.0,-0.1,-1.0,-0.1
3,NONE,-1.0,-0.1,-1.0,-0.1
3,NONE,-1.0,-0.1,-1.0,-0.1
3,NONE,-1.0,-0.1,-1.0,-0.1
3,NONE,-1.0,-0.1,-1.0,-0.1
3,NONE,-1.0,-0.1,-1.0,-0.1
3,NONE,-1.0,-0.1,-1.0,-0.1
3,NONE,-1.0,-0.1,-1.0,-0.1
3,NONE,-1.0,-0.1,-1.0,-0.1
3,NONE,-1.0,-0.1,-1.0,-0.1
3,NONE,-1.0,-0.1,-1.0,-0.1
3,NONE,-1.0,-0.1,-1.0,-0.1
3,NONE,-1.0,-0.1,-1.0,-0.1
3,NONE,-1.0,-0.1,-1.0,-0.1
3,NONE,-1.0,-0.1,-1.0,-0.1
3,NONE,-1.0,-0.1,-1.0,-0.1
3,NONE,-1.0,-0.1,-1.0,-0.1
3,NONE,-1.0,-0.1,-1.0,-0.1
3,NONE,-1.0,-0.1,-1.0,-0.1
3,NONE,-1.0,-0.1,-1.0,-0.1
3,NONE,-1.0,-0.1,-1.0,-0.1
3,NONE,-1.0,-0.1,-1.0,-0.1
3,NONE,-1.0,-0.1,-1.0,-0.1
3,NONE,-1.0,-0.1,-1.0,-0.1
3,NONE,-1.0,-0.1,-1.0,-0.1
3,NONE,-1.0,-0.1,-1.0,-0.1
3,NONE,-1.0,-0.1,-1.0,-0.1
3,NONE,-1.0,-0.1,-1.0,-0.1
3,NONE,-1.0,-0.1,-1.0,-0.1
3,NONE,-1.0,-0.1,-1.0,-0.1
3,NONE,-1.0,-0.1,-1.0,-0.1
3,NONE,-1.0,-0.1,-1.0,-0.1
3,NONE,-1.0,-0.1,-1.0,-0.1
3,NONE,-1.0,-0.1,-1.0,-0.1
3,NONE,-1.0,-0.1,-1.0,-0.1
3,NONE,-1.0,-0.1,-1.0,-0.1
3,NONE,-1.0,-0.1,-1.0,-0.1
3,NONE,-1.0,-0.1,-1.0,-0.1
3,NONE,-1.0,-0.1,-1.0,-0.1
3,NONE,-1.0,-0.1,-1.0,-0.1
3,NONE,-1.0,-0.1,-1.0,-0.1
3,NONE,-1.0,-0.1,-1.0,-0.1
2,EV_B07_C021_Moto_Lineal_Electrica,-1.0,-0.1,8.0,31.80744061924809
1,EV_B07_C021_Moto_Lineal_Electrica,6.0,69.18605787188409,-1.0,31.80744061924809
1,EV_B07_C021_Moto_Lineal_Electrica,5.0,69.18605787188409,-1.0,31.80744061924809
1,EV_B07_C021_Moto_Lineal_Electrica,4.0,69.18605787188409,-1.0,31.80744061924809
1,EV_B07_C021_Moto_Lineal_Electrica,3.0,69.18605787188409,-1.0,31.80744061924809
1,EV_B07_C021_Moto_Lineal_Electrica,2.0,69.18605787188409,-1.0,31.80744061924809
1,EV_B07_C021_Moto_Lineal_Electrica,1.0,69.18605787188409,-1.0,31.80744061924809
1,EV_B07_C021_Moto_Lineal_Electrica,0.0,69.18605787188409,-1.0,31.80744061924809
3,NONE,-1.0,-0.1,-1.0,-0.1
3,NONE,-1.0,-0.1,-1.0,-0.1
3,NONE,-1.0,-0.1,-1.0,-0.1
3,NONE,-1.0,-0.1,-1.0,-0.1
3,NONE,-1.0,-0.1,-1.0,-0.1
3,NONE,-1.0,-0.1,-1.0,-0.1
3,NONE,-1.0,-0.1,-1.0,-0.1
3,NONE,-1.0,-0.1,-1.0,-0.1
3,NONE,-1.0,-0.1,-1.0,-0.1
3,NONE,-1.0,-0.1,-1.0,-0.1
3,NONE,-1.0,-0.1,-1.0,-0.1
3,NONE,-1.0,-0.1,-1.0,-0.1
3,NONE,-1.0,-0.1,-1.0,-0.1
3,NONE,-1.0,-0.1,-1.0,-0.1
3,NONE,-1.0,-0.1,-1.0,-0.1
3,NONE,-1.0,-0.1,-1.0,-0.1
2,EV_B07_C021_Moto_Lineal_Electrica,-1.0,-0.1,8.0,16.119693958644323
1,EV_B07_C021_Moto_Lineal_Electrica,6.0,73.03583269048536,-1.0,16.119693958644323
1,EV_B07_C021_Moto_Lineal_Electrica,5.0,73.03583269048536,-1.0,16.119693958644323
1,EV_B07_C021_Moto_Lineal_Electrica,4.0,73.03583269048536,-1.0,16.119693958644323
1,EV_B07_C021_Moto_Lineal_Electrica,3.0,73.03583269048536,-1.0,16.119693958644323
1,EV_B07_C021_Moto_Lineal_Electrica,2.0,73.03583269048536,-1.0,16.119693958644323
1,EV_B07_C021_Moto_Lineal_Electrica,1.0,73.03583269048536,-1.0,16.119693958644323
1,EV_B07_C021_Moto_Lineal_Electrica,0.0,73.03583269048536,-1.0,16.119693958644323
3,NONE,-1.0,-0.1,-1.0,-0.1
3,NONE,-1.0,-0.1,-1.0,-0.1
3,NONE,-1.0,-0.1,-1.0,-0.1
3,NONE,-1.0,-0.1,-1.0,-0.1
3,NONE,-1.0,-0.1,-1.0,-0.1
3,NONE,-1.0,-0.1,-1.0,-0.1
3,NONE,-1.0,-0.1,-1.0,-0.1
3,NONE,-1.0,-0.1,-1.0,-0.1
3,NONE,-1.0,-0.1,-1.0,-0.1
3,NONE,-1.0,-0.1,-1.0,-0.1
3,NONE,-1.0,-0.1,-1.0,-0.1
3,NONE,-1.0,-0.1,-1.0,-0.1
3,NONE,-1.0,-0.1,-1.0,-0.1
3,NONE,-1.0,-0.1,-1.0,-0.1
3,NONE,-1.0,-0.1,-1.0,-0.1
3,NONE,-1.0,-0.1,-1.0,-0.1
3,NONE,-1.0,-0.1,-1.0,-0.1
3,NONE,-1.0,-0.1,-1.0,-0.1
3,NONE,-1.0,-0.1,-1.0,-0.1
3,NONE,-1.0,-0.1,-1.0,-0.1
3,NONE,-1.0,-0.1,-1.0,-0.1
3,NONE,-1.0,-0.1,-1.0,-0.1
3,NONE,-1.0,-0.1,-1.0,-0.1
3,NONE,-1.0,-0.1,-1.0,-0.1
3,NONE,-1.0,-0.1,-1.0,-0.1
3,NONE,-1.0,-0.1,-1.0,-0.1
3,NONE,-1.0,-0.1,-1.0,-0.1
3,NONE,-1.0,-0.1,-1.0,-0.1
3,NONE,-1.0,-0.1,-1.0,-0.1
3,NONE,-1.0,-0.1,-1.0,-0.1
3,NONE,-1.0,-0.1,-1.0,-0.1
3,NONE,-1.0,-0.1,-1.0,-0.1
3,NONE,-1.0,-0.1,-1.0,-0.1
3,NONE,-1.0,-0.1,-1.0,-0.1
3,NONE,-1.0,-0.1,-1.0,-0.1
3,NONE,-1.0,-0.1,-1.0,-0.1
3,NONE,-1.0,-0.1,-1.0,-0.1
3,NONE,-1.0,-0.1,-1.0,-0.1
3,NONE,-1.0,-0.1,-1.0,-0.1
2,EV_B07_C021_Moto_Lineal_Electrica,-1.0,-0.1,7.0,26.517536223340166
1,EV_B07_C021_Moto_Lineal_Electrica,7.0,94.92071261246478,-1.0,26.517536223340166
1,EV_B07_C021_Moto_Lineal_Electrica,6.0,94.92071261246478,-1.0,26.517536223340166
1,EV_B07_C021_Moto_Lineal_Electrica,5.0,94.92071261246478,-1.0,26.517536223340166
1,EV_B07_C021_Moto_Lineal_Electrica,4.0,94.92071261246478,-1.0,26.517536223340166
1,EV_B07_C021_Moto_Lineal_Electrica,3.0,94.92071261246478,-1.0,26.517536223340166
1,EV_B07_C021_Moto_Lineal_Electrica,2.0,94.92071261246478,-1.0,26.517536223340166
1,EV_B07_C021_Moto_Lineal_Electrica,1.0,94.92071261246478,-1.0,26.517536223340166
1,EV_B07_C021_Moto_Lineal_Electrica,0.0,94.92071261246478,-1.0,26.517536223340166
3,NONE,-1.0,-0.1,-1.0,-0.1
3,NONE,-1.0,-0.1,-1.0,-0.1
3,NONE,-1.0,-0.1,-1.0,-0.1
3,NONE,-1.0,-0.1,-1.0,-0.1
3,NONE,-1.0,-0.1,-1.0,-0.1
3,NONE,-1.0,-0.1,-1.0,-0.1
3,NONE,-1.0,-0.1,-1.0,-0.1
3,NONE,-1.0,-0.1,-1.0,-0.1
3,NONE,-1.0,-0.1,-1.0,-0.1
3,NONE,-1.0,-0.1,-1.0,-0.1
3,NONE,-1.0,-0.1,-1.0,-0.1
3,NONE,-1.0,-0.1,-1.0,-0.1
3,NONE,-1.0,-0.1,-1.0,-0.1
3,NONE,-1.0,-0.1,-1.0,-0.1
3,NONE,-1.0,-0.1,-1.0,-0.1
3,NONE,-1.0,-0.1,-1.0,-0.1
3,NONE,-1.0,-0.1,-1.0,-0.1
3,NONE,-1.0,-0.1,-1.0,-0.1
3,NONE,-1.0,-0.1,-1.0,-0.1
3,NONE,-1.0,-0.1,-1.0,-0.1
3,NONE,-1.0,-0.1,-1.0,-0.1
3,NONE,-1.0,-0.1,-1.0,-0.1
3,NONE,-1.0,-0.1,-1.0,-0.1
3,NONE,-1.0,-0.1,-1.0,-0.1
3,NONE,-1.0,-0.1,-1.0,-0.1
3,NONE,-1.0,-0.1,-1.0,-0.1
3,NONE,-1.0,-0.1,-1.0,-0.1
3,NONE,-1.0,-0.1,-1.0,-0.1
3,NONE,-1.0,-0.1,-1.0,-0.1
3,NONE,-1.0,-0.1,-1.0,-0.1
3,NONE,-1.0,-0.1,-1.0,-0.1
3,NONE,-1.0,-0.1,-1.0,-0.1
3,NONE,-1.0,-0.1,-1.0,-0.1
3,NONE,-1.0,-0.1,-1.0,-0.1
3,NONE,-1.0,-0.1,-1.0,-0.1
3,NONE,-1.0,-0.1,-1.0,-0.1
3,NONE,-1.0,-0.1,-1.0,-0.1
3,NONE,-1.0,-0.1,-1.0,-0.1
3,NONE,-1.0,-0.1,-1.0,-0.1
3,NONE,-1.0,-0.1,-1.0,-0.1
3,NONE,-1.0,-0.1,-1.0,-0.1
3,NONE,-1.0,-0.1,-1.0,-0.1
3,NONE,-1.0,-0.1,-1.0,-0.1
3,NONE,-1.0,-0.1,-1.0,-0.1
3,NONE,-1.0,-0.1,-1.0,-0.1
3,NONE,-1.0,-0.1,-1.0,-0.1
3,NONE,-1.0,-0.1,-1.0,-0.1
3,NONE,-1.0,-0.1,-1.0,-0.1
3,NONE,-1.0,-0.1,-1.0,-0.1
3,NONE,-1.0,-0.1,-1.0,-0.1
3,NONE,-1.0,-0.1,-1.0,-0.1
3,NONE,-1.0,-0.1,-1.0,-0.1
3,NONE,-1.0,-0.1,-1.0,-0.1
3,NONE,-1.0,-0.1,-1.0,-0.1
3,NONE,-1.0,-0.1,-1.0,-0.1
3,NONE,-1.0,-0.1,-1.0,-0.1
3,NONE,-1.0,-0.1,-1.0,-0.1
3,NONE,-1.0,-0.1,-1.0,-0.1
3,NONE,-1.0,-0.1,-1.0,-0.1
3,NONE,-1.0,-0.1,-1.0,-0.1
3,NONE,-1.0,-0.1,-1.0,-0.1
3,NONE,-1.0,-0.1,-1.0,-0.1
3,NONE,-1.0,-0.1,-1.0,-0.1
2,EV_B07_C021_Moto_Lineal_Electrica,-1.0,-0.1,7.0,34.67153655023904
1,EV_B07_C021_Moto_Lineal_Electrica,7.0,82.51392553360856,-1.0,34.67153655023904
1,EV_B07_C021_Moto_Lineal_Electrica,6.0,82.51392553360856,-1.0,34.67153655023904
1,EV_B07_C021_Moto_Lineal_Electrica,5.0,82.51392553360856,-1.0,34.67153655023904
1,EV_B07_C021_Moto_Lineal_Electrica,4.0,82.51392553360856,-1.0,34.67153655023904
1,EV_B07_C021_Moto_Lineal_Electrica,3.0,82.51392553360856,-1.0,34.67153655023904
1,EV_B07_C021_Moto_Lineal_Electrica,2.0,82.51392553360856,-1.0,34.67153655023904
1,EV_B07_C021_Moto_Lineal_Electrica,1.0,82.51392553360856,-1.0,34.67153655023904
1,EV_B07_C021_Moto_Lineal_Electrica,0.0,82.51392553360856,-1.0,34.67153655023904
3,NONE,-1.0,-0.1,-1.0,-0.1
3,NONE,-1.0,-0.1,-1.0,-0.1
3,NONE,-1.0,-0.1,-1.0,-0.1
3,NONE,-1.0,-0.1,-1.0,-0.1
3,NONE,-1.0,-0.1,-1.0,-0.1
3,NONE,-1.0,-0.1,-1.0,-0.1
3,NONE,-1.0,-0.1,-1.0,-0.1
3,NONE,-1.0,-0.1,-1.0,-0.1
3,NONE,-1.0,-0.1,-1.0,-0.1
3,NONE,-1.0,-0.1,-1.0,-0.1
3,NONE,-1.0,-0.1,-1.0,-0.1
3,NONE,-1.0,-0.1,-1.0,-0.1
3,NONE,-1.0,-0.1,-1.0,-0.1
3,NONE,-1.0,-0.1,-1.0,-0.1
3,NONE,-1.0,-0.1,-1.0,-0.1
3,NONE,-1.0,-0.1,-1.0,-0.1
2,EV_B07_C021_Moto_Lineal_Electrica,-1.0,-0.1,8.0,25.283247086062246
1,EV_B07_C021_Moto_Lineal_Electrica,6.0,81.70015031295128,-1.0,25.283247086062246
1,EV_B07_C021_Moto_Lineal_Electrica,5.0,81.70015031295128,-1.0,25.283247086062246
1,EV_B07_C021_Moto_Lineal_Electrica,4.0,81.70015031295128,-1.0,25.283247086062246
1,EV_B07_C021_Moto_Lineal_Electrica,3.0,81.70015031295128,-1.0,25.283247086062246
1,EV_B07_C021_Moto_Lineal_Electrica,2.0,81.70015031295128,-1.0,25.283247086062246
1,EV_B07_C021_Moto_Lineal_Electrica,1.0,81.70015031295128,-1.0,25.283247086062246
1,EV_B07_C021_Moto_Lineal_Electrica,0.0,81.70015031295128,-1.0,25.283247086062246
3,NONE,-1.0,-0.1,-1.0,-0.1
3,NONE,-1.0,-0.1,-1.0,-0.1
3,NONE,-1.0,-0.1,-1.0,-0.1
3,NONE,-1.0,-0.1,-1.0,-0.1
3,NONE,-1.0,-0.1,-1.0,-0.1
3,NONE,-1.0,-0.1,-1.0,-0.1
3,NONE,-1.0,-0.1,-1.0,-0.1
3,NONE,-1.0,-0.1,-1.0,-0.1
3,NONE,-1.0,-0.1,-1.0,-0.1
3,NONE,-1.0,-0.1,-1.0,-0.1
3,NONE,-1.0,-0.1,-1.0,-0.1
3,NONE,-1.0,-0.1,-1.0,-0.1
3,NONE,-1.0,-0.1,-1.0,-0.1
3,NONE,-1.0,-0.1,-1.0,-0.1
3,NONE,-1.0,-0.1,-1.0,-0.1
2,EV_B07_C021_Moto_Lineal_Electrica,-1.0,-0.1,7.0,30.29158750774673
1,EV_B07_C021_Moto_Lineal_Electrica,7.0,82.18241429594309,-1.0,30.29158750774673
1,EV_B07_C021_Moto_Lineal_Electrica,6.0,82.18241429594309,-1.0,30.29158750774673
1,EV_B07_C021_Moto_Lineal_Electrica,5.0,82.18241429594309,-1.0,30.29158750774673
1,EV_B07_C021_Moto_Lineal_Electrica,4.0,82.18241429594309,-1.0,30.29158750774673
1,EV_B07_C021_Moto_Lineal_Electrica,3.0,82.18241429594309,-1.0,30.29158750774673
1,EV_B07_C021_Moto_Lineal_Electrica,2.0,82.18241429594309,-1.0,30.29158750774673
1,EV_B07_C021_Moto_Lineal_Electrica,1.0,82.18241429594309,-1.0,30.29158750774673
1,EV_B07_C021_Moto_Lineal_Electrica,0.0,82.18241429594309,-1.0,30.29158750774673
3,NONE,-1.0,-0.1,-1.0,-0.1
3,NONE,-1.0,-0.1,-1.0,-0.1
3,NONE,-1.0,-0.1,-1.0,-0.1
3,NONE,-1.0,-0.1,-1.0,-0.1
3,NONE,-1.0,-0.1,-1.0,-0.1
3,NONE,-1.0,-0.1,-1.0,-0.1
3,NONE,-1.0,-0.1,-1.0,-0.1
3,NONE,-1.0,-0.1,-1.0,-0.1
3,NONE,-1.0,-0.1,-1.0,-0.1
3,NONE,-1.0,-0.1,-1.0,-0.1
3,NONE,-1.0,-0.1,-1.0,-0.1
3,NONE,-1.0,-0.1,-1.0,-0.1
3,NONE,-1.0,-0.1,-1.0,-0.1
3,NONE,-1.0,-0.1,-1.0,-0.1
3,NONE,-1.0,-0.1,-1.0,-0.1
3,NONE,-1.0,-0.1,-1.0,-0.1
3,NONE,-1.0,-0.1,-1.0,-0.1
3,NONE,-1.0,-0.1,-1.0,-0.1
3,NONE,-1.0,-0.1,-1.0,-0.1
3,NONE,-1.0,-0.1,-1.0,-0.1
3,NONE,-1.0,-0.1,-1.0,-0.1
3,NONE,-1.0,-0.1,-1.0,-0.1
3,NONE,-1.0,-0.1,-1.0,-0.1
3,NONE,-1.0,-0.1,-1.0,-0.1
3,NONE,-1.0,-0.1,-1.0,-0.1
3,NONE,-1.0,-0.1,-1.0,-0.1
3,NONE,-1.0,-0.1,-1.0,-0.1
3,NONE,-1.0,-0.1,-1.0,-0.1
3,NONE,-1.0,-0.1,-1.0,-0.1
3,NONE,-1.0,-0.1,-1.0,-0.1
3,NONE,-1.0,-0.1,-1.0,-0.1
3,NONE,-1.0,-0.1,-1.0,-0.1
3,NONE,-1.0,-0.1,-1.0,-0.1
3,NONE,-1.0,-0.1,-1.0,-0.1
3,NONE,-1.0,-0.1,-1.0,-0.1
3,NONE,-1.0,-0.1,-1.0,-0.1
3,NONE,-1.0,-0.1,-1.0,-0.1
3,NONE,-1.0,-0.1,-1.0,-0.1
3,NONE,-1.0,-0.1,-1.0,-0.1
3,NONE,-1.0,-0.1,-1.0,-0.1
3,NONE,-1.0,-0.1,-1.0,-0.1
3,NONE,-1.0,-0.1,-1.0,-0.1
3,NONE,-1.0,-0.1,-1.0,-0.1
3,NONE,-1.0,-0.1,-1.0,-0.1
3,NONE,-1.0,-0.1,-1.0,-0.1
3,NONE,-1.0,-0.1,-1.0,-0.1
3,NONE,-1.0,-0.1,-1.0,-0.1
3,NONE,-1.0,-0.1,-1.0,-0.1
3,NONE,-1.0,-0.1,-1.0,-0.1
3,NONE,-1.0,-0.1,-1.0,-0.1
3,NONE,-1.0,-0.1,-1.0,-0.1
3,NONE,-1.0,-0.1,-1.0,-0.1
3,NONE,-1.0,-0.1,-1.0,-0.1
3,NONE,-1.0,-0.1,-1.0,-0.1
3,NONE,-1.0,-0.1,-1.0,-0.1
3,NONE,-1.0,-0.1,-1.0,-0.1
3,NONE,-1.0,-0.1,-1.0,-0.1
3,NONE,-1.0,-0.1,-1.0,-0.1
3,NONE,-1.0,-0.1,-1.0,-0.1
3,NONE,-1.0,-0.1,-1.0,-0.1
3,NONE,-1.0,-0.1,-1.0,-0.1
3,NONE,-1.0,-0.1,-1.0,-0.1
3,NONE,-1.0,-0.1,-1.0,-0.1
3,NONE,-1.0,-0.1,-1.0,-0.1
3,NONE,-1.0,-0.1,-1.0,-0.1
3,NONE,-1.0,-0.1,-1.0,-0.1
3,NONE,-1.0,-0.1,-1.0,-0.1
3,NONE,-1.0,-0.1,-1.0,-0.1
3,NONE,-1.0,-0.1,-1.0,-0.1
3,NONE,-1.0,-0.1,-1.0,-0.1
3,NONE,-1.0,-0.1,-1.0,-0.1
3,NONE,-1.0,-0.1,-1.0,-0.1
3,NONE,-1.0,-0.1,-1.0,-0.1
3,NONE,-1.0,-0.1,-1.0,-0.1
3,NONE,-1.0,-0.1,-1.0,-0.1
3,NONE,-1.0,-0.1,-1.0,-0.1
3,NONE,-1.0,-0.1,-1.0,-0.1
3,NONE,-1.0,-0.1,-1.0,-0.1
3,NONE,-1.0,-0.1,-1.0,-0.1
3,NONE,-1.0,-0.1,-1.0,-0.1
3,NONE,-1.0,-0.1,-1.0,-0.1
3,NONE,-1.0,-0.1,-1.0,-0.1
3,NONE,-1.0,-0.1,-1.0,-0.1
3,NONE,-1.0,-0.1,-1.0,-0.1
3,NONE,-1.0,-0.1,-1.0,-0.1
3,NONE,-1.0,-0.1,-1.0,-0.1
3,NONE,-1.0,-0.1,-1.0,-0.1
3,NONE,-1.0,-0.1,-1.0,-0.1
3,NONE,-1.0,-0.1,-1.0,-0.1
3,NONE,-1.0,-0.1,-1.0,-0.1
3,NONE,-1.0,-0.1,-1.0,-0.1
3,NONE,-1.0,-0.1,-1.0,-0.1
3,NONE,-1.0,-0.1,-1.0,-0.1
3,NONE,-1.0,-0.1,-1.0,-0.1
3,NONE,-1.0,-0.1,-1.0,-0.1
3,NONE,-1.0,-0.1,-1.0,-0.1
3,NONE,-1.0,-0.1,-1.0,-0.1
3,NONE,-1.0,-0.1,-1.0,-0.1
3,NONE,-1.0,-0.1,-1.0,-0.1
3,NONE,-1.0,-0.1,-1.0,-0.1
3,NONE,-1.0,-0.1,-1.0,-0.1
3,NONE,-1.0,-0.1,-1.0,-0.1
3,NONE,-1.0,-0.1,-1.0,-0.1
3,NONE,-1.0,-0.1,-1.0,-0.1
3,NONE,-1.0,-0.1,-1.0,-0.1
3,NONE,-1.0,-0.1,-1.0,-0.1
3,NONE,-1.0,-0.1,-1.0,-0.1
3,NONE,-1.0,-0.1,-1.0,-0.1
3,NONE,-1.0,-0.1,-1.0,-0.1
3,NONE,-1.0,-0.1,-1.0,-0.1
3,NONE,-1.0,-0.1,-1.0,-0.1
3,NONE,-1.0,-0.1,-1.0,-0.1
2,EV_B07_C021_Moto_Lineal_Electrica,-1.0,-0.1,8.0,29.903343563874344
1,EV_B07_C021_Moto_Lineal_Electrica,6.0,81.25321115631603,-1.0,29.903343563874344
1,EV_B07_C021_Moto_Lineal_Electrica,5.0,81.25321115631603,-1.0,29.903343563874344
1,EV_B07_C021_Moto_Lineal_Electrica,4.0,81.25321115631603,-1.0,29.903343563874344
1,EV_B07_C021_Moto_Lineal_Electrica,3.0,81.25321115631603,-1.0,29.903343563874344
1,EV_B07_C021_Moto_Lineal_Electrica,2.0,81.25321115631603,-1.0,29.903343563874344
1,EV_B07_C021_Moto_Lineal_Electrica,1.0,81.25321115631603,-1.0,29.903343563874344
1,EV_B07_C021_Moto_Lineal_Electrica,0.0,81.25321115631603,-1.0,29.903343563874344
3,NONE,-1.0,-0.1,-1.0,-0.1
3,NONE,-1.0,-0.1,-1.0,-0.1
3,NONE,-1.0,-0.1,-1.0,-0.1
3,NONE,-1.0,-0.1,-1.0,-0.1
3,NONE,-1.0,-0.1,-1.0,-0.1
3,NONE,-1.0,-0.1,-1.0,-0.1
3,NONE,-1.0,-0.1,-1.0,-0.1
3,NONE,-1.0,-0.1,-1.0,-0.1
3,NONE,-1.0,-0.1,-1.0,-0.1
3,NONE,-1.0,-0.1,-1.0,-0.1
3,NONE,-1.0,-0.1,-1.0,-0.1
3,NONE,-1.0,-0.1,-1.0,-0.1
3,NONE,-1.0,-0.1,-1.0,-0.1
3,NONE,-1.0,-0.1,-1.0,-0.1
3,NONE,-1.0,-0.1,-1.0,-0.1
3,NONE,-1.0,-0.1,-1.0,-0.1
3,NONE,-1.0,-0.1,-1.0,-0.1
3,NONE,-1.0,-0.1,-1.0,-0.1
3,NONE,-1.0,-0.1,-1.0,-0.1
3,NONE,-1.0,-0.1,-1.0,-0.1
3,NONE,-1.0,-0.1,-1.0,-0.1
3,NONE,-1.0,-0.1,-1.0,-0.1
3,NONE,-1.0,-0.1,-1.0,-0.1
3,NONE,-1.0,-0.1,-1.0,-0.1
3,NONE,-1.0,-0.1,-1.0,-0.1
3,NONE,-1.0,-0.1,-1.0,-0.1
3,NONE,-1.0,-0.1,-1.0,-0.1
3,NONE,-1.0,-0.1,-1.0,-0.1
3,NONE,-1.0,-0.1,-1.0,-0.1
3,NONE,-1.0,-0.1,-1.0,-0.1
3,NONE,-1.0,-0.1,-1.0,-0.1
3,NONE,-1.0,-0.1,-1.0,-0.1
3,NONE,-1.0,-0.1,-1.0,-0.1
3,NONE,-1.0,-0.1,-1.0,-0.1
3,NONE,-1.0,-0.1,-1.0,-0.1
3,NONE,-1.0,-0.1,-1.0,-0.1
3,NONE,-1.0,-0.1,-1.0,-0.1
3,NONE,-1.0,-0.1,-1.0,-0.1
3,NONE,-1.0,-0.1,-1.0,-0.1
3,NONE,-1.0,-0.1,-1.0,-0.1
3,NONE,-1.0,-0.1,-1.0,-0.1
3,NONE,-1.0,-0.1,-1.0,-0.1
3,NONE,-1.0,-0.1,-1.0,-0.1
3,NONE,-1.0,-0.1,-1.0,-0.1
3,NONE,-1.0,-0.1,-1.0,-0.1
3,NONE,-1.0,-0.1,-1.0,-0.1
3,NONE,-1.0,-0.1,-1.0,-0.1
3,NONE,-1.0,-0.1,-1.0,-0.1
3,NONE,-1.0,-0.1,-1.0,-0.1
3,NONE,-1.0,-0.1,-1.0,-0.1
3,NONE,-1.0,-0.1,-1.0,-0.1
3,NONE,-1.0,-0.1,-1.0,-0.1
3,NONE,-1.0,-0.1,-1.0,-0.1
3,NONE,-1.0,-0.1,-1.0,-0.1
3,NONE,-1.0,-0.1,-1.0,-0.1
3,NONE,-1.0,-0.1,-1.0,-0.1
3,NONE,-1.0,-0.1,-1.0,-0.1
3,NONE,-1.0,-0.1,-1.0,-0.1
3,NONE,-1.0,-0.1,-1.0,-0.1
3,NONE,-1.0,-0.1,-1.0,-0.1
3,NONE,-1.0,-0.1,-1.0,-0.1
3,NONE,-1.0,-0.1,-1.0,-0.1
3,NONE,-1.0,-0.1,-1.0,-0.1
3,NONE,-1.0,-0.1,-1.0,-0.1
2,EV_B07_C021_Moto_Lineal_Electrica,-1.0,-0.1,8.0,23.66859113510086
1,EV_B07_C021_Moto_Lineal_Electrica,6.0,83.7104028326882,-1.0,23.66859113510086
1,EV_B07_C021_Moto_Lineal_Electrica,5.0,83.7104028326882,-1.0,23.66859113510086
1,EV_B07_C021_Moto_Lineal_Electrica,4.0,83.7104028326882,-1.0,23.66859113510086
1,EV_B07_C021_Moto_Lineal_Electrica,3.0,83.7104028326882,-1.0,23.66859113510086
1,EV_B07_C021_Moto_Lineal_Electrica,2.0,83.7104028326882,-1.0,23.66859113510086
1,EV_B07_C021_Moto_Lineal_Electrica,1.0,83.7104028326882,-1.0,23.66859113510086
1,EV_B07_C021_Moto_Lineal_Electrica,0.0,83.7104028326882,-1.0,23.66859113510086
3,NONE,-1.0,-0.1,-1.0,-0.1
3,NONE,-1.0,-0.1,-1.0,-0.1
3,NONE,-1.0,-0.1,-1.0,-0.1
3,NONE,-1.0,-0.1,-1.0,-0.1
3,NONE,-1.0,-0.1,-1.0,-0.1
3,NONE,-1.0,-0.1,-1.0,-0.1
3,NONE,-1.0,-0.1,-1.0,-0.1
3,NONE,-1.0,-0.1,-1.0,-0.1
3,NONE,-1.0,-0.1,-1.0,-0.1
3,NONE,-1.0,-0.1,-1.0,-0.1
3,NONE,-1.0,-0.1,-1.0,-0.1
3,NONE,-1.0,-0.1,-1.0,-0.1
3,NONE,-1.0,-0.1,-1.0,-0.1
3,NONE,-1.0,-0.1,-1.0,-0.1
3,NONE,-1.0,-0.1,-1.0,-0.1
2,EV_B07_C021_Moto_Lineal_Electrica,-1.0,-0.1,7.0,44.525852328011595
1,EV_B07_C021_Moto_Lineal_Electrica,7.0,76.25451035715183,-1.0,44.525852328011595
1,EV_B07_C021_Moto_Lineal_Electrica,6.0,76.25451035715183,-1.0,44.525852328011595
1,EV_B07_C021_Moto_Lineal_Electrica,5.0,76.25451035715183,-1.0,44.525852328011595
1,EV_B07_C021_Moto_Lineal_Electrica,4.0,76.25451035715183,-1.0,44.525852328011595
1,EV_B07_C021_Moto_Lineal_Electrica,3.0,76.25451035715183,-1.0,44.525852328011595
1,EV_B07_C021_Moto_Lineal_Electrica,2.0,76.25451035715183,-1.0,44.525852328011595
1,EV_B07_C021_Moto_Lineal_Electrica,1.0,76.25451035715183,-1.0,44.525852328011595
1,EV_B07_C021_Moto_Lineal_Electrica,0.0,76.25451035715183,-1.0,44.525852328011595
3,NONE,-1.0,-0.1,-1.0,-0.1
3,NONE,-1.0,-0.1,-1.0,-0.1
3,NONE,-1.0,-0.1,-1.0,-0.1
3,NONE,-1.0,-0.1,-1.0,-0.1
3,NONE,-1.0,-0.1,-1.0,-0.1
3,NONE,-1.0,-0.1,-1.0,-0.1
3,NONE,-1.0,-0.1,-1.0,-0.1
3,NONE,-1.0,-0.1,-1.0,-0.1
3,NONE,-1.0,-0.1,-1.0,-0.1
3,NONE,-1.0,-0.1,-1.0,-0.1
3,NONE,-1.0,-0.1,-1.0,-0.1
3,NONE,-1.0,-0.1,-1.0,-0.1
3,NONE,-1.0,-0.1,-1.0,-0.1
3,NONE,-1.0,-0.1,-1.0,-0.1
3,NONE,-1.0,-0.1,-1.0,-0.1
3,NONE,-1.0,-0.1,-1.0,-0.1
3,NONE,-1.0,-0.1,-1.0,-0.1
3,NONE,-1.0,-0.1,-1.0,-0.1
3,NONE,-1.0,-0.1,-1.0,-0.1
3,NONE,-1.0,-0.1,-1.0,-0.1
3,NONE,-1.0,-0.1,-1.0,-0.1
3,NONE,-1.0,-0.1,-1.0,-0.1
3,NONE,-1.0,-0.1,-1.0,-0.1
3,NONE,-1.0,-0.1,-1.0,-0.1
3,NONE,-1.0,-0.1,-1.0,-0.1
3,NONE,-1.0,-0.1,-1.0,-0.1
3,NONE,-1.0,-0.1,-1.0,-0.1
3,NONE,-1.0,-0.1,-1.0,-0.1
3,NONE,-1.0,-0.1,-1.0,-0.1
3,NONE,-1.0,-0.1,-1.0,-0.1
3,NONE,-1.0,-0.1,-1.0,-0.1
3,NONE,-1.0,-0.1,-1.0,-0.1
3,NONE,-1.0,-0.1,-1.0,-0.1
3,NONE,-1.0,-0.1,-1.0,-0.1
3,NONE,-1.0,-0.1,-1.0,-0.1
3,NONE,-1.0,-0.1,-1.0,-0.1
3,NONE,-1.0,-0.1,-1.0,-0.1
3,NONE,-1.0,-0.1,-1.0,-0.1
3,NONE,-1.0,-0.1,-1.0,-0.1
3,NONE,-1.0,-0.1,-1.0,-0.1
3,NONE,-1.0,-0.1,-1.0,-0.1
3,NONE,-1.0,-0.1,-1.0,-0.1
3,NONE,-1.0,-0.1,-1.0,-0.1
3,NONE,-1.0,-0.1,-1.0,-0.1
3,NONE,-1.0,-0.1,-1.0,-0.1
3,NONE,-1.0,-0.1,-1.0,-0.1
3,NONE,-1.0,-0.1,-1.0,-0.1
3,NONE,-1.0,-0.1,-1.0,-0.1
3,NONE,-1.0,-0.1,-1.0,-0.1
3,NONE,-1.0,-0.1,-1.0,-0.1
3,NONE,-1.0,-0.1,-1.0,-0.1
3,NONE,-1.0,-0.1,-1.0,-0.1
3,NONE,-1.0,-0.1,-1.0,-0.1
3,NONE,-1.0,-0.1,-1.0,-0.1
3,NONE,-1.0,-0.1,-1.0,-0.1
3,NONE,-1.0,-0.1,-1.0,-0.1
3,NONE,-1.0,-0.1,-1.0,-0.1
3,NONE,-1.0,-0.1,-1.0,-0.1
3,NONE,-1.0,-0.1,-1.0,-0.1
3,NONE,-1.0,-0.1,-1.0,-0.1
3,NONE,-1.0,-0.1,-1.0,-0.1
3,NONE,-1.0,-0.1,-1.0,-0.1
3,NONE,-1.0,-0.1,-1.0,-0.1
3,NONE,-1.0,-0.1,-1.0,-0.1
3,NONE,-1.0,-0.1,-1.0,-0.1
3,NONE,-1.0,-0.1,-1.0,-0.1
3,NONE,-1.0,-0.1,-1.0,-0.1
3,NONE,-1.0,-0.1,-1.0,-0.1
3,NONE,-1.0,-0.1,-1.0,-0.1
3,NONE,-1.0,-0.1,-1.0,-0.1
3,NONE,-1.0,-0.1,-1.0,-0.1
3,NONE,-1.0,-0.1,-1.0,-0.1
3,NONE,-1.0,-0.1,-1.0,-0.1
3,NONE,-1.0,-0.1,-1.0,-0.1
3,NONE,-1.0,-0.1,-1.0,-0.1
3,NONE,-1.0,-0.1,-1.0,-0.1
3,NONE,-1.0,-0.1,-1.0,-0.1
3,NONE,-1.0,-0.1,-1.0,-0.1
3,NONE,-1.0,-0.1,-1.0,-0.1
3,NONE,-1.0,-0.1,-1.0,-0.1
3,NONE,-1.0,-0.1,-1.0,-0.1
3,NONE,-1.0,-0.1,-1.0,-0.1
3,NONE,-1.0,-0.1,-1.0,-0.1
3,NONE,-1.0,-0.1,-1.0,-0.1
3,NONE,-1.0,-0.1,-1.0,-0.1
3,NONE,-1.0,-0.1,-1.0,-0.1
3,NONE,-1.0,-0.1,-1.0,-0.1
3,NONE,-1.0,-0.1,-1.0,-0.1
3,NONE,-1.0,-0.1,-1.0,-0.1
2,EV_B07_C021_Moto_Lineal_Electrica,-1.0,-0.1,9.0,6.858901020049277
1,EV_B07_C021_Moto_Lineal_Electrica,5.0,79.1806130135215,-1.0,6.858901020049277
1,EV_B07_C021_Moto_Lineal_Electrica,4.0,79.1806130135215,-1.0,6.858901020049277
1,EV_B07_C021_Moto_Lineal_Electrica,3.0,79.1806130135215,-1.0,6.858901020049277
1,EV_B07_C021_Moto_Lineal_Electrica,2.0,79.1806130135215,-1.0,6.858901020049277
1,EV_B07_C021_Moto_Lineal_Electrica,1.0,79.1806130135215,-1.0,6.858901020049277
1,EV_B07_C021_Moto_Lineal_Electrica,0.0,79.1806130135215,-1.0,6.858901020049277
3,NONE,-1.0,-0.1,-1.0,-0.1
3,NONE,-1.0,-0.1,-1.0,-0.1
3,NONE,-1.0,-0.1,-1.0,-0.1
3,NONE,-1.0,-0.1,-1.0,-0.1
3,NONE,-1.0,-0.1,-1.0,-0.1
3,NONE,-1.0,-0.1,-1.0,-0.1
3,NONE,-1.0,-0.1,-1.0,-0.1
3,NONE,-1.0,-0.1,-1.0,-0.1
3,NONE,-1.0,-0.1,-1.0,-0.1
3,NONE,-1.0,-0.1,-1.0,-0.1
3,NONE,-1.0,-0.1,-1.0,-0.1
3,NONE,-1.0,-0.1,-1.0,-0.1
3,NONE,-1.0,-0.1,-1.0,-0.1
3,NONE,-1.0,-0.1,-1.0,-0.1
3,NONE,-1.0,-0.1,-1.0,-0.1
3,NONE,-1.0,-0.1,-1.0,-0.1
3,NONE,-1.0,-0.1,-1.0,-0.1
2,EV_B07_C021_Moto_Lineal_Electrica,-1.0,-0.1,9.0,37.29552679830979
1,EV_B07_C021_Moto_Lineal_Electrica,5.0,82.2373212710556,-1.0,37.29552679830979
1,EV_B07_C021_Moto_Lineal_Electrica,4.0,82.2373212710556,-1.0,37.29552679830979
1,EV_B07_C021_Moto_Lineal_Electrica,3.0,82.2373212710556,-1.0,37.29552679830979
1,EV_B07_C021_Moto_Lineal_Electrica,2.0,82.2373212710556,-1.0,37.29552679830979
1,EV_B07_C021_Moto_Lineal_Electrica,1.0,82.2373212710556,-1.0,37.29552679830979
1,EV_B07_C021_Moto_Lineal_Electrica,0.0,82.2373212710556,-1.0,37.29552679830979
3,NONE,-1.0,-0.1,-1.0,-0.1
3,NONE,-1.0,-0.1,-1.0,-0.1
3,NONE,-1.0,-0.1,-1.0,-0.1
3,NONE,-1.0,-0.1,-1.0,-0.1
3,NONE,-1.0,-0.1,-1.0,-0.1
3,NONE,-1.0,-0.1,-1.0,-0.1
3,NONE,-1.0,-0.1,-1.0,-0.1
3,NONE,-1.0,-0.1,-1.0,-0.1
3,NONE,-1.0,-0.1,-1.0,-0.1
3,NONE,-1.0,-0.1,-1.0,-0.1
3,NONE,-1.0,-0.1,-1.0,-0.1
3,NONE,-1.0,-0.1,-1.0,-0.1
3,NONE,-1.0,-0.1,-1.0,-0.1
3,NONE,-1.0,-0.1,-1.0,-0.1
3,NONE,-1.0,-0.1,-1.0,-0.1
3,NONE,-1.0,-0.1,-1.0,-0.1
2,EV_B07_C021_Moto_Lineal_Electrica,-1.0,-0.1,8.0,26.13098425098346
1,EV_B07_C021_Moto_Lineal_Electrica,6.0,89.0341320552433,-1.0,26.13098425098346
1,EV_B07_C021_Moto_Lineal_Electrica,5.0,89.0341320552433,-1.0,26.13098425098346
1,EV_B07_C021_Moto_Lineal_Electrica,4.0,89.0341320552433,-1.0,26.13098425098346
1,EV_B07_C021_Moto_Lineal_Electrica,3.0,89.0341320552433,-1.0,26.13098425098346
1,EV_B07_C021_Moto_Lineal_Electrica,2.0,89.0341320552433,-1.0,26.13098425098346
1,EV_B07_C021_Moto_Lineal_Electrica,1.0,89.0341320552433,-1.0,26.13098425098346
1,EV_B07_C021_Moto_Lineal_Electrica,0.0,89.0341320552433,-1.0,26.13098425098346
3,NONE,-1.0,-0.1,-1.0,-0.1
3,NONE,-1.0,-0.1,-1.0,-0.1
3,NONE,-1.0,-0.1,-1.0,-0.1
3,NONE,-1.0,-0.1,-1.0,-0.1
3,NONE,-1.0,-0.1,-1.0,-0.1
3,NONE,-1.0,-0.1,-1.0,-0.1
3,NONE,-1.0,-0.1,-1.0,-0.1
3,NONE,-1.0,-0.1,-1.0,-0.1
3,NONE,-1.0,-0.1,-1.0,-0.1
3,NONE,-1.0,-0.1,-1.0,-0.1
3,NONE,-1.0,-0.1,-1.0,-0.1
3,NONE,-1.0,-0.1,-1.0,-0.1
3,NONE,-1.0,-0.1,-1.0,-0.1
3,NONE,-1.0,-0.1,-1.0,-0.1
3,NONE,-1.0,-0.1,-1.0,-0.1
3,NONE,-1.0,-0.1,-1.0,-0.1
3,NONE,-1.0,-0.1,-1.0,-0.1
2,EV_B07_C021_Moto_Lineal_Electrica,-1.0,-0.1,9.0,33.51914423728787
1,EV_B07_C021_Moto_Lineal_Electrica,5.0,80.1252345173057,-1.0,33.51914423728787
1,EV_B07_C021_Moto_Lineal_Electrica,4.0,80.1252345173057,-1.0,33.51914423728787
1,EV_B07_C021_Moto_Lineal_Electrica,3.0,80.1252345173057,-1.0,33.51914423728787
1,EV_B07_C021_Moto_Lineal_Electrica,2.0,80.1252345173057,-1.0,33.51914423728787
1,EV_B07_C021_Moto_Lineal_Electrica,1.0,80.1252345173057,-1.0,33.51914423728787
1,EV_B07_C021_Moto_Lineal_Electrica,0.0,80.1252345173057,-1.0,33.51914423728787
3,NONE,-1.0,-0.1,-1.0,-0.1
3,NONE,-1.0,-0.1,-1.0,-0.1
3,NONE,-1.0,-0.1,-1.0,-0.1
3,NONE,-1.0,-0.1,-1.0,-0.1
3,NONE,-1.0,-0.1,-1.0,-0.1
3,NONE,-1.0,-0.1,-1.0,-0.1
3,NONE,-1.0,-0.1,-1.0,-0.1
3,NONE,-1.0,-0.1,-1.0,-0.1
3,NONE,-1.0,-0.1,-1.0,-0.1
3,NONE,-1.0,-0.1,-1.0,-0.1
3,NONE,-1.0,-0.1,-1.0,-0.1
3,NONE,-1.0,-0.1,-1.0,-0.1
3,NONE,-1.0,-0.1,-1.0,-0.1
3,NONE,-1.0,-0.1,-1.0,-0.1
3,NONE,-1.0,-0.1,-1.0,-0.1
3,NONE,-1.0,-0.1,-1.0,-0.1
3,NONE,-1.0,-0.1,-1.0,-0.1
3,NONE,-1.0,-0.1,-1.0,-0.1
3,NONE,-1.0,-0.1,-1.0,-0.1
3,NONE,-1.0,-0.1,-1.0,-0.1
3,NONE,-1.0,-0.1,-1.0,-0.1
3,NONE,-1.0,-0.1,-1.0,-0.1
3,NONE,-1.0,-0.1,-1.0,-0.1
3,NONE,-1.0,-0.1,-1.0,-0.1
3,NONE,-1.0,-0.1,-1.0,-0.1
3,NONE,-1.0,-0.1,-1.0,-0.1
3,NONE,-1.0,-0.1,-1.0,-0.1
3,NONE,-1.0,-0.1,-1.0,-0.1
3,NONE,-1.0,-0.1,-1.0,-0.1
3,NONE,-1.0,-0.1,-1.0,-0.1
3,NONE,-1.0,-0.1,-1.0,-0.1
3,NONE,-1.0,-0.1,-1.0,-0.1
3,NONE,-1.0,-0.1,-1.0,-0.1
3,NONE,-1.0,-0.1,-1.0,-0.1
3,NONE,-1.0,-0.1,-1.0,-0.1
3,NONE,-1.0,-0.1,-1.0,-0.1
3,NONE,-1.0,-0.1,-1.0,-0.1
3,NONE,-1.0,-0.1,-1.0,-0.1
3,NONE,-1.0,-0.1,-1.0,-0.1
3,NONE,-1.0,-0.1,-1.0,-0.1
3,NONE,-1.0,-0.1,-1.0,-0.1
3,NONE,-1.0,-0.1,-1.0,-0.1
3,NONE,-1.0,-0.1,-1.0,-0.1
3,NONE,-1.0,-0.1,-1.0,-0.1
3,NONE,-1.0,-0.1,-1.0,-0.1
3,NONE,-1.0,-0.1,-1.0,-0.1
3,NONE,-1.0,-0.1,-1.0,-0.1
3,NONE,-1.0,-0.1,-1.0,-0.1
3,NONE,-1.0,-0.1,-1.0,-0.1
3,NONE,-1.0,-0.1,-1.0,-0.1
3,NONE,-1.0,-0.1,-1.0,-0.1
3,NONE,-1.0,-0.1,-1.0,-0.1
3,NONE,-1.0,-0.1,-1.0,-0.1
3,NONE,-1.0,-0.1,-1.0,-0.1
3,NONE,-1.0,-0.1,-1.0,-0.1
3,NONE,-1.0,-0.1,-1.0,-0.1
3,NONE,-1.0,-0.1,-1.0,-0.1
3,NONE,-1.0,-0.1,-1.0,-0.1
3,NONE,-1.0,-0.1,-1.0,-0.1
3,NONE,-1.0,-0.1,-1.0,-0.1
3,NONE,-1.0,-0.1,-1.0,-0.1
3,NONE,-1.0,-0.1,-1.0,-0.1
3,NONE,-1.0,-0.1,-1.0,-0.1
2,EV_B07_C021_Moto_Lineal_Electrica,-1.0,-0.1,7.0,23.182895063189303
1,EV_B07_C021_Moto_Lineal_Electrica,7.0,83.95289681521925,-1.0,23.182895063189303
1,EV_B07_C021_Moto_Lineal_Electrica,6.0,83.95289681521925,-1.0,23.182895063189303
1,EV_B07_C021_Moto_Lineal_Electrica,5.0,83.95289681521925,-1.0,23.182895063189303
1,EV_B07_C021_Moto_Lineal_Electrica,4.0,83.95289681521925,-1.0,23.182895063189303
1,EV_B07_C021_Moto_Lineal_Electrica,3.0,83.95289681521925,-1.0,23.182895063189303
1,EV_B07_C021_Moto_Lineal_Electrica,2.0,83.95289681521925,-1.0,23.182895063189303
1,EV_B07_C021_Moto_Lineal_Electrica,1.0,83.95289681521925,-1.0,23.182895063189303
1,EV_B07_C021_Moto_Lineal_Electrica,0.0,83.95289681521925,-1.0,23.182895063189303
3,NONE,-1.0,-0.1,-1.0,-0.1
3,NONE,-1.0,-0.1,-1.0,-0.1
3,NONE,-1.0,-0.1,-1.0,-0.1
3,NONE,-1.0,-0.1,-1.0,-0.1
3,NONE,-1.0,-0.1,-1.0,-0.1
3,NONE,-1.0,-0.1,-1.0,-0.1
3,NONE,-1.0,-0.1,-1.0,-0.1
3,NONE,-1.0,-0.1,-1.0,-0.1
3,NONE,-1.0,-0.1,-1.0,-0.1
3,NONE,-1.0,-0.1,-1.0,-0.1
3,NONE,-1.0,-0.1,-1.0,-0.1
3,NONE,-1.0,-0.1,-1.0,-0.1
3,NONE,-1.0,-0.1,-1.0,-0.1
3,NONE,-1.0,-0.1,-1.0,-0.1
3,NONE,-1.0,-0.1,-1.0,-0.1
2,EV_B07_C021_Moto_Lineal_Electrica,-1.0,-0.1,7.0,49.197275355094675
1,EV_B07_C021_Moto_Lineal_Electrica,7.0,83.60592015012239,-1.0,49.197275355094675
1,EV_B07_C021_Moto_Lineal_Electrica,6.0,83.60592015012239,-1.0,49.197275355094675
1,EV_B07_C021_Moto_Lineal_Electrica,5.0,83.60592015012239,-1.0,49.197275355094675
1,EV_B07_C021_Moto_Lineal_Electrica,4.0,83.60592015012239,-1.0,49.197275355094675
1,EV_B07_C021_Moto_Lineal_Electrica,3.0,83.60592015012239,-1.0,49.197275355094675
1,EV_B07_C021_Moto_Lineal_Electrica,2.0,83.60592015012239,-1.0,49.197275355094675
1,EV_B07_C021_Moto_Lineal_Electrica,1.0,83.60592015012239,-1.0,49.197275355094675
1,EV_B07_C021_Moto_Lineal_Electrica,0.0,83.60592015012239,-1.0,49.197275355094675
3,NONE,-1.0,-0.1,-1.0,-0.1
3,NONE,-1.0,-0.1,-1.0,-0.1
3,NONE,-1.0,-0.1,-1.0,-0.1
3,NONE,-1.0,-0.1,-1.0,-0.1
3,NONE,-1.0,-0.1,-1.0,-0.1
3,NONE,-1.0,-0.1,-1.0,-0.1
3,NONE,-1.0,-0.1,-1.0,-0.1
3,NONE,-1.0,-0.1,-1.0,-0.1
3,NONE,-1.0,-0.1,-1.0,-0.1
3,NONE,-1.0,-0.1,-1.0,-0.1
3,NONE,-1.0,-0.1,-1.0,-0.1
3,NONE,-1.0,-0.1,-1.0,-0.1
3,NONE,-1.0,-0.1,-1.0,-0.1
3,NONE,-1.0,-0.1,-1.0,-0.1
3,NONE,-1.0,-0.1,-1.0,-0.1
3,NONE,-1.0,-0.1,-1.0,-0.1
3,NONE,-1.0,-0.1,-1.0,-0.1
3,NONE,-1.0,-0.1,-1.0,-0.1
3,NONE,-1.0,-0.1,-1.0,-0.1
3,NONE,-1.0,-0.1,-1.0,-0.1
3,NONE,-1.0,-0.1,-1.0,-0.1
3,NONE,-1.0,-0.1,-1.0,-0.1
3,NONE,-1.0,-0.1,-1.0,-0.1
3,NONE,-1.0,-0.1,-1.0,-0.1
3,NONE,-1.0,-0.1,-1.0,-0.1
3,NONE,-1.0,-0.1,-1.0,-0.1
3,NONE,-1.0,-0.1,-1.0,-0.1
3,NONE,-1.0,-0.1,-1.0,-0.1
3,NONE,-1.0,-0.1,-1.0,-0.1
3,NONE,-1.0,-0.1,-1.0,-0.1
3,NONE,-1.0,-0.1,-1.0,-0.1
3,NONE,-1.0,-0.1,-1.0,-0.1
3,NONE,-1.0,-0.1,-1.0,-0.1
3,NONE,-1.0,-0.1,-1.0,-0.1
3,NONE,-1.0,-0.1,-1.0,-0.1
3,NONE,-1.0,-0.1,-1.0,-0.1
3,NONE,-1.0,-0.1,-1.0,-0.1
3,NONE,-1.0,-0.1,-1.0,-0.1
3,NONE,-1.0,-0.1,-1.0,-0.1
3,NONE,-1.0,-0.1,-1.0,-0.1
2,EV_B07_C021_Moto_Lineal_Electrica,-1.0,-0.1,8.0,32.013729786215386
1,EV_B07_C021_Moto_Lineal_Electrica,6.0,83.30438454082173,-1.0,32.013729786215386
1,EV_B07_C021_Moto_Lineal_Electrica,5.0,83.30438454082173,-1.0,32.013729786215386
1,EV_B07_C021_Moto_Lineal_Electrica,4.0,83.30438454082173,-1.0,32.013729786215386
1,EV_B07_C021_Moto_Lineal_Electrica,3.0,83.30438454082173,-1.0,32.013729786215386
1,EV_B07_C021_Moto_Lineal_Electrica,2.0,83.30438454082173,-1.0,32.013729786215386
1,EV_B07_C021_Moto_Lineal_Electrica,1.0,83.30438454082173,-1.0,32.013729786215386
1,EV_B07_C021_Moto_Lineal_Electrica,0.0,83.30438454082173,-1.0,32.013729786215386
3,NONE,-1.0,-0.1,-1.0,-0.1
3,NONE,-1.0,-0.1,-1.0,-0.1
3,NONE,-1.0,-0.1,-1.0,-0.1
3,NONE,-1.0,-0.1,-1.0,-0.1
3,NONE,-1.0,-0.1,-1.0,-0.1
3,NONE,-1.0,-0.1,-1.0,-0.1
3,NONE,-1.0,-0.1,-1.0,-0.1
3,NONE,-1.0,-0.1,-1.0,-0.1
3,NONE,-1.0,-0.1,-1.0,-0.1
3,NONE,-1.0,-0.1,-1.0,-0.1
3,NONE,-1.0,-0.1,-1.0,-0.1
3,NONE,-1.0,-0.1,-1.0,-0.1
3,NONE,-1.0,-0.1,-1.0,-0.1
3,NONE,-1.0,-0.1,-1.0,-0.1
3,NONE,-1.0,-0.1,-1.0,-0.1
3,NONE,-1.0,-0.1,-1.0,-0.1
2,EV_B07_C021_Moto_Lineal_Electrica,-1.0,-0.1,8.0,18.510285516775824
1,EV_B07_C021_Moto_Lineal_Electrica,6.0,79.00446380458894,-1.0,18.510285516775824
1,EV_B07_C021_Moto_Lineal_Electrica,5.0,79.00446380458894,-1.0,18.510285516775824
1,EV_B07_C021_Moto_Lineal_Electrica,4.0,79.00446380458894,-1.0,18.510285516775824
1,EV_B07_C021_Moto_Lineal_Electrica,3.0,79.00446380458894,-1.0,18.510285516775824
1,EV_B07_C021_Moto_Lineal_Electrica,2.0,79.00446380458894,-1.0,18.510285516775824
1,EV_B07_C021_Moto_Lineal_Electrica,1.0,79.00446380458894,-1.0,18.510285516775824
1,EV_B07_C021_Moto_Lineal_Electrica,0.0,79.00446380458894,-1.0,18.510285516775824
3,NONE,-1.0,-0.1,-1.0,-0.1
3,NONE,-1.0,-0.1,-1.0,-0.1
3,NONE,-1.0,-0.1,-1.0,-0.1
3,NONE,-1.0,-0.1,-1.0,-0.1
3,NONE,-1.0,-0.1,-1.0,-0.1
3,NONE,-1.0,-0.1,-1.0,-0.1
3,NONE,-1.0,-0.1,-1.0,-0.1
3,NONE,-1.0,-0.1,-1.0,-0.1
3,NONE,-1.0,-0.1,-1.0,-0.1
3,NONE,-1.0,-0.1,-1.0,-0.1
3,NONE,-1.0,-0.1,-1.0,-0.1
3,NONE,-1.0,-0.1,-1.0,-0.1
3,NONE,-1.0,-0.1,-1.0,-0.1
3,NONE,-1.0,-0.1,-1.0,-0.1
3,NONE,-1.0,-0.1,-1.0,-0.1
3,NONE,-1.0,-0.1,-1.0,-0.1
3,NONE,-1.0,-0.1,-1.0,-0.1
3,NONE,-1.0,-0.1,-1.0,-0.1
3,NONE,-1.0,-0.1,-1.0,-0.1
3,NONE,-1.0,-0.1,-1.0,-0.1
3,NONE,-1.0,-0.1,-1.0,-0.1
3,NONE,-1.0,-0.1,-1.0,-0.1
3,NONE,-1.0,-0.1,-1.0,-0.1
3,NONE,-1.0,-0.1,-1.0,-0.1
3,NONE,-1.0,-0.1,-1.0,-0.1
3,NONE,-1.0,-0.1,-1.0,-0.1
3,NONE,-1.0,-0.1,-1.0,-0.1
3,NONE,-1.0,-0.1,-1.0,-0.1
3,NONE,-1.0,-0.1,-1.0,-0.1
3,NONE,-1.0,-0.1,-1.0,-0.1
3,NONE,-1.0,-0.1,-1.0,-0.1
3,NONE,-1.0,-0.1,-1.0,-0.1
3,NONE,-1.0,-0.1,-1.0,-0.1
3,NONE,-1.0,-0.1,-1.0,-0.1
3,NONE,-1.0,-0.1,-1.0,-0.1
3,NONE,-1.0,-0.1,-1.0,-0.1
3,NONE,-1.0,-0.1,-1.0,-0.1
3,NONE,-1.0,-0.1,-1.0,-0.1
3,NONE,-1.0,-0.1,-1.0,-0.1
3,NONE,-1.0,-0.1,-1.0,-0.1
3,NONE,-1.0,-0.1,-1.0,-0.1
3,NONE,-1.0,-0.1,-1.0,-0.1
3,NONE,-1.0,-0.1,-1.0,-0.1
3,NONE,-1.0,-0.1,-1.0,-0.1
3,NONE,-1.0,-0.1,-1.0,-0.1
3,NONE,-1.0,-0.1,-1.0,-0.1
3,NONE,-1.0,-0.1,-1.0,-0.1
3,NONE,-1.0,-0.1,-1.0,-0.1
3,NONE,-1.0,-0.1,-1.0,-0.1
3,NONE,-1.0,-0.1,-1.0,-0.1
3,NONE,-1.0,-0.1,-1.0,-0.1
3,NONE,-1.0,-0.1,-1.0,-0.1
3,NONE,-1.0,-0.1,-1.0,-0.1
3,NONE,-1.0,-0.1,-1.0,-0.1
3,NONE,-1.0,-0.1,-1.0,-0.1
3,NONE,-1.0,-0.1,-1.0,-0.1
3,NONE,-1.0,-0.1,-1.0,-0.1
3,NONE,-1.0,-0.1,-1.0,-0.1
3,NONE,-1.0,-0.1,-1.0,-0.1
3,NONE,-1.0,-0.1,-1.0,-0.1
3,NONE,-1.0,-0.1,-1.0,-0.1
3,NONE,-1.0,-0.1,-1.0,-0.1
3,NONE,-1.0,-0.1,-1.0,-0.1
3,NONE,-1.0,-0.1,-1.0,-0.1
2,EV_B07_C021_Moto_Lineal_Electrica,-1.0,-0.1,8.0,39.92582825772828
1,EV_B07_C021_Moto_Lineal_Electrica,6.0,82.29141345686335,-1.0,39.92582825772828
1,EV_B07_C021_Moto_Lineal_Electrica,5.0,82.29141345686335,-1.0,39.92582825772828
1,EV_B07_C021_Moto_Lineal_Electrica,4.0,82.29141345686335,-1.0,39.92582825772828
1,EV_B07_C021_Moto_Lineal_Electrica,3.0,82.29141345686335,-1.0,39.92582825772828
1,EV_B07_C021_Moto_Lineal_Electrica,2.0,82.29141345686335,-1.0,39.92582825772828
1,EV_B07_C021_Moto_Lineal_Electrica,1.0,82.29141345686335,-1.0,39.92582825772828
1,EV_B07_C021_Moto_Lineal_Electrica,0.0,82.29141345686335,-1.0,39.92582825772828
3,NONE,-1.0,-0.1,-1.0,-0.1
3,NONE,-1.0,-0.1,-1.0,-0.1
3,NONE,-1.0,-0.1,-1.0,-0.1
3,NONE,-1.0,-0.1,-1.0,-0.1
3,NONE,-1.0,-0.1,-1.0,-0.1
3,NONE,-1.0,-0.1,-1.0,-0.1
3,NONE,-1.0,-0.1,-1.0,-0.1
3,NONE,-1.0,-0.1,-1.0,-0.1
3,NONE,-1.0,-0.1,-1.0,-0.1
3,NONE,-1.0,-0.1,-1.0,-0.1
3,NONE,-1.0,-0.1,-1.0,-0.1
3,NONE,-1.0,-0.1,-1.0,-0.1
3,NONE,-1.0,-0.1,-1.0,-0.1
3,NONE,-1.0,-0.1,-1.0,-0.1
3,NONE,-1.0,-0.1,-1.0,-0.1
3,NONE,-1.0,-0.1,-1.0,-0.1
2,EV_B07_C021_Moto_Lineal_Electrica,-1.0,-0.1,8.0,38.60859116029126
1,EV_B07_C021_Moto_Lineal_Electrica,6.0,86.35552155380633,-1.0,38.60859116029126
1,EV_B07_C021_Moto_Lineal_Electrica,5.0,86.35552155380633,-1.0,38.60859116029126
1,EV_B07_C021_Moto_Lineal_Electrica,4.0,86.35552155380633,-1.0,38.60859116029126
1,EV_B07_C021_Moto_Lineal_Electrica,3.0,86.35552155380633,-1.0,38.60859116029126
1,EV_B07_C021_Moto_Lineal_Electrica,2.0,86.35552155380633,-1.0,38.60859116029126
1,EV_B07_C021_Moto_Lineal_Electrica,1.0,86.35552155380633,-1.0,38.60859116029126
1,EV_B07_C021_Moto_Lineal_Electrica,0.0,86.35552155380633,-1.0,38.60859116029126
3,NONE,-1.0,-0.1,-1.0,-0.1
3,NONE,-1.0,-0.1,-1.0,-0.1
3,NONE,-1.0,-0.1,-1.0,-0.1
3,NONE,-1.0,-0.1,-1.0,-0.1
3,NONE,-1.0,-0.1,-1.0,-0.1
3,NONE,-1.0,-0.1,-1.0,-0.1
3,NONE,-1.0,-0.1,-1.0,-0.1
3,NONE,-1.0,-0.1,-1.0,-0.1
3,NONE,-1.0,-0.1,-1.0,-0.1
3,NONE,-1.0,-0.1,-1.0,-0.1
3,NONE,-1.0,-0.1,-1.0,-0.1
3,NONE,-1.0,-0.1,-1.0,-0.1
3,NONE,-1.0,-0.1,-1.0,-0.1
3,NONE,-1.0,-0.1,-1.0,-0.1
3,NONE,-1.0,-0.1,-1.0,-0.1
2,EV_B07_C021_Moto_Lineal_Electrica,-1.0,-0.1,7.0,49.862381666070995
1,EV_B07_C021_Moto_Lineal_Electrica,7.0,82.54114576139726,-1.0,49.862381666070995
1,EV_B07_C021_Moto_Lineal_Electrica,6.0,82.54114576139726,-1.0,49.862381666070995
1,EV_B07_C021_Moto_Lineal_Electrica,5.0,82.54114576139726,-1.0,49.862381666070995
1,EV_B07_C021_Moto_Lineal_Electrica,4.0,82.54114576139726,-1.0,49.862381666070995
1,EV_B07_C021_Moto_Lineal_Electrica,3.0,82.54114576139726,-1.0,49.862381666070995
1,EV_B07_C021_Moto_Lineal_Electrica,2.0,82.54114576139726,-1.0,49.862381666070995
1,EV_B07_C021_Moto_Lineal_Electrica,1.0,82.54114576139726,-1.0,49.862381666070995
1,EV_B07_C021_Moto_Lineal_Electrica,0.0,82.54114576139726,-1.0,49.862381666070995
3,NONE,-1.0,-0.1,-1.0,-0.1
3,NONE,-1.0,-0.1,-1.0,-0.1
3,NONE,-1.0,-0.1,-1.0,-0.1
3,NONE,-1.0,-0.1,-1.0,-0.1
3,NONE,-1.0,-0.1,-1.0,-0.1
3,NONE,-1.0,-0.1,-1.0,-0.1
3,NONE,-1.0,-0.1,-1.0,-0.1
3,NONE,-1.0,-0.1,-1.0,-0.1
3,NONE,-1.0,-0.1,-1.0,-0.1
3,NONE,-1.0,-0.1,-1.0,-0.1
3,NONE,-1.0,-0.1,-1.0,-0.1
3,NONE,-1.0,-0.1,-1.0,-0.1
3,NONE,-1.0,-0.1,-1.0,-0.1
3,NONE,-1.0,-0.1,-1.0,-0.1
3,NONE,-1.0,-0.1,-1.0,-0.1
3,NONE,-1.0,-0.1,-1.0,-0.1
2,EV_B07_C021_Moto_Lineal_Electrica,-1.0,-0.1,8.0,30.404926259561318
1,EV_B07_C021_Moto_Lineal_Electrica,6.0,83.71532232951921,-1.0,30.404926259561318
1,EV_B07_C021_Moto_Lineal_Electrica,5.0,83.71532232951921,-1.0,30.404926259561318
1,EV_B07_C021_Moto_Lineal_Electrica,4.0,83.71532232951921,-1.0,30.404926259561318
1,EV_B07_C021_Moto_Lineal_Electrica,3.0,83.71532232951921,-1.0,30.404926259561318
1,EV_B07_C021_Moto_Lineal_Electrica,2.0,83.71532232951921,-1.0,30.404926259561318
1,EV_B07_C021_Moto_Lineal_Electrica,1.0,83.71532232951921,-1.0,30.404926259561318
1,EV_B07_C021_Moto_Lineal_Electrica,0.0,83.71532232951921,-1.0,30.404926259561318
3,NONE,-1.0,-0.1,-1.0,-0.1
3,NONE,-1.0,-0.1,-1.0,-0.1
3,NONE,-1.0,-0.1,-1.0,-0.1
3,NONE,-1.0,-0.1,-1.0,-0.1
3,NONE,-1.0,-0.1,-1.0,-0.1
3,NONE,-1.0,-0.1,-1.0,-0.1
3,NONE,-1.0,-0.1,-1.0,-0.1
3,NONE,-1.0,-0.1,-1.0,-0.1
3,NONE,-1.0,-0.1,-1.0,-0.1
3,NONE,-1.0,-0.1,-1.0,-0.1
3,NONE,-1.0,-0.1,-1.0,-0.1
3,NONE,-1.0,-0.1,-1.0,-0.1
3,NONE,-1.0,-0.1,-1.0,-0.1
3,NONE,-1.0,-0.1,-1.0,-0.1
3,NONE,-1.0,-0.1,-1.0,-0.1
2,EV_B07_C021_Moto_Lineal_Electrica,-1.0,-0.1,7.0,40.91414346309362
1,EV_B07_C021_Moto_Lineal_Electrica,7.0,81.51920678672005,-1.0,40.91414346309362
1,EV_B07_C021_Moto_Lineal_Electrica,6.0,81.51920678672005,-1.0,40.91414346309362
1,EV_B07_C021_Moto_Lineal_Electrica,5.0,81.51920678672005,-1.0,40.91414346309362
1,EV_B07_C021_Moto_Lineal_Electrica,4.0,81.51920678672005,-1.0,40.91414346309362
1,EV_B07_C021_Moto_Lineal_Electrica,3.0,81.51920678672005,-1.0,40.91414346309362
1,EV_B07_C021_Moto_Lineal_Electrica,2.0,81.51920678672005,-1.0,40.91414346309362
1,EV_B07_C021_Moto_Lineal_Electrica,1.0,81.51920678672005,-1.0,40.91414346309362
1,EV_B07_C021_Moto_Lineal_Electrica,0.0,81.51920678672005,-1.0,40.91414346309362
3,NONE,-1.0,-0.1,-1.0,-0.1
3,NONE,-1.0,-0.1,-1.0,-0.1
3,NONE,-1.0,-0.1,-1.0,-0.1
3,NONE,-1.0,-0.1,-1.0,-0.1
3,NONE,-1.0,-0.1,-1.0,-0.1
3,NONE,-1.0,-0.1,-1.0,-0.1
3,NONE,-1.0,-0.1,-1.0,-0.1
3,NONE,-1.0,-0.1,-1.0,-0.1
3,NONE,-1.0,-0.1,-1.0,-0.1
3,NONE,-1.0,-0.1,-1.0,-0.1
3,NONE,-1.0,-0.1,-1.0,-0.1
3,NONE,-1.0,-0.1,-1.0,-0.1
3,NONE,-1.0,-0.1,-1.0,-0.1
3,NONE,-1.0,-0.1,-1.0,-0.1
3,NONE,-1.0,-0.1,-1.0,-0.1
3,NONE,-1.0,-0.1,-1.0,-0.1
3,NONE,-1.0,-0.1,-1.0,-0.1
3,NONE,-1.0,-0.1,-1.0,-0.1
3,NONE,-1.0,-0.1,-1.0,-0.1
3,NONE,-1.0,-0.1,-1.0,-0.1
3,NONE,-1.0,-0.1,-1.0,-0.1
3,NONE,-1.0,-0.1,-1.0,-0.1
3,NONE,-1.0,-0.1,-1.0,-0.1
3,NONE,-1.0,-0.1,-1.0,-0.1
3,NONE,-1.0,-0.1,-1.0,-0.1
3,NONE,-1.0,-0.1,-1.0,-0.1
3,NONE,-1.0,-0.1,-1.0,-0.1
3,NONE,-1.0,-0.1,-1.0,-0.1
3,NONE,-1.0,-0.1,-1.0,-0.1
3,NONE,-1.0,-0.1,-1.0,-0.1
3,NONE,-1.0,-0.1,-1.0,-0.1
3,NONE,-1.0,-0.1,-1.0,-0.1
3,NONE,-1.0,-0.1,-1.0,-0.1
3,NONE,-1.0,-0.1,-1.0,-0.1
3,NONE,-1.0,-0.1,-1.0,-0.1
3,NONE,-1.0,-0.1,-1.0,-0.1
3,NONE,-1.0,-0.1,-1.0,-0.1
3,NONE,-1.0,-0.1,-1.0,-0.1
3,NONE,-1.0,-0.1,-1.0,-0.1
3,NONE,-1.0,-0.1,-1.0,-0.1
3,NONE,-1.0,-0.1,-1.0,-0.1
3,NONE,-1.0,-0.1,-1.0,-0.1
3,NONE,-1.0,-0.1,-1.0,-0.1
3,NONE,-1.0,-0.1,-1.0,-0.1
3,NONE,-1.0,-0.1,-1.0,-0.1
3,NONE,-1.0,-0.1,-1.0,-0.1
3,NONE,-1.0,-0.1,-1.0,-0.1
3,NONE,-1.0,-0.1,-1.0,-0.1
3,NONE,-1.0,-0.1,-1.0,-0.1
3,NONE,-1.0,-0.1,-1.0,-0.1
3,NONE,-1.0,-0.1,-1.0,-0.1
3,NONE,-1.0,-0.1,-1.0,-0.1
3,NONE,-1.0,-0.1,-1.0,-0.1
3,NONE,-1.0,-0.1,-1.0,-0.1
3,NONE,-1.0,-0.1,-1.0,-0.1
3,NONE,-1.0,-0.1,-1.0,-0.1
3,NONE,-1.0,-0.1,-1.0,-0.1
3,NONE,-1.0,-0.1,-1.0,-0.1
3,NONE,-1.0,-0.1,-1.0,-0.1
3,NONE,-1.0,-0.1,-1.0,-0.1
3,NONE,-1.0,-0.1,-1.0,-0.1
3,NONE,-1.0,-0.1,-1.0,-0.1
3,NONE,-1.0,-0.1,-1.0,-0.1
3,NONE,-1.0,-0.1,-1.0,-0.1
2,EV_B07_C021_Moto_Lineal_Electrica,-1.0,-0.1,8.0,34.59495717140689
1,EV_B07_C021_Moto_Lineal_Electrica,6.0,91.44795860104453,-1.0,34.59495717140689
1,EV_B07_C021_Moto_Lineal_Electrica,5.0,91.44795860104453,-1.0,34.59495717140689
1,EV_B07_C021_Moto_Lineal_Electrica,4.0,91.44795860104453,-1.0,34.59495717140689
1,EV_B07_C021_Moto_Lineal_Electrica,3.0,91.44795860104453,-1.0,34.59495717140689
1,EV_B07_C021_Moto_Lineal_Electrica,2.0,91.44795860104453,-1.0,34.59495717140689
1,EV_B07_C021_Moto_Lineal_Electrica,1.0,91.44795860104453,-1.0,34.59495717140689
1,EV_B07_C021_Moto_Lineal_Electrica,0.0,91.44795860104453,-1.0,34.59495717140689
3,NONE,-1.0,-0.1,-1.0,-0.1
3,NONE,-1.0,-0.1,-1.0,-0.1
3,NONE,-1.0,-0.1,-1.0,-0.1
3,NONE,-1.0,-0.1,-1.0,-0.1
3,NONE,-1.0,-0.1,-1.0,-0.1
3,NONE,-1.0,-0.1,-1.0,-0.1
3,NONE,-1.0,-0.1,-1.0,-0.1
3,NONE,-1.0,-0.1,-1.0,-0.1
3,NONE,-1.0,-0.1,-1.0,-0.1
3,NONE,-1.0,-0.1,-1.0,-0.1
3,NONE,-1.0,-0.1,-1.0,-0.1
3,NONE,-1.0,-0.1,-1.0,-0.1
3,NONE,-1.0,-0.1,-1.0,-0.1
3,NONE,-1.0,-0.1,-1.0,-0.1
3,NONE,-1.0,-0.1,-1.0,-0.1
3,NONE,-1.0,-0.1,-1.0,-0.1
2,EV_B07_C021_Moto_Lineal_Electrica,-1.0,-0.1,8.0,32.08388526073121
1,EV_B07_C021_Moto_Lineal_Electrica,6.0,89.65237659115515,-1.0,32.08388526073121
1,EV_B07_C021_Moto_Lineal_Electrica,5.0,89.65237659115515,-1.0,32.08388526073121
1,EV_B07_C021_Moto_Lineal_Electrica,4.0,89.65237659115515,-1.0,32.08388526073121
1,EV_B07_C021_Moto_Lineal_Electrica,3.0,89.65237659115515,-1.0,32.08388526073121
1,EV_B07_C021_Moto_Lineal_Electrica,2.0,89.65237659115515,-1.0,32.08388526073121
1,EV_B07_C021_Moto_Lineal_Electrica,1.0,89.65237659115515,-1.0,32.08388526073121
1,EV_B07_C021_Moto_Lineal_Electrica,0.0,89.65237659115515,-1.0,32.08388526073121
3,NONE,-1.0,-0.1,-1.0,-0.1
3,NONE,-1.0,-0.1,-1.0,-0.1
3,NONE,-1.0,-0.1,-1.0,-0.1
3,NONE,-1.0,-0.1,-1.0,-0.1
3,NONE,-1.0,-0.1,-1.0,-0.1
3,NONE,-1.0,-0.1,-1.0,-0.1
3,NONE,-1.0,-0.1,-1.0,-0.1
3,NONE,-1.0,-0.1,-1.0,-0.1
3,NONE,-1.0,-0.1,-1.0,-0.1
3,NONE,-1.0,-0.1,-1.0,-0.1
3,NONE,-1.0,-0.1,-1.0,-0.1
3,NONE,-1.0,-0.1,-1.0,-0.1
3,NONE,-1.0,-0.1,-1.0,-0.1
3,NONE,-1.0,-0.1,-1.0,-0.1
3,NONE,-1.0,-0.1,-1.0,-0.1
2,EV_B07_C021_Moto_Lineal_Electrica,-1.0,-0.1,7.0,49.8210837582846
1,EV_B07_C021_Moto_Lineal_Electrica,7.0,80.9914269891053,-1.0,49.8210837582846
1,EV_B07_C021_Moto_Lineal_Electrica,6.0,80.9914269891053,-1.0,49.8210837582846
1,EV_B07_C021_Moto_Lineal_Electrica,5.0,80.9914269891053,-1.0,49.8210837582846
1,EV_B07_C021_Moto_Lineal_Electrica,4.0,80.9914269891053,-1.0,49.8210837582846
1,EV_B07_C021_Moto_Lineal_Electrica,3.0,80.9914269891053,-1.0,49.8210837582846
1,EV_B07_C021_Moto_Lineal_Electrica,2.0,80.9914269891053,-1.0,49.8210837582846
1,EV_B07_C021_Moto_Lineal_Electrica,1.0,80.9914269891053,-1.0,49.8210837582846
1,EV_B07_C021_Moto_Lineal_Electrica,0.0,80.9914269891053,-1.0,49.8210837582846
3,NONE,-1.0,-0.1,-1.0,-0.1
3,NONE,-1.0,-0.1,-1.0,-0.1
3,NONE,-1.0,-0.1,-1.0,-0.1
3,NONE,-1.0,-0.1,-1.0,-0.1
3,NONE,-1.0,-0.1,-1.0,-0.1
3,NONE,-1.0,-0.1,-1.0,-0.1
3,NONE,-1.0,-0.1,-1.0,-0.1
3,NONE,-1.0,-0.1,-1.0,-0.1
3,NONE,-1.0,-0.1,-1.0,-0.1
3,NONE,-1.0,-0.1,-1.0,-0.1
3,NONE,-1.0,-0.1,-1.0,-0.1
3,NONE,-1.0,-0.1,-1.0,-0.1
3,NONE,-1.0,-0.1,-1.0,-0.1
3,NONE,-1.0,-0.1,-1.0,-0.1
3,NONE,-1.0,-0.1,-1.0,-0.1
3,NONE,-1.0,-0.1,-1.0,-0.1
3,NONE,-1.0,-0.1,-1.0,-0.1
3,NONE,-1.0,-0.1,-1.0,-0.1
3,NONE,-1.0,-0.1,-1.0,-0.1
3,NONE,-1.0,-0.1,-1.0,-0.1
3,NONE,-1.0,-0.1,-1.0,-0.1
3,NONE,-1.0,-0.1,-1.0,-0.1
3,NONE,-1.0,-0.1,-1.0,-0.1
3,NONE,-1.0,-0.1,-1.0,-0.1
3,NONE,-1.0,-0.1,-1.0,-0.1
3,NONE,-1.0,-0.1,-1.0,-0.1
3,NONE,-1.0,-0.1,-1.0,-0.1
3,NONE,-1.0,-0.1,-1.0,-0.1
3,NONE,-1.0,-0.1,-1.0,-0.1
3,NONE,-1.0,-0.1,-1.0,-0.1
3,NONE,-1.0,-0.1,-1.0,-0.1
3,NONE,-1.0,-0.1,-1.0,-0.1
3,NONE,-1.0,-0.1,-1.0,-0.1
3,NONE,-1.0,-0.1,-1.0,-0.1
3,NONE,-1.0,-0.1,-1.0,-0.1
3,NONE,-1.0,-0.1,-1.0,-0.1
3,NONE,-1.0,-0.1,-1.0,-0.1
3,NONE,-1.0,-0.1,-1.0,-0.1
3,NONE,-1.0,-0.1,-1.0,-0.1
2,EV_B07_C021_Moto_Lineal_Electrica,-1.0,-0.1,7.0,28.748806501252144
1,EV_B07_C021_Moto_Lineal_Electrica,7.0,85.2804430339118,-1.0,28.748806501252144
1,EV_B07_C021_Moto_Lineal_Electrica,6.0,85.2804430339118,-1.0,28.748806501252144
1,EV_B07_C021_Moto_Lineal_Electrica,5.0,85.2804430339118,-1.0,28.748806501252144
1,EV_B07_C021_Moto_Lineal_Electrica,4.0,85.2804430339118,-1.0,28.748806501252144
1,EV_B07_C021_Moto_Lineal_Electrica,3.0,85.2804430339118,-1.0,28.748806501252144
1,EV_B07_C021_Moto_Lineal_Electrica,2.0,85.2804430339118,-1.0,28.748806501252144
1,EV_B07_C021_Moto_Lineal_Electrica,1.0,85.2804430339118,-1.0,28.748806501252144
1,EV_B07_C021_Moto_Lineal_Electrica,0.0,85.2804430339118,-1.0,28.748806501252144
3,NONE,-1.0,-0.1,-1.0,-0.1
3,NONE,-1.0,-0.1,-1.0,-0.1
3,NONE,-1.0,-0.1,-1.0,-0.1
3,NONE,-1.0,-0.1,-1.0,-0.1
3,NONE,-1.0,-0.1,-1.0,-0.1
3,NONE,-1.0,-0.1,-1.0,-0.1
3,NONE,-1.0,-0.1,-1.0,-0.1
3,NONE,-1.0,-0.1,-1.0,-0.1
3,NONE,-1.0,-0.1,-1.0,-0.1
3,NONE,-1.0,-0.1,-1.0,-0.1
3,NONE,-1.0,-0.1,-1.0,-0.1
3,NONE,-1.0,-0.1,-1.0,-0.1
3,NONE,-1.0,-0.1,-1.0,-0.1
3,NONE,-1.0,-0.1,-1.0,-0.1
3,NONE,-1.0,-0.1,-1.0,-0.1
3,NONE,-1.0,-0.1,-1.0,-0.1
3,NONE,-1.0,-0.1,-1.0,-0.1
3,NONE,-1.0,-0.1,-1.0,-0.1
3,NONE,-1.0,-0.1,-1.0,-0.1
3,NONE,-1.0,-0.1,-1.0,-0.1
3,NONE,-1.0,-0.1,-1.0,-0.1
3,NONE,-1.0,-0.1,-1.0,-0.1
3,NONE,-1.0,-0.1,-1.0,-0.1
3,NONE,-1.0,-0.1,-1.0,-0.1
3,NONE,-1.0,-0.1,-1.0,-0.1
3,NONE,-1.0,-0.1,-1.0,-0.1
3,NONE,-1.0,-0.1,-1.0,-0.1
3,NONE,-1.0,-0.1,-1.0,-0.1
3,NONE,-1.0,-0.1,-1.0,-0.1
3,NONE,-1.0,-0.1,-1.0,-0.1
3,NONE,-1.0,-0.1,-1.0,-0.1
3,NONE,-1.0,-0.1,-1.0,-0.1
3,NONE,-1.0,-0.1,-1.0,-0.1
3,NONE,-1.0,-0.1,-1.0,-0.1
3,NONE,-1.0,-0.1,-1.0,-0.1
3,NONE,-1.0,-0.1,-1.0,-0.1
3,NONE,-1.0,-0.1,-1.0,-0.1
3,NONE,-1.0,-0.1,-1.0,-0.1
3,NONE,-1.0,-0.1,-1.0,-0.1
3,NONE,-1.0,-0.1,-1.0,-0.1
3,NONE,-1.0,-0.1,-1.0,-0.1
3,NONE,-1.0,-0.1,-1.0,-0.1
3,NONE,-1.0,-0.1,-1.0,-0.1
3,NONE,-1.0,-0.1,-1.0,-0.1
3,NONE,-1.0,-0.1,-1.0,-0.1
3,NONE,-1.0,-0.1,-1.0,-0.1
3,NONE,-1.0,-0.1,-1.0,-0.1
3,NONE,-1.0,-0.1,-1.0,-0.1
3,NONE,-1.0,-0.1,-1.0,-0.1
3,NONE,-1.0,-0.1,-1.0,-0.1
3,NONE,-1.0,-0.1,-1.0,-0.1
3,NONE,-1.0,-0.1,-1.0,-0.1
3,NONE,-1.0,-0.1,-1.0,-0.1
3,NONE,-1.0,-0.1,-1.0,-0.1
3,NONE,-1.0,-0.1,-1.0,-0.1
3,NONE,-1.0,-0.1,-1.0,-0.1
3,NONE,-1.0,-0.1,-1.0,-0.1
3,NONE,-1.0,-0.1,-1.0,-0.1
3,NONE,-1.0,-0.1,-1.0,-0.1
3,NONE,-1.0,-0.1,-1.0,-0.1
3,NONE,-1.0,-0.1,-1.0,-0.1
3,NONE,-1.0,-0.1,-1.0,-0.1
3,NONE,-1.0,-0.1,-1.0,-0.1
2,EV_B07_C021_Moto_Lineal_Electrica,-1.0,-0.1,7.0,10.054586006008314
1,EV_B07_C021_Moto_Lineal_Electrica,7.0,86.33331856594224,-1.0,10.054586006008314
1,EV_B07_C021_Moto_Lineal_Electrica,6.0,86.33331856594224,-1.0,10.054586006008314
1,EV_B07_C021_Moto_Lineal_Electrica,5.0,86.33331856594224,-1.0,10.054586006008314
1,EV_B07_C021_Moto_Lineal_Electrica,4.0,86.33331856594224,-1.0,10.054586006008314
1,EV_B07_C021_Moto_Lineal_Electrica,3.0,86.33331856594224,-1.0,10.054586006008314
1,EV_B07_C021_Moto_Lineal_Electrica,2.0,86.33331856594224,-1.0,10.054586006008314
1,EV_B07_C021_Moto_Lineal_Electrica,1.0,86.33331856594224,-1.0,10.054586006008314
1,EV_B07_C021_Moto_Lineal_Electrica,0.0,86.33331856594224,-1.0,10.054586006008314
3,NONE,-1.0,-0.1,-1.0,-0.1
3,NONE,-1.0,-0.1,-1.0,-0.1
3,NONE,-1.0,-0.1,-1.0,-0.1
3,NONE,-1.0,-0.1,-1.0,-0.1
3,NONE,-1.0,-0.1,-1.0,-0.1
3,NONE,-1.0,-0.1,-1.0,-0.1
3,NONE,-1.0,-0.1,-1.0,-0.1
3,NONE,-1.0,-0.1,-1.0,-0.1
3,NONE,-1.0,-0.1,-1.0,-0.1
3,NONE,-1.0,-0.1,-1.0,-0.1
3,NONE,-1.0,-0.1,-1.0,-0.1
3,NONE,-1.0,-0.1,-1.0,-0.1
3,NONE,-1.0,-0.1,-1.0,-0.1
3,NONE,-1.0,-0.1,-1.0,-0.1
3,NONE,-1.0,-0.1,-1.0,-0.1
2,EV_B07_C021_Moto_Lineal_Electrica,-1.0,-0.1,7.0,31.995010371147945
1,EV_B07_C021_Moto_Lineal_Electrica,7.0,95.68827156878777,-1.0,31.995010371147945
1,EV_B07_C021_Moto_Lineal_Electrica,6.0,95.68827156878777,-1.0,31.995010371147945
1,EV_B07_C021_Moto_Lineal_Electrica,5.0,95.68827156878777,-1.0,31.995010371147945
1,EV_B07_C021_Moto_Lineal_Electrica,4.0,95.68827156878777,-1.0,31.995010371147945
1,EV_B07_C021_Moto_Lineal_Electrica,3.0,95.68827156878777,-1.0,31.995010371147945
1,EV_B07_C021_Moto_Lineal_Electrica,2.0,95.68827156878777,-1.0,31.995010371147945
1,EV_B07_C021_Moto_Lineal_Electrica,1.0,95.68827156878777,-1.0,31.995010371147945
1,EV_B07_C021_Moto_Lineal_Electrica,0.0,95.68827156878777,-1.0,31.995010371147945
3,NONE,-1.0,-0.1,-1.0,-0.1
3,NONE,-1.0,-0.1,-1.0,-0.1
3,NONE,-1.0,-0.1,-1.0,-0.1
3,NONE,-1.0,-0.1,-1.0,-0.1
3,NONE,-1.0,-0.1,-1.0,-0.1
3,NONE,-1.0,-0.1,-1.0,-0.1
3,NONE,-1.0,-0.1,-1.0,-0.1
3,NONE,-1.0,-0.1,-1.0,-0.1
3,NONE,-1.0,-0.1,-1.0,-0.1
3,NONE,-1.0,-0.1,-1.0,-0.1
3,NONE,-1.0,-0.1,-1.0,-0.1
3,NONE,-1.0,-0.1,-1.0,-0.1
3,NONE,-1.0,-0.1,-1.0,-0.1
3,NONE,-1.0,-0.1,-1.0,-0.1
3,NONE,-1.0,-0.1,-1.0,-0.1
2,EV_B07_C021_Moto_Lineal_Electrica,-1.0,-0.1,7.0,27.12314899591483
1,EV_B07_C021_Moto_Lineal_Electrica,7.0,91.35475993438905,-1.0,27.12314899591483
1,EV_B07_C021_Moto_Lineal_Electrica,6.0,91.35475993438905,-1.0,27.12314899591483
1,EV_B07_C021_Moto_Lineal_Electrica,5.0,91.35475993438905,-1.0,27.12314899591483
1,EV_B07_C021_Moto_Lineal_Electrica,4.0,91.35475993438905,-1.0,27.12314899591483
1,EV_B07_C021_Moto_Lineal_Electrica,3.0,91.35475993438905,-1.0,27.12314899591483
1,EV_B07_C021_Moto_Lineal_Electrica,2.0,91.35475993438905,-1.0,27.12314899591483
1,EV_B07_C021_Moto_Lineal_Electrica,1.0,91.35475993438905,-1.0,27.12314899591483
1,EV_B07_C021_Moto_Lineal_Electrica,0.0,91.35475993438905,-1.0,27.12314899591483
3,NONE,-1.0,-0.1,-1.0,-0.1
3,NONE,-1.0,-0.1,-1.0,-0.1
3,NONE,-1.0,-0.1,-1.0,-0.1
3,NONE,-1.0,-0.1,-1.0,-0.1
3,NONE,-1.0,-0.1,-1.0,-0.1
3,NONE,-1.0,-0.1,-1.0,-0.1
3,NONE,-1.0,-0.1,-1.0,-0.1
3,NONE,-1.0,-0.1,-1.0,-0.1
3,NONE,-1.0,-0.1,-1.0,-0.1
3,NONE,-1.0,-0.1,-1.0,-0.1
3,NONE,-1.0,-0.1,-1.0,-0.1
3,NONE,-1.0,-0.1,-1.0,-0.1
3,NONE,-1.0,-0.1,-1.0,-0.1
3,NONE,-1.0,-0.1,-1.0,-0.1
3,NONE,-1.0,-0.1,-1.0,-0.1
3,NONE,-1.0,-0.1,-1.0,-0.1
2,EV_B07_C021_Moto_Lineal_Electrica,-1.0,-0.1,8.0,36.98919215465567
1,EV_B07_C021_Moto_Lineal_Electrica,6.0,98.56215006429436,-1.0,36.98919215465567
1,EV_B07_C021_Moto_Lineal_Electrica,5.0,98.56215006429436,-1.0,36.98919215465567
1,EV_B07_C021_Moto_Lineal_Electrica,4.0,98.56215006429436,-1.0,36.98919215465567
1,EV_B07_C021_Moto_Lineal_Electrica,3.0,98.56215006429436,-1.0,36.98919215465567
1,EV_B07_C021_Moto_Lineal_Electrica,2.0,98.56215006429436,-1.0,36.98919215465567
1,EV_B07_C021_Moto_Lineal_Electrica,1.0,98.56215006429436,-1.0,36.98919215465567
1,EV_B07_C021_Moto_Lineal_Electrica,0.0,98.56215006429436,-1.0,36.98919215465567
3,NONE,-1.0,-0.1,-1.0,-0.1
3,NONE,-1.0,-0.1,-1.0,-0.1
3,NONE,-1.0,-0.1,-1.0,-0.1
3,NONE,-1.0,-0.1,-1.0,-0.1
3,NONE,-1.0,-0.1,-1.0,-0.1
3,NONE,-1.0,-0.1,-1.0,-0.1
3,NONE,-1.0,-0.1,-1.0,-0.1
3,NONE,-1.0,-0.1,-1.0,-0.1
3,NONE,-1.0,-0.1,-1.0,-0.1
3,NONE,-1.0,-0.1,-1.0,-0.1
3,NONE,-1.0,-0.1,-1.0,-0.1
3,NONE,-1.0,-0.1,-1.0,-0.1
3,NONE,-1.0,-0.1,-1.0,-0.1
3,NONE,-1.0,-0.1,-1.0,-0.1
3,NONE,-1.0,-0.1,-1.0,-0.1
3,NONE,-1.0,-0.1,-1.0,-0.1
2,EV_B07_C021_Moto_Lineal_Electrica,-1.0,-0.1,8.0,40.10714954836705
1,EV_B07_C021_Moto_Lineal_Electrica,6.0,78.81548199536013,-1.0,40.10714954836705
1,EV_B07_C021_Moto_Lineal_Electrica,5.0,78.81548199536013,-1.0,40.10714954836705
1,EV_B07_C021_Moto_Lineal_Electrica,4.0,78.81548199536013,-1.0,40.10714954836705
1,EV_B07_C021_Moto_Lineal_Electrica,3.0,78.81548199536013,-1.0,40.10714954836705
1,EV_B07_C021_Moto_Lineal_Electrica,2.0,78.81548199536013,-1.0,40.10714954836705
1,EV_B07_C021_Moto_Lineal_Electrica,1.0,78.81548199536013,-1.0,40.10714954836705
1,EV_B07_C021_Moto_Lineal_Electrica,0.0,78.81548199536013,-1.0,40.10714954836705
3,NONE,-1.0,-0.1,-1.0,-0.1
3,NONE,-1.0,-0.1,-1.0,-0.1
3,NONE,-1.0,-0.1,-1.0,-0.1
3,NONE,-1.0,-0.1,-1.0,-0.1
3,NONE,-1.0,-0.1,-1.0,-0.1
3,NONE,-1.0,-0.1,-1.0,-0.1
3,NONE,-1.0,-0.1,-1.0,-0.1
3,NONE,-1.0,-0.1,-1.0,-0.1
3,NONE,-1.0,-0.1,-1.0,-0.1
3,NONE,-1.0,-0.1,-1.0,-0.1
3,NONE,-1.0,-0.1,-1.0,-0.1
3,NONE,-1.0,-0.1,-1.0,-0.1
3,NONE,-1.0,-0.1,-1.0,-0.1
3,NONE,-1.0,-0.1,-1.0,-0.1
3,NONE,-1.0,-0.1,-1.0,-0.1
3,NONE,-1.0,-0.1,-1.0,-0.1
3,NONE,-1.0,-0.1,-1.0,-0.1
3,NONE,-1.0,-0.1,-1.0,-0.1
3,NONE,-1.0,-0.1,-1.0,-0.1
3,NONE,-1.0,-0.1,-1.0,-0.1
3,NONE,-1.0,-0.1,-1.0,-0.1
3,NONE,-1.0,-0.1,-1.0,-0.1
3,NONE,-1.0,-0.1,-1.0,-0.1
3,NONE,-1.0,-0.1,-1.0,-0.1
3,NONE,-1.0,-0.1,-1.0,-0.1
3,NONE,-1.0,-0.1,-1.0,-0.1
3,NONE,-1.0,-0.1,-1.0,-0.1
3,NONE,-1.0,-0.1,-1.0,-0.1
3,NONE,-1.0,-0.1,-1.0,-0.1
3,NONE,-1.0,-0.1,-1.0,-0.1
3,NONE,-1.0,-0.1,-1.0,-0.1
3,NONE,-1.0,-0.1,-1.0,-0.1
3,NONE,-1.0,-0.1,-1.0,-0.1
3,NONE,-1.0,-0.1,-1.0,-0.1
3,NONE,-1.0,-0.1,-1.0,-0.1
3,NONE,-1.0,-0.1,-1.0,-0.1
3,NONE,-1.0,-0.1,-1.0,-0.1
3,NONE,-1.0,-0.1,-1.0,-0.1
3,NONE,-1.0,-0.1,-1.0,-0.1
3,NONE,-1.0,-0.1,-1.0,-0.1
3,NONE,-1.0,-0.1,-1.0,-0.1
3,NONE,-1.0,-0.1,-1.0,-0.1
3,NONE,-1.0,-0.1,-1.0,-0.1
3,NONE,-1.0,-0.1,-1.0,-0.1
3,NONE,-1.0,-0.1,-1.0,-0.1
3,NONE,-1.0,-0.1,-1.0,-0.1
3,NONE,-1.0,-0.1,-1.0,-0.1
3,NONE,-1.0,-0.1,-1.0,-0.1
3,NONE,-1.0,-0.1,-1.0,-0.1
3,NONE,-1.0,-0.1,-1.0,-0.1
3,NONE,-1.0,-0.1,-1.0,-0.1
3,NONE,-1.0,-0.1,-1.0,-0.1
3,NONE,-1.0,-0.1,-1.0,-0.1
3,NONE,-1.0,-0.1,-1.0,-0.1
3,NONE,-1.0,-0.1,-1.0,-0.1
3,NONE,-1.0,-0.1,-1.0,-0.1
3,NONE,-1.0,-0.1,-1.0,-0.1
3,NONE,-1.0,-0.1,-1.0,-0.1
3,NONE,-1.0,-0.1,-1.0,-0.1
3,NONE,-1.0,-0.1,-1.0,-0.1
3,NONE,-1.0,-0.1,-1.0,-0.1
3,NONE,-1.0,-0.1,-1.0,-0.1
3,NONE,-1.0,-0.1,-1.0,-0.1
3,NONE,-1.0,-0.1,-1.0,-0.1
3,NONE,-1.0,-0.1,-1.0,-0.1
3,NONE,-1.0,-0.1,-1.0,-0.1
3,NONE,-1.0,-0.1,-1.0,-0.1
3,NONE,-1.0,-0.1,-1.0,-0.1
3,NONE,-1.0,-0.1,-1.0,-0.1
3,NONE,-1.0,-0.1,-1.0,-0.1
3,NONE,-1.0,-0.1,-1.0,-0.1
3,NONE,-1.0,-0.1,-1.0,-0.1
3,NONE,-1.0,-0.1,-1.0,-0.1
3,NONE,-1.0,-0.1,-1.0,-0.1
3,NONE,-1.0,-0.1,-1.0,-0.1
3,NONE,-1.0,-0.1,-1.0,-0.1
3,NONE,-1.0,-0.1,-1.0,-0.1
3,NONE,-1.0,-0.1,-1.0,-0.1
3,NONE,-1.0,-0.1,-1.0,-0.1
3,NONE,-1.0,-0.1,-1.0,-0.1
3,NONE,-1.0,-0.1,-1.0,-0.1
3,NONE,-1.0,-0.1,-1.0,-0.1
3,NONE,-1.0,-0.1,-1.0,-0.1
3,NONE,-1.0,-0.1,-1.0,-0.1
3,NONE,-1.0,-0.1,-1.0,-0.1
3,NONE,-1.0,-0.1,-1.0,-0.1
3,NONE,-1.0,-0.1,-1.0,-0.1
3,NONE,-1.0,-0.1,-1.0,-0.1
2,EV_B07_C021_Moto_Lineal_Electrica,-1.0,-0.1,8.0,56.577379870408684
1,EV_B07_C021_Moto_Lineal_Electrica,6.0,75.64770201009254,-1.0,56.577379870408684
1,EV_B07_C021_Moto_Lineal_Electrica,5.0,75.64770201009254,-1.0,56.577379870408684
1,EV_B07_C021_Moto_Lineal_Electrica,4.0,75.64770201009254,-1.0,56.577379870408684
1,EV_B07_C021_Moto_Lineal_Electrica,3.0,75.64770201009254,-1.0,56.577379870408684
1,EV_B07_C021_Moto_Lineal_Electrica,2.0,75.64770201009254,-1.0,56.577379870408684
1,EV_B07_C021_Moto_Lineal_Electrica,1.0,75.64770201009254,-1.0,56.577379870408684
1,EV_B07_C021_Moto_Lineal_Electrica,0.0,75.64770201009254,-1.0,56.577379870408684
3,NONE,-1.0,-0.1,-1.0,-0.1
3,NONE,-1.0,-0.1,-1.0,-0.1
3,NONE,-1.0,-0.1,-1.0,-0.1
3,NONE,-1.0,-0.1,-1.0,-0.1
3,NONE,-1.0,-0.1,-1.0,-0.1
3,NONE,-1.0,-0.1,-1.0,-0.1
3,NONE,-1.0,-0.1,-1.0,-0.1
3,NONE,-1.0,-0.1,-1.0,-0.1
3,NONE,-1.0,-0.1,-1.0,-0.1
3,NONE,-1.0,-0.1,-1.0,-0.1
3,NONE,-1.0,-0.1,-1.0,-0.1
3,NONE,-1.0,-0.1,-1.0,-0.1
3,NONE,-1.0,-0.1,-1.0,-0.1
3,NONE,-1.0,-0.1,-1.0,-0.1
3,NONE,-1.0,-0.1,-1.0,-0.1
2,EV_B07_C021_Moto_Lineal_Electrica,-1.0,-0.1,7.0,28.560642177191802
1,EV_B07_C021_Moto_Lineal_Electrica,7.0,92.08112230642962,-1.0,28.560642177191802
1,EV_B07_C021_Moto_Lineal_Electrica,6.0,92.08112230642962,-1.0,28.560642177191802
1,EV_B07_C021_Moto_Lineal_Electrica,5.0,92.08112230642962,-1.0,28.560642177191802
1,EV_B07_C021_Moto_Lineal_Electrica,4.0,92.08112230642962,-1.0,28.560642177191802
1,EV_B07_C021_Moto_Lineal_Electrica,3.0,92.08112230642962,-1.0,28.560642177191802
1,EV_B07_C021_Moto_Lineal_Electrica,2.0,92.08112230642962,-1.0,28.560642177191802
1,EV_B07_C021_Moto_Lineal_Electrica,1.0,92.08112230642962,-1.0,28.560642177191802
1,EV_B07_C021_Moto_Lineal_Electrica,0.0,92.08112230642962,-1.0,28.560642177191802
3,NONE,-1.0,-0.1,-1.0,-0.1
3,NONE,-1.0,-0.1,-1.0,-0.1
3,NONE,-1.0,-0.1,-1.0,-0.1
3,NONE,-1.0,-0.1,-1.0,-0.1
3,NONE,-1.0,-0.1,-1.0,-0.1
3,NONE,-1.0,-0.1,-1.0,-0.1
3,NONE,-1.0,-0.1,-1.0,-0.1
3,NONE,-1.0,-0.1,-1.0,-0.1
3,NONE,-1.0,-0.1,-1.0,-0.1
3,NONE,-1.0,-0.1,-1.0,-0.1
3,NONE,-1.0,-0.1,-1.0,-0.1
3,NONE,-1.0,-0.1,-1.0,-0.1
3,NONE,-1.0,-0.1,-1.0,-0.1
3,NONE,-1.0,-0.1,-1.0,-0.1
3,NONE,-1.0,-0.1,-1.0,-0.1
3,NONE,-1.0,-0.1,-1.0,-0.1
2,EV_B07_C021_Moto_Lineal_Electrica,-1.0,-0.1,8.0,42.81423762766989
1,EV_B07_C021_Moto_Lineal_Electrica,6.0,89.5082421837939,-1.0,42.81423762766989
1,EV_B07_C021_Moto_Lineal_Electrica,5.0,89.5082421837939,-1.0,42.81423762766989
1,EV_B07_C021_Moto_Lineal_Electrica,4.0,89.5082421837939,-1.0,42.81423762766989
1,EV_B07_C021_Moto_Lineal_Electrica,3.0,89.5082421837939,-1.0,42.81423762766989
1,EV_B07_C021_Moto_Lineal_Electrica,2.0,89.5082421837939,-1.0,42.81423762766989
1,EV_B07_C021_Moto_Lineal_Electrica,1.0,89.5082421837939,-1.0,42.81423762766989
1,EV_B07_C021_Moto_Lineal_Electrica,0.0,89.5082421837939,-1.0,42.81423762766989
3,NONE,-1.0,-0.1,-1.0,-0.1
3,NONE,-1.0,-0.1,-1.0,-0.1
3,NONE,-1.0,-0.1,-1.0,-0.1
3,NONE,-1.0,-0.1,-1.0,-0.1
3,NONE,-1.0,-0.1,-1.0,-0.1
3,NONE,-1.0,-0.1,-1.0,-0.1
3,NONE,-1.0,-0.1,-1.0,-0.1
3,NONE,-1.0,-0.1,-1.0,-0.1
3,NONE,-1.0,-0.1,-1.0,-0.1
3,NONE,-1.0,-0.1,-1.0,-0.1
3,NONE,-1.0,-0.1,-1.0,-0.1
3,NONE,-1.0,-0.1,-1.0,-0.1
3,NONE,-1.0,-0.1,-1.0,-0.1
3,NONE,-1.0,-0.1,-1.0,-0.1
3,NONE,-1.0,-0.1,-1.0,-0.1
2,EV_B07_C021_Moto_Lineal_Electrica,-1.0,-0.1,7.0,35.81319358852945
1,EV_B07_C021_Moto_Lineal_Electrica,7.0,92.4976174215223,-1.0,35.81319358852945
1,EV_B07_C021_Moto_Lineal_Electrica,6.0,92.4976174215223,-1.0,35.81319358852945
1,EV_B07_C021_Moto_Lineal_Electrica,5.0,92.4976174215223,-1.0,35.81319358852945
1,EV_B07_C021_Moto_Lineal_Electrica,4.0,92.4976174215223,-1.0,35.81319358852945
1,EV_B07_C021_Moto_Lineal_Electrica,3.0,92.4976174215223,-1.0,35.81319358852945
1,EV_B07_C021_Moto_Lineal_Electrica,2.0,92.4976174215223,-1.0,35.81319358852945
1,EV_B07_C021_Moto_Lineal_Electrica,1.0,92.4976174215223,-1.0,35.81319358852945
1,EV_B07_C021_Moto_Lineal_Electrica,0.0,92.4976174215223,-1.0,35.81319358852945
3,NONE,-1.0,-0.1,-1.0,-0.1
3,NONE,-1.0,-0.1,-1.0,-0.1
3,NONE,-1.0,-0.1,-1.0,-0.1
3,NONE,-1.0,-0.1,-1.0,-0.1
3,NONE,-1.0,-0.1,-1.0,-0.1
3,NONE,-1.0,-0.1,-1.0,-0.1
3,NONE,-1.0,-0.1,-1.0,-0.1
3,NONE,-1.0,-0.1,-1.0,-0.1
3,NONE,-1.0,-0.1,-1.0,-0.1
3,NONE,-1.0,-0.1,-1.0,-0.1
3,NONE,-1.0,-0.1,-1.0,-0.1
3,NONE,-1.0,-0.1,-1.0,-0.1
3,NONE,-1.0,-0.1,-1.0,-0.1
3,NONE,-1.0,-0.1,-1.0,-0.1
3,NONE,-1.0,-0.1,-1.0,-0.1
3,NONE,-1.0,-0.1,-1.0,-0.1
3,NONE,-1.0,-0.1,-1.0,-0.1
3,NONE,-1.0,-0.1,-1.0,-0.1
3,NONE,-1.0,-0.1,-1.0,-0.1
3,NONE,-1.0,-0.1,-1.0,-0.1
3,NONE,-1.0,-0.1,-1.0,-0.1
3,NONE,-1.0,-0.1,-1.0,-0.1
3,NONE,-1.0,-0.1,-1.0,-0.1
3,NONE,-1.0,-0.1,-1.0,-0.1
3,NONE,-1.0,-0.1,-1.0,-0.1
3,NONE,-1.0,-0.1,-1.0,-0.1
3,NONE,-1.0,-0.1,-1.0,-0.1
3,NONE,-1.0,-0.1,-1.0,-0.1
3,NONE,-1.0,-0.1,-1.0,-0.1
3,NONE,-1.0,-0.1,-1.0,-0.1
3,NONE,-1.0,-0.1,-1.0,-0.1
3,NONE,-1.0,-0.1,-1.0,-0.1
3,NONE,-1.0,-0.1,-1.0,-0.1
3,NONE,-1.0,-0.1,-1.0,-0.1
3,NONE,-1.0,-0.1,-1.0,-0.1
3,NONE,-1.0,-0.1,-1.0,-0.1
3,NONE,-1.0,-0.1,-1.0,-0.1
3,NONE,-1.0,-0.1,-1.0,-0.1
3,NONE,-1.0,-0.1,-1.0,-0.1
3,NONE,-1.0,-0.1,-1.0,-0.1
3,NONE,-1.0,-0.1,-1.0,-0.1
3,NONE,-1.0,-0.1,-1.0,-0.1
3,NONE,-1.0,-0.1,-1.0,-0.1
3,NONE,-1.0,-0.1,-1.0,-0.1
3,NONE,-1.0,-0.1,-1.0,-0.1
3,NONE,-1.0,-0.1,-1.0,-0.1
3,NONE,-1.0,-0.1,-1.0,-0.1
3,NONE,-1.0,-0.1,-1.0,-0.1
3,NONE,-1.0,-0.1,-1.0,-0.1
3,NONE,-1.0,-0.1,-1.0,-0.1
3,NONE,-1.0,-0.1,-1.0,-0.1
3,NONE,-1.0,-0.1,-1.0,-0.1
3,NONE,-1.0,-0.1,-1.0,-0.1
3,NONE,-1.0,-0.1,-1.0,-0.1
3,NONE,-1.0,-0.1,-1.0,-0.1
3,NONE,-1.0,-0.1,-1.0,-0.1
3,NONE,-1.0,-0.1,-1.0,-0.1
3,NONE,-1.0,-0.1,-1.0,-0.1
3,NONE,-1.0,-0.1,-1.0,-0.1
3,NONE,-1.0,-0.1,-1.0,-0.1
3,NONE,-1.0,-0.1,-1.0,-0.1
3,NONE,-1.0,-0.1,-1.0,-0.1
3,NONE,-1.0,-0.1,-1.0,-0.1
3,NONE,-1.0,-0.1,-1.0,-0.1
2,EV_B07_C021_Moto_Lineal_Electrica,-1.0,-0.1,8.0,33.03171517013779
1,EV_B07_C021_Moto_Lineal_Electrica,6.0,96.95248319710902,-1.0,33.03171517013779
1,EV_B07_C021_Moto_Lineal_Electrica,5.0,96.95248319710902,-1.0,33.03171517013779
1,EV_B07_C021_Moto_Lineal_Electrica,4.0,96.95248319710902,-1.0,33.03171517013779
1,EV_B07_C021_Moto_Lineal_Electrica,3.0,96.95248319710902,-1.0,33.03171517013779
1,EV_B07_C021_Moto_Lineal_Electrica,2.0,96.95248319710902,-1.0,33.03171517013779
1,EV_B07_C021_Moto_Lineal_Electrica,1.0,96.95248319710902,-1.0,33.03171517013779
1,EV_B07_C021_Moto_Lineal_Electrica,0.0,96.95248319710902,-1.0,33.03171517013779
3,NONE,-1.0,-0.1,-1.0,-0.1
3,NONE,-1.0,-0.1,-1.0,-0.1
3,NONE,-1.0,-0.1,-1.0,-0.1
3,NONE,-1.0,-0.1,-1.0,-0.1
3,NONE,-1.0,-0.1,-1.0,-0.1
3,NONE,-1.0,-0.1,-1.0,-0.1
3,NONE,-1.0,-0.1,-1.0,-0.1
3,NONE,-1.0,-0.1,-1.0,-0.1
3,NONE,-1.0,-0.1,-1.0,-0.1
3,NONE,-1.0,-0.1,-1.0,-0.1
3,NONE,-1.0,-0.1,-1.0,-0.1
3,NONE,-1.0,-0.1,-1.0,-0.1
3,NONE,-1.0,-0.1,-1.0,-0.1
3,NONE,-1.0,-0.1,-1.0,-0.1
3,NONE,-1.0,-0.1,-1.0,-0.1
2,EV_B07_C021_Moto_Lineal_Electrica,-1.0,-0.1,7.0,16.795009136513155
1,EV_B07_C021_Moto_Lineal_Electrica,7.0,78.01986850024537,-1.0,16.795009136513155
1,EV_B07_C021_Moto_Lineal_Electrica,6.0,78.01986850024537,-1.0,16.795009136513155
1,EV_B07_C021_Moto_Lineal_Electrica,5.0,78.01986850024537,-1.0,16.795009136513155
1,EV_B07_C021_Moto_Lineal_Electrica,4.0,78.01986850024537,-1.0,16.795009136513155
1,EV_B07_C021_Moto_Lineal_Electrica,3.0,78.01986850024537,-1.0,16.795009136513155
1,EV_B07_C021_Moto_Lineal_Electrica,2.0,78.01986850024537,-1.0,16.795009136513155
1,EV_B07_C021_Moto_Lineal_Electrica,1.0,78.01986850024537,-1.0,16.795009136513155
1,EV_B07_C021_Moto_Lineal_Electrica,0.0,78.01986850024537,-1.0,16.795009136513155
3,NONE,-1.0,-0.1,-1.0,-0.1
3,NONE,-1.0,-0.1,-1.0,-0.1
3,NONE,-1.0,-0.1,-1.0,-0.1
3,NONE,-1.0,-0.1,-1.0,-0.1
3,NONE,-1.0,-0.1,-1.0,-0.1
3,NONE,-1.0,-0.1,-1.0,-0.1
3,NONE,-1.0,-0.1,-1.0,-0.1
3,NONE,-1.0,-0.1,-1.0,-0.1
3,NONE,-1.0,-0.1,-1.0,-0.1
3,NONE,-1.0,-0.1,-1.0,-0.1
3,NONE,-1.0,-0.1,-1.0,-0.1
3,NONE,-1.0,-0.1,-1.0,-0.1
3,NONE,-1.0,-0.1,-1.0,-0.1
3,NONE,-1.0,-0.1,-1.0,-0.1
3,NONE,-1.0,-0.1,-1.0,-0.1
2,EV_B07_C021_Moto_Lineal_Electrica,-1.0,-0.1,7.0,35.770776509346575
1,EV_B07_C021_Moto_Lineal_Electrica,7.0,91.85767522547073,-1.0,35.770776509346575
1,EV_B07_C021_Moto_Lineal_Electrica,6.0,91.85767522547073,-1.0,35.770776509346575
1,EV_B07_C021_Moto_Lineal_Electrica,5.0,91.85767522547073,-1.0,35.770776509346575
1,EV_B07_C021_Moto_Lineal_Electrica,4.0,91.85767522547073,-1.0,35.770776509346575
1,EV_B07_C021_Moto_Lineal_Electrica,3.0,91.85767522547073,-1.0,35.770776509346575
1,EV_B07_C021_Moto_Lineal_Electrica,2.0,91.85767522547073,-1.0,35.770776509346575
1,EV_B07_C021_Moto_Lineal_Electrica,1.0,91.85767522547073,-1.0,35.770776509346575
1,EV_B07_C021_Moto_Lineal_Electrica,0.0,91.85767522547073,-1.0,35.770776509346575
3,NONE,-1.0,-0.1,-1.0,-0.1
3,NONE,-1.0,-0.1,-1.0,-0.1
3,NONE,-1.0,-0.1,-1.0,-0.1
3,NONE,-1.0,-0.1,-1.0,-0.1
3,NONE,-1.0,-0.1,-1.0,-0.1
3,NONE,-1.0,-0.1,-1.0,-0.1
3,NONE,-1.0,-0.1,-1.0,-0.1
3,NONE,-1.0,-0.1,-1.0,-0.1
3,NONE,-1.0,-0.1,-1.0,-0.1
3,NONE,-1.0,-0.1,-1.0,-0.1
3,NONE,-1.0,-0.1,-1.0,-0.1
3,NONE,-1.0,-0.1,-1.0,-0.1
3,NONE,-1.0,-0.1,-1.0,-0.1
3,NONE,-1.0,-0.1,-1.0,-0.1
3,NONE,-1.0,-0.1,-1.0,-0.1
3,NONE,-1.0,-0.1,-1.0,-0.1
2,EV_B07_C021_Moto_Lineal_Electrica,-1.0,-0.1,8.0,10.69556901094957
1,EV_B07_C021_Moto_Lineal_Electrica,6.0,85.31610281903968,-1.0,10.69556901094957
1,EV_B07_C021_Moto_Lineal_Electrica,5.0,85.31610281903968,-1.0,10.69556901094957
1,EV_B07_C021_Moto_Lineal_Electrica,4.0,85.31610281903968,-1.0,10.69556901094957
1,EV_B07_C021_Moto_Lineal_Electrica,3.0,85.31610281903968,-1.0,10.69556901094957
1,EV_B07_C021_Moto_Lineal_Electrica,2.0,85.31610281903968,-1.0,10.69556901094957
1,EV_B07_C021_Moto_Lineal_Electrica,1.0,85.31610281903968,-1.0,10.69556901094957
1,EV_B07_C021_Moto_Lineal_Electrica,0.0,85.31610281903968,-1.0,10.69556901094957
3,NONE,-1.0,-0.1,-1.0,-0.1
3,NONE,-1.0,-0.1,-1.0,-0.1
3,NONE,-1.0,-0.1,-1.0,-0.1
3,NONE,-1.0,-0.1,-1.0,-0.1
3,NONE,-1.0,-0.1,-1.0,-0.1
3,NONE,-1.0,-0.1,-1.0,-0.1
3,NONE,-1.0,-0.1,-1.0,-0.1
3,NONE,-1.0,-0.1,-1.0,-0.1
3,NONE,-1.0,-0.1,-1.0,-0.1
3,NONE,-1.0,-0.1,-1.0,-0.1
3,NONE,-1.0,-0.1,-1.0,-0.1
3,NONE,-1.0,-0.1,-1.0,-0.1
3,NONE,-1.0,-0.1,-1.0,-0.1
3,NONE,-1.0,-0.1,-1.0,-0.1
3,NONE,-1.0,-0.1,-1.0,-0.1
3,NONE,-1.0,-0.1,-1.0,-0.1
3,NONE,-1.0,-0.1,-1.0,-0.1
2,EV_B07_C021_Moto_Lineal_Electrica,-1.0,-0.1,9.0,35.79479221144767
1,EV_B07_C021_Moto_Lineal_Electrica,5.0,86.78786106503495,-1.0,35.79479221144767
1,EV_B07_C021_Moto_Lineal_Electrica,4.0,86.78786106503495,-1.0,35.79479221144767
1,EV_B07_C021_Moto_Lineal_Electrica,3.0,86.78786106503495,-1.0,35.79479221144767
1,EV_B07_C021_Moto_Lineal_Electrica,2.0,86.78786106503495,-1.0,35.79479221144767
1,EV_B07_C021_Moto_Lineal_Electrica,1.0,86.78786106503495,-1.0,35.79479221144767
1,EV_B07_C021_Moto_Lineal_Electrica,0.0,86.78786106503495,-1.0,35.79479221144767
3,NONE,-1.0,-0.1,-1.0,-0.1
3,NONE,-1.0,-0.1,-1.0,-0.1
3,NONE,-1.0,-0.1,-1.0,-0.1
3,NONE,-1.0,-0.1,-1.0,-0.1
3,NONE,-1.0,-0.1,-1.0,-0.1
3,NONE,-1.0,-0.1,-1.0,-0.1
3,NONE,-1.0,-0.1,-1.0,-0.1
3,NONE,-1.0,-0.1,-1.0,-0.1
3,NONE,-1.0,-0.1,-1.0,-0.1
3,NONE,-1.0,-0.1,-1.0,-0.1
3,NONE,-1.0,-0.1,-1.0,-0.1
3,NONE,-1.0,-0.1,-1.0,-0.1
3,NONE,-1.0,-0.1,-1.0,-0.1
3,NONE,-1.0,-0.1,-1.0,-0.1
3,NONE,-1.0,-0.1,-1.0,-0.1
3,NONE,-1.0,-0.1,-1.0,-0.1
3,NONE,-1.0,-0.1,-1.0,-0.1
3,NONE,-1.0,-0.1,-1.0,-0.1
3,NONE,-1.0,-0.1,-1.0,-0.1
3,NONE,-1.0,-0.1,-1.0,-0.1
3,NONE,-1.0,-0.1,-1.0,-0.1
3,NONE,-1.0,-0.1,-1.0,-0.1
3,NONE,-1.0,-0.1,-1.0,-0.1
3,NONE,-1.0,-0.1,-1.0,-0.1
3,NONE,-1.0,-0.1,-1.0,-0.1
3,NONE,-1.0,-0.1,-1.0,-0.1
3,NONE,-1.0,-0.1,-1.0,-0.1
3,NONE,-1.0,-0.1,-1.0,-0.1
3,NONE,-1.0,-0.1,-1.0,-0.1
3,NONE,-1.0,-0.1,-1.0,-0.1
3,NONE,-1.0,-0.1,-1.0,-0.1
3,NONE,-1.0,-0.1,-1.0,-0.1
3,NONE,-1.0,-0.1,-1.0,-0.1
3,NONE,-1.0,-0.1,-1.0,-0.1
3,NONE,-1.0,-0.1,-1.0,-0.1
3,NONE,-1.0,-0.1,-1.0,-0.1
3,NONE,-1.0,-0.1,-1.0,-0.1
3,NONE,-1.0,-0.1,-1.0,-0.1
3,NONE,-1.0,-0.1,-1.0,-0.1
3,NONE,-1.0,-0.1,-1.0,-0.1
3,NONE,-1.0,-0.1,-1.0,-0.1
3,NONE,-1.0,-0.1,-1.0,-0.1
3,NONE,-1.0,-0.1,-1.0,-0.1
3,NONE,-1.0,-0.1,-1.0,-0.1
3,NONE,-1.0,-0.1,-1.0,-0.1
3,NONE,-1.0,-0.1,-1.0,-0.1
3,NONE,-1.0,-0.1,-1.0,-0.1
3,NONE,-1.0,-0.1,-1.0,-0.1
3,NONE,-1.0,-0.1,-1.0,-0.1
3,NONE,-1.0,-0.1,-1.0,-0.1
3,NONE,-1.0,-0.1,-1.0,-0.1
3,NONE,-1.0,-0.1,-1.0,-0.1
3,NONE,-1.0,-0.1,-1.0,-0.1
3,NONE,-1.0,-0.1,-1.0,-0.1
3,NONE,-1.0,-0.1,-1.0,-0.1
3,NONE,-1.0,-0.1,-1.0,-0.1
3,NONE,-1.0,-0.1,-1.0,-0.1
3,NONE,-1.0,-0.1,-1.0,-0.1
3,NONE,-1.0,-0.1,-1.0,-0.1
3,NONE,-1.0,-0.1,-1.0,-0.1
3,NONE,-1.0,-0.1,-1.0,-0.1
3,NONE,-1.0,-0.1,-1.0,-0.1
3,NONE,-1.0,-0.1,-1.0,-0.1
2,EV_B07_C021_Moto_Lineal_Electrica,-1.0,-0.1,7.0,5.0
1,EV_B07_C021_Moto_Lineal_Electrica,7.0,87.75156125062705,-1.0,5.0
1,EV_B07_C021_Moto_Lineal_Electrica,6.0,87.75156125062705,-1.0,5.0
1,EV_B07_C021_Moto_Lineal_Electrica,5.0,87.75156125062705,-1.0,5.0
1,EV_B07_C021_Moto_Lineal_Electrica,4.0,87.75156125062705,-1.0,5.0
1,EV_B07_C021_Moto_Lineal_Electrica,3.0,87.75156125062705,-1.0,5.0
1,EV_B07_C021_Moto_Lineal_Electrica,2.0,87.75156125062705,-1.0,5.0
1,EV_B07_C021_Moto_Lineal_Electrica,1.0,87.75156125062705,-1.0,5.0
1,EV_B07_C021_Moto_Lineal_Electrica,0.0,87.75156125062705,-1.0,5.0
3,NONE,-1.0,-0.1,-1.0,-0.1
3,NONE,-1.0,-0.1,-1.0,-0.1
3,NONE,-1.0,-0.1,-1.0,-0.1
3,NONE,-1.0,-0.1,-1.0,-0.1
3,NONE,-1.0,-0.1,-1.0,-0.1
3,NONE,-1.0,-0.1,-1.0,-0.1
3,NONE,-1.0,-0.1,-1.0,-0.1
3,NONE,-1.0,-0.1,-1.0,-0.1
3,NONE,-1.0,-0.1,-1.0,-0.1
3,NONE,-1.0,-0.1,-1.0,-0.1
3,NONE,-1.0,-0.1,-1.0,-0.1
3,NONE,-1.0,-0.1,-1.0,-0.1
3,NONE,-1.0,-0.1,-1.0,-0.1
3,NONE,-1.0,-0.1,-1.0,-0.1
3,NONE,-1.0,-0.1,-1.0,-0.1
3,NONE,-1.0,-0.1,-1.0,-0.1
3,NONE,-1.0,-0.1,-1.0,-0.1
3,NONE,-1.0,-0.1,-1.0,-0.1
3,NONE,-1.0,-0.1,-1.0,-0.1
3,NONE,-1.0,-0.1,-1.0,-0.1
3,NONE,-1.0,-0.1,-1.0,-0.1
3,NONE,-1.0,-0.1,-1.0,-0.1
3,NONE,-1.0,-0.1,-1.0,-0.1
3,NONE,-1.0,-0.1,-1.0,-0.1
3,NONE,-1.0,-0.1,-1.0,-0.1
3,NONE,-1.0,-0.1,-1.0,-0.1
3,NONE,-1.0,-0.1,-1.0,-0.1
3,NONE,-1.0,-0.1,-1.0,-0.1
3,NONE,-1.0,-0.1,-1.0,-0.1
3,NONE,-1.0,-0.1,-1.0,-0.1
3,NONE,-1.0,-0.1,-1.0,-0.1
3,NONE,-1.0,-0.1,-1.0,-0.1
3,NONE,-1.0,-0.1,-1.0,-0.1
3,NONE,-1.0,-0.1,-1.0,-0.1
3,NONE,-1.0,-0.1,-1.0,-0.1
3,NONE,-1.0,-0.1,-1.0,-0.1
3,NONE,-1.0,-0.1,-1.0,-0.1
3,NONE,-1.0,-0.1,-1.0,-0.1
3,NONE,-1.0,-0.1,-1.0,-0.1
3,NONE,-1.0,-0.1,-1.0,-0.1
2,EV_B07_C021_Moto_Lineal_Electrica,-1.0,-0.1,8.0,52.4501708868234
1,EV_B07_C021_Moto_Lineal_Electrica,6.0,94.518117652015,-1.0,52.4501708868234
1,EV_B07_C021_Moto_Lineal_Electrica,5.0,94.518117652015,-1.0,52.4501708868234
1,EV_B07_C021_Moto_Lineal_Electrica,4.0,94.518117652015,-1.0,52.4501708868234
1,EV_B07_C021_Moto_Lineal_Electrica,3.0,94.518117652015,-1.0,52.4501708868234
1,EV_B07_C021_Moto_Lineal_Electrica,2.0,94.518117652015,-1.0,52.4501708868234
1,EV_B07_C021_Moto_Lineal_Electrica,1.0,94.518117652015,-1.0,52.4501708868234
1,EV_B07_C021_Moto_Lineal_Electrica,0.0,94.518117652015,-1.0,52.4501708868234
3,NONE,-1.0,-0.1,-1.0,-0.1
3,NONE,-1.0,-0.1,-1.0,-0.1
3,NONE,-1.0,-0.1,-1.0,-0.1
3,NONE,-1.0,-0.1,-1.0,-0.1
3,NONE,-1.0,-0.1,-1.0,-0.1
3,NONE,-1.0,-0.1,-1.0,-0.1
3,NONE,-1.0,-0.1,-1.0,-0.1
3,NONE,-1.0,-0.1,-1.0,-0.1
3,NONE,-1.0,-0.1,-1.0,-0.1
3,NONE,-1.0,-0.1,-1.0,-0.1
3,NONE,-1.0,-0.1,-1.0,-0.1
3,NONE,-1.0,-0.1,-1.0,-0.1
3,NONE,-1.0,-0.1,-1.0,-0.1
3,NONE,-1.0,-0.1,-1.0,-0.1
3,NONE,-1.0,-0.1,-1.0,-0.1
3,NONE,-1.0,-0.1,-1.0,-0.1
3,NONE,-1.0,-0.1,-1.0,-0.1
3,NONE,-1.0,-0.1,-1.0,-0.1
3,NONE,-1.0,-0.1,-1.0,-0.1
3,NONE,-1.0,-0.1,-1.0,-0.1
3,NONE,-1.0,-0.1,-1.0,-0.1
3,NONE,-1.0,-0.1,-1.0,-0.1
3,NONE,-1.0,-0.1,-1.0,-0.1
3,NONE,-1.0,-0.1,-1.0,-0.1
3,NONE,-1.0,-0.1,-1.0,-0.1
3,NONE,-1.0,-0.1,-1.0,-0.1
3,NONE,-1.0,-0.1,-1.0,-0.1
3,NONE,-1.0,-0.1,-1.0,-0.1
3,NONE,-1.0,-0.1,-1.0,-0.1
3,NONE,-1.0,-0.1,-1.0,-0.1
3,NONE,-1.0,-0.1,-1.0,-0.1
3,NONE,-1.0,-0.1,-1.0,-0.1
3,NONE,-1.0,-0.1,-1.0,-0.1
3,NONE,-1.0,-0.1,-1.0,-0.1
3,NONE,-1.0,-0.1,-1.0,-0.1
3,NONE,-1.0,-0.1,-1.0,-0.1
3,NONE,-1.0,-0.1,-1.0,-0.1
3,NONE,-1.0,-0.1,-1.0,-0.1
3,NONE,-1.0,-0.1,-1.0,-0.1
3,NONE,-1.0,-0.1,-1.0,-0.1
2,EV_B07_C021_Moto_Lineal_Electrica,-1.0,-0.1,8.0,31.77402592801033
1,EV_B07_C021_Moto_Lineal_Electrica,6.0,80.96508518862177,-1.0,31.77402592801033
1,EV_B07_C021_Moto_Lineal_Electrica,5.0,80.96508518862177,-1.0,31.77402592801033
1,EV_B07_C021_Moto_Lineal_Electrica,4.0,80.96508518862177,-1.0,31.77402592801033
1,EV_B07_C021_Moto_Lineal_Electrica,3.0,80.96508518862177,-1.0,31.77402592801033
1,EV_B07_C021_Moto_Lineal_Electrica,2.0,80.96508518862177,-1.0,31.77402592801033
1,EV_B07_C021_Moto_Lineal_Electrica,1.0,80.96508518862177,-1.0,31.77402592801033
1,EV_B07_C021_Moto_Lineal_Electrica,0.0,80.96508518862177,-1.0,31.77402592801033
3,NONE,-1.0,-0.1,-1.0,-0.1
3,NONE,-1.0,-0.1,-1.0,-0.1
3,NONE,-1.0,-0.1,-1.0,-0.1
3,NONE,-1.0,-0.1,-1.0,-0.1
3,NONE,-1.0,-0.1,-1.0,-0.1
3,NONE,-1.0,-0.1,-1.0,-0.1
3,NONE,-1.0,-0.1,-1.0,-0.1
3,NONE,-1.0,-0.1,-1.0,-0.1
3,NONE,-1.0,-0.1,-1.0,-0.1
3,NONE,-1.0,-0.1,-1.0,-0.1
3,NONE,-1.0,-0.1,-1.0,-0.1
3,NONE,-1.0,-0.1,-1.0,-0.1
3,NONE,-1.0,-0.1,-1.0,-0.1
3,NONE,-1.0,-0.1,-1.0,-0.1
3,NONE,-1.0,-0.1,-1.0,-0.1
3,NONE,-1.0,-0.1,-1.0,-0.1
3,NONE,-1.0,-0.1,-1.0,-0.1
3,NONE,-1.0,-0.1,-1.0,-0.1
3,NONE,-1.0,-0.1,-1.0,-0.1
3,NONE,-1.0,-0.1,-1.0,-0.1
3,NONE,-1.0,-0.1,-1.0,-0.1
3,NONE,-1.0,-0.1,-1.0,-0.1
3,NONE,-1.0,-0.1,-1.0,-0.1
3,NONE,-1.0,-0.1,-1.0,-0.1
3,NONE,-1.0,-0.1,-1.0,-0.1
3,NONE,-1.0,-0.1,-1.0,-0.1
3,NONE,-1.0,-0.1,-1.0,-0.1
3,NONE,-1.0,-0.1,-1.0,-0.1
3,NONE,-1.0,-0.1,-1.0,-0.1
3,NONE,-1.0,-0.1,-1.0,-0.1
3,NONE,-1.0,-0.1,-1.0,-0.1
3,NONE,-1.0,-0.1,-1.0,-0.1
3,NONE,-1.0,-0.1,-1.0,-0.1
3,NONE,-1.0,-0.1,-1.0,-0.1
3,NONE,-1.0,-0.1,-1.0,-0.1
3,NONE,-1.0,-0.1,-1.0,-0.1
3,NONE,-1.0,-0.1,-1.0,-0.1
3,NONE,-1.0,-0.1,-1.0,-0.1
3,NONE,-1.0,-0.1,-1.0,-0.1
3,NONE,-1.0,-0.1,-1.0,-0.1
3,NONE,-1.0,-0.1,-1.0,-0.1
3,NONE,-1.0,-0.1,-1.0,-0.1
3,NONE,-1.0,-0.1,-1.0,-0.1
3,NONE,-1.0,-0.1,-1.0,-0.1
3,NONE,-1.0,-0.1,-1.0,-0.1
3,NONE,-1.0,-0.1,-1.0,-0.1
3,NONE,-1.0,-0.1,-1.0,-0.1
3,NONE,-1.0,-0.1,-1.0,-0.1
3,NONE,-1.0,-0.1,-1.0,-0.1
3,NONE,-1.0,-0.1,-1.0,-0.1
3,NONE,-1.0,-0.1,-1.0,-0.1
3,NONE,-1.0,-0.1,-1.0,-0.1
3,NONE,-1.0,-0.1,-1.0,-0.1
3,NONE,-1.0,-0.1,-1.0,-0.1
3,NONE,-1.0,-0.1,-1.0,-0.1
3,NONE,-1.0,-0.1,-1.0,-0.1
3,NONE,-1.0,-0.1,-1.0,-0.1
3,NONE,-1.0,-0.1,-1.0,-0.1
3,NONE,-1.0,-0.1,-1.0,-0.1
3,NONE,-1.0,-0.1,-1.0,-0.1
3,NONE,-1.0,-0.1,-1.0,-0.1
3,NONE,-1.0,-0.1,-1.0,-0.1
3,NONE,-1.0,-0.1,-1.0,-0.1
3,NONE,-1.0,-0.1,-1.0,-0.1
3,NONE,-1.0,-0.1,-1.0,-0.1
3,NONE,-1.0,-0.1,-1.0,-0.1
3,NONE,-1.0,-0.1,-1.0,-0.1
3,NONE,-1.0,-0.1,-1.0,-0.1
3,NONE,-1.0,-0.1,-1.0,-0.1
3,NONE,-1.0,-0.1,-1.0,-0.1
3,NONE,-1.0,-0.1,-1.0,-0.1
3,NONE,-1.0,-0.1,-1.0,-0.1
3,NONE,-1.0,-0.1,-1.0,-0.1
3,NONE,-1.0,-0.1,-1.0,-0.1
3,NONE,-1.0,-0.1,-1.0,-0.1
3,NONE,-1.0,-0.1,-1.0,-0.1
3,NONE,-1.0,-0.1,-1.0,-0.1
3,NONE,-1.0,-0.1,-1.0,-0.1
3,NONE,-1.0,-0.1,-1.0,-0.1
3,NONE,-1.0,-0.1,-1.0,-0.1
3,NONE,-1.0,-0.1,-1.0,-0.1
3,NONE,-1.0,-0.1,-1.0,-0.1
3,NONE,-1.0,-0.1,-1.0,-0.1
3,NONE,-1.0,-0.1,-1.0,-0.1
3,NONE,-1.0,-0.1,-1.0,-0.1
3,NONE,-1.0,-0.1,-1.0,-0.1
3,NONE,-1.0,-0.1,-1.0,-0.1
2,EV_B07_C021_Moto_Lineal_Electrica,-1.0,-0.1,7.0,32.20246500467462
1,EV_B07_C021_Moto_Lineal_Electrica,7.0,91.20103713538028,-1.0,32.20246500467462
1,EV_B07_C021_Moto_Lineal_Electrica,6.0,91.20103713538028,-1.0,32.20246500467462
1,EV_B07_C021_Moto_Lineal_Electrica,5.0,91.20103713538028,-1.0,32.20246500467462
1,EV_B07_C021_Moto_Lineal_Electrica,4.0,91.20103713538028,-1.0,32.20246500467462
1,EV_B07_C021_Moto_Lineal_Electrica,3.0,91.20103713538028,-1.0,32.20246500467462
1,EV_B07_C021_Moto_Lineal_Electrica,2.0,91.20103713538028,-1.0,32.20246500467462
1,EV_B07_C021_Moto_Lineal_Electrica,1.0,91.20103713538028,-1.0,32.20246500467462
1,EV_B07_C021_Moto_Lineal_Electrica,0.0,91.20103713538028,-1.0,32.20246500467462
3,NONE,-1.0,-0.1,-1.0,-0.1
3,NONE,-1.0,-0.1,-1.0,-0.1
3,NONE,-1.0,-0.1,-1.0,-0.1
3,NONE,-1.0,-0.1,-1.0,-0.1
3,NONE,-1.0,-0.1,-1.0,-0.1
3,NONE,-1.0,-0.1,-1.0,-0.1
3,NONE,-1.0,-0.1,-1.0,-0.1
3,NONE,-1.0,-0.1,-1.0,-0.1
3,NONE,-1.0,-0.1,-1.0,-0.1
3,NONE,-1.0,-0.1,-1.0,-0.1
3,NONE,-1.0,-0.1,-1.0,-0.1
3,NONE,-1.0,-0.1,-1.0,-0.1
3,NONE,-1.0,-0.1,-1.0,-0.1
3,NONE,-1.0,-0.1,-1.0,-0.1
3,NONE,-1.0,-0.1,-1.0,-0.1
2,EV_B07_C021_Moto_Lineal_Electrica,-1.0,-0.1,7.0,23.15591023925883
1,EV_B07_C021_Moto_Lineal_Electrica,7.0,85.36433642209951,-1.0,23.15591023925883
1,EV_B07_C021_Moto_Lineal_Electrica,6.0,85.36433642209951,-1.0,23.15591023925883
1,EV_B07_C021_Moto_Lineal_Electrica,5.0,85.36433642209951,-1.0,23.15591023925883
1,EV_B07_C021_Moto_Lineal_Electrica,4.0,85.36433642209951,-1.0,23.15591023925883
1,EV_B07_C021_Moto_Lineal_Electrica,3.0,85.36433642209951,-1.0,23.15591023925883
1,EV_B07_C021_Moto_Lineal_Electrica,2.0,85.36433642209951,-1.0,23.15591023925883
1,EV_B07_C021_Moto_Lineal_Electrica,1.0,85.36433642209951,-1.0,23.15591023925883
1,EV_B07_C021_Moto_Lineal_Electrica,0.0,85.36433642209951,-1.0,23.15591023925883
3,NONE,-1.0,-0.1,-1.0,-0.1
3,NONE,-1.0,-0.1,-1.0,-0.1
3,NONE,-1.0,-0.1,-1.0,-0.1
3,NONE,-1.0,-0.1,-1.0,-0.1
3,NONE,-1.0,-0.1,-1.0,-0.1
3,NONE,-1.0,-0.1,-1.0,-0.1
3,NONE,-1.0,-0.1,-1.0,-0.1
3,NONE,-1.0,-0.1,-1.0,-0.1
3,NONE,-1.0,-0.1,-1.0,-0.1
3,NONE,-1.0,-0.1,-1.0,-0.1
3,NONE,-1.0,-0.1,-1.0,-0.1
3,NONE,-1.0,-0.1,-1.0,-0.1
3,NONE,-1.0,-0.1,-1.0,-0.1
3,NONE,-1.0,-0.1,-1.0,-0.1
3,NONE,-1.0,-0.1,-1.0,-0.1
2,EV_B07_C021_Moto_Lineal_Electrica,-1.0,-0.1,7.0,20.773285603537154
1,EV_B07_C021_Moto_Lineal_Electrica,7.0,87.80465215900037,-1.0,20.773285603537154
1,EV_B07_C021_Moto_Lineal_Electrica,6.0,87.80465215900037,-1.0,20.773285603537154
1,EV_B07_C021_Moto_Lineal_Electrica,5.0,87.80465215900037,-1.0,20.773285603537154
1,EV_B07_C021_Moto_Lineal_Electrica,4.0,87.80465215900037,-1.0,20.773285603537154
1,EV_B07_C021_Moto_Lineal_Electrica,3.0,87.80465215900037,-1.0,20.773285603537154
1,EV_B07_C021_Moto_Lineal_Electrica,2.0,87.80465215900037,-1.0,20.773285603537154
1,EV_B07_C021_Moto_Lineal_Electrica,1.0,87.80465215900037,-1.0,20.773285603537154
1,EV_B07_C021_Moto_Lineal_Electrica,0.0,87.80465215900037,-1.0,20.773285603537154
3,NONE,-1.0,-0.1,-1.0,-0.1
3,NONE,-1.0,-0.1,-1.0,-0.1
3,NONE,-1.0,-0.1,-1.0,-0.1
3,NONE,-1.0,-0.1,-1.0,-0.1
3,NONE,-1.0,-0.1,-1.0,-0.1
3,NONE,-1.0,-0.1,-1.0,-0.1
3,NONE,-1.0,-0.1,-1.0,-0.1
3,NONE,-1.0,-0.1,-1.0,-0.1
3,NONE,-1.0,-0.1,-1.0,-0.1
3,NONE,-1.0,-0.1,-1.0,-0.1
3,NONE,-1.0,-0.1,-1.0,-0.1
3,NONE,-1.0,-0.1,-1.0,-0.1
3,NONE,-1.0,-0.1,-1.0,-0.1
3,NONE,-1.0,-0.1,-1.0,-0.1
3,NONE,-1.0,-0.1,-1.0,-0.1
3,NONE,-1.0,-0.1,-1.0,-0.1
3,NONE,-1.0,-0.1,-1.0,-0.1
2,EV_B07_C021_Moto_Lineal_Electrica,-1.0,-0.1,9.0,10.428404557773916
1,EV_B07_C021_Moto_Lineal_Electrica,5.0,77.5260410778852,-1.0,10.428404557773916
1,EV_B07_C021_Moto_Lineal_Electrica,4.0,77.5260410778852,-1.0,10.428404557773916
1,EV_B07_C021_Moto_Lineal_Electrica,3.0,77.5260410778852,-1.0,10.428404557773916
1,EV_B07_C021_Moto_Lineal_Electrica,2.0,77.5260410778852,-1.0,10.428404557773916
1,EV_B07_C021_Moto_Lineal_Electrica,1.0,77.5260410778852,-1.0,10.428404557773916
1,EV_B07_C021_Moto_Lineal_Electrica,0.0,77.5260410778852,-1.0,10.428404557773916
3,NONE,-1.0,-0.1,-1.0,-0.1
3,NONE,-1.0,-0.1,-1.0,-0.1
3,NONE,-1.0,-0.1,-1.0,-0.1
3,NONE,-1.0,-0.1,-1.0,-0.1
3,NONE,-1.0,-0.1,-1.0,-0.1
3,NONE,-1.0,-0.1,-1.0,-0.1
3,NONE,-1.0,-0.1,-1.0,-0.1
3,NONE,-1.0,-0.1,-1.0,-0.1
3,NONE,-1.0,-0.1,-1.0,-0.1
3,NONE,-1.0,-0.1,-1.0,-0.1
3,NONE,-1.0,-0.1,-1.0,-0.1
3,NONE,-1.0,-0.1,-1.0,-0.1
3,NONE,-1.0,-0.1,-1.0,-0.1
3,NONE,-1.0,-0.1,-1.0,-0.1
3,NONE,-1.0,-0.1,-1.0,-0.1
3,NONE,-1.0,-0.1,-1.0,-0.1
3,NONE,-1.0,-0.1,-1.0,-0.1
3,NONE,-1.0,-0.1,-1.0,-0.1
3,NONE,-1.0,-0.1,-1.0,-0.1
3,NONE,-1.0,-0.1,-1.0,-0.1
3,NONE,-1.0,-0.1,-1.0,-0.1
3,NONE,-1.0,-0.1,-1.0,-0.1
3,NONE,-1.0,-0.1,-1.0,-0.1
3,NONE,-1.0,-0.1,-1.0,-0.1
3,NONE,-1.0,-0.1,-1.0,-0.1
3,NONE,-1.0,-0.1,-1.0,-0.1
3,NONE,-1.0,-0.1,-1.0,-0.1
3,NONE,-1.0,-0.1,-1.0,-0.1
3,NONE,-1.0,-0.1,-1.0,-0.1
3,NONE,-1.0,-0.1,-1.0,-0.1
3,NONE,-1.0,-0.1,-1.0,-0.1
3,NONE,-1.0,-0.1,-1.0,-0.1
3,NONE,-1.0,-0.1,-1.0,-0.1
3,NONE,-1.0,-0.1,-1.0,-0.1
3,NONE,-1.0,-0.1,-1.0,-0.1
3,NONE,-1.0,-0.1,-1.0,-0.1
3,NONE,-1.0,-0.1,-1.0,-0.1
3,NONE,-1.0,-0.1,-1.0,-0.1
3,NONE,-1.0,-0.1,-1.0,-0.1
3,NONE,-1.0,-0.1,-1.0,-0.1
3,NONE,-1.0,-0.1,-1.0,-0.1
3,NONE,-1.0,-0.1,-1.0,-0.1
3,NONE,-1.0,-0.1,-1.0,-0.1
3,NONE,-1.0,-0.1,-1.0,-0.1
3,NONE,-1.0,-0.1,-1.0,-0.1
3,NONE,-1.0,-0.1,-1.0,-0.1
3,NONE,-1.0,-0.1,-1.0,-0.1
3,NONE,-1.0,-0.1,-1.0,-0.1
3,NONE,-1.0,-0.1,-1.0,-0.1
3,NONE,-1.0,-0.1,-1.0,-0.1
3,NONE,-1.0,-0.1,-1.0,-0.1
3,NONE,-1.0,-0.1,-1.0,-0.1
3,NONE,-1.0,-0.1,-1.0,-0.1
3,NONE,-1.0,-0.1,-1.0,-0.1
3,NONE,-1.0,-0.1,-1.0,-0.1
3,NONE,-1.0,-0.1,-1.0,-0.1
3,NONE,-1.0,-0.1,-1.0,-0.1
3,NONE,-1.0,-0.1,-1.0,-0.1
3,NONE,-1.0,-0.1,-1.0,-0.1
3,NONE,-1.0,-0.1,-1.0,-0.1
3,NONE,-1.0,-0.1,-1.0,-0.1
3,NONE,-1.0,-0.1,-1.0,-0.1
3,NONE,-1.0,-0.1,-1.0,-0.1
3,NONE,-1.0,-0.1,-1.0,-0.1
3,NONE,-1.0,-0.1,-1.0,-0.1
2,EV_B07_C021_Moto_Lineal_Electrica,-1.0,-0.1,9.0,28.232458189930504
1,EV_B07_C021_Moto_Lineal_Electrica,5.0,82.89189698357049,-1.0,28.232458189930504
1,EV_B07_C021_Moto_Lineal_Electrica,4.0,82.89189698357049,-1.0,28.232458189930504
1,EV_B07_C021_Moto_Lineal_Electrica,3.0,82.89189698357049,-1.0,28.232458189930504
1,EV_B07_C021_Moto_Lineal_Electrica,2.0,82.89189698357049,-1.0,28.232458189930504
1,EV_B07_C021_Moto_Lineal_Electrica,1.0,82.89189698357049,-1.0,28.232458189930504
1,EV_B07_C021_Moto_Lineal_Electrica,0.0,82.89189698357049,-1.0,28.232458189930504
3,NONE,-1.0,-0.1,-1.0,-0.1
3,NONE,-1.0,-0.1,-1.0,-0.1
3,NONE,-1.0,-0.1,-1.0,-0.1
3,NONE,-1.0,-0.1,-1.0,-0.1
3,NONE,-1.0,-0.1,-1.0,-0.1
3,NONE,-1.0,-0.1,-1.0,-0.1
3,NONE,-1.0,-0.1,-1.0,-0.1
3,NONE,-1.0,-0.1,-1.0,-0.1
3,NONE,-1.0,-0.1,-1.0,-0.1
3,NONE,-1.0,-0.1,-1.0,-0.1
3,NONE,-1.0,-0.1,-1.0,-0.1
3,NONE,-1.0,-0.1,-1.0,-0.1
3,NONE,-1.0,-0.1,-1.0,-0.1
3,NONE,-1.0,-0.1,-1.0,-0.1
3,NONE,-1.0,-0.1,-1.0,-0.1
2,EV_B07_C021_Moto_Lineal_Electrica,-1.0,-0.1,7.0,5.0
1,EV_B07_C021_Moto_Lineal_Electrica,7.0,95.50329658621772,-1.0,5.0
1,EV_B07_C021_Moto_Lineal_Electrica,6.0,95.50329658621772,-1.0,5.0
1,EV_B07_C021_Moto_Lineal_Electrica,5.0,95.50329658621772,-1.0,5.0
1,EV_B07_C021_Moto_Lineal_Electrica,4.0,95.50329658621772,-1.0,5.0
1,EV_B07_C021_Moto_Lineal_Electrica,3.0,95.50329658621772,-1.0,5.0
1,EV_B07_C021_Moto_Lineal_Electrica,2.0,95.50329658621772,-1.0,5.0
1,EV_B07_C021_Moto_Lineal_Electrica,1.0,95.50329658621772,-1.0,5.0
1,EV_B07_C021_Moto_Lineal_Electrica,0.0,95.50329658621772,-1.0,5.0
3,NONE,-1.0,-0.1,-1.0,-0.1
3,NONE,-1.0,-0.1,-1.0,-0.1
3,NONE,-1.0,-0.1,-1.0,-0.1
3,NONE,-1.0,-0.1,-1.0,-0.1
3,NONE,-1.0,-0.1,-1.0,-0.1
3,NONE,-1.0,-0.1,-1.0,-0.1
3,NONE,-1.0,-0.1,-1.0,-0.1
3,NONE,-1.0,-0.1,-1.0,-0.1
3,NONE,-1.0,-0.1,-1.0,-0.1
3,NONE,-1.0,-0.1,-1.0,-0.1
3,NONE,-1.0,-0.1,-1.0,-0.1
3,NONE,-1.0,-0.1,-1.0,-0.1
3,NONE,-1.0,-0.1,-1.0,-0.1
3,NONE,-1.0,-0.1,-1.0,-0.1
3,NONE,-1.0,-0.1,-1.0,-0.1
2,EV_B07_C021_Moto_Lineal_Electrica,-1.0,-0.1,7.0,35.88066069447201
1,EV_B07_C021_Moto_Lineal_Electrica,7.0,90.1955750729321,-1.0,35.88066069447201
1,EV_B07_C021_Moto_Lineal_Electrica,6.0,90.1955750729321,-1.0,35.88066069447201
1,EV_B07_C021_Moto_Lineal_Electrica,5.0,90.1955750729321,-1.0,35.88066069447201
1,EV_B07_C021_Moto_Lineal_Electrica,4.0,90.1955750729321,-1.0,35.88066069447201
1,EV_B07_C021_Moto_Lineal_Electrica,3.0,90.1955750729321,-1.0,35.88066069447201
1,EV_B07_C021_Moto_Lineal_Electrica,2.0,90.1955750729321,-1.0,35.88066069447201
1,EV_B07_C021_Moto_Lineal_Electrica,1.0,90.1955750729321,-1.0,35.88066069447201
1,EV_B07_C021_Moto_Lineal_Electrica,0.0,90.1955750729321,-1.0,35.88066069447201
3,NONE,-1.0,-0.1,-1.0,-0.1
3,NONE,-1.0,-0.1,-1.0,-0.1
3,NONE,-1.0,-0.1,-1.0,-0.1
3,NONE,-1.0,-0.1,-1.0,-0.1
3,NONE,-1.0,-0.1,-1.0,-0.1
3,NONE,-1.0,-0.1,-1.0,-0.1
3,NONE,-1.0,-0.1,-1.0,-0.1
3,NONE,-1.0,-0.1,-1.0,-0.1
3,NONE,-1.0,-0.1,-1.0,-0.1
3,NONE,-1.0,-0.1,-1.0,-0.1
3,NONE,-1.0,-0.1,-1.0,-0.1
3,NONE,-1.0,-0.1,-1.0,-0.1
3,NONE,-1.0,-0.1,-1.0,-0.1
3,NONE,-1.0,-0.1,-1.0,-0.1
3,NONE,-1.0,-0.1,-1.0,-0.1
3,NONE,-1.0,-0.1,-1.0,-0.1
2,EV_B07_C021_Moto_Lineal_Electrica,-1.0,-0.1,8.0,29.290038551302366
1,EV_B07_C021_Moto_Lineal_Electrica,6.0,87.12147892164587,-1.0,29.290038551302366
1,EV_B07_C021_Moto_Lineal_Electrica,5.0,87.12147892164587,-1.0,29.290038551302366
1,EV_B07_C021_Moto_Lineal_Electrica,4.0,87.12147892164587,-1.0,29.290038551302366
1,EV_B07_C021_Moto_Lineal_Electrica,3.0,87.12147892164587,-1.0,29.290038551302366
1,EV_B07_C021_Moto_Lineal_Electrica,2.0,87.12147892164587,-1.0,29.290038551302366
1,EV_B07_C021_Moto_Lineal_Electrica,1.0,87.12147892164587,-1.0,29.290038551302366
1,EV_B07_C021_Moto_Lineal_Electrica,0.0,87.12147892164587,-1.0,29.290038551302366
3,NONE,-1.0,-0.1,-1.0,-0.1
3,NONE,-1.0,-0.1,-1.0,-0.1
3,NONE,-1.0,-0.1,-1.0,-0.1
3,NONE,-1.0,-0.1,-1.0,-0.1
3,NONE,-1.0,-0.1,-1.0,-0.1
3,NONE,-1.0,-0.1,-1.0,-0.1
3,NONE,-1.0,-0.1,-1.0,-0.1
3,NONE,-1.0,-0.1,-1.0,-0.1
3,NONE,-1.0,-0.1,-1.0,-0.1
3,NONE,-1.0,-0.1,-1.0,-0.1
3,NONE,-1.0,-0.1,-1.0,-0.1
3,NONE,-1.0,-0.1,-1.0,-0.1
3,NONE,-1.0,-0.1,-1.0,-0.1
3,NONE,-1.0,-0.1,-1.0,-0.1
3,NONE,-1.0,-0.1,-1.0,-0.1
3,NONE,-1.0,-0.1,-1.0,-0.1
2,EV_B07_C021_Moto_Lineal_Electrica,-1.0,-0.1,8.0,39.94702001046619
1,EV_B07_C021_Moto_Lineal_Electrica,6.0,86.23111010277586,-1.0,39.94702001046619
1,EV_B07_C021_Moto_Lineal_Electrica,5.0,86.23111010277586,-1.0,39.94702001046619
1,EV_B07_C021_Moto_Lineal_Electrica,4.0,86.23111010277586,-1.0,39.94702001046619
1,EV_B07_C021_Moto_Lineal_Electrica,3.0,86.23111010277586,-1.0,39.94702001046619
1,EV_B07_C021_Moto_Lineal_Electrica,2.0,86.23111010277586,-1.0,39.94702001046619
1,EV_B07_C021_Moto_Lineal_Electrica,1.0,86.23111010277586,-1.0,39.94702001046619
1,EV_B07_C021_Moto_Lineal_Electrica,0.0,86.23111010277586,-1.0,39.94702001046619
3,NONE,-1.0,-0.1,-1.0,-0.1
3,NONE,-1.0,-0.1,-1.0,-0.1
3,NONE,-1.0,-0.1,-1.0,-0.1
3,NONE,-1.0,-0.1,-1.0,-0.1
3,NONE,-1.0,-0.1,-1.0,-0.1
3,NONE,-1.0,-0.1,-1.0,-0.1
3,NONE,-1.0,-0.1,-1.0,-0.1
3,NONE,-1.0,-0.1,-1.0,-0.1
3,NONE,-1.0,-0.1,-1.0,-0.1
3,NONE,-1.0,-0.1,-1.0,-0.1
3,NONE,-1.0,-0.1,-1.0,-0.1
3,NONE,-1.0,-0.1,-1.0,-0.1
3,NONE,-1.0,-0.1,-1.0,-0.1
3,NONE,-1.0,-0.1,-1.0,-0.1
3,NONE,-1.0,-0.1,-1.0,-0.1
3,NONE,-1.0,-0.1,-1.0,-0.1
3,NONE,-1.0,-0.1,-1.0,-0.1
3,NONE,-1.0,-0.1,-1.0,-0.1
3,NONE,-1.0,-0.1,-1.0,-0.1
3,NONE,-1.0,-0.1,-1.0,-0.1
3,NONE,-1.0,-0.1,-1.0,-0.1
3,NONE,-1.0,-0.1,-1.0,-0.1
3,NONE,-1.0,-0.1,-1.0,-0.1
3,NONE,-1.0,-0.1,-1.0,-0.1
3,NONE,-1.0,-0.1,-1.0,-0.1
3,NONE,-1.0,-0.1,-1.0,-0.1
3,NONE,-1.0,-0.1,-1.0,-0.1
3,NONE,-1.0,-0.1,-1.0,-0.1
3,NONE,-1.0,-0.1,-1.0,-0.1
3,NONE,-1.0,-0.1,-1.0,-0.1
3,NONE,-1.0,-0.1,-1.0,-0.1
3,NONE,-1.0,-0.1,-1.0,-0.1
3,NONE,-1.0,-0.1,-1.0,-0.1
3,NONE,-1.0,-0.1,-1.0,-0.1
3,NONE,-1.0,-0.1,-1.0,-0.1
3,NONE,-1.0,-0.1,-1.0,-0.1
3,NONE,-1.0,-0.1,-1.0,-0.1
3,NONE,-1.0,-0.1,-1.0,-0.1
3,NONE,-1.0,-0.1,-1.0,-0.1
3,NONE,-1.0,-0.1,-1.0,-0.1
3,NONE,-1.0,-0.1,-1.0,-0.1
3,NONE,-1.0,-0.1,-1.0,-0.1
3,NONE,-1.0,-0.1,-1.0,-0.1
3,NONE,-1.0,-0.1,-1.0,-0.1
3,NONE,-1.0,-0.1,-1.0,-0.1
3,NONE,-1.0,-0.1,-1.0,-0.1
3,NONE,-1.0,-0.1,-1.0,-0.1
3,NONE,-1.0,-0.1,-1.0,-0.1
3,NONE,-1.0,-0.1,-1.0,-0.1
3,NONE,-1.0,-0.1,-1.0,-0.1
3,NONE,-1.0,-0.1,-1.0,-0.1
3,NONE,-1.0,-0.1,-1.0,-0.1
3,NONE,-1.0,-0.1,-1.0,-0.1
3,NONE,-1.0,-0.1,-1.0,-0.1
3,NONE,-1.0,-0.1,-1.0,-0.1
3,NONE,-1.0,-0.1,-1.0,-0.1
3,NONE,-1.0,-0.1,-1.0,-0.1
3,NONE,-1.0,-0.1,-1.0,-0.1
3,NONE,-1.0,-0.1,-1.0,-0.1
3,NONE,-1.0,-0.1,-1.0,-0.1
3,NONE,-1.0,-0.1,-1.0,-0.1
3,NONE,-1.0,-0.1,-1.0,-0.1
3,NONE,-1.0,-0.1,-1.0,-0.1
2,EV_B07_C021_Moto_Lineal_Electrica,-1.0,-0.1,7.0,22.769579542431295
1,EV_B07_C021_Moto_Lineal_Electrica,7.0,69.99602583347756,-1.0,22.769579542431295
1,EV_B07_C021_Moto_Lineal_Electrica,6.0,69.99602583347756,-1.0,22.769579542431295
1,EV_B07_C021_Moto_Lineal_Electrica,5.0,69.99602583347756,-1.0,22.769579542431295
1,EV_B07_C021_Moto_Lineal_Electrica,4.0,69.99602583347756,-1.0,22.769579542431295
1,EV_B07_C021_Moto_Lineal_Electrica,3.0,69.99602583347756,-1.0,22.769579542431295
1,EV_B07_C021_Moto_Lineal_Electrica,2.0,69.99602583347756,-1.0,22.769579542431295
1,EV_B07_C021_Moto_Lineal_Electrica,1.0,69.99602583347756,-1.0,22.769579542431295
1,EV_B07_C021_Moto_Lineal_Electrica,0.0,69.99602583347756,-1.0,22.769579542431295
3,NONE,-1.0,-0.1,-1.0,-0.1
3,NONE,-1.0,-0.1,-1.0,-0.1
3,NONE,-1.0,-0.1,-1.0,-0.1
3,NONE,-1.0,-0.1,-1.0,-0.1
3,NONE,-1.0,-0.1,-1.0,-0.1
3,NONE,-1.0,-0.1,-1.0,-0.1
3,NONE,-1.0,-0.1,-1.0,-0.1
3,NONE,-1.0,-0.1,-1.0,-0.1
3,NONE,-1.0,-0.1,-1.0,-0.1
3,NONE,-1.0,-0.1,-1.0,-0.1
3,NONE,-1.0,-0.1,-1.0,-0.1
3,NONE,-1.0,-0.1,-1.0,-0.1
3,NONE,-1.0,-0.1,-1.0,-0.1
3,NONE,-1.0,-0.1,-1.0,-0.1
3,NONE,-1.0,-0.1,-1.0,-0.1
2,EV_B07_C021_Moto_Lineal_Electrica,-1.0,-0.1,7.0,34.67085993773458
1,EV_B07_C021_Moto_Lineal_Electrica,7.0,85.99556882838735,-1.0,34.67085993773458
1,EV_B07_C021_Moto_Lineal_Electrica,6.0,85.99556882838735,-1.0,34.67085993773458
1,EV_B07_C021_Moto_Lineal_Electrica,5.0,85.99556882838735,-1.0,34.67085993773458
1,EV_B07_C021_Moto_Lineal_Electrica,4.0,85.99556882838735,-1.0,34.67085993773458
1,EV_B07_C021_Moto_Lineal_Electrica,3.0,85.99556882838735,-1.0,34.67085993773458
1,EV_B07_C021_Moto_Lineal_Electrica,2.0,85.99556882838735,-1.0,34.67085993773458
1,EV_B07_C021_Moto_Lineal_Electrica,1.0,85.99556882838735,-1.0,34.67085993773458
1,EV_B07_C021_Moto_Lineal_Electrica,0.0,85.99556882838735,-1.0,34.67085993773458
3,NONE,-1.0,-0.1,-1.0,-0.1
3,NONE,-1.0,-0.1,-1.0,-0.1
3,NONE,-1.0,-0.1,-1.0,-0.1
3,NONE,-1.0,-0.1,-1.0,-0.1
3,NONE,-1.0,-0.1,-1.0,-0.1
3,NONE,-1.0,-0.1,-1.0,-0.1
3,NONE,-1.0,-0.1,-1.0,-0.1
3,NONE,-1.0,-0.1,-1.0,-0.1
3,NONE,-1.0,-0.1,-1.0,-0.1
3,NONE,-1.0,-0.1,-1.0,-0.1
3,NONE,-1.0,-0.1,-1.0,-0.1
3,NONE,-1.0,-0.1,-1.0,-0.1
3,NONE,-1.0,-0.1,-1.0,-0.1
3,NONE,-1.0,-0.1,-1.0,-0.1
3,NONE,-1.0,-0.1,-1.0,-0.1
3,NONE,-1.0,-0.1,-1.0,-0.1
3,NONE,-1.0,-0.1,-1.0,-0.1
3,NONE,-1.0,-0.1,-1.0,-0.1
3,NONE,-1.0,-0.1,-1.0,-0.1
3,NONE,-1.0,-0.1,-1.0,-0.1
3,NONE,-1.0,-0.1,-1.0,-0.1
3,NONE,-1.0,-0.1,-1.0,-0.1
3,NONE,-1.0,-0.1,-1.0,-0.1
3,NONE,-1.0,-0.1,-1.0,-0.1
3,NONE,-1.0,-0.1,-1.0,-0.1
3,NONE,-1.0,-0.1,-1.0,-0.1
3,NONE,-1.0,-0.1,-1.0,-0.1
3,NONE,-1.0,-0.1,-1.0,-0.1
3,NONE,-1.0,-0.1,-1.0,-0.1
3,NONE,-1.0,-0.1,-1.0,-0.1
3,NONE,-1.0,-0.1,-1.0,-0.1
3,NONE,-1.0,-0.1,-1.0,-0.1
3,NONE,-1.0,-0.1,-1.0,-0.1
3,NONE,-1.0,-0.1,-1.0,-0.1
3,NONE,-1.0,-0.1,-1.0,-0.1
3,NONE,-1.0,-0.1,-1.0,-0.1
3,NONE,-1.0,-0.1,-1.0,-0.1
3,NONE,-1.0,-0.1,-1.0,-0.1
3,NONE,-1.0,-0.1,-1.0,-0.1
3,NONE,-1.0,-0.1,-1.0,-0.1
3,NONE,-1.0,-0.1,-1.0,-0.1
3,NONE,-1.0,-0.1,-1.0,-0.1
3,NONE,-1.0,-0.1,-1.0,-0.1
3,NONE,-1.0,-0.1,-1.0,-0.1
3,NONE,-1.0,-0.1,-1.0,-0.1
3,NONE,-1.0,-0.1,-1.0,-0.1
3,NONE,-1.0,-0.1,-1.0,-0.1
3,NONE,-1.0,-0.1,-1.0,-0.1
3,NONE,-1.0,-0.1,-1.0,-0.1
3,NONE,-1.0,-0.1,-1.0,-0.1
3,NONE,-1.0,-0.1,-1.0,-0.1
3,NONE,-1.0,-0.1,-1.0,-0.1
3,NONE,-1.0,-0.1,-1.0,-0.1
3,NONE,-1.0,-0.1,-1.0,-0.1
3,NONE,-1.0,-0.1,-1.0,-0.1
3,NONE,-1.0,-0.1,-1.0,-0.1
3,NONE,-1.0,-0.1,-1.0,-0.1
3,NONE,-1.0,-0.1,-1.0,-0.1
3,NONE,-1.0,-0.1,-1.0,-0.1
3,NONE,-1.0,-0.1,-1.0,-0.1
3,NONE,-1.0,-0.1,-1.0,-0.1
3,NONE,-1.0,-0.1,-1.0,-0.1
3,NONE,-1.0,-0.1,-1.0,-0.1
3,NONE,-1.0,-0.1,-1.0,-0.1
2,EV_B07_C021_Moto_Lineal_Electrica,-1.0,-0.1,8.0,39.009183506255326
1,EV_B07_C021_Moto_Lineal_Electrica,6.0,91.08387805222488,-1.0,39.009183506255326
1,EV_B07_C021_Moto_Lineal_Electrica,5.0,91.08387805222488,-1.0,39.009183506255326
1,EV_B07_C021_Moto_Lineal_Electrica,4.0,91.08387805222488,-1.0,39.009183506255326
1,EV_B07_C021_Moto_Lineal_Electrica,3.0,91.08387805222488,-1.0,39.009183506255326
1,EV_B07_C021_Moto_Lineal_Electrica,2.0,91.08387805222488,-1.0,39.009183506255326
1,EV_B07_C021_Moto_Lineal_Electrica,1.0,91.08387805222488,-1.0,39.009183506255326
1,EV_B07_C021_Moto_Lineal_Electrica,0.0,91.08387805222488,-1.0,39.009183506255326
3,NONE,-1.0,-0.1,-1.0,-0.1
3,NONE,-1.0,-0.1,-1.0,-0.1
3,NONE,-1.0,-0.1,-1.0,-0.1
3,NONE,-1.0,-0.1,-1.0,-0.1
3,NONE,-1.0,-0.1,-1.0,-0.1
3,NONE,-1.0,-0.1,-1.0,-0.1
3,NONE,-1.0,-0.1,-1.0,-0.1
3,NONE,-1.0,-0.1,-1.0,-0.1
3,NONE,-1.0,-0.1,-1.0,-0.1
3,NONE,-1.0,-0.1,-1.0,-0.1
3,NONE,-1.0,-0.1,-1.0,-0.1
3,NONE,-1.0,-0.1,-1.0,-0.1
3,NONE,-1.0,-0.1,-1.0,-0.1
3,NONE,-1.0,-0.1,-1.0,-0.1
3,NONE,-1.0,-0.1,-1.0,-0.1
3,NONE,-1.0,-0.1,-1.0,-0.1
3,NONE,-1.0,-0.1,-1.0,-0.1
3,NONE,-1.0,-0.1,-1.0,-0.1
3,NONE,-1.0,-0.1,-1.0,-0.1
3,NONE,-1.0,-0.1,-1.0,-0.1
3,NONE,-1.0,-0.1,-1.0,-0.1
3,NONE,-1.0,-0.1,-1.0,-0.1
3,NONE,-1.0,-0.1,-1.0,-0.1
3,NONE,-1.0,-0.1,-1.0,-0.1
3,NONE,-1.0,-0.1,-1.0,-0.1
3,NONE,-1.0,-0.1,-1.0,-0.1
3,NONE,-1.0,-0.1,-1.0,-0.1
3,NONE,-1.0,-0.1,-1.0,-0.1
3,NONE,-1.0,-0.1,-1.0,-0.1
3,NONE,-1.0,-0.1,-1.0,-0.1
3,NONE,-1.0,-0.1,-1.0,-0.1
3,NONE,-1.0,-0.1,-1.0,-0.1
3,NONE,-1.0,-0.1,-1.0,-0.1
3,NONE,-1.0,-0.1,-1.0,-0.1
3,NONE,-1.0,-0.1,-1.0,-0.1
3,NONE,-1.0,-0.1,-1.0,-0.1
3,NONE,-1.0,-0.1,-1.0,-0.1
3,NONE,-1.0,-0.1,-1.0,-0.1
3,NONE,-1.0,-0.1,-1.0,-0.1
3,NONE,-1.0,-0.1,-1.0,-0.1
3,NONE,-1.0,-0.1,-1.0,-0.1
3,NONE,-1.0,-0.1,-1.0,-0.1
3,NONE,-1.0,-0.1,-1.0,-0.1
3,NONE,-1.0,-0.1,-1.0,-0.1
3,NONE,-1.0,-0.1,-1.0,-0.1
3,NONE,-1.0,-0.1,-1.0,-0.1
3,NONE,-1.0,-0.1,-1.0,-0.1
3,NONE,-1.0,-0.1,-1.0,-0.1
3,NONE,-1.0,-0.1,-1.0,-0.1
3,NONE,-1.0,-0.1,-1.0,-0.1
3,NONE,-1.0,-0.1,-1.0,-0.1
3,NONE,-1.0,-0.1,-1.0,-0.1
3,NONE,-1.0,-0.1,-1.0,-0.1
3,NONE,-1.0,-0.1,-1.0,-0.1
3,NONE,-1.0,-0.1,-1.0,-0.1
3,NONE,-1.0,-0.1,-1.0,-0.1
3,NONE,-1.0,-0.1,-1.0,-0.1
3,NONE,-1.0,-0.1,-1.0,-0.1
3,NONE,-1.0,-0.1,-1.0,-0.1
3,NONE,-1.0,-0.1,-1.0,-0.1
3,NONE,-1.0,-0.1,-1.0,-0.1
3,NONE,-1.0,-0.1,-1.0,-0.1
3,NONE,-1.0,-0.1,-1.0,-0.1
3,NONE,-1.0,-0.1,-1.0,-0.1
2,EV_B07_C021_Moto_Lineal_Electrica,-1.0,-0.1,8.0,16.26568449309212
1,EV_B07_C021_Moto_Lineal_Electrica,6.0,99.50466946261047,-1.0,16.26568449309212
1,EV_B07_C021_Moto_Lineal_Electrica,5.0,99.50466946261047,-1.0,16.26568449309212
1,EV_B07_C021_Moto_Lineal_Electrica,4.0,99.50466946261047,-1.0,16.26568449309212
1,EV_B07_C021_Moto_Lineal_Electrica,3.0,99.50466946261047,-1.0,16.26568449309212
1,EV_B07_C021_Moto_Lineal_Electrica,2.0,99.50466946261047,-1.0,16.26568449309212
1,EV_B07_C021_Moto_Lineal_Electrica,1.0,99.50466946261047,-1.0,16.26568449309212
1,EV_B07_C021_Moto_Lineal_Electrica,0.0,99.50466946261047,-1.0,16.26568449309212
3,NONE,-1.0,-0.1,-1.0,-0.1
3,NONE,-1.0,-0.1,-1.0,-0.1
3,NONE,-1.0,-0.1,-1.0,-0.1
3,NONE,-1.0,-0.1,-1.0,-0.1
3,NONE,-1.0,-0.1,-1.0,-0.1
3,NONE,-1.0,-0.1,-1.0,-0.1
3,NONE,-1.0,-0.1,-1.0,-0.1
3,NONE,-1.0,-0.1,-1.0,-0.1
3,NONE,-1.0,-0.1,-1.0,-0.1
3,NONE,-1.0,-0.1,-1.0,-0.1
3,NONE,-1.0,-0.1,-1.0,-0.1
3,NONE,-1.0,-0.1,-1.0,-0.1
3,NONE,-1.0,-0.1,-1.0,-0.1
3,NONE,-1.0,-0.1,-1.0,-0.1
3,NONE,-1.0,-0.1,-1.0,-0.1
3,NONE,-1.0,-0.1,-1.0,-0.1
3,NONE,-1.0,-0.1,-1.0,-0.1
3,NONE,-1.0,-0.1,-1.0,-0.1
3,NONE,-1.0,-0.1,-1.0,-0.1
3,NONE,-1.0,-0.1,-1.0,-0.1
3,NONE,-1.0,-0.1,-1.0,-0.1
3,NONE,-1.0,-0.1,-1.0,-0.1
3,NONE,-1.0,-0.1,-1.0,-0.1
3,NONE,-1.0,-0.1,-1.0,-0.1
3,NONE,-1.0,-0.1,-1.0,-0.1
3,NONE,-1.0,-0.1,-1.0,-0.1
3,NONE,-1.0,-0.1,-1.0,-0.1
3,NONE,-1.0,-0.1,-1.0,-0.1
3,NONE,-1.0,-0.1,-1.0,-0.1
3,NONE,-1.0,-0.1,-1.0,-0.1
3,NONE,-1.0,-0.1,-1.0,-0.1
3,NONE,-1.0,-0.1,-1.0,-0.1
3,NONE,-1.0,-0.1,-1.0,-0.1
3,NONE,-1.0,-0.1,-1.0,-0.1
3,NONE,-1.0,-0.1,-1.0,-0.1
3,NONE,-1.0,-0.1,-1.0,-0.1
3,NONE,-1.0,-0.1,-1.0,-0.1
3,NONE,-1.0,-0.1,-1.0,-0.1
3,NONE,-1.0,-0.1,-1.0,-0.1
3,NONE,-1.0,-0.1,-1.0,-0.1
2,EV_B07_C021_Moto_Lineal_Electrica,-1.0,-0.1,8.0,44.740109705745695
1,EV_B07_C021_Moto_Lineal_Electrica,6.0,82.12167963804497,-1.0,44.740109705745695
1,EV_B07_C021_Moto_Lineal_Electrica,5.0,82.12167963804497,-1.0,44.740109705745695
1,EV_B07_C021_Moto_Lineal_Electrica,4.0,82.12167963804497,-1.0,44.740109705745695
1,EV_B07_C021_Moto_Lineal_Electrica,3.0,82.12167963804497,-1.0,44.740109705745695
1,EV_B07_C021_Moto_Lineal_Electrica,2.0,82.12167963804497,-1.0,44.740109705745695
1,EV_B07_C021_Moto_Lineal_Electrica,1.0,82.12167963804497,-1.0,44.740109705745695
1,EV_B07_C021_Moto_Lineal_Electrica,0.0,82.12167963804497,-1.0,44.740109705745695
3,NONE,-1.0,-0.1,-1.0,-0.1
3,NONE,-1.0,-0.1,-1.0,-0.1
3,NONE,-1.0,-0.1,-1.0,-0.1
3,NONE,-1.0,-0.1,-1.0,-0.1
3,NONE,-1.0,-0.1,-1.0,-0.1
3,NONE,-1.0,-0.1,-1.0,-0.1
3,NONE,-1.0,-0.1,-1.0,-0.1
3,NONE,-1.0,-0.1,-1.0,-0.1
3,NONE,-1.0,-0.1,-1.0,-0.1
3,NONE,-1.0,-0.1,-1.0,-0.1
3,NONE,-1.0,-0.1,-1.0,-0.1
3,NONE,-1.0,-0.1,-1.0,-0.1
3,NONE,-1.0,-0.1,-1.0,-0.1
3,NONE,-1.0,-0.1,-1.0,-0.1
3,NONE,-1.0,-0.1,-1.0,-0.1
2,EV_B07_C021_Moto_Lineal_Electrica,-1.0,-0.1,7.0,37.80351515216162
1,EV_B07_C021_Moto_Lineal_Electrica,7.0,84.34503195578105,-1.0,37.80351515216162
1,EV_B07_C021_Moto_Lineal_Electrica,6.0,84.34503195578105,-1.0,37.80351515216162
1,EV_B07_C021_Moto_Lineal_Electrica,5.0,84.34503195578105,-1.0,37.80351515216162
1,EV_B07_C021_Moto_Lineal_Electrica,4.0,84.34503195578105,-1.0,37.80351515216162
1,EV_B07_C021_Moto_Lineal_Electrica,3.0,84.34503195578105,-1.0,37.80351515216162
1,EV_B07_C021_Moto_Lineal_Electrica,2.0,84.34503195578105,-1.0,37.80351515216162
1,EV_B07_C021_Moto_Lineal_Electrica,1.0,84.34503195578105,-1.0,37.80351515216162
1,EV_B07_C021_Moto_Lineal_Electrica,0.0,84.34503195578105,-1.0,37.80351515216162
3,NONE,-1.0,-0.1,-1.0,-0.1
3,NONE,-1.0,-0.1,-1.0,-0.1
3,NONE,-1.0,-0.1,-1.0,-0.1
3,NONE,-1.0,-0.1,-1.0,-0.1
3,NONE,-1.0,-0.1,-1.0,-0.1
3,NONE,-1.0,-0.1,-1.0,-0.1
3,NONE,-1.0,-0.1,-1.0,-0.1
3,NONE,-1.0,-0.1,-1.0,-0.1
3,NONE,-1.0,-0.1,-1.0,-0.1
3,NONE,-1.0,-0.1,-1.0,-0.1
3,NONE,-1.0,-0.1,-1.0,-0.1
3,NONE,-1.0,-0.1,-1.0,-0.1
3,NONE,-1.0,-0.1,-1.0,-0.1
3,NONE,-1.0,-0.1,-1.0,-0.1
3,NONE,-1.0,-0.1,-1.0,-0.1
3,NONE,-1.0,-0.1,-1.0,-0.1
3,NONE,-1.0,-0.1,-1.0,-0.1
2,EV_B07_C021_Moto_Lineal_Electrica,-1.0,-0.1,9.0,36.10256460958614
1,EV_B07_C021_Moto_Lineal_Electrica,5.0,97.3474903051916,-1.0,36.10256460958614
1,EV_B07_C021_Moto_Lineal_Electrica,4.0,97.3474903051916,-1.0,36.10256460958614
1,EV_B07_C021_Moto_Lineal_Electrica,3.0,97.3474903051916,-1.0,36.10256460958614
1,EV_B07_C021_Moto_Lineal_Electrica,2.0,97.3474903051916,-1.0,36.10256460958614
1,EV_B07_C021_Moto_Lineal_Electrica,1.0,97.3474903051916,-1.0,36.10256460958614
1,EV_B07_C021_Moto_Lineal_Electrica,0.0,97.3474903051916,-1.0,36.10256460958614
3,NONE,-1.0,-0.1,-1.0,-0.1
3,NONE,-1.0,-0.1,-1.0,-0.1
3,NONE,-1.0,-0.1,-1.0,-0.1
3,NONE,-1.0,-0.1,-1.0,-0.1
3,NONE,-1.0,-0.1,-1.0,-0.1
3,NONE,-1.0,-0.1,-1.0,-0.1
3,NONE,-1.0,-0.1,-1.0,-0.1
3,NONE,-1.0,-0.1,-1.0,-0.1
3,NONE,-1.0,-0.1,-1.0,-0.1
3,NONE,-1.0,-0.1,-1.0,-0.1
3,NONE,-1.0,-0.1,-1.0,-0.1
3,NONE,-1.0,-0.1,-1.0,-0.1
3,NONE,-1.0,-0.1,-1.0,-0.1
3,NONE,-1.0,-0.1,-1.0,-0.1
3,NONE,-1.0,-0.1,-1.0,-0.1
3,NONE,-1.0,-0.1,-1.0,-0.1
3,NONE,-1.0,-0.1,-1.0,-0.1
3,NONE,-1.0,-0.1,-1.0,-0.1
3,NONE,-1.0,-0.1,-1.0,-0.1
3,NONE,-1.0,-0.1,-1.0,-0.1
3,NONE,-1.0,-0.1,-1.0,-0.1
3,NONE,-1.0,-0.1,-1.0,-0.1
3,NONE,-1.0,-0.1,-1.0,-0.1
3,NONE,-1.0,-0.1,-1.0,-0.1
3,NONE,-1.0,-0.1,-1.0,-0.1
3,NONE,-1.0,-0.1,-1.0,-0.1
3,NONE,-1.0,-0.1,-1.0,-0.1
3,NONE,-1.0,-0.1,-1.0,-0.1
3,NONE,-1.0,-0.1,-1.0,-0.1
3,NONE,-1.0,-0.1,-1.0,-0.1
3,NONE,-1.0,-0.1,-1.0,-0.1
3,NONE,-1.0,-0.1,-1.0,-0.1
3,NONE,-1.0,-0.1,-1.0,-0.1
3,NONE,-1.0,-0.1,-1.0,-0.1
3,NONE,-1.0,-0.1,-1.0,-0.1
3,NONE,-1.0,-0.1,-1.0,-0.1
3,NONE,-1.0,-0.1,-1.0,-0.1
3,NONE,-1.0,-0.1,-1.0,-0.1
3,NONE,-1.0,-0.1,-1.0,-0.1
3,NONE,-1.0,-0.1,-1.0,-0.1
3,NONE,-1.0,-0.1,-1.0,-0.1
3,NONE,-1.0,-0.1,-1.0,-0.1
3,NONE,-1.0,-0.1,-1.0,-0.1
3,NONE,-1.0,-0.1,-1.0,-0.1
3,NONE,-1.0,-0.1,-1.0,-0.1
3,NONE,-1.0,-0.1,-1.0,-0.1
3,NONE,-1.0,-0.1,-1.0,-0.1
3,NONE,-1.0,-0.1,-1.0,-0.1
3,NONE,-1.0,-0.1,-1.0,-0.1
3,NONE,-1.0,-0.1,-1.0,-0.1
3,NONE,-1.0,-0.1,-1.0,-0.1
3,NONE,-1.0,-0.1,-1.0,-0.1
3,NONE,-1.0,-0.1,-1.0,-0.1
3,NONE,-1.0,-0.1,-1.0,-0.1
3,NONE,-1.0,-0.1,-1.0,-0.1
3,NONE,-1.0,-0.1,-1.0,-0.1
3,NONE,-1.0,-0.1,-1.0,-0.1
3,NONE,-1.0,-0.1,-1.0,-0.1
3,NONE,-1.0,-0.1,-1.0,-0.1
3,NONE,-1.0,-0.1,-1.0,-0.1
3,NONE,-1.0,-0.1,-1.0,-0.1
3,NONE,-1.0,-0.1,-1.0,-0.1
3,NONE,-1.0,-0.1,-1.0,-0.1
3,NONE,-1.0,-0.1,-1.0,-0.1
3,NONE,-1.0,-0.1,-1.0,-0.1
3,NONE,-1.0,-0.1,-1.0,-0.1
3,NONE,-1.0,-0.1,-1.0,-0.1
3,NONE,-1.0,-0.1,-1.0,-0.1
3,NONE,-1.0,-0.1,-1.0,-0.1
3,NONE,-1.0,-0.1,-1.0,-0.1
3,NONE,-1.0,-0.1,-1.0,-0.1
3,NONE,-1.0,-0.1,-1.0,-0.1
3,NONE,-1.0,-0.1,-1.0,-0.1
3,NONE,-1.0,-0.1,-1.0,-0.1
3,NONE,-1.0,-0.1,-1.0,-0.1
3,NONE,-1.0,-0.1,-1.0,-0.1
3,NONE,-1.0,-0.1,-1.0,-0.1
3,NONE,-1.0,-0.1,-1.0,-0.1
3,NONE,-1.0,-0.1,-1.0,-0.1
3,NONE,-1.0,-0.1,-1.0,-0.1
3,NONE,-1.0,-0.1,-1.0,-0.1
3,NONE,-1.0,-0.1,-1.0,-0.1
3,NONE,-1.0,-0.1,-1.0,-0.1
3,NONE,-1.0,-0.1,-1.0,-0.1
3,NONE,-1.0,-0.1,-1.0,-0.1
3,NONE,-1.0,-0.1,-1.0,-0.1
3,NONE,-1.0,-0.1,-1.0,-0.1
3,NONE,-1.0,-0.1,-1.0,-0.1
2,EV_B07_C021_Moto_Lineal_Electrica,-1.0,-0.1,8.0,5.0
1,EV_B07_C021_Moto_Lineal_Electrica,6.0,82.78272076685143,-1.0,5.0
1,EV_B07_C021_Moto_Lineal_Electrica,5.0,82.78272076685143,-1.0,5.0
1,EV_B07_C021_Moto_Lineal_Electrica,4.0,82.78272076685143,-1.0,5.0
1,EV_B07_C021_Moto_Lineal_Electrica,3.0,82.78272076685143,-1.0,5.0
1,EV_B07_C021_Moto_Lineal_Electrica,2.0,82.78272076685143,-1.0,5.0
1,EV_B07_C021_Moto_Lineal_Electrica,1.0,82.78272076685143,-1.0,5.0
1,EV_B07_C021_Moto_Lineal_Electrica,0.0,82.78272076685143,-1.0,5.0
3,NONE,-1.0,-0.1,-1.0,-0.1
3,NONE,-1.0,-0.1,-1.0,-0.1
3,NONE,-1.0,-0.1,-1.0,-0.1
3,NONE,-1.0,-0.1,-1.0,-0.1
3,NONE,-1.0,-0.1,-1.0,-0.1
3,NONE,-1.0,-0.1,-1.0,-0.1
3,NONE,-1.0,-0.1,-1.0,-0.1
3,NONE,-1.0,-0.1,-1.0,-0.1
3,NONE,-1.0,-0.1,-1.0,-0.1
3,NONE,-1.0,-0.1,-1.0,-0.1
3,NONE,-1.0,-0.1,-1.0,-0.1
3,NONE,-1.0,-0.1,-1.0,-0.1
3,NONE,-1.0,-0.1,-1.0,-0.1
3,NONE,-1.0,-0.1,-1.0,-0.1
3,NONE,-1.0,-0.1,-1.0,-0.1
2,EV_B07_C021_Moto_Lineal_Electrica,-1.0,-0.1,7.0,27.8666866997473
1,EV_B07_C021_Moto_Lineal_Electrica,7.0,87.83544599454325,-1.0,27.8666866997473
1,EV_B07_C021_Moto_Lineal_Electrica,6.0,87.83544599454325,-1.0,27.8666866997473
1,EV_B07_C021_Moto_Lineal_Electrica,5.0,87.83544599454325,-1.0,27.8666866997473
1,EV_B07_C021_Moto_Lineal_Electrica,4.0,87.83544599454325,-1.0,27.8666866997473
1,EV_B07_C021_Moto_Lineal_Electrica,3.0,87.83544599454325,-1.0,27.8666866997473
1,EV_B07_C021_Moto_Lineal_Electrica,2.0,87.83544599454325,-1.0,27.8666866997473
1,EV_B07_C021_Moto_Lineal_Electrica,1.0,87.83544599454325,-1.0,27.8666866997473
1,EV_B07_C021_Moto_Lineal_Electrica,0.0,87.83544599454325,-1.0,27.8666866997473
3,NONE,-1.0,-0.1,-1.0,-0.1
3,NONE,-1.0,-0.1,-1.0,-0.1
3,NONE,-1.0,-0.1,-1.0,-0.1
3,NONE,-1.0,-0.1,-1.0,-0.1
3,NONE,-1.0,-0.1,-1.0,-0.1
3,NONE,-1.0,-0.1,-1.0,-0.1
3,NONE,-1.0,-0.1,-1.0,-0.1
3,NONE,-1.0,-0.1,-1.0,-0.1
3,NONE,-1.0,-0.1,-1.0,-0.1
3,NONE,-1.0,-0.1,-1.0,-0.1
3,NONE,-1.0,-0.1,-1.0,-0.1
3,NONE,-1.0,-0.1,-1.0,-0.1
3,NONE,-1.0,-0.1,-1.0,-0.1
3,NONE,-1.0,-0.1,-1.0,-0.1
3,NONE,-1.0,-0.1,-1.0,-0.1
3,NONE,-1.0,-0.1,-1.0,-0.1
3,NONE,-1.0,-0.1,-1.0,-0.1
2,EV_B07_C021_Moto_Lineal_Electrica,-1.0,-0.1,9.0,47.38712051115338
1,EV_B07_C021_Moto_Lineal_Electrica,5.0,82.14018429509778,-1.0,47.38712051115338
1,EV_B07_C021_Moto_Lineal_Electrica,4.0,82.14018429509778,-1.0,47.38712051115338
1,EV_B07_C021_Moto_Lineal_Electrica,3.0,82.14018429509778,-1.0,47.38712051115338
1,EV_B07_C021_Moto_Lineal_Electrica,2.0,82.14018429509778,-1.0,47.38712051115338
1,EV_B07_C021_Moto_Lineal_Electrica,1.0,82.14018429509778,-1.0,47.38712051115338
1,EV_B07_C021_Moto_Lineal_Electrica,0.0,82.14018429509778,-1.0,47.38712051115338
3,NONE,-1.0,-0.1,-1.0,-0.1
3,NONE,-1.0,-0.1,-1.0,-0.1
3,NONE,-1.0,-0.1,-1.0,-0.1
3,NONE,-1.0,-0.1,-1.0,-0.1
3,NONE,-1.0,-0.1,-1.0,-0.1
3,NONE,-1.0,-0.1,-1.0,-0.1
3,NONE,-1.0,-0.1,-1.0,-0.1
3,NONE,-1.0,-0.1,-1.0,-0.1
3,NONE,-1.0,-0.1,-1.0,-0.1
3,NONE,-1.0,-0.1,-1.0,-0.1
3,NONE,-1.0,-0.1,-1.0,-0.1
3,NONE,-1.0,-0.1,-1.0,-0.1
3,NONE,-1.0,-0.1,-1.0,-0.1
3,NONE,-1.0,-0.1,-1.0,-0.1
3,NONE,-1.0,-0.1,-1.0,-0.1
3,NONE,-1.0,-0.1,-1.0,-0.1
2,EV_B07_C021_Moto_Lineal_Electrica,-1.0,-0.1,8.0,16.769338947825396
1,EV_B07_C021_Moto_Lineal_Electrica,6.0,76.42431465090469,-1.0,16.769338947825396
1,EV_B07_C021_Moto_Lineal_Electrica,5.0,76.42431465090469,-1.0,16.769338947825396
1,EV_B07_C021_Moto_Lineal_Electrica,4.0,76.42431465090469,-1.0,16.769338947825396
1,EV_B07_C021_Moto_Lineal_Electrica,3.0,76.42431465090469,-1.0,16.769338947825396
1,EV_B07_C021_Moto_Lineal_Electrica,2.0,76.42431465090469,-1.0,16.769338947825396
1,EV_B07_C021_Moto_Lineal_Electrica,1.0,76.42431465090469,-1.0,16.769338947825396
1,EV_B07_C021_Moto_Lineal_Electrica,0.0,76.42431465090469,-1.0,16.769338947825396
3,NONE,-1.0,-0.1,-1.0,-0.1
3,NONE,-1.0,-0.1,-1.0,-0.1
3,NONE,-1.0,-0.1,-1.0,-0.1
3,NONE,-1.0,-0.1,-1.0,-0.1
3,NONE,-1.0,-0.1,-1.0,-0.1
3,NONE,-1.0,-0.1,-1.0,-0.1
3,NONE,-1.0,-0.1,-1.0,-0.1
3,NONE,-1.0,-0.1,-1.0,-0.1
3,NONE,-1.0,-0.1,-1.0,-0.1
3,NONE,-1.0,-0.1,-1.0,-0.1
3,NONE,-1.0,-0.1,-1.0,-0.1
3,NONE,-1.0,-0.1,-1.0,-0.1
3,NONE,-1.0,-0.1,-1.0,-0.1
3,NONE,-1.0,-0.1,-1.0,-0.1
3,NONE,-1.0,-0.1,-1.0,-0.1
3,NONE,-1.0,-0.1,-1.0,-0.1
3,NONE,-1.0,-0.1,-1.0,-0.1
3,NONE,-1.0,-0.1,-1.0,-0.1
3,NONE,-1.0,-0.1,-1.0,-0.1
3,NONE,-1.0,-0.1,-1.0,-0.1
3,NONE,-1.0,-0.1,-1.0,-0.1
3,NONE,-1.0,-0.1,-1.0,-0.1
3,NONE,-1.0,-0.1,-1.0,-0.1
3,NONE,-1.0,-0.1,-1.0,-0.1
3,NONE,-1.0,-0.1,-1.0,-0.1
3,NONE,-1.0,-0.1,-1.0,-0.1
3,NONE,-1.0,-0.1,-1.0,-0.1
3,NONE,-1.0,-0.1,-1.0,-0.1
3,NONE,-1.0,-0.1,-1.0,-0.1
3,NONE,-1.0,-0.1,-1.0,-0.1
3,NONE,-1.0,-0.1,-1.0,-0.1
3,NONE,-1.0,-0.1,-1.0,-0.1
3,NONE,-1.0,-0.1,-1.0,-0.1
3,NONE,-1.0,-0.1,-1.0,-0.1
3,NONE,-1.0,-0.1,-1.0,-0.1
3,NONE,-1.0,-0.1,-1.0,-0.1
3,NONE,-1.0,-0.1,-1.0,-0.1
3,NONE,-1.0,-0.1,-1.0,-0.1
3,NONE,-1.0,-0.1,-1.0,-0.1
3,NONE,-1.0,-0.1,-1.0,-0.1
3,NONE,-1.0,-0.1,-1.0,-0.1
3,NONE,-1.0,-0.1,-1.0,-0.1
3,NONE,-1.0,-0.1,-1.0,-0.1
3,NONE,-1.0,-0.1,-1.0,-0.1
3,NONE,-1.0,-0.1,-1.0,-0.1
3,NONE,-1.0,-0.1,-1.0,-0.1
3,NONE,-1.0,-0.1,-1.0,-0.1
3,NONE,-1.0,-0.1,-1.0,-0.1
3,NONE,-1.0,-0.1,-1.0,-0.1
3,NONE,-1.0,-0.1,-1.0,-0.1
3,NONE,-1.0,-0.1,-1.0,-0.1
3,NONE,-1.0,-0.1,-1.0,-0.1
3,NONE,-1.0,-0.1,-1.0,-0.1
3,NONE,-1.0,-0.1,-1.0,-0.1
3,NONE,-1.0,-0.1,-1.0,-0.1
3,NONE,-1.0,-0.1,-1.0,-0.1
3,NONE,-1.0,-0.1,-1.0,-0.1
3,NONE,-1.0,-0.1,-1.0,-0.1
3,NONE,-1.0,-0.1,-1.0,-0.1
3,NONE,-1.0,-0.1,-1.0,-0.1
3,NONE,-1.0,-0.1,-1.0,-0.1
3,NONE,-1.0,-0.1,-1.0,-0.1
3,NONE,-1.0,-0.1,-1.0,-0.1
2,EV_B07_C021_Moto_Lineal_Electrica,-1.0,-0.1,7.0,8.08062181125992
1,EV_B07_C021_Moto_Lineal_Electrica,7.0,90.77995095490091,-1.0,8.08062181125992
1,EV_B07_C021_Moto_Lineal_Electrica,6.0,90.77995095490091,-1.0,8.08062181125992
1,EV_B07_C021_Moto_Lineal_Electrica,5.0,90.77995095490091,-1.0,8.08062181125992
1,EV_B07_C021_Moto_Lineal_Electrica,4.0,90.77995095490091,-1.0,8.08062181125992
1,EV_B07_C021_Moto_Lineal_Electrica,3.0,90.77995095490091,-1.0,8.08062181125992
1,EV_B07_C021_Moto_Lineal_Electrica,2.0,90.77995095490091,-1.0,8.08062181125992
1,EV_B07_C021_Moto_Lineal_Electrica,1.0,90.77995095490091,-1.0,8.08062181125992
1,EV_B07_C021_Moto_Lineal_Electrica,0.0,90.77995095490091,-1.0,8.08062181125992
3,NONE,-1.0,-0.1,-1.0,-0.1
3,NONE,-1.0,-0.1,-1.0,-0.1
3,NONE,-1.0,-0.1,-1.0,-0.1
3,NONE,-1.0,-0.1,-1.0,-0.1
3,NONE,-1.0,-0.1,-1.0,-0.1
3,NONE,-1.0,-0.1,-1.0,-0.1
3,NONE,-1.0,-0.1,-1.0,-0.1
3,NONE,-1.0,-0.1,-1.0,-0.1
3,NONE,-1.0,-0.1,-1.0,-0.1
3,NONE,-1.0,-0.1,-1.0,-0.1
3,NONE,-1.0,-0.1,-1.0,-0.1
3,NONE,-1.0,-0.1,-1.0,-0.1
3,NONE,-1.0,-0.1,-1.0,-0.1
3,NONE,-1.0,-0.1,-1.0,-0.1
3,NONE,-1.0,-0.1,-1.0,-0.1
3,NONE,-1.0,-0.1,-1.0,-0.1
3,NONE,-1.0,-0.1,-1.0,-0.1
3,NONE,-1.0,-0.1,-1.0,-0.1
3,NONE,-1.0,-0.1,-1.0,-0.1
3,NONE,-1.0,-0.1,-1.0,-0.1
3,NONE,-1.0,-0.1,-1.0,-0.1
3,NONE,-1.0,-0.1,-1.0,-0.1
3,NONE,-1.0,-0.1,-1.0,-0.1
3,NONE,-1.0,-0.1,-1.0,-0.1
3,NONE,-1.0,-0.1,-1.0,-0.1
3,NONE,-1.0,-0.1,-1.0,-0.1
3,NONE,-1.0,-0.1,-1.0,-0.1
3,NONE,-1.0,-0.1,-1.0,-0.1
3,NONE,-1.0,-0.1,-1.0,-0.1
3,NONE,-1.0,-0.1,-1.0,-0.1
3,NONE,-1.0,-0.1,-1.0,-0.1
3,NONE,-1.0,-0.1,-1.0,-0.1
3,NONE,-1.0,-0.1,-1.0,-0.1
3,NONE,-1.0,-0.1,-1.0,-0.1
3,NONE,-1.0,-0.1,-1.0,-0.1
3,NONE,-1.0,-0.1,-1.0,-0.1
3,NONE,-1.0,-0.1,-1.0,-0.1
3,NONE,-1.0,-0.1,-1.0,-0.1
3,NONE,-1.0,-0.1,-1.0,-0.1
3,NONE,-1.0,-0.1,-1.0,-0.1
2,EV_B07_C021_Moto_Lineal_Electrica,-1.0,-0.1,8.0,27.64779242840188
1,EV_B07_C021_Moto_Lineal_Electrica,6.0,72.36307098346647,-1.0,27.64779242840188
1,EV_B07_C021_Moto_Lineal_Electrica,5.0,72.36307098346647,-1.0,27.64779242840188
1,EV_B07_C021_Moto_Lineal_Electrica,4.0,72.36307098346647,-1.0,27.64779242840188
1,EV_B07_C021_Moto_Lineal_Electrica,3.0,72.36307098346647,-1.0,27.64779242840188
1,EV_B07_C021_Moto_Lineal_Electrica,2.0,72.36307098346647,-1.0,27.64779242840188
1,EV_B07_C021_Moto_Lineal_Electrica,1.0,72.36307098346647,-1.0,27.64779242840188
1,EV_B07_C021_Moto_Lineal_Electrica,0.0,72.36307098346647,-1.0,27.64779242840188
3,NONE,-1.0,-0.1,-1.0,-0.1
3,NONE,-1.0,-0.1,-1.0,-0.1
3,NONE,-1.0,-0.1,-1.0,-0.1
3,NONE,-1.0,-0.1,-1.0,-0.1
3,NONE,-1.0,-0.1,-1.0,-0.1
3,NONE,-1.0,-0.1,-1.0,-0.1
3,NONE,-1.0,-0.1,-1.0,-0.1
3,NONE,-1.0,-0.1,-1.0,-0.1
3,NONE,-1.0,-0.1,-1.0,-0.1
3,NONE,-1.0,-0.1,-1.0,-0.1
3,NONE,-1.0,-0.1,-1.0,-0.1
3,NONE,-1.0,-0.1,-1.0,-0.1
3,NONE,-1.0,-0.1,-1.0,-0.1
3,NONE,-1.0,-0.1,-1.0,-0.1
3,NONE,-1.0,-0.1,-1.0,-0.1
3,NONE,-1.0,-0.1,-1.0,-0.1
2,EV_B07_C021_Moto_Lineal_Electrica,-1.0,-0.1,8.0,26.67997112664416
1,EV_B07_C021_Moto_Lineal_Electrica,6.0,85.4054338450175,-1.0,26.67997112664416
1,EV_B07_C021_Moto_Lineal_Electrica,5.0,85.4054338450175,-1.0,26.67997112664416
1,EV_B07_C021_Moto_Lineal_Electrica,4.0,85.4054338450175,-1.0,26.67997112664416
1,EV_B07_C021_Moto_Lineal_Electrica,3.0,85.4054338450175,-1.0,26.67997112664416
1,EV_B07_C021_Moto_Lineal_Electrica,2.0,85.4054338450175,-1.0,26.67997112664416
1,EV_B07_C021_Moto_Lineal_Electrica,1.0,85.4054338450175,-1.0,26.67997112664416
1,EV_B07_C021_Moto_Lineal_Electrica,0.0,85.4054338450175,-1.0,26.67997112664416
3,NONE,-1.0,-0.1,-1.0,-0.1
3,NONE,-1.0,-0.1,-1.0,-0.1
3,NONE,-1.0,-0.1,-1.0,-0.1
3,NONE,-1.0,-0.1,-1.0,-0.1
3,NONE,-1.0,-0.1,-1.0,-0.1
3,NONE,-1.0,-0.1,-1.0,-0.1
3,NONE,-1.0,-0.1,-1.0,-0.1
3,NONE,-1.0,-0.1,-1.0,-0.1
3,NONE,-1.0,-0.1,-1.0,-0.1
3,NONE,-1.0,-0.1,-1.0,-0.1
3,NONE,-1.0,-0.1,-1.0,-0.1
3,NONE,-1.0,-0.1,-1.0,-0.1
3,NONE,-1.0,-0.1,-1.0,-0.1
3,NONE,-1.0,-0.1,-1.0,-0.1
3,NONE,-1.0,-0.1,-1.0,-0.1
3,NONE,-1.0,-0.1,-1.0,-0.1
2,EV_B07_C021_Moto_Lineal_Electrica,-1.0,-0.1,8.0,5.0
1,EV_B07_C021_Moto_Lineal_Electrica,6.0,85.29735618788578,-1.0,5.0
1,EV_B07_C021_Moto_Lineal_Electrica,5.0,85.29735618788578,-1.0,5.0
1,EV_B07_C021_Moto_Lineal_Electrica,4.0,85.29735618788578,-1.0,5.0
1,EV_B07_C021_Moto_Lineal_Electrica,3.0,85.29735618788578,-1.0,5.0
1,EV_B07_C021_Moto_Lineal_Electrica,2.0,85.29735618788578,-1.0,5.0
1,EV_B07_C021_Moto_Lineal_Electrica,1.0,85.29735618788578,-1.0,5.0
1,EV_B07_C021_Moto_Lineal_Electrica,0.0,85.29735618788578,-1.0,5.0
3,NONE,-1.0,-0.1,-1.0,-0.1
3,NONE,-1.0,-0.1,-1.0,-0.1
3,NONE,-1.0,-0.1,-1.0,-0.1
3,NONE,-1.0,-0.1,-1.0,-0.1
3,NONE,-1.0,-0.1,-1.0,-0.1
3,NONE,-1.0,-0.1,-1.0,-0.1
3,NONE,-1.0,-0.1,-1.0,-0.1
3,NONE,-1.0,-0.1,-1.0,-0.1
3,NONE,-1.0,-0.1,-1.0,-0.1
3,NONE,-1.0,-0.1,-1.0,-0.1
3,NONE,-1.0,-0.1,-1.0,-0.1
3,NONE,-1.0,-0.1,-1.0,-0.1
3,NONE,-1.0,-0.1,-1.0,-0.1
3,NONE,-1.0,-0.1,-1.0,-0.1
3,NONE,-1.0,-0.1,-1.0,-0.1
3,NONE,-1.0,-0.1,-1.0,-0.1
3,NONE,-1.0,-0.1,-1.0,-0.1
3,NONE,-1.0,-0.1,-1.0,-0.1
3,NONE,-1.0,-0.1,-1.0,-0.1
3,NONE,-1.0,-0.1,-1.0,-0.1
3,NONE,-1.0,-0.1,-1.0,-0.1
3,NONE,-1.0,-0.1,-1.0,-0.1
3,NONE,-1.0,-0.1,-1.0,-0.1
3,NONE,-1.0,-0.1,-1.0,-0.1
3,NONE,-1.0,-0.1,-1.0,-0.1
3,NONE,-1.0,-0.1,-1.0,-0.1
3,NONE,-1.0,-0.1,-1.0,-0.1
3,NONE,-1.0,-0.1,-1.0,-0.1
3,NONE,-1.0,-0.1,-1.0,-0.1
3,NONE,-1.0,-0.1,-1.0,-0.1
3,NONE,-1.0,-0.1,-1.0,-0.1
3,NONE,-1.0,-0.1,-1.0,-0.1
3,NONE,-1.0,-0.1,-1.0,-0.1
3,NONE,-1.0,-0.1,-1.0,-0.1
3,NONE,-1.0,-0.1,-1.0,-0.1
3,NONE,-1.0,-0.1,-1.0,-0.1
3,NONE,-1.0,-0.1,-1.0,-0.1
3,NONE,-1.0,-0.1,-1.0,-0.1
3,NONE,-1.0,-0.1,-1.0,-0.1
3,NONE,-1.0,-0.1,-1.0,-0.1
3,NONE,-1.0,-0.1,-1.0,-0.1
3,NONE,-1.0,-0.1,-1.0,-0.1
3,NONE,-1.0,-0.1,-1.0,-0.1
3,NONE,-1.0,-0.1,-1.0,-0.1
3,NONE,-1.0,-0.1,-1.0,-0.1
3,NONE,-1.0,-0.1,-1.0,-0.1
3,NONE,-1.0,-0.1,-1.0,-0.1
3,NONE,-1.0,-0.1,-1.0,-0.1
3,NONE,-1.0,-0.1,-1.0,-0.1
3,NONE,-1.0,-0.1,-1.0,-0.1
3,NONE,-1.0,-0.1,-1.0,-0.1
3,NONE,-1.0,-0.1,-1.0,-0.1
3,NONE,-1.0,-0.1,-1.0,-0.1
3,NONE,-1.0,-0.1,-1.0,-0.1
3,NONE,-1.0,-0.1,-1.0,-0.1
3,NONE,-1.0,-0.1,-1.0,-0.1
3,NONE,-1.0,-0.1,-1.0,-0.1
3,NONE,-1.0,-0.1,-1.0,-0.1
3,NONE,-1.0,-0.1,-1.0,-0.1
3,NONE,-1.0,-0.1,-1.0,-0.1
3,NONE,-1.0,-0.1,-1.0,-0.1
3,NONE,-1.0,-0.1,-1.0,-0.1
3,NONE,-1.0,-0.1,-1.0,-0.1
3,NONE,-1.0,-0.1,-1.0,-0.1
3,NONE,-1.0,-0.1,-1.0,-0.1
3,NONE,-1.0,-0.1,-1.0,-0.1
3,NONE,-1.0,-0.1,-1.0,-0.1
3,NONE,-1.0,-0.1,-1.0,-0.1
3,NONE,-1.0,-0.1,-1.0,-0.1
3,NONE,-1.0,-0.1,-1.0,-0.1
3,NONE,-1.0,-0.1,-1.0,-0.1
3,NONE,-1.0,-0.1,-1.0,-0.1
3,NONE,-1.0,-0.1,-1.0,-0.1
3,NONE,-1.0,-0.1,-1.0,-0.1
3,NONE,-1.0,-0.1,-1.0,-0.1
3,NONE,-1.0,-0.1,-1.0,-0.1
3,NONE,-1.0,-0.1,-1.0,-0.1
3,NONE,-1.0,-0.1,-1.0,-0.1
3,NONE,-1.0,-0.1,-1.0,-0.1
3,NONE,-1.0,-0.1,-1.0,-0.1
3,NONE,-1.0,-0.1,-1.0,-0.1
3,NONE,-1.0,-0.1,-1.0,-0.1
3,NONE,-1.0,-0.1,-1.0,-0.1
3,NONE,-1.0,-0.1,-1.0,-0.1
3,NONE,-1.0,-0.1,-1.0,-0.1
3,NONE,-1.0,-0.1,-1.0,-0.1
3,NONE,-1.0,-0.1,-1.0,-0.1
2,EV_B07_C021_Moto_Lineal_Electrica,-1.0,-0.1,7.0,22.45098294973807
1,EV_B07_C021_Moto_Lineal_Electrica,7.0,96.5981375273661,-1.0,22.45098294973807
1,EV_B07_C021_Moto_Lineal_Electrica,6.0,96.5981375273661,-1.0,22.45098294973807
1,EV_B07_C021_Moto_Lineal_Electrica,5.0,96.5981375273661,-1.0,22.45098294973807
1,EV_B07_C021_Moto_Lineal_Electrica,4.0,96.5981375273661,-1.0,22.45098294973807
1,EV_B07_C021_Moto_Lineal_Electrica,3.0,96.5981375273661,-1.0,22.45098294973807
1,EV_B07_C021_Moto_Lineal_Electrica,2.0,96.5981375273661,-1.0,22.45098294973807
1,EV_B07_C021_Moto_Lineal_Electrica,1.0,96.5981375273661,-1.0,22.45098294973807
1,EV_B07_C021_Moto_Lineal_Electrica,0.0,96.5981375273661,-1.0,22.45098294973807
3,NONE,-1.0,-0.1,-1.0,-0.1
3,NONE,-1.0,-0.1,-1.0,-0.1
3,NONE,-1.0,-0.1,-1.0,-0.1
3,NONE,-1.0,-0.1,-1.0,-0.1
3,NONE,-1.0,-0.1,-1.0,-0.1
3,NONE,-1.0,-0.1,-1.0,-0.1
3,NONE,-1.0,-0.1,-1.0,-0.1
3,NONE,-1.0,-0.1,-1.0,-0.1
3,NONE,-1.0,-0.1,-1.0,-0.1
3,NONE,-1.0,-0.1,-1.0,-0.1
3,NONE,-1.0,-0.1,-1.0,-0.1
3,NONE,-1.0,-0.1,-1.0,-0.1
3,NONE,-1.0,-0.1,-1.0,-0.1
3,NONE,-1.0,-0.1,-1.0,-0.1
3,NONE,-1.0,-0.1,-1.0,-0.1
3,NONE,-1.0,-0.1,-1.0,-0.1
3,NONE,-1.0,-0.1,-1.0,-0.1
3,NONE,-1.0,-0.1,-1.0,-0.1
3,NONE,-1.0,-0.1,-1.0,-0.1
3,NONE,-1.0,-0.1,-1.0,-0.1
3,NONE,-1.0,-0.1,-1.0,-0.1
3,NONE,-1.0,-0.1,-1.0,-0.1
3,NONE,-1.0,-0.1,-1.0,-0.1
3,NONE,-1.0,-0.1,-1.0,-0.1
3,NONE,-1.0,-0.1,-1.0,-0.1
3,NONE,-1.0,-0.1,-1.0,-0.1
3,NONE,-1.0,-0.1,-1.0,-0.1
3,NONE,-1.0,-0.1,-1.0,-0.1
3,NONE,-1.0,-0.1,-1.0,-0.1
3,NONE,-1.0,-0.1,-1.0,-0.1
3,NONE,-1.0,-0.1,-1.0,-0.1
3,NONE,-1.0,-0.1,-1.0,-0.1
3,NONE,-1.0,-0.1,-1.0,-0.1
3,NONE,-1.0,-0.1,-1.0,-0.1
3,NONE,-1.0,-0.1,-1.0,-0.1
3,NONE,-1.0,-0.1,-1.0,-0.1
3,NONE,-1.0,-0.1,-1.0,-0.1
3,NONE,-1.0,-0.1,-1.0,-0.1
3,NONE,-1.0,-0.1,-1.0,-0.1
3,NONE,-1.0,-0.1,-1.0,-0.1
3,NONE,-1.0,-0.1,-1.0,-0.1
3,NONE,-1.0,-0.1,-1.0,-0.1
3,NONE,-1.0,-0.1,-1.0,-0.1
3,NONE,-1.0,-0.1,-1.0,-0.1
3,NONE,-1.0,-0.1,-1.0,-0.1
3,NONE,-1.0,-0.1,-1.0,-0.1
3,NONE,-1.0,-0.1,-1.0,-0.1
3,NONE,-1.0,-0.1,-1.0,-0.1
3,NONE,-1.0,-0.1,-1.0,-0.1
3,NONE,-1.0,-0.1,-1.0,-0.1
3,NONE,-1.0,-0.1,-1.0,-0.1
3,NONE,-1.0,-0.1,-1.0,-0.1
3,NONE,-1.0,-0.1,-1.0,-0.1
3,NONE,-1.0,-0.1,-1.0,-0.1
3,NONE,-1.0,-0.1,-1.0,-0.1
3,NONE,-1.0,-0.1,-1.0,-0.1
3,NONE,-1.0,-0.1,-1.0,-0.1
3,NONE,-1.0,-0.1,-1.0,-0.1
3,NONE,-1.0,-0.1,-1.0,-0.1
3,NONE,-1.0,-0.1,-1.0,-0.1
3,NONE,-1.0,-0.1,-1.0,-0.1
3,NONE,-1.0,-0.1,-1.0,-0.1
3,NONE,-1.0,-0.1,-1.0,-0.1
3,NONE,-1.0,-0.1,-1.0,-0.1
3,NONE,-1.0,-0.1,-1.0,-0.1
3,NONE,-1.0,-0.1,-1.0,-0.1
3,NONE,-1.0,-0.1,-1.0,-0.1
3,NONE,-1.0,-0.1,-1.0,-0.1
3,NONE,-1.0,-0.1,-1.0,-0.1
3,NONE,-1.0,-0.1,-1.0,-0.1
3,NONE,-1.0,-0.1,-1.0,-0.1
3,NONE,-1.0,-0.1,-1.0,-0.1
3,NONE,-1.0,-0.1,-1.0,-0.1
3,NONE,-1.0,-0.1,-1.0,-0.1
3,NONE,-1.0,-0.1,-1.0,-0.1
3,NONE,-1.0,-0.1,-1.0,-0.1
3,NONE,-1.0,-0.1,-1.0,-0.1
3,NONE,-1.0,-0.1,-1.0,-0.1
3,NONE,-1.0,-0.1,-1.0,-0.1
3,NONE,-1.0,-0.1,-1.0,-0.1
3,NONE,-1.0,-0.1,-1.0,-0.1
3,NONE,-1.0,-0.1,-1.0,-0.1
3,NONE,-1.0,-0.1,-1.0,-0.1
3,NONE,-1.0,-0.1,-1.0,-0.1
3,NONE,-1.0,-0.1,-1.0,-0.1
3,NONE,-1.0,-0.1,-1.0,-0.1
3,NONE,-1.0,-0.1,-1.0,-0.1
3,NONE,-1.0,-0.1,-1.0,-0.1
3,NONE,-1.0,-0.1,-1.0,-0.1
3,NONE,-1.0,-0.1,-1.0,-0.1
3,NONE,-1.0,-0.1,-1.0,-0.1
3,NONE,-1.0,-0.1,-1.0,-0.1
3,NONE,-1.0,-0.1,-1.0,-0.1
3,NONE,-1.0,-0.1,-1.0,-0.1
3,NONE,-1.0,-0.1,-1.0,-0.1
3,NONE,-1.0,-0.1,-1.0,-0.1
3,NONE,-1.0,-0.1,-1.0,-0.1
3,NONE,-1.0,-0.1,-1.0,-0.1
3,NONE,-1.0,-0.1,-1.0,-0.1
3,NONE,-1.0,-0.1,-1.0,-0.1
3,NONE,-1.0,-0.1,-1.0,-0.1
3,NONE,-1.0,-0.1,-1.0,-0.1
3,NONE,-1.0,-0.1,-1.0,-0.1
3,NONE,-1.0,-0.1,-1.0,-0.1
3,NONE,-1.0,-0.1,-1.0,-0.1
3,NONE,-1.0,-0.1,-1.0,-0.1
3,NONE,-1.0,-0.1,-1.0,-0.1
3,NONE,-1.0,-0.1,-1.0,-0.1
3,NONE,-1.0,-0.1,-1.0,-0.1
3,NONE,-1.0,-0.1,-1.0,-0.1
3,NONE,-1.0,-0.1,-1.0,-0.1
3,NONE,-1.0,-0.1,-1.0,-0.1
3,NONE,-1.0,-0.1,-1.0,-0.1
3,NONE,-1.0,-0.1,-1.0,-0.1
3,NONE,-1.0,-0.1,-1.0,-0.1
3,NONE,-1.0,-0.1,-1.0,-0.1
3,NONE,-1.0,-0.1,-1.0,-0.1
3,NONE,-1.0,-0.1,-1.0,-0.1
3,NONE,-1.0,-0.1,-1.0,-0.1
3,NONE,-1.0,-0.1,-1.0,-0.1
3,NONE,-1.0,-0.1,-1.0,-0.1
3,NONE,-1.0,-0.1,-1.0,-0.1
3,NONE,-1.0,-0.1,-1.0,-0.1
3,NONE,-1.0,-0.1,-1.0,-0.1
3,NONE,-1.0,-0.1,-1.0,-0.1
3,NONE,-1.0,-0.1,-1.0,-0.1
3,NONE,-1.0,-0.1,-1.0,-0.1
3,NONE,-1.0,-0.1,-1.0,-0.1
3,NONE,-1.0,-0.1,-1.0,-0.1
3,NONE,-1.0,-0.1,-1.0,-0.1
3,NONE,-1.0,-0.1,-1.0,-0.1
3,NONE,-1.0,-0.1,-1.0,-0.1
3,NONE,-1.0,-0.1,-1.0,-0.1
3,NONE,-1.0,-0.1,-1.0,-0.1
3,NONE,-1.0,-0.1,-1.0,-0.1
3,NONE,-1.0,-0.1,-1.0,-0.1
3,NONE,-1.0,-0.1,-1.0,-0.1
3,NONE,-1.0,-0.1,-1.0,-0.1
3,NONE,-1.0,-0.1,-1.0,-0.1
3,NONE,-1.0,-0.1,-1.0,-0.1
3,NONE,-1.0,-0.1,-1.0,-0.1
3,NONE,-1.0,-0.1,-1.0,-0.1
3,NONE,-1.0,-0.1,-1.0,-0.1
3,NONE,-1.0,-0.1,-1.0,-0.1
3,NONE,-1.0,-0.1,-1.0,-0.1
3,NONE,-1.0,-0.1,-1.0,-0.1
3,NONE,-1.0,-0.1,-1.0,-0.1
3,NONE,-1.0,-0.1,-1.0,-0.1
3,NONE,-1.0,-0.1,-1.0,-0.1
3,NONE,-1.0,-0.1,-1.0,-0.1
3,NONE,-1.0,-0.1,-1.0,-0.1
3,NONE,-1.0,-0.1,-1.0,-0.1
3,NONE,-1.0,-0.1,-1.0,-0.1
3,NONE,-1.0,-0.1,-1.0,-0.1
3,NONE,-1.0,-0.1,-1.0,-0.1
3,NONE,-1.0,-0.1,-1.0,-0.1
3,NONE,-1.0,-0.1,-1.0,-0.1
3,NONE,-1.0,-0.1,-1.0,-0.1
3,NONE,-1.0,-0.1,-1.0,-0.1
2,EV_B07_C021_Moto_Lineal_Electrica,-1.0,-0.1,7.0,45.87600188320934
1,EV_B07_C021_Moto_Lineal_Electrica,7.0,88.04042989590309,-1.0,45.87600188320934
1,EV_B07_C021_Moto_Lineal_Electrica,6.0,88.04042989590309,-1.0,45.87600188320934
1,EV_B07_C021_Moto_Lineal_Electrica,5.0,88.04042989590309,-1.0,45.87600188320934
1,EV_B07_C021_Moto_Lineal_Electrica,4.0,88.04042989590309,-1.0,45.87600188320934
1,EV_B07_C021_Moto_Lineal_Electrica,3.0,88.04042989590309,-1.0,45.87600188320934
1,EV_B07_C021_Moto_Lineal_Electrica,2.0,88.04042989590309,-1.0,45.87600188320934
1,EV_B07_C021_Moto_Lineal_Electrica,1.0,88.04042989590309,-1.0,45.87600188320934
1,EV_B07_C021_Moto_Lineal_Electrica,0.0,88.04042989590309,-1.0,45.87600188320934
3,NONE,-1.0,-0.1,-1.0,-0.1
3,NONE,-1.0,-0.1,-1.0,-0.1
3,NONE,-1.0,-0.1,-1.0,-0.1
3,NONE,-1.0,-0.1,-1.0,-0.1
3,NONE,-1.0,-0.1,-1.0,-0.1
3,NONE,-1.0,-0.1,-1.0,-0.1
3,NONE,-1.0,-0.1,-1.0,-0.1
3,NONE,-1.0,-0.1,-1.0,-0.1
3,NONE,-1.0,-0.1,-1.0,-0.1
3,NONE,-1.0,-0.1,-1.0,-0.1
3,NONE,-1.0,-0.1,-1.0,-0.1
3,NONE,-1.0,-0.1,-1.0,-0.1
3,NONE,-1.0,-0.1,-1.0,-0.1
3,NONE,-1.0,-0.1,-1.0,-0.1
3,NONE,-1.0,-0.1,-1.0,-0.1
2,EV_B07_C021_Moto_Lineal_Electrica,-1.0,-0.1,7.0,38.03370472635062
1,EV_B07_C021_Moto_Lineal_Electrica,7.0,85.86074792884399,-1.0,38.03370472635062
1,EV_B07_C021_Moto_Lineal_Electrica,6.0,85.86074792884399,-1.0,38.03370472635062
1,EV_B07_C021_Moto_Lineal_Electrica,5.0,85.86074792884399,-1.0,38.03370472635062
1,EV_B07_C021_Moto_Lineal_Electrica,4.0,85.86074792884399,-1.0,38.03370472635062
1,EV_B07_C021_Moto_Lineal_Electrica,3.0,85.86074792884399,-1.0,38.03370472635062
1,EV_B07_C021_Moto_Lineal_Electrica,2.0,85.86074792884399,-1.0,38.03370472635062
1,EV_B07_C021_Moto_Lineal_Electrica,1.0,85.86074792884399,-1.0,38.03370472635062
1,EV_B07_C021_Moto_Lineal_Electrica,0.0,85.86074792884399,-1.0,38.03370472635062
3,NONE,-1.0,-0.1,-1.0,-0.1
3,NONE,-1.0,-0.1,-1.0,-0.1
3,NONE,-1.0,-0.1,-1.0,-0.1
3,NONE,-1.0,-0.1,-1.0,-0.1
3,NONE,-1.0,-0.1,-1.0,-0.1
3,NONE,-1.0,-0.1,-1.0,-0.1
3,NONE,-1.0,-0.1,-1.0,-0.1
3,NONE,-1.0,-0.1,-1.0,-0.1
3,NONE,-1.0,-0.1,-1.0,-0.1
3,NONE,-1.0,-0.1,-1.0,-0.1
3,NONE,-1.0,-0.1,-1.0,-0.1
3,NONE,-1.0,-0.1,-1.0,-0.1
3,NONE,-1.0,-0.1,-1.0,-0.1
3,NONE,-1.0,-0.1,-1.0,-0.1
3,NONE,-1.0,-0.1,-1.0,-0.1
3,NONE,-1.0,-0.1,-1.0,-0.1
3,NONE,-1.0,-0.1,-1.0,-0.1
3,NONE,-1.0,-0.1,-1.0,-0.1
3,NONE,-1.0,-0.1,-1.0,-0.1
3,NONE,-1.0,-0.1,-1.0,-0.1
3,NONE,-1.0,-0.1,-1.0,-0.1
3,NONE,-1.0,-0.1,-1.0,-0.1
3,NONE,-1.0,-0.1,-1.0,-0.1
3,NONE,-1.0,-0.1,-1.0,-0.1
3,NONE,-1.0,-0.1,-1.0,-0.1
3,NONE,-1.0,-0.1,-1.0,-0.1
3,NONE,-1.0,-0.1,-1.0,-0.1
3,NONE,-1.0,-0.1,-1.0,-0.1
3,NONE,-1.0,-0.1,-1.0,-0.1
3,NONE,-1.0,-0.1,-1.0,-0.1
3,NONE,-1.0,-0.1,-1.0,-0.1
3,NONE,-1.0,-0.1,-1.0,-0.1
3,NONE,-1.0,-0.1,-1.0,-0.1
3,NONE,-1.0,-0.1,-1.0,-0.1
3,NONE,-1.0,-0.1,-1.0,-0.1
3,NONE,-1.0,-0.1,-1.0,-0.1
3,NONE,-1.0,-0.1,-1.0,-0.1
3,NONE,-1.0,-0.1,-1.0,-0.1
3,NONE,-1.0,-0.1,-1.0,-0.1
3,NONE,-1.0,-0.1,-1.0,-0.1
3,NONE,-1.0,-0.1,-1.0,-0.1
3,NONE,-1.0,-0.1,-1.0,-0.1
3,NONE,-1.0,-0.1,-1.0,-0.1
3,NONE,-1.0,-0.1,-1.0,-0.1
3,NONE,-1.0,-0.1,-1.0,-0.1
3,NONE,-1.0,-0.1,-1.0,-0.1
3,NONE,-1.0,-0.1,-1.0,-0.1
3,NONE,-1.0,-0.1,-1.0,-0.1
3,NONE,-1.0,-0.1,-1.0,-0.1
3,NONE,-1.0,-0.1,-1.0,-0.1
3,NONE,-1.0,-0.1,-1.0,-0.1
3,NONE,-1.0,-0.1,-1.0,-0.1
3,NONE,-1.0,-0.1,-1.0,-0.1
3,NONE,-1.0,-0.1,-1.0,-0.1
3,NONE,-1.0,-0.1,-1.0,-0.1
3,NONE,-1.0,-0.1,-1.0,-0.1
3,NONE,-1.0,-0.1,-1.0,-0.1
3,NONE,-1.0,-0.1,-1.0,-0.1
3,NONE,-1.0,-0.1,-1.0,-0.1
3,NONE,-1.0,-0.1,-1.0,-0.1
3,NONE,-1.0,-0.1,-1.0,-0.1
3,NONE,-1.0,-0.1,-1.0,-0.1
3,NONE,-1.0,-0.1,-1.0,-0.1
3,NONE,-1.0,-0.1,-1.0,-0.1
3,NONE,-1.0,-0.1,-1.0,-0.1
3,NONE,-1.0,-0.1,-1.0,-0.1
3,NONE,-1.0,-0.1,-1.0,-0.1
3,NONE,-1.0,-0.1,-1.0,-0.1
3,NONE,-1.0,-0.1,-1.0,-0.1
3,NONE,-1.0,-0.1,-1.0,-0.1
3,NONE,-1.0,-0.1,-1.0,-0.1
3,NONE,-1.0,-0.1,-1.0,-0.1
3,NONE,-1.0,-0.1,-1.0,-0.1
3,NONE,-1.0,-0.1,-1.0,-0.1
3,NONE,-1.0,-0.1,-1.0,-0.1
3,NONE,-1.0,-0.1,-1.0,-0.1
3,NONE,-1.0,-0.1,-1.0,-0.1
3,NONE,-1.0,-0.1,-1.0,-0.1
3,NONE,-1.0,-0.1,-1.0,-0.1
3,NONE,-1.0,-0.1,-1.0,-0.1
3,NONE,-1.0,-0.1,-1.0,-0.1
3,NONE,-1.0,-0.1,-1.0,-0.1
3,NONE,-1.0,-0.1,-1.0,-0.1
3,NONE,-1.0,-0.1,-1.0,-0.1
3,NONE,-1.0,-0.1,-1.0,-0.1
3,NONE,-1.0,-0.1,-1.0,-0.1
3,NONE,-1.0,-0.1,-1.0,-0.1
3,NONE,-1.0,-0.1,-1.0,-0.1
3,NONE,-1.0,-0.1,-1.0,-0.1
3,NONE,-1.0,-0.1,-1.0,-0.1
3,NONE,-1.0,-0.1,-1.0,-0.1
3,NONE,-1.0,-0.1,-1.0,-0.1
3,NONE,-1.0,-0.1,-1.0,-0.1
3,NONE,-1.0,-0.1,-1.0,-0.1
3,NONE,-1.0,-0.1,-1.0,-0.1
3,NONE,-1.0,-0.1,-1.0,-0.1
3,NONE,-1.0,-0.1,-1.0,-0.1
3,NONE,-1.0,-0.1,-1.0,-0.1
3,NONE,-1.0,-0.1,-1.0,-0.1
3,NONE,-1.0,-0.1,-1.0,-0.1
3,NONE,-1.0,-0.1,-1.0,-0.1
3,NONE,-1.0,-0.1,-1.0,-0.1
3,NONE,-1.0,-0.1,-1.0,-0.1
3,NONE,-1.0,-0.1,-1.0,-0.1
3,NONE,-1.0,-0.1,-1.0,-0.1
3,NONE,-1.0,-0.1,-1.0,-0.1
3,NONE,-1.0,-0.1,-1.0,-0.1
3,NONE,-1.0,-0.1,-1.0,-0.1
3,NONE,-1.0,-0.1,-1.0,-0.1
3,NONE,-1.0,-0.1,-1.0,-0.1
3,NONE,-1.0,-0.1,-1.0,-0.1
2,EV_B07_C021_Moto_Lineal_Electrica,-1.0,-0.1,7.0,31.392910028562067
1,EV_B07_C021_Moto_Lineal_Electrica,7.0,81.91742938412361,-1.0,31.392910028562067
1,EV_B07_C021_Moto_Lineal_Electrica,6.0,81.91742938412361,-1.0,31.392910028562067
1,EV_B07_C021_Moto_Lineal_Electrica,5.0,81.91742938412361,-1.0,31.392910028562067
1,EV_B07_C021_Moto_Lineal_Electrica,4.0,81.91742938412361,-1.0,31.392910028562067
1,EV_B07_C021_Moto_Lineal_Electrica,3.0,81.91742938412361,-1.0,31.392910028562067
1,EV_B07_C021_Moto_Lineal_Electrica,2.0,81.91742938412361,-1.0,31.392910028562067
1,EV_B07_C021_Moto_Lineal_Electrica,1.0,81.91742938412361,-1.0,31.392910028562067
1,EV_B07_C021_Moto_Lineal_Electrica,0.0,81.91742938412361,-1.0,31.392910028562067
3,NONE,-1.0,-0.1,-1.0,-0.1
3,NONE,-1.0,-0.1,-1.0,-0.1
3,NONE,-1.0,-0.1,-1.0,-0.1
3,NONE,-1.0,-0.1,-1.0,-0.1
3,NONE,-1.0,-0.1,-1.0,-0.1
3,NONE,-1.0,-0.1,-1.0,-0.1
3,NONE,-1.0,-0.1,-1.0,-0.1
3,NONE,-1.0,-0.1,-1.0,-0.1
3,NONE,-1.0,-0.1,-1.0,-0.1
3,NONE,-1.0,-0.1,-1.0,-0.1
3,NONE,-1.0,-0.1,-1.0,-0.1
3,NONE,-1.0,-0.1,-1.0,-0.1
3,NONE,-1.0,-0.1,-1.0,-0.1
3,NONE,-1.0,-0.1,-1.0,-0.1
3,NONE,-1.0,-0.1,-1.0,-0.1
3,NONE,-1.0,-0.1,-1.0,-0.1
3,NONE,-1.0,-0.1,-1.0,-0.1
3,NONE,-1.0,-0.1,-1.0,-0.1
3,NONE,-1.0,-0.1,-1.0,-0.1
3,NONE,-1.0,-0.1,-1.0,-0.1
3,NONE,-1.0,-0.1,-1.0,-0.1
3,NONE,-1.0,-0.1,-1.0,-0.1
3,NONE,-1.0,-0.1,-1.0,-0.1
3,NONE,-1.0,-0.1,-1.0,-0.1
3,NONE,-1.0,-0.1,-1.0,-0.1
3,NONE,-1.0,-0.1,-1.0,-0.1
3,NONE,-1.0,-0.1,-1.0,-0.1
3,NONE,-1.0,-0.1,-1.0,-0.1
3,NONE,-1.0,-0.1,-1.0,-0.1
3,NONE,-1.0,-0.1,-1.0,-0.1
3,NONE,-1.0,-0.1,-1.0,-0.1
3,NONE,-1.0,-0.1,-1.0,-0.1
3,NONE,-1.0,-0.1,-1.0,-0.1
3,NONE,-1.0,-0.1,-1.0,-0.1
3,NONE,-1.0,-0.1,-1.0,-0.1
3,NONE,-1.0,-0.1,-1.0,-0.1
3,NONE,-1.0,-0.1,-1.0,-0.1
3,NONE,-1.0,-0.1,-1.0,-0.1
3,NONE,-1.0,-0.1,-1.0,-0.1
3,NONE,-1.0,-0.1,-1.0,-0.1
3,NONE,-1.0,-0.1,-1.0,-0.1
3,NONE,-1.0,-0.1,-1.0,-0.1
3,NONE,-1.0,-0.1,-1.0,-0.1
3,NONE,-1.0,-0.1,-1.0,-0.1
3,NONE,-1.0,-0.1,-1.0,-0.1
3,NONE,-1.0,-0.1,-1.0,-0.1
3,NONE,-1.0,-0.1,-1.0,-0.1
3,NONE,-1.0,-0.1,-1.0,-0.1
3,NONE,-1.0,-0.1,-1.0,-0.1
3,NONE,-1.0,-0.1,-1.0,-0.1
3,NONE,-1.0,-0.1,-1.0,-0.1
3,NONE,-1.0,-0.1,-1.0,-0.1
3,NONE,-1.0,-0.1,-1.0,-0.1
3,NONE,-1.0,-0.1,-1.0,-0.1
3,NONE,-1.0,-0.1,-1.0,-0.1
3,NONE,-1.0,-0.1,-1.0,-0.1
3,NONE,-1.0,-0.1,-1.0,-0.1
3,NONE,-1.0,-0.1,-1.0,-0.1
3,NONE,-1.0,-0.1,-1.0,-0.1
3,NONE,-1.0,-0.1,-1.0,-0.1
3,NONE,-1.0,-0.1,-1.0,-0.1
3,NONE,-1.0,-0.1,-1.0,-0.1
3,NONE,-1.0,-0.1,-1.0,-0.1
3,NONE,-1.0,-0.1,-1.0,-0.1
2,EV_B07_C021_Moto_Lineal_Electrica,-1.0,-0.1,8.0,27.640024521587684
1,EV_B07_C021_Moto_Lineal_Electrica,6.0,95.62800781540258,-1.0,27.640024521587684
1,EV_B07_C021_Moto_Lineal_Electrica,5.0,95.62800781540258,-1.0,27.640024521587684
1,EV_B07_C021_Moto_Lineal_Electrica,4.0,95.62800781540258,-1.0,27.640024521587684
1,EV_B07_C021_Moto_Lineal_Electrica,3.0,95.62800781540258,-1.0,27.640024521587684
1,EV_B07_C021_Moto_Lineal_Electrica,2.0,95.62800781540258,-1.0,27.640024521587684
1,EV_B07_C021_Moto_Lineal_Electrica,1.0,95.62800781540258,-1.0,27.640024521587684
1,EV_B07_C021_Moto_Lineal_Electrica,0.0,95.62800781540258,-1.0,27.640024521587684
3,NONE,-1.0,-0.1,-1.0,-0.1
3,NONE,-1.0,-0.1,-1.0,-0.1
3,NONE,-1.0,-0.1,-1.0,-0.1
3,NONE,-1.0,-0.1,-1.0,-0.1
3,NONE,-1.0,-0.1,-1.0,-0.1
3,NONE,-1.0,-0.1,-1.0,-0.1
3,NONE,-1.0,-0.1,-1.0,-0.1
3,NONE,-1.0,-0.1,-1.0,-0.1
3,NONE,-1.0,-0.1,-1.0,-0.1
3,NONE,-1.0,-0.1,-1.0,-0.1
3,NONE,-1.0,-0.1,-1.0,-0.1
3,NONE,-1.0,-0.1,-1.0,-0.1
3,NONE,-1.0,-0.1,-1.0,-0.1
3,NONE,-1.0,-0.1,-1.0,-0.1
3,NONE,-1.0,-0.1,-1.0,-0.1
3,NONE,-1.0,-0.1,-1.0,-0.1
3,NONE,-1.0,-0.1,-1.0,-0.1
3,NONE,-1.0,-0.1,-1.0,-0.1
2,EV_B07_C021_Moto_Lineal_Electrica,-1.0,-0.1,10.0,33.41053441660872
1,EV_B07_C021_Moto_Lineal_Electrica,4.0,76.44857958094269,-1.0,33.41053441660872
1,EV_B07_C021_Moto_Lineal_Electrica,3.0,76.44857958094269,-1.0,33.41053441660872
1,EV_B07_C021_Moto_Lineal_Electrica,2.0,76.44857958094269,-1.0,33.41053441660872
1,EV_B07_C021_Moto_Lineal_Electrica,1.0,76.44857958094269,-1.0,33.41053441660872
1,EV_B07_C021_Moto_Lineal_Electrica,0.0,76.44857958094269,-1.0,33.41053441660872
3,NONE,-1.0,-0.1,-1.0,-0.1
3,NONE,-1.0,-0.1,-1.0,-0.1
3,NONE,-1.0,-0.1,-1.0,-0.1
3,NONE,-1.0,-0.1,-1.0,-0.1
3,NONE,-1.0,-0.1,-1.0,-0.1
3,NONE,-1.0,-0.1,-1.0,-0.1
3,NONE,-1.0,-0.1,-1.0,-0.1
3,NONE,-1.0,-0.1,-1.0,-0.1
3,NONE,-1.0,-0.1,-1.0,-0.1
3,NONE,-1.0,-0.1,-1.0,-0.1
3,NONE,-1.0,-0.1,-1.0,-0.1
3,NONE,-1.0,-0.1,-1.0,-0.1
3,NONE,-1.0,-0.1,-1.0,-0.1
3,NONE,-1.0,-0.1,-1.0,-0.1
3,NONE,-1.0,-0.1,-1.0,-0.1
3,NONE,-1.0,-0.1,-1.0,-0.1
3,NONE,-1.0,-0.1,-1.0,-0.1
3,NONE,-1.0,-0.1,-1.0,-0.1
3,NONE,-1.0,-0.1,-1.0,-0.1
3,NONE,-1.0,-0.1,-1.0,-0.1
3,NONE,-1.0,-0.1,-1.0,-0.1
3,NONE,-1.0,-0.1,-1.0,-0.1
3,NONE,-1.0,-0.1,-1.0,-0.1
3,NONE,-1.0,-0.1,-1.0,-0.1
3,NONE,-1.0,-0.1,-1.0,-0.1
3,NONE,-1.0,-0.1,-1.0,-0.1
3,NONE,-1.0,-0.1,-1.0,-0.1
3,NONE,-1.0,-0.1,-1.0,-0.1
3,NONE,-1.0,-0.1,-1.0,-0.1
3,NONE,-1.0,-0.1,-1.0,-0.1
3,NONE,-1.0,-0.1,-1.0,-0.1
3,NONE,-1.0,-0.1,-1.0,-0.1
3,NONE,-1.0,-0.1,-1.0,-0.1
3,NONE,-1.0,-0.1,-1.0,-0.1
3,NONE,-1.0,-0.1,-1.0,-0.1
3,NONE,-1.0,-0.1,-1.0,-0.1
3,NONE,-1.0,-0.1,-1.0,-0.1
3,NONE,-1.0,-0.1,-1.0,-0.1
3,NONE,-1.0,-0.1,-1.0,-0.1
3,NONE,-1.0,-0.1,-1.0,-0.1
3,NONE,-1.0,-0.1,-1.0,-0.1
3,NONE,-1.0,-0.1,-1.0,-0.1
3,NONE,-1.0,-0.1,-1.0,-0.1
3,NONE,-1.0,-0.1,-1.0,-0.1
3,NONE,-1.0,-0.1,-1.0,-0.1
3,NONE,-1.0,-0.1,-1.0,-0.1
3,NONE,-1.0,-0.1,-1.0,-0.1
3,NONE,-1.0,-0.1,-1.0,-0.1
3,NONE,-1.0,-0.1,-1.0,-0.1
3,NONE,-1.0,-0.1,-1.0,-0.1
3,NONE,-1.0,-0.1,-1.0,-0.1
3,NONE,-1.0,-0.1,-1.0,-0.1
3,NONE,-1.0,-0.1,-1.0,-0.1
3,NONE,-1.0,-0.1,-1.0,-0.1
3,NONE,-1.0,-0.1,-1.0,-0.1
3,NONE,-1.0,-0.1,-1.0,-0.1
3,NONE,-1.0,-0.1,-1.0,-0.1
3,NONE,-1.0,-0.1,-1.0,-0.1
3,NONE,-1.0,-0.1,-1.0,-0.1
3,NONE,-1.0,-0.1,-1.0,-0.1
3,NONE,-1.0,-0.1,-1.0,-0.1
3,NONE,-1.0,-0.1,-1.0,-0.1
3,NONE,-1.0,-0.1,-1.0,-0.1
3,NONE,-1.0,-0.1,-1.0,-0.1
2,EV_B07_C021_Moto_Lineal_Electrica,-1.0,-0.1,8.0,34.84456039192914
1,EV_B07_C021_Moto_Lineal_Electrica,6.0,87.13593996781032,-1.0,34.84456039192914
1,EV_B07_C021_Moto_Lineal_Electrica,5.0,87.13593996781032,-1.0,34.84456039192914
1,EV_B07_C021_Moto_Lineal_Electrica,4.0,87.13593996781032,-1.0,34.84456039192914
1,EV_B07_C021_Moto_Lineal_Electrica,3.0,87.13593996781032,-1.0,34.84456039192914
1,EV_B07_C021_Moto_Lineal_Electrica,2.0,87.13593996781032,-1.0,34.84456039192914
1,EV_B07_C021_Moto_Lineal_Electrica,1.0,87.13593996781032,-1.0,34.84456039192914
1,EV_B07_C021_Moto_Lineal_Electrica,0.0,87.13593996781032,-1.0,34.84456039192914
3,NONE,-1.0,-0.1,-1.0,-0.1
3,NONE,-1.0,-0.1,-1.0,-0.1
3,NONE,-1.0,-0.1,-1.0,-0.1
3,NONE,-1.0,-0.1,-1.0,-0.1
3,NONE,-1.0,-0.1,-1.0,-0.1
3,NONE,-1.0,-0.1,-1.0,-0.1
3,NONE,-1.0,-0.1,-1.0,-0.1
3,NONE,-1.0,-0.1,-1.0,-0.1
3,NONE,-1.0,-0.1,-1.0,-0.1
3,NONE,-1.0,-0.1,-1.0,-0.1
3,NONE,-1.0,-0.1,-1.0,-0.1
3,NONE,-1.0,-0.1,-1.0,-0.1
3,NONE,-1.0,-0.1,-1.0,-0.1
3,NONE,-1.0,-0.1,-1.0,-0.1
3,NONE,-1.0,-0.1,-1.0,-0.1
3,NONE,-1.0,-0.1,-1.0,-0.1
2,EV_B07_C021_Moto_Lineal_Electrica,-1.0,-0.1,8.0,30.303147919902088
1,EV_B07_C021_Moto_Lineal_Electrica,6.0,88.47927407820754,-1.0,30.303147919902088
1,EV_B07_C021_Moto_Lineal_Electrica,5.0,88.47927407820754,-1.0,30.303147919902088
1,EV_B07_C021_Moto_Lineal_Electrica,4.0,88.47927407820754,-1.0,30.303147919902088
1,EV_B07_C021_Moto_Lineal_Electrica,3.0,88.47927407820754,-1.0,30.303147919902088
1,EV_B07_C021_Moto_Lineal_Electrica,2.0,88.47927407820754,-1.0,30.303147919902088
1,EV_B07_C021_Moto_Lineal_Electrica,1.0,88.47927407820754,-1.0,30.303147919902088
1,EV_B07_C021_Moto_Lineal_Electrica,0.0,88.47927407820754,-1.0,30.303147919902088
3,NONE,-1.0,-0.1,-1.0,-0.1
3,NONE,-1.0,-0.1,-1.0,-0.1
3,NONE,-1.0,-0.1,-1.0,-0.1
3,NONE,-1.0,-0.1,-1.0,-0.1
3,NONE,-1.0,-0.1,-1.0,-0.1
3,NONE,-1.0,-0.1,-1.0,-0.1
3,NONE,-1.0,-0.1,-1.0,-0.1
3,NONE,-1.0,-0.1,-1.0,-0.1
3,NONE,-1.0,-0.1,-1.0,-0.1
3,NONE,-1.0,-0.1,-1.0,-0.1
3,NONE,-1.0,-0.1,-1.0,-0.1
3,NONE,-1.0,-0.1,-1.0,-0.1
3,NONE,-1.0,-0.1,-1.0,-0.1
3,NONE,-1.0,-0.1,-1.0,-0.1
3,NONE,-1.0,-0.1,-1.0,-0.1
3,NONE,-1.0,-0.1,-1.0,-0.1
3,NONE,-1.0,-0.1,-1.0,-0.1
3,NONE,-1.0,-0.1,-1.0,-0.1
2,EV_B07_C021_Moto_Lineal_Electrica,-1.0,-0.1,10.0,32.405297356883096
1,EV_B07_C021_Moto_Lineal_Electrica,4.0,78.14263151714668,-1.0,32.405297356883096
1,EV_B07_C021_Moto_Lineal_Electrica,3.0,78.14263151714668,-1.0,32.405297356883096
1,EV_B07_C021_Moto_Lineal_Electrica,2.0,78.14263151714668,-1.0,32.405297356883096
1,EV_B07_C021_Moto_Lineal_Electrica,1.0,78.14263151714668,-1.0,32.405297356883096
1,EV_B07_C021_Moto_Lineal_Electrica,0.0,78.14263151714668,-1.0,32.405297356883096
3,NONE,-1.0,-0.1,-1.0,-0.1
3,NONE,-1.0,-0.1,-1.0,-0.1
3,NONE,-1.0,-0.1,-1.0,-0.1
3,NONE,-1.0,-0.1,-1.0,-0.1
3,NONE,-1.0,-0.1,-1.0,-0.1
3,NONE,-1.0,-0.1,-1.0,-0.1
3,NONE,-1.0,-0.1,-1.0,-0.1
3,NONE,-1.0,-0.1,-1.0,-0.1
3,NONE,-1.0,-0.1,-1.0,-0.1
3,NONE,-1.0,-0.1,-1.0,-0.1
3,NONE,-1.0,-0.1,-1.0,-0.1
3,NONE,-1.0,-0.1,-1.0,-0.1
3,NONE,-1.0,-0.1,-1.0,-0.1
3,NONE,-1.0,-0.1,-1.0,-0.1
3,NONE,-1.0,-0.1,-1.0,-0.1
2,EV_B07_C021_Moto_Lineal_Electrica,-1.0,-0.1,7.0,24.72387522516903
1,EV_B07_C021_Moto_Lineal_Electrica,7.0,76.40574040418525,-1.0,24.72387522516903
1,EV_B07_C021_Moto_Lineal_Electrica,6.0,76.40574040418525,-1.0,24.72387522516903
1,EV_B07_C021_Moto_Lineal_Electrica,5.0,76.40574040418525,-1.0,24.72387522516903
1,EV_B07_C021_Moto_Lineal_Electrica,4.0,76.40574040418525,-1.0,24.72387522516903
1,EV_B07_C021_Moto_Lineal_Electrica,3.0,76.40574040418525,-1.0,24.72387522516903
1,EV_B07_C021_Moto_Lineal_Electrica,2.0,76.40574040418525,-1.0,24.72387522516903
1,EV_B07_C021_Moto_Lineal_Electrica,1.0,76.40574040418525,-1.0,24.72387522516903
1,EV_B07_C021_Moto_Lineal_Electrica,0.0,76.40574040418525,-1.0,24.72387522516903
3,NONE,-1.0,-0.1,-1.0,-0.1
3,NONE,-1.0,-0.1,-1.0,-0.1
3,NONE,-1.0,-0.1,-1.0,-0.1
3,NONE,-1.0,-0.1,-1.0,-0.1
3,NONE,-1.0,-0.1,-1.0,-0.1
3,NONE,-1.0,-0.1,-1.0,-0.1
3,NONE,-1.0,-0.1,-1.0,-0.1
3,NONE,-1.0,-0.1,-1.0,-0.1
3,NONE,-1.0,-0.1,-1.0,-0.1
3,NONE,-1.0,-0.1,-1.0,-0.1
3,NONE,-1.0,-0.1,-1.0,-0.1
3,NONE,-1.0,-0.1,-1.0,-0.1
3,NONE,-1.0,-0.1,-1.0,-0.1
3,NONE,-1.0,-0.1,-1.0,-0.1
3,NONE,-1.0,-0.1,-1.0,-0.1
2,EV_B07_C021_Moto_Lineal_Electrica,-1.0,-0.1,7.0,34.578327389137
1,EV_B07_C021_Moto_Lineal_Electrica,7.0,88.37176983541758,-1.0,34.578327389137
1,EV_B07_C021_Moto_Lineal_Electrica,6.0,88.37176983541758,-1.0,34.578327389137
1,EV_B07_C021_Moto_Lineal_Electrica,5.0,88.37176983541758,-1.0,34.578327389137
1,EV_B07_C021_Moto_Lineal_Electrica,4.0,88.37176983541758,-1.0,34.578327389137
1,EV_B07_C021_Moto_Lineal_Electrica,3.0,88.37176983541758,-1.0,34.578327389137
1,EV_B07_C021_Moto_Lineal_Electrica,2.0,88.37176983541758,-1.0,34.578327389137
1,EV_B07_C021_Moto_Lineal_Electrica,1.0,88.37176983541758,-1.0,34.578327389137
1,EV_B07_C021_Moto_Lineal_Electrica,0.0,88.37176983541758,-1.0,34.578327389137
3,NONE,-1.0,-0.1,-1.0,-0.1
3,NONE,-1.0,-0.1,-1.0,-0.1
3,NONE,-1.0,-0.1,-1.0,-0.1
3,NONE,-1.0,-0.1,-1.0,-0.1
3,NONE,-1.0,-0.1,-1.0,-0.1
3,NONE,-1.0,-0.1,-1.0,-0.1
3,NONE,-1.0,-0.1,-1.0,-0.1
3,NONE,-1.0,-0.1,-1.0,-0.1
3,NONE,-1.0,-0.1,-1.0,-0.1
3,NONE,-1.0,-0.1,-1.0,-0.1
3,NONE,-1.0,-0.1,-1.0,-0.1
3,NONE,-1.0,-0.1,-1.0,-0.1
3,NONE,-1.0,-0.1,-1.0,-0.1
3,NONE,-1.0,-0.1,-1.0,-0.1
3,NONE,-1.0,-0.1,-1.0,-0.1
3,NONE,-1.0,-0.1,-1.0,-0.1
3,NONE,-1.0,-0.1,-1.0,-0.1
3,NONE,-1.0,-0.1,-1.0,-0.1
3,NONE,-1.0,-0.1,-1.0,-0.1
3,NONE,-1.0,-0.1,-1.0,-0.1
3,NONE,-1.0,-0.1,-1.0,-0.1
3,NONE,-1.0,-0.1,-1.0,-0.1
3,NONE,-1.0,-0.1,-1.0,-0.1
3,NONE,-1.0,-0.1,-1.0,-0.1
3,NONE,-1.0,-0.1,-1.0,-0.1
3,NONE,-1.0,-0.1,-1.0,-0.1
3,NONE,-1.0,-0.1,-1.0,-0.1
3,NONE,-1.0,-0.1,-1.0,-0.1
3,NONE,-1.0,-0.1,-1.0,-0.1
3,NONE,-1.0,-0.1,-1.0,-0.1
3,NONE,-1.0,-0.1,-1.0,-0.1
3,NONE,-1.0,-0.1,-1.0,-0.1
3,NONE,-1.0,-0.1,-1.0,-0.1
3,NONE,-1.0,-0.1,-1.0,-0.1
3,NONE,-1.0,-0.1,-1.0,-0.1
3,NONE,-1.0,-0.1,-1.0,-0.1
3,NONE,-1.0,-0.1,-1.0,-0.1
3,NONE,-1.0,-0.1,-1.0,-0.1
3,NONE,-1.0,-0.1,-1.0,-0.1
3,NONE,-1.0,-0.1,-1.0,-0.1
3,NONE,-1.0,-0.1,-1.0,-0.1
3,NONE,-1.0,-0.1,-1.0,-0.1
3,NONE,-1.0,-0.1,-1.0,-0.1
3,NONE,-1.0,-0.1,-1.0,-0.1
3,NONE,-1.0,-0.1,-1.0,-0.1
3,NONE,-1.0,-0.1,-1.0,-0.1
3,NONE,-1.0,-0.1,-1.0,-0.1
3,NONE,-1.0,-0.1,-1.0,-0.1
3,NONE,-1.0,-0.1,-1.0,-0.1
3,NONE,-1.0,-0.1,-1.0,-0.1
3,NONE,-1.0,-0.1,-1.0,-0.1
3,NONE,-1.0,-0.1,-1.0,-0.1
3,NONE,-1.0,-0.1,-1.0,-0.1
3,NONE,-1.0,-0.1,-1.0,-0.1
3,NONE,-1.0,-0.1,-1.0,-0.1
3,NONE,-1.0,-0.1,-1.0,-0.1
3,NONE,-1.0,-0.1,-1.0,-0.1
3,NONE,-1.0,-0.1,-1.0,-0.1
3,NONE,-1.0,-0.1,-1.0,-0.1
3,NONE,-1.0,-0.1,-1.0,-0.1
3,NONE,-1.0,-0.1,-1.0,-0.1
3,NONE,-1.0,-0.1,-1.0,-0.1
3,NONE,-1.0,-0.1,-1.0,-0.1
3,NONE,-1.0,-0.1,-1.0,-0.1
3,NONE,-1.0,-0.1,-1.0,-0.1
2,EV_B07_C021_Moto_Lineal_Electrica,-1.0,-0.1,9.0,47.850348240559086
1,EV_B07_C021_Moto_Lineal_Electrica,5.0,91.77580341478651,-1.0,47.850348240559086
1,EV_B07_C021_Moto_Lineal_Electrica,4.0,91.77580341478651,-1.0,47.850348240559086
1,EV_B07_C021_Moto_Lineal_Electrica,3.0,91.77580341478651,-1.0,47.850348240559086
1,EV_B07_C021_Moto_Lineal_Electrica,2.0,91.77580341478651,-1.0,47.850348240559086
1,EV_B07_C021_Moto_Lineal_Electrica,1.0,91.77580341478651,-1.0,47.850348240559086
1,EV_B07_C021_Moto_Lineal_Electrica,0.0,91.77580341478651,-1.0,47.850348240559086
3,NONE,-1.0,-0.1,-1.0,-0.1
3,NONE,-1.0,-0.1,-1.0,-0.1
3,NONE,-1.0,-0.1,-1.0,-0.1
3,NONE,-1.0,-0.1,-1.0,-0.1
3,NONE,-1.0,-0.1,-1.0,-0.1
3,NONE,-1.0,-0.1,-1.0,-0.1
3,NONE,-1.0,-0.1,-1.0,-0.1
3,NONE,-1.0,-0.1,-1.0,-0.1
3,NONE,-1.0,-0.1,-1.0,-0.1
3,NONE,-1.0,-0.1,-1.0,-0.1
3,NONE,-1.0,-0.1,-1.0,-0.1
3,NONE,-1.0,-0.1,-1.0,-0.1
3,NONE,-1.0,-0.1,-1.0,-0.1
3,NONE,-1.0,-0.1,-1.0,-0.1
3,NONE,-1.0,-0.1,-1.0,-0.1
3,NONE,-1.0,-0.1,-1.0,-0.1
3,NONE,-1.0,-0.1,-1.0,-0.1
3,NONE,-1.0,-0.1,-1.0,-0.1
3,NONE,-1.0,-0.1,-1.0,-0.1
3,NONE,-1.0,-0.1,-1.0,-0.1
3,NONE,-1.0,-0.1,-1.0,-0.1
3,NONE,-1.0,-0.1,-1.0,-0.1
3,NONE,-1.0,-0.1,-1.0,-0.1
3,NONE,-1.0,-0.1,-1.0,-0.1
3,NONE,-1.0,-0.1,-1.0,-0.1
3,NONE,-1.0,-0.1,-1.0,-0.1
3,NONE,-1.0,-0.1,-1.0,-0.1
3,NONE,-1.0,-0.1,-1.0,-0.1
3,NONE,-1.0,-0.1,-1.0,-0.1
3,NONE,-1.0,-0.1,-1.0,-0.1
3,NONE,-1.0,-0.1,-1.0,-0.1
3,NONE,-1.0,-0.1,-1.0,-0.1
3,NONE,-1.0,-0.1,-1.0,-0.1
3,NONE,-1.0,-0.1,-1.0,-0.1
3,NONE,-1.0,-0.1,-1.0,-0.1
3,NONE,-1.0,-0.1,-1.0,-0.1
3,NONE,-1.0,-0.1,-1.0,-0.1
3,NONE,-1.0,-0.1,-1.0,-0.1
3,NONE,-1.0,-0.1,-1.0,-0.1
3,NONE,-1.0,-0.1,-1.0,-0.1
2,EV_B07_C021_Moto_Lineal_Electrica,-1.0,-0.1,8.0,32.54843187881039
1,EV_B07_C021_Moto_Lineal_Electrica,6.0,80.17065391636314,-1.0,32.54843187881039
1,EV_B07_C021_Moto_Lineal_Electrica,5.0,80.17065391636314,-1.0,32.54843187881039
1,EV_B07_C021_Moto_Lineal_Electrica,4.0,80.17065391636314,-1.0,32.54843187881039
1,EV_B07_C021_Moto_Lineal_Electrica,3.0,80.17065391636314,-1.0,32.54843187881039
1,EV_B07_C021_Moto_Lineal_Electrica,2.0,80.17065391636314,-1.0,32.54843187881039
1,EV_B07_C021_Moto_Lineal_Electrica,1.0,80.17065391636314,-1.0,32.54843187881039
1,EV_B07_C021_Moto_Lineal_Electrica,0.0,80.17065391636314,-1.0,32.54843187881039
3,NONE,-1.0,-0.1,-1.0,-0.1
3,NONE,-1.0,-0.1,-1.0,-0.1
3,NONE,-1.0,-0.1,-1.0,-0.1
3,NONE,-1.0,-0.1,-1.0,-0.1
3,NONE,-1.0,-0.1,-1.0,-0.1
3,NONE,-1.0,-0.1,-1.0,-0.1
3,NONE,-1.0,-0.1,-1.0,-0.1
3,NONE,-1.0,-0.1,-1.0,-0.1
3,NONE,-1.0,-0.1,-1.0,-0.1
3,NONE,-1.0,-0.1,-1.0,-0.1
3,NONE,-1.0,-0.1,-1.0,-0.1
3,NONE,-1.0,-0.1,-1.0,-0.1
3,NONE,-1.0,-0.1,-1.0,-0.1
3,NONE,-1.0,-0.1,-1.0,-0.1
3,NONE,-1.0,-0.1,-1.0,-0.1
3,NONE,-1.0,-0.1,-1.0,-0.1
2,EV_B07_C021_Moto_Lineal_Electrica,-1.0,-0.1,8.0,18.156827040282487
1,EV_B07_C021_Moto_Lineal_Electrica,6.0,85.81050607812902,-1.0,18.156827040282487
1,EV_B07_C021_Moto_Lineal_Electrica,5.0,85.81050607812902,-1.0,18.156827040282487
1,EV_B07_C021_Moto_Lineal_Electrica,4.0,85.81050607812902,-1.0,18.156827040282487
1,EV_B07_C021_Moto_Lineal_Electrica,3.0,85.81050607812902,-1.0,18.156827040282487
1,EV_B07_C021_Moto_Lineal_Electrica,2.0,85.81050607812902,-1.0,18.156827040282487
1,EV_B07_C021_Moto_Lineal_Electrica,1.0,85.81050607812902,-1.0,18.156827040282487
1,EV_B07_C021_Moto_Lineal_Electrica,0.0,85.81050607812902,-1.0,18.156827040282487
3,NONE,-1.0,-0.1,-1.0,-0.1
3,NONE,-1.0,-0.1,-1.0,-0.1
3,NONE,-1.0,-0.1,-1.0,-0.1
3,NONE,-1.0,-0.1,-1.0,-0.1
3,NONE,-1.0,-0.1,-1.0,-0.1
3,NONE,-1.0,-0.1,-1.0,-0.1
3,NONE,-1.0,-0.1,-1.0,-0.1
3,NONE,-1.0,-0.1,-1.0,-0.1
3,NONE,-1.0,-0.1,-1.0,-0.1
3,NONE,-1.0,-0.1,-1.0,-0.1
3,NONE,-1.0,-0.1,-1.0,-0.1
3,NONE,-1.0,-0.1,-1.0,-0.1
3,NONE,-1.0,-0.1,-1.0,-0.1
3,NONE,-1.0,-0.1,-1.0,-0.1
3,NONE,-1.0,-0.1,-1.0,-0.1
3,NONE,-1.0,-0.1,-1.0,-0.1
2,EV_B07_C021_Moto_Lineal_Electrica,-1.0,-0.1,8.0,27.286044179562847
1,EV_B07_C021_Moto_Lineal_Electrica,6.0,79.86914456163699,-1.0,27.286044179562847
1,EV_B07_C021_Moto_Lineal_Electrica,5.0,79.86914456163699,-1.0,27.286044179562847
1,EV_B07_C021_Moto_Lineal_Electrica,4.0,79.86914456163699,-1.0,27.286044179562847
1,EV_B07_C021_Moto_Lineal_Electrica,3.0,79.86914456163699,-1.0,27.286044179562847
1,EV_B07_C021_Moto_Lineal_Electrica,2.0,79.86914456163699,-1.0,27.286044179562847
1,EV_B07_C021_Moto_Lineal_Electrica,1.0,79.86914456163699,-1.0,27.286044179562847
1,EV_B07_C021_Moto_Lineal_Electrica,0.0,79.86914456163699,-1.0,27.286044179562847
3,NONE,-1.0,-0.1,-1.0,-0.1
3,NONE,-1.0,-0.1,-1.0,-0.1
3,NONE,-1.0,-0.1,-1.0,-0.1
3,NONE,-1.0,-0.1,-1.0,-0.1
3,NONE,-1.0,-0.1,-1.0,-0.1
3,NONE,-1.0,-0.1,-1.0,-0.1
3,NONE,-1.0,-0.1,-1.0,-0.1
3,NONE,-1.0,-0.1,-1.0,-0.1
3,NONE,-1.0,-0.1,-1.0,-0.1
3,NONE,-1.0,-0.1,-1.0,-0.1
3,NONE,-1.0,-0.1,-1.0,-0.1
3,NONE,-1.0,-0.1,-1.0,-0.1
3,NONE,-1.0,-0.1,-1.0,-0.1
3,NONE,-1.0,-0.1,-1.0,-0.1
3,NONE,-1.0,-0.1,-1.0,-0.1
3,NONE,-1.0,-0.1,-1.0,-0.1
3,NONE,-1.0,-0.1,-1.0,-0.1
3,NONE,-1.0,-0.1,-1.0,-0.1
3,NONE,-1.0,-0.1,-1.0,-0.1
3,NONE,-1.0,-0.1,-1.0,-0.1
3,NONE,-1.0,-0.1,-1.0,-0.1
3,NONE,-1.0,-0.1,-1.0,-0.1
3,NONE,-1.0,-0.1,-1.0,-0.1
3,NONE,-1.0,-0.1,-1.0,-0.1
3,NONE,-1.0,-0.1,-1.0,-0.1
3,NONE,-1.0,-0.1,-1.0,-0.1
3,NONE,-1.0,-0.1,-1.0,-0.1
3,NONE,-1.0,-0.1,-1.0,-0.1
3,NONE,-1.0,-0.1,-1.0,-0.1
3,NONE,-1.0,-0.1,-1.0,-0.1
3,NONE,-1.0,-0.1,-1.0,-0.1
3,NONE,-1.0,-0.1,-1.0,-0.1
3,NONE,-1.0,-0.1,-1.0,-0.1
3,NONE,-1.0,-0.1,-1.0,-0.1
3,NONE,-1.0,-0.1,-1.0,-0.1
3,NONE,-1.0,-0.1,-1.0,-0.1
3,NONE,-1.0,-0.1,-1.0,-0.1
3,NONE,-1.0,-0.1,-1.0,-0.1
3,NONE,-1.0,-0.1,-1.0,-0.1
3,NONE,-1.0,-0.1,-1.0,-0.1
3,NONE,-1.0,-0.1,-1.0,-0.1
3,NONE,-1.0,-0.1,-1.0,-0.1
3,NONE,-1.0,-0.1,-1.0,-0.1
3,NONE,-1.0,-0.1,-1.0,-0.1
3,NONE,-1.0,-0.1,-1.0,-0.1
3,NONE,-1.0,-0.1,-1.0,-0.1
3,NONE,-1.0,-0.1,-1.0,-0.1
3,NONE,-1.0,-0.1,-1.0,-0.1
3,NONE,-1.0,-0.1,-1.0,-0.1
3,NONE,-1.0,-0.1,-1.0,-0.1
3,NONE,-1.0,-0.1,-1.0,-0.1
3,NONE,-1.0,-0.1,-1.0,-0.1
3,NONE,-1.0,-0.1,-1.0,-0.1
3,NONE,-1.0,-0.1,-1.0,-0.1
3,NONE,-1.0,-0.1,-1.0,-0.1
3,NONE,-1.0,-0.1,-1.0,-0.1
3,NONE,-1.0,-0.1,-1.0,-0.1
3,NONE,-1.0,-0.1,-1.0,-0.1
3,NONE,-1.0,-0.1,-1.0,-0.1
3,NONE,-1.0,-0.1,-1.0,-0.1
3,NONE,-1.0,-0.1,-1.0,-0.1
3,NONE,-1.0,-0.1,-1.0,-0.1
3,NONE,-1.0,-0.1,-1.0,-0.1
2,EV_B07_C021_Moto_Lineal_Electrica,-1.0,-0.1,7.0,25.006726240102694
1,EV_B07_C021_Moto_Lineal_Electrica,7.0,79.37082336232332,-1.0,25.006726240102694
1,EV_B07_C021_Moto_Lineal_Electrica,6.0,79.37082336232332,-1.0,25.006726240102694
1,EV_B07_C021_Moto_Lineal_Electrica,5.0,79.37082336232332,-1.0,25.006726240102694
1,EV_B07_C021_Moto_Lineal_Electrica,4.0,79.37082336232332,-1.0,25.006726240102694
1,EV_B07_C021_Moto_Lineal_Electrica,3.0,79.37082336232332,-1.0,25.006726240102694
1,EV_B07_C021_Moto_Lineal_Electrica,2.0,79.37082336232332,-1.0,25.006726240102694
1,EV_B07_C021_Moto_Lineal_Electrica,1.0,79.37082336232332,-1.0,25.006726240102694
1,EV_B07_C021_Moto_Lineal_Electrica,0.0,79.37082336232332,-1.0,25.006726240102694
3,NONE,-1.0,-0.1,-1.0,-0.1
3,NONE,-1.0,-0.1,-1.0,-0.1
3,NONE,-1.0,-0.1,-1.0,-0.1
3,NONE,-1.0,-0.1,-1.0,-0.1
3,NONE,-1.0,-0.1,-1.0,-0.1
3,NONE,-1.0,-0.1,-1.0,-0.1
3,NONE,-1.0,-0.1,-1.0,-0.1
3,NONE,-1.0,-0.1,-1.0,-0.1
3,NONE,-1.0,-0.1,-1.0,-0.1
3,NONE,-1.0,-0.1,-1.0,-0.1
3,NONE,-1.0,-0.1,-1.0,-0.1
3,NONE,-1.0,-0.1,-1.0,-0.1
3,NONE,-1.0,-0.1,-1.0,-0.1
3,NONE,-1.0,-0.1,-1.0,-0.1
3,NONE,-1.0,-0.1,-1.0,-0.1
3,NONE,-1.0,-0.1,-1.0,-0.1
2,EV_B07_C021_Moto_Lineal_Electrica,-1.0,-0.1,8.0,35.03300645611005
1,EV_B07_C021_Moto_Lineal_Electrica,6.0,90.96000485080525,-1.0,35.03300645611005
1,EV_B07_C021_Moto_Lineal_Electrica,5.0,90.96000485080525,-1.0,35.03300645611005
1,EV_B07_C021_Moto_Lineal_Electrica,4.0,90.96000485080525,-1.0,35.03300645611005
1,EV_B07_C021_Moto_Lineal_Electrica,3.0,90.96000485080525,-1.0,35.03300645611005
1,EV_B07_C021_Moto_Lineal_Electrica,2.0,90.96000485080525,-1.0,35.03300645611005
1,EV_B07_C021_Moto_Lineal_Electrica,1.0,90.96000485080525,-1.0,35.03300645611005
1,EV_B07_C021_Moto_Lineal_Electrica,0.0,90.96000485080525,-1.0,35.03300645611005
3,NONE,-1.0,-0.1,-1.0,-0.1
3,NONE,-1.0,-0.1,-1.0,-0.1
3,NONE,-1.0,-0.1,-1.0,-0.1
3,NONE,-1.0,-0.1,-1.0,-0.1
3,NONE,-1.0,-0.1,-1.0,-0.1
3,NONE,-1.0,-0.1,-1.0,-0.1
3,NONE,-1.0,-0.1,-1.0,-0.1
3,NONE,-1.0,-0.1,-1.0,-0.1
3,NONE,-1.0,-0.1,-1.0,-0.1
3,NONE,-1.0,-0.1,-1.0,-0.1
3,NONE,-1.0,-0.1,-1.0,-0.1
3,NONE,-1.0,-0.1,-1.0,-0.1
3,NONE,-1.0,-0.1,-1.0,-0.1
3,NONE,-1.0,-0.1,-1.0,-0.1
3,NONE,-1.0,-0.1,-1.0,-0.1
2,EV_B07_C021_Moto_Lineal_Electrica,-1.0,-0.1,7.0,44.6615017907233
1,EV_B07_C021_Moto_Lineal_Electrica,7.0,89.06192240655392,-1.0,44.6615017907233
1,EV_B07_C021_Moto_Lineal_Electrica,6.0,89.06192240655392,-1.0,44.6615017907233
1,EV_B07_C021_Moto_Lineal_Electrica,5.0,89.06192240655392,-1.0,44.6615017907233
1,EV_B07_C021_Moto_Lineal_Electrica,4.0,89.06192240655392,-1.0,44.6615017907233
1,EV_B07_C021_Moto_Lineal_Electrica,3.0,89.06192240655392,-1.0,44.6615017907233
1,EV_B07_C021_Moto_Lineal_Electrica,2.0,89.06192240655392,-1.0,44.6615017907233
1,EV_B07_C021_Moto_Lineal_Electrica,1.0,89.06192240655392,-1.0,44.6615017907233
1,EV_B07_C021_Moto_Lineal_Electrica,0.0,89.06192240655392,-1.0,44.6615017907233
3,NONE,-1.0,-0.1,-1.0,-0.1
3,NONE,-1.0,-0.1,-1.0,-0.1
3,NONE,-1.0,-0.1,-1.0,-0.1
3,NONE,-1.0,-0.1,-1.0,-0.1
3,NONE,-1.0,-0.1,-1.0,-0.1
3,NONE,-1.0,-0.1,-1.0,-0.1
3,NONE,-1.0,-0.1,-1.0,-0.1
3,NONE,-1.0,-0.1,-1.0,-0.1
3,NONE,-1.0,-0.1,-1.0,-0.1
3,NONE,-1.0,-0.1,-1.0,-0.1
3,NONE,-1.0,-0.1,-1.0,-0.1
3,NONE,-1.0,-0.1,-1.0,-0.1
3,NONE,-1.0,-0.1,-1.0,-0.1
3,NONE,-1.0,-0.1,-1.0,-0.1
3,NONE,-1.0,-0.1,-1.0,-0.1
3,NONE,-1.0,-0.1,-1.0,-0.1
3,NONE,-1.0,-0.1,-1.0,-0.1
3,NONE,-1.0,-0.1,-1.0,-0.1
3,NONE,-1.0,-0.1,-1.0,-0.1
3,NONE,-1.0,-0.1,-1.0,-0.1
3,NONE,-1.0,-0.1,-1.0,-0.1
3,NONE,-1.0,-0.1,-1.0,-0.1
3,NONE,-1.0,-0.1,-1.0,-0.1
3,NONE,-1.0,-0.1,-1.0,-0.1
3,NONE,-1.0,-0.1,-1.0,-0.1
3,NONE,-1.0,-0.1,-1.0,-0.1
3,NONE,-1.0,-0.1,-1.0,-0.1
3,NONE,-1.0,-0.1,-1.0,-0.1
3,NONE,-1.0,-0.1,-1.0,-0.1
3,NONE,-1.0,-0.1,-1.0,-0.1
3,NONE,-1.0,-0.1,-1.0,-0.1
3,NONE,-1.0,-0.1,-1.0,-0.1
3,NONE,-1.0,-0.1,-1.0,-0.1
3,NONE,-1.0,-0.1,-1.0,-0.1
3,NONE,-1.0,-0.1,-1.0,-0.1
3,NONE,-1.0,-0.1,-1.0,-0.1
3,NONE,-1.0,-0.1,-1.0,-0.1
3,NONE,-1.0,-0.1,-1.0,-0.1
3,NONE,-1.0,-0.1,-1.0,-0.1
3,NONE,-1.0,-0.1,-1.0,-0.1
2,EV_B07_C021_Moto_Lineal_Electrica,-1.0,-0.1,8.0,27.258047136138643
1,EV_B07_C021_Moto_Lineal_Electrica,6.0,79.3029370104104,-1.0,27.258047136138643
1,EV_B07_C021_Moto_Lineal_Electrica,5.0,79.3029370104104,-1.0,27.258047136138643
1,EV_B07_C021_Moto_Lineal_Electrica,4.0,79.3029370104104,-1.0,27.258047136138643
1,EV_B07_C021_Moto_Lineal_Electrica,3.0,79.3029370104104,-1.0,27.258047136138643
1,EV_B07_C021_Moto_Lineal_Electrica,2.0,79.3029370104104,-1.0,27.258047136138643
1,EV_B07_C021_Moto_Lineal_Electrica,1.0,79.3029370104104,-1.0,27.258047136138643
1,EV_B07_C021_Moto_Lineal_Electrica,0.0,79.3029370104104,-1.0,27.258047136138643
3,NONE,-1.0,-0.1,-1.0,-0.1
3,NONE,-1.0,-0.1,-1.0,-0.1
3,NONE,-1.0,-0.1,-1.0,-0.1
3,NONE,-1.0,-0.1,-1.0,-0.1
3,NONE,-1.0,-0.1,-1.0,-0.1
3,NONE,-1.0,-0.1,-1.0,-0.1
3,NONE,-1.0,-0.1,-1.0,-0.1
3,NONE,-1.0,-0.1,-1.0,-0.1
3,NONE,-1.0,-0.1,-1.0,-0.1
3,NONE,-1.0,-0.1,-1.0,-0.1
3,NONE,-1.0,-0.1,-1.0,-0.1
3,NONE,-1.0,-0.1,-1.0,-0.1
3,NONE,-1.0,-0.1,-1.0,-0.1
3,NONE,-1.0,-0.1,-1.0,-0.1
3,NONE,-1.0,-0.1,-1.0,-0.1
3,NONE,-1.0,-0.1,-1.0,-0.1
3,NONE,-1.0,-0.1,-1.0,-0.1
3,NONE,-1.0,-0.1,-1.0,-0.1
3,NONE,-1.0,-0.1,-1.0,-0.1
3,NONE,-1.0,-0.1,-1.0,-0.1
3,NONE,-1.0,-0.1,-1.0,-0.1
3,NONE,-1.0,-0.1,-1.0,-0.1
3,NONE,-1.0,-0.1,-1.0,-0.1
3,NONE,-1.0,-0.1,-1.0,-0.1
3,NONE,-1.0,-0.1,-1.0,-0.1
3,NONE,-1.0,-0.1,-1.0,-0.1
3,NONE,-1.0,-0.1,-1.0,-0.1
3,NONE,-1.0,-0.1,-1.0,-0.1
3,NONE,-1.0,-0.1,-1.0,-0.1
3,NONE,-1.0,-0.1,-1.0,-0.1
3,NONE,-1.0,-0.1,-1.0,-0.1
3,NONE,-1.0,-0.1,-1.0,-0.1
3,NONE,-1.0,-0.1,-1.0,-0.1
3,NONE,-1.0,-0.1,-1.0,-0.1
3,NONE,-1.0,-0.1,-1.0,-0.1
3,NONE,-1.0,-0.1,-1.0,-0.1
3,NONE,-1.0,-0.1,-1.0,-0.1
3,NONE,-1.0,-0.1,-1.0,-0.1
3,NONE,-1.0,-0.1,-1.0,-0.1
3,NONE,-1.0,-0.1,-1.0,-0.1
3,NONE,-1.0,-0.1,-1.0,-0.1
3,NONE,-1.0,-0.1,-1.0,-0.1
3,NONE,-1.0,-0.1,-1.0,-0.1
3,NONE,-1.0,-0.1,-1.0,-0.1
3,NONE,-1.0,-0.1,-1.0,-0.1
3,NONE,-1.0,-0.1,-1.0,-0.1
3,NONE,-1.0,-0.1,-1.0,-0.1
3,NONE,-1.0,-0.1,-1.0,-0.1
3,NONE,-1.0,-0.1,-1.0,-0.1
3,NONE,-1.0,-0.1,-1.0,-0.1
3,NONE,-1.0,-0.1,-1.0,-0.1
3,NONE,-1.0,-0.1,-1.0,-0.1
3,NONE,-1.0,-0.1,-1.0,-0.1
3,NONE,-1.0,-0.1,-1.0,-0.1
3,NONE,-1.0,-0.1,-1.0,-0.1
3,NONE,-1.0,-0.1,-1.0,-0.1
3,NONE,-1.0,-0.1,-1.0,-0.1
3,NONE,-1.0,-0.1,-1.0,-0.1
3,NONE,-1.0,-0.1,-1.0,-0.1
3,NONE,-1.0,-0.1,-1.0,-0.1
3,NONE,-1.0,-0.1,-1.0,-0.1
3,NONE,-1.0,-0.1,-1.0,-0.1
3,NONE,-1.0,-0.1,-1.0,-0.1
2,EV_B07_C021_Moto_Lineal_Electrica,-1.0,-0.1,7.0,41.00442457052079
1,EV_B07_C021_Moto_Lineal_Electrica,7.0,85.86936526495631,-1.0,41.00442457052079
1,EV_B07_C021_Moto_Lineal_Electrica,6.0,85.86936526495631,-1.0,41.00442457052079
1,EV_B07_C021_Moto_Lineal_Electrica,5.0,85.86936526495631,-1.0,41.00442457052079
1,EV_B07_C021_Moto_Lineal_Electrica,4.0,85.86936526495631,-1.0,41.00442457052079
1,EV_B07_C021_Moto_Lineal_Electrica,3.0,85.86936526495631,-1.0,41.00442457052079
1,EV_B07_C021_Moto_Lineal_Electrica,2.0,85.86936526495631,-1.0,41.00442457052079
1,EV_B07_C021_Moto_Lineal_Electrica,1.0,85.86936526495631,-1.0,41.00442457052079
1,EV_B07_C021_Moto_Lineal_Electrica,0.0,85.86936526495631,-1.0,41.00442457052079
3,NONE,-1.0,-0.1,-1.0,-0.1
3,NONE,-1.0,-0.1,-1.0,-0.1
3,NONE,-1.0,-0.1,-1.0,-0.1
3,NONE,-1.0,-0.1,-1.0,-0.1
3,NONE,-1.0,-0.1,-1.0,-0.1
3,NONE,-1.0,-0.1,-1.0,-0.1
3,NONE,-1.0,-0.1,-1.0,-0.1
3,NONE,-1.0,-0.1,-1.0,-0.1
3,NONE,-1.0,-0.1,-1.0,-0.1
3,NONE,-1.0,-0.1,-1.0,-0.1
3,NONE,-1.0,-0.1,-1.0,-0.1
3,NONE,-1.0,-0.1,-1.0,-0.1
3,NONE,-1.0,-0.1,-1.0,-0.1
3,NONE,-1.0,-0.1,-1.0,-0.1
3,NONE,-1.0,-0.1,-1.0,-0.1
3,NONE,-1.0,-0.1,-1.0,-0.1
2,EV_B07_C021_Moto_Lineal_Electrica,-1.0,-0.1,8.0,24.14007777289818
1,EV_B07_C021_Moto_Lineal_Electrica,6.0,81.28653875836665,-1.0,24.14007777289818
1,EV_B07_C021_Moto_Lineal_Electrica,5.0,81.28653875836665,-1.0,24.14007777289818
1,EV_B07_C021_Moto_Lineal_Electrica,4.0,81.28653875836665,-1.0,24.14007777289818
1,EV_B07_C021_Moto_Lineal_Electrica,3.0,81.28653875836665,-1.0,24.14007777289818
1,EV_B07_C021_Moto_Lineal_Electrica,2.0,81.28653875836665,-1.0,24.14007777289818
1,EV_B07_C021_Moto_Lineal_Electrica,1.0,81.28653875836665,-1.0,24.14007777289818
1,EV_B07_C021_Moto_Lineal_Electrica,0.0,81.28653875836665,-1.0,24.14007777289818
3,NONE,-1.0,-0.1,-1.0,-0.1
3,NONE,-1.0,-0.1,-1.0,-0.1
3,NONE,-1.0,-0.1,-1.0,-0.1
3,NONE,-1.0,-0.1,-1.0,-0.1
3,NONE,-1.0,-0.1,-1.0,-0.1
3,NONE,-1.0,-0.1,-1.0,-0.1
3,NONE,-1.0,-0.1,-1.0,-0.1
3,NONE,-1.0,-0.1,-1.0,-0.1
3,NONE,-1.0,-0.1,-1.0,-0.1
3,NONE,-1.0,-0.1,-1.0,-0.1
3,NONE,-1.0,-0.1,-1.0,-0.1
3,NONE,-1.0,-0.1,-1.0,-0.1
3,NONE,-1.0,-0.1,-1.0,-0.1
3,NONE,-1.0,-0.1,-1.0,-0.1
3,NONE,-1.0,-0.1,-1.0,-0.1
3,NONE,-1.0,-0.1,-1.0,-0.1
2,EV_B07_C021_Moto_Lineal_Electrica,-1.0,-0.1,8.0,11.277124461690825
1,EV_B07_C021_Moto_Lineal_Electrica,6.0,79.27043149872999,-1.0,11.277124461690825
1,EV_B07_C021_Moto_Lineal_Electrica,5.0,79.27043149872999,-1.0,11.277124461690825
1,EV_B07_C021_Moto_Lineal_Electrica,4.0,79.27043149872999,-1.0,11.277124461690825
1,EV_B07_C021_Moto_Lineal_Electrica,3.0,79.27043149872999,-1.0,11.277124461690825
1,EV_B07_C021_Moto_Lineal_Electrica,2.0,79.27043149872999,-1.0,11.277124461690825
1,EV_B07_C021_Moto_Lineal_Electrica,1.0,79.27043149872999,-1.0,11.277124461690825
1,EV_B07_C021_Moto_Lineal_Electrica,0.0,79.27043149872999,-1.0,11.277124461690825
3,NONE,-1.0,-0.1,-1.0,-0.1
3,NONE,-1.0,-0.1,-1.0,-0.1
3,NONE,-1.0,-0.1,-1.0,-0.1
3,NONE,-1.0,-0.1,-1.0,-0.1
3,NONE,-1.0,-0.1,-1.0,-0.1
3,NONE,-1.0,-0.1,-1.0,-0.1
3,NONE,-1.0,-0.1,-1.0,-0.1
3,NONE,-1.0,-0.1,-1.0,-0.1
3,NONE,-1.0,-0.1,-1.0,-0.1
3,NONE,-1.0,-0.1,-1.0,-0.1
3,NONE,-1.0,-0.1,-1.0,-0.1
3,NONE,-1.0,-0.1,-1.0,-0.1
3,NONE,-1.0,-0.1,-1.0,-0.1
3,NONE,-1.0,-0.1,-1.0,-0.1
3,NONE,-1.0,-0.1,-1.0,-0.1
2,EV_B07_C021_Moto_Lineal_Electrica,-1.0,-0.1,7.0,44.51590148849883
1,EV_B07_C021_Moto_Lineal_Electrica,7.0,84.17271609551611,-1.0,44.51590148849883
1,EV_B07_C021_Moto_Lineal_Electrica,6.0,84.17271609551611,-1.0,44.51590148849883
1,EV_B07_C021_Moto_Lineal_Electrica,5.0,84.17271609551611,-1.0,44.51590148849883
1,EV_B07_C021_Moto_Lineal_Electrica,4.0,84.17271609551611,-1.0,44.51590148849883
1,EV_B07_C021_Moto_Lineal_Electrica,3.0,84.17271609551611,-1.0,44.51590148849883
1,EV_B07_C021_Moto_Lineal_Electrica,2.0,84.17271609551611,-1.0,44.51590148849883
1,EV_B07_C021_Moto_Lineal_Electrica,1.0,84.17271609551611,-1.0,44.51590148849883
1,EV_B07_C021_Moto_Lineal_Electrica,0.0,84.17271609551611,-1.0,44.51590148849883
3,NONE,-1.0,-0.1,-1.0,-0.1
3,NONE,-1.0,-0.1,-1.0,-0.1
3,NONE,-1.0,-0.1,-1.0,-0.1
3,NONE,-1.0,-0.1,-1.0,-0.1
3,NONE,-1.0,-0.1,-1.0,-0.1
3,NONE,-1.0,-0.1,-1.0,-0.1
3,NONE,-1.0,-0.1,-1.0,-0.1
3,NONE,-1.0,-0.1,-1.0,-0.1
3,NONE,-1.0,-0.1,-1.0,-0.1
3,NONE,-1.0,-0.1,-1.0,-0.1
3,NONE,-1.0,-0.1,-1.0,-0.1
3,NONE,-1.0,-0.1,-1.0,-0.1
3,NONE,-1.0,-0.1,-1.0,-0.1
3,NONE,-1.0,-0.1,-1.0,-0.1
3,NONE,-1.0,-0.1,-1.0,-0.1
3,NONE,-1.0,-0.1,-1.0,-0.1
3,NONE,-1.0,-0.1,-1.0,-0.1
3,NONE,-1.0,-0.1,-1.0,-0.1
3,NONE,-1.0,-0.1,-1.0,-0.1
3,NONE,-1.0,-0.1,-1.0,-0.1
3,NONE,-1.0,-0.1,-1.0,-0.1
3,NONE,-1.0,-0.1,-1.0,-0.1
3,NONE,-1.0,-0.1,-1.0,-0.1
3,NONE,-1.0,-0.1,-1.0,-0.1
3,NONE,-1.0,-0.1,-1.0,-0.1
3,NONE,-1.0,-0.1,-1.0,-0.1
3,NONE,-1.0,-0.1,-1.0,-0.1
3,NONE,-1.0,-0.1,-1.0,-0.1
3,NONE,-1.0,-0.1,-1.0,-0.1
3,NONE,-1.0,-0.1,-1.0,-0.1
3,NONE,-1.0,-0.1,-1.0,-0.1
3,NONE,-1.0,-0.1,-1.0,-0.1
3,NONE,-1.0,-0.1,-1.0,-0.1
3,NONE,-1.0,-0.1,-1.0,-0.1
3,NONE,-1.0,-0.1,-1.0,-0.1
3,NONE,-1.0,-0.1,-1.0,-0.1
3,NONE,-1.0,-0.1,-1.0,-0.1
3,NONE,-1.0,-0.1,-1.0,-0.1
3,NONE,-1.0,-0.1,-1.0,-0.1
3,NONE,-1.0,-0.1,-1.0,-0.1
3,NONE,-1.0,-0.1,-1.0,-0.1
3,NONE,-1.0,-0.1,-1.0,-0.1
3,NONE,-1.0,-0.1,-1.0,-0.1
3,NONE,-1.0,-0.1,-1.0,-0.1
3,NONE,-1.0,-0.1,-1.0,-0.1
3,NONE,-1.0,-0.1,-1.0,-0.1
3,NONE,-1.0,-0.1,-1.0,-0.1
3,NONE,-1.0,-0.1,-1.0,-0.1
3,NONE,-1.0,-0.1,-1.0,-0.1
3,NONE,-1.0,-0.1,-1.0,-0.1
3,NONE,-1.0,-0.1,-1.0,-0.1
3,NONE,-1.0,-0.1,-1.0,-0.1
3,NONE,-1.0,-0.1,-1.0,-0.1
3,NONE,-1.0,-0.1,-1.0,-0.1
3,NONE,-1.0,-0.1,-1.0,-0.1
3,NONE,-1.0,-0.1,-1.0,-0.1
3,NONE,-1.0,-0.1,-1.0,-0.1
3,NONE,-1.0,-0.1,-1.0,-0.1
3,NONE,-1.0,-0.1,-1.0,-0.1
3,NONE,-1.0,-0.1,-1.0,-0.1
3,NONE,-1.0,-0.1,-1.0,-0.1
3,NONE,-1.0,-0.1,-1.0,-0.1
3,NONE,-1.0,-0.1,-1.0,-0.1
3,NONE,-1.0,-0.1,-1.0,-0.1
3,NONE,-1.0,-0.1,-1.0,-0.1
3,NONE,-1.0,-0.1,-1.0,-0.1
3,NONE,-1.0,-0.1,-1.0,-0.1
3,NONE,-1.0,-0.1,-1.0,-0.1
3,NONE,-1.0,-0.1,-1.0,-0.1
3,NONE,-1.0,-0.1,-1.0,-0.1
3,NONE,-1.0,-0.1,-1.0,-0.1
3,NONE,-1.0,-0.1,-1.0,-0.1
3,NONE,-1.0,-0.1,-1.0,-0.1
3,NONE,-1.0,-0.1,-1.0,-0.1
3,NONE,-1.0,-0.1,-1.0,-0.1
3,NONE,-1.0,-0.1,-1.0,-0.1
3,NONE,-1.0,-0.1,-1.0,-0.1
3,NONE,-1.0,-0.1,-1.0,-0.1
3,NONE,-1.0,-0.1,-1.0,-0.1
3,NONE,-1.0,-0.1,-1.0,-0.1
3,NONE,-1.0,-0.1,-1.0,-0.1
3,NONE,-1.0,-0.1,-1.0,-0.1
3,NONE,-1.0,-0.1,-1.0,-0.1
3,NONE,-1.0,-0.1,-1.0,-0.1
3,NONE,-1.0,-0.1,-1.0,-0.1
3,NONE,-1.0,-0.1,-1.0,-0.1
3,NONE,-1.0,-0.1,-1.0,-0.1
2,EV_B07_C021_Moto_Lineal_Electrica,-1.0,-0.1,7.0,25.88117945365382
1,EV_B07_C021_Moto_Lineal_Electrica,7.0,93.89861120434652,-1.0,25.88117945365382
1,EV_B07_C021_Moto_Lineal_Electrica,6.0,93.89861120434652,-1.0,25.88117945365382
1,EV_B07_C021_Moto_Lineal_Electrica,5.0,93.89861120434652,-1.0,25.88117945365382
1,EV_B07_C021_Moto_Lineal_Electrica,4.0,93.89861120434652,-1.0,25.88117945365382
1,EV_B07_C021_Moto_Lineal_Electrica,3.0,93.89861120434652,-1.0,25.88117945365382
1,EV_B07_C021_Moto_Lineal_Electrica,2.0,93.89861120434652,-1.0,25.88117945365382
1,EV_B07_C021_Moto_Lineal_Electrica,1.0,93.89861120434652,-1.0,25.88117945365382
1,EV_B07_C021_Moto_Lineal_Electrica,0.0,93.89861120434652,-1.0,25.88117945365382
3,NONE,-1.0,-0.1,-1.0,-0.1
3,NONE,-1.0,-0.1,-1.0,-0.1
3,NONE,-1.0,-0.1,-1.0,-0.1
3,NONE,-1.0,-0.1,-1.0,-0.1
3,NONE,-1.0,-0.1,-1.0,-0.1
3,NONE,-1.0,-0.1,-1.0,-0.1
3,NONE,-1.0,-0.1,-1.0,-0.1
3,NONE,-1.0,-0.1,-1.0,-0.1
3,NONE,-1.0,-0.1,-1.0,-0.1
3,NONE,-1.0,-0.1,-1.0,-0.1
3,NONE,-1.0,-0.1,-1.0,-0.1
3,NONE,-1.0,-0.1,-1.0,-0.1
3,NONE,-1.0,-0.1,-1.0,-0.1
3,NONE,-1.0,-0.1,-1.0,-0.1
3,NONE,-1.0,-0.1,-1.0,-0.1
2,EV_B07_C021_Moto_Lineal_Electrica,-1.0,-0.1,7.0,61.900933657750066
1,EV_B07_C021_Moto_Lineal_Electrica,7.0,88.02134902727103,-1.0,61.900933657750066
1,EV_B07_C021_Moto_Lineal_Electrica,6.0,88.02134902727103,-1.0,61.900933657750066
1,EV_B07_C021_Moto_Lineal_Electrica,5.0,88.02134902727103,-1.0,61.900933657750066
1,EV_B07_C021_Moto_Lineal_Electrica,4.0,88.02134902727103,-1.0,61.900933657750066
1,EV_B07_C021_Moto_Lineal_Electrica,3.0,88.02134902727103,-1.0,61.900933657750066
1,EV_B07_C021_Moto_Lineal_Electrica,2.0,88.02134902727103,-1.0,61.900933657750066
1,EV_B07_C021_Moto_Lineal_Electrica,1.0,88.02134902727103,-1.0,61.900933657750066
1,EV_B07_C021_Moto_Lineal_Electrica,0.0,88.02134902727103,-1.0,61.900933657750066
3,NONE,-1.0,-0.1,-1.0,-0.1
3,NONE,-1.0,-0.1,-1.0,-0.1
3,NONE,-1.0,-0.1,-1.0,-0.1
3,NONE,-1.0,-0.1,-1.0,-0.1
3,NONE,-1.0,-0.1,-1.0,-0.1
3,NONE,-1.0,-0.1,-1.0,-0.1
3,NONE,-1.0,-0.1,-1.0,-0.1
3,NONE,-1.0,-0.1,-1.0,-0.1
3,NONE,-1.0,-0.1,-1.0,-0.1
3,NONE,-1.0,-0.1,-1.0,-0.1
3,NONE,-1.0,-0.1,-1.0,-0.1
3,NONE,-1.0,-0.1,-1.0,-0.1
3,NONE,-1.0,-0.1,-1.0,-0.1
3,NONE,-1.0,-0.1,-1.0,-0.1
3,NONE,-1.0,-0.1,-1.0,-0.1
3,NONE,-1.0,-0.1,-1.0,-0.1
3,NONE,-1.0,-0.1,-1.0,-0.1
3,NONE,-1.0,-0.1,-1.0,-0.1
3,NONE,-1.0,-0.1,-1.0,-0.1
3,NONE,-1.0,-0.1,-1.0,-0.1
3,NONE,-1.0,-0.1,-1.0,-0.1
3,NONE,-1.0,-0.1,-1.0,-0.1
3,NONE,-1.0,-0.1,-1.0,-0.1
3,NONE,-1.0,-0.1,-1.0,-0.1
3,NONE,-1.0,-0.1,-1.0,-0.1
3,NONE,-1.0,-0.1,-1.0,-0.1
3,NONE,-1.0,-0.1,-1.0,-0.1
3,NONE,-1.0,-0.1,-1.0,-0.1
3,NONE,-1.0,-0.1,-1.0,-0.1
3,NONE,-1.0,-0.1,-1.0,-0.1
3,NONE,-1.0,-0.1,-1.0,-0.1
3,NONE,-1.0,-0.1,-1.0,-0.1
3,NONE,-1.0,-0.1,-1.0,-0.1
3,NONE,-1.0,-0.1,-1.0,-0.1
3,NONE,-1.0,-0.1,-1.0,-0.1
3,NONE,-1.0,-0.1,-1.0,-0.1
3,NONE,-1.0,-0.1,-1.0,-0.1
3,NONE,-1.0,-0.1,-1.0,-0.1
3,NONE,-1.0,-0.1,-1.0,-0.1
3,NONE,-1.0,-0.1,-1.0,-0.1
3,NONE,-1.0,-0.1,-1.0,-0.1
3,NONE,-1.0,-0.1,-1.0,-0.1
2,EV_B07_C021_Moto_Lineal_Electrica,-1.0,-0.1,10.0,48.18941511317467
1,EV_B07_C021_Moto_Lineal_Electrica,4.0,79.99216348259395,-1.0,48.18941511317467
1,EV_B07_C021_Moto_Lineal_Electrica,3.0,79.99216348259395,-1.0,48.18941511317467
1,EV_B07_C021_Moto_Lineal_Electrica,2.0,79.99216348259395,-1.0,48.18941511317467
1,EV_B07_C021_Moto_Lineal_Electrica,1.0,79.99216348259395,-1.0,48.18941511317467
1,EV_B07_C021_Moto_Lineal_Electrica,0.0,79.99216348259395,-1.0,48.18941511317467
3,NONE,-1.0,-0.1,-1.0,-0.1
3,NONE,-1.0,-0.1,-1.0,-0.1
3,NONE,-1.0,-0.1,-1.0,-0.1
3,NONE,-1.0,-0.1,-1.0,-0.1
3,NONE,-1.0,-0.1,-1.0,-0.1
3,NONE,-1.0,-0.1,-1.0,-0.1
3,NONE,-1.0,-0.1,-1.0,-0.1
3,NONE,-1.0,-0.1,-1.0,-0.1
3,NONE,-1.0,-0.1,-1.0,-0.1
3,NONE,-1.0,-0.1,-1.0,-0.1
3,NONE,-1.0,-0.1,-1.0,-0.1
3,NONE,-1.0,-0.1,-1.0,-0.1
3,NONE,-1.0,-0.1,-1.0,-0.1
3,NONE,-1.0,-0.1,-1.0,-0.1
3,NONE,-1.0,-0.1,-1.0,-0.1
3,NONE,-1.0,-0.1,-1.0,-0.1
2,EV_B07_C021_Moto_Lineal_Electrica,-1.0,-0.1,8.0,17.637087506648868
1,EV_B07_C021_Moto_Lineal_Electrica,6.0,79.90891359282037,-1.0,17.637087506648868
1,EV_B07_C021_Moto_Lineal_Electrica,5.0,79.90891359282037,-1.0,17.637087506648868
1,EV_B07_C021_Moto_Lineal_Electrica,4.0,79.90891359282037,-1.0,17.637087506648868
1,EV_B07_C021_Moto_Lineal_Electrica,3.0,79.90891359282037,-1.0,17.637087506648868
1,EV_B07_C021_Moto_Lineal_Electrica,2.0,79.90891359282037,-1.0,17.637087506648868
1,EV_B07_C021_Moto_Lineal_Electrica,1.0,79.90891359282037,-1.0,17.637087506648868
1,EV_B07_C021_Moto_Lineal_Electrica,0.0,79.90891359282037,-1.0,17.637087506648868
3,NONE,-1.0,-0.1,-1.0,-0.1
3,NONE,-1.0,-0.1,-1.0,-0.1
3,NONE,-1.0,-0.1,-1.0,-0.1
3,NONE,-1.0,-0.1,-1.0,-0.1
3,NONE,-1.0,-0.1,-1.0,-0.1
3,NONE,-1.0,-0.1,-1.0,-0.1
3,NONE,-1.0,-0.1,-1.0,-0.1
3,NONE,-1.0,-0.1,-1.0,-0.1
3,NONE,-1.0,-0.1,-1.0,-0.1
3,NONE,-1.0,-0.1,-1.0,-0.1
3,NONE,-1.0,-0.1,-1.0,-0.1
3,NONE,-1.0,-0.1,-1.0,-0.1
3,NONE,-1.0,-0.1,-1.0,-0.1
3,NONE,-1.0,-0.1,-1.0,-0.1
3,NONE,-1.0,-0.1,-1.0,-0.1
3,NONE,-1.0,-0.1,-1.0,-0.1
3,NONE,-1.0,-0.1,-1.0,-0.1
3,NONE,-1.0,-0.1,-1.0,-0.1
3,NONE,-1.0,-0.1,-1.0,-0.1
3,NONE,-1.0,-0.1,-1.0,-0.1
3,NONE,-1.0,-0.1,-1.0,-0.1
3,NONE,-1.0,-0.1,-1.0,-0.1
3,NONE,-1.0,-0.1,-1.0,-0.1
3,NONE,-1.0,-0.1,-1.0,-0.1
3,NONE,-1.0,-0.1,-1.0,-0.1
3,NONE,-1.0,-0.1,-1.0,-0.1
3,NONE,-1.0,-0.1,-1.0,-0.1
3,NONE,-1.0,-0.1,-1.0,-0.1
3,NONE,-1.0,-0.1,-1.0,-0.1
3,NONE,-1.0,-0.1,-1.0,-0.1
3,NONE,-1.0,-0.1,-1.0,-0.1
3,NONE,-1.0,-0.1,-1.0,-0.1
3,NONE,-1.0,-0.1,-1.0,-0.1
3,NONE,-1.0,-0.1,-1.0,-0.1
3,NONE,-1.0,-0.1,-1.0,-0.1
3,NONE,-1.0,-0.1,-1.0,-0.1
3,NONE,-1.0,-0.1,-1.0,-0.1
3,NONE,-1.0,-0.1,-1.0,-0.1
3,NONE,-1.0,-0.1,-1.0,-0.1
3,NONE,-1.0,-0.1,-1.0,-0.1
3,NONE,-1.0,-0.1,-1.0,-0.1
3,NONE,-1.0,-0.1,-1.0,-0.1
3,NONE,-1.0,-0.1,-1.0,-0.1
3,NONE,-1.0,-0.1,-1.0,-0.1
3,NONE,-1.0,-0.1,-1.0,-0.1
3,NONE,-1.0,-0.1,-1.0,-0.1
3,NONE,-1.0,-0.1,-1.0,-0.1
3,NONE,-1.0,-0.1,-1.0,-0.1
3,NONE,-1.0,-0.1,-1.0,-0.1
3,NONE,-1.0,-0.1,-1.0,-0.1
3,NONE,-1.0,-0.1,-1.0,-0.1
3,NONE,-1.0,-0.1,-1.0,-0.1
3,NONE,-1.0,-0.1,-1.0,-0.1
3,NONE,-1.0,-0.1,-1.0,-0.1
3,NONE,-1.0,-0.1,-1.0,-0.1
3,NONE,-1.0,-0.1,-1.0,-0.1
3,NONE,-1.0,-0.1,-1.0,-0.1
3,NONE,-1.0,-0.1,-1.0,-0.1
3,NONE,-1.0,-0.1,-1.0,-0.1
3,NONE,-1.0,-0.1,-1.0,-0.1
3,NONE,-1.0,-0.1,-1.0,-0.1
3,NONE,-1.0,-0.1,-1.0,-0.1
3,NONE,-1.0,-0.1,-1.0,-0.1
3,NONE,-1.0,-0.1,-1.0,-0.1
3,NONE,-1.0,-0.1,-1.0,-0.1
3,NONE,-1.0,-0.1,-1.0,-0.1
3,NONE,-1.0,-0.1,-1.0,-0.1
3,NONE,-1.0,-0.1,-1.0,-0.1
3,NONE,-1.0,-0.1,-1.0,-0.1
3,NONE,-1.0,-0.1,-1.0,-0.1
3,NONE,-1.0,-0.1,-1.0,-0.1
3,NONE,-1.0,-0.1,-1.0,-0.1
3,NONE,-1.0,-0.1,-1.0,-0.1
3,NONE,-1.0,-0.1,-1.0,-0.1
3,NONE,-1.0,-0.1,-1.0,-0.1
3,NONE,-1.0,-0.1,-1.0,-0.1
3,NONE,-1.0,-0.1,-1.0,-0.1
3,NONE,-1.0,-0.1,-1.0,-0.1
3,NONE,-1.0,-0.1,-1.0,-0.1
3,NONE,-1.0,-0.1,-1.0,-0.1
3,NONE,-1.0,-0.1,-1.0,-0.1
3,NONE,-1.0,-0.1,-1.0,-0.1
3,NONE,-1.0,-0.1,-1.0,-0.1
3,NONE,-1.0,-0.1,-1.0,-0.1
3,NONE,-1.0,-0.1,-1.0,-0.1
3,NONE,-1.0,-0.1,-1.0,-0.1
3,NONE,-1.0,-0.1,-1.0,-0.1
3,NONE,-1.0,-0.1,-1.0,-0.1
2,EV_B07_C021_Moto_Lineal_Electrica,-1.0,-0.1,8.0,27.778805480724557
1,EV_B07_C021_Moto_Lineal_Electrica,6.0,87.17904976098619,-1.0,27.778805480724557
1,EV_B07_C021_Moto_Lineal_Electrica,5.0,87.17904976098619,-1.0,27.778805480724557
1,EV_B07_C021_Moto_Lineal_Electrica,4.0,87.17904976098619,-1.0,27.778805480724557
1,EV_B07_C021_Moto_Lineal_Electrica,3.0,87.17904976098619,-1.0,27.778805480724557
1,EV_B07_C021_Moto_Lineal_Electrica,2.0,87.17904976098619,-1.0,27.778805480724557
1,EV_B07_C021_Moto_Lineal_Electrica,1.0,87.17904976098619,-1.0,27.778805480724557
1,EV_B07_C021_Moto_Lineal_Electrica,0.0,87.17904976098619,-1.0,27.778805480724557
3,NONE,-1.0,-0.1,-1.0,-0.1
3,NONE,-1.0,-0.1,-1.0,-0.1
3,NONE,-1.0,-0.1,-1.0,-0.1
3,NONE,-1.0,-0.1,-1.0,-0.1
3,NONE,-1.0,-0.1,-1.0,-0.1
3,NONE,-1.0,-0.1,-1.0,-0.1
3,NONE,-1.0,-0.1,-1.0,-0.1
3,NONE,-1.0,-0.1,-1.0,-0.1
3,NONE,-1.0,-0.1,-1.0,-0.1
3,NONE,-1.0,-0.1,-1.0,-0.1
3,NONE,-1.0,-0.1,-1.0,-0.1
3,NONE,-1.0,-0.1,-1.0,-0.1
3,NONE,-1.0,-0.1,-1.0,-0.1
3,NONE,-1.0,-0.1,-1.0,-0.1
3,NONE,-1.0,-0.1,-1.0,-0.1
3,NONE,-1.0,-0.1,-1.0,-0.1
2,EV_B07_C021_Moto_Lineal_Electrica,-1.0,-0.1,8.0,21.227402436966756
1,EV_B07_C021_Moto_Lineal_Electrica,6.0,86.23912412848861,-1.0,21.227402436966756
1,EV_B07_C021_Moto_Lineal_Electrica,5.0,86.23912412848861,-1.0,21.227402436966756
1,EV_B07_C021_Moto_Lineal_Electrica,4.0,86.23912412848861,-1.0,21.227402436966756
1,EV_B07_C021_Moto_Lineal_Electrica,3.0,86.23912412848861,-1.0,21.227402436966756
1,EV_B07_C021_Moto_Lineal_Electrica,2.0,86.23912412848861,-1.0,21.227402436966756
1,EV_B07_C021_Moto_Lineal_Electrica,1.0,86.23912412848861,-1.0,21.227402436966756
1,EV_B07_C021_Moto_Lineal_Electrica,0.0,86.23912412848861,-1.0,21.227402436966756
3,NONE,-1.0,-0.1,-1.0,-0.1
3,NONE,-1.0,-0.1,-1.0,-0.1
3,NONE,-1.0,-0.1,-1.0,-0.1
3,NONE,-1.0,-0.1,-1.0,-0.1
3,NONE,-1.0,-0.1,-1.0,-0.1
3,NONE,-1.0,-0.1,-1.0,-0.1
3,NONE,-1.0,-0.1,-1.0,-0.1
3,NONE,-1.0,-0.1,-1.0,-0.1
3,NONE,-1.0,-0.1,-1.0,-0.1
3,NONE,-1.0,-0.1,-1.0,-0.1
3,NONE,-1.0,-0.1,-1.0,-0.1
3,NONE,-1.0,-0.1,-1.0,-0.1
3,NONE,-1.0,-0.1,-1.0,-0.1
3,NONE,-1.0,-0.1,-1.0,-0.1
3,NONE,-1.0,-0.1,-1.0,-0.1
3,NONE,-1.0,-0.1,-1.0,-0.1
3,NONE,-1.0,-0.1,-1.0,-0.1
2,EV_B07_C021_Moto_Lineal_Electrica,-1.0,-0.1,9.0,36.883759321623735
1,EV_B07_C021_Moto_Lineal_Electrica,5.0,93.52193827609605,-1.0,36.883759321623735
1,EV_B07_C021_Moto_Lineal_Electrica,4.0,93.52193827609605,-1.0,36.883759321623735
1,EV_B07_C021_Moto_Lineal_Electrica,3.0,93.52193827609605,-1.0,36.883759321623735
1,EV_B07_C021_Moto_Lineal_Electrica,2.0,93.52193827609605,-1.0,36.883759321623735
1,EV_B07_C021_Moto_Lineal_Electrica,1.0,93.52193827609605,-1.0,36.883759321623735
1,EV_B07_C021_Moto_Lineal_Electrica,0.0,93.52193827609605,-1.0,36.883759321623735
3,NONE,-1.0,-0.1,-1.0,-0.1
3,NONE,-1.0,-0.1,-1.0,-0.1
3,NONE,-1.0,-0.1,-1.0,-0.1
3,NONE,-1.0,-0.1,-1.0,-0.1
3,NONE,-1.0,-0.1,-1.0,-0.1
3,NONE,-1.0,-0.1,-1.0,-0.1
3,NONE,-1.0,-0.1,-1.0,-0.1
3,NONE,-1.0,-0.1,-1.0,-0.1
3,NONE,-1.0,-0.1,-1.0,-0.1
3,NONE,-1.0,-0.1,-1.0,-0.1
3,NONE,-1.0,-0.1,-1.0,-0.1
3,NONE,-1.0,-0.1,-1.0,-0.1
3,NONE,-1.0,-0.1,-1.0,-0.1
3,NONE,-1.0,-0.1,-1.0,-0.1
3,NONE,-1.0,-0.1,-1.0,-0.1
3,NONE,-1.0,-0.1,-1.0,-0.1
2,EV_B07_C021_Moto_Lineal_Electrica,-1.0,-0.1,8.0,17.824498605388023
1,EV_B07_C021_Moto_Lineal_Electrica,6.0,77.57813043157661,-1.0,17.824498605388023
1,EV_B07_C021_Moto_Lineal_Electrica,5.0,77.57813043157661,-1.0,17.824498605388023
1,EV_B07_C021_Moto_Lineal_Electrica,4.0,77.57813043157661,-1.0,17.824498605388023
1,EV_B07_C021_Moto_Lineal_Electrica,3.0,77.57813043157661,-1.0,17.824498605388023
1,EV_B07_C021_Moto_Lineal_Electrica,2.0,77.57813043157661,-1.0,17.824498605388023
1,EV_B07_C021_Moto_Lineal_Electrica,1.0,77.57813043157661,-1.0,17.824498605388023
1,EV_B07_C021_Moto_Lineal_Electrica,0.0,77.57813043157661,-1.0,17.824498605388023
3,NONE,-1.0,-0.1,-1.0,-0.1
3,NONE,-1.0,-0.1,-1.0,-0.1
3,NONE,-1.0,-0.1,-1.0,-0.1
3,NONE,-1.0,-0.1,-1.0,-0.1
3,NONE,-1.0,-0.1,-1.0,-0.1
3,NONE,-1.0,-0.1,-1.0,-0.1
3,NONE,-1.0,-0.1,-1.0,-0.1
3,NONE,-1.0,-0.1,-1.0,-0.1
3,NONE,-1.0,-0.1,-1.0,-0.1
3,NONE,-1.0,-0.1,-1.0,-0.1
3,NONE,-1.0,-0.1,-1.0,-0.1
3,NONE,-1.0,-0.1,-1.0,-0.1
3,NONE,-1.0,-0.1,-1.0,-0.1
3,NONE,-1.0,-0.1,-1.0,-0.1
3,NONE,-1.0,-0.1,-1.0,-0.1
3,NONE,-1.0,-0.1,-1.0,-0.1
3,NONE,-1.0,-0.1,-1.0,-0.1
3,NONE,-1.0,-0.1,-1.0,-0.1
3,NONE,-1.0,-0.1,-1.0,-0.1
3,NONE,-1.0,-0.1,-1.0,-0.1
3,NONE,-1.0,-0.1,-1.0,-0.1
3,NONE,-1.0,-0.1,-1.0,-0.1
3,NONE,-1.0,-0.1,-1.0,-0.1
3,NONE,-1.0,-0.1,-1.0,-0.1
3,NONE,-1.0,-0.1,-1.0,-0.1
3,NONE,-1.0,-0.1,-1.0,-0.1
3,NONE,-1.0,-0.1,-1.0,-0.1
3,NONE,-1.0,-0.1,-1.0,-0.1
3,NONE,-1.0,-0.1,-1.0,-0.1
3,NONE,-1.0,-0.1,-1.0,-0.1
3,NONE,-1.0,-0.1,-1.0,-0.1
3,NONE,-1.0,-0.1,-1.0,-0.1
3,NONE,-1.0,-0.1,-1.0,-0.1
3,NONE,-1.0,-0.1,-1.0,-0.1
3,NONE,-1.0,-0.1,-1.0,-0.1
3,NONE,-1.0,-0.1,-1.0,-0.1
3,NONE,-1.0,-0.1,-1.0,-0.1
3,NONE,-1.0,-0.1,-1.0,-0.1
3,NONE,-1.0,-0.1,-1.0,-0.1
3,NONE,-1.0,-0.1,-1.0,-0.1
3,NONE,-1.0,-0.1,-1.0,-0.1
3,NONE,-1.0,-0.1,-1.0,-0.1
3,NONE,-1.0,-0.1,-1.0,-0.1
3,NONE,-1.0,-0.1,-1.0,-0.1
3,NONE,-1.0,-0.1,-1.0,-0.1
3,NONE,-1.0,-0.1,-1.0,-0.1
3,NONE,-1.0,-0.1,-1.0,-0.1
3,NONE,-1.0,-0.1,-1.0,-0.1
3,NONE,-1.0,-0.1,-1.0,-0.1
3,NONE,-1.0,-0.1,-1.0,-0.1
3,NONE,-1.0,-0.1,-1.0,-0.1
3,NONE,-1.0,-0.1,-1.0,-0.1
3,NONE,-1.0,-0.1,-1.0,-0.1
3,NONE,-1.0,-0.1,-1.0,-0.1
3,NONE,-1.0,-0.1,-1.0,-0.1
3,NONE,-1.0,-0.1,-1.0,-0.1
3,NONE,-1.0,-0.1,-1.0,-0.1
3,NONE,-1.0,-0.1,-1.0,-0.1
3,NONE,-1.0,-0.1,-1.0,-0.1
3,NONE,-1.0,-0.1,-1.0,-0.1
3,NONE,-1.0,-0.1,-1.0,-0.1
3,NONE,-1.0,-0.1,-1.0,-0.1
3,NONE,-1.0,-0.1,-1.0,-0.1
2,EV_B07_C021_Moto_Lineal_Electrica,-1.0,-0.1,7.0,48.884919137008914
1,EV_B07_C021_Moto_Lineal_Electrica,7.0,86.99210045293951,-1.0,48.884919137008914
1,EV_B07_C021_Moto_Lineal_Electrica,6.0,86.99210045293951,-1.0,48.884919137008914
1,EV_B07_C021_Moto_Lineal_Electrica,5.0,86.99210045293951,-1.0,48.884919137008914
1,EV_B07_C021_Moto_Lineal_Electrica,4.0,86.99210045293951,-1.0,48.884919137008914
1,EV_B07_C021_Moto_Lineal_Electrica,3.0,86.99210045293951,-1.0,48.884919137008914
1,EV_B07_C021_Moto_Lineal_Electrica,2.0,86.99210045293951,-1.0,48.884919137008914
1,EV_B07_C021_Moto_Lineal_Electrica,1.0,86.99210045293951,-1.0,48.884919137008914
1,EV_B07_C021_Moto_Lineal_Electrica,0.0,86.99210045293951,-1.0,48.884919137008914
3,NONE,-1.0,-0.1,-1.0,-0.1
3,NONE,-1.0,-0.1,-1.0,-0.1
3,NONE,-1.0,-0.1,-1.0,-0.1
3,NONE,-1.0,-0.1,-1.0,-0.1
3,NONE,-1.0,-0.1,-1.0,-0.1
3,NONE,-1.0,-0.1,-1.0,-0.1
3,NONE,-1.0,-0.1,-1.0,-0.1
3,NONE,-1.0,-0.1,-1.0,-0.1
3,NONE,-1.0,-0.1,-1.0,-0.1
3,NONE,-1.0,-0.1,-1.0,-0.1
3,NONE,-1.0,-0.1,-1.0,-0.1
3,NONE,-1.0,-0.1,-1.0,-0.1
3,NONE,-1.0,-0.1,-1.0,-0.1
3,NONE,-1.0,-0.1,-1.0,-0.1
3,NONE,-1.0,-0.1,-1.0,-0.1
3,NONE,-1.0,-0.1,-1.0,-0.1
3,NONE,-1.0,-0.1,-1.0,-0.1
3,NONE,-1.0,-0.1,-1.0,-0.1
3,NONE,-1.0,-0.1,-1.0,-0.1
3,NONE,-1.0,-0.1,-1.0,-0.1
3,NONE,-1.0,-0.1,-1.0,-0.1
3,NONE,-1.0,-0.1,-1.0,-0.1
3,NONE,-1.0,-0.1,-1.0,-0.1
3,NONE,-1.0,-0.1,-1.0,-0.1
3,NONE,-1.0,-0.1,-1.0,-0.1
3,NONE,-1.0,-0.1,-1.0,-0.1
3,NONE,-1.0,-0.1,-1.0,-0.1
3,NONE,-1.0,-0.1,-1.0,-0.1
3,NONE,-1.0,-0.1,-1.0,-0.1
3,NONE,-1.0,-0.1,-1.0,-0.1
3,NONE,-1.0,-0.1,-1.0,-0.1
3,NONE,-1.0,-0.1,-1.0,-0.1
3,NONE,-1.0,-0.1,-1.0,-0.1
3,NONE,-1.0,-0.1,-1.0,-0.1
3,NONE,-1.0,-0.1,-1.0,-0.1
3,NONE,-1.0,-0.1,-1.0,-0.1
3,NONE,-1.0,-0.1,-1.0,-0.1
3,NONE,-1.0,-0.1,-1.0,-0.1
3,NONE,-1.0,-0.1,-1.0,-0.1
3,NONE,-1.0,-0.1,-1.0,-0.1
2,EV_B07_C021_Moto_Lineal_Electrica,-1.0,-0.1,8.0,21.356262202699376
1,EV_B07_C021_Moto_Lineal_Electrica,6.0,80.14870963407701,-1.0,21.356262202699376
1,EV_B07_C021_Moto_Lineal_Electrica,5.0,80.14870963407701,-1.0,21.356262202699376
1,EV_B07_C021_Moto_Lineal_Electrica,4.0,80.14870963407701,-1.0,21.356262202699376
1,EV_B07_C021_Moto_Lineal_Electrica,3.0,80.14870963407701,-1.0,21.356262202699376
1,EV_B07_C021_Moto_Lineal_Electrica,2.0,80.14870963407701,-1.0,21.356262202699376
1,EV_B07_C021_Moto_Lineal_Electrica,1.0,80.14870963407701,-1.0,21.356262202699376
1,EV_B07_C021_Moto_Lineal_Electrica,0.0,80.14870963407701,-1.0,21.356262202699376
3,NONE,-1.0,-0.1,-1.0,-0.1
3,NONE,-1.0,-0.1,-1.0,-0.1
3,NONE,-1.0,-0.1,-1.0,-0.1
3,NONE,-1.0,-0.1,-1.0,-0.1
3,NONE,-1.0,-0.1,-1.0,-0.1
3,NONE,-1.0,-0.1,-1.0,-0.1
3,NONE,-1.0,-0.1,-1.0,-0.1
3,NONE,-1.0,-0.1,-1.0,-0.1
3,NONE,-1.0,-0.1,-1.0,-0.1
3,NONE,-1.0,-0.1,-1.0,-0.1
3,NONE,-1.0,-0.1,-1.0,-0.1
3,NONE,-1.0,-0.1,-1.0,-0.1
3,NONE,-1.0,-0.1,-1.0,-0.1
3,NONE,-1.0,-0.1,-1.0,-0.1
3,NONE,-1.0,-0.1,-1.0,-0.1
3,NONE,-1.0,-0.1,-1.0,-0.1
3,NONE,-1.0,-0.1,-1.0,-0.1
3,NONE,-1.0,-0.1,-1.0,-0.1
3,NONE,-1.0,-0.1,-1.0,-0.1
3,NONE,-1.0,-0.1,-1.0,-0.1
3,NONE,-1.0,-0.1,-1.0,-0.1
3,NONE,-1.0,-0.1,-1.0,-0.1
3,NONE,-1.0,-0.1,-1.0,-0.1
3,NONE,-1.0,-0.1,-1.0,-0.1
3,NONE,-1.0,-0.1,-1.0,-0.1
3,NONE,-1.0,-0.1,-1.0,-0.1
3,NONE,-1.0,-0.1,-1.0,-0.1
3,NONE,-1.0,-0.1,-1.0,-0.1
3,NONE,-1.0,-0.1,-1.0,-0.1
3,NONE,-1.0,-0.1,-1.0,-0.1
3,NONE,-1.0,-0.1,-1.0,-0.1
3,NONE,-1.0,-0.1,-1.0,-0.1
3,NONE,-1.0,-0.1,-1.0,-0.1
3,NONE,-1.0,-0.1,-1.0,-0.1
3,NONE,-1.0,-0.1,-1.0,-0.1
3,NONE,-1.0,-0.1,-1.0,-0.1
3,NONE,-1.0,-0.1,-1.0,-0.1
3,NONE,-1.0,-0.1,-1.0,-0.1
3,NONE,-1.0,-0.1,-1.0,-0.1
2,EV_B07_C021_Moto_Lineal_Electrica,-1.0,-0.1,7.0,60.958843026932215
1,EV_B07_C021_Moto_Lineal_Electrica,7.0,91.8692621738736,-1.0,60.958843026932215
1,EV_B07_C021_Moto_Lineal_Electrica,6.0,91.8692621738736,-1.0,60.958843026932215
1,EV_B07_C021_Moto_Lineal_Electrica,5.0,91.8692621738736,-1.0,60.958843026932215
1,EV_B07_C021_Moto_Lineal_Electrica,4.0,91.8692621738736,-1.0,60.958843026932215
1,EV_B07_C021_Moto_Lineal_Electrica,3.0,91.8692621738736,-1.0,60.958843026932215
1,EV_B07_C021_Moto_Lineal_Electrica,2.0,91.8692621738736,-1.0,60.958843026932215
1,EV_B07_C021_Moto_Lineal_Electrica,1.0,91.8692621738736,-1.0,60.958843026932215
1,EV_B07_C021_Moto_Lineal_Electrica,0.0,91.8692621738736,-1.0,60.958843026932215
3,NONE,-1.0,-0.1,-1.0,-0.1
3,NONE,-1.0,-0.1,-1.0,-0.1
3,NONE,-1.0,-0.1,-1.0,-0.1
3,NONE,-1.0,-0.1,-1.0,-0.1
3,NONE,-1.0,-0.1,-1.0,-0.1
3,NONE,-1.0,-0.1,-1.0,-0.1
3,NONE,-1.0,-0.1,-1.0,-0.1
3,NONE,-1.0,-0.1,-1.0,-0.1
3,NONE,-1.0,-0.1,-1.0,-0.1
3,NONE,-1.0,-0.1,-1.0,-0.1
3,NONE,-1.0,-0.1,-1.0,-0.1
3,NONE,-1.0,-0.1,-1.0,-0.1
3,NONE,-1.0,-0.1,-1.0,-0.1
3,NONE,-1.0,-0.1,-1.0,-0.1
3,NONE,-1.0,-0.1,-1.0,-0.1
3,NONE,-1.0,-0.1,-1.0,-0.1
3,NONE,-1.0,-0.1,-1.0,-0.1
3,NONE,-1.0,-0.1,-1.0,-0.1
3,NONE,-1.0,-0.1,-1.0,-0.1
3,NONE,-1.0,-0.1,-1.0,-0.1
3,NONE,-1.0,-0.1,-1.0,-0.1
3,NONE,-1.0,-0.1,-1.0,-0.1
3,NONE,-1.0,-0.1,-1.0,-0.1
3,NONE,-1.0,-0.1,-1.0,-0.1
3,NONE,-1.0,-0.1,-1.0,-0.1
3,NONE,-1.0,-0.1,-1.0,-0.1
3,NONE,-1.0,-0.1,-1.0,-0.1
3,NONE,-1.0,-0.1,-1.0,-0.1
3,NONE,-1.0,-0.1,-1.0,-0.1
3,NONE,-1.0,-0.1,-1.0,-0.1
3,NONE,-1.0,-0.1,-1.0,-0.1
3,NONE,-1.0,-0.1,-1.0,-0.1
3,NONE,-1.0,-0.1,-1.0,-0.1
3,NONE,-1.0,-0.1,-1.0,-0.1
3,NONE,-1.0,-0.1,-1.0,-0.1
3,NONE,-1.0,-0.1,-1.0,-0.1
3,NONE,-1.0,-0.1,-1.0,-0.1
3,NONE,-1.0,-0.1,-1.0,-0.1
3,NONE,-1.0,-0.1,-1.0,-0.1
3,NONE,-1.0,-0.1,-1.0,-0.1
3,NONE,-1.0,-0.1,-1.0,-0.1
3,NONE,-1.0,-0.1,-1.0,-0.1
3,NONE,-1.0,-0.1,-1.0,-0.1
3,NONE,-1.0,-0.1,-1.0,-0.1
3,NONE,-1.0,-0.1,-1.0,-0.1
3,NONE,-1.0,-0.1,-1.0,-0.1
3,NONE,-1.0,-0.1,-1.0,-0.1
3,NONE,-1.0,-0.1,-1.0,-0.1
3,NONE,-1.0,-0.1,-1.0,-0.1
3,NONE,-1.0,-0.1,-1.0,-0.1
3,NONE,-1.0,-0.1,-1.0,-0.1
3,NONE,-1.0,-0.1,-1.0,-0.1
3,NONE,-1.0,-0.1,-1.0,-0.1
3,NONE,-1.0,-0.1,-1.0,-0.1
3,NONE,-1.0,-0.1,-1.0,-0.1
3,NONE,-1.0,-0.1,-1.0,-0.1
3,NONE,-1.0,-0.1,-1.0,-0.1
3,NONE,-1.0,-0.1,-1.0,-0.1
3,NONE,-1.0,-0.1,-1.0,-0.1
3,NONE,-1.0,-0.1,-1.0,-0.1
3,NONE,-1.0,-0.1,-1.0,-0.1
3,NONE,-1.0,-0.1,-1.0,-0.1
3,NONE,-1.0,-0.1,-1.0,-0.1
3,NONE,-1.0,-0.1,-1.0,-0.1
3,NONE,-1.0,-0.1,-1.0,-0.1
2,EV_B07_C021_Moto_Lineal_Electrica,-1.0,-0.1,9.0,10.32104694281454
1,EV_B07_C021_Moto_Lineal_Electrica,5.0,84.16958102491871,-1.0,10.32104694281454
1,EV_B07_C021_Moto_Lineal_Electrica,4.0,84.16958102491871,-1.0,10.32104694281454
1,EV_B07_C021_Moto_Lineal_Electrica,3.0,84.16958102491871,-1.0,10.32104694281454
1,EV_B07_C021_Moto_Lineal_Electrica,2.0,84.16958102491871,-1.0,10.32104694281454
1,EV_B07_C021_Moto_Lineal_Electrica,1.0,84.16958102491871,-1.0,10.32104694281454
1,EV_B07_C021_Moto_Lineal_Electrica,0.0,84.16958102491871,-1.0,10.32104694281454
3,NONE,-1.0,-0.1,-1.0,-0.1
3,NONE,-1.0,-0.1,-1.0,-0.1
3,NONE,-1.0,-0.1,-1.0,-0.1
3,NONE,-1.0,-0.1,-1.0,-0.1
3,NONE,-1.0,-0.1,-1.0,-0.1
3,NONE,-1.0,-0.1,-1.0,-0.1
3,NONE,-1.0,-0.1,-1.0,-0.1
3,NONE,-1.0,-0.1,-1.0,-0.1
3,NONE,-1.0,-0.1,-1.0,-0.1
3,NONE,-1.0,-0.1,-1.0,-0.1
3,NONE,-1.0,-0.1,-1.0,-0.1
3,NONE,-1.0,-0.1,-1.0,-0.1
3,NONE,-1.0,-0.1,-1.0,-0.1
3,NONE,-1.0,-0.1,-1.0,-0.1
3,NONE,-1.0,-0.1,-1.0,-0.1
3,NONE,-1.0,-0.1,-1.0,-0.1
3,NONE,-1.0,-0.1,-1.0,-0.1
3,NONE,-1.0,-0.1,-1.0,-0.1
3,NONE,-1.0,-0.1,-1.0,-0.1
3,NONE,-1.0,-0.1,-1.0,-0.1
3,NONE,-1.0,-0.1,-1.0,-0.1
3,NONE,-1.0,-0.1,-1.0,-0.1
3,NONE,-1.0,-0.1,-1.0,-0.1
3,NONE,-1.0,-0.1,-1.0,-0.1
3,NONE,-1.0,-0.1,-1.0,-0.1
3,NONE,-1.0,-0.1,-1.0,-0.1
3,NONE,-1.0,-0.1,-1.0,-0.1
3,NONE,-1.0,-0.1,-1.0,-0.1
3,NONE,-1.0,-0.1,-1.0,-0.1
3,NONE,-1.0,-0.1,-1.0,-0.1
3,NONE,-1.0,-0.1,-1.0,-0.1
3,NONE,-1.0,-0.1,-1.0,-0.1
3,NONE,-1.0,-0.1,-1.0,-0.1
3,NONE,-1.0,-0.1,-1.0,-0.1
3,NONE,-1.0,-0.1,-1.0,-0.1
3,NONE,-1.0,-0.1,-1.0,-0.1
3,NONE,-1.0,-0.1,-1.0,-0.1
3,NONE,-1.0,-0.1,-1.0,-0.1
3,NONE,-1.0,-0.1,-1.0,-0.1
3,NONE,-1.0,-0.1,-1.0,-0.1
3,NONE,-1.0,-0.1,-1.0,-0.1
2,EV_B07_C021_Moto_Lineal_Electrica,-1.0,-0.1,9.0,29.592249435533848
1,EV_B07_C021_Moto_Lineal_Electrica,5.0,79.90947506920462,-1.0,29.592249435533848
1,EV_B07_C021_Moto_Lineal_Electrica,4.0,79.90947506920462,-1.0,29.592249435533848
1,EV_B07_C021_Moto_Lineal_Electrica,3.0,79.90947506920462,-1.0,29.592249435533848
1,EV_B07_C021_Moto_Lineal_Electrica,2.0,79.90947506920462,-1.0,29.592249435533848
1,EV_B07_C021_Moto_Lineal_Electrica,1.0,79.90947506920462,-1.0,29.592249435533848
1,EV_B07_C021_Moto_Lineal_Electrica,0.0,79.90947506920462,-1.0,29.592249435533848
3,NONE,-1.0,-0.1,-1.0,-0.1
3,NONE,-1.0,-0.1,-1.0,-0.1
3,NONE,-1.0,-0.1,-1.0,-0.1
3,NONE,-1.0,-0.1,-1.0,-0.1
3,NONE,-1.0,-0.1,-1.0,-0.1
3,NONE,-1.0,-0.1,-1.0,-0.1
3,NONE,-1.0,-0.1,-1.0,-0.1
3,NONE,-1.0,-0.1,-1.0,-0.1
3,NONE,-1.0,-0.1,-1.0,-0.1
3,NONE,-1.0,-0.1,-1.0,-0.1
3,NONE,-1.0,-0.1,-1.0,-0.1
3,NONE,-1.0,-0.1,-1.0,-0.1
3,NONE,-1.0,-0.1,-1.0,-0.1
3,NONE,-1.0,-0.1,-1.0,-0.1
3,NONE,-1.0,-0.1,-1.0,-0.1
3,NONE,-1.0,-0.1,-1.0,-0.1
2,EV_B07_C021_Moto_Lineal_Electrica,-1.0,-0.1,8.0,39.54582245231468
1,EV_B07_C021_Moto_Lineal_Electrica,6.0,78.47399024503206,-1.0,39.54582245231468
1,EV_B07_C021_Moto_Lineal_Electrica,5.0,78.47399024503206,-1.0,39.54582245231468
1,EV_B07_C021_Moto_Lineal_Electrica,4.0,78.47399024503206,-1.0,39.54582245231468
1,EV_B07_C021_Moto_Lineal_Electrica,3.0,78.47399024503206,-1.0,39.54582245231468
1,EV_B07_C021_Moto_Lineal_Electrica,2.0,78.47399024503206,-1.0,39.54582245231468
1,EV_B07_C021_Moto_Lineal_Electrica,1.0,78.47399024503206,-1.0,39.54582245231468
1,EV_B07_C021_Moto_Lineal_Electrica,0.0,78.47399024503206,-1.0,39.54582245231468
3,NONE,-1.0,-0.1,-1.0,-0.1
3,NONE,-1.0,-0.1,-1.0,-0.1
3,NONE,-1.0,-0.1,-1.0,-0.1
3,NONE,-1.0,-0.1,-1.0,-0.1
3,NONE,-1.0,-0.1,-1.0,-0.1
3,NONE,-1.0,-0.1,-1.0,-0.1
3,NONE,-1.0,-0.1,-1.0,-0.1
3,NONE,-1.0,-0.1,-1.0,-0.1
3,NONE,-1.0,-0.1,-1.0,-0.1
3,NONE,-1.0,-0.1,-1.0,-0.1
3,NONE,-1.0,-0.1,-1.0,-0.1
3,NONE,-1.0,-0.1,-1.0,-0.1
3,NONE,-1.0,-0.1,-1.0,-0.1
3,NONE,-1.0,-0.1,-1.0,-0.1
3,NONE,-1.0,-0.1,-1.0,-0.1
3,NONE,-1.0,-0.1,-1.0,-0.1
3,NONE,-1.0,-0.1,-1.0,-0.1
3,NONE,-1.0,-0.1,-1.0,-0.1
3,NONE,-1.0,-0.1,-1.0,-0.1
3,NONE,-1.0,-0.1,-1.0,-0.1
3,NONE,-1.0,-0.1,-1.0,-0.1
3,NONE,-1.0,-0.1,-1.0,-0.1
3,NONE,-1.0,-0.1,-1.0,-0.1
3,NONE,-1.0,-0.1,-1.0,-0.1
3,NONE,-1.0,-0.1,-1.0,-0.1
3,NONE,-1.0,-0.1,-1.0,-0.1
3,NONE,-1.0,-0.1,-1.0,-0.1
3,NONE,-1.0,-0.1,-1.0,-0.1
3,NONE,-1.0,-0.1,-1.0,-0.1
3,NONE,-1.0,-0.1,-1.0,-0.1
3,NONE,-1.0,-0.1,-1.0,-0.1
3,NONE,-1.0,-0.1,-1.0,-0.1
3,NONE,-1.0,-0.1,-1.0,-0.1
3,NONE,-1.0,-0.1,-1.0,-0.1
3,NONE,-1.0,-0.1,-1.0,-0.1
3,NONE,-1.0,-0.1,-1.0,-0.1
3,NONE,-1.0,-0.1,-1.0,-0.1
3,NONE,-1.0,-0.1,-1.0,-0.1
3,NONE,-1.0,-0.1,-1.0,-0.1
3,NONE,-1.0,-0.1,-1.0,-0.1
3,NONE,-1.0,-0.1,-1.0,-0.1
3,NONE,-1.0,-0.1,-1.0,-0.1
3,NONE,-1.0,-0.1,-1.0,-0.1
3,NONE,-1.0,-0.1,-1.0,-0.1
3,NONE,-1.0,-0.1,-1.0,-0.1
3,NONE,-1.0,-0.1,-1.0,-0.1
3,NONE,-1.0,-0.1,-1.0,-0.1
3,NONE,-1.0,-0.1,-1.0,-0.1
3,NONE,-1.0,-0.1,-1.0,-0.1
3,NONE,-1.0,-0.1,-1.0,-0.1
3,NONE,-1.0,-0.1,-1.0,-0.1
3,NONE,-1.0,-0.1,-1.0,-0.1
3,NONE,-1.0,-0.1,-1.0,-0.1
3,NONE,-1.0,-0.1,-1.0,-0.1
3,NONE,-1.0,-0.1,-1.0,-0.1
3,NONE,-1.0,-0.1,-1.0,-0.1
3,NONE,-1.0,-0.1,-1.0,-0.1
3,NONE,-1.0,-0.1,-1.0,-0.1
3,NONE,-1.0,-0.1,-1.0,-0.1
3,NONE,-1.0,-0.1,-1.0,-0.1
3,NONE,-1.0,-0.1,-1.0,-0.1
3,NONE,-1.0,-0.1,-1.0,-0.1
3,NONE,-1.0,-0.1,-1.0,-0.1
3,NONE,-1.0,-0.1,-1.0,-0.1
3,NONE,-1.0,-0.1,-1.0,-0.1
3,NONE,-1.0,-0.1,-1.0,-0.1
3,NONE,-1.0,-0.1,-1.0,-0.1
3,NONE,-1.0,-0.1,-1.0,-0.1
3,NONE,-1.0,-0.1,-1.0,-0.1
3,NONE,-1.0,-0.1,-1.0,-0.1
3,NONE,-1.0,-0.1,-1.0,-0.1
3,NONE,-1.0,-0.1,-1.0,-0.1
3,NONE,-1.0,-0.1,-1.0,-0.1
3,NONE,-1.0,-0.1,-1.0,-0.1
3,NONE,-1.0,-0.1,-1.0,-0.1
3,NONE,-1.0,-0.1,-1.0,-0.1
3,NONE,-1.0,-0.1,-1.0,-0.1
3,NONE,-1.0,-0.1,-1.0,-0.1
3,NONE,-1.0,-0.1,-1.0,-0.1
3,NONE,-1.0,-0.1,-1.0,-0.1
3,NONE,-1.0,-0.1,-1.0,-0.1
3,NONE,-1.0,-0.1,-1.0,-0.1
3,NONE,-1.0,-0.1,-1.0,-0.1
3,NONE,-1.0,-0.1,-1.0,-0.1
3,NONE,-1.0,-0.1,-1.0,-0.1
3,NONE,-1.0,-0.1,-1.0,-0.1
3,NONE,-1.0,-0.1,-1.0,-0.1
3,NONE,-1.0,-0.1,-1.0,-0.1
2,EV_B07_C021_Moto_Lineal_Electrica,-1.0,-0.1,8.0,39.47441315941409
1,EV_B07_C021_Moto_Lineal_Electrica,6.0,85.24886750744274,-1.0,39.47441315941409
1,EV_B07_C021_Moto_Lineal_Electrica,5.0,85.24886750744274,-1.0,39.47441315941409
1,EV_B07_C021_Moto_Lineal_Electrica,4.0,85.24886750744274,-1.0,39.47441315941409
1,EV_B07_C021_Moto_Lineal_Electrica,3.0,85.24886750744274,-1.0,39.47441315941409
1,EV_B07_C021_Moto_Lineal_Electrica,2.0,85.24886750744274,-1.0,39.47441315941409
1,EV_B07_C021_Moto_Lineal_Electrica,1.0,85.24886750744274,-1.0,39.47441315941409
1,EV_B07_C021_Moto_Lineal_Electrica,0.0,85.24886750744274,-1.0,39.47441315941409
3,NONE,-1.0,-0.1,-1.0,-0.1
3,NONE,-1.0,-0.1,-1.0,-0.1
3,NONE,-1.0,-0.1,-1.0,-0.1
3,NONE,-1.0,-0.1,-1.0,-0.1
3,NONE,-1.0,-0.1,-1.0,-0.1
3,NONE,-1.0,-0.1,-1.0,-0.1
3,NONE,-1.0,-0.1,-1.0,-0.1
3,NONE,-1.0,-0.1,-1.0,-0.1
3,NONE,-1.0,-0.1,-1.0,-0.1
3,NONE,-1.0,-0.1,-1.0,-0.1
3,NONE,-1.0,-0.1,-1.0,-0.1
3,NONE,-1.0,-0.1,-1.0,-0.1
3,NONE,-1.0,-0.1,-1.0,-0.1
3,NONE,-1.0,-0.1,-1.0,-0.1
3,NONE,-1.0,-0.1,-1.0,-0.1
3,NONE,-1.0,-0.1,-1.0,-0.1
2,EV_B07_C021_Moto_Lineal_Electrica,-1.0,-0.1,8.0,18.703220951442233
1,EV_B07_C021_Moto_Lineal_Electrica,6.0,84.09863340483068,-1.0,18.703220951442233
1,EV_B07_C021_Moto_Lineal_Electrica,5.0,84.09863340483068,-1.0,18.703220951442233
1,EV_B07_C021_Moto_Lineal_Electrica,4.0,84.09863340483068,-1.0,18.703220951442233
1,EV_B07_C021_Moto_Lineal_Electrica,3.0,84.09863340483068,-1.0,18.703220951442233
1,EV_B07_C021_Moto_Lineal_Electrica,2.0,84.09863340483068,-1.0,18.703220951442233
1,EV_B07_C021_Moto_Lineal_Electrica,1.0,84.09863340483068,-1.0,18.703220951442233
1,EV_B07_C021_Moto_Lineal_Electrica,0.0,84.09863340483068,-1.0,18.703220951442233
3,NONE,-1.0,-0.1,-1.0,-0.1
3,NONE,-1.0,-0.1,-1.0,-0.1
3,NONE,-1.0,-0.1,-1.0,-0.1
3,NONE,-1.0,-0.1,-1.0,-0.1
3,NONE,-1.0,-0.1,-1.0,-0.1
3,NONE,-1.0,-0.1,-1.0,-0.1
3,NONE,-1.0,-0.1,-1.0,-0.1
3,NONE,-1.0,-0.1,-1.0,-0.1
3,NONE,-1.0,-0.1,-1.0,-0.1
3,NONE,-1.0,-0.1,-1.0,-0.1
3,NONE,-1.0,-0.1,-1.0,-0.1
3,NONE,-1.0,-0.1,-1.0,-0.1
3,NONE,-1.0,-0.1,-1.0,-0.1
3,NONE,-1.0,-0.1,-1.0,-0.1
3,NONE,-1.0,-0.1,-1.0,-0.1
2,EV_B07_C021_Moto_Lineal_Electrica,-1.0,-0.1,7.0,32.65224453161815
1,EV_B07_C021_Moto_Lineal_Electrica,7.0,90.50265549761725,-1.0,32.65224453161815
1,EV_B07_C021_Moto_Lineal_Electrica,6.0,90.50265549761725,-1.0,32.65224453161815
1,EV_B07_C021_Moto_Lineal_Electrica,5.0,90.50265549761725,-1.0,32.65224453161815
1,EV_B07_C021_Moto_Lineal_Electrica,4.0,90.50265549761725,-1.0,32.65224453161815
1,EV_B07_C021_Moto_Lineal_Electrica,3.0,90.50265549761725,-1.0,32.65224453161815
1,EV_B07_C021_Moto_Lineal_Electrica,2.0,90.50265549761725,-1.0,32.65224453161815
1,EV_B07_C021_Moto_Lineal_Electrica,1.0,90.50265549761725,-1.0,32.65224453161815
1,EV_B07_C021_Moto_Lineal_Electrica,0.0,90.50265549761725,-1.0,32.65224453161815
3,NONE,-1.0,-0.1,-1.0,-0.1
3,NONE,-1.0,-0.1,-1.0,-0.1
3,NONE,-1.0,-0.1,-1.0,-0.1
3,NONE,-1.0,-0.1,-1.0,-0.1
3,NONE,-1.0,-0.1,-1.0,-0.1
3,NONE,-1.0,-0.1,-1.0,-0.1
3,NONE,-1.0,-0.1,-1.0,-0.1
3,NONE,-1.0,-0.1,-1.0,-0.1
3,NONE,-1.0,-0.1,-1.0,-0.1
3,NONE,-1.0,-0.1,-1.0,-0.1
3,NONE,-1.0,-0.1,-1.0,-0.1
3,NONE,-1.0,-0.1,-1.0,-0.1
3,NONE,-1.0,-0.1,-1.0,-0.1
3,NONE,-1.0,-0.1,-1.0,-0.1
3,NONE,-1.0,-0.1,-1.0,-0.1
2,EV_B07_C021_Moto_Lineal_Electrica,-1.0,-0.1,7.0,44.962342038993825
1,EV_B07_C021_Moto_Lineal_Electrica,7.0,81.61834675874121,-1.0,44.962342038993825
1,EV_B07_C021_Moto_Lineal_Electrica,6.0,81.61834675874121,-1.0,44.962342038993825
1,EV_B07_C021_Moto_Lineal_Electrica,5.0,81.61834675874121,-1.0,44.962342038993825
1,EV_B07_C021_Moto_Lineal_Electrica,4.0,81.61834675874121,-1.0,44.962342038993825
1,EV_B07_C021_Moto_Lineal_Electrica,3.0,81.61834675874121,-1.0,44.962342038993825
1,EV_B07_C021_Moto_Lineal_Electrica,2.0,81.61834675874121,-1.0,44.962342038993825
1,EV_B07_C021_Moto_Lineal_Electrica,1.0,81.61834675874121,-1.0,44.962342038993825
1,EV_B07_C021_Moto_Lineal_Electrica,0.0,81.61834675874121,-1.0,44.962342038993825
3,NONE,-1.0,-0.1,-1.0,-0.1
3,NONE,-1.0,-0.1,-1.0,-0.1
3,NONE,-1.0,-0.1,-1.0,-0.1
3,NONE,-1.0,-0.1,-1.0,-0.1
3,NONE,-1.0,-0.1,-1.0,-0.1
3,NONE,-1.0,-0.1,-1.0,-0.1
3,NONE,-1.0,-0.1,-1.0,-0.1
3,NONE,-1.0,-0.1,-1.0,-0.1
3,NONE,-1.0,-0.1,-1.0,-0.1
3,NONE,-1.0,-0.1,-1.0,-0.1
3,NONE,-1.0,-0.1,-1.0,-0.1
3,NONE,-1.0,-0.1,-1.0,-0.1
3,NONE,-1.0,-0.1,-1.0,-0.1
3,NONE,-1.0,-0.1,-1.0,-0.1
3,NONE,-1.0,-0.1,-1.0,-0.1
3,NONE,-1.0,-0.1,-1.0,-0.1
3,NONE,-1.0,-0.1,-1.0,-0.1
3,NONE,-1.0,-0.1,-1.0,-0.1
3,NONE,-1.0,-0.1,-1.0,-0.1
3,NONE,-1.0,-0.1,-1.0,-0.1
3,NONE,-1.0,-0.1,-1.0,-0.1
3,NONE,-1.0,-0.1,-1.0,-0.1
3,NONE,-1.0,-0.1,-1.0,-0.1
3,NONE,-1.0,-0.1,-1.0,-0.1
3,NONE,-1.0,-0.1,-1.0,-0.1
3,NONE,-1.0,-0.1,-1.0,-0.1
3,NONE,-1.0,-0.1,-1.0,-0.1
3,NONE,-1.0,-0.1,-1.0,-0.1
3,NONE,-1.0,-0.1,-1.0,-0.1
3,NONE,-1.0,-0.1,-1.0,-0.1
3,NONE,-1.0,-0.1,-1.0,-0.1
3,NONE,-1.0,-0.1,-1.0,-0.1
3,NONE,-1.0,-0.1,-1.0,-0.1
3,NONE,-1.0,-0.1,-1.0,-0.1
3,NONE,-1.0,-0.1,-1.0,-0.1
3,NONE,-1.0,-0.1,-1.0,-0.1
3,NONE,-1.0,-0.1,-1.0,-0.1
3,NONE,-1.0,-0.1,-1.0,-0.1
3,NONE,-1.0,-0.1,-1.0,-0.1
3,NONE,-1.0,-0.1,-1.0,-0.1
3,NONE,-1.0,-0.1,-1.0,-0.1
3,NONE,-1.0,-0.1,-1.0,-0.1
3,NONE,-1.0,-0.1,-1.0,-0.1
3,NONE,-1.0,-0.1,-1.0,-0.1
3,NONE,-1.0,-0.1,-1.0,-0.1
3,NONE,-1.0,-0.1,-1.0,-0.1
3,NONE,-1.0,-0.1,-1.0,-0.1
3,NONE,-1.0,-0.1,-1.0,-0.1
3,NONE,-1.0,-0.1,-1.0,-0.1
3,NONE,-1.0,-0.1,-1.0,-0.1
3,NONE,-1.0,-0.1,-1.0,-0.1
3,NONE,-1.0,-0.1,-1.0,-0.1
3,NONE,-1.0,-0.1,-1.0,-0.1
3,NONE,-1.0,-0.1,-1.0,-0.1
3,NONE,-1.0,-0.1,-1.0,-0.1
3,NONE,-1.0,-0.1,-1.0,-0.1
3,NONE,-1.0,-0.1,-1.0,-0.1
3,NONE,-1.0,-0.1,-1.0,-0.1
3,NONE,-1.0,-0.1,-1.0,-0.1
3,NONE,-1.0,-0.1,-1.0,-0.1
3,NONE,-1.0,-0.1,-1.0,-0.1
3,NONE,-1.0,-0.1,-1.0,-0.1
3,NONE,-1.0,-0.1,-1.0,-0.1
3,NONE,-1.0,-0.1,-1.0,-0.1
3,NONE,-1.0,-0.1,-1.0,-0.1
3,NONE,-1.0,-0.1,-1.0,-0.1
3,NONE,-1.0,-0.1,-1.0,-0.1
3,NONE,-1.0,-0.1,-1.0,-0.1
3,NONE,-1.0,-0.1,-1.0,-0.1
3,NONE,-1.0,-0.1,-1.0,-0.1
3,NONE,-1.0,-0.1,-1.0,-0.1
3,NONE,-1.0,-0.1,-1.0,-0.1
3,NONE,-1.0,-0.1,-1.0,-0.1
3,NONE,-1.0,-0.1,-1.0,-0.1
3,NONE,-1.0,-0.1,-1.0,-0.1
3,NONE,-1.0,-0.1,-1.0,-0.1
3,NONE,-1.0,-0.1,-1.0,-0.1
3,NONE,-1.0,-0.1,-1.0,-0.1
3,NONE,-1.0,-0.1,-1.0,-0.1
3,NONE,-1.0,-0.1,-1.0,-0.1
3,NONE,-1.0,-0.1,-1.0,-0.1
3,NONE,-1.0,-0.1,-1.0,-0.1
3,NONE,-1.0,-0.1,-1.0,-0.1
3,NONE,-1.0,-0.1,-1.0,-0.1
3,NONE,-1.0,-0.1,-1.0,-0.1
3,NONE,-1.0,-0.1,-1.0,-0.1
3,NONE,-1.0,-0.1,-1.0,-0.1
2,EV_B07_C021_Moto_Lineal_Electrica,-1.0,-0.1,7.0,37.874727684299785
1,EV_B07_C021_Moto_Lineal_Electrica,7.0,83.2869861600661,-1.0,37.874727684299785
1,EV_B07_C021_Moto_Lineal_Electrica,6.0,83.2869861600661,-1.0,37.874727684299785
1,EV_B07_C021_Moto_Lineal_Electrica,5.0,83.2869861600661,-1.0,37.874727684299785
1,EV_B07_C021_Moto_Lineal_Electrica,4.0,83.2869861600661,-1.0,37.874727684299785
1,EV_B07_C021_Moto_Lineal_Electrica,3.0,83.2869861600661,-1.0,37.874727684299785
1,EV_B07_C021_Moto_Lineal_Electrica,2.0,83.2869861600661,-1.0,37.874727684299785
1,EV_B07_C021_Moto_Lineal_Electrica,1.0,83.2869861600661,-1.0,37.874727684299785
1,EV_B07_C021_Moto_Lineal_Electrica,0.0,83.2869861600661,-1.0,37.874727684299785
3,NONE,-1.0,-0.1,-1.0,-0.1
3,NONE,-1.0,-0.1,-1.0,-0.1
3,NONE,-1.0,-0.1,-1.0,-0.1
3,NONE,-1.0,-0.1,-1.0,-0.1
3,NONE,-1.0,-0.1,-1.0,-0.1
3,NONE,-1.0,-0.1,-1.0,-0.1
3,NONE,-1.0,-0.1,-1.0,-0.1
3,NONE,-1.0,-0.1,-1.0,-0.1
3,NONE,-1.0,-0.1,-1.0,-0.1
3,NONE,-1.0,-0.1,-1.0,-0.1
3,NONE,-1.0,-0.1,-1.0,-0.1
3,NONE,-1.0,-0.1,-1.0,-0.1
3,NONE,-1.0,-0.1,-1.0,-0.1
3,NONE,-1.0,-0.1,-1.0,-0.1
3,NONE,-1.0,-0.1,-1.0,-0.1
3,NONE,-1.0,-0.1,-1.0,-0.1
3,NONE,-1.0,-0.1,-1.0,-0.1
3,NONE,-1.0,-0.1,-1.0,-0.1
3,NONE,-1.0,-0.1,-1.0,-0.1
3,NONE,-1.0,-0.1,-1.0,-0.1
3,NONE,-1.0,-0.1,-1.0,-0.1
3,NONE,-1.0,-0.1,-1.0,-0.1
3,NONE,-1.0,-0.1,-1.0,-0.1
3,NONE,-1.0,-0.1,-1.0,-0.1
3,NONE,-1.0,-0.1,-1.0,-0.1
3,NONE,-1.0,-0.1,-1.0,-0.1
3,NONE,-1.0,-0.1,-1.0,-0.1
3,NONE,-1.0,-0.1,-1.0,-0.1
3,NONE,-1.0,-0.1,-1.0,-0.1
3,NONE,-1.0,-0.1,-1.0,-0.1
3,NONE,-1.0,-0.1,-1.0,-0.1
3,NONE,-1.0,-0.1,-1.0,-0.1
3,NONE,-1.0,-0.1,-1.0,-0.1
3,NONE,-1.0,-0.1,-1.0,-0.1
3,NONE,-1.0,-0.1,-1.0,-0.1
3,NONE,-1.0,-0.1,-1.0,-0.1
3,NONE,-1.0,-0.1,-1.0,-0.1
3,NONE,-1.0,-0.1,-1.0,-0.1
3,NONE,-1.0,-0.1,-1.0,-0.1
3,NONE,-1.0,-0.1,-1.0,-0.1
2,EV_B07_C021_Moto_Lineal_Electrica,-1.0,-0.1,8.0,34.274953525788405
1,EV_B07_C021_Moto_Lineal_Electrica,6.0,88.16174409014499,-1.0,34.274953525788405
1,EV_B07_C021_Moto_Lineal_Electrica,5.0,88.16174409014499,-1.0,34.274953525788405
1,EV_B07_C021_Moto_Lineal_Electrica,4.0,88.16174409014499,-1.0,34.274953525788405
1,EV_B07_C021_Moto_Lineal_Electrica,3.0,88.16174409014499,-1.0,34.274953525788405
1,EV_B07_C021_Moto_Lineal_Electrica,2.0,88.16174409014499,-1.0,34.274953525788405
1,EV_B07_C021_Moto_Lineal_Electrica,1.0,88.16174409014499,-1.0,34.274953525788405
1,EV_B07_C021_Moto_Lineal_Electrica,0.0,88.16174409014499,-1.0,34.274953525788405
3,NONE,-1.0,-0.1,-1.0,-0.1
3,NONE,-1.0,-0.1,-1.0,-0.1
3,NONE,-1.0,-0.1,-1.0,-0.1
3,NONE,-1.0,-0.1,-1.0,-0.1
3,NONE,-1.0,-0.1,-1.0,-0.1
3,NONE,-1.0,-0.1,-1.0,-0.1
3,NONE,-1.0,-0.1,-1.0,-0.1
3,NONE,-1.0,-0.1,-1.0,-0.1
3,NONE,-1.0,-0.1,-1.0,-0.1
3,NONE,-1.0,-0.1,-1.0,-0.1
3,NONE,-1.0,-0.1,-1.0,-0.1
3,NONE,-1.0,-0.1,-1.0,-0.1
3,NONE,-1.0,-0.1,-1.0,-0.1
3,NONE,-1.0,-0.1,-1.0,-0.1
3,NONE,-1.0,-0.1,-1.0,-0.1
2,EV_B07_C021_Moto_Lineal_Electrica,-1.0,-0.1,7.0,11.116402243613926
1,EV_B07_C021_Moto_Lineal_Electrica,7.0,100.0,-1.0,11.116402243613926
1,EV_B07_C021_Moto_Lineal_Electrica,6.0,100.0,-1.0,11.116402243613926
1,EV_B07_C021_Moto_Lineal_Electrica,5.0,100.0,-1.0,11.116402243613926
1,EV_B07_C021_Moto_Lineal_Electrica,4.0,100.0,-1.0,11.116402243613926
1,EV_B07_C021_Moto_Lineal_Electrica,3.0,100.0,-1.0,11.116402243613926
1,EV_B07_C021_Moto_Lineal_Electrica,2.0,100.0,-1.0,11.116402243613926
1,EV_B07_C021_Moto_Lineal_Electrica,1.0,100.0,-1.0,11.116402243613926
1,EV_B07_C021_Moto_Lineal_Electrica,0.0,100.0,-1.0,11.116402243613926
3,NONE,-1.0,-0.1,-1.0,-0.1
3,NONE,-1.0,-0.1,-1.0,-0.1
3,NONE,-1.0,-0.1,-1.0,-0.1
3,NONE,-1.0,-0.1,-1.0,-0.1
3,NONE,-1.0,-0.1,-1.0,-0.1
3,NONE,-1.0,-0.1,-1.0,-0.1
3,NONE,-1.0,-0.1,-1.0,-0.1
3,NONE,-1.0,-0.1,-1.0,-0.1
3,NONE,-1.0,-0.1,-1.0,-0.1
3,NONE,-1.0,-0.1,-1.0,-0.1
3,NONE,-1.0,-0.1,-1.0,-0.1
3,NONE,-1.0,-0.1,-1.0,-0.1
3,NONE,-1.0,-0.1,-1.0,-0.1
3,NONE,-1.0,-0.1,-1.0,-0.1
3,NONE,-1.0,-0.1,-1.0,-0.1
3,NONE,-1.0,-0.1,-1.0,-0.1
3,NONE,-1.0,-0.1,-1.0,-0.1
3,NONE,-1.0,-0.1,-1.0,-0.1
3,NONE,-1.0,-0.1,-1.0,-0.1
3,NONE,-1.0,-0.1,-1.0,-0.1
3,NONE,-1.0,-0.1,-1.0,-0.1
3,NONE,-1.0,-0.1,-1.0,-0.1
3,NONE,-1.0,-0.1,-1.0,-0.1
3,NONE,-1.0,-0.1,-1.0,-0.1
3,NONE,-1.0,-0.1,-1.0,-0.1
3,NONE,-1.0,-0.1,-1.0,-0.1
3,NONE,-1.0,-0.1,-1.0,-0.1
3,NONE,-1.0,-0.1,-1.0,-0.1
3,NONE,-1.0,-0.1,-1.0,-0.1
3,NONE,-1.0,-0.1,-1.0,-0.1
3,NONE,-1.0,-0.1,-1.0,-0.1
3,NONE,-1.0,-0.1,-1.0,-0.1
3,NONE,-1.0,-0.1,-1.0,-0.1
3,NONE,-1.0,-0.1,-1.0,-0.1
3,NONE,-1.0,-0.1,-1.0,-0.1
3,NONE,-1.0,-0.1,-1.0,-0.1
3,NONE,-1.0,-0.1,-1.0,-0.1
3,NONE,-1.0,-0.1,-1.0,-0.1
3,NONE,-1.0,-0.1,-1.0,-0.1
3,NONE,-1.0,-0.1,-1.0,-0.1
3,NONE,-1.0,-0.1,-1.0,-0.1
3,NONE,-1.0,-0.1,-1.0,-0.1
3,NONE,-1.0,-0.1,-1.0,-0.1
3,NONE,-1.0,-0.1,-1.0,-0.1
3,NONE,-1.0,-0.1,-1.0,-0.1
3,NONE,-1.0,-0.1,-1.0,-0.1
3,NONE,-1.0,-0.1,-1.0,-0.1
3,NONE,-1.0,-0.1,-1.0,-0.1
3,NONE,-1.0,-0.1,-1.0,-0.1
3,NONE,-1.0,-0.1,-1.0,-0.1
3,NONE,-1.0,-0.1,-1.0,-0.1
3,NONE,-1.0,-0.1,-1.0,-0.1
3,NONE,-1.0,-0.1,-1.0,-0.1
3,NONE,-1.0,-0.1,-1.0,-0.1
3,NONE,-1.0,-0.1,-1.0,-0.1
3,NONE,-1.0,-0.1,-1.0,-0.1
3,NONE,-1.0,-0.1,-1.0,-0.1
3,NONE,-1.0,-0.1,-1.0,-0.1
3,NONE,-1.0,-0.1,-1.0,-0.1
3,NONE,-1.0,-0.1,-1.0,-0.1
3,NONE,-1.0,-0.1,-1.0,-0.1
3,NONE,-1.0,-0.1,-1.0,-0.1
3,NONE,-1.0,-0.1,-1.0,-0.1
3,NONE,-1.0,-0.1,-1.0,-0.1
3,NONE,-1.0,-0.1,-1.0,-0.1
3,NONE,-1.0,-0.1,-1.0,-0.1
3,NONE,-1.0,-0.1,-1.0,-0.1
3,NONE,-1.0,-0.1,-1.0,-0.1
3,NONE,-1.0,-0.1,-1.0,-0.1
3,NONE,-1.0,-0.1,-1.0,-0.1
3,NONE,-1.0,-0.1,-1.0,-0.1
3,NONE,-1.0,-0.1,-1.0,-0.1
3,NONE,-1.0,-0.1,-1.0,-0.1
3,NONE,-1.0,-0.1,-1.0,-0.1
3,NONE,-1.0,-0.1,-1.0,-0.1
3,NONE,-1.0,-0.1,-1.0,-0.1
3,NONE,-1.0,-0.1,-1.0,-0.1
3,NONE,-1.0,-0.1,-1.0,-0.1
3,NONE,-1.0,-0.1,-1.0,-0.1
3,NONE,-1.0,-0.1,-1.0,-0.1
3,NONE,-1.0,-0.1,-1.0,-0.1
3,NONE,-1.0,-0.1,-1.0,-0.1
3,NONE,-1.0,-0.1,-1.0,-0.1
3,NONE,-1.0,-0.1,-1.0,-0.1
3,NONE,-1.0,-0.1,-1.0,-0.1
3,NONE,-1.0,-0.1,-1.0,-0.1
3,NONE,-1.0,-0.1,-1.0,-0.1
2,EV_B07_C021_Moto_Lineal_Electrica,-1.0,-0.1,7.0,14.978888020778228
1,EV_B07_C021_Moto_Lineal_Electrica,7.0,82.0772922064049,-1.0,14.978888020778228
1,EV_B07_C021_Moto_Lineal_Electrica,6.0,82.0772922064049,-1.0,14.978888020778228
1,EV_B07_C021_Moto_Lineal_Electrica,5.0,82.0772922064049,-1.0,14.978888020778228
1,EV_B07_C021_Moto_Lineal_Electrica,4.0,82.0772922064049,-1.0,14.978888020778228
1,EV_B07_C021_Moto_Lineal_Electrica,3.0,82.0772922064049,-1.0,14.978888020778228
1,EV_B07_C021_Moto_Lineal_Electrica,2.0,82.0772922064049,-1.0,14.978888020778228
1,EV_B07_C021_Moto_Lineal_Electrica,1.0,82.0772922064049,-1.0,14.978888020778228
1,EV_B07_C021_Moto_Lineal_Electrica,0.0,82.0772922064049,-1.0,14.978888020778228
3,NONE,-1.0,-0.1,-1.0,-0.1
3,NONE,-1.0,-0.1,-1.0,-0.1
3,NONE,-1.0,-0.1,-1.0,-0.1
3,NONE,-1.0,-0.1,-1.0,-0.1
3,NONE,-1.0,-0.1,-1.0,-0.1
3,NONE,-1.0,-0.1,-1.0,-0.1
3,NONE,-1.0,-0.1,-1.0,-0.1
3,NONE,-1.0,-0.1,-1.0,-0.1
3,NONE,-1.0,-0.1,-1.0,-0.1
3,NONE,-1.0,-0.1,-1.0,-0.1
3,NONE,-1.0,-0.1,-1.0,-0.1
3,NONE,-1.0,-0.1,-1.0,-0.1
3,NONE,-1.0,-0.1,-1.0,-0.1
3,NONE,-1.0,-0.1,-1.0,-0.1
3,NONE,-1.0,-0.1,-1.0,-0.1
3,NONE,-1.0,-0.1,-1.0,-0.1
3,NONE,-1.0,-0.1,-1.0,-0.1
2,EV_B07_C021_Moto_Lineal_Electrica,-1.0,-0.1,9.0,19.72477544834216
1,EV_B07_C021_Moto_Lineal_Electrica,5.0,88.14874702072196,-1.0,19.72477544834216
1,EV_B07_C021_Moto_Lineal_Electrica,4.0,88.14874702072196,-1.0,19.72477544834216
1,EV_B07_C021_Moto_Lineal_Electrica,3.0,88.14874702072196,-1.0,19.72477544834216
1,EV_B07_C021_Moto_Lineal_Electrica,2.0,88.14874702072196,-1.0,19.72477544834216
1,EV_B07_C021_Moto_Lineal_Electrica,1.0,88.14874702072196,-1.0,19.72477544834216
1,EV_B07_C021_Moto_Lineal_Electrica,0.0,88.14874702072196,-1.0,19.72477544834216
3,NONE,-1.0,-0.1,-1.0,-0.1
3,NONE,-1.0,-0.1,-1.0,-0.1
3,NONE,-1.0,-0.1,-1.0,-0.1
3,NONE,-1.0,-0.1,-1.0,-0.1
3,NONE,-1.0,-0.1,-1.0,-0.1
3,NONE,-1.0,-0.1,-1.0,-0.1
3,NONE,-1.0,-0.1,-1.0,-0.1
3,NONE,-1.0,-0.1,-1.0,-0.1
3,NONE,-1.0,-0.1,-1.0,-0.1
3,NONE,-1.0,-0.1,-1.0,-0.1
3,NONE,-1.0,-0.1,-1.0,-0.1
3,NONE,-1.0,-0.1,-1.0,-0.1
3,NONE,-1.0,-0.1,-1.0,-0.1
3,NONE,-1.0,-0.1,-1.0,-0.1
3,NONE,-1.0,-0.1,-1.0,-0.1
3,NONE,-1.0,-0.1,-1.0,-0.1
3,NONE,-1.0,-0.1,-1.0,-0.1
3,NONE,-1.0,-0.1,-1.0,-0.1
3,NONE,-1.0,-0.1,-1.0,-0.1
3,NONE,-1.0,-0.1,-1.0,-0.1
3,NONE,-1.0,-0.1,-1.0,-0.1
3,NONE,-1.0,-0.1,-1.0,-0.1
3,NONE,-1.0,-0.1,-1.0,-0.1
3,NONE,-1.0,-0.1,-1.0,-0.1
3,NONE,-1.0,-0.1,-1.0,-0.1
3,NONE,-1.0,-0.1,-1.0,-0.1
3,NONE,-1.0,-0.1,-1.0,-0.1
3,NONE,-1.0,-0.1,-1.0,-0.1
3,NONE,-1.0,-0.1,-1.0,-0.1
3,NONE,-1.0,-0.1,-1.0,-0.1
3,NONE,-1.0,-0.1,-1.0,-0.1
3,NONE,-1.0,-0.1,-1.0,-0.1
3,NONE,-1.0,-0.1,-1.0,-0.1
3,NONE,-1.0,-0.1,-1.0,-0.1
3,NONE,-1.0,-0.1,-1.0,-0.1
3,NONE,-1.0,-0.1,-1.0,-0.1
3,NONE,-1.0,-0.1,-1.0,-0.1
3,NONE,-1.0,-0.1,-1.0,-0.1
3,NONE,-1.0,-0.1,-1.0,-0.1
2,EV_B07_C021_Moto_Lineal_Electrica,-1.0,-0.1,7.0,25.701261116870736
1,EV_B07_C021_Moto_Lineal_Electrica,7.0,88.30570354546809,-1.0,25.701261116870736
1,EV_B07_C021_Moto_Lineal_Electrica,6.0,88.30570354546809,-1.0,25.701261116870736
1,EV_B07_C021_Moto_Lineal_Electrica,5.0,88.30570354546809,-1.0,25.701261116870736
1,EV_B07_C021_Moto_Lineal_Electrica,4.0,88.30570354546809,-1.0,25.701261116870736
1,EV_B07_C021_Moto_Lineal_Electrica,3.0,88.30570354546809,-1.0,25.701261116870736
1,EV_B07_C021_Moto_Lineal_Electrica,2.0,88.30570354546809,-1.0,25.701261116870736
1,EV_B07_C021_Moto_Lineal_Electrica,1.0,88.30570354546809,-1.0,25.701261116870736
1,EV_B07_C021_Moto_Lineal_Electrica,0.0,88.30570354546809,-1.0,25.701261116870736
3,NONE,-1.0,-0.1,-1.0,-0.1
3,NONE,-1.0,-0.1,-1.0,-0.1
3,NONE,-1.0,-0.1,-1.0,-0.1
3,NONE,-1.0,-0.1,-1.0,-0.1
3,NONE,-1.0,-0.1,-1.0,-0.1
3,NONE,-1.0,-0.1,-1.0,-0.1
3,NONE,-1.0,-0.1,-1.0,-0.1
3,NONE,-1.0,-0.1,-1.0,-0.1
3,NONE,-1.0,-0.1,-1.0,-0.1
3,NONE,-1.0,-0.1,-1.0,-0.1
3,NONE,-1.0,-0.1,-1.0,-0.1
3,NONE,-1.0,-0.1,-1.0,-0.1
3,NONE,-1.0,-0.1,-1.0,-0.1
3,NONE,-1.0,-0.1,-1.0,-0.1
3,NONE,-1.0,-0.1,-1.0,-0.1
3,NONE,-1.0,-0.1,-1.0,-0.1
2,EV_B07_C021_Moto_Lineal_Electrica,-1.0,-0.1,8.0,34.00540505620133
1,EV_B07_C021_Moto_Lineal_Electrica,6.0,82.74686899636436,-1.0,34.00540505620133
1,EV_B07_C021_Moto_Lineal_Electrica,5.0,82.74686899636436,-1.0,34.00540505620133
1,EV_B07_C021_Moto_Lineal_Electrica,4.0,82.74686899636436,-1.0,34.00540505620133
1,EV_B07_C021_Moto_Lineal_Electrica,3.0,82.74686899636436,-1.0,34.00540505620133
1,EV_B07_C021_Moto_Lineal_Electrica,2.0,82.74686899636436,-1.0,34.00540505620133
1,EV_B07_C021_Moto_Lineal_Electrica,1.0,82.74686899636436,-1.0,34.00540505620133
1,EV_B07_C021_Moto_Lineal_Electrica,0.0,82.74686899636436,-1.0,34.00540505620133
3,NONE,-1.0,-0.1,-1.0,-0.1
3,NONE,-1.0,-0.1,-1.0,-0.1
3,NONE,-1.0,-0.1,-1.0,-0.1
3,NONE,-1.0,-0.1,-1.0,-0.1
3,NONE,-1.0,-0.1,-1.0,-0.1
3,NONE,-1.0,-0.1,-1.0,-0.1
3,NONE,-1.0,-0.1,-1.0,-0.1
3,NONE,-1.0,-0.1,-1.0,-0.1
3,NONE,-1.0,-0.1,-1.0,-0.1
3,NONE,-1.0,-0.1,-1.0,-0.1
3,NONE,-1.0,-0.1,-1.0,-0.1
3,NONE,-1.0,-0.1,-1.0,-0.1
3,NONE,-1.0,-0.1,-1.0,-0.1
3,NONE,-1.0,-0.1,-1.0,-0.1
3,NONE,-1.0,-0.1,-1.0,-0.1
3,NONE,-1.0,-0.1,-1.0,-0.1
3,NONE,-1.0,-0.1,-1.0,-0.1
3,NONE,-1.0,-0.1,-1.0,-0.1
3,NONE,-1.0,-0.1,-1.0,-0.1
3,NONE,-1.0,-0.1,-1.0,-0.1
3,NONE,-1.0,-0.1,-1.0,-0.1
3,NONE,-1.0,-0.1,-1.0,-0.1
3,NONE,-1.0,-0.1,-1.0,-0.1
3,NONE,-1.0,-0.1,-1.0,-0.1
3,NONE,-1.0,-0.1,-1.0,-0.1
3,NONE,-1.0,-0.1,-1.0,-0.1
3,NONE,-1.0,-0.1,-1.0,-0.1
3,NONE,-1.0,-0.1,-1.0,-0.1
3,NONE,-1.0,-0.1,-1.0,-0.1
3,NONE,-1.0,-0.1,-1.0,-0.1
3,NONE,-1.0,-0.1,-1.0,-0.1
3,NONE,-1.0,-0.1,-1.0,-0.1
3,NONE,-1.0,-0.1,-1.0,-0.1
3,NONE,-1.0,-0.1,-1.0,-0.1
3,NONE,-1.0,-0.1,-1.0,-0.1
3,NONE,-1.0,-0.1,-1.0,-0.1
3,NONE,-1.0,-0.1,-1.0,-0.1
3,NONE,-1.0,-0.1,-1.0,-0.1
3,NONE,-1.0,-0.1,-1.0,-0.1
3,NONE,-1.0,-0.1,-1.0,-0.1
3,NONE,-1.0,-0.1,-1.0,-0.1
3,NONE,-1.0,-0.1,-1.0,-0.1
3,NONE,-1.0,-0.1,-1.0,-0.1
3,NONE,-1.0,-0.1,-1.0,-0.1
3,NONE,-1.0,-0.1,-1.0,-0.1
3,NONE,-1.0,-0.1,-1.0,-0.1
3,NONE,-1.0,-0.1,-1.0,-0.1
3,NONE,-1.0,-0.1,-1.0,-0.1
3,NONE,-1.0,-0.1,-1.0,-0.1
3,NONE,-1.0,-0.1,-1.0,-0.1
3,NONE,-1.0,-0.1,-1.0,-0.1
3,NONE,-1.0,-0.1,-1.0,-0.1
3,NONE,-1.0,-0.1,-1.0,-0.1
3,NONE,-1.0,-0.1,-1.0,-0.1
3,NONE,-1.0,-0.1,-1.0,-0.1
3,NONE,-1.0,-0.1,-1.0,-0.1
3,NONE,-1.0,-0.1,-1.0,-0.1
3,NONE,-1.0,-0.1,-1.0,-0.1
3,NONE,-1.0,-0.1,-1.0,-0.1
3,NONE,-1.0,-0.1,-1.0,-0.1
3,NONE,-1.0,-0.1,-1.0,-0.1
3,NONE,-1.0,-0.1,-1.0,-0.1
3,NONE,-1.0,-0.1,-1.0,-0.1
2,EV_B07_C021_Moto_Lineal_Electrica,-1.0,-0.1,7.0,27.646614204394037
1,EV_B07_C021_Moto_Lineal_Electrica,7.0,84.27756320818155,-1.0,27.646614204394037
1,EV_B07_C021_Moto_Lineal_Electrica,6.0,84.27756320818155,-1.0,27.646614204394037
1,EV_B07_C021_Moto_Lineal_Electrica,5.0,84.27756320818155,-1.0,27.646614204394037
1,EV_B07_C021_Moto_Lineal_Electrica,4.0,84.27756320818155,-1.0,27.646614204394037
1,EV_B07_C021_Moto_Lineal_Electrica,3.0,84.27756320818155,-1.0,27.646614204394037
1,EV_B07_C021_Moto_Lineal_Electrica,2.0,84.27756320818155,-1.0,27.646614204394037
1,EV_B07_C021_Moto_Lineal_Electrica,1.0,84.27756320818155,-1.0,27.646614204394037
1,EV_B07_C021_Moto_Lineal_Electrica,0.0,84.27756320818155,-1.0,27.646614204394037
3,NONE,-1.0,-0.1,-1.0,-0.1
3,NONE,-1.0,-0.1,-1.0,-0.1
3,NONE,-1.0,-0.1,-1.0,-0.1
3,NONE,-1.0,-0.1,-1.0,-0.1
3,NONE,-1.0,-0.1,-1.0,-0.1
3,NONE,-1.0,-0.1,-1.0,-0.1
3,NONE,-1.0,-0.1,-1.0,-0.1
3,NONE,-1.0,-0.1,-1.0,-0.1
3,NONE,-1.0,-0.1,-1.0,-0.1
3,NONE,-1.0,-0.1,-1.0,-0.1
3,NONE,-1.0,-0.1,-1.0,-0.1
3,NONE,-1.0,-0.1,-1.0,-0.1
3,NONE,-1.0,-0.1,-1.0,-0.1
3,NONE,-1.0,-0.1,-1.0,-0.1
3,NONE,-1.0,-0.1,-1.0,-0.1
2,EV_B07_C021_Moto_Lineal_Electrica,-1.0,-0.1,7.0,41.46003426057561
1,EV_B07_C021_Moto_Lineal_Electrica,6.0,80.30337490018756,-1.0,41.46003426057561
1,EV_B07_C021_Moto_Lineal_Electrica,5.0,80.30337490018756,-1.0,41.46003426057561
1,EV_B07_C021_Moto_Lineal_Electrica,4.0,80.30337490018756,-1.0,41.46003426057561
1,EV_B07_C021_Moto_Lineal_Electrica,3.0,80.30337490018756,-1.0,41.46003426057561
1,EV_B07_C021_Moto_Lineal_Electrica,2.0,80.30337490018756,-1.0,41.46003426057561
1,EV_B07_C021_Moto_Lineal_Electrica,1.0,80.30337490018756,-1.0,41.46003426057561
1,EV_B07_C021_Moto_Lineal_Electrica,0.0,80.30337490018756,-1.0,41.46003426057561
3,NONE,-1.0,-0.1,-1.0,-0.1
3,NONE,-1.0,-0.1,-1.0,-0.1
3,NONE,-1.0,-0.1,-1.0,-0.1
3,NONE,-1.0,-0.1,-1.0,-0.1
3,NONE,-1.0,-0.1,-1.0,-0.1
3,NONE,-1.0,-0.1,-1.0,-0.1
3,NONE,-1.0,-0.1,-1.0,-0.1
3,NONE,-1.0,-0.1,-1.0,-0.1
3,NONE,-1.0,-0.1,-1.0,-0.1
3,NONE,-1.0,-0.1,-1.0,-0.1
3,NONE,-1.0,-0.1,-1.0,-0.1
3,NONE,-1.0,-0.1,-1.0,-0.1
3,NONE,-1.0,-0.1,-1.0,-0.1
3,NONE,-1.0,-0.1,-1.0,-0.1
3,NONE,-1.0,-0.1,-1.0,-0.1
3,NONE,-1.0,-0.1,-1.0,-0.1
3,NONE,-1.0,-0.1,-1.0,-0.1
3,NONE,-1.0,-0.1,-1.0,-0.1
2,EV_B07_C021_Moto_Lineal_Electrica,-1.0,-0.1,9.0,16.00162917290531
1,EV_B07_C021_Moto_Lineal_Electrica,5.0,84.19235337137879,-1.0,16.00162917290531
1,EV_B07_C021_Moto_Lineal_Electrica,4.0,84.19235337137879,-1.0,16.00162917290531
1,EV_B07_C021_Moto_Lineal_Electrica,3.0,84.19235337137879,-1.0,16.00162917290531
1,EV_B07_C021_Moto_Lineal_Electrica,2.0,84.19235337137879,-1.0,16.00162917290531
1,EV_B07_C021_Moto_Lineal_Electrica,1.0,84.19235337137879,-1.0,16.00162917290531
1,EV_B07_C021_Moto_Lineal_Electrica,0.0,84.19235337137879,-1.0,16.00162917290531
3,NONE,-1.0,-0.1,-1.0,-0.1
3,NONE,-1.0,-0.1,-1.0,-0.1
3,NONE,-1.0,-0.1,-1.0,-0.1
3,NONE,-1.0,-0.1,-1.0,-0.1
3,NONE,-1.0,-0.1,-1.0,-0.1
3,NONE,-1.0,-0.1,-1.0,-0.1
3,NONE,-1.0,-0.1,-1.0,-0.1
3,NONE,-1.0,-0.1,-1.0,-0.1
3,NONE,-1.0,-0.1,-1.0,-0.1
3,NONE,-1.0,-0.1,-1.0,-0.1
3,NONE,-1.0,-0.1,-1.0,-0.1
3,NONE,-1.0,-0.1,-1.0,-0.1
3,NONE,-1.0,-0.1,-1.0,-0.1
3,NONE,-1.0,-0.1,-1.0,-0.1
3,NONE,-1.0,-0.1,-1.0,-0.1
2,EV_B07_C021_Moto_Lineal_Electrica,-1.0,-0.1,7.0,23.535804275157616
1,EV_B07_C021_Moto_Lineal_Electrica,7.0,83.07245753595697,-1.0,23.535804275157616
1,EV_B07_C021_Moto_Lineal_Electrica,6.0,83.07245753595697,-1.0,23.535804275157616
1,EV_B07_C021_Moto_Lineal_Electrica,5.0,83.07245753595697,-1.0,23.535804275157616
1,EV_B07_C021_Moto_Lineal_Electrica,4.0,83.07245753595697,-1.0,23.535804275157616
1,EV_B07_C021_Moto_Lineal_Electrica,3.0,83.07245753595697,-1.0,23.535804275157616
1,EV_B07_C021_Moto_Lineal_Electrica,2.0,83.07245753595697,-1.0,23.535804275157616
1,EV_B07_C021_Moto_Lineal_Electrica,1.0,83.07245753595697,-1.0,23.535804275157616
1,EV_B07_C021_Moto_Lineal_Electrica,0.0,83.07245753595697,-1.0,23.535804275157616
3,NONE,-1.0,-0.1,-1.0,-0.1
3,NONE,-1.0,-0.1,-1.0,-0.1
3,NONE,-1.0,-0.1,-1.0,-0.1
3,NONE,-1.0,-0.1,-1.0,-0.1
3,NONE,-1.0,-0.1,-1.0,-0.1
3,NONE,-1.0,-0.1,-1.0,-0.1
3,NONE,-1.0,-0.1,-1.0,-0.1
3,NONE,-1.0,-0.1,-1.0,-0.1
3,NONE,-1.0,-0.1,-1.0,-0.1
3,NONE,-1.0,-0.1,-1.0,-0.1
3,NONE,-1.0,-0.1,-1.0,-0.1
3,NONE,-1.0,-0.1,-1.0,-0.1
3,NONE,-1.0,-0.1,-1.0,-0.1
3,NONE,-1.0,-0.1,-1.0,-0.1
3,NONE,-1.0,-0.1,-1.0,-0.1
3,NONE,-1.0,-0.1,-1.0,-0.1
3,NONE,-1.0,-0.1,-1.0,-0.1
2,EV_B07_C021_Moto_Lineal_Electrica,-1.0,-0.1,9.0,43.331474046867
1,EV_B07_C021_Moto_Lineal_Electrica,5.0,82.04445144096061,-1.0,43.331474046867
1,EV_B07_C021_Moto_Lineal_Electrica,4.0,82.04445144096061,-1.0,43.331474046867
1,EV_B07_C021_Moto_Lineal_Electrica,3.0,82.04445144096061,-1.0,43.331474046867
1,EV_B07_C021_Moto_Lineal_Electrica,2.0,82.04445144096061,-1.0,43.331474046867
1,EV_B07_C021_Moto_Lineal_Electrica,1.0,82.04445144096061,-1.0,43.331474046867
1,EV_B07_C021_Moto_Lineal_Electrica,0.0,82.04445144096061,-1.0,43.331474046867
3,NONE,-1.0,-0.1,-1.0,-0.1
3,NONE,-1.0,-0.1,-1.0,-0.1
3,NONE,-1.0,-0.1,-1.0,-0.1
3,NONE,-1.0,-0.1,-1.0,-0.1
3,NONE,-1.0,-0.1,-1.0,-0.1
3,NONE,-1.0,-0.1,-1.0,-0.1
3,NONE,-1.0,-0.1,-1.0,-0.1
3,NONE,-1.0,-0.1,-1.0,-0.1
3,NONE,-1.0,-0.1,-1.0,-0.1
3,NONE,-1.0,-0.1,-1.0,-0.1
3,NONE,-1.0,-0.1,-1.0,-0.1
3,NONE,-1.0,-0.1,-1.0,-0.1
3,NONE,-1.0,-0.1,-1.0,-0.1
3,NONE,-1.0,-0.1,-1.0,-0.1
3,NONE,-1.0,-0.1,-1.0,-0.1
3,NONE,-1.0,-0.1,-1.0,-0.1
3,NONE,-1.0,-0.1,-1.0,-0.1
3,NONE,-1.0,-0.1,-1.0,-0.1
3,NONE,-1.0,-0.1,-1.0,-0.1
3,NONE,-1.0,-0.1,-1.0,-0.1
3,NONE,-1.0,-0.1,-1.0,-0.1
3,NONE,-1.0,-0.1,-1.0,-0.1
3,NONE,-1.0,-0.1,-1.0,-0.1
3,NONE,-1.0,-0.1,-1.0,-0.1
3,NONE,-1.0,-0.1,-1.0,-0.1
3,NONE,-1.0,-0.1,-1.0,-0.1
3,NONE,-1.0,-0.1,-1.0,-0.1
3,NONE,-1.0,-0.1,-1.0,-0.1
3,NONE,-1.0,-0.1,-1.0,-0.1
3,NONE,-1.0,-0.1,-1.0,-0.1
3,NONE,-1.0,-0.1,-1.0,-0.1
3,NONE,-1.0,-0.1,-1.0,-0.1
3,NONE,-1.0,-0.1,-1.0,-0.1
3,NONE,-1.0,-0.1,-1.0,-0.1
3,NONE,-1.0,-0.1,-1.0,-0.1
3,NONE,-1.0,-0.1,-1.0,-0.1
3,NONE,-1.0,-0.1,-1.0,-0.1
3,NONE,-1.0,-0.1,-1.0,-0.1
3,NONE,-1.0,-0.1,-1.0,-0.1
3,NONE,-1.0,-0.1,-1.0,-0.1
3,NONE,-1.0,-0.1,-1.0,-0.1
3,NONE,-1.0,-0.1,-1.0,-0.1
3,NONE,-1.0,-0.1,-1.0,-0.1
3,NONE,-1.0,-0.1,-1.0,-0.1
3,NONE,-1.0,-0.1,-1.0,-0.1
3,NONE,-1.0,-0.1,-1.0,-0.1
3,NONE,-1.0,-0.1,-1.0,-0.1
3,NONE,-1.0,-0.1,-1.0,-0.1
3,NONE,-1.0,-0.1,-1.0,-0.1
3,NONE,-1.0,-0.1,-1.0,-0.1
3,NONE,-1.0,-0.1,-1.0,-0.1
3,NONE,-1.0,-0.1,-1.0,-0.1
3,NONE,-1.0,-0.1,-1.0,-0.1
3,NONE,-1.0,-0.1,-1.0,-0.1
3,NONE,-1.0,-0.1,-1.0,-0.1
3,NONE,-1.0,-0.1,-1.0,-0.1
3,NONE,-1.0,-0.1,-1.0,-0.1
3,NONE,-1.0,-0.1,-1.0,-0.1
3,NONE,-1.0,-0.1,-1.0,-0.1
3,NONE,-1.0,-0.1,-1.0,-0.1
3,NONE,-1.0,-0.1,-1.0,-0.1
3,NONE,-1.0,-0.1,-1.0,-0.1
3,NONE,-1.0,-0.1,-1.0,-0.1
3,NONE,-1.0,-0.1,-1.0,-0.1
2,EV_B07_C021_Moto_Lineal_Electrica,-1.0,-0.1,8.0,36.61547640590665
1,EV_B07_C021_Moto_Lineal_Electrica,6.0,89.86795022261113,-1.0,36.61547640590665
1,EV_B07_C021_Moto_Lineal_Electrica,5.0,89.86795022261113,-1.0,36.61547640590665
1,EV_B07_C021_Moto_Lineal_Electrica,4.0,89.86795022261113,-1.0,36.61547640590665
1,EV_B07_C021_Moto_Lineal_Electrica,3.0,89.86795022261113,-1.0,36.61547640590665
1,EV_B07_C021_Moto_Lineal_Electrica,2.0,89.86795022261113,-1.0,36.61547640590665
1,EV_B07_C021_Moto_Lineal_Electrica,1.0,89.86795022261113,-1.0,36.61547640590665
1,EV_B07_C021_Moto_Lineal_Electrica,0.0,89.86795022261113,-1.0,36.61547640590665
3,NONE,-1.0,-0.1,-1.0,-0.1
3,NONE,-1.0,-0.1,-1.0,-0.1
3,NONE,-1.0,-0.1,-1.0,-0.1
3,NONE,-1.0,-0.1,-1.0,-0.1
3,NONE,-1.0,-0.1,-1.0,-0.1
3,NONE,-1.0,-0.1,-1.0,-0.1
3,NONE,-1.0,-0.1,-1.0,-0.1
3,NONE,-1.0,-0.1,-1.0,-0.1
3,NONE,-1.0,-0.1,-1.0,-0.1
3,NONE,-1.0,-0.1,-1.0,-0.1
3,NONE,-1.0,-0.1,-1.0,-0.1
3,NONE,-1.0,-0.1,-1.0,-0.1
3,NONE,-1.0,-0.1,-1.0,-0.1
3,NONE,-1.0,-0.1,-1.0,-0.1
3,NONE,-1.0,-0.1,-1.0,-0.1
3,NONE,-1.0,-0.1,-1.0,-0.1
3,NONE,-1.0,-0.1,-1.0,-0.1
3,NONE,-1.0,-0.1,-1.0,-0.1
3,NONE,-1.0,-0.1,-1.0,-0.1
3,NONE,-1.0,-0.1,-1.0,-0.1
3,NONE,-1.0,-0.1,-1.0,-0.1
3,NONE,-1.0,-0.1,-1.0,-0.1
3,NONE,-1.0,-0.1,-1.0,-0.1
3,NONE,-1.0,-0.1,-1.0,-0.1
3,NONE,-1.0,-0.1,-1.0,-0.1
3,NONE,-1.0,-0.1,-1.0,-0.1
3,NONE,-1.0,-0.1,-1.0,-0.1
3,NONE,-1.0,-0.1,-1.0,-0.1
3,NONE,-1.0,-0.1,-1.0,-0.1
3,NONE,-1.0,-0.1,-1.0,-0.1
3,NONE,-1.0,-0.1,-1.0,-0.1
3,NONE,-1.0,-0.1,-1.0,-0.1
3,NONE,-1.0,-0.1,-1.0,-0.1
3,NONE,-1.0,-0.1,-1.0,-0.1
3,NONE,-1.0,-0.1,-1.0,-0.1
3,NONE,-1.0,-0.1,-1.0,-0.1
3,NONE,-1.0,-0.1,-1.0,-0.1
3,NONE,-1.0,-0.1,-1.0,-0.1
3,NONE,-1.0,-0.1,-1.0,-0.1
2,EV_B07_C021_Moto_Lineal_Electrica,-1.0,-0.1,7.0,28.615718136530734
1,EV_B07_C021_Moto_Lineal_Electrica,7.0,82.54591330318713,-1.0,28.615718136530734
1,EV_B07_C021_Moto_Lineal_Electrica,6.0,82.54591330318713,-1.0,28.615718136530734
1,EV_B07_C021_Moto_Lineal_Electrica,5.0,82.54591330318713,-1.0,28.615718136530734
1,EV_B07_C021_Moto_Lineal_Electrica,4.0,82.54591330318713,-1.0,28.615718136530734
1,EV_B07_C021_Moto_Lineal_Electrica,3.0,82.54591330318713,-1.0,28.615718136530734
1,EV_B07_C021_Moto_Lineal_Electrica,2.0,82.54591330318713,-1.0,28.615718136530734
1,EV_B07_C021_Moto_Lineal_Electrica,1.0,82.54591330318713,-1.0,28.615718136530734
1,EV_B07_C021_Moto_Lineal_Electrica,0.0,82.54591330318713,-1.0,28.615718136530734
3,NONE,-1.0,-0.1,-1.0,-0.1
3,NONE,-1.0,-0.1,-1.0,-0.1
3,NONE,-1.0,-0.1,-1.0,-0.1
3,NONE,-1.0,-0.1,-1.0,-0.1
3,NONE,-1.0,-0.1,-1.0,-0.1
3,NONE,-1.0,-0.1,-1.0,-0.1
3,NONE,-1.0,-0.1,-1.0,-0.1
3,NONE,-1.0,-0.1,-1.0,-0.1
3,NONE,-1.0,-0.1,-1.0,-0.1
3,NONE,-1.0,-0.1,-1.0,-0.1
3,NONE,-1.0,-0.1,-1.0,-0.1
3,NONE,-1.0,-0.1,-1.0,-0.1
3,NONE,-1.0,-0.1,-1.0,-0.1
3,NONE,-1.0,-0.1,-1.0,-0.1
3,NONE,-1.0,-0.1,-1.0,-0.1
2,EV_B07_C021_Moto_Lineal_Electrica,-1.0,-0.1,7.0,35.72430365437192
1,EV_B07_C021_Moto_Lineal_Electrica,7.0,86.2193217595461,-1.0,35.72430365437192
1,EV_B07_C021_Moto_Lineal_Electrica,6.0,86.2193217595461,-1.0,35.72430365437192
1,EV_B07_C021_Moto_Lineal_Electrica,5.0,86.2193217595461,-1.0,35.72430365437192
1,EV_B07_C021_Moto_Lineal_Electrica,4.0,86.2193217595461,-1.0,35.72430365437192
1,EV_B07_C021_Moto_Lineal_Electrica,3.0,86.2193217595461,-1.0,35.72430365437192
1,EV_B07_C021_Moto_Lineal_Electrica,2.0,86.2193217595461,-1.0,35.72430365437192
1,EV_B07_C021_Moto_Lineal_Electrica,1.0,86.2193217595461,-1.0,35.72430365437192
1,EV_B07_C021_Moto_Lineal_Electrica,0.0,86.2193217595461,-1.0,35.72430365437192
3,NONE,-1.0,-0.1,-1.0,-0.1
3,NONE,-1.0,-0.1,-1.0,-0.1
3,NONE,-1.0,-0.1,-1.0,-0.1
3,NONE,-1.0,-0.1,-1.0,-0.1
3,NONE,-1.0,-0.1,-1.0,-0.1
3,NONE,-1.0,-0.1,-1.0,-0.1
3,NONE,-1.0,-0.1,-1.0,-0.1
3,NONE,-1.0,-0.1,-1.0,-0.1
3,NONE,-1.0,-0.1,-1.0,-0.1
3,NONE,-1.0,-0.1,-1.0,-0.1
3,NONE,-1.0,-0.1,-1.0,-0.1
3,NONE,-1.0,-0.1,-1.0,-0.1
3,NONE,-1.0,-0.1,-1.0,-0.1
3,NONE,-1.0,-0.1,-1.0,-0.1
3,NONE,-1.0,-0.1,-1.0,-0.1
2,EV_B07_C021_Moto_Lineal_Electrica,-1.0,-0.1,7.0,25.88712827561316
1,EV_B07_C021_Moto_Lineal_Electrica,7.0,83.47521991486695,-1.0,25.88712827561316
1,EV_B07_C021_Moto_Lineal_Electrica,6.0,83.47521991486695,-1.0,25.88712827561316
1,EV_B07_C021_Moto_Lineal_Electrica,5.0,83.47521991486695,-1.0,25.88712827561316
1,EV_B07_C021_Moto_Lineal_Electrica,4.0,83.47521991486695,-1.0,25.88712827561316
1,EV_B07_C021_Moto_Lineal_Electrica,3.0,83.47521991486695,-1.0,25.88712827561316
1,EV_B07_C021_Moto_Lineal_Electrica,2.0,83.47521991486695,-1.0,25.88712827561316
1,EV_B07_C021_Moto_Lineal_Electrica,1.0,83.47521991486695,-1.0,25.88712827561316
1,EV_B07_C021_Moto_Lineal_Electrica,0.0,83.47521991486695,-1.0,25.88712827561316
3,NONE,-1.0,-0.1,-1.0,-0.1
3,NONE,-1.0,-0.1,-1.0,-0.1
3,NONE,-1.0,-0.1,-1.0,-0.1
3,NONE,-1.0,-0.1,-1.0,-0.1
3,NONE,-1.0,-0.1,-1.0,-0.1
3,NONE,-1.0,-0.1,-1.0,-0.1
3,NONE,-1.0,-0.1,-1.0,-0.1
3,NONE,-1.0,-0.1,-1.0,-0.1
3,NONE,-1.0,-0.1,-1.0,-0.1
3,NONE,-1.0,-0.1,-1.0,-0.1
3,NONE,-1.0,-0.1,-1.0,-0.1
3,NONE,-1.0,-0.1,-1.0,-0.1
3,NONE,-1.0,-0.1,-1.0,-0.1
3,NONE,-1.0,-0.1,-1.0,-0.1
3,NONE,-1.0,-0.1,-1.0,-0.1
3,NONE,-1.0,-0.1,-1.0,-0.1
3,NONE,-1.0,-0.1,-1.0,-0.1
3,NONE,-1.0,-0.1,-1.0,-0.1
3,NONE,-1.0,-0.1,-1.0,-0.1
3,NONE,-1.0,-0.1,-1.0,-0.1
3,NONE,-1.0,-0.1,-1.0,-0.1
3,NONE,-1.0,-0.1,-1.0,-0.1
3,NONE,-1.0,-0.1,-1.0,-0.1
3,NONE,-1.0,-0.1,-1.0,-0.1
3,NONE,-1.0,-0.1,-1.0,-0.1
3,NONE,-1.0,-0.1,-1.0,-0.1
3,NONE,-1.0,-0.1,-1.0,-0.1
3,NONE,-1.0,-0.1,-1.0,-0.1
3,NONE,-1.0,-0.1,-1.0,-0.1
3,NONE,-1.0,-0.1,-1.0,-0.1
3,NONE,-1.0,-0.1,-1.0,-0.1
3,NONE,-1.0,-0.1,-1.0,-0.1
3,NONE,-1.0,-0.1,-1.0,-0.1
3,NONE,-1.0,-0.1,-1.0,-0.1
3,NONE,-1.0,-0.1,-1.0,-0.1
3,NONE,-1.0,-0.1,-1.0,-0.1
3,NONE,-1.0,-0.1,-1.0,-0.1
3,NONE,-1.0,-0.1,-1.0,-0.1
3,NONE,-1.0,-0.1,-1.0,-0.1
3,NONE,-1.0,-0.1,-1.0,-0.1
3,NONE,-1.0,-0.1,-1.0,-0.1
3,NONE,-1.0,-0.1,-1.0,-0.1
3,NONE,-1.0,-0.1,-1.0,-0.1
3,NONE,-1.0,-0.1,-1.0,-0.1
3,NONE,-1.0,-0.1,-1.0,-0.1
3,NONE,-1.0,-0.1,-1.0,-0.1
3,NONE,-1.0,-0.1,-1.0,-0.1
3,NONE,-1.0,-0.1,-1.0,-0.1
3,NONE,-1.0,-0.1,-1.0,-0.1
3,NONE,-1.0,-0.1,-1.0,-0.1
3,NONE,-1.0,-0.1,-1.0,-0.1
3,NONE,-1.0,-0.1,-1.0,-0.1
3,NONE,-1.0,-0.1,-1.0,-0.1
3,NONE,-1.0,-0.1,-1.0,-0.1
3,NONE,-1.0,-0.1,-1.0,-0.1
3,NONE,-1.0,-0.1,-1.0,-0.1
3,NONE,-1.0,-0.1,-1.0,-0.1
3,NONE,-1.0,-0.1,-1.0,-0.1
3,NONE,-1.0,-0.1,-1.0,-0.1
3,NONE,-1.0,-0.1,-1.0,-0.1
3,NONE,-1.0,-0.1,-1.0,-0.1
3,NONE,-1.0,-0.1,-1.0,-0.1
3,NONE,-1.0,-0.1,-1.0,-0.1
3,NONE,-1.0,-0.1,-1.0,-0.1
3,NONE,-1.0,-0.1,-1.0,-0.1
3,NONE,-1.0,-0.1,-1.0,-0.1
3,NONE,-1.0,-0.1,-1.0,-0.1
3,NONE,-1.0,-0.1,-1.0,-0.1
3,NONE,-1.0,-0.1,-1.0,-0.1
3,NONE,-1.0,-0.1,-1.0,-0.1
3,NONE,-1.0,-0.1,-1.0,-0.1
3,NONE,-1.0,-0.1,-1.0,-0.1
3,NONE,-1.0,-0.1,-1.0,-0.1
3,NONE,-1.0,-0.1,-1.0,-0.1
3,NONE,-1.0,-0.1,-1.0,-0.1
3,NONE,-1.0,-0.1,-1.0,-0.1
3,NONE,-1.0,-0.1,-1.0,-0.1
3,NONE,-1.0,-0.1,-1.0,-0.1
3,NONE,-1.0,-0.1,-1.0,-0.1
3,NONE,-1.0,-0.1,-1.0,-0.1
3,NONE,-1.0,-0.1,-1.0,-0.1
3,NONE,-1.0,-0.1,-1.0,-0.1
3,NONE,-1.0,-0.1,-1.0,-0.1
3,NONE,-1.0,-0.1,-1.0,-0.1
3,NONE,-1.0,-0.1,-1.0,-0.1
3,NONE,-1.0,-0.1,-1.0,-0.1
3,NONE,-1.0,-0.1,-1.0,-0.1
3,NONE,-1.0,-0.1,-1.0,-0.1
3,NONE,-1.0,-0.1,-1.0,-0.1
3,NONE,-1.0,-0.1,-1.0,-0.1
2,EV_B07_C021_Moto_Lineal_Electrica,-1.0,-0.1,10.0,5.82427203553295
1,EV_B07_C021_Moto_Lineal_Electrica,4.0,99.25996260874125,-1.0,5.82427203553295
1,EV_B07_C021_Moto_Lineal_Electrica,3.0,99.25996260874125,-1.0,5.82427203553295
1,EV_B07_C021_Moto_Lineal_Electrica,2.0,99.25996260874125,-1.0,5.82427203553295
1,EV_B07_C021_Moto_Lineal_Electrica,1.0,99.25996260874125,-1.0,5.82427203553295
1,EV_B07_C021_Moto_Lineal_Electrica,0.0,99.25996260874125,-1.0,5.82427203553295
3,NONE,-1.0,-0.1,-1.0,-0.1
3,NONE,-1.0,-0.1,-1.0,-0.1
3,NONE,-1.0,-0.1,-1.0,-0.1
3,NONE,-1.0,-0.1,-1.0,-0.1
3,NONE,-1.0,-0.1,-1.0,-0.1
3,NONE,-1.0,-0.1,-1.0,-0.1
3,NONE,-1.0,-0.1,-1.0,-0.1
3,NONE,-1.0,-0.1,-1.0,-0.1
3,NONE,-1.0,-0.1,-1.0,-0.1
3,NONE,-1.0,-0.1,-1.0,-0.1
3,NONE,-1.0,-0.1,-1.0,-0.1
3,NONE,-1.0,-0.1,-1.0,-0.1
3,NONE,-1.0,-0.1,-1.0,-0.1
3,NONE,-1.0,-0.1,-1.0,-0.1
3,NONE,-1.0,-0.1,-1.0,-0.1
3,NONE,-1.0,-0.1,-1.0,-0.1
3,NONE,-1.0,-0.1,-1.0,-0.1
2,EV_B07_C021_Moto_Lineal_Electrica,-1.0,-0.1,9.0,5.0
1,EV_B07_C021_Moto_Lineal_Electrica,5.0,82.37081049829808,-1.0,5.0
1,EV_B07_C021_Moto_Lineal_Electrica,4.0,82.37081049829808,-1.0,5.0
1,EV_B07_C021_Moto_Lineal_Electrica,3.0,82.37081049829808,-1.0,5.0
1,EV_B07_C021_Moto_Lineal_Electrica,2.0,82.37081049829808,-1.0,5.0
1,EV_B07_C021_Moto_Lineal_Electrica,1.0,82.37081049829808,-1.0,5.0
1,EV_B07_C021_Moto_Lineal_Electrica,0.0,82.37081049829808,-1.0,5.0
3,NONE,-1.0,-0.1,-1.0,-0.1
3,NONE,-1.0,-0.1,-1.0,-0.1
3,NONE,-1.0,-0.1,-1.0,-0.1
3,NONE,-1.0,-0.1,-1.0,-0.1
3,NONE,-1.0,-0.1,-1.0,-0.1
3,NONE,-1.0,-0.1,-1.0,-0.1
3,NONE,-1.0,-0.1,-1.0,-0.1
3,NONE,-1.0,-0.1,-1.0,-0.1
3,NONE,-1.0,-0.1,-1.0,-0.1
3,NONE,-1.0,-0.1,-1.0,-0.1
3,NONE,-1.0,-0.1,-1.0,-0.1
3,NONE,-1.0,-0.1,-1.0,-0.1
3,NONE,-1.0,-0.1,-1.0,-0.1
3,NONE,-1.0,-0.1,-1.0,-0.1
3,NONE,-1.0,-0.1,-1.0,-0.1
2,EV_B07_C021_Moto_Lineal_Electrica,-1.0,-0.1,7.0,30.937527953793616
1,EV_B07_C021_Moto_Lineal_Electrica,7.0,77.46392941945498,-1.0,30.937527953793616
1,EV_B07_C021_Moto_Lineal_Electrica,6.0,77.46392941945498,-1.0,30.937527953793616
1,EV_B07_C021_Moto_Lineal_Electrica,5.0,77.46392941945498,-1.0,30.937527953793616
1,EV_B07_C021_Moto_Lineal_Electrica,4.0,77.46392941945498,-1.0,30.937527953793616
1,EV_B07_C021_Moto_Lineal_Electrica,3.0,77.46392941945498,-1.0,30.937527953793616
1,EV_B07_C021_Moto_Lineal_Electrica,2.0,77.46392941945498,-1.0,30.937527953793616
1,EV_B07_C021_Moto_Lineal_Electrica,1.0,77.46392941945498,-1.0,30.937527953793616
1,EV_B07_C021_Moto_Lineal_Electrica,0.0,77.46392941945498,-1.0,30.937527953793616
3,NONE,-1.0,-0.1,-1.0,-0.1
3,NONE,-1.0,-0.1,-1.0,-0.1
3,NONE,-1.0,-0.1,-1.0,-0.1
3,NONE,-1.0,-0.1,-1.0,-0.1
3,NONE,-1.0,-0.1,-1.0,-0.1
3,NONE,-1.0,-0.1,-1.0,-0.1
3,NONE,-1.0,-0.1,-1.0,-0.1
3,NONE,-1.0,-0.1,-1.0,-0.1
3,NONE,-1.0,-0.1,-1.0,-0.1
3,NONE,-1.0,-0.1,-1.0,-0.1
3,NONE,-1.0,-0.1,-1.0,-0.1
3,NONE,-1.0,-0.1,-1.0,-0.1
3,NONE,-1.0,-0.1,-1.0,-0.1
3,NONE,-1.0,-0.1,-1.0,-0.1
3,NONE,-1.0,-0.1,-1.0,-0.1
3,NONE,-1.0,-0.1,-1.0,-0.1
3,NONE,-1.0,-0.1,-1.0,-0.1
3,NONE,-1.0,-0.1,-1.0,-0.1
3,NONE,-1.0,-0.1,-1.0,-0.1
3,NONE,-1.0,-0.1,-1.0,-0.1
3,NONE,-1.0,-0.1,-1.0,-0.1
3,NONE,-1.0,-0.1,-1.0,-0.1
3,NONE,-1.0,-0.1,-1.0,-0.1
3,NONE,-1.0,-0.1,-1.0,-0.1
3,NONE,-1.0,-0.1,-1.0,-0.1
3,NONE,-1.0,-0.1,-1.0,-0.1
3,NONE,-1.0,-0.1,-1.0,-0.1
3,NONE,-1.0,-0.1,-1.0,-0.1
3,NONE,-1.0,-0.1,-1.0,-0.1
3,NONE,-1.0,-0.1,-1.0,-0.1
3,NONE,-1.0,-0.1,-1.0,-0.1
3,NONE,-1.0,-0.1,-1.0,-0.1
3,NONE,-1.0,-0.1,-1.0,-0.1
3,NONE,-1.0,-0.1,-1.0,-0.1
3,NONE,-1.0,-0.1,-1.0,-0.1
3,NONE,-1.0,-0.1,-1.0,-0.1
3,NONE,-1.0,-0.1,-1.0,-0.1
3,NONE,-1.0,-0.1,-1.0,-0.1
3,NONE,-1.0,-0.1,-1.0,-0.1
3,NONE,-1.0,-0.1,-1.0,-0.1
3,NONE,-1.0,-0.1,-1.0,-0.1
3,NONE,-1.0,-0.1,-1.0,-0.1
3,NONE,-1.0,-0.1,-1.0,-0.1
3,NONE,-1.0,-0.1,-1.0,-0.1
3,NONE,-1.0,-0.1,-1.0,-0.1
3,NONE,-1.0,-0.1,-1.0,-0.1
3,NONE,-1.0,-0.1,-1.0,-0.1
3,NONE,-1.0,-0.1,-1.0,-0.1
3,NONE,-1.0,-0.1,-1.0,-0.1
3,NONE,-1.0,-0.1,-1.0,-0.1
3,NONE,-1.0,-0.1,-1.0,-0.1
3,NONE,-1.0,-0.1,-1.0,-0.1
3,NONE,-1.0,-0.1,-1.0,-0.1
3,NONE,-1.0,-0.1,-1.0,-0.1
3,NONE,-1.0,-0.1,-1.0,-0.1
3,NONE,-1.0,-0.1,-1.0,-0.1
3,NONE,-1.0,-0.1,-1.0,-0.1
3,NONE,-1.0,-0.1,-1.0,-0.1
3,NONE,-1.0,-0.1,-1.0,-0.1
3,NONE,-1.0,-0.1,-1.0,-0.1
3,NONE,-1.0,-0.1,-1.0,-0.1
3,NONE,-1.0,-0.1,-1.0,-0.1
3,NONE,-1.0,-0.1,-1.0,-0.1
3,NONE,-1.0,-0.1,-1.0,-0.1
3,NONE,-1.0,-0.1,-1.0,-0.1
3,NONE,-1.0,-0.1,-1.0,-0.1
3,NONE,-1.0,-0.1,-1.0,-0.1
3,NONE,-1.0,-0.1,-1.0,-0.1
3,NONE,-1.0,-0.1,-1.0,-0.1
3,NONE,-1.0,-0.1,-1.0,-0.1
3,NONE,-1.0,-0.1,-1.0,-0.1
3,NONE,-1.0,-0.1,-1.0,-0.1
3,NONE,-1.0,-0.1,-1.0,-0.1
3,NONE,-1.0,-0.1,-1.0,-0.1
3,NONE,-1.0,-0.1,-1.0,-0.1
3,NONE,-1.0,-0.1,-1.0,-0.1
3,NONE,-1.0,-0.1,-1.0,-0.1
3,NONE,-1.0,-0.1,-1.0,-0.1
3,NONE,-1.0,-0.1,-1.0,-0.1
3,NONE,-1.0,-0.1,-1.0,-0.1
3,NONE,-1.0,-0.1,-1.0,-0.1
3,NONE,-1.0,-0.1,-1.0,-0.1
3,NONE,-1.0,-0.1,-1.0,-0.1
3,NONE,-1.0,-0.1,-1.0,-0.1
3,NONE,-1.0,-0.1,-1.0,-0.1
3,NONE,-1.0,-0.1,-1.0,-0.1
3,NONE,-1.0,-0.1,-1.0,-0.1
3,NONE,-1.0,-0.1,-1.0,-0.1
3,NONE,-1.0,-0.1,-1.0,-0.1
3,NONE,-1.0,-0.1,-1.0,-0.1
3,NONE,-1.0,-0.1,-1.0,-0.1
3,NONE,-1.0,-0.1,-1.0,-0.1
3,NONE,-1.0,-0.1,-1.0,-0.1
3,NONE,-1.0,-0.1,-1.0,-0.1
3,NONE,-1.0,-0.1,-1.0,-0.1
3,NONE,-1.0,-0.1,-1.0,-0.1
3,NONE,-1.0,-0.1,-1.0,-0.1
3,NONE,-1.0,-0.1,-1.0,-0.1
3,NONE,-1.0,-0.1,-1.0,-0.1
3,NONE,-1.0,-0.1,-1.0,-0.1
3,NONE,-1.0,-0.1,-1.0,-0.1
3,NONE,-1.0,-0.1,-1.0,-0.1
3,NONE,-1.0,-0.1,-1.0,-0.1
3,NONE,-1.0,-0.1,-1.0,-0.1
3,NONE,-1.0,-0.1,-1.0,-0.1
3,NONE,-1.0,-0.1,-1.0,-0.1
3,NONE,-1.0,-0.1,-1.0,-0.1
3,NONE,-1.0,-0.1,-1.0,-0.1
3,NONE,-1.0,-0.1,-1.0,-0.1
3,NONE,-1.0,-0.1,-1.0,-0.1
3,NONE,-1.0,-0.1,-1.0,-0.1
2,EV_B07_C021_Moto_Lineal_Electrica,-1.0,-0.1,7.0,26.018338084319392
1,EV_B07_C021_Moto_Lineal_Electrica,6.0,70.21921206459443,-1.0,26.018338084319392
1,EV_B07_C021_Moto_Lineal_Electrica,5.0,70.21921206459443,-1.0,26.018338084319392
1,EV_B07_C021_Moto_Lineal_Electrica,4.0,70.21921206459443,-1.0,26.018338084319392
1,EV_B07_C021_Moto_Lineal_Electrica,3.0,70.21921206459443,-1.0,26.018338084319392
1,EV_B07_C021_Moto_Lineal_Electrica,2.0,70.21921206459443,-1.0,26.018338084319392
1,EV_B07_C021_Moto_Lineal_Electrica,1.0,70.21921206459443,-1.0,26.018338084319392
1,EV_B07_C021_Moto_Lineal_Electrica,0.0,70.21921206459443,-1.0,26.018338084319392
3,NONE,-1.0,-0.1,-1.0,-0.1
3,NONE,-1.0,-0.1,-1.0,-0.1
3,NONE,-1.0,-0.1,-1.0,-0.1
3,NONE,-1.0,-0.1,-1.0,-0.1
3,NONE,-1.0,-0.1,-1.0,-0.1
3,NONE,-1.0,-0.1,-1.0,-0.1
3,NONE,-1.0,-0.1,-1.0,-0.1
3,NONE,-1.0,-0.1,-1.0,-0.1
3,NONE,-1.0,-0.1,-1.0,-0.1
3,NONE,-1.0,-0.1,-1.0,-0.1
3,NONE,-1.0,-0.1,-1.0,-0.1
3,NONE,-1.0,-0.1,-1.0,-0.1
3,NONE,-1.0,-0.1,-1.0,-0.1
3,NONE,-1.0,-0.1,-1.0,-0.1
3,NONE,-1.0,-0.1,-1.0,-0.1
3,NONE,-1.0,-0.1,-1.0,-0.1
2,EV_B07_C021_Moto_Lineal_Electrica,-1.0,-0.1,7.0,37.095721729469126
1,EV_B07_C021_Moto_Lineal_Electrica,7.0,76.58276273902977,-1.0,37.095721729469126
1,EV_B07_C021_Moto_Lineal_Electrica,6.0,76.58276273902977,-1.0,37.095721729469126
1,EV_B07_C021_Moto_Lineal_Electrica,5.0,76.58276273902977,-1.0,37.095721729469126
1,EV_B07_C021_Moto_Lineal_Electrica,4.0,76.58276273902977,-1.0,37.095721729469126
1,EV_B07_C021_Moto_Lineal_Electrica,3.0,76.58276273902977,-1.0,37.095721729469126
1,EV_B07_C021_Moto_Lineal_Electrica,2.0,76.58276273902977,-1.0,37.095721729469126
1,EV_B07_C021_Moto_Lineal_Electrica,1.0,76.58276273902977,-1.0,37.095721729469126
1,EV_B07_C021_Moto_Lineal_Electrica,0.0,76.58276273902977,-1.0,37.095721729469126
3,NONE,-1.0,-0.1,-1.0,-0.1
3,NONE,-1.0,-0.1,-1.0,-0.1
3,NONE,-1.0,-0.1,-1.0,-0.1
3,NONE,-1.0,-0.1,-1.0,-0.1
3,NONE,-1.0,-0.1,-1.0,-0.1
3,NONE,-1.0,-0.1,-1.0,-0.1
3,NONE,-1.0,-0.1,-1.0,-0.1
3,NONE,-1.0,-0.1,-1.0,-0.1
3,NONE,-1.0,-0.1,-1.0,-0.1
3,NONE,-1.0,-0.1,-1.0,-0.1
3,NONE,-1.0,-0.1,-1.0,-0.1
3,NONE,-1.0,-0.1,-1.0,-0.1
3,NONE,-1.0,-0.1,-1.0,-0.1
3,NONE,-1.0,-0.1,-1.0,-0.1
3,NONE,-1.0,-0.1,-1.0,-0.1
2,EV_B07_C021_Moto_Lineal_Electrica,-1.0,-0.1,7.0,6.470970257778795
1,EV_B07_C021_Moto_Lineal_Electrica,7.0,90.57787862017587,-1.0,6.470970257778795
1,EV_B07_C021_Moto_Lineal_Electrica,6.0,90.57787862017587,-1.0,6.470970257778795
1,EV_B07_C021_Moto_Lineal_Electrica,5.0,90.57787862017587,-1.0,6.470970257778795
1,EV_B07_C021_Moto_Lineal_Electrica,4.0,90.57787862017587,-1.0,6.470970257778795
1,EV_B07_C021_Moto_Lineal_Electrica,3.0,90.57787862017587,-1.0,6.470970257778795
1,EV_B07_C021_Moto_Lineal_Electrica,2.0,90.57787862017587,-1.0,6.470970257778795
1,EV_B07_C021_Moto_Lineal_Electrica,1.0,90.57787862017587,-1.0,6.470970257778795
1,EV_B07_C021_Moto_Lineal_Electrica,0.0,90.57787862017587,-1.0,6.470970257778795
3,NONE,-1.0,-0.1,-1.0,-0.1
3,NONE,-1.0,-0.1,-1.0,-0.1
3,NONE,-1.0,-0.1,-1.0,-0.1
3,NONE,-1.0,-0.1,-1.0,-0.1
3,NONE,-1.0,-0.1,-1.0,-0.1
3,NONE,-1.0,-0.1,-1.0,-0.1
3,NONE,-1.0,-0.1,-1.0,-0.1
3,NONE,-1.0,-0.1,-1.0,-0.1
3,NONE,-1.0,-0.1,-1.0,-0.1
3,NONE,-1.0,-0.1,-1.0,-0.1
3,NONE,-1.0,-0.1,-1.0,-0.1
3,NONE,-1.0,-0.1,-1.0,-0.1
3,NONE,-1.0,-0.1,-1.0,-0.1
3,NONE,-1.0,-0.1,-1.0,-0.1
3,NONE,-1.0,-0.1,-1.0,-0.1
3,NONE,-1.0,-0.1,-1.0,-0.1
2,EV_B07_C021_Moto_Lineal_Electrica,-1.0,-0.1,8.0,22.91708521239852
1,EV_B07_C021_Moto_Lineal_Electrica,6.0,82.25604581558916,-1.0,22.91708521239852
1,EV_B07_C021_Moto_Lineal_Electrica,5.0,82.25604581558916,-1.0,22.91708521239852
1,EV_B07_C021_Moto_Lineal_Electrica,4.0,82.25604581558916,-1.0,22.91708521239852
1,EV_B07_C021_Moto_Lineal_Electrica,3.0,82.25604581558916,-1.0,22.91708521239852
1,EV_B07_C021_Moto_Lineal_Electrica,2.0,82.25604581558916,-1.0,22.91708521239852
1,EV_B07_C021_Moto_Lineal_Electrica,1.0,82.25604581558916,-1.0,22.91708521239852
1,EV_B07_C021_Moto_Lineal_Electrica,0.0,82.25604581558916,-1.0,22.91708521239852
3,NONE,-1.0,-0.1,-1.0,-0.1
3,NONE,-1.0,-0.1,-1.0,-0.1
3,NONE,-1.0,-0.1,-1.0,-0.1
3,NONE,-1.0,-0.1,-1.0,-0.1
3,NONE,-1.0,-0.1,-1.0,-0.1
3,NONE,-1.0,-0.1,-1.0,-0.1
3,NONE,-1.0,-0.1,-1.0,-0.1
3,NONE,-1.0,-0.1,-1.0,-0.1
3,NONE,-1.0,-0.1,-1.0,-0.1
3,NONE,-1.0,-0.1,-1.0,-0.1
3,NONE,-1.0,-0.1,-1.0,-0.1
3,NONE,-1.0,-0.1,-1.0,-0.1
3,NONE,-1.0,-0.1,-1.0,-0.1
3,NONE,-1.0,-0.1,-1.0,-0.1
3,NONE,-1.0,-0.1,-1.0,-0.1
3,NONE,-1.0,-0.1,-1.0,-0.1
3,NONE,-1.0,-0.1,-1.0,-0.1
3,NONE,-1.0,-0.1,-1.0,-0.1
3,NONE,-1.0,-0.1,-1.0,-0.1
3,NONE,-1.0,-0.1,-1.0,-0.1
3,NONE,-1.0,-0.1,-1.0,-0.1
3,NONE,-1.0,-0.1,-1.0,-0.1
3,NONE,-1.0,-0.1,-1.0,-0.1
3,NONE,-1.0,-0.1,-1.0,-0.1
3,NONE,-1.0,-0.1,-1.0,-0.1
3,NONE,-1.0,-0.1,-1.0,-0.1
3,NONE,-1.0,-0.1,-1.0,-0.1
3,NONE,-1.0,-0.1,-1.0,-0.1
3,NONE,-1.0,-0.1,-1.0,-0.1
3,NONE,-1.0,-0.1,-1.0,-0.1
3,NONE,-1.0,-0.1,-1.0,-0.1
3,NONE,-1.0,-0.1,-1.0,-0.1
3,NONE,-1.0,-0.1,-1.0,-0.1
3,NONE,-1.0,-0.1,-1.0,-0.1
3,NONE,-1.0,-0.1,-1.0,-0.1
3,NONE,-1.0,-0.1,-1.0,-0.1
3,NONE,-1.0,-0.1,-1.0,-0.1
3,NONE,-1.0,-0.1,-1.0,-0.1
3,NONE,-1.0,-0.1,-1.0,-0.1
3,NONE,-1.0,-0.1,-1.0,-0.1
3,NONE,-1.0,-0.1,-1.0,-0.1
3,NONE,-1.0,-0.1,-1.0,-0.1
3,NONE,-1.0,-0.1,-1.0,-0.1
3,NONE,-1.0,-0.1,-1.0,-0.1
3,NONE,-1.0,-0.1,-1.0,-0.1
3,NONE,-1.0,-0.1,-1.0,-0.1
3,NONE,-1.0,-0.1,-1.0,-0.1
3,NONE,-1.0,-0.1,-1.0,-0.1
3,NONE,-1.0,-0.1,-1.0,-0.1
3,NONE,-1.0,-0.1,-1.0,-0.1
3,NONE,-1.0,-0.1,-1.0,-0.1
3,NONE,-1.0,-0.1,-1.0,-0.1
3,NONE,-1.0,-0.1,-1.0,-0.1
3,NONE,-1.0,-0.1,-1.0,-0.1
3,NONE,-1.0,-0.1,-1.0,-0.1
3,NONE,-1.0,-0.1,-1.0,-0.1
3,NONE,-1.0,-0.1,-1.0,-0.1
3,NONE,-1.0,-0.1,-1.0,-0.1
3,NONE,-1.0,-0.1,-1.0,-0.1
3,NONE,-1.0,-0.1,-1.0,-0.1
3,NONE,-1.0,-0.1,-1.0,-0.1
3,NONE,-1.0,-0.1,-1.0,-0.1
3,NONE,-1.0,-0.1,-1.0,-0.1
3,NONE,-1.0,-0.1,-1.0,-0.1
3,NONE,-1.0,-0.1,-1.0,-0.1
2,EV_B07_C021_Moto_Lineal_Electrica,-1.0,-0.1,9.0,24.963275421505593
1,EV_B07_C021_Moto_Lineal_Electrica,5.0,83.74285350463076,-1.0,24.963275421505593
1,EV_B07_C021_Moto_Lineal_Electrica,4.0,83.74285350463076,-1.0,24.963275421505593
1,EV_B07_C021_Moto_Lineal_Electrica,3.0,83.74285350463076,-1.0,24.963275421505593
1,EV_B07_C021_Moto_Lineal_Electrica,2.0,83.74285350463076,-1.0,24.963275421505593
1,EV_B07_C021_Moto_Lineal_Electrica,1.0,83.74285350463076,-1.0,24.963275421505593
1,EV_B07_C021_Moto_Lineal_Electrica,0.0,83.74285350463076,-1.0,24.963275421505593
3,NONE,-1.0,-0.1,-1.0,-0.1
3,NONE,-1.0,-0.1,-1.0,-0.1
3,NONE,-1.0,-0.1,-1.0,-0.1
3,NONE,-1.0,-0.1,-1.0,-0.1
3,NONE,-1.0,-0.1,-1.0,-0.1
3,NONE,-1.0,-0.1,-1.0,-0.1
3,NONE,-1.0,-0.1,-1.0,-0.1
3,NONE,-1.0,-0.1,-1.0,-0.1
3,NONE,-1.0,-0.1,-1.0,-0.1
3,NONE,-1.0,-0.1,-1.0,-0.1
3,NONE,-1.0,-0.1,-1.0,-0.1
3,NONE,-1.0,-0.1,-1.0,-0.1
3,NONE,-1.0,-0.1,-1.0,-0.1
3,NONE,-1.0,-0.1,-1.0,-0.1
3,NONE,-1.0,-0.1,-1.0,-0.1
3,NONE,-1.0,-0.1,-1.0,-0.1
2,EV_B07_C021_Moto_Lineal_Electrica,-1.0,-0.1,8.0,38.227698585563154
1,EV_B07_C021_Moto_Lineal_Electrica,6.0,91.3909755716457,-1.0,38.227698585563154
1,EV_B07_C021_Moto_Lineal_Electrica,5.0,91.3909755716457,-1.0,38.227698585563154
1,EV_B07_C021_Moto_Lineal_Electrica,4.0,91.3909755716457,-1.0,38.227698585563154
1,EV_B07_C021_Moto_Lineal_Electrica,3.0,91.3909755716457,-1.0,38.227698585563154
1,EV_B07_C021_Moto_Lineal_Electrica,2.0,91.3909755716457,-1.0,38.227698585563154
1,EV_B07_C021_Moto_Lineal_Electrica,1.0,91.3909755716457,-1.0,38.227698585563154
1,EV_B07_C021_Moto_Lineal_Electrica,0.0,91.3909755716457,-1.0,38.227698585563154
3,NONE,-1.0,-0.1,-1.0,-0.1
3,NONE,-1.0,-0.1,-1.0,-0.1
3,NONE,-1.0,-0.1,-1.0,-0.1
3,NONE,-1.0,-0.1,-1.0,-0.1
3,NONE,-1.0,-0.1,-1.0,-0.1
3,NONE,-1.0,-0.1,-1.0,-0.1
3,NONE,-1.0,-0.1,-1.0,-0.1
3,NONE,-1.0,-0.1,-1.0,-0.1
3,NONE,-1.0,-0.1,-1.0,-0.1
3,NONE,-1.0,-0.1,-1.0,-0.1
3,NONE,-1.0,-0.1,-1.0,-0.1
3,NONE,-1.0,-0.1,-1.0,-0.1
3,NONE,-1.0,-0.1,-1.0,-0.1
3,NONE,-1.0,-0.1,-1.0,-0.1
3,NONE,-1.0,-0.1,-1.0,-0.1
3,NONE,-1.0,-0.1,-1.0,-0.1
2,EV_B07_C021_Moto_Lineal_Electrica,-1.0,-0.1,8.0,5.0
1,EV_B07_C021_Moto_Lineal_Electrica,6.0,83.12371460951903,-1.0,5.0
1,EV_B07_C021_Moto_Lineal_Electrica,5.0,83.12371460951903,-1.0,5.0
1,EV_B07_C021_Moto_Lineal_Electrica,4.0,83.12371460951903,-1.0,5.0
1,EV_B07_C021_Moto_Lineal_Electrica,3.0,83.12371460951903,-1.0,5.0
1,EV_B07_C021_Moto_Lineal_Electrica,2.0,83.12371460951903,-1.0,5.0
1,EV_B07_C021_Moto_Lineal_Electrica,1.0,83.12371460951903,-1.0,5.0
1,EV_B07_C021_Moto_Lineal_Electrica,0.0,83.12371460951903,-1.0,5.0
3,NONE,-1.0,-0.1,-1.0,-0.1
3,NONE,-1.0,-0.1,-1.0,-0.1
3,NONE,-1.0,-0.1,-1.0,-0.1
3,NONE,-1.0,-0.1,-1.0,-0.1
3,NONE,-1.0,-0.1,-1.0,-0.1
3,NONE,-1.0,-0.1,-1.0,-0.1
3,NONE,-1.0,-0.1,-1.0,-0.1
3,NONE,-1.0,-0.1,-1.0,-0.1
3,NONE,-1.0,-0.1,-1.0,-0.1
3,NONE,-1.0,-0.1,-1.0,-0.1
3,NONE,-1.0,-0.1,-1.0,-0.1
3,NONE,-1.0,-0.1,-1.0,-0.1
3,NONE,-1.0,-0.1,-1.0,-0.1
3,NONE,-1.0,-0.1,-1.0,-0.1
3,NONE,-1.0,-0.1,-1.0,-0.1
3,NONE,-1.0,-0.1,-1.0,-0.1
2,EV_B07_C021_Moto_Lineal_Electrica,-1.0,-0.1,8.0,24.207115053146552
1,EV_B07_C021_Moto_Lineal_Electrica,6.0,84.4390711185416,-1.0,24.207115053146552
1,EV_B07_C021_Moto_Lineal_Electrica,5.0,84.4390711185416,-1.0,24.207115053146552
1,EV_B07_C021_Moto_Lineal_Electrica,4.0,84.4390711185416,-1.0,24.207115053146552
1,EV_B07_C021_Moto_Lineal_Electrica,3.0,84.4390711185416,-1.0,24.207115053146552
1,EV_B07_C021_Moto_Lineal_Electrica,2.0,84.4390711185416,-1.0,24.207115053146552
1,EV_B07_C021_Moto_Lineal_Electrica,1.0,84.4390711185416,-1.0,24.207115053146552
1,EV_B07_C021_Moto_Lineal_Electrica,0.0,84.4390711185416,-1.0,24.207115053146552
3,NONE,-1.0,-0.1,-1.0,-0.1
3,NONE,-1.0,-0.1,-1.0,-0.1
3,NONE,-1.0,-0.1,-1.0,-0.1
3,NONE,-1.0,-0.1,-1.0,-0.1
3,NONE,-1.0,-0.1,-1.0,-0.1
3,NONE,-1.0,-0.1,-1.0,-0.1
3,NONE,-1.0,-0.1,-1.0,-0.1
3,NONE,-1.0,-0.1,-1.0,-0.1
3,NONE,-1.0,-0.1,-1.0,-0.1
3,NONE,-1.0,-0.1,-1.0,-0.1
3,NONE,-1.0,-0.1,-1.0,-0.1
3,NONE,-1.0,-0.1,-1.0,-0.1
3,NONE,-1.0,-0.1,-1.0,-0.1
3,NONE,-1.0,-0.1,-1.0,-0.1
3,NONE,-1.0,-0.1,-1.0,-0.1
3,NONE,-1.0,-0.1,-1.0,-0.1
2,EV_B07_C021_Moto_Lineal_Electrica,-1.0,-0.1,8.0,26.890832613175597
1,EV_B07_C021_Moto_Lineal_Electrica,6.0,78.90931935891248,-1.0,26.890832613175597
1,EV_B07_C021_Moto_Lineal_Electrica,5.0,78.90931935891248,-1.0,26.890832613175597
1,EV_B07_C021_Moto_Lineal_Electrica,4.0,78.90931935891248,-1.0,26.890832613175597
1,EV_B07_C021_Moto_Lineal_Electrica,3.0,78.90931935891248,-1.0,26.890832613175597
1,EV_B07_C021_Moto_Lineal_Electrica,2.0,78.90931935891248,-1.0,26.890832613175597
1,EV_B07_C021_Moto_Lineal_Electrica,1.0,78.90931935891248,-1.0,26.890832613175597
1,EV_B07_C021_Moto_Lineal_Electrica,0.0,78.90931935891248,-1.0,26.890832613175597
3,NONE,-1.0,-0.1,-1.0,-0.1
3,NONE,-1.0,-0.1,-1.0,-0.1
3,NONE,-1.0,-0.1,-1.0,-0.1
3,NONE,-1.0,-0.1,-1.0,-0.1
3,NONE,-1.0,-0.1,-1.0,-0.1
3,NONE,-1.0,-0.1,-1.0,-0.1
3,NONE,-1.0,-0.1,-1.0,-0.1
3,NONE,-1.0,-0.1,-1.0,-0.1
3,NONE,-1.0,-0.1,-1.0,-0.1
3,NONE,-1.0,-0.1,-1.0,-0.1
3,NONE,-1.0,-0.1,-1.0,-0.1
3,NONE,-1.0,-0.1,-1.0,-0.1
3,NONE,-1.0,-0.1,-1.0,-0.1
3,NONE,-1.0,-0.1,-1.0,-0.1
3,NONE,-1.0,-0.1,-1.0,-0.1
3,NONE,-1.0,-0.1,-1.0,-0.1
3,NONE,-1.0,-0.1,-1.0,-0.1
3,NONE,-1.0,-0.1,-1.0,-0.1
3,NONE,-1.0,-0.1,-1.0,-0.1
3,NONE,-1.0,-0.1,-1.0,-0.1
3,NONE,-1.0,-0.1,-1.0,-0.1
3,NONE,-1.0,-0.1,-1.0,-0.1
3,NONE,-1.0,-0.1,-1.0,-0.1
3,NONE,-1.0,-0.1,-1.0,-0.1
3,NONE,-1.0,-0.1,-1.0,-0.1
3,NONE,-1.0,-0.1,-1.0,-0.1
3,NONE,-1.0,-0.1,-1.0,-0.1
3,NONE,-1.0,-0.1,-1.0,-0.1
3,NONE,-1.0,-0.1,-1.0,-0.1
3,NONE,-1.0,-0.1,-1.0,-0.1
3,NONE,-1.0,-0.1,-1.0,-0.1
3,NONE,-1.0,-0.1,-1.0,-0.1
3,NONE,-1.0,-0.1,-1.0,-0.1
3,NONE,-1.0,-0.1,-1.0,-0.1
3,NONE,-1.0,-0.1,-1.0,-0.1
3,NONE,-1.0,-0.1,-1.0,-0.1
3,NONE,-1.0,-0.1,-1.0,-0.1
3,NONE,-1.0,-0.1,-1.0,-0.1
3,NONE,-1.0,-0.1,-1.0,-0.1
3,NONE,-1.0,-0.1,-1.0,-0.1
3,NONE,-1.0,-0.1,-1.0,-0.1
3,NONE,-1.0,-0.1,-1.0,-0.1
3,NONE,-1.0,-0.1,-1.0,-0.1
3,NONE,-1.0,-0.1,-1.0,-0.1
3,NONE,-1.0,-0.1,-1.0,-0.1
3,NONE,-1.0,-0.1,-1.0,-0.1
3,NONE,-1.0,-0.1,-1.0,-0.1
3,NONE,-1.0,-0.1,-1.0,-0.1
3,NONE,-1.0,-0.1,-1.0,-0.1
3,NONE,-1.0,-0.1,-1.0,-0.1
3,NONE,-1.0,-0.1,-1.0,-0.1
3,NONE,-1.0,-0.1,-1.0,-0.1
3,NONE,-1.0,-0.1,-1.0,-0.1
3,NONE,-1.0,-0.1,-1.0,-0.1
3,NONE,-1.0,-0.1,-1.0,-0.1
3,NONE,-1.0,-0.1,-1.0,-0.1
3,NONE,-1.0,-0.1,-1.0,-0.1
3,NONE,-1.0,-0.1,-1.0,-0.1
3,NONE,-1.0,-0.1,-1.0,-0.1
3,NONE,-1.0,-0.1,-1.0,-0.1
3,NONE,-1.0,-0.1,-1.0,-0.1
3,NONE,-1.0,-0.1,-1.0,-0.1
3,NONE,-1.0,-0.1,-1.0,-0.1
3,NONE,-1.0,-0.1,-1.0,-0.1
3,NONE,-1.0,-0.1,-1.0,-0.1
3,NONE,-1.0,-0.1,-1.0,-0.1
3,NONE,-1.0,-0.1,-1.0,-0.1
3,NONE,-1.0,-0.1,-1.0,-0.1
3,NONE,-1.0,-0.1,-1.0,-0.1
3,NONE,-1.0,-0.1,-1.0,-0.1
3,NONE,-1.0,-0.1,-1.0,-0.1
3,NONE,-1.0,-0.1,-1.0,-0.1
3,NONE,-1.0,-0.1,-1.0,-0.1
3,NONE,-1.0,-0.1,-1.0,-0.1
3,NONE,-1.0,-0.1,-1.0,-0.1
3,NONE,-1.0,-0.1,-1.0,-0.1
3,NONE,-1.0,-0.1,-1.0,-0.1
3,NONE,-1.0,-0.1,-1.0,-0.1
3,NONE,-1.0,-0.1,-1.0,-0.1
3,NONE,-1.0,-0.1,-1.0,-0.1
3,NONE,-1.0,-0.1,-1.0,-0.1
3,NONE,-1.0,-0.1,-1.0,-0.1
3,NONE,-1.0,-0.1,-1.0,-0.1
3,NONE,-1.0,-0.1,-1.0,-0.1
3,NONE,-1.0,-0.1,-1.0,-0.1
3,NONE,-1.0,-0.1,-1.0,-0.1
3,NONE,-1.0,-0.1,-1.0,-0.1
3,NONE,-1.0,-0.1,-1.0,-0.1
2,EV_B07_C021_Moto_Lineal_Electrica,-1.0,-0.1,8.0,28.085389330400123
1,EV_B07_C021_Moto_Lineal_Electrica,6.0,83.89501545416269,-1.0,28.085389330400123
1,EV_B07_C021_Moto_Lineal_Electrica,5.0,83.89501545416269,-1.0,28.085389330400123
1,EV_B07_C021_Moto_Lineal_Electrica,4.0,83.89501545416269,-1.0,28.085389330400123
1,EV_B07_C021_Moto_Lineal_Electrica,3.0,83.89501545416269,-1.0,28.085389330400123
1,EV_B07_C021_Moto_Lineal_Electrica,2.0,83.89501545416269,-1.0,28.085389330400123
1,EV_B07_C021_Moto_Lineal_Electrica,1.0,83.89501545416269,-1.0,28.085389330400123
1,EV_B07_C021_Moto_Lineal_Electrica,0.0,83.89501545416269,-1.0,28.085389330400123
3,NONE,-1.0,-0.1,-1.0,-0.1
3,NONE,-1.0,-0.1,-1.0,-0.1
3,NONE,-1.0,-0.1,-1.0,-0.1
3,NONE,-1.0,-0.1,-1.0,-0.1
3,NONE,-1.0,-0.1,-1.0,-0.1
3,NONE,-1.0,-0.1,-1.0,-0.1
3,NONE,-1.0,-0.1,-1.0,-0.1
3,NONE,-1.0,-0.1,-1.0,-0.1
3,NONE,-1.0,-0.1,-1.0,-0.1
3,NONE,-1.0,-0.1,-1.0,-0.1
3,NONE,-1.0,-0.1,-1.0,-0.1
3,NONE,-1.0,-0.1,-1.0,-0.1
3,NONE,-1.0,-0.1,-1.0,-0.1
3,NONE,-1.0,-0.1,-1.0,-0.1
3,NONE,-1.0,-0.1,-1.0,-0.1
2,EV_B07_C021_Moto_Lineal_Electrica,-1.0,-0.1,7.0,28.445366535739392
1,EV_B07_C021_Moto_Lineal_Electrica,7.0,84.05494039760056,-1.0,28.445366535739392
1,EV_B07_C021_Moto_Lineal_Electrica,6.0,84.05494039760056,-1.0,28.445366535739392
1,EV_B07_C021_Moto_Lineal_Electrica,5.0,84.05494039760056,-1.0,28.445366535739392
1,EV_B07_C021_Moto_Lineal_Electrica,4.0,84.05494039760056,-1.0,28.445366535739392
1,EV_B07_C021_Moto_Lineal_Electrica,3.0,84.05494039760056,-1.0,28.445366535739392
1,EV_B07_C021_Moto_Lineal_Electrica,2.0,84.05494039760056,-1.0,28.445366535739392
1,EV_B07_C021_Moto_Lineal_Electrica,1.0,84.05494039760056,-1.0,28.445366535739392
1,EV_B07_C021_Moto_Lineal_Electrica,0.0,84.05494039760056,-1.0,28.445366535739392
3,NONE,-1.0,-0.1,-1.0,-0.1
3,NONE,-1.0,-0.1,-1.0,-0.1
3,NONE,-1.0,-0.1,-1.0,-0.1
3,NONE,-1.0,-0.1,-1.0,-0.1
3,NONE,-1.0,-0.1,-1.0,-0.1
3,NONE,-1.0,-0.1,-1.0,-0.1
3,NONE,-1.0,-0.1,-1.0,-0.1
3,NONE,-1.0,-0.1,-1.0,-0.1
3,NONE,-1.0,-0.1,-1.0,-0.1
3,NONE,-1.0,-0.1,-1.0,-0.1
3,NONE,-1.0,-0.1,-1.0,-0.1
3,NONE,-1.0,-0.1,-1.0,-0.1
3,NONE,-1.0,-0.1,-1.0,-0.1
3,NONE,-1.0,-0.1,-1.0,-0.1
3,NONE,-1.0,-0.1,-1.0,-0.1
2,EV_B07_C021_Moto_Lineal_Electrica,-1.0,-0.1,7.0,20.229419724356376
1,EV_B07_C021_Moto_Lineal_Electrica,7.0,75.33417892275162,-1.0,20.229419724356376
1,EV_B07_C021_Moto_Lineal_Electrica,6.0,75.33417892275162,-1.0,20.229419724356376
1,EV_B07_C021_Moto_Lineal_Electrica,5.0,75.33417892275162,-1.0,20.229419724356376
1,EV_B07_C021_Moto_Lineal_Electrica,4.0,75.33417892275162,-1.0,20.229419724356376
1,EV_B07_C021_Moto_Lineal_Electrica,3.0,75.33417892275162,-1.0,20.229419724356376
1,EV_B07_C021_Moto_Lineal_Electrica,2.0,75.33417892275162,-1.0,20.229419724356376
1,EV_B07_C021_Moto_Lineal_Electrica,1.0,75.33417892275162,-1.0,20.229419724356376
1,EV_B07_C021_Moto_Lineal_Electrica,0.0,75.33417892275162,-1.0,20.229419724356376
3,NONE,-1.0,-0.1,-1.0,-0.1
3,NONE,-1.0,-0.1,-1.0,-0.1
3,NONE,-1.0,-0.1,-1.0,-0.1
3,NONE,-1.0,-0.1,-1.0,-0.1
3,NONE,-1.0,-0.1,-1.0,-0.1
3,NONE,-1.0,-0.1,-1.0,-0.1
3,NONE,-1.0,-0.1,-1.0,-0.1
3,NONE,-1.0,-0.1,-1.0,-0.1
3,NONE,-1.0,-0.1,-1.0,-0.1
3,NONE,-1.0,-0.1,-1.0,-0.1
3,NONE,-1.0,-0.1,-1.0,-0.1
3,NONE,-1.0,-0.1,-1.0,-0.1
3,NONE,-1.0,-0.1,-1.0,-0.1
3,NONE,-1.0,-0.1,-1.0,-0.1
3,NONE,-1.0,-0.1,-1.0,-0.1
2,EV_B07_C021_Moto_Lineal_Electrica,-1.0,-0.1,7.0,37.85178921774886
1,EV_B07_C021_Moto_Lineal_Electrica,7.0,83.63873205834582,-1.0,37.85178921774886
1,EV_B07_C021_Moto_Lineal_Electrica,6.0,83.63873205834582,-1.0,37.85178921774886
1,EV_B07_C021_Moto_Lineal_Electrica,5.0,83.63873205834582,-1.0,37.85178921774886
1,EV_B07_C021_Moto_Lineal_Electrica,4.0,83.63873205834582,-1.0,37.85178921774886
1,EV_B07_C021_Moto_Lineal_Electrica,3.0,83.63873205834582,-1.0,37.85178921774886
1,EV_B07_C021_Moto_Lineal_Electrica,2.0,83.63873205834582,-1.0,37.85178921774886
1,EV_B07_C021_Moto_Lineal_Electrica,1.0,83.63873205834582,-1.0,37.85178921774886
1,EV_B07_C021_Moto_Lineal_Electrica,0.0,83.63873205834582,-1.0,37.85178921774886
3,NONE,-1.0,-0.1,-1.0,-0.1
3,NONE,-1.0,-0.1,-1.0,-0.1
3,NONE,-1.0,-0.1,-1.0,-0.1
3,NONE,-1.0,-0.1,-1.0,-0.1
3,NONE,-1.0,-0.1,-1.0,-0.1
3,NONE,-1.0,-0.1,-1.0,-0.1
3,NONE,-1.0,-0.1,-1.0,-0.1
3,NONE,-1.0,-0.1,-1.0,-0.1
3,NONE,-1.0,-0.1,-1.0,-0.1
3,NONE,-1.0,-0.1,-1.0,-0.1
3,NONE,-1.0,-0.1,-1.0,-0.1
3,NONE,-1.0,-0.1,-1.0,-0.1
3,NONE,-1.0,-0.1,-1.0,-0.1
3,NONE,-1.0,-0.1,-1.0,-0.1
3,NONE,-1.0,-0.1,-1.0,-0.1
3,NONE,-1.0,-0.1,-1.0,-0.1
3,NONE,-1.0,-0.1,-1.0,-0.1
3,NONE,-1.0,-0.1,-1.0,-0.1
3,NONE,-1.0,-0.1,-1.0,-0.1
3,NONE,-1.0,-0.1,-1.0,-0.1
3,NONE,-1.0,-0.1,-1.0,-0.1
3,NONE,-1.0,-0.1,-1.0,-0.1
3,NONE,-1.0,-0.1,-1.0,-0.1
3,NONE,-1.0,-0.1,-1.0,-0.1
3,NONE,-1.0,-0.1,-1.0,-0.1
3,NONE,-1.0,-0.1,-1.0,-0.1
3,NONE,-1.0,-0.1,-1.0,-0.1
3,NONE,-1.0,-0.1,-1.0,-0.1
3,NONE,-1.0,-0.1,-1.0,-0.1
3,NONE,-1.0,-0.1,-1.0,-0.1
3,NONE,-1.0,-0.1,-1.0,-0.1
3,NONE,-1.0,-0.1,-1.0,-0.1
3,NONE,-1.0,-0.1,-1.0,-0.1
3,NONE,-1.0,-0.1,-1.0,-0.1
3,NONE,-1.0,-0.1,-1.0,-0.1
3,NONE,-1.0,-0.1,-1.0,-0.1
3,NONE,-1.0,-0.1,-1.0,-0.1
3,NONE,-1.0,-0.1,-1.0,-0.1
3,NONE,-1.0,-0.1,-1.0,-0.1
3,NONE,-1.0,-0.1,-1.0,-0.1
3,NONE,-1.0,-0.1,-1.0,-0.1
3,NONE,-1.0,-0.1,-1.0,-0.1
3,NONE,-1.0,-0.1,-1.0,-0.1
3,NONE,-1.0,-0.1,-1.0,-0.1
3,NONE,-1.0,-0.1,-1.0,-0.1
3,NONE,-1.0,-0.1,-1.0,-0.1
3,NONE,-1.0,-0.1,-1.0,-0.1
3,NONE,-1.0,-0.1,-1.0,-0.1
3,NONE,-1.0,-0.1,-1.0,-0.1
3,NONE,-1.0,-0.1,-1.0,-0.1
3,NONE,-1.0,-0.1,-1.0,-0.1
3,NONE,-1.0,-0.1,-1.0,-0.1
3,NONE,-1.0,-0.1,-1.0,-0.1
3,NONE,-1.0,-0.1,-1.0,-0.1
3,NONE,-1.0,-0.1,-1.0,-0.1
3,NONE,-1.0,-0.1,-1.0,-0.1
3,NONE,-1.0,-0.1,-1.0,-0.1
3,NONE,-1.0,-0.1,-1.0,-0.1
3,NONE,-1.0,-0.1,-1.0,-0.1
3,NONE,-1.0,-0.1,-1.0,-0.1
3,NONE,-1.0,-0.1,-1.0,-0.1
3,NONE,-1.0,-0.1,-1.0,-0.1
3,NONE,-1.0,-0.1,-1.0,-0.1
3,NONE,-1.0,-0.1,-1.0,-0.1
2,EV_B07_C021_Moto_Lineal_Electrica,-1.0,-0.1,8.0,26.127771311790127
1,EV_B07_C021_Moto_Lineal_Electrica,6.0,82.53030800182452,-1.0,26.127771311790127
1,EV_B07_C021_Moto_Lineal_Electrica,5.0,82.53030800182452,-1.0,26.127771311790127
1,EV_B07_C021_Moto_Lineal_Electrica,4.0,82.53030800182452,-1.0,26.127771311790127
1,EV_B07_C021_Moto_Lineal_Electrica,3.0,82.53030800182452,-1.0,26.127771311790127
1,EV_B07_C021_Moto_Lineal_Electrica,2.0,82.53030800182452,-1.0,26.127771311790127
1,EV_B07_C021_Moto_Lineal_Electrica,1.0,82.53030800182452,-1.0,26.127771311790127
1,EV_B07_C021_Moto_Lineal_Electrica,0.0,82.53030800182452,-1.0,26.127771311790127
3,NONE,-1.0,-0.1,-1.0,-0.1
3,NONE,-1.0,-0.1,-1.0,-0.1
3,NONE,-1.0,-0.1,-1.0,-0.1
3,NONE,-1.0,-0.1,-1.0,-0.1
3,NONE,-1.0,-0.1,-1.0,-0.1
3,NONE,-1.0,-0.1,-1.0,-0.1
3,NONE,-1.0,-0.1,-1.0,-0.1
3,NONE,-1.0,-0.1,-1.0,-0.1
3,NONE,-1.0,-0.1,-1.0,-0.1
3,NONE,-1.0,-0.1,-1.0,-0.1
3,NONE,-1.0,-0.1,-1.0,-0.1
3,NONE,-1.0,-0.1,-1.0,-0.1
3,NONE,-1.0,-0.1,-1.0,-0.1
3,NONE,-1.0,-0.1,-1.0,-0.1
3,NONE,-1.0,-0.1,-1.0,-0.1
2,EV_B07_C021_Moto_Lineal_Electrica,-1.0,-0.1,7.0,23.452877731296944
1,EV_B07_C021_Moto_Lineal_Electrica,7.0,83.32347435783478,-1.0,23.452877731296944
1,EV_B07_C021_Moto_Lineal_Electrica,6.0,83.32347435783478,-1.0,23.452877731296944
1,EV_B07_C021_Moto_Lineal_Electrica,5.0,83.32347435783478,-1.0,23.452877731296944
1,EV_B07_C021_Moto_Lineal_Electrica,4.0,83.32347435783478,-1.0,23.452877731296944
1,EV_B07_C021_Moto_Lineal_Electrica,3.0,83.32347435783478,-1.0,23.452877731296944
1,EV_B07_C021_Moto_Lineal_Electrica,2.0,83.32347435783478,-1.0,23.452877731296944
1,EV_B07_C021_Moto_Lineal_Electrica,1.0,83.32347435783478,-1.0,23.452877731296944
1,EV_B07_C021_Moto_Lineal_Electrica,0.0,83.32347435783478,-1.0,23.452877731296944
3,NONE,-1.0,-0.1,-1.0,-0.1
3,NONE,-1.0,-0.1,-1.0,-0.1
3,NONE,-1.0,-0.1,-1.0,-0.1
3,NONE,-1.0,-0.1,-1.0,-0.1
3,NONE,-1.0,-0.1,-1.0,-0.1
3,NONE,-1.0,-0.1,-1.0,-0.1
3,NONE,-1.0,-0.1,-1.0,-0.1
3,NONE,-1.0,-0.1,-1.0,-0.1
3,NONE,-1.0,-0.1,-1.0,-0.1
3,NONE,-1.0,-0.1,-1.0,-0.1
3,NONE,-1.0,-0.1,-1.0,-0.1
3,NONE,-1.0,-0.1,-1.0,-0.1
3,NONE,-1.0,-0.1,-1.0,-0.1
3,NONE,-1.0,-0.1,-1.0,-0.1
3,NONE,-1.0,-0.1,-1.0,-0.1
2,EV_B07_C021_Moto_Lineal_Electrica,-1.0,-0.1,7.0,9.100489587232623
1,EV_B07_C021_Moto_Lineal_Electrica,7.0,86.30735953180827,-1.0,9.100489587232623
1,EV_B07_C021_Moto_Lineal_Electrica,6.0,86.30735953180827,-1.0,9.100489587232623
1,EV_B07_C021_Moto_Lineal_Electrica,5.0,86.30735953180827,-1.0,9.100489587232623
1,EV_B07_C021_Moto_Lineal_Electrica,4.0,86.30735953180827,-1.0,9.100489587232623
1,EV_B07_C021_Moto_Lineal_Electrica,3.0,86.30735953180827,-1.0,9.100489587232623
1,EV_B07_C021_Moto_Lineal_Electrica,2.0,86.30735953180827,-1.0,9.100489587232623
1,EV_B07_C021_Moto_Lineal_Electrica,1.0,86.30735953180827,-1.0,9.100489587232623
1,EV_B07_C021_Moto_Lineal_Electrica,0.0,86.30735953180827,-1.0,9.100489587232623
3,NONE,-1.0,-0.1,-1.0,-0.1
3,NONE,-1.0,-0.1,-1.0,-0.1
3,NONE,-1.0,-0.1,-1.0,-0.1
3,NONE,-1.0,-0.1,-1.0,-0.1
3,NONE,-1.0,-0.1,-1.0,-0.1
3,NONE,-1.0,-0.1,-1.0,-0.1
3,NONE,-1.0,-0.1,-1.0,-0.1
3,NONE,-1.0,-0.1,-1.0,-0.1
3,NONE,-1.0,-0.1,-1.0,-0.1
3,NONE,-1.0,-0.1,-1.0,-0.1
3,NONE,-1.0,-0.1,-1.0,-0.1
3,NONE,-1.0,-0.1,-1.0,-0.1
3,NONE,-1.0,-0.1,-1.0,-0.1
3,NONE,-1.0,-0.1,-1.0,-0.1
3,NONE,-1.0,-0.1,-1.0,-0.1
3,NONE,-1.0,-0.1,-1.0,-0.1
2,EV_B07_C021_Moto_Lineal_Electrica,-1.0,-0.1,8.0,32.302831346121216
1,EV_B07_C021_Moto_Lineal_Electrica,6.0,85.31020801956608,-1.0,32.302831346121216
1,EV_B07_C021_Moto_Lineal_Electrica,5.0,85.31020801956608,-1.0,32.302831346121216
1,EV_B07_C021_Moto_Lineal_Electrica,4.0,85.31020801956608,-1.0,32.302831346121216
1,EV_B07_C021_Moto_Lineal_Electrica,3.0,85.31020801956608,-1.0,32.302831346121216
1,EV_B07_C021_Moto_Lineal_Electrica,2.0,85.31020801956608,-1.0,32.302831346121216
1,EV_B07_C021_Moto_Lineal_Electrica,1.0,85.31020801956608,-1.0,32.302831346121216
1,EV_B07_C021_Moto_Lineal_Electrica,0.0,85.31020801956608,-1.0,32.302831346121216
3,NONE,-1.0,-0.1,-1.0,-0.1
3,NONE,-1.0,-0.1,-1.0,-0.1
3,NONE,-1.0,-0.1,-1.0,-0.1
3,NONE,-1.0,-0.1,-1.0,-0.1
3,NONE,-1.0,-0.1,-1.0,-0.1
3,NONE,-1.0,-0.1,-1.0,-0.1
3,NONE,-1.0,-0.1,-1.0,-0.1
3,NONE,-1.0,-0.1,-1.0,-0.1
3,NONE,-1.0,-0.1,-1.0,-0.1
3,NONE,-1.0,-0.1,-1.0,-0.1
3,NONE,-1.0,-0.1,-1.0,-0.1
3,NONE,-1.0,-0.1,-1.0,-0.1
3,NONE,-1.0,-0.1,-1.0,-0.1
3,NONE,-1.0,-0.1,-1.0,-0.1
3,NONE,-1.0,-0.1,-1.0,-0.1
3,NONE,-1.0,-0.1,-1.0,-0.1
3,NONE,-1.0,-0.1,-1.0,-0.1
3,NONE,-1.0,-0.1,-1.0,-0.1
3,NONE,-1.0,-0.1,-1.0,-0.1
3,NONE,-1.0,-0.1,-1.0,-0.1
3,NONE,-1.0,-0.1,-1.0,-0.1
3,NONE,-1.0,-0.1,-1.0,-0.1
3,NONE,-1.0,-0.1,-1.0,-0.1
3,NONE,-1.0,-0.1,-1.0,-0.1
3,NONE,-1.0,-0.1,-1.0,-0.1
3,NONE,-1.0,-0.1,-1.0,-0.1
3,NONE,-1.0,-0.1,-1.0,-0.1
3,NONE,-1.0,-0.1,-1.0,-0.1
3,NONE,-1.0,-0.1,-1.0,-0.1
3,NONE,-1.0,-0.1,-1.0,-0.1
3,NONE,-1.0,-0.1,-1.0,-0.1
3,NONE,-1.0,-0.1,-1.0,-0.1
3,NONE,-1.0,-0.1,-1.0,-0.1
3,NONE,-1.0,-0.1,-1.0,-0.1
3,NONE,-1.0,-0.1,-1.0,-0.1
3,NONE,-1.0,-0.1,-1.0,-0.1
3,NONE,-1.0,-0.1,-1.0,-0.1
3,NONE,-1.0,-0.1,-1.0,-0.1
3,NONE,-1.0,-0.1,-1.0,-0.1
3,NONE,-1.0,-0.1,-1.0,-0.1
3,NONE,-1.0,-0.1,-1.0,-0.1
3,NONE,-1.0,-0.1,-1.0,-0.1
3,NONE,-1.0,-0.1,-1.0,-0.1
3,NONE,-1.0,-0.1,-1.0,-0.1
3,NONE,-1.0,-0.1,-1.0,-0.1
3,NONE,-1.0,-0.1,-1.0,-0.1
3,NONE,-1.0,-0.1,-1.0,-0.1
3,NONE,-1.0,-0.1,-1.0,-0.1
3,NONE,-1.0,-0.1,-1.0,-0.1
3,NONE,-1.0,-0.1,-1.0,-0.1
3,NONE,-1.0,-0.1,-1.0,-0.1
3,NONE,-1.0,-0.1,-1.0,-0.1
3,NONE,-1.0,-0.1,-1.0,-0.1
3,NONE,-1.0,-0.1,-1.0,-0.1
3,NONE,-1.0,-0.1,-1.0,-0.1
3,NONE,-1.0,-0.1,-1.0,-0.1
3,NONE,-1.0,-0.1,-1.0,-0.1
3,NONE,-1.0,-0.1,-1.0,-0.1
3,NONE,-1.0,-0.1,-1.0,-0.1
3,NONE,-1.0,-0.1,-1.0,-0.1
3,NONE,-1.0,-0.1,-1.0,-0.1
3,NONE,-1.0,-0.1,-1.0,-0.1
3,NONE,-1.0,-0.1,-1.0,-0.1
3,NONE,-1.0,-0.1,-1.0,-0.1
3,NONE,-1.0,-0.1,-1.0,-0.1
3,NONE,-1.0,-0.1,-1.0,-0.1
3,NONE,-1.0,-0.1,-1.0,-0.1
3,NONE,-1.0,-0.1,-1.0,-0.1
3,NONE,-1.0,-0.1,-1.0,-0.1
3,NONE,-1.0,-0.1,-1.0,-0.1
3,NONE,-1.0,-0.1,-1.0,-0.1
3,NONE,-1.0,-0.1,-1.0,-0.1
3,NONE,-1.0,-0.1,-1.0,-0.1
3,NONE,-1.0,-0.1,-1.0,-0.1
3,NONE,-1.0,-0.1,-1.0,-0.1
3,NONE,-1.0,-0.1,-1.0,-0.1
3,NONE,-1.0,-0.1,-1.0,-0.1
3,NONE,-1.0,-0.1,-1.0,-0.1
3,NONE,-1.0,-0.1,-1.0,-0.1
3,NONE,-1.0,-0.1,-1.0,-0.1
3,NONE,-1.0,-0.1,-1.0,-0.1
3,NONE,-1.0,-0.1,-1.0,-0.1
3,NONE,-1.0,-0.1,-1.0,-0.1
3,NONE,-1.0,-0.1,-1.0,-0.1
3,NONE,-1.0,-0.1,-1.0,-0.1
3,NONE,-1.0,-0.1,-1.0,-0.1
3,NONE,-1.0,-0.1,-1.0,-0.1
3,NONE,-1.0,-0.1,-1.0,-0.1
3,NONE,-1.0,-0.1,-1.0,-0.1
3,NONE,-1.0,-0.1,-1.0,-0.1
3,NONE,-1.0,-0.1,-1.0,-0.1
3,NONE,-1.0,-0.1,-1.0,-0.1
3,NONE,-1.0,-0.1,-1.0,-0.1
3,NONE,-1.0,-0.1,-1.0,-0.1
3,NONE,-1.0,-0.1,-1.0,-0.1
3,NONE,-1.0,-0.1,-1.0,-0.1
3,NONE,-1.0,-0.1,-1.0,-0.1
3,NONE,-1.0,-0.1,-1.0,-0.1
3,NONE,-1.0,-0.1,-1.0,-0.1
3,NONE,-1.0,-0.1,-1.0,-0.1
3,NONE,-1.0,-0.1,-1.0,-0.1
3,NONE,-1.0,-0.1,-1.0,-0.1
3,NONE,-1.0,-0.1,-1.0,-0.1
3,NONE,-1.0,-0.1,-1.0,-0.1
3,NONE,-1.0,-0.1,-1.0,-0.1
3,NONE,-1.0,-0.1,-1.0,-0.1
3,NONE,-1.0,-0.1,-1.0,-0.1
3,NONE,-1.0,-0.1,-1.0,-0.1
3,NONE,-1.0,-0.1,-1.0,-0.1
3,NONE,-1.0,-0.1,-1.0,-0.1
3,NONE,-1.0,-0.1,-1.0,-0.1
3,NONE,-1.0,-0.1,-1.0,-0.1
2,EV_B07_C021_Moto_Lineal_Electrica,-1.0,-0.1,8.0,25.189091708252885
1,EV_B07_C021_Moto_Lineal_Electrica,6.0,73.4722186538672,-1.0,25.189091708252885
1,EV_B07_C021_Moto_Lineal_Electrica,5.0,73.4722186538672,-1.0,25.189091708252885
1,EV_B07_C021_Moto_Lineal_Electrica,4.0,73.4722186538672,-1.0,25.189091708252885
1,EV_B07_C021_Moto_Lineal_Electrica,3.0,73.4722186538672,-1.0,25.189091708252885
1,EV_B07_C021_Moto_Lineal_Electrica,2.0,73.4722186538672,-1.0,25.189091708252885
1,EV_B07_C021_Moto_Lineal_Electrica,1.0,73.4722186538672,-1.0,25.189091708252885
1,EV_B07_C021_Moto_Lineal_Electrica,0.0,73.4722186538672,-1.0,25.189091708252885
3,NONE,-1.0,-0.1,-1.0,-0.1
3,NONE,-1.0,-0.1,-1.0,-0.1
3,NONE,-1.0,-0.1,-1.0,-0.1
3,NONE,-1.0,-0.1,-1.0,-0.1
3,NONE,-1.0,-0.1,-1.0,-0.1
3,NONE,-1.0,-0.1,-1.0,-0.1
3,NONE,-1.0,-0.1,-1.0,-0.1
3,NONE,-1.0,-0.1,-1.0,-0.1
3,NONE,-1.0,-0.1,-1.0,-0.1
3,NONE,-1.0,-0.1,-1.0,-0.1
3,NONE,-1.0,-0.1,-1.0,-0.1
3,NONE,-1.0,-0.1,-1.0,-0.1
3,NONE,-1.0,-0.1,-1.0,-0.1
3,NONE,-1.0,-0.1,-1.0,-0.1
3,NONE,-1.0,-0.1,-1.0,-0.1
2,EV_B07_C021_Moto_Lineal_Electrica,-1.0,-0.1,7.0,17.651895472820275
1,EV_B07_C021_Moto_Lineal_Electrica,7.0,79.30582880101483,-1.0,17.651895472820275
1,EV_B07_C021_Moto_Lineal_Electrica,6.0,79.30582880101483,-1.0,17.651895472820275
1,EV_B07_C021_Moto_Lineal_Electrica,5.0,79.30582880101483,-1.0,17.651895472820275
1,EV_B07_C021_Moto_Lineal_Electrica,4.0,79.30582880101483,-1.0,17.651895472820275
1,EV_B07_C021_Moto_Lineal_Electrica,3.0,79.30582880101483,-1.0,17.651895472820275
1,EV_B07_C021_Moto_Lineal_Electrica,2.0,79.30582880101483,-1.0,17.651895472820275
1,EV_B07_C021_Moto_Lineal_Electrica,1.0,79.30582880101483,-1.0,17.651895472820275
1,EV_B07_C021_Moto_Lineal_Electrica,0.0,79.30582880101483,-1.0,17.651895472820275
3,NONE,-1.0,-0.1,-1.0,-0.1
3,NONE,-1.0,-0.1,-1.0,-0.1
3,NONE,-1.0,-0.1,-1.0,-0.1
3,NONE,-1.0,-0.1,-1.0,-0.1
3,NONE,-1.0,-0.1,-1.0,-0.1
3,NONE,-1.0,-0.1,-1.0,-0.1
3,NONE,-1.0,-0.1,-1.0,-0.1
3,NONE,-1.0,-0.1,-1.0,-0.1
3,NONE,-1.0,-0.1,-1.0,-0.1
3,NONE,-1.0,-0.1,-1.0,-0.1
3,NONE,-1.0,-0.1,-1.0,-0.1
3,NONE,-1.0,-0.1,-1.0,-0.1
3,NONE,-1.0,-0.1,-1.0,-0.1
3,NONE,-1.0,-0.1,-1.0,-0.1
3,NONE,-1.0,-0.1,-1.0,-0.1
2,EV_B07_C021_Moto_Lineal_Electrica,-1.0,-0.1,7.0,30.23098086593799
1,EV_B07_C021_Moto_Lineal_Electrica,7.0,78.84394466801527,-1.0,30.23098086593799
1,EV_B07_C021_Moto_Lineal_Electrica,6.0,78.84394466801527,-1.0,30.23098086593799
1,EV_B07_C021_Moto_Lineal_Electrica,5.0,78.84394466801527,-1.0,30.23098086593799
1,EV_B07_C021_Moto_Lineal_Electrica,4.0,78.84394466801527,-1.0,30.23098086593799
1,EV_B07_C021_Moto_Lineal_Electrica,3.0,78.84394466801527,-1.0,30.23098086593799
1,EV_B07_C021_Moto_Lineal_Electrica,2.0,78.84394466801527,-1.0,30.23098086593799
1,EV_B07_C021_Moto_Lineal_Electrica,1.0,78.84394466801527,-1.0,30.23098086593799
1,EV_B07_C021_Moto_Lineal_Electrica,0.0,78.84394466801527,-1.0,30.23098086593799
3,NONE,-1.0,-0.1,-1.0,-0.1
3,NONE,-1.0,-0.1,-1.0,-0.1
3,NONE,-1.0,-0.1,-1.0,-0.1
3,NONE,-1.0,-0.1,-1.0,-0.1
3,NONE,-1.0,-0.1,-1.0,-0.1
3,NONE,-1.0,-0.1,-1.0,-0.1
3,NONE,-1.0,-0.1,-1.0,-0.1
3,NONE,-1.0,-0.1,-1.0,-0.1
3,NONE,-1.0,-0.1,-1.0,-0.1
3,NONE,-1.0,-0.1,-1.0,-0.1
3,NONE,-1.0,-0.1,-1.0,-0.1
3,NONE,-1.0,-0.1,-1.0,-0.1
3,NONE,-1.0,-0.1,-1.0,-0.1
3,NONE,-1.0,-0.1,-1.0,-0.1
3,NONE,-1.0,-0.1,-1.0,-0.1
3,NONE,-1.0,-0.1,-1.0,-0.1
3,NONE,-1.0,-0.1,-1.0,-0.1
3,NONE,-1.0,-0.1,-1.0,-0.1
3,NONE,-1.0,-0.1,-1.0,-0.1
3,NONE,-1.0,-0.1,-1.0,-0.1
3,NONE,-1.0,-0.1,-1.0,-0.1
3,NONE,-1.0,-0.1,-1.0,-0.1
3,NONE,-1.0,-0.1,-1.0,-0.1
3,NONE,-1.0,-0.1,-1.0,-0.1
3,NONE,-1.0,-0.1,-1.0,-0.1
3,NONE,-1.0,-0.1,-1.0,-0.1
3,NONE,-1.0,-0.1,-1.0,-0.1
3,NONE,-1.0,-0.1,-1.0,-0.1
3,NONE,-1.0,-0.1,-1.0,-0.1
3,NONE,-1.0,-0.1,-1.0,-0.1
3,NONE,-1.0,-0.1,-1.0,-0.1
3,NONE,-1.0,-0.1,-1.0,-0.1
3,NONE,-1.0,-0.1,-1.0,-0.1
3,NONE,-1.0,-0.1,-1.0,-0.1
3,NONE,-1.0,-0.1,-1.0,-0.1
3,NONE,-1.0,-0.1,-1.0,-0.1
3,NONE,-1.0,-0.1,-1.0,-0.1
3,NONE,-1.0,-0.1,-1.0,-0.1
3,NONE,-1.0,-0.1,-1.0,-0.1
3,NONE,-1.0,-0.1,-1.0,-0.1
3,NONE,-1.0,-0.1,-1.0,-0.1
3,NONE,-1.0,-0.1,-1.0,-0.1
3,NONE,-1.0,-0.1,-1.0,-0.1
3,NONE,-1.0,-0.1,-1.0,-0.1
3,NONE,-1.0,-0.1,-1.0,-0.1
3,NONE,-1.0,-0.1,-1.0,-0.1
3,NONE,-1.0,-0.1,-1.0,-0.1
3,NONE,-1.0,-0.1,-1.0,-0.1
3,NONE,-1.0,-0.1,-1.0,-0.1
3,NONE,-1.0,-0.1,-1.0,-0.1
3,NONE,-1.0,-0.1,-1.0,-0.1
3,NONE,-1.0,-0.1,-1.0,-0.1
3,NONE,-1.0,-0.1,-1.0,-0.1
3,NONE,-1.0,-0.1,-1.0,-0.1
3,NONE,-1.0,-0.1,-1.0,-0.1
3,NONE,-1.0,-0.1,-1.0,-0.1
3,NONE,-1.0,-0.1,-1.0,-0.1
3,NONE,-1.0,-0.1,-1.0,-0.1
3,NONE,-1.0,-0.1,-1.0,-0.1
3,NONE,-1.0,-0.1,-1.0,-0.1
3,NONE,-1.0,-0.1,-1.0,-0.1
3,NONE,-1.0,-0.1,-1.0,-0.1
3,NONE,-1.0,-0.1,-1.0,-0.1
3,NONE,-1.0,-0.1,-1.0,-0.1
3,NONE,-1.0,-0.1,-1.0,-0.1
3,NONE,-1.0,-0.1,-1.0,-0.1
3,NONE,-1.0,-0.1,-1.0,-0.1
3,NONE,-1.0,-0.1,-1.0,-0.1
3,NONE,-1.0,-0.1,-1.0,-0.1
3,NONE,-1.0,-0.1,-1.0,-0.1
3,NONE,-1.0,-0.1,-1.0,-0.1
3,NONE,-1.0,-0.1,-1.0,-0.1
3,NONE,-1.0,-0.1,-1.0,-0.1
3,NONE,-1.0,-0.1,-1.0,-0.1
3,NONE,-1.0,-0.1,-1.0,-0.1
3,NONE,-1.0,-0.1,-1.0,-0.1
3,NONE,-1.0,-0.1,-1.0,-0.1
3,NONE,-1.0,-0.1,-1.0,-0.1
3,NONE,-1.0,-0.1,-1.0,-0.1
3,NONE,-1.0,-0.1,-1.0,-0.1
3,NONE,-1.0,-0.1,-1.0,-0.1
3,NONE,-1.0,-0.1,-1.0,-0.1
3,NONE,-1.0,-0.1,-1.0,-0.1
3,NONE,-1.0,-0.1,-1.0,-0.1
3,NONE,-1.0,-0.1,-1.0,-0.1
3,NONE,-1.0,-0.1,-1.0,-0.1
3,NONE,-1.0,-0.1,-1.0,-0.1
2,EV_B07_C021_Moto_Lineal_Electrica,-1.0,-0.1,7.0,24.285288142036812
1,EV_B07_C021_Moto_Lineal_Electrica,7.0,95.67731898190257,-1.0,24.285288142036812
1,EV_B07_C021_Moto_Lineal_Electrica,6.0,95.67731898190257,-1.0,24.285288142036812
1,EV_B07_C021_Moto_Lineal_Electrica,5.0,95.67731898190257,-1.0,24.285288142036812
1,EV_B07_C021_Moto_Lineal_Electrica,4.0,95.67731898190257,-1.0,24.285288142036812
1,EV_B07_C021_Moto_Lineal_Electrica,3.0,95.67731898190257,-1.0,24.285288142036812
1,EV_B07_C021_Moto_Lineal_Electrica,2.0,95.67731898190257,-1.0,24.285288142036812
1,EV_B07_C021_Moto_Lineal_Electrica,1.0,95.67731898190257,-1.0,24.285288142036812
1,EV_B07_C021_Moto_Lineal_Electrica,0.0,95.67731898190257,-1.0,24.285288142036812
3,NONE,-1.0,-0.1,-1.0,-0.1
3,NONE,-1.0,-0.1,-1.0,-0.1
3,NONE,-1.0,-0.1,-1.0,-0.1
3,NONE,-1.0,-0.1,-1.0,-0.1
3,NONE,-1.0,-0.1,-1.0,-0.1
3,NONE,-1.0,-0.1,-1.0,-0.1
3,NONE,-1.0,-0.1,-1.0,-0.1
3,NONE,-1.0,-0.1,-1.0,-0.1
3,NONE,-1.0,-0.1,-1.0,-0.1
3,NONE,-1.0,-0.1,-1.0,-0.1
3,NONE,-1.0,-0.1,-1.0,-0.1
3,NONE,-1.0,-0.1,-1.0,-0.1
3,NONE,-1.0,-0.1,-1.0,-0.1
3,NONE,-1.0,-0.1,-1.0,-0.1
3,NONE,-1.0,-0.1,-1.0,-0.1
2,EV_B07_C021_Moto_Lineal_Electrica,-1.0,-0.1,7.0,29.418053156672514
1,EV_B07_C021_Moto_Lineal_Electrica,7.0,79.35893123745751,-1.0,29.418053156672514
1,EV_B07_C021_Moto_Lineal_Electrica,6.0,79.35893123745751,-1.0,29.418053156672514
1,EV_B07_C021_Moto_Lineal_Electrica,5.0,79.35893123745751,-1.0,29.418053156672514
1,EV_B07_C021_Moto_Lineal_Electrica,4.0,79.35893123745751,-1.0,29.418053156672514
1,EV_B07_C021_Moto_Lineal_Electrica,3.0,79.35893123745751,-1.0,29.418053156672514
1,EV_B07_C021_Moto_Lineal_Electrica,2.0,79.35893123745751,-1.0,29.418053156672514
1,EV_B07_C021_Moto_Lineal_Electrica,1.0,79.35893123745751,-1.0,29.418053156672514
1,EV_B07_C021_Moto_Lineal_Electrica,0.0,79.35893123745751,-1.0,29.418053156672514
3,NONE,-1.0,-0.1,-1.0,-0.1
3,NONE,-1.0,-0.1,-1.0,-0.1
3,NONE,-1.0,-0.1,-1.0,-0.1
3,NONE,-1.0,-0.1,-1.0,-0.1
3,NONE,-1.0,-0.1,-1.0,-0.1
3,NONE,-1.0,-0.1,-1.0,-0.1
3,NONE,-1.0,-0.1,-1.0,-0.1
3,NONE,-1.0,-0.1,-1.0,-0.1
3,NONE,-1.0,-0.1,-1.0,-0.1
3,NONE,-1.0,-0.1,-1.0,-0.1
3,NONE,-1.0,-0.1,-1.0,-0.1
3,NONE,-1.0,-0.1,-1.0,-0.1
3,NONE,-1.0,-0.1,-1.0,-0.1
3,NONE,-1.0,-0.1,-1.0,-0.1
3,NONE,-1.0,-0.1,-1.0,-0.1
3,NONE,-1.0,-0.1,-1.0,-0.1
3,NONE,-1.0,-0.1,-1.0,-0.1
3,NONE,-1.0,-0.1,-1.0,-0.1
2,EV_B07_C021_Moto_Lineal_Electrica,-1.0,-0.1,10.0,34.655879201893164
1,EV_B07_C021_Moto_Lineal_Electrica,4.0,96.4704446034114,-1.0,34.655879201893164
1,EV_B07_C021_Moto_Lineal_Electrica,3.0,96.4704446034114,-1.0,34.655879201893164
1,EV_B07_C021_Moto_Lineal_Electrica,2.0,96.4704446034114,-1.0,34.655879201893164
1,EV_B07_C021_Moto_Lineal_Electrica,1.0,96.4704446034114,-1.0,34.655879201893164
1,EV_B07_C021_Moto_Lineal_Electrica,0.0,96.4704446034114,-1.0,34.655879201893164
3,NONE,-1.0,-0.1,-1.0,-0.1
3,NONE,-1.0,-0.1,-1.0,-0.1
3,NONE,-1.0,-0.1,-1.0,-0.1
3,NONE,-1.0,-0.1,-1.0,-0.1
3,NONE,-1.0,-0.1,-1.0,-0.1
3,NONE,-1.0,-0.1,-1.0,-0.1
3,NONE,-1.0,-0.1,-1.0,-0.1
3,NONE,-1.0,-0.1,-1.0,-0.1
3,NONE,-1.0,-0.1,-1.0,-0.1
3,NONE,-1.0,-0.1,-1.0,-0.1
3,NONE,-1.0,-0.1,-1.0,-0.1
3,NONE,-1.0,-0.1,-1.0,-0.1
3,NONE,-1.0,-0.1,-1.0,-0.1
3,NONE,-1.0,-0.1,-1.0,-0.1
3,NONE,-1.0,-0.1,-1.0,-0.1
3,NONE,-1.0,-0.1,-1.0,-0.1
2,EV_B07_C021_Moto_Lineal_Electrica,-1.0,-0.1,8.0,29.75375839814747
1,EV_B07_C021_Moto_Lineal_Electrica,6.0,77.48935009405541,-1.0,29.75375839814747
1,EV_B07_C021_Moto_Lineal_Electrica,5.0,77.48935009405541,-1.0,29.75375839814747
1,EV_B07_C021_Moto_Lineal_Electrica,4.0,77.48935009405541,-1.0,29.75375839814747
1,EV_B07_C021_Moto_Lineal_Electrica,3.0,77.48935009405541,-1.0,29.75375839814747
1,EV_B07_C021_Moto_Lineal_Electrica,2.0,77.48935009405541,-1.0,29.75375839814747
1,EV_B07_C021_Moto_Lineal_Electrica,1.0,77.48935009405541,-1.0,29.75375839814747
1,EV_B07_C021_Moto_Lineal_Electrica,0.0,77.48935009405541,-1.0,29.75375839814747
3,NONE,-1.0,-0.1,-1.0,-0.1
3,NONE,-1.0,-0.1,-1.0,-0.1
3,NONE,-1.0,-0.1,-1.0,-0.1
3,NONE,-1.0,-0.1,-1.0,-0.1
3,NONE,-1.0,-0.1,-1.0,-0.1
3,NONE,-1.0,-0.1,-1.0,-0.1
3,NONE,-1.0,-0.1,-1.0,-0.1
3,NONE,-1.0,-0.1,-1.0,-0.1
3,NONE,-1.0,-0.1,-1.0,-0.1
3,NONE,-1.0,-0.1,-1.0,-0.1
3,NONE,-1.0,-0.1,-1.0,-0.1
3,NONE,-1.0,-0.1,-1.0,-0.1
3,NONE,-1.0,-0.1,-1.0,-0.1
3,NONE,-1.0,-0.1,-1.0,-0.1
3,NONE,-1.0,-0.1,-1.0,-0.1
3,NONE,-1.0,-0.1,-1.0,-0.1
2,EV_B07_C021_Moto_Lineal_Electrica,-1.0,-0.1,8.0,17.468728684388246
1,EV_B07_C021_Moto_Lineal_Electrica,6.0,88.23982099220342,-1.0,17.468728684388246
1,EV_B07_C021_Moto_Lineal_Electrica,5.0,88.23982099220342,-1.0,17.468728684388246
1,EV_B07_C021_Moto_Lineal_Electrica,4.0,88.23982099220342,-1.0,17.468728684388246
1,EV_B07_C021_Moto_Lineal_Electrica,3.0,88.23982099220342,-1.0,17.468728684388246
1,EV_B07_C021_Moto_Lineal_Electrica,2.0,88.23982099220342,-1.0,17.468728684388246
1,EV_B07_C021_Moto_Lineal_Electrica,1.0,88.23982099220342,-1.0,17.468728684388246
1,EV_B07_C021_Moto_Lineal_Electrica,0.0,88.23982099220342,-1.0,17.468728684388246
3,NONE,-1.0,-0.1,-1.0,-0.1
3,NONE,-1.0,-0.1,-1.0,-0.1
3,NONE,-1.0,-0.1,-1.0,-0.1
3,NONE,-1.0,-0.1,-1.0,-0.1
3,NONE,-1.0,-0.1,-1.0,-0.1
3,NONE,-1.0,-0.1,-1.0,-0.1
3,NONE,-1.0,-0.1,-1.0,-0.1
3,NONE,-1.0,-0.1,-1.0,-0.1
3,NONE,-1.0,-0.1,-1.0,-0.1
3,NONE,-1.0,-0.1,-1.0,-0.1
3,NONE,-1.0,-0.1,-1.0,-0.1
3,NONE,-1.0,-0.1,-1.0,-0.1
3,NONE,-1.0,-0.1,-1.0,-0.1
3,NONE,-1.0,-0.1,-1.0,-0.1
3,NONE,-1.0,-0.1,-1.0,-0.1
3,NONE,-1.0,-0.1,-1.0,-0.1
3,NONE,-1.0,-0.1,-1.0,-0.1
3,NONE,-1.0,-0.1,-1.0,-0.1
3,NONE,-1.0,-0.1,-1.0,-0.1
3,NONE,-1.0,-0.1,-1.0,-0.1
3,NONE,-1.0,-0.1,-1.0,-0.1
3,NONE,-1.0,-0.1,-1.0,-0.1
3,NONE,-1.0,-0.1,-1.0,-0.1
3,NONE,-1.0,-0.1,-1.0,-0.1
3,NONE,-1.0,-0.1,-1.0,-0.1
3,NONE,-1.0,-0.1,-1.0,-0.1
3,NONE,-1.0,-0.1,-1.0,-0.1
3,NONE,-1.0,-0.1,-1.0,-0.1
3,NONE,-1.0,-0.1,-1.0,-0.1
3,NONE,-1.0,-0.1,-1.0,-0.1
3,NONE,-1.0,-0.1,-1.0,-0.1
3,NONE,-1.0,-0.1,-1.0,-0.1
3,NONE,-1.0,-0.1,-1.0,-0.1
3,NONE,-1.0,-0.1,-1.0,-0.1
3,NONE,-1.0,-0.1,-1.0,-0.1
3,NONE,-1.0,-0.1,-1.0,-0.1
3,NONE,-1.0,-0.1,-1.0,-0.1
3,NONE,-1.0,-0.1,-1.0,-0.1
3,NONE,-1.0,-0.1,-1.0,-0.1
3,NONE,-1.0,-0.1,-1.0,-0.1
3,NONE,-1.0,-0.1,-1.0,-0.1
3,NONE,-1.0,-0.1,-1.0,-0.1
3,NONE,-1.0,-0.1,-1.0,-0.1
3,NONE,-1.0,-0.1,-1.0,-0.1
3,NONE,-1.0,-0.1,-1.0,-0.1
3,NONE,-1.0,-0.1,-1.0,-0.1
3,NONE,-1.0,-0.1,-1.0,-0.1
3,NONE,-1.0,-0.1,-1.0,-0.1
3,NONE,-1.0,-0.1,-1.0,-0.1
3,NONE,-1.0,-0.1,-1.0,-0.1
3,NONE,-1.0,-0.1,-1.0,-0.1
3,NONE,-1.0,-0.1,-1.0,-0.1
3,NONE,-1.0,-0.1,-1.0,-0.1
3,NONE,-1.0,-0.1,-1.0,-0.1
3,NONE,-1.0,-0.1,-1.0,-0.1
3,NONE,-1.0,-0.1,-1.0,-0.1
3,NONE,-1.0,-0.1,-1.0,-0.1
3,NONE,-1.0,-0.1,-1.0,-0.1
3,NONE,-1.0,-0.1,-1.0,-0.1
3,NONE,-1.0,-0.1,-1.0,-0.1
3,NONE,-1.0,-0.1,-1.0,-0.1
3,NONE,-1.0,-0.1,-1.0,-0.1
3,NONE,-1.0,-0.1,-1.0,-0.1
2,EV_B07_C021_Moto_Lineal_Electrica,-1.0,-0.1,7.0,25.783737871702602
1,EV_B07_C021_Moto_Lineal_Electrica,7.0,88.53813712944219,-1.0,25.783737871702602
1,EV_B07_C021_Moto_Lineal_Electrica,6.0,88.53813712944219,-1.0,25.783737871702602
1,EV_B07_C021_Moto_Lineal_Electrica,5.0,88.53813712944219,-1.0,25.783737871702602
1,EV_B07_C021_Moto_Lineal_Electrica,4.0,88.53813712944219,-1.0,25.783737871702602
1,EV_B07_C021_Moto_Lineal_Electrica,3.0,88.53813712944219,-1.0,25.783737871702602
1,EV_B07_C021_Moto_Lineal_Electrica,2.0,88.53813712944219,-1.0,25.783737871702602
1,EV_B07_C021_Moto_Lineal_Electrica,1.0,88.53813712944219,-1.0,25.783737871702602
1,EV_B07_C021_Moto_Lineal_Electrica,0.0,88.53813712944219,-1.0,25.783737871702602
3,NONE,-1.0,-0.1,-1.0,-0.1
3,NONE,-1.0,-0.1,-1.0,-0.1
3,NONE,-1.0,-0.1,-1.0,-0.1
3,NONE,-1.0,-0.1,-1.0,-0.1
3,NONE,-1.0,-0.1,-1.0,-0.1
3,NONE,-1.0,-0.1,-1.0,-0.1
3,NONE,-1.0,-0.1,-1.0,-0.1
3,NONE,-1.0,-0.1,-1.0,-0.1
3,NONE,-1.0,-0.1,-1.0,-0.1
3,NONE,-1.0,-0.1,-1.0,-0.1
3,NONE,-1.0,-0.1,-1.0,-0.1
3,NONE,-1.0,-0.1,-1.0,-0.1
3,NONE,-1.0,-0.1,-1.0,-0.1
3,NONE,-1.0,-0.1,-1.0,-0.1
3,NONE,-1.0,-0.1,-1.0,-0.1
3,NONE,-1.0,-0.1,-1.0,-0.1
2,EV_B07_C021_Moto_Lineal_Electrica,-1.0,-0.1,8.0,28.114945382290845
1,EV_B07_C021_Moto_Lineal_Electrica,6.0,78.1488759851679,-1.0,28.114945382290845
1,EV_B07_C021_Moto_Lineal_Electrica,5.0,78.1488759851679,-1.0,28.114945382290845
1,EV_B07_C021_Moto_Lineal_Electrica,4.0,78.1488759851679,-1.0,28.114945382290845
1,EV_B07_C021_Moto_Lineal_Electrica,3.0,78.1488759851679,-1.0,28.114945382290845
1,EV_B07_C021_Moto_Lineal_Electrica,2.0,78.1488759851679,-1.0,28.114945382290845
1,EV_B07_C021_Moto_Lineal_Electrica,1.0,78.1488759851679,-1.0,28.114945382290845
1,EV_B07_C021_Moto_Lineal_Electrica,0.0,78.1488759851679,-1.0,28.114945382290845
3,NONE,-1.0,-0.1,-1.0,-0.1
3,NONE,-1.0,-0.1,-1.0,-0.1
3,NONE,-1.0,-0.1,-1.0,-0.1
3,NONE,-1.0,-0.1,-1.0,-0.1
3,NONE,-1.0,-0.1,-1.0,-0.1
3,NONE,-1.0,-0.1,-1.0,-0.1
3,NONE,-1.0,-0.1,-1.0,-0.1
3,NONE,-1.0,-0.1,-1.0,-0.1
3,NONE,-1.0,-0.1,-1.0,-0.1
3,NONE,-1.0,-0.1,-1.0,-0.1
3,NONE,-1.0,-0.1,-1.0,-0.1
3,NONE,-1.0,-0.1,-1.0,-0.1
3,NONE,-1.0,-0.1,-1.0,-0.1
3,NONE,-1.0,-0.1,-1.0,-0.1
3,NONE,-1.0,-0.1,-1.0,-0.1
3,NONE,-1.0,-0.1,-1.0,-0.1
2,EV_B07_C021_Moto_Lineal_Electrica,-1.0,-0.1,8.0,47.63195379888
1,EV_B07_C021_Moto_Lineal_Electrica,6.0,78.63600394744311,-1.0,47.63195379888
1,EV_B07_C021_Moto_Lineal_Electrica,5.0,78.63600394744311,-1.0,47.63195379888
1,EV_B07_C021_Moto_Lineal_Electrica,4.0,78.63600394744311,-1.0,47.63195379888
1,EV_B07_C021_Moto_Lineal_Electrica,3.0,78.63600394744311,-1.0,47.63195379888
1,EV_B07_C021_Moto_Lineal_Electrica,2.0,78.63600394744311,-1.0,47.63195379888
1,EV_B07_C021_Moto_Lineal_Electrica,1.0,78.63600394744311,-1.0,47.63195379888
1,EV_B07_C021_Moto_Lineal_Electrica,0.0,78.63600394744311,-1.0,47.63195379888
3,NONE,-1.0,-0.1,-1.0,-0.1
3,NONE,-1.0,-0.1,-1.0,-0.1
3,NONE,-1.0,-0.1,-1.0,-0.1
3,NONE,-1.0,-0.1,-1.0,-0.1
3,NONE,-1.0,-0.1,-1.0,-0.1
3,NONE,-1.0,-0.1,-1.0,-0.1
3,NONE,-1.0,-0.1,-1.0,-0.1
3,NONE,-1.0,-0.1,-1.0,-0.1
3,NONE,-1.0,-0.1,-1.0,-0.1
3,NONE,-1.0,-0.1,-1.0,-0.1
3,NONE,-1.0,-0.1,-1.0,-0.1
3,NONE,-1.0,-0.1,-1.0,-0.1
3,NONE,-1.0,-0.1,-1.0,-0.1
3,NONE,-1.0,-0.1,-1.0,-0.1
3,NONE,-1.0,-0.1,-1.0,-0.1
3,NONE,-1.0,-0.1,-1.0,-0.1
3,NONE,-1.0,-0.1,-1.0,-0.1
3,NONE,-1.0,-0.1,-1.0,-0.1
3,NONE,-1.0,-0.1,-1.0,-0.1
3,NONE,-1.0,-0.1,-1.0,-0.1
3,NONE,-1.0,-0.1,-1.0,-0.1
3,NONE,-1.0,-0.1,-1.0,-0.1
3,NONE,-1.0,-0.1,-1.0,-0.1
3,NONE,-1.0,-0.1,-1.0,-0.1
3,NONE,-1.0,-0.1,-1.0,-0.1
3,NONE,-1.0,-0.1,-1.0,-0.1
3,NONE,-1.0,-0.1,-1.0,-0.1
3,NONE,-1.0,-0.1,-1.0,-0.1
3,NONE,-1.0,-0.1,-1.0,-0.1
3,NONE,-1.0,-0.1,-1.0,-0.1
3,NONE,-1.0,-0.1,-1.0,-0.1
3,NONE,-1.0,-0.1,-1.0,-0.1
3,NONE,-1.0,-0.1,-1.0,-0.1
3,NONE,-1.0,-0.1,-1.0,-0.1
3,NONE,-1.0,-0.1,-1.0,-0.1
3,NONE,-1.0,-0.1,-1.0,-0.1
3,NONE,-1.0,-0.1,-1.0,-0.1
3,NONE,-1.0,-0.1,-1.0,-0.1
3,NONE,-1.0,-0.1,-1.0,-0.1
2,EV_B07_C021_Moto_Lineal_Electrica,-1.0,-0.1,7.0,33.13835504245432
1,EV_B07_C021_Moto_Lineal_Electrica,7.0,75.13778164628337,-1.0,33.13835504245432
1,EV_B07_C021_Moto_Lineal_Electrica,6.0,75.13778164628337,-1.0,33.13835504245432
1,EV_B07_C021_Moto_Lineal_Electrica,5.0,75.13778164628337,-1.0,33.13835504245432
1,EV_B07_C021_Moto_Lineal_Electrica,4.0,75.13778164628337,-1.0,33.13835504245432
1,EV_B07_C021_Moto_Lineal_Electrica,3.0,75.13778164628337,-1.0,33.13835504245432
1,EV_B07_C021_Moto_Lineal_Electrica,2.0,75.13778164628337,-1.0,33.13835504245432
1,EV_B07_C021_Moto_Lineal_Electrica,1.0,75.13778164628337,-1.0,33.13835504245432
1,EV_B07_C021_Moto_Lineal_Electrica,0.0,75.13778164628337,-1.0,33.13835504245432
3,NONE,-1.0,-0.1,-1.0,-0.1
3,NONE,-1.0,-0.1,-1.0,-0.1
3,NONE,-1.0,-0.1,-1.0,-0.1
3,NONE,-1.0,-0.1,-1.0,-0.1
3,NONE,-1.0,-0.1,-1.0,-0.1
3,NONE,-1.0,-0.1,-1.0,-0.1
3,NONE,-1.0,-0.1,-1.0,-0.1
3,NONE,-1.0,-0.1,-1.0,-0.1
3,NONE,-1.0,-0.1,-1.0,-0.1
3,NONE,-1.0,-0.1,-1.0,-0.1
3,NONE,-1.0,-0.1,-1.0,-0.1
3,NONE,-1.0,-0.1,-1.0,-0.1
3,NONE,-1.0,-0.1,-1.0,-0.1
3,NONE,-1.0,-0.1,-1.0,-0.1
3,NONE,-1.0,-0.1,-1.0,-0.1
3,NONE,-1.0,-0.1,-1.0,-0.1
3,NONE,-1.0,-0.1,-1.0,-0.1
3,NONE,-1.0,-0.1,-1.0,-0.1
3,NONE,-1.0,-0.1,-1.0,-0.1
3,NONE,-1.0,-0.1,-1.0,-0.1
3,NONE,-1.0,-0.1,-1.0,-0.1
3,NONE,-1.0,-0.1,-1.0,-0.1
3,NONE,-1.0,-0.1,-1.0,-0.1
3,NONE,-1.0,-0.1,-1.0,-0.1
3,NONE,-1.0,-0.1,-1.0,-0.1
3,NONE,-1.0,-0.1,-1.0,-0.1
3,NONE,-1.0,-0.1,-1.0,-0.1
3,NONE,-1.0,-0.1,-1.0,-0.1
3,NONE,-1.0,-0.1,-1.0,-0.1
3,NONE,-1.0,-0.1,-1.0,-0.1
3,NONE,-1.0,-0.1,-1.0,-0.1
3,NONE,-1.0,-0.1,-1.0,-0.1
3,NONE,-1.0,-0.1,-1.0,-0.1
3,NONE,-1.0,-0.1,-1.0,-0.1
3,NONE,-1.0,-0.1,-1.0,-0.1
3,NONE,-1.0,-0.1,-1.0,-0.1
3,NONE,-1.0,-0.1,-1.0,-0.1
3,NONE,-1.0,-0.1,-1.0,-0.1
3,NONE,-1.0,-0.1,-1.0,-0.1
3,NONE,-1.0,-0.1,-1.0,-0.1
3,NONE,-1.0,-0.1,-1.0,-0.1
3,NONE,-1.0,-0.1,-1.0,-0.1
3,NONE,-1.0,-0.1,-1.0,-0.1
3,NONE,-1.0,-0.1,-1.0,-0.1
3,NONE,-1.0,-0.1,-1.0,-0.1
3,NONE,-1.0,-0.1,-1.0,-0.1
3,NONE,-1.0,-0.1,-1.0,-0.1
3,NONE,-1.0,-0.1,-1.0,-0.1
3,NONE,-1.0,-0.1,-1.0,-0.1
3,NONE,-1.0,-0.1,-1.0,-0.1
3,NONE,-1.0,-0.1,-1.0,-0.1
3,NONE,-1.0,-0.1,-1.0,-0.1
3,NONE,-1.0,-0.1,-1.0,-0.1
3,NONE,-1.0,-0.1,-1.0,-0.1
3,NONE,-1.0,-0.1,-1.0,-0.1
3,NONE,-1.0,-0.1,-1.0,-0.1
3,NONE,-1.0,-0.1,-1.0,-0.1
3,NONE,-1.0,-0.1,-1.0,-0.1
3,NONE,-1.0,-0.1,-1.0,-0.1
3,NONE,-1.0,-0.1,-1.0,-0.1
3,NONE,-1.0,-0.1,-1.0,-0.1
3,NONE,-1.0,-0.1,-1.0,-0.1
3,NONE,-1.0,-0.1,-1.0,-0.1
2,EV_B07_C021_Moto_Lineal_Electrica,-1.0,-0.1,7.0,22.60432135393559
1,EV_B07_C021_Moto_Lineal_Electrica,7.0,79.93512462593364,-1.0,22.60432135393559
1,EV_B07_C021_Moto_Lineal_Electrica,6.0,79.93512462593364,-1.0,22.60432135393559
1,EV_B07_C021_Moto_Lineal_Electrica,5.0,79.93512462593364,-1.0,22.60432135393559
1,EV_B07_C021_Moto_Lineal_Electrica,4.0,79.93512462593364,-1.0,22.60432135393559
1,EV_B07_C021_Moto_Lineal_Electrica,3.0,79.93512462593364,-1.0,22.60432135393559
1,EV_B07_C021_Moto_Lineal_Electrica,2.0,79.93512462593364,-1.0,22.60432135393559
1,EV_B07_C021_Moto_Lineal_Electrica,1.0,79.93512462593364,-1.0,22.60432135393559
1,EV_B07_C021_Moto_Lineal_Electrica,0.0,79.93512462593364,-1.0,22.60432135393559
3,NONE,-1.0,-0.1,-1.0,-0.1
3,NONE,-1.0,-0.1,-1.0,-0.1
3,NONE,-1.0,-0.1,-1.0,-0.1
3,NONE,-1.0,-0.1,-1.0,-0.1
3,NONE,-1.0,-0.1,-1.0,-0.1
3,NONE,-1.0,-0.1,-1.0,-0.1
3,NONE,-1.0,-0.1,-1.0,-0.1
3,NONE,-1.0,-0.1,-1.0,-0.1
3,NONE,-1.0,-0.1,-1.0,-0.1
3,NONE,-1.0,-0.1,-1.0,-0.1
3,NONE,-1.0,-0.1,-1.0,-0.1
3,NONE,-1.0,-0.1,-1.0,-0.1
3,NONE,-1.0,-0.1,-1.0,-0.1
3,NONE,-1.0,-0.1,-1.0,-0.1
3,NONE,-1.0,-0.1,-1.0,-0.1
3,NONE,-1.0,-0.1,-1.0,-0.1
2,EV_B07_C021_Moto_Lineal_Electrica,-1.0,-0.1,8.0,12.599535924904487
1,EV_B07_C021_Moto_Lineal_Electrica,6.0,85.11758123594039,-1.0,12.599535924904487
1,EV_B07_C021_Moto_Lineal_Electrica,5.0,85.11758123594039,-1.0,12.599535924904487
1,EV_B07_C021_Moto_Lineal_Electrica,4.0,85.11758123594039,-1.0,12.599535924904487
1,EV_B07_C021_Moto_Lineal_Electrica,3.0,85.11758123594039,-1.0,12.599535924904487
1,EV_B07_C021_Moto_Lineal_Electrica,2.0,85.11758123594039,-1.0,12.599535924904487
1,EV_B07_C021_Moto_Lineal_Electrica,1.0,85.11758123594039,-1.0,12.599535924904487
1,EV_B07_C021_Moto_Lineal_Electrica,0.0,85.11758123594039,-1.0,12.599535924904487
3,NONE,-1.0,-0.1,-1.0,-0.1
3,NONE,-1.0,-0.1,-1.0,-0.1
3,NONE,-1.0,-0.1,-1.0,-0.1
3,NONE,-1.0,-0.1,-1.0,-0.1
3,NONE,-1.0,-0.1,-1.0,-0.1
3,NONE,-1.0,-0.1,-1.0,-0.1
3,NONE,-1.0,-0.1,-1.0,-0.1
3,NONE,-1.0,-0.1,-1.0,-0.1
3,NONE,-1.0,-0.1,-1.0,-0.1
3,NONE,-1.0,-0.1,-1.0,-0.1
3,NONE,-1.0,-0.1,-1.0,-0.1
3,NONE,-1.0,-0.1,-1.0,-0.1
3,NONE,-1.0,-0.1,-1.0,-0.1
3,NONE,-1.0,-0.1,-1.0,-0.1
3,NONE,-1.0,-0.1,-1.0,-0.1
3,NONE,-1.0,-0.1,-1.0,-0.1
2,EV_B07_C021_Moto_Lineal_Electrica,-1.0,-0.1,8.0,48.107512679626026
1,EV_B07_C021_Moto_Lineal_Electrica,6.0,81.04898917192145,-1.0,48.107512679626026
1,EV_B07_C021_Moto_Lineal_Electrica,5.0,81.04898917192145,-1.0,48.107512679626026
1,EV_B07_C021_Moto_Lineal_Electrica,4.0,81.04898917192145,-1.0,48.107512679626026
1,EV_B07_C021_Moto_Lineal_Electrica,3.0,81.04898917192145,-1.0,48.107512679626026
1,EV_B07_C021_Moto_Lineal_Electrica,2.0,81.04898917192145,-1.0,48.107512679626026
1,EV_B07_C021_Moto_Lineal_Electrica,1.0,81.04898917192145,-1.0,48.107512679626026
1,EV_B07_C021_Moto_Lineal_Electrica,0.0,81.04898917192145,-1.0,48.107512679626026
3,NONE,-1.0,-0.1,-1.0,-0.1
3,NONE,-1.0,-0.1,-1.0,-0.1
3,NONE,-1.0,-0.1,-1.0,-0.1
3,NONE,-1.0,-0.1,-1.0,-0.1
3,NONE,-1.0,-0.1,-1.0,-0.1
3,NONE,-1.0,-0.1,-1.0,-0.1
3,NONE,-1.0,-0.1,-1.0,-0.1
3,NONE,-1.0,-0.1,-1.0,-0.1
3,NONE,-1.0,-0.1,-1.0,-0.1
3,NONE,-1.0,-0.1,-1.0,-0.1
3,NONE,-1.0,-0.1,-1.0,-0.1
3,NONE,-1.0,-0.1,-1.0,-0.1
3,NONE,-1.0,-0.1,-1.0,-0.1
3,NONE,-1.0,-0.1,-1.0,-0.1
3,NONE,-1.0,-0.1,-1.0,-0.1
3,NONE,-1.0,-0.1,-1.0,-0.1
3,NONE,-1.0,-0.1,-1.0,-0.1
3,NONE,-1.0,-0.1,-1.0,-0.1
3,NONE,-1.0,-0.1,-1.0,-0.1
3,NONE,-1.0,-0.1,-1.0,-0.1
3,NONE,-1.0,-0.1,-1.0,-0.1
3,NONE,-1.0,-0.1,-1.0,-0.1
3,NONE,-1.0,-0.1,-1.0,-0.1
3,NONE,-1.0,-0.1,-1.0,-0.1
3,NONE,-1.0,-0.1,-1.0,-0.1
3,NONE,-1.0,-0.1,-1.0,-0.1
3,NONE,-1.0,-0.1,-1.0,-0.1
3,NONE,-1.0,-0.1,-1.0,-0.1
3,NONE,-1.0,-0.1,-1.0,-0.1
3,NONE,-1.0,-0.1,-1.0,-0.1
3,NONE,-1.0,-0.1,-1.0,-0.1
3,NONE,-1.0,-0.1,-1.0,-0.1
3,NONE,-1.0,-0.1,-1.0,-0.1
3,NONE,-1.0,-0.1,-1.0,-0.1
3,NONE,-1.0,-0.1,-1.0,-0.1
3,NONE,-1.0,-0.1,-1.0,-0.1
3,NONE,-1.0,-0.1,-1.0,-0.1
3,NONE,-1.0,-0.1,-1.0,-0.1
3,NONE,-1.0,-0.1,-1.0,-0.1
3,NONE,-1.0,-0.1,-1.0,-0.1
3,NONE,-1.0,-0.1,-1.0,-0.1
3,NONE,-1.0,-0.1,-1.0,-0.1
3,NONE,-1.0,-0.1,-1.0,-0.1
3,NONE,-1.0,-0.1,-1.0,-0.1
3,NONE,-1.0,-0.1,-1.0,-0.1
3,NONE,-1.0,-0.1,-1.0,-0.1
3,NONE,-1.0,-0.1,-1.0,-0.1
3,NONE,-1.0,-0.1,-1.0,-0.1
3,NONE,-1.0,-0.1,-1.0,-0.1
3,NONE,-1.0,-0.1,-1.0,-0.1
3,NONE,-1.0,-0.1,-1.0,-0.1
3,NONE,-1.0,-0.1,-1.0,-0.1
3,NONE,-1.0,-0.1,-1.0,-0.1
3,NONE,-1.0,-0.1,-1.0,-0.1
3,NONE,-1.0,-0.1,-1.0,-0.1
3,NONE,-1.0,-0.1,-1.0,-0.1
3,NONE,-1.0,-0.1,-1.0,-0.1
3,NONE,-1.0,-0.1,-1.0,-0.1
3,NONE,-1.0,-0.1,-1.0,-0.1
3,NONE,-1.0,-0.1,-1.0,-0.1
3,NONE,-1.0,-0.1,-1.0,-0.1
3,NONE,-1.0,-0.1,-1.0,-0.1
3,NONE,-1.0,-0.1,-1.0,-0.1
3,NONE,-1.0,-0.1,-1.0,-0.1
3,NONE,-1.0,-0.1,-1.0,-0.1
3,NONE,-1.0,-0.1,-1.0,-0.1
3,NONE,-1.0,-0.1,-1.0,-0.1
3,NONE,-1.0,-0.1,-1.0,-0.1
3,NONE,-1.0,-0.1,-1.0,-0.1
3,NONE,-1.0,-0.1,-1.0,-0.1
3,NONE,-1.0,-0.1,-1.0,-0.1
3,NONE,-1.0,-0.1,-1.0,-0.1
3,NONE,-1.0,-0.1,-1.0,-0.1
3,NONE,-1.0,-0.1,-1.0,-0.1
3,NONE,-1.0,-0.1,-1.0,-0.1
3,NONE,-1.0,-0.1,-1.0,-0.1
3,NONE,-1.0,-0.1,-1.0,-0.1
3,NONE,-1.0,-0.1,-1.0,-0.1
3,NONE,-1.0,-0.1,-1.0,-0.1
3,NONE,-1.0,-0.1,-1.0,-0.1
3,NONE,-1.0,-0.1,-1.0,-0.1
3,NONE,-1.0,-0.1,-1.0,-0.1
3,NONE,-1.0,-0.1,-1.0,-0.1
3,NONE,-1.0,-0.1,-1.0,-0.1
3,NONE,-1.0,-0.1,-1.0,-0.1
3,NONE,-1.0,-0.1,-1.0,-0.1
3,NONE,-1.0,-0.1,-1.0,-0.1
3,NONE,-1.0,-0.1,-1.0,-0.1
3,NONE,-1.0,-0.1,-1.0,-0.1
3,NONE,-1.0,-0.1,-1.0,-0.1
3,NONE,-1.0,-0.1,-1.0,-0.1
3,NONE,-1.0,-0.1,-1.0,-0.1
3,NONE,-1.0,-0.1,-1.0,-0.1
3,NONE,-1.0,-0.1,-1.0,-0.1
3,NONE,-1.0,-0.1,-1.0,-0.1
3,NONE,-1.0,-0.1,-1.0,-0.1
3,NONE,-1.0,-0.1,-1.0,-0.1
3,NONE,-1.0,-0.1,-1.0,-0.1
3,NONE,-1.0,-0.1,-1.0,-0.1
3,NONE,-1.0,-0.1,-1.0,-0.1
3,NONE,-1.0,-0.1,-1.0,-0.1
3,NONE,-1.0,-0.1,-1.0,-0.1
3,NONE,-1.0,-0.1,-1.0,-0.1
3,NONE,-1.0,-0.1,-1.0,-0.1
3,NONE,-1.0,-0.1,-1.0,-0.1
3,NONE,-1.0,-0.1,-1.0,-0.1
3,NONE,-1.0,-0.1,-1.0,-0.1
3,NONE,-1.0,-0.1,-1.0,-0.1
3,NONE,-1.0,-0.1,-1.0,-0.1
3,NONE,-1.0,-0.1,-1.0,-0.1
3,NONE,-1.0,-0.1,-1.0,-0.1
2,EV_B07_C021_Moto_Lineal_Electrica,-1.0,-0.1,7.0,46.07881461985819
1,EV_B07_C021_Moto_Lineal_Electrica,7.0,78.22096405685838,-1.0,46.07881461985819
1,EV_B07_C021_Moto_Lineal_Electrica,6.0,78.22096405685838,-1.0,46.07881461985819
1,EV_B07_C021_Moto_Lineal_Electrica,5.0,78.22096405685838,-1.0,46.07881461985819
1,EV_B07_C021_Moto_Lineal_Electrica,4.0,78.22096405685838,-1.0,46.07881461985819
1,EV_B07_C021_Moto_Lineal_Electrica,3.0,78.22096405685838,-1.0,46.07881461985819
1,EV_B07_C021_Moto_Lineal_Electrica,2.0,78.22096405685838,-1.0,46.07881461985819
1,EV_B07_C021_Moto_Lineal_Electrica,1.0,78.22096405685838,-1.0,46.07881461985819
1,EV_B07_C021_Moto_Lineal_Electrica,0.0,78.22096405685838,-1.0,46.07881461985819
3,NONE,-1.0,-0.1,-1.0,-0.1
3,NONE,-1.0,-0.1,-1.0,-0.1
3,NONE,-1.0,-0.1,-1.0,-0.1
3,NONE,-1.0,-0.1,-1.0,-0.1
3,NONE,-1.0,-0.1,-1.0,-0.1
3,NONE,-1.0,-0.1,-1.0,-0.1
3,NONE,-1.0,-0.1,-1.0,-0.1
3,NONE,-1.0,-0.1,-1.0,-0.1
3,NONE,-1.0,-0.1,-1.0,-0.1
3,NONE,-1.0,-0.1,-1.0,-0.1
3,NONE,-1.0,-0.1,-1.0,-0.1
3,NONE,-1.0,-0.1,-1.0,-0.1
3,NONE,-1.0,-0.1,-1.0,-0.1
3,NONE,-1.0,-0.1,-1.0,-0.1
3,NONE,-1.0,-0.1,-1.0,-0.1
3,NONE,-1.0,-0.1,-1.0,-0.1
2,EV_B07_C021_Moto_Lineal_Electrica,-1.0,-0.1,8.0,14.348191571524156
1,EV_B07_C021_Moto_Lineal_Electrica,6.0,86.5736408706773,-1.0,14.348191571524156
1,EV_B07_C021_Moto_Lineal_Electrica,5.0,86.5736408706773,-1.0,14.348191571524156
1,EV_B07_C021_Moto_Lineal_Electrica,4.0,86.5736408706773,-1.0,14.348191571524156
1,EV_B07_C021_Moto_Lineal_Electrica,3.0,86.5736408706773,-1.0,14.348191571524156
1,EV_B07_C021_Moto_Lineal_Electrica,2.0,86.5736408706773,-1.0,14.348191571524156
1,EV_B07_C021_Moto_Lineal_Electrica,1.0,86.5736408706773,-1.0,14.348191571524156
1,EV_B07_C021_Moto_Lineal_Electrica,0.0,86.5736408706773,-1.0,14.348191571524156
3,NONE,-1.0,-0.1,-1.0,-0.1
3,NONE,-1.0,-0.1,-1.0,-0.1
3,NONE,-1.0,-0.1,-1.0,-0.1
3,NONE,-1.0,-0.1,-1.0,-0.1
3,NONE,-1.0,-0.1,-1.0,-0.1
3,NONE,-1.0,-0.1,-1.0,-0.1
3,NONE,-1.0,-0.1,-1.0,-0.1
3,NONE,-1.0,-0.1,-1.0,-0.1
3,NONE,-1.0,-0.1,-1.0,-0.1
3,NONE,-1.0,-0.1,-1.0,-0.1
3,NONE,-1.0,-0.1,-1.0,-0.1
3,NONE,-1.0,-0.1,-1.0,-0.1
3,NONE,-1.0,-0.1,-1.0,-0.1
3,NONE,-1.0,-0.1,-1.0,-0.1
3,NONE,-1.0,-0.1,-1.0,-0.1
3,NONE,-1.0,-0.1,-1.0,-0.1
3,NONE,-1.0,-0.1,-1.0,-0.1
3,NONE,-1.0,-0.1,-1.0,-0.1
3,NONE,-1.0,-0.1,-1.0,-0.1
3,NONE,-1.0,-0.1,-1.0,-0.1
3,NONE,-1.0,-0.1,-1.0,-0.1
3,NONE,-1.0,-0.1,-1.0,-0.1
3,NONE,-1.0,-0.1,-1.0,-0.1
3,NONE,-1.0,-0.1,-1.0,-0.1
3,NONE,-1.0,-0.1,-1.0,-0.1
3,NONE,-1.0,-0.1,-1.0,-0.1
3,NONE,-1.0,-0.1,-1.0,-0.1
3,NONE,-1.0,-0.1,-1.0,-0.1
3,NONE,-1.0,-0.1,-1.0,-0.1
3,NONE,-1.0,-0.1,-1.0,-0.1
3,NONE,-1.0,-0.1,-1.0,-0.1
3,NONE,-1.0,-0.1,-1.0,-0.1
3,NONE,-1.0,-0.1,-1.0,-0.1
3,NONE,-1.0,-0.1,-1.0,-0.1
3,NONE,-1.0,-0.1,-1.0,-0.1
3,NONE,-1.0,-0.1,-1.0,-0.1
3,NONE,-1.0,-0.1,-1.0,-0.1
3,NONE,-1.0,-0.1,-1.0,-0.1
3,NONE,-1.0,-0.1,-1.0,-0.1
2,EV_B07_C021_Moto_Lineal_Electrica,-1.0,-0.1,7.0,46.93635215036652
1,EV_B07_C021_Moto_Lineal_Electrica,7.0,79.96177428195506,-1.0,46.93635215036652
1,EV_B07_C021_Moto_Lineal_Electrica,6.0,79.96177428195506,-1.0,46.93635215036652
1,EV_B07_C021_Moto_Lineal_Electrica,5.0,79.96177428195506,-1.0,46.93635215036652
1,EV_B07_C021_Moto_Lineal_Electrica,4.0,79.96177428195506,-1.0,46.93635215036652
1,EV_B07_C021_Moto_Lineal_Electrica,3.0,79.96177428195506,-1.0,46.93635215036652
1,EV_B07_C021_Moto_Lineal_Electrica,2.0,79.96177428195506,-1.0,46.93635215036652
1,EV_B07_C021_Moto_Lineal_Electrica,1.0,79.96177428195506,-1.0,46.93635215036652
1,EV_B07_C021_Moto_Lineal_Electrica,0.0,79.96177428195506,-1.0,46.93635215036652
3,NONE,-1.0,-0.1,-1.0,-0.1
3,NONE,-1.0,-0.1,-1.0,-0.1
3,NONE,-1.0,-0.1,-1.0,-0.1
3,NONE,-1.0,-0.1,-1.0,-0.1
3,NONE,-1.0,-0.1,-1.0,-0.1
3,NONE,-1.0,-0.1,-1.0,-0.1
3,NONE,-1.0,-0.1,-1.0,-0.1
3,NONE,-1.0,-0.1,-1.0,-0.1
3,NONE,-1.0,-0.1,-1.0,-0.1
3,NONE,-1.0,-0.1,-1.0,-0.1
3,NONE,-1.0,-0.1,-1.0,-0.1
3,NONE,-1.0,-0.1,-1.0,-0.1
3,NONE,-1.0,-0.1,-1.0,-0.1
3,NONE,-1.0,-0.1,-1.0,-0.1
3,NONE,-1.0,-0.1,-1.0,-0.1
3,NONE,-1.0,-0.1,-1.0,-0.1
3,NONE,-1.0,-0.1,-1.0,-0.1
3,NONE,-1.0,-0.1,-1.0,-0.1
3,NONE,-1.0,-0.1,-1.0,-0.1
3,NONE,-1.0,-0.1,-1.0,-0.1
3,NONE,-1.0,-0.1,-1.0,-0.1
3,NONE,-1.0,-0.1,-1.0,-0.1
3,NONE,-1.0,-0.1,-1.0,-0.1
3,NONE,-1.0,-0.1,-1.0,-0.1
3,NONE,-1.0,-0.1,-1.0,-0.1
3,NONE,-1.0,-0.1,-1.0,-0.1
3,NONE,-1.0,-0.1,-1.0,-0.1
3,NONE,-1.0,-0.1,-1.0,-0.1
3,NONE,-1.0,-0.1,-1.0,-0.1
3,NONE,-1.0,-0.1,-1.0,-0.1
3,NONE,-1.0,-0.1,-1.0,-0.1
3,NONE,-1.0,-0.1,-1.0,-0.1
3,NONE,-1.0,-0.1,-1.0,-0.1
3,NONE,-1.0,-0.1,-1.0,-0.1
3,NONE,-1.0,-0.1,-1.0,-0.1
3,NONE,-1.0,-0.1,-1.0,-0.1
3,NONE,-1.0,-0.1,-1.0,-0.1
3,NONE,-1.0,-0.1,-1.0,-0.1
3,NONE,-1.0,-0.1,-1.0,-0.1
3,NONE,-1.0,-0.1,-1.0,-0.1
3,NONE,-1.0,-0.1,-1.0,-0.1
3,NONE,-1.0,-0.1,-1.0,-0.1
3,NONE,-1.0,-0.1,-1.0,-0.1
3,NONE,-1.0,-0.1,-1.0,-0.1
3,NONE,-1.0,-0.1,-1.0,-0.1
3,NONE,-1.0,-0.1,-1.0,-0.1
3,NONE,-1.0,-0.1,-1.0,-0.1
3,NONE,-1.0,-0.1,-1.0,-0.1
3,NONE,-1.0,-0.1,-1.0,-0.1
3,NONE,-1.0,-0.1,-1.0,-0.1
3,NONE,-1.0,-0.1,-1.0,-0.1
3,NONE,-1.0,-0.1,-1.0,-0.1
3,NONE,-1.0,-0.1,-1.0,-0.1
3,NONE,-1.0,-0.1,-1.0,-0.1
3,NONE,-1.0,-0.1,-1.0,-0.1
3,NONE,-1.0,-0.1,-1.0,-0.1
3,NONE,-1.0,-0.1,-1.0,-0.1
3,NONE,-1.0,-0.1,-1.0,-0.1
3,NONE,-1.0,-0.1,-1.0,-0.1
3,NONE,-1.0,-0.1,-1.0,-0.1
3,NONE,-1.0,-0.1,-1.0,-0.1
3,NONE,-1.0,-0.1,-1.0,-0.1
3,NONE,-1.0,-0.1,-1.0,-0.1
3,NONE,-1.0,-0.1,-1.0,-0.1
3,NONE,-1.0,-0.1,-1.0,-0.1
3,NONE,-1.0,-0.1,-1.0,-0.1
3,NONE,-1.0,-0.1,-1.0,-0.1
3,NONE,-1.0,-0.1,-1.0,-0.1
3,NONE,-1.0,-0.1,-1.0,-0.1
3,NONE,-1.0,-0.1,-1.0,-0.1
3,NONE,-1.0,-0.1,-1.0,-0.1
3,NONE,-1.0,-0.1,-1.0,-0.1
3,NONE,-1.0,-0.1,-1.0,-0.1
3,NONE,-1.0,-0.1,-1.0,-0.1
3,NONE,-1.0,-0.1,-1.0,-0.1
3,NONE,-1.0,-0.1,-1.0,-0.1
3,NONE,-1.0,-0.1,-1.0,-0.1
3,NONE,-1.0,-0.1,-1.0,-0.1
3,NONE,-1.0,-0.1,-1.0,-0.1
3,NONE,-1.0,-0.1,-1.0,-0.1
3,NONE,-1.0,-0.1,-1.0,-0.1
3,NONE,-1.0,-0.1,-1.0,-0.1
3,NONE,-1.0,-0.1,-1.0,-0.1
3,NONE,-1.0,-0.1,-1.0,-0.1
3,NONE,-1.0,-0.1,-1.0,-0.1
3,NONE,-1.0,-0.1,-1.0,-0.1
3,NONE,-1.0,-0.1,-1.0,-0.1
3,NONE,-1.0,-0.1,-1.0,-0.1
2,EV_B07_C021_Moto_Lineal_Electrica,-1.0,-0.1,8.0,29.942499247432746
1,EV_B07_C021_Moto_Lineal_Electrica,6.0,95.10526375944855,-1.0,29.942499247432746
1,EV_B07_C021_Moto_Lineal_Electrica,5.0,95.10526375944855,-1.0,29.942499247432746
1,EV_B07_C021_Moto_Lineal_Electrica,4.0,95.10526375944855,-1.0,29.942499247432746
1,EV_B07_C021_Moto_Lineal_Electrica,3.0,95.10526375944855,-1.0,29.942499247432746
1,EV_B07_C021_Moto_Lineal_Electrica,2.0,95.10526375944855,-1.0,29.942499247432746
1,EV_B07_C021_Moto_Lineal_Electrica,1.0,95.10526375944855,-1.0,29.942499247432746
1,EV_B07_C021_Moto_Lineal_Electrica,0.0,95.10526375944855,-1.0,29.942499247432746
3,NONE,-1.0,-0.1,-1.0,-0.1
3,NONE,-1.0,-0.1,-1.0,-0.1
3,NONE,-1.0,-0.1,-1.0,-0.1
3,NONE,-1.0,-0.1,-1.0,-0.1
3,NONE,-1.0,-0.1,-1.0,-0.1
3,NONE,-1.0,-0.1,-1.0,-0.1
3,NONE,-1.0,-0.1,-1.0,-0.1
3,NONE,-1.0,-0.1,-1.0,-0.1
3,NONE,-1.0,-0.1,-1.0,-0.1
3,NONE,-1.0,-0.1,-1.0,-0.1
3,NONE,-1.0,-0.1,-1.0,-0.1
3,NONE,-1.0,-0.1,-1.0,-0.1
3,NONE,-1.0,-0.1,-1.0,-0.1
3,NONE,-1.0,-0.1,-1.0,-0.1
3,NONE,-1.0,-0.1,-1.0,-0.1
2,EV_B07_C021_Moto_Lineal_Electrica,-1.0,-0.1,7.0,26.316635348509838
1,EV_B07_C021_Moto_Lineal_Electrica,7.0,76.51614193833797,-1.0,26.316635348509838
1,EV_B07_C021_Moto_Lineal_Electrica,6.0,76.51614193833797,-1.0,26.316635348509838
1,EV_B07_C021_Moto_Lineal_Electrica,5.0,76.51614193833797,-1.0,26.316635348509838
1,EV_B07_C021_Moto_Lineal_Electrica,4.0,76.51614193833797,-1.0,26.316635348509838
1,EV_B07_C021_Moto_Lineal_Electrica,3.0,76.51614193833797,-1.0,26.316635348509838
1,EV_B07_C021_Moto_Lineal_Electrica,2.0,76.51614193833797,-1.0,26.316635348509838
1,EV_B07_C021_Moto_Lineal_Electrica,1.0,76.51614193833797,-1.0,26.316635348509838
1,EV_B07_C021_Moto_Lineal_Electrica,0.0,76.51614193833797,-1.0,26.316635348509838
3,NONE,-1.0,-0.1,-1.0,-0.1
3,NONE,-1.0,-0.1,-1.0,-0.1
3,NONE,-1.0,-0.1,-1.0,-0.1
3,NONE,-1.0,-0.1,-1.0,-0.1
3,NONE,-1.0,-0.1,-1.0,-0.1
3,NONE,-1.0,-0.1,-1.0,-0.1
3,NONE,-1.0,-0.1,-1.0,-0.1
3,NONE,-1.0,-0.1,-1.0,-0.1
3,NONE,-1.0,-0.1,-1.0,-0.1
3,NONE,-1.0,-0.1,-1.0,-0.1
3,NONE,-1.0,-0.1,-1.0,-0.1
3,NONE,-1.0,-0.1,-1.0,-0.1
3,NONE,-1.0,-0.1,-1.0,-0.1
3,NONE,-1.0,-0.1,-1.0,-0.1
3,NONE,-1.0,-0.1,-1.0,-0.1
3,NONE,-1.0,-0.1,-1.0,-0.1
3,NONE,-1.0,-0.1,-1.0,-0.1
2,EV_B07_C021_Moto_Lineal_Electrica,-1.0,-0.1,9.0,21.359383326213493
1,EV_B07_C021_Moto_Lineal_Electrica,5.0,87.29334973857922,-1.0,21.359383326213493
1,EV_B07_C021_Moto_Lineal_Electrica,4.0,87.29334973857922,-1.0,21.359383326213493
1,EV_B07_C021_Moto_Lineal_Electrica,3.0,87.29334973857922,-1.0,21.359383326213493
1,EV_B07_C021_Moto_Lineal_Electrica,2.0,87.29334973857922,-1.0,21.359383326213493
1,EV_B07_C021_Moto_Lineal_Electrica,1.0,87.29334973857922,-1.0,21.359383326213493
1,EV_B07_C021_Moto_Lineal_Electrica,0.0,87.29334973857922,-1.0,21.359383326213493
3,NONE,-1.0,-0.1,-1.0,-0.1
3,NONE,-1.0,-0.1,-1.0,-0.1
3,NONE,-1.0,-0.1,-1.0,-0.1
3,NONE,-1.0,-0.1,-1.0,-0.1
3,NONE,-1.0,-0.1,-1.0,-0.1
3,NONE,-1.0,-0.1,-1.0,-0.1
3,NONE,-1.0,-0.1,-1.0,-0.1
3,NONE,-1.0,-0.1,-1.0,-0.1
3,NONE,-1.0,-0.1,-1.0,-0.1
3,NONE,-1.0,-0.1,-1.0,-0.1
3,NONE,-1.0,-0.1,-1.0,-0.1
3,NONE,-1.0,-0.1,-1.0,-0.1
3,NONE,-1.0,-0.1,-1.0,-0.1
3,NONE,-1.0,-0.1,-1.0,-0.1
3,NONE,-1.0,-0.1,-1.0,-0.1
3,NONE,-1.0,-0.1,-1.0,-0.1
3,NONE,-1.0,-0.1,-1.0,-0.1
2,EV_B07_C021_Moto_Lineal_Electrica,-1.0,-0.1,9.0,27.56279843288779
1,EV_B07_C021_Moto_Lineal_Electrica,5.0,82.52336778548757,-1.0,27.56279843288779
1,EV_B07_C021_Moto_Lineal_Electrica,4.0,82.52336778548757,-1.0,27.56279843288779
1,EV_B07_C021_Moto_Lineal_Electrica,3.0,82.52336778548757,-1.0,27.56279843288779
1,EV_B07_C021_Moto_Lineal_Electrica,2.0,82.52336778548757,-1.0,27.56279843288779
1,EV_B07_C021_Moto_Lineal_Electrica,1.0,82.52336778548757,-1.0,27.56279843288779
1,EV_B07_C021_Moto_Lineal_Electrica,0.0,82.52336778548757,-1.0,27.56279843288779
3,NONE,-1.0,-0.1,-1.0,-0.1
3,NONE,-1.0,-0.1,-1.0,-0.1
3,NONE,-1.0,-0.1,-1.0,-0.1
3,NONE,-1.0,-0.1,-1.0,-0.1
3,NONE,-1.0,-0.1,-1.0,-0.1
3,NONE,-1.0,-0.1,-1.0,-0.1
3,NONE,-1.0,-0.1,-1.0,-0.1
3,NONE,-1.0,-0.1,-1.0,-0.1
3,NONE,-1.0,-0.1,-1.0,-0.1
3,NONE,-1.0,-0.1,-1.0,-0.1
3,NONE,-1.0,-0.1,-1.0,-0.1
3,NONE,-1.0,-0.1,-1.0,-0.1
3,NONE,-1.0,-0.1,-1.0,-0.1
3,NONE,-1.0,-0.1,-1.0,-0.1
3,NONE,-1.0,-0.1,-1.0,-0.1
3,NONE,-1.0,-0.1,-1.0,-0.1
3,NONE,-1.0,-0.1,-1.0,-0.1
3,NONE,-1.0,-0.1,-1.0,-0.1
3,NONE,-1.0,-0.1,-1.0,-0.1
3,NONE,-1.0,-0.1,-1.0,-0.1
3,NONE,-1.0,-0.1,-1.0,-0.1
3,NONE,-1.0,-0.1,-1.0,-0.1
3,NONE,-1.0,-0.1,-1.0,-0.1
3,NONE,-1.0,-0.1,-1.0,-0.1
3,NONE,-1.0,-0.1,-1.0,-0.1
3,NONE,-1.0,-0.1,-1.0,-0.1
3,NONE,-1.0,-0.1,-1.0,-0.1
3,NONE,-1.0,-0.1,-1.0,-0.1
3,NONE,-1.0,-0.1,-1.0,-0.1
3,NONE,-1.0,-0.1,-1.0,-0.1
3,NONE,-1.0,-0.1,-1.0,-0.1
3,NONE,-1.0,-0.1,-1.0,-0.1
3,NONE,-1.0,-0.1,-1.0,-0.1
3,NONE,-1.0,-0.1,-1.0,-0.1
3,NONE,-1.0,-0.1,-1.0,-0.1
3,NONE,-1.0,-0.1,-1.0,-0.1
3,NONE,-1.0,-0.1,-1.0,-0.1
3,NONE,-1.0,-0.1,-1.0,-0.1
3,NONE,-1.0,-0.1,-1.0,-0.1
3,NONE,-1.0,-0.1,-1.0,-0.1
3,NONE,-1.0,-0.1,-1.0,-0.1
3,NONE,-1.0,-0.1,-1.0,-0.1
3,NONE,-1.0,-0.1,-1.0,-0.1
3,NONE,-1.0,-0.1,-1.0,-0.1
3,NONE,-1.0,-0.1,-1.0,-0.1
3,NONE,-1.0,-0.1,-1.0,-0.1
3,NONE,-1.0,-0.1,-1.0,-0.1
3,NONE,-1.0,-0.1,-1.0,-0.1
3,NONE,-1.0,-0.1,-1.0,-0.1
3,NONE,-1.0,-0.1,-1.0,-0.1
3,NONE,-1.0,-0.1,-1.0,-0.1
3,NONE,-1.0,-0.1,-1.0,-0.1
3,NONE,-1.0,-0.1,-1.0,-0.1
3,NONE,-1.0,-0.1,-1.0,-0.1
3,NONE,-1.0,-0.1,-1.0,-0.1
3,NONE,-1.0,-0.1,-1.0,-0.1
3,NONE,-1.0,-0.1,-1.0,-0.1
3,NONE,-1.0,-0.1,-1.0,-0.1
3,NONE,-1.0,-0.1,-1.0,-0.1
3,NONE,-1.0,-0.1,-1.0,-0.1
3,NONE,-1.0,-0.1,-1.0,-0.1
3,NONE,-1.0,-0.1,-1.0,-0.1
3,NONE,-1.0,-0.1,-1.0,-0.1
3,NONE,-1.0,-0.1,-1.0,-0.1
3,NONE,-1.0,-0.1,-1.0,-0.1
3,NONE,-1.0,-0.1,-1.0,-0.1
3,NONE,-1.0,-0.1,-1.0,-0.1
3,NONE,-1.0,-0.1,-1.0,-0.1
3,NONE,-1.0,-0.1,-1.0,-0.1
3,NONE,-1.0,-0.1,-1.0,-0.1
3,NONE,-1.0,-0.1,-1.0,-0.1
3,NONE,-1.0,-0.1,-1.0,-0.1
3,NONE,-1.0,-0.1,-1.0,-0.1
3,NONE,-1.0,-0.1,-1.0,-0.1
3,NONE,-1.0,-0.1,-1.0,-0.1
3,NONE,-1.0,-0.1,-1.0,-0.1
3,NONE,-1.0,-0.1,-1.0,-0.1
3,NONE,-1.0,-0.1,-1.0,-0.1
3,NONE,-1.0,-0.1,-1.0,-0.1
3,NONE,-1.0,-0.1,-1.0,-0.1
3,NONE,-1.0,-0.1,-1.0,-0.1
3,NONE,-1.0,-0.1,-1.0,-0.1
3,NONE,-1.0,-0.1,-1.0,-0.1
3,NONE,-1.0,-0.1,-1.0,-0.1
3,NONE,-1.0,-0.1,-1.0,-0.1
3,NONE,-1.0,-0.1,-1.0,-0.1
3,NONE,-1.0,-0.1,-1.0,-0.1
3,NONE,-1.0,-0.1,-1.0,-0.1
2,EV_B07_C021_Moto_Lineal_Electrica,-1.0,-0.1,8.0,46.19524139233665
1,EV_B07_C021_Moto_Lineal_Electrica,6.0,93.22911100266153,-1.0,46.19524139233665
1,EV_B07_C021_Moto_Lineal_Electrica,5.0,93.22911100266153,-1.0,46.19524139233665
1,EV_B07_C021_Moto_Lineal_Electrica,4.0,93.22911100266153,-1.0,46.19524139233665
1,EV_B07_C021_Moto_Lineal_Electrica,3.0,93.22911100266153,-1.0,46.19524139233665
1,EV_B07_C021_Moto_Lineal_Electrica,2.0,93.22911100266153,-1.0,46.19524139233665
1,EV_B07_C021_Moto_Lineal_Electrica,1.0,93.22911100266153,-1.0,46.19524139233665
1,EV_B07_C021_Moto_Lineal_Electrica,0.0,93.22911100266153,-1.0,46.19524139233665
3,NONE,-1.0,-0.1,-1.0,-0.1
3,NONE,-1.0,-0.1,-1.0,-0.1
3,NONE,-1.0,-0.1,-1.0,-0.1
3,NONE,-1.0,-0.1,-1.0,-0.1
3,NONE,-1.0,-0.1,-1.0,-0.1
3,NONE,-1.0,-0.1,-1.0,-0.1
3,NONE,-1.0,-0.1,-1.0,-0.1
3,NONE,-1.0,-0.1,-1.0,-0.1
3,NONE,-1.0,-0.1,-1.0,-0.1
3,NONE,-1.0,-0.1,-1.0,-0.1
3,NONE,-1.0,-0.1,-1.0,-0.1
3,NONE,-1.0,-0.1,-1.0,-0.1
3,NONE,-1.0,-0.1,-1.0,-0.1
3,NONE,-1.0,-0.1,-1.0,-0.1
3,NONE,-1.0,-0.1,-1.0,-0.1
3,NONE,-1.0,-0.1,-1.0,-0.1
2,EV_B07_C021_Moto_Lineal_Electrica,-1.0,-0.1,8.0,29.867760770291284
1,EV_B07_C021_Moto_Lineal_Electrica,6.0,85.87078945932434,-1.0,29.867760770291284
1,EV_B07_C021_Moto_Lineal_Electrica,5.0,85.87078945932434,-1.0,29.867760770291284
1,EV_B07_C021_Moto_Lineal_Electrica,4.0,85.87078945932434,-1.0,29.867760770291284
1,EV_B07_C021_Moto_Lineal_Electrica,3.0,85.87078945932434,-1.0,29.867760770291284
1,EV_B07_C021_Moto_Lineal_Electrica,2.0,85.87078945932434,-1.0,29.867760770291284
1,EV_B07_C021_Moto_Lineal_Electrica,1.0,85.87078945932434,-1.0,29.867760770291284
1,EV_B07_C021_Moto_Lineal_Electrica,0.0,85.87078945932434,-1.0,29.867760770291284
3,NONE,-1.0,-0.1,-1.0,-0.1
3,NONE,-1.0,-0.1,-1.0,-0.1
3,NONE,-1.0,-0.1,-1.0,-0.1
3,NONE,-1.0,-0.1,-1.0,-0.1
3,NONE,-1.0,-0.1,-1.0,-0.1
3,NONE,-1.0,-0.1,-1.0,-0.1
3,NONE,-1.0,-0.1,-1.0,-0.1
3,NONE,-1.0,-0.1,-1.0,-0.1
3,NONE,-1.0,-0.1,-1.0,-0.1
3,NONE,-1.0,-0.1,-1.0,-0.1
3,NONE,-1.0,-0.1,-1.0,-0.1
3,NONE,-1.0,-0.1,-1.0,-0.1
3,NONE,-1.0,-0.1,-1.0,-0.1
3,NONE,-1.0,-0.1,-1.0,-0.1
3,NONE,-1.0,-0.1,-1.0,-0.1
2,EV_B07_C021_Moto_Lineal_Electrica,-1.0,-0.1,7.0,27.246763420793453
1,EV_B07_C021_Moto_Lineal_Electrica,7.0,87.86318163850844,-1.0,27.246763420793453
1,EV_B07_C021_Moto_Lineal_Electrica,6.0,87.86318163850844,-1.0,27.246763420793453
1,EV_B07_C021_Moto_Lineal_Electrica,5.0,87.86318163850844,-1.0,27.246763420793453
1,EV_B07_C021_Moto_Lineal_Electrica,4.0,87.86318163850844,-1.0,27.246763420793453
1,EV_B07_C021_Moto_Lineal_Electrica,3.0,87.86318163850844,-1.0,27.246763420793453
1,EV_B07_C021_Moto_Lineal_Electrica,2.0,87.86318163850844,-1.0,27.246763420793453
1,EV_B07_C021_Moto_Lineal_Electrica,1.0,87.86318163850844,-1.0,27.246763420793453
1,EV_B07_C021_Moto_Lineal_Electrica,0.0,87.86318163850844,-1.0,27.246763420793453
3,NONE,-1.0,-0.1,-1.0,-0.1
3,NONE,-1.0,-0.1,-1.0,-0.1
3,NONE,-1.0,-0.1,-1.0,-0.1
3,NONE,-1.0,-0.1,-1.0,-0.1
3,NONE,-1.0,-0.1,-1.0,-0.1
3,NONE,-1.0,-0.1,-1.0,-0.1
3,NONE,-1.0,-0.1,-1.0,-0.1
3,NONE,-1.0,-0.1,-1.0,-0.1
3,NONE,-1.0,-0.1,-1.0,-0.1
3,NONE,-1.0,-0.1,-1.0,-0.1
3,NONE,-1.0,-0.1,-1.0,-0.1
3,NONE,-1.0,-0.1,-1.0,-0.1
3,NONE,-1.0,-0.1,-1.0,-0.1
3,NONE,-1.0,-0.1,-1.0,-0.1
3,NONE,-1.0,-0.1,-1.0,-0.1
2,EV_B07_C021_Moto_Lineal_Electrica,-1.0,-0.1,7.0,14.251938790700898
1,EV_B07_C021_Moto_Lineal_Electrica,7.0,90.18965225511474,-1.0,14.251938790700898
1,EV_B07_C021_Moto_Lineal_Electrica,6.0,90.18965225511474,-1.0,14.251938790700898
1,EV_B07_C021_Moto_Lineal_Electrica,5.0,90.18965225511474,-1.0,14.251938790700898
1,EV_B07_C021_Moto_Lineal_Electrica,4.0,90.18965225511474,-1.0,14.251938790700898
1,EV_B07_C021_Moto_Lineal_Electrica,3.0,90.18965225511474,-1.0,14.251938790700898
1,EV_B07_C021_Moto_Lineal_Electrica,2.0,90.18965225511474,-1.0,14.251938790700898
1,EV_B07_C021_Moto_Lineal_Electrica,1.0,90.18965225511474,-1.0,14.251938790700898
1,EV_B07_C021_Moto_Lineal_Electrica,0.0,90.18965225511474,-1.0,14.251938790700898
3,NONE,-1.0,-0.1,-1.0,-0.1
3,NONE,-1.0,-0.1,-1.0,-0.1
3,NONE,-1.0,-0.1,-1.0,-0.1
3,NONE,-1.0,-0.1,-1.0,-0.1
3,NONE,-1.0,-0.1,-1.0,-0.1
3,NONE,-1.0,-0.1,-1.0,-0.1
3,NONE,-1.0,-0.1,-1.0,-0.1
3,NONE,-1.0,-0.1,-1.0,-0.1
3,NONE,-1.0,-0.1,-1.0,-0.1
3,NONE,-1.0,-0.1,-1.0,-0.1
3,NONE,-1.0,-0.1,-1.0,-0.1
3,NONE,-1.0,-0.1,-1.0,-0.1
3,NONE,-1.0,-0.1,-1.0,-0.1
3,NONE,-1.0,-0.1,-1.0,-0.1
3,NONE,-1.0,-0.1,-1.0,-0.1
3,NONE,-1.0,-0.1,-1.0,-0.1
2,EV_B07_C021_Moto_Lineal_Electrica,-1.0,-0.1,8.0,19.682667040040243
1,EV_B07_C021_Moto_Lineal_Electrica,6.0,93.63181351194726,-1.0,19.682667040040243
1,EV_B07_C021_Moto_Lineal_Electrica,5.0,93.63181351194726,-1.0,19.682667040040243
1,EV_B07_C021_Moto_Lineal_Electrica,4.0,93.63181351194726,-1.0,19.682667040040243
1,EV_B07_C021_Moto_Lineal_Electrica,3.0,93.63181351194726,-1.0,19.682667040040243
1,EV_B07_C021_Moto_Lineal_Electrica,2.0,93.63181351194726,-1.0,19.682667040040243
1,EV_B07_C021_Moto_Lineal_Electrica,1.0,93.63181351194726,-1.0,19.682667040040243
1,EV_B07_C021_Moto_Lineal_Electrica,0.0,93.63181351194726,-1.0,19.682667040040243
3,NONE,-1.0,-0.1,-1.0,-0.1
3,NONE,-1.0,-0.1,-1.0,-0.1
3,NONE,-1.0,-0.1,-1.0,-0.1
3,NONE,-1.0,-0.1,-1.0,-0.1
3,NONE,-1.0,-0.1,-1.0,-0.1
3,NONE,-1.0,-0.1,-1.0,-0.1
3,NONE,-1.0,-0.1,-1.0,-0.1
3,NONE,-1.0,-0.1,-1.0,-0.1
3,NONE,-1.0,-0.1,-1.0,-0.1
3,NONE,-1.0,-0.1,-1.0,-0.1
3,NONE,-1.0,-0.1,-1.0,-0.1
3,NONE,-1.0,-0.1,-1.0,-0.1
3,NONE,-1.0,-0.1,-1.0,-0.1
3,NONE,-1.0,-0.1,-1.0,-0.1
3,NONE,-1.0,-0.1,-1.0,-0.1
3,NONE,-1.0,-0.1,-1.0,-0.1
3,NONE,-1.0,-0.1,-1.0,-0.1
3,NONE,-1.0,-0.1,-1.0,-0.1
3,NONE,-1.0,-0.1,-1.0,-0.1
3,NONE,-1.0,-0.1,-1.0,-0.1
3,NONE,-1.0,-0.1,-1.0,-0.1
3,NONE,-1.0,-0.1,-1.0,-0.1
3,NONE,-1.0,-0.1,-1.0,-0.1
3,NONE,-1.0,-0.1,-1.0,-0.1
3,NONE,-1.0,-0.1,-1.0,-0.1
3,NONE,-1.0,-0.1,-1.0,-0.1
3,NONE,-1.0,-0.1,-1.0,-0.1
3,NONE,-1.0,-0.1,-1.0,-0.1
3,NONE,-1.0,-0.1,-1.0,-0.1
3,NONE,-1.0,-0.1,-1.0,-0.1
3,NONE,-1.0,-0.1,-1.0,-0.1
3,NONE,-1.0,-0.1,-1.0,-0.1
3,NONE,-1.0,-0.1,-1.0,-0.1
3,NONE,-1.0,-0.1,-1.0,-0.1
3,NONE,-1.0,-0.1,-1.0,-0.1
3,NONE,-1.0,-0.1,-1.0,-0.1
3,NONE,-1.0,-0.1,-1.0,-0.1
3,NONE,-1.0,-0.1,-1.0,-0.1
3,NONE,-1.0,-0.1,-1.0,-0.1
3,NONE,-1.0,-0.1,-1.0,-0.1
3,NONE,-1.0,-0.1,-1.0,-0.1
3,NONE,-1.0,-0.1,-1.0,-0.1
3,NONE,-1.0,-0.1,-1.0,-0.1
3,NONE,-1.0,-0.1,-1.0,-0.1
3,NONE,-1.0,-0.1,-1.0,-0.1
3,NONE,-1.0,-0.1,-1.0,-0.1
3,NONE,-1.0,-0.1,-1.0,-0.1
3,NONE,-1.0,-0.1,-1.0,-0.1
3,NONE,-1.0,-0.1,-1.0,-0.1
3,NONE,-1.0,-0.1,-1.0,-0.1
3,NONE,-1.0,-0.1,-1.0,-0.1
3,NONE,-1.0,-0.1,-1.0,-0.1
3,NONE,-1.0,-0.1,-1.0,-0.1
3,NONE,-1.0,-0.1,-1.0,-0.1
3,NONE,-1.0,-0.1,-1.0,-0.1
3,NONE,-1.0,-0.1,-1.0,-0.1
3,NONE,-1.0,-0.1,-1.0,-0.1
3,NONE,-1.0,-0.1,-1.0,-0.1
3,NONE,-1.0,-0.1,-1.0,-0.1
3,NONE,-1.0,-0.1,-1.0,-0.1
3,NONE,-1.0,-0.1,-1.0,-0.1
3,NONE,-1.0,-0.1,-1.0,-0.1
3,NONE,-1.0,-0.1,-1.0,-0.1
3,NONE,-1.0,-0.1,-1.0,-0.1
2,EV_B07_C021_Moto_Lineal_Electrica,-1.0,-0.1,8.0,28.375375585455078
1,EV_B07_C021_Moto_Lineal_Electrica,6.0,75.67296389756622,-1.0,28.375375585455078
1,EV_B07_C021_Moto_Lineal_Electrica,5.0,75.67296389756622,-1.0,28.375375585455078
1,EV_B07_C021_Moto_Lineal_Electrica,4.0,75.67296389756622,-1.0,28.375375585455078
1,EV_B07_C021_Moto_Lineal_Electrica,3.0,75.67296389756622,-1.0,28.375375585455078
1,EV_B07_C021_Moto_Lineal_Electrica,2.0,75.67296389756622,-1.0,28.375375585455078
1,EV_B07_C021_Moto_Lineal_Electrica,1.0,75.67296389756622,-1.0,28.375375585455078
1,EV_B07_C021_Moto_Lineal_Electrica,0.0,75.67296389756622,-1.0,28.375375585455078
3,NONE,-1.0,-0.1,-1.0,-0.1
3,NONE,-1.0,-0.1,-1.0,-0.1
3,NONE,-1.0,-0.1,-1.0,-0.1
3,NONE,-1.0,-0.1,-1.0,-0.1
3,NONE,-1.0,-0.1,-1.0,-0.1
3,NONE,-1.0,-0.1,-1.0,-0.1
3,NONE,-1.0,-0.1,-1.0,-0.1
3,NONE,-1.0,-0.1,-1.0,-0.1
3,NONE,-1.0,-0.1,-1.0,-0.1
3,NONE,-1.0,-0.1,-1.0,-0.1
3,NONE,-1.0,-0.1,-1.0,-0.1
3,NONE,-1.0,-0.1,-1.0,-0.1
3,NONE,-1.0,-0.1,-1.0,-0.1
3,NONE,-1.0,-0.1,-1.0,-0.1
3,NONE,-1.0,-0.1,-1.0,-0.1
2,EV_B07_C021_Moto_Lineal_Electrica,-1.0,-0.1,7.0,27.13512064158671
1,EV_B07_C021_Moto_Lineal_Electrica,7.0,88.57933379846042,-1.0,27.13512064158671
1,EV_B07_C021_Moto_Lineal_Electrica,6.0,88.57933379846042,-1.0,27.13512064158671
1,EV_B07_C021_Moto_Lineal_Electrica,5.0,88.57933379846042,-1.0,27.13512064158671
1,EV_B07_C021_Moto_Lineal_Electrica,4.0,88.57933379846042,-1.0,27.13512064158671
1,EV_B07_C021_Moto_Lineal_Electrica,3.0,88.57933379846042,-1.0,27.13512064158671
1,EV_B07_C021_Moto_Lineal_Electrica,2.0,88.57933379846042,-1.0,27.13512064158671
1,EV_B07_C021_Moto_Lineal_Electrica,1.0,88.57933379846042,-1.0,27.13512064158671
1,EV_B07_C021_Moto_Lineal_Electrica,0.0,88.57933379846042,-1.0,27.13512064158671
3,NONE,-1.0,-0.1,-1.0,-0.1
3,NONE,-1.0,-0.1,-1.0,-0.1
3,NONE,-1.0,-0.1,-1.0,-0.1
3,NONE,-1.0,-0.1,-1.0,-0.1
3,NONE,-1.0,-0.1,-1.0,-0.1
3,NONE,-1.0,-0.1,-1.0,-0.1
3,NONE,-1.0,-0.1,-1.0,-0.1
3,NONE,-1.0,-0.1,-1.0,-0.1
3,NONE,-1.0,-0.1,-1.0,-0.1
3,NONE,-1.0,-0.1,-1.0,-0.1
3,NONE,-1.0,-0.1,-1.0,-0.1
3,NONE,-1.0,-0.1,-1.0,-0.1
3,NONE,-1.0,-0.1,-1.0,-0.1
3,NONE,-1.0,-0.1,-1.0,-0.1
3,NONE,-1.0,-0.1,-1.0,-0.1
3,NONE,-1.0,-0.1,-1.0,-0.1
2,EV_B07_C021_Moto_Lineal_Electrica,-1.0,-0.1,8.0,27.618309890829742
1,EV_B07_C021_Moto_Lineal_Electrica,6.0,83.73941311919374,-1.0,27.618309890829742
1,EV_B07_C021_Moto_Lineal_Electrica,5.0,83.73941311919374,-1.0,27.618309890829742
1,EV_B07_C021_Moto_Lineal_Electrica,4.0,83.73941311919374,-1.0,27.618309890829742
1,EV_B07_C021_Moto_Lineal_Electrica,3.0,83.73941311919374,-1.0,27.618309890829742
1,EV_B07_C021_Moto_Lineal_Electrica,2.0,83.73941311919374,-1.0,27.618309890829742
1,EV_B07_C021_Moto_Lineal_Electrica,1.0,83.73941311919374,-1.0,27.618309890829742
1,EV_B07_C021_Moto_Lineal_Electrica,0.0,83.73941311919374,-1.0,27.618309890829742
3,NONE,-1.0,-0.1,-1.0,-0.1
3,NONE,-1.0,-0.1,-1.0,-0.1
3,NONE,-1.0,-0.1,-1.0,-0.1
3,NONE,-1.0,-0.1,-1.0,-0.1
3,NONE,-1.0,-0.1,-1.0,-0.1
3,NONE,-1.0,-0.1,-1.0,-0.1
3,NONE,-1.0,-0.1,-1.0,-0.1
3,NONE,-1.0,-0.1,-1.0,-0.1
3,NONE,-1.0,-0.1,-1.0,-0.1
3,NONE,-1.0,-0.1,-1.0,-0.1
3,NONE,-1.0,-0.1,-1.0,-0.1
3,NONE,-1.0,-0.1,-1.0,-0.1
3,NONE,-1.0,-0.1,-1.0,-0.1
3,NONE,-1.0,-0.1,-1.0,-0.1
3,NONE,-1.0,-0.1,-1.0,-0.1
2,EV_B07_C021_Moto_Lineal_Electrica,-1.0,-0.1,7.0,39.42125499382755
1,EV_B07_C021_Moto_Lineal_Electrica,7.0,85.35831179719081,-1.0,39.42125499382755
1,EV_B07_C021_Moto_Lineal_Electrica,6.0,85.35831179719081,-1.0,39.42125499382755
1,EV_B07_C021_Moto_Lineal_Electrica,5.0,85.35831179719081,-1.0,39.42125499382755
1,EV_B07_C021_Moto_Lineal_Electrica,4.0,85.35831179719081,-1.0,39.42125499382755
1,EV_B07_C021_Moto_Lineal_Electrica,3.0,85.35831179719081,-1.0,39.42125499382755
1,EV_B07_C021_Moto_Lineal_Electrica,2.0,85.35831179719081,-1.0,39.42125499382755
1,EV_B07_C021_Moto_Lineal_Electrica,1.0,85.35831179719081,-1.0,39.42125499382755
1,EV_B07_C021_Moto_Lineal_Electrica,0.0,85.35831179719081,-1.0,39.42125499382755
3,NONE,-1.0,-0.1,-1.0,-0.1
3,NONE,-1.0,-0.1,-1.0,-0.1
3,NONE,-1.0,-0.1,-1.0,-0.1
3,NONE,-1.0,-0.1,-1.0,-0.1
3,NONE,-1.0,-0.1,-1.0,-0.1
3,NONE,-1.0,-0.1,-1.0,-0.1
3,NONE,-1.0,-0.1,-1.0,-0.1
3,NONE,-1.0,-0.1,-1.0,-0.1
3,NONE,-1.0,-0.1,-1.0,-0.1
3,NONE,-1.0,-0.1,-1.0,-0.1
3,NONE,-1.0,-0.1,-1.0,-0.1
3,NONE,-1.0,-0.1,-1.0,-0.1
3,NONE,-1.0,-0.1,-1.0,-0.1
3,NONE,-1.0,-0.1,-1.0,-0.1
3,NONE,-1.0,-0.1,-1.0,-0.1
2,EV_B07_C021_Moto_Lineal_Electrica,-1.0,-0.1,7.0,27.165174456348254
1,EV_B07_C021_Moto_Lineal_Electrica,7.0,97.93921219325374,-1.0,27.165174456348254
1,EV_B07_C021_Moto_Lineal_Electrica,6.0,97.93921219325374,-1.0,27.165174456348254
1,EV_B07_C021_Moto_Lineal_Electrica,5.0,97.93921219325374,-1.0,27.165174456348254
1,EV_B07_C021_Moto_Lineal_Electrica,4.0,97.93921219325374,-1.0,27.165174456348254
1,EV_B07_C021_Moto_Lineal_Electrica,3.0,97.93921219325374,-1.0,27.165174456348254
1,EV_B07_C021_Moto_Lineal_Electrica,2.0,97.93921219325374,-1.0,27.165174456348254
1,EV_B07_C021_Moto_Lineal_Electrica,1.0,97.93921219325374,-1.0,27.165174456348254
1,EV_B07_C021_Moto_Lineal_Electrica,0.0,97.93921219325374,-1.0,27.165174456348254
3,NONE,-1.0,-0.1,-1.0,-0.1
3,NONE,-1.0,-0.1,-1.0,-0.1
3,NONE,-1.0,-0.1,-1.0,-0.1
3,NONE,-1.0,-0.1,-1.0,-0.1
3,NONE,-1.0,-0.1,-1.0,-0.1
3,NONE,-1.0,-0.1,-1.0,-0.1
3,NONE,-1.0,-0.1,-1.0,-0.1
3,NONE,-1.0,-0.1,-1.0,-0.1
3,NONE,-1.0,-0.1,-1.0,-0.1
3,NONE,-1.0,-0.1,-1.0,-0.1
3,NONE,-1.0,-0.1,-1.0,-0.1
3,NONE,-1.0,-0.1,-1.0,-0.1
3,NONE,-1.0,-0.1,-1.0,-0.1
3,NONE,-1.0,-0.1,-1.0,-0.1
3,NONE,-1.0,-0.1,-1.0,-0.1
3,NONE,-1.0,-0.1,-1.0,-0.1
3,NONE,-1.0,-0.1,-1.0,-0.1
3,NONE,-1.0,-0.1,-1.0,-0.1
3,NONE,-1.0,-0.1,-1.0,-0.1
3,NONE,-1.0,-0.1,-1.0,-0.1
3,NONE,-1.0,-0.1,-1.0,-0.1
3,NONE,-1.0,-0.1,-1.0,-0.1
3,NONE,-1.0,-0.1,-1.0,-0.1
3,NONE,-1.0,-0.1,-1.0,-0.1
3,NONE,-1.0,-0.1,-1.0,-0.1
3,NONE,-1.0,-0.1,-1.0,-0.1
3,NONE,-1.0,-0.1,-1.0,-0.1
3,NONE,-1.0,-0.1,-1.0,-0.1
3,NONE,-1.0,-0.1,-1.0,-0.1
3,NONE,-1.0,-0.1,-1.0,-0.1
3,NONE,-1.0,-0.1,-1.0,-0.1
3,NONE,-1.0,-0.1,-1.0,-0.1
3,NONE,-1.0,-0.1,-1.0,-0.1
3,NONE,-1.0,-0.1,-1.0,-0.1
3,NONE,-1.0,-0.1,-1.0,-0.1
3,NONE,-1.0,-0.1,-1.0,-0.1
3,NONE,-1.0,-0.1,-1.0,-0.1
3,NONE,-1.0,-0.1,-1.0,-0.1
3,NONE,-1.0,-0.1,-1.0,-0.1
3,NONE,-1.0,-0.1,-1.0,-0.1
3,NONE,-1.0,-0.1,-1.0,-0.1
3,NONE,-1.0,-0.1,-1.0,-0.1
3,NONE,-1.0,-0.1,-1.0,-0.1
3,NONE,-1.0,-0.1,-1.0,-0.1
3,NONE,-1.0,-0.1,-1.0,-0.1
3,NONE,-1.0,-0.1,-1.0,-0.1
3,NONE,-1.0,-0.1,-1.0,-0.1
3,NONE,-1.0,-0.1,-1.0,-0.1
3,NONE,-1.0,-0.1,-1.0,-0.1
3,NONE,-1.0,-0.1,-1.0,-0.1
3,NONE,-1.0,-0.1,-1.0,-0.1
3,NONE,-1.0,-0.1,-1.0,-0.1
3,NONE,-1.0,-0.1,-1.0,-0.1
3,NONE,-1.0,-0.1,-1.0,-0.1
3,NONE,-1.0,-0.1,-1.0,-0.1
3,NONE,-1.0,-0.1,-1.0,-0.1
3,NONE,-1.0,-0.1,-1.0,-0.1
3,NONE,-1.0,-0.1,-1.0,-0.1
3,NONE,-1.0,-0.1,-1.0,-0.1
3,NONE,-1.0,-0.1,-1.0,-0.1
3,NONE,-1.0,-0.1,-1.0,-0.1
3,NONE,-1.0,-0.1,-1.0,-0.1
3,NONE,-1.0,-0.1,-1.0,-0.1
2,EV_B07_C021_Moto_Lineal_Electrica,-1.0,-0.1,7.0,56.44672349847839
1,EV_B07_C021_Moto_Lineal_Electrica,7.0,95.15054709503802,-1.0,56.44672349847839
1,EV_B07_C021_Moto_Lineal_Electrica,6.0,95.15054709503802,-1.0,56.44672349847839
1,EV_B07_C021_Moto_Lineal_Electrica,5.0,95.15054709503802,-1.0,56.44672349847839
1,EV_B07_C021_Moto_Lineal_Electrica,4.0,95.15054709503802,-1.0,56.44672349847839
1,EV_B07_C021_Moto_Lineal_Electrica,3.0,95.15054709503802,-1.0,56.44672349847839
1,EV_B07_C021_Moto_Lineal_Electrica,2.0,95.15054709503802,-1.0,56.44672349847839
1,EV_B07_C021_Moto_Lineal_Electrica,1.0,95.15054709503802,-1.0,56.44672349847839
1,EV_B07_C021_Moto_Lineal_Electrica,0.0,95.15054709503802,-1.0,56.44672349847839
3,NONE,-1.0,-0.1,-1.0,-0.1
3,NONE,-1.0,-0.1,-1.0,-0.1
3,NONE,-1.0,-0.1,-1.0,-0.1
3,NONE,-1.0,-0.1,-1.0,-0.1
3,NONE,-1.0,-0.1,-1.0,-0.1
3,NONE,-1.0,-0.1,-1.0,-0.1
3,NONE,-1.0,-0.1,-1.0,-0.1
3,NONE,-1.0,-0.1,-1.0,-0.1
3,NONE,-1.0,-0.1,-1.0,-0.1
3,NONE,-1.0,-0.1,-1.0,-0.1
3,NONE,-1.0,-0.1,-1.0,-0.1
3,NONE,-1.0,-0.1,-1.0,-0.1
3,NONE,-1.0,-0.1,-1.0,-0.1
3,NONE,-1.0,-0.1,-1.0,-0.1
3,NONE,-1.0,-0.1,-1.0,-0.1
2,EV_B07_C021_Moto_Lineal_Electrica,-1.0,-0.1,7.0,12.299425523435929
1,EV_B07_C021_Moto_Lineal_Electrica,7.0,85.60541539964147,-1.0,12.299425523435929
1,EV_B07_C021_Moto_Lineal_Electrica,6.0,85.60541539964147,-1.0,12.299425523435929
1,EV_B07_C021_Moto_Lineal_Electrica,5.0,85.60541539964147,-1.0,12.299425523435929
1,EV_B07_C021_Moto_Lineal_Electrica,4.0,85.60541539964147,-1.0,12.299425523435929
1,EV_B07_C021_Moto_Lineal_Electrica,3.0,85.60541539964147,-1.0,12.299425523435929
1,EV_B07_C021_Moto_Lineal_Electrica,2.0,85.60541539964147,-1.0,12.299425523435929
1,EV_B07_C021_Moto_Lineal_Electrica,1.0,85.60541539964147,-1.0,12.299425523435929
1,EV_B07_C021_Moto_Lineal_Electrica,0.0,85.60541539964147,-1.0,12.299425523435929
3,NONE,-1.0,-0.1,-1.0,-0.1
3,NONE,-1.0,-0.1,-1.0,-0.1
3,NONE,-1.0,-0.1,-1.0,-0.1
3,NONE,-1.0,-0.1,-1.0,-0.1
3,NONE,-1.0,-0.1,-1.0,-0.1
3,NONE,-1.0,-0.1,-1.0,-0.1
3,NONE,-1.0,-0.1,-1.0,-0.1
3,NONE,-1.0,-0.1,-1.0,-0.1
3,NONE,-1.0,-0.1,-1.0,-0.1
3,NONE,-1.0,-0.1,-1.0,-0.1
3,NONE,-1.0,-0.1,-1.0,-0.1
3,NONE,-1.0,-0.1,-1.0,-0.1
3,NONE,-1.0,-0.1,-1.0,-0.1
3,NONE,-1.0,-0.1,-1.0,-0.1
3,NONE,-1.0,-0.1,-1.0,-0.1
2,EV_B07_C021_Moto_Lineal_Electrica,-1.0,-0.1,7.0,7.495575047901276
1,EV_B07_C021_Moto_Lineal_Electrica,7.0,79.177220472234,-1.0,7.495575047901276
1,EV_B07_C021_Moto_Lineal_Electrica,6.0,79.177220472234,-1.0,7.495575047901276
1,EV_B07_C021_Moto_Lineal_Electrica,5.0,79.177220472234,-1.0,7.495575047901276
1,EV_B07_C021_Moto_Lineal_Electrica,4.0,79.177220472234,-1.0,7.495575047901276
1,EV_B07_C021_Moto_Lineal_Electrica,3.0,79.177220472234,-1.0,7.495575047901276
1,EV_B07_C021_Moto_Lineal_Electrica,2.0,79.177220472234,-1.0,7.495575047901276
1,EV_B07_C021_Moto_Lineal_Electrica,1.0,79.177220472234,-1.0,7.495575047901276
1,EV_B07_C021_Moto_Lineal_Electrica,0.0,79.177220472234,-1.0,7.495575047901276
3,NONE,-1.0,-0.1,-1.0,-0.1
3,NONE,-1.0,-0.1,-1.0,-0.1
3,NONE,-1.0,-0.1,-1.0,-0.1
3,NONE,-1.0,-0.1,-1.0,-0.1
3,NONE,-1.0,-0.1,-1.0,-0.1
3,NONE,-1.0,-0.1,-1.0,-0.1
3,NONE,-1.0,-0.1,-1.0,-0.1
3,NONE,-1.0,-0.1,-1.0,-0.1
3,NONE,-1.0,-0.1,-1.0,-0.1
3,NONE,-1.0,-0.1,-1.0,-0.1
3,NONE,-1.0,-0.1,-1.0,-0.1
3,NONE,-1.0,-0.1,-1.0,-0.1
3,NONE,-1.0,-0.1,-1.0,-0.1
3,NONE,-1.0,-0.1,-1.0,-0.1
3,NONE,-1.0,-0.1,-1.0,-0.1
3,NONE,-1.0,-0.1,-1.0,-0.1
2,EV_B07_C021_Moto_Lineal_Electrica,-1.0,-0.1,8.0,32.14707642704954
1,EV_B07_C021_Moto_Lineal_Electrica,6.0,82.97338844275482,-1.0,32.14707642704954
1,EV_B07_C021_Moto_Lineal_Electrica,5.0,82.97338844275482,-1.0,32.14707642704954
1,EV_B07_C021_Moto_Lineal_Electrica,4.0,82.97338844275482,-1.0,32.14707642704954
1,EV_B07_C021_Moto_Lineal_Electrica,3.0,82.97338844275482,-1.0,32.14707642704954
1,EV_B07_C021_Moto_Lineal_Electrica,2.0,82.97338844275482,-1.0,32.14707642704954
1,EV_B07_C021_Moto_Lineal_Electrica,1.0,82.97338844275482,-1.0,32.14707642704954
1,EV_B07_C021_Moto_Lineal_Electrica,0.0,82.97338844275482,-1.0,32.14707642704954
3,NONE,-1.0,-0.1,-1.0,-0.1
3,NONE,-1.0,-0.1,-1.0,-0.1
3,NONE,-1.0,-0.1,-1.0,-0.1
3,NONE,-1.0,-0.1,-1.0,-0.1
3,NONE,-1.0,-0.1,-1.0,-0.1
3,NONE,-1.0,-0.1,-1.0,-0.1
3,NONE,-1.0,-0.1,-1.0,-0.1
3,NONE,-1.0,-0.1,-1.0,-0.1
3,NONE,-1.0,-0.1,-1.0,-0.1
3,NONE,-1.0,-0.1,-1.0,-0.1
3,NONE,-1.0,-0.1,-1.0,-0.1
3,NONE,-1.0,-0.1,-1.0,-0.1
3,NONE,-1.0,-0.1,-1.0,-0.1
3,NONE,-1.0,-0.1,-1.0,-0.1
3,NONE,-1.0,-0.1,-1.0,-0.1
3,NONE,-1.0,-0.1,-1.0,-0.1
3,NONE,-1.0,-0.1,-1.0,-0.1
3,NONE,-1.0,-0.1,-1.0,-0.1
3,NONE,-1.0,-0.1,-1.0,-0.1
3,NONE,-1.0,-0.1,-1.0,-0.1
3,NONE,-1.0,-0.1,-1.0,-0.1
3,NONE,-1.0,-0.1,-1.0,-0.1
3,NONE,-1.0,-0.1,-1.0,-0.1
3,NONE,-1.0,-0.1,-1.0,-0.1
3,NONE,-1.0,-0.1,-1.0,-0.1
3,NONE,-1.0,-0.1,-1.0,-0.1
3,NONE,-1.0,-0.1,-1.0,-0.1
3,NONE,-1.0,-0.1,-1.0,-0.1
3,NONE,-1.0,-0.1,-1.0,-0.1
3,NONE,-1.0,-0.1,-1.0,-0.1
3,NONE,-1.0,-0.1,-1.0,-0.1
3,NONE,-1.0,-0.1,-1.0,-0.1
3,NONE,-1.0,-0.1,-1.0,-0.1
3,NONE,-1.0,-0.1,-1.0,-0.1
3,NONE,-1.0,-0.1,-1.0,-0.1
3,NONE,-1.0,-0.1,-1.0,-0.1
3,NONE,-1.0,-0.1,-1.0,-0.1
3,NONE,-1.0,-0.1,-1.0,-0.1
3,NONE,-1.0,-0.1,-1.0,-0.1
3,NONE,-1.0,-0.1,-1.0,-0.1
3,NONE,-1.0,-0.1,-1.0,-0.1
3,NONE,-1.0,-0.1,-1.0,-0.1
3,NONE,-1.0,-0.1,-1.0,-0.1
3,NONE,-1.0,-0.1,-1.0,-0.1
3,NONE,-1.0,-0.1,-1.0,-0.1
3,NONE,-1.0,-0.1,-1.0,-0.1
3,NONE,-1.0,-0.1,-1.0,-0.1
3,NONE,-1.0,-0.1,-1.0,-0.1
3,NONE,-1.0,-0.1,-1.0,-0.1
3,NONE,-1.0,-0.1,-1.0,-0.1
3,NONE,-1.0,-0.1,-1.0,-0.1
3,NONE,-1.0,-0.1,-1.0,-0.1
3,NONE,-1.0,-0.1,-1.0,-0.1
3,NONE,-1.0,-0.1,-1.0,-0.1
3,NONE,-1.0,-0.1,-1.0,-0.1
3,NONE,-1.0,-0.1,-1.0,-0.1
3,NONE,-1.0,-0.1,-1.0,-0.1
3,NONE,-1.0,-0.1,-1.0,-0.1
3,NONE,-1.0,-0.1,-1.0,-0.1
3,NONE,-1.0,-0.1,-1.0,-0.1
3,NONE,-1.0,-0.1,-1.0,-0.1
3,NONE,-1.0,-0.1,-1.0,-0.1
3,NONE,-1.0,-0.1,-1.0,-0.1
3,NONE,-1.0,-0.1,-1.0,-0.1
3,NONE,-1.0,-0.1,-1.0,-0.1
3,NONE,-1.0,-0.1,-1.0,-0.1
3,NONE,-1.0,-0.1,-1.0,-0.1
3,NONE,-1.0,-0.1,-1.0,-0.1
3,NONE,-1.0,-0.1,-1.0,-0.1
3,NONE,-1.0,-0.1,-1.0,-0.1
3,NONE,-1.0,-0.1,-1.0,-0.1
3,NONE,-1.0,-0.1,-1.0,-0.1
3,NONE,-1.0,-0.1,-1.0,-0.1
3,NONE,-1.0,-0.1,-1.0,-0.1
3,NONE,-1.0,-0.1,-1.0,-0.1
3,NONE,-1.0,-0.1,-1.0,-0.1
3,NONE,-1.0,-0.1,-1.0,-0.1
3,NONE,-1.0,-0.1,-1.0,-0.1
3,NONE,-1.0,-0.1,-1.0,-0.1
3,NONE,-1.0,-0.1,-1.0,-0.1
3,NONE,-1.0,-0.1,-1.0,-0.1
3,NONE,-1.0,-0.1,-1.0,-0.1
3,NONE,-1.0,-0.1,-1.0,-0.1
3,NONE,-1.0,-0.1,-1.0,-0.1
3,NONE,-1.0,-0.1,-1.0,-0.1
3,NONE,-1.0,-0.1,-1.0,-0.1
3,NONE,-1.0,-0.1,-1.0,-0.1
3,NONE,-1.0,-0.1,-1.0,-0.1
2,EV_B07_C021_Moto_Lineal_Electrica,-1.0,-0.1,8.0,27.356130216783665
1,EV_B07_C021_Moto_Lineal_Electrica,6.0,82.27877961902557,-1.0,27.356130216783665
1,EV_B07_C021_Moto_Lineal_Electrica,5.0,82.27877961902557,-1.0,27.356130216783665
1,EV_B07_C021_Moto_Lineal_Electrica,4.0,82.27877961902557,-1.0,27.356130216783665
1,EV_B07_C021_Moto_Lineal_Electrica,3.0,82.27877961902557,-1.0,27.356130216783665
1,EV_B07_C021_Moto_Lineal_Electrica,2.0,82.27877961902557,-1.0,27.356130216783665
1,EV_B07_C021_Moto_Lineal_Electrica,1.0,82.27877961902557,-1.0,27.356130216783665
1,EV_B07_C021_Moto_Lineal_Electrica,0.0,82.27877961902557,-1.0,27.356130216783665
3,NONE,-1.0,-0.1,-1.0,-0.1
3,NONE,-1.0,-0.1,-1.0,-0.1
3,NONE,-1.0,-0.1,-1.0,-0.1
3,NONE,-1.0,-0.1,-1.0,-0.1
3,NONE,-1.0,-0.1,-1.0,-0.1
3,NONE,-1.0,-0.1,-1.0,-0.1
3,NONE,-1.0,-0.1,-1.0,-0.1
3,NONE,-1.0,-0.1,-1.0,-0.1
3,NONE,-1.0,-0.1,-1.0,-0.1
3,NONE,-1.0,-0.1,-1.0,-0.1
3,NONE,-1.0,-0.1,-1.0,-0.1
3,NONE,-1.0,-0.1,-1.0,-0.1
3,NONE,-1.0,-0.1,-1.0,-0.1
3,NONE,-1.0,-0.1,-1.0,-0.1
3,NONE,-1.0,-0.1,-1.0,-0.1
3,NONE,-1.0,-0.1,-1.0,-0.1
2,EV_B07_C021_Moto_Lineal_Electrica,-1.0,-0.1,8.0,40.38700607221446
1,EV_B07_C021_Moto_Lineal_Electrica,6.0,82.89256984138224,-1.0,40.38700607221446
1,EV_B07_C021_Moto_Lineal_Electrica,5.0,82.89256984138224,-1.0,40.38700607221446
1,EV_B07_C021_Moto_Lineal_Electrica,4.0,82.89256984138224,-1.0,40.38700607221446
1,EV_B07_C021_Moto_Lineal_Electrica,3.0,82.89256984138224,-1.0,40.38700607221446
1,EV_B07_C021_Moto_Lineal_Electrica,2.0,82.89256984138224,-1.0,40.38700607221446
1,EV_B07_C021_Moto_Lineal_Electrica,1.0,82.89256984138224,-1.0,40.38700607221446
1,EV_B07_C021_Moto_Lineal_Electrica,0.0,82.89256984138224,-1.0,40.38700607221446
3,NONE,-1.0,-0.1,-1.0,-0.1
3,NONE,-1.0,-0.1,-1.0,-0.1
3,NONE,-1.0,-0.1,-1.0,-0.1
3,NONE,-1.0,-0.1,-1.0,-0.1
3,NONE,-1.0,-0.1,-1.0,-0.1
3,NONE,-1.0,-0.1,-1.0,-0.1
3,NONE,-1.0,-0.1,-1.0,-0.1
3,NONE,-1.0,-0.1,-1.0,-0.1
3,NONE,-1.0,-0.1,-1.0,-0.1
3,NONE,-1.0,-0.1,-1.0,-0.1
3,NONE,-1.0,-0.1,-1.0,-0.1
3,NONE,-1.0,-0.1,-1.0,-0.1
3,NONE,-1.0,-0.1,-1.0,-0.1
3,NONE,-1.0,-0.1,-1.0,-0.1
3,NONE,-1.0,-0.1,-1.0,-0.1
3,NONE,-1.0,-0.1,-1.0,-0.1
3,NONE,-1.0,-0.1,-1.0,-0.1
2,EV_B07_C021_Moto_Lineal_Electrica,-1.0,-0.1,9.0,54.08640420192867
1,EV_B07_C021_Moto_Lineal_Electrica,5.0,89.49391447609202,-1.0,54.08640420192867
1,EV_B07_C021_Moto_Lineal_Electrica,4.0,89.49391447609202,-1.0,54.08640420192867
1,EV_B07_C021_Moto_Lineal_Electrica,3.0,89.49391447609202,-1.0,54.08640420192867
1,EV_B07_C021_Moto_Lineal_Electrica,2.0,89.49391447609202,-1.0,54.08640420192867
1,EV_B07_C021_Moto_Lineal_Electrica,1.0,89.49391447609202,-1.0,54.08640420192867
1,EV_B07_C021_Moto_Lineal_Electrica,0.0,89.49391447609202,-1.0,54.08640420192867
3,NONE,-1.0,-0.1,-1.0,-0.1
3,NONE,-1.0,-0.1,-1.0,-0.1
3,NONE,-1.0,-0.1,-1.0,-0.1
3,NONE,-1.0,-0.1,-1.0,-0.1
3,NONE,-1.0,-0.1,-1.0,-0.1
3,NONE,-1.0,-0.1,-1.0,-0.1
3,NONE,-1.0,-0.1,-1.0,-0.1
3,NONE,-1.0,-0.1,-1.0,-0.1
3,NONE,-1.0,-0.1,-1.0,-0.1
3,NONE,-1.0,-0.1,-1.0,-0.1
3,NONE,-1.0,-0.1,-1.0,-0.1
3,NONE,-1.0,-0.1,-1.0,-0.1
3,NONE,-1.0,-0.1,-1.0,-0.1
3,NONE,-1.0,-0.1,-1.0,-0.1
3,NONE,-1.0,-0.1,-1.0,-0.1
3,NONE,-1.0,-0.1,-1.0,-0.1
3,NONE,-1.0,-0.1,-1.0,-0.1
3,NONE,-1.0,-0.1,-1.0,-0.1
3,NONE,-1.0,-0.1,-1.0,-0.1
3,NONE,-1.0,-0.1,-1.0,-0.1
3,NONE,-1.0,-0.1,-1.0,-0.1
3,NONE,-1.0,-0.1,-1.0,-0.1
3,NONE,-1.0,-0.1,-1.0,-0.1
3,NONE,-1.0,-0.1,-1.0,-0.1
3,NONE,-1.0,-0.1,-1.0,-0.1
3,NONE,-1.0,-0.1,-1.0,-0.1
3,NONE,-1.0,-0.1,-1.0,-0.1
3,NONE,-1.0,-0.1,-1.0,-0.1
3,NONE,-1.0,-0.1,-1.0,-0.1
3,NONE,-1.0,-0.1,-1.0,-0.1
3,NONE,-1.0,-0.1,-1.0,-0.1
3,NONE,-1.0,-0.1,-1.0,-0.1
3,NONE,-1.0,-0.1,-1.0,-0.1
3,NONE,-1.0,-0.1,-1.0,-0.1
3,NONE,-1.0,-0.1,-1.0,-0.1
3,NONE,-1.0,-0.1,-1.0,-0.1
3,NONE,-1.0,-0.1,-1.0,-0.1
3,NONE,-1.0,-0.1,-1.0,-0.1
3,NONE,-1.0,-0.1,-1.0,-0.1
3,NONE,-1.0,-0.1,-1.0,-0.1
3,NONE,-1.0,-0.1,-1.0,-0.1
3,NONE,-1.0,-0.1,-1.0,-0.1
3,NONE,-1.0,-0.1,-1.0,-0.1
3,NONE,-1.0,-0.1,-1.0,-0.1
3,NONE,-1.0,-0.1,-1.0,-0.1
3,NONE,-1.0,-0.1,-1.0,-0.1
3,NONE,-1.0,-0.1,-1.0,-0.1
3,NONE,-1.0,-0.1,-1.0,-0.1
3,NONE,-1.0,-0.1,-1.0,-0.1
3,NONE,-1.0,-0.1,-1.0,-0.1
3,NONE,-1.0,-0.1,-1.0,-0.1
3,NONE,-1.0,-0.1,-1.0,-0.1
3,NONE,-1.0,-0.1,-1.0,-0.1
3,NONE,-1.0,-0.1,-1.0,-0.1
3,NONE,-1.0,-0.1,-1.0,-0.1
3,NONE,-1.0,-0.1,-1.0,-0.1
3,NONE,-1.0,-0.1,-1.0,-0.1
3,NONE,-1.0,-0.1,-1.0,-0.1
3,NONE,-1.0,-0.1,-1.0,-0.1
3,NONE,-1.0,-0.1,-1.0,-0.1
3,NONE,-1.0,-0.1,-1.0,-0.1
3,NONE,-1.0,-0.1,-1.0,-0.1
3,NONE,-1.0,-0.1,-1.0,-0.1
3,NONE,-1.0,-0.1,-1.0,-0.1
3,NONE,-1.0,-0.1,-1.0,-0.1
3,NONE,-1.0,-0.1,-1.0,-0.1
3,NONE,-1.0,-0.1,-1.0,-0.1
3,NONE,-1.0,-0.1,-1.0,-0.1
3,NONE,-1.0,-0.1,-1.0,-0.1
3,NONE,-1.0,-0.1,-1.0,-0.1
3,NONE,-1.0,-0.1,-1.0,-0.1
3,NONE,-1.0,-0.1,-1.0,-0.1
3,NONE,-1.0,-0.1,-1.0,-0.1
3,NONE,-1.0,-0.1,-1.0,-0.1
3,NONE,-1.0,-0.1,-1.0,-0.1
3,NONE,-1.0,-0.1,-1.0,-0.1
3,NONE,-1.0,-0.1,-1.0,-0.1
3,NONE,-1.0,-0.1,-1.0,-0.1
3,NONE,-1.0,-0.1,-1.0,-0.1
3,NONE,-1.0,-0.1,-1.0,-0.1
3,NONE,-1.0,-0.1,-1.0,-0.1
3,NONE,-1.0,-0.1,-1.0,-0.1
3,NONE,-1.0,-0.1,-1.0,-0.1
3,NONE,-1.0,-0.1,-1.0,-0.1
3,NONE,-1.0,-0.1,-1.0,-0.1
3,NONE,-1.0,-0.1,-1.0,-0.1
3,NONE,-1.0,-0.1,-1.0,-0.1
3,NONE,-1.0,-0.1,-1.0,-0.1
3,NONE,-1.0,-0.1,-1.0,-0.1
3,NONE,-1.0,-0.1,-1.0,-0.1
3,NONE,-1.0,-0.1,-1.0,-0.1
3,NONE,-1.0,-0.1,-1.0,-0.1
3,NONE,-1.0,-0.1,-1.0,-0.1
3,NONE,-1.0,-0.1,-1.0,-0.1
3,NONE,-1.0,-0.1,-1.0,-0.1
3,NONE,-1.0,-0.1,-1.0,-0.1
3,NONE,-1.0,-0.1,-1.0,-0.1
3,NONE,-1.0,-0.1,-1.0,-0.1
3,NONE,-1.0,-0.1,-1.0,-0.1
3,NONE,-1.0,-0.1,-1.0,-0.1
3,NONE,-1.0,-0.1,-1.0,-0.1
3,NONE,-1.0,-0.1,-1.0,-0.1
3,NONE,-1.0,-0.1,-1.0,-0.1
3,NONE,-1.0,-0.1,-1.0,-0.1
3,NONE,-1.0,-0.1,-1.0,-0.1
3,NONE,-1.0,-0.1,-1.0,-0.1
3,NONE,-1.0,-0.1,-1.0,-0.1
3,NONE,-1.0,-0.1,-1.0,-0.1
3,NONE,-1.0,-0.1,-1.0,-0.1
3,NONE,-1.0,-0.1,-1.0,-0.1
3,NONE,-1.0,-0.1,-1.0,-0.1
2,EV_B07_C021_Moto_Lineal_Electrica,-1.0,-0.1,7.0,20.5150611505049
1,EV_B07_C021_Moto_Lineal_Electrica,7.0,85.83692205938581,-1.0,20.5150611505049
1,EV_B07_C021_Moto_Lineal_Electrica,6.0,85.83692205938581,-1.0,20.5150611505049
1,EV_B07_C021_Moto_Lineal_Electrica,5.0,85.83692205938581,-1.0,20.5150611505049
1,EV_B07_C021_Moto_Lineal_Electrica,4.0,85.83692205938581,-1.0,20.5150611505049
1,EV_B07_C021_Moto_Lineal_Electrica,3.0,85.83692205938581,-1.0,20.5150611505049
1,EV_B07_C021_Moto_Lineal_Electrica,2.0,85.83692205938581,-1.0,20.5150611505049
1,EV_B07_C021_Moto_Lineal_Electrica,1.0,85.83692205938581,-1.0,20.5150611505049
1,EV_B07_C021_Moto_Lineal_Electrica,0.0,85.83692205938581,-1.0,20.5150611505049
3,NONE,-1.0,-0.1,-1.0,-0.1
3,NONE,-1.0,-0.1,-1.0,-0.1
3,NONE,-1.0,-0.1,-1.0,-0.1
3,NONE,-1.0,-0.1,-1.0,-0.1
3,NONE,-1.0,-0.1,-1.0,-0.1
3,NONE,-1.0,-0.1,-1.0,-0.1
3,NONE,-1.0,-0.1,-1.0,-0.1
3,NONE,-1.0,-0.1,-1.0,-0.1
3,NONE,-1.0,-0.1,-1.0,-0.1
3,NONE,-1.0,-0.1,-1.0,-0.1
3,NONE,-1.0,-0.1,-1.0,-0.1
3,NONE,-1.0,-0.1,-1.0,-0.1
3,NONE,-1.0,-0.1,-1.0,-0.1
3,NONE,-1.0,-0.1,-1.0,-0.1
3,NONE,-1.0,-0.1,-1.0,-0.1
2,EV_B07_C021_Moto_Lineal_Electrica,-1.0,-0.1,7.0,16.41323300205624
1,EV_B07_C021_Moto_Lineal_Electrica,7.0,80.02869041343106,-1.0,16.41323300205624
1,EV_B07_C021_Moto_Lineal_Electrica,6.0,80.02869041343106,-1.0,16.41323300205624
1,EV_B07_C021_Moto_Lineal_Electrica,5.0,80.02869041343106,-1.0,16.41323300205624
1,EV_B07_C021_Moto_Lineal_Electrica,4.0,80.02869041343106,-1.0,16.41323300205624
1,EV_B07_C021_Moto_Lineal_Electrica,3.0,80.02869041343106,-1.0,16.41323300205624
1,EV_B07_C021_Moto_Lineal_Electrica,2.0,80.02869041343106,-1.0,16.41323300205624
1,EV_B07_C021_Moto_Lineal_Electrica,1.0,80.02869041343106,-1.0,16.41323300205624
1,EV_B07_C021_Moto_Lineal_Electrica,0.0,80.02869041343106,-1.0,16.41323300205624
3,NONE,-1.0,-0.1,-1.0,-0.1
3,NONE,-1.0,-0.1,-1.0,-0.1
3,NONE,-1.0,-0.1,-1.0,-0.1
3,NONE,-1.0,-0.1,-1.0,-0.1
3,NONE,-1.0,-0.1,-1.0,-0.1
3,NONE,-1.0,-0.1,-1.0,-0.1
3,NONE,-1.0,-0.1,-1.0,-0.1
3,NONE,-1.0,-0.1,-1.0,-0.1
3,NONE,-1.0,-0.1,-1.0,-0.1
3,NONE,-1.0,-0.1,-1.0,-0.1
3,NONE,-1.0,-0.1,-1.0,-0.1
3,NONE,-1.0,-0.1,-1.0,-0.1
3,NONE,-1.0,-0.1,-1.0,-0.1
3,NONE,-1.0,-0.1,-1.0,-0.1
3,NONE,-1.0,-0.1,-1.0,-0.1
2,EV_B07_C021_Moto_Lineal_Electrica,-1.0,-0.1,7.0,19.81253334968278
1,EV_B07_C021_Moto_Lineal_Electrica,7.0,90.40706502323162,-1.0,19.81253334968278
1,EV_B07_C021_Moto_Lineal_Electrica,6.0,90.40706502323162,-1.0,19.81253334968278
1,EV_B07_C021_Moto_Lineal_Electrica,5.0,90.40706502323162,-1.0,19.81253334968278
1,EV_B07_C021_Moto_Lineal_Electrica,4.0,90.40706502323162,-1.0,19.81253334968278
1,EV_B07_C021_Moto_Lineal_Electrica,3.0,90.40706502323162,-1.0,19.81253334968278
1,EV_B07_C021_Moto_Lineal_Electrica,2.0,90.40706502323162,-1.0,19.81253334968278
1,EV_B07_C021_Moto_Lineal_Electrica,1.0,90.40706502323162,-1.0,19.81253334968278
1,EV_B07_C021_Moto_Lineal_Electrica,0.0,90.40706502323162,-1.0,19.81253334968278
3,NONE,-1.0,-0.1,-1.0,-0.1
3,NONE,-1.0,-0.1,-1.0,-0.1
3,NONE,-1.0,-0.1,-1.0,-0.1
3,NONE,-1.0,-0.1,-1.0,-0.1
3,NONE,-1.0,-0.1,-1.0,-0.1
3,NONE,-1.0,-0.1,-1.0,-0.1
3,NONE,-1.0,-0.1,-1.0,-0.1
3,NONE,-1.0,-0.1,-1.0,-0.1
3,NONE,-1.0,-0.1,-1.0,-0.1
3,NONE,-1.0,-0.1,-1.0,-0.1
3,NONE,-1.0,-0.1,-1.0,-0.1
3,NONE,-1.0,-0.1,-1.0,-0.1
3,NONE,-1.0,-0.1,-1.0,-0.1
3,NONE,-1.0,-0.1,-1.0,-0.1
3,NONE,-1.0,-0.1,-1.0,-0.1
2,EV_B07_C021_Moto_Lineal_Electrica,-1.0,-0.1,7.0,31.398222819554146
1,EV_B07_C021_Moto_Lineal_Electrica,7.0,81.90237226542439,-1.0,31.398222819554146
1,EV_B07_C021_Moto_Lineal_Electrica,6.0,81.90237226542439,-1.0,31.398222819554146
1,EV_B07_C021_Moto_Lineal_Electrica,5.0,81.90237226542439,-1.0,31.398222819554146
1,EV_B07_C021_Moto_Lineal_Electrica,4.0,81.90237226542439,-1.0,31.398222819554146
1,EV_B07_C021_Moto_Lineal_Electrica,3.0,81.90237226542439,-1.0,31.398222819554146
1,EV_B07_C021_Moto_Lineal_Electrica,2.0,81.90237226542439,-1.0,31.398222819554146
1,EV_B07_C021_Moto_Lineal_Electrica,1.0,81.90237226542439,-1.0,31.398222819554146
1,EV_B07_C021_Moto_Lineal_Electrica,0.0,81.90237226542439,-1.0,31.398222819554146
3,NONE,-1.0,-0.1,-1.0,-0.1
3,NONE,-1.0,-0.1,-1.0,-0.1
3,NONE,-1.0,-0.1,-1.0,-0.1
3,NONE,-1.0,-0.1,-1.0,-0.1
3,NONE,-1.0,-0.1,-1.0,-0.1
3,NONE,-1.0,-0.1,-1.0,-0.1
3,NONE,-1.0,-0.1,-1.0,-0.1
3,NONE,-1.0,-0.1,-1.0,-0.1
3,NONE,-1.0,-0.1,-1.0,-0.1
3,NONE,-1.0,-0.1,-1.0,-0.1
3,NONE,-1.0,-0.1,-1.0,-0.1
3,NONE,-1.0,-0.1,-1.0,-0.1
3,NONE,-1.0,-0.1,-1.0,-0.1
3,NONE,-1.0,-0.1,-1.0,-0.1
3,NONE,-1.0,-0.1,-1.0,-0.1
3,NONE,-1.0,-0.1,-1.0,-0.1
3,NONE,-1.0,-0.1,-1.0,-0.1
2,EV_B07_C021_Moto_Lineal_Electrica,-1.0,-0.1,9.0,48.79376786255614
1,EV_B07_C021_Moto_Lineal_Electrica,5.0,78.92588073842057,-1.0,48.79376786255614
1,EV_B07_C021_Moto_Lineal_Electrica,4.0,78.92588073842057,-1.0,48.79376786255614
1,EV_B07_C021_Moto_Lineal_Electrica,3.0,78.92588073842057,-1.0,48.79376786255614
1,EV_B07_C021_Moto_Lineal_Electrica,2.0,78.92588073842057,-1.0,48.79376786255614
1,EV_B07_C021_Moto_Lineal_Electrica,1.0,78.92588073842057,-1.0,48.79376786255614
1,EV_B07_C021_Moto_Lineal_Electrica,0.0,78.92588073842057,-1.0,48.79376786255614
3,NONE,-1.0,-0.1,-1.0,-0.1
3,NONE,-1.0,-0.1,-1.0,-0.1
3,NONE,-1.0,-0.1,-1.0,-0.1
3,NONE,-1.0,-0.1,-1.0,-0.1
3,NONE,-1.0,-0.1,-1.0,-0.1
3,NONE,-1.0,-0.1,-1.0,-0.1
3,NONE,-1.0,-0.1,-1.0,-0.1
3,NONE,-1.0,-0.1,-1.0,-0.1
3,NONE,-1.0,-0.1,-1.0,-0.1
3,NONE,-1.0,-0.1,-1.0,-0.1
3,NONE,-1.0,-0.1,-1.0,-0.1
3,NONE,-1.0,-0.1,-1.0,-0.1
3,NONE,-1.0,-0.1,-1.0,-0.1
3,NONE,-1.0,-0.1,-1.0,-0.1
3,NONE,-1.0,-0.1,-1.0,-0.1
3,NONE,-1.0,-0.1,-1.0,-0.1
3,NONE,-1.0,-0.1,-1.0,-0.1
3,NONE,-1.0,-0.1,-1.0,-0.1
3,NONE,-1.0,-0.1,-1.0,-0.1
3,NONE,-1.0,-0.1,-1.0,-0.1
3,NONE,-1.0,-0.1,-1.0,-0.1
3,NONE,-1.0,-0.1,-1.0,-0.1
3,NONE,-1.0,-0.1,-1.0,-0.1
3,NONE,-1.0,-0.1,-1.0,-0.1
3,NONE,-1.0,-0.1,-1.0,-0.1
3,NONE,-1.0,-0.1,-1.0,-0.1
3,NONE,-1.0,-0.1,-1.0,-0.1
3,NONE,-1.0,-0.1,-1.0,-0.1
3,NONE,-1.0,-0.1,-1.0,-0.1
3,NONE,-1.0,-0.1,-1.0,-0.1
3,NONE,-1.0,-0.1,-1.0,-0.1
3,NONE,-1.0,-0.1,-1.0,-0.1
3,NONE,-1.0,-0.1,-1.0,-0.1
3,NONE,-1.0,-0.1,-1.0,-0.1
3,NONE,-1.0,-0.1,-1.0,-0.1
3,NONE,-1.0,-0.1,-1.0,-0.1
3,NONE,-1.0,-0.1,-1.0,-0.1
3,NONE,-1.0,-0.1,-1.0,-0.1
3,NONE,-1.0,-0.1,-1.0,-0.1
3,NONE,-1.0,-0.1,-1.0,-0.1
3,NONE,-1.0,-0.1,-1.0,-0.1
3,NONE,-1.0,-0.1,-1.0,-0.1
3,NONE,-1.0,-0.1,-1.0,-0.1
3,NONE,-1.0,-0.1,-1.0,-0.1
3,NONE,-1.0,-0.1,-1.0,-0.1
3,NONE,-1.0,-0.1,-1.0,-0.1
3,NONE,-1.0,-0.1,-1.0,-0.1
3,NONE,-1.0,-0.1,-1.0,-0.1
3,NONE,-1.0,-0.1,-1.0,-0.1
3,NONE,-1.0,-0.1,-1.0,-0.1
3,NONE,-1.0,-0.1,-1.0,-0.1
3,NONE,-1.0,-0.1,-1.0,-0.1
3,NONE,-1.0,-0.1,-1.0,-0.1
3,NONE,-1.0,-0.1,-1.0,-0.1
3,NONE,-1.0,-0.1,-1.0,-0.1
3,NONE,-1.0,-0.1,-1.0,-0.1
3,NONE,-1.0,-0.1,-1.0,-0.1
3,NONE,-1.0,-0.1,-1.0,-0.1
3,NONE,-1.0,-0.1,-1.0,-0.1
3,NONE,-1.0,-0.1,-1.0,-0.1
3,NONE,-1.0,-0.1,-1.0,-0.1
3,NONE,-1.0,-0.1,-1.0,-0.1
3,NONE,-1.0,-0.1,-1.0,-0.1
2,EV_B07_C021_Moto_Lineal_Electrica,-1.0,-0.1,7.0,21.932334046178976
1,EV_B07_C021_Moto_Lineal_Electrica,7.0,88.35111001315047,-1.0,21.932334046178976
1,EV_B07_C021_Moto_Lineal_Electrica,6.0,88.35111001315047,-1.0,21.932334046178976
1,EV_B07_C021_Moto_Lineal_Electrica,5.0,88.35111001315047,-1.0,21.932334046178976
1,EV_B07_C021_Moto_Lineal_Electrica,4.0,88.35111001315047,-1.0,21.932334046178976
1,EV_B07_C021_Moto_Lineal_Electrica,3.0,88.35111001315047,-1.0,21.932334046178976
1,EV_B07_C021_Moto_Lineal_Electrica,2.0,88.35111001315047,-1.0,21.932334046178976
1,EV_B07_C021_Moto_Lineal_Electrica,1.0,88.35111001315047,-1.0,21.932334046178976
1,EV_B07_C021_Moto_Lineal_Electrica,0.0,88.35111001315047,-1.0,21.932334046178976
3,NONE,-1.0,-0.1,-1.0,-0.1
3,NONE,-1.0,-0.1,-1.0,-0.1
3,NONE,-1.0,-0.1,-1.0,-0.1
3,NONE,-1.0,-0.1,-1.0,-0.1
3,NONE,-1.0,-0.1,-1.0,-0.1
3,NONE,-1.0,-0.1,-1.0,-0.1
3,NONE,-1.0,-0.1,-1.0,-0.1
3,NONE,-1.0,-0.1,-1.0,-0.1
3,NONE,-1.0,-0.1,-1.0,-0.1
3,NONE,-1.0,-0.1,-1.0,-0.1
3,NONE,-1.0,-0.1,-1.0,-0.1
3,NONE,-1.0,-0.1,-1.0,-0.1
3,NONE,-1.0,-0.1,-1.0,-0.1
3,NONE,-1.0,-0.1,-1.0,-0.1
3,NONE,-1.0,-0.1,-1.0,-0.1
3,NONE,-1.0,-0.1,-1.0,-0.1
3,NONE,-1.0,-0.1,-1.0,-0.1
3,NONE,-1.0,-0.1,-1.0,-0.1
3,NONE,-1.0,-0.1,-1.0,-0.1
3,NONE,-1.0,-0.1,-1.0,-0.1
3,NONE,-1.0,-0.1,-1.0,-0.1
3,NONE,-1.0,-0.1,-1.0,-0.1
3,NONE,-1.0,-0.1,-1.0,-0.1
3,NONE,-1.0,-0.1,-1.0,-0.1
3,NONE,-1.0,-0.1,-1.0,-0.1
3,NONE,-1.0,-0.1,-1.0,-0.1
3,NONE,-1.0,-0.1,-1.0,-0.1
3,NONE,-1.0,-0.1,-1.0,-0.1
3,NONE,-1.0,-0.1,-1.0,-0.1
3,NONE,-1.0,-0.1,-1.0,-0.1
3,NONE,-1.0,-0.1,-1.0,-0.1
3,NONE,-1.0,-0.1,-1.0,-0.1
3,NONE,-1.0,-0.1,-1.0,-0.1
3,NONE,-1.0,-0.1,-1.0,-0.1
3,NONE,-1.0,-0.1,-1.0,-0.1
3,NONE,-1.0,-0.1,-1.0,-0.1
3,NONE,-1.0,-0.1,-1.0,-0.1
3,NONE,-1.0,-0.1,-1.0,-0.1
3,NONE,-1.0,-0.1,-1.0,-0.1
3,NONE,-1.0,-0.1,-1.0,-0.1
2,EV_B07_C021_Moto_Lineal_Electrica,-1.0,-0.1,8.0,27.825422760729825
1,EV_B07_C021_Moto_Lineal_Electrica,6.0,82.02155271113931,-1.0,27.825422760729825
1,EV_B07_C021_Moto_Lineal_Electrica,5.0,82.02155271113931,-1.0,27.825422760729825
1,EV_B07_C021_Moto_Lineal_Electrica,4.0,82.02155271113931,-1.0,27.825422760729825
1,EV_B07_C021_Moto_Lineal_Electrica,3.0,82.02155271113931,-1.0,27.825422760729825
1,EV_B07_C021_Moto_Lineal_Electrica,2.0,82.02155271113931,-1.0,27.825422760729825
1,EV_B07_C021_Moto_Lineal_Electrica,1.0,82.02155271113931,-1.0,27.825422760729825
1,EV_B07_C021_Moto_Lineal_Electrica,0.0,82.02155271113931,-1.0,27.825422760729825
3,NONE,-1.0,-0.1,-1.0,-0.1
3,NONE,-1.0,-0.1,-1.0,-0.1
3,NONE,-1.0,-0.1,-1.0,-0.1
3,NONE,-1.0,-0.1,-1.0,-0.1
3,NONE,-1.0,-0.1,-1.0,-0.1
3,NONE,-1.0,-0.1,-1.0,-0.1
3,NONE,-1.0,-0.1,-1.0,-0.1
3,NONE,-1.0,-0.1,-1.0,-0.1
3,NONE,-1.0,-0.1,-1.0,-0.1
3,NONE,-1.0,-0.1,-1.0,-0.1
3,NONE,-1.0,-0.1,-1.0,-0.1
3,NONE,-1.0,-0.1,-1.0,-0.1
3,NONE,-1.0,-0.1,-1.0,-0.1
3,NONE,-1.0,-0.1,-1.0,-0.1
3,NONE,-1.0,-0.1,-1.0,-0.1
2,EV_B07_C021_Moto_Lineal_Electrica,-1.0,-0.1,7.0,34.52027018738312
1,EV_B07_C021_Moto_Lineal_Electrica,7.0,82.62821468451753,-1.0,34.52027018738312
1,EV_B07_C021_Moto_Lineal_Electrica,6.0,82.62821468451753,-1.0,34.52027018738312
1,EV_B07_C021_Moto_Lineal_Electrica,5.0,82.62821468451753,-1.0,34.52027018738312
1,EV_B07_C021_Moto_Lineal_Electrica,4.0,82.62821468451753,-1.0,34.52027018738312
1,EV_B07_C021_Moto_Lineal_Electrica,3.0,82.62821468451753,-1.0,34.52027018738312
1,EV_B07_C021_Moto_Lineal_Electrica,2.0,82.62821468451753,-1.0,34.52027018738312
1,EV_B07_C021_Moto_Lineal_Electrica,1.0,82.62821468451753,-1.0,34.52027018738312
1,EV_B07_C021_Moto_Lineal_Electrica,0.0,82.62821468451753,-1.0,34.52027018738312
3,NONE,-1.0,-0.1,-1.0,-0.1
3,NONE,-1.0,-0.1,-1.0,-0.1
3,NONE,-1.0,-0.1,-1.0,-0.1
3,NONE,-1.0,-0.1,-1.0,-0.1
3,NONE,-1.0,-0.1,-1.0,-0.1
3,NONE,-1.0,-0.1,-1.0,-0.1
3,NONE,-1.0,-0.1,-1.0,-0.1
3,NONE,-1.0,-0.1,-1.0,-0.1
3,NONE,-1.0,-0.1,-1.0,-0.1
3,NONE,-1.0,-0.1,-1.0,-0.1
3,NONE,-1.0,-0.1,-1.0,-0.1
3,NONE,-1.0,-0.1,-1.0,-0.1
3,NONE,-1.0,-0.1,-1.0,-0.1
3,NONE,-1.0,-0.1,-1.0,-0.1
3,NONE,-1.0,-0.1,-1.0,-0.1
3,NONE,-1.0,-0.1,-1.0,-0.1
3,NONE,-1.0,-0.1,-1.0,-0.1
3,NONE,-1.0,-0.1,-1.0,-0.1
3,NONE,-1.0,-0.1,-1.0,-0.1
3,NONE,-1.0,-0.1,-1.0,-0.1
3,NONE,-1.0,-0.1,-1.0,-0.1
3,NONE,-1.0,-0.1,-1.0,-0.1
3,NONE,-1.0,-0.1,-1.0,-0.1
3,NONE,-1.0,-0.1,-1.0,-0.1
3,NONE,-1.0,-0.1,-1.0,-0.1
3,NONE,-1.0,-0.1,-1.0,-0.1
3,NONE,-1.0,-0.1,-1.0,-0.1
3,NONE,-1.0,-0.1,-1.0,-0.1
3,NONE,-1.0,-0.1,-1.0,-0.1
3,NONE,-1.0,-0.1,-1.0,-0.1
3,NONE,-1.0,-0.1,-1.0,-0.1
3,NONE,-1.0,-0.1,-1.0,-0.1
3,NONE,-1.0,-0.1,-1.0,-0.1
3,NONE,-1.0,-0.1,-1.0,-0.1
3,NONE,-1.0,-0.1,-1.0,-0.1
3,NONE,-1.0,-0.1,-1.0,-0.1
3,NONE,-1.0,-0.1,-1.0,-0.1
3,NONE,-1.0,-0.1,-1.0,-0.1
3,NONE,-1.0,-0.1,-1.0,-0.1
3,NONE,-1.0,-0.1,-1.0,-0.1
3,NONE,-1.0,-0.1,-1.0,-0.1
3,NONE,-1.0,-0.1,-1.0,-0.1
3,NONE,-1.0,-0.1,-1.0,-0.1
3,NONE,-1.0,-0.1,-1.0,-0.1
3,NONE,-1.0,-0.1,-1.0,-0.1
3,NONE,-1.0,-0.1,-1.0,-0.1
3,NONE,-1.0,-0.1,-1.0,-0.1
3,NONE,-1.0,-0.1,-1.0,-0.1
3,NONE,-1.0,-0.1,-1.0,-0.1
3,NONE,-1.0,-0.1,-1.0,-0.1
3,NONE,-1.0,-0.1,-1.0,-0.1
3,NONE,-1.0,-0.1,-1.0,-0.1
3,NONE,-1.0,-0.1,-1.0,-0.1
3,NONE,-1.0,-0.1,-1.0,-0.1
3,NONE,-1.0,-0.1,-1.0,-0.1
3,NONE,-1.0,-0.1,-1.0,-0.1
3,NONE,-1.0,-0.1,-1.0,-0.1
3,NONE,-1.0,-0.1,-1.0,-0.1
3,NONE,-1.0,-0.1,-1.0,-0.1
3,NONE,-1.0,-0.1,-1.0,-0.1
3,NONE,-1.0,-0.1,-1.0,-0.1
3,NONE,-1.0,-0.1,-1.0,-0.1
3,NONE,-1.0,-0.1,-1.0,-0.1
3,NONE,-1.0,-0.1,-1.0,-0.1
3,NONE,-1.0,-0.1,-1.0,-0.1
3,NONE,-1.0,-0.1,-1.0,-0.1
3,NONE,-1.0,-0.1,-1.0,-0.1
3,NONE,-1.0,-0.1,-1.0,-0.1
3,NONE,-1.0,-0.1,-1.0,-0.1
3,NONE,-1.0,-0.1,-1.0,-0.1
3,NONE,-1.0,-0.1,-1.0,-0.1
3,NONE,-1.0,-0.1,-1.0,-0.1
3,NONE,-1.0,-0.1,-1.0,-0.1
3,NONE,-1.0,-0.1,-1.0,-0.1
3,NONE,-1.0,-0.1,-1.0,-0.1
3,NONE,-1.0,-0.1,-1.0,-0.1
3,NONE,-1.0,-0.1,-1.0,-0.1
3,NONE,-1.0,-0.1,-1.0,-0.1
3,NONE,-1.0,-0.1,-1.0,-0.1
3,NONE,-1.0,-0.1,-1.0,-0.1
3,NONE,-1.0,-0.1,-1.0,-0.1
3,NONE,-1.0,-0.1,-1.0,-0.1
3,NONE,-1.0,-0.1,-1.0,-0.1
3,NONE,-1.0,-0.1,-1.0,-0.1
3,NONE,-1.0,-0.1,-1.0,-0.1
3,NONE,-1.0,-0.1,-1.0,-0.1
3,NONE,-1.0,-0.1,-1.0,-0.1
3,NONE,-1.0,-0.1,-1.0,-0.1
3,NONE,-1.0,-0.1,-1.0,-0.1
3,NONE,-1.0,-0.1,-1.0,-0.1
3,NONE,-1.0,-0.1,-1.0,-0.1
3,NONE,-1.0,-0.1,-1.0,-0.1
3,NONE,-1.0,-0.1,-1.0,-0.1
3,NONE,-1.0,-0.1,-1.0,-0.1
3,NONE,-1.0,-0.1,-1.0,-0.1
3,NONE,-1.0,-0.1,-1.0,-0.1
3,NONE,-1.0,-0.1,-1.0,-0.1
3,NONE,-1.0,-0.1,-1.0,-0.1
3,NONE,-1.0,-0.1,-1.0,-0.1
3,NONE,-1.0,-0.1,-1.0,-0.1
3,NONE,-1.0,-0.1,-1.0,-0.1
3,NONE,-1.0,-0.1,-1.0,-0.1
3,NONE,-1.0,-0.1,-1.0,-0.1
3,NONE,-1.0,-0.1,-1.0,-0.1
3,NONE,-1.0,-0.1,-1.0,-0.1
3,NONE,-1.0,-0.1,-1.0,-0.1
3,NONE,-1.0,-0.1,-1.0,-0.1
3,NONE,-1.0,-0.1,-1.0,-0.1
3,NONE,-1.0,-0.1,-1.0,-0.1
3,NONE,-1.0,-0.1,-1.0,-0.1
3,NONE,-1.0,-0.1,-1.0,-0.1
3,NONE,-1.0,-0.1,-1.0,-0.1
2,EV_B07_C021_Moto_Lineal_Electrica,-1.0,-0.1,8.0,8.966654115464273
1,EV_B07_C021_Moto_Lineal_Electrica,6.0,90.71097081695702,-1.0,8.966654115464273
1,EV_B07_C021_Moto_Lineal_Electrica,5.0,90.71097081695702,-1.0,8.966654115464273
1,EV_B07_C021_Moto_Lineal_Electrica,4.0,90.71097081695702,-1.0,8.966654115464273
1,EV_B07_C021_Moto_Lineal_Electrica,3.0,90.71097081695702,-1.0,8.966654115464273
1,EV_B07_C021_Moto_Lineal_Electrica,2.0,90.71097081695702,-1.0,8.966654115464273
1,EV_B07_C021_Moto_Lineal_Electrica,1.0,90.71097081695702,-1.0,8.966654115464273
1,EV_B07_C021_Moto_Lineal_Electrica,0.0,90.71097081695702,-1.0,8.966654115464273
3,NONE,-1.0,-0.1,-1.0,-0.1
3,NONE,-1.0,-0.1,-1.0,-0.1
3,NONE,-1.0,-0.1,-1.0,-0.1
3,NONE,-1.0,-0.1,-1.0,-0.1
3,NONE,-1.0,-0.1,-1.0,-0.1
3,NONE,-1.0,-0.1,-1.0,-0.1
3,NONE,-1.0,-0.1,-1.0,-0.1
3,NONE,-1.0,-0.1,-1.0,-0.1
3,NONE,-1.0,-0.1,-1.0,-0.1
3,NONE,-1.0,-0.1,-1.0,-0.1
3,NONE,-1.0,-0.1,-1.0,-0.1
3,NONE,-1.0,-0.1,-1.0,-0.1
3,NONE,-1.0,-0.1,-1.0,-0.1
3,NONE,-1.0,-0.1,-1.0,-0.1
3,NONE,-1.0,-0.1,-1.0,-0.1
3,NONE,-1.0,-0.1,-1.0,-0.1
2,EV_B07_C021_Moto_Lineal_Electrica,-1.0,-0.1,8.0,31.454002795615384
1,EV_B07_C021_Moto_Lineal_Electrica,6.0,80.76782776159246,-1.0,31.454002795615384
1,EV_B07_C021_Moto_Lineal_Electrica,5.0,80.76782776159246,-1.0,31.454002795615384
1,EV_B07_C021_Moto_Lineal_Electrica,4.0,80.76782776159246,-1.0,31.454002795615384
1,EV_B07_C021_Moto_Lineal_Electrica,3.0,80.76782776159246,-1.0,31.454002795615384
1,EV_B07_C021_Moto_Lineal_Electrica,2.0,80.76782776159246,-1.0,31.454002795615384
1,EV_B07_C021_Moto_Lineal_Electrica,1.0,80.76782776159246,-1.0,31.454002795615384
1,EV_B07_C021_Moto_Lineal_Electrica,0.0,80.76782776159246,-1.0,31.454002795615384
3,NONE,-1.0,-0.1,-1.0,-0.1
3,NONE,-1.0,-0.1,-1.0,-0.1
3,NONE,-1.0,-0.1,-1.0,-0.1
3,NONE,-1.0,-0.1,-1.0,-0.1
3,NONE,-1.0,-0.1,-1.0,-0.1
3,NONE,-1.0,-0.1,-1.0,-0.1
3,NONE,-1.0,-0.1,-1.0,-0.1
3,NONE,-1.0,-0.1,-1.0,-0.1
3,NONE,-1.0,-0.1,-1.0,-0.1
3,NONE,-1.0,-0.1,-1.0,-0.1
3,NONE,-1.0,-0.1,-1.0,-0.1
3,NONE,-1.0,-0.1,-1.0,-0.1
3,NONE,-1.0,-0.1,-1.0,-0.1
3,NONE,-1.0,-0.1,-1.0,-0.1
3,NONE,-1.0,-0.1,-1.0,-0.1
2,EV_B07_C021_Moto_Lineal_Electrica,-1.0,-0.1,7.0,5.0
1,EV_B07_C021_Moto_Lineal_Electrica,7.0,84.59655896480943,-1.0,5.0
1,EV_B07_C021_Moto_Lineal_Electrica,6.0,84.59655896480943,-1.0,5.0
1,EV_B07_C021_Moto_Lineal_Electrica,5.0,84.59655896480943,-1.0,5.0
1,EV_B07_C021_Moto_Lineal_Electrica,4.0,84.59655896480943,-1.0,5.0
1,EV_B07_C021_Moto_Lineal_Electrica,3.0,84.59655896480943,-1.0,5.0
1,EV_B07_C021_Moto_Lineal_Electrica,2.0,84.59655896480943,-1.0,5.0
1,EV_B07_C021_Moto_Lineal_Electrica,1.0,84.59655896480943,-1.0,5.0
1,EV_B07_C021_Moto_Lineal_Electrica,0.0,84.59655896480943,-1.0,5.0
3,NONE,-1.0,-0.1,-1.0,-0.1
3,NONE,-1.0,-0.1,-1.0,-0.1
3,NONE,-1.0,-0.1,-1.0,-0.1
3,NONE,-1.0,-0.1,-1.0,-0.1
3,NONE,-1.0,-0.1,-1.0,-0.1
3,NONE,-1.0,-0.1,-1.0,-0.1
3,NONE,-1.0,-0.1,-1.0,-0.1
3,NONE,-1.0,-0.1,-1.0,-0.1
3,NONE,-1.0,-0.1,-1.0,-0.1
3,NONE,-1.0,-0.1,-1.0,-0.1
3,NONE,-1.0,-0.1,-1.0,-0.1
3,NONE,-1.0,-0.1,-1.0,-0.1
3,NONE,-1.0,-0.1,-1.0,-0.1
3,NONE,-1.0,-0.1,-1.0,-0.1
3,NONE,-1.0,-0.1,-1.0,-0.1
3,NONE,-1.0,-0.1,-1.0,-0.1
3,NONE,-1.0,-0.1,-1.0,-0.1
3,NONE,-1.0,-0.1,-1.0,-0.1
3,NONE,-1.0,-0.1,-1.0,-0.1
3,NONE,-1.0,-0.1,-1.0,-0.1
3,NONE,-1.0,-0.1,-1.0,-0.1
3,NONE,-1.0,-0.1,-1.0,-0.1
3,NONE,-1.0,-0.1,-1.0,-0.1
3,NONE,-1.0,-0.1,-1.0,-0.1
3,NONE,-1.0,-0.1,-1.0,-0.1
3,NONE,-1.0,-0.1,-1.0,-0.1
3,NONE,-1.0,-0.1,-1.0,-0.1
3,NONE,-1.0,-0.1,-1.0,-0.1
3,NONE,-1.0,-0.1,-1.0,-0.1
3,NONE,-1.0,-0.1,-1.0,-0.1
3,NONE,-1.0,-0.1,-1.0,-0.1
3,NONE,-1.0,-0.1,-1.0,-0.1
3,NONE,-1.0,-0.1,-1.0,-0.1
3,NONE,-1.0,-0.1,-1.0,-0.1
3,NONE,-1.0,-0.1,-1.0,-0.1
3,NONE,-1.0,-0.1,-1.0,-0.1
3,NONE,-1.0,-0.1,-1.0,-0.1
3,NONE,-1.0,-0.1,-1.0,-0.1
3,NONE,-1.0,-0.1,-1.0,-0.1
3,NONE,-1.0,-0.1,-1.0,-0.1
3,NONE,-1.0,-0.1,-1.0,-0.1
3,NONE,-1.0,-0.1,-1.0,-0.1
3,NONE,-1.0,-0.1,-1.0,-0.1
3,NONE,-1.0,-0.1,-1.0,-0.1
3,NONE,-1.0,-0.1,-1.0,-0.1
3,NONE,-1.0,-0.1,-1.0,-0.1
3,NONE,-1.0,-0.1,-1.0,-0.1
3,NONE,-1.0,-0.1,-1.0,-0.1
3,NONE,-1.0,-0.1,-1.0,-0.1
3,NONE,-1.0,-0.1,-1.0,-0.1
3,NONE,-1.0,-0.1,-1.0,-0.1
3,NONE,-1.0,-0.1,-1.0,-0.1
3,NONE,-1.0,-0.1,-1.0,-0.1
3,NONE,-1.0,-0.1,-1.0,-0.1
3,NONE,-1.0,-0.1,-1.0,-0.1
3,NONE,-1.0,-0.1,-1.0,-0.1
3,NONE,-1.0,-0.1,-1.0,-0.1
3,NONE,-1.0,-0.1,-1.0,-0.1
3,NONE,-1.0,-0.1,-1.0,-0.1
3,NONE,-1.0,-0.1,-1.0,-0.1
3,NONE,-1.0,-0.1,-1.0,-0.1
3,NONE,-1.0,-0.1,-1.0,-0.1
3,NONE,-1.0,-0.1,-1.0,-0.1
3,NONE,-1.0,-0.1,-1.0,-0.1
3,NONE,-1.0,-0.1,-1.0,-0.1
3,NONE,-1.0,-0.1,-1.0,-0.1
3,NONE,-1.0,-0.1,-1.0,-0.1
3,NONE,-1.0,-0.1,-1.0,-0.1
3,NONE,-1.0,-0.1,-1.0,-0.1
3,NONE,-1.0,-0.1,-1.0,-0.1
3,NONE,-1.0,-0.1,-1.0,-0.1
3,NONE,-1.0,-0.1,-1.0,-0.1
3,NONE,-1.0,-0.1,-1.0,-0.1
3,NONE,-1.0,-0.1,-1.0,-0.1
3,NONE,-1.0,-0.1,-1.0,-0.1
3,NONE,-1.0,-0.1,-1.0,-0.1
3,NONE,-1.0,-0.1,-1.0,-0.1
3,NONE,-1.0,-0.1,-1.0,-0.1
3,NONE,-1.0,-0.1,-1.0,-0.1
3,NONE,-1.0,-0.1,-1.0,-0.1
3,NONE,-1.0,-0.1,-1.0,-0.1
3,NONE,-1.0,-0.1,-1.0,-0.1
3,NONE,-1.0,-0.1,-1.0,-0.1
3,NONE,-1.0,-0.1,-1.0,-0.1
3,NONE,-1.0,-0.1,-1.0,-0.1
3,NONE,-1.0,-0.1,-1.0,-0.1
3,NONE,-1.0,-0.1,-1.0,-0.1
3,NONE,-1.0,-0.1,-1.0,-0.1
2,EV_B07_C021_Moto_Lineal_Electrica,-1.0,-0.1,8.0,54.98083638665482
1,EV_B07_C021_Moto_Lineal_Electrica,6.0,92.79998717498636,-1.0,54.98083638665482
1,EV_B07_C021_Moto_Lineal_Electrica,5.0,92.79998717498636,-1.0,54.98083638665482
1,EV_B07_C021_Moto_Lineal_Electrica,4.0,92.79998717498636,-1.0,54.98083638665482
1,EV_B07_C021_Moto_Lineal_Electrica,3.0,92.79998717498636,-1.0,54.98083638665482
1,EV_B07_C021_Moto_Lineal_Electrica,2.0,92.79998717498636,-1.0,54.98083638665482
1,EV_B07_C021_Moto_Lineal_Electrica,1.0,92.79998717498636,-1.0,54.98083638665482
1,EV_B07_C021_Moto_Lineal_Electrica,0.0,92.79998717498636,-1.0,54.98083638665482
3,NONE,-1.0,-0.1,-1.0,-0.1
3,NONE,-1.0,-0.1,-1.0,-0.1
3,NONE,-1.0,-0.1,-1.0,-0.1
3,NONE,-1.0,-0.1,-1.0,-0.1
3,NONE,-1.0,-0.1,-1.0,-0.1
3,NONE,-1.0,-0.1,-1.0,-0.1
3,NONE,-1.0,-0.1,-1.0,-0.1
3,NONE,-1.0,-0.1,-1.0,-0.1
3,NONE,-1.0,-0.1,-1.0,-0.1
3,NONE,-1.0,-0.1,-1.0,-0.1
3,NONE,-1.0,-0.1,-1.0,-0.1
3,NONE,-1.0,-0.1,-1.0,-0.1
3,NONE,-1.0,-0.1,-1.0,-0.1
3,NONE,-1.0,-0.1,-1.0,-0.1
3,NONE,-1.0,-0.1,-1.0,-0.1
3,NONE,-1.0,-0.1,-1.0,-0.1
3,NONE,-1.0,-0.1,-1.0,-0.1
2,EV_B07_C021_Moto_Lineal_Electrica,-1.0,-0.1,9.0,24.300643417021504
1,EV_B07_C021_Moto_Lineal_Electrica,5.0,86.27975806129493,-1.0,24.300643417021504
1,EV_B07_C021_Moto_Lineal_Electrica,4.0,86.27975806129493,-1.0,24.300643417021504
1,EV_B07_C021_Moto_Lineal_Electrica,3.0,86.27975806129493,-1.0,24.300643417021504
1,EV_B07_C021_Moto_Lineal_Electrica,2.0,86.27975806129493,-1.0,24.300643417021504
1,EV_B07_C021_Moto_Lineal_Electrica,1.0,86.27975806129493,-1.0,24.300643417021504
1,EV_B07_C021_Moto_Lineal_Electrica,0.0,86.27975806129493,-1.0,24.300643417021504
3,NONE,-1.0,-0.1,-1.0,-0.1
3,NONE,-1.0,-0.1,-1.0,-0.1
3,NONE,-1.0,-0.1,-1.0,-0.1
3,NONE,-1.0,-0.1,-1.0,-0.1
3,NONE,-1.0,-0.1,-1.0,-0.1
3,NONE,-1.0,-0.1,-1.0,-0.1
3,NONE,-1.0,-0.1,-1.0,-0.1
3,NONE,-1.0,-0.1,-1.0,-0.1
3,NONE,-1.0,-0.1,-1.0,-0.1
3,NONE,-1.0,-0.1,-1.0,-0.1
3,NONE,-1.0,-0.1,-1.0,-0.1
3,NONE,-1.0,-0.1,-1.0,-0.1
3,NONE,-1.0,-0.1,-1.0,-0.1
3,NONE,-1.0,-0.1,-1.0,-0.1
3,NONE,-1.0,-0.1,-1.0,-0.1
2,EV_B07_C021_Moto_Lineal_Electrica,-1.0,-0.1,7.0,16.39339829132572
1,EV_B07_C021_Moto_Lineal_Electrica,7.0,94.8644483704068,-1.0,16.39339829132572
1,EV_B07_C021_Moto_Lineal_Electrica,6.0,94.8644483704068,-1.0,16.39339829132572
1,EV_B07_C021_Moto_Lineal_Electrica,5.0,94.8644483704068,-1.0,16.39339829132572
1,EV_B07_C021_Moto_Lineal_Electrica,4.0,94.8644483704068,-1.0,16.39339829132572
1,EV_B07_C021_Moto_Lineal_Electrica,3.0,94.8644483704068,-1.0,16.39339829132572
1,EV_B07_C021_Moto_Lineal_Electrica,2.0,94.8644483704068,-1.0,16.39339829132572
1,EV_B07_C021_Moto_Lineal_Electrica,1.0,94.8644483704068,-1.0,16.39339829132572
1,EV_B07_C021_Moto_Lineal_Electrica,0.0,94.8644483704068,-1.0,16.39339829132572
3,NONE,-1.0,-0.1,-1.0,-0.1
3,NONE,-1.0,-0.1,-1.0,-0.1
3,NONE,-1.0,-0.1,-1.0,-0.1
3,NONE,-1.0,-0.1,-1.0,-0.1
3,NONE,-1.0,-0.1,-1.0,-0.1
3,NONE,-1.0,-0.1,-1.0,-0.1
3,NONE,-1.0,-0.1,-1.0,-0.1
3,NONE,-1.0,-0.1,-1.0,-0.1
3,NONE,-1.0,-0.1,-1.0,-0.1
3,NONE,-1.0,-0.1,-1.0,-0.1
3,NONE,-1.0,-0.1,-1.0,-0.1
3,NONE,-1.0,-0.1,-1.0,-0.1
3,NONE,-1.0,-0.1,-1.0,-0.1
3,NONE,-1.0,-0.1,-1.0,-0.1
3,NONE,-1.0,-0.1,-1.0,-0.1
3,NONE,-1.0,-0.1,-1.0,-0.1
3,NONE,-1.0,-0.1,-1.0,-0.1
3,NONE,-1.0,-0.1,-1.0,-0.1
3,NONE,-1.0,-0.1,-1.0,-0.1
3,NONE,-1.0,-0.1,-1.0,-0.1
3,NONE,-1.0,-0.1,-1.0,-0.1
3,NONE,-1.0,-0.1,-1.0,-0.1
3,NONE,-1.0,-0.1,-1.0,-0.1
3,NONE,-1.0,-0.1,-1.0,-0.1
3,NONE,-1.0,-0.1,-1.0,-0.1
3,NONE,-1.0,-0.1,-1.0,-0.1
3,NONE,-1.0,-0.1,-1.0,-0.1
3,NONE,-1.0,-0.1,-1.0,-0.1
3,NONE,-1.0,-0.1,-1.0,-0.1
3,NONE,-1.0,-0.1,-1.0,-0.1
3,NONE,-1.0,-0.1,-1.0,-0.1
3,NONE,-1.0,-0.1,-1.0,-0.1
3,NONE,-1.0,-0.1,-1.0,-0.1
3,NONE,-1.0,-0.1,-1.0,-0.1
3,NONE,-1.0,-0.1,-1.0,-0.1
3,NONE,-1.0,-0.1,-1.0,-0.1
3,NONE,-1.0,-0.1,-1.0,-0.1
3,NONE,-1.0,-0.1,-1.0,-0.1
3,NONE,-1.0,-0.1,-1.0,-0.1
3,NONE,-1.0,-0.1,-1.0,-0.1
2,EV_B07_C021_Moto_Lineal_Electrica,-1.0,-0.1,8.0,47.36684073408034
1,EV_B07_C021_Moto_Lineal_Electrica,6.0,81.65736236620526,-1.0,47.36684073408034
1,EV_B07_C021_Moto_Lineal_Electrica,5.0,81.65736236620526,-1.0,47.36684073408034
1,EV_B07_C021_Moto_Lineal_Electrica,4.0,81.65736236620526,-1.0,47.36684073408034
1,EV_B07_C021_Moto_Lineal_Electrica,3.0,81.65736236620526,-1.0,47.36684073408034
1,EV_B07_C021_Moto_Lineal_Electrica,2.0,81.65736236620526,-1.0,47.36684073408034
1,EV_B07_C021_Moto_Lineal_Electrica,1.0,81.65736236620526,-1.0,47.36684073408034
1,EV_B07_C021_Moto_Lineal_Electrica,0.0,81.65736236620526,-1.0,47.36684073408034
3,NONE,-1.0,-0.1,-1.0,-0.1
3,NONE,-1.0,-0.1,-1.0,-0.1
3,NONE,-1.0,-0.1,-1.0,-0.1
3,NONE,-1.0,-0.1,-1.0,-0.1
3,NONE,-1.0,-0.1,-1.0,-0.1
3,NONE,-1.0,-0.1,-1.0,-0.1
3,NONE,-1.0,-0.1,-1.0,-0.1
3,NONE,-1.0,-0.1,-1.0,-0.1
3,NONE,-1.0,-0.1,-1.0,-0.1
3,NONE,-1.0,-0.1,-1.0,-0.1
3,NONE,-1.0,-0.1,-1.0,-0.1
3,NONE,-1.0,-0.1,-1.0,-0.1
3,NONE,-1.0,-0.1,-1.0,-0.1
3,NONE,-1.0,-0.1,-1.0,-0.1
3,NONE,-1.0,-0.1,-1.0,-0.1
3,NONE,-1.0,-0.1,-1.0,-0.1
3,NONE,-1.0,-0.1,-1.0,-0.1
3,NONE,-1.0,-0.1,-1.0,-0.1
3,NONE,-1.0,-0.1,-1.0,-0.1
3,NONE,-1.0,-0.1,-1.0,-0.1
3,NONE,-1.0,-0.1,-1.0,-0.1
3,NONE,-1.0,-0.1,-1.0,-0.1
3,NONE,-1.0,-0.1,-1.0,-0.1
3,NONE,-1.0,-0.1,-1.0,-0.1
3,NONE,-1.0,-0.1,-1.0,-0.1
3,NONE,-1.0,-0.1,-1.0,-0.1
3,NONE,-1.0,-0.1,-1.0,-0.1
3,NONE,-1.0,-0.1,-1.0,-0.1
3,NONE,-1.0,-0.1,-1.0,-0.1
3,NONE,-1.0,-0.1,-1.0,-0.1
3,NONE,-1.0,-0.1,-1.0,-0.1
3,NONE,-1.0,-0.1,-1.0,-0.1
3,NONE,-1.0,-0.1,-1.0,-0.1
3,NONE,-1.0,-0.1,-1.0,-0.1
3,NONE,-1.0,-0.1,-1.0,-0.1
3,NONE,-1.0,-0.1,-1.0,-0.1
3,NONE,-1.0,-0.1,-1.0,-0.1
3,NONE,-1.0,-0.1,-1.0,-0.1
3,NONE,-1.0,-0.1,-1.0,-0.1
3,NONE,-1.0,-0.1,-1.0,-0.1
3,NONE,-1.0,-0.1,-1.0,-0.1
3,NONE,-1.0,-0.1,-1.0,-0.1
3,NONE,-1.0,-0.1,-1.0,-0.1
3,NONE,-1.0,-0.1,-1.0,-0.1
3,NONE,-1.0,-0.1,-1.0,-0.1
3,NONE,-1.0,-0.1,-1.0,-0.1
3,NONE,-1.0,-0.1,-1.0,-0.1
3,NONE,-1.0,-0.1,-1.0,-0.1
3,NONE,-1.0,-0.1,-1.0,-0.1
3,NONE,-1.0,-0.1,-1.0,-0.1
3,NONE,-1.0,-0.1,-1.0,-0.1
3,NONE,-1.0,-0.1,-1.0,-0.1
3,NONE,-1.0,-0.1,-1.0,-0.1
3,NONE,-1.0,-0.1,-1.0,-0.1
3,NONE,-1.0,-0.1,-1.0,-0.1
3,NONE,-1.0,-0.1,-1.0,-0.1
3,NONE,-1.0,-0.1,-1.0,-0.1
3,NONE,-1.0,-0.1,-1.0,-0.1
3,NONE,-1.0,-0.1,-1.0,-0.1
3,NONE,-1.0,-0.1,-1.0,-0.1
3,NONE,-1.0,-0.1,-1.0,-0.1
3,NONE,-1.0,-0.1,-1.0,-0.1
3,NONE,-1.0,-0.1,-1.0,-0.1
3,NONE,-1.0,-0.1,-1.0,-0.1
3,NONE,-1.0,-0.1,-1.0,-0.1
3,NONE,-1.0,-0.1,-1.0,-0.1
3,NONE,-1.0,-0.1,-1.0,-0.1
3,NONE,-1.0,-0.1,-1.0,-0.1
3,NONE,-1.0,-0.1,-1.0,-0.1
3,NONE,-1.0,-0.1,-1.0,-0.1
3,NONE,-1.0,-0.1,-1.0,-0.1
3,NONE,-1.0,-0.1,-1.0,-0.1
3,NONE,-1.0,-0.1,-1.0,-0.1
3,NONE,-1.0,-0.1,-1.0,-0.1
3,NONE,-1.0,-0.1,-1.0,-0.1
3,NONE,-1.0,-0.1,-1.0,-0.1
3,NONE,-1.0,-0.1,-1.0,-0.1
3,NONE,-1.0,-0.1,-1.0,-0.1
3,NONE,-1.0,-0.1,-1.0,-0.1
3,NONE,-1.0,-0.1,-1.0,-0.1
3,NONE,-1.0,-0.1,-1.0,-0.1
3,NONE,-1.0,-0.1,-1.0,-0.1
3,NONE,-1.0,-0.1,-1.0,-0.1
3,NONE,-1.0,-0.1,-1.0,-0.1
3,NONE,-1.0,-0.1,-1.0,-0.1
3,NONE,-1.0,-0.1,-1.0,-0.1
3,NONE,-1.0,-0.1,-1.0,-0.1
3,NONE,-1.0,-0.1,-1.0,-0.1
3,NONE,-1.0,-0.1,-1.0,-0.1
3,NONE,-1.0,-0.1,-1.0,-0.1
3,NONE,-1.0,-0.1,-1.0,-0.1
3,NONE,-1.0,-0.1,-1.0,-0.1
3,NONE,-1.0,-0.1,-1.0,-0.1
3,NONE,-1.0,-0.1,-1.0,-0.1
3,NONE,-1.0,-0.1,-1.0,-0.1
3,NONE,-1.0,-0.1,-1.0,-0.1
3,NONE,-1.0,-0.1,-1.0,-0.1
3,NONE,-1.0,-0.1,-1.0,-0.1
3,NONE,-1.0,-0.1,-1.0,-0.1
3,NONE,-1.0,-0.1,-1.0,-0.1
3,NONE,-1.0,-0.1,-1.0,-0.1
3,NONE,-1.0,-0.1,-1.0,-0.1
3,NONE,-1.0,-0.1,-1.0,-0.1
3,NONE,-1.0,-0.1,-1.0,-0.1
3,NONE,-1.0,-0.1,-1.0,-0.1
3,NONE,-1.0,-0.1,-1.0,-0.1
3,NONE,-1.0,-0.1,-1.0,-0.1
3,NONE,-1.0,-0.1,-1.0,-0.1
3,NONE,-1.0,-0.1,-1.0,-0.1
3,NONE,-1.0,-0.1,-1.0,-0.1
3,NONE,-1.0,-0.1,-1.0,-0.1
3,NONE,-1.0,-0.1,-1.0,-0.1
3,NONE,-1.0,-0.1,-1.0,-0.1
2,EV_B07_C021_Moto_Lineal_Electrica,-1.0,-0.1,9.0,26.55053812483645
1,EV_B07_C021_Moto_Lineal_Electrica,5.0,79.79089820965879,-1.0,26.55053812483645
1,EV_B07_C021_Moto_Lineal_Electrica,4.0,79.79089820965879,-1.0,26.55053812483645
1,EV_B07_C021_Moto_Lineal_Electrica,3.0,79.79089820965879,-1.0,26.55053812483645
1,EV_B07_C021_Moto_Lineal_Electrica,2.0,79.79089820965879,-1.0,26.55053812483645
1,EV_B07_C021_Moto_Lineal_Electrica,1.0,79.79089820965879,-1.0,26.55053812483645
1,EV_B07_C021_Moto_Lineal_Electrica,0.0,79.79089820965879,-1.0,26.55053812483645
3,NONE,-1.0,-0.1,-1.0,-0.1
3,NONE,-1.0,-0.1,-1.0,-0.1
3,NONE,-1.0,-0.1,-1.0,-0.1
3,NONE,-1.0,-0.1,-1.0,-0.1
3,NONE,-1.0,-0.1,-1.0,-0.1
3,NONE,-1.0,-0.1,-1.0,-0.1
3,NONE,-1.0,-0.1,-1.0,-0.1
3,NONE,-1.0,-0.1,-1.0,-0.1
3,NONE,-1.0,-0.1,-1.0,-0.1
3,NONE,-1.0,-0.1,-1.0,-0.1
3,NONE,-1.0,-0.1,-1.0,-0.1
3,NONE,-1.0,-0.1,-1.0,-0.1
3,NONE,-1.0,-0.1,-1.0,-0.1
3,NONE,-1.0,-0.1,-1.0,-0.1
3,NONE,-1.0,-0.1,-1.0,-0.1
3,NONE,-1.0,-0.1,-1.0,-0.1
3,NONE,-1.0,-0.1,-1.0,-0.1
3,NONE,-1.0,-0.1,-1.0,-0.1
3,NONE,-1.0,-0.1,-1.0,-0.1
3,NONE,-1.0,-0.1,-1.0,-0.1
3,NONE,-1.0,-0.1,-1.0,-0.1
3,NONE,-1.0,-0.1,-1.0,-0.1
3,NONE,-1.0,-0.1,-1.0,-0.1
3,NONE,-1.0,-0.1,-1.0,-0.1
3,NONE,-1.0,-0.1,-1.0,-0.1
3,NONE,-1.0,-0.1,-1.0,-0.1
3,NONE,-1.0,-0.1,-1.0,-0.1
3,NONE,-1.0,-0.1,-1.0,-0.1
3,NONE,-1.0,-0.1,-1.0,-0.1
3,NONE,-1.0,-0.1,-1.0,-0.1
3,NONE,-1.0,-0.1,-1.0,-0.1
3,NONE,-1.0,-0.1,-1.0,-0.1
3,NONE,-1.0,-0.1,-1.0,-0.1
3,NONE,-1.0,-0.1,-1.0,-0.1
3,NONE,-1.0,-0.1,-1.0,-0.1
3,NONE,-1.0,-0.1,-1.0,-0.1
3,NONE,-1.0,-0.1,-1.0,-0.1
3,NONE,-1.0,-0.1,-1.0,-0.1
3,NONE,-1.0,-0.1,-1.0,-0.1
3,NONE,-1.0,-0.1,-1.0,-0.1
2,EV_B07_C021_Moto_Lineal_Electrica,-1.0,-0.1,8.0,28.74691490114827
1,EV_B07_C021_Moto_Lineal_Electrica,6.0,81.65528362033115,-1.0,28.74691490114827
1,EV_B07_C021_Moto_Lineal_Electrica,5.0,81.65528362033115,-1.0,28.74691490114827
1,EV_B07_C021_Moto_Lineal_Electrica,4.0,81.65528362033115,-1.0,28.74691490114827
1,EV_B07_C021_Moto_Lineal_Electrica,3.0,81.65528362033115,-1.0,28.74691490114827
1,EV_B07_C021_Moto_Lineal_Electrica,2.0,81.65528362033115,-1.0,28.74691490114827
1,EV_B07_C021_Moto_Lineal_Electrica,1.0,81.65528362033115,-1.0,28.74691490114827
1,EV_B07_C021_Moto_Lineal_Electrica,0.0,81.65528362033115,-1.0,28.74691490114827
3,NONE,-1.0,-0.1,-1.0,-0.1
3,NONE,-1.0,-0.1,-1.0,-0.1
3,NONE,-1.0,-0.1,-1.0,-0.1
3,NONE,-1.0,-0.1,-1.0,-0.1
3,NONE,-1.0,-0.1,-1.0,-0.1
3,NONE,-1.0,-0.1,-1.0,-0.1
3,NONE,-1.0,-0.1,-1.0,-0.1
3,NONE,-1.0,-0.1,-1.0,-0.1
3,NONE,-1.0,-0.1,-1.0,-0.1
3,NONE,-1.0,-0.1,-1.0,-0.1
3,NONE,-1.0,-0.1,-1.0,-0.1
3,NONE,-1.0,-0.1,-1.0,-0.1
3,NONE,-1.0,-0.1,-1.0,-0.1
3,NONE,-1.0,-0.1,-1.0,-0.1
3,NONE,-1.0,-0.1,-1.0,-0.1
3,NONE,-1.0,-0.1,-1.0,-0.1
3,NONE,-1.0,-0.1,-1.0,-0.1
3,NONE,-1.0,-0.1,-1.0,-0.1
3,NONE,-1.0,-0.1,-1.0,-0.1
3,NONE,-1.0,-0.1,-1.0,-0.1
3,NONE,-1.0,-0.1,-1.0,-0.1
3,NONE,-1.0,-0.1,-1.0,-0.1
3,NONE,-1.0,-0.1,-1.0,-0.1
3,NONE,-1.0,-0.1,-1.0,-0.1
3,NONE,-1.0,-0.1,-1.0,-0.1
3,NONE,-1.0,-0.1,-1.0,-0.1
3,NONE,-1.0,-0.1,-1.0,-0.1
3,NONE,-1.0,-0.1,-1.0,-0.1
3,NONE,-1.0,-0.1,-1.0,-0.1
3,NONE,-1.0,-0.1,-1.0,-0.1
3,NONE,-1.0,-0.1,-1.0,-0.1
3,NONE,-1.0,-0.1,-1.0,-0.1
3,NONE,-1.0,-0.1,-1.0,-0.1
3,NONE,-1.0,-0.1,-1.0,-0.1
3,NONE,-1.0,-0.1,-1.0,-0.1
3,NONE,-1.0,-0.1,-1.0,-0.1
3,NONE,-1.0,-0.1,-1.0,-0.1
3,NONE,-1.0,-0.1,-1.0,-0.1
3,NONE,-1.0,-0.1,-1.0,-0.1
3,NONE,-1.0,-0.1,-1.0,-0.1
3,NONE,-1.0,-0.1,-1.0,-0.1
3,NONE,-1.0,-0.1,-1.0,-0.1
3,NONE,-1.0,-0.1,-1.0,-0.1
3,NONE,-1.0,-0.1,-1.0,-0.1
3,NONE,-1.0,-0.1,-1.0,-0.1
3,NONE,-1.0,-0.1,-1.0,-0.1
3,NONE,-1.0,-0.1,-1.0,-0.1
3,NONE,-1.0,-0.1,-1.0,-0.1
3,NONE,-1.0,-0.1,-1.0,-0.1
3,NONE,-1.0,-0.1,-1.0,-0.1
3,NONE,-1.0,-0.1,-1.0,-0.1
3,NONE,-1.0,-0.1,-1.0,-0.1
3,NONE,-1.0,-0.1,-1.0,-0.1
3,NONE,-1.0,-0.1,-1.0,-0.1
3,NONE,-1.0,-0.1,-1.0,-0.1
3,NONE,-1.0,-0.1,-1.0,-0.1
3,NONE,-1.0,-0.1,-1.0,-0.1
3,NONE,-1.0,-0.1,-1.0,-0.1
3,NONE,-1.0,-0.1,-1.0,-0.1
3,NONE,-1.0,-0.1,-1.0,-0.1
3,NONE,-1.0,-0.1,-1.0,-0.1
3,NONE,-1.0,-0.1,-1.0,-0.1
3,NONE,-1.0,-0.1,-1.0,-0.1
3,NONE,-1.0,-0.1,-1.0,-0.1
2,EV_B07_C021_Moto_Lineal_Electrica,-1.0,-0.1,8.0,30.508328646259883
1,EV_B07_C021_Moto_Lineal_Electrica,6.0,79.57562192326239,-1.0,30.508328646259883
1,EV_B07_C021_Moto_Lineal_Electrica,5.0,79.57562192326239,-1.0,30.508328646259883
1,EV_B07_C021_Moto_Lineal_Electrica,4.0,79.57562192326239,-1.0,30.508328646259883
1,EV_B07_C021_Moto_Lineal_Electrica,3.0,79.57562192326239,-1.0,30.508328646259883
1,EV_B07_C021_Moto_Lineal_Electrica,2.0,79.57562192326239,-1.0,30.508328646259883
1,EV_B07_C021_Moto_Lineal_Electrica,1.0,79.57562192326239,-1.0,30.508328646259883
1,EV_B07_C021_Moto_Lineal_Electrica,0.0,79.57562192326239,-1.0,30.508328646259883
3,NONE,-1.0,-0.1,-1.0,-0.1
3,NONE,-1.0,-0.1,-1.0,-0.1
3,NONE,-1.0,-0.1,-1.0,-0.1
3,NONE,-1.0,-0.1,-1.0,-0.1
3,NONE,-1.0,-0.1,-1.0,-0.1
3,NONE,-1.0,-0.1,-1.0,-0.1
3,NONE,-1.0,-0.1,-1.0,-0.1
3,NONE,-1.0,-0.1,-1.0,-0.1
3,NONE,-1.0,-0.1,-1.0,-0.1
3,NONE,-1.0,-0.1,-1.0,-0.1
3,NONE,-1.0,-0.1,-1.0,-0.1
3,NONE,-1.0,-0.1,-1.0,-0.1
3,NONE,-1.0,-0.1,-1.0,-0.1
3,NONE,-1.0,-0.1,-1.0,-0.1
3,NONE,-1.0,-0.1,-1.0,-0.1
3,NONE,-1.0,-0.1,-1.0,-0.1
3,NONE,-1.0,-0.1,-1.0,-0.1
3,NONE,-1.0,-0.1,-1.0,-0.1
3,NONE,-1.0,-0.1,-1.0,-0.1
3,NONE,-1.0,-0.1,-1.0,-0.1
3,NONE,-1.0,-0.1,-1.0,-0.1
3,NONE,-1.0,-0.1,-1.0,-0.1
3,NONE,-1.0,-0.1,-1.0,-0.1
3,NONE,-1.0,-0.1,-1.0,-0.1
3,NONE,-1.0,-0.1,-1.0,-0.1
3,NONE,-1.0,-0.1,-1.0,-0.1
3,NONE,-1.0,-0.1,-1.0,-0.1
3,NONE,-1.0,-0.1,-1.0,-0.1
3,NONE,-1.0,-0.1,-1.0,-0.1
3,NONE,-1.0,-0.1,-1.0,-0.1
3,NONE,-1.0,-0.1,-1.0,-0.1
3,NONE,-1.0,-0.1,-1.0,-0.1
3,NONE,-1.0,-0.1,-1.0,-0.1
3,NONE,-1.0,-0.1,-1.0,-0.1
3,NONE,-1.0,-0.1,-1.0,-0.1
3,NONE,-1.0,-0.1,-1.0,-0.1
3,NONE,-1.0,-0.1,-1.0,-0.1
3,NONE,-1.0,-0.1,-1.0,-0.1
3,NONE,-1.0,-0.1,-1.0,-0.1
3,NONE,-1.0,-0.1,-1.0,-0.1
2,EV_B07_C021_Moto_Lineal_Electrica,-1.0,-0.1,8.0,36.64660327433393
1,EV_B07_C021_Moto_Lineal_Electrica,6.0,86.05699103199214,-1.0,36.64660327433393
1,EV_B07_C021_Moto_Lineal_Electrica,5.0,86.05699103199214,-1.0,36.64660327433393
1,EV_B07_C021_Moto_Lineal_Electrica,4.0,86.05699103199214,-1.0,36.64660327433393
1,EV_B07_C021_Moto_Lineal_Electrica,3.0,86.05699103199214,-1.0,36.64660327433393
1,EV_B07_C021_Moto_Lineal_Electrica,2.0,86.05699103199214,-1.0,36.64660327433393
1,EV_B07_C021_Moto_Lineal_Electrica,1.0,86.05699103199214,-1.0,36.64660327433393
1,EV_B07_C021_Moto_Lineal_Electrica,0.0,86.05699103199214,-1.0,36.64660327433393
3,NONE,-1.0,-0.1,-1.0,-0.1
3,NONE,-1.0,-0.1,-1.0,-0.1
3,NONE,-1.0,-0.1,-1.0,-0.1
3,NONE,-1.0,-0.1,-1.0,-0.1
3,NONE,-1.0,-0.1,-1.0,-0.1
3,NONE,-1.0,-0.1,-1.0,-0.1
3,NONE,-1.0,-0.1,-1.0,-0.1
3,NONE,-1.0,-0.1,-1.0,-0.1
3,NONE,-1.0,-0.1,-1.0,-0.1
3,NONE,-1.0,-0.1,-1.0,-0.1
3,NONE,-1.0,-0.1,-1.0,-0.1
3,NONE,-1.0,-0.1,-1.0,-0.1
3,NONE,-1.0,-0.1,-1.0,-0.1
3,NONE,-1.0,-0.1,-1.0,-0.1
3,NONE,-1.0,-0.1,-1.0,-0.1
2,EV_B07_C021_Moto_Lineal_Electrica,-1.0,-0.1,7.0,15.408784027378298
1,EV_B07_C021_Moto_Lineal_Electrica,7.0,75.5208051220005,-1.0,15.408784027378298
1,EV_B07_C021_Moto_Lineal_Electrica,6.0,75.5208051220005,-1.0,15.408784027378298
1,EV_B07_C021_Moto_Lineal_Electrica,5.0,75.5208051220005,-1.0,15.408784027378298
1,EV_B07_C021_Moto_Lineal_Electrica,4.0,75.5208051220005,-1.0,15.408784027378298
1,EV_B07_C021_Moto_Lineal_Electrica,3.0,75.5208051220005,-1.0,15.408784027378298
1,EV_B07_C021_Moto_Lineal_Electrica,2.0,75.5208051220005,-1.0,15.408784027378298
1,EV_B07_C021_Moto_Lineal_Electrica,1.0,75.5208051220005,-1.0,15.408784027378298
1,EV_B07_C021_Moto_Lineal_Electrica,0.0,75.5208051220005,-1.0,15.408784027378298
3,NONE,-1.0,-0.1,-1.0,-0.1
3,NONE,-1.0,-0.1,-1.0,-0.1
3,NONE,-1.0,-0.1,-1.0,-0.1
3,NONE,-1.0,-0.1,-1.0,-0.1
3,NONE,-1.0,-0.1,-1.0,-0.1
3,NONE,-1.0,-0.1,-1.0,-0.1
3,NONE,-1.0,-0.1,-1.0,-0.1
3,NONE,-1.0,-0.1,-1.0,-0.1
3,NONE,-1.0,-0.1,-1.0,-0.1
3,NONE,-1.0,-0.1,-1.0,-0.1
3,NONE,-1.0,-0.1,-1.0,-0.1
3,NONE,-1.0,-0.1,-1.0,-0.1
3,NONE,-1.0,-0.1,-1.0,-0.1
3,NONE,-1.0,-0.1,-1.0,-0.1
3,NONE,-1.0,-0.1,-1.0,-0.1
3,NONE,-1.0,-0.1,-1.0,-0.1
3,NONE,-1.0,-0.1,-1.0,-0.1
3,NONE,-1.0,-0.1,-1.0,-0.1
3,NONE,-1.0,-0.1,-1.0,-0.1
3,NONE,-1.0,-0.1,-1.0,-0.1
3,NONE,-1.0,-0.1,-1.0,-0.1
3,NONE,-1.0,-0.1,-1.0,-0.1
3,NONE,-1.0,-0.1,-1.0,-0.1
3,NONE,-1.0,-0.1,-1.0,-0.1
3,NONE,-1.0,-0.1,-1.0,-0.1
3,NONE,-1.0,-0.1,-1.0,-0.1
3,NONE,-1.0,-0.1,-1.0,-0.1
3,NONE,-1.0,-0.1,-1.0,-0.1
3,NONE,-1.0,-0.1,-1.0,-0.1
3,NONE,-1.0,-0.1,-1.0,-0.1
3,NONE,-1.0,-0.1,-1.0,-0.1
3,NONE,-1.0,-0.1,-1.0,-0.1
3,NONE,-1.0,-0.1,-1.0,-0.1
3,NONE,-1.0,-0.1,-1.0,-0.1
3,NONE,-1.0,-0.1,-1.0,-0.1
3,NONE,-1.0,-0.1,-1.0,-0.1
3,NONE,-1.0,-0.1,-1.0,-0.1
3,NONE,-1.0,-0.1,-1.0,-0.1
3,NONE,-1.0,-0.1,-1.0,-0.1
3,NONE,-1.0,-0.1,-1.0,-0.1
3,NONE,-1.0,-0.1,-1.0,-0.1
3,NONE,-1.0,-0.1,-1.0,-0.1
3,NONE,-1.0,-0.1,-1.0,-0.1
3,NONE,-1.0,-0.1,-1.0,-0.1
3,NONE,-1.0,-0.1,-1.0,-0.1
3,NONE,-1.0,-0.1,-1.0,-0.1
3,NONE,-1.0,-0.1,-1.0,-0.1
3,NONE,-1.0,-0.1,-1.0,-0.1
3,NONE,-1.0,-0.1,-1.0,-0.1
3,NONE,-1.0,-0.1,-1.0,-0.1
3,NONE,-1.0,-0.1,-1.0,-0.1
3,NONE,-1.0,-0.1,-1.0,-0.1
3,NONE,-1.0,-0.1,-1.0,-0.1
3,NONE,-1.0,-0.1,-1.0,-0.1
3,NONE,-1.0,-0.1,-1.0,-0.1
3,NONE,-1.0,-0.1,-1.0,-0.1
3,NONE,-1.0,-0.1,-1.0,-0.1
3,NONE,-1.0,-0.1,-1.0,-0.1
3,NONE,-1.0,-0.1,-1.0,-0.1
3,NONE,-1.0,-0.1,-1.0,-0.1
3,NONE,-1.0,-0.1,-1.0,-0.1
3,NONE,-1.0,-0.1,-1.0,-0.1
3,NONE,-1.0,-0.1,-1.0,-0.1
3,NONE,-1.0,-0.1,-1.0,-0.1
3,NONE,-1.0,-0.1,-1.0,-0.1
3,NONE,-1.0,-0.1,-1.0,-0.1
3,NONE,-1.0,-0.1,-1.0,-0.1
3,NONE,-1.0,-0.1,-1.0,-0.1
3,NONE,-1.0,-0.1,-1.0,-0.1
3,NONE,-1.0,-0.1,-1.0,-0.1
3,NONE,-1.0,-0.1,-1.0,-0.1
3,NONE,-1.0,-0.1,-1.0,-0.1
3,NONE,-1.0,-0.1,-1.0,-0.1
3,NONE,-1.0,-0.1,-1.0,-0.1
3,NONE,-1.0,-0.1,-1.0,-0.1
3,NONE,-1.0,-0.1,-1.0,-0.1
3,NONE,-1.0,-0.1,-1.0,-0.1
3,NONE,-1.0,-0.1,-1.0,-0.1
3,NONE,-1.0,-0.1,-1.0,-0.1
3,NONE,-1.0,-0.1,-1.0,-0.1
3,NONE,-1.0,-0.1,-1.0,-0.1
3,NONE,-1.0,-0.1,-1.0,-0.1
3,NONE,-1.0,-0.1,-1.0,-0.1
3,NONE,-1.0,-0.1,-1.0,-0.1
3,NONE,-1.0,-0.1,-1.0,-0.1
3,NONE,-1.0,-0.1,-1.0,-0.1
3,NONE,-1.0,-0.1,-1.0,-0.1
2,EV_B07_C021_Moto_Lineal_Electrica,-1.0,-0.1,7.0,41.85808308978667
1,EV_B07_C021_Moto_Lineal_Electrica,7.0,73.50380220637953,-1.0,41.85808308978667
1,EV_B07_C021_Moto_Lineal_Electrica,6.0,73.50380220637953,-1.0,41.85808308978667
1,EV_B07_C021_Moto_Lineal_Electrica,5.0,73.50380220637953,-1.0,41.85808308978667
1,EV_B07_C021_Moto_Lineal_Electrica,4.0,73.50380220637953,-1.0,41.85808308978667
1,EV_B07_C021_Moto_Lineal_Electrica,3.0,73.50380220637953,-1.0,41.85808308978667
1,EV_B07_C021_Moto_Lineal_Electrica,2.0,73.50380220637953,-1.0,41.85808308978667
1,EV_B07_C021_Moto_Lineal_Electrica,1.0,73.50380220637953,-1.0,41.85808308978667
1,EV_B07_C021_Moto_Lineal_Electrica,0.0,73.50380220637953,-1.0,41.85808308978667
3,NONE,-1.0,-0.1,-1.0,-0.1
3,NONE,-1.0,-0.1,-1.0,-0.1
3,NONE,-1.0,-0.1,-1.0,-0.1
3,NONE,-1.0,-0.1,-1.0,-0.1
3,NONE,-1.0,-0.1,-1.0,-0.1
3,NONE,-1.0,-0.1,-1.0,-0.1
3,NONE,-1.0,-0.1,-1.0,-0.1
3,NONE,-1.0,-0.1,-1.0,-0.1
3,NONE,-1.0,-0.1,-1.0,-0.1
3,NONE,-1.0,-0.1,-1.0,-0.1
3,NONE,-1.0,-0.1,-1.0,-0.1
3,NONE,-1.0,-0.1,-1.0,-0.1
3,NONE,-1.0,-0.1,-1.0,-0.1
3,NONE,-1.0,-0.1,-1.0,-0.1
3,NONE,-1.0,-0.1,-1.0,-0.1
3,NONE,-1.0,-0.1,-1.0,-0.1
3,NONE,-1.0,-0.1,-1.0,-0.1
3,NONE,-1.0,-0.1,-1.0,-0.1
3,NONE,-1.0,-0.1,-1.0,-0.1
3,NONE,-1.0,-0.1,-1.0,-0.1
3,NONE,-1.0,-0.1,-1.0,-0.1
3,NONE,-1.0,-0.1,-1.0,-0.1
3,NONE,-1.0,-0.1,-1.0,-0.1
3,NONE,-1.0,-0.1,-1.0,-0.1
3,NONE,-1.0,-0.1,-1.0,-0.1
3,NONE,-1.0,-0.1,-1.0,-0.1
3,NONE,-1.0,-0.1,-1.0,-0.1
3,NONE,-1.0,-0.1,-1.0,-0.1
3,NONE,-1.0,-0.1,-1.0,-0.1
3,NONE,-1.0,-0.1,-1.0,-0.1
3,NONE,-1.0,-0.1,-1.0,-0.1
3,NONE,-1.0,-0.1,-1.0,-0.1
3,NONE,-1.0,-0.1,-1.0,-0.1
3,NONE,-1.0,-0.1,-1.0,-0.1
3,NONE,-1.0,-0.1,-1.0,-0.1
3,NONE,-1.0,-0.1,-1.0,-0.1
3,NONE,-1.0,-0.1,-1.0,-0.1
3,NONE,-1.0,-0.1,-1.0,-0.1
3,NONE,-1.0,-0.1,-1.0,-0.1
2,EV_B07_C021_Moto_Lineal_Electrica,-1.0,-0.1,7.0,14.000037151010634
1,EV_B07_C021_Moto_Lineal_Electrica,7.0,99.09349399786272,-1.0,14.000037151010634
1,EV_B07_C021_Moto_Lineal_Electrica,6.0,99.09349399786272,-1.0,14.000037151010634
1,EV_B07_C021_Moto_Lineal_Electrica,5.0,99.09349399786272,-1.0,14.000037151010634
1,EV_B07_C021_Moto_Lineal_Electrica,4.0,99.09349399786272,-1.0,14.000037151010634
1,EV_B07_C021_Moto_Lineal_Electrica,3.0,99.09349399786272,-1.0,14.000037151010634
1,EV_B07_C021_Moto_Lineal_Electrica,2.0,99.09349399786272,-1.0,14.000037151010634
1,EV_B07_C021_Moto_Lineal_Electrica,1.0,99.09349399786272,-1.0,14.000037151010634
1,EV_B07_C021_Moto_Lineal_Electrica,0.0,99.09349399786272,-1.0,14.000037151010634
3,NONE,-1.0,-0.1,-1.0,-0.1
3,NONE,-1.0,-0.1,-1.0,-0.1
3,NONE,-1.0,-0.1,-1.0,-0.1
3,NONE,-1.0,-0.1,-1.0,-0.1
3,NONE,-1.0,-0.1,-1.0,-0.1
3,NONE,-1.0,-0.1,-1.0,-0.1
3,NONE,-1.0,-0.1,-1.0,-0.1
3,NONE,-1.0,-0.1,-1.0,-0.1
3,NONE,-1.0,-0.1,-1.0,-0.1
3,NONE,-1.0,-0.1,-1.0,-0.1
3,NONE,-1.0,-0.1,-1.0,-0.1
3,NONE,-1.0,-0.1,-1.0,-0.1
3,NONE,-1.0,-0.1,-1.0,-0.1
3,NONE,-1.0,-0.1,-1.0,-0.1
3,NONE,-1.0,-0.1,-1.0,-0.1
3,NONE,-1.0,-0.1,-1.0,-0.1
3,NONE,-1.0,-0.1,-1.0,-0.1
3,NONE,-1.0,-0.1,-1.0,-0.1
3,NONE,-1.0,-0.1,-1.0,-0.1
3,NONE,-1.0,-0.1,-1.0,-0.1
3,NONE,-1.0,-0.1,-1.0,-0.1
3,NONE,-1.0,-0.1,-1.0,-0.1
3,NONE,-1.0,-0.1,-1.0,-0.1
3,NONE,-1.0,-0.1,-1.0,-0.1
3,NONE,-1.0,-0.1,-1.0,-0.1
3,NONE,-1.0,-0.1,-1.0,-0.1
3,NONE,-1.0,-0.1,-1.0,-0.1
3,NONE,-1.0,-0.1,-1.0,-0.1
3,NONE,-1.0,-0.1,-1.0,-0.1
3,NONE,-1.0,-0.1,-1.0,-0.1
3,NONE,-1.0,-0.1,-1.0,-0.1
3,NONE,-1.0,-0.1,-1.0,-0.1
3,NONE,-1.0,-0.1,-1.0,-0.1
3,NONE,-1.0,-0.1,-1.0,-0.1
3,NONE,-1.0,-0.1,-1.0,-0.1
3,NONE,-1.0,-0.1,-1.0,-0.1
3,NONE,-1.0,-0.1,-1.0,-0.1
3,NONE,-1.0,-0.1,-1.0,-0.1
3,NONE,-1.0,-0.1,-1.0,-0.1
3,NONE,-1.0,-0.1,-1.0,-0.1
3,NONE,-1.0,-0.1,-1.0,-0.1
3,NONE,-1.0,-0.1,-1.0,-0.1
3,NONE,-1.0,-0.1,-1.0,-0.1
3,NONE,-1.0,-0.1,-1.0,-0.1
3,NONE,-1.0,-0.1,-1.0,-0.1
3,NONE,-1.0,-0.1,-1.0,-0.1
3,NONE,-1.0,-0.1,-1.0,-0.1
3,NONE,-1.0,-0.1,-1.0,-0.1
3,NONE,-1.0,-0.1,-1.0,-0.1
3,NONE,-1.0,-0.1,-1.0,-0.1
3,NONE,-1.0,-0.1,-1.0,-0.1
3,NONE,-1.0,-0.1,-1.0,-0.1
3,NONE,-1.0,-0.1,-1.0,-0.1
3,NONE,-1.0,-0.1,-1.0,-0.1
3,NONE,-1.0,-0.1,-1.0,-0.1
3,NONE,-1.0,-0.1,-1.0,-0.1
3,NONE,-1.0,-0.1,-1.0,-0.1
3,NONE,-1.0,-0.1,-1.0,-0.1
3,NONE,-1.0,-0.1,-1.0,-0.1
3,NONE,-1.0,-0.1,-1.0,-0.1
3,NONE,-1.0,-0.1,-1.0,-0.1
3,NONE,-1.0,-0.1,-1.0,-0.1
3,NONE,-1.0,-0.1,-1.0,-0.1
3,NONE,-1.0,-0.1,-1.0,-0.1
3,NONE,-1.0,-0.1,-1.0,-0.1
3,NONE,-1.0,-0.1,-1.0,-0.1
3,NONE,-1.0,-0.1,-1.0,-0.1
3,NONE,-1.0,-0.1,-1.0,-0.1
3,NONE,-1.0,-0.1,-1.0,-0.1
3,NONE,-1.0,-0.1,-1.0,-0.1
3,NONE,-1.0,-0.1,-1.0,-0.1
3,NONE,-1.0,-0.1,-1.0,-0.1
3,NONE,-1.0,-0.1,-1.0,-0.1
3,NONE,-1.0,-0.1,-1.0,-0.1
3,NONE,-1.0,-0.1,-1.0,-0.1
3,NONE,-1.0,-0.1,-1.0,-0.1
3,NONE,-1.0,-0.1,-1.0,-0.1
3,NONE,-1.0,-0.1,-1.0,-0.1
3,NONE,-1.0,-0.1,-1.0,-0.1
3,NONE,-1.0,-0.1,-1.0,-0.1
3,NONE,-1.0,-0.1,-1.0,-0.1
3,NONE,-1.0,-0.1,-1.0,-0.1
3,NONE,-1.0,-0.1,-1.0,-0.1
3,NONE,-1.0,-0.1,-1.0,-0.1
3,NONE,-1.0,-0.1,-1.0,-0.1
3,NONE,-1.0,-0.1,-1.0,-0.1
3,NONE,-1.0,-0.1,-1.0,-0.1
3,NONE,-1.0,-0.1,-1.0,-0.1
3,NONE,-1.0,-0.1,-1.0,-0.1
3,NONE,-1.0,-0.1,-1.0,-0.1
3,NONE,-1.0,-0.1,-1.0,-0.1
3,NONE,-1.0,-0.1,-1.0,-0.1
3,NONE,-1.0,-0.1,-1.0,-0.1
3,NONE,-1.0,-0.1,-1.0,-0.1
3,NONE,-1.0,-0.1,-1.0,-0.1
3,NONE,-1.0,-0.1,-1.0,-0.1
3,NONE,-1.0,-0.1,-1.0,-0.1
3,NONE,-1.0,-0.1,-1.0,-0.1
3,NONE,-1.0,-0.1,-1.0,-0.1
3,NONE,-1.0,-0.1,-1.0,-0.1
3,NONE,-1.0,-0.1,-1.0,-0.1
3,NONE,-1.0,-0.1,-1.0,-0.1
3,NONE,-1.0,-0.1,-1.0,-0.1
3,NONE,-1.0,-0.1,-1.0,-0.1
3,NONE,-1.0,-0.1,-1.0,-0.1
3,NONE,-1.0,-0.1,-1.0,-0.1
3,NONE,-1.0,-0.1,-1.0,-0.1
3,NONE,-1.0,-0.1,-1.0,-0.1
3,NONE,-1.0,-0.1,-1.0,-0.1
3,NONE,-1.0,-0.1,-1.0,-0.1
3,NONE,-1.0,-0.1,-1.0,-0.1
2,EV_B07_C021_Moto_Lineal_Electrica,-1.0,-0.1,7.0,42.365126693724804
1,EV_B07_C021_Moto_Lineal_Electrica,7.0,80.49014146705474,-1.0,42.365126693724804
1,EV_B07_C021_Moto_Lineal_Electrica,6.0,80.49014146705474,-1.0,42.365126693724804
1,EV_B07_C021_Moto_Lineal_Electrica,5.0,80.49014146705474,-1.0,42.365126693724804
1,EV_B07_C021_Moto_Lineal_Electrica,4.0,80.49014146705474,-1.0,42.365126693724804
1,EV_B07_C021_Moto_Lineal_Electrica,3.0,80.49014146705474,-1.0,42.365126693724804
1,EV_B07_C021_Moto_Lineal_Electrica,2.0,80.49014146705474,-1.0,42.365126693724804
1,EV_B07_C021_Moto_Lineal_Electrica,1.0,80.49014146705474,-1.0,42.365126693724804
1,EV_B07_C021_Moto_Lineal_Electrica,0.0,80.49014146705474,-1.0,42.365126693724804
3,NONE,-1.0,-0.1,-1.0,-0.1
3,NONE,-1.0,-0.1,-1.0,-0.1
3,NONE,-1.0,-0.1,-1.0,-0.1
3,NONE,-1.0,-0.1,-1.0,-0.1
3,NONE,-1.0,-0.1,-1.0,-0.1
3,NONE,-1.0,-0.1,-1.0,-0.1
3,NONE,-1.0,-0.1,-1.0,-0.1
3,NONE,-1.0,-0.1,-1.0,-0.1
3,NONE,-1.0,-0.1,-1.0,-0.1
3,NONE,-1.0,-0.1,-1.0,-0.1
3,NONE,-1.0,-0.1,-1.0,-0.1
3,NONE,-1.0,-0.1,-1.0,-0.1
3,NONE,-1.0,-0.1,-1.0,-0.1
3,NONE,-1.0,-0.1,-1.0,-0.1
3,NONE,-1.0,-0.1,-1.0,-0.1
3,NONE,-1.0,-0.1,-1.0,-0.1
3,NONE,-1.0,-0.1,-1.0,-0.1
3,NONE,-1.0,-0.1,-1.0,-0.1
3,NONE,-1.0,-0.1,-1.0,-0.1
3,NONE,-1.0,-0.1,-1.0,-0.1
3,NONE,-1.0,-0.1,-1.0,-0.1
3,NONE,-1.0,-0.1,-1.0,-0.1
3,NONE,-1.0,-0.1,-1.0,-0.1
3,NONE,-1.0,-0.1,-1.0,-0.1
3,NONE,-1.0,-0.1,-1.0,-0.1
3,NONE,-1.0,-0.1,-1.0,-0.1
3,NONE,-1.0,-0.1,-1.0,-0.1
3,NONE,-1.0,-0.1,-1.0,-0.1
3,NONE,-1.0,-0.1,-1.0,-0.1
3,NONE,-1.0,-0.1,-1.0,-0.1
3,NONE,-1.0,-0.1,-1.0,-0.1
3,NONE,-1.0,-0.1,-1.0,-0.1
3,NONE,-1.0,-0.1,-1.0,-0.1
3,NONE,-1.0,-0.1,-1.0,-0.1
3,NONE,-1.0,-0.1,-1.0,-0.1
3,NONE,-1.0,-0.1,-1.0,-0.1
3,NONE,-1.0,-0.1,-1.0,-0.1
3,NONE,-1.0,-0.1,-1.0,-0.1
3,NONE,-1.0,-0.1,-1.0,-0.1
3,NONE,-1.0,-0.1,-1.0,-0.1
3,NONE,-1.0,-0.1,-1.0,-0.1
3,NONE,-1.0,-0.1,-1.0,-0.1
3,NONE,-1.0,-0.1,-1.0,-0.1
3,NONE,-1.0,-0.1,-1.0,-0.1
3,NONE,-1.0,-0.1,-1.0,-0.1
3,NONE,-1.0,-0.1,-1.0,-0.1
3,NONE,-1.0,-0.1,-1.0,-0.1
3,NONE,-1.0,-0.1,-1.0,-0.1
3,NONE,-1.0,-0.1,-1.0,-0.1
3,NONE,-1.0,-0.1,-1.0,-0.1
3,NONE,-1.0,-0.1,-1.0,-0.1
3,NONE,-1.0,-0.1,-1.0,-0.1
3,NONE,-1.0,-0.1,-1.0,-0.1
3,NONE,-1.0,-0.1,-1.0,-0.1
3,NONE,-1.0,-0.1,-1.0,-0.1
3,NONE,-1.0,-0.1,-1.0,-0.1
3,NONE,-1.0,-0.1,-1.0,-0.1
3,NONE,-1.0,-0.1,-1.0,-0.1
3,NONE,-1.0,-0.1,-1.0,-0.1
3,NONE,-1.0,-0.1,-1.0,-0.1
3,NONE,-1.0,-0.1,-1.0,-0.1
3,NONE,-1.0,-0.1,-1.0,-0.1
3,NONE,-1.0,-0.1,-1.0,-0.1
3,NONE,-1.0,-0.1,-1.0,-0.1
3,NONE,-1.0,-0.1,-1.0,-0.1
3,NONE,-1.0,-0.1,-1.0,-0.1
3,NONE,-1.0,-0.1,-1.0,-0.1
3,NONE,-1.0,-0.1,-1.0,-0.1
3,NONE,-1.0,-0.1,-1.0,-0.1
3,NONE,-1.0,-0.1,-1.0,-0.1
3,NONE,-1.0,-0.1,-1.0,-0.1
3,NONE,-1.0,-0.1,-1.0,-0.1
3,NONE,-1.0,-0.1,-1.0,-0.1
3,NONE,-1.0,-0.1,-1.0,-0.1
3,NONE,-1.0,-0.1,-1.0,-0.1
3,NONE,-1.0,-0.1,-1.0,-0.1
3,NONE,-1.0,-0.1,-1.0,-0.1
3,NONE,-1.0,-0.1,-1.0,-0.1
3,NONE,-1.0,-0.1,-1.0,-0.1
3,NONE,-1.0,-0.1,-1.0,-0.1
3,NONE,-1.0,-0.1,-1.0,-0.1
3,NONE,-1.0,-0.1,-1.0,-0.1
3,NONE,-1.0,-0.1,-1.0,-0.1
3,NONE,-1.0,-0.1,-1.0,-0.1
3,NONE,-1.0,-0.1,-1.0,-0.1
3,NONE,-1.0,-0.1,-1.0,-0.1
3,NONE,-1.0,-0.1,-1.0,-0.1
2,EV_B07_C021_Moto_Lineal_Electrica,-1.0,-0.1,7.0,37.3721169017149
1,EV_B07_C021_Moto_Lineal_Electrica,7.0,82.09373347744487,-1.0,37.3721169017149
1,EV_B07_C021_Moto_Lineal_Electrica,6.0,82.09373347744487,-1.0,37.3721169017149
1,EV_B07_C021_Moto_Lineal_Electrica,5.0,82.09373347744487,-1.0,37.3721169017149
1,EV_B07_C021_Moto_Lineal_Electrica,4.0,82.09373347744487,-1.0,37.3721169017149
1,EV_B07_C021_Moto_Lineal_Electrica,3.0,82.09373347744487,-1.0,37.3721169017149
1,EV_B07_C021_Moto_Lineal_Electrica,2.0,82.09373347744487,-1.0,37.3721169017149
1,EV_B07_C021_Moto_Lineal_Electrica,1.0,82.09373347744487,-1.0,37.3721169017149
1,EV_B07_C021_Moto_Lineal_Electrica,0.0,82.09373347744487,-1.0,37.3721169017149
3,NONE,-1.0,-0.1,-1.0,-0.1
3,NONE,-1.0,-0.1,-1.0,-0.1
3,NONE,-1.0,-0.1,-1.0,-0.1
3,NONE,-1.0,-0.1,-1.0,-0.1
3,NONE,-1.0,-0.1,-1.0,-0.1
3,NONE,-1.0,-0.1,-1.0,-0.1
3,NONE,-1.0,-0.1,-1.0,-0.1
3,NONE,-1.0,-0.1,-1.0,-0.1
3,NONE,-1.0,-0.1,-1.0,-0.1
3,NONE,-1.0,-0.1,-1.0,-0.1
3,NONE,-1.0,-0.1,-1.0,-0.1
3,NONE,-1.0,-0.1,-1.0,-0.1
3,NONE,-1.0,-0.1,-1.0,-0.1
3,NONE,-1.0,-0.1,-1.0,-0.1
3,NONE,-1.0,-0.1,-1.0,-0.1
3,NONE,-1.0,-0.1,-1.0,-0.1
3,NONE,-1.0,-0.1,-1.0,-0.1
3,NONE,-1.0,-0.1,-1.0,-0.1
3,NONE,-1.0,-0.1,-1.0,-0.1
3,NONE,-1.0,-0.1,-1.0,-0.1
3,NONE,-1.0,-0.1,-1.0,-0.1
3,NONE,-1.0,-0.1,-1.0,-0.1
3,NONE,-1.0,-0.1,-1.0,-0.1
3,NONE,-1.0,-0.1,-1.0,-0.1
3,NONE,-1.0,-0.1,-1.0,-0.1
3,NONE,-1.0,-0.1,-1.0,-0.1
3,NONE,-1.0,-0.1,-1.0,-0.1
3,NONE,-1.0,-0.1,-1.0,-0.1
3,NONE,-1.0,-0.1,-1.0,-0.1
3,NONE,-1.0,-0.1,-1.0,-0.1
3,NONE,-1.0,-0.1,-1.0,-0.1
3,NONE,-1.0,-0.1,-1.0,-0.1
3,NONE,-1.0,-0.1,-1.0,-0.1
3,NONE,-1.0,-0.1,-1.0,-0.1
3,NONE,-1.0,-0.1,-1.0,-0.1
3,NONE,-1.0,-0.1,-1.0,-0.1
3,NONE,-1.0,-0.1,-1.0,-0.1
3,NONE,-1.0,-0.1,-1.0,-0.1
3,NONE,-1.0,-0.1,-1.0,-0.1
3,NONE,-1.0,-0.1,-1.0,-0.1
3,NONE,-1.0,-0.1,-1.0,-0.1
3,NONE,-1.0,-0.1,-1.0,-0.1
3,NONE,-1.0,-0.1,-1.0,-0.1
3,NONE,-1.0,-0.1,-1.0,-0.1
3,NONE,-1.0,-0.1,-1.0,-0.1
3,NONE,-1.0,-0.1,-1.0,-0.1
3,NONE,-1.0,-0.1,-1.0,-0.1
3,NONE,-1.0,-0.1,-1.0,-0.1
3,NONE,-1.0,-0.1,-1.0,-0.1
3,NONE,-1.0,-0.1,-1.0,-0.1
3,NONE,-1.0,-0.1,-1.0,-0.1
3,NONE,-1.0,-0.1,-1.0,-0.1
3,NONE,-1.0,-0.1,-1.0,-0.1
3,NONE,-1.0,-0.1,-1.0,-0.1
3,NONE,-1.0,-0.1,-1.0,-0.1
3,NONE,-1.0,-0.1,-1.0,-0.1
3,NONE,-1.0,-0.1,-1.0,-0.1
3,NONE,-1.0,-0.1,-1.0,-0.1
3,NONE,-1.0,-0.1,-1.0,-0.1
3,NONE,-1.0,-0.1,-1.0,-0.1
3,NONE,-1.0,-0.1,-1.0,-0.1
3,NONE,-1.0,-0.1,-1.0,-0.1
3,NONE,-1.0,-0.1,-1.0,-0.1
2,EV_B07_C021_Moto_Lineal_Electrica,-1.0,-0.1,7.0,33.74494437099821
1,EV_B07_C021_Moto_Lineal_Electrica,7.0,93.22038949616906,-1.0,33.74494437099821
1,EV_B07_C021_Moto_Lineal_Electrica,6.0,93.22038949616906,-1.0,33.74494437099821
1,EV_B07_C021_Moto_Lineal_Electrica,5.0,93.22038949616906,-1.0,33.74494437099821
1,EV_B07_C021_Moto_Lineal_Electrica,4.0,93.22038949616906,-1.0,33.74494437099821
1,EV_B07_C021_Moto_Lineal_Electrica,3.0,93.22038949616906,-1.0,33.74494437099821
1,EV_B07_C021_Moto_Lineal_Electrica,2.0,93.22038949616906,-1.0,33.74494437099821
1,EV_B07_C021_Moto_Lineal_Electrica,1.0,93.22038949616906,-1.0,33.74494437099821
1,EV_B07_C021_Moto_Lineal_Electrica,0.0,93.22038949616906,-1.0,33.74494437099821
3,NONE,-1.0,-0.1,-1.0,-0.1
3,NONE,-1.0,-0.1,-1.0,-0.1
3,NONE,-1.0,-0.1,-1.0,-0.1
3,NONE,-1.0,-0.1,-1.0,-0.1
3,NONE,-1.0,-0.1,-1.0,-0.1
3,NONE,-1.0,-0.1,-1.0,-0.1
3,NONE,-1.0,-0.1,-1.0,-0.1
3,NONE,-1.0,-0.1,-1.0,-0.1
3,NONE,-1.0,-0.1,-1.0,-0.1
3,NONE,-1.0,-0.1,-1.0,-0.1
3,NONE,-1.0,-0.1,-1.0,-0.1
3,NONE,-1.0,-0.1,-1.0,-0.1
3,NONE,-1.0,-0.1,-1.0,-0.1
3,NONE,-1.0,-0.1,-1.0,-0.1
3,NONE,-1.0,-0.1,-1.0,-0.1
3,NONE,-1.0,-0.1,-1.0,-0.1
3,NONE,-1.0,-0.1,-1.0,-0.1
3,NONE,-1.0,-0.1,-1.0,-0.1
3,NONE,-1.0,-0.1,-1.0,-0.1
3,NONE,-1.0,-0.1,-1.0,-0.1
3,NONE,-1.0,-0.1,-1.0,-0.1
3,NONE,-1.0,-0.1,-1.0,-0.1
3,NONE,-1.0,-0.1,-1.0,-0.1
3,NONE,-1.0,-0.1,-1.0,-0.1
3,NONE,-1.0,-0.1,-1.0,-0.1
3,NONE,-1.0,-0.1,-1.0,-0.1
3,NONE,-1.0,-0.1,-1.0,-0.1
3,NONE,-1.0,-0.1,-1.0,-0.1
3,NONE,-1.0,-0.1,-1.0,-0.1
3,NONE,-1.0,-0.1,-1.0,-0.1
3,NONE,-1.0,-0.1,-1.0,-0.1
3,NONE,-1.0,-0.1,-1.0,-0.1
3,NONE,-1.0,-0.1,-1.0,-0.1
3,NONE,-1.0,-0.1,-1.0,-0.1
3,NONE,-1.0,-0.1,-1.0,-0.1
3,NONE,-1.0,-0.1,-1.0,-0.1
3,NONE,-1.0,-0.1,-1.0,-0.1
3,NONE,-1.0,-0.1,-1.0,-0.1
3,NONE,-1.0,-0.1,-1.0,-0.1
2,EV_B07_C021_Moto_Lineal_Electrica,-1.0,-0.1,7.0,37.97190976250493
1,EV_B07_C021_Moto_Lineal_Electrica,7.0,79.19753807009914,-1.0,37.97190976250493
1,EV_B07_C021_Moto_Lineal_Electrica,6.0,79.19753807009914,-1.0,37.97190976250493
1,EV_B07_C021_Moto_Lineal_Electrica,5.0,79.19753807009914,-1.0,37.97190976250493
1,EV_B07_C021_Moto_Lineal_Electrica,4.0,79.19753807009914,-1.0,37.97190976250493
1,EV_B07_C021_Moto_Lineal_Electrica,3.0,79.19753807009914,-1.0,37.97190976250493
1,EV_B07_C021_Moto_Lineal_Electrica,2.0,79.19753807009914,-1.0,37.97190976250493
1,EV_B07_C021_Moto_Lineal_Electrica,1.0,79.19753807009914,-1.0,37.97190976250493
1,EV_B07_C021_Moto_Lineal_Electrica,0.0,79.19753807009914,-1.0,37.97190976250493
3,NONE,-1.0,-0.1,-1.0,-0.1
3,NONE,-1.0,-0.1,-1.0,-0.1
3,NONE,-1.0,-0.1,-1.0,-0.1
3,NONE,-1.0,-0.1,-1.0,-0.1
3,NONE,-1.0,-0.1,-1.0,-0.1
3,NONE,-1.0,-0.1,-1.0,-0.1
3,NONE,-1.0,-0.1,-1.0,-0.1
3,NONE,-1.0,-0.1,-1.0,-0.1
3,NONE,-1.0,-0.1,-1.0,-0.1
3,NONE,-1.0,-0.1,-1.0,-0.1
3,NONE,-1.0,-0.1,-1.0,-0.1
3,NONE,-1.0,-0.1,-1.0,-0.1
3,NONE,-1.0,-0.1,-1.0,-0.1
3,NONE,-1.0,-0.1,-1.0,-0.1
3,NONE,-1.0,-0.1,-1.0,-0.1
3,NONE,-1.0,-0.1,-1.0,-0.1
2,EV_B07_C021_Moto_Lineal_Electrica,-1.0,-0.1,8.0,23.705263511327743
1,EV_B07_C021_Moto_Lineal_Electrica,6.0,84.29824336644361,-1.0,23.705263511327743
1,EV_B07_C021_Moto_Lineal_Electrica,5.0,84.29824336644361,-1.0,23.705263511327743
1,EV_B07_C021_Moto_Lineal_Electrica,4.0,84.29824336644361,-1.0,23.705263511327743
1,EV_B07_C021_Moto_Lineal_Electrica,3.0,84.29824336644361,-1.0,23.705263511327743
1,EV_B07_C021_Moto_Lineal_Electrica,2.0,84.29824336644361,-1.0,23.705263511327743
1,EV_B07_C021_Moto_Lineal_Electrica,1.0,84.29824336644361,-1.0,23.705263511327743
1,EV_B07_C021_Moto_Lineal_Electrica,0.0,84.29824336644361,-1.0,23.705263511327743
3,NONE,-1.0,-0.1,-1.0,-0.1
3,NONE,-1.0,-0.1,-1.0,-0.1
3,NONE,-1.0,-0.1,-1.0,-0.1
3,NONE,-1.0,-0.1,-1.0,-0.1
3,NONE,-1.0,-0.1,-1.0,-0.1
3,NONE,-1.0,-0.1,-1.0,-0.1
3,NONE,-1.0,-0.1,-1.0,-0.1
3,NONE,-1.0,-0.1,-1.0,-0.1
3,NONE,-1.0,-0.1,-1.0,-0.1
3,NONE,-1.0,-0.1,-1.0,-0.1
3,NONE,-1.0,-0.1,-1.0,-0.1
3,NONE,-1.0,-0.1,-1.0,-0.1
3,NONE,-1.0,-0.1,-1.0,-0.1
3,NONE,-1.0,-0.1,-1.0,-0.1
3,NONE,-1.0,-0.1,-1.0,-0.1
3,NONE,-1.0,-0.1,-1.0,-0.1
2,EV_B07_C021_Moto_Lineal_Electrica,-1.0,-0.1,8.0,42.35062564781117
1,EV_B07_C021_Moto_Lineal_Electrica,6.0,83.35218503525348,-1.0,42.35062564781117
1,EV_B07_C021_Moto_Lineal_Electrica,5.0,83.35218503525348,-1.0,42.35062564781117
1,EV_B07_C021_Moto_Lineal_Electrica,4.0,83.35218503525348,-1.0,42.35062564781117
1,EV_B07_C021_Moto_Lineal_Electrica,3.0,83.35218503525348,-1.0,42.35062564781117
1,EV_B07_C021_Moto_Lineal_Electrica,2.0,83.35218503525348,-1.0,42.35062564781117
1,EV_B07_C021_Moto_Lineal_Electrica,1.0,83.35218503525348,-1.0,42.35062564781117
1,EV_B07_C021_Moto_Lineal_Electrica,0.0,83.35218503525348,-1.0,42.35062564781117
3,NONE,-1.0,-0.1,-1.0,-0.1
3,NONE,-1.0,-0.1,-1.0,-0.1
3,NONE,-1.0,-0.1,-1.0,-0.1
3,NONE,-1.0,-0.1,-1.0,-0.1
3,NONE,-1.0,-0.1,-1.0,-0.1
3,NONE,-1.0,-0.1,-1.0,-0.1
3,NONE,-1.0,-0.1,-1.0,-0.1
3,NONE,-1.0,-0.1,-1.0,-0.1
3,NONE,-1.0,-0.1,-1.0,-0.1
3,NONE,-1.0,-0.1,-1.0,-0.1
3,NONE,-1.0,-0.1,-1.0,-0.1
3,NONE,-1.0,-0.1,-1.0,-0.1
3,NONE,-1.0,-0.1,-1.0,-0.1
3,NONE,-1.0,-0.1,-1.0,-0.1
3,NONE,-1.0,-0.1,-1.0,-0.1
3,NONE,-1.0,-0.1,-1.0,-0.1
3,NONE,-1.0,-0.1,-1.0,-0.1
3,NONE,-1.0,-0.1,-1.0,-0.1
3,NONE,-1.0,-0.1,-1.0,-0.1
3,NONE,-1.0,-0.1,-1.0,-0.1
3,NONE,-1.0,-0.1,-1.0,-0.1
3,NONE,-1.0,-0.1,-1.0,-0.1
3,NONE,-1.0,-0.1,-1.0,-0.1
3,NONE,-1.0,-0.1,-1.0,-0.1
3,NONE,-1.0,-0.1,-1.0,-0.1
3,NONE,-1.0,-0.1,-1.0,-0.1
3,NONE,-1.0,-0.1,-1.0,-0.1
3,NONE,-1.0,-0.1,-1.0,-0.1
3,NONE,-1.0,-0.1,-1.0,-0.1
3,NONE,-1.0,-0.1,-1.0,-0.1
3,NONE,-1.0,-0.1,-1.0,-0.1
3,NONE,-1.0,-0.1,-1.0,-0.1
3,NONE,-1.0,-0.1,-1.0,-0.1
3,NONE,-1.0,-0.1,-1.0,-0.1
3,NONE,-1.0,-0.1,-1.0,-0.1
3,NONE,-1.0,-0.1,-1.0,-0.1
3,NONE,-1.0,-0.1,-1.0,-0.1
3,NONE,-1.0,-0.1,-1.0,-0.1
3,NONE,-1.0,-0.1,-1.0,-0.1
3,NONE,-1.0,-0.1,-1.0,-0.1
3,NONE,-1.0,-0.1,-1.0,-0.1
3,NONE,-1.0,-0.1,-1.0,-0.1
3,NONE,-1.0,-0.1,-1.0,-0.1
3,NONE,-1.0,-0.1,-1.0,-0.1
3,NONE,-1.0,-0.1,-1.0,-0.1
3,NONE,-1.0,-0.1,-1.0,-0.1
3,NONE,-1.0,-0.1,-1.0,-0.1
3,NONE,-1.0,-0.1,-1.0,-0.1
3,NONE,-1.0,-0.1,-1.0,-0.1
3,NONE,-1.0,-0.1,-1.0,-0.1
3,NONE,-1.0,-0.1,-1.0,-0.1
3,NONE,-1.0,-0.1,-1.0,-0.1
3,NONE,-1.0,-0.1,-1.0,-0.1
3,NONE,-1.0,-0.1,-1.0,-0.1
3,NONE,-1.0,-0.1,-1.0,-0.1
3,NONE,-1.0,-0.1,-1.0,-0.1
3,NONE,-1.0,-0.1,-1.0,-0.1
3,NONE,-1.0,-0.1,-1.0,-0.1
3,NONE,-1.0,-0.1,-1.0,-0.1
3,NONE,-1.0,-0.1,-1.0,-0.1
3,NONE,-1.0,-0.1,-1.0,-0.1
3,NONE,-1.0,-0.1,-1.0,-0.1
3,NONE,-1.0,-0.1,-1.0,-0.1
3,NONE,-1.0,-0.1,-1.0,-0.1
3,NONE,-1.0,-0.1,-1.0,-0.1
3,NONE,-1.0,-0.1,-1.0,-0.1
3,NONE,-1.0,-0.1,-1.0,-0.1
3,NONE,-1.0,-0.1,-1.0,-0.1
3,NONE,-1.0,-0.1,-1.0,-0.1
3,NONE,-1.0,-0.1,-1.0,-0.1
3,NONE,-1.0,-0.1,-1.0,-0.1
3,NONE,-1.0,-0.1,-1.0,-0.1
3,NONE,-1.0,-0.1,-1.0,-0.1
3,NONE,-1.0,-0.1,-1.0,-0.1
3,NONE,-1.0,-0.1,-1.0,-0.1
3,NONE,-1.0,-0.1,-1.0,-0.1
3,NONE,-1.0,-0.1,-1.0,-0.1
3,NONE,-1.0,-0.1,-1.0,-0.1
3,NONE,-1.0,-0.1,-1.0,-0.1
3,NONE,-1.0,-0.1,-1.0,-0.1
3,NONE,-1.0,-0.1,-1.0,-0.1
3,NONE,-1.0,-0.1,-1.0,-0.1
3,NONE,-1.0,-0.1,-1.0,-0.1
3,NONE,-1.0,-0.1,-1.0,-0.1
3,NONE,-1.0,-0.1,-1.0,-0.1
3,NONE,-1.0,-0.1,-1.0,-0.1
3,NONE,-1.0,-0.1,-1.0,-0.1
3,NONE,-1.0,-0.1,-1.0,-0.1
2,EV_B07_C021_Moto_Lineal_Electrica,-1.0,-0.1,8.0,48.56579968027775
1,EV_B07_C021_Moto_Lineal_Electrica,6.0,91.03643296608126,-1.0,48.56579968027775
1,EV_B07_C021_Moto_Lineal_Electrica,5.0,91.03643296608126,-1.0,48.56579968027775
1,EV_B07_C021_Moto_Lineal_Electrica,4.0,91.03643296608126,-1.0,48.56579968027775
1,EV_B07_C021_Moto_Lineal_Electrica,3.0,91.03643296608126,-1.0,48.56579968027775
1,EV_B07_C021_Moto_Lineal_Electrica,2.0,91.03643296608126,-1.0,48.56579968027775
1,EV_B07_C021_Moto_Lineal_Electrica,1.0,91.03643296608126,-1.0,48.56579968027775
1,EV_B07_C021_Moto_Lineal_Electrica,0.0,91.03643296608126,-1.0,48.56579968027775
3,NONE,-1.0,-0.1,-1.0,-0.1
3,NONE,-1.0,-0.1,-1.0,-0.1
3,NONE,-1.0,-0.1,-1.0,-0.1
3,NONE,-1.0,-0.1,-1.0,-0.1
3,NONE,-1.0,-0.1,-1.0,-0.1
3,NONE,-1.0,-0.1,-1.0,-0.1
3,NONE,-1.0,-0.1,-1.0,-0.1
3,NONE,-1.0,-0.1,-1.0,-0.1
3,NONE,-1.0,-0.1,-1.0,-0.1
3,NONE,-1.0,-0.1,-1.0,-0.1
3,NONE,-1.0,-0.1,-1.0,-0.1
3,NONE,-1.0,-0.1,-1.0,-0.1
3,NONE,-1.0,-0.1,-1.0,-0.1
3,NONE,-1.0,-0.1,-1.0,-0.1
3,NONE,-1.0,-0.1,-1.0,-0.1
3,NONE,-1.0,-0.1,-1.0,-0.1
3,NONE,-1.0,-0.1,-1.0,-0.1
3,NONE,-1.0,-0.1,-1.0,-0.1
3,NONE,-1.0,-0.1,-1.0,-0.1
3,NONE,-1.0,-0.1,-1.0,-0.1
3,NONE,-1.0,-0.1,-1.0,-0.1
3,NONE,-1.0,-0.1,-1.0,-0.1
3,NONE,-1.0,-0.1,-1.0,-0.1
3,NONE,-1.0,-0.1,-1.0,-0.1
3,NONE,-1.0,-0.1,-1.0,-0.1
3,NONE,-1.0,-0.1,-1.0,-0.1
3,NONE,-1.0,-0.1,-1.0,-0.1
3,NONE,-1.0,-0.1,-1.0,-0.1
3,NONE,-1.0,-0.1,-1.0,-0.1
3,NONE,-1.0,-0.1,-1.0,-0.1
3,NONE,-1.0,-0.1,-1.0,-0.1
3,NONE,-1.0,-0.1,-1.0,-0.1
3,NONE,-1.0,-0.1,-1.0,-0.1
3,NONE,-1.0,-0.1,-1.0,-0.1
3,NONE,-1.0,-0.1,-1.0,-0.1
3,NONE,-1.0,-0.1,-1.0,-0.1
3,NONE,-1.0,-0.1,-1.0,-0.1
3,NONE,-1.0,-0.1,-1.0,-0.1
3,NONE,-1.0,-0.1,-1.0,-0.1
3,NONE,-1.0,-0.1,-1.0,-0.1
2,EV_B07_C021_Moto_Lineal_Electrica,-1.0,-0.1,8.0,9.793370775095358
1,EV_B07_C021_Moto_Lineal_Electrica,6.0,79.34133355643043,-1.0,9.793370775095358
1,EV_B07_C021_Moto_Lineal_Electrica,5.0,79.34133355643043,-1.0,9.793370775095358
1,EV_B07_C021_Moto_Lineal_Electrica,4.0,79.34133355643043,-1.0,9.793370775095358
1,EV_B07_C021_Moto_Lineal_Electrica,3.0,79.34133355643043,-1.0,9.793370775095358
1,EV_B07_C021_Moto_Lineal_Electrica,2.0,79.34133355643043,-1.0,9.793370775095358
1,EV_B07_C021_Moto_Lineal_Electrica,1.0,79.34133355643043,-1.0,9.793370775095358
1,EV_B07_C021_Moto_Lineal_Electrica,0.0,79.34133355643043,-1.0,9.793370775095358
3,NONE,-1.0,-0.1,-1.0,-0.1
3,NONE,-1.0,-0.1,-1.0,-0.1
3,NONE,-1.0,-0.1,-1.0,-0.1
3,NONE,-1.0,-0.1,-1.0,-0.1
3,NONE,-1.0,-0.1,-1.0,-0.1
3,NONE,-1.0,-0.1,-1.0,-0.1
3,NONE,-1.0,-0.1,-1.0,-0.1
3,NONE,-1.0,-0.1,-1.0,-0.1
3,NONE,-1.0,-0.1,-1.0,-0.1
3,NONE,-1.0,-0.1,-1.0,-0.1
3,NONE,-1.0,-0.1,-1.0,-0.1
3,NONE,-1.0,-0.1,-1.0,-0.1
3,NONE,-1.0,-0.1,-1.0,-0.1
3,NONE,-1.0,-0.1,-1.0,-0.1
3,NONE,-1.0,-0.1,-1.0,-0.1
3,NONE,-1.0,-0.1,-1.0,-0.1
3,NONE,-1.0,-0.1,-1.0,-0.1
3,NONE,-1.0,-0.1,-1.0,-0.1
3,NONE,-1.0,-0.1,-1.0,-0.1
3,NONE,-1.0,-0.1,-1.0,-0.1
3,NONE,-1.0,-0.1,-1.0,-0.1
3,NONE,-1.0,-0.1,-1.0,-0.1
3,NONE,-1.0,-0.1,-1.0,-0.1
3,NONE,-1.0,-0.1,-1.0,-0.1
3,NONE,-1.0,-0.1,-1.0,-0.1
3,NONE,-1.0,-0.1,-1.0,-0.1
3,NONE,-1.0,-0.1,-1.0,-0.1
3,NONE,-1.0,-0.1,-1.0,-0.1
3,NONE,-1.0,-0.1,-1.0,-0.1
3,NONE,-1.0,-0.1,-1.0,-0.1
3,NONE,-1.0,-0.1,-1.0,-0.1
3,NONE,-1.0,-0.1,-1.0,-0.1
3,NONE,-1.0,-0.1,-1.0,-0.1
3,NONE,-1.0,-0.1,-1.0,-0.1
3,NONE,-1.0,-0.1,-1.0,-0.1
3,NONE,-1.0,-0.1,-1.0,-0.1
3,NONE,-1.0,-0.1,-1.0,-0.1
3,NONE,-1.0,-0.1,-1.0,-0.1
3,NONE,-1.0,-0.1,-1.0,-0.1
3,NONE,-1.0,-0.1,-1.0,-0.1
3,NONE,-1.0,-0.1,-1.0,-0.1
3,NONE,-1.0,-0.1,-1.0,-0.1
3,NONE,-1.0,-0.1,-1.0,-0.1
3,NONE,-1.0,-0.1,-1.0,-0.1
3,NONE,-1.0,-0.1,-1.0,-0.1
3,NONE,-1.0,-0.1,-1.0,-0.1
3,NONE,-1.0,-0.1,-1.0,-0.1
3,NONE,-1.0,-0.1,-1.0,-0.1
3,NONE,-1.0,-0.1,-1.0,-0.1
3,NONE,-1.0,-0.1,-1.0,-0.1
3,NONE,-1.0,-0.1,-1.0,-0.1
3,NONE,-1.0,-0.1,-1.0,-0.1
3,NONE,-1.0,-0.1,-1.0,-0.1
3,NONE,-1.0,-0.1,-1.0,-0.1
3,NONE,-1.0,-0.1,-1.0,-0.1
3,NONE,-1.0,-0.1,-1.0,-0.1
3,NONE,-1.0,-0.1,-1.0,-0.1
3,NONE,-1.0,-0.1,-1.0,-0.1
3,NONE,-1.0,-0.1,-1.0,-0.1
3,NONE,-1.0,-0.1,-1.0,-0.1
3,NONE,-1.0,-0.1,-1.0,-0.1
3,NONE,-1.0,-0.1,-1.0,-0.1
3,NONE,-1.0,-0.1,-1.0,-0.1
3,NONE,-1.0,-0.1,-1.0,-0.1
3,NONE,-1.0,-0.1,-1.0,-0.1
3,NONE,-1.0,-0.1,-1.0,-0.1
3,NONE,-1.0,-0.1,-1.0,-0.1
3,NONE,-1.0,-0.1,-1.0,-0.1
3,NONE,-1.0,-0.1,-1.0,-0.1
3,NONE,-1.0,-0.1,-1.0,-0.1
3,NONE,-1.0,-0.1,-1.0,-0.1
3,NONE,-1.0,-0.1,-1.0,-0.1
3,NONE,-1.0,-0.1,-1.0,-0.1
3,NONE,-1.0,-0.1,-1.0,-0.1
3,NONE,-1.0,-0.1,-1.0,-0.1
3,NONE,-1.0,-0.1,-1.0,-0.1
3,NONE,-1.0,-0.1,-1.0,-0.1
3,NONE,-1.0,-0.1,-1.0,-0.1
3,NONE,-1.0,-0.1,-1.0,-0.1
3,NONE,-1.0,-0.1,-1.0,-0.1
3,NONE,-1.0,-0.1,-1.0,-0.1
3,NONE,-1.0,-0.1,-1.0,-0.1
3,NONE,-1.0,-0.1,-1.0,-0.1
3,NONE,-1.0,-0.1,-1.0,-0.1
3,NONE,-1.0,-0.1,-1.0,-0.1
3,NONE,-1.0,-0.1,-1.0,-0.1
3,NONE,-1.0,-0.1,-1.0,-0.1
3,NONE,-1.0,-0.1,-1.0,-0.1
2,EV_B07_C021_Moto_Lineal_Electrica,-1.0,-0.1,8.0,36.81783435776071
1,EV_B07_C021_Moto_Lineal_Electrica,6.0,90.83680732418338,-1.0,36.81783435776071
1,EV_B07_C021_Moto_Lineal_Electrica,5.0,90.83680732418338,-1.0,36.81783435776071
1,EV_B07_C021_Moto_Lineal_Electrica,4.0,90.83680732418338,-1.0,36.81783435776071
1,EV_B07_C021_Moto_Lineal_Electrica,3.0,90.83680732418338,-1.0,36.81783435776071
1,EV_B07_C021_Moto_Lineal_Electrica,2.0,90.83680732418338,-1.0,36.81783435776071
1,EV_B07_C021_Moto_Lineal_Electrica,1.0,90.83680732418338,-1.0,36.81783435776071
1,EV_B07_C021_Moto_Lineal_Electrica,0.0,90.83680732418338,-1.0,36.81783435776071
3,NONE,-1.0,-0.1,-1.0,-0.1
3,NONE,-1.0,-0.1,-1.0,-0.1
3,NONE,-1.0,-0.1,-1.0,-0.1
3,NONE,-1.0,-0.1,-1.0,-0.1
3,NONE,-1.0,-0.1,-1.0,-0.1
3,NONE,-1.0,-0.1,-1.0,-0.1
3,NONE,-1.0,-0.1,-1.0,-0.1
3,NONE,-1.0,-0.1,-1.0,-0.1
3,NONE,-1.0,-0.1,-1.0,-0.1
3,NONE,-1.0,-0.1,-1.0,-0.1
3,NONE,-1.0,-0.1,-1.0,-0.1
3,NONE,-1.0,-0.1,-1.0,-0.1
3,NONE,-1.0,-0.1,-1.0,-0.1
3,NONE,-1.0,-0.1,-1.0,-0.1
3,NONE,-1.0,-0.1,-1.0,-0.1
3,NONE,-1.0,-0.1,-1.0,-0.1
3,NONE,-1.0,-0.1,-1.0,-0.1
3,NONE,-1.0,-0.1,-1.0,-0.1
3,NONE,-1.0,-0.1,-1.0,-0.1
3,NONE,-1.0,-0.1,-1.0,-0.1
3,NONE,-1.0,-0.1,-1.0,-0.1
3,NONE,-1.0,-0.1,-1.0,-0.1
3,NONE,-1.0,-0.1,-1.0,-0.1
3,NONE,-1.0,-0.1,-1.0,-0.1
3,NONE,-1.0,-0.1,-1.0,-0.1
3,NONE,-1.0,-0.1,-1.0,-0.1
3,NONE,-1.0,-0.1,-1.0,-0.1
3,NONE,-1.0,-0.1,-1.0,-0.1
3,NONE,-1.0,-0.1,-1.0,-0.1
3,NONE,-1.0,-0.1,-1.0,-0.1
3,NONE,-1.0,-0.1,-1.0,-0.1
3,NONE,-1.0,-0.1,-1.0,-0.1
3,NONE,-1.0,-0.1,-1.0,-0.1
3,NONE,-1.0,-0.1,-1.0,-0.1
3,NONE,-1.0,-0.1,-1.0,-0.1
3,NONE,-1.0,-0.1,-1.0,-0.1
3,NONE,-1.0,-0.1,-1.0,-0.1
3,NONE,-1.0,-0.1,-1.0,-0.1
3,NONE,-1.0,-0.1,-1.0,-0.1
3,NONE,-1.0,-0.1,-1.0,-0.1
3,NONE,-1.0,-0.1,-1.0,-0.1
2,EV_B07_C021_Moto_Lineal_Electrica,-1.0,-0.1,9.0,37.99757211667736
1,EV_B07_C021_Moto_Lineal_Electrica,5.0,82.8977395639051,-1.0,37.99757211667736
1,EV_B07_C021_Moto_Lineal_Electrica,4.0,82.8977395639051,-1.0,37.99757211667736
1,EV_B07_C021_Moto_Lineal_Electrica,3.0,82.8977395639051,-1.0,37.99757211667736
1,EV_B07_C021_Moto_Lineal_Electrica,2.0,82.8977395639051,-1.0,37.99757211667736
1,EV_B07_C021_Moto_Lineal_Electrica,1.0,82.8977395639051,-1.0,37.99757211667736
1,EV_B07_C021_Moto_Lineal_Electrica,0.0,82.8977395639051,-1.0,37.99757211667736
3,NONE,-1.0,-0.1,-1.0,-0.1
3,NONE,-1.0,-0.1,-1.0,-0.1
3,NONE,-1.0,-0.1,-1.0,-0.1
3,NONE,-1.0,-0.1,-1.0,-0.1
3,NONE,-1.0,-0.1,-1.0,-0.1
3,NONE,-1.0,-0.1,-1.0,-0.1
3,NONE,-1.0,-0.1,-1.0,-0.1
3,NONE,-1.0,-0.1,-1.0,-0.1
3,NONE,-1.0,-0.1,-1.0,-0.1
3,NONE,-1.0,-0.1,-1.0,-0.1
3,NONE,-1.0,-0.1,-1.0,-0.1
3,NONE,-1.0,-0.1,-1.0,-0.1
3,NONE,-1.0,-0.1,-1.0,-0.1
3,NONE,-1.0,-0.1,-1.0,-0.1
3,NONE,-1.0,-0.1,-1.0,-0.1
3,NONE,-1.0,-0.1,-1.0,-0.1
3,NONE,-1.0,-0.1,-1.0,-0.1
3,NONE,-1.0,-0.1,-1.0,-0.1
3,NONE,-1.0,-0.1,-1.0,-0.1
3,NONE,-1.0,-0.1,-1.0,-0.1
3,NONE,-1.0,-0.1,-1.0,-0.1
3,NONE,-1.0,-0.1,-1.0,-0.1
3,NONE,-1.0,-0.1,-1.0,-0.1
3,NONE,-1.0,-0.1,-1.0,-0.1
3,NONE,-1.0,-0.1,-1.0,-0.1
3,NONE,-1.0,-0.1,-1.0,-0.1
3,NONE,-1.0,-0.1,-1.0,-0.1
3,NONE,-1.0,-0.1,-1.0,-0.1
3,NONE,-1.0,-0.1,-1.0,-0.1
3,NONE,-1.0,-0.1,-1.0,-0.1
3,NONE,-1.0,-0.1,-1.0,-0.1
3,NONE,-1.0,-0.1,-1.0,-0.1
3,NONE,-1.0,-0.1,-1.0,-0.1
3,NONE,-1.0,-0.1,-1.0,-0.1
3,NONE,-1.0,-0.1,-1.0,-0.1
3,NONE,-1.0,-0.1,-1.0,-0.1
3,NONE,-1.0,-0.1,-1.0,-0.1
3,NONE,-1.0,-0.1,-1.0,-0.1
3,NONE,-1.0,-0.1,-1.0,-0.1
3,NONE,-1.0,-0.1,-1.0,-0.1
3,NONE,-1.0,-0.1,-1.0,-0.1
2,EV_B07_C021_Moto_Lineal_Electrica,-1.0,-0.1,9.0,36.47490531412484
1,EV_B07_C021_Moto_Lineal_Electrica,5.0,87.39088755904686,-1.0,36.47490531412484
1,EV_B07_C021_Moto_Lineal_Electrica,4.0,87.39088755904686,-1.0,36.47490531412484
1,EV_B07_C021_Moto_Lineal_Electrica,3.0,87.39088755904686,-1.0,36.47490531412484
1,EV_B07_C021_Moto_Lineal_Electrica,2.0,87.39088755904686,-1.0,36.47490531412484
1,EV_B07_C021_Moto_Lineal_Electrica,1.0,87.39088755904686,-1.0,36.47490531412484
1,EV_B07_C021_Moto_Lineal_Electrica,0.0,87.39088755904686,-1.0,36.47490531412484
3,NONE,-1.0,-0.1,-1.0,-0.1
3,NONE,-1.0,-0.1,-1.0,-0.1
3,NONE,-1.0,-0.1,-1.0,-0.1
3,NONE,-1.0,-0.1,-1.0,-0.1
3,NONE,-1.0,-0.1,-1.0,-0.1
3,NONE,-1.0,-0.1,-1.0,-0.1
3,NONE,-1.0,-0.1,-1.0,-0.1
3,NONE,-1.0,-0.1,-1.0,-0.1
3,NONE,-1.0,-0.1,-1.0,-0.1
3,NONE,-1.0,-0.1,-1.0,-0.1
3,NONE,-1.0,-0.1,-1.0,-0.1
3,NONE,-1.0,-0.1,-1.0,-0.1
3,NONE,-1.0,-0.1,-1.0,-0.1
3,NONE,-1.0,-0.1,-1.0,-0.1
3,NONE,-1.0,-0.1,-1.0,-0.1
3,NONE,-1.0,-0.1,-1.0,-0.1
3,NONE,-1.0,-0.1,-1.0,-0.1
3,NONE,-1.0,-0.1,-1.0,-0.1
3,NONE,-1.0,-0.1,-1.0,-0.1
3,NONE,-1.0,-0.1,-1.0,-0.1
3,NONE,-1.0,-0.1,-1.0,-0.1
3,NONE,-1.0,-0.1,-1.0,-0.1
3,NONE,-1.0,-0.1,-1.0,-0.1
3,NONE,-1.0,-0.1,-1.0,-0.1
3,NONE,-1.0,-0.1,-1.0,-0.1
3,NONE,-1.0,-0.1,-1.0,-0.1
3,NONE,-1.0,-0.1,-1.0,-0.1
3,NONE,-1.0,-0.1,-1.0,-0.1
3,NONE,-1.0,-0.1,-1.0,-0.1
3,NONE,-1.0,-0.1,-1.0,-0.1
3,NONE,-1.0,-0.1,-1.0,-0.1
3,NONE,-1.0,-0.1,-1.0,-0.1
3,NONE,-1.0,-0.1,-1.0,-0.1
3,NONE,-1.0,-0.1,-1.0,-0.1
3,NONE,-1.0,-0.1,-1.0,-0.1
3,NONE,-1.0,-0.1,-1.0,-0.1
3,NONE,-1.0,-0.1,-1.0,-0.1
3,NONE,-1.0,-0.1,-1.0,-0.1
3,NONE,-1.0,-0.1,-1.0,-0.1
3,NONE,-1.0,-0.1,-1.0,-0.1
3,NONE,-1.0,-0.1,-1.0,-0.1
3,NONE,-1.0,-0.1,-1.0,-0.1
3,NONE,-1.0,-0.1,-1.0,-0.1
3,NONE,-1.0,-0.1,-1.0,-0.1
3,NONE,-1.0,-0.1,-1.0,-0.1
3,NONE,-1.0,-0.1,-1.0,-0.1
3,NONE,-1.0,-0.1,-1.0,-0.1
3,NONE,-1.0,-0.1,-1.0,-0.1
3,NONE,-1.0,-0.1,-1.0,-0.1
3,NONE,-1.0,-0.1,-1.0,-0.1
3,NONE,-1.0,-0.1,-1.0,-0.1
3,NONE,-1.0,-0.1,-1.0,-0.1
3,NONE,-1.0,-0.1,-1.0,-0.1
3,NONE,-1.0,-0.1,-1.0,-0.1
3,NONE,-1.0,-0.1,-1.0,-0.1
3,NONE,-1.0,-0.1,-1.0,-0.1
3,NONE,-1.0,-0.1,-1.0,-0.1
3,NONE,-1.0,-0.1,-1.0,-0.1
3,NONE,-1.0,-0.1,-1.0,-0.1
3,NONE,-1.0,-0.1,-1.0,-0.1
3,NONE,-1.0,-0.1,-1.0,-0.1
3,NONE,-1.0,-0.1,-1.0,-0.1
3,NONE,-1.0,-0.1,-1.0,-0.1
2,EV_B07_C021_Moto_Lineal_Electrica,-1.0,-0.1,7.0,34.70908917542104
1,EV_B07_C021_Moto_Lineal_Electrica,7.0,83.72049678843536,-1.0,34.70908917542104
1,EV_B07_C021_Moto_Lineal_Electrica,6.0,83.72049678843536,-1.0,34.70908917542104
1,EV_B07_C021_Moto_Lineal_Electrica,5.0,83.72049678843536,-1.0,34.70908917542104
1,EV_B07_C021_Moto_Lineal_Electrica,4.0,83.72049678843536,-1.0,34.70908917542104
1,EV_B07_C021_Moto_Lineal_Electrica,3.0,83.72049678843536,-1.0,34.70908917542104
1,EV_B07_C021_Moto_Lineal_Electrica,2.0,83.72049678843536,-1.0,34.70908917542104
1,EV_B07_C021_Moto_Lineal_Electrica,1.0,83.72049678843536,-1.0,34.70908917542104
1,EV_B07_C021_Moto_Lineal_Electrica,0.0,83.72049678843536,-1.0,34.70908917542104
3,NONE,-1.0,-0.1,-1.0,-0.1
3,NONE,-1.0,-0.1,-1.0,-0.1
3,NONE,-1.0,-0.1,-1.0,-0.1
3,NONE,-1.0,-0.1,-1.0,-0.1
3,NONE,-1.0,-0.1,-1.0,-0.1
3,NONE,-1.0,-0.1,-1.0,-0.1
3,NONE,-1.0,-0.1,-1.0,-0.1
3,NONE,-1.0,-0.1,-1.0,-0.1
3,NONE,-1.0,-0.1,-1.0,-0.1
3,NONE,-1.0,-0.1,-1.0,-0.1
3,NONE,-1.0,-0.1,-1.0,-0.1
3,NONE,-1.0,-0.1,-1.0,-0.1
3,NONE,-1.0,-0.1,-1.0,-0.1
3,NONE,-1.0,-0.1,-1.0,-0.1
3,NONE,-1.0,-0.1,-1.0,-0.1
3,NONE,-1.0,-0.1,-1.0,-0.1
3,NONE,-1.0,-0.1,-1.0,-0.1
3,NONE,-1.0,-0.1,-1.0,-0.1
3,NONE,-1.0,-0.1,-1.0,-0.1
3,NONE,-1.0,-0.1,-1.0,-0.1
3,NONE,-1.0,-0.1,-1.0,-0.1
3,NONE,-1.0,-0.1,-1.0,-0.1
3,NONE,-1.0,-0.1,-1.0,-0.1
3,NONE,-1.0,-0.1,-1.0,-0.1
3,NONE,-1.0,-0.1,-1.0,-0.1
3,NONE,-1.0,-0.1,-1.0,-0.1
3,NONE,-1.0,-0.1,-1.0,-0.1
3,NONE,-1.0,-0.1,-1.0,-0.1
3,NONE,-1.0,-0.1,-1.0,-0.1
3,NONE,-1.0,-0.1,-1.0,-0.1
3,NONE,-1.0,-0.1,-1.0,-0.1
3,NONE,-1.0,-0.1,-1.0,-0.1
3,NONE,-1.0,-0.1,-1.0,-0.1
3,NONE,-1.0,-0.1,-1.0,-0.1
3,NONE,-1.0,-0.1,-1.0,-0.1
3,NONE,-1.0,-0.1,-1.0,-0.1
3,NONE,-1.0,-0.1,-1.0,-0.1
3,NONE,-1.0,-0.1,-1.0,-0.1
3,NONE,-1.0,-0.1,-1.0,-0.1
2,EV_B07_C021_Moto_Lineal_Electrica,-1.0,-0.1,7.0,6.725058271250166
1,EV_B07_C021_Moto_Lineal_Electrica,7.0,84.28599946599286,-1.0,6.725058271250166
1,EV_B07_C021_Moto_Lineal_Electrica,6.0,84.28599946599286,-1.0,6.725058271250166
1,EV_B07_C021_Moto_Lineal_Electrica,5.0,84.28599946599286,-1.0,6.725058271250166
1,EV_B07_C021_Moto_Lineal_Electrica,4.0,84.28599946599286,-1.0,6.725058271250166
1,EV_B07_C021_Moto_Lineal_Electrica,3.0,84.28599946599286,-1.0,6.725058271250166
1,EV_B07_C021_Moto_Lineal_Electrica,2.0,84.28599946599286,-1.0,6.725058271250166
1,EV_B07_C021_Moto_Lineal_Electrica,1.0,84.28599946599286,-1.0,6.725058271250166
1,EV_B07_C021_Moto_Lineal_Electrica,0.0,84.28599946599286,-1.0,6.725058271250166
3,NONE,-1.0,-0.1,-1.0,-0.1
3,NONE,-1.0,-0.1,-1.0,-0.1
3,NONE,-1.0,-0.1,-1.0,-0.1
3,NONE,-1.0,-0.1,-1.0,-0.1
3,NONE,-1.0,-0.1,-1.0,-0.1
3,NONE,-1.0,-0.1,-1.0,-0.1
3,NONE,-1.0,-0.1,-1.0,-0.1
3,NONE,-1.0,-0.1,-1.0,-0.1
3,NONE,-1.0,-0.1,-1.0,-0.1
3,NONE,-1.0,-0.1,-1.0,-0.1
3,NONE,-1.0,-0.1,-1.0,-0.1
3,NONE,-1.0,-0.1,-1.0,-0.1
3,NONE,-1.0,-0.1,-1.0,-0.1
3,NONE,-1.0,-0.1,-1.0,-0.1
3,NONE,-1.0,-0.1,-1.0,-0.1
2,EV_B07_C021_Moto_Lineal_Electrica,-1.0,-0.1,7.0,36.53319500521394
1,EV_B07_C021_Moto_Lineal_Electrica,7.0,87.40459906711844,-1.0,36.53319500521394
1,EV_B07_C021_Moto_Lineal_Electrica,6.0,87.40459906711844,-1.0,36.53319500521394
1,EV_B07_C021_Moto_Lineal_Electrica,5.0,87.40459906711844,-1.0,36.53319500521394
1,EV_B07_C021_Moto_Lineal_Electrica,4.0,87.40459906711844,-1.0,36.53319500521394
1,EV_B07_C021_Moto_Lineal_Electrica,3.0,87.40459906711844,-1.0,36.53319500521394
1,EV_B07_C021_Moto_Lineal_Electrica,2.0,87.40459906711844,-1.0,36.53319500521394
1,EV_B07_C021_Moto_Lineal_Electrica,1.0,87.40459906711844,-1.0,36.53319500521394
1,EV_B07_C021_Moto_Lineal_Electrica,0.0,87.40459906711844,-1.0,36.53319500521394
3,NONE,-1.0,-0.1,-1.0,-0.1
3,NONE,-1.0,-0.1,-1.0,-0.1
3,NONE,-1.0,-0.1,-1.0,-0.1
3,NONE,-1.0,-0.1,-1.0,-0.1
3,NONE,-1.0,-0.1,-1.0,-0.1
3,NONE,-1.0,-0.1,-1.0,-0.1
3,NONE,-1.0,-0.1,-1.0,-0.1
3,NONE,-1.0,-0.1,-1.0,-0.1
3,NONE,-1.0,-0.1,-1.0,-0.1
3,NONE,-1.0,-0.1,-1.0,-0.1
3,NONE,-1.0,-0.1,-1.0,-0.1
3,NONE,-1.0,-0.1,-1.0,-0.1
3,NONE,-1.0,-0.1,-1.0,-0.1
3,NONE,-1.0,-0.1,-1.0,-0.1
3,NONE,-1.0,-0.1,-1.0,-0.1
3,NONE,-1.0,-0.1,-1.0,-0.1
2,EV_B07_C021_Moto_Lineal_Electrica,-1.0,-0.1,8.0,23.0707889710431
1,EV_B07_C021_Moto_Lineal_Electrica,6.0,79.98148015678593,-1.0,23.0707889710431
1,EV_B07_C021_Moto_Lineal_Electrica,5.0,79.98148015678593,-1.0,23.0707889710431
1,EV_B07_C021_Moto_Lineal_Electrica,4.0,79.98148015678593,-1.0,23.0707889710431
1,EV_B07_C021_Moto_Lineal_Electrica,3.0,79.98148015678593,-1.0,23.0707889710431
1,EV_B07_C021_Moto_Lineal_Electrica,2.0,79.98148015678593,-1.0,23.0707889710431
1,EV_B07_C021_Moto_Lineal_Electrica,1.0,79.98148015678593,-1.0,23.0707889710431
1,EV_B07_C021_Moto_Lineal_Electrica,0.0,79.98148015678593,-1.0,23.0707889710431
3,NONE,-1.0,-0.1,-1.0,-0.1
3,NONE,-1.0,-0.1,-1.0,-0.1
3,NONE,-1.0,-0.1,-1.0,-0.1
3,NONE,-1.0,-0.1,-1.0,-0.1
3,NONE,-1.0,-0.1,-1.0,-0.1
3,NONE,-1.0,-0.1,-1.0,-0.1
3,NONE,-1.0,-0.1,-1.0,-0.1
3,NONE,-1.0,-0.1,-1.0,-0.1
3,NONE,-1.0,-0.1,-1.0,-0.1
3,NONE,-1.0,-0.1,-1.0,-0.1
3,NONE,-1.0,-0.1,-1.0,-0.1
3,NONE,-1.0,-0.1,-1.0,-0.1
3,NONE,-1.0,-0.1,-1.0,-0.1
3,NONE,-1.0,-0.1,-1.0,-0.1
3,NONE,-1.0,-0.1,-1.0,-0.1
3,NONE,-1.0,-0.1,-1.0,-0.1
3,NONE,-1.0,-0.1,-1.0,-0.1
3,NONE,-1.0,-0.1,-1.0,-0.1
3,NONE,-1.0,-0.1,-1.0,-0.1
3,NONE,-1.0,-0.1,-1.0,-0.1
3,NONE,-1.0,-0.1,-1.0,-0.1
3,NONE,-1.0,-0.1,-1.0,-0.1
3,NONE,-1.0,-0.1,-1.0,-0.1
3,NONE,-1.0,-0.1,-1.0,-0.1
3,NONE,-1.0,-0.1,-1.0,-0.1
3,NONE,-1.0,-0.1,-1.0,-0.1
3,NONE,-1.0,-0.1,-1.0,-0.1
3,NONE,-1.0,-0.1,-1.0,-0.1
3,NONE,-1.0,-0.1,-1.0,-0.1
3,NONE,-1.0,-0.1,-1.0,-0.1
3,NONE,-1.0,-0.1,-1.0,-0.1
3,NONE,-1.0,-0.1,-1.0,-0.1
3,NONE,-1.0,-0.1,-1.0,-0.1
3,NONE,-1.0,-0.1,-1.0,-0.1
3,NONE,-1.0,-0.1,-1.0,-0.1
3,NONE,-1.0,-0.1,-1.0,-0.1
3,NONE,-1.0,-0.1,-1.0,-0.1
3,NONE,-1.0,-0.1,-1.0,-0.1
3,NONE,-1.0,-0.1,-1.0,-0.1
3,NONE,-1.0,-0.1,-1.0,-0.1
3,NONE,-1.0,-0.1,-1.0,-0.1
3,NONE,-1.0,-0.1,-1.0,-0.1
3,NONE,-1.0,-0.1,-1.0,-0.1
3,NONE,-1.0,-0.1,-1.0,-0.1
3,NONE,-1.0,-0.1,-1.0,-0.1
3,NONE,-1.0,-0.1,-1.0,-0.1
3,NONE,-1.0,-0.1,-1.0,-0.1
3,NONE,-1.0,-0.1,-1.0,-0.1
3,NONE,-1.0,-0.1,-1.0,-0.1
3,NONE,-1.0,-0.1,-1.0,-0.1
3,NONE,-1.0,-0.1,-1.0,-0.1
3,NONE,-1.0,-0.1,-1.0,-0.1
3,NONE,-1.0,-0.1,-1.0,-0.1
3,NONE,-1.0,-0.1,-1.0,-0.1
3,NONE,-1.0,-0.1,-1.0,-0.1
3,NONE,-1.0,-0.1,-1.0,-0.1
3,NONE,-1.0,-0.1,-1.0,-0.1
3,NONE,-1.0,-0.1,-1.0,-0.1
3,NONE,-1.0,-0.1,-1.0,-0.1
3,NONE,-1.0,-0.1,-1.0,-0.1
3,NONE,-1.0,-0.1,-1.0,-0.1
3,NONE,-1.0,-0.1,-1.0,-0.1
3,NONE,-1.0,-0.1,-1.0,-0.1
2,EV_B07_C021_Moto_Lineal_Electrica,-1.0,-0.1,7.0,39.62970500049167
1,EV_B07_C021_Moto_Lineal_Electrica,7.0,88.89196498405326,-1.0,39.62970500049167
1,EV_B07_C021_Moto_Lineal_Electrica,6.0,88.89196498405326,-1.0,39.62970500049167
1,EV_B07_C021_Moto_Lineal_Electrica,5.0,88.89196498405326,-1.0,39.62970500049167
1,EV_B07_C021_Moto_Lineal_Electrica,4.0,88.89196498405326,-1.0,39.62970500049167
1,EV_B07_C021_Moto_Lineal_Electrica,3.0,88.89196498405326,-1.0,39.62970500049167
1,EV_B07_C021_Moto_Lineal_Electrica,2.0,88.89196498405326,-1.0,39.62970500049167
1,EV_B07_C021_Moto_Lineal_Electrica,1.0,88.89196498405326,-1.0,39.62970500049167
1,EV_B07_C021_Moto_Lineal_Electrica,0.0,88.89196498405326,-1.0,39.62970500049167
3,NONE,-1.0,-0.1,-1.0,-0.1
3,NONE,-1.0,-0.1,-1.0,-0.1
3,NONE,-1.0,-0.1,-1.0,-0.1
3,NONE,-1.0,-0.1,-1.0,-0.1
3,NONE,-1.0,-0.1,-1.0,-0.1
3,NONE,-1.0,-0.1,-1.0,-0.1
3,NONE,-1.0,-0.1,-1.0,-0.1
3,NONE,-1.0,-0.1,-1.0,-0.1
3,NONE,-1.0,-0.1,-1.0,-0.1
3,NONE,-1.0,-0.1,-1.0,-0.1
3,NONE,-1.0,-0.1,-1.0,-0.1
3,NONE,-1.0,-0.1,-1.0,-0.1
3,NONE,-1.0,-0.1,-1.0,-0.1
3,NONE,-1.0,-0.1,-1.0,-0.1
3,NONE,-1.0,-0.1,-1.0,-0.1
2,EV_B07_C021_Moto_Lineal_Electrica,-1.0,-0.1,7.0,34.20649010765088
1,EV_B07_C021_Moto_Lineal_Electrica,7.0,81.01144965470804,-1.0,34.20649010765088
1,EV_B07_C021_Moto_Lineal_Electrica,6.0,81.01144965470804,-1.0,34.20649010765088
1,EV_B07_C021_Moto_Lineal_Electrica,5.0,81.01144965470804,-1.0,34.20649010765088
1,EV_B07_C021_Moto_Lineal_Electrica,4.0,81.01144965470804,-1.0,34.20649010765088
1,EV_B07_C021_Moto_Lineal_Electrica,3.0,81.01144965470804,-1.0,34.20649010765088
1,EV_B07_C021_Moto_Lineal_Electrica,2.0,81.01144965470804,-1.0,34.20649010765088
1,EV_B07_C021_Moto_Lineal_Electrica,1.0,81.01144965470804,-1.0,34.20649010765088
1,EV_B07_C021_Moto_Lineal_Electrica,0.0,81.01144965470804,-1.0,34.20649010765088
3,NONE,-1.0,-0.1,-1.0,-0.1
3,NONE,-1.0,-0.1,-1.0,-0.1
3,NONE,-1.0,-0.1,-1.0,-0.1
3,NONE,-1.0,-0.1,-1.0,-0.1
3,NONE,-1.0,-0.1,-1.0,-0.1
3,NONE,-1.0,-0.1,-1.0,-0.1
3,NONE,-1.0,-0.1,-1.0,-0.1
3,NONE,-1.0,-0.1,-1.0,-0.1
3,NONE,-1.0,-0.1,-1.0,-0.1
3,NONE,-1.0,-0.1,-1.0,-0.1
3,NONE,-1.0,-0.1,-1.0,-0.1
3,NONE,-1.0,-0.1,-1.0,-0.1
3,NONE,-1.0,-0.1,-1.0,-0.1
3,NONE,-1.0,-0.1,-1.0,-0.1
3,NONE,-1.0,-0.1,-1.0,-0.1
3,NONE,-1.0,-0.1,-1.0,-0.1
3,NONE,-1.0,-0.1,-1.0,-0.1
3,NONE,-1.0,-0.1,-1.0,-0.1
3,NONE,-1.0,-0.1,-1.0,-0.1
3,NONE,-1.0,-0.1,-1.0,-0.1
3,NONE,-1.0,-0.1,-1.0,-0.1
3,NONE,-1.0,-0.1,-1.0,-0.1
3,NONE,-1.0,-0.1,-1.0,-0.1
3,NONE,-1.0,-0.1,-1.0,-0.1
3,NONE,-1.0,-0.1,-1.0,-0.1
3,NONE,-1.0,-0.1,-1.0,-0.1
3,NONE,-1.0,-0.1,-1.0,-0.1
3,NONE,-1.0,-0.1,-1.0,-0.1
3,NONE,-1.0,-0.1,-1.0,-0.1
3,NONE,-1.0,-0.1,-1.0,-0.1
3,NONE,-1.0,-0.1,-1.0,-0.1
3,NONE,-1.0,-0.1,-1.0,-0.1
3,NONE,-1.0,-0.1,-1.0,-0.1
3,NONE,-1.0,-0.1,-1.0,-0.1
3,NONE,-1.0,-0.1,-1.0,-0.1
3,NONE,-1.0,-0.1,-1.0,-0.1
3,NONE,-1.0,-0.1,-1.0,-0.1
3,NONE,-1.0,-0.1,-1.0,-0.1
3,NONE,-1.0,-0.1,-1.0,-0.1
3,NONE,-1.0,-0.1,-1.0,-0.1
2,EV_B07_C021_Moto_Lineal_Electrica,-1.0,-0.1,8.0,19.41009695142209
1,EV_B07_C021_Moto_Lineal_Electrica,6.0,81.7460013528713,-1.0,19.41009695142209
1,EV_B07_C021_Moto_Lineal_Electrica,5.0,81.7460013528713,-1.0,19.41009695142209
1,EV_B07_C021_Moto_Lineal_Electrica,4.0,81.7460013528713,-1.0,19.41009695142209
1,EV_B07_C021_Moto_Lineal_Electrica,3.0,81.7460013528713,-1.0,19.41009695142209
1,EV_B07_C021_Moto_Lineal_Electrica,2.0,81.7460013528713,-1.0,19.41009695142209
1,EV_B07_C021_Moto_Lineal_Electrica,1.0,81.7460013528713,-1.0,19.41009695142209
1,EV_B07_C021_Moto_Lineal_Electrica,0.0,81.7460013528713,-1.0,19.41009695142209
3,NONE,-1.0,-0.1,-1.0,-0.1
3,NONE,-1.0,-0.1,-1.0,-0.1
3,NONE,-1.0,-0.1,-1.0,-0.1
3,NONE,-1.0,-0.1,-1.0,-0.1
3,NONE,-1.0,-0.1,-1.0,-0.1
3,NONE,-1.0,-0.1,-1.0,-0.1
3,NONE,-1.0,-0.1,-1.0,-0.1
3,NONE,-1.0,-0.1,-1.0,-0.1
3,NONE,-1.0,-0.1,-1.0,-0.1
3,NONE,-1.0,-0.1,-1.0,-0.1
3,NONE,-1.0,-0.1,-1.0,-0.1
3,NONE,-1.0,-0.1,-1.0,-0.1
3,NONE,-1.0,-0.1,-1.0,-0.1
3,NONE,-1.0,-0.1,-1.0,-0.1
3,NONE,-1.0,-0.1,-1.0,-0.1
2,EV_B07_C021_Moto_Lineal_Electrica,-1.0,-0.1,7.0,42.88875963947828
1,EV_B07_C021_Moto_Lineal_Electrica,7.0,84.81962415076251,-1.0,42.88875963947828
1,EV_B07_C021_Moto_Lineal_Electrica,6.0,84.81962415076251,-1.0,42.88875963947828
1,EV_B07_C021_Moto_Lineal_Electrica,5.0,84.81962415076251,-1.0,42.88875963947828
1,EV_B07_C021_Moto_Lineal_Electrica,4.0,84.81962415076251,-1.0,42.88875963947828
1,EV_B07_C021_Moto_Lineal_Electrica,3.0,84.81962415076251,-1.0,42.88875963947828
1,EV_B07_C021_Moto_Lineal_Electrica,2.0,84.81962415076251,-1.0,42.88875963947828
1,EV_B07_C021_Moto_Lineal_Electrica,1.0,84.81962415076251,-1.0,42.88875963947828
1,EV_B07_C021_Moto_Lineal_Electrica,0.0,84.81962415076251,-1.0,42.88875963947828
3,NONE,-1.0,-0.1,-1.0,-0.1
3,NONE,-1.0,-0.1,-1.0,-0.1
3,NONE,-1.0,-0.1,-1.0,-0.1
3,NONE,-1.0,-0.1,-1.0,-0.1
3,NONE,-1.0,-0.1,-1.0,-0.1
3,NONE,-1.0,-0.1,-1.0,-0.1
3,NONE,-1.0,-0.1,-1.0,-0.1
3,NONE,-1.0,-0.1,-1.0,-0.1
3,NONE,-1.0,-0.1,-1.0,-0.1
3,NONE,-1.0,-0.1,-1.0,-0.1
3,NONE,-1.0,-0.1,-1.0,-0.1
3,NONE,-1.0,-0.1,-1.0,-0.1
3,NONE,-1.0,-0.1,-1.0,-0.1
3,NONE,-1.0,-0.1,-1.0,-0.1
3,NONE,-1.0,-0.1,-1.0,-0.1
3,NONE,-1.0,-0.1,-1.0,-0.1
3,NONE,-1.0,-0.1,-1.0,-0.1
3,NONE,-1.0,-0.1,-1.0,-0.1
3,NONE,-1.0,-0.1,-1.0,-0.1
3,NONE,-1.0,-0.1,-1.0,-0.1
3,NONE,-1.0,-0.1,-1.0,-0.1
3,NONE,-1.0,-0.1,-1.0,-0.1
3,NONE,-1.0,-0.1,-1.0,-0.1
3,NONE,-1.0,-0.1,-1.0,-0.1
3,NONE,-1.0,-0.1,-1.0,-0.1
3,NONE,-1.0,-0.1,-1.0,-0.1
3,NONE,-1.0,-0.1,-1.0,-0.1
3,NONE,-1.0,-0.1,-1.0,-0.1
3,NONE,-1.0,-0.1,-1.0,-0.1
3,NONE,-1.0,-0.1,-1.0,-0.1
3,NONE,-1.0,-0.1,-1.0,-0.1
3,NONE,-1.0,-0.1,-1.0,-0.1
3,NONE,-1.0,-0.1,-1.0,-0.1
3,NONE,-1.0,-0.1,-1.0,-0.1
3,NONE,-1.0,-0.1,-1.0,-0.1
3,NONE,-1.0,-0.1,-1.0,-0.1
3,NONE,-1.0,-0.1,-1.0,-0.1
3,NONE,-1.0,-0.1,-1.0,-0.1
3,NONE,-1.0,-0.1,-1.0,-0.1
3,NONE,-1.0,-0.1,-1.0,-0.1
3,NONE,-1.0,-0.1,-1.0,-0.1
3,NONE,-1.0,-0.1,-1.0,-0.1
3,NONE,-1.0,-0.1,-1.0,-0.1
3,NONE,-1.0,-0.1,-1.0,-0.1
3,NONE,-1.0,-0.1,-1.0,-0.1
3,NONE,-1.0,-0.1,-1.0,-0.1
3,NONE,-1.0,-0.1,-1.0,-0.1
3,NONE,-1.0,-0.1,-1.0,-0.1
3,NONE,-1.0,-0.1,-1.0,-0.1
3,NONE,-1.0,-0.1,-1.0,-0.1
3,NONE,-1.0,-0.1,-1.0,-0.1
3,NONE,-1.0,-0.1,-1.0,-0.1
3,NONE,-1.0,-0.1,-1.0,-0.1
3,NONE,-1.0,-0.1,-1.0,-0.1
3,NONE,-1.0,-0.1,-1.0,-0.1
3,NONE,-1.0,-0.1,-1.0,-0.1
3,NONE,-1.0,-0.1,-1.0,-0.1
3,NONE,-1.0,-0.1,-1.0,-0.1
3,NONE,-1.0,-0.1,-1.0,-0.1
3,NONE,-1.0,-0.1,-1.0,-0.1
3,NONE,-1.0,-0.1,-1.0,-0.1
3,NONE,-1.0,-0.1,-1.0,-0.1
3,NONE,-1.0,-0.1,-1.0,-0.1
3,NONE,-1.0,-0.1,-1.0,-0.1
2,EV_B07_C021_Moto_Lineal_Electrica,-1.0,-0.1,8.0,24.053916218850347
1,EV_B07_C021_Moto_Lineal_Electrica,6.0,87.66540289686183,-1.0,24.053916218850347
1,EV_B07_C021_Moto_Lineal_Electrica,5.0,87.66540289686183,-1.0,24.053916218850347
1,EV_B07_C021_Moto_Lineal_Electrica,4.0,87.66540289686183,-1.0,24.053916218850347
1,EV_B07_C021_Moto_Lineal_Electrica,3.0,87.66540289686183,-1.0,24.053916218850347
1,EV_B07_C021_Moto_Lineal_Electrica,2.0,87.66540289686183,-1.0,24.053916218850347
1,EV_B07_C021_Moto_Lineal_Electrica,1.0,87.66540289686183,-1.0,24.053916218850347
1,EV_B07_C021_Moto_Lineal_Electrica,0.0,87.66540289686183,-1.0,24.053916218850347
3,NONE,-1.0,-0.1,-1.0,-0.1
3,NONE,-1.0,-0.1,-1.0,-0.1
3,NONE,-1.0,-0.1,-1.0,-0.1
3,NONE,-1.0,-0.1,-1.0,-0.1
3,NONE,-1.0,-0.1,-1.0,-0.1
3,NONE,-1.0,-0.1,-1.0,-0.1
3,NONE,-1.0,-0.1,-1.0,-0.1
3,NONE,-1.0,-0.1,-1.0,-0.1
3,NONE,-1.0,-0.1,-1.0,-0.1
3,NONE,-1.0,-0.1,-1.0,-0.1
3,NONE,-1.0,-0.1,-1.0,-0.1
3,NONE,-1.0,-0.1,-1.0,-0.1
3,NONE,-1.0,-0.1,-1.0,-0.1
3,NONE,-1.0,-0.1,-1.0,-0.1
3,NONE,-1.0,-0.1,-1.0,-0.1
3,NONE,-1.0,-0.1,-1.0,-0.1
3,NONE,-1.0,-0.1,-1.0,-0.1
2,EV_B07_C021_Moto_Lineal_Electrica,-1.0,-0.1,9.0,48.636071188529726
1,EV_B07_C021_Moto_Lineal_Electrica,5.0,90.25978486167946,-1.0,48.636071188529726
1,EV_B07_C021_Moto_Lineal_Electrica,4.0,90.25978486167946,-1.0,48.636071188529726
1,EV_B07_C021_Moto_Lineal_Electrica,3.0,90.25978486167946,-1.0,48.636071188529726
1,EV_B07_C021_Moto_Lineal_Electrica,2.0,90.25978486167946,-1.0,48.636071188529726
1,EV_B07_C021_Moto_Lineal_Electrica,1.0,90.25978486167946,-1.0,48.636071188529726
1,EV_B07_C021_Moto_Lineal_Electrica,0.0,90.25978486167946,-1.0,48.636071188529726
3,NONE,-1.0,-0.1,-1.0,-0.1
3,NONE,-1.0,-0.1,-1.0,-0.1
3,NONE,-1.0,-0.1,-1.0,-0.1
3,NONE,-1.0,-0.1,-1.0,-0.1
3,NONE,-1.0,-0.1,-1.0,-0.1
3,NONE,-1.0,-0.1,-1.0,-0.1
3,NONE,-1.0,-0.1,-1.0,-0.1
3,NONE,-1.0,-0.1,-1.0,-0.1
3,NONE,-1.0,-0.1,-1.0,-0.1
3,NONE,-1.0,-0.1,-1.0,-0.1
3,NONE,-1.0,-0.1,-1.0,-0.1
3,NONE,-1.0,-0.1,-1.0,-0.1
3,NONE,-1.0,-0.1,-1.0,-0.1
3,NONE,-1.0,-0.1,-1.0,-0.1
3,NONE,-1.0,-0.1,-1.0,-0.1
2,EV_B07_C021_Moto_Lineal_Electrica,-1.0,-0.1,7.0,29.829360903038168
1,EV_B07_C021_Moto_Lineal_Electrica,7.0,88.22918315146279,-1.0,29.829360903038168
1,EV_B07_C021_Moto_Lineal_Electrica,6.0,88.22918315146279,-1.0,29.829360903038168
1,EV_B07_C021_Moto_Lineal_Electrica,5.0,88.22918315146279,-1.0,29.829360903038168
1,EV_B07_C021_Moto_Lineal_Electrica,4.0,88.22918315146279,-1.0,29.829360903038168
1,EV_B07_C021_Moto_Lineal_Electrica,3.0,88.22918315146279,-1.0,29.829360903038168
1,EV_B07_C021_Moto_Lineal_Electrica,2.0,88.22918315146279,-1.0,29.829360903038168
1,EV_B07_C021_Moto_Lineal_Electrica,1.0,88.22918315146279,-1.0,29.829360903038168
1,EV_B07_C021_Moto_Lineal_Electrica,0.0,88.22918315146279,-1.0,29.829360903038168
3,NONE,-1.0,-0.1,-1.0,-0.1
3,NONE,-1.0,-0.1,-1.0,-0.1
3,NONE,-1.0,-0.1,-1.0,-0.1
3,NONE,-1.0,-0.1,-1.0,-0.1
3,NONE,-1.0,-0.1,-1.0,-0.1
3,NONE,-1.0,-0.1,-1.0,-0.1
3,NONE,-1.0,-0.1,-1.0,-0.1
3,NONE,-1.0,-0.1,-1.0,-0.1
3,NONE,-1.0,-0.1,-1.0,-0.1
3,NONE,-1.0,-0.1,-1.0,-0.1
3,NONE,-1.0,-0.1,-1.0,-0.1
3,NONE,-1.0,-0.1,-1.0,-0.1
3,NONE,-1.0,-0.1,-1.0,-0.1
3,NONE,-1.0,-0.1,-1.0,-0.1
3,NONE,-1.0,-0.1,-1.0,-0.1
3,NONE,-1.0,-0.1,-1.0,-0.1
2,EV_B07_C021_Moto_Lineal_Electrica,-1.0,-0.1,8.0,38.053170545653444
1,EV_B07_C021_Moto_Lineal_Electrica,6.0,88.62188216528448,-1.0,38.053170545653444
1,EV_B07_C021_Moto_Lineal_Electrica,5.0,88.62188216528448,-1.0,38.053170545653444
1,EV_B07_C021_Moto_Lineal_Electrica,4.0,88.62188216528448,-1.0,38.053170545653444
1,EV_B07_C021_Moto_Lineal_Electrica,3.0,88.62188216528448,-1.0,38.053170545653444
1,EV_B07_C021_Moto_Lineal_Electrica,2.0,88.62188216528448,-1.0,38.053170545653444
1,EV_B07_C021_Moto_Lineal_Electrica,1.0,88.62188216528448,-1.0,38.053170545653444
1,EV_B07_C021_Moto_Lineal_Electrica,0.0,88.62188216528448,-1.0,38.053170545653444
3,NONE,-1.0,-0.1,-1.0,-0.1
3,NONE,-1.0,-0.1,-1.0,-0.1
3,NONE,-1.0,-0.1,-1.0,-0.1
3,NONE,-1.0,-0.1,-1.0,-0.1
3,NONE,-1.0,-0.1,-1.0,-0.1
3,NONE,-1.0,-0.1,-1.0,-0.1
3,NONE,-1.0,-0.1,-1.0,-0.1
3,NONE,-1.0,-0.1,-1.0,-0.1
3,NONE,-1.0,-0.1,-1.0,-0.1
3,NONE,-1.0,-0.1,-1.0,-0.1
3,NONE,-1.0,-0.1,-1.0,-0.1
3,NONE,-1.0,-0.1,-1.0,-0.1
3,NONE,-1.0,-0.1,-1.0,-0.1
3,NONE,-1.0,-0.1,-1.0,-0.1
3,NONE,-1.0,-0.1,-1.0,-0.1
2,EV_B07_C021_Moto_Lineal_Electrica,-1.0,-0.1,7.0,26.078920318417794
1,EV_B07_C021_Moto_Lineal_Electrica,7.0,76.67174721950991,-1.0,26.078920318417794
1,EV_B07_C021_Moto_Lineal_Electrica,6.0,76.67174721950991,-1.0,26.078920318417794
1,EV_B07_C021_Moto_Lineal_Electrica,5.0,76.67174721950991,-1.0,26.078920318417794
1,EV_B07_C021_Moto_Lineal_Electrica,4.0,76.67174721950991,-1.0,26.078920318417794
1,EV_B07_C021_Moto_Lineal_Electrica,3.0,76.67174721950991,-1.0,26.078920318417794
1,EV_B07_C021_Moto_Lineal_Electrica,2.0,76.67174721950991,-1.0,26.078920318417794
1,EV_B07_C021_Moto_Lineal_Electrica,1.0,76.67174721950991,-1.0,26.078920318417794
1,EV_B07_C021_Moto_Lineal_Electrica,0.0,76.67174721950991,-1.0,26.078920318417794
3,NONE,-1.0,-0.1,-1.0,-0.1
3,NONE,-1.0,-0.1,-1.0,-0.1
3,NONE,-1.0,-0.1,-1.0,-0.1
3,NONE,-1.0,-0.1,-1.0,-0.1
3,NONE,-1.0,-0.1,-1.0,-0.1
3,NONE,-1.0,-0.1,-1.0,-0.1
3,NONE,-1.0,-0.1,-1.0,-0.1
3,NONE,-1.0,-0.1,-1.0,-0.1
3,NONE,-1.0,-0.1,-1.0,-0.1
3,NONE,-1.0,-0.1,-1.0,-0.1
3,NONE,-1.0,-0.1,-1.0,-0.1
3,NONE,-1.0,-0.1,-1.0,-0.1
3,NONE,-1.0,-0.1,-1.0,-0.1
3,NONE,-1.0,-0.1,-1.0,-0.1
3,NONE,-1.0,-0.1,-1.0,-0.1
3,NONE,-1.0,-0.1,-1.0,-0.1
3,NONE,-1.0,-0.1,-1.0,-0.1
3,NONE,-1.0,-0.1,-1.0,-0.1
3,NONE,-1.0,-0.1,-1.0,-0.1
3,NONE,-1.0,-0.1,-1.0,-0.1
3,NONE,-1.0,-0.1,-1.0,-0.1
3,NONE,-1.0,-0.1,-1.0,-0.1
3,NONE,-1.0,-0.1,-1.0,-0.1
3,NONE,-1.0,-0.1,-1.0,-0.1
3,NONE,-1.0,-0.1,-1.0,-0.1
3,NONE,-1.0,-0.1,-1.0,-0.1
3,NONE,-1.0,-0.1,-1.0,-0.1
3,NONE,-1.0,-0.1,-1.0,-0.1
3,NONE,-1.0,-0.1,-1.0,-0.1
3,NONE,-1.0,-0.1,-1.0,-0.1
3,NONE,-1.0,-0.1,-1.0,-0.1
3,NONE,-1.0,-0.1,-1.0,-0.1
3,NONE,-1.0,-0.1,-1.0,-0.1
3,NONE,-1.0,-0.1,-1.0,-0.1
3,NONE,-1.0,-0.1,-1.0,-0.1
3,NONE,-1.0,-0.1,-1.0,-0.1
3,NONE,-1.0,-0.1,-1.0,-0.1
3,NONE,-1.0,-0.1,-1.0,-0.1
3,NONE,-1.0,-0.1,-1.0,-0.1
3,NONE,-1.0,-0.1,-1.0,-0.1
3,NONE,-1.0,-0.1,-1.0,-0.1
3,NONE,-1.0,-0.1,-1.0,-0.1
3,NONE,-1.0,-0.1,-1.0,-0.1
3,NONE,-1.0,-0.1,-1.0,-0.1
3,NONE,-1.0,-0.1,-1.0,-0.1
3,NONE,-1.0,-0.1,-1.0,-0.1
3,NONE,-1.0,-0.1,-1.0,-0.1
3,NONE,-1.0,-0.1,-1.0,-0.1
3,NONE,-1.0,-0.1,-1.0,-0.1
3,NONE,-1.0,-0.1,-1.0,-0.1
3,NONE,-1.0,-0.1,-1.0,-0.1
3,NONE,-1.0,-0.1,-1.0,-0.1
3,NONE,-1.0,-0.1,-1.0,-0.1
3,NONE,-1.0,-0.1,-1.0,-0.1
3,NONE,-1.0,-0.1,-1.0,-0.1
3,NONE,-1.0,-0.1,-1.0,-0.1
3,NONE,-1.0,-0.1,-1.0,-0.1
3,NONE,-1.0,-0.1,-1.0,-0.1
3,NONE,-1.0,-0.1,-1.0,-0.1
3,NONE,-1.0,-0.1,-1.0,-0.1
3,NONE,-1.0,-0.1,-1.0,-0.1
3,NONE,-1.0,-0.1,-1.0,-0.1
3,NONE,-1.0,-0.1,-1.0,-0.1
3,NONE,-1.0,-0.1,-1.0,-0.1
3,NONE,-1.0,-0.1,-1.0,-0.1
3,NONE,-1.0,-0.1,-1.0,-0.1
3,NONE,-1.0,-0.1,-1.0,-0.1
3,NONE,-1.0,-0.1,-1.0,-0.1
3,NONE,-1.0,-0.1,-1.0,-0.1
3,NONE,-1.0,-0.1,-1.0,-0.1
3,NONE,-1.0,-0.1,-1.0,-0.1
3,NONE,-1.0,-0.1,-1.0,-0.1
3,NONE,-1.0,-0.1,-1.0,-0.1
3,NONE,-1.0,-0.1,-1.0,-0.1
3,NONE,-1.0,-0.1,-1.0,-0.1
3,NONE,-1.0,-0.1,-1.0,-0.1
3,NONE,-1.0,-0.1,-1.0,-0.1
3,NONE,-1.0,-0.1,-1.0,-0.1
3,NONE,-1.0,-0.1,-1.0,-0.1
3,NONE,-1.0,-0.1,-1.0,-0.1
3,NONE,-1.0,-0.1,-1.0,-0.1
3,NONE,-1.0,-0.1,-1.0,-0.1
3,NONE,-1.0,-0.1,-1.0,-0.1
3,NONE,-1.0,-0.1,-1.0,-0.1
3,NONE,-1.0,-0.1,-1.0,-0.1
3,NONE,-1.0,-0.1,-1.0,-0.1
3,NONE,-1.0,-0.1,-1.0,-0.1
2,EV_B07_C021_Moto_Lineal_Electrica,-1.0,-0.1,7.0,15.492699837353811
1,EV_B07_C021_Moto_Lineal_Electrica,7.0,86.7533712469216,-1.0,15.492699837353811
1,EV_B07_C021_Moto_Lineal_Electrica,6.0,86.7533712469216,-1.0,15.492699837353811
1,EV_B07_C021_Moto_Lineal_Electrica,5.0,86.7533712469216,-1.0,15.492699837353811
1,EV_B07_C021_Moto_Lineal_Electrica,4.0,86.7533712469216,-1.0,15.492699837353811
1,EV_B07_C021_Moto_Lineal_Electrica,3.0,86.7533712469216,-1.0,15.492699837353811
1,EV_B07_C021_Moto_Lineal_Electrica,2.0,86.7533712469216,-1.0,15.492699837353811
1,EV_B07_C021_Moto_Lineal_Electrica,1.0,86.7533712469216,-1.0,15.492699837353811
1,EV_B07_C021_Moto_Lineal_Electrica,0.0,86.7533712469216,-1.0,15.492699837353811
3,NONE,-1.0,-0.1,-1.0,-0.1
3,NONE,-1.0,-0.1,-1.0,-0.1
3,NONE,-1.0,-0.1,-1.0,-0.1
3,NONE,-1.0,-0.1,-1.0,-0.1
3,NONE,-1.0,-0.1,-1.0,-0.1
3,NONE,-1.0,-0.1,-1.0,-0.1
3,NONE,-1.0,-0.1,-1.0,-0.1
3,NONE,-1.0,-0.1,-1.0,-0.1
3,NONE,-1.0,-0.1,-1.0,-0.1
3,NONE,-1.0,-0.1,-1.0,-0.1
3,NONE,-1.0,-0.1,-1.0,-0.1
3,NONE,-1.0,-0.1,-1.0,-0.1
3,NONE,-1.0,-0.1,-1.0,-0.1
3,NONE,-1.0,-0.1,-1.0,-0.1
3,NONE,-1.0,-0.1,-1.0,-0.1
3,NONE,-1.0,-0.1,-1.0,-0.1
2,EV_B07_C021_Moto_Lineal_Electrica,-1.0,-0.1,8.0,13.557545792947327
1,EV_B07_C021_Moto_Lineal_Electrica,6.0,74.58764147675744,-1.0,13.557545792947327
1,EV_B07_C021_Moto_Lineal_Electrica,5.0,74.58764147675744,-1.0,13.557545792947327
1,EV_B07_C021_Moto_Lineal_Electrica,4.0,74.58764147675744,-1.0,13.557545792947327
1,EV_B07_C021_Moto_Lineal_Electrica,3.0,74.58764147675744,-1.0,13.557545792947327
1,EV_B07_C021_Moto_Lineal_Electrica,2.0,74.58764147675744,-1.0,13.557545792947327
1,EV_B07_C021_Moto_Lineal_Electrica,1.0,74.58764147675744,-1.0,13.557545792947327
1,EV_B07_C021_Moto_Lineal_Electrica,0.0,74.58764147675744,-1.0,13.557545792947327
3,NONE,-1.0,-0.1,-1.0,-0.1
3,NONE,-1.0,-0.1,-1.0,-0.1
3,NONE,-1.0,-0.1,-1.0,-0.1
3,NONE,-1.0,-0.1,-1.0,-0.1
3,NONE,-1.0,-0.1,-1.0,-0.1
3,NONE,-1.0,-0.1,-1.0,-0.1
3,NONE,-1.0,-0.1,-1.0,-0.1
3,NONE,-1.0,-0.1,-1.0,-0.1
3,NONE,-1.0,-0.1,-1.0,-0.1
3,NONE,-1.0,-0.1,-1.0,-0.1
3,NONE,-1.0,-0.1,-1.0,-0.1
3,NONE,-1.0,-0.1,-1.0,-0.1
3,NONE,-1.0,-0.1,-1.0,-0.1
3,NONE,-1.0,-0.1,-1.0,-0.1
3,NONE,-1.0,-0.1,-1.0,-0.1
3,NONE,-1.0,-0.1,-1.0,-0.1
3,NONE,-1.0,-0.1,-1.0,-0.1
3,NONE,-1.0,-0.1,-1.0,-0.1
3,NONE,-1.0,-0.1,-1.0,-0.1
3,NONE,-1.0,-0.1,-1.0,-0.1
3,NONE,-1.0,-0.1,-1.0,-0.1
3,NONE,-1.0,-0.1,-1.0,-0.1
3,NONE,-1.0,-0.1,-1.0,-0.1
3,NONE,-1.0,-0.1,-1.0,-0.1
3,NONE,-1.0,-0.1,-1.0,-0.1
3,NONE,-1.0,-0.1,-1.0,-0.1
3,NONE,-1.0,-0.1,-1.0,-0.1
3,NONE,-1.0,-0.1,-1.0,-0.1
3,NONE,-1.0,-0.1,-1.0,-0.1
3,NONE,-1.0,-0.1,-1.0,-0.1
3,NONE,-1.0,-0.1,-1.0,-0.1
3,NONE,-1.0,-0.1,-1.0,-0.1
3,NONE,-1.0,-0.1,-1.0,-0.1
3,NONE,-1.0,-0.1,-1.0,-0.1
3,NONE,-1.0,-0.1,-1.0,-0.1
3,NONE,-1.0,-0.1,-1.0,-0.1
3,NONE,-1.0,-0.1,-1.0,-0.1
3,NONE,-1.0,-0.1,-1.0,-0.1
3,NONE,-1.0,-0.1,-1.0,-0.1
2,EV_B07_C021_Moto_Lineal_Electrica,-1.0,-0.1,7.0,47.482132673933634
1,EV_B07_C021_Moto_Lineal_Electrica,7.0,82.93880107599838,-1.0,47.482132673933634
1,EV_B07_C021_Moto_Lineal_Electrica,6.0,82.93880107599838,-1.0,47.482132673933634
1,EV_B07_C021_Moto_Lineal_Electrica,5.0,82.93880107599838,-1.0,47.482132673933634
1,EV_B07_C021_Moto_Lineal_Electrica,4.0,82.93880107599838,-1.0,47.482132673933634
1,EV_B07_C021_Moto_Lineal_Electrica,3.0,82.93880107599838,-1.0,47.482132673933634
1,EV_B07_C021_Moto_Lineal_Electrica,2.0,82.93880107599838,-1.0,47.482132673933634
1,EV_B07_C021_Moto_Lineal_Electrica,1.0,82.93880107599838,-1.0,47.482132673933634
1,EV_B07_C021_Moto_Lineal_Electrica,0.0,82.93880107599838,-1.0,47.482132673933634
3,NONE,-1.0,-0.1,-1.0,-0.1
3,NONE,-1.0,-0.1,-1.0,-0.1
3,NONE,-1.0,-0.1,-1.0,-0.1
3,NONE,-1.0,-0.1,-1.0,-0.1
3,NONE,-1.0,-0.1,-1.0,-0.1
3,NONE,-1.0,-0.1,-1.0,-0.1
3,NONE,-1.0,-0.1,-1.0,-0.1
3,NONE,-1.0,-0.1,-1.0,-0.1
3,NONE,-1.0,-0.1,-1.0,-0.1
3,NONE,-1.0,-0.1,-1.0,-0.1
3,NONE,-1.0,-0.1,-1.0,-0.1
3,NONE,-1.0,-0.1,-1.0,-0.1
3,NONE,-1.0,-0.1,-1.0,-0.1
3,NONE,-1.0,-0.1,-1.0,-0.1
3,NONE,-1.0,-0.1,-1.0,-0.1
3,NONE,-1.0,-0.1,-1.0,-0.1
3,NONE,-1.0,-0.1,-1.0,-0.1
3,NONE,-1.0,-0.1,-1.0,-0.1
3,NONE,-1.0,-0.1,-1.0,-0.1
3,NONE,-1.0,-0.1,-1.0,-0.1
3,NONE,-1.0,-0.1,-1.0,-0.1
3,NONE,-1.0,-0.1,-1.0,-0.1
3,NONE,-1.0,-0.1,-1.0,-0.1
3,NONE,-1.0,-0.1,-1.0,-0.1
3,NONE,-1.0,-0.1,-1.0,-0.1
3,NONE,-1.0,-0.1,-1.0,-0.1
3,NONE,-1.0,-0.1,-1.0,-0.1
3,NONE,-1.0,-0.1,-1.0,-0.1
3,NONE,-1.0,-0.1,-1.0,-0.1
3,NONE,-1.0,-0.1,-1.0,-0.1
3,NONE,-1.0,-0.1,-1.0,-0.1
3,NONE,-1.0,-0.1,-1.0,-0.1
3,NONE,-1.0,-0.1,-1.0,-0.1
3,NONE,-1.0,-0.1,-1.0,-0.1
3,NONE,-1.0,-0.1,-1.0,-0.1
3,NONE,-1.0,-0.1,-1.0,-0.1
3,NONE,-1.0,-0.1,-1.0,-0.1
3,NONE,-1.0,-0.1,-1.0,-0.1
3,NONE,-1.0,-0.1,-1.0,-0.1
3,NONE,-1.0,-0.1,-1.0,-0.1
3,NONE,-1.0,-0.1,-1.0,-0.1
3,NONE,-1.0,-0.1,-1.0,-0.1
3,NONE,-1.0,-0.1,-1.0,-0.1
3,NONE,-1.0,-0.1,-1.0,-0.1
3,NONE,-1.0,-0.1,-1.0,-0.1
3,NONE,-1.0,-0.1,-1.0,-0.1
3,NONE,-1.0,-0.1,-1.0,-0.1
3,NONE,-1.0,-0.1,-1.0,-0.1
3,NONE,-1.0,-0.1,-1.0,-0.1
3,NONE,-1.0,-0.1,-1.0,-0.1
3,NONE,-1.0,-0.1,-1.0,-0.1
3,NONE,-1.0,-0.1,-1.0,-0.1
3,NONE,-1.0,-0.1,-1.0,-0.1
3,NONE,-1.0,-0.1,-1.0,-0.1
3,NONE,-1.0,-0.1,-1.0,-0.1
3,NONE,-1.0,-0.1,-1.0,-0.1
3,NONE,-1.0,-0.1,-1.0,-0.1
3,NONE,-1.0,-0.1,-1.0,-0.1
3,NONE,-1.0,-0.1,-1.0,-0.1
3,NONE,-1.0,-0.1,-1.0,-0.1
3,NONE,-1.0,-0.1,-1.0,-0.1
3,NONE,-1.0,-0.1,-1.0,-0.1
3,NONE,-1.0,-0.1,-1.0,-0.1
2,EV_B07_C021_Moto_Lineal_Electrica,-1.0,-0.1,7.0,25.207214162480465
1,EV_B07_C021_Moto_Lineal_Electrica,7.0,89.1301860075277,-1.0,25.207214162480465
1,EV_B07_C021_Moto_Lineal_Electrica,6.0,89.1301860075277,-1.0,25.207214162480465
1,EV_B07_C021_Moto_Lineal_Electrica,5.0,89.1301860075277,-1.0,25.207214162480465
1,EV_B07_C021_Moto_Lineal_Electrica,4.0,89.1301860075277,-1.0,25.207214162480465
1,EV_B07_C021_Moto_Lineal_Electrica,3.0,89.1301860075277,-1.0,25.207214162480465
1,EV_B07_C021_Moto_Lineal_Electrica,2.0,89.1301860075277,-1.0,25.207214162480465
1,EV_B07_C021_Moto_Lineal_Electrica,1.0,89.1301860075277,-1.0,25.207214162480465
1,EV_B07_C021_Moto_Lineal_Electrica,0.0,89.1301860075277,-1.0,25.207214162480465
3,NONE,-1.0,-0.1,-1.0,-0.1
3,NONE,-1.0,-0.1,-1.0,-0.1
3,NONE,-1.0,-0.1,-1.0,-0.1
3,NONE,-1.0,-0.1,-1.0,-0.1
3,NONE,-1.0,-0.1,-1.0,-0.1
3,NONE,-1.0,-0.1,-1.0,-0.1
3,NONE,-1.0,-0.1,-1.0,-0.1
3,NONE,-1.0,-0.1,-1.0,-0.1
3,NONE,-1.0,-0.1,-1.0,-0.1
3,NONE,-1.0,-0.1,-1.0,-0.1
3,NONE,-1.0,-0.1,-1.0,-0.1
3,NONE,-1.0,-0.1,-1.0,-0.1
3,NONE,-1.0,-0.1,-1.0,-0.1
3,NONE,-1.0,-0.1,-1.0,-0.1
3,NONE,-1.0,-0.1,-1.0,-0.1
3,NONE,-1.0,-0.1,-1.0,-0.1
3,NONE,-1.0,-0.1,-1.0,-0.1
3,NONE,-1.0,-0.1,-1.0,-0.1
3,NONE,-1.0,-0.1,-1.0,-0.1
3,NONE,-1.0,-0.1,-1.0,-0.1
3,NONE,-1.0,-0.1,-1.0,-0.1
3,NONE,-1.0,-0.1,-1.0,-0.1
3,NONE,-1.0,-0.1,-1.0,-0.1
3,NONE,-1.0,-0.1,-1.0,-0.1
3,NONE,-1.0,-0.1,-1.0,-0.1
3,NONE,-1.0,-0.1,-1.0,-0.1
3,NONE,-1.0,-0.1,-1.0,-0.1
3,NONE,-1.0,-0.1,-1.0,-0.1
3,NONE,-1.0,-0.1,-1.0,-0.1
3,NONE,-1.0,-0.1,-1.0,-0.1
3,NONE,-1.0,-0.1,-1.0,-0.1
3,NONE,-1.0,-0.1,-1.0,-0.1
3,NONE,-1.0,-0.1,-1.0,-0.1
3,NONE,-1.0,-0.1,-1.0,-0.1
3,NONE,-1.0,-0.1,-1.0,-0.1
3,NONE,-1.0,-0.1,-1.0,-0.1
3,NONE,-1.0,-0.1,-1.0,-0.1
3,NONE,-1.0,-0.1,-1.0,-0.1
3,NONE,-1.0,-0.1,-1.0,-0.1
2,EV_B07_C021_Moto_Lineal_Electrica,-1.0,-0.1,7.0,23.89220164639284
1,EV_B07_C021_Moto_Lineal_Electrica,7.0,74.8764456305457,-1.0,23.89220164639284
1,EV_B07_C021_Moto_Lineal_Electrica,6.0,74.8764456305457,-1.0,23.89220164639284
1,EV_B07_C021_Moto_Lineal_Electrica,5.0,74.8764456305457,-1.0,23.89220164639284
1,EV_B07_C021_Moto_Lineal_Electrica,4.0,74.8764456305457,-1.0,23.89220164639284
1,EV_B07_C021_Moto_Lineal_Electrica,3.0,74.8764456305457,-1.0,23.89220164639284
1,EV_B07_C021_Moto_Lineal_Electrica,2.0,74.8764456305457,-1.0,23.89220164639284
1,EV_B07_C021_Moto_Lineal_Electrica,1.0,74.8764456305457,-1.0,23.89220164639284
1,EV_B07_C021_Moto_Lineal_Electrica,0.0,74.8764456305457,-1.0,23.89220164639284
3,NONE,-1.0,-0.1,-1.0,-0.1
3,NONE,-1.0,-0.1,-1.0,-0.1
3,NONE,-1.0,-0.1,-1.0,-0.1
3,NONE,-1.0,-0.1,-1.0,-0.1
3,NONE,-1.0,-0.1,-1.0,-0.1
3,NONE,-1.0,-0.1,-1.0,-0.1
3,NONE,-1.0,-0.1,-1.0,-0.1
3,NONE,-1.0,-0.1,-1.0,-0.1
3,NONE,-1.0,-0.1,-1.0,-0.1
3,NONE,-1.0,-0.1,-1.0,-0.1
3,NONE,-1.0,-0.1,-1.0,-0.1
3,NONE,-1.0,-0.1,-1.0,-0.1
3,NONE,-1.0,-0.1,-1.0,-0.1
3,NONE,-1.0,-0.1,-1.0,-0.1
3,NONE,-1.0,-0.1,-1.0,-0.1
2,EV_B07_C021_Moto_Lineal_Electrica,-1.0,-0.1,7.0,34.24517785925916
1,EV_B07_C021_Moto_Lineal_Electrica,7.0,84.28996069137375,-1.0,34.24517785925916
1,EV_B07_C021_Moto_Lineal_Electrica,6.0,84.28996069137375,-1.0,34.24517785925916
1,EV_B07_C021_Moto_Lineal_Electrica,5.0,84.28996069137375,-1.0,34.24517785925916
1,EV_B07_C021_Moto_Lineal_Electrica,4.0,84.28996069137375,-1.0,34.24517785925916
1,EV_B07_C021_Moto_Lineal_Electrica,3.0,84.28996069137375,-1.0,34.24517785925916
1,EV_B07_C021_Moto_Lineal_Electrica,2.0,84.28996069137375,-1.0,34.24517785925916
1,EV_B07_C021_Moto_Lineal_Electrica,1.0,84.28996069137375,-1.0,34.24517785925916
1,EV_B07_C021_Moto_Lineal_Electrica,0.0,84.28996069137375,-1.0,34.24517785925916
3,NONE,-1.0,-0.1,-1.0,-0.1
3,NONE,-1.0,-0.1,-1.0,-0.1
3,NONE,-1.0,-0.1,-1.0,-0.1
3,NONE,-1.0,-0.1,-1.0,-0.1
3,NONE,-1.0,-0.1,-1.0,-0.1
3,NONE,-1.0,-0.1,-1.0,-0.1
3,NONE,-1.0,-0.1,-1.0,-0.1
3,NONE,-1.0,-0.1,-1.0,-0.1
3,NONE,-1.0,-0.1,-1.0,-0.1
3,NONE,-1.0,-0.1,-1.0,-0.1
3,NONE,-1.0,-0.1,-1.0,-0.1
3,NONE,-1.0,-0.1,-1.0,-0.1
3,NONE,-1.0,-0.1,-1.0,-0.1
3,NONE,-1.0,-0.1,-1.0,-0.1
3,NONE,-1.0,-0.1,-1.0,-0.1
2,EV_B07_C021_Moto_Lineal_Electrica,-1.0,-0.1,7.0,45.490768232808406
1,EV_B07_C021_Moto_Lineal_Electrica,7.0,81.07660837605755,-1.0,45.490768232808406
1,EV_B07_C021_Moto_Lineal_Electrica,6.0,81.07660837605755,-1.0,45.490768232808406
1,EV_B07_C021_Moto_Lineal_Electrica,5.0,81.07660837605755,-1.0,45.490768232808406
1,EV_B07_C021_Moto_Lineal_Electrica,4.0,81.07660837605755,-1.0,45.490768232808406
1,EV_B07_C021_Moto_Lineal_Electrica,3.0,81.07660837605755,-1.0,45.490768232808406
1,EV_B07_C021_Moto_Lineal_Electrica,2.0,81.07660837605755,-1.0,45.490768232808406
1,EV_B07_C021_Moto_Lineal_Electrica,1.0,81.07660837605755,-1.0,45.490768232808406
1,EV_B07_C021_Moto_Lineal_Electrica,0.0,81.07660837605755,-1.0,45.490768232808406
3,NONE,-1.0,-0.1,-1.0,-0.1
3,NONE,-1.0,-0.1,-1.0,-0.1
3,NONE,-1.0,-0.1,-1.0,-0.1
3,NONE,-1.0,-0.1,-1.0,-0.1
3,NONE,-1.0,-0.1,-1.0,-0.1
3,NONE,-1.0,-0.1,-1.0,-0.1
3,NONE,-1.0,-0.1,-1.0,-0.1
3,NONE,-1.0,-0.1,-1.0,-0.1
3,NONE,-1.0,-0.1,-1.0,-0.1
3,NONE,-1.0,-0.1,-1.0,-0.1
3,NONE,-1.0,-0.1,-1.0,-0.1
3,NONE,-1.0,-0.1,-1.0,-0.1
3,NONE,-1.0,-0.1,-1.0,-0.1
3,NONE,-1.0,-0.1,-1.0,-0.1
3,NONE,-1.0,-0.1,-1.0,-0.1
3,NONE,-1.0,-0.1,-1.0,-0.1
3,NONE,-1.0,-0.1,-1.0,-0.1
3,NONE,-1.0,-0.1,-1.0,-0.1
3,NONE,-1.0,-0.1,-1.0,-0.1
3,NONE,-1.0,-0.1,-1.0,-0.1
3,NONE,-1.0,-0.1,-1.0,-0.1
3,NONE,-1.0,-0.1,-1.0,-0.1
3,NONE,-1.0,-0.1,-1.0,-0.1
3,NONE,-1.0,-0.1,-1.0,-0.1
3,NONE,-1.0,-0.1,-1.0,-0.1
3,NONE,-1.0,-0.1,-1.0,-0.1
3,NONE,-1.0,-0.1,-1.0,-0.1
3,NONE,-1.0,-0.1,-1.0,-0.1
3,NONE,-1.0,-0.1,-1.0,-0.1
3,NONE,-1.0,-0.1,-1.0,-0.1
3,NONE,-1.0,-0.1,-1.0,-0.1
3,NONE,-1.0,-0.1,-1.0,-0.1
3,NONE,-1.0,-0.1,-1.0,-0.1
3,NONE,-1.0,-0.1,-1.0,-0.1
3,NONE,-1.0,-0.1,-1.0,-0.1
3,NONE,-1.0,-0.1,-1.0,-0.1
3,NONE,-1.0,-0.1,-1.0,-0.1
3,NONE,-1.0,-0.1,-1.0,-0.1
3,NONE,-1.0,-0.1,-1.0,-0.1
3,NONE,-1.0,-0.1,-1.0,-0.1
3,NONE,-1.0,-0.1,-1.0,-0.1
3,NONE,-1.0,-0.1,-1.0,-0.1
3,NONE,-1.0,-0.1,-1.0,-0.1
3,NONE,-1.0,-0.1,-1.0,-0.1
3,NONE,-1.0,-0.1,-1.0,-0.1
3,NONE,-1.0,-0.1,-1.0,-0.1
3,NONE,-1.0,-0.1,-1.0,-0.1
3,NONE,-1.0,-0.1,-1.0,-0.1
3,NONE,-1.0,-0.1,-1.0,-0.1
3,NONE,-1.0,-0.1,-1.0,-0.1
3,NONE,-1.0,-0.1,-1.0,-0.1
3,NONE,-1.0,-0.1,-1.0,-0.1
3,NONE,-1.0,-0.1,-1.0,-0.1
3,NONE,-1.0,-0.1,-1.0,-0.1
3,NONE,-1.0,-0.1,-1.0,-0.1
3,NONE,-1.0,-0.1,-1.0,-0.1
3,NONE,-1.0,-0.1,-1.0,-0.1
3,NONE,-1.0,-0.1,-1.0,-0.1
3,NONE,-1.0,-0.1,-1.0,-0.1
3,NONE,-1.0,-0.1,-1.0,-0.1
3,NONE,-1.0,-0.1,-1.0,-0.1
3,NONE,-1.0,-0.1,-1.0,-0.1
3,NONE,-1.0,-0.1,-1.0,-0.1
2,EV_B07_C021_Moto_Lineal_Electrica,-1.0,-0.1,7.0,24.524722428567294
1,EV_B07_C021_Moto_Lineal_Electrica,7.0,77.62003949464204,-1.0,24.524722428567294
1,EV_B07_C021_Moto_Lineal_Electrica,6.0,77.62003949464204,-1.0,24.524722428567294
1,EV_B07_C021_Moto_Lineal_Electrica,5.0,77.62003949464204,-1.0,24.524722428567294
1,EV_B07_C021_Moto_Lineal_Electrica,4.0,77.62003949464204,-1.0,24.524722428567294
1,EV_B07_C021_Moto_Lineal_Electrica,3.0,77.62003949464204,-1.0,24.524722428567294
1,EV_B07_C021_Moto_Lineal_Electrica,2.0,77.62003949464204,-1.0,24.524722428567294
1,EV_B07_C021_Moto_Lineal_Electrica,1.0,77.62003949464204,-1.0,24.524722428567294
1,EV_B07_C021_Moto_Lineal_Electrica,0.0,77.62003949464204,-1.0,24.524722428567294
3,NONE,-1.0,-0.1,-1.0,-0.1
3,NONE,-1.0,-0.1,-1.0,-0.1
3,NONE,-1.0,-0.1,-1.0,-0.1
3,NONE,-1.0,-0.1,-1.0,-0.1
3,NONE,-1.0,-0.1,-1.0,-0.1
3,NONE,-1.0,-0.1,-1.0,-0.1
3,NONE,-1.0,-0.1,-1.0,-0.1
3,NONE,-1.0,-0.1,-1.0,-0.1
3,NONE,-1.0,-0.1,-1.0,-0.1
3,NONE,-1.0,-0.1,-1.0,-0.1
3,NONE,-1.0,-0.1,-1.0,-0.1
3,NONE,-1.0,-0.1,-1.0,-0.1
3,NONE,-1.0,-0.1,-1.0,-0.1
3,NONE,-1.0,-0.1,-1.0,-0.1
3,NONE,-1.0,-0.1,-1.0,-0.1
3,NONE,-1.0,-0.1,-1.0,-0.1
2,EV_B07_C021_Moto_Lineal_Electrica,-1.0,-0.1,8.0,35.522712292050635
1,EV_B07_C021_Moto_Lineal_Electrica,6.0,67.22183992581003,-1.0,35.522712292050635
1,EV_B07_C021_Moto_Lineal_Electrica,5.0,67.22183992581003,-1.0,35.522712292050635
1,EV_B07_C021_Moto_Lineal_Electrica,4.0,67.22183992581003,-1.0,35.522712292050635
1,EV_B07_C021_Moto_Lineal_Electrica,3.0,67.22183992581003,-1.0,35.522712292050635
1,EV_B07_C021_Moto_Lineal_Electrica,2.0,67.22183992581003,-1.0,35.522712292050635
1,EV_B07_C021_Moto_Lineal_Electrica,1.0,67.22183992581003,-1.0,35.522712292050635
1,EV_B07_C021_Moto_Lineal_Electrica,0.0,67.22183992581003,-1.0,35.522712292050635
3,NONE,-1.0,-0.1,-1.0,-0.1
3,NONE,-1.0,-0.1,-1.0,-0.1
3,NONE,-1.0,-0.1,-1.0,-0.1
3,NONE,-1.0,-0.1,-1.0,-0.1
3,NONE,-1.0,-0.1,-1.0,-0.1
3,NONE,-1.0,-0.1,-1.0,-0.1
3,NONE,-1.0,-0.1,-1.0,-0.1
3,NONE,-1.0,-0.1,-1.0,-0.1
3,NONE,-1.0,-0.1,-1.0,-0.1
3,NONE,-1.0,-0.1,-1.0,-0.1
3,NONE,-1.0,-0.1,-1.0,-0.1
3,NONE,-1.0,-0.1,-1.0,-0.1
3,NONE,-1.0,-0.1,-1.0,-0.1
3,NONE,-1.0,-0.1,-1.0,-0.1
3,NONE,-1.0,-0.1,-1.0,-0.1
2,EV_B07_C021_Moto_Lineal_Electrica,-1.0,-0.1,7.0,8.116111037613805
1,EV_B07_C021_Moto_Lineal_Electrica,7.0,90.49798651055416,-1.0,8.116111037613805
1,EV_B07_C021_Moto_Lineal_Electrica,6.0,90.49798651055416,-1.0,8.116111037613805
1,EV_B07_C021_Moto_Lineal_Electrica,5.0,90.49798651055416,-1.0,8.116111037613805
1,EV_B07_C021_Moto_Lineal_Electrica,4.0,90.49798651055416,-1.0,8.116111037613805
1,EV_B07_C021_Moto_Lineal_Electrica,3.0,90.49798651055416,-1.0,8.116111037613805
1,EV_B07_C021_Moto_Lineal_Electrica,2.0,90.49798651055416,-1.0,8.116111037613805
1,EV_B07_C021_Moto_Lineal_Electrica,1.0,90.49798651055416,-1.0,8.116111037613805
1,EV_B07_C021_Moto_Lineal_Electrica,0.0,90.49798651055416,-1.0,8.116111037613805
3,NONE,-1.0,-0.1,-1.0,-0.1
3,NONE,-1.0,-0.1,-1.0,-0.1
3,NONE,-1.0,-0.1,-1.0,-0.1
3,NONE,-1.0,-0.1,-1.0,-0.1
3,NONE,-1.0,-0.1,-1.0,-0.1
3,NONE,-1.0,-0.1,-1.0,-0.1
3,NONE,-1.0,-0.1,-1.0,-0.1
3,NONE,-1.0,-0.1,-1.0,-0.1
3,NONE,-1.0,-0.1,-1.0,-0.1
3,NONE,-1.0,-0.1,-1.0,-0.1
3,NONE,-1.0,-0.1,-1.0,-0.1
3,NONE,-1.0,-0.1,-1.0,-0.1
3,NONE,-1.0,-0.1,-1.0,-0.1
3,NONE,-1.0,-0.1,-1.0,-0.1
3,NONE,-1.0,-0.1,-1.0,-0.1
3,NONE,-1.0,-0.1,-1.0,-0.1
2,EV_B07_C021_Moto_Lineal_Electrica,-1.0,-0.1,8.0,11.700385202965027
1,EV_B07_C021_Moto_Lineal_Electrica,6.0,86.49414772852079,-1.0,11.700385202965027
1,EV_B07_C021_Moto_Lineal_Electrica,5.0,86.49414772852079,-1.0,11.700385202965027
1,EV_B07_C021_Moto_Lineal_Electrica,4.0,86.49414772852079,-1.0,11.700385202965027
1,EV_B07_C021_Moto_Lineal_Electrica,3.0,86.49414772852079,-1.0,11.700385202965027
1,EV_B07_C021_Moto_Lineal_Electrica,2.0,86.49414772852079,-1.0,11.700385202965027
1,EV_B07_C021_Moto_Lineal_Electrica,1.0,86.49414772852079,-1.0,11.700385202965027
1,EV_B07_C021_Moto_Lineal_Electrica,0.0,86.49414772852079,-1.0,11.700385202965027
3,NONE,-1.0,-0.1,-1.0,-0.1
3,NONE,-1.0,-0.1,-1.0,-0.1
3,NONE,-1.0,-0.1,-1.0,-0.1
3,NONE,-1.0,-0.1,-1.0,-0.1
3,NONE,-1.0,-0.1,-1.0,-0.1
3,NONE,-1.0,-0.1,-1.0,-0.1
3,NONE,-1.0,-0.1,-1.0,-0.1
3,NONE,-1.0,-0.1,-1.0,-0.1
3,NONE,-1.0,-0.1,-1.0,-0.1
3,NONE,-1.0,-0.1,-1.0,-0.1
3,NONE,-1.0,-0.1,-1.0,-0.1
3,NONE,-1.0,-0.1,-1.0,-0.1
3,NONE,-1.0,-0.1,-1.0,-0.1
3,NONE,-1.0,-0.1,-1.0,-0.1
3,NONE,-1.0,-0.1,-1.0,-0.1
2,EV_B07_C021_Moto_Lineal_Electrica,-1.0,-0.1,7.0,36.36731144942425
1,EV_B07_C021_Moto_Lineal_Electrica,7.0,76.75957921102231,-1.0,36.36731144942425
1,EV_B07_C021_Moto_Lineal_Electrica,6.0,76.75957921102231,-1.0,36.36731144942425
1,EV_B07_C021_Moto_Lineal_Electrica,5.0,76.75957921102231,-1.0,36.36731144942425
1,EV_B07_C021_Moto_Lineal_Electrica,4.0,76.75957921102231,-1.0,36.36731144942425
1,EV_B07_C021_Moto_Lineal_Electrica,3.0,76.75957921102231,-1.0,36.36731144942425
1,EV_B07_C021_Moto_Lineal_Electrica,2.0,76.75957921102231,-1.0,36.36731144942425
1,EV_B07_C021_Moto_Lineal_Electrica,1.0,76.75957921102231,-1.0,36.36731144942425
1,EV_B07_C021_Moto_Lineal_Electrica,0.0,76.75957921102231,-1.0,36.36731144942425
3,NONE,-1.0,-0.1,-1.0,-0.1
3,NONE,-1.0,-0.1,-1.0,-0.1
3,NONE,-1.0,-0.1,-1.0,-0.1
3,NONE,-1.0,-0.1,-1.0,-0.1
3,NONE,-1.0,-0.1,-1.0,-0.1
3,NONE,-1.0,-0.1,-1.0,-0.1
3,NONE,-1.0,-0.1,-1.0,-0.1
3,NONE,-1.0,-0.1,-1.0,-0.1
3,NONE,-1.0,-0.1,-1.0,-0.1
3,NONE,-1.0,-0.1,-1.0,-0.1
3,NONE,-1.0,-0.1,-1.0,-0.1
3,NONE,-1.0,-0.1,-1.0,-0.1
3,NONE,-1.0,-0.1,-1.0,-0.1
3,NONE,-1.0,-0.1,-1.0,-0.1
3,NONE,-1.0,-0.1,-1.0,-0.1
3,NONE,-1.0,-0.1,-1.0,-0.1
3,NONE,-1.0,-0.1,-1.0,-0.1
3,NONE,-1.0,-0.1,-1.0,-0.1
3,NONE,-1.0,-0.1,-1.0,-0.1
3,NONE,-1.0,-0.1,-1.0,-0.1
3,NONE,-1.0,-0.1,-1.0,-0.1
3,NONE,-1.0,-0.1,-1.0,-0.1
3,NONE,-1.0,-0.1,-1.0,-0.1
3,NONE,-1.0,-0.1,-1.0,-0.1
3,NONE,-1.0,-0.1,-1.0,-0.1
3,NONE,-1.0,-0.1,-1.0,-0.1
3,NONE,-1.0,-0.1,-1.0,-0.1
3,NONE,-1.0,-0.1,-1.0,-0.1
3,NONE,-1.0,-0.1,-1.0,-0.1
3,NONE,-1.0,-0.1,-1.0,-0.1
3,NONE,-1.0,-0.1,-1.0,-0.1
3,NONE,-1.0,-0.1,-1.0,-0.1
3,NONE,-1.0,-0.1,-1.0,-0.1
3,NONE,-1.0,-0.1,-1.0,-0.1
3,NONE,-1.0,-0.1,-1.0,-0.1
3,NONE,-1.0,-0.1,-1.0,-0.1
3,NONE,-1.0,-0.1,-1.0,-0.1
3,NONE,-1.0,-0.1,-1.0,-0.1
3,NONE,-1.0,-0.1,-1.0,-0.1
3,NONE,-1.0,-0.1,-1.0,-0.1
3,NONE,-1.0,-0.1,-1.0,-0.1
3,NONE,-1.0,-0.1,-1.0,-0.1
3,NONE,-1.0,-0.1,-1.0,-0.1
3,NONE,-1.0,-0.1,-1.0,-0.1
3,NONE,-1.0,-0.1,-1.0,-0.1
3,NONE,-1.0,-0.1,-1.0,-0.1
3,NONE,-1.0,-0.1,-1.0,-0.1
3,NONE,-1.0,-0.1,-1.0,-0.1
3,NONE,-1.0,-0.1,-1.0,-0.1
3,NONE,-1.0,-0.1,-1.0,-0.1
3,NONE,-1.0,-0.1,-1.0,-0.1
3,NONE,-1.0,-0.1,-1.0,-0.1
3,NONE,-1.0,-0.1,-1.0,-0.1
3,NONE,-1.0,-0.1,-1.0,-0.1
3,NONE,-1.0,-0.1,-1.0,-0.1
3,NONE,-1.0,-0.1,-1.0,-0.1
3,NONE,-1.0,-0.1,-1.0,-0.1
3,NONE,-1.0,-0.1,-1.0,-0.1
3,NONE,-1.0,-0.1,-1.0,-0.1
3,NONE,-1.0,-0.1,-1.0,-0.1
3,NONE,-1.0,-0.1,-1.0,-0.1
3,NONE,-1.0,-0.1,-1.0,-0.1
3,NONE,-1.0,-0.1,-1.0,-0.1
3,NONE,-1.0,-0.1,-1.0,-0.1
2,EV_B07_C021_Moto_Lineal_Electrica,-1.0,-0.1,8.0,36.35876271830929
1,EV_B07_C021_Moto_Lineal_Electrica,6.0,86.07120678313322,-1.0,36.35876271830929
1,EV_B07_C021_Moto_Lineal_Electrica,5.0,86.07120678313322,-1.0,36.35876271830929
1,EV_B07_C021_Moto_Lineal_Electrica,4.0,86.07120678313322,-1.0,36.35876271830929
1,EV_B07_C021_Moto_Lineal_Electrica,3.0,86.07120678313322,-1.0,36.35876271830929
1,EV_B07_C021_Moto_Lineal_Electrica,2.0,86.07120678313322,-1.0,36.35876271830929
1,EV_B07_C021_Moto_Lineal_Electrica,1.0,86.07120678313322,-1.0,36.35876271830929
1,EV_B07_C021_Moto_Lineal_Electrica,0.0,86.07120678313322,-1.0,36.35876271830929
3,NONE,-1.0,-0.1,-1.0,-0.1
3,NONE,-1.0,-0.1,-1.0,-0.1
3,NONE,-1.0,-0.1,-1.0,-0.1
3,NONE,-1.0,-0.1,-1.0,-0.1
3,NONE,-1.0,-0.1,-1.0,-0.1
3,NONE,-1.0,-0.1,-1.0,-0.1
3,NONE,-1.0,-0.1,-1.0,-0.1
3,NONE,-1.0,-0.1,-1.0,-0.1
3,NONE,-1.0,-0.1,-1.0,-0.1
3,NONE,-1.0,-0.1,-1.0,-0.1
3,NONE,-1.0,-0.1,-1.0,-0.1
3,NONE,-1.0,-0.1,-1.0,-0.1
3,NONE,-1.0,-0.1,-1.0,-0.1
3,NONE,-1.0,-0.1,-1.0,-0.1
3,NONE,-1.0,-0.1,-1.0,-0.1
2,EV_B07_C021_Moto_Lineal_Electrica,-1.0,-0.1,7.0,33.62161754436363
1,EV_B07_C021_Moto_Lineal_Electrica,7.0,77.69091887565745,-1.0,33.62161754436363
1,EV_B07_C021_Moto_Lineal_Electrica,6.0,77.69091887565745,-1.0,33.62161754436363
1,EV_B07_C021_Moto_Lineal_Electrica,5.0,77.69091887565745,-1.0,33.62161754436363
1,EV_B07_C021_Moto_Lineal_Electrica,4.0,77.69091887565745,-1.0,33.62161754436363
1,EV_B07_C021_Moto_Lineal_Electrica,3.0,77.69091887565745,-1.0,33.62161754436363
1,EV_B07_C021_Moto_Lineal_Electrica,2.0,77.69091887565745,-1.0,33.62161754436363
1,EV_B07_C021_Moto_Lineal_Electrica,1.0,77.69091887565745,-1.0,33.62161754436363
1,EV_B07_C021_Moto_Lineal_Electrica,0.0,77.69091887565745,-1.0,33.62161754436363
3,NONE,-1.0,-0.1,-1.0,-0.1
3,NONE,-1.0,-0.1,-1.0,-0.1
3,NONE,-1.0,-0.1,-1.0,-0.1
3,NONE,-1.0,-0.1,-1.0,-0.1
3,NONE,-1.0,-0.1,-1.0,-0.1
3,NONE,-1.0,-0.1,-1.0,-0.1
3,NONE,-1.0,-0.1,-1.0,-0.1
3,NONE,-1.0,-0.1,-1.0,-0.1
3,NONE,-1.0,-0.1,-1.0,-0.1
3,NONE,-1.0,-0.1,-1.0,-0.1
3,NONE,-1.0,-0.1,-1.0,-0.1
3,NONE,-1.0,-0.1,-1.0,-0.1
3,NONE,-1.0,-0.1,-1.0,-0.1
3,NONE,-1.0,-0.1,-1.0,-0.1
3,NONE,-1.0,-0.1,-1.0,-0.1
2,EV_B07_C021_Moto_Lineal_Electrica,-1.0,-0.1,7.0,42.20695937763034
1,EV_B07_C021_Moto_Lineal_Electrica,7.0,84.15897323405171,-1.0,42.20695937763034
1,EV_B07_C021_Moto_Lineal_Electrica,6.0,84.15897323405171,-1.0,42.20695937763034
1,EV_B07_C021_Moto_Lineal_Electrica,5.0,84.15897323405171,-1.0,42.20695937763034
1,EV_B07_C021_Moto_Lineal_Electrica,4.0,84.15897323405171,-1.0,42.20695937763034
1,EV_B07_C021_Moto_Lineal_Electrica,3.0,84.15897323405171,-1.0,42.20695937763034
1,EV_B07_C021_Moto_Lineal_Electrica,2.0,84.15897323405171,-1.0,42.20695937763034
1,EV_B07_C021_Moto_Lineal_Electrica,1.0,84.15897323405171,-1.0,42.20695937763034
1,EV_B07_C021_Moto_Lineal_Electrica,0.0,84.15897323405171,-1.0,42.20695937763034
3,NONE,-1.0,-0.1,-1.0,-0.1
3,NONE,-1.0,-0.1,-1.0,-0.1
3,NONE,-1.0,-0.1,-1.0,-0.1
3,NONE,-1.0,-0.1,-1.0,-0.1
3,NONE,-1.0,-0.1,-1.0,-0.1
3,NONE,-1.0,-0.1,-1.0,-0.1
3,NONE,-1.0,-0.1,-1.0,-0.1
3,NONE,-1.0,-0.1,-1.0,-0.1
3,NONE,-1.0,-0.1,-1.0,-0.1
3,NONE,-1.0,-0.1,-1.0,-0.1
3,NONE,-1.0,-0.1,-1.0,-0.1
3,NONE,-1.0,-0.1,-1.0,-0.1
3,NONE,-1.0,-0.1,-1.0,-0.1
3,NONE,-1.0,-0.1,-1.0,-0.1
3,NONE,-1.0,-0.1,-1.0,-0.1
3,NONE,-1.0,-0.1,-1.0,-0.1
3,NONE,-1.0,-0.1,-1.0,-0.1
2,EV_B07_C021_Moto_Lineal_Electrica,-1.0,-0.1,9.0,24.892485372509103
1,EV_B07_C021_Moto_Lineal_Electrica,5.0,76.5990310977485,-1.0,24.892485372509103
1,EV_B07_C021_Moto_Lineal_Electrica,4.0,76.5990310977485,-1.0,24.892485372509103
1,EV_B07_C021_Moto_Lineal_Electrica,3.0,76.5990310977485,-1.0,24.892485372509103
1,EV_B07_C021_Moto_Lineal_Electrica,2.0,76.5990310977485,-1.0,24.892485372509103
1,EV_B07_C021_Moto_Lineal_Electrica,1.0,76.5990310977485,-1.0,24.892485372509103
1,EV_B07_C021_Moto_Lineal_Electrica,0.0,76.5990310977485,-1.0,24.892485372509103
3,NONE,-1.0,-0.1,-1.0,-0.1
3,NONE,-1.0,-0.1,-1.0,-0.1
3,NONE,-1.0,-0.1,-1.0,-0.1
3,NONE,-1.0,-0.1,-1.0,-0.1
3,NONE,-1.0,-0.1,-1.0,-0.1
3,NONE,-1.0,-0.1,-1.0,-0.1
3,NONE,-1.0,-0.1,-1.0,-0.1
3,NONE,-1.0,-0.1,-1.0,-0.1
3,NONE,-1.0,-0.1,-1.0,-0.1
3,NONE,-1.0,-0.1,-1.0,-0.1
3,NONE,-1.0,-0.1,-1.0,-0.1
3,NONE,-1.0,-0.1,-1.0,-0.1
3,NONE,-1.0,-0.1,-1.0,-0.1
3,NONE,-1.0,-0.1,-1.0,-0.1
3,NONE,-1.0,-0.1,-1.0,-0.1
2,EV_B07_C021_Moto_Lineal_Electrica,-1.0,-0.1,7.0,16.474882255631893
1,EV_B07_C021_Moto_Lineal_Electrica,7.0,84.27930078335069,-1.0,16.474882255631893
1,EV_B07_C021_Moto_Lineal_Electrica,6.0,84.27930078335069,-1.0,16.474882255631893
1,EV_B07_C021_Moto_Lineal_Electrica,5.0,84.27930078335069,-1.0,16.474882255631893
1,EV_B07_C021_Moto_Lineal_Electrica,4.0,84.27930078335069,-1.0,16.474882255631893
1,EV_B07_C021_Moto_Lineal_Electrica,3.0,84.27930078335069,-1.0,16.474882255631893
1,EV_B07_C021_Moto_Lineal_Electrica,2.0,84.27930078335069,-1.0,16.474882255631893
1,EV_B07_C021_Moto_Lineal_Electrica,1.0,84.27930078335069,-1.0,16.474882255631893
1,EV_B07_C021_Moto_Lineal_Electrica,0.0,84.27930078335069,-1.0,16.474882255631893
3,NONE,-1.0,-0.1,-1.0,-0.1
3,NONE,-1.0,-0.1,-1.0,-0.1
3,NONE,-1.0,-0.1,-1.0,-0.1
3,NONE,-1.0,-0.1,-1.0,-0.1
3,NONE,-1.0,-0.1,-1.0,-0.1
3,NONE,-1.0,-0.1,-1.0,-0.1
3,NONE,-1.0,-0.1,-1.0,-0.1
3,NONE,-1.0,-0.1,-1.0,-0.1
3,NONE,-1.0,-0.1,-1.0,-0.1
3,NONE,-1.0,-0.1,-1.0,-0.1
3,NONE,-1.0,-0.1,-1.0,-0.1
3,NONE,-1.0,-0.1,-1.0,-0.1
3,NONE,-1.0,-0.1,-1.0,-0.1
3,NONE,-1.0,-0.1,-1.0,-0.1
3,NONE,-1.0,-0.1,-1.0,-0.1
3,NONE,-1.0,-0.1,-1.0,-0.1
3,NONE,-1.0,-0.1,-1.0,-0.1
3,NONE,-1.0,-0.1,-1.0,-0.1
3,NONE,-1.0,-0.1,-1.0,-0.1
3,NONE,-1.0,-0.1,-1.0,-0.1
3,NONE,-1.0,-0.1,-1.0,-0.1
3,NONE,-1.0,-0.1,-1.0,-0.1
3,NONE,-1.0,-0.1,-1.0,-0.1
3,NONE,-1.0,-0.1,-1.0,-0.1
3,NONE,-1.0,-0.1,-1.0,-0.1
3,NONE,-1.0,-0.1,-1.0,-0.1
3,NONE,-1.0,-0.1,-1.0,-0.1
3,NONE,-1.0,-0.1,-1.0,-0.1
3,NONE,-1.0,-0.1,-1.0,-0.1
3,NONE,-1.0,-0.1,-1.0,-0.1
3,NONE,-1.0,-0.1,-1.0,-0.1
3,NONE,-1.0,-0.1,-1.0,-0.1
3,NONE,-1.0,-0.1,-1.0,-0.1
3,NONE,-1.0,-0.1,-1.0,-0.1
3,NONE,-1.0,-0.1,-1.0,-0.1
3,NONE,-1.0,-0.1,-1.0,-0.1
3,NONE,-1.0,-0.1,-1.0,-0.1
3,NONE,-1.0,-0.1,-1.0,-0.1
3,NONE,-1.0,-0.1,-1.0,-0.1
3,NONE,-1.0,-0.1,-1.0,-0.1
3,NONE,-1.0,-0.1,-1.0,-0.1
3,NONE,-1.0,-0.1,-1.0,-0.1
3,NONE,-1.0,-0.1,-1.0,-0.1
3,NONE,-1.0,-0.1,-1.0,-0.1
3,NONE,-1.0,-0.1,-1.0,-0.1
3,NONE,-1.0,-0.1,-1.0,-0.1
3,NONE,-1.0,-0.1,-1.0,-0.1
3,NONE,-1.0,-0.1,-1.0,-0.1
3,NONE,-1.0,-0.1,-1.0,-0.1
3,NONE,-1.0,-0.1,-1.0,-0.1
3,NONE,-1.0,-0.1,-1.0,-0.1
3,NONE,-1.0,-0.1,-1.0,-0.1
3,NONE,-1.0,-0.1,-1.0,-0.1
3,NONE,-1.0,-0.1,-1.0,-0.1
3,NONE,-1.0,-0.1,-1.0,-0.1
3,NONE,-1.0,-0.1,-1.0,-0.1
3,NONE,-1.0,-0.1,-1.0,-0.1
3,NONE,-1.0,-0.1,-1.0,-0.1
3,NONE,-1.0,-0.1,-1.0,-0.1
3,NONE,-1.0,-0.1,-1.0,-0.1
3,NONE,-1.0,-0.1,-1.0,-0.1
3,NONE,-1.0,-0.1,-1.0,-0.1
3,NONE,-1.0,-0.1,-1.0,-0.1
3,NONE,-1.0,-0.1,-1.0,-0.1
2,EV_B07_C021_Moto_Lineal_Electrica,-1.0,-0.1,8.0,31.479227966244327
1,EV_B07_C021_Moto_Lineal_Electrica,6.0,83.74528359342727,-1.0,31.479227966244327
1,EV_B07_C021_Moto_Lineal_Electrica,5.0,83.74528359342727,-1.0,31.479227966244327
1,EV_B07_C021_Moto_Lineal_Electrica,4.0,83.74528359342727,-1.0,31.479227966244327
1,EV_B07_C021_Moto_Lineal_Electrica,3.0,83.74528359342727,-1.0,31.479227966244327
1,EV_B07_C021_Moto_Lineal_Electrica,2.0,83.74528359342727,-1.0,31.479227966244327
1,EV_B07_C021_Moto_Lineal_Electrica,1.0,83.74528359342727,-1.0,31.479227966244327
1,EV_B07_C021_Moto_Lineal_Electrica,0.0,83.74528359342727,-1.0,31.479227966244327
3,NONE,-1.0,-0.1,-1.0,-0.1
3,NONE,-1.0,-0.1,-1.0,-0.1
3,NONE,-1.0,-0.1,-1.0,-0.1
3,NONE,-1.0,-0.1,-1.0,-0.1
3,NONE,-1.0,-0.1,-1.0,-0.1
3,NONE,-1.0,-0.1,-1.0,-0.1
3,NONE,-1.0,-0.1,-1.0,-0.1
3,NONE,-1.0,-0.1,-1.0,-0.1
3,NONE,-1.0,-0.1,-1.0,-0.1
3,NONE,-1.0,-0.1,-1.0,-0.1
3,NONE,-1.0,-0.1,-1.0,-0.1
3,NONE,-1.0,-0.1,-1.0,-0.1
3,NONE,-1.0,-0.1,-1.0,-0.1
3,NONE,-1.0,-0.1,-1.0,-0.1
3,NONE,-1.0,-0.1,-1.0,-0.1
2,EV_B07_C021_Moto_Lineal_Electrica,-1.0,-0.1,7.0,36.169563515771145
1,EV_B07_C021_Moto_Lineal_Electrica,7.0,84.4160196768133,-1.0,36.169563515771145
1,EV_B07_C021_Moto_Lineal_Electrica,6.0,84.4160196768133,-1.0,36.169563515771145
1,EV_B07_C021_Moto_Lineal_Electrica,5.0,84.4160196768133,-1.0,36.169563515771145
1,EV_B07_C021_Moto_Lineal_Electrica,4.0,84.4160196768133,-1.0,36.169563515771145
1,EV_B07_C021_Moto_Lineal_Electrica,3.0,84.4160196768133,-1.0,36.169563515771145
1,EV_B07_C021_Moto_Lineal_Electrica,2.0,84.4160196768133,-1.0,36.169563515771145
1,EV_B07_C021_Moto_Lineal_Electrica,1.0,84.4160196768133,-1.0,36.169563515771145
1,EV_B07_C021_Moto_Lineal_Electrica,0.0,84.4160196768133,-1.0,36.169563515771145
3,NONE,-1.0,-0.1,-1.0,-0.1
3,NONE,-1.0,-0.1,-1.0,-0.1
3,NONE,-1.0,-0.1,-1.0,-0.1
3,NONE,-1.0,-0.1,-1.0,-0.1
3,NONE,-1.0,-0.1,-1.0,-0.1
3,NONE,-1.0,-0.1,-1.0,-0.1
3,NONE,-1.0,-0.1,-1.0,-0.1
3,NONE,-1.0,-0.1,-1.0,-0.1
3,NONE,-1.0,-0.1,-1.0,-0.1
3,NONE,-1.0,-0.1,-1.0,-0.1
3,NONE,-1.0,-0.1,-1.0,-0.1
3,NONE,-1.0,-0.1,-1.0,-0.1
3,NONE,-1.0,-0.1,-1.0,-0.1
3,NONE,-1.0,-0.1,-1.0,-0.1
3,NONE,-1.0,-0.1,-1.0,-0.1
3,NONE,-1.0,-0.1,-1.0,-0.1
2,EV_B07_C021_Moto_Lineal_Electrica,-1.0,-0.1,8.0,26.104210132243004
1,EV_B07_C021_Moto_Lineal_Electrica,6.0,75.81710485348387,-1.0,26.104210132243004
1,EV_B07_C021_Moto_Lineal_Electrica,5.0,75.81710485348387,-1.0,26.104210132243004
1,EV_B07_C021_Moto_Lineal_Electrica,4.0,75.81710485348387,-1.0,26.104210132243004
1,EV_B07_C021_Moto_Lineal_Electrica,3.0,75.81710485348387,-1.0,26.104210132243004
1,EV_B07_C021_Moto_Lineal_Electrica,2.0,75.81710485348387,-1.0,26.104210132243004
1,EV_B07_C021_Moto_Lineal_Electrica,1.0,75.81710485348387,-1.0,26.104210132243004
1,EV_B07_C021_Moto_Lineal_Electrica,0.0,75.81710485348387,-1.0,26.104210132243004
3,NONE,-1.0,-0.1,-1.0,-0.1
3,NONE,-1.0,-0.1,-1.0,-0.1
3,NONE,-1.0,-0.1,-1.0,-0.1
3,NONE,-1.0,-0.1,-1.0,-0.1
3,NONE,-1.0,-0.1,-1.0,-0.1
3,NONE,-1.0,-0.1,-1.0,-0.1
3,NONE,-1.0,-0.1,-1.0,-0.1
3,NONE,-1.0,-0.1,-1.0,-0.1
3,NONE,-1.0,-0.1,-1.0,-0.1
3,NONE,-1.0,-0.1,-1.0,-0.1
3,NONE,-1.0,-0.1,-1.0,-0.1
3,NONE,-1.0,-0.1,-1.0,-0.1
3,NONE,-1.0,-0.1,-1.0,-0.1
3,NONE,-1.0,-0.1,-1.0,-0.1
3,NONE,-1.0,-0.1,-1.0,-0.1
3,NONE,-1.0,-0.1,-1.0,-0.1
2,EV_B07_C021_Moto_Lineal_Electrica,-1.0,-0.1,8.0,51.89715133276204
1,EV_B07_C021_Moto_Lineal_Electrica,6.0,88.87679742225995,-1.0,51.89715133276204
1,EV_B07_C021_Moto_Lineal_Electrica,5.0,88.87679742225995,-1.0,51.89715133276204
1,EV_B07_C021_Moto_Lineal_Electrica,4.0,88.87679742225995,-1.0,51.89715133276204
1,EV_B07_C021_Moto_Lineal_Electrica,3.0,88.87679742225995,-1.0,51.89715133276204
1,EV_B07_C021_Moto_Lineal_Electrica,2.0,88.87679742225995,-1.0,51.89715133276204
1,EV_B07_C021_Moto_Lineal_Electrica,1.0,88.87679742225995,-1.0,51.89715133276204
1,EV_B07_C021_Moto_Lineal_Electrica,0.0,88.87679742225995,-1.0,51.89715133276204
3,NONE,-1.0,-0.1,-1.0,-0.1
3,NONE,-1.0,-0.1,-1.0,-0.1
3,NONE,-1.0,-0.1,-1.0,-0.1
3,NONE,-1.0,-0.1,-1.0,-0.1
3,NONE,-1.0,-0.1,-1.0,-0.1
3,NONE,-1.0,-0.1,-1.0,-0.1
3,NONE,-1.0,-0.1,-1.0,-0.1
3,NONE,-1.0,-0.1,-1.0,-0.1
3,NONE,-1.0,-0.1,-1.0,-0.1
3,NONE,-1.0,-0.1,-1.0,-0.1
3,NONE,-1.0,-0.1,-1.0,-0.1
3,NONE,-1.0,-0.1,-1.0,-0.1
3,NONE,-1.0,-0.1,-1.0,-0.1
3,NONE,-1.0,-0.1,-1.0,-0.1
3,NONE,-1.0,-0.1,-1.0,-0.1
3,NONE,-1.0,-0.1,-1.0,-0.1
2,EV_B07_C021_Moto_Lineal_Electrica,-1.0,-0.1,8.0,26.231184578534787
1,EV_B07_C021_Moto_Lineal_Electrica,6.0,79.96071151550834,-1.0,26.231184578534787
1,EV_B07_C021_Moto_Lineal_Electrica,5.0,79.96071151550834,-1.0,26.231184578534787
1,EV_B07_C021_Moto_Lineal_Electrica,4.0,79.96071151550834,-1.0,26.231184578534787
1,EV_B07_C021_Moto_Lineal_Electrica,3.0,79.96071151550834,-1.0,26.231184578534787
1,EV_B07_C021_Moto_Lineal_Electrica,2.0,79.96071151550834,-1.0,26.231184578534787
1,EV_B07_C021_Moto_Lineal_Electrica,1.0,79.96071151550834,-1.0,26.231184578534787
1,EV_B07_C021_Moto_Lineal_Electrica,0.0,79.96071151550834,-1.0,26.231184578534787
3,NONE,-1.0,-0.1,-1.0,-0.1
3,NONE,-1.0,-0.1,-1.0,-0.1
3,NONE,-1.0,-0.1,-1.0,-0.1
3,NONE,-1.0,-0.1,-1.0,-0.1
3,NONE,-1.0,-0.1,-1.0,-0.1
3,NONE,-1.0,-0.1,-1.0,-0.1
3,NONE,-1.0,-0.1,-1.0,-0.1
3,NONE,-1.0,-0.1,-1.0,-0.1
3,NONE,-1.0,-0.1,-1.0,-0.1
3,NONE,-1.0,-0.1,-1.0,-0.1
3,NONE,-1.0,-0.1,-1.0,-0.1
3,NONE,-1.0,-0.1,-1.0,-0.1
3,NONE,-1.0,-0.1,-1.0,-0.1
3,NONE,-1.0,-0.1,-1.0,-0.1
3,NONE,-1.0,-0.1,-1.0,-0.1
3,NONE,-1.0,-0.1,-1.0,-0.1
3,NONE,-1.0,-0.1,-1.0,-0.1
3,NONE,-1.0,-0.1,-1.0,-0.1
3,NONE,-1.0,-0.1,-1.0,-0.1
3,NONE,-1.0,-0.1,-1.0,-0.1
3,NONE,-1.0,-0.1,-1.0,-0.1
3,NONE,-1.0,-0.1,-1.0,-0.1
3,NONE,-1.0,-0.1,-1.0,-0.1
3,NONE,-1.0,-0.1,-1.0,-0.1
3,NONE,-1.0,-0.1,-1.0,-0.1
3,NONE,-1.0,-0.1,-1.0,-0.1
3,NONE,-1.0,-0.1,-1.0,-0.1
3,NONE,-1.0,-0.1,-1.0,-0.1
3,NONE,-1.0,-0.1,-1.0,-0.1
3,NONE,-1.0,-0.1,-1.0,-0.1
3,NONE,-1.0,-0.1,-1.0,-0.1
3,NONE,-1.0,-0.1,-1.0,-0.1
3,NONE,-1.0,-0.1,-1.0,-0.1
3,NONE,-1.0,-0.1,-1.0,-0.1
3,NONE,-1.0,-0.1,-1.0,-0.1
3,NONE,-1.0,-0.1,-1.0,-0.1
3,NONE,-1.0,-0.1,-1.0,-0.1
3,NONE,-1.0,-0.1,-1.0,-0.1
3,NONE,-1.0,-0.1,-1.0,-0.1
3,NONE,-1.0,-0.1,-1.0,-0.1
3,NONE,-1.0,-0.1,-1.0,-0.1
3,NONE,-1.0,-0.1,-1.0,-0.1
3,NONE,-1.0,-0.1,-1.0,-0.1
3,NONE,-1.0,-0.1,-1.0,-0.1
3,NONE,-1.0,-0.1,-1.0,-0.1
3,NONE,-1.0,-0.1,-1.0,-0.1
3,NONE,-1.0,-0.1,-1.0,-0.1
3,NONE,-1.0,-0.1,-1.0,-0.1
3,NONE,-1.0,-0.1,-1.0,-0.1
3,NONE,-1.0,-0.1,-1.0,-0.1
3,NONE,-1.0,-0.1,-1.0,-0.1
3,NONE,-1.0,-0.1,-1.0,-0.1
3,NONE,-1.0,-0.1,-1.0,-0.1
3,NONE,-1.0,-0.1,-1.0,-0.1
3,NONE,-1.0,-0.1,-1.0,-0.1
3,NONE,-1.0,-0.1,-1.0,-0.1
3,NONE,-1.0,-0.1,-1.0,-0.1
3,NONE,-1.0,-0.1,-1.0,-0.1
3,NONE,-1.0,-0.1,-1.0,-0.1
3,NONE,-1.0,-0.1,-1.0,-0.1
3,NONE,-1.0,-0.1,-1.0,-0.1
3,NONE,-1.0,-0.1,-1.0,-0.1
3,NONE,-1.0,-0.1,-1.0,-0.1
2,EV_B07_C021_Moto_Lineal_Electrica,-1.0,-0.1,7.0,37.46138044385835
1,EV_B07_C021_Moto_Lineal_Electrica,7.0,83.14913126226061,-1.0,37.46138044385835
1,EV_B07_C021_Moto_Lineal_Electrica,6.0,83.14913126226061,-1.0,37.46138044385835
1,EV_B07_C021_Moto_Lineal_Electrica,5.0,83.14913126226061,-1.0,37.46138044385835
1,EV_B07_C021_Moto_Lineal_Electrica,4.0,83.14913126226061,-1.0,37.46138044385835
1,EV_B07_C021_Moto_Lineal_Electrica,3.0,83.14913126226061,-1.0,37.46138044385835
1,EV_B07_C021_Moto_Lineal_Electrica,2.0,83.14913126226061,-1.0,37.46138044385835
1,EV_B07_C021_Moto_Lineal_Electrica,1.0,83.14913126226061,-1.0,37.46138044385835
1,EV_B07_C021_Moto_Lineal_Electrica,0.0,83.14913126226061,-1.0,37.46138044385835
3,NONE,-1.0,-0.1,-1.0,-0.1
3,NONE,-1.0,-0.1,-1.0,-0.1
3,NONE,-1.0,-0.1,-1.0,-0.1
3,NONE,-1.0,-0.1,-1.0,-0.1
3,NONE,-1.0,-0.1,-1.0,-0.1
3,NONE,-1.0,-0.1,-1.0,-0.1
3,NONE,-1.0,-0.1,-1.0,-0.1
3,NONE,-1.0,-0.1,-1.0,-0.1
3,NONE,-1.0,-0.1,-1.0,-0.1
3,NONE,-1.0,-0.1,-1.0,-0.1
3,NONE,-1.0,-0.1,-1.0,-0.1
3,NONE,-1.0,-0.1,-1.0,-0.1
3,NONE,-1.0,-0.1,-1.0,-0.1
3,NONE,-1.0,-0.1,-1.0,-0.1
3,NONE,-1.0,-0.1,-1.0,-0.1
3,NONE,-1.0,-0.1,-1.0,-0.1
3,NONE,-1.0,-0.1,-1.0,-0.1
3,NONE,-1.0,-0.1,-1.0,-0.1
3,NONE,-1.0,-0.1,-1.0,-0.1
3,NONE,-1.0,-0.1,-1.0,-0.1
3,NONE,-1.0,-0.1,-1.0,-0.1
3,NONE,-1.0,-0.1,-1.0,-0.1
3,NONE,-1.0,-0.1,-1.0,-0.1
3,NONE,-1.0,-0.1,-1.0,-0.1
3,NONE,-1.0,-0.1,-1.0,-0.1
3,NONE,-1.0,-0.1,-1.0,-0.1
3,NONE,-1.0,-0.1,-1.0,-0.1
3,NONE,-1.0,-0.1,-1.0,-0.1
3,NONE,-1.0,-0.1,-1.0,-0.1
3,NONE,-1.0,-0.1,-1.0,-0.1
3,NONE,-1.0,-0.1,-1.0,-0.1
3,NONE,-1.0,-0.1,-1.0,-0.1
3,NONE,-1.0,-0.1,-1.0,-0.1
3,NONE,-1.0,-0.1,-1.0,-0.1
3,NONE,-1.0,-0.1,-1.0,-0.1
3,NONE,-1.0,-0.1,-1.0,-0.1
3,NONE,-1.0,-0.1,-1.0,-0.1
3,NONE,-1.0,-0.1,-1.0,-0.1
3,NONE,-1.0,-0.1,-1.0,-0.1
3,NONE,-1.0,-0.1,-1.0,-0.1
3,NONE,-1.0,-0.1,-1.0,-0.1
3,NONE,-1.0,-0.1,-1.0,-0.1
3,NONE,-1.0,-0.1,-1.0,-0.1
3,NONE,-1.0,-0.1,-1.0,-0.1
3,NONE,-1.0,-0.1,-1.0,-0.1
3,NONE,-1.0,-0.1,-1.0,-0.1
3,NONE,-1.0,-0.1,-1.0,-0.1
3,NONE,-1.0,-0.1,-1.0,-0.1
3,NONE,-1.0,-0.1,-1.0,-0.1
3,NONE,-1.0,-0.1,-1.0,-0.1
3,NONE,-1.0,-0.1,-1.0,-0.1
3,NONE,-1.0,-0.1,-1.0,-0.1
3,NONE,-1.0,-0.1,-1.0,-0.1
3,NONE,-1.0,-0.1,-1.0,-0.1
3,NONE,-1.0,-0.1,-1.0,-0.1
3,NONE,-1.0,-0.1,-1.0,-0.1
3,NONE,-1.0,-0.1,-1.0,-0.1
3,NONE,-1.0,-0.1,-1.0,-0.1
3,NONE,-1.0,-0.1,-1.0,-0.1
3,NONE,-1.0,-0.1,-1.0,-0.1
3,NONE,-1.0,-0.1,-1.0,-0.1
3,NONE,-1.0,-0.1,-1.0,-0.1
3,NONE,-1.0,-0.1,-1.0,-0.1
3,NONE,-1.0,-0.1,-1.0,-0.1
3,NONE,-1.0,-0.1,-1.0,-0.1
2,EV_B07_C021_Moto_Lineal_Electrica,-1.0,-0.1,9.0,19.8827579108395
1,EV_B07_C021_Moto_Lineal_Electrica,5.0,87.65420648606397,-1.0,19.8827579108395
1,EV_B07_C021_Moto_Lineal_Electrica,4.0,87.65420648606397,-1.0,19.8827579108395
1,EV_B07_C021_Moto_Lineal_Electrica,3.0,87.65420648606397,-1.0,19.8827579108395
1,EV_B07_C021_Moto_Lineal_Electrica,2.0,87.65420648606397,-1.0,19.8827579108395
1,EV_B07_C021_Moto_Lineal_Electrica,1.0,87.65420648606397,-1.0,19.8827579108395
1,EV_B07_C021_Moto_Lineal_Electrica,0.0,87.65420648606397,-1.0,19.8827579108395
3,NONE,-1.0,-0.1,-1.0,-0.1
3,NONE,-1.0,-0.1,-1.0,-0.1
3,NONE,-1.0,-0.1,-1.0,-0.1
3,NONE,-1.0,-0.1,-1.0,-0.1
3,NONE,-1.0,-0.1,-1.0,-0.1
3,NONE,-1.0,-0.1,-1.0,-0.1
3,NONE,-1.0,-0.1,-1.0,-0.1
3,NONE,-1.0,-0.1,-1.0,-0.1
3,NONE,-1.0,-0.1,-1.0,-0.1
3,NONE,-1.0,-0.1,-1.0,-0.1
3,NONE,-1.0,-0.1,-1.0,-0.1
3,NONE,-1.0,-0.1,-1.0,-0.1
3,NONE,-1.0,-0.1,-1.0,-0.1
3,NONE,-1.0,-0.1,-1.0,-0.1
3,NONE,-1.0,-0.1,-1.0,-0.1
3,NONE,-1.0,-0.1,-1.0,-0.1
3,NONE,-1.0,-0.1,-1.0,-0.1
3,NONE,-1.0,-0.1,-1.0,-0.1
3,NONE,-1.0,-0.1,-1.0,-0.1
3,NONE,-1.0,-0.1,-1.0,-0.1
3,NONE,-1.0,-0.1,-1.0,-0.1
3,NONE,-1.0,-0.1,-1.0,-0.1
3,NONE,-1.0,-0.1,-1.0,-0.1
3,NONE,-1.0,-0.1,-1.0,-0.1
3,NONE,-1.0,-0.1,-1.0,-0.1
3,NONE,-1.0,-0.1,-1.0,-0.1
3,NONE,-1.0,-0.1,-1.0,-0.1
3,NONE,-1.0,-0.1,-1.0,-0.1
3,NONE,-1.0,-0.1,-1.0,-0.1
3,NONE,-1.0,-0.1,-1.0,-0.1
3,NONE,-1.0,-0.1,-1.0,-0.1
3,NONE,-1.0,-0.1,-1.0,-0.1
3,NONE,-1.0,-0.1,-1.0,-0.1
3,NONE,-1.0,-0.1,-1.0,-0.1
3,NONE,-1.0,-0.1,-1.0,-0.1
3,NONE,-1.0,-0.1,-1.0,-0.1
3,NONE,-1.0,-0.1,-1.0,-0.1
3,NONE,-1.0,-0.1,-1.0,-0.1
3,NONE,-1.0,-0.1,-1.0,-0.1
3,NONE,-1.0,-0.1,-1.0,-0.1
3,NONE,-1.0,-0.1,-1.0,-0.1
3,NONE,-1.0,-0.1,-1.0,-0.1
3,NONE,-1.0,-0.1,-1.0,-0.1
3,NONE,-1.0,-0.1,-1.0,-0.1
3,NONE,-1.0,-0.1,-1.0,-0.1
3,NONE,-1.0,-0.1,-1.0,-0.1
3,NONE,-1.0,-0.1,-1.0,-0.1
3,NONE,-1.0,-0.1,-1.0,-0.1
3,NONE,-1.0,-0.1,-1.0,-0.1
3,NONE,-1.0,-0.1,-1.0,-0.1
3,NONE,-1.0,-0.1,-1.0,-0.1
3,NONE,-1.0,-0.1,-1.0,-0.1
3,NONE,-1.0,-0.1,-1.0,-0.1
3,NONE,-1.0,-0.1,-1.0,-0.1
3,NONE,-1.0,-0.1,-1.0,-0.1
3,NONE,-1.0,-0.1,-1.0,-0.1
3,NONE,-1.0,-0.1,-1.0,-0.1
3,NONE,-1.0,-0.1,-1.0,-0.1
3,NONE,-1.0,-0.1,-1.0,-0.1
3,NONE,-1.0,-0.1,-1.0,-0.1
3,NONE,-1.0,-0.1,-1.0,-0.1
3,NONE,-1.0,-0.1,-1.0,-0.1
3,NONE,-1.0,-0.1,-1.0,-0.1
3,NONE,-1.0,-0.1,-1.0,-0.1
3,NONE,-1.0,-0.1,-1.0,-0.1
3,NONE,-1.0,-0.1,-1.0,-0.1
3,NONE,-1.0,-0.1,-1.0,-0.1
3,NONE,-1.0,-0.1,-1.0,-0.1
3,NONE,-1.0,-0.1,-1.0,-0.1
3,NONE,-1.0,-0.1,-1.0,-0.1
3,NONE,-1.0,-0.1,-1.0,-0.1
3,NONE,-1.0,-0.1,-1.0,-0.1
3,NONE,-1.0,-0.1,-1.0,-0.1
3,NONE,-1.0,-0.1,-1.0,-0.1
3,NONE,-1.0,-0.1,-1.0,-0.1
3,NONE,-1.0,-0.1,-1.0,-0.1
3,NONE,-1.0,-0.1,-1.0,-0.1
3,NONE,-1.0,-0.1,-1.0,-0.1
3,NONE,-1.0,-0.1,-1.0,-0.1
3,NONE,-1.0,-0.1,-1.0,-0.1
3,NONE,-1.0,-0.1,-1.0,-0.1
3,NONE,-1.0,-0.1,-1.0,-0.1
3,NONE,-1.0,-0.1,-1.0,-0.1
3,NONE,-1.0,-0.1,-1.0,-0.1
3,NONE,-1.0,-0.1,-1.0,-0.1
3,NONE,-1.0,-0.1,-1.0,-0.1
3,NONE,-1.0,-0.1,-1.0,-0.1
3,NONE,-1.0,-0.1,-1.0,-0.1
2,EV_B07_C021_Moto_Lineal_Electrica,-1.0,-0.1,8.0,47.19555573710067
1,EV_B07_C021_Moto_Lineal_Electrica,6.0,78.96367300823184,-1.0,47.19555573710067
1,EV_B07_C021_Moto_Lineal_Electrica,5.0,78.96367300823184,-1.0,47.19555573710067
1,EV_B07_C021_Moto_Lineal_Electrica,4.0,78.96367300823184,-1.0,47.19555573710067
1,EV_B07_C021_Moto_Lineal_Electrica,3.0,78.96367300823184,-1.0,47.19555573710067
1,EV_B07_C021_Moto_Lineal_Electrica,2.0,78.96367300823184,-1.0,47.19555573710067
1,EV_B07_C021_Moto_Lineal_Electrica,1.0,78.96367300823184,-1.0,47.19555573710067
1,EV_B07_C021_Moto_Lineal_Electrica,0.0,78.96367300823184,-1.0,47.19555573710067
3,NONE,-1.0,-0.1,-1.0,-0.1
3,NONE,-1.0,-0.1,-1.0,-0.1
3,NONE,-1.0,-0.1,-1.0,-0.1
3,NONE,-1.0,-0.1,-1.0,-0.1
3,NONE,-1.0,-0.1,-1.0,-0.1
3,NONE,-1.0,-0.1,-1.0,-0.1
3,NONE,-1.0,-0.1,-1.0,-0.1
3,NONE,-1.0,-0.1,-1.0,-0.1
3,NONE,-1.0,-0.1,-1.0,-0.1
3,NONE,-1.0,-0.1,-1.0,-0.1
3,NONE,-1.0,-0.1,-1.0,-0.1
3,NONE,-1.0,-0.1,-1.0,-0.1
3,NONE,-1.0,-0.1,-1.0,-0.1
3,NONE,-1.0,-0.1,-1.0,-0.1
3,NONE,-1.0,-0.1,-1.0,-0.1
2,EV_B07_C021_Moto_Lineal_Electrica,-1.0,-0.1,7.0,36.20994261694615
1,EV_B07_C021_Moto_Lineal_Electrica,7.0,78.56671841582465,-1.0,36.20994261694615
1,EV_B07_C021_Moto_Lineal_Electrica,6.0,78.56671841582465,-1.0,36.20994261694615
1,EV_B07_C021_Moto_Lineal_Electrica,5.0,78.56671841582465,-1.0,36.20994261694615
1,EV_B07_C021_Moto_Lineal_Electrica,4.0,78.56671841582465,-1.0,36.20994261694615
1,EV_B07_C021_Moto_Lineal_Electrica,3.0,78.56671841582465,-1.0,36.20994261694615
1,EV_B07_C021_Moto_Lineal_Electrica,2.0,78.56671841582465,-1.0,36.20994261694615
1,EV_B07_C021_Moto_Lineal_Electrica,1.0,78.56671841582465,-1.0,36.20994261694615
1,EV_B07_C021_Moto_Lineal_Electrica,0.0,78.56671841582465,-1.0,36.20994261694615
3,NONE,-1.0,-0.1,-1.0,-0.1
3,NONE,-1.0,-0.1,-1.0,-0.1
3,NONE,-1.0,-0.1,-1.0,-0.1
3,NONE,-1.0,-0.1,-1.0,-0.1
3,NONE,-1.0,-0.1,-1.0,-0.1
3,NONE,-1.0,-0.1,-1.0,-0.1
3,NONE,-1.0,-0.1,-1.0,-0.1
3,NONE,-1.0,-0.1,-1.0,-0.1
3,NONE,-1.0,-0.1,-1.0,-0.1
3,NONE,-1.0,-0.1,-1.0,-0.1
3,NONE,-1.0,-0.1,-1.0,-0.1
3,NONE,-1.0,-0.1,-1.0,-0.1
3,NONE,-1.0,-0.1,-1.0,-0.1
3,NONE,-1.0,-0.1,-1.0,-0.1
3,NONE,-1.0,-0.1,-1.0,-0.1
3,NONE,-1.0,-0.1,-1.0,-0.1
3,NONE,-1.0,-0.1,-1.0,-0.1
2,EV_B07_C021_Moto_Lineal_Electrica,-1.0,-0.1,9.0,27.372694510901475
1,EV_B07_C021_Moto_Lineal_Electrica,5.0,76.97237010888105,-1.0,27.372694510901475
1,EV_B07_C021_Moto_Lineal_Electrica,4.0,76.97237010888105,-1.0,27.372694510901475
1,EV_B07_C021_Moto_Lineal_Electrica,3.0,76.97237010888105,-1.0,27.372694510901475
1,EV_B07_C021_Moto_Lineal_Electrica,2.0,76.97237010888105,-1.0,27.372694510901475
1,EV_B07_C021_Moto_Lineal_Electrica,1.0,76.97237010888105,-1.0,27.372694510901475
1,EV_B07_C021_Moto_Lineal_Electrica,0.0,76.97237010888105,-1.0,27.372694510901475
3,NONE,-1.0,-0.1,-1.0,-0.1
3,NONE,-1.0,-0.1,-1.0,-0.1
3,NONE,-1.0,-0.1,-1.0,-0.1
3,NONE,-1.0,-0.1,-1.0,-0.1
3,NONE,-1.0,-0.1,-1.0,-0.1
3,NONE,-1.0,-0.1,-1.0,-0.1
3,NONE,-1.0,-0.1,-1.0,-0.1
3,NONE,-1.0,-0.1,-1.0,-0.1
3,NONE,-1.0,-0.1,-1.0,-0.1
3,NONE,-1.0,-0.1,-1.0,-0.1
3,NONE,-1.0,-0.1,-1.0,-0.1
3,NONE,-1.0,-0.1,-1.0,-0.1
3,NONE,-1.0,-0.1,-1.0,-0.1
3,NONE,-1.0,-0.1,-1.0,-0.1
3,NONE,-1.0,-0.1,-1.0,-0.1
3,NONE,-1.0,-0.1,-1.0,-0.1
3,NONE,-1.0,-0.1,-1.0,-0.1
3,NONE,-1.0,-0.1,-1.0,-0.1
3,NONE,-1.0,-0.1,-1.0,-0.1
3,NONE,-1.0,-0.1,-1.0,-0.1
3,NONE,-1.0,-0.1,-1.0,-0.1
3,NONE,-1.0,-0.1,-1.0,-0.1
3,NONE,-1.0,-0.1,-1.0,-0.1
3,NONE,-1.0,-0.1,-1.0,-0.1
3,NONE,-1.0,-0.1,-1.0,-0.1
3,NONE,-1.0,-0.1,-1.0,-0.1
3,NONE,-1.0,-0.1,-1.0,-0.1
3,NONE,-1.0,-0.1,-1.0,-0.1
3,NONE,-1.0,-0.1,-1.0,-0.1
3,NONE,-1.0,-0.1,-1.0,-0.1
3,NONE,-1.0,-0.1,-1.0,-0.1
3,NONE,-1.0,-0.1,-1.0,-0.1
3,NONE,-1.0,-0.1,-1.0,-0.1
3,NONE,-1.0,-0.1,-1.0,-0.1
3,NONE,-1.0,-0.1,-1.0,-0.1
3,NONE,-1.0,-0.1,-1.0,-0.1
3,NONE,-1.0,-0.1,-1.0,-0.1
3,NONE,-1.0,-0.1,-1.0,-0.1
3,NONE,-1.0,-0.1,-1.0,-0.1
2,EV_B07_C021_Moto_Lineal_Electrica,-1.0,-0.1,7.0,24.048160366533377
1,EV_B07_C021_Moto_Lineal_Electrica,7.0,84.71320629308288,-1.0,24.048160366533377
1,EV_B07_C021_Moto_Lineal_Electrica,6.0,84.71320629308288,-1.0,24.048160366533377
1,EV_B07_C021_Moto_Lineal_Electrica,5.0,84.71320629308288,-1.0,24.048160366533377
1,EV_B07_C021_Moto_Lineal_Electrica,4.0,84.71320629308288,-1.0,24.048160366533377
1,EV_B07_C021_Moto_Lineal_Electrica,3.0,84.71320629308288,-1.0,24.048160366533377
1,EV_B07_C021_Moto_Lineal_Electrica,2.0,84.71320629308288,-1.0,24.048160366533377
1,EV_B07_C021_Moto_Lineal_Electrica,1.0,84.71320629308288,-1.0,24.048160366533377
1,EV_B07_C021_Moto_Lineal_Electrica,0.0,84.71320629308288,-1.0,24.048160366533377
3,NONE,-1.0,-0.1,-1.0,-0.1
3,NONE,-1.0,-0.1,-1.0,-0.1
3,NONE,-1.0,-0.1,-1.0,-0.1
3,NONE,-1.0,-0.1,-1.0,-0.1
3,NONE,-1.0,-0.1,-1.0,-0.1
3,NONE,-1.0,-0.1,-1.0,-0.1
3,NONE,-1.0,-0.1,-1.0,-0.1
3,NONE,-1.0,-0.1,-1.0,-0.1
3,NONE,-1.0,-0.1,-1.0,-0.1
3,NONE,-1.0,-0.1,-1.0,-0.1
3,NONE,-1.0,-0.1,-1.0,-0.1
3,NONE,-1.0,-0.1,-1.0,-0.1
3,NONE,-1.0,-0.1,-1.0,-0.1
3,NONE,-1.0,-0.1,-1.0,-0.1
3,NONE,-1.0,-0.1,-1.0,-0.1
3,NONE,-1.0,-0.1,-1.0,-0.1
3,NONE,-1.0,-0.1,-1.0,-0.1
3,NONE,-1.0,-0.1,-1.0,-0.1
3,NONE,-1.0,-0.1,-1.0,-0.1
3,NONE,-1.0,-0.1,-1.0,-0.1
3,NONE,-1.0,-0.1,-1.0,-0.1
3,NONE,-1.0,-0.1,-1.0,-0.1
3,NONE,-1.0,-0.1,-1.0,-0.1
3,NONE,-1.0,-0.1,-1.0,-0.1
3,NONE,-1.0,-0.1,-1.0,-0.1
3,NONE,-1.0,-0.1,-1.0,-0.1
3,NONE,-1.0,-0.1,-1.0,-0.1
3,NONE,-1.0,-0.1,-1.0,-0.1
3,NONE,-1.0,-0.1,-1.0,-0.1
3,NONE,-1.0,-0.1,-1.0,-0.1
3,NONE,-1.0,-0.1,-1.0,-0.1
3,NONE,-1.0,-0.1,-1.0,-0.1
3,NONE,-1.0,-0.1,-1.0,-0.1
3,NONE,-1.0,-0.1,-1.0,-0.1
3,NONE,-1.0,-0.1,-1.0,-0.1
3,NONE,-1.0,-0.1,-1.0,-0.1
3,NONE,-1.0,-0.1,-1.0,-0.1
3,NONE,-1.0,-0.1,-1.0,-0.1
3,NONE,-1.0,-0.1,-1.0,-0.1
3,NONE,-1.0,-0.1,-1.0,-0.1
3,NONE,-1.0,-0.1,-1.0,-0.1
3,NONE,-1.0,-0.1,-1.0,-0.1
3,NONE,-1.0,-0.1,-1.0,-0.1
3,NONE,-1.0,-0.1,-1.0,-0.1
3,NONE,-1.0,-0.1,-1.0,-0.1
3,NONE,-1.0,-0.1,-1.0,-0.1
3,NONE,-1.0,-0.1,-1.0,-0.1
3,NONE,-1.0,-0.1,-1.0,-0.1
3,NONE,-1.0,-0.1,-1.0,-0.1
3,NONE,-1.0,-0.1,-1.0,-0.1
3,NONE,-1.0,-0.1,-1.0,-0.1
3,NONE,-1.0,-0.1,-1.0,-0.1
3,NONE,-1.0,-0.1,-1.0,-0.1
3,NONE,-1.0,-0.1,-1.0,-0.1
3,NONE,-1.0,-0.1,-1.0,-0.1
3,NONE,-1.0,-0.1,-1.0,-0.1
3,NONE,-1.0,-0.1,-1.0,-0.1
3,NONE,-1.0,-0.1,-1.0,-0.1
3,NONE,-1.0,-0.1,-1.0,-0.1
3,NONE,-1.0,-0.1,-1.0,-0.1
3,NONE,-1.0,-0.1,-1.0,-0.1
3,NONE,-1.0,-0.1,-1.0,-0.1
3,NONE,-1.0,-0.1,-1.0,-0.1
2,EV_B07_C021_Moto_Lineal_Electrica,-1.0,-0.1,7.0,32.668139378362056
1,EV_B07_C021_Moto_Lineal_Electrica,7.0,91.30145582359653,-1.0,32.668139378362056
1,EV_B07_C021_Moto_Lineal_Electrica,6.0,91.30145582359653,-1.0,32.668139378362056
1,EV_B07_C021_Moto_Lineal_Electrica,5.0,91.30145582359653,-1.0,32.668139378362056
1,EV_B07_C021_Moto_Lineal_Electrica,4.0,91.30145582359653,-1.0,32.668139378362056
1,EV_B07_C021_Moto_Lineal_Electrica,3.0,91.30145582359653,-1.0,32.668139378362056
1,EV_B07_C021_Moto_Lineal_Electrica,2.0,91.30145582359653,-1.0,32.668139378362056
1,EV_B07_C021_Moto_Lineal_Electrica,1.0,91.30145582359653,-1.0,32.668139378362056
1,EV_B07_C021_Moto_Lineal_Electrica,0.0,91.30145582359653,-1.0,32.668139378362056
3,NONE,-1.0,-0.1,-1.0,-0.1
3,NONE,-1.0,-0.1,-1.0,-0.1
3,NONE,-1.0,-0.1,-1.0,-0.1
3,NONE,-1.0,-0.1,-1.0,-0.1
3,NONE,-1.0,-0.1,-1.0,-0.1
3,NONE,-1.0,-0.1,-1.0,-0.1
3,NONE,-1.0,-0.1,-1.0,-0.1
3,NONE,-1.0,-0.1,-1.0,-0.1
3,NONE,-1.0,-0.1,-1.0,-0.1
3,NONE,-1.0,-0.1,-1.0,-0.1
3,NONE,-1.0,-0.1,-1.0,-0.1
3,NONE,-1.0,-0.1,-1.0,-0.1
3,NONE,-1.0,-0.1,-1.0,-0.1
3,NONE,-1.0,-0.1,-1.0,-0.1
3,NONE,-1.0,-0.1,-1.0,-0.1
3,NONE,-1.0,-0.1,-1.0,-0.1
3,NONE,-1.0,-0.1,-1.0,-0.1
2,EV_B07_C021_Moto_Lineal_Electrica,-1.0,-0.1,9.0,36.52113260653195
1,EV_B07_C021_Moto_Lineal_Electrica,5.0,96.65440466964108,-1.0,36.52113260653195
1,EV_B07_C021_Moto_Lineal_Electrica,4.0,96.65440466964108,-1.0,36.52113260653195
1,EV_B07_C021_Moto_Lineal_Electrica,3.0,96.65440466964108,-1.0,36.52113260653195
1,EV_B07_C021_Moto_Lineal_Electrica,2.0,96.65440466964108,-1.0,36.52113260653195
1,EV_B07_C021_Moto_Lineal_Electrica,1.0,96.65440466964108,-1.0,36.52113260653195
1,EV_B07_C021_Moto_Lineal_Electrica,0.0,96.65440466964108,-1.0,36.52113260653195
3,NONE,-1.0,-0.1,-1.0,-0.1
3,NONE,-1.0,-0.1,-1.0,-0.1
3,NONE,-1.0,-0.1,-1.0,-0.1
3,NONE,-1.0,-0.1,-1.0,-0.1
3,NONE,-1.0,-0.1,-1.0,-0.1
3,NONE,-1.0,-0.1,-1.0,-0.1
3,NONE,-1.0,-0.1,-1.0,-0.1
3,NONE,-1.0,-0.1,-1.0,-0.1
3,NONE,-1.0,-0.1,-1.0,-0.1
3,NONE,-1.0,-0.1,-1.0,-0.1
3,NONE,-1.0,-0.1,-1.0,-0.1
3,NONE,-1.0,-0.1,-1.0,-0.1
3,NONE,-1.0,-0.1,-1.0,-0.1
3,NONE,-1.0,-0.1,-1.0,-0.1
3,NONE,-1.0,-0.1,-1.0,-0.1
3,NONE,-1.0,-0.1,-1.0,-0.1
3,NONE,-1.0,-0.1,-1.0,-0.1
3,NONE,-1.0,-0.1,-1.0,-0.1
3,NONE,-1.0,-0.1,-1.0,-0.1
3,NONE,-1.0,-0.1,-1.0,-0.1
3,NONE,-1.0,-0.1,-1.0,-0.1
3,NONE,-1.0,-0.1,-1.0,-0.1
3,NONE,-1.0,-0.1,-1.0,-0.1
3,NONE,-1.0,-0.1,-1.0,-0.1
3,NONE,-1.0,-0.1,-1.0,-0.1
3,NONE,-1.0,-0.1,-1.0,-0.1
3,NONE,-1.0,-0.1,-1.0,-0.1
3,NONE,-1.0,-0.1,-1.0,-0.1
3,NONE,-1.0,-0.1,-1.0,-0.1
3,NONE,-1.0,-0.1,-1.0,-0.1
3,NONE,-1.0,-0.1,-1.0,-0.1
3,NONE,-1.0,-0.1,-1.0,-0.1
3,NONE,-1.0,-0.1,-1.0,-0.1
3,NONE,-1.0,-0.1,-1.0,-0.1
3,NONE,-1.0,-0.1,-1.0,-0.1
3,NONE,-1.0,-0.1,-1.0,-0.1
3,NONE,-1.0,-0.1,-1.0,-0.1
3,NONE,-1.0,-0.1,-1.0,-0.1
3,NONE,-1.0,-0.1,-1.0,-0.1
3,NONE,-1.0,-0.1,-1.0,-0.1
3,NONE,-1.0,-0.1,-1.0,-0.1
3,NONE,-1.0,-0.1,-1.0,-0.1
3,NONE,-1.0,-0.1,-1.0,-0.1
3,NONE,-1.0,-0.1,-1.0,-0.1
3,NONE,-1.0,-0.1,-1.0,-0.1
3,NONE,-1.0,-0.1,-1.0,-0.1
3,NONE,-1.0,-0.1,-1.0,-0.1
3,NONE,-1.0,-0.1,-1.0,-0.1
3,NONE,-1.0,-0.1,-1.0,-0.1
3,NONE,-1.0,-0.1,-1.0,-0.1
3,NONE,-1.0,-0.1,-1.0,-0.1
3,NONE,-1.0,-0.1,-1.0,-0.1
3,NONE,-1.0,-0.1,-1.0,-0.1
3,NONE,-1.0,-0.1,-1.0,-0.1
3,NONE,-1.0,-0.1,-1.0,-0.1
3,NONE,-1.0,-0.1,-1.0,-0.1
3,NONE,-1.0,-0.1,-1.0,-0.1
3,NONE,-1.0,-0.1,-1.0,-0.1
3,NONE,-1.0,-0.1,-1.0,-0.1
3,NONE,-1.0,-0.1,-1.0,-0.1
3,NONE,-1.0,-0.1,-1.0,-0.1
3,NONE,-1.0,-0.1,-1.0,-0.1
3,NONE,-1.0,-0.1,-1.0,-0.1
2,EV_B07_C021_Moto_Lineal_Electrica,-1.0,-0.1,7.0,22.619958089429097
1,EV_B07_C021_Moto_Lineal_Electrica,7.0,86.62041412386131,-1.0,22.619958089429097
1,EV_B07_C021_Moto_Lineal_Electrica,6.0,86.62041412386131,-1.0,22.619958089429097
1,EV_B07_C021_Moto_Lineal_Electrica,5.0,86.62041412386131,-1.0,22.619958089429097
1,EV_B07_C021_Moto_Lineal_Electrica,4.0,86.62041412386131,-1.0,22.619958089429097
1,EV_B07_C021_Moto_Lineal_Electrica,3.0,86.62041412386131,-1.0,22.619958089429097
1,EV_B07_C021_Moto_Lineal_Electrica,2.0,86.62041412386131,-1.0,22.619958089429097
1,EV_B07_C021_Moto_Lineal_Electrica,1.0,86.62041412386131,-1.0,22.619958089429097
1,EV_B07_C021_Moto_Lineal_Electrica,0.0,86.62041412386131,-1.0,22.619958089429097
3,NONE,-1.0,-0.1,-1.0,-0.1
3,NONE,-1.0,-0.1,-1.0,-0.1
3,NONE,-1.0,-0.1,-1.0,-0.1
3,NONE,-1.0,-0.1,-1.0,-0.1
3,NONE,-1.0,-0.1,-1.0,-0.1
3,NONE,-1.0,-0.1,-1.0,-0.1
3,NONE,-1.0,-0.1,-1.0,-0.1
3,NONE,-1.0,-0.1,-1.0,-0.1
3,NONE,-1.0,-0.1,-1.0,-0.1
3,NONE,-1.0,-0.1,-1.0,-0.1
3,NONE,-1.0,-0.1,-1.0,-0.1
3,NONE,-1.0,-0.1,-1.0,-0.1
3,NONE,-1.0,-0.1,-1.0,-0.1
3,NONE,-1.0,-0.1,-1.0,-0.1
3,NONE,-1.0,-0.1,-1.0,-0.1
3,NONE,-1.0,-0.1,-1.0,-0.1
3,NONE,-1.0,-0.1,-1.0,-0.1
3,NONE,-1.0,-0.1,-1.0,-0.1
3,NONE,-1.0,-0.1,-1.0,-0.1
3,NONE,-1.0,-0.1,-1.0,-0.1
3,NONE,-1.0,-0.1,-1.0,-0.1
3,NONE,-1.0,-0.1,-1.0,-0.1
3,NONE,-1.0,-0.1,-1.0,-0.1
3,NONE,-1.0,-0.1,-1.0,-0.1
3,NONE,-1.0,-0.1,-1.0,-0.1
3,NONE,-1.0,-0.1,-1.0,-0.1
3,NONE,-1.0,-0.1,-1.0,-0.1
3,NONE,-1.0,-0.1,-1.0,-0.1
3,NONE,-1.0,-0.1,-1.0,-0.1
3,NONE,-1.0,-0.1,-1.0,-0.1
3,NONE,-1.0,-0.1,-1.0,-0.1
3,NONE,-1.0,-0.1,-1.0,-0.1
3,NONE,-1.0,-0.1,-1.0,-0.1
3,NONE,-1.0,-0.1,-1.0,-0.1
3,NONE,-1.0,-0.1,-1.0,-0.1
3,NONE,-1.0,-0.1,-1.0,-0.1
3,NONE,-1.0,-0.1,-1.0,-0.1
3,NONE,-1.0,-0.1,-1.0,-0.1
3,NONE,-1.0,-0.1,-1.0,-0.1
3,NONE,-1.0,-0.1,-1.0,-0.1
3,NONE,-1.0,-0.1,-1.0,-0.1
3,NONE,-1.0,-0.1,-1.0,-0.1
3,NONE,-1.0,-0.1,-1.0,-0.1
3,NONE,-1.0,-0.1,-1.0,-0.1
3,NONE,-1.0,-0.1,-1.0,-0.1
3,NONE,-1.0,-0.1,-1.0,-0.1
3,NONE,-1.0,-0.1,-1.0,-0.1
3,NONE,-1.0,-0.1,-1.0,-0.1
3,NONE,-1.0,-0.1,-1.0,-0.1
3,NONE,-1.0,-0.1,-1.0,-0.1
3,NONE,-1.0,-0.1,-1.0,-0.1
3,NONE,-1.0,-0.1,-1.0,-0.1
3,NONE,-1.0,-0.1,-1.0,-0.1
3,NONE,-1.0,-0.1,-1.0,-0.1
3,NONE,-1.0,-0.1,-1.0,-0.1
3,NONE,-1.0,-0.1,-1.0,-0.1
3,NONE,-1.0,-0.1,-1.0,-0.1
3,NONE,-1.0,-0.1,-1.0,-0.1
3,NONE,-1.0,-0.1,-1.0,-0.1
3,NONE,-1.0,-0.1,-1.0,-0.1
3,NONE,-1.0,-0.1,-1.0,-0.1
3,NONE,-1.0,-0.1,-1.0,-0.1
3,NONE,-1.0,-0.1,-1.0,-0.1
3,NONE,-1.0,-0.1,-1.0,-0.1
2,EV_B07_C021_Moto_Lineal_Electrica,-1.0,-0.1,8.0,25.174007545775687
1,EV_B07_C021_Moto_Lineal_Electrica,6.0,79.38862748185755,-1.0,25.174007545775687
1,EV_B07_C021_Moto_Lineal_Electrica,5.0,79.38862748185755,-1.0,25.174007545775687
1,EV_B07_C021_Moto_Lineal_Electrica,4.0,79.38862748185755,-1.0,25.174007545775687
1,EV_B07_C021_Moto_Lineal_Electrica,3.0,79.38862748185755,-1.0,25.174007545775687
1,EV_B07_C021_Moto_Lineal_Electrica,2.0,79.38862748185755,-1.0,25.174007545775687
1,EV_B07_C021_Moto_Lineal_Electrica,1.0,79.38862748185755,-1.0,25.174007545775687
1,EV_B07_C021_Moto_Lineal_Electrica,0.0,79.38862748185755,-1.0,25.174007545775687
3,NONE,-1.0,-0.1,-1.0,-0.1
3,NONE,-1.0,-0.1,-1.0,-0.1
3,NONE,-1.0,-0.1,-1.0,-0.1
3,NONE,-1.0,-0.1,-1.0,-0.1
3,NONE,-1.0,-0.1,-1.0,-0.1
3,NONE,-1.0,-0.1,-1.0,-0.1
3,NONE,-1.0,-0.1,-1.0,-0.1
3,NONE,-1.0,-0.1,-1.0,-0.1
3,NONE,-1.0,-0.1,-1.0,-0.1
3,NONE,-1.0,-0.1,-1.0,-0.1
3,NONE,-1.0,-0.1,-1.0,-0.1
3,NONE,-1.0,-0.1,-1.0,-0.1
3,NONE,-1.0,-0.1,-1.0,-0.1
3,NONE,-1.0,-0.1,-1.0,-0.1
3,NONE,-1.0,-0.1,-1.0,-0.1
3,NONE,-1.0,-0.1,-1.0,-0.1
3,NONE,-1.0,-0.1,-1.0,-0.1
3,NONE,-1.0,-0.1,-1.0,-0.1
3,NONE,-1.0,-0.1,-1.0,-0.1
3,NONE,-1.0,-0.1,-1.0,-0.1
3,NONE,-1.0,-0.1,-1.0,-0.1
3,NONE,-1.0,-0.1,-1.0,-0.1
3,NONE,-1.0,-0.1,-1.0,-0.1
3,NONE,-1.0,-0.1,-1.0,-0.1
3,NONE,-1.0,-0.1,-1.0,-0.1
3,NONE,-1.0,-0.1,-1.0,-0.1
3,NONE,-1.0,-0.1,-1.0,-0.1
3,NONE,-1.0,-0.1,-1.0,-0.1
3,NONE,-1.0,-0.1,-1.0,-0.1
3,NONE,-1.0,-0.1,-1.0,-0.1
3,NONE,-1.0,-0.1,-1.0,-0.1
3,NONE,-1.0,-0.1,-1.0,-0.1
3,NONE,-1.0,-0.1,-1.0,-0.1
3,NONE,-1.0,-0.1,-1.0,-0.1
3,NONE,-1.0,-0.1,-1.0,-0.1
3,NONE,-1.0,-0.1,-1.0,-0.1
3,NONE,-1.0,-0.1,-1.0,-0.1
3,NONE,-1.0,-0.1,-1.0,-0.1
3,NONE,-1.0,-0.1,-1.0,-0.1
3,NONE,-1.0,-0.1,-1.0,-0.1
3,NONE,-1.0,-0.1,-1.0,-0.1
2,EV_B07_C021_Moto_Lineal_Electrica,-1.0,-0.1,9.0,10.622608771341522
1,EV_B07_C021_Moto_Lineal_Electrica,5.0,86.03178105742312,-1.0,10.622608771341522
1,EV_B07_C021_Moto_Lineal_Electrica,4.0,86.03178105742312,-1.0,10.622608771341522
1,EV_B07_C021_Moto_Lineal_Electrica,3.0,86.03178105742312,-1.0,10.622608771341522
1,EV_B07_C021_Moto_Lineal_Electrica,2.0,86.03178105742312,-1.0,10.622608771341522
1,EV_B07_C021_Moto_Lineal_Electrica,1.0,86.03178105742312,-1.0,10.622608771341522
1,EV_B07_C021_Moto_Lineal_Electrica,0.0,86.03178105742312,-1.0,10.622608771341522
3,NONE,-1.0,-0.1,-1.0,-0.1
3,NONE,-1.0,-0.1,-1.0,-0.1
3,NONE,-1.0,-0.1,-1.0,-0.1
3,NONE,-1.0,-0.1,-1.0,-0.1
3,NONE,-1.0,-0.1,-1.0,-0.1
3,NONE,-1.0,-0.1,-1.0,-0.1
3,NONE,-1.0,-0.1,-1.0,-0.1
3,NONE,-1.0,-0.1,-1.0,-0.1
3,NONE,-1.0,-0.1,-1.0,-0.1
3,NONE,-1.0,-0.1,-1.0,-0.1
3,NONE,-1.0,-0.1,-1.0,-0.1
3,NONE,-1.0,-0.1,-1.0,-0.1
3,NONE,-1.0,-0.1,-1.0,-0.1
3,NONE,-1.0,-0.1,-1.0,-0.1
3,NONE,-1.0,-0.1,-1.0,-0.1
2,EV_B07_C021_Moto_Lineal_Electrica,-1.0,-0.1,7.0,19.62506235464105
1,EV_B07_C021_Moto_Lineal_Electrica,7.0,83.46276804922421,-1.0,19.62506235464105
1,EV_B07_C021_Moto_Lineal_Electrica,6.0,83.46276804922421,-1.0,19.62506235464105
1,EV_B07_C021_Moto_Lineal_Electrica,5.0,83.46276804922421,-1.0,19.62506235464105
1,EV_B07_C021_Moto_Lineal_Electrica,4.0,83.46276804922421,-1.0,19.62506235464105
1,EV_B07_C021_Moto_Lineal_Electrica,3.0,83.46276804922421,-1.0,19.62506235464105
1,EV_B07_C021_Moto_Lineal_Electrica,2.0,83.46276804922421,-1.0,19.62506235464105
1,EV_B07_C021_Moto_Lineal_Electrica,1.0,83.46276804922421,-1.0,19.62506235464105
1,EV_B07_C021_Moto_Lineal_Electrica,0.0,83.46276804922421,-1.0,19.62506235464105
3,NONE,-1.0,-0.1,-1.0,-0.1
3,NONE,-1.0,-0.1,-1.0,-0.1
3,NONE,-1.0,-0.1,-1.0,-0.1
3,NONE,-1.0,-0.1,-1.0,-0.1
3,NONE,-1.0,-0.1,-1.0,-0.1
3,NONE,-1.0,-0.1,-1.0,-0.1
3,NONE,-1.0,-0.1,-1.0,-0.1
3,NONE,-1.0,-0.1,-1.0,-0.1
3,NONE,-1.0,-0.1,-1.0,-0.1
3,NONE,-1.0,-0.1,-1.0,-0.1
3,NONE,-1.0,-0.1,-1.0,-0.1
3,NONE,-1.0,-0.1,-1.0,-0.1
3,NONE,-1.0,-0.1,-1.0,-0.1
3,NONE,-1.0,-0.1,-1.0,-0.1
3,NONE,-1.0,-0.1,-1.0,-0.1
3,NONE,-1.0,-0.1,-1.0,-0.1
2,EV_B07_C021_Moto_Lineal_Electrica,-1.0,-0.1,8.0,29.84487449792147
1,EV_B07_C021_Moto_Lineal_Electrica,6.0,72.970190758413,-1.0,29.84487449792147
1,EV_B07_C021_Moto_Lineal_Electrica,5.0,72.970190758413,-1.0,29.84487449792147
1,EV_B07_C021_Moto_Lineal_Electrica,4.0,72.970190758413,-1.0,29.84487449792147
1,EV_B07_C021_Moto_Lineal_Electrica,3.0,72.970190758413,-1.0,29.84487449792147
1,EV_B07_C021_Moto_Lineal_Electrica,2.0,72.970190758413,-1.0,29.84487449792147
1,EV_B07_C021_Moto_Lineal_Electrica,1.0,72.970190758413,-1.0,29.84487449792147
1,EV_B07_C021_Moto_Lineal_Electrica,0.0,72.970190758413,-1.0,29.84487449792147
3,NONE,-1.0,-0.1,-1.0,-0.1
3,NONE,-1.0,-0.1,-1.0,-0.1
3,NONE,-1.0,-0.1,-1.0,-0.1
3,NONE,-1.0,-0.1,-1.0,-0.1
3,NONE,-1.0,-0.1,-1.0,-0.1
3,NONE,-1.0,-0.1,-1.0,-0.1
3,NONE,-1.0,-0.1,-1.0,-0.1
3,NONE,-1.0,-0.1,-1.0,-0.1
3,NONE,-1.0,-0.1,-1.0,-0.1
3,NONE,-1.0,-0.1,-1.0,-0.1
3,NONE,-1.0,-0.1,-1.0,-0.1
3,NONE,-1.0,-0.1,-1.0,-0.1
3,NONE,-1.0,-0.1,-1.0,-0.1
3,NONE,-1.0,-0.1,-1.0,-0.1
3,NONE,-1.0,-0.1,-1.0,-0.1
3,NONE,-1.0,-0.1,-1.0,-0.1
3,NONE,-1.0,-0.1,-1.0,-0.1
3,NONE,-1.0,-0.1,-1.0,-0.1
3,NONE,-1.0,-0.1,-1.0,-0.1
3,NONE,-1.0,-0.1,-1.0,-0.1
3,NONE,-1.0,-0.1,-1.0,-0.1
3,NONE,-1.0,-0.1,-1.0,-0.1
3,NONE,-1.0,-0.1,-1.0,-0.1
3,NONE,-1.0,-0.1,-1.0,-0.1
3,NONE,-1.0,-0.1,-1.0,-0.1
3,NONE,-1.0,-0.1,-1.0,-0.1
3,NONE,-1.0,-0.1,-1.0,-0.1
3,NONE,-1.0,-0.1,-1.0,-0.1
3,NONE,-1.0,-0.1,-1.0,-0.1
3,NONE,-1.0,-0.1,-1.0,-0.1
3,NONE,-1.0,-0.1,-1.0,-0.1
3,NONE,-1.0,-0.1,-1.0,-0.1
3,NONE,-1.0,-0.1,-1.0,-0.1
3,NONE,-1.0,-0.1,-1.0,-0.1
3,NONE,-1.0,-0.1,-1.0,-0.1
3,NONE,-1.0,-0.1,-1.0,-0.1
3,NONE,-1.0,-0.1,-1.0,-0.1
3,NONE,-1.0,-0.1,-1.0,-0.1
3,NONE,-1.0,-0.1,-1.0,-0.1
3,NONE,-1.0,-0.1,-1.0,-0.1
3,NONE,-1.0,-0.1,-1.0,-0.1
3,NONE,-1.0,-0.1,-1.0,-0.1
3,NONE,-1.0,-0.1,-1.0,-0.1
3,NONE,-1.0,-0.1,-1.0,-0.1
3,NONE,-1.0,-0.1,-1.0,-0.1
3,NONE,-1.0,-0.1,-1.0,-0.1
3,NONE,-1.0,-0.1,-1.0,-0.1
3,NONE,-1.0,-0.1,-1.0,-0.1
3,NONE,-1.0,-0.1,-1.0,-0.1
3,NONE,-1.0,-0.1,-1.0,-0.1
3,NONE,-1.0,-0.1,-1.0,-0.1
3,NONE,-1.0,-0.1,-1.0,-0.1
3,NONE,-1.0,-0.1,-1.0,-0.1
3,NONE,-1.0,-0.1,-1.0,-0.1
3,NONE,-1.0,-0.1,-1.0,-0.1
3,NONE,-1.0,-0.1,-1.0,-0.1
3,NONE,-1.0,-0.1,-1.0,-0.1
3,NONE,-1.0,-0.1,-1.0,-0.1
3,NONE,-1.0,-0.1,-1.0,-0.1
3,NONE,-1.0,-0.1,-1.0,-0.1
3,NONE,-1.0,-0.1,-1.0,-0.1
3,NONE,-1.0,-0.1,-1.0,-0.1
3,NONE,-1.0,-0.1,-1.0,-0.1
3,NONE,-1.0,-0.1,-1.0,-0.1
3,NONE,-1.0,-0.1,-1.0,-0.1
2,EV_B07_C021_Moto_Lineal_Electrica,-1.0,-0.1,9.0,39.62971331905051
1,EV_B07_C021_Moto_Lineal_Electrica,5.0,99.0985388666581,-1.0,39.62971331905051
1,EV_B07_C021_Moto_Lineal_Electrica,4.0,99.0985388666581,-1.0,39.62971331905051
1,EV_B07_C021_Moto_Lineal_Electrica,3.0,99.0985388666581,-1.0,39.62971331905051
1,EV_B07_C021_Moto_Lineal_Electrica,2.0,99.0985388666581,-1.0,39.62971331905051
1,EV_B07_C021_Moto_Lineal_Electrica,1.0,99.0985388666581,-1.0,39.62971331905051
1,EV_B07_C021_Moto_Lineal_Electrica,0.0,99.0985388666581,-1.0,39.62971331905051
3,NONE,-1.0,-0.1,-1.0,-0.1
3,NONE,-1.0,-0.1,-1.0,-0.1
3,NONE,-1.0,-0.1,-1.0,-0.1
3,NONE,-1.0,-0.1,-1.0,-0.1
3,NONE,-1.0,-0.1,-1.0,-0.1
3,NONE,-1.0,-0.1,-1.0,-0.1
3,NONE,-1.0,-0.1,-1.0,-0.1
3,NONE,-1.0,-0.1,-1.0,-0.1
3,NONE,-1.0,-0.1,-1.0,-0.1
3,NONE,-1.0,-0.1,-1.0,-0.1
3,NONE,-1.0,-0.1,-1.0,-0.1
3,NONE,-1.0,-0.1,-1.0,-0.1
3,NONE,-1.0,-0.1,-1.0,-0.1
3,NONE,-1.0,-0.1,-1.0,-0.1
3,NONE,-1.0,-0.1,-1.0,-0.1
2,EV_B07_C021_Moto_Lineal_Electrica,-1.0,-0.1,7.0,15.822678235470004
1,EV_B07_C021_Moto_Lineal_Electrica,6.0,85.67980530247614,-1.0,15.822678235470004
1,EV_B07_C021_Moto_Lineal_Electrica,5.0,85.67980530247614,-1.0,15.822678235470004
1,EV_B07_C021_Moto_Lineal_Electrica,4.0,85.67980530247614,-1.0,15.822678235470004
1,EV_B07_C021_Moto_Lineal_Electrica,3.0,85.67980530247614,-1.0,15.822678235470004
1,EV_B07_C021_Moto_Lineal_Electrica,2.0,85.67980530247614,-1.0,15.822678235470004
1,EV_B07_C021_Moto_Lineal_Electrica,1.0,85.67980530247614,-1.0,15.822678235470004
1,EV_B07_C021_Moto_Lineal_Electrica,0.0,85.67980530247614,-1.0,15.822678235470004
3,NONE,-1.0,-0.1,-1.0,-0.1
3,NONE,-1.0,-0.1,-1.0,-0.1
3,NONE,-1.0,-0.1,-1.0,-0.1
3,NONE,-1.0,-0.1,-1.0,-0.1
3,NONE,-1.0,-0.1,-1.0,-0.1
3,NONE,-1.0,-0.1,-1.0,-0.1
3,NONE,-1.0,-0.1,-1.0,-0.1
3,NONE,-1.0,-0.1,-1.0,-0.1
3,NONE,-1.0,-0.1,-1.0,-0.1
3,NONE,-1.0,-0.1,-1.0,-0.1
3,NONE,-1.0,-0.1,-1.0,-0.1
3,NONE,-1.0,-0.1,-1.0,-0.1
3,NONE,-1.0,-0.1,-1.0,-0.1
3,NONE,-1.0,-0.1,-1.0,-0.1
3,NONE,-1.0,-0.1,-1.0,-0.1
3,NONE,-1.0,-0.1,-1.0,-0.1
3,NONE,-1.0,-0.1,-1.0,-0.1
3,NONE,-1.0,-0.1,-1.0,-0.1
3,NONE,-1.0,-0.1,-1.0,-0.1
3,NONE,-1.0,-0.1,-1.0,-0.1
3,NONE,-1.0,-0.1,-1.0,-0.1
3,NONE,-1.0,-0.1,-1.0,-0.1
3,NONE,-1.0,-0.1,-1.0,-0.1
3,NONE,-1.0,-0.1,-1.0,-0.1
3,NONE,-1.0,-0.1,-1.0,-0.1
3,NONE,-1.0,-0.1,-1.0,-0.1
3,NONE,-1.0,-0.1,-1.0,-0.1
3,NONE,-1.0,-0.1,-1.0,-0.1
3,NONE,-1.0,-0.1,-1.0,-0.1
3,NONE,-1.0,-0.1,-1.0,-0.1
3,NONE,-1.0,-0.1,-1.0,-0.1
3,NONE,-1.0,-0.1,-1.0,-0.1
3,NONE,-1.0,-0.1,-1.0,-0.1
3,NONE,-1.0,-0.1,-1.0,-0.1
3,NONE,-1.0,-0.1,-1.0,-0.1
3,NONE,-1.0,-0.1,-1.0,-0.1
3,NONE,-1.0,-0.1,-1.0,-0.1
3,NONE,-1.0,-0.1,-1.0,-0.1
3,NONE,-1.0,-0.1,-1.0,-0.1
3,NONE,-1.0,-0.1,-1.0,-0.1
2,EV_B07_C021_Moto_Lineal_Electrica,-1.0,-0.1,7.0,36.81673906490441
1,EV_B07_C021_Moto_Lineal_Electrica,7.0,74.36129079151482,-1.0,36.81673906490441
1,EV_B07_C021_Moto_Lineal_Electrica,6.0,74.36129079151482,-1.0,36.81673906490441
1,EV_B07_C021_Moto_Lineal_Electrica,5.0,74.36129079151482,-1.0,36.81673906490441
1,EV_B07_C021_Moto_Lineal_Electrica,4.0,74.36129079151482,-1.0,36.81673906490441
1,EV_B07_C021_Moto_Lineal_Electrica,3.0,74.36129079151482,-1.0,36.81673906490441
1,EV_B07_C021_Moto_Lineal_Electrica,2.0,74.36129079151482,-1.0,36.81673906490441
1,EV_B07_C021_Moto_Lineal_Electrica,1.0,74.36129079151482,-1.0,36.81673906490441
1,EV_B07_C021_Moto_Lineal_Electrica,0.0,74.36129079151482,-1.0,36.81673906490441
3,NONE,-1.0,-0.1,-1.0,-0.1
3,NONE,-1.0,-0.1,-1.0,-0.1
3,NONE,-1.0,-0.1,-1.0,-0.1
3,NONE,-1.0,-0.1,-1.0,-0.1
3,NONE,-1.0,-0.1,-1.0,-0.1
3,NONE,-1.0,-0.1,-1.0,-0.1
3,NONE,-1.0,-0.1,-1.0,-0.1
3,NONE,-1.0,-0.1,-1.0,-0.1
3,NONE,-1.0,-0.1,-1.0,-0.1
3,NONE,-1.0,-0.1,-1.0,-0.1
3,NONE,-1.0,-0.1,-1.0,-0.1
3,NONE,-1.0,-0.1,-1.0,-0.1
3,NONE,-1.0,-0.1,-1.0,-0.1
3,NONE,-1.0,-0.1,-1.0,-0.1
3,NONE,-1.0,-0.1,-1.0,-0.1
3,NONE,-1.0,-0.1,-1.0,-0.1
3,NONE,-1.0,-0.1,-1.0,-0.1
3,NONE,-1.0,-0.1,-1.0,-0.1
3,NONE,-1.0,-0.1,-1.0,-0.1
3,NONE,-1.0,-0.1,-1.0,-0.1
3,NONE,-1.0,-0.1,-1.0,-0.1
3,NONE,-1.0,-0.1,-1.0,-0.1
3,NONE,-1.0,-0.1,-1.0,-0.1
3,NONE,-1.0,-0.1,-1.0,-0.1
3,NONE,-1.0,-0.1,-1.0,-0.1
3,NONE,-1.0,-0.1,-1.0,-0.1
3,NONE,-1.0,-0.1,-1.0,-0.1
3,NONE,-1.0,-0.1,-1.0,-0.1
3,NONE,-1.0,-0.1,-1.0,-0.1
3,NONE,-1.0,-0.1,-1.0,-0.1
3,NONE,-1.0,-0.1,-1.0,-0.1
3,NONE,-1.0,-0.1,-1.0,-0.1
3,NONE,-1.0,-0.1,-1.0,-0.1
3,NONE,-1.0,-0.1,-1.0,-0.1
3,NONE,-1.0,-0.1,-1.0,-0.1
3,NONE,-1.0,-0.1,-1.0,-0.1
3,NONE,-1.0,-0.1,-1.0,-0.1
3,NONE,-1.0,-0.1,-1.0,-0.1
3,NONE,-1.0,-0.1,-1.0,-0.1
3,NONE,-1.0,-0.1,-1.0,-0.1
3,NONE,-1.0,-0.1,-1.0,-0.1
3,NONE,-1.0,-0.1,-1.0,-0.1
3,NONE,-1.0,-0.1,-1.0,-0.1
3,NONE,-1.0,-0.1,-1.0,-0.1
3,NONE,-1.0,-0.1,-1.0,-0.1
3,NONE,-1.0,-0.1,-1.0,-0.1
3,NONE,-1.0,-0.1,-1.0,-0.1
3,NONE,-1.0,-0.1,-1.0,-0.1
3,NONE,-1.0,-0.1,-1.0,-0.1
3,NONE,-1.0,-0.1,-1.0,-0.1
3,NONE,-1.0,-0.1,-1.0,-0.1
3,NONE,-1.0,-0.1,-1.0,-0.1
3,NONE,-1.0,-0.1,-1.0,-0.1
3,NONE,-1.0,-0.1,-1.0,-0.1
3,NONE,-1.0,-0.1,-1.0,-0.1
3,NONE,-1.0,-0.1,-1.0,-0.1
3,NONE,-1.0,-0.1,-1.0,-0.1
3,NONE,-1.0,-0.1,-1.0,-0.1
3,NONE,-1.0,-0.1,-1.0,-0.1
3,NONE,-1.0,-0.1,-1.0,-0.1
3,NONE,-1.0,-0.1,-1.0,-0.1
3,NONE,-1.0,-0.1,-1.0,-0.1
3,NONE,-1.0,-0.1,-1.0,-0.1
3,NONE,-1.0,-0.1,-1.0,-0.1
3,NONE,-1.0,-0.1,-1.0,-0.1
3,NONE,-1.0,-0.1,-1.0,-0.1
3,NONE,-1.0,-0.1,-1.0,-0.1
3,NONE,-1.0,-0.1,-1.0,-0.1
3,NONE,-1.0,-0.1,-1.0,-0.1
3,NONE,-1.0,-0.1,-1.0,-0.1
3,NONE,-1.0,-0.1,-1.0,-0.1
3,NONE,-1.0,-0.1,-1.0,-0.1
3,NONE,-1.0,-0.1,-1.0,-0.1
3,NONE,-1.0,-0.1,-1.0,-0.1
3,NONE,-1.0,-0.1,-1.0,-0.1
3,NONE,-1.0,-0.1,-1.0,-0.1
3,NONE,-1.0,-0.1,-1.0,-0.1
3,NONE,-1.0,-0.1,-1.0,-0.1
3,NONE,-1.0,-0.1,-1.0,-0.1
3,NONE,-1.0,-0.1,-1.0,-0.1
3,NONE,-1.0,-0.1,-1.0,-0.1
3,NONE,-1.0,-0.1,-1.0,-0.1
3,NONE,-1.0,-0.1,-1.0,-0.1
3,NONE,-1.0,-0.1,-1.0,-0.1
3,NONE,-1.0,-0.1,-1.0,-0.1
3,NONE,-1.0,-0.1,-1.0,-0.1
3,NONE,-1.0,-0.1,-1.0,-0.1
3,NONE,-1.0,-0.1,-1.0,-0.1
2,EV_B07_C021_Moto_Lineal_Electrica,-1.0,-0.1,8.0,32.412289864178135
1,EV_B07_C021_Moto_Lineal_Electrica,6.0,80.19539033671428,-1.0,32.412289864178135
1,EV_B07_C021_Moto_Lineal_Electrica,5.0,80.19539033671428,-1.0,32.412289864178135
1,EV_B07_C021_Moto_Lineal_Electrica,4.0,80.19539033671428,-1.0,32.412289864178135
1,EV_B07_C021_Moto_Lineal_Electrica,3.0,80.19539033671428,-1.0,32.412289864178135
1,EV_B07_C021_Moto_Lineal_Electrica,2.0,80.19539033671428,-1.0,32.412289864178135
1,EV_B07_C021_Moto_Lineal_Electrica,1.0,80.19539033671428,-1.0,32.412289864178135
1,EV_B07_C021_Moto_Lineal_Electrica,0.0,80.19539033671428,-1.0,32.412289864178135
3,NONE,-1.0,-0.1,-1.0,-0.1
3,NONE,-1.0,-0.1,-1.0,-0.1
3,NONE,-1.0,-0.1,-1.0,-0.1
3,NONE,-1.0,-0.1,-1.0,-0.1
3,NONE,-1.0,-0.1,-1.0,-0.1
3,NONE,-1.0,-0.1,-1.0,-0.1
3,NONE,-1.0,-0.1,-1.0,-0.1
3,NONE,-1.0,-0.1,-1.0,-0.1
3,NONE,-1.0,-0.1,-1.0,-0.1
3,NONE,-1.0,-0.1,-1.0,-0.1
3,NONE,-1.0,-0.1,-1.0,-0.1
3,NONE,-1.0,-0.1,-1.0,-0.1
3,NONE,-1.0,-0.1,-1.0,-0.1
3,NONE,-1.0,-0.1,-1.0,-0.1
3,NONE,-1.0,-0.1,-1.0,-0.1
2,EV_B07_C021_Moto_Lineal_Electrica,-1.0,-0.1,7.0,21.522223036092385
1,EV_B07_C021_Moto_Lineal_Electrica,7.0,100.0,-1.0,21.522223036092385
1,EV_B07_C021_Moto_Lineal_Electrica,6.0,100.0,-1.0,21.522223036092385
1,EV_B07_C021_Moto_Lineal_Electrica,5.0,100.0,-1.0,21.522223036092385
1,EV_B07_C021_Moto_Lineal_Electrica,4.0,100.0,-1.0,21.522223036092385
1,EV_B07_C021_Moto_Lineal_Electrica,3.0,100.0,-1.0,21.522223036092385
1,EV_B07_C021_Moto_Lineal_Electrica,2.0,100.0,-1.0,21.522223036092385
1,EV_B07_C021_Moto_Lineal_Electrica,1.0,100.0,-1.0,21.522223036092385
1,EV_B07_C021_Moto_Lineal_Electrica,0.0,100.0,-1.0,21.522223036092385
3,NONE,-1.0,-0.1,-1.0,-0.1
3,NONE,-1.0,-0.1,-1.0,-0.1
3,NONE,-1.0,-0.1,-1.0,-0.1
3,NONE,-1.0,-0.1,-1.0,-0.1
3,NONE,-1.0,-0.1,-1.0,-0.1
3,NONE,-1.0,-0.1,-1.0,-0.1
3,NONE,-1.0,-0.1,-1.0,-0.1
3,NONE,-1.0,-0.1,-1.0,-0.1
3,NONE,-1.0,-0.1,-1.0,-0.1
3,NONE,-1.0,-0.1,-1.0,-0.1
3,NONE,-1.0,-0.1,-1.0,-0.1
3,NONE,-1.0,-0.1,-1.0,-0.1
3,NONE,-1.0,-0.1,-1.0,-0.1
3,NONE,-1.0,-0.1,-1.0,-0.1
3,NONE,-1.0,-0.1,-1.0,-0.1
3,NONE,-1.0,-0.1,-1.0,-0.1
2,EV_B07_C021_Moto_Lineal_Electrica,-1.0,-0.1,8.0,14.44270998693017
1,EV_B07_C021_Moto_Lineal_Electrica,6.0,84.53359650221114,-1.0,14.44270998693017
1,EV_B07_C021_Moto_Lineal_Electrica,5.0,84.53359650221114,-1.0,14.44270998693017
1,EV_B07_C021_Moto_Lineal_Electrica,4.0,84.53359650221114,-1.0,14.44270998693017
1,EV_B07_C021_Moto_Lineal_Electrica,3.0,84.53359650221114,-1.0,14.44270998693017
1,EV_B07_C021_Moto_Lineal_Electrica,2.0,84.53359650221114,-1.0,14.44270998693017
1,EV_B07_C021_Moto_Lineal_Electrica,1.0,84.53359650221114,-1.0,14.44270998693017
1,EV_B07_C021_Moto_Lineal_Electrica,0.0,84.53359650221114,-1.0,14.44270998693017
3,NONE,-1.0,-0.1,-1.0,-0.1
3,NONE,-1.0,-0.1,-1.0,-0.1
3,NONE,-1.0,-0.1,-1.0,-0.1
3,NONE,-1.0,-0.1,-1.0,-0.1
3,NONE,-1.0,-0.1,-1.0,-0.1
3,NONE,-1.0,-0.1,-1.0,-0.1
3,NONE,-1.0,-0.1,-1.0,-0.1
3,NONE,-1.0,-0.1,-1.0,-0.1
3,NONE,-1.0,-0.1,-1.0,-0.1
3,NONE,-1.0,-0.1,-1.0,-0.1
3,NONE,-1.0,-0.1,-1.0,-0.1
3,NONE,-1.0,-0.1,-1.0,-0.1
3,NONE,-1.0,-0.1,-1.0,-0.1
3,NONE,-1.0,-0.1,-1.0,-0.1
3,NONE,-1.0,-0.1,-1.0,-0.1
3,NONE,-1.0,-0.1,-1.0,-0.1
2,EV_B07_C021_Moto_Lineal_Electrica,-1.0,-0.1,8.0,57.21591695074357
1,EV_B07_C021_Moto_Lineal_Electrica,6.0,79.38121332657603,-1.0,57.21591695074357
1,EV_B07_C021_Moto_Lineal_Electrica,5.0,79.38121332657603,-1.0,57.21591695074357
1,EV_B07_C021_Moto_Lineal_Electrica,4.0,79.38121332657603,-1.0,57.21591695074357
1,EV_B07_C021_Moto_Lineal_Electrica,3.0,79.38121332657603,-1.0,57.21591695074357
1,EV_B07_C021_Moto_Lineal_Electrica,2.0,79.38121332657603,-1.0,57.21591695074357
1,EV_B07_C021_Moto_Lineal_Electrica,1.0,79.38121332657603,-1.0,57.21591695074357
1,EV_B07_C021_Moto_Lineal_Electrica,0.0,79.38121332657603,-1.0,57.21591695074357
3,NONE,-1.0,-0.1,-1.0,-0.1
3,NONE,-1.0,-0.1,-1.0,-0.1
3,NONE,-1.0,-0.1,-1.0,-0.1
3,NONE,-1.0,-0.1,-1.0,-0.1
3,NONE,-1.0,-0.1,-1.0,-0.1
3,NONE,-1.0,-0.1,-1.0,-0.1
3,NONE,-1.0,-0.1,-1.0,-0.1
3,NONE,-1.0,-0.1,-1.0,-0.1
3,NONE,-1.0,-0.1,-1.0,-0.1
3,NONE,-1.0,-0.1,-1.0,-0.1
3,NONE,-1.0,-0.1,-1.0,-0.1
3,NONE,-1.0,-0.1,-1.0,-0.1
3,NONE,-1.0,-0.1,-1.0,-0.1
3,NONE,-1.0,-0.1,-1.0,-0.1
3,NONE,-1.0,-0.1,-1.0,-0.1
3,NONE,-1.0,-0.1,-1.0,-0.1
2,EV_B07_C021_Moto_Lineal_Electrica,-1.0,-0.1,8.0,42.12174770145927
1,EV_B07_C021_Moto_Lineal_Electrica,6.0,78.20445271145887,-1.0,42.12174770145927
1,EV_B07_C021_Moto_Lineal_Electrica,5.0,78.20445271145887,-1.0,42.12174770145927
1,EV_B07_C021_Moto_Lineal_Electrica,4.0,78.20445271145887,-1.0,42.12174770145927
1,EV_B07_C021_Moto_Lineal_Electrica,3.0,78.20445271145887,-1.0,42.12174770145927
1,EV_B07_C021_Moto_Lineal_Electrica,2.0,78.20445271145887,-1.0,42.12174770145927
1,EV_B07_C021_Moto_Lineal_Electrica,1.0,78.20445271145887,-1.0,42.12174770145927
1,EV_B07_C021_Moto_Lineal_Electrica,0.0,78.20445271145887,-1.0,42.12174770145927
3,NONE,-1.0,-0.1,-1.0,-0.1
3,NONE,-1.0,-0.1,-1.0,-0.1
3,NONE,-1.0,-0.1,-1.0,-0.1
3,NONE,-1.0,-0.1,-1.0,-0.1
3,NONE,-1.0,-0.1,-1.0,-0.1
3,NONE,-1.0,-0.1,-1.0,-0.1
3,NONE,-1.0,-0.1,-1.0,-0.1
3,NONE,-1.0,-0.1,-1.0,-0.1
3,NONE,-1.0,-0.1,-1.0,-0.1
3,NONE,-1.0,-0.1,-1.0,-0.1
3,NONE,-1.0,-0.1,-1.0,-0.1
3,NONE,-1.0,-0.1,-1.0,-0.1
3,NONE,-1.0,-0.1,-1.0,-0.1
3,NONE,-1.0,-0.1,-1.0,-0.1
3,NONE,-1.0,-0.1,-1.0,-0.1
3,NONE,-1.0,-0.1,-1.0,-0.1
3,NONE,-1.0,-0.1,-1.0,-0.1
3,NONE,-1.0,-0.1,-1.0,-0.1
3,NONE,-1.0,-0.1,-1.0,-0.1
3,NONE,-1.0,-0.1,-1.0,-0.1
3,NONE,-1.0,-0.1,-1.0,-0.1
3,NONE,-1.0,-0.1,-1.0,-0.1
3,NONE,-1.0,-0.1,-1.0,-0.1
3,NONE,-1.0,-0.1,-1.0,-0.1
3,NONE,-1.0,-0.1,-1.0,-0.1
3,NONE,-1.0,-0.1,-1.0,-0.1
3,NONE,-1.0,-0.1,-1.0,-0.1
3,NONE,-1.0,-0.1,-1.0,-0.1
3,NONE,-1.0,-0.1,-1.0,-0.1
3,NONE,-1.0,-0.1,-1.0,-0.1
3,NONE,-1.0,-0.1,-1.0,-0.1
3,NONE,-1.0,-0.1,-1.0,-0.1
3,NONE,-1.0,-0.1,-1.0,-0.1
3,NONE,-1.0,-0.1,-1.0,-0.1
3,NONE,-1.0,-0.1,-1.0,-0.1
3,NONE,-1.0,-0.1,-1.0,-0.1
3,NONE,-1.0,-0.1,-1.0,-0.1
3,NONE,-1.0,-0.1,-1.0,-0.1
3,NONE,-1.0,-0.1,-1.0,-0.1
3,NONE,-1.0,-0.1,-1.0,-0.1
3,NONE,-1.0,-0.1,-1.0,-0.1
3,NONE,-1.0,-0.1,-1.0,-0.1
3,NONE,-1.0,-0.1,-1.0,-0.1
3,NONE,-1.0,-0.1,-1.0,-0.1
3,NONE,-1.0,-0.1,-1.0,-0.1
3,NONE,-1.0,-0.1,-1.0,-0.1
3,NONE,-1.0,-0.1,-1.0,-0.1
3,NONE,-1.0,-0.1,-1.0,-0.1
3,NONE,-1.0,-0.1,-1.0,-0.1
3,NONE,-1.0,-0.1,-1.0,-0.1
3,NONE,-1.0,-0.1,-1.0,-0.1
3,NONE,-1.0,-0.1,-1.0,-0.1
3,NONE,-1.0,-0.1,-1.0,-0.1
3,NONE,-1.0,-0.1,-1.0,-0.1
3,NONE,-1.0,-0.1,-1.0,-0.1
3,NONE,-1.0,-0.1,-1.0,-0.1
3,NONE,-1.0,-0.1,-1.0,-0.1
3,NONE,-1.0,-0.1,-1.0,-0.1
3,NONE,-1.0,-0.1,-1.0,-0.1
3,NONE,-1.0,-0.1,-1.0,-0.1
3,NONE,-1.0,-0.1,-1.0,-0.1
3,NONE,-1.0,-0.1,-1.0,-0.1
3,NONE,-1.0,-0.1,-1.0,-0.1
3,NONE,-1.0,-0.1,-1.0,-0.1
2,EV_B07_C021_Moto_Lineal_Electrica,-1.0,-0.1,8.0,26.022087680850163
1,EV_B07_C021_Moto_Lineal_Electrica,6.0,84.81575262557965,-1.0,26.022087680850163
1,EV_B07_C021_Moto_Lineal_Electrica,5.0,84.81575262557965,-1.0,26.022087680850163
1,EV_B07_C021_Moto_Lineal_Electrica,4.0,84.81575262557965,-1.0,26.022087680850163
1,EV_B07_C021_Moto_Lineal_Electrica,3.0,84.81575262557965,-1.0,26.022087680850163
1,EV_B07_C021_Moto_Lineal_Electrica,2.0,84.81575262557965,-1.0,26.022087680850163
1,EV_B07_C021_Moto_Lineal_Electrica,1.0,84.81575262557965,-1.0,26.022087680850163
1,EV_B07_C021_Moto_Lineal_Electrica,0.0,84.81575262557965,-1.0,26.022087680850163
3,NONE,-1.0,-0.1,-1.0,-0.1
3,NONE,-1.0,-0.1,-1.0,-0.1
3,NONE,-1.0,-0.1,-1.0,-0.1
3,NONE,-1.0,-0.1,-1.0,-0.1
3,NONE,-1.0,-0.1,-1.0,-0.1
3,NONE,-1.0,-0.1,-1.0,-0.1
3,NONE,-1.0,-0.1,-1.0,-0.1
3,NONE,-1.0,-0.1,-1.0,-0.1
3,NONE,-1.0,-0.1,-1.0,-0.1
3,NONE,-1.0,-0.1,-1.0,-0.1
3,NONE,-1.0,-0.1,-1.0,-0.1
3,NONE,-1.0,-0.1,-1.0,-0.1
3,NONE,-1.0,-0.1,-1.0,-0.1
3,NONE,-1.0,-0.1,-1.0,-0.1
3,NONE,-1.0,-0.1,-1.0,-0.1
2,EV_B07_C021_Moto_Lineal_Electrica,-1.0,-0.1,7.0,33.31848763504303
1,EV_B07_C021_Moto_Lineal_Electrica,7.0,80.82478567575676,-1.0,33.31848763504303
1,EV_B07_C021_Moto_Lineal_Electrica,6.0,80.82478567575676,-1.0,33.31848763504303
1,EV_B07_C021_Moto_Lineal_Electrica,5.0,80.82478567575676,-1.0,33.31848763504303
1,EV_B07_C021_Moto_Lineal_Electrica,4.0,80.82478567575676,-1.0,33.31848763504303
1,EV_B07_C021_Moto_Lineal_Electrica,3.0,80.82478567575676,-1.0,33.31848763504303
1,EV_B07_C021_Moto_Lineal_Electrica,2.0,80.82478567575676,-1.0,33.31848763504303
1,EV_B07_C021_Moto_Lineal_Electrica,1.0,80.82478567575676,-1.0,33.31848763504303
1,EV_B07_C021_Moto_Lineal_Electrica,0.0,80.82478567575676,-1.0,33.31848763504303
3,NONE,-1.0,-0.1,-1.0,-0.1
3,NONE,-1.0,-0.1,-1.0,-0.1
3,NONE,-1.0,-0.1,-1.0,-0.1
3,NONE,-1.0,-0.1,-1.0,-0.1
3,NONE,-1.0,-0.1,-1.0,-0.1
3,NONE,-1.0,-0.1,-1.0,-0.1
3,NONE,-1.0,-0.1,-1.0,-0.1
3,NONE,-1.0,-0.1,-1.0,-0.1
3,NONE,-1.0,-0.1,-1.0,-0.1
3,NONE,-1.0,-0.1,-1.0,-0.1
3,NONE,-1.0,-0.1,-1.0,-0.1
3,NONE,-1.0,-0.1,-1.0,-0.1
3,NONE,-1.0,-0.1,-1.0,-0.1
3,NONE,-1.0,-0.1,-1.0,-0.1
3,NONE,-1.0,-0.1,-1.0,-0.1
3,NONE,-1.0,-0.1,-1.0,-0.1
3,NONE,-1.0,-0.1,-1.0,-0.1
2,EV_B07_C021_Moto_Lineal_Electrica,-1.0,-0.1,9.0,8.769254557465242
1,EV_B07_C021_Moto_Lineal_Electrica,5.0,86.79971226252941,-1.0,8.769254557465242
1,EV_B07_C021_Moto_Lineal_Electrica,4.0,86.79971226252941,-1.0,8.769254557465242
1,EV_B07_C021_Moto_Lineal_Electrica,3.0,86.79971226252941,-1.0,8.769254557465242
1,EV_B07_C021_Moto_Lineal_Electrica,2.0,86.79971226252941,-1.0,8.769254557465242
1,EV_B07_C021_Moto_Lineal_Electrica,1.0,86.79971226252941,-1.0,8.769254557465242
1,EV_B07_C021_Moto_Lineal_Electrica,0.0,86.79971226252941,-1.0,8.769254557465242
3,NONE,-1.0,-0.1,-1.0,-0.1
3,NONE,-1.0,-0.1,-1.0,-0.1
3,NONE,-1.0,-0.1,-1.0,-0.1
3,NONE,-1.0,-0.1,-1.0,-0.1
3,NONE,-1.0,-0.1,-1.0,-0.1
3,NONE,-1.0,-0.1,-1.0,-0.1
3,NONE,-1.0,-0.1,-1.0,-0.1
3,NONE,-1.0,-0.1,-1.0,-0.1
3,NONE,-1.0,-0.1,-1.0,-0.1
3,NONE,-1.0,-0.1,-1.0,-0.1
3,NONE,-1.0,-0.1,-1.0,-0.1
3,NONE,-1.0,-0.1,-1.0,-0.1
3,NONE,-1.0,-0.1,-1.0,-0.1
3,NONE,-1.0,-0.1,-1.0,-0.1
3,NONE,-1.0,-0.1,-1.0,-0.1
3,NONE,-1.0,-0.1,-1.0,-0.1
2,EV_B07_C021_Moto_Lineal_Electrica,-1.0,-0.1,8.0,49.40890375685436
1,EV_B07_C021_Moto_Lineal_Electrica,6.0,93.57276014580336,-1.0,49.40890375685436
1,EV_B07_C021_Moto_Lineal_Electrica,5.0,93.57276014580336,-1.0,49.40890375685436
1,EV_B07_C021_Moto_Lineal_Electrica,4.0,93.57276014580336,-1.0,49.40890375685436
1,EV_B07_C021_Moto_Lineal_Electrica,3.0,93.57276014580336,-1.0,49.40890375685436
1,EV_B07_C021_Moto_Lineal_Electrica,2.0,93.57276014580336,-1.0,49.40890375685436
1,EV_B07_C021_Moto_Lineal_Electrica,1.0,93.57276014580336,-1.0,49.40890375685436
1,EV_B07_C021_Moto_Lineal_Electrica,0.0,93.57276014580336,-1.0,49.40890375685436
3,NONE,-1.0,-0.1,-1.0,-0.1
3,NONE,-1.0,-0.1,-1.0,-0.1
3,NONE,-1.0,-0.1,-1.0,-0.1
3,NONE,-1.0,-0.1,-1.0,-0.1
3,NONE,-1.0,-0.1,-1.0,-0.1
3,NONE,-1.0,-0.1,-1.0,-0.1
3,NONE,-1.0,-0.1,-1.0,-0.1
3,NONE,-1.0,-0.1,-1.0,-0.1
3,NONE,-1.0,-0.1,-1.0,-0.1
3,NONE,-1.0,-0.1,-1.0,-0.1
3,NONE,-1.0,-0.1,-1.0,-0.1
3,NONE,-1.0,-0.1,-1.0,-0.1
3,NONE,-1.0,-0.1,-1.0,-0.1
3,NONE,-1.0,-0.1,-1.0,-0.1
3,NONE,-1.0,-0.1,-1.0,-0.1
3,NONE,-1.0,-0.1,-1.0,-0.1
3,NONE,-1.0,-0.1,-1.0,-0.1
3,NONE,-1.0,-0.1,-1.0,-0.1
2,EV_B07_C021_Moto_Lineal_Electrica,-1.0,-0.1,10.0,18.751954877234862
1,EV_B07_C021_Moto_Lineal_Electrica,4.0,76.46696119233023,-1.0,18.751954877234862
1,EV_B07_C021_Moto_Lineal_Electrica,3.0,76.46696119233023,-1.0,18.751954877234862
1,EV_B07_C021_Moto_Lineal_Electrica,2.0,76.46696119233023,-1.0,18.751954877234862
1,EV_B07_C021_Moto_Lineal_Electrica,1.0,76.46696119233023,-1.0,18.751954877234862
1,EV_B07_C021_Moto_Lineal_Electrica,0.0,76.46696119233023,-1.0,18.751954877234862
3,NONE,-1.0,-0.1,-1.0,-0.1
3,NONE,-1.0,-0.1,-1.0,-0.1
3,NONE,-1.0,-0.1,-1.0,-0.1
3,NONE,-1.0,-0.1,-1.0,-0.1
3,NONE,-1.0,-0.1,-1.0,-0.1
3,NONE,-1.0,-0.1,-1.0,-0.1
3,NONE,-1.0,-0.1,-1.0,-0.1
3,NONE,-1.0,-0.1,-1.0,-0.1
3,NONE,-1.0,-0.1,-1.0,-0.1
3,NONE,-1.0,-0.1,-1.0,-0.1
3,NONE,-1.0,-0.1,-1.0,-0.1
3,NONE,-1.0,-0.1,-1.0,-0.1
3,NONE,-1.0,-0.1,-1.0,-0.1
3,NONE,-1.0,-0.1,-1.0,-0.1
3,NONE,-1.0,-0.1,-1.0,-0.1
3,NONE,-1.0,-0.1,-1.0,-0.1
3,NONE,-1.0,-0.1,-1.0,-0.1
3,NONE,-1.0,-0.1,-1.0,-0.1
3,NONE,-1.0,-0.1,-1.0,-0.1
3,NONE,-1.0,-0.1,-1.0,-0.1
3,NONE,-1.0,-0.1,-1.0,-0.1
3,NONE,-1.0,-0.1,-1.0,-0.1
3,NONE,-1.0,-0.1,-1.0,-0.1
3,NONE,-1.0,-0.1,-1.0,-0.1
3,NONE,-1.0,-0.1,-1.0,-0.1
3,NONE,-1.0,-0.1,-1.0,-0.1
3,NONE,-1.0,-0.1,-1.0,-0.1
3,NONE,-1.0,-0.1,-1.0,-0.1
3,NONE,-1.0,-0.1,-1.0,-0.1
3,NONE,-1.0,-0.1,-1.0,-0.1
3,NONE,-1.0,-0.1,-1.0,-0.1
3,NONE,-1.0,-0.1,-1.0,-0.1
3,NONE,-1.0,-0.1,-1.0,-0.1
3,NONE,-1.0,-0.1,-1.0,-0.1
3,NONE,-1.0,-0.1,-1.0,-0.1
3,NONE,-1.0,-0.1,-1.0,-0.1
3,NONE,-1.0,-0.1,-1.0,-0.1
3,NONE,-1.0,-0.1,-1.0,-0.1
3,NONE,-1.0,-0.1,-1.0,-0.1
3,NONE,-1.0,-0.1,-1.0,-0.1
3,NONE,-1.0,-0.1,-1.0,-0.1
3,NONE,-1.0,-0.1,-1.0,-0.1
3,NONE,-1.0,-0.1,-1.0,-0.1
3,NONE,-1.0,-0.1,-1.0,-0.1
3,NONE,-1.0,-0.1,-1.0,-0.1
3,NONE,-1.0,-0.1,-1.0,-0.1
3,NONE,-1.0,-0.1,-1.0,-0.1
3,NONE,-1.0,-0.1,-1.0,-0.1
3,NONE,-1.0,-0.1,-1.0,-0.1
3,NONE,-1.0,-0.1,-1.0,-0.1
3,NONE,-1.0,-0.1,-1.0,-0.1
3,NONE,-1.0,-0.1,-1.0,-0.1
3,NONE,-1.0,-0.1,-1.0,-0.1
3,NONE,-1.0,-0.1,-1.0,-0.1
3,NONE,-1.0,-0.1,-1.0,-0.1
3,NONE,-1.0,-0.1,-1.0,-0.1
3,NONE,-1.0,-0.1,-1.0,-0.1
3,NONE,-1.0,-0.1,-1.0,-0.1
3,NONE,-1.0,-0.1,-1.0,-0.1
3,NONE,-1.0,-0.1,-1.0,-0.1
3,NONE,-1.0,-0.1,-1.0,-0.1
3,NONE,-1.0,-0.1,-1.0,-0.1
3,NONE,-1.0,-0.1,-1.0,-0.1
3,NONE,-1.0,-0.1,-1.0,-0.1
3,NONE,-1.0,-0.1,-1.0,-0.1
3,NONE,-1.0,-0.1,-1.0,-0.1
3,NONE,-1.0,-0.1,-1.0,-0.1
3,NONE,-1.0,-0.1,-1.0,-0.1
3,NONE,-1.0,-0.1,-1.0,-0.1
3,NONE,-1.0,-0.1,-1.0,-0.1
3,NONE,-1.0,-0.1,-1.0,-0.1
3,NONE,-1.0,-0.1,-1.0,-0.1
3,NONE,-1.0,-0.1,-1.0,-0.1
3,NONE,-1.0,-0.1,-1.0,-0.1
3,NONE,-1.0,-0.1,-1.0,-0.1
3,NONE,-1.0,-0.1,-1.0,-0.1
3,NONE,-1.0,-0.1,-1.0,-0.1
3,NONE,-1.0,-0.1,-1.0,-0.1
3,NONE,-1.0,-0.1,-1.0,-0.1
3,NONE,-1.0,-0.1,-1.0,-0.1
3,NONE,-1.0,-0.1,-1.0,-0.1
3,NONE,-1.0,-0.1,-1.0,-0.1
3,NONE,-1.0,-0.1,-1.0,-0.1
3,NONE,-1.0,-0.1,-1.0,-0.1
3,NONE,-1.0,-0.1,-1.0,-0.1
3,NONE,-1.0,-0.1,-1.0,-0.1
3,NONE,-1.0,-0.1,-1.0,-0.1
3,NONE,-1.0,-0.1,-1.0,-0.1
2,EV_B07_C021_Moto_Lineal_Electrica,-1.0,-0.1,8.0,25.847091872538314
1,EV_B07_C021_Moto_Lineal_Electrica,6.0,77.89837820734805,-1.0,25.847091872538314
1,EV_B07_C021_Moto_Lineal_Electrica,5.0,77.89837820734805,-1.0,25.847091872538314
1,EV_B07_C021_Moto_Lineal_Electrica,4.0,77.89837820734805,-1.0,25.847091872538314
1,EV_B07_C021_Moto_Lineal_Electrica,3.0,77.89837820734805,-1.0,25.847091872538314
1,EV_B07_C021_Moto_Lineal_Electrica,2.0,77.89837820734805,-1.0,25.847091872538314
1,EV_B07_C021_Moto_Lineal_Electrica,1.0,77.89837820734805,-1.0,25.847091872538314
1,EV_B07_C021_Moto_Lineal_Electrica,0.0,77.89837820734805,-1.0,25.847091872538314
3,NONE,-1.0,-0.1,-1.0,-0.1
3,NONE,-1.0,-0.1,-1.0,-0.1
3,NONE,-1.0,-0.1,-1.0,-0.1
3,NONE,-1.0,-0.1,-1.0,-0.1
3,NONE,-1.0,-0.1,-1.0,-0.1
3,NONE,-1.0,-0.1,-1.0,-0.1
3,NONE,-1.0,-0.1,-1.0,-0.1
3,NONE,-1.0,-0.1,-1.0,-0.1
3,NONE,-1.0,-0.1,-1.0,-0.1
3,NONE,-1.0,-0.1,-1.0,-0.1
3,NONE,-1.0,-0.1,-1.0,-0.1
3,NONE,-1.0,-0.1,-1.0,-0.1
3,NONE,-1.0,-0.1,-1.0,-0.1
3,NONE,-1.0,-0.1,-1.0,-0.1
3,NONE,-1.0,-0.1,-1.0,-0.1
2,EV_B07_C021_Moto_Lineal_Electrica,-1.0,-0.1,7.0,28.038458815996652
1,EV_B07_C021_Moto_Lineal_Electrica,7.0,94.1036173042947,-1.0,28.038458815996652
1,EV_B07_C021_Moto_Lineal_Electrica,6.0,94.1036173042947,-1.0,28.038458815996652
1,EV_B07_C021_Moto_Lineal_Electrica,5.0,94.1036173042947,-1.0,28.038458815996652
1,EV_B07_C021_Moto_Lineal_Electrica,4.0,94.1036173042947,-1.0,28.038458815996652
1,EV_B07_C021_Moto_Lineal_Electrica,3.0,94.1036173042947,-1.0,28.038458815996652
1,EV_B07_C021_Moto_Lineal_Electrica,2.0,94.1036173042947,-1.0,28.038458815996652
1,EV_B07_C021_Moto_Lineal_Electrica,1.0,94.1036173042947,-1.0,28.038458815996652
1,EV_B07_C021_Moto_Lineal_Electrica,0.0,94.1036173042947,-1.0,28.038458815996652
3,NONE,-1.0,-0.1,-1.0,-0.1
3,NONE,-1.0,-0.1,-1.0,-0.1
3,NONE,-1.0,-0.1,-1.0,-0.1
3,NONE,-1.0,-0.1,-1.0,-0.1
3,NONE,-1.0,-0.1,-1.0,-0.1
3,NONE,-1.0,-0.1,-1.0,-0.1
3,NONE,-1.0,-0.1,-1.0,-0.1
3,NONE,-1.0,-0.1,-1.0,-0.1
3,NONE,-1.0,-0.1,-1.0,-0.1
3,NONE,-1.0,-0.1,-1.0,-0.1
3,NONE,-1.0,-0.1,-1.0,-0.1
3,NONE,-1.0,-0.1,-1.0,-0.1
3,NONE,-1.0,-0.1,-1.0,-0.1
3,NONE,-1.0,-0.1,-1.0,-0.1
3,NONE,-1.0,-0.1,-1.0,-0.1
2,EV_B07_C021_Moto_Lineal_Electrica,-1.0,-0.1,7.0,37.37123269286026
1,EV_B07_C021_Moto_Lineal_Electrica,7.0,81.54977557877419,-1.0,37.37123269286026
1,EV_B07_C021_Moto_Lineal_Electrica,6.0,81.54977557877419,-1.0,37.37123269286026
1,EV_B07_C021_Moto_Lineal_Electrica,5.0,81.54977557877419,-1.0,37.37123269286026
1,EV_B07_C021_Moto_Lineal_Electrica,4.0,81.54977557877419,-1.0,37.37123269286026
1,EV_B07_C021_Moto_Lineal_Electrica,3.0,81.54977557877419,-1.0,37.37123269286026
1,EV_B07_C021_Moto_Lineal_Electrica,2.0,81.54977557877419,-1.0,37.37123269286026
1,EV_B07_C021_Moto_Lineal_Electrica,1.0,81.54977557877419,-1.0,37.37123269286026
1,EV_B07_C021_Moto_Lineal_Electrica,0.0,81.54977557877419,-1.0,37.37123269286026
3,NONE,-1.0,-0.1,-1.0,-0.1
3,NONE,-1.0,-0.1,-1.0,-0.1
3,NONE,-1.0,-0.1,-1.0,-0.1
3,NONE,-1.0,-0.1,-1.0,-0.1
3,NONE,-1.0,-0.1,-1.0,-0.1
3,NONE,-1.0,-0.1,-1.0,-0.1
3,NONE,-1.0,-0.1,-1.0,-0.1
3,NONE,-1.0,-0.1,-1.0,-0.1
3,NONE,-1.0,-0.1,-1.0,-0.1
3,NONE,-1.0,-0.1,-1.0,-0.1
3,NONE,-1.0,-0.1,-1.0,-0.1
3,NONE,-1.0,-0.1,-1.0,-0.1
3,NONE,-1.0,-0.1,-1.0,-0.1
3,NONE,-1.0,-0.1,-1.0,-0.1
3,NONE,-1.0,-0.1,-1.0,-0.1
2,EV_B07_C021_Moto_Lineal_Electrica,-1.0,-0.1,7.0,15.88988170343783
1,EV_B07_C021_Moto_Lineal_Electrica,7.0,82.07224030889518,-1.0,15.88988170343783
1,EV_B07_C021_Moto_Lineal_Electrica,6.0,82.07224030889518,-1.0,15.88988170343783
1,EV_B07_C021_Moto_Lineal_Electrica,5.0,82.07224030889518,-1.0,15.88988170343783
1,EV_B07_C021_Moto_Lineal_Electrica,4.0,82.07224030889518,-1.0,15.88988170343783
1,EV_B07_C021_Moto_Lineal_Electrica,3.0,82.07224030889518,-1.0,15.88988170343783
1,EV_B07_C021_Moto_Lineal_Electrica,2.0,82.07224030889518,-1.0,15.88988170343783
1,EV_B07_C021_Moto_Lineal_Electrica,1.0,82.07224030889518,-1.0,15.88988170343783
1,EV_B07_C021_Moto_Lineal_Electrica,0.0,82.07224030889518,-1.0,15.88988170343783
3,NONE,-1.0,-0.1,-1.0,-0.1
3,NONE,-1.0,-0.1,-1.0,-0.1
3,NONE,-1.0,-0.1,-1.0,-0.1
3,NONE,-1.0,-0.1,-1.0,-0.1
3,NONE,-1.0,-0.1,-1.0,-0.1
3,NONE,-1.0,-0.1,-1.0,-0.1
3,NONE,-1.0,-0.1,-1.0,-0.1
3,NONE,-1.0,-0.1,-1.0,-0.1
3,NONE,-1.0,-0.1,-1.0,-0.1
3,NONE,-1.0,-0.1,-1.0,-0.1
3,NONE,-1.0,-0.1,-1.0,-0.1
3,NONE,-1.0,-0.1,-1.0,-0.1
3,NONE,-1.0,-0.1,-1.0,-0.1
3,NONE,-1.0,-0.1,-1.0,-0.1
3,NONE,-1.0,-0.1,-1.0,-0.1
3,NONE,-1.0,-0.1,-1.0,-0.1
3,NONE,-1.0,-0.1,-1.0,-0.1
3,NONE,-1.0,-0.1,-1.0,-0.1
3,NONE,-1.0,-0.1,-1.0,-0.1
3,NONE,-1.0,-0.1,-1.0,-0.1
3,NONE,-1.0,-0.1,-1.0,-0.1
3,NONE,-1.0,-0.1,-1.0,-0.1
3,NONE,-1.0,-0.1,-1.0,-0.1
3,NONE,-1.0,-0.1,-1.0,-0.1
3,NONE,-1.0,-0.1,-1.0,-0.1
3,NONE,-1.0,-0.1,-1.0,-0.1
3,NONE,-1.0,-0.1,-1.0,-0.1
3,NONE,-1.0,-0.1,-1.0,-0.1
3,NONE,-1.0,-0.1,-1.0,-0.1
3,NONE,-1.0,-0.1,-1.0,-0.1
3,NONE,-1.0,-0.1,-1.0,-0.1
3,NONE,-1.0,-0.1,-1.0,-0.1
3,NONE,-1.0,-0.1,-1.0,-0.1
3,NONE,-1.0,-0.1,-1.0,-0.1
3,NONE,-1.0,-0.1,-1.0,-0.1
3,NONE,-1.0,-0.1,-1.0,-0.1
3,NONE,-1.0,-0.1,-1.0,-0.1
3,NONE,-1.0,-0.1,-1.0,-0.1
3,NONE,-1.0,-0.1,-1.0,-0.1
3,NONE,-1.0,-0.1,-1.0,-0.1
3,NONE,-1.0,-0.1,-1.0,-0.1
3,NONE,-1.0,-0.1,-1.0,-0.1
3,NONE,-1.0,-0.1,-1.0,-0.1
3,NONE,-1.0,-0.1,-1.0,-0.1
3,NONE,-1.0,-0.1,-1.0,-0.1
3,NONE,-1.0,-0.1,-1.0,-0.1
3,NONE,-1.0,-0.1,-1.0,-0.1
3,NONE,-1.0,-0.1,-1.0,-0.1
3,NONE,-1.0,-0.1,-1.0,-0.1
3,NONE,-1.0,-0.1,-1.0,-0.1
3,NONE,-1.0,-0.1,-1.0,-0.1
3,NONE,-1.0,-0.1,-1.0,-0.1
3,NONE,-1.0,-0.1,-1.0,-0.1
3,NONE,-1.0,-0.1,-1.0,-0.1
3,NONE,-1.0,-0.1,-1.0,-0.1
3,NONE,-1.0,-0.1,-1.0,-0.1
3,NONE,-1.0,-0.1,-1.0,-0.1
3,NONE,-1.0,-0.1,-1.0,-0.1
3,NONE,-1.0,-0.1,-1.0,-0.1
3,NONE,-1.0,-0.1,-1.0,-0.1
3,NONE,-1.0,-0.1,-1.0,-0.1
3,NONE,-1.0,-0.1,-1.0,-0.1
3,NONE,-1.0,-0.1,-1.0,-0.1
2,EV_B07_C021_Moto_Lineal_Electrica,-1.0,-0.1,7.0,16.89878150544374
1,EV_B07_C021_Moto_Lineal_Electrica,7.0,76.37078021573512,-1.0,16.89878150544374
1,EV_B07_C021_Moto_Lineal_Electrica,6.0,76.37078021573512,-1.0,16.89878150544374
1,EV_B07_C021_Moto_Lineal_Electrica,5.0,76.37078021573512,-1.0,16.89878150544374
1,EV_B07_C021_Moto_Lineal_Electrica,4.0,76.37078021573512,-1.0,16.89878150544374
1,EV_B07_C021_Moto_Lineal_Electrica,3.0,76.37078021573512,-1.0,16.89878150544374
1,EV_B07_C021_Moto_Lineal_Electrica,2.0,76.37078021573512,-1.0,16.89878150544374
1,EV_B07_C021_Moto_Lineal_Electrica,1.0,76.37078021573512,-1.0,16.89878150544374
1,EV_B07_C021_Moto_Lineal_Electrica,0.0,76.37078021573512,-1.0,16.89878150544374
3,NONE,-1.0,-0.1,-1.0,-0.1
3,NONE,-1.0,-0.1,-1.0,-0.1
3,NONE,-1.0,-0.1,-1.0,-0.1
3,NONE,-1.0,-0.1,-1.0,-0.1
3,NONE,-1.0,-0.1,-1.0,-0.1
3,NONE,-1.0,-0.1,-1.0,-0.1
3,NONE,-1.0,-0.1,-1.0,-0.1
3,NONE,-1.0,-0.1,-1.0,-0.1
3,NONE,-1.0,-0.1,-1.0,-0.1
3,NONE,-1.0,-0.1,-1.0,-0.1
3,NONE,-1.0,-0.1,-1.0,-0.1
3,NONE,-1.0,-0.1,-1.0,-0.1
3,NONE,-1.0,-0.1,-1.0,-0.1
3,NONE,-1.0,-0.1,-1.0,-0.1
3,NONE,-1.0,-0.1,-1.0,-0.1
2,EV_B07_C021_Moto_Lineal_Electrica,-1.0,-0.1,7.0,44.584300053765055
1,EV_B07_C021_Moto_Lineal_Electrica,7.0,95.52718745602161,-1.0,44.584300053765055
1,EV_B07_C021_Moto_Lineal_Electrica,6.0,95.52718745602161,-1.0,44.584300053765055
1,EV_B07_C021_Moto_Lineal_Electrica,5.0,95.52718745602161,-1.0,44.584300053765055
1,EV_B07_C021_Moto_Lineal_Electrica,4.0,95.52718745602161,-1.0,44.584300053765055
1,EV_B07_C021_Moto_Lineal_Electrica,3.0,95.52718745602161,-1.0,44.584300053765055
1,EV_B07_C021_Moto_Lineal_Electrica,2.0,95.52718745602161,-1.0,44.584300053765055
1,EV_B07_C021_Moto_Lineal_Electrica,1.0,95.52718745602161,-1.0,44.584300053765055
1,EV_B07_C021_Moto_Lineal_Electrica,0.0,95.52718745602161,-1.0,44.584300053765055
3,NONE,-1.0,-0.1,-1.0,-0.1
3,NONE,-1.0,-0.1,-1.0,-0.1
3,NONE,-1.0,-0.1,-1.0,-0.1
3,NONE,-1.0,-0.1,-1.0,-0.1
3,NONE,-1.0,-0.1,-1.0,-0.1
3,NONE,-1.0,-0.1,-1.0,-0.1
3,NONE,-1.0,-0.1,-1.0,-0.1
3,NONE,-1.0,-0.1,-1.0,-0.1
3,NONE,-1.0,-0.1,-1.0,-0.1
3,NONE,-1.0,-0.1,-1.0,-0.1
3,NONE,-1.0,-0.1,-1.0,-0.1
3,NONE,-1.0,-0.1,-1.0,-0.1
3,NONE,-1.0,-0.1,-1.0,-0.1
3,NONE,-1.0,-0.1,-1.0,-0.1
3,NONE,-1.0,-0.1,-1.0,-0.1
2,EV_B07_C021_Moto_Lineal_Electrica,-1.0,-0.1,7.0,28.967936438985497
1,EV_B07_C021_Moto_Lineal_Electrica,7.0,92.61077836167101,-1.0,28.967936438985497
1,EV_B07_C021_Moto_Lineal_Electrica,6.0,92.61077836167101,-1.0,28.967936438985497
1,EV_B07_C021_Moto_Lineal_Electrica,5.0,92.61077836167101,-1.0,28.967936438985497
1,EV_B07_C021_Moto_Lineal_Electrica,4.0,92.61077836167101,-1.0,28.967936438985497
1,EV_B07_C021_Moto_Lineal_Electrica,3.0,92.61077836167101,-1.0,28.967936438985497
1,EV_B07_C021_Moto_Lineal_Electrica,2.0,92.61077836167101,-1.0,28.967936438985497
1,EV_B07_C021_Moto_Lineal_Electrica,1.0,92.61077836167101,-1.0,28.967936438985497
1,EV_B07_C021_Moto_Lineal_Electrica,0.0,92.61077836167101,-1.0,28.967936438985497
3,NONE,-1.0,-0.1,-1.0,-0.1
3,NONE,-1.0,-0.1,-1.0,-0.1
3,NONE,-1.0,-0.1,-1.0,-0.1
3,NONE,-1.0,-0.1,-1.0,-0.1
3,NONE,-1.0,-0.1,-1.0,-0.1
3,NONE,-1.0,-0.1,-1.0,-0.1
3,NONE,-1.0,-0.1,-1.0,-0.1
3,NONE,-1.0,-0.1,-1.0,-0.1
3,NONE,-1.0,-0.1,-1.0,-0.1
3,NONE,-1.0,-0.1,-1.0,-0.1
3,NONE,-1.0,-0.1,-1.0,-0.1
3,NONE,-1.0,-0.1,-1.0,-0.1
3,NONE,-1.0,-0.1,-1.0,-0.1
3,NONE,-1.0,-0.1,-1.0,-0.1
3,NONE,-1.0,-0.1,-1.0,-0.1
3,NONE,-1.0,-0.1,-1.0,-0.1
3,NONE,-1.0,-0.1,-1.0,-0.1
3,NONE,-1.0,-0.1,-1.0,-0.1
3,NONE,-1.0,-0.1,-1.0,-0.1
3,NONE,-1.0,-0.1,-1.0,-0.1
3,NONE,-1.0,-0.1,-1.0,-0.1
3,NONE,-1.0,-0.1,-1.0,-0.1
3,NONE,-1.0,-0.1,-1.0,-0.1
3,NONE,-1.0,-0.1,-1.0,-0.1
3,NONE,-1.0,-0.1,-1.0,-0.1
3,NONE,-1.0,-0.1,-1.0,-0.1
3,NONE,-1.0,-0.1,-1.0,-0.1
3,NONE,-1.0,-0.1,-1.0,-0.1
3,NONE,-1.0,-0.1,-1.0,-0.1
3,NONE,-1.0,-0.1,-1.0,-0.1
3,NONE,-1.0,-0.1,-1.0,-0.1
3,NONE,-1.0,-0.1,-1.0,-0.1
3,NONE,-1.0,-0.1,-1.0,-0.1
3,NONE,-1.0,-0.1,-1.0,-0.1
3,NONE,-1.0,-0.1,-1.0,-0.1
3,NONE,-1.0,-0.1,-1.0,-0.1
3,NONE,-1.0,-0.1,-1.0,-0.1
3,NONE,-1.0,-0.1,-1.0,-0.1
3,NONE,-1.0,-0.1,-1.0,-0.1
2,EV_B07_C021_Moto_Lineal_Electrica,-1.0,-0.1,7.0,13.923374551444546
1,EV_B07_C021_Moto_Lineal_Electrica,7.0,88.74430356227329,-1.0,13.923374551444546
1,EV_B07_C021_Moto_Lineal_Electrica,6.0,88.74430356227329,-1.0,13.923374551444546
1,EV_B07_C021_Moto_Lineal_Electrica,5.0,88.74430356227329,-1.0,13.923374551444546
1,EV_B07_C021_Moto_Lineal_Electrica,4.0,88.74430356227329,-1.0,13.923374551444546
1,EV_B07_C021_Moto_Lineal_Electrica,3.0,88.74430356227329,-1.0,13.923374551444546
1,EV_B07_C021_Moto_Lineal_Electrica,2.0,88.74430356227329,-1.0,13.923374551444546
1,EV_B07_C021_Moto_Lineal_Electrica,1.0,88.74430356227329,-1.0,13.923374551444546
1,EV_B07_C021_Moto_Lineal_Electrica,0.0,88.74430356227329,-1.0,13.923374551444546
3,NONE,-1.0,-0.1,-1.0,-0.1
3,NONE,-1.0,-0.1,-1.0,-0.1
3,NONE,-1.0,-0.1,-1.0,-0.1
3,NONE,-1.0,-0.1,-1.0,-0.1
3,NONE,-1.0,-0.1,-1.0,-0.1
3,NONE,-1.0,-0.1,-1.0,-0.1
3,NONE,-1.0,-0.1,-1.0,-0.1
3,NONE,-1.0,-0.1,-1.0,-0.1
3,NONE,-1.0,-0.1,-1.0,-0.1
3,NONE,-1.0,-0.1,-1.0,-0.1
3,NONE,-1.0,-0.1,-1.0,-0.1
3,NONE,-1.0,-0.1,-1.0,-0.1
3,NONE,-1.0,-0.1,-1.0,-0.1
3,NONE,-1.0,-0.1,-1.0,-0.1
3,NONE,-1.0,-0.1,-1.0,-0.1
3,NONE,-1.0,-0.1,-1.0,-0.1
3,NONE,-1.0,-0.1,-1.0,-0.1
3,NONE,-1.0,-0.1,-1.0,-0.1
3,NONE,-1.0,-0.1,-1.0,-0.1
3,NONE,-1.0,-0.1,-1.0,-0.1
3,NONE,-1.0,-0.1,-1.0,-0.1
3,NONE,-1.0,-0.1,-1.0,-0.1
3,NONE,-1.0,-0.1,-1.0,-0.1
3,NONE,-1.0,-0.1,-1.0,-0.1
3,NONE,-1.0,-0.1,-1.0,-0.1
3,NONE,-1.0,-0.1,-1.0,-0.1
3,NONE,-1.0,-0.1,-1.0,-0.1
3,NONE,-1.0,-0.1,-1.0,-0.1
3,NONE,-1.0,-0.1,-1.0,-0.1
3,NONE,-1.0,-0.1,-1.0,-0.1
3,NONE,-1.0,-0.1,-1.0,-0.1
3,NONE,-1.0,-0.1,-1.0,-0.1
3,NONE,-1.0,-0.1,-1.0,-0.1
3,NONE,-1.0,-0.1,-1.0,-0.1
3,NONE,-1.0,-0.1,-1.0,-0.1
3,NONE,-1.0,-0.1,-1.0,-0.1
3,NONE,-1.0,-0.1,-1.0,-0.1
3,NONE,-1.0,-0.1,-1.0,-0.1
3,NONE,-1.0,-0.1,-1.0,-0.1
3,NONE,-1.0,-0.1,-1.0,-0.1
3,NONE,-1.0,-0.1,-1.0,-0.1
3,NONE,-1.0,-0.1,-1.0,-0.1
3,NONE,-1.0,-0.1,-1.0,-0.1
3,NONE,-1.0,-0.1,-1.0,-0.1
3,NONE,-1.0,-0.1,-1.0,-0.1
3,NONE,-1.0,-0.1,-1.0,-0.1
3,NONE,-1.0,-0.1,-1.0,-0.1
3,NONE,-1.0,-0.1,-1.0,-0.1
3,NONE,-1.0,-0.1,-1.0,-0.1
3,NONE,-1.0,-0.1,-1.0,-0.1
3,NONE,-1.0,-0.1,-1.0,-0.1
3,NONE,-1.0,-0.1,-1.0,-0.1
3,NONE,-1.0,-0.1,-1.0,-0.1
3,NONE,-1.0,-0.1,-1.0,-0.1
3,NONE,-1.0,-0.1,-1.0,-0.1
3,NONE,-1.0,-0.1,-1.0,-0.1
3,NONE,-1.0,-0.1,-1.0,-0.1
3,NONE,-1.0,-0.1,-1.0,-0.1
3,NONE,-1.0,-0.1,-1.0,-0.1
3,NONE,-1.0,-0.1,-1.0,-0.1
3,NONE,-1.0,-0.1,-1.0,-0.1
3,NONE,-1.0,-0.1,-1.0,-0.1
3,NONE,-1.0,-0.1,-1.0,-0.1
3,NONE,-1.0,-0.1,-1.0,-0.1
3,NONE,-1.0,-0.1,-1.0,-0.1
2,EV_B07_C021_Moto_Lineal_Electrica,-1.0,-0.1,9.0,23.991880175173243
1,EV_B07_C021_Moto_Lineal_Electrica,5.0,71.09704754521997,-1.0,23.991880175173243
1,EV_B07_C021_Moto_Lineal_Electrica,4.0,71.09704754521997,-1.0,23.991880175173243
1,EV_B07_C021_Moto_Lineal_Electrica,3.0,71.09704754521997,-1.0,23.991880175173243
1,EV_B07_C021_Moto_Lineal_Electrica,2.0,71.09704754521997,-1.0,23.991880175173243
1,EV_B07_C021_Moto_Lineal_Electrica,1.0,71.09704754521997,-1.0,23.991880175173243
1,EV_B07_C021_Moto_Lineal_Electrica,0.0,71.09704754521997,-1.0,23.991880175173243
3,NONE,-1.0,-0.1,-1.0,-0.1
3,NONE,-1.0,-0.1,-1.0,-0.1
3,NONE,-1.0,-0.1,-1.0,-0.1
3,NONE,-1.0,-0.1,-1.0,-0.1
3,NONE,-1.0,-0.1,-1.0,-0.1
3,NONE,-1.0,-0.1,-1.0,-0.1
3,NONE,-1.0,-0.1,-1.0,-0.1
3,NONE,-1.0,-0.1,-1.0,-0.1
3,NONE,-1.0,-0.1,-1.0,-0.1
3,NONE,-1.0,-0.1,-1.0,-0.1
3,NONE,-1.0,-0.1,-1.0,-0.1
3,NONE,-1.0,-0.1,-1.0,-0.1
3,NONE,-1.0,-0.1,-1.0,-0.1
3,NONE,-1.0,-0.1,-1.0,-0.1
3,NONE,-1.0,-0.1,-1.0,-0.1
2,EV_B07_C021_Moto_Lineal_Electrica,-1.0,-0.1,7.0,6.110985696574364
1,EV_B07_C021_Moto_Lineal_Electrica,7.0,85.91376664834347,-1.0,6.110985696574364
1,EV_B07_C021_Moto_Lineal_Electrica,6.0,85.91376664834347,-1.0,6.110985696574364
1,EV_B07_C021_Moto_Lineal_Electrica,5.0,85.91376664834347,-1.0,6.110985696574364
1,EV_B07_C021_Moto_Lineal_Electrica,4.0,85.91376664834347,-1.0,6.110985696574364
1,EV_B07_C021_Moto_Lineal_Electrica,3.0,85.91376664834347,-1.0,6.110985696574364
1,EV_B07_C021_Moto_Lineal_Electrica,2.0,85.91376664834347,-1.0,6.110985696574364
1,EV_B07_C021_Moto_Lineal_Electrica,1.0,85.91376664834347,-1.0,6.110985696574364
1,EV_B07_C021_Moto_Lineal_Electrica,0.0,85.91376664834347,-1.0,6.110985696574364
3,NONE,-1.0,-0.1,-1.0,-0.1
3,NONE,-1.0,-0.1,-1.0,-0.1
3,NONE,-1.0,-0.1,-1.0,-0.1
3,NONE,-1.0,-0.1,-1.0,-0.1
3,NONE,-1.0,-0.1,-1.0,-0.1
3,NONE,-1.0,-0.1,-1.0,-0.1
3,NONE,-1.0,-0.1,-1.0,-0.1
3,NONE,-1.0,-0.1,-1.0,-0.1
3,NONE,-1.0,-0.1,-1.0,-0.1
3,NONE,-1.0,-0.1,-1.0,-0.1
3,NONE,-1.0,-0.1,-1.0,-0.1
3,NONE,-1.0,-0.1,-1.0,-0.1
3,NONE,-1.0,-0.1,-1.0,-0.1
3,NONE,-1.0,-0.1,-1.0,-0.1
3,NONE,-1.0,-0.1,-1.0,-0.1
3,NONE,-1.0,-0.1,-1.0,-0.1
3,NONE,-1.0,-0.1,-1.0,-0.1
2,EV_B07_C021_Moto_Lineal_Electrica,-1.0,-0.1,9.0,28.505987223734728
1,EV_B07_C021_Moto_Lineal_Electrica,5.0,82.90707028892727,-1.0,28.505987223734728
1,EV_B07_C021_Moto_Lineal_Electrica,4.0,82.90707028892727,-1.0,28.505987223734728
1,EV_B07_C021_Moto_Lineal_Electrica,3.0,82.90707028892727,-1.0,28.505987223734728
1,EV_B07_C021_Moto_Lineal_Electrica,2.0,82.90707028892727,-1.0,28.505987223734728
1,EV_B07_C021_Moto_Lineal_Electrica,1.0,82.90707028892727,-1.0,28.505987223734728
1,EV_B07_C021_Moto_Lineal_Electrica,0.0,82.90707028892727,-1.0,28.505987223734728
3,NONE,-1.0,-0.1,-1.0,-0.1
3,NONE,-1.0,-0.1,-1.0,-0.1
3,NONE,-1.0,-0.1,-1.0,-0.1
3,NONE,-1.0,-0.1,-1.0,-0.1
3,NONE,-1.0,-0.1,-1.0,-0.1
3,NONE,-1.0,-0.1,-1.0,-0.1
3,NONE,-1.0,-0.1,-1.0,-0.1
3,NONE,-1.0,-0.1,-1.0,-0.1
3,NONE,-1.0,-0.1,-1.0,-0.1
3,NONE,-1.0,-0.1,-1.0,-0.1
3,NONE,-1.0,-0.1,-1.0,-0.1
3,NONE,-1.0,-0.1,-1.0,-0.1
3,NONE,-1.0,-0.1,-1.0,-0.1
3,NONE,-1.0,-0.1,-1.0,-0.1
3,NONE,-1.0,-0.1,-1.0,-0.1
2,EV_B07_C021_Moto_Lineal_Electrica,-1.0,-0.1,7.0,39.39913722364845
1,EV_B07_C021_Moto_Lineal_Electrica,7.0,80.38639940299069,-1.0,39.39913722364845
1,EV_B07_C021_Moto_Lineal_Electrica,6.0,80.38639940299069,-1.0,39.39913722364845
1,EV_B07_C021_Moto_Lineal_Electrica,5.0,80.38639940299069,-1.0,39.39913722364845
1,EV_B07_C021_Moto_Lineal_Electrica,4.0,80.38639940299069,-1.0,39.39913722364845
1,EV_B07_C021_Moto_Lineal_Electrica,3.0,80.38639940299069,-1.0,39.39913722364845
1,EV_B07_C021_Moto_Lineal_Electrica,2.0,80.38639940299069,-1.0,39.39913722364845
1,EV_B07_C021_Moto_Lineal_Electrica,1.0,80.38639940299069,-1.0,39.39913722364845
1,EV_B07_C021_Moto_Lineal_Electrica,0.0,80.38639940299069,-1.0,39.39913722364845
3,NONE,-1.0,-0.1,-1.0,-0.1
3,NONE,-1.0,-0.1,-1.0,-0.1
3,NONE,-1.0,-0.1,-1.0,-0.1
3,NONE,-1.0,-0.1,-1.0,-0.1
3,NONE,-1.0,-0.1,-1.0,-0.1
3,NONE,-1.0,-0.1,-1.0,-0.1
3,NONE,-1.0,-0.1,-1.0,-0.1
3,NONE,-1.0,-0.1,-1.0,-0.1
3,NONE,-1.0,-0.1,-1.0,-0.1
3,NONE,-1.0,-0.1,-1.0,-0.1
3,NONE,-1.0,-0.1,-1.0,-0.1
3,NONE,-1.0,-0.1,-1.0,-0.1
3,NONE,-1.0,-0.1,-1.0,-0.1
3,NONE,-1.0,-0.1,-1.0,-0.1
3,NONE,-1.0,-0.1,-1.0,-0.1
3,NONE,-1.0,-0.1,-1.0,-0.1
3,NONE,-1.0,-0.1,-1.0,-0.1
3,NONE,-1.0,-0.1,-1.0,-0.1
3,NONE,-1.0,-0.1,-1.0,-0.1
3,NONE,-1.0,-0.1,-1.0,-0.1
3,NONE,-1.0,-0.1,-1.0,-0.1
3,NONE,-1.0,-0.1,-1.0,-0.1
3,NONE,-1.0,-0.1,-1.0,-0.1
3,NONE,-1.0,-0.1,-1.0,-0.1
3,NONE,-1.0,-0.1,-1.0,-0.1
3,NONE,-1.0,-0.1,-1.0,-0.1
3,NONE,-1.0,-0.1,-1.0,-0.1
3,NONE,-1.0,-0.1,-1.0,-0.1
3,NONE,-1.0,-0.1,-1.0,-0.1
3,NONE,-1.0,-0.1,-1.0,-0.1
3,NONE,-1.0,-0.1,-1.0,-0.1
3,NONE,-1.0,-0.1,-1.0,-0.1
3,NONE,-1.0,-0.1,-1.0,-0.1
3,NONE,-1.0,-0.1,-1.0,-0.1
3,NONE,-1.0,-0.1,-1.0,-0.1
3,NONE,-1.0,-0.1,-1.0,-0.1
3,NONE,-1.0,-0.1,-1.0,-0.1
3,NONE,-1.0,-0.1,-1.0,-0.1
3,NONE,-1.0,-0.1,-1.0,-0.1
3,NONE,-1.0,-0.1,-1.0,-0.1
3,NONE,-1.0,-0.1,-1.0,-0.1
3,NONE,-1.0,-0.1,-1.0,-0.1
3,NONE,-1.0,-0.1,-1.0,-0.1
3,NONE,-1.0,-0.1,-1.0,-0.1
3,NONE,-1.0,-0.1,-1.0,-0.1
3,NONE,-1.0,-0.1,-1.0,-0.1
3,NONE,-1.0,-0.1,-1.0,-0.1
3,NONE,-1.0,-0.1,-1.0,-0.1
3,NONE,-1.0,-0.1,-1.0,-0.1
3,NONE,-1.0,-0.1,-1.0,-0.1
3,NONE,-1.0,-0.1,-1.0,-0.1
3,NONE,-1.0,-0.1,-1.0,-0.1
3,NONE,-1.0,-0.1,-1.0,-0.1
3,NONE,-1.0,-0.1,-1.0,-0.1
3,NONE,-1.0,-0.1,-1.0,-0.1
3,NONE,-1.0,-0.1,-1.0,-0.1
3,NONE,-1.0,-0.1,-1.0,-0.1
3,NONE,-1.0,-0.1,-1.0,-0.1
3,NONE,-1.0,-0.1,-1.0,-0.1
3,NONE,-1.0,-0.1,-1.0,-0.1
3,NONE,-1.0,-0.1,-1.0,-0.1
3,NONE,-1.0,-0.1,-1.0,-0.1
3,NONE,-1.0,-0.1,-1.0,-0.1
3,NONE,-1.0,-0.1,-1.0,-0.1
3,NONE,-1.0,-0.1,-1.0,-0.1
3,NONE,-1.0,-0.1,-1.0,-0.1
3,NONE,-1.0,-0.1,-1.0,-0.1
3,NONE,-1.0,-0.1,-1.0,-0.1
3,NONE,-1.0,-0.1,-1.0,-0.1
3,NONE,-1.0,-0.1,-1.0,-0.1
3,NONE,-1.0,-0.1,-1.0,-0.1
3,NONE,-1.0,-0.1,-1.0,-0.1
3,NONE,-1.0,-0.1,-1.0,-0.1
3,NONE,-1.0,-0.1,-1.0,-0.1
3,NONE,-1.0,-0.1,-1.0,-0.1
3,NONE,-1.0,-0.1,-1.0,-0.1
3,NONE,-1.0,-0.1,-1.0,-0.1
3,NONE,-1.0,-0.1,-1.0,-0.1
3,NONE,-1.0,-0.1,-1.0,-0.1
3,NONE,-1.0,-0.1,-1.0,-0.1
3,NONE,-1.0,-0.1,-1.0,-0.1
3,NONE,-1.0,-0.1,-1.0,-0.1
3,NONE,-1.0,-0.1,-1.0,-0.1
3,NONE,-1.0,-0.1,-1.0,-0.1
3,NONE,-1.0,-0.1,-1.0,-0.1
3,NONE,-1.0,-0.1,-1.0,-0.1
3,NONE,-1.0,-0.1,-1.0,-0.1
3,NONE,-1.0,-0.1,-1.0,-0.1
3,NONE,-1.0,-0.1,-1.0,-0.1
3,NONE,-1.0,-0.1,-1.0,-0.1
3,NONE,-1.0,-0.1,-1.0,-0.1
3,NONE,-1.0,-0.1,-1.0,-0.1
3,NONE,-1.0,-0.1,-1.0,-0.1
3,NONE,-1.0,-0.1,-1.0,-0.1
3,NONE,-1.0,-0.1,-1.0,-0.1
3,NONE,-1.0,-0.1,-1.0,-0.1
3,NONE,-1.0,-0.1,-1.0,-0.1
3,NONE,-1.0,-0.1,-1.0,-0.1
3,NONE,-1.0,-0.1,-1.0,-0.1
3,NONE,-1.0,-0.1,-1.0,-0.1
3,NONE,-1.0,-0.1,-1.0,-0.1
3,NONE,-1.0,-0.1,-1.0,-0.1
3,NONE,-1.0,-0.1,-1.0,-0.1
3,NONE,-1.0,-0.1,-1.0,-0.1
3,NONE,-1.0,-0.1,-1.0,-0.1
3,NONE,-1.0,-0.1,-1.0,-0.1
3,NONE,-1.0,-0.1,-1.0,-0.1
3,NONE,-1.0,-0.1,-1.0,-0.1
3,NONE,-1.0,-0.1,-1.0,-0.1
3,NONE,-1.0,-0.1,-1.0,-0.1
3,NONE,-1.0,-0.1,-1.0,-0.1
3,NONE,-1.0,-0.1,-1.0,-0.1
2,EV_B07_C021_Moto_Lineal_Electrica,-1.0,-0.1,8.0,20.726422030657133
1,EV_B07_C021_Moto_Lineal_Electrica,6.0,88.03815007623182,-1.0,20.726422030657133
1,EV_B07_C021_Moto_Lineal_Electrica,5.0,88.03815007623182,-1.0,20.726422030657133
1,EV_B07_C021_Moto_Lineal_Electrica,4.0,88.03815007623182,-1.0,20.726422030657133
1,EV_B07_C021_Moto_Lineal_Electrica,3.0,88.03815007623182,-1.0,20.726422030657133
1,EV_B07_C021_Moto_Lineal_Electrica,2.0,88.03815007623182,-1.0,20.726422030657133
1,EV_B07_C021_Moto_Lineal_Electrica,1.0,88.03815007623182,-1.0,20.726422030657133
1,EV_B07_C021_Moto_Lineal_Electrica,0.0,88.03815007623182,-1.0,20.726422030657133
3,NONE,-1.0,-0.1,-1.0,-0.1
3,NONE,-1.0,-0.1,-1.0,-0.1
3,NONE,-1.0,-0.1,-1.0,-0.1
3,NONE,-1.0,-0.1,-1.0,-0.1
3,NONE,-1.0,-0.1,-1.0,-0.1
3,NONE,-1.0,-0.1,-1.0,-0.1
3,NONE,-1.0,-0.1,-1.0,-0.1
3,NONE,-1.0,-0.1,-1.0,-0.1
3,NONE,-1.0,-0.1,-1.0,-0.1
3,NONE,-1.0,-0.1,-1.0,-0.1
3,NONE,-1.0,-0.1,-1.0,-0.1
3,NONE,-1.0,-0.1,-1.0,-0.1
3,NONE,-1.0,-0.1,-1.0,-0.1
3,NONE,-1.0,-0.1,-1.0,-0.1
3,NONE,-1.0,-0.1,-1.0,-0.1
2,EV_B07_C021_Moto_Lineal_Electrica,-1.0,-0.1,7.0,22.356897355121497
1,EV_B07_C021_Moto_Lineal_Electrica,7.0,83.52464789382748,-1.0,22.356897355121497
1,EV_B07_C021_Moto_Lineal_Electrica,6.0,83.52464789382748,-1.0,22.356897355121497
1,EV_B07_C021_Moto_Lineal_Electrica,5.0,83.52464789382748,-1.0,22.356897355121497
1,EV_B07_C021_Moto_Lineal_Electrica,4.0,83.52464789382748,-1.0,22.356897355121497
1,EV_B07_C021_Moto_Lineal_Electrica,3.0,83.52464789382748,-1.0,22.356897355121497
1,EV_B07_C021_Moto_Lineal_Electrica,2.0,83.52464789382748,-1.0,22.356897355121497
1,EV_B07_C021_Moto_Lineal_Electrica,1.0,83.52464789382748,-1.0,22.356897355121497
1,EV_B07_C021_Moto_Lineal_Electrica,0.0,83.52464789382748,-1.0,22.356897355121497
3,NONE,-1.0,-0.1,-1.0,-0.1
3,NONE,-1.0,-0.1,-1.0,-0.1
3,NONE,-1.0,-0.1,-1.0,-0.1
3,NONE,-1.0,-0.1,-1.0,-0.1
3,NONE,-1.0,-0.1,-1.0,-0.1
3,NONE,-1.0,-0.1,-1.0,-0.1
3,NONE,-1.0,-0.1,-1.0,-0.1
3,NONE,-1.0,-0.1,-1.0,-0.1
3,NONE,-1.0,-0.1,-1.0,-0.1
3,NONE,-1.0,-0.1,-1.0,-0.1
3,NONE,-1.0,-0.1,-1.0,-0.1
3,NONE,-1.0,-0.1,-1.0,-0.1
3,NONE,-1.0,-0.1,-1.0,-0.1
3,NONE,-1.0,-0.1,-1.0,-0.1
3,NONE,-1.0,-0.1,-1.0,-0.1
2,EV_B07_C021_Moto_Lineal_Electrica,-1.0,-0.1,7.0,42.28001464176397
1,EV_B07_C021_Moto_Lineal_Electrica,7.0,84.64289150345492,-1.0,42.28001464176397
1,EV_B07_C021_Moto_Lineal_Electrica,6.0,84.64289150345492,-1.0,42.28001464176397
1,EV_B07_C021_Moto_Lineal_Electrica,5.0,84.64289150345492,-1.0,42.28001464176397
1,EV_B07_C021_Moto_Lineal_Electrica,4.0,84.64289150345492,-1.0,42.28001464176397
1,EV_B07_C021_Moto_Lineal_Electrica,3.0,84.64289150345492,-1.0,42.28001464176397
1,EV_B07_C021_Moto_Lineal_Electrica,2.0,84.64289150345492,-1.0,42.28001464176397
1,EV_B07_C021_Moto_Lineal_Electrica,1.0,84.64289150345492,-1.0,42.28001464176397
1,EV_B07_C021_Moto_Lineal_Electrica,0.0,84.64289150345492,-1.0,42.28001464176397
3,NONE,-1.0,-0.1,-1.0,-0.1
3,NONE,-1.0,-0.1,-1.0,-0.1
3,NONE,-1.0,-0.1,-1.0,-0.1
3,NONE,-1.0,-0.1,-1.0,-0.1
3,NONE,-1.0,-0.1,-1.0,-0.1
3,NONE,-1.0,-0.1,-1.0,-0.1
3,NONE,-1.0,-0.1,-1.0,-0.1
3,NONE,-1.0,-0.1,-1.0,-0.1
3,NONE,-1.0,-0.1,-1.0,-0.1
3,NONE,-1.0,-0.1,-1.0,-0.1
3,NONE,-1.0,-0.1,-1.0,-0.1
3,NONE,-1.0,-0.1,-1.0,-0.1
3,NONE,-1.0,-0.1,-1.0,-0.1
3,NONE,-1.0,-0.1,-1.0,-0.1
3,NONE,-1.0,-0.1,-1.0,-0.1
2,EV_B07_C021_Moto_Lineal_Electrica,-1.0,-0.1,7.0,27.676003675398007
1,EV_B07_C021_Moto_Lineal_Electrica,7.0,83.93975151957325,-1.0,27.676003675398007
1,EV_B07_C021_Moto_Lineal_Electrica,6.0,83.93975151957325,-1.0,27.676003675398007
1,EV_B07_C021_Moto_Lineal_Electrica,5.0,83.93975151957325,-1.0,27.676003675398007
1,EV_B07_C021_Moto_Lineal_Electrica,4.0,83.93975151957325,-1.0,27.676003675398007
1,EV_B07_C021_Moto_Lineal_Electrica,3.0,83.93975151957325,-1.0,27.676003675398007
1,EV_B07_C021_Moto_Lineal_Electrica,2.0,83.93975151957325,-1.0,27.676003675398007
1,EV_B07_C021_Moto_Lineal_Electrica,1.0,83.93975151957325,-1.0,27.676003675398007
1,EV_B07_C021_Moto_Lineal_Electrica,0.0,83.93975151957325,-1.0,27.676003675398007
3,NONE,-1.0,-0.1,-1.0,-0.1
3,NONE,-1.0,-0.1,-1.0,-0.1
3,NONE,-1.0,-0.1,-1.0,-0.1
3,NONE,-1.0,-0.1,-1.0,-0.1
3,NONE,-1.0,-0.1,-1.0,-0.1
3,NONE,-1.0,-0.1,-1.0,-0.1
3,NONE,-1.0,-0.1,-1.0,-0.1
3,NONE,-1.0,-0.1,-1.0,-0.1
3,NONE,-1.0,-0.1,-1.0,-0.1
3,NONE,-1.0,-0.1,-1.0,-0.1
3,NONE,-1.0,-0.1,-1.0,-0.1
3,NONE,-1.0,-0.1,-1.0,-0.1
3,NONE,-1.0,-0.1,-1.0,-0.1
3,NONE,-1.0,-0.1,-1.0,-0.1
3,NONE,-1.0,-0.1,-1.0,-0.1
3,NONE,-1.0,-0.1,-1.0,-0.1
3,NONE,-1.0,-0.1,-1.0,-0.1
3,NONE,-1.0,-0.1,-1.0,-0.1
3,NONE,-1.0,-0.1,-1.0,-0.1
3,NONE,-1.0,-0.1,-1.0,-0.1
3,NONE,-1.0,-0.1,-1.0,-0.1
3,NONE,-1.0,-0.1,-1.0,-0.1
3,NONE,-1.0,-0.1,-1.0,-0.1
3,NONE,-1.0,-0.1,-1.0,-0.1
3,NONE,-1.0,-0.1,-1.0,-0.1
3,NONE,-1.0,-0.1,-1.0,-0.1
3,NONE,-1.0,-0.1,-1.0,-0.1
3,NONE,-1.0,-0.1,-1.0,-0.1
3,NONE,-1.0,-0.1,-1.0,-0.1
3,NONE,-1.0,-0.1,-1.0,-0.1
3,NONE,-1.0,-0.1,-1.0,-0.1
3,NONE,-1.0,-0.1,-1.0,-0.1
3,NONE,-1.0,-0.1,-1.0,-0.1
3,NONE,-1.0,-0.1,-1.0,-0.1
3,NONE,-1.0,-0.1,-1.0,-0.1
3,NONE,-1.0,-0.1,-1.0,-0.1
3,NONE,-1.0,-0.1,-1.0,-0.1
3,NONE,-1.0,-0.1,-1.0,-0.1
3,NONE,-1.0,-0.1,-1.0,-0.1
3,NONE,-1.0,-0.1,-1.0,-0.1
3,NONE,-1.0,-0.1,-1.0,-0.1
3,NONE,-1.0,-0.1,-1.0,-0.1
3,NONE,-1.0,-0.1,-1.0,-0.1
3,NONE,-1.0,-0.1,-1.0,-0.1
3,NONE,-1.0,-0.1,-1.0,-0.1
3,NONE,-1.0,-0.1,-1.0,-0.1
3,NONE,-1.0,-0.1,-1.0,-0.1
3,NONE,-1.0,-0.1,-1.0,-0.1
3,NONE,-1.0,-0.1,-1.0,-0.1
3,NONE,-1.0,-0.1,-1.0,-0.1
3,NONE,-1.0,-0.1,-1.0,-0.1
3,NONE,-1.0,-0.1,-1.0,-0.1
3,NONE,-1.0,-0.1,-1.0,-0.1
3,NONE,-1.0,-0.1,-1.0,-0.1
3,NONE,-1.0,-0.1,-1.0,-0.1
3,NONE,-1.0,-0.1,-1.0,-0.1
3,NONE,-1.0,-0.1,-1.0,-0.1
3,NONE,-1.0,-0.1,-1.0,-0.1
3,NONE,-1.0,-0.1,-1.0,-0.1
3,NONE,-1.0,-0.1,-1.0,-0.1
3,NONE,-1.0,-0.1,-1.0,-0.1
3,NONE,-1.0,-0.1,-1.0,-0.1
3,NONE,-1.0,-0.1,-1.0,-0.1
2,EV_B07_C021_Moto_Lineal_Electrica,-1.0,-0.1,7.0,54.828792704511855
1,EV_B07_C021_Moto_Lineal_Electrica,7.0,84.89124143079684,-1.0,54.828792704511855
1,EV_B07_C021_Moto_Lineal_Electrica,6.0,84.89124143079684,-1.0,54.828792704511855
1,EV_B07_C021_Moto_Lineal_Electrica,5.0,84.89124143079684,-1.0,54.828792704511855
1,EV_B07_C021_Moto_Lineal_Electrica,4.0,84.89124143079684,-1.0,54.828792704511855
1,EV_B07_C021_Moto_Lineal_Electrica,3.0,84.89124143079684,-1.0,54.828792704511855
1,EV_B07_C021_Moto_Lineal_Electrica,2.0,84.89124143079684,-1.0,54.828792704511855
1,EV_B07_C021_Moto_Lineal_Electrica,1.0,84.89124143079684,-1.0,54.828792704511855
1,EV_B07_C021_Moto_Lineal_Electrica,0.0,84.89124143079684,-1.0,54.828792704511855
3,NONE,-1.0,-0.1,-1.0,-0.1
3,NONE,-1.0,-0.1,-1.0,-0.1
3,NONE,-1.0,-0.1,-1.0,-0.1
3,NONE,-1.0,-0.1,-1.0,-0.1
3,NONE,-1.0,-0.1,-1.0,-0.1
3,NONE,-1.0,-0.1,-1.0,-0.1
3,NONE,-1.0,-0.1,-1.0,-0.1
3,NONE,-1.0,-0.1,-1.0,-0.1
3,NONE,-1.0,-0.1,-1.0,-0.1
3,NONE,-1.0,-0.1,-1.0,-0.1
3,NONE,-1.0,-0.1,-1.0,-0.1
3,NONE,-1.0,-0.1,-1.0,-0.1
3,NONE,-1.0,-0.1,-1.0,-0.1
3,NONE,-1.0,-0.1,-1.0,-0.1
3,NONE,-1.0,-0.1,-1.0,-0.1
2,EV_B07_C021_Moto_Lineal_Electrica,-1.0,-0.1,7.0,43.46981769290635
1,EV_B07_C021_Moto_Lineal_Electrica,7.0,81.93137667240441,-1.0,43.46981769290635
1,EV_B07_C021_Moto_Lineal_Electrica,6.0,81.93137667240441,-1.0,43.46981769290635
1,EV_B07_C021_Moto_Lineal_Electrica,5.0,81.93137667240441,-1.0,43.46981769290635
1,EV_B07_C021_Moto_Lineal_Electrica,4.0,81.93137667240441,-1.0,43.46981769290635
1,EV_B07_C021_Moto_Lineal_Electrica,3.0,81.93137667240441,-1.0,43.46981769290635
1,EV_B07_C021_Moto_Lineal_Electrica,2.0,81.93137667240441,-1.0,43.46981769290635
1,EV_B07_C021_Moto_Lineal_Electrica,1.0,81.93137667240441,-1.0,43.46981769290635
1,EV_B07_C021_Moto_Lineal_Electrica,0.0,81.93137667240441,-1.0,43.46981769290635
3,NONE,-1.0,-0.1,-1.0,-0.1
3,NONE,-1.0,-0.1,-1.0,-0.1
3,NONE,-1.0,-0.1,-1.0,-0.1
3,NONE,-1.0,-0.1,-1.0,-0.1
3,NONE,-1.0,-0.1,-1.0,-0.1
3,NONE,-1.0,-0.1,-1.0,-0.1
3,NONE,-1.0,-0.1,-1.0,-0.1
3,NONE,-1.0,-0.1,-1.0,-0.1
3,NONE,-1.0,-0.1,-1.0,-0.1
3,NONE,-1.0,-0.1,-1.0,-0.1
3,NONE,-1.0,-0.1,-1.0,-0.1
3,NONE,-1.0,-0.1,-1.0,-0.1
3,NONE,-1.0,-0.1,-1.0,-0.1
3,NONE,-1.0,-0.1,-1.0,-0.1
3,NONE,-1.0,-0.1,-1.0,-0.1
2,EV_B07_C021_Moto_Lineal_Electrica,-1.0,-0.1,7.0,36.16020601190696
1,EV_B07_C021_Moto_Lineal_Electrica,7.0,89.1090533685489,-1.0,36.16020601190696
1,EV_B07_C021_Moto_Lineal_Electrica,6.0,89.1090533685489,-1.0,36.16020601190696
1,EV_B07_C021_Moto_Lineal_Electrica,5.0,89.1090533685489,-1.0,36.16020601190696
1,EV_B07_C021_Moto_Lineal_Electrica,4.0,89.1090533685489,-1.0,36.16020601190696
1,EV_B07_C021_Moto_Lineal_Electrica,3.0,89.1090533685489,-1.0,36.16020601190696
1,EV_B07_C021_Moto_Lineal_Electrica,2.0,89.1090533685489,-1.0,36.16020601190696
1,EV_B07_C021_Moto_Lineal_Electrica,1.0,89.1090533685489,-1.0,36.16020601190696
1,EV_B07_C021_Moto_Lineal_Electrica,0.0,89.1090533685489,-1.0,36.16020601190696
3,NONE,-1.0,-0.1,-1.0,-0.1
3,NONE,-1.0,-0.1,-1.0,-0.1
3,NONE,-1.0,-0.1,-1.0,-0.1
3,NONE,-1.0,-0.1,-1.0,-0.1
3,NONE,-1.0,-0.1,-1.0,-0.1
3,NONE,-1.0,-0.1,-1.0,-0.1
3,NONE,-1.0,-0.1,-1.0,-0.1
3,NONE,-1.0,-0.1,-1.0,-0.1
3,NONE,-1.0,-0.1,-1.0,-0.1
3,NONE,-1.0,-0.1,-1.0,-0.1
3,NONE,-1.0,-0.1,-1.0,-0.1
3,NONE,-1.0,-0.1,-1.0,-0.1
3,NONE,-1.0,-0.1,-1.0,-0.1
3,NONE,-1.0,-0.1,-1.0,-0.1
3,NONE,-1.0,-0.1,-1.0,-0.1
3,NONE,-1.0,-0.1,-1.0,-0.1
2,EV_B07_C021_Moto_Lineal_Electrica,-1.0,-0.1,8.0,20.684339471653708
1,EV_B07_C021_Moto_Lineal_Electrica,6.0,94.704129243137,-1.0,20.684339471653708
1,EV_B07_C021_Moto_Lineal_Electrica,5.0,94.704129243137,-1.0,20.684339471653708
1,EV_B07_C021_Moto_Lineal_Electrica,4.0,94.704129243137,-1.0,20.684339471653708
1,EV_B07_C021_Moto_Lineal_Electrica,3.0,94.704129243137,-1.0,20.684339471653708
1,EV_B07_C021_Moto_Lineal_Electrica,2.0,94.704129243137,-1.0,20.684339471653708
1,EV_B07_C021_Moto_Lineal_Electrica,1.0,94.704129243137,-1.0,20.684339471653708
1,EV_B07_C021_Moto_Lineal_Electrica,0.0,94.704129243137,-1.0,20.684339471653708
3,NONE,-1.0,-0.1,-1.0,-0.1
3,NONE,-1.0,-0.1,-1.0,-0.1
3,NONE,-1.0,-0.1,-1.0,-0.1
3,NONE,-1.0,-0.1,-1.0,-0.1
3,NONE,-1.0,-0.1,-1.0,-0.1
3,NONE,-1.0,-0.1,-1.0,-0.1
3,NONE,-1.0,-0.1,-1.0,-0.1
3,NONE,-1.0,-0.1,-1.0,-0.1
3,NONE,-1.0,-0.1,-1.0,-0.1
3,NONE,-1.0,-0.1,-1.0,-0.1
3,NONE,-1.0,-0.1,-1.0,-0.1
3,NONE,-1.0,-0.1,-1.0,-0.1
3,NONE,-1.0,-0.1,-1.0,-0.1
3,NONE,-1.0,-0.1,-1.0,-0.1
3,NONE,-1.0,-0.1,-1.0,-0.1
3,NONE,-1.0,-0.1,-1.0,-0.1
3,NONE,-1.0,-0.1,-1.0,-0.1
2,EV_B07_C021_Moto_Lineal_Electrica,-1.0,-0.1,9.0,60.40665671997772
1,EV_B07_C021_Moto_Lineal_Electrica,5.0,87.1326513148475,-1.0,60.40665671997772
1,EV_B07_C021_Moto_Lineal_Electrica,4.0,87.1326513148475,-1.0,60.40665671997772
1,EV_B07_C021_Moto_Lineal_Electrica,3.0,87.1326513148475,-1.0,60.40665671997772
1,EV_B07_C021_Moto_Lineal_Electrica,2.0,87.1326513148475,-1.0,60.40665671997772
1,EV_B07_C021_Moto_Lineal_Electrica,1.0,87.1326513148475,-1.0,60.40665671997772
1,EV_B07_C021_Moto_Lineal_Electrica,0.0,87.1326513148475,-1.0,60.40665671997772
3,NONE,-1.0,-0.1,-1.0,-0.1
3,NONE,-1.0,-0.1,-1.0,-0.1
3,NONE,-1.0,-0.1,-1.0,-0.1
3,NONE,-1.0,-0.1,-1.0,-0.1
3,NONE,-1.0,-0.1,-1.0,-0.1
3,NONE,-1.0,-0.1,-1.0,-0.1
3,NONE,-1.0,-0.1,-1.0,-0.1
3,NONE,-1.0,-0.1,-1.0,-0.1
3,NONE,-1.0,-0.1,-1.0,-0.1
3,NONE,-1.0,-0.1,-1.0,-0.1
3,NONE,-1.0,-0.1,-1.0,-0.1
3,NONE,-1.0,-0.1,-1.0,-0.1
3,NONE,-1.0,-0.1,-1.0,-0.1
3,NONE,-1.0,-0.1,-1.0,-0.1
3,NONE,-1.0,-0.1,-1.0,-0.1
3,NONE,-1.0,-0.1,-1.0,-0.1
3,NONE,-1.0,-0.1,-1.0,-0.1
3,NONE,-1.0,-0.1,-1.0,-0.1
3,NONE,-1.0,-0.1,-1.0,-0.1
3,NONE,-1.0,-0.1,-1.0,-0.1
3,NONE,-1.0,-0.1,-1.0,-0.1
3,NONE,-1.0,-0.1,-1.0,-0.1
3,NONE,-1.0,-0.1,-1.0,-0.1
3,NONE,-1.0,-0.1,-1.0,-0.1
3,NONE,-1.0,-0.1,-1.0,-0.1
3,NONE,-1.0,-0.1,-1.0,-0.1
3,NONE,-1.0,-0.1,-1.0,-0.1
3,NONE,-1.0,-0.1,-1.0,-0.1
3,NONE,-1.0,-0.1,-1.0,-0.1
3,NONE,-1.0,-0.1,-1.0,-0.1
3,NONE,-1.0,-0.1,-1.0,-0.1
3,NONE,-1.0,-0.1,-1.0,-0.1
3,NONE,-1.0,-0.1,-1.0,-0.1
3,NONE,-1.0,-0.1,-1.0,-0.1
3,NONE,-1.0,-0.1,-1.0,-0.1
3,NONE,-1.0,-0.1,-1.0,-0.1
3,NONE,-1.0,-0.1,-1.0,-0.1
3,NONE,-1.0,-0.1,-1.0,-0.1
3,NONE,-1.0,-0.1,-1.0,-0.1
3,NONE,-1.0,-0.1,-1.0,-0.1
3,NONE,-1.0,-0.1,-1.0,-0.1
3,NONE,-1.0,-0.1,-1.0,-0.1
3,NONE,-1.0,-0.1,-1.0,-0.1
3,NONE,-1.0,-0.1,-1.0,-0.1
3,NONE,-1.0,-0.1,-1.0,-0.1
3,NONE,-1.0,-0.1,-1.0,-0.1
3,NONE,-1.0,-0.1,-1.0,-0.1
3,NONE,-1.0,-0.1,-1.0,-0.1
3,NONE,-1.0,-0.1,-1.0,-0.1
3,NONE,-1.0,-0.1,-1.0,-0.1
3,NONE,-1.0,-0.1,-1.0,-0.1
3,NONE,-1.0,-0.1,-1.0,-0.1
3,NONE,-1.0,-0.1,-1.0,-0.1
3,NONE,-1.0,-0.1,-1.0,-0.1
3,NONE,-1.0,-0.1,-1.0,-0.1
3,NONE,-1.0,-0.1,-1.0,-0.1
3,NONE,-1.0,-0.1,-1.0,-0.1
3,NONE,-1.0,-0.1,-1.0,-0.1
3,NONE,-1.0,-0.1,-1.0,-0.1
3,NONE,-1.0,-0.1,-1.0,-0.1
3,NONE,-1.0,-0.1,-1.0,-0.1
3,NONE,-1.0,-0.1,-1.0,-0.1
3,NONE,-1.0,-0.1,-1.0,-0.1
3,NONE,-1.0,-0.1,-1.0,-0.1
2,EV_B07_C021_Moto_Lineal_Electrica,-1.0,-0.1,8.0,25.54509469871674
1,EV_B07_C021_Moto_Lineal_Electrica,6.0,85.11703406840964,-1.0,25.54509469871674
1,EV_B07_C021_Moto_Lineal_Electrica,5.0,85.11703406840964,-1.0,25.54509469871674
1,EV_B07_C021_Moto_Lineal_Electrica,4.0,85.11703406840964,-1.0,25.54509469871674
1,EV_B07_C021_Moto_Lineal_Electrica,3.0,85.11703406840964,-1.0,25.54509469871674
1,EV_B07_C021_Moto_Lineal_Electrica,2.0,85.11703406840964,-1.0,25.54509469871674
1,EV_B07_C021_Moto_Lineal_Electrica,1.0,85.11703406840964,-1.0,25.54509469871674
1,EV_B07_C021_Moto_Lineal_Electrica,0.0,85.11703406840964,-1.0,25.54509469871674
3,NONE,-1.0,-0.1,-1.0,-0.1
3,NONE,-1.0,-0.1,-1.0,-0.1
3,NONE,-1.0,-0.1,-1.0,-0.1
3,NONE,-1.0,-0.1,-1.0,-0.1
3,NONE,-1.0,-0.1,-1.0,-0.1
3,NONE,-1.0,-0.1,-1.0,-0.1
3,NONE,-1.0,-0.1,-1.0,-0.1
3,NONE,-1.0,-0.1,-1.0,-0.1
3,NONE,-1.0,-0.1,-1.0,-0.1
3,NONE,-1.0,-0.1,-1.0,-0.1
3,NONE,-1.0,-0.1,-1.0,-0.1
3,NONE,-1.0,-0.1,-1.0,-0.1
3,NONE,-1.0,-0.1,-1.0,-0.1
3,NONE,-1.0,-0.1,-1.0,-0.1
3,NONE,-1.0,-0.1,-1.0,-0.1
3,NONE,-1.0,-0.1,-1.0,-0.1
3,NONE,-1.0,-0.1,-1.0,-0.1
2,EV_B07_C021_Moto_Lineal_Electrica,-1.0,-0.1,9.0,13.558700405053699
1,EV_B07_C021_Moto_Lineal_Electrica,5.0,80.60681913677259,-1.0,13.558700405053699
1,EV_B07_C021_Moto_Lineal_Electrica,4.0,80.60681913677259,-1.0,13.558700405053699
1,EV_B07_C021_Moto_Lineal_Electrica,3.0,80.60681913677259,-1.0,13.558700405053699
1,EV_B07_C021_Moto_Lineal_Electrica,2.0,80.60681913677259,-1.0,13.558700405053699
1,EV_B07_C021_Moto_Lineal_Electrica,1.0,80.60681913677259,-1.0,13.558700405053699
1,EV_B07_C021_Moto_Lineal_Electrica,0.0,80.60681913677259,-1.0,13.558700405053699
3,NONE,-1.0,-0.1,-1.0,-0.1
3,NONE,-1.0,-0.1,-1.0,-0.1
3,NONE,-1.0,-0.1,-1.0,-0.1
3,NONE,-1.0,-0.1,-1.0,-0.1
3,NONE,-1.0,-0.1,-1.0,-0.1
3,NONE,-1.0,-0.1,-1.0,-0.1
3,NONE,-1.0,-0.1,-1.0,-0.1
3,NONE,-1.0,-0.1,-1.0,-0.1
3,NONE,-1.0,-0.1,-1.0,-0.1
3,NONE,-1.0,-0.1,-1.0,-0.1
3,NONE,-1.0,-0.1,-1.0,-0.1
3,NONE,-1.0,-0.1,-1.0,-0.1
3,NONE,-1.0,-0.1,-1.0,-0.1
3,NONE,-1.0,-0.1,-1.0,-0.1
3,NONE,-1.0,-0.1,-1.0,-0.1
2,EV_B07_C021_Moto_Lineal_Electrica,-1.0,-0.1,7.0,19.54670174268642
1,EV_B07_C021_Moto_Lineal_Electrica,7.0,82.75976673126122,-1.0,19.54670174268642
1,EV_B07_C021_Moto_Lineal_Electrica,6.0,82.75976673126122,-1.0,19.54670174268642
1,EV_B07_C021_Moto_Lineal_Electrica,5.0,82.75976673126122,-1.0,19.54670174268642
1,EV_B07_C021_Moto_Lineal_Electrica,4.0,82.75976673126122,-1.0,19.54670174268642
1,EV_B07_C021_Moto_Lineal_Electrica,3.0,82.75976673126122,-1.0,19.54670174268642
1,EV_B07_C021_Moto_Lineal_Electrica,2.0,82.75976673126122,-1.0,19.54670174268642
1,EV_B07_C021_Moto_Lineal_Electrica,1.0,82.75976673126122,-1.0,19.54670174268642
1,EV_B07_C021_Moto_Lineal_Electrica,0.0,82.75976673126122,-1.0,19.54670174268642
3,NONE,-1.0,-0.1,-1.0,-0.1
3,NONE,-1.0,-0.1,-1.0,-0.1
3,NONE,-1.0,-0.1,-1.0,-0.1
3,NONE,-1.0,-0.1,-1.0,-0.1
3,NONE,-1.0,-0.1,-1.0,-0.1
3,NONE,-1.0,-0.1,-1.0,-0.1
3,NONE,-1.0,-0.1,-1.0,-0.1
3,NONE,-1.0,-0.1,-1.0,-0.1
3,NONE,-1.0,-0.1,-1.0,-0.1
3,NONE,-1.0,-0.1,-1.0,-0.1
3,NONE,-1.0,-0.1,-1.0,-0.1
3,NONE,-1.0,-0.1,-1.0,-0.1
3,NONE,-1.0,-0.1,-1.0,-0.1
3,NONE,-1.0,-0.1,-1.0,-0.1
3,NONE,-1.0,-0.1,-1.0,-0.1
3,NONE,-1.0,-0.1,-1.0,-0.1
2,EV_B07_C021_Moto_Lineal_Electrica,-1.0,-0.1,8.0,46.128261165122765
1,EV_B07_C021_Moto_Lineal_Electrica,6.0,79.85772732708074,-1.0,46.128261165122765
1,EV_B07_C021_Moto_Lineal_Electrica,5.0,79.85772732708074,-1.0,46.128261165122765
1,EV_B07_C021_Moto_Lineal_Electrica,4.0,79.85772732708074,-1.0,46.128261165122765
1,EV_B07_C021_Moto_Lineal_Electrica,3.0,79.85772732708074,-1.0,46.128261165122765
1,EV_B07_C021_Moto_Lineal_Electrica,2.0,79.85772732708074,-1.0,46.128261165122765
1,EV_B07_C021_Moto_Lineal_Electrica,1.0,79.85772732708074,-1.0,46.128261165122765
1,EV_B07_C021_Moto_Lineal_Electrica,0.0,79.85772732708074,-1.0,46.128261165122765
3,NONE,-1.0,-0.1,-1.0,-0.1
3,NONE,-1.0,-0.1,-1.0,-0.1
3,NONE,-1.0,-0.1,-1.0,-0.1
3,NONE,-1.0,-0.1,-1.0,-0.1
3,NONE,-1.0,-0.1,-1.0,-0.1
3,NONE,-1.0,-0.1,-1.0,-0.1
3,NONE,-1.0,-0.1,-1.0,-0.1
3,NONE,-1.0,-0.1,-1.0,-0.1
3,NONE,-1.0,-0.1,-1.0,-0.1
3,NONE,-1.0,-0.1,-1.0,-0.1
3,NONE,-1.0,-0.1,-1.0,-0.1
3,NONE,-1.0,-0.1,-1.0,-0.1
3,NONE,-1.0,-0.1,-1.0,-0.1
3,NONE,-1.0,-0.1,-1.0,-0.1
3,NONE,-1.0,-0.1,-1.0,-0.1
2,EV_B07_C021_Moto_Lineal_Electrica,-1.0,-0.1,7.0,47.86839737041826
1,EV_B07_C021_Moto_Lineal_Electrica,7.0,83.22120433751263,-1.0,47.86839737041826
1,EV_B07_C021_Moto_Lineal_Electrica,6.0,83.22120433751263,-1.0,47.86839737041826
1,EV_B07_C021_Moto_Lineal_Electrica,5.0,83.22120433751263,-1.0,47.86839737041826
1,EV_B07_C021_Moto_Lineal_Electrica,4.0,83.22120433751263,-1.0,47.86839737041826
1,EV_B07_C021_Moto_Lineal_Electrica,3.0,83.22120433751263,-1.0,47.86839737041826
1,EV_B07_C021_Moto_Lineal_Electrica,2.0,83.22120433751263,-1.0,47.86839737041826
1,EV_B07_C021_Moto_Lineal_Electrica,1.0,83.22120433751263,-1.0,47.86839737041826
1,EV_B07_C021_Moto_Lineal_Electrica,0.0,83.22120433751263,-1.0,47.86839737041826
3,NONE,-1.0,-0.1,-1.0,-0.1
3,NONE,-1.0,-0.1,-1.0,-0.1
3,NONE,-1.0,-0.1,-1.0,-0.1
3,NONE,-1.0,-0.1,-1.0,-0.1
3,NONE,-1.0,-0.1,-1.0,-0.1
3,NONE,-1.0,-0.1,-1.0,-0.1
3,NONE,-1.0,-0.1,-1.0,-0.1
3,NONE,-1.0,-0.1,-1.0,-0.1
3,NONE,-1.0,-0.1,-1.0,-0.1
3,NONE,-1.0,-0.1,-1.0,-0.1
3,NONE,-1.0,-0.1,-1.0,-0.1
3,NONE,-1.0,-0.1,-1.0,-0.1
3,NONE,-1.0,-0.1,-1.0,-0.1
3,NONE,-1.0,-0.1,-1.0,-0.1
3,NONE,-1.0,-0.1,-1.0,-0.1
3,NONE,-1.0,-0.1,-1.0,-0.1
3,NONE,-1.0,-0.1,-1.0,-0.1
3,NONE,-1.0,-0.1,-1.0,-0.1
3,NONE,-1.0,-0.1,-1.0,-0.1
3,NONE,-1.0,-0.1,-1.0,-0.1
3,NONE,-1.0,-0.1,-1.0,-0.1
3,NONE,-1.0,-0.1,-1.0,-0.1
3,NONE,-1.0,-0.1,-1.0,-0.1
3,NONE,-1.0,-0.1,-1.0,-0.1
3,NONE,-1.0,-0.1,-1.0,-0.1
3,NONE,-1.0,-0.1,-1.0,-0.1
3,NONE,-1.0,-0.1,-1.0,-0.1
3,NONE,-1.0,-0.1,-1.0,-0.1
3,NONE,-1.0,-0.1,-1.0,-0.1
3,NONE,-1.0,-0.1,-1.0,-0.1
3,NONE,-1.0,-0.1,-1.0,-0.1
3,NONE,-1.0,-0.1,-1.0,-0.1
3,NONE,-1.0,-0.1,-1.0,-0.1
3,NONE,-1.0,-0.1,-1.0,-0.1
3,NONE,-1.0,-0.1,-1.0,-0.1
3,NONE,-1.0,-0.1,-1.0,-0.1
3,NONE,-1.0,-0.1,-1.0,-0.1
3,NONE,-1.0,-0.1,-1.0,-0.1
3,NONE,-1.0,-0.1,-1.0,-0.1
3,NONE,-1.0,-0.1,-1.0,-0.1
3,NONE,-1.0,-0.1,-1.0,-0.1
3,NONE,-1.0,-0.1,-1.0,-0.1
3,NONE,-1.0,-0.1,-1.0,-0.1
3,NONE,-1.0,-0.1,-1.0,-0.1
3,NONE,-1.0,-0.1,-1.0,-0.1
3,NONE,-1.0,-0.1,-1.0,-0.1
3,NONE,-1.0,-0.1,-1.0,-0.1
3,NONE,-1.0,-0.1,-1.0,-0.1
3,NONE,-1.0,-0.1,-1.0,-0.1
3,NONE,-1.0,-0.1,-1.0,-0.1
3,NONE,-1.0,-0.1,-1.0,-0.1
3,NONE,-1.0,-0.1,-1.0,-0.1
3,NONE,-1.0,-0.1,-1.0,-0.1
3,NONE,-1.0,-0.1,-1.0,-0.1
3,NONE,-1.0,-0.1,-1.0,-0.1
3,NONE,-1.0,-0.1,-1.0,-0.1
3,NONE,-1.0,-0.1,-1.0,-0.1
3,NONE,-1.0,-0.1,-1.0,-0.1
3,NONE,-1.0,-0.1,-1.0,-0.1
3,NONE,-1.0,-0.1,-1.0,-0.1
3,NONE,-1.0,-0.1,-1.0,-0.1
3,NONE,-1.0,-0.1,-1.0,-0.1
3,NONE,-1.0,-0.1,-1.0,-0.1
2,EV_B07_C021_Moto_Lineal_Electrica,-1.0,-0.1,7.0,41.24820994556441
1,EV_B07_C021_Moto_Lineal_Electrica,7.0,82.79874542327082,-1.0,41.24820994556441
1,EV_B07_C021_Moto_Lineal_Electrica,6.0,82.79874542327082,-1.0,41.24820994556441
1,EV_B07_C021_Moto_Lineal_Electrica,5.0,82.79874542327082,-1.0,41.24820994556441
1,EV_B07_C021_Moto_Lineal_Electrica,4.0,82.79874542327082,-1.0,41.24820994556441
1,EV_B07_C021_Moto_Lineal_Electrica,3.0,82.79874542327082,-1.0,41.24820994556441
1,EV_B07_C021_Moto_Lineal_Electrica,2.0,82.79874542327082,-1.0,41.24820994556441
1,EV_B07_C021_Moto_Lineal_Electrica,1.0,82.79874542327082,-1.0,41.24820994556441
1,EV_B07_C021_Moto_Lineal_Electrica,0.0,82.79874542327082,-1.0,41.24820994556441
3,NONE,-1.0,-0.1,-1.0,-0.1
3,NONE,-1.0,-0.1,-1.0,-0.1
3,NONE,-1.0,-0.1,-1.0,-0.1
3,NONE,-1.0,-0.1,-1.0,-0.1
3,NONE,-1.0,-0.1,-1.0,-0.1
3,NONE,-1.0,-0.1,-1.0,-0.1
3,NONE,-1.0,-0.1,-1.0,-0.1
3,NONE,-1.0,-0.1,-1.0,-0.1
3,NONE,-1.0,-0.1,-1.0,-0.1
3,NONE,-1.0,-0.1,-1.0,-0.1
3,NONE,-1.0,-0.1,-1.0,-0.1
3,NONE,-1.0,-0.1,-1.0,-0.1
3,NONE,-1.0,-0.1,-1.0,-0.1
3,NONE,-1.0,-0.1,-1.0,-0.1
3,NONE,-1.0,-0.1,-1.0,-0.1
3,NONE,-1.0,-0.1,-1.0,-0.1
2,EV_B07_C021_Moto_Lineal_Electrica,-1.0,-0.1,8.0,45.185764978620305
1,EV_B07_C021_Moto_Lineal_Electrica,6.0,79.70956666099846,-1.0,45.185764978620305
1,EV_B07_C021_Moto_Lineal_Electrica,5.0,79.70956666099846,-1.0,45.185764978620305
1,EV_B07_C021_Moto_Lineal_Electrica,4.0,79.70956666099846,-1.0,45.185764978620305
1,EV_B07_C021_Moto_Lineal_Electrica,3.0,79.70956666099846,-1.0,45.185764978620305
1,EV_B07_C021_Moto_Lineal_Electrica,2.0,79.70956666099846,-1.0,45.185764978620305
1,EV_B07_C021_Moto_Lineal_Electrica,1.0,79.70956666099846,-1.0,45.185764978620305
1,EV_B07_C021_Moto_Lineal_Electrica,0.0,79.70956666099846,-1.0,45.185764978620305
3,NONE,-1.0,-0.1,-1.0,-0.1
3,NONE,-1.0,-0.1,-1.0,-0.1
3,NONE,-1.0,-0.1,-1.0,-0.1
3,NONE,-1.0,-0.1,-1.0,-0.1
3,NONE,-1.0,-0.1,-1.0,-0.1
3,NONE,-1.0,-0.1,-1.0,-0.1
3,NONE,-1.0,-0.1,-1.0,-0.1
3,NONE,-1.0,-0.1,-1.0,-0.1
3,NONE,-1.0,-0.1,-1.0,-0.1
3,NONE,-1.0,-0.1,-1.0,-0.1
3,NONE,-1.0,-0.1,-1.0,-0.1
3,NONE,-1.0,-0.1,-1.0,-0.1
3,NONE,-1.0,-0.1,-1.0,-0.1
3,NONE,-1.0,-0.1,-1.0,-0.1
3,NONE,-1.0,-0.1,-1.0,-0.1
3,NONE,-1.0,-0.1,-1.0,-0.1
3,NONE,-1.0,-0.1,-1.0,-0.1
2,EV_B07_C021_Moto_Lineal_Electrica,-1.0,-0.1,9.0,21.60386836035609
1,EV_B07_C021_Moto_Lineal_Electrica,5.0,91.91600000679554,-1.0,21.60386836035609
1,EV_B07_C021_Moto_Lineal_Electrica,4.0,91.91600000679554,-1.0,21.60386836035609
1,EV_B07_C021_Moto_Lineal_Electrica,3.0,91.91600000679554,-1.0,21.60386836035609
1,EV_B07_C021_Moto_Lineal_Electrica,2.0,91.91600000679554,-1.0,21.60386836035609
1,EV_B07_C021_Moto_Lineal_Electrica,1.0,91.91600000679554,-1.0,21.60386836035609
1,EV_B07_C021_Moto_Lineal_Electrica,0.0,91.91600000679554,-1.0,21.60386836035609
3,NONE,-1.0,-0.1,-1.0,-0.1
3,NONE,-1.0,-0.1,-1.0,-0.1
3,NONE,-1.0,-0.1,-1.0,-0.1
3,NONE,-1.0,-0.1,-1.0,-0.1
3,NONE,-1.0,-0.1,-1.0,-0.1
3,NONE,-1.0,-0.1,-1.0,-0.1
3,NONE,-1.0,-0.1,-1.0,-0.1
3,NONE,-1.0,-0.1,-1.0,-0.1
3,NONE,-1.0,-0.1,-1.0,-0.1
3,NONE,-1.0,-0.1,-1.0,-0.1
3,NONE,-1.0,-0.1,-1.0,-0.1
3,NONE,-1.0,-0.1,-1.0,-0.1
3,NONE,-1.0,-0.1,-1.0,-0.1
3,NONE,-1.0,-0.1,-1.0,-0.1
3,NONE,-1.0,-0.1,-1.0,-0.1
3,NONE,-1.0,-0.1,-1.0,-0.1
3,NONE,-1.0,-0.1,-1.0,-0.1
3,NONE,-1.0,-0.1,-1.0,-0.1
3,NONE,-1.0,-0.1,-1.0,-0.1
3,NONE,-1.0,-0.1,-1.0,-0.1
3,NONE,-1.0,-0.1,-1.0,-0.1
3,NONE,-1.0,-0.1,-1.0,-0.1
3,NONE,-1.0,-0.1,-1.0,-0.1
3,NONE,-1.0,-0.1,-1.0,-0.1
3,NONE,-1.0,-0.1,-1.0,-0.1
3,NONE,-1.0,-0.1,-1.0,-0.1
3,NONE,-1.0,-0.1,-1.0,-0.1
3,NONE,-1.0,-0.1,-1.0,-0.1
3,NONE,-1.0,-0.1,-1.0,-0.1
3,NONE,-1.0,-0.1,-1.0,-0.1
3,NONE,-1.0,-0.1,-1.0,-0.1
3,NONE,-1.0,-0.1,-1.0,-0.1
3,NONE,-1.0,-0.1,-1.0,-0.1
3,NONE,-1.0,-0.1,-1.0,-0.1
3,NONE,-1.0,-0.1,-1.0,-0.1
3,NONE,-1.0,-0.1,-1.0,-0.1
3,NONE,-1.0,-0.1,-1.0,-0.1
3,NONE,-1.0,-0.1,-1.0,-0.1
3,NONE,-1.0,-0.1,-1.0,-0.1
3,NONE,-1.0,-0.1,-1.0,-0.1
3,NONE,-1.0,-0.1,-1.0,-0.1
3,NONE,-1.0,-0.1,-1.0,-0.1
3,NONE,-1.0,-0.1,-1.0,-0.1
3,NONE,-1.0,-0.1,-1.0,-0.1
3,NONE,-1.0,-0.1,-1.0,-0.1
3,NONE,-1.0,-0.1,-1.0,-0.1
3,NONE,-1.0,-0.1,-1.0,-0.1
3,NONE,-1.0,-0.1,-1.0,-0.1
3,NONE,-1.0,-0.1,-1.0,-0.1
3,NONE,-1.0,-0.1,-1.0,-0.1
3,NONE,-1.0,-0.1,-1.0,-0.1
3,NONE,-1.0,-0.1,-1.0,-0.1
3,NONE,-1.0,-0.1,-1.0,-0.1
3,NONE,-1.0,-0.1,-1.0,-0.1
3,NONE,-1.0,-0.1,-1.0,-0.1
3,NONE,-1.0,-0.1,-1.0,-0.1
3,NONE,-1.0,-0.1,-1.0,-0.1
3,NONE,-1.0,-0.1,-1.0,-0.1
3,NONE,-1.0,-0.1,-1.0,-0.1
3,NONE,-1.0,-0.1,-1.0,-0.1
3,NONE,-1.0,-0.1,-1.0,-0.1
3,NONE,-1.0,-0.1,-1.0,-0.1
3,NONE,-1.0,-0.1,-1.0,-0.1
3,NONE,-1.0,-0.1,-1.0,-0.1
3,NONE,-1.0,-0.1,-1.0,-0.1
3,NONE,-1.0,-0.1,-1.0,-0.1
3,NONE,-1.0,-0.1,-1.0,-0.1
3,NONE,-1.0,-0.1,-1.0,-0.1
3,NONE,-1.0,-0.1,-1.0,-0.1
3,NONE,-1.0,-0.1,-1.0,-0.1
3,NONE,-1.0,-0.1,-1.0,-0.1
3,NONE,-1.0,-0.1,-1.0,-0.1
3,NONE,-1.0,-0.1,-1.0,-0.1
3,NONE,-1.0,-0.1,-1.0,-0.1
3,NONE,-1.0,-0.1,-1.0,-0.1
3,NONE,-1.0,-0.1,-1.0,-0.1
3,NONE,-1.0,-0.1,-1.0,-0.1
3,NONE,-1.0,-0.1,-1.0,-0.1
3,NONE,-1.0,-0.1,-1.0,-0.1
3,NONE,-1.0,-0.1,-1.0,-0.1
3,NONE,-1.0,-0.1,-1.0,-0.1
3,NONE,-1.0,-0.1,-1.0,-0.1
3,NONE,-1.0,-0.1,-1.0,-0.1
3,NONE,-1.0,-0.1,-1.0,-0.1
3,NONE,-1.0,-0.1,-1.0,-0.1
3,NONE,-1.0,-0.1,-1.0,-0.1
3,NONE,-1.0,-0.1,-1.0,-0.1
3,NONE,-1.0,-0.1,-1.0,-0.1
3,NONE,-1.0,-0.1,-1.0,-0.1
3,NONE,-1.0,-0.1,-1.0,-0.1
3,NONE,-1.0,-0.1,-1.0,-0.1
3,NONE,-1.0,-0.1,-1.0,-0.1
3,NONE,-1.0,-0.1,-1.0,-0.1
3,NONE,-1.0,-0.1,-1.0,-0.1
3,NONE,-1.0,-0.1,-1.0,-0.1
3,NONE,-1.0,-0.1,-1.0,-0.1
3,NONE,-1.0,-0.1,-1.0,-0.1
3,NONE,-1.0,-0.1,-1.0,-0.1
3,NONE,-1.0,-0.1,-1.0,-0.1
3,NONE,-1.0,-0.1,-1.0,-0.1
3,NONE,-1.0,-0.1,-1.0,-0.1
3,NONE,-1.0,-0.1,-1.0,-0.1
3,NONE,-1.0,-0.1,-1.0,-0.1
3,NONE,-1.0,-0.1,-1.0,-0.1
3,NONE,-1.0,-0.1,-1.0,-0.1
3,NONE,-1.0,-0.1,-1.0,-0.1
3,NONE,-1.0,-0.1,-1.0,-0.1
3,NONE,-1.0,-0.1,-1.0,-0.1
3,NONE,-1.0,-0.1,-1.0,-0.1
3,NONE,-1.0,-0.1,-1.0,-0.1
3,NONE,-1.0,-0.1,-1.0,-0.1
2,EV_B07_C021_Moto_Lineal_Electrica,-1.0,-0.1,7.0,20.50711396142012
1,EV_B07_C021_Moto_Lineal_Electrica,7.0,80.54937322322662,-1.0,20.50711396142012
1,EV_B07_C021_Moto_Lineal_Electrica,6.0,80.54937322322662,-1.0,20.50711396142012
1,EV_B07_C021_Moto_Lineal_Electrica,5.0,80.54937322322662,-1.0,20.50711396142012
1,EV_B07_C021_Moto_Lineal_Electrica,4.0,80.54937322322662,-1.0,20.50711396142012
1,EV_B07_C021_Moto_Lineal_Electrica,3.0,80.54937322322662,-1.0,20.50711396142012
1,EV_B07_C021_Moto_Lineal_Electrica,2.0,80.54937322322662,-1.0,20.50711396142012
1,EV_B07_C021_Moto_Lineal_Electrica,1.0,80.54937322322662,-1.0,20.50711396142012
1,EV_B07_C021_Moto_Lineal_Electrica,0.0,80.54937322322662,-1.0,20.50711396142012
3,NONE,-1.0,-0.1,-1.0,-0.1
3,NONE,-1.0,-0.1,-1.0,-0.1
3,NONE,-1.0,-0.1,-1.0,-0.1
3,NONE,-1.0,-0.1,-1.0,-0.1
3,NONE,-1.0,-0.1,-1.0,-0.1
3,NONE,-1.0,-0.1,-1.0,-0.1
3,NONE,-1.0,-0.1,-1.0,-0.1
3,NONE,-1.0,-0.1,-1.0,-0.1
3,NONE,-1.0,-0.1,-1.0,-0.1
3,NONE,-1.0,-0.1,-1.0,-0.1
3,NONE,-1.0,-0.1,-1.0,-0.1
3,NONE,-1.0,-0.1,-1.0,-0.1
3,NONE,-1.0,-0.1,-1.0,-0.1
3,NONE,-1.0,-0.1,-1.0,-0.1
3,NONE,-1.0,-0.1,-1.0,-0.1
2,EV_B07_C021_Moto_Lineal_Electrica,-1.0,-0.1,7.0,5.0
1,EV_B07_C021_Moto_Lineal_Electrica,7.0,77.7001138488656,-1.0,5.0
1,EV_B07_C021_Moto_Lineal_Electrica,6.0,77.7001138488656,-1.0,5.0
1,EV_B07_C021_Moto_Lineal_Electrica,5.0,77.7001138488656,-1.0,5.0
1,EV_B07_C021_Moto_Lineal_Electrica,4.0,77.7001138488656,-1.0,5.0
1,EV_B07_C021_Moto_Lineal_Electrica,3.0,77.7001138488656,-1.0,5.0
1,EV_B07_C021_Moto_Lineal_Electrica,2.0,77.7001138488656,-1.0,5.0
1,EV_B07_C021_Moto_Lineal_Electrica,1.0,77.7001138488656,-1.0,5.0
1,EV_B07_C021_Moto_Lineal_Electrica,0.0,77.7001138488656,-1.0,5.0
3,NONE,-1.0,-0.1,-1.0,-0.1
3,NONE,-1.0,-0.1,-1.0,-0.1
3,NONE,-1.0,-0.1,-1.0,-0.1
3,NONE,-1.0,-0.1,-1.0,-0.1
3,NONE,-1.0,-0.1,-1.0,-0.1
3,NONE,-1.0,-0.1,-1.0,-0.1
3,NONE,-1.0,-0.1,-1.0,-0.1
3,NONE,-1.0,-0.1,-1.0,-0.1
3,NONE,-1.0,-0.1,-1.0,-0.1
3,NONE,-1.0,-0.1,-1.0,-0.1
3,NONE,-1.0,-0.1,-1.0,-0.1
3,NONE,-1.0,-0.1,-1.0,-0.1
3,NONE,-1.0,-0.1,-1.0,-0.1
3,NONE,-1.0,-0.1,-1.0,-0.1
3,NONE,-1.0,-0.1,-1.0,-0.1
2,EV_B07_C021_Moto_Lineal_Electrica,-1.0,-0.1,7.0,41.36229224129782
1,EV_B07_C021_Moto_Lineal_Electrica,7.0,78.39521335313694,-1.0,41.36229224129782
1,EV_B07_C021_Moto_Lineal_Electrica,6.0,78.39521335313694,-1.0,41.36229224129782
1,EV_B07_C021_Moto_Lineal_Electrica,5.0,78.39521335313694,-1.0,41.36229224129782
1,EV_B07_C021_Moto_Lineal_Electrica,4.0,78.39521335313694,-1.0,41.36229224129782
1,EV_B07_C021_Moto_Lineal_Electrica,3.0,78.39521335313694,-1.0,41.36229224129782
1,EV_B07_C021_Moto_Lineal_Electrica,2.0,78.39521335313694,-1.0,41.36229224129782
1,EV_B07_C021_Moto_Lineal_Electrica,1.0,78.39521335313694,-1.0,41.36229224129782
1,EV_B07_C021_Moto_Lineal_Electrica,0.0,78.39521335313694,-1.0,41.36229224129782
3,NONE,-1.0,-0.1,-1.0,-0.1
3,NONE,-1.0,-0.1,-1.0,-0.1
3,NONE,-1.0,-0.1,-1.0,-0.1
3,NONE,-1.0,-0.1,-1.0,-0.1
3,NONE,-1.0,-0.1,-1.0,-0.1
3,NONE,-1.0,-0.1,-1.0,-0.1
3,NONE,-1.0,-0.1,-1.0,-0.1
3,NONE,-1.0,-0.1,-1.0,-0.1
3,NONE,-1.0,-0.1,-1.0,-0.1
3,NONE,-1.0,-0.1,-1.0,-0.1
3,NONE,-1.0,-0.1,-1.0,-0.1
3,NONE,-1.0,-0.1,-1.0,-0.1
3,NONE,-1.0,-0.1,-1.0,-0.1
3,NONE,-1.0,-0.1,-1.0,-0.1
3,NONE,-1.0,-0.1,-1.0,-0.1
3,NONE,-1.0,-0.1,-1.0,-0.1
2,EV_B07_C021_Moto_Lineal_Electrica,-1.0,-0.1,8.0,30.848152369117823
1,EV_B07_C021_Moto_Lineal_Electrica,6.0,83.10126949259697,-1.0,30.848152369117823
1,EV_B07_C021_Moto_Lineal_Electrica,5.0,83.10126949259697,-1.0,30.848152369117823
1,EV_B07_C021_Moto_Lineal_Electrica,4.0,83.10126949259697,-1.0,30.848152369117823
1,EV_B07_C021_Moto_Lineal_Electrica,3.0,83.10126949259697,-1.0,30.848152369117823
1,EV_B07_C021_Moto_Lineal_Electrica,2.0,83.10126949259697,-1.0,30.848152369117823
1,EV_B07_C021_Moto_Lineal_Electrica,1.0,83.10126949259697,-1.0,30.848152369117823
1,EV_B07_C021_Moto_Lineal_Electrica,0.0,83.10126949259697,-1.0,30.848152369117823
3,NONE,-1.0,-0.1,-1.0,-0.1
3,NONE,-1.0,-0.1,-1.0,-0.1
3,NONE,-1.0,-0.1,-1.0,-0.1
3,NONE,-1.0,-0.1,-1.0,-0.1
3,NONE,-1.0,-0.1,-1.0,-0.1
3,NONE,-1.0,-0.1,-1.0,-0.1
3,NONE,-1.0,-0.1,-1.0,-0.1
3,NONE,-1.0,-0.1,-1.0,-0.1
3,NONE,-1.0,-0.1,-1.0,-0.1
3,NONE,-1.0,-0.1,-1.0,-0.1
3,NONE,-1.0,-0.1,-1.0,-0.1
3,NONE,-1.0,-0.1,-1.0,-0.1
3,NONE,-1.0,-0.1,-1.0,-0.1
3,NONE,-1.0,-0.1,-1.0,-0.1
3,NONE,-1.0,-0.1,-1.0,-0.1
3,NONE,-1.0,-0.1,-1.0,-0.1
3,NONE,-1.0,-0.1,-1.0,-0.1
3,NONE,-1.0,-0.1,-1.0,-0.1
3,NONE,-1.0,-0.1,-1.0,-0.1
3,NONE,-1.0,-0.1,-1.0,-0.1
3,NONE,-1.0,-0.1,-1.0,-0.1
3,NONE,-1.0,-0.1,-1.0,-0.1
3,NONE,-1.0,-0.1,-1.0,-0.1
3,NONE,-1.0,-0.1,-1.0,-0.1
3,NONE,-1.0,-0.1,-1.0,-0.1
3,NONE,-1.0,-0.1,-1.0,-0.1
3,NONE,-1.0,-0.1,-1.0,-0.1
3,NONE,-1.0,-0.1,-1.0,-0.1
3,NONE,-1.0,-0.1,-1.0,-0.1
3,NONE,-1.0,-0.1,-1.0,-0.1
3,NONE,-1.0,-0.1,-1.0,-0.1
3,NONE,-1.0,-0.1,-1.0,-0.1
3,NONE,-1.0,-0.1,-1.0,-0.1
3,NONE,-1.0,-0.1,-1.0,-0.1
3,NONE,-1.0,-0.1,-1.0,-0.1
3,NONE,-1.0,-0.1,-1.0,-0.1
3,NONE,-1.0,-0.1,-1.0,-0.1
3,NONE,-1.0,-0.1,-1.0,-0.1
3,NONE,-1.0,-0.1,-1.0,-0.1
3,NONE,-1.0,-0.1,-1.0,-0.1
3,NONE,-1.0,-0.1,-1.0,-0.1
3,NONE,-1.0,-0.1,-1.0,-0.1
3,NONE,-1.0,-0.1,-1.0,-0.1
3,NONE,-1.0,-0.1,-1.0,-0.1
3,NONE,-1.0,-0.1,-1.0,-0.1
3,NONE,-1.0,-0.1,-1.0,-0.1
3,NONE,-1.0,-0.1,-1.0,-0.1
3,NONE,-1.0,-0.1,-1.0,-0.1
3,NONE,-1.0,-0.1,-1.0,-0.1
3,NONE,-1.0,-0.1,-1.0,-0.1
3,NONE,-1.0,-0.1,-1.0,-0.1
3,NONE,-1.0,-0.1,-1.0,-0.1
3,NONE,-1.0,-0.1,-1.0,-0.1
3,NONE,-1.0,-0.1,-1.0,-0.1
3,NONE,-1.0,-0.1,-1.0,-0.1
3,NONE,-1.0,-0.1,-1.0,-0.1
3,NONE,-1.0,-0.1,-1.0,-0.1
3,NONE,-1.0,-0.1,-1.0,-0.1
3,NONE,-1.0,-0.1,-1.0,-0.1
3,NONE,-1.0,-0.1,-1.0,-0.1
3,NONE,-1.0,-0.1,-1.0,-0.1
3,NONE,-1.0,-0.1,-1.0,-0.1
3,NONE,-1.0,-0.1,-1.0,-0.1
3,NONE,-1.0,-0.1,-1.0,-0.1
3,NONE,-1.0,-0.1,-1.0,-0.1
3,NONE,-1.0,-0.1,-1.0,-0.1
3,NONE,-1.0,-0.1,-1.0,-0.1
3,NONE,-1.0,-0.1,-1.0,-0.1
3,NONE,-1.0,-0.1,-1.0,-0.1
3,NONE,-1.0,-0.1,-1.0,-0.1
3,NONE,-1.0,-0.1,-1.0,-0.1
3,NONE,-1.0,-0.1,-1.0,-0.1
3,NONE,-1.0,-0.1,-1.0,-0.1
3,NONE,-1.0,-0.1,-1.0,-0.1
3,NONE,-1.0,-0.1,-1.0,-0.1
3,NONE,-1.0,-0.1,-1.0,-0.1
3,NONE,-1.0,-0.1,-1.0,-0.1
3,NONE,-1.0,-0.1,-1.0,-0.1
3,NONE,-1.0,-0.1,-1.0,-0.1
3,NONE,-1.0,-0.1,-1.0,-0.1
3,NONE,-1.0,-0.1,-1.0,-0.1
3,NONE,-1.0,-0.1,-1.0,-0.1
3,NONE,-1.0,-0.1,-1.0,-0.1
3,NONE,-1.0,-0.1,-1.0,-0.1
3,NONE,-1.0,-0.1,-1.0,-0.1
3,NONE,-1.0,-0.1,-1.0,-0.1
3,NONE,-1.0,-0.1,-1.0,-0.1
3,NONE,-1.0,-0.1,-1.0,-0.1
2,EV_B07_C021_Moto_Lineal_Electrica,-1.0,-0.1,8.0,30.016932827143187
1,EV_B07_C021_Moto_Lineal_Electrica,6.0,85.19947993227912,-1.0,30.016932827143187
1,EV_B07_C021_Moto_Lineal_Electrica,5.0,85.19947993227912,-1.0,30.016932827143187
1,EV_B07_C021_Moto_Lineal_Electrica,4.0,85.19947993227912,-1.0,30.016932827143187
1,EV_B07_C021_Moto_Lineal_Electrica,3.0,85.19947993227912,-1.0,30.016932827143187
1,EV_B07_C021_Moto_Lineal_Electrica,2.0,85.19947993227912,-1.0,30.016932827143187
1,EV_B07_C021_Moto_Lineal_Electrica,1.0,85.19947993227912,-1.0,30.016932827143187
1,EV_B07_C021_Moto_Lineal_Electrica,0.0,85.19947993227912,-1.0,30.016932827143187
3,NONE,-1.0,-0.1,-1.0,-0.1
3,NONE,-1.0,-0.1,-1.0,-0.1
3,NONE,-1.0,-0.1,-1.0,-0.1
3,NONE,-1.0,-0.1,-1.0,-0.1
3,NONE,-1.0,-0.1,-1.0,-0.1
3,NONE,-1.0,-0.1,-1.0,-0.1
3,NONE,-1.0,-0.1,-1.0,-0.1
3,NONE,-1.0,-0.1,-1.0,-0.1
3,NONE,-1.0,-0.1,-1.0,-0.1
3,NONE,-1.0,-0.1,-1.0,-0.1
3,NONE,-1.0,-0.1,-1.0,-0.1
3,NONE,-1.0,-0.1,-1.0,-0.1
3,NONE,-1.0,-0.1,-1.0,-0.1
3,NONE,-1.0,-0.1,-1.0,-0.1
3,NONE,-1.0,-0.1,-1.0,-0.1
3,NONE,-1.0,-0.1,-1.0,-0.1
2,EV_B07_C021_Moto_Lineal_Electrica,-1.0,-0.1,8.0,37.781928748668335
1,EV_B07_C021_Moto_Lineal_Electrica,6.0,77.92511920900675,-1.0,37.781928748668335
1,EV_B07_C021_Moto_Lineal_Electrica,5.0,77.92511920900675,-1.0,37.781928748668335
1,EV_B07_C021_Moto_Lineal_Electrica,4.0,77.92511920900675,-1.0,37.781928748668335
1,EV_B07_C021_Moto_Lineal_Electrica,3.0,77.92511920900675,-1.0,37.781928748668335
1,EV_B07_C021_Moto_Lineal_Electrica,2.0,77.92511920900675,-1.0,37.781928748668335
1,EV_B07_C021_Moto_Lineal_Electrica,1.0,77.92511920900675,-1.0,37.781928748668335
1,EV_B07_C021_Moto_Lineal_Electrica,0.0,77.92511920900675,-1.0,37.781928748668335
3,NONE,-1.0,-0.1,-1.0,-0.1
3,NONE,-1.0,-0.1,-1.0,-0.1
3,NONE,-1.0,-0.1,-1.0,-0.1
3,NONE,-1.0,-0.1,-1.0,-0.1
3,NONE,-1.0,-0.1,-1.0,-0.1
3,NONE,-1.0,-0.1,-1.0,-0.1
3,NONE,-1.0,-0.1,-1.0,-0.1
3,NONE,-1.0,-0.1,-1.0,-0.1
3,NONE,-1.0,-0.1,-1.0,-0.1
3,NONE,-1.0,-0.1,-1.0,-0.1
3,NONE,-1.0,-0.1,-1.0,-0.1
3,NONE,-1.0,-0.1,-1.0,-0.1
3,NONE,-1.0,-0.1,-1.0,-0.1
3,NONE,-1.0,-0.1,-1.0,-0.1
3,NONE,-1.0,-0.1,-1.0,-0.1
3,NONE,-1.0,-0.1,-1.0,-0.1
2,EV_B07_C021_Moto_Lineal_Electrica,-1.0,-0.1,8.0,20.234356231025284
1,EV_B07_C021_Moto_Lineal_Electrica,6.0,73.94052428587602,-1.0,20.234356231025284
1,EV_B07_C021_Moto_Lineal_Electrica,5.0,73.94052428587602,-1.0,20.234356231025284
1,EV_B07_C021_Moto_Lineal_Electrica,4.0,73.94052428587602,-1.0,20.234356231025284
1,EV_B07_C021_Moto_Lineal_Electrica,3.0,73.94052428587602,-1.0,20.234356231025284
1,EV_B07_C021_Moto_Lineal_Electrica,2.0,73.94052428587602,-1.0,20.234356231025284
1,EV_B07_C021_Moto_Lineal_Electrica,1.0,73.94052428587602,-1.0,20.234356231025284
1,EV_B07_C021_Moto_Lineal_Electrica,0.0,73.94052428587602,-1.0,20.234356231025284
3,NONE,-1.0,-0.1,-1.0,-0.1
3,NONE,-1.0,-0.1,-1.0,-0.1
3,NONE,-1.0,-0.1,-1.0,-0.1
3,NONE,-1.0,-0.1,-1.0,-0.1
3,NONE,-1.0,-0.1,-1.0,-0.1
3,NONE,-1.0,-0.1,-1.0,-0.1
3,NONE,-1.0,-0.1,-1.0,-0.1
3,NONE,-1.0,-0.1,-1.0,-0.1
3,NONE,-1.0,-0.1,-1.0,-0.1
3,NONE,-1.0,-0.1,-1.0,-0.1
3,NONE,-1.0,-0.1,-1.0,-0.1
3,NONE,-1.0,-0.1,-1.0,-0.1
3,NONE,-1.0,-0.1,-1.0,-0.1
3,NONE,-1.0,-0.1,-1.0,-0.1
3,NONE,-1.0,-0.1,-1.0,-0.1
3,NONE,-1.0,-0.1,-1.0,-0.1
3,NONE,-1.0,-0.1,-1.0,-0.1
3,NONE,-1.0,-0.1,-1.0,-0.1
3,NONE,-1.0,-0.1,-1.0,-0.1
3,NONE,-1.0,-0.1,-1.0,-0.1
3,NONE,-1.0,-0.1,-1.0,-0.1
3,NONE,-1.0,-0.1,-1.0,-0.1
3,NONE,-1.0,-0.1,-1.0,-0.1
3,NONE,-1.0,-0.1,-1.0,-0.1
3,NONE,-1.0,-0.1,-1.0,-0.1
3,NONE,-1.0,-0.1,-1.0,-0.1
3,NONE,-1.0,-0.1,-1.0,-0.1
3,NONE,-1.0,-0.1,-1.0,-0.1
3,NONE,-1.0,-0.1,-1.0,-0.1
3,NONE,-1.0,-0.1,-1.0,-0.1
3,NONE,-1.0,-0.1,-1.0,-0.1
3,NONE,-1.0,-0.1,-1.0,-0.1
3,NONE,-1.0,-0.1,-1.0,-0.1
3,NONE,-1.0,-0.1,-1.0,-0.1
3,NONE,-1.0,-0.1,-1.0,-0.1
3,NONE,-1.0,-0.1,-1.0,-0.1
3,NONE,-1.0,-0.1,-1.0,-0.1
3,NONE,-1.0,-0.1,-1.0,-0.1
3,NONE,-1.0,-0.1,-1.0,-0.1
2,EV_B07_C021_Moto_Lineal_Electrica,-1.0,-0.1,7.0,29.199196668786115
1,EV_B07_C021_Moto_Lineal_Electrica,7.0,86.66810484120532,-1.0,29.199196668786115
1,EV_B07_C021_Moto_Lineal_Electrica,6.0,86.66810484120532,-1.0,29.199196668786115
1,EV_B07_C021_Moto_Lineal_Electrica,5.0,86.66810484120532,-1.0,29.199196668786115
1,EV_B07_C021_Moto_Lineal_Electrica,4.0,86.66810484120532,-1.0,29.199196668786115
1,EV_B07_C021_Moto_Lineal_Electrica,3.0,86.66810484120532,-1.0,29.199196668786115
1,EV_B07_C021_Moto_Lineal_Electrica,2.0,86.66810484120532,-1.0,29.199196668786115
1,EV_B07_C021_Moto_Lineal_Electrica,1.0,86.66810484120532,-1.0,29.199196668786115
1,EV_B07_C021_Moto_Lineal_Electrica,0.0,86.66810484120532,-1.0,29.199196668786115
3,NONE,-1.0,-0.1,-1.0,-0.1
3,NONE,-1.0,-0.1,-1.0,-0.1
3,NONE,-1.0,-0.1,-1.0,-0.1
3,NONE,-1.0,-0.1,-1.0,-0.1
3,NONE,-1.0,-0.1,-1.0,-0.1
3,NONE,-1.0,-0.1,-1.0,-0.1
3,NONE,-1.0,-0.1,-1.0,-0.1
3,NONE,-1.0,-0.1,-1.0,-0.1
3,NONE,-1.0,-0.1,-1.0,-0.1
3,NONE,-1.0,-0.1,-1.0,-0.1
3,NONE,-1.0,-0.1,-1.0,-0.1
3,NONE,-1.0,-0.1,-1.0,-0.1
3,NONE,-1.0,-0.1,-1.0,-0.1
3,NONE,-1.0,-0.1,-1.0,-0.1
3,NONE,-1.0,-0.1,-1.0,-0.1
3,NONE,-1.0,-0.1,-1.0,-0.1
3,NONE,-1.0,-0.1,-1.0,-0.1
3,NONE,-1.0,-0.1,-1.0,-0.1
3,NONE,-1.0,-0.1,-1.0,-0.1
3,NONE,-1.0,-0.1,-1.0,-0.1
3,NONE,-1.0,-0.1,-1.0,-0.1
3,NONE,-1.0,-0.1,-1.0,-0.1
3,NONE,-1.0,-0.1,-1.0,-0.1
3,NONE,-1.0,-0.1,-1.0,-0.1
3,NONE,-1.0,-0.1,-1.0,-0.1
3,NONE,-1.0,-0.1,-1.0,-0.1
3,NONE,-1.0,-0.1,-1.0,-0.1
3,NONE,-1.0,-0.1,-1.0,-0.1
3,NONE,-1.0,-0.1,-1.0,-0.1
3,NONE,-1.0,-0.1,-1.0,-0.1
3,NONE,-1.0,-0.1,-1.0,-0.1
3,NONE,-1.0,-0.1,-1.0,-0.1
3,NONE,-1.0,-0.1,-1.0,-0.1
3,NONE,-1.0,-0.1,-1.0,-0.1
3,NONE,-1.0,-0.1,-1.0,-0.1
3,NONE,-1.0,-0.1,-1.0,-0.1
3,NONE,-1.0,-0.1,-1.0,-0.1
3,NONE,-1.0,-0.1,-1.0,-0.1
3,NONE,-1.0,-0.1,-1.0,-0.1
3,NONE,-1.0,-0.1,-1.0,-0.1
3,NONE,-1.0,-0.1,-1.0,-0.1
3,NONE,-1.0,-0.1,-1.0,-0.1
3,NONE,-1.0,-0.1,-1.0,-0.1
3,NONE,-1.0,-0.1,-1.0,-0.1
3,NONE,-1.0,-0.1,-1.0,-0.1
3,NONE,-1.0,-0.1,-1.0,-0.1
3,NONE,-1.0,-0.1,-1.0,-0.1
3,NONE,-1.0,-0.1,-1.0,-0.1
3,NONE,-1.0,-0.1,-1.0,-0.1
3,NONE,-1.0,-0.1,-1.0,-0.1
3,NONE,-1.0,-0.1,-1.0,-0.1
3,NONE,-1.0,-0.1,-1.0,-0.1
3,NONE,-1.0,-0.1,-1.0,-0.1
3,NONE,-1.0,-0.1,-1.0,-0.1
3,NONE,-1.0,-0.1,-1.0,-0.1
3,NONE,-1.0,-0.1,-1.0,-0.1
3,NONE,-1.0,-0.1,-1.0,-0.1
3,NONE,-1.0,-0.1,-1.0,-0.1
3,NONE,-1.0,-0.1,-1.0,-0.1
3,NONE,-1.0,-0.1,-1.0,-0.1
3,NONE,-1.0,-0.1,-1.0,-0.1
3,NONE,-1.0,-0.1,-1.0,-0.1
3,NONE,-1.0,-0.1,-1.0,-0.1
2,EV_B07_C021_Moto_Lineal_Electrica,-1.0,-0.1,7.0,22.440278165462914
1,EV_B07_C021_Moto_Lineal_Electrica,7.0,84.79766162495577,-1.0,22.440278165462914
1,EV_B07_C021_Moto_Lineal_Electrica,6.0,84.79766162495577,-1.0,22.440278165462914
1,EV_B07_C021_Moto_Lineal_Electrica,5.0,84.79766162495577,-1.0,22.440278165462914
1,EV_B07_C021_Moto_Lineal_Electrica,4.0,84.79766162495577,-1.0,22.440278165462914
1,EV_B07_C021_Moto_Lineal_Electrica,3.0,84.79766162495577,-1.0,22.440278165462914
1,EV_B07_C021_Moto_Lineal_Electrica,2.0,84.79766162495577,-1.0,22.440278165462914
1,EV_B07_C021_Moto_Lineal_Electrica,1.0,84.79766162495577,-1.0,22.440278165462914
1,EV_B07_C021_Moto_Lineal_Electrica,0.0,84.79766162495577,-1.0,22.440278165462914
3,NONE,-1.0,-0.1,-1.0,-0.1
3,NONE,-1.0,-0.1,-1.0,-0.1
3,NONE,-1.0,-0.1,-1.0,-0.1
3,NONE,-1.0,-0.1,-1.0,-0.1
3,NONE,-1.0,-0.1,-1.0,-0.1
3,NONE,-1.0,-0.1,-1.0,-0.1
3,NONE,-1.0,-0.1,-1.0,-0.1
3,NONE,-1.0,-0.1,-1.0,-0.1
3,NONE,-1.0,-0.1,-1.0,-0.1
3,NONE,-1.0,-0.1,-1.0,-0.1
3,NONE,-1.0,-0.1,-1.0,-0.1
3,NONE,-1.0,-0.1,-1.0,-0.1
3,NONE,-1.0,-0.1,-1.0,-0.1
3,NONE,-1.0,-0.1,-1.0,-0.1
3,NONE,-1.0,-0.1,-1.0,-0.1
3,NONE,-1.0,-0.1,-1.0,-0.1
2,EV_B07_C021_Moto_Lineal_Electrica,-1.0,-0.1,8.0,45.99403230248514
1,EV_B07_C021_Moto_Lineal_Electrica,6.0,86.61991343889633,-1.0,45.99403230248514
1,EV_B07_C021_Moto_Lineal_Electrica,5.0,86.61991343889633,-1.0,45.99403230248514
1,EV_B07_C021_Moto_Lineal_Electrica,4.0,86.61991343889633,-1.0,45.99403230248514
1,EV_B07_C021_Moto_Lineal_Electrica,3.0,86.61991343889633,-1.0,45.99403230248514
1,EV_B07_C021_Moto_Lineal_Electrica,2.0,86.61991343889633,-1.0,45.99403230248514
1,EV_B07_C021_Moto_Lineal_Electrica,1.0,86.61991343889633,-1.0,45.99403230248514
1,EV_B07_C021_Moto_Lineal_Electrica,0.0,86.61991343889633,-1.0,45.99403230248514
3,NONE,-1.0,-0.1,-1.0,-0.1
3,NONE,-1.0,-0.1,-1.0,-0.1
3,NONE,-1.0,-0.1,-1.0,-0.1
3,NONE,-1.0,-0.1,-1.0,-0.1
3,NONE,-1.0,-0.1,-1.0,-0.1
3,NONE,-1.0,-0.1,-1.0,-0.1
3,NONE,-1.0,-0.1,-1.0,-0.1
3,NONE,-1.0,-0.1,-1.0,-0.1
3,NONE,-1.0,-0.1,-1.0,-0.1
3,NONE,-1.0,-0.1,-1.0,-0.1
3,NONE,-1.0,-0.1,-1.0,-0.1
3,NONE,-1.0,-0.1,-1.0,-0.1
3,NONE,-1.0,-0.1,-1.0,-0.1
3,NONE,-1.0,-0.1,-1.0,-0.1
3,NONE,-1.0,-0.1,-1.0,-0.1
2,EV_B07_C021_Moto_Lineal_Electrica,-1.0,-0.1,7.0,30.176046779474692
1,EV_B07_C021_Moto_Lineal_Electrica,7.0,80.85704692887012,-1.0,30.176046779474692
1,EV_B07_C021_Moto_Lineal_Electrica,6.0,80.85704692887012,-1.0,30.176046779474692
1,EV_B07_C021_Moto_Lineal_Electrica,5.0,80.85704692887012,-1.0,30.176046779474692
1,EV_B07_C021_Moto_Lineal_Electrica,4.0,80.85704692887012,-1.0,30.176046779474692
1,EV_B07_C021_Moto_Lineal_Electrica,3.0,80.85704692887012,-1.0,30.176046779474692
1,EV_B07_C021_Moto_Lineal_Electrica,2.0,80.85704692887012,-1.0,30.176046779474692
1,EV_B07_C021_Moto_Lineal_Electrica,1.0,80.85704692887012,-1.0,30.176046779474692
1,EV_B07_C021_Moto_Lineal_Electrica,0.0,80.85704692887012,-1.0,30.176046779474692
3,NONE,-1.0,-0.1,-1.0,-0.1
3,NONE,-1.0,-0.1,-1.0,-0.1
3,NONE,-1.0,-0.1,-1.0,-0.1
3,NONE,-1.0,-0.1,-1.0,-0.1
3,NONE,-1.0,-0.1,-1.0,-0.1
3,NONE,-1.0,-0.1,-1.0,-0.1
3,NONE,-1.0,-0.1,-1.0,-0.1
3,NONE,-1.0,-0.1,-1.0,-0.1
3,NONE,-1.0,-0.1,-1.0,-0.1
3,NONE,-1.0,-0.1,-1.0,-0.1
3,NONE,-1.0,-0.1,-1.0,-0.1
3,NONE,-1.0,-0.1,-1.0,-0.1
3,NONE,-1.0,-0.1,-1.0,-0.1
3,NONE,-1.0,-0.1,-1.0,-0.1
3,NONE,-1.0,-0.1,-1.0,-0.1
3,NONE,-1.0,-0.1,-1.0,-0.1
3,NONE,-1.0,-0.1,-1.0,-0.1
3,NONE,-1.0,-0.1,-1.0,-0.1
3,NONE,-1.0,-0.1,-1.0,-0.1
3,NONE,-1.0,-0.1,-1.0,-0.1
3,NONE,-1.0,-0.1,-1.0,-0.1
3,NONE,-1.0,-0.1,-1.0,-0.1
3,NONE,-1.0,-0.1,-1.0,-0.1
3,NONE,-1.0,-0.1,-1.0,-0.1
3,NONE,-1.0,-0.1,-1.0,-0.1
3,NONE,-1.0,-0.1,-1.0,-0.1
3,NONE,-1.0,-0.1,-1.0,-0.1
3,NONE,-1.0,-0.1,-1.0,-0.1
3,NONE,-1.0,-0.1,-1.0,-0.1
3,NONE,-1.0,-0.1,-1.0,-0.1
3,NONE,-1.0,-0.1,-1.0,-0.1
3,NONE,-1.0,-0.1,-1.0,-0.1
3,NONE,-1.0,-0.1,-1.0,-0.1
3,NONE,-1.0,-0.1,-1.0,-0.1
3,NONE,-1.0,-0.1,-1.0,-0.1
3,NONE,-1.0,-0.1,-1.0,-0.1
3,NONE,-1.0,-0.1,-1.0,-0.1
3,NONE,-1.0,-0.1,-1.0,-0.1
3,NONE,-1.0,-0.1,-1.0,-0.1
3,NONE,-1.0,-0.1,-1.0,-0.1
3,NONE,-1.0,-0.1,-1.0,-0.1
3,NONE,-1.0,-0.1,-1.0,-0.1
3,NONE,-1.0,-0.1,-1.0,-0.1
3,NONE,-1.0,-0.1,-1.0,-0.1
3,NONE,-1.0,-0.1,-1.0,-0.1
3,NONE,-1.0,-0.1,-1.0,-0.1
3,NONE,-1.0,-0.1,-1.0,-0.1
3,NONE,-1.0,-0.1,-1.0,-0.1
3,NONE,-1.0,-0.1,-1.0,-0.1
3,NONE,-1.0,-0.1,-1.0,-0.1
3,NONE,-1.0,-0.1,-1.0,-0.1
3,NONE,-1.0,-0.1,-1.0,-0.1
3,NONE,-1.0,-0.1,-1.0,-0.1
3,NONE,-1.0,-0.1,-1.0,-0.1
3,NONE,-1.0,-0.1,-1.0,-0.1
3,NONE,-1.0,-0.1,-1.0,-0.1
3,NONE,-1.0,-0.1,-1.0,-0.1
3,NONE,-1.0,-0.1,-1.0,-0.1
3,NONE,-1.0,-0.1,-1.0,-0.1
3,NONE,-1.0,-0.1,-1.0,-0.1
3,NONE,-1.0,-0.1,-1.0,-0.1
3,NONE,-1.0,-0.1,-1.0,-0.1
3,NONE,-1.0,-0.1,-1.0,-0.1
3,NONE,-1.0,-0.1,-1.0,-0.1
3,NONE,-1.0,-0.1,-1.0,-0.1
3,NONE,-1.0,-0.1,-1.0,-0.1
3,NONE,-1.0,-0.1,-1.0,-0.1
3,NONE,-1.0,-0.1,-1.0,-0.1
3,NONE,-1.0,-0.1,-1.0,-0.1
3,NONE,-1.0,-0.1,-1.0,-0.1
3,NONE,-1.0,-0.1,-1.0,-0.1
3,NONE,-1.0,-0.1,-1.0,-0.1
3,NONE,-1.0,-0.1,-1.0,-0.1
3,NONE,-1.0,-0.1,-1.0,-0.1
3,NONE,-1.0,-0.1,-1.0,-0.1
3,NONE,-1.0,-0.1,-1.0,-0.1
3,NONE,-1.0,-0.1,-1.0,-0.1
3,NONE,-1.0,-0.1,-1.0,-0.1
3,NONE,-1.0,-0.1,-1.0,-0.1
3,NONE,-1.0,-0.1,-1.0,-0.1
3,NONE,-1.0,-0.1,-1.0,-0.1
3,NONE,-1.0,-0.1,-1.0,-0.1
3,NONE,-1.0,-0.1,-1.0,-0.1
3,NONE,-1.0,-0.1,-1.0,-0.1
3,NONE,-1.0,-0.1,-1.0,-0.1
3,NONE,-1.0,-0.1,-1.0,-0.1
3,NONE,-1.0,-0.1,-1.0,-0.1
3,NONE,-1.0,-0.1,-1.0,-0.1
3,NONE,-1.0,-0.1,-1.0,-0.1
3,NONE,-1.0,-0.1,-1.0,-0.1
3,NONE,-1.0,-0.1,-1.0,-0.1
3,NONE,-1.0,-0.1,-1.0,-0.1
3,NONE,-1.0,-0.1,-1.0,-0.1
3,NONE,-1.0,-0.1,-1.0,-0.1
3,NONE,-1.0,-0.1,-1.0,-0.1
3,NONE,-1.0,-0.1,-1.0,-0.1
3,NONE,-1.0,-0.1,-1.0,-0.1
3,NONE,-1.0,-0.1,-1.0,-0.1
3,NONE,-1.0,-0.1,-1.0,-0.1
3,NONE,-1.0,-0.1,-1.0,-0.1
3,NONE,-1.0,-0.1,-1.0,-0.1
3,NONE,-1.0,-0.1,-1.0,-0.1
3,NONE,-1.0,-0.1,-1.0,-0.1
3,NONE,-1.0,-0.1,-1.0,-0.1
3,NONE,-1.0,-0.1,-1.0,-0.1
3,NONE,-1.0,-0.1,-1.0,-0.1
3,NONE,-1.0,-0.1,-1.0,-0.1
3,NONE,-1.0,-0.1,-1.0,-0.1
3,NONE,-1.0,-0.1,-1.0,-0.1
3,NONE,-1.0,-0.1,-1.0,-0.1
3,NONE,-1.0,-0.1,-1.0,-0.1
3,NONE,-1.0,-0.1,-1.0,-0.1
3,NONE,-1.0,-0.1,-1.0,-0.1
3,NONE,-1.0,-0.1,-1.0,-0.1
3,NONE,-1.0,-0.1,-1.0,-0.1
3,NONE,-1.0,-0.1,-1.0,-0.1
3,NONE,-1.0,-0.1,-1.0,-0.1
3,NONE,-1.0,-0.1,-1.0,-0.1
3,NONE,-1.0,-0.1,-1.0,-0.1
3,NONE,-1.0,-0.1,-1.0,-0.1
3,NONE,-1.0,-0.1,-1.0,-0.1
3,NONE,-1.0,-0.1,-1.0,-0.1
3,NONE,-1.0,-0.1,-1.0,-0.1
3,NONE,-1.0,-0.1,-1.0,-0.1
3,NONE,-1.0,-0.1,-1.0,-0.1
3,NONE,-1.0,-0.1,-1.0,-0.1
3,NONE,-1.0,-0.1,-1.0,-0.1
3,NONE,-1.0,-0.1,-1.0,-0.1
3,NONE,-1.0,-0.1,-1.0,-0.1
3,NONE,-1.0,-0.1,-1.0,-0.1
3,NONE,-1.0,-0.1,-1.0,-0.1
3,NONE,-1.0,-0.1,-1.0,-0.1
3,NONE,-1.0,-0.1,-1.0,-0.1
3,NONE,-1.0,-0.1,-1.0,-0.1
3,NONE,-1.0,-0.1,-1.0,-0.1
3,NONE,-1.0,-0.1,-1.0,-0.1
2,EV_B07_C021_Moto_Lineal_Electrica,-1.0,-0.1,8.0,17.8998330027
1,EV_B07_C021_Moto_Lineal_Electrica,6.0,91.6950221514719,-1.0,17.8998330027
1,EV_B07_C021_Moto_Lineal_Electrica,5.0,91.6950221514719,-1.0,17.8998330027
1,EV_B07_C021_Moto_Lineal_Electrica,4.0,91.6950221514719,-1.0,17.8998330027
1,EV_B07_C021_Moto_Lineal_Electrica,3.0,91.6950221514719,-1.0,17.8998330027
1,EV_B07_C021_Moto_Lineal_Electrica,2.0,91.6950221514719,-1.0,17.8998330027
1,EV_B07_C021_Moto_Lineal_Electrica,1.0,91.6950221514719,-1.0,17.8998330027
1,EV_B07_C021_Moto_Lineal_Electrica,0.0,91.6950221514719,-1.0,17.8998330027
3,NONE,-1.0,-0.1,-1.0,-0.1
3,NONE,-1.0,-0.1,-1.0,-0.1
3,NONE,-1.0,-0.1,-1.0,-0.1
3,NONE,-1.0,-0.1,-1.0,-0.1
3,NONE,-1.0,-0.1,-1.0,-0.1
3,NONE,-1.0,-0.1,-1.0,-0.1
3,NONE,-1.0,-0.1,-1.0,-0.1
3,NONE,-1.0,-0.1,-1.0,-0.1
3,NONE,-1.0,-0.1,-1.0,-0.1
3,NONE,-1.0,-0.1,-1.0,-0.1
3,NONE,-1.0,-0.1,-1.0,-0.1
3,NONE,-1.0,-0.1,-1.0,-0.1
3,NONE,-1.0,-0.1,-1.0,-0.1
3,NONE,-1.0,-0.1,-1.0,-0.1
3,NONE,-1.0,-0.1,-1.0,-0.1
3,NONE,-1.0,-0.1,-1.0,-0.1
3,NONE,-1.0,-0.1,-1.0,-0.1
3,NONE,-1.0,-0.1,-1.0,-0.1
3,NONE,-1.0,-0.1,-1.0,-0.1
3,NONE,-1.0,-0.1,-1.0,-0.1
3,NONE,-1.0,-0.1,-1.0,-0.1
3,NONE,-1.0,-0.1,-1.0,-0.1
3,NONE,-1.0,-0.1,-1.0,-0.1
3,NONE,-1.0,-0.1,-1.0,-0.1
3,NONE,-1.0,-0.1,-1.0,-0.1
3,NONE,-1.0,-0.1,-1.0,-0.1
3,NONE,-1.0,-0.1,-1.0,-0.1
3,NONE,-1.0,-0.1,-1.0,-0.1
3,NONE,-1.0,-0.1,-1.0,-0.1
3,NONE,-1.0,-0.1,-1.0,-0.1
3,NONE,-1.0,-0.1,-1.0,-0.1
3,NONE,-1.0,-0.1,-1.0,-0.1
3,NONE,-1.0,-0.1,-1.0,-0.1
3,NONE,-1.0,-0.1,-1.0,-0.1
3,NONE,-1.0,-0.1,-1.0,-0.1
3,NONE,-1.0,-0.1,-1.0,-0.1
3,NONE,-1.0,-0.1,-1.0,-0.1
3,NONE,-1.0,-0.1,-1.0,-0.1
3,NONE,-1.0,-0.1,-1.0,-0.1
3,NONE,-1.0,-0.1,-1.0,-0.1
2,EV_B07_C021_Moto_Lineal_Electrica,-1.0,-0.1,8.0,56.20681552025077
1,EV_B07_C021_Moto_Lineal_Electrica,6.0,86.3363196445767,-1.0,56.20681552025077
1,EV_B07_C021_Moto_Lineal_Electrica,5.0,86.3363196445767,-1.0,56.20681552025077
1,EV_B07_C021_Moto_Lineal_Electrica,4.0,86.3363196445767,-1.0,56.20681552025077
1,EV_B07_C021_Moto_Lineal_Electrica,3.0,86.3363196445767,-1.0,56.20681552025077
1,EV_B07_C021_Moto_Lineal_Electrica,2.0,86.3363196445767,-1.0,56.20681552025077
1,EV_B07_C021_Moto_Lineal_Electrica,1.0,86.3363196445767,-1.0,56.20681552025077
1,EV_B07_C021_Moto_Lineal_Electrica,0.0,86.3363196445767,-1.0,56.20681552025077
3,NONE,-1.0,-0.1,-1.0,-0.1
3,NONE,-1.0,-0.1,-1.0,-0.1
3,NONE,-1.0,-0.1,-1.0,-0.1
3,NONE,-1.0,-0.1,-1.0,-0.1
3,NONE,-1.0,-0.1,-1.0,-0.1
3,NONE,-1.0,-0.1,-1.0,-0.1
3,NONE,-1.0,-0.1,-1.0,-0.1
3,NONE,-1.0,-0.1,-1.0,-0.1
3,NONE,-1.0,-0.1,-1.0,-0.1
3,NONE,-1.0,-0.1,-1.0,-0.1
3,NONE,-1.0,-0.1,-1.0,-0.1
3,NONE,-1.0,-0.1,-1.0,-0.1
3,NONE,-1.0,-0.1,-1.0,-0.1
3,NONE,-1.0,-0.1,-1.0,-0.1
3,NONE,-1.0,-0.1,-1.0,-0.1
3,NONE,-1.0,-0.1,-1.0,-0.1
3,NONE,-1.0,-0.1,-1.0,-0.1
2,EV_B07_C021_Moto_Lineal_Electrica,-1.0,-0.1,9.0,7.646170647379236
1,EV_B07_C021_Moto_Lineal_Electrica,5.0,84.3183275123707,-1.0,7.646170647379236
1,EV_B07_C021_Moto_Lineal_Electrica,4.0,84.3183275123707,-1.0,7.646170647379236
1,EV_B07_C021_Moto_Lineal_Electrica,3.0,84.3183275123707,-1.0,7.646170647379236
1,EV_B07_C021_Moto_Lineal_Electrica,2.0,84.3183275123707,-1.0,7.646170647379236
1,EV_B07_C021_Moto_Lineal_Electrica,1.0,84.3183275123707,-1.0,7.646170647379236
1,EV_B07_C021_Moto_Lineal_Electrica,0.0,84.3183275123707,-1.0,7.646170647379236
3,NONE,-1.0,-0.1,-1.0,-0.1
3,NONE,-1.0,-0.1,-1.0,-0.1
3,NONE,-1.0,-0.1,-1.0,-0.1
3,NONE,-1.0,-0.1,-1.0,-0.1
3,NONE,-1.0,-0.1,-1.0,-0.1
3,NONE,-1.0,-0.1,-1.0,-0.1
3,NONE,-1.0,-0.1,-1.0,-0.1
3,NONE,-1.0,-0.1,-1.0,-0.1
3,NONE,-1.0,-0.1,-1.0,-0.1
3,NONE,-1.0,-0.1,-1.0,-0.1
3,NONE,-1.0,-0.1,-1.0,-0.1
3,NONE,-1.0,-0.1,-1.0,-0.1
3,NONE,-1.0,-0.1,-1.0,-0.1
3,NONE,-1.0,-0.1,-1.0,-0.1
3,NONE,-1.0,-0.1,-1.0,-0.1
3,NONE,-1.0,-0.1,-1.0,-0.1
3,NONE,-1.0,-0.1,-1.0,-0.1
3,NONE,-1.0,-0.1,-1.0,-0.1
3,NONE,-1.0,-0.1,-1.0,-0.1
3,NONE,-1.0,-0.1,-1.0,-0.1
3,NONE,-1.0,-0.1,-1.0,-0.1
3,NONE,-1.0,-0.1,-1.0,-0.1
3,NONE,-1.0,-0.1,-1.0,-0.1
3,NONE,-1.0,-0.1,-1.0,-0.1
3,NONE,-1.0,-0.1,-1.0,-0.1
3,NONE,-1.0,-0.1,-1.0,-0.1
3,NONE,-1.0,-0.1,-1.0,-0.1
3,NONE,-1.0,-0.1,-1.0,-0.1
3,NONE,-1.0,-0.1,-1.0,-0.1
3,NONE,-1.0,-0.1,-1.0,-0.1
3,NONE,-1.0,-0.1,-1.0,-0.1
3,NONE,-1.0,-0.1,-1.0,-0.1
3,NONE,-1.0,-0.1,-1.0,-0.1
3,NONE,-1.0,-0.1,-1.0,-0.1
3,NONE,-1.0,-0.1,-1.0,-0.1
3,NONE,-1.0,-0.1,-1.0,-0.1
3,NONE,-1.0,-0.1,-1.0,-0.1
3,NONE,-1.0,-0.1,-1.0,-0.1
3,NONE,-1.0,-0.1,-1.0,-0.1
3,NONE,-1.0,-0.1,-1.0,-0.1
3,NONE,-1.0,-0.1,-1.0,-0.1
3,NONE,-1.0,-0.1,-1.0,-0.1
3,NONE,-1.0,-0.1,-1.0,-0.1
3,NONE,-1.0,-0.1,-1.0,-0.1
3,NONE,-1.0,-0.1,-1.0,-0.1
3,NONE,-1.0,-0.1,-1.0,-0.1
3,NONE,-1.0,-0.1,-1.0,-0.1
3,NONE,-1.0,-0.1,-1.0,-0.1
3,NONE,-1.0,-0.1,-1.0,-0.1
3,NONE,-1.0,-0.1,-1.0,-0.1
3,NONE,-1.0,-0.1,-1.0,-0.1
3,NONE,-1.0,-0.1,-1.0,-0.1
3,NONE,-1.0,-0.1,-1.0,-0.1
3,NONE,-1.0,-0.1,-1.0,-0.1
3,NONE,-1.0,-0.1,-1.0,-0.1
3,NONE,-1.0,-0.1,-1.0,-0.1
3,NONE,-1.0,-0.1,-1.0,-0.1
3,NONE,-1.0,-0.1,-1.0,-0.1
3,NONE,-1.0,-0.1,-1.0,-0.1
3,NONE,-1.0,-0.1,-1.0,-0.1
3,NONE,-1.0,-0.1,-1.0,-0.1
3,NONE,-1.0,-0.1,-1.0,-0.1
3,NONE,-1.0,-0.1,-1.0,-0.1
3,NONE,-1.0,-0.1,-1.0,-0.1
3,NONE,-1.0,-0.1,-1.0,-0.1
3,NONE,-1.0,-0.1,-1.0,-0.1
3,NONE,-1.0,-0.1,-1.0,-0.1
3,NONE,-1.0,-0.1,-1.0,-0.1
3,NONE,-1.0,-0.1,-1.0,-0.1
3,NONE,-1.0,-0.1,-1.0,-0.1
3,NONE,-1.0,-0.1,-1.0,-0.1
3,NONE,-1.0,-0.1,-1.0,-0.1
3,NONE,-1.0,-0.1,-1.0,-0.1
3,NONE,-1.0,-0.1,-1.0,-0.1
3,NONE,-1.0,-0.1,-1.0,-0.1
3,NONE,-1.0,-0.1,-1.0,-0.1
3,NONE,-1.0,-0.1,-1.0,-0.1
3,NONE,-1.0,-0.1,-1.0,-0.1
3,NONE,-1.0,-0.1,-1.0,-0.1
3,NONE,-1.0,-0.1,-1.0,-0.1
3,NONE,-1.0,-0.1,-1.0,-0.1
3,NONE,-1.0,-0.1,-1.0,-0.1
3,NONE,-1.0,-0.1,-1.0,-0.1
3,NONE,-1.0,-0.1,-1.0,-0.1
3,NONE,-1.0,-0.1,-1.0,-0.1
3,NONE,-1.0,-0.1,-1.0,-0.1
3,NONE,-1.0,-0.1,-1.0,-0.1
3,NONE,-1.0,-0.1,-1.0,-0.1
3,NONE,-1.0,-0.1,-1.0,-0.1
3,NONE,-1.0,-0.1,-1.0,-0.1
3,NONE,-1.0,-0.1,-1.0,-0.1
3,NONE,-1.0,-0.1,-1.0,-0.1
3,NONE,-1.0,-0.1,-1.0,-0.1
3,NONE,-1.0,-0.1,-1.0,-0.1
3,NONE,-1.0,-0.1,-1.0,-0.1
3,NONE,-1.0,-0.1,-1.0,-0.1
3,NONE,-1.0,-0.1,-1.0,-0.1
3,NONE,-1.0,-0.1,-1.0,-0.1
3,NONE,-1.0,-0.1,-1.0,-0.1
3,NONE,-1.0,-0.1,-1.0,-0.1
3,NONE,-1.0,-0.1,-1.0,-0.1
3,NONE,-1.0,-0.1,-1.0,-0.1
3,NONE,-1.0,-0.1,-1.0,-0.1
3,NONE,-1.0,-0.1,-1.0,-0.1
3,NONE,-1.0,-0.1,-1.0,-0.1
3,NONE,-1.0,-0.1,-1.0,-0.1
3,NONE,-1.0,-0.1,-1.0,-0.1
3,NONE,-1.0,-0.1,-1.0,-0.1
3,NONE,-1.0,-0.1,-1.0,-0.1
3,NONE,-1.0,-0.1,-1.0,-0.1
3,NONE,-1.0,-0.1,-1.0,-0.1
2,EV_B07_C021_Moto_Lineal_Electrica,-1.0,-0.1,7.0,36.79253188025719
1,EV_B07_C021_Moto_Lineal_Electrica,7.0,80.38248084578744,-1.0,36.79253188025719
1,EV_B07_C021_Moto_Lineal_Electrica,6.0,80.38248084578744,-1.0,36.79253188025719
1,EV_B07_C021_Moto_Lineal_Electrica,5.0,80.38248084578744,-1.0,36.79253188025719
1,EV_B07_C021_Moto_Lineal_Electrica,4.0,80.38248084578744,-1.0,36.79253188025719
1,EV_B07_C021_Moto_Lineal_Electrica,3.0,80.38248084578744,-1.0,36.79253188025719
1,EV_B07_C021_Moto_Lineal_Electrica,2.0,80.38248084578744,-1.0,36.79253188025719
1,EV_B07_C021_Moto_Lineal_Electrica,1.0,80.38248084578744,-1.0,36.79253188025719
1,EV_B07_C021_Moto_Lineal_Electrica,0.0,80.38248084578744,-1.0,36.79253188025719
3,NONE,-1.0,-0.1,-1.0,-0.1
3,NONE,-1.0,-0.1,-1.0,-0.1
3,NONE,-1.0,-0.1,-1.0,-0.1
3,NONE,-1.0,-0.1,-1.0,-0.1
3,NONE,-1.0,-0.1,-1.0,-0.1
3,NONE,-1.0,-0.1,-1.0,-0.1
3,NONE,-1.0,-0.1,-1.0,-0.1
3,NONE,-1.0,-0.1,-1.0,-0.1
3,NONE,-1.0,-0.1,-1.0,-0.1
3,NONE,-1.0,-0.1,-1.0,-0.1
3,NONE,-1.0,-0.1,-1.0,-0.1
3,NONE,-1.0,-0.1,-1.0,-0.1
3,NONE,-1.0,-0.1,-1.0,-0.1
3,NONE,-1.0,-0.1,-1.0,-0.1
3,NONE,-1.0,-0.1,-1.0,-0.1
3,NONE,-1.0,-0.1,-1.0,-0.1
3,NONE,-1.0,-0.1,-1.0,-0.1
3,NONE,-1.0,-0.1,-1.0,-0.1
3,NONE,-1.0,-0.1,-1.0,-0.1
3,NONE,-1.0,-0.1,-1.0,-0.1
3,NONE,-1.0,-0.1,-1.0,-0.1
3,NONE,-1.0,-0.1,-1.0,-0.1
3,NONE,-1.0,-0.1,-1.0,-0.1
3,NONE,-1.0,-0.1,-1.0,-0.1
3,NONE,-1.0,-0.1,-1.0,-0.1
3,NONE,-1.0,-0.1,-1.0,-0.1
3,NONE,-1.0,-0.1,-1.0,-0.1
3,NONE,-1.0,-0.1,-1.0,-0.1
3,NONE,-1.0,-0.1,-1.0,-0.1
3,NONE,-1.0,-0.1,-1.0,-0.1
3,NONE,-1.0,-0.1,-1.0,-0.1
3,NONE,-1.0,-0.1,-1.0,-0.1
3,NONE,-1.0,-0.1,-1.0,-0.1
3,NONE,-1.0,-0.1,-1.0,-0.1
3,NONE,-1.0,-0.1,-1.0,-0.1
3,NONE,-1.0,-0.1,-1.0,-0.1
3,NONE,-1.0,-0.1,-1.0,-0.1
3,NONE,-1.0,-0.1,-1.0,-0.1
3,NONE,-1.0,-0.1,-1.0,-0.1
3,NONE,-1.0,-0.1,-1.0,-0.1
2,EV_B07_C021_Moto_Lineal_Electrica,-1.0,-0.1,8.0,42.86373507588313
1,EV_B07_C021_Moto_Lineal_Electrica,6.0,81.21088035835945,-1.0,42.86373507588313
1,EV_B07_C021_Moto_Lineal_Electrica,5.0,81.21088035835945,-1.0,42.86373507588313
1,EV_B07_C021_Moto_Lineal_Electrica,4.0,81.21088035835945,-1.0,42.86373507588313
1,EV_B07_C021_Moto_Lineal_Electrica,3.0,81.21088035835945,-1.0,42.86373507588313
1,EV_B07_C021_Moto_Lineal_Electrica,2.0,81.21088035835945,-1.0,42.86373507588313
1,EV_B07_C021_Moto_Lineal_Electrica,1.0,81.21088035835945,-1.0,42.86373507588313
1,EV_B07_C021_Moto_Lineal_Electrica,0.0,81.21088035835945,-1.0,42.86373507588313
3,NONE,-1.0,-0.1,-1.0,-0.1
3,NONE,-1.0,-0.1,-1.0,-0.1
3,NONE,-1.0,-0.1,-1.0,-0.1
3,NONE,-1.0,-0.1,-1.0,-0.1
3,NONE,-1.0,-0.1,-1.0,-0.1
3,NONE,-1.0,-0.1,-1.0,-0.1
3,NONE,-1.0,-0.1,-1.0,-0.1
3,NONE,-1.0,-0.1,-1.0,-0.1
3,NONE,-1.0,-0.1,-1.0,-0.1
3,NONE,-1.0,-0.1,-1.0,-0.1
3,NONE,-1.0,-0.1,-1.0,-0.1
3,NONE,-1.0,-0.1,-1.0,-0.1
3,NONE,-1.0,-0.1,-1.0,-0.1
3,NONE,-1.0,-0.1,-1.0,-0.1
3,NONE,-1.0,-0.1,-1.0,-0.1
3,NONE,-1.0,-0.1,-1.0,-0.1
3,NONE,-1.0,-0.1,-1.0,-0.1
3,NONE,-1.0,-0.1,-1.0,-0.1
3,NONE,-1.0,-0.1,-1.0,-0.1
3,NONE,-1.0,-0.1,-1.0,-0.1
3,NONE,-1.0,-0.1,-1.0,-0.1
3,NONE,-1.0,-0.1,-1.0,-0.1
3,NONE,-1.0,-0.1,-1.0,-0.1
3,NONE,-1.0,-0.1,-1.0,-0.1
3,NONE,-1.0,-0.1,-1.0,-0.1
3,NONE,-1.0,-0.1,-1.0,-0.1
3,NONE,-1.0,-0.1,-1.0,-0.1
3,NONE,-1.0,-0.1,-1.0,-0.1
3,NONE,-1.0,-0.1,-1.0,-0.1
3,NONE,-1.0,-0.1,-1.0,-0.1
3,NONE,-1.0,-0.1,-1.0,-0.1
3,NONE,-1.0,-0.1,-1.0,-0.1
3,NONE,-1.0,-0.1,-1.0,-0.1
3,NONE,-1.0,-0.1,-1.0,-0.1
3,NONE,-1.0,-0.1,-1.0,-0.1
3,NONE,-1.0,-0.1,-1.0,-0.1
3,NONE,-1.0,-0.1,-1.0,-0.1
3,NONE,-1.0,-0.1,-1.0,-0.1
3,NONE,-1.0,-0.1,-1.0,-0.1
3,NONE,-1.0,-0.1,-1.0,-0.1
3,NONE,-1.0,-0.1,-1.0,-0.1
3,NONE,-1.0,-0.1,-1.0,-0.1
3,NONE,-1.0,-0.1,-1.0,-0.1
3,NONE,-1.0,-0.1,-1.0,-0.1
3,NONE,-1.0,-0.1,-1.0,-0.1
3,NONE,-1.0,-0.1,-1.0,-0.1
3,NONE,-1.0,-0.1,-1.0,-0.1
3,NONE,-1.0,-0.1,-1.0,-0.1
3,NONE,-1.0,-0.1,-1.0,-0.1
3,NONE,-1.0,-0.1,-1.0,-0.1
3,NONE,-1.0,-0.1,-1.0,-0.1
3,NONE,-1.0,-0.1,-1.0,-0.1
3,NONE,-1.0,-0.1,-1.0,-0.1
3,NONE,-1.0,-0.1,-1.0,-0.1
3,NONE,-1.0,-0.1,-1.0,-0.1
3,NONE,-1.0,-0.1,-1.0,-0.1
3,NONE,-1.0,-0.1,-1.0,-0.1
3,NONE,-1.0,-0.1,-1.0,-0.1
3,NONE,-1.0,-0.1,-1.0,-0.1
3,NONE,-1.0,-0.1,-1.0,-0.1
3,NONE,-1.0,-0.1,-1.0,-0.1
3,NONE,-1.0,-0.1,-1.0,-0.1
3,NONE,-1.0,-0.1,-1.0,-0.1
3,NONE,-1.0,-0.1,-1.0,-0.1
3,NONE,-1.0,-0.1,-1.0,-0.1
3,NONE,-1.0,-0.1,-1.0,-0.1
3,NONE,-1.0,-0.1,-1.0,-0.1
3,NONE,-1.0,-0.1,-1.0,-0.1
3,NONE,-1.0,-0.1,-1.0,-0.1
3,NONE,-1.0,-0.1,-1.0,-0.1
3,NONE,-1.0,-0.1,-1.0,-0.1
3,NONE,-1.0,-0.1,-1.0,-0.1
3,NONE,-1.0,-0.1,-1.0,-0.1
3,NONE,-1.0,-0.1,-1.0,-0.1
3,NONE,-1.0,-0.1,-1.0,-0.1
3,NONE,-1.0,-0.1,-1.0,-0.1
3,NONE,-1.0,-0.1,-1.0,-0.1
3,NONE,-1.0,-0.1,-1.0,-0.1
3,NONE,-1.0,-0.1,-1.0,-0.1
3,NONE,-1.0,-0.1,-1.0,-0.1
3,NONE,-1.0,-0.1,-1.0,-0.1
3,NONE,-1.0,-0.1,-1.0,-0.1
3,NONE,-1.0,-0.1,-1.0,-0.1
3,NONE,-1.0,-0.1,-1.0,-0.1
3,NONE,-1.0,-0.1,-1.0,-0.1
3,NONE,-1.0,-0.1,-1.0,-0.1
3,NONE,-1.0,-0.1,-1.0,-0.1
3,NONE,-1.0,-0.1,-1.0,-0.1
3,NONE,-1.0,-0.1,-1.0,-0.1
2,EV_B07_C021_Moto_Lineal_Electrica,-1.0,-0.1,9.0,50.11223791172558
1,EV_B07_C021_Moto_Lineal_Electrica,5.0,76.93677652561287,-1.0,50.11223791172558
1,EV_B07_C021_Moto_Lineal_Electrica,4.0,76.93677652561287,-1.0,50.11223791172558
1,EV_B07_C021_Moto_Lineal_Electrica,3.0,76.93677652561287,-1.0,50.11223791172558
1,EV_B07_C021_Moto_Lineal_Electrica,2.0,76.93677652561287,-1.0,50.11223791172558
1,EV_B07_C021_Moto_Lineal_Electrica,1.0,76.93677652561287,-1.0,50.11223791172558
1,EV_B07_C021_Moto_Lineal_Electrica,0.0,76.93677652561287,-1.0,50.11223791172558
3,NONE,-1.0,-0.1,-1.0,-0.1
3,NONE,-1.0,-0.1,-1.0,-0.1
3,NONE,-1.0,-0.1,-1.0,-0.1
3,NONE,-1.0,-0.1,-1.0,-0.1
3,NONE,-1.0,-0.1,-1.0,-0.1
3,NONE,-1.0,-0.1,-1.0,-0.1
3,NONE,-1.0,-0.1,-1.0,-0.1
3,NONE,-1.0,-0.1,-1.0,-0.1
3,NONE,-1.0,-0.1,-1.0,-0.1
3,NONE,-1.0,-0.1,-1.0,-0.1
3,NONE,-1.0,-0.1,-1.0,-0.1
3,NONE,-1.0,-0.1,-1.0,-0.1
3,NONE,-1.0,-0.1,-1.0,-0.1
3,NONE,-1.0,-0.1,-1.0,-0.1
3,NONE,-1.0,-0.1,-1.0,-0.1
3,NONE,-1.0,-0.1,-1.0,-0.1
3,NONE,-1.0,-0.1,-1.0,-0.1
3,NONE,-1.0,-0.1,-1.0,-0.1
3,NONE,-1.0,-0.1,-1.0,-0.1
3,NONE,-1.0,-0.1,-1.0,-0.1
3,NONE,-1.0,-0.1,-1.0,-0.1
3,NONE,-1.0,-0.1,-1.0,-0.1
3,NONE,-1.0,-0.1,-1.0,-0.1
3,NONE,-1.0,-0.1,-1.0,-0.1
3,NONE,-1.0,-0.1,-1.0,-0.1
3,NONE,-1.0,-0.1,-1.0,-0.1
3,NONE,-1.0,-0.1,-1.0,-0.1
3,NONE,-1.0,-0.1,-1.0,-0.1
3,NONE,-1.0,-0.1,-1.0,-0.1
3,NONE,-1.0,-0.1,-1.0,-0.1
3,NONE,-1.0,-0.1,-1.0,-0.1
3,NONE,-1.0,-0.1,-1.0,-0.1
3,NONE,-1.0,-0.1,-1.0,-0.1
3,NONE,-1.0,-0.1,-1.0,-0.1
3,NONE,-1.0,-0.1,-1.0,-0.1
3,NONE,-1.0,-0.1,-1.0,-0.1
3,NONE,-1.0,-0.1,-1.0,-0.1
3,NONE,-1.0,-0.1,-1.0,-0.1
3,NONE,-1.0,-0.1,-1.0,-0.1
2,EV_B07_C021_Moto_Lineal_Electrica,-1.0,-0.1,7.0,21.711840684911202
1,EV_B07_C021_Moto_Lineal_Electrica,7.0,90.98989307508417,-1.0,21.711840684911202
1,EV_B07_C021_Moto_Lineal_Electrica,6.0,90.98989307508417,-1.0,21.711840684911202
1,EV_B07_C021_Moto_Lineal_Electrica,5.0,90.98989307508417,-1.0,21.711840684911202
1,EV_B07_C021_Moto_Lineal_Electrica,4.0,90.98989307508417,-1.0,21.711840684911202
1,EV_B07_C021_Moto_Lineal_Electrica,3.0,90.98989307508417,-1.0,21.711840684911202
1,EV_B07_C021_Moto_Lineal_Electrica,2.0,90.98989307508417,-1.0,21.711840684911202
1,EV_B07_C021_Moto_Lineal_Electrica,1.0,90.98989307508417,-1.0,21.711840684911202
1,EV_B07_C021_Moto_Lineal_Electrica,0.0,90.98989307508417,-1.0,21.711840684911202
3,NONE,-1.0,-0.1,-1.0,-0.1
3,NONE,-1.0,-0.1,-1.0,-0.1
3,NONE,-1.0,-0.1,-1.0,-0.1
3,NONE,-1.0,-0.1,-1.0,-0.1
3,NONE,-1.0,-0.1,-1.0,-0.1
3,NONE,-1.0,-0.1,-1.0,-0.1
3,NONE,-1.0,-0.1,-1.0,-0.1
3,NONE,-1.0,-0.1,-1.0,-0.1
3,NONE,-1.0,-0.1,-1.0,-0.1
3,NONE,-1.0,-0.1,-1.0,-0.1
3,NONE,-1.0,-0.1,-1.0,-0.1
3,NONE,-1.0,-0.1,-1.0,-0.1
3,NONE,-1.0,-0.1,-1.0,-0.1
3,NONE,-1.0,-0.1,-1.0,-0.1
3,NONE,-1.0,-0.1,-1.0,-0.1
3,NONE,-1.0,-0.1,-1.0,-0.1
2,EV_B07_C021_Moto_Lineal_Electrica,-1.0,-0.1,8.0,21.01681177439986
1,EV_B07_C021_Moto_Lineal_Electrica,6.0,88.45644134729284,-1.0,21.01681177439986
1,EV_B07_C021_Moto_Lineal_Electrica,5.0,88.45644134729284,-1.0,21.01681177439986
1,EV_B07_C021_Moto_Lineal_Electrica,4.0,88.45644134729284,-1.0,21.01681177439986
1,EV_B07_C021_Moto_Lineal_Electrica,3.0,88.45644134729284,-1.0,21.01681177439986
1,EV_B07_C021_Moto_Lineal_Electrica,2.0,88.45644134729284,-1.0,21.01681177439986
1,EV_B07_C021_Moto_Lineal_Electrica,1.0,88.45644134729284,-1.0,21.01681177439986
1,EV_B07_C021_Moto_Lineal_Electrica,0.0,88.45644134729284,-1.0,21.01681177439986
3,NONE,-1.0,-0.1,-1.0,-0.1
3,NONE,-1.0,-0.1,-1.0,-0.1
3,NONE,-1.0,-0.1,-1.0,-0.1
3,NONE,-1.0,-0.1,-1.0,-0.1
3,NONE,-1.0,-0.1,-1.0,-0.1
3,NONE,-1.0,-0.1,-1.0,-0.1
3,NONE,-1.0,-0.1,-1.0,-0.1
3,NONE,-1.0,-0.1,-1.0,-0.1
3,NONE,-1.0,-0.1,-1.0,-0.1
3,NONE,-1.0,-0.1,-1.0,-0.1
3,NONE,-1.0,-0.1,-1.0,-0.1
3,NONE,-1.0,-0.1,-1.0,-0.1
3,NONE,-1.0,-0.1,-1.0,-0.1
3,NONE,-1.0,-0.1,-1.0,-0.1
3,NONE,-1.0,-0.1,-1.0,-0.1
3,NONE,-1.0,-0.1,-1.0,-0.1
3,NONE,-1.0,-0.1,-1.0,-0.1
3,NONE,-1.0,-0.1,-1.0,-0.1
3,NONE,-1.0,-0.1,-1.0,-0.1
3,NONE,-1.0,-0.1,-1.0,-0.1
3,NONE,-1.0,-0.1,-1.0,-0.1
3,NONE,-1.0,-0.1,-1.0,-0.1
3,NONE,-1.0,-0.1,-1.0,-0.1
3,NONE,-1.0,-0.1,-1.0,-0.1
3,NONE,-1.0,-0.1,-1.0,-0.1
3,NONE,-1.0,-0.1,-1.0,-0.1
3,NONE,-1.0,-0.1,-1.0,-0.1
3,NONE,-1.0,-0.1,-1.0,-0.1
3,NONE,-1.0,-0.1,-1.0,-0.1
3,NONE,-1.0,-0.1,-1.0,-0.1
3,NONE,-1.0,-0.1,-1.0,-0.1
3,NONE,-1.0,-0.1,-1.0,-0.1
3,NONE,-1.0,-0.1,-1.0,-0.1
3,NONE,-1.0,-0.1,-1.0,-0.1
3,NONE,-1.0,-0.1,-1.0,-0.1
3,NONE,-1.0,-0.1,-1.0,-0.1
3,NONE,-1.0,-0.1,-1.0,-0.1
3,NONE,-1.0,-0.1,-1.0,-0.1
3,NONE,-1.0,-0.1,-1.0,-0.1
3,NONE,-1.0,-0.1,-1.0,-0.1
3,NONE,-1.0,-0.1,-1.0,-0.1
3,NONE,-1.0,-0.1,-1.0,-0.1
3,NONE,-1.0,-0.1,-1.0,-0.1
3,NONE,-1.0,-0.1,-1.0,-0.1
3,NONE,-1.0,-0.1,-1.0,-0.1
3,NONE,-1.0,-0.1,-1.0,-0.1
3,NONE,-1.0,-0.1,-1.0,-0.1
3,NONE,-1.0,-0.1,-1.0,-0.1
3,NONE,-1.0,-0.1,-1.0,-0.1
3,NONE,-1.0,-0.1,-1.0,-0.1
3,NONE,-1.0,-0.1,-1.0,-0.1
3,NONE,-1.0,-0.1,-1.0,-0.1
3,NONE,-1.0,-0.1,-1.0,-0.1
3,NONE,-1.0,-0.1,-1.0,-0.1
3,NONE,-1.0,-0.1,-1.0,-0.1
3,NONE,-1.0,-0.1,-1.0,-0.1
3,NONE,-1.0,-0.1,-1.0,-0.1
3,NONE,-1.0,-0.1,-1.0,-0.1
3,NONE,-1.0,-0.1,-1.0,-0.1
3,NONE,-1.0,-0.1,-1.0,-0.1
3,NONE,-1.0,-0.1,-1.0,-0.1
3,NONE,-1.0,-0.1,-1.0,-0.1
3,NONE,-1.0,-0.1,-1.0,-0.1
3,NONE,-1.0,-0.1,-1.0,-0.1
2,EV_B07_C021_Moto_Lineal_Electrica,-1.0,-0.1,8.0,25.925551574811834
1,EV_B07_C021_Moto_Lineal_Electrica,6.0,93.85855524578774,-1.0,25.925551574811834
1,EV_B07_C021_Moto_Lineal_Electrica,5.0,93.85855524578774,-1.0,25.925551574811834
1,EV_B07_C021_Moto_Lineal_Electrica,4.0,93.85855524578774,-1.0,25.925551574811834
1,EV_B07_C021_Moto_Lineal_Electrica,3.0,93.85855524578774,-1.0,25.925551574811834
1,EV_B07_C021_Moto_Lineal_Electrica,2.0,93.85855524578774,-1.0,25.925551574811834
1,EV_B07_C021_Moto_Lineal_Electrica,1.0,93.85855524578774,-1.0,25.925551574811834
1,EV_B07_C021_Moto_Lineal_Electrica,0.0,93.85855524578774,-1.0,25.925551574811834
3,NONE,-1.0,-0.1,-1.0,-0.1
3,NONE,-1.0,-0.1,-1.0,-0.1
3,NONE,-1.0,-0.1,-1.0,-0.1
3,NONE,-1.0,-0.1,-1.0,-0.1
3,NONE,-1.0,-0.1,-1.0,-0.1
3,NONE,-1.0,-0.1,-1.0,-0.1
3,NONE,-1.0,-0.1,-1.0,-0.1
3,NONE,-1.0,-0.1,-1.0,-0.1
3,NONE,-1.0,-0.1,-1.0,-0.1
3,NONE,-1.0,-0.1,-1.0,-0.1
3,NONE,-1.0,-0.1,-1.0,-0.1
3,NONE,-1.0,-0.1,-1.0,-0.1
3,NONE,-1.0,-0.1,-1.0,-0.1
3,NONE,-1.0,-0.1,-1.0,-0.1
3,NONE,-1.0,-0.1,-1.0,-0.1
3,NONE,-1.0,-0.1,-1.0,-0.1
3,NONE,-1.0,-0.1,-1.0,-0.1
3,NONE,-1.0,-0.1,-1.0,-0.1
3,NONE,-1.0,-0.1,-1.0,-0.1
3,NONE,-1.0,-0.1,-1.0,-0.1
3,NONE,-1.0,-0.1,-1.0,-0.1
3,NONE,-1.0,-0.1,-1.0,-0.1
3,NONE,-1.0,-0.1,-1.0,-0.1
3,NONE,-1.0,-0.1,-1.0,-0.1
3,NONE,-1.0,-0.1,-1.0,-0.1
3,NONE,-1.0,-0.1,-1.0,-0.1
3,NONE,-1.0,-0.1,-1.0,-0.1
3,NONE,-1.0,-0.1,-1.0,-0.1
3,NONE,-1.0,-0.1,-1.0,-0.1
3,NONE,-1.0,-0.1,-1.0,-0.1
3,NONE,-1.0,-0.1,-1.0,-0.1
3,NONE,-1.0,-0.1,-1.0,-0.1
3,NONE,-1.0,-0.1,-1.0,-0.1
3,NONE,-1.0,-0.1,-1.0,-0.1
3,NONE,-1.0,-0.1,-1.0,-0.1
3,NONE,-1.0,-0.1,-1.0,-0.1
3,NONE,-1.0,-0.1,-1.0,-0.1
3,NONE,-1.0,-0.1,-1.0,-0.1
3,NONE,-1.0,-0.1,-1.0,-0.1
3,NONE,-1.0,-0.1,-1.0,-0.1
3,NONE,-1.0,-0.1,-1.0,-0.1
3,NONE,-1.0,-0.1,-1.0,-0.1
3,NONE,-1.0,-0.1,-1.0,-0.1
3,NONE,-1.0,-0.1,-1.0,-0.1
3,NONE,-1.0,-0.1,-1.0,-0.1
3,NONE,-1.0,-0.1,-1.0,-0.1
3,NONE,-1.0,-0.1,-1.0,-0.1
3,NONE,-1.0,-0.1,-1.0,-0.1
3,NONE,-1.0,-0.1,-1.0,-0.1
3,NONE,-1.0,-0.1,-1.0,-0.1
3,NONE,-1.0,-0.1,-1.0,-0.1
3,NONE,-1.0,-0.1,-1.0,-0.1
3,NONE,-1.0,-0.1,-1.0,-0.1
3,NONE,-1.0,-0.1,-1.0,-0.1
3,NONE,-1.0,-0.1,-1.0,-0.1
3,NONE,-1.0,-0.1,-1.0,-0.1
3,NONE,-1.0,-0.1,-1.0,-0.1
3,NONE,-1.0,-0.1,-1.0,-0.1
3,NONE,-1.0,-0.1,-1.0,-0.1
3,NONE,-1.0,-0.1,-1.0,-0.1
3,NONE,-1.0,-0.1,-1.0,-0.1
3,NONE,-1.0,-0.1,-1.0,-0.1
3,NONE,-1.0,-0.1,-1.0,-0.1
3,NONE,-1.0,-0.1,-1.0,-0.1
3,NONE,-1.0,-0.1,-1.0,-0.1
3,NONE,-1.0,-0.1,-1.0,-0.1
3,NONE,-1.0,-0.1,-1.0,-0.1
3,NONE,-1.0,-0.1,-1.0,-0.1
3,NONE,-1.0,-0.1,-1.0,-0.1
3,NONE,-1.0,-0.1,-1.0,-0.1
3,NONE,-1.0,-0.1,-1.0,-0.1
3,NONE,-1.0,-0.1,-1.0,-0.1
3,NONE,-1.0,-0.1,-1.0,-0.1
3,NONE,-1.0,-0.1,-1.0,-0.1
3,NONE,-1.0,-0.1,-1.0,-0.1
3,NONE,-1.0,-0.1,-1.0,-0.1
3,NONE,-1.0,-0.1,-1.0,-0.1
3,NONE,-1.0,-0.1,-1.0,-0.1
3,NONE,-1.0,-0.1,-1.0,-0.1
3,NONE,-1.0,-0.1,-1.0,-0.1
3,NONE,-1.0,-0.1,-1.0,-0.1
3,NONE,-1.0,-0.1,-1.0,-0.1
3,NONE,-1.0,-0.1,-1.0,-0.1
3,NONE,-1.0,-0.1,-1.0,-0.1
3,NONE,-1.0,-0.1,-1.0,-0.1
3,NONE,-1.0,-0.1,-1.0,-0.1
3,NONE,-1.0,-0.1,-1.0,-0.1
3,NONE,-1.0,-0.1,-1.0,-0.1
3,NONE,-1.0,-0.1,-1.0,-0.1
3,NONE,-1.0,-0.1,-1.0,-0.1
3,NONE,-1.0,-0.1,-1.0,-0.1
3,NONE,-1.0,-0.1,-1.0,-0.1
3,NONE,-1.0,-0.1,-1.0,-0.1
3,NONE,-1.0,-0.1,-1.0,-0.1
3,NONE,-1.0,-0.1,-1.0,-0.1
3,NONE,-1.0,-0.1,-1.0,-0.1
3,NONE,-1.0,-0.1,-1.0,-0.1
3,NONE,-1.0,-0.1,-1.0,-0.1
3,NONE,-1.0,-0.1,-1.0,-0.1
3,NONE,-1.0,-0.1,-1.0,-0.1
3,NONE,-1.0,-0.1,-1.0,-0.1
3,NONE,-1.0,-0.1,-1.0,-0.1
3,NONE,-1.0,-0.1,-1.0,-0.1
3,NONE,-1.0,-0.1,-1.0,-0.1
3,NONE,-1.0,-0.1,-1.0,-0.1
3,NONE,-1.0,-0.1,-1.0,-0.1
3,NONE,-1.0,-0.1,-1.0,-0.1
3,NONE,-1.0,-0.1,-1.0,-0.1
3,NONE,-1.0,-0.1,-1.0,-0.1
3,NONE,-1.0,-0.1,-1.0,-0.1
3,NONE,-1.0,-0.1,-1.0,-0.1
3,NONE,-1.0,-0.1,-1.0,-0.1
3,NONE,-1.0,-0.1,-1.0,-0.1
3,NONE,-1.0,-0.1,-1.0,-0.1
3,NONE,-1.0,-0.1,-1.0,-0.1
3,NONE,-1.0,-0.1,-1.0,-0.1
3,NONE,-1.0,-0.1,-1.0,-0.1
3,NONE,-1.0,-0.1,-1.0,-0.1
3,NONE,-1.0,-0.1,-1.0,-0.1
3,NONE,-1.0,-0.1,-1.0,-0.1
3,NONE,-1.0,-0.1,-1.0,-0.1
3,NONE,-1.0,-0.1,-1.0,-0.1
3,NONE,-1.0,-0.1,-1.0,-0.1
3,NONE,-1.0,-0.1,-1.0,-0.1
3,NONE,-1.0,-0.1,-1.0,-0.1
3,NONE,-1.0,-0.1,-1.0,-0.1
3,NONE,-1.0,-0.1,-1.0,-0.1
3,NONE,-1.0,-0.1,-1.0,-0.1
3,NONE,-1.0,-0.1,-1.0,-0.1
3,NONE,-1.0,-0.1,-1.0,-0.1
3,NONE,-1.0,-0.1,-1.0,-0.1
3,NONE,-1.0,-0.1,-1.0,-0.1
3,NONE,-1.0,-0.1,-1.0,-0.1
3,NONE,-1.0,-0.1,-1.0,-0.1
3,NONE,-1.0,-0.1,-1.0,-0.1
3,NONE,-1.0,-0.1,-1.0,-0.1
3,NONE,-1.0,-0.1,-1.0,-0.1
3,NONE,-1.0,-0.1,-1.0,-0.1
3,NONE,-1.0,-0.1,-1.0,-0.1
3,NONE,-1.0,-0.1,-1.0,-0.1
3,NONE,-1.0,-0.1,-1.0,-0.1
3,NONE,-1.0,-0.1,-1.0,-0.1
3,NONE,-1.0,-0.1,-1.0,-0.1
3,NONE,-1.0,-0.1,-1.0,-0.1
3,NONE,-1.0,-0.1,-1.0,-0.1
3,NONE,-1.0,-0.1,-1.0,-0.1
3,NONE,-1.0,-0.1,-1.0,-0.1
3,NONE,-1.0,-0.1,-1.0,-0.1
3,NONE,-1.0,-0.1,-1.0,-0.1
3,NONE,-1.0,-0.1,-1.0,-0.1
3,NONE,-1.0,-0.1,-1.0,-0.1
3,NONE,-1.0,-0.1,-1.0,-0.1
3,NONE,-1.0,-0.1,-1.0,-0.1
3,NONE,-1.0,-0.1,-1.0,-0.1
3,NONE,-1.0,-0.1,-1.0,-0.1
3,NONE,-1.0,-0.1,-1.0,-0.1
3,NONE,-1.0,-0.1,-1.0,-0.1
3,NONE,-1.0,-0.1,-1.0,-0.1
3,NONE,-1.0,-0.1,-1.0,-0.1
3,NONE,-1.0,-0.1,-1.0,-0.1
2,EV_B07_C021_Moto_Lineal_Electrica,-1.0,-0.1,8.0,31.656766747901145
1,EV_B07_C021_Moto_Lineal_Electrica,6.0,92.49519446339099,-1.0,31.656766747901145
1,EV_B07_C021_Moto_Lineal_Electrica,5.0,92.49519446339099,-1.0,31.656766747901145
1,EV_B07_C021_Moto_Lineal_Electrica,4.0,92.49519446339099,-1.0,31.656766747901145
1,EV_B07_C021_Moto_Lineal_Electrica,3.0,92.49519446339099,-1.0,31.656766747901145
1,EV_B07_C021_Moto_Lineal_Electrica,2.0,92.49519446339099,-1.0,31.656766747901145
1,EV_B07_C021_Moto_Lineal_Electrica,1.0,92.49519446339099,-1.0,31.656766747901145
1,EV_B07_C021_Moto_Lineal_Electrica,0.0,92.49519446339099,-1.0,31.656766747901145
3,NONE,-1.0,-0.1,-1.0,-0.1
3,NONE,-1.0,-0.1,-1.0,-0.1
3,NONE,-1.0,-0.1,-1.0,-0.1
3,NONE,-1.0,-0.1,-1.0,-0.1
3,NONE,-1.0,-0.1,-1.0,-0.1
3,NONE,-1.0,-0.1,-1.0,-0.1
3,NONE,-1.0,-0.1,-1.0,-0.1
3,NONE,-1.0,-0.1,-1.0,-0.1
3,NONE,-1.0,-0.1,-1.0,-0.1
3,NONE,-1.0,-0.1,-1.0,-0.1
3,NONE,-1.0,-0.1,-1.0,-0.1
3,NONE,-1.0,-0.1,-1.0,-0.1
3,NONE,-1.0,-0.1,-1.0,-0.1
3,NONE,-1.0,-0.1,-1.0,-0.1
3,NONE,-1.0,-0.1,-1.0,-0.1
2,EV_B07_C021_Moto_Lineal_Electrica,-1.0,-0.1,7.0,28.05041326631893
1,EV_B07_C021_Moto_Lineal_Electrica,7.0,87.70060170946542,-1.0,28.05041326631893
1,EV_B07_C021_Moto_Lineal_Electrica,6.0,87.70060170946542,-1.0,28.05041326631893
1,EV_B07_C021_Moto_Lineal_Electrica,5.0,87.70060170946542,-1.0,28.05041326631893
1,EV_B07_C021_Moto_Lineal_Electrica,4.0,87.70060170946542,-1.0,28.05041326631893
1,EV_B07_C021_Moto_Lineal_Electrica,3.0,87.70060170946542,-1.0,28.05041326631893
1,EV_B07_C021_Moto_Lineal_Electrica,2.0,87.70060170946542,-1.0,28.05041326631893
1,EV_B07_C021_Moto_Lineal_Electrica,1.0,87.70060170946542,-1.0,28.05041326631893
1,EV_B07_C021_Moto_Lineal_Electrica,0.0,87.70060170946542,-1.0,28.05041326631893
3,NONE,-1.0,-0.1,-1.0,-0.1
3,NONE,-1.0,-0.1,-1.0,-0.1
3,NONE,-1.0,-0.1,-1.0,-0.1
3,NONE,-1.0,-0.1,-1.0,-0.1
3,NONE,-1.0,-0.1,-1.0,-0.1
3,NONE,-1.0,-0.1,-1.0,-0.1
3,NONE,-1.0,-0.1,-1.0,-0.1
3,NONE,-1.0,-0.1,-1.0,-0.1
3,NONE,-1.0,-0.1,-1.0,-0.1
3,NONE,-1.0,-0.1,-1.0,-0.1
3,NONE,-1.0,-0.1,-1.0,-0.1
3,NONE,-1.0,-0.1,-1.0,-0.1
3,NONE,-1.0,-0.1,-1.0,-0.1
3,NONE,-1.0,-0.1,-1.0,-0.1
3,NONE,-1.0,-0.1,-1.0,-0.1
3,NONE,-1.0,-0.1,-1.0,-0.1
2,EV_B07_C021_Moto_Lineal_Electrica,-1.0,-0.1,8.0,41.26286447530356
1,EV_B07_C021_Moto_Lineal_Electrica,6.0,88.44932796953395,-1.0,41.26286447530356
1,EV_B07_C021_Moto_Lineal_Electrica,5.0,88.44932796953395,-1.0,41.26286447530356
1,EV_B07_C021_Moto_Lineal_Electrica,4.0,88.44932796953395,-1.0,41.26286447530356
1,EV_B07_C021_Moto_Lineal_Electrica,3.0,88.44932796953395,-1.0,41.26286447530356
1,EV_B07_C021_Moto_Lineal_Electrica,2.0,88.44932796953395,-1.0,41.26286447530356
1,EV_B07_C021_Moto_Lineal_Electrica,1.0,88.44932796953395,-1.0,41.26286447530356
1,EV_B07_C021_Moto_Lineal_Electrica,0.0,88.44932796953395,-1.0,41.26286447530356
3,NONE,-1.0,-0.1,-1.0,-0.1
3,NONE,-1.0,-0.1,-1.0,-0.1
3,NONE,-1.0,-0.1,-1.0,-0.1
3,NONE,-1.0,-0.1,-1.0,-0.1
3,NONE,-1.0,-0.1,-1.0,-0.1
3,NONE,-1.0,-0.1,-1.0,-0.1
3,NONE,-1.0,-0.1,-1.0,-0.1
3,NONE,-1.0,-0.1,-1.0,-0.1
3,NONE,-1.0,-0.1,-1.0,-0.1
3,NONE,-1.0,-0.1,-1.0,-0.1
3,NONE,-1.0,-0.1,-1.0,-0.1
3,NONE,-1.0,-0.1,-1.0,-0.1
3,NONE,-1.0,-0.1,-1.0,-0.1
3,NONE,-1.0,-0.1,-1.0,-0.1
3,NONE,-1.0,-0.1,-1.0,-0.1
2,EV_B07_C021_Moto_Lineal_Electrica,-1.0,-0.1,7.0,41.365650669188184
1,EV_B07_C021_Moto_Lineal_Electrica,7.0,79.22163831298549,-1.0,41.365650669188184
1,EV_B07_C021_Moto_Lineal_Electrica,6.0,79.22163831298549,-1.0,41.365650669188184
1,EV_B07_C021_Moto_Lineal_Electrica,5.0,79.22163831298549,-1.0,41.365650669188184
1,EV_B07_C021_Moto_Lineal_Electrica,4.0,79.22163831298549,-1.0,41.365650669188184
1,EV_B07_C021_Moto_Lineal_Electrica,3.0,79.22163831298549,-1.0,41.365650669188184
1,EV_B07_C021_Moto_Lineal_Electrica,2.0,79.22163831298549,-1.0,41.365650669188184
1,EV_B07_C021_Moto_Lineal_Electrica,1.0,79.22163831298549,-1.0,41.365650669188184
1,EV_B07_C021_Moto_Lineal_Electrica,0.0,79.22163831298549,-1.0,41.365650669188184
3,NONE,-1.0,-0.1,-1.0,-0.1
3,NONE,-1.0,-0.1,-1.0,-0.1
3,NONE,-1.0,-0.1,-1.0,-0.1
3,NONE,-1.0,-0.1,-1.0,-0.1
3,NONE,-1.0,-0.1,-1.0,-0.1
3,NONE,-1.0,-0.1,-1.0,-0.1
3,NONE,-1.0,-0.1,-1.0,-0.1
3,NONE,-1.0,-0.1,-1.0,-0.1
3,NONE,-1.0,-0.1,-1.0,-0.1
3,NONE,-1.0,-0.1,-1.0,-0.1
3,NONE,-1.0,-0.1,-1.0,-0.1
3,NONE,-1.0,-0.1,-1.0,-0.1
3,NONE,-1.0,-0.1,-1.0,-0.1
3,NONE,-1.0,-0.1,-1.0,-0.1
3,NONE,-1.0,-0.1,-1.0,-0.1
3,NONE,-1.0,-0.1,-1.0,-0.1
3,NONE,-1.0,-0.1,-1.0,-0.1
3,NONE,-1.0,-0.1,-1.0,-0.1
2,EV_B07_C021_Moto_Lineal_Electrica,-1.0,-0.1,10.0,37.59818564903306
1,EV_B07_C021_Moto_Lineal_Electrica,4.0,83.26148680729585,-1.0,37.59818564903306
1,EV_B07_C021_Moto_Lineal_Electrica,3.0,83.26148680729585,-1.0,37.59818564903306
1,EV_B07_C021_Moto_Lineal_Electrica,2.0,83.26148680729585,-1.0,37.59818564903306
1,EV_B07_C021_Moto_Lineal_Electrica,1.0,83.26148680729585,-1.0,37.59818564903306
1,EV_B07_C021_Moto_Lineal_Electrica,0.0,83.26148680729585,-1.0,37.59818564903306
3,NONE,-1.0,-0.1,-1.0,-0.1
3,NONE,-1.0,-0.1,-1.0,-0.1
3,NONE,-1.0,-0.1,-1.0,-0.1
3,NONE,-1.0,-0.1,-1.0,-0.1
3,NONE,-1.0,-0.1,-1.0,-0.1
3,NONE,-1.0,-0.1,-1.0,-0.1
3,NONE,-1.0,-0.1,-1.0,-0.1
3,NONE,-1.0,-0.1,-1.0,-0.1
3,NONE,-1.0,-0.1,-1.0,-0.1
3,NONE,-1.0,-0.1,-1.0,-0.1
3,NONE,-1.0,-0.1,-1.0,-0.1
3,NONE,-1.0,-0.1,-1.0,-0.1
3,NONE,-1.0,-0.1,-1.0,-0.1
3,NONE,-1.0,-0.1,-1.0,-0.1
3,NONE,-1.0,-0.1,-1.0,-0.1
3,NONE,-1.0,-0.1,-1.0,-0.1
3,NONE,-1.0,-0.1,-1.0,-0.1
3,NONE,-1.0,-0.1,-1.0,-0.1
3,NONE,-1.0,-0.1,-1.0,-0.1
3,NONE,-1.0,-0.1,-1.0,-0.1
3,NONE,-1.0,-0.1,-1.0,-0.1
3,NONE,-1.0,-0.1,-1.0,-0.1
3,NONE,-1.0,-0.1,-1.0,-0.1
3,NONE,-1.0,-0.1,-1.0,-0.1
3,NONE,-1.0,-0.1,-1.0,-0.1
3,NONE,-1.0,-0.1,-1.0,-0.1
3,NONE,-1.0,-0.1,-1.0,-0.1
3,NONE,-1.0,-0.1,-1.0,-0.1
3,NONE,-1.0,-0.1,-1.0,-0.1
3,NONE,-1.0,-0.1,-1.0,-0.1
3,NONE,-1.0,-0.1,-1.0,-0.1
3,NONE,-1.0,-0.1,-1.0,-0.1
3,NONE,-1.0,-0.1,-1.0,-0.1
3,NONE,-1.0,-0.1,-1.0,-0.1
3,NONE,-1.0,-0.1,-1.0,-0.1
3,NONE,-1.0,-0.1,-1.0,-0.1
3,NONE,-1.0,-0.1,-1.0,-0.1
3,NONE,-1.0,-0.1,-1.0,-0.1
3,NONE,-1.0,-0.1,-1.0,-0.1
3,NONE,-1.0,-0.1,-1.0,-0.1
3,NONE,-1.0,-0.1,-1.0,-0.1
3,NONE,-1.0,-0.1,-1.0,-0.1
3,NONE,-1.0,-0.1,-1.0,-0.1
3,NONE,-1.0,-0.1,-1.0,-0.1
3,NONE,-1.0,-0.1,-1.0,-0.1
3,NONE,-1.0,-0.1,-1.0,-0.1
3,NONE,-1.0,-0.1,-1.0,-0.1
3,NONE,-1.0,-0.1,-1.0,-0.1
3,NONE,-1.0,-0.1,-1.0,-0.1
3,NONE,-1.0,-0.1,-1.0,-0.1
3,NONE,-1.0,-0.1,-1.0,-0.1
3,NONE,-1.0,-0.1,-1.0,-0.1
3,NONE,-1.0,-0.1,-1.0,-0.1
3,NONE,-1.0,-0.1,-1.0,-0.1
3,NONE,-1.0,-0.1,-1.0,-0.1
3,NONE,-1.0,-0.1,-1.0,-0.1
3,NONE,-1.0,-0.1,-1.0,-0.1
3,NONE,-1.0,-0.1,-1.0,-0.1
3,NONE,-1.0,-0.1,-1.0,-0.1
3,NONE,-1.0,-0.1,-1.0,-0.1
3,NONE,-1.0,-0.1,-1.0,-0.1
3,NONE,-1.0,-0.1,-1.0,-0.1
3,NONE,-1.0,-0.1,-1.0,-0.1
2,EV_B07_C021_Moto_Lineal_Electrica,-1.0,-0.1,7.0,26.811760245637814
1,EV_B07_C021_Moto_Lineal_Electrica,7.0,86.97229298794404,-1.0,26.811760245637814
1,EV_B07_C021_Moto_Lineal_Electrica,6.0,86.97229298794404,-1.0,26.811760245637814
1,EV_B07_C021_Moto_Lineal_Electrica,5.0,86.97229298794404,-1.0,26.811760245637814
1,EV_B07_C021_Moto_Lineal_Electrica,4.0,86.97229298794404,-1.0,26.811760245637814
1,EV_B07_C021_Moto_Lineal_Electrica,3.0,86.97229298794404,-1.0,26.811760245637814
1,EV_B07_C021_Moto_Lineal_Electrica,2.0,86.97229298794404,-1.0,26.811760245637814
1,EV_B07_C021_Moto_Lineal_Electrica,1.0,86.97229298794404,-1.0,26.811760245637814
1,EV_B07_C021_Moto_Lineal_Electrica,0.0,86.97229298794404,-1.0,26.811760245637814
3,NONE,-1.0,-0.1,-1.0,-0.1
3,NONE,-1.0,-0.1,-1.0,-0.1
3,NONE,-1.0,-0.1,-1.0,-0.1
3,NONE,-1.0,-0.1,-1.0,-0.1
3,NONE,-1.0,-0.1,-1.0,-0.1
3,NONE,-1.0,-0.1,-1.0,-0.1
3,NONE,-1.0,-0.1,-1.0,-0.1
3,NONE,-1.0,-0.1,-1.0,-0.1
3,NONE,-1.0,-0.1,-1.0,-0.1
3,NONE,-1.0,-0.1,-1.0,-0.1
3,NONE,-1.0,-0.1,-1.0,-0.1
3,NONE,-1.0,-0.1,-1.0,-0.1
3,NONE,-1.0,-0.1,-1.0,-0.1
3,NONE,-1.0,-0.1,-1.0,-0.1
3,NONE,-1.0,-0.1,-1.0,-0.1
2,EV_B07_C021_Moto_Lineal_Electrica,-1.0,-0.1,7.0,14.76333921136094
1,EV_B07_C021_Moto_Lineal_Electrica,7.0,78.38935169185635,-1.0,14.76333921136094
1,EV_B07_C021_Moto_Lineal_Electrica,6.0,78.38935169185635,-1.0,14.76333921136094
1,EV_B07_C021_Moto_Lineal_Electrica,5.0,78.38935169185635,-1.0,14.76333921136094
1,EV_B07_C021_Moto_Lineal_Electrica,4.0,78.38935169185635,-1.0,14.76333921136094
1,EV_B07_C021_Moto_Lineal_Electrica,3.0,78.38935169185635,-1.0,14.76333921136094
1,EV_B07_C021_Moto_Lineal_Electrica,2.0,78.38935169185635,-1.0,14.76333921136094
1,EV_B07_C021_Moto_Lineal_Electrica,1.0,78.38935169185635,-1.0,14.76333921136094
1,EV_B07_C021_Moto_Lineal_Electrica,0.0,78.38935169185635,-1.0,14.76333921136094
3,NONE,-1.0,-0.1,-1.0,-0.1
3,NONE,-1.0,-0.1,-1.0,-0.1
3,NONE,-1.0,-0.1,-1.0,-0.1
3,NONE,-1.0,-0.1,-1.0,-0.1
3,NONE,-1.0,-0.1,-1.0,-0.1
3,NONE,-1.0,-0.1,-1.0,-0.1
3,NONE,-1.0,-0.1,-1.0,-0.1
3,NONE,-1.0,-0.1,-1.0,-0.1
3,NONE,-1.0,-0.1,-1.0,-0.1
3,NONE,-1.0,-0.1,-1.0,-0.1
3,NONE,-1.0,-0.1,-1.0,-0.1
3,NONE,-1.0,-0.1,-1.0,-0.1
3,NONE,-1.0,-0.1,-1.0,-0.1
3,NONE,-1.0,-0.1,-1.0,-0.1
3,NONE,-1.0,-0.1,-1.0,-0.1
3,NONE,-1.0,-0.1,-1.0,-0.1
2,EV_B07_C021_Moto_Lineal_Electrica,-1.0,-0.1,8.0,20.43348220737871
1,EV_B07_C021_Moto_Lineal_Electrica,6.0,85.9717637566669,-1.0,20.43348220737871
1,EV_B07_C021_Moto_Lineal_Electrica,5.0,85.9717637566669,-1.0,20.43348220737871
1,EV_B07_C021_Moto_Lineal_Electrica,4.0,85.9717637566669,-1.0,20.43348220737871
1,EV_B07_C021_Moto_Lineal_Electrica,3.0,85.9717637566669,-1.0,20.43348220737871
1,EV_B07_C021_Moto_Lineal_Electrica,2.0,85.9717637566669,-1.0,20.43348220737871
1,EV_B07_C021_Moto_Lineal_Electrica,1.0,85.9717637566669,-1.0,20.43348220737871
1,EV_B07_C021_Moto_Lineal_Electrica,0.0,85.9717637566669,-1.0,20.43348220737871
3,NONE,-1.0,-0.1,-1.0,-0.1
3,NONE,-1.0,-0.1,-1.0,-0.1
3,NONE,-1.0,-0.1,-1.0,-0.1
3,NONE,-1.0,-0.1,-1.0,-0.1
3,NONE,-1.0,-0.1,-1.0,-0.1
3,NONE,-1.0,-0.1,-1.0,-0.1
3,NONE,-1.0,-0.1,-1.0,-0.1
3,NONE,-1.0,-0.1,-1.0,-0.1
3,NONE,-1.0,-0.1,-1.0,-0.1
3,NONE,-1.0,-0.1,-1.0,-0.1
3,NONE,-1.0,-0.1,-1.0,-0.1
3,NONE,-1.0,-0.1,-1.0,-0.1
3,NONE,-1.0,-0.1,-1.0,-0.1
3,NONE,-1.0,-0.1,-1.0,-0.1
3,NONE,-1.0,-0.1,-1.0,-0.1
3,NONE,-1.0,-0.1,-1.0,-0.1
3,NONE,-1.0,-0.1,-1.0,-0.1
2,EV_B07_C021_Moto_Lineal_Electrica,-1.0,-0.1,9.0,25.498836162575383
1,EV_B07_C021_Moto_Lineal_Electrica,5.0,82.16697013595214,-1.0,25.498836162575383
1,EV_B07_C021_Moto_Lineal_Electrica,4.0,82.16697013595214,-1.0,25.498836162575383
1,EV_B07_C021_Moto_Lineal_Electrica,3.0,82.16697013595214,-1.0,25.498836162575383
1,EV_B07_C021_Moto_Lineal_Electrica,2.0,82.16697013595214,-1.0,25.498836162575383
1,EV_B07_C021_Moto_Lineal_Electrica,1.0,82.16697013595214,-1.0,25.498836162575383
1,EV_B07_C021_Moto_Lineal_Electrica,0.0,82.16697013595214,-1.0,25.498836162575383
3,NONE,-1.0,-0.1,-1.0,-0.1
3,NONE,-1.0,-0.1,-1.0,-0.1
3,NONE,-1.0,-0.1,-1.0,-0.1
3,NONE,-1.0,-0.1,-1.0,-0.1
3,NONE,-1.0,-0.1,-1.0,-0.1
3,NONE,-1.0,-0.1,-1.0,-0.1
3,NONE,-1.0,-0.1,-1.0,-0.1
3,NONE,-1.0,-0.1,-1.0,-0.1
3,NONE,-1.0,-0.1,-1.0,-0.1
3,NONE,-1.0,-0.1,-1.0,-0.1
3,NONE,-1.0,-0.1,-1.0,-0.1
3,NONE,-1.0,-0.1,-1.0,-0.1
3,NONE,-1.0,-0.1,-1.0,-0.1
3,NONE,-1.0,-0.1,-1.0,-0.1
3,NONE,-1.0,-0.1,-1.0,-0.1
3,NONE,-1.0,-0.1,-1.0,-0.1
2,EV_B07_C021_Moto_Lineal_Electrica,-1.0,-0.1,8.0,38.27578682069745
1,EV_B07_C021_Moto_Lineal_Electrica,6.0,93.76060677840154,-1.0,38.27578682069745
1,EV_B07_C021_Moto_Lineal_Electrica,5.0,93.76060677840154,-1.0,38.27578682069745
1,EV_B07_C021_Moto_Lineal_Electrica,4.0,93.76060677840154,-1.0,38.27578682069745
1,EV_B07_C021_Moto_Lineal_Electrica,3.0,93.76060677840154,-1.0,38.27578682069745
1,EV_B07_C021_Moto_Lineal_Electrica,2.0,93.76060677840154,-1.0,38.27578682069745
1,EV_B07_C021_Moto_Lineal_Electrica,1.0,93.76060677840154,-1.0,38.27578682069745
1,EV_B07_C021_Moto_Lineal_Electrica,0.0,93.76060677840154,-1.0,38.27578682069745
3,NONE,-1.0,-0.1,-1.0,-0.1
3,NONE,-1.0,-0.1,-1.0,-0.1
3,NONE,-1.0,-0.1,-1.0,-0.1
3,NONE,-1.0,-0.1,-1.0,-0.1
3,NONE,-1.0,-0.1,-1.0,-0.1
3,NONE,-1.0,-0.1,-1.0,-0.1
3,NONE,-1.0,-0.1,-1.0,-0.1
3,NONE,-1.0,-0.1,-1.0,-0.1
3,NONE,-1.0,-0.1,-1.0,-0.1
3,NONE,-1.0,-0.1,-1.0,-0.1
3,NONE,-1.0,-0.1,-1.0,-0.1
3,NONE,-1.0,-0.1,-1.0,-0.1
3,NONE,-1.0,-0.1,-1.0,-0.1
3,NONE,-1.0,-0.1,-1.0,-0.1
3,NONE,-1.0,-0.1,-1.0,-0.1
3,NONE,-1.0,-0.1,-1.0,-0.1
3,NONE,-1.0,-0.1,-1.0,-0.1
3,NONE,-1.0,-0.1,-1.0,-0.1
3,NONE,-1.0,-0.1,-1.0,-0.1
3,NONE,-1.0,-0.1,-1.0,-0.1
3,NONE,-1.0,-0.1,-1.0,-0.1
3,NONE,-1.0,-0.1,-1.0,-0.1
3,NONE,-1.0,-0.1,-1.0,-0.1
3,NONE,-1.0,-0.1,-1.0,-0.1
3,NONE,-1.0,-0.1,-1.0,-0.1
3,NONE,-1.0,-0.1,-1.0,-0.1
3,NONE,-1.0,-0.1,-1.0,-0.1
3,NONE,-1.0,-0.1,-1.0,-0.1
3,NONE,-1.0,-0.1,-1.0,-0.1
3,NONE,-1.0,-0.1,-1.0,-0.1
3,NONE,-1.0,-0.1,-1.0,-0.1
3,NONE,-1.0,-0.1,-1.0,-0.1
3,NONE,-1.0,-0.1,-1.0,-0.1
3,NONE,-1.0,-0.1,-1.0,-0.1
3,NONE,-1.0,-0.1,-1.0,-0.1
3,NONE,-1.0,-0.1,-1.0,-0.1
3,NONE,-1.0,-0.1,-1.0,-0.1
3,NONE,-1.0,-0.1,-1.0,-0.1
3,NONE,-1.0,-0.1,-1.0,-0.1
3,NONE,-1.0,-0.1,-1.0,-0.1
3,NONE,-1.0,-0.1,-1.0,-0.1
3,NONE,-1.0,-0.1,-1.0,-0.1
3,NONE,-1.0,-0.1,-1.0,-0.1
3,NONE,-1.0,-0.1,-1.0,-0.1
3,NONE,-1.0,-0.1,-1.0,-0.1
3,NONE,-1.0,-0.1,-1.0,-0.1
3,NONE,-1.0,-0.1,-1.0,-0.1
3,NONE,-1.0,-0.1,-1.0,-0.1
3,NONE,-1.0,-0.1,-1.0,-0.1
3,NONE,-1.0,-0.1,-1.0,-0.1
3,NONE,-1.0,-0.1,-1.0,-0.1
3,NONE,-1.0,-0.1,-1.0,-0.1
3,NONE,-1.0,-0.1,-1.0,-0.1
3,NONE,-1.0,-0.1,-1.0,-0.1
3,NONE,-1.0,-0.1,-1.0,-0.1
3,NONE,-1.0,-0.1,-1.0,-0.1
3,NONE,-1.0,-0.1,-1.0,-0.1
3,NONE,-1.0,-0.1,-1.0,-0.1
3,NONE,-1.0,-0.1,-1.0,-0.1
3,NONE,-1.0,-0.1,-1.0,-0.1
3,NONE,-1.0,-0.1,-1.0,-0.1
3,NONE,-1.0,-0.1,-1.0,-0.1
3,NONE,-1.0,-0.1,-1.0,-0.1
3,NONE,-1.0,-0.1,-1.0,-0.1
3,NONE,-1.0,-0.1,-1.0,-0.1
3,NONE,-1.0,-0.1,-1.0,-0.1
3,NONE,-1.0,-0.1,-1.0,-0.1
3,NONE,-1.0,-0.1,-1.0,-0.1
3,NONE,-1.0,-0.1,-1.0,-0.1
3,NONE,-1.0,-0.1,-1.0,-0.1
3,NONE,-1.0,-0.1,-1.0,-0.1
3,NONE,-1.0,-0.1,-1.0,-0.1
3,NONE,-1.0,-0.1,-1.0,-0.1
3,NONE,-1.0,-0.1,-1.0,-0.1
3,NONE,-1.0,-0.1,-1.0,-0.1
3,NONE,-1.0,-0.1,-1.0,-0.1
3,NONE,-1.0,-0.1,-1.0,-0.1
3,NONE,-1.0,-0.1,-1.0,-0.1
3,NONE,-1.0,-0.1,-1.0,-0.1
3,NONE,-1.0,-0.1,-1.0,-0.1
3,NONE,-1.0,-0.1,-1.0,-0.1
3,NONE,-1.0,-0.1,-1.0,-0.1
3,NONE,-1.0,-0.1,-1.0,-0.1
3,NONE,-1.0,-0.1,-1.0,-0.1
3,NONE,-1.0,-0.1,-1.0,-0.1
3,NONE,-1.0,-0.1,-1.0,-0.1
3,NONE,-1.0,-0.1,-1.0,-0.1
3,NONE,-1.0,-0.1,-1.0,-0.1
3,NONE,-1.0,-0.1,-1.0,-0.1
3,NONE,-1.0,-0.1,-1.0,-0.1
3,NONE,-1.0,-0.1,-1.0,-0.1
3,NONE,-1.0,-0.1,-1.0,-0.1
3,NONE,-1.0,-0.1,-1.0,-0.1
3,NONE,-1.0,-0.1,-1.0,-0.1
3,NONE,-1.0,-0.1,-1.0,-0.1
3,NONE,-1.0,-0.1,-1.0,-0.1
3,NONE,-1.0,-0.1,-1.0,-0.1
3,NONE,-1.0,-0.1,-1.0,-0.1
3,NONE,-1.0,-0.1,-1.0,-0.1
3,NONE,-1.0,-0.1,-1.0,-0.1
3,NONE,-1.0,-0.1,-1.0,-0.1
3,NONE,-1.0,-0.1,-1.0,-0.1
3,NONE,-1.0,-0.1,-1.0,-0.1
3,NONE,-1.0,-0.1,-1.0,-0.1
3,NONE,-1.0,-0.1,-1.0,-0.1
3,NONE,-1.0,-0.1,-1.0,-0.1
3,NONE,-1.0,-0.1,-1.0,-0.1
3,NONE,-1.0,-0.1,-1.0,-0.1
3,NONE,-1.0,-0.1,-1.0,-0.1
3,NONE,-1.0,-0.1,-1.0,-0.1
3,NONE,-1.0,-0.1,-1.0,-0.1
2,EV_B07_C021_Moto_Lineal_Electrica,-1.0,-0.1,7.0,30.169044209409954
1,EV_B07_C021_Moto_Lineal_Electrica,7.0,83.0967188341757,-1.0,30.169044209409954
1,EV_B07_C021_Moto_Lineal_Electrica,6.0,83.0967188341757,-1.0,30.169044209409954
1,EV_B07_C021_Moto_Lineal_Electrica,5.0,83.0967188341757,-1.0,30.169044209409954
1,EV_B07_C021_Moto_Lineal_Electrica,4.0,83.0967188341757,-1.0,30.169044209409954
1,EV_B07_C021_Moto_Lineal_Electrica,3.0,83.0967188341757,-1.0,30.169044209409954
1,EV_B07_C021_Moto_Lineal_Electrica,2.0,83.0967188341757,-1.0,30.169044209409954
1,EV_B07_C021_Moto_Lineal_Electrica,1.0,83.0967188341757,-1.0,30.169044209409954
1,EV_B07_C021_Moto_Lineal_Electrica,0.0,83.0967188341757,-1.0,30.169044209409954
3,NONE,-1.0,-0.1,-1.0,-0.1
3,NONE,-1.0,-0.1,-1.0,-0.1
3,NONE,-1.0,-0.1,-1.0,-0.1
3,NONE,-1.0,-0.1,-1.0,-0.1
3,NONE,-1.0,-0.1,-1.0,-0.1
3,NONE,-1.0,-0.1,-1.0,-0.1
3,NONE,-1.0,-0.1,-1.0,-0.1
3,NONE,-1.0,-0.1,-1.0,-0.1
3,NONE,-1.0,-0.1,-1.0,-0.1
3,NONE,-1.0,-0.1,-1.0,-0.1
3,NONE,-1.0,-0.1,-1.0,-0.1
3,NONE,-1.0,-0.1,-1.0,-0.1
3,NONE,-1.0,-0.1,-1.0,-0.1
3,NONE,-1.0,-0.1,-1.0,-0.1
3,NONE,-1.0,-0.1,-1.0,-0.1
3,NONE,-1.0,-0.1,-1.0,-0.1
3,NONE,-1.0,-0.1,-1.0,-0.1
3,NONE,-1.0,-0.1,-1.0,-0.1
3,NONE,-1.0,-0.1,-1.0,-0.1
3,NONE,-1.0,-0.1,-1.0,-0.1
3,NONE,-1.0,-0.1,-1.0,-0.1
3,NONE,-1.0,-0.1,-1.0,-0.1
3,NONE,-1.0,-0.1,-1.0,-0.1
3,NONE,-1.0,-0.1,-1.0,-0.1
3,NONE,-1.0,-0.1,-1.0,-0.1
3,NONE,-1.0,-0.1,-1.0,-0.1
3,NONE,-1.0,-0.1,-1.0,-0.1
3,NONE,-1.0,-0.1,-1.0,-0.1
3,NONE,-1.0,-0.1,-1.0,-0.1
3,NONE,-1.0,-0.1,-1.0,-0.1
3,NONE,-1.0,-0.1,-1.0,-0.1
3,NONE,-1.0,-0.1,-1.0,-0.1
3,NONE,-1.0,-0.1,-1.0,-0.1
3,NONE,-1.0,-0.1,-1.0,-0.1
3,NONE,-1.0,-0.1,-1.0,-0.1
3,NONE,-1.0,-0.1,-1.0,-0.1
3,NONE,-1.0,-0.1,-1.0,-0.1
3,NONE,-1.0,-0.1,-1.0,-0.1
3,NONE,-1.0,-0.1,-1.0,-0.1
2,EV_B07_C021_Moto_Lineal_Electrica,-1.0,-0.1,7.0,46.02982373980337
1,EV_B07_C021_Moto_Lineal_Electrica,7.0,93.49540401584932,-1.0,46.02982373980337
1,EV_B07_C021_Moto_Lineal_Electrica,6.0,93.49540401584932,-1.0,46.02982373980337
1,EV_B07_C021_Moto_Lineal_Electrica,5.0,93.49540401584932,-1.0,46.02982373980337
1,EV_B07_C021_Moto_Lineal_Electrica,4.0,93.49540401584932,-1.0,46.02982373980337
1,EV_B07_C021_Moto_Lineal_Electrica,3.0,93.49540401584932,-1.0,46.02982373980337
1,EV_B07_C021_Moto_Lineal_Electrica,2.0,93.49540401584932,-1.0,46.02982373980337
1,EV_B07_C021_Moto_Lineal_Electrica,1.0,93.49540401584932,-1.0,46.02982373980337
1,EV_B07_C021_Moto_Lineal_Electrica,0.0,93.49540401584932,-1.0,46.02982373980337
3,NONE,-1.0,-0.1,-1.0,-0.1
3,NONE,-1.0,-0.1,-1.0,-0.1
3,NONE,-1.0,-0.1,-1.0,-0.1
3,NONE,-1.0,-0.1,-1.0,-0.1
3,NONE,-1.0,-0.1,-1.0,-0.1
3,NONE,-1.0,-0.1,-1.0,-0.1
3,NONE,-1.0,-0.1,-1.0,-0.1
3,NONE,-1.0,-0.1,-1.0,-0.1
3,NONE,-1.0,-0.1,-1.0,-0.1
3,NONE,-1.0,-0.1,-1.0,-0.1
3,NONE,-1.0,-0.1,-1.0,-0.1
3,NONE,-1.0,-0.1,-1.0,-0.1
3,NONE,-1.0,-0.1,-1.0,-0.1
3,NONE,-1.0,-0.1,-1.0,-0.1
3,NONE,-1.0,-0.1,-1.0,-0.1
3,NONE,-1.0,-0.1,-1.0,-0.1
3,NONE,-1.0,-0.1,-1.0,-0.1
3,NONE,-1.0,-0.1,-1.0,-0.1
3,NONE,-1.0,-0.1,-1.0,-0.1
3,NONE,-1.0,-0.1,-1.0,-0.1
3,NONE,-1.0,-0.1,-1.0,-0.1
3,NONE,-1.0,-0.1,-1.0,-0.1
3,NONE,-1.0,-0.1,-1.0,-0.1
3,NONE,-1.0,-0.1,-1.0,-0.1
3,NONE,-1.0,-0.1,-1.0,-0.1
3,NONE,-1.0,-0.1,-1.0,-0.1
3,NONE,-1.0,-0.1,-1.0,-0.1
3,NONE,-1.0,-0.1,-1.0,-0.1
3,NONE,-1.0,-0.1,-1.0,-0.1
3,NONE,-1.0,-0.1,-1.0,-0.1
3,NONE,-1.0,-0.1,-1.0,-0.1
3,NONE,-1.0,-0.1,-1.0,-0.1
3,NONE,-1.0,-0.1,-1.0,-0.1
3,NONE,-1.0,-0.1,-1.0,-0.1
3,NONE,-1.0,-0.1,-1.0,-0.1
3,NONE,-1.0,-0.1,-1.0,-0.1
3,NONE,-1.0,-0.1,-1.0,-0.1
3,NONE,-1.0,-0.1,-1.0,-0.1
3,NONE,-1.0,-0.1,-1.0,-0.1
3,NONE,-1.0,-0.1,-1.0,-0.1
3,NONE,-1.0,-0.1,-1.0,-0.1
3,NONE,-1.0,-0.1,-1.0,-0.1
3,NONE,-1.0,-0.1,-1.0,-0.1
3,NONE,-1.0,-0.1,-1.0,-0.1
3,NONE,-1.0,-0.1,-1.0,-0.1
3,NONE,-1.0,-0.1,-1.0,-0.1
3,NONE,-1.0,-0.1,-1.0,-0.1
3,NONE,-1.0,-0.1,-1.0,-0.1
3,NONE,-1.0,-0.1,-1.0,-0.1
3,NONE,-1.0,-0.1,-1.0,-0.1
3,NONE,-1.0,-0.1,-1.0,-0.1
3,NONE,-1.0,-0.1,-1.0,-0.1
3,NONE,-1.0,-0.1,-1.0,-0.1
3,NONE,-1.0,-0.1,-1.0,-0.1
3,NONE,-1.0,-0.1,-1.0,-0.1
3,NONE,-1.0,-0.1,-1.0,-0.1
3,NONE,-1.0,-0.1,-1.0,-0.1
3,NONE,-1.0,-0.1,-1.0,-0.1
3,NONE,-1.0,-0.1,-1.0,-0.1
3,NONE,-1.0,-0.1,-1.0,-0.1
3,NONE,-1.0,-0.1,-1.0,-0.1
3,NONE,-1.0,-0.1,-1.0,-0.1
3,NONE,-1.0,-0.1,-1.0,-0.1
2,EV_B07_C021_Moto_Lineal_Electrica,-1.0,-0.1,7.0,29.615737534255445
1,EV_B07_C021_Moto_Lineal_Electrica,7.0,85.0025180669418,-1.0,29.615737534255445
1,EV_B07_C021_Moto_Lineal_Electrica,6.0,85.0025180669418,-1.0,29.615737534255445
1,EV_B07_C021_Moto_Lineal_Electrica,5.0,85.0025180669418,-1.0,29.615737534255445
1,EV_B07_C021_Moto_Lineal_Electrica,4.0,85.0025180669418,-1.0,29.615737534255445
1,EV_B07_C021_Moto_Lineal_Electrica,3.0,85.0025180669418,-1.0,29.615737534255445
1,EV_B07_C021_Moto_Lineal_Electrica,2.0,85.0025180669418,-1.0,29.615737534255445
1,EV_B07_C021_Moto_Lineal_Electrica,1.0,85.0025180669418,-1.0,29.615737534255445
1,EV_B07_C021_Moto_Lineal_Electrica,0.0,85.0025180669418,-1.0,29.615737534255445
3,NONE,-1.0,-0.1,-1.0,-0.1
3,NONE,-1.0,-0.1,-1.0,-0.1
3,NONE,-1.0,-0.1,-1.0,-0.1
3,NONE,-1.0,-0.1,-1.0,-0.1
3,NONE,-1.0,-0.1,-1.0,-0.1
3,NONE,-1.0,-0.1,-1.0,-0.1
3,NONE,-1.0,-0.1,-1.0,-0.1
3,NONE,-1.0,-0.1,-1.0,-0.1
3,NONE,-1.0,-0.1,-1.0,-0.1
3,NONE,-1.0,-0.1,-1.0,-0.1
3,NONE,-1.0,-0.1,-1.0,-0.1
3,NONE,-1.0,-0.1,-1.0,-0.1
3,NONE,-1.0,-0.1,-1.0,-0.1
3,NONE,-1.0,-0.1,-1.0,-0.1
3,NONE,-1.0,-0.1,-1.0,-0.1
3,NONE,-1.0,-0.1,-1.0,-0.1
3,NONE,-1.0,-0.1,-1.0,-0.1
2,EV_B07_C021_Moto_Lineal_Electrica,-1.0,-0.1,9.0,20.346317754971956
1,EV_B07_C021_Moto_Lineal_Electrica,5.0,73.65352359530432,-1.0,20.346317754971956
1,EV_B07_C021_Moto_Lineal_Electrica,4.0,73.65352359530432,-1.0,20.346317754971956
1,EV_B07_C021_Moto_Lineal_Electrica,3.0,73.65352359530432,-1.0,20.346317754971956
1,EV_B07_C021_Moto_Lineal_Electrica,2.0,73.65352359530432,-1.0,20.346317754971956
1,EV_B07_C021_Moto_Lineal_Electrica,1.0,73.65352359530432,-1.0,20.346317754971956
1,EV_B07_C021_Moto_Lineal_Electrica,0.0,73.65352359530432,-1.0,20.346317754971956
3,NONE,-1.0,-0.1,-1.0,-0.1
3,NONE,-1.0,-0.1,-1.0,-0.1
3,NONE,-1.0,-0.1,-1.0,-0.1
3,NONE,-1.0,-0.1,-1.0,-0.1
3,NONE,-1.0,-0.1,-1.0,-0.1
3,NONE,-1.0,-0.1,-1.0,-0.1
3,NONE,-1.0,-0.1,-1.0,-0.1
3,NONE,-1.0,-0.1,-1.0,-0.1
3,NONE,-1.0,-0.1,-1.0,-0.1
3,NONE,-1.0,-0.1,-1.0,-0.1
3,NONE,-1.0,-0.1,-1.0,-0.1
3,NONE,-1.0,-0.1,-1.0,-0.1
3,NONE,-1.0,-0.1,-1.0,-0.1
3,NONE,-1.0,-0.1,-1.0,-0.1
3,NONE,-1.0,-0.1,-1.0,-0.1
3,NONE,-1.0,-0.1,-1.0,-0.1
3,NONE,-1.0,-0.1,-1.0,-0.1
3,NONE,-1.0,-0.1,-1.0,-0.1
3,NONE,-1.0,-0.1,-1.0,-0.1
3,NONE,-1.0,-0.1,-1.0,-0.1
3,NONE,-1.0,-0.1,-1.0,-0.1
3,NONE,-1.0,-0.1,-1.0,-0.1
3,NONE,-1.0,-0.1,-1.0,-0.1
3,NONE,-1.0,-0.1,-1.0,-0.1
3,NONE,-1.0,-0.1,-1.0,-0.1
3,NONE,-1.0,-0.1,-1.0,-0.1
3,NONE,-1.0,-0.1,-1.0,-0.1
3,NONE,-1.0,-0.1,-1.0,-0.1
3,NONE,-1.0,-0.1,-1.0,-0.1
3,NONE,-1.0,-0.1,-1.0,-0.1
3,NONE,-1.0,-0.1,-1.0,-0.1
3,NONE,-1.0,-0.1,-1.0,-0.1
3,NONE,-1.0,-0.1,-1.0,-0.1
3,NONE,-1.0,-0.1,-1.0,-0.1
3,NONE,-1.0,-0.1,-1.0,-0.1
3,NONE,-1.0,-0.1,-1.0,-0.1
3,NONE,-1.0,-0.1,-1.0,-0.1
3,NONE,-1.0,-0.1,-1.0,-0.1
3,NONE,-1.0,-0.1,-1.0,-0.1
3,NONE,-1.0,-0.1,-1.0,-0.1
2,EV_B07_C021_Moto_Lineal_Electrica,-1.0,-0.1,8.0,27.126911123628478
1,EV_B07_C021_Moto_Lineal_Electrica,6.0,86.71635285442444,-1.0,27.126911123628478
1,EV_B07_C021_Moto_Lineal_Electrica,5.0,86.71635285442444,-1.0,27.126911123628478
1,EV_B07_C021_Moto_Lineal_Electrica,4.0,86.71635285442444,-1.0,27.126911123628478
1,EV_B07_C021_Moto_Lineal_Electrica,3.0,86.71635285442444,-1.0,27.126911123628478
1,EV_B07_C021_Moto_Lineal_Electrica,2.0,86.71635285442444,-1.0,27.126911123628478
1,EV_B07_C021_Moto_Lineal_Electrica,1.0,86.71635285442444,-1.0,27.126911123628478
1,EV_B07_C021_Moto_Lineal_Electrica,0.0,86.71635285442444,-1.0,27.126911123628478
3,NONE,-1.0,-0.1,-1.0,-0.1
3,NONE,-1.0,-0.1,-1.0,-0.1
3,NONE,-1.0,-0.1,-1.0,-0.1
3,NONE,-1.0,-0.1,-1.0,-0.1
3,NONE,-1.0,-0.1,-1.0,-0.1
3,NONE,-1.0,-0.1,-1.0,-0.1
3,NONE,-1.0,-0.1,-1.0,-0.1
3,NONE,-1.0,-0.1,-1.0,-0.1
3,NONE,-1.0,-0.1,-1.0,-0.1
3,NONE,-1.0,-0.1,-1.0,-0.1
3,NONE,-1.0,-0.1,-1.0,-0.1
3,NONE,-1.0,-0.1,-1.0,-0.1
3,NONE,-1.0,-0.1,-1.0,-0.1
3,NONE,-1.0,-0.1,-1.0,-0.1
3,NONE,-1.0,-0.1,-1.0,-0.1
3,NONE,-1.0,-0.1,-1.0,-0.1
3,NONE,-1.0,-0.1,-1.0,-0.1
2,EV_B07_C021_Moto_Lineal_Electrica,-1.0,-0.1,9.0,13.857831947211551
1,EV_B07_C021_Moto_Lineal_Electrica,5.0,81.23060014244439,-1.0,13.857831947211551
1,EV_B07_C021_Moto_Lineal_Electrica,4.0,81.23060014244439,-1.0,13.857831947211551
1,EV_B07_C021_Moto_Lineal_Electrica,3.0,81.23060014244439,-1.0,13.857831947211551
1,EV_B07_C021_Moto_Lineal_Electrica,2.0,81.23060014244439,-1.0,13.857831947211551
1,EV_B07_C021_Moto_Lineal_Electrica,1.0,81.23060014244439,-1.0,13.857831947211551
1,EV_B07_C021_Moto_Lineal_Electrica,0.0,81.23060014244439,-1.0,13.857831947211551
3,NONE,-1.0,-0.1,-1.0,-0.1
3,NONE,-1.0,-0.1,-1.0,-0.1
3,NONE,-1.0,-0.1,-1.0,-0.1
3,NONE,-1.0,-0.1,-1.0,-0.1
3,NONE,-1.0,-0.1,-1.0,-0.1
3,NONE,-1.0,-0.1,-1.0,-0.1
3,NONE,-1.0,-0.1,-1.0,-0.1
3,NONE,-1.0,-0.1,-1.0,-0.1
3,NONE,-1.0,-0.1,-1.0,-0.1
3,NONE,-1.0,-0.1,-1.0,-0.1
3,NONE,-1.0,-0.1,-1.0,-0.1
3,NONE,-1.0,-0.1,-1.0,-0.1
3,NONE,-1.0,-0.1,-1.0,-0.1
3,NONE,-1.0,-0.1,-1.0,-0.1
3,NONE,-1.0,-0.1,-1.0,-0.1
3,NONE,-1.0,-0.1,-1.0,-0.1
3,NONE,-1.0,-0.1,-1.0,-0.1
3,NONE,-1.0,-0.1,-1.0,-0.1
3,NONE,-1.0,-0.1,-1.0,-0.1
3,NONE,-1.0,-0.1,-1.0,-0.1
3,NONE,-1.0,-0.1,-1.0,-0.1
3,NONE,-1.0,-0.1,-1.0,-0.1
3,NONE,-1.0,-0.1,-1.0,-0.1
3,NONE,-1.0,-0.1,-1.0,-0.1
3,NONE,-1.0,-0.1,-1.0,-0.1
3,NONE,-1.0,-0.1,-1.0,-0.1
3,NONE,-1.0,-0.1,-1.0,-0.1
3,NONE,-1.0,-0.1,-1.0,-0.1
3,NONE,-1.0,-0.1,-1.0,-0.1
3,NONE,-1.0,-0.1,-1.0,-0.1
3,NONE,-1.0,-0.1,-1.0,-0.1
3,NONE,-1.0,-0.1,-1.0,-0.1
3,NONE,-1.0,-0.1,-1.0,-0.1
3,NONE,-1.0,-0.1,-1.0,-0.1
3,NONE,-1.0,-0.1,-1.0,-0.1
3,NONE,-1.0,-0.1,-1.0,-0.1
3,NONE,-1.0,-0.1,-1.0,-0.1
3,NONE,-1.0,-0.1,-1.0,-0.1
3,NONE,-1.0,-0.1,-1.0,-0.1
3,NONE,-1.0,-0.1,-1.0,-0.1
3,NONE,-1.0,-0.1,-1.0,-0.1
3,NONE,-1.0,-0.1,-1.0,-0.1
3,NONE,-1.0,-0.1,-1.0,-0.1
3,NONE,-1.0,-0.1,-1.0,-0.1
3,NONE,-1.0,-0.1,-1.0,-0.1
3,NONE,-1.0,-0.1,-1.0,-0.1
3,NONE,-1.0,-0.1,-1.0,-0.1
3,NONE,-1.0,-0.1,-1.0,-0.1
3,NONE,-1.0,-0.1,-1.0,-0.1
3,NONE,-1.0,-0.1,-1.0,-0.1
3,NONE,-1.0,-0.1,-1.0,-0.1
3,NONE,-1.0,-0.1,-1.0,-0.1
3,NONE,-1.0,-0.1,-1.0,-0.1
3,NONE,-1.0,-0.1,-1.0,-0.1
3,NONE,-1.0,-0.1,-1.0,-0.1
3,NONE,-1.0,-0.1,-1.0,-0.1
3,NONE,-1.0,-0.1,-1.0,-0.1
3,NONE,-1.0,-0.1,-1.0,-0.1
3,NONE,-1.0,-0.1,-1.0,-0.1
3,NONE,-1.0,-0.1,-1.0,-0.1
3,NONE,-1.0,-0.1,-1.0,-0.1
3,NONE,-1.0,-0.1,-1.0,-0.1
3,NONE,-1.0,-0.1,-1.0,-0.1
3,NONE,-1.0,-0.1,-1.0,-0.1
3,NONE,-1.0,-0.1,-1.0,-0.1
3,NONE,-1.0,-0.1,-1.0,-0.1
3,NONE,-1.0,-0.1,-1.0,-0.1
3,NONE,-1.0,-0.1,-1.0,-0.1
3,NONE,-1.0,-0.1,-1.0,-0.1
3,NONE,-1.0,-0.1,-1.0,-0.1
3,NONE,-1.0,-0.1,-1.0,-0.1
3,NONE,-1.0,-0.1,-1.0,-0.1
3,NONE,-1.0,-0.1,-1.0,-0.1
3,NONE,-1.0,-0.1,-1.0,-0.1
3,NONE,-1.0,-0.1,-1.0,-0.1
3,NONE,-1.0,-0.1,-1.0,-0.1
3,NONE,-1.0,-0.1,-1.0,-0.1
3,NONE,-1.0,-0.1,-1.0,-0.1
3,NONE,-1.0,-0.1,-1.0,-0.1
3,NONE,-1.0,-0.1,-1.0,-0.1
3,NONE,-1.0,-0.1,-1.0,-0.1
3,NONE,-1.0,-0.1,-1.0,-0.1
3,NONE,-1.0,-0.1,-1.0,-0.1
3,NONE,-1.0,-0.1,-1.0,-0.1
3,NONE,-1.0,-0.1,-1.0,-0.1
3,NONE,-1.0,-0.1,-1.0,-0.1
3,NONE,-1.0,-0.1,-1.0,-0.1
2,EV_B07_C021_Moto_Lineal_Electrica,-1.0,-0.1,7.0,32.76160517264328
1,EV_B07_C021_Moto_Lineal_Electrica,7.0,85.20789651139503,-1.0,32.76160517264328
1,EV_B07_C021_Moto_Lineal_Electrica,6.0,85.20789651139503,-1.0,32.76160517264328
1,EV_B07_C021_Moto_Lineal_Electrica,5.0,85.20789651139503,-1.0,32.76160517264328
1,EV_B07_C021_Moto_Lineal_Electrica,4.0,85.20789651139503,-1.0,32.76160517264328
1,EV_B07_C021_Moto_Lineal_Electrica,3.0,85.20789651139503,-1.0,32.76160517264328
1,EV_B07_C021_Moto_Lineal_Electrica,2.0,85.20789651139503,-1.0,32.76160517264328
1,EV_B07_C021_Moto_Lineal_Electrica,1.0,85.20789651139503,-1.0,32.76160517264328
1,EV_B07_C021_Moto_Lineal_Electrica,0.0,85.20789651139503,-1.0,32.76160517264328
3,NONE,-1.0,-0.1,-1.0,-0.1
3,NONE,-1.0,-0.1,-1.0,-0.1
3,NONE,-1.0,-0.1,-1.0,-0.1
3,NONE,-1.0,-0.1,-1.0,-0.1
3,NONE,-1.0,-0.1,-1.0,-0.1
3,NONE,-1.0,-0.1,-1.0,-0.1
3,NONE,-1.0,-0.1,-1.0,-0.1
3,NONE,-1.0,-0.1,-1.0,-0.1
3,NONE,-1.0,-0.1,-1.0,-0.1
3,NONE,-1.0,-0.1,-1.0,-0.1
3,NONE,-1.0,-0.1,-1.0,-0.1
3,NONE,-1.0,-0.1,-1.0,-0.1
3,NONE,-1.0,-0.1,-1.0,-0.1
3,NONE,-1.0,-0.1,-1.0,-0.1
3,NONE,-1.0,-0.1,-1.0,-0.1
3,NONE,-1.0,-0.1,-1.0,-0.1
2,EV_B07_C021_Moto_Lineal_Electrica,-1.0,-0.1,8.0,43.708109840848934
1,EV_B07_C021_Moto_Lineal_Electrica,6.0,82.83285142671429,-1.0,43.708109840848934
1,EV_B07_C021_Moto_Lineal_Electrica,5.0,82.83285142671429,-1.0,43.708109840848934
1,EV_B07_C021_Moto_Lineal_Electrica,4.0,82.83285142671429,-1.0,43.708109840848934
1,EV_B07_C021_Moto_Lineal_Electrica,3.0,82.83285142671429,-1.0,43.708109840848934
1,EV_B07_C021_Moto_Lineal_Electrica,2.0,82.83285142671429,-1.0,43.708109840848934
1,EV_B07_C021_Moto_Lineal_Electrica,1.0,82.83285142671429,-1.0,43.708109840848934
1,EV_B07_C021_Moto_Lineal_Electrica,0.0,82.83285142671429,-1.0,43.708109840848934
3,NONE,-1.0,-0.1,-1.0,-0.1
3,NONE,-1.0,-0.1,-1.0,-0.1
3,NONE,-1.0,-0.1,-1.0,-0.1
3,NONE,-1.0,-0.1,-1.0,-0.1
3,NONE,-1.0,-0.1,-1.0,-0.1
3,NONE,-1.0,-0.1,-1.0,-0.1
3,NONE,-1.0,-0.1,-1.0,-0.1
3,NONE,-1.0,-0.1,-1.0,-0.1
3,NONE,-1.0,-0.1,-1.0,-0.1
3,NONE,-1.0,-0.1,-1.0,-0.1
3,NONE,-1.0,-0.1,-1.0,-0.1
3,NONE,-1.0,-0.1,-1.0,-0.1
3,NONE,-1.0,-0.1,-1.0,-0.1
3,NONE,-1.0,-0.1,-1.0,-0.1
3,NONE,-1.0,-0.1,-1.0,-0.1
3,NONE,-1.0,-0.1,-1.0,-0.1
2,EV_B07_C021_Moto_Lineal_Electrica,-1.0,-0.1,8.0,28.328132950155265
1,EV_B07_C021_Moto_Lineal_Electrica,6.0,100.0,-1.0,28.328132950155265
1,EV_B07_C021_Moto_Lineal_Electrica,5.0,100.0,-1.0,28.328132950155265
1,EV_B07_C021_Moto_Lineal_Electrica,4.0,100.0,-1.0,28.328132950155265
1,EV_B07_C021_Moto_Lineal_Electrica,3.0,100.0,-1.0,28.328132950155265
1,EV_B07_C021_Moto_Lineal_Electrica,2.0,100.0,-1.0,28.328132950155265
1,EV_B07_C021_Moto_Lineal_Electrica,1.0,100.0,-1.0,28.328132950155265
1,EV_B07_C021_Moto_Lineal_Electrica,0.0,100.0,-1.0,28.328132950155265
3,NONE,-1.0,-0.1,-1.0,-0.1
3,NONE,-1.0,-0.1,-1.0,-0.1
3,NONE,-1.0,-0.1,-1.0,-0.1
3,NONE,-1.0,-0.1,-1.0,-0.1
3,NONE,-1.0,-0.1,-1.0,-0.1
3,NONE,-1.0,-0.1,-1.0,-0.1
3,NONE,-1.0,-0.1,-1.0,-0.1
3,NONE,-1.0,-0.1,-1.0,-0.1
3,NONE,-1.0,-0.1,-1.0,-0.1
3,NONE,-1.0,-0.1,-1.0,-0.1
3,NONE,-1.0,-0.1,-1.0,-0.1
3,NONE,-1.0,-0.1,-1.0,-0.1
3,NONE,-1.0,-0.1,-1.0,-0.1
3,NONE,-1.0,-0.1,-1.0,-0.1
3,NONE,-1.0,-0.1,-1.0,-0.1
2,EV_B07_C021_Moto_Lineal_Electrica,-1.0,-0.1,7.0,47.52063278703022
1,EV_B07_C021_Moto_Lineal_Electrica,7.0,82.84055887693685,-1.0,47.52063278703022
1,EV_B07_C021_Moto_Lineal_Electrica,6.0,82.84055887693685,-1.0,47.52063278703022
1,EV_B07_C021_Moto_Lineal_Electrica,5.0,82.84055887693685,-1.0,47.52063278703022
1,EV_B07_C021_Moto_Lineal_Electrica,4.0,82.84055887693685,-1.0,47.52063278703022
1,EV_B07_C021_Moto_Lineal_Electrica,3.0,82.84055887693685,-1.0,47.52063278703022
1,EV_B07_C021_Moto_Lineal_Electrica,2.0,82.84055887693685,-1.0,47.52063278703022
1,EV_B07_C021_Moto_Lineal_Electrica,1.0,82.84055887693685,-1.0,47.52063278703022
1,EV_B07_C021_Moto_Lineal_Electrica,0.0,82.84055887693685,-1.0,47.52063278703022
3,NONE,-1.0,-0.1,-1.0,-0.1
3,NONE,-1.0,-0.1,-1.0,-0.1
3,NONE,-1.0,-0.1,-1.0,-0.1
3,NONE,-1.0,-0.1,-1.0,-0.1
3,NONE,-1.0,-0.1,-1.0,-0.1
3,NONE,-1.0,-0.1,-1.0,-0.1
3,NONE,-1.0,-0.1,-1.0,-0.1
3,NONE,-1.0,-0.1,-1.0,-0.1
3,NONE,-1.0,-0.1,-1.0,-0.1
3,NONE,-1.0,-0.1,-1.0,-0.1
3,NONE,-1.0,-0.1,-1.0,-0.1
3,NONE,-1.0,-0.1,-1.0,-0.1
3,NONE,-1.0,-0.1,-1.0,-0.1
3,NONE,-1.0,-0.1,-1.0,-0.1
3,NONE,-1.0,-0.1,-1.0,-0.1
3,NONE,-1.0,-0.1,-1.0,-0.1
3,NONE,-1.0,-0.1,-1.0,-0.1
3,NONE,-1.0,-0.1,-1.0,-0.1
3,NONE,-1.0,-0.1,-1.0,-0.1
3,NONE,-1.0,-0.1,-1.0,-0.1
3,NONE,-1.0,-0.1,-1.0,-0.1
3,NONE,-1.0,-0.1,-1.0,-0.1
3,NONE,-1.0,-0.1,-1.0,-0.1
3,NONE,-1.0,-0.1,-1.0,-0.1
3,NONE,-1.0,-0.1,-1.0,-0.1
3,NONE,-1.0,-0.1,-1.0,-0.1
3,NONE,-1.0,-0.1,-1.0,-0.1
3,NONE,-1.0,-0.1,-1.0,-0.1
3,NONE,-1.0,-0.1,-1.0,-0.1
3,NONE,-1.0,-0.1,-1.0,-0.1
3,NONE,-1.0,-0.1,-1.0,-0.1
3,NONE,-1.0,-0.1,-1.0,-0.1
3,NONE,-1.0,-0.1,-1.0,-0.1
3,NONE,-1.0,-0.1,-1.0,-0.1
3,NONE,-1.0,-0.1,-1.0,-0.1
3,NONE,-1.0,-0.1,-1.0,-0.1
3,NONE,-1.0,-0.1,-1.0,-0.1
3,NONE,-1.0,-0.1,-1.0,-0.1
3,NONE,-1.0,-0.1,-1.0,-0.1
3,NONE,-1.0,-0.1,-1.0,-0.1
3,NONE,-1.0,-0.1,-1.0,-0.1
3,NONE,-1.0,-0.1,-1.0,-0.1
3,NONE,-1.0,-0.1,-1.0,-0.1
3,NONE,-1.0,-0.1,-1.0,-0.1
3,NONE,-1.0,-0.1,-1.0,-0.1
3,NONE,-1.0,-0.1,-1.0,-0.1
3,NONE,-1.0,-0.1,-1.0,-0.1
3,NONE,-1.0,-0.1,-1.0,-0.1
3,NONE,-1.0,-0.1,-1.0,-0.1
3,NONE,-1.0,-0.1,-1.0,-0.1
3,NONE,-1.0,-0.1,-1.0,-0.1
3,NONE,-1.0,-0.1,-1.0,-0.1
3,NONE,-1.0,-0.1,-1.0,-0.1
3,NONE,-1.0,-0.1,-1.0,-0.1
3,NONE,-1.0,-0.1,-1.0,-0.1
3,NONE,-1.0,-0.1,-1.0,-0.1
3,NONE,-1.0,-0.1,-1.0,-0.1
3,NONE,-1.0,-0.1,-1.0,-0.1
3,NONE,-1.0,-0.1,-1.0,-0.1
3,NONE,-1.0,-0.1,-1.0,-0.1
3,NONE,-1.0,-0.1,-1.0,-0.1
3,NONE,-1.0,-0.1,-1.0,-0.1
3,NONE,-1.0,-0.1,-1.0,-0.1
3,NONE,-1.0,-0.1,-1.0,-0.1
2,EV_B07_C021_Moto_Lineal_Electrica,-1.0,-0.1,8.0,44.10907656235629
1,EV_B07_C021_Moto_Lineal_Electrica,6.0,88.63992754915292,-1.0,44.10907656235629
1,EV_B07_C021_Moto_Lineal_Electrica,5.0,88.63992754915292,-1.0,44.10907656235629
1,EV_B07_C021_Moto_Lineal_Electrica,4.0,88.63992754915292,-1.0,44.10907656235629
1,EV_B07_C021_Moto_Lineal_Electrica,3.0,88.63992754915292,-1.0,44.10907656235629
1,EV_B07_C021_Moto_Lineal_Electrica,2.0,88.63992754915292,-1.0,44.10907656235629
1,EV_B07_C021_Moto_Lineal_Electrica,1.0,88.63992754915292,-1.0,44.10907656235629
1,EV_B07_C021_Moto_Lineal_Electrica,0.0,88.63992754915292,-1.0,44.10907656235629
3,NONE,-1.0,-0.1,-1.0,-0.1
3,NONE,-1.0,-0.1,-1.0,-0.1
3,NONE,-1.0,-0.1,-1.0,-0.1
3,NONE,-1.0,-0.1,-1.0,-0.1
3,NONE,-1.0,-0.1,-1.0,-0.1
3,NONE,-1.0,-0.1,-1.0,-0.1
3,NONE,-1.0,-0.1,-1.0,-0.1
3,NONE,-1.0,-0.1,-1.0,-0.1
3,NONE,-1.0,-0.1,-1.0,-0.1
3,NONE,-1.0,-0.1,-1.0,-0.1
3,NONE,-1.0,-0.1,-1.0,-0.1
3,NONE,-1.0,-0.1,-1.0,-0.1
3,NONE,-1.0,-0.1,-1.0,-0.1
3,NONE,-1.0,-0.1,-1.0,-0.1
3,NONE,-1.0,-0.1,-1.0,-0.1
3,NONE,-1.0,-0.1,-1.0,-0.1
3,NONE,-1.0,-0.1,-1.0,-0.1
3,NONE,-1.0,-0.1,-1.0,-0.1
2,EV_B07_C021_Moto_Lineal_Electrica,-1.0,-0.1,10.0,15.889778757414408
1,EV_B07_C021_Moto_Lineal_Electrica,4.0,75.03867994663244,-1.0,15.889778757414408
1,EV_B07_C021_Moto_Lineal_Electrica,3.0,75.03867994663244,-1.0,15.889778757414408
1,EV_B07_C021_Moto_Lineal_Electrica,2.0,75.03867994663244,-1.0,15.889778757414408
1,EV_B07_C021_Moto_Lineal_Electrica,1.0,75.03867994663244,-1.0,15.889778757414408
1,EV_B07_C021_Moto_Lineal_Electrica,0.0,75.03867994663244,-1.0,15.889778757414408
3,NONE,-1.0,-0.1,-1.0,-0.1
3,NONE,-1.0,-0.1,-1.0,-0.1
3,NONE,-1.0,-0.1,-1.0,-0.1
3,NONE,-1.0,-0.1,-1.0,-0.1
3,NONE,-1.0,-0.1,-1.0,-0.1
3,NONE,-1.0,-0.1,-1.0,-0.1
3,NONE,-1.0,-0.1,-1.0,-0.1
3,NONE,-1.0,-0.1,-1.0,-0.1
3,NONE,-1.0,-0.1,-1.0,-0.1
3,NONE,-1.0,-0.1,-1.0,-0.1
3,NONE,-1.0,-0.1,-1.0,-0.1
3,NONE,-1.0,-0.1,-1.0,-0.1
3,NONE,-1.0,-0.1,-1.0,-0.1
3,NONE,-1.0,-0.1,-1.0,-0.1
3,NONE,-1.0,-0.1,-1.0,-0.1
3,NONE,-1.0,-0.1,-1.0,-0.1
3,NONE,-1.0,-0.1,-1.0,-0.1
3,NONE,-1.0,-0.1,-1.0,-0.1
3,NONE,-1.0,-0.1,-1.0,-0.1
3,NONE,-1.0,-0.1,-1.0,-0.1
3,NONE,-1.0,-0.1,-1.0,-0.1
3,NONE,-1.0,-0.1,-1.0,-0.1
3,NONE,-1.0,-0.1,-1.0,-0.1
3,NONE,-1.0,-0.1,-1.0,-0.1
3,NONE,-1.0,-0.1,-1.0,-0.1
3,NONE,-1.0,-0.1,-1.0,-0.1
3,NONE,-1.0,-0.1,-1.0,-0.1
3,NONE,-1.0,-0.1,-1.0,-0.1
3,NONE,-1.0,-0.1,-1.0,-0.1
3,NONE,-1.0,-0.1,-1.0,-0.1
3,NONE,-1.0,-0.1,-1.0,-0.1
3,NONE,-1.0,-0.1,-1.0,-0.1
3,NONE,-1.0,-0.1,-1.0,-0.1
3,NONE,-1.0,-0.1,-1.0,-0.1
3,NONE,-1.0,-0.1,-1.0,-0.1
3,NONE,-1.0,-0.1,-1.0,-0.1
3,NONE,-1.0,-0.1,-1.0,-0.1
3,NONE,-1.0,-0.1,-1.0,-0.1
3,NONE,-1.0,-0.1,-1.0,-0.1
3,NONE,-1.0,-0.1,-1.0,-0.1
2,EV_B07_C021_Moto_Lineal_Electrica,-1.0,-0.1,8.0,34.57232467878706
1,EV_B07_C021_Moto_Lineal_Electrica,6.0,86.39478877977514,-1.0,34.57232467878706
1,EV_B07_C021_Moto_Lineal_Electrica,5.0,86.39478877977514,-1.0,34.57232467878706
1,EV_B07_C021_Moto_Lineal_Electrica,4.0,86.39478877977514,-1.0,34.57232467878706
1,EV_B07_C021_Moto_Lineal_Electrica,3.0,86.39478877977514,-1.0,34.57232467878706
1,EV_B07_C021_Moto_Lineal_Electrica,2.0,86.39478877977514,-1.0,34.57232467878706
1,EV_B07_C021_Moto_Lineal_Electrica,1.0,86.39478877977514,-1.0,34.57232467878706
1,EV_B07_C021_Moto_Lineal_Electrica,0.0,86.39478877977514,-1.0,34.57232467878706
3,NONE,-1.0,-0.1,-1.0,-0.1
3,NONE,-1.0,-0.1,-1.0,-0.1
3,NONE,-1.0,-0.1,-1.0,-0.1
3,NONE,-1.0,-0.1,-1.0,-0.1
3,NONE,-1.0,-0.1,-1.0,-0.1
3,NONE,-1.0,-0.1,-1.0,-0.1
3,NONE,-1.0,-0.1,-1.0,-0.1
3,NONE,-1.0,-0.1,-1.0,-0.1
3,NONE,-1.0,-0.1,-1.0,-0.1
3,NONE,-1.0,-0.1,-1.0,-0.1
3,NONE,-1.0,-0.1,-1.0,-0.1
3,NONE,-1.0,-0.1,-1.0,-0.1
3,NONE,-1.0,-0.1,-1.0,-0.1
3,NONE,-1.0,-0.1,-1.0,-0.1
3,NONE,-1.0,-0.1,-1.0,-0.1
3,NONE,-1.0,-0.1,-1.0,-0.1
2,EV_B07_C021_Moto_Lineal_Electrica,-1.0,-0.1,8.0,21.965596084425407
1,EV_B07_C021_Moto_Lineal_Electrica,6.0,93.35075206854061,-1.0,21.965596084425407
1,EV_B07_C021_Moto_Lineal_Electrica,5.0,93.35075206854061,-1.0,21.965596084425407
1,EV_B07_C021_Moto_Lineal_Electrica,4.0,93.35075206854061,-1.0,21.965596084425407
1,EV_B07_C021_Moto_Lineal_Electrica,3.0,93.35075206854061,-1.0,21.965596084425407
1,EV_B07_C021_Moto_Lineal_Electrica,2.0,93.35075206854061,-1.0,21.965596084425407
1,EV_B07_C021_Moto_Lineal_Electrica,1.0,93.35075206854061,-1.0,21.965596084425407
1,EV_B07_C021_Moto_Lineal_Electrica,0.0,93.35075206854061,-1.0,21.965596084425407
3,NONE,-1.0,-0.1,-1.0,-0.1
3,NONE,-1.0,-0.1,-1.0,-0.1
3,NONE,-1.0,-0.1,-1.0,-0.1
3,NONE,-1.0,-0.1,-1.0,-0.1
3,NONE,-1.0,-0.1,-1.0,-0.1
3,NONE,-1.0,-0.1,-1.0,-0.1
3,NONE,-1.0,-0.1,-1.0,-0.1
3,NONE,-1.0,-0.1,-1.0,-0.1
3,NONE,-1.0,-0.1,-1.0,-0.1
3,NONE,-1.0,-0.1,-1.0,-0.1
3,NONE,-1.0,-0.1,-1.0,-0.1
3,NONE,-1.0,-0.1,-1.0,-0.1
3,NONE,-1.0,-0.1,-1.0,-0.1
3,NONE,-1.0,-0.1,-1.0,-0.1
3,NONE,-1.0,-0.1,-1.0,-0.1
3,NONE,-1.0,-0.1,-1.0,-0.1
3,NONE,-1.0,-0.1,-1.0,-0.1
3,NONE,-1.0,-0.1,-1.0,-0.1
3,NONE,-1.0,-0.1,-1.0,-0.1
3,NONE,-1.0,-0.1,-1.0,-0.1
3,NONE,-1.0,-0.1,-1.0,-0.1
3,NONE,-1.0,-0.1,-1.0,-0.1
3,NONE,-1.0,-0.1,-1.0,-0.1
3,NONE,-1.0,-0.1,-1.0,-0.1
3,NONE,-1.0,-0.1,-1.0,-0.1
3,NONE,-1.0,-0.1,-1.0,-0.1
3,NONE,-1.0,-0.1,-1.0,-0.1
3,NONE,-1.0,-0.1,-1.0,-0.1
3,NONE,-1.0,-0.1,-1.0,-0.1
3,NONE,-1.0,-0.1,-1.0,-0.1
3,NONE,-1.0,-0.1,-1.0,-0.1
3,NONE,-1.0,-0.1,-1.0,-0.1
3,NONE,-1.0,-0.1,-1.0,-0.1
3,NONE,-1.0,-0.1,-1.0,-0.1
3,NONE,-1.0,-0.1,-1.0,-0.1
3,NONE,-1.0,-0.1,-1.0,-0.1
3,NONE,-1.0,-0.1,-1.0,-0.1
3,NONE,-1.0,-0.1,-1.0,-0.1
3,NONE,-1.0,-0.1,-1.0,-0.1
3,NONE,-1.0,-0.1,-1.0,-0.1
3,NONE,-1.0,-0.1,-1.0,-0.1
3,NONE,-1.0,-0.1,-1.0,-0.1
3,NONE,-1.0,-0.1,-1.0,-0.1
3,NONE,-1.0,-0.1,-1.0,-0.1
3,NONE,-1.0,-0.1,-1.0,-0.1
3,NONE,-1.0,-0.1,-1.0,-0.1
3,NONE,-1.0,-0.1,-1.0,-0.1
3,NONE,-1.0,-0.1,-1.0,-0.1
3,NONE,-1.0,-0.1,-1.0,-0.1
3,NONE,-1.0,-0.1,-1.0,-0.1
3,NONE,-1.0,-0.1,-1.0,-0.1
3,NONE,-1.0,-0.1,-1.0,-0.1
3,NONE,-1.0,-0.1,-1.0,-0.1
3,NONE,-1.0,-0.1,-1.0,-0.1
3,NONE,-1.0,-0.1,-1.0,-0.1
3,NONE,-1.0,-0.1,-1.0,-0.1
3,NONE,-1.0,-0.1,-1.0,-0.1
3,NONE,-1.0,-0.1,-1.0,-0.1
3,NONE,-1.0,-0.1,-1.0,-0.1
3,NONE,-1.0,-0.1,-1.0,-0.1
3,NONE,-1.0,-0.1,-1.0,-0.1
3,NONE,-1.0,-0.1,-1.0,-0.1
3,NONE,-1.0,-0.1,-1.0,-0.1
3,NONE,-1.0,-0.1,-1.0,-0.1
3,NONE,-1.0,-0.1,-1.0,-0.1
3,NONE,-1.0,-0.1,-1.0,-0.1
2,EV_B07_C021_Moto_Lineal_Electrica,-1.0,-0.1,10.0,56.42575463319885
1,EV_B07_C021_Moto_Lineal_Electrica,4.0,91.98051539407665,-1.0,56.42575463319885
1,EV_B07_C021_Moto_Lineal_Electrica,3.0,91.98051539407665,-1.0,56.42575463319885
1,EV_B07_C021_Moto_Lineal_Electrica,2.0,91.98051539407665,-1.0,56.42575463319885
1,EV_B07_C021_Moto_Lineal_Electrica,1.0,91.98051539407665,-1.0,56.42575463319885
1,EV_B07_C021_Moto_Lineal_Electrica,0.0,91.98051539407665,-1.0,56.42575463319885
3,NONE,-1.0,-0.1,-1.0,-0.1
3,NONE,-1.0,-0.1,-1.0,-0.1
3,NONE,-1.0,-0.1,-1.0,-0.1
3,NONE,-1.0,-0.1,-1.0,-0.1
3,NONE,-1.0,-0.1,-1.0,-0.1
3,NONE,-1.0,-0.1,-1.0,-0.1
3,NONE,-1.0,-0.1,-1.0,-0.1
3,NONE,-1.0,-0.1,-1.0,-0.1
3,NONE,-1.0,-0.1,-1.0,-0.1
3,NONE,-1.0,-0.1,-1.0,-0.1
3,NONE,-1.0,-0.1,-1.0,-0.1
3,NONE,-1.0,-0.1,-1.0,-0.1
3,NONE,-1.0,-0.1,-1.0,-0.1
3,NONE,-1.0,-0.1,-1.0,-0.1
3,NONE,-1.0,-0.1,-1.0,-0.1
3,NONE,-1.0,-0.1,-1.0,-0.1
3,NONE,-1.0,-0.1,-1.0,-0.1
2,EV_B07_C021_Moto_Lineal_Electrica,-1.0,-0.1,9.0,49.95471167109727
1,EV_B07_C021_Moto_Lineal_Electrica,5.0,90.34690661313792,-1.0,49.95471167109727
1,EV_B07_C021_Moto_Lineal_Electrica,4.0,90.34690661313792,-1.0,49.95471167109727
1,EV_B07_C021_Moto_Lineal_Electrica,3.0,90.34690661313792,-1.0,49.95471167109727
1,EV_B07_C021_Moto_Lineal_Electrica,2.0,90.34690661313792,-1.0,49.95471167109727
1,EV_B07_C021_Moto_Lineal_Electrica,1.0,90.34690661313792,-1.0,49.95471167109727
1,EV_B07_C021_Moto_Lineal_Electrica,0.0,90.34690661313792,-1.0,49.95471167109727
3,NONE,-1.0,-0.1,-1.0,-0.1
3,NONE,-1.0,-0.1,-1.0,-0.1
3,NONE,-1.0,-0.1,-1.0,-0.1
3,NONE,-1.0,-0.1,-1.0,-0.1
3,NONE,-1.0,-0.1,-1.0,-0.1
3,NONE,-1.0,-0.1,-1.0,-0.1
3,NONE,-1.0,-0.1,-1.0,-0.1
3,NONE,-1.0,-0.1,-1.0,-0.1
3,NONE,-1.0,-0.1,-1.0,-0.1
3,NONE,-1.0,-0.1,-1.0,-0.1
3,NONE,-1.0,-0.1,-1.0,-0.1
3,NONE,-1.0,-0.1,-1.0,-0.1
3,NONE,-1.0,-0.1,-1.0,-0.1
3,NONE,-1.0,-0.1,-1.0,-0.1
3,NONE,-1.0,-0.1,-1.0,-0.1
3,NONE,-1.0,-0.1,-1.0,-0.1
3,NONE,-1.0,-0.1,-1.0,-0.1
3,NONE,-1.0,-0.1,-1.0,-0.1
3,NONE,-1.0,-0.1,-1.0,-0.1
3,NONE,-1.0,-0.1,-1.0,-0.1
3,NONE,-1.0,-0.1,-1.0,-0.1
3,NONE,-1.0,-0.1,-1.0,-0.1
3,NONE,-1.0,-0.1,-1.0,-0.1
3,NONE,-1.0,-0.1,-1.0,-0.1
3,NONE,-1.0,-0.1,-1.0,-0.1
3,NONE,-1.0,-0.1,-1.0,-0.1
3,NONE,-1.0,-0.1,-1.0,-0.1
3,NONE,-1.0,-0.1,-1.0,-0.1
3,NONE,-1.0,-0.1,-1.0,-0.1
3,NONE,-1.0,-0.1,-1.0,-0.1
3,NONE,-1.0,-0.1,-1.0,-0.1
3,NONE,-1.0,-0.1,-1.0,-0.1
3,NONE,-1.0,-0.1,-1.0,-0.1
3,NONE,-1.0,-0.1,-1.0,-0.1
3,NONE,-1.0,-0.1,-1.0,-0.1
3,NONE,-1.0,-0.1,-1.0,-0.1
3,NONE,-1.0,-0.1,-1.0,-0.1
3,NONE,-1.0,-0.1,-1.0,-0.1
3,NONE,-1.0,-0.1,-1.0,-0.1
3,NONE,-1.0,-0.1,-1.0,-0.1
2,EV_B07_C021_Moto_Lineal_Electrica,-1.0,-0.1,8.0,6.532104807681442
1,EV_B07_C021_Moto_Lineal_Electrica,6.0,77.86895765251595,-1.0,6.532104807681442
1,EV_B07_C021_Moto_Lineal_Electrica,5.0,77.86895765251595,-1.0,6.532104807681442
1,EV_B07_C021_Moto_Lineal_Electrica,4.0,77.86895765251595,-1.0,6.532104807681442
1,EV_B07_C021_Moto_Lineal_Electrica,3.0,77.86895765251595,-1.0,6.532104807681442
1,EV_B07_C021_Moto_Lineal_Electrica,2.0,77.86895765251595,-1.0,6.532104807681442
1,EV_B07_C021_Moto_Lineal_Electrica,1.0,77.86895765251595,-1.0,6.532104807681442
1,EV_B07_C021_Moto_Lineal_Electrica,0.0,77.86895765251595,-1.0,6.532104807681442
3,NONE,-1.0,-0.1,-1.0,-0.1
3,NONE,-1.0,-0.1,-1.0,-0.1
3,NONE,-1.0,-0.1,-1.0,-0.1
3,NONE,-1.0,-0.1,-1.0,-0.1
3,NONE,-1.0,-0.1,-1.0,-0.1
3,NONE,-1.0,-0.1,-1.0,-0.1
3,NONE,-1.0,-0.1,-1.0,-0.1
3,NONE,-1.0,-0.1,-1.0,-0.1
3,NONE,-1.0,-0.1,-1.0,-0.1
3,NONE,-1.0,-0.1,-1.0,-0.1
3,NONE,-1.0,-0.1,-1.0,-0.1
3,NONE,-1.0,-0.1,-1.0,-0.1
3,NONE,-1.0,-0.1,-1.0,-0.1
3,NONE,-1.0,-0.1,-1.0,-0.1
3,NONE,-1.0,-0.1,-1.0,-0.1
3,NONE,-1.0,-0.1,-1.0,-0.1
3,NONE,-1.0,-0.1,-1.0,-0.1
3,NONE,-1.0,-0.1,-1.0,-0.1
3,NONE,-1.0,-0.1,-1.0,-0.1
3,NONE,-1.0,-0.1,-1.0,-0.1
3,NONE,-1.0,-0.1,-1.0,-0.1
3,NONE,-1.0,-0.1,-1.0,-0.1
3,NONE,-1.0,-0.1,-1.0,-0.1
3,NONE,-1.0,-0.1,-1.0,-0.1
3,NONE,-1.0,-0.1,-1.0,-0.1
3,NONE,-1.0,-0.1,-1.0,-0.1
3,NONE,-1.0,-0.1,-1.0,-0.1
3,NONE,-1.0,-0.1,-1.0,-0.1
3,NONE,-1.0,-0.1,-1.0,-0.1
3,NONE,-1.0,-0.1,-1.0,-0.1
3,NONE,-1.0,-0.1,-1.0,-0.1
3,NONE,-1.0,-0.1,-1.0,-0.1
3,NONE,-1.0,-0.1,-1.0,-0.1
3,NONE,-1.0,-0.1,-1.0,-0.1
3,NONE,-1.0,-0.1,-1.0,-0.1
3,NONE,-1.0,-0.1,-1.0,-0.1
3,NONE,-1.0,-0.1,-1.0,-0.1
3,NONE,-1.0,-0.1,-1.0,-0.1
3,NONE,-1.0,-0.1,-1.0,-0.1
3,NONE,-1.0,-0.1,-1.0,-0.1
3,NONE,-1.0,-0.1,-1.0,-0.1
3,NONE,-1.0,-0.1,-1.0,-0.1
3,NONE,-1.0,-0.1,-1.0,-0.1
3,NONE,-1.0,-0.1,-1.0,-0.1
3,NONE,-1.0,-0.1,-1.0,-0.1
3,NONE,-1.0,-0.1,-1.0,-0.1
3,NONE,-1.0,-0.1,-1.0,-0.1
3,NONE,-1.0,-0.1,-1.0,-0.1
3,NONE,-1.0,-0.1,-1.0,-0.1
3,NONE,-1.0,-0.1,-1.0,-0.1
3,NONE,-1.0,-0.1,-1.0,-0.1
3,NONE,-1.0,-0.1,-1.0,-0.1
3,NONE,-1.0,-0.1,-1.0,-0.1
3,NONE,-1.0,-0.1,-1.0,-0.1
3,NONE,-1.0,-0.1,-1.0,-0.1
3,NONE,-1.0,-0.1,-1.0,-0.1
3,NONE,-1.0,-0.1,-1.0,-0.1
3,NONE,-1.0,-0.1,-1.0,-0.1
3,NONE,-1.0,-0.1,-1.0,-0.1
3,NONE,-1.0,-0.1,-1.0,-0.1
3,NONE,-1.0,-0.1,-1.0,-0.1
3,NONE,-1.0,-0.1,-1.0,-0.1
3,NONE,-1.0,-0.1,-1.0,-0.1
3,NONE,-1.0,-0.1,-1.0,-0.1
3,NONE,-1.0,-0.1,-1.0,-0.1
3,NONE,-1.0,-0.1,-1.0,-0.1
3,NONE,-1.0,-0.1,-1.0,-0.1
3,NONE,-1.0,-0.1,-1.0,-0.1
3,NONE,-1.0,-0.1,-1.0,-0.1
3,NONE,-1.0,-0.1,-1.0,-0.1
3,NONE,-1.0,-0.1,-1.0,-0.1
3,NONE,-1.0,-0.1,-1.0,-0.1
3,NONE,-1.0,-0.1,-1.0,-0.1
3,NONE,-1.0,-0.1,-1.0,-0.1
3,NONE,-1.0,-0.1,-1.0,-0.1
3,NONE,-1.0,-0.1,-1.0,-0.1
3,NONE,-1.0,-0.1,-1.0,-0.1
3,NONE,-1.0,-0.1,-1.0,-0.1
3,NONE,-1.0,-0.1,-1.0,-0.1
3,NONE,-1.0,-0.1,-1.0,-0.1
3,NONE,-1.0,-0.1,-1.0,-0.1
3,NONE,-1.0,-0.1,-1.0,-0.1
3,NONE,-1.0,-0.1,-1.0,-0.1
3,NONE,-1.0,-0.1,-1.0,-0.1
3,NONE,-1.0,-0.1,-1.0,-0.1
3,NONE,-1.0,-0.1,-1.0,-0.1
3,NONE,-1.0,-0.1,-1.0,-0.1
3,NONE,-1.0,-0.1,-1.0,-0.1
3,NONE,-1.0,-0.1,-1.0,-0.1
3,NONE,-1.0,-0.1,-1.0,-0.1
3,NONE,-1.0,-0.1,-1.0,-0.1
3,NONE,-1.0,-0.1,-1.0,-0.1
3,NONE,-1.0,-0.1,-1.0,-0.1
3,NONE,-1.0,-0.1,-1.0,-0.1
3,NONE,-1.0,-0.1,-1.0,-0.1
3,NONE,-1.0,-0.1,-1.0,-0.1
3,NONE,-1.0,-0.1,-1.0,-0.1
3,NONE,-1.0,-0.1,-1.0,-0.1
3,NONE,-1.0,-0.1,-1.0,-0.1
3,NONE,-1.0,-0.1,-1.0,-0.1
3,NONE,-1.0,-0.1,-1.0,-0.1
3,NONE,-1.0,-0.1,-1.0,-0.1
3,NONE,-1.0,-0.1,-1.0,-0.1
3,NONE,-1.0,-0.1,-1.0,-0.1
3,NONE,-1.0,-0.1,-1.0,-0.1
3,NONE,-1.0,-0.1,-1.0,-0.1
3,NONE,-1.0,-0.1,-1.0,-0.1
3,NONE,-1.0,-0.1,-1.0,-0.1
3,NONE,-1.0,-0.1,-1.0,-0.1
3,NONE,-1.0,-0.1,-1.0,-0.1
3,NONE,-1.0,-0.1,-1.0,-0.1
2,EV_B07_C021_Moto_Lineal_Electrica,-1.0,-0.1,7.0,19.191769658684755
1,EV_B07_C021_Moto_Lineal_Electrica,7.0,79.43480353785061,-1.0,19.191769658684755
1,EV_B07_C021_Moto_Lineal_Electrica,6.0,79.43480353785061,-1.0,19.191769658684755
1,EV_B07_C021_Moto_Lineal_Electrica,5.0,79.43480353785061,-1.0,19.191769658684755
1,EV_B07_C021_Moto_Lineal_Electrica,4.0,79.43480353785061,-1.0,19.191769658684755
1,EV_B07_C021_Moto_Lineal_Electrica,3.0,79.43480353785061,-1.0,19.191769658684755
1,EV_B07_C021_Moto_Lineal_Electrica,2.0,79.43480353785061,-1.0,19.191769658684755
1,EV_B07_C021_Moto_Lineal_Electrica,1.0,79.43480353785061,-1.0,19.191769658684755
1,EV_B07_C021_Moto_Lineal_Electrica,0.0,79.43480353785061,-1.0,19.191769658684755
3,NONE,-1.0,-0.1,-1.0,-0.1
3,NONE,-1.0,-0.1,-1.0,-0.1
3,NONE,-1.0,-0.1,-1.0,-0.1
3,NONE,-1.0,-0.1,-1.0,-0.1
3,NONE,-1.0,-0.1,-1.0,-0.1
3,NONE,-1.0,-0.1,-1.0,-0.1
3,NONE,-1.0,-0.1,-1.0,-0.1
3,NONE,-1.0,-0.1,-1.0,-0.1
3,NONE,-1.0,-0.1,-1.0,-0.1
3,NONE,-1.0,-0.1,-1.0,-0.1
3,NONE,-1.0,-0.1,-1.0,-0.1
3,NONE,-1.0,-0.1,-1.0,-0.1
3,NONE,-1.0,-0.1,-1.0,-0.1
3,NONE,-1.0,-0.1,-1.0,-0.1
3,NONE,-1.0,-0.1,-1.0,-0.1
3,NONE,-1.0,-0.1,-1.0,-0.1
3,NONE,-1.0,-0.1,-1.0,-0.1
3,NONE,-1.0,-0.1,-1.0,-0.1
3,NONE,-1.0,-0.1,-1.0,-0.1
3,NONE,-1.0,-0.1,-1.0,-0.1
3,NONE,-1.0,-0.1,-1.0,-0.1
3,NONE,-1.0,-0.1,-1.0,-0.1
3,NONE,-1.0,-0.1,-1.0,-0.1
3,NONE,-1.0,-0.1,-1.0,-0.1
3,NONE,-1.0,-0.1,-1.0,-0.1
3,NONE,-1.0,-0.1,-1.0,-0.1
3,NONE,-1.0,-0.1,-1.0,-0.1
3,NONE,-1.0,-0.1,-1.0,-0.1
3,NONE,-1.0,-0.1,-1.0,-0.1
3,NONE,-1.0,-0.1,-1.0,-0.1
3,NONE,-1.0,-0.1,-1.0,-0.1
3,NONE,-1.0,-0.1,-1.0,-0.1
3,NONE,-1.0,-0.1,-1.0,-0.1
3,NONE,-1.0,-0.1,-1.0,-0.1
3,NONE,-1.0,-0.1,-1.0,-0.1
3,NONE,-1.0,-0.1,-1.0,-0.1
3,NONE,-1.0,-0.1,-1.0,-0.1
3,NONE,-1.0,-0.1,-1.0,-0.1
3,NONE,-1.0,-0.1,-1.0,-0.1
3,NONE,-1.0,-0.1,-1.0,-0.1
2,EV_B07_C021_Moto_Lineal_Electrica,-1.0,-0.1,8.0,40.96637504543756
1,EV_B07_C021_Moto_Lineal_Electrica,6.0,71.82121888855715,-1.0,40.96637504543756
1,EV_B07_C021_Moto_Lineal_Electrica,5.0,71.82121888855715,-1.0,40.96637504543756
1,EV_B07_C021_Moto_Lineal_Electrica,4.0,71.82121888855715,-1.0,40.96637504543756
1,EV_B07_C021_Moto_Lineal_Electrica,3.0,71.82121888855715,-1.0,40.96637504543756
1,EV_B07_C021_Moto_Lineal_Electrica,2.0,71.82121888855715,-1.0,40.96637504543756
1,EV_B07_C021_Moto_Lineal_Electrica,1.0,71.82121888855715,-1.0,40.96637504543756
1,EV_B07_C021_Moto_Lineal_Electrica,0.0,71.82121888855715,-1.0,40.96637504543756
3,NONE,-1.0,-0.1,-1.0,-0.1
3,NONE,-1.0,-0.1,-1.0,-0.1
3,NONE,-1.0,-0.1,-1.0,-0.1
3,NONE,-1.0,-0.1,-1.0,-0.1
3,NONE,-1.0,-0.1,-1.0,-0.1
3,NONE,-1.0,-0.1,-1.0,-0.1
3,NONE,-1.0,-0.1,-1.0,-0.1
3,NONE,-1.0,-0.1,-1.0,-0.1
3,NONE,-1.0,-0.1,-1.0,-0.1
3,NONE,-1.0,-0.1,-1.0,-0.1
3,NONE,-1.0,-0.1,-1.0,-0.1
3,NONE,-1.0,-0.1,-1.0,-0.1
3,NONE,-1.0,-0.1,-1.0,-0.1
3,NONE,-1.0,-0.1,-1.0,-0.1
3,NONE,-1.0,-0.1,-1.0,-0.1
3,NONE,-1.0,-0.1,-1.0,-0.1
3,NONE,-1.0,-0.1,-1.0,-0.1
2,EV_B07_C021_Moto_Lineal_Electrica,-1.0,-0.1,9.0,19.55398345936907
1,EV_B07_C021_Moto_Lineal_Electrica,5.0,83.46502902807784,-1.0,19.55398345936907
1,EV_B07_C021_Moto_Lineal_Electrica,4.0,83.46502902807784,-1.0,19.55398345936907
1,EV_B07_C021_Moto_Lineal_Electrica,3.0,83.46502902807784,-1.0,19.55398345936907
1,EV_B07_C021_Moto_Lineal_Electrica,2.0,83.46502902807784,-1.0,19.55398345936907
1,EV_B07_C021_Moto_Lineal_Electrica,1.0,83.46502902807784,-1.0,19.55398345936907
1,EV_B07_C021_Moto_Lineal_Electrica,0.0,83.46502902807784,-1.0,19.55398345936907
3,NONE,-1.0,-0.1,-1.0,-0.1
3,NONE,-1.0,-0.1,-1.0,-0.1
3,NONE,-1.0,-0.1,-1.0,-0.1
3,NONE,-1.0,-0.1,-1.0,-0.1
3,NONE,-1.0,-0.1,-1.0,-0.1
3,NONE,-1.0,-0.1,-1.0,-0.1
3,NONE,-1.0,-0.1,-1.0,-0.1
3,NONE,-1.0,-0.1,-1.0,-0.1
3,NONE,-1.0,-0.1,-1.0,-0.1
3,NONE,-1.0,-0.1,-1.0,-0.1
3,NONE,-1.0,-0.1,-1.0,-0.1
3,NONE,-1.0,-0.1,-1.0,-0.1
3,NONE,-1.0,-0.1,-1.0,-0.1
3,NONE,-1.0,-0.1,-1.0,-0.1
3,NONE,-1.0,-0.1,-1.0,-0.1
3,NONE,-1.0,-0.1,-1.0,-0.1
3,NONE,-1.0,-0.1,-1.0,-0.1
3,NONE,-1.0,-0.1,-1.0,-0.1
3,NONE,-1.0,-0.1,-1.0,-0.1
3,NONE,-1.0,-0.1,-1.0,-0.1
3,NONE,-1.0,-0.1,-1.0,-0.1
3,NONE,-1.0,-0.1,-1.0,-0.1
3,NONE,-1.0,-0.1,-1.0,-0.1
3,NONE,-1.0,-0.1,-1.0,-0.1
3,NONE,-1.0,-0.1,-1.0,-0.1
3,NONE,-1.0,-0.1,-1.0,-0.1
3,NONE,-1.0,-0.1,-1.0,-0.1
3,NONE,-1.0,-0.1,-1.0,-0.1
3,NONE,-1.0,-0.1,-1.0,-0.1
3,NONE,-1.0,-0.1,-1.0,-0.1
3,NONE,-1.0,-0.1,-1.0,-0.1
3,NONE,-1.0,-0.1,-1.0,-0.1
3,NONE,-1.0,-0.1,-1.0,-0.1
3,NONE,-1.0,-0.1,-1.0,-0.1
3,NONE,-1.0,-0.1,-1.0,-0.1
3,NONE,-1.0,-0.1,-1.0,-0.1
3,NONE,-1.0,-0.1,-1.0,-0.1
3,NONE,-1.0,-0.1,-1.0,-0.1
3,NONE,-1.0,-0.1,-1.0,-0.1
3,NONE,-1.0,-0.1,-1.0,-0.1
3,NONE,-1.0,-0.1,-1.0,-0.1
3,NONE,-1.0,-0.1,-1.0,-0.1
3,NONE,-1.0,-0.1,-1.0,-0.1
3,NONE,-1.0,-0.1,-1.0,-0.1
3,NONE,-1.0,-0.1,-1.0,-0.1
3,NONE,-1.0,-0.1,-1.0,-0.1
3,NONE,-1.0,-0.1,-1.0,-0.1
3,NONE,-1.0,-0.1,-1.0,-0.1
3,NONE,-1.0,-0.1,-1.0,-0.1
3,NONE,-1.0,-0.1,-1.0,-0.1
3,NONE,-1.0,-0.1,-1.0,-0.1
3,NONE,-1.0,-0.1,-1.0,-0.1
3,NONE,-1.0,-0.1,-1.0,-0.1
3,NONE,-1.0,-0.1,-1.0,-0.1
3,NONE,-1.0,-0.1,-1.0,-0.1
3,NONE,-1.0,-0.1,-1.0,-0.1
3,NONE,-1.0,-0.1,-1.0,-0.1
3,NONE,-1.0,-0.1,-1.0,-0.1
3,NONE,-1.0,-0.1,-1.0,-0.1
3,NONE,-1.0,-0.1,-1.0,-0.1
3,NONE,-1.0,-0.1,-1.0,-0.1
3,NONE,-1.0,-0.1,-1.0,-0.1
3,NONE,-1.0,-0.1,-1.0,-0.1
3,NONE,-1.0,-0.1,-1.0,-0.1
3,NONE,-1.0,-0.1,-1.0,-0.1
3,NONE,-1.0,-0.1,-1.0,-0.1
3,NONE,-1.0,-0.1,-1.0,-0.1
3,NONE,-1.0,-0.1,-1.0,-0.1
3,NONE,-1.0,-0.1,-1.0,-0.1
3,NONE,-1.0,-0.1,-1.0,-0.1
3,NONE,-1.0,-0.1,-1.0,-0.1
3,NONE,-1.0,-0.1,-1.0,-0.1
3,NONE,-1.0,-0.1,-1.0,-0.1
3,NONE,-1.0,-0.1,-1.0,-0.1
3,NONE,-1.0,-0.1,-1.0,-0.1
3,NONE,-1.0,-0.1,-1.0,-0.1
3,NONE,-1.0,-0.1,-1.0,-0.1
3,NONE,-1.0,-0.1,-1.0,-0.1
3,NONE,-1.0,-0.1,-1.0,-0.1
3,NONE,-1.0,-0.1,-1.0,-0.1
3,NONE,-1.0,-0.1,-1.0,-0.1
3,NONE,-1.0,-0.1,-1.0,-0.1
3,NONE,-1.0,-0.1,-1.0,-0.1
3,NONE,-1.0,-0.1,-1.0,-0.1
3,NONE,-1.0,-0.1,-1.0,-0.1
3,NONE,-1.0,-0.1,-1.0,-0.1
3,NONE,-1.0,-0.1,-1.0,-0.1
3,NONE,-1.0,-0.1,-1.0,-0.1
3,NONE,-1.0,-0.1,-1.0,-0.1
3,NONE,-1.0,-0.1,-1.0,-0.1
3,NONE,-1.0,-0.1,-1.0,-0.1
3,NONE,-1.0,-0.1,-1.0,-0.1
3,NONE,-1.0,-0.1,-1.0,-0.1
3,NONE,-1.0,-0.1,-1.0,-0.1
3,NONE,-1.0,-0.1,-1.0,-0.1
3,NONE,-1.0,-0.1,-1.0,-0.1
3,NONE,-1.0,-0.1,-1.0,-0.1
3,NONE,-1.0,-0.1,-1.0,-0.1
3,NONE,-1.0,-0.1,-1.0,-0.1
3,NONE,-1.0,-0.1,-1.0,-0.1
3,NONE,-1.0,-0.1,-1.0,-0.1
3,NONE,-1.0,-0.1,-1.0,-0.1
3,NONE,-1.0,-0.1,-1.0,-0.1
3,NONE,-1.0,-0.1,-1.0,-0.1
3,NONE,-1.0,-0.1,-1.0,-0.1
3,NONE,-1.0,-0.1,-1.0,-0.1
3,NONE,-1.0,-0.1,-1.0,-0.1
3,NONE,-1.0,-0.1,-1.0,-0.1
3,NONE,-1.0,-0.1,-1.0,-0.1
3,NONE,-1.0,-0.1,-1.0,-0.1
3,NONE,-1.0,-0.1,-1.0,-0.1
2,EV_B07_C021_Moto_Lineal_Electrica,-1.0,-0.1,7.0,50.25839245940192
1,EV_B07_C021_Moto_Lineal_Electrica,7.0,78.1051654959237,-1.0,50.25839245940192
1,EV_B07_C021_Moto_Lineal_Electrica,6.0,78.1051654959237,-1.0,50.25839245940192
1,EV_B07_C021_Moto_Lineal_Electrica,5.0,78.1051654959237,-1.0,50.25839245940192
1,EV_B07_C021_Moto_Lineal_Electrica,4.0,78.1051654959237,-1.0,50.25839245940192
1,EV_B07_C021_Moto_Lineal_Electrica,3.0,78.1051654959237,-1.0,50.25839245940192
1,EV_B07_C021_Moto_Lineal_Electrica,2.0,78.1051654959237,-1.0,50.25839245940192
1,EV_B07_C021_Moto_Lineal_Electrica,1.0,78.1051654959237,-1.0,50.25839245940192
1,EV_B07_C021_Moto_Lineal_Electrica,0.0,78.1051654959237,-1.0,50.25839245940192
3,NONE,-1.0,-0.1,-1.0,-0.1
3,NONE,-1.0,-0.1,-1.0,-0.1
3,NONE,-1.0,-0.1,-1.0,-0.1
3,NONE,-1.0,-0.1,-1.0,-0.1
3,NONE,-1.0,-0.1,-1.0,-0.1
3,NONE,-1.0,-0.1,-1.0,-0.1
3,NONE,-1.0,-0.1,-1.0,-0.1
3,NONE,-1.0,-0.1,-1.0,-0.1
3,NONE,-1.0,-0.1,-1.0,-0.1
3,NONE,-1.0,-0.1,-1.0,-0.1
3,NONE,-1.0,-0.1,-1.0,-0.1
3,NONE,-1.0,-0.1,-1.0,-0.1
3,NONE,-1.0,-0.1,-1.0,-0.1
3,NONE,-1.0,-0.1,-1.0,-0.1
3,NONE,-1.0,-0.1,-1.0,-0.1
2,EV_B07_C021_Moto_Lineal_Electrica,-1.0,-0.1,7.0,16.306079960851275
1,EV_B07_C021_Moto_Lineal_Electrica,7.0,82.41049625547817,-1.0,16.306079960851275
1,EV_B07_C021_Moto_Lineal_Electrica,6.0,82.41049625547817,-1.0,16.306079960851275
1,EV_B07_C021_Moto_Lineal_Electrica,5.0,82.41049625547817,-1.0,16.306079960851275
1,EV_B07_C021_Moto_Lineal_Electrica,4.0,82.41049625547817,-1.0,16.306079960851275
1,EV_B07_C021_Moto_Lineal_Electrica,3.0,82.41049625547817,-1.0,16.306079960851275
1,EV_B07_C021_Moto_Lineal_Electrica,2.0,82.41049625547817,-1.0,16.306079960851275
1,EV_B07_C021_Moto_Lineal_Electrica,1.0,82.41049625547817,-1.0,16.306079960851275
1,EV_B07_C021_Moto_Lineal_Electrica,0.0,82.41049625547817,-1.0,16.306079960851275
3,NONE,-1.0,-0.1,-1.0,-0.1
3,NONE,-1.0,-0.1,-1.0,-0.1
3,NONE,-1.0,-0.1,-1.0,-0.1
3,NONE,-1.0,-0.1,-1.0,-0.1
3,NONE,-1.0,-0.1,-1.0,-0.1
3,NONE,-1.0,-0.1,-1.0,-0.1
3,NONE,-1.0,-0.1,-1.0,-0.1
3,NONE,-1.0,-0.1,-1.0,-0.1
3,NONE,-1.0,-0.1,-1.0,-0.1
3,NONE,-1.0,-0.1,-1.0,-0.1
3,NONE,-1.0,-0.1,-1.0,-0.1
3,NONE,-1.0,-0.1,-1.0,-0.1
3,NONE,-1.0,-0.1,-1.0,-0.1
3,NONE,-1.0,-0.1,-1.0,-0.1
3,NONE,-1.0,-0.1,-1.0,-0.1
3,NONE,-1.0,-0.1,-1.0,-0.1
2,EV_B07_C021_Moto_Lineal_Electrica,-1.0,-0.1,8.0,35.32305849393294
1,EV_B07_C021_Moto_Lineal_Electrica,6.0,86.1828449817912,-1.0,35.32305849393294
1,EV_B07_C021_Moto_Lineal_Electrica,5.0,86.1828449817912,-1.0,35.32305849393294
1,EV_B07_C021_Moto_Lineal_Electrica,4.0,86.1828449817912,-1.0,35.32305849393294
1,EV_B07_C021_Moto_Lineal_Electrica,3.0,86.1828449817912,-1.0,35.32305849393294
1,EV_B07_C021_Moto_Lineal_Electrica,2.0,86.1828449817912,-1.0,35.32305849393294
1,EV_B07_C021_Moto_Lineal_Electrica,1.0,86.1828449817912,-1.0,35.32305849393294
1,EV_B07_C021_Moto_Lineal_Electrica,0.0,86.1828449817912,-1.0,35.32305849393294
3,NONE,-1.0,-0.1,-1.0,-0.1
3,NONE,-1.0,-0.1,-1.0,-0.1
3,NONE,-1.0,-0.1,-1.0,-0.1
3,NONE,-1.0,-0.1,-1.0,-0.1
3,NONE,-1.0,-0.1,-1.0,-0.1
3,NONE,-1.0,-0.1,-1.0,-0.1
3,NONE,-1.0,-0.1,-1.0,-0.1
3,NONE,-1.0,-0.1,-1.0,-0.1
3,NONE,-1.0,-0.1,-1.0,-0.1
3,NONE,-1.0,-0.1,-1.0,-0.1
3,NONE,-1.0,-0.1,-1.0,-0.1
3,NONE,-1.0,-0.1,-1.0,-0.1
3,NONE,-1.0,-0.1,-1.0,-0.1
3,NONE,-1.0,-0.1,-1.0,-0.1
3,NONE,-1.0,-0.1,-1.0,-0.1
3,NONE,-1.0,-0.1,-1.0,-0.1
3,NONE,-1.0,-0.1,-1.0,-0.1
3,NONE,-1.0,-0.1,-1.0,-0.1
3,NONE,-1.0,-0.1,-1.0,-0.1
3,NONE,-1.0,-0.1,-1.0,-0.1
3,NONE,-1.0,-0.1,-1.0,-0.1
3,NONE,-1.0,-0.1,-1.0,-0.1
3,NONE,-1.0,-0.1,-1.0,-0.1
3,NONE,-1.0,-0.1,-1.0,-0.1
3,NONE,-1.0,-0.1,-1.0,-0.1
3,NONE,-1.0,-0.1,-1.0,-0.1
3,NONE,-1.0,-0.1,-1.0,-0.1
3,NONE,-1.0,-0.1,-1.0,-0.1
3,NONE,-1.0,-0.1,-1.0,-0.1
3,NONE,-1.0,-0.1,-1.0,-0.1
3,NONE,-1.0,-0.1,-1.0,-0.1
3,NONE,-1.0,-0.1,-1.0,-0.1
3,NONE,-1.0,-0.1,-1.0,-0.1
3,NONE,-1.0,-0.1,-1.0,-0.1
3,NONE,-1.0,-0.1,-1.0,-0.1
3,NONE,-1.0,-0.1,-1.0,-0.1
3,NONE,-1.0,-0.1,-1.0,-0.1
3,NONE,-1.0,-0.1,-1.0,-0.1
3,NONE,-1.0,-0.1,-1.0,-0.1
3,NONE,-1.0,-0.1,-1.0,-0.1
3,NONE,-1.0,-0.1,-1.0,-0.1
3,NONE,-1.0,-0.1,-1.0,-0.1
3,NONE,-1.0,-0.1,-1.0,-0.1
3,NONE,-1.0,-0.1,-1.0,-0.1
3,NONE,-1.0,-0.1,-1.0,-0.1
3,NONE,-1.0,-0.1,-1.0,-0.1
3,NONE,-1.0,-0.1,-1.0,-0.1
3,NONE,-1.0,-0.1,-1.0,-0.1
3,NONE,-1.0,-0.1,-1.0,-0.1
3,NONE,-1.0,-0.1,-1.0,-0.1
3,NONE,-1.0,-0.1,-1.0,-0.1
3,NONE,-1.0,-0.1,-1.0,-0.1
3,NONE,-1.0,-0.1,-1.0,-0.1
3,NONE,-1.0,-0.1,-1.0,-0.1
3,NONE,-1.0,-0.1,-1.0,-0.1
3,NONE,-1.0,-0.1,-1.0,-0.1
3,NONE,-1.0,-0.1,-1.0,-0.1
3,NONE,-1.0,-0.1,-1.0,-0.1
3,NONE,-1.0,-0.1,-1.0,-0.1
3,NONE,-1.0,-0.1,-1.0,-0.1
3,NONE,-1.0,-0.1,-1.0,-0.1
3,NONE,-1.0,-0.1,-1.0,-0.1
3,NONE,-1.0,-0.1,-1.0,-0.1
3,NONE,-1.0,-0.1,-1.0,-0.1
3,NONE,-1.0,-0.1,-1.0,-0.1
3,NONE,-1.0,-0.1,-1.0,-0.1
3,NONE,-1.0,-0.1,-1.0,-0.1
3,NONE,-1.0,-0.1,-1.0,-0.1
3,NONE,-1.0,-0.1,-1.0,-0.1
3,NONE,-1.0,-0.1,-1.0,-0.1
3,NONE,-1.0,-0.1,-1.0,-0.1
3,NONE,-1.0,-0.1,-1.0,-0.1
3,NONE,-1.0,-0.1,-1.0,-0.1
3,NONE,-1.0,-0.1,-1.0,-0.1
3,NONE,-1.0,-0.1,-1.0,-0.1
3,NONE,-1.0,-0.1,-1.0,-0.1
3,NONE,-1.0,-0.1,-1.0,-0.1
3,NONE,-1.0,-0.1,-1.0,-0.1
3,NONE,-1.0,-0.1,-1.0,-0.1
3,NONE,-1.0,-0.1,-1.0,-0.1
3,NONE,-1.0,-0.1,-1.0,-0.1
3,NONE,-1.0,-0.1,-1.0,-0.1
3,NONE,-1.0,-0.1,-1.0,-0.1
3,NONE,-1.0,-0.1,-1.0,-0.1
3,NONE,-1.0,-0.1,-1.0,-0.1
3,NONE,-1.0,-0.1,-1.0,-0.1
3,NONE,-1.0,-0.1,-1.0,-0.1
3,NONE,-1.0,-0.1,-1.0,-0.1
3,NONE,-1.0,-0.1,-1.0,-0.1
2,EV_B07_C021_Moto_Lineal_Electrica,-1.0,-0.1,9.0,28.89166802462047
1,EV_B07_C021_Moto_Lineal_Electrica,5.0,81.1772902035691,-1.0,28.89166802462047
1,EV_B07_C021_Moto_Lineal_Electrica,4.0,81.1772902035691,-1.0,28.89166802462047
1,EV_B07_C021_Moto_Lineal_Electrica,3.0,81.1772902035691,-1.0,28.89166802462047
1,EV_B07_C021_Moto_Lineal_Electrica,2.0,81.1772902035691,-1.0,28.89166802462047
1,EV_B07_C021_Moto_Lineal_Electrica,1.0,81.1772902035691,-1.0,28.89166802462047
1,EV_B07_C021_Moto_Lineal_Electrica,0.0,81.1772902035691,-1.0,28.89166802462047
3,NONE,-1.0,-0.1,-1.0,-0.1
3,NONE,-1.0,-0.1,-1.0,-0.1
3,NONE,-1.0,-0.1,-1.0,-0.1
3,NONE,-1.0,-0.1,-1.0,-0.1
3,NONE,-1.0,-0.1,-1.0,-0.1
3,NONE,-1.0,-0.1,-1.0,-0.1
3,NONE,-1.0,-0.1,-1.0,-0.1
3,NONE,-1.0,-0.1,-1.0,-0.1
3,NONE,-1.0,-0.1,-1.0,-0.1
3,NONE,-1.0,-0.1,-1.0,-0.1
3,NONE,-1.0,-0.1,-1.0,-0.1
3,NONE,-1.0,-0.1,-1.0,-0.1
3,NONE,-1.0,-0.1,-1.0,-0.1
3,NONE,-1.0,-0.1,-1.0,-0.1
3,NONE,-1.0,-0.1,-1.0,-0.1
2,EV_B07_C021_Moto_Lineal_Electrica,-1.0,-0.1,7.0,42.0760464191941
1,EV_B07_C021_Moto_Lineal_Electrica,7.0,84.33991716679273,-1.0,42.0760464191941
1,EV_B07_C021_Moto_Lineal_Electrica,6.0,84.33991716679273,-1.0,42.0760464191941
1,EV_B07_C021_Moto_Lineal_Electrica,5.0,84.33991716679273,-1.0,42.0760464191941
1,EV_B07_C021_Moto_Lineal_Electrica,4.0,84.33991716679273,-1.0,42.0760464191941
1,EV_B07_C021_Moto_Lineal_Electrica,3.0,84.33991716679273,-1.0,42.0760464191941
1,EV_B07_C021_Moto_Lineal_Electrica,2.0,84.33991716679273,-1.0,42.0760464191941
1,EV_B07_C021_Moto_Lineal_Electrica,1.0,84.33991716679273,-1.0,42.0760464191941
1,EV_B07_C021_Moto_Lineal_Electrica,0.0,84.33991716679273,-1.0,42.0760464191941
3,NONE,-1.0,-0.1,-1.0,-0.1
3,NONE,-1.0,-0.1,-1.0,-0.1
3,NONE,-1.0,-0.1,-1.0,-0.1
3,NONE,-1.0,-0.1,-1.0,-0.1
3,NONE,-1.0,-0.1,-1.0,-0.1
3,NONE,-1.0,-0.1,-1.0,-0.1
3,NONE,-1.0,-0.1,-1.0,-0.1
3,NONE,-1.0,-0.1,-1.0,-0.1
3,NONE,-1.0,-0.1,-1.0,-0.1
3,NONE,-1.0,-0.1,-1.0,-0.1
3,NONE,-1.0,-0.1,-1.0,-0.1
3,NONE,-1.0,-0.1,-1.0,-0.1
3,NONE,-1.0,-0.1,-1.0,-0.1
3,NONE,-1.0,-0.1,-1.0,-0.1
3,NONE,-1.0,-0.1,-1.0,-0.1
2,EV_B07_C021_Moto_Lineal_Electrica,-1.0,-0.1,7.0,15.894880267849725
1,EV_B07_C021_Moto_Lineal_Electrica,7.0,78.29629540714353,-1.0,15.894880267849725
1,EV_B07_C021_Moto_Lineal_Electrica,6.0,78.29629540714353,-1.0,15.894880267849725
1,EV_B07_C021_Moto_Lineal_Electrica,5.0,78.29629540714353,-1.0,15.894880267849725
1,EV_B07_C021_Moto_Lineal_Electrica,4.0,78.29629540714353,-1.0,15.894880267849725
1,EV_B07_C021_Moto_Lineal_Electrica,3.0,78.29629540714353,-1.0,15.894880267849725
1,EV_B07_C021_Moto_Lineal_Electrica,2.0,78.29629540714353,-1.0,15.894880267849725
1,EV_B07_C021_Moto_Lineal_Electrica,1.0,78.29629540714353,-1.0,15.894880267849725
1,EV_B07_C021_Moto_Lineal_Electrica,0.0,78.29629540714353,-1.0,15.894880267849725
3,NONE,-1.0,-0.1,-1.0,-0.1
3,NONE,-1.0,-0.1,-1.0,-0.1
3,NONE,-1.0,-0.1,-1.0,-0.1
3,NONE,-1.0,-0.1,-1.0,-0.1
3,NONE,-1.0,-0.1,-1.0,-0.1
3,NONE,-1.0,-0.1,-1.0,-0.1
3,NONE,-1.0,-0.1,-1.0,-0.1
3,NONE,-1.0,-0.1,-1.0,-0.1
3,NONE,-1.0,-0.1,-1.0,-0.1
3,NONE,-1.0,-0.1,-1.0,-0.1
3,NONE,-1.0,-0.1,-1.0,-0.1
3,NONE,-1.0,-0.1,-1.0,-0.1
3,NONE,-1.0,-0.1,-1.0,-0.1
3,NONE,-1.0,-0.1,-1.0,-0.1
3,NONE,-1.0,-0.1,-1.0,-0.1
3,NONE,-1.0,-0.1,-1.0,-0.1
2,EV_B07_C021_Moto_Lineal_Electrica,-1.0,-0.1,8.0,30.809083136606247
1,EV_B07_C021_Moto_Lineal_Electrica,6.0,82.77759358756289,-1.0,30.809083136606247
1,EV_B07_C021_Moto_Lineal_Electrica,5.0,82.77759358756289,-1.0,30.809083136606247
1,EV_B07_C021_Moto_Lineal_Electrica,4.0,82.77759358756289,-1.0,30.809083136606247
1,EV_B07_C021_Moto_Lineal_Electrica,3.0,82.77759358756289,-1.0,30.809083136606247
1,EV_B07_C021_Moto_Lineal_Electrica,2.0,82.77759358756289,-1.0,30.809083136606247
1,EV_B07_C021_Moto_Lineal_Electrica,1.0,82.77759358756289,-1.0,30.809083136606247
1,EV_B07_C021_Moto_Lineal_Electrica,0.0,82.77759358756289,-1.0,30.809083136606247
3,NONE,-1.0,-0.1,-1.0,-0.1
3,NONE,-1.0,-0.1,-1.0,-0.1
3,NONE,-1.0,-0.1,-1.0,-0.1
3,NONE,-1.0,-0.1,-1.0,-0.1
3,NONE,-1.0,-0.1,-1.0,-0.1
3,NONE,-1.0,-0.1,-1.0,-0.1
3,NONE,-1.0,-0.1,-1.0,-0.1
3,NONE,-1.0,-0.1,-1.0,-0.1
3,NONE,-1.0,-0.1,-1.0,-0.1
3,NONE,-1.0,-0.1,-1.0,-0.1
3,NONE,-1.0,-0.1,-1.0,-0.1
3,NONE,-1.0,-0.1,-1.0,-0.1
3,NONE,-1.0,-0.1,-1.0,-0.1
3,NONE,-1.0,-0.1,-1.0,-0.1
3,NONE,-1.0,-0.1,-1.0,-0.1
3,NONE,-1.0,-0.1,-1.0,-0.1
3,NONE,-1.0,-0.1,-1.0,-0.1
3,NONE,-1.0,-0.1,-1.0,-0.1
3,NONE,-1.0,-0.1,-1.0,-0.1
3,NONE,-1.0,-0.1,-1.0,-0.1
3,NONE,-1.0,-0.1,-1.0,-0.1
3,NONE,-1.0,-0.1,-1.0,-0.1
3,NONE,-1.0,-0.1,-1.0,-0.1
3,NONE,-1.0,-0.1,-1.0,-0.1
3,NONE,-1.0,-0.1,-1.0,-0.1
3,NONE,-1.0,-0.1,-1.0,-0.1
3,NONE,-1.0,-0.1,-1.0,-0.1
3,NONE,-1.0,-0.1,-1.0,-0.1
3,NONE,-1.0,-0.1,-1.0,-0.1
3,NONE,-1.0,-0.1,-1.0,-0.1
3,NONE,-1.0,-0.1,-1.0,-0.1
3,NONE,-1.0,-0.1,-1.0,-0.1
3,NONE,-1.0,-0.1,-1.0,-0.1
3,NONE,-1.0,-0.1,-1.0,-0.1
3,NONE,-1.0,-0.1,-1.0,-0.1
3,NONE,-1.0,-0.1,-1.0,-0.1
3,NONE,-1.0,-0.1,-1.0,-0.1
3,NONE,-1.0,-0.1,-1.0,-0.1
3,NONE,-1.0,-0.1,-1.0,-0.1
3,NONE,-1.0,-0.1,-1.0,-0.1
3,NONE,-1.0,-0.1,-1.0,-0.1
3,NONE,-1.0,-0.1,-1.0,-0.1
3,NONE,-1.0,-0.1,-1.0,-0.1
3,NONE,-1.0,-0.1,-1.0,-0.1
3,NONE,-1.0,-0.1,-1.0,-0.1
3,NONE,-1.0,-0.1,-1.0,-0.1
3,NONE,-1.0,-0.1,-1.0,-0.1
3,NONE,-1.0,-0.1,-1.0,-0.1
3,NONE,-1.0,-0.1,-1.0,-0.1
3,NONE,-1.0,-0.1,-1.0,-0.1
3,NONE,-1.0,-0.1,-1.0,-0.1
3,NONE,-1.0,-0.1,-1.0,-0.1
3,NONE,-1.0,-0.1,-1.0,-0.1
3,NONE,-1.0,-0.1,-1.0,-0.1
3,NONE,-1.0,-0.1,-1.0,-0.1
3,NONE,-1.0,-0.1,-1.0,-0.1
3,NONE,-1.0,-0.1,-1.0,-0.1
3,NONE,-1.0,-0.1,-1.0,-0.1
3,NONE,-1.0,-0.1,-1.0,-0.1
3,NONE,-1.0,-0.1,-1.0,-0.1
3,NONE,-1.0,-0.1,-1.0,-0.1
3,NONE,-1.0,-0.1,-1.0,-0.1
3,NONE,-1.0,-0.1,-1.0,-0.1
3,NONE,-1.0,-0.1,-1.0,-0.1
3,NONE,-1.0,-0.1,-1.0,-0.1
3,NONE,-1.0,-0.1,-1.0,-0.1
3,NONE,-1.0,-0.1,-1.0,-0.1
3,NONE,-1.0,-0.1,-1.0,-0.1
3,NONE,-1.0,-0.1,-1.0,-0.1
3,NONE,-1.0,-0.1,-1.0,-0.1
3,NONE,-1.0,-0.1,-1.0,-0.1
3,NONE,-1.0,-0.1,-1.0,-0.1
3,NONE,-1.0,-0.1,-1.0,-0.1
3,NONE,-1.0,-0.1,-1.0,-0.1
3,NONE,-1.0,-0.1,-1.0,-0.1
3,NONE,-1.0,-0.1,-1.0,-0.1
3,NONE,-1.0,-0.1,-1.0,-0.1
3,NONE,-1.0,-0.1,-1.0,-0.1
3,NONE,-1.0,-0.1,-1.0,-0.1
3,NONE,-1.0,-0.1,-1.0,-0.1
3,NONE,-1.0,-0.1,-1.0,-0.1
3,NONE,-1.0,-0.1,-1.0,-0.1
3,NONE,-1.0,-0.1,-1.0,-0.1
3,NONE,-1.0,-0.1,-1.0,-0.1
3,NONE,-1.0,-0.1,-1.0,-0.1
3,NONE,-1.0,-0.1,-1.0,-0.1
3,NONE,-1.0,-0.1,-1.0,-0.1
3,NONE,-1.0,-0.1,-1.0,-0.1
2,EV_B07_C021_Moto_Lineal_Electrica,-1.0,-0.1,8.0,29.33772242344017
1,EV_B07_C021_Moto_Lineal_Electrica,6.0,96.26195455050542,-1.0,29.33772242344017
1,EV_B07_C021_Moto_Lineal_Electrica,5.0,96.26195455050542,-1.0,29.33772242344017
1,EV_B07_C021_Moto_Lineal_Electrica,4.0,96.26195455050542,-1.0,29.33772242344017
1,EV_B07_C021_Moto_Lineal_Electrica,3.0,96.26195455050542,-1.0,29.33772242344017
1,EV_B07_C021_Moto_Lineal_Electrica,2.0,96.26195455050542,-1.0,29.33772242344017
1,EV_B07_C021_Moto_Lineal_Electrica,1.0,96.26195455050542,-1.0,29.33772242344017
1,EV_B07_C021_Moto_Lineal_Electrica,0.0,96.26195455050542,-1.0,29.33772242344017
3,NONE,-1.0,-0.1,-1.0,-0.1
3,NONE,-1.0,-0.1,-1.0,-0.1
3,NONE,-1.0,-0.1,-1.0,-0.1
3,NONE,-1.0,-0.1,-1.0,-0.1
3,NONE,-1.0,-0.1,-1.0,-0.1
3,NONE,-1.0,-0.1,-1.0,-0.1
3,NONE,-1.0,-0.1,-1.0,-0.1
3,NONE,-1.0,-0.1,-1.0,-0.1
3,NONE,-1.0,-0.1,-1.0,-0.1
3,NONE,-1.0,-0.1,-1.0,-0.1
3,NONE,-1.0,-0.1,-1.0,-0.1
3,NONE,-1.0,-0.1,-1.0,-0.1
3,NONE,-1.0,-0.1,-1.0,-0.1
3,NONE,-1.0,-0.1,-1.0,-0.1
3,NONE,-1.0,-0.1,-1.0,-0.1
3,NONE,-1.0,-0.1,-1.0,-0.1
3,NONE,-1.0,-0.1,-1.0,-0.1
2,EV_B07_C021_Moto_Lineal_Electrica,-1.0,-0.1,9.0,35.00513312014348
1,EV_B07_C021_Moto_Lineal_Electrica,5.0,83.78094412451891,-1.0,35.00513312014348
1,EV_B07_C021_Moto_Lineal_Electrica,4.0,83.78094412451891,-1.0,35.00513312014348
1,EV_B07_C021_Moto_Lineal_Electrica,3.0,83.78094412451891,-1.0,35.00513312014348
1,EV_B07_C021_Moto_Lineal_Electrica,2.0,83.78094412451891,-1.0,35.00513312014348
1,EV_B07_C021_Moto_Lineal_Electrica,1.0,83.78094412451891,-1.0,35.00513312014348
1,EV_B07_C021_Moto_Lineal_Electrica,0.0,83.78094412451891,-1.0,35.00513312014348
3,NONE,-1.0,-0.1,-1.0,-0.1
3,NONE,-1.0,-0.1,-1.0,-0.1
3,NONE,-1.0,-0.1,-1.0,-0.1
3,NONE,-1.0,-0.1,-1.0,-0.1
3,NONE,-1.0,-0.1,-1.0,-0.1
3,NONE,-1.0,-0.1,-1.0,-0.1
3,NONE,-1.0,-0.1,-1.0,-0.1
3,NONE,-1.0,-0.1,-1.0,-0.1
3,NONE,-1.0,-0.1,-1.0,-0.1
3,NONE,-1.0,-0.1,-1.0,-0.1
3,NONE,-1.0,-0.1,-1.0,-0.1
3,NONE,-1.0,-0.1,-1.0,-0.1
3,NONE,-1.0,-0.1,-1.0,-0.1
3,NONE,-1.0,-0.1,-1.0,-0.1
3,NONE,-1.0,-0.1,-1.0,-0.1
3,NONE,-1.0,-0.1,-1.0,-0.1
2,EV_B07_C021_Moto_Lineal_Electrica,-1.0,-0.1,8.0,28.279960433050242
1,EV_B07_C021_Moto_Lineal_Electrica,6.0,100.0,-1.0,28.279960433050242
1,EV_B07_C021_Moto_Lineal_Electrica,5.0,100.0,-1.0,28.279960433050242
1,EV_B07_C021_Moto_Lineal_Electrica,4.0,100.0,-1.0,28.279960433050242
1,EV_B07_C021_Moto_Lineal_Electrica,3.0,100.0,-1.0,28.279960433050242
1,EV_B07_C021_Moto_Lineal_Electrica,2.0,100.0,-1.0,28.279960433050242
1,EV_B07_C021_Moto_Lineal_Electrica,1.0,100.0,-1.0,28.279960433050242
1,EV_B07_C021_Moto_Lineal_Electrica,0.0,100.0,-1.0,28.279960433050242
3,NONE,-1.0,-0.1,-1.0,-0.1
3,NONE,-1.0,-0.1,-1.0,-0.1
3,NONE,-1.0,-0.1,-1.0,-0.1
3,NONE,-1.0,-0.1,-1.0,-0.1
3,NONE,-1.0,-0.1,-1.0,-0.1
3,NONE,-1.0,-0.1,-1.0,-0.1
3,NONE,-1.0,-0.1,-1.0,-0.1
3,NONE,-1.0,-0.1,-1.0,-0.1
3,NONE,-1.0,-0.1,-1.0,-0.1
3,NONE,-1.0,-0.1,-1.0,-0.1
3,NONE,-1.0,-0.1,-1.0,-0.1
3,NONE,-1.0,-0.1,-1.0,-0.1
3,NONE,-1.0,-0.1,-1.0,-0.1
3,NONE,-1.0,-0.1,-1.0,-0.1
3,NONE,-1.0,-0.1,-1.0,-0.1
2,EV_B07_C021_Moto_Lineal_Electrica,-1.0,-0.1,7.0,16.05831755389296
1,EV_B07_C021_Moto_Lineal_Electrica,7.0,70.13811949570892,-1.0,16.05831755389296
1,EV_B07_C021_Moto_Lineal_Electrica,6.0,70.13811949570892,-1.0,16.05831755389296
1,EV_B07_C021_Moto_Lineal_Electrica,5.0,70.13811949570892,-1.0,16.05831755389296
1,EV_B07_C021_Moto_Lineal_Electrica,4.0,70.13811949570892,-1.0,16.05831755389296
1,EV_B07_C021_Moto_Lineal_Electrica,3.0,70.13811949570892,-1.0,16.05831755389296
1,EV_B07_C021_Moto_Lineal_Electrica,2.0,70.13811949570892,-1.0,16.05831755389296
1,EV_B07_C021_Moto_Lineal_Electrica,1.0,70.13811949570892,-1.0,16.05831755389296
1,EV_B07_C021_Moto_Lineal_Electrica,0.0,70.13811949570892,-1.0,16.05831755389296
3,NONE,-1.0,-0.1,-1.0,-0.1
3,NONE,-1.0,-0.1,-1.0,-0.1
3,NONE,-1.0,-0.1,-1.0,-0.1
3,NONE,-1.0,-0.1,-1.0,-0.1
3,NONE,-1.0,-0.1,-1.0,-0.1
3,NONE,-1.0,-0.1,-1.0,-0.1
3,NONE,-1.0,-0.1,-1.0,-0.1
3,NONE,-1.0,-0.1,-1.0,-0.1
3,NONE,-1.0,-0.1,-1.0,-0.1
3,NONE,-1.0,-0.1,-1.0,-0.1
3,NONE,-1.0,-0.1,-1.0,-0.1
3,NONE,-1.0,-0.1,-1.0,-0.1
3,NONE,-1.0,-0.1,-1.0,-0.1
3,NONE,-1.0,-0.1,-1.0,-0.1
3,NONE,-1.0,-0.1,-1.0,-0.1
3,NONE,-1.0,-0.1,-1.0,-0.1
3,NONE,-1.0,-0.1,-1.0,-0.1
3,NONE,-1.0,-0.1,-1.0,-0.1
3,NONE,-1.0,-0.1,-1.0,-0.1
3,NONE,-1.0,-0.1,-1.0,-0.1
3,NONE,-1.0,-0.1,-1.0,-0.1
3,NONE,-1.0,-0.1,-1.0,-0.1
3,NONE,-1.0,-0.1,-1.0,-0.1
3,NONE,-1.0,-0.1,-1.0,-0.1
3,NONE,-1.0,-0.1,-1.0,-0.1
3,NONE,-1.0,-0.1,-1.0,-0.1
3,NONE,-1.0,-0.1,-1.0,-0.1
3,NONE,-1.0,-0.1,-1.0,-0.1
3,NONE,-1.0,-0.1,-1.0,-0.1
3,NONE,-1.0,-0.1,-1.0,-0.1
3,NONE,-1.0,-0.1,-1.0,-0.1
3,NONE,-1.0,-0.1,-1.0,-0.1
3,NONE,-1.0,-0.1,-1.0,-0.1
3,NONE,-1.0,-0.1,-1.0,-0.1
3,NONE,-1.0,-0.1,-1.0,-0.1
3,NONE,-1.0,-0.1,-1.0,-0.1
3,NONE,-1.0,-0.1,-1.0,-0.1
3,NONE,-1.0,-0.1,-1.0,-0.1
3,NONE,-1.0,-0.1,-1.0,-0.1
3,NONE,-1.0,-0.1,-1.0,-0.1
3,NONE,-1.0,-0.1,-1.0,-0.1
3,NONE,-1.0,-0.1,-1.0,-0.1
3,NONE,-1.0,-0.1,-1.0,-0.1
3,NONE,-1.0,-0.1,-1.0,-0.1
3,NONE,-1.0,-0.1,-1.0,-0.1
3,NONE,-1.0,-0.1,-1.0,-0.1
3,NONE,-1.0,-0.1,-1.0,-0.1
3,NONE,-1.0,-0.1,-1.0,-0.1
3,NONE,-1.0,-0.1,-1.0,-0.1
3,NONE,-1.0,-0.1,-1.0,-0.1
3,NONE,-1.0,-0.1,-1.0,-0.1
3,NONE,-1.0,-0.1,-1.0,-0.1
3,NONE,-1.0,-0.1,-1.0,-0.1
3,NONE,-1.0,-0.1,-1.0,-0.1
3,NONE,-1.0,-0.1,-1.0,-0.1
3,NONE,-1.0,-0.1,-1.0,-0.1
3,NONE,-1.0,-0.1,-1.0,-0.1
3,NONE,-1.0,-0.1,-1.0,-0.1
3,NONE,-1.0,-0.1,-1.0,-0.1
3,NONE,-1.0,-0.1,-1.0,-0.1
3,NONE,-1.0,-0.1,-1.0,-0.1
3,NONE,-1.0,-0.1,-1.0,-0.1
3,NONE,-1.0,-0.1,-1.0,-0.1
3,NONE,-1.0,-0.1,-1.0,-0.1
3,NONE,-1.0,-0.1,-1.0,-0.1
2,EV_B07_C021_Moto_Lineal_Electrica,-1.0,-0.1,9.0,31.113974171460725
1,EV_B07_C021_Moto_Lineal_Electrica,5.0,87.5241246909682,-1.0,31.113974171460725
1,EV_B07_C021_Moto_Lineal_Electrica,4.0,87.5241246909682,-1.0,31.113974171460725
1,EV_B07_C021_Moto_Lineal_Electrica,3.0,87.5241246909682,-1.0,31.113974171460725
1,EV_B07_C021_Moto_Lineal_Electrica,2.0,87.5241246909682,-1.0,31.113974171460725
1,EV_B07_C021_Moto_Lineal_Electrica,1.0,87.5241246909682,-1.0,31.113974171460725
1,EV_B07_C021_Moto_Lineal_Electrica,0.0,87.5241246909682,-1.0,31.113974171460725
3,NONE,-1.0,-0.1,-1.0,-0.1
3,NONE,-1.0,-0.1,-1.0,-0.1
3,NONE,-1.0,-0.1,-1.0,-0.1
3,NONE,-1.0,-0.1,-1.0,-0.1
3,NONE,-1.0,-0.1,-1.0,-0.1
3,NONE,-1.0,-0.1,-1.0,-0.1
3,NONE,-1.0,-0.1,-1.0,-0.1
3,NONE,-1.0,-0.1,-1.0,-0.1
3,NONE,-1.0,-0.1,-1.0,-0.1
3,NONE,-1.0,-0.1,-1.0,-0.1
3,NONE,-1.0,-0.1,-1.0,-0.1
3,NONE,-1.0,-0.1,-1.0,-0.1
3,NONE,-1.0,-0.1,-1.0,-0.1
3,NONE,-1.0,-0.1,-1.0,-0.1
3,NONE,-1.0,-0.1,-1.0,-0.1
3,NONE,-1.0,-0.1,-1.0,-0.1
2,EV_B07_C021_Moto_Lineal_Electrica,-1.0,-0.1,8.0,18.069363723231593
1,EV_B07_C021_Moto_Lineal_Electrica,6.0,84.45245442872199,-1.0,18.069363723231593
1,EV_B07_C021_Moto_Lineal_Electrica,5.0,84.45245442872199,-1.0,18.069363723231593
1,EV_B07_C021_Moto_Lineal_Electrica,4.0,84.45245442872199,-1.0,18.069363723231593
1,EV_B07_C021_Moto_Lineal_Electrica,3.0,84.45245442872199,-1.0,18.069363723231593
1,EV_B07_C021_Moto_Lineal_Electrica,2.0,84.45245442872199,-1.0,18.069363723231593
1,EV_B07_C021_Moto_Lineal_Electrica,1.0,84.45245442872199,-1.0,18.069363723231593
1,EV_B07_C021_Moto_Lineal_Electrica,0.0,84.45245442872199,-1.0,18.069363723231593
3,NONE,-1.0,-0.1,-1.0,-0.1
3,NONE,-1.0,-0.1,-1.0,-0.1
3,NONE,-1.0,-0.1,-1.0,-0.1
3,NONE,-1.0,-0.1,-1.0,-0.1
3,NONE,-1.0,-0.1,-1.0,-0.1
3,NONE,-1.0,-0.1,-1.0,-0.1
3,NONE,-1.0,-0.1,-1.0,-0.1
3,NONE,-1.0,-0.1,-1.0,-0.1
3,NONE,-1.0,-0.1,-1.0,-0.1
3,NONE,-1.0,-0.1,-1.0,-0.1
3,NONE,-1.0,-0.1,-1.0,-0.1
3,NONE,-1.0,-0.1,-1.0,-0.1
3,NONE,-1.0,-0.1,-1.0,-0.1
3,NONE,-1.0,-0.1,-1.0,-0.1
3,NONE,-1.0,-0.1,-1.0,-0.1
3,NONE,-1.0,-0.1,-1.0,-0.1
3,NONE,-1.0,-0.1,-1.0,-0.1
3,NONE,-1.0,-0.1,-1.0,-0.1
3,NONE,-1.0,-0.1,-1.0,-0.1
3,NONE,-1.0,-0.1,-1.0,-0.1
3,NONE,-1.0,-0.1,-1.0,-0.1
3,NONE,-1.0,-0.1,-1.0,-0.1
3,NONE,-1.0,-0.1,-1.0,-0.1
3,NONE,-1.0,-0.1,-1.0,-0.1
3,NONE,-1.0,-0.1,-1.0,-0.1
3,NONE,-1.0,-0.1,-1.0,-0.1
3,NONE,-1.0,-0.1,-1.0,-0.1
3,NONE,-1.0,-0.1,-1.0,-0.1
3,NONE,-1.0,-0.1,-1.0,-0.1
3,NONE,-1.0,-0.1,-1.0,-0.1
3,NONE,-1.0,-0.1,-1.0,-0.1
3,NONE,-1.0,-0.1,-1.0,-0.1
3,NONE,-1.0,-0.1,-1.0,-0.1
3,NONE,-1.0,-0.1,-1.0,-0.1
3,NONE,-1.0,-0.1,-1.0,-0.1
3,NONE,-1.0,-0.1,-1.0,-0.1
3,NONE,-1.0,-0.1,-1.0,-0.1
3,NONE,-1.0,-0.1,-1.0,-0.1
3,NONE,-1.0,-0.1,-1.0,-0.1
3,NONE,-1.0,-0.1,-1.0,-0.1
3,NONE,-1.0,-0.1,-1.0,-0.1
3,NONE,-1.0,-0.1,-1.0,-0.1
3,NONE,-1.0,-0.1,-1.0,-0.1
3,NONE,-1.0,-0.1,-1.0,-0.1
3,NONE,-1.0,-0.1,-1.0,-0.1
3,NONE,-1.0,-0.1,-1.0,-0.1
3,NONE,-1.0,-0.1,-1.0,-0.1
3,NONE,-1.0,-0.1,-1.0,-0.1
3,NONE,-1.0,-0.1,-1.0,-0.1
3,NONE,-1.0,-0.1,-1.0,-0.1
3,NONE,-1.0,-0.1,-1.0,-0.1
3,NONE,-1.0,-0.1,-1.0,-0.1
3,NONE,-1.0,-0.1,-1.0,-0.1
3,NONE,-1.0,-0.1,-1.0,-0.1
3,NONE,-1.0,-0.1,-1.0,-0.1
3,NONE,-1.0,-0.1,-1.0,-0.1
3,NONE,-1.0,-0.1,-1.0,-0.1
3,NONE,-1.0,-0.1,-1.0,-0.1
3,NONE,-1.0,-0.1,-1.0,-0.1
3,NONE,-1.0,-0.1,-1.0,-0.1
3,NONE,-1.0,-0.1,-1.0,-0.1
3,NONE,-1.0,-0.1,-1.0,-0.1
3,NONE,-1.0,-0.1,-1.0,-0.1
3,NONE,-1.0,-0.1,-1.0,-0.1
3,NONE,-1.0,-0.1,-1.0,-0.1
3,NONE,-1.0,-0.1,-1.0,-0.1
3,NONE,-1.0,-0.1,-1.0,-0.1
3,NONE,-1.0,-0.1,-1.0,-0.1
3,NONE,-1.0,-0.1,-1.0,-0.1
3,NONE,-1.0,-0.1,-1.0,-0.1
3,NONE,-1.0,-0.1,-1.0,-0.1
3,NONE,-1.0,-0.1,-1.0,-0.1
3,NONE,-1.0,-0.1,-1.0,-0.1
3,NONE,-1.0,-0.1,-1.0,-0.1
3,NONE,-1.0,-0.1,-1.0,-0.1
3,NONE,-1.0,-0.1,-1.0,-0.1
3,NONE,-1.0,-0.1,-1.0,-0.1
3,NONE,-1.0,-0.1,-1.0,-0.1
3,NONE,-1.0,-0.1,-1.0,-0.1
3,NONE,-1.0,-0.1,-1.0,-0.1
3,NONE,-1.0,-0.1,-1.0,-0.1
3,NONE,-1.0,-0.1,-1.0,-0.1
3,NONE,-1.0,-0.1,-1.0,-0.1
3,NONE,-1.0,-0.1,-1.0,-0.1
3,NONE,-1.0,-0.1,-1.0,-0.1
3,NONE,-1.0,-0.1,-1.0,-0.1
3,NONE,-1.0,-0.1,-1.0,-0.1
3,NONE,-1.0,-0.1,-1.0,-0.1
3,NONE,-1.0,-0.1,-1.0,-0.1
3,NONE,-1.0,-0.1,-1.0,-0.1
3,NONE,-1.0,-0.1,-1.0,-0.1
3,NONE,-1.0,-0.1,-1.0,-0.1
3,NONE,-1.0,-0.1,-1.0,-0.1
3,NONE,-1.0,-0.1,-1.0,-0.1
3,NONE,-1.0,-0.1,-1.0,-0.1
3,NONE,-1.0,-0.1,-1.0,-0.1
3,NONE,-1.0,-0.1,-1.0,-0.1
3,NONE,-1.0,-0.1,-1.0,-0.1
3,NONE,-1.0,-0.1,-1.0,-0.1
3,NONE,-1.0,-0.1,-1.0,-0.1
3,NONE,-1.0,-0.1,-1.0,-0.1
3,NONE,-1.0,-0.1,-1.0,-0.1
3,NONE,-1.0,-0.1,-1.0,-0.1
3,NONE,-1.0,-0.1,-1.0,-0.1
3,NONE,-1.0,-0.1,-1.0,-0.1
3,NONE,-1.0,-0.1,-1.0,-0.1
3,NONE,-1.0,-0.1,-1.0,-0.1
3,NONE,-1.0,-0.1,-1.0,-0.1
3,NONE,-1.0,-0.1,-1.0,-0.1
3,NONE,-1.0,-0.1,-1.0,-0.1
3,NONE,-1.0,-0.1,-1.0,-0.1
3,NONE,-1.0,-0.1,-1.0,-0.1
3,NONE,-1.0,-0.1,-1.0,-0.1
3,NONE,-1.0,-0.1,-1.0,-0.1
3,NONE,-1.0,-0.1,-1.0,-0.1
3,NONE,-1.0,-0.1,-1.0,-0.1
3,NONE,-1.0,-0.1,-1.0,-0.1
3,NONE,-1.0,-0.1,-1.0,-0.1
3,NONE,-1.0,-0.1,-1.0,-0.1
3,NONE,-1.0,-0.1,-1.0,-0.1
3,NONE,-1.0,-0.1,-1.0,-0.1
3,NONE,-1.0,-0.1,-1.0,-0.1
3,NONE,-1.0,-0.1,-1.0,-0.1
3,NONE,-1.0,-0.1,-1.0,-0.1
3,NONE,-1.0,-0.1,-1.0,-0.1
3,NONE,-1.0,-0.1,-1.0,-0.1
3,NONE,-1.0,-0.1,-1.0,-0.1
3,NONE,-1.0,-0.1,-1.0,-0.1
3,NONE,-1.0,-0.1,-1.0,-0.1
3,NONE,-1.0,-0.1,-1.0,-0.1
3,NONE,-1.0,-0.1,-1.0,-0.1
3,NONE,-1.0,-0.1,-1.0,-0.1
3,NONE,-1.0,-0.1,-1.0,-0.1
3,NONE,-1.0,-0.1,-1.0,-0.1
3,NONE,-1.0,-0.1,-1.0,-0.1
3,NONE,-1.0,-0.1,-1.0,-0.1
2,EV_B07_C021_Moto_Lineal_Electrica,-1.0,-0.1,8.0,34.69865959892107
1,EV_B07_C021_Moto_Lineal_Electrica,6.0,85.59644227787427,-1.0,34.69865959892107
1,EV_B07_C021_Moto_Lineal_Electrica,5.0,85.59644227787427,-1.0,34.69865959892107
1,EV_B07_C021_Moto_Lineal_Electrica,4.0,85.59644227787427,-1.0,34.69865959892107
1,EV_B07_C021_Moto_Lineal_Electrica,3.0,85.59644227787427,-1.0,34.69865959892107
1,EV_B07_C021_Moto_Lineal_Electrica,2.0,85.59644227787427,-1.0,34.69865959892107
1,EV_B07_C021_Moto_Lineal_Electrica,1.0,85.59644227787427,-1.0,34.69865959892107
1,EV_B07_C021_Moto_Lineal_Electrica,0.0,85.59644227787427,-1.0,34.69865959892107
3,NONE,-1.0,-0.1,-1.0,-0.1
3,NONE,-1.0,-0.1,-1.0,-0.1
3,NONE,-1.0,-0.1,-1.0,-0.1
3,NONE,-1.0,-0.1,-1.0,-0.1
3,NONE,-1.0,-0.1,-1.0,-0.1
3,NONE,-1.0,-0.1,-1.0,-0.1
3,NONE,-1.0,-0.1,-1.0,-0.1
3,NONE,-1.0,-0.1,-1.0,-0.1
3,NONE,-1.0,-0.1,-1.0,-0.1
3,NONE,-1.0,-0.1,-1.0,-0.1
3,NONE,-1.0,-0.1,-1.0,-0.1
3,NONE,-1.0,-0.1,-1.0,-0.1
3,NONE,-1.0,-0.1,-1.0,-0.1
3,NONE,-1.0,-0.1,-1.0,-0.1
3,NONE,-1.0,-0.1,-1.0,-0.1
3,NONE,-1.0,-0.1,-1.0,-0.1
3,NONE,-1.0,-0.1,-1.0,-0.1
3,NONE,-1.0,-0.1,-1.0,-0.1
3,NONE,-1.0,-0.1,-1.0,-0.1
3,NONE,-1.0,-0.1,-1.0,-0.1
3,NONE,-1.0,-0.1,-1.0,-0.1
3,NONE,-1.0,-0.1,-1.0,-0.1
3,NONE,-1.0,-0.1,-1.0,-0.1
3,NONE,-1.0,-0.1,-1.0,-0.1
3,NONE,-1.0,-0.1,-1.0,-0.1
3,NONE,-1.0,-0.1,-1.0,-0.1
3,NONE,-1.0,-0.1,-1.0,-0.1
3,NONE,-1.0,-0.1,-1.0,-0.1
3,NONE,-1.0,-0.1,-1.0,-0.1
3,NONE,-1.0,-0.1,-1.0,-0.1
3,NONE,-1.0,-0.1,-1.0,-0.1
3,NONE,-1.0,-0.1,-1.0,-0.1
3,NONE,-1.0,-0.1,-1.0,-0.1
3,NONE,-1.0,-0.1,-1.0,-0.1
3,NONE,-1.0,-0.1,-1.0,-0.1
3,NONE,-1.0,-0.1,-1.0,-0.1
3,NONE,-1.0,-0.1,-1.0,-0.1
3,NONE,-1.0,-0.1,-1.0,-0.1
3,NONE,-1.0,-0.1,-1.0,-0.1
3,NONE,-1.0,-0.1,-1.0,-0.1
2,EV_B07_C021_Moto_Lineal_Electrica,-1.0,-0.1,8.0,20.714138058783675
1,EV_B07_C021_Moto_Lineal_Electrica,6.0,80.86185554623542,-1.0,20.714138058783675
1,EV_B07_C021_Moto_Lineal_Electrica,5.0,80.86185554623542,-1.0,20.714138058783675
1,EV_B07_C021_Moto_Lineal_Electrica,4.0,80.86185554623542,-1.0,20.714138058783675
1,EV_B07_C021_Moto_Lineal_Electrica,3.0,80.86185554623542,-1.0,20.714138058783675
1,EV_B07_C021_Moto_Lineal_Electrica,2.0,80.86185554623542,-1.0,20.714138058783675
1,EV_B07_C021_Moto_Lineal_Electrica,1.0,80.86185554623542,-1.0,20.714138058783675
1,EV_B07_C021_Moto_Lineal_Electrica,0.0,80.86185554623542,-1.0,20.714138058783675
3,NONE,-1.0,-0.1,-1.0,-0.1
3,NONE,-1.0,-0.1,-1.0,-0.1
3,NONE,-1.0,-0.1,-1.0,-0.1
3,NONE,-1.0,-0.1,-1.0,-0.1
3,NONE,-1.0,-0.1,-1.0,-0.1
3,NONE,-1.0,-0.1,-1.0,-0.1
3,NONE,-1.0,-0.1,-1.0,-0.1
3,NONE,-1.0,-0.1,-1.0,-0.1
3,NONE,-1.0,-0.1,-1.0,-0.1
3,NONE,-1.0,-0.1,-1.0,-0.1
3,NONE,-1.0,-0.1,-1.0,-0.1
3,NONE,-1.0,-0.1,-1.0,-0.1
3,NONE,-1.0,-0.1,-1.0,-0.1
3,NONE,-1.0,-0.1,-1.0,-0.1
3,NONE,-1.0,-0.1,-1.0,-0.1
3,NONE,-1.0,-0.1,-1.0,-0.1
2,EV_B07_C021_Moto_Lineal_Electrica,-1.0,-0.1,8.0,50.008816032034105
1,EV_B07_C021_Moto_Lineal_Electrica,6.0,84.09004269372365,-1.0,50.008816032034105
1,EV_B07_C021_Moto_Lineal_Electrica,5.0,84.09004269372365,-1.0,50.008816032034105
1,EV_B07_C021_Moto_Lineal_Electrica,4.0,84.09004269372365,-1.0,50.008816032034105
1,EV_B07_C021_Moto_Lineal_Electrica,3.0,84.09004269372365,-1.0,50.008816032034105
1,EV_B07_C021_Moto_Lineal_Electrica,2.0,84.09004269372365,-1.0,50.008816032034105
1,EV_B07_C021_Moto_Lineal_Electrica,1.0,84.09004269372365,-1.0,50.008816032034105
1,EV_B07_C021_Moto_Lineal_Electrica,0.0,84.09004269372365,-1.0,50.008816032034105
3,NONE,-1.0,-0.1,-1.0,-0.1
3,NONE,-1.0,-0.1,-1.0,-0.1
3,NONE,-1.0,-0.1,-1.0,-0.1
3,NONE,-1.0,-0.1,-1.0,-0.1
3,NONE,-1.0,-0.1,-1.0,-0.1
3,NONE,-1.0,-0.1,-1.0,-0.1
3,NONE,-1.0,-0.1,-1.0,-0.1
3,NONE,-1.0,-0.1,-1.0,-0.1
3,NONE,-1.0,-0.1,-1.0,-0.1
3,NONE,-1.0,-0.1,-1.0,-0.1
3,NONE,-1.0,-0.1,-1.0,-0.1
3,NONE,-1.0,-0.1,-1.0,-0.1
3,NONE,-1.0,-0.1,-1.0,-0.1
3,NONE,-1.0,-0.1,-1.0,-0.1
3,NONE,-1.0,-0.1,-1.0,-0.1
2,EV_B07_C021_Moto_Lineal_Electrica,-1.0,-0.1,7.0,41.01144084242587
1,EV_B07_C021_Moto_Lineal_Electrica,7.0,85.96511587688806,-1.0,41.01144084242587
1,EV_B07_C021_Moto_Lineal_Electrica,6.0,85.96511587688806,-1.0,41.01144084242587
1,EV_B07_C021_Moto_Lineal_Electrica,5.0,85.96511587688806,-1.0,41.01144084242587
1,EV_B07_C021_Moto_Lineal_Electrica,4.0,85.96511587688806,-1.0,41.01144084242587
1,EV_B07_C021_Moto_Lineal_Electrica,3.0,85.96511587688806,-1.0,41.01144084242587
1,EV_B07_C021_Moto_Lineal_Electrica,2.0,85.96511587688806,-1.0,41.01144084242587
1,EV_B07_C021_Moto_Lineal_Electrica,1.0,85.96511587688806,-1.0,41.01144084242587
1,EV_B07_C021_Moto_Lineal_Electrica,0.0,85.96511587688806,-1.0,41.01144084242587
3,NONE,-1.0,-0.1,-1.0,-0.1
3,NONE,-1.0,-0.1,-1.0,-0.1
3,NONE,-1.0,-0.1,-1.0,-0.1
3,NONE,-1.0,-0.1,-1.0,-0.1
3,NONE,-1.0,-0.1,-1.0,-0.1
3,NONE,-1.0,-0.1,-1.0,-0.1
3,NONE,-1.0,-0.1,-1.0,-0.1
3,NONE,-1.0,-0.1,-1.0,-0.1
3,NONE,-1.0,-0.1,-1.0,-0.1
3,NONE,-1.0,-0.1,-1.0,-0.1
3,NONE,-1.0,-0.1,-1.0,-0.1
3,NONE,-1.0,-0.1,-1.0,-0.1
3,NONE,-1.0,-0.1,-1.0,-0.1
3,NONE,-1.0,-0.1,-1.0,-0.1
3,NONE,-1.0,-0.1,-1.0,-0.1
3,NONE,-1.0,-0.1,-1.0,-0.1
3,NONE,-1.0,-0.1,-1.0,-0.1
3,NONE,-1.0,-0.1,-1.0,-0.1
3,NONE,-1.0,-0.1,-1.0,-0.1
3,NONE,-1.0,-0.1,-1.0,-0.1
3,NONE,-1.0,-0.1,-1.0,-0.1
3,NONE,-1.0,-0.1,-1.0,-0.1
3,NONE,-1.0,-0.1,-1.0,-0.1
3,NONE,-1.0,-0.1,-1.0,-0.1
3,NONE,-1.0,-0.1,-1.0,-0.1
3,NONE,-1.0,-0.1,-1.0,-0.1
3,NONE,-1.0,-0.1,-1.0,-0.1
3,NONE,-1.0,-0.1,-1.0,-0.1
3,NONE,-1.0,-0.1,-1.0,-0.1
3,NONE,-1.0,-0.1,-1.0,-0.1
3,NONE,-1.0,-0.1,-1.0,-0.1
3,NONE,-1.0,-0.1,-1.0,-0.1
3,NONE,-1.0,-0.1,-1.0,-0.1
3,NONE,-1.0,-0.1,-1.0,-0.1
3,NONE,-1.0,-0.1,-1.0,-0.1
3,NONE,-1.0,-0.1,-1.0,-0.1
3,NONE,-1.0,-0.1,-1.0,-0.1
3,NONE,-1.0,-0.1,-1.0,-0.1
3,NONE,-1.0,-0.1,-1.0,-0.1
3,NONE,-1.0,-0.1,-1.0,-0.1
3,NONE,-1.0,-0.1,-1.0,-0.1
3,NONE,-1.0,-0.1,-1.0,-0.1
3,NONE,-1.0,-0.1,-1.0,-0.1
3,NONE,-1.0,-0.1,-1.0,-0.1
3,NONE,-1.0,-0.1,-1.0,-0.1
3,NONE,-1.0,-0.1,-1.0,-0.1
3,NONE,-1.0,-0.1,-1.0,-0.1
3,NONE,-1.0,-0.1,-1.0,-0.1
3,NONE,-1.0,-0.1,-1.0,-0.1
3,NONE,-1.0,-0.1,-1.0,-0.1
3,NONE,-1.0,-0.1,-1.0,-0.1
3,NONE,-1.0,-0.1,-1.0,-0.1
3,NONE,-1.0,-0.1,-1.0,-0.1
3,NONE,-1.0,-0.1,-1.0,-0.1
3,NONE,-1.0,-0.1,-1.0,-0.1
3,NONE,-1.0,-0.1,-1.0,-0.1
3,NONE,-1.0,-0.1,-1.0,-0.1
3,NONE,-1.0,-0.1,-1.0,-0.1
3,NONE,-1.0,-0.1,-1.0,-0.1
3,NONE,-1.0,-0.1,-1.0,-0.1
3,NONE,-1.0,-0.1,-1.0,-0.1
3,NONE,-1.0,-0.1,-1.0,-0.1
3,NONE,-1.0,-0.1,-1.0,-0.1
2,EV_B07_C021_Moto_Lineal_Electrica,-1.0,-0.1,7.0,7.169855695440738
1,EV_B07_C021_Moto_Lineal_Electrica,7.0,90.32449673127464,-1.0,7.169855695440738
1,EV_B07_C021_Moto_Lineal_Electrica,6.0,90.32449673127464,-1.0,7.169855695440738
1,EV_B07_C021_Moto_Lineal_Electrica,5.0,90.32449673127464,-1.0,7.169855695440738
1,EV_B07_C021_Moto_Lineal_Electrica,4.0,90.32449673127464,-1.0,7.169855695440738
1,EV_B07_C021_Moto_Lineal_Electrica,3.0,90.32449673127464,-1.0,7.169855695440738
1,EV_B07_C021_Moto_Lineal_Electrica,2.0,90.32449673127464,-1.0,7.169855695440738
1,EV_B07_C021_Moto_Lineal_Electrica,1.0,90.32449673127464,-1.0,7.169855695440738
1,EV_B07_C021_Moto_Lineal_Electrica,0.0,90.32449673127464,-1.0,7.169855695440738
3,NONE,-1.0,-0.1,-1.0,-0.1
3,NONE,-1.0,-0.1,-1.0,-0.1
3,NONE,-1.0,-0.1,-1.0,-0.1
3,NONE,-1.0,-0.1,-1.0,-0.1
3,NONE,-1.0,-0.1,-1.0,-0.1
3,NONE,-1.0,-0.1,-1.0,-0.1
3,NONE,-1.0,-0.1,-1.0,-0.1
3,NONE,-1.0,-0.1,-1.0,-0.1
3,NONE,-1.0,-0.1,-1.0,-0.1
3,NONE,-1.0,-0.1,-1.0,-0.1
3,NONE,-1.0,-0.1,-1.0,-0.1
3,NONE,-1.0,-0.1,-1.0,-0.1
3,NONE,-1.0,-0.1,-1.0,-0.1
3,NONE,-1.0,-0.1,-1.0,-0.1
3,NONE,-1.0,-0.1,-1.0,-0.1
3,NONE,-1.0,-0.1,-1.0,-0.1
3,NONE,-1.0,-0.1,-1.0,-0.1
3,NONE,-1.0,-0.1,-1.0,-0.1
3,NONE,-1.0,-0.1,-1.0,-0.1
3,NONE,-1.0,-0.1,-1.0,-0.1
3,NONE,-1.0,-0.1,-1.0,-0.1
3,NONE,-1.0,-0.1,-1.0,-0.1
3,NONE,-1.0,-0.1,-1.0,-0.1
3,NONE,-1.0,-0.1,-1.0,-0.1
3,NONE,-1.0,-0.1,-1.0,-0.1
3,NONE,-1.0,-0.1,-1.0,-0.1
3,NONE,-1.0,-0.1,-1.0,-0.1
3,NONE,-1.0,-0.1,-1.0,-0.1
3,NONE,-1.0,-0.1,-1.0,-0.1
3,NONE,-1.0,-0.1,-1.0,-0.1
3,NONE,-1.0,-0.1,-1.0,-0.1
3,NONE,-1.0,-0.1,-1.0,-0.1
3,NONE,-1.0,-0.1,-1.0,-0.1
3,NONE,-1.0,-0.1,-1.0,-0.1
3,NONE,-1.0,-0.1,-1.0,-0.1
3,NONE,-1.0,-0.1,-1.0,-0.1
3,NONE,-1.0,-0.1,-1.0,-0.1
3,NONE,-1.0,-0.1,-1.0,-0.1
3,NONE,-1.0,-0.1,-1.0,-0.1
3,NONE,-1.0,-0.1,-1.0,-0.1
2,EV_B07_C021_Moto_Lineal_Electrica,-1.0,-0.1,8.0,26.447966531913522
1,EV_B07_C021_Moto_Lineal_Electrica,6.0,89.68461099039072,-1.0,26.447966531913522
1,EV_B07_C021_Moto_Lineal_Electrica,5.0,89.68461099039072,-1.0,26.447966531913522
1,EV_B07_C021_Moto_Lineal_Electrica,4.0,89.68461099039072,-1.0,26.447966531913522
1,EV_B07_C021_Moto_Lineal_Electrica,3.0,89.68461099039072,-1.0,26.447966531913522
1,EV_B07_C021_Moto_Lineal_Electrica,2.0,89.68461099039072,-1.0,26.447966531913522
1,EV_B07_C021_Moto_Lineal_Electrica,1.0,89.68461099039072,-1.0,26.447966531913522
1,EV_B07_C021_Moto_Lineal_Electrica,0.0,89.68461099039072,-1.0,26.447966531913522
3,NONE,-1.0,-0.1,-1.0,-0.1
3,NONE,-1.0,-0.1,-1.0,-0.1
3,NONE,-1.0,-0.1,-1.0,-0.1
3,NONE,-1.0,-0.1,-1.0,-0.1
3,NONE,-1.0,-0.1,-1.0,-0.1
3,NONE,-1.0,-0.1,-1.0,-0.1
3,NONE,-1.0,-0.1,-1.0,-0.1
3,NONE,-1.0,-0.1,-1.0,-0.1
3,NONE,-1.0,-0.1,-1.0,-0.1
3,NONE,-1.0,-0.1,-1.0,-0.1
3,NONE,-1.0,-0.1,-1.0,-0.1
3,NONE,-1.0,-0.1,-1.0,-0.1
3,NONE,-1.0,-0.1,-1.0,-0.1
3,NONE,-1.0,-0.1,-1.0,-0.1
3,NONE,-1.0,-0.1,-1.0,-0.1
3,NONE,-1.0,-0.1,-1.0,-0.1
2,EV_B07_C021_Moto_Lineal_Electrica,-1.0,-0.1,8.0,23.093514196918065
1,EV_B07_C021_Moto_Lineal_Electrica,6.0,90.48661584126903,-1.0,23.093514196918065
1,EV_B07_C021_Moto_Lineal_Electrica,5.0,90.48661584126903,-1.0,23.093514196918065
1,EV_B07_C021_Moto_Lineal_Electrica,4.0,90.48661584126903,-1.0,23.093514196918065
1,EV_B07_C021_Moto_Lineal_Electrica,3.0,90.48661584126903,-1.0,23.093514196918065
1,EV_B07_C021_Moto_Lineal_Electrica,2.0,90.48661584126903,-1.0,23.093514196918065
1,EV_B07_C021_Moto_Lineal_Electrica,1.0,90.48661584126903,-1.0,23.093514196918065
1,EV_B07_C021_Moto_Lineal_Electrica,0.0,90.48661584126903,-1.0,23.093514196918065
3,NONE,-1.0,-0.1,-1.0,-0.1
3,NONE,-1.0,-0.1,-1.0,-0.1
3,NONE,-1.0,-0.1,-1.0,-0.1
3,NONE,-1.0,-0.1,-1.0,-0.1
3,NONE,-1.0,-0.1,-1.0,-0.1
3,NONE,-1.0,-0.1,-1.0,-0.1
3,NONE,-1.0,-0.1,-1.0,-0.1
3,NONE,-1.0,-0.1,-1.0,-0.1
3,NONE,-1.0,-0.1,-1.0,-0.1
3,NONE,-1.0,-0.1,-1.0,-0.1
3,NONE,-1.0,-0.1,-1.0,-0.1
3,NONE,-1.0,-0.1,-1.0,-0.1
3,NONE,-1.0,-0.1,-1.0,-0.1
3,NONE,-1.0,-0.1,-1.0,-0.1
3,NONE,-1.0,-0.1,-1.0,-0.1
2,EV_B07_C021_Moto_Lineal_Electrica,-1.0,-0.1,7.0,52.256669420916964
1,EV_B07_C021_Moto_Lineal_Electrica,7.0,90.85455895668426,-1.0,52.256669420916964
1,EV_B07_C021_Moto_Lineal_Electrica,6.0,90.85455895668426,-1.0,52.256669420916964
1,EV_B07_C021_Moto_Lineal_Electrica,5.0,90.85455895668426,-1.0,52.256669420916964
1,EV_B07_C021_Moto_Lineal_Electrica,4.0,90.85455895668426,-1.0,52.256669420916964
1,EV_B07_C021_Moto_Lineal_Electrica,3.0,90.85455895668426,-1.0,52.256669420916964
1,EV_B07_C021_Moto_Lineal_Electrica,2.0,90.85455895668426,-1.0,52.256669420916964
1,EV_B07_C021_Moto_Lineal_Electrica,1.0,90.85455895668426,-1.0,52.256669420916964
1,EV_B07_C021_Moto_Lineal_Electrica,0.0,90.85455895668426,-1.0,52.256669420916964
3,NONE,-1.0,-0.1,-1.0,-0.1
3,NONE,-1.0,-0.1,-1.0,-0.1
3,NONE,-1.0,-0.1,-1.0,-0.1
3,NONE,-1.0,-0.1,-1.0,-0.1
3,NONE,-1.0,-0.1,-1.0,-0.1
3,NONE,-1.0,-0.1,-1.0,-0.1
3,NONE,-1.0,-0.1,-1.0,-0.1
3,NONE,-1.0,-0.1,-1.0,-0.1
3,NONE,-1.0,-0.1,-1.0,-0.1
3,NONE,-1.0,-0.1,-1.0,-0.1
3,NONE,-1.0,-0.1,-1.0,-0.1
3,NONE,-1.0,-0.1,-1.0,-0.1
3,NONE,-1.0,-0.1,-1.0,-0.1
3,NONE,-1.0,-0.1,-1.0,-0.1
3,NONE,-1.0,-0.1,-1.0,-0.1
3,NONE,-1.0,-0.1,-1.0,-0.1
3,NONE,-1.0,-0.1,-1.0,-0.1
3,NONE,-1.0,-0.1,-1.0,-0.1
3,NONE,-1.0,-0.1,-1.0,-0.1
3,NONE,-1.0,-0.1,-1.0,-0.1
3,NONE,-1.0,-0.1,-1.0,-0.1
3,NONE,-1.0,-0.1,-1.0,-0.1
3,NONE,-1.0,-0.1,-1.0,-0.1
3,NONE,-1.0,-0.1,-1.0,-0.1
3,NONE,-1.0,-0.1,-1.0,-0.1
3,NONE,-1.0,-0.1,-1.0,-0.1
3,NONE,-1.0,-0.1,-1.0,-0.1
3,NONE,-1.0,-0.1,-1.0,-0.1
3,NONE,-1.0,-0.1,-1.0,-0.1
3,NONE,-1.0,-0.1,-1.0,-0.1
3,NONE,-1.0,-0.1,-1.0,-0.1
3,NONE,-1.0,-0.1,-1.0,-0.1
3,NONE,-1.0,-0.1,-1.0,-0.1
3,NONE,-1.0,-0.1,-1.0,-0.1
3,NONE,-1.0,-0.1,-1.0,-0.1
3,NONE,-1.0,-0.1,-1.0,-0.1
3,NONE,-1.0,-0.1,-1.0,-0.1
3,NONE,-1.0,-0.1,-1.0,-0.1
3,NONE,-1.0,-0.1,-1.0,-0.1
3,NONE,-1.0,-0.1,-1.0,-0.1
3,NONE,-1.0,-0.1,-1.0,-0.1
3,NONE,-1.0,-0.1,-1.0,-0.1
3,NONE,-1.0,-0.1,-1.0,-0.1
3,NONE,-1.0,-0.1,-1.0,-0.1
3,NONE,-1.0,-0.1,-1.0,-0.1
3,NONE,-1.0,-0.1,-1.0,-0.1
3,NONE,-1.0,-0.1,-1.0,-0.1
3,NONE,-1.0,-0.1,-1.0,-0.1
3,NONE,-1.0,-0.1,-1.0,-0.1
3,NONE,-1.0,-0.1,-1.0,-0.1
3,NONE,-1.0,-0.1,-1.0,-0.1
3,NONE,-1.0,-0.1,-1.0,-0.1
3,NONE,-1.0,-0.1,-1.0,-0.1
3,NONE,-1.0,-0.1,-1.0,-0.1
3,NONE,-1.0,-0.1,-1.0,-0.1
3,NONE,-1.0,-0.1,-1.0,-0.1
3,NONE,-1.0,-0.1,-1.0,-0.1
3,NONE,-1.0,-0.1,-1.0,-0.1
3,NONE,-1.0,-0.1,-1.0,-0.1
3,NONE,-1.0,-0.1,-1.0,-0.1
3,NONE,-1.0,-0.1,-1.0,-0.1
3,NONE,-1.0,-0.1,-1.0,-0.1
3,NONE,-1.0,-0.1,-1.0,-0.1
3,NONE,-1.0,-0.1,-1.0,-0.1
3,NONE,-1.0,-0.1,-1.0,-0.1
3,NONE,-1.0,-0.1,-1.0,-0.1
3,NONE,-1.0,-0.1,-1.0,-0.1
3,NONE,-1.0,-0.1,-1.0,-0.1
3,NONE,-1.0,-0.1,-1.0,-0.1
3,NONE,-1.0,-0.1,-1.0,-0.1
3,NONE,-1.0,-0.1,-1.0,-0.1
3,NONE,-1.0,-0.1,-1.0,-0.1
3,NONE,-1.0,-0.1,-1.0,-0.1
3,NONE,-1.0,-0.1,-1.0,-0.1
3,NONE,-1.0,-0.1,-1.0,-0.1
3,NONE,-1.0,-0.1,-1.0,-0.1
3,NONE,-1.0,-0.1,-1.0,-0.1
3,NONE,-1.0,-0.1,-1.0,-0.1
3,NONE,-1.0,-0.1,-1.0,-0.1
3,NONE,-1.0,-0.1,-1.0,-0.1
3,NONE,-1.0,-0.1,-1.0,-0.1
3,NONE,-1.0,-0.1,-1.0,-0.1
3,NONE,-1.0,-0.1,-1.0,-0.1
3,NONE,-1.0,-0.1,-1.0,-0.1
3,NONE,-1.0,-0.1,-1.0,-0.1
3,NONE,-1.0,-0.1,-1.0,-0.1
3,NONE,-1.0,-0.1,-1.0,-0.1
2,EV_B07_C021_Moto_Lineal_Electrica,-1.0,-0.1,7.0,29.778598959765258
1,EV_B07_C021_Moto_Lineal_Electrica,7.0,92.63989367105168,-1.0,29.778598959765258
1,EV_B07_C021_Moto_Lineal_Electrica,6.0,92.63989367105168,-1.0,29.778598959765258
1,EV_B07_C021_Moto_Lineal_Electrica,5.0,92.63989367105168,-1.0,29.778598959765258
1,EV_B07_C021_Moto_Lineal_Electrica,4.0,92.63989367105168,-1.0,29.778598959765258
1,EV_B07_C021_Moto_Lineal_Electrica,3.0,92.63989367105168,-1.0,29.778598959765258
1,EV_B07_C021_Moto_Lineal_Electrica,2.0,92.63989367105168,-1.0,29.778598959765258
1,EV_B07_C021_Moto_Lineal_Electrica,1.0,92.63989367105168,-1.0,29.778598959765258
1,EV_B07_C021_Moto_Lineal_Electrica,0.0,92.63989367105168,-1.0,29.778598959765258
3,NONE,-1.0,-0.1,-1.0,-0.1
3,NONE,-1.0,-0.1,-1.0,-0.1
3,NONE,-1.0,-0.1,-1.0,-0.1
3,NONE,-1.0,-0.1,-1.0,-0.1
3,NONE,-1.0,-0.1,-1.0,-0.1
3,NONE,-1.0,-0.1,-1.0,-0.1
3,NONE,-1.0,-0.1,-1.0,-0.1
3,NONE,-1.0,-0.1,-1.0,-0.1
3,NONE,-1.0,-0.1,-1.0,-0.1
3,NONE,-1.0,-0.1,-1.0,-0.1
3,NONE,-1.0,-0.1,-1.0,-0.1
3,NONE,-1.0,-0.1,-1.0,-0.1
3,NONE,-1.0,-0.1,-1.0,-0.1
3,NONE,-1.0,-0.1,-1.0,-0.1
3,NONE,-1.0,-0.1,-1.0,-0.1
2,EV_B07_C021_Moto_Lineal_Electrica,-1.0,-0.1,7.0,60.758346024896184
1,EV_B07_C021_Moto_Lineal_Electrica,7.0,87.48203375498778,-1.0,60.758346024896184
1,EV_B07_C021_Moto_Lineal_Electrica,6.0,87.48203375498778,-1.0,60.758346024896184
1,EV_B07_C021_Moto_Lineal_Electrica,5.0,87.48203375498778,-1.0,60.758346024896184
1,EV_B07_C021_Moto_Lineal_Electrica,4.0,87.48203375498778,-1.0,60.758346024896184
1,EV_B07_C021_Moto_Lineal_Electrica,3.0,87.48203375498778,-1.0,60.758346024896184
1,EV_B07_C021_Moto_Lineal_Electrica,2.0,87.48203375498778,-1.0,60.758346024896184
1,EV_B07_C021_Moto_Lineal_Electrica,1.0,87.48203375498778,-1.0,60.758346024896184
1,EV_B07_C021_Moto_Lineal_Electrica,0.0,87.48203375498778,-1.0,60.758346024896184
3,NONE,-1.0,-0.1,-1.0,-0.1
3,NONE,-1.0,-0.1,-1.0,-0.1
3,NONE,-1.0,-0.1,-1.0,-0.1
3,NONE,-1.0,-0.1,-1.0,-0.1
3,NONE,-1.0,-0.1,-1.0,-0.1
3,NONE,-1.0,-0.1,-1.0,-0.1
3,NONE,-1.0,-0.1,-1.0,-0.1
3,NONE,-1.0,-0.1,-1.0,-0.1
3,NONE,-1.0,-0.1,-1.0,-0.1
3,NONE,-1.0,-0.1,-1.0,-0.1
3,NONE,-1.0,-0.1,-1.0,-0.1
3,NONE,-1.0,-0.1,-1.0,-0.1
3,NONE,-1.0,-0.1,-1.0,-0.1
3,NONE,-1.0,-0.1,-1.0,-0.1
3,NONE,-1.0,-0.1,-1.0,-0.1
3,NONE,-1.0,-0.1,-1.0,-0.1
2,EV_B07_C021_Moto_Lineal_Electrica,-1.0,-0.1,8.0,26.883700381596235
1,EV_B07_C021_Moto_Lineal_Electrica,6.0,78.69394807730296,-1.0,26.883700381596235
1,EV_B07_C021_Moto_Lineal_Electrica,5.0,78.69394807730296,-1.0,26.883700381596235
1,EV_B07_C021_Moto_Lineal_Electrica,4.0,78.69394807730296,-1.0,26.883700381596235
1,EV_B07_C021_Moto_Lineal_Electrica,3.0,78.69394807730296,-1.0,26.883700381596235
1,EV_B07_C021_Moto_Lineal_Electrica,2.0,78.69394807730296,-1.0,26.883700381596235
1,EV_B07_C021_Moto_Lineal_Electrica,1.0,78.69394807730296,-1.0,26.883700381596235
1,EV_B07_C021_Moto_Lineal_Electrica,0.0,78.69394807730296,-1.0,26.883700381596235
3,NONE,-1.0,-0.1,-1.0,-0.1
3,NONE,-1.0,-0.1,-1.0,-0.1
3,NONE,-1.0,-0.1,-1.0,-0.1
3,NONE,-1.0,-0.1,-1.0,-0.1
3,NONE,-1.0,-0.1,-1.0,-0.1
3,NONE,-1.0,-0.1,-1.0,-0.1
3,NONE,-1.0,-0.1,-1.0,-0.1
3,NONE,-1.0,-0.1,-1.0,-0.1
3,NONE,-1.0,-0.1,-1.0,-0.1
3,NONE,-1.0,-0.1,-1.0,-0.1
3,NONE,-1.0,-0.1,-1.0,-0.1
3,NONE,-1.0,-0.1,-1.0,-0.1
3,NONE,-1.0,-0.1,-1.0,-0.1
3,NONE,-1.0,-0.1,-1.0,-0.1
3,NONE,-1.0,-0.1,-1.0,-0.1
3,NONE,-1.0,-0.1,-1.0,-0.1
3,NONE,-1.0,-0.1,-1.0,-0.1
3,NONE,-1.0,-0.1,-1.0,-0.1
3,NONE,-1.0,-0.1,-1.0,-0.1
3,NONE,-1.0,-0.1,-1.0,-0.1
3,NONE,-1.0,-0.1,-1.0,-0.1
3,NONE,-1.0,-0.1,-1.0,-0.1
3,NONE,-1.0,-0.1,-1.0,-0.1
3,NONE,-1.0,-0.1,-1.0,-0.1
3,NONE,-1.0,-0.1,-1.0,-0.1
3,NONE,-1.0,-0.1,-1.0,-0.1
3,NONE,-1.0,-0.1,-1.0,-0.1
3,NONE,-1.0,-0.1,-1.0,-0.1
3,NONE,-1.0,-0.1,-1.0,-0.1
3,NONE,-1.0,-0.1,-1.0,-0.1
3,NONE,-1.0,-0.1,-1.0,-0.1
3,NONE,-1.0,-0.1,-1.0,-0.1
3,NONE,-1.0,-0.1,-1.0,-0.1
3,NONE,-1.0,-0.1,-1.0,-0.1
3,NONE,-1.0,-0.1,-1.0,-0.1
3,NONE,-1.0,-0.1,-1.0,-0.1
3,NONE,-1.0,-0.1,-1.0,-0.1
3,NONE,-1.0,-0.1,-1.0,-0.1
3,NONE,-1.0,-0.1,-1.0,-0.1
3,NONE,-1.0,-0.1,-1.0,-0.1
3,NONE,-1.0,-0.1,-1.0,-0.1
3,NONE,-1.0,-0.1,-1.0,-0.1
3,NONE,-1.0,-0.1,-1.0,-0.1
3,NONE,-1.0,-0.1,-1.0,-0.1
3,NONE,-1.0,-0.1,-1.0,-0.1
3,NONE,-1.0,-0.1,-1.0,-0.1
3,NONE,-1.0,-0.1,-1.0,-0.1
3,NONE,-1.0,-0.1,-1.0,-0.1
3,NONE,-1.0,-0.1,-1.0,-0.1
3,NONE,-1.0,-0.1,-1.0,-0.1
3,NONE,-1.0,-0.1,-1.0,-0.1
3,NONE,-1.0,-0.1,-1.0,-0.1
3,NONE,-1.0,-0.1,-1.0,-0.1
3,NONE,-1.0,-0.1,-1.0,-0.1
3,NONE,-1.0,-0.1,-1.0,-0.1
3,NONE,-1.0,-0.1,-1.0,-0.1
3,NONE,-1.0,-0.1,-1.0,-0.1
3,NONE,-1.0,-0.1,-1.0,-0.1
3,NONE,-1.0,-0.1,-1.0,-0.1
3,NONE,-1.0,-0.1,-1.0,-0.1
3,NONE,-1.0,-0.1,-1.0,-0.1
3,NONE,-1.0,-0.1,-1.0,-0.1
3,NONE,-1.0,-0.1,-1.0,-0.1
3,NONE,-1.0,-0.1,-1.0,-0.1
3,NONE,-1.0,-0.1,-1.0,-0.1
3,NONE,-1.0,-0.1,-1.0,-0.1
3,NONE,-1.0,-0.1,-1.0,-0.1
3,NONE,-1.0,-0.1,-1.0,-0.1
3,NONE,-1.0,-0.1,-1.0,-0.1
3,NONE,-1.0,-0.1,-1.0,-0.1
3,NONE,-1.0,-0.1,-1.0,-0.1
3,NONE,-1.0,-0.1,-1.0,-0.1
3,NONE,-1.0,-0.1,-1.0,-0.1
3,NONE,-1.0,-0.1,-1.0,-0.1
3,NONE,-1.0,-0.1,-1.0,-0.1
3,NONE,-1.0,-0.1,-1.0,-0.1
3,NONE,-1.0,-0.1,-1.0,-0.1
3,NONE,-1.0,-0.1,-1.0,-0.1
3,NONE,-1.0,-0.1,-1.0,-0.1
3,NONE,-1.0,-0.1,-1.0,-0.1
3,NONE,-1.0,-0.1,-1.0,-0.1
3,NONE,-1.0,-0.1,-1.0,-0.1
3,NONE,-1.0,-0.1,-1.0,-0.1
3,NONE,-1.0,-0.1,-1.0,-0.1
3,NONE,-1.0,-0.1,-1.0,-0.1
3,NONE,-1.0,-0.1,-1.0,-0.1
3,NONE,-1.0,-0.1,-1.0,-0.1
3,NONE,-1.0,-0.1,-1.0,-0.1
3,NONE,-1.0,-0.1,-1.0,-0.1
2,EV_B07_C021_Moto_Lineal_Electrica,-1.0,-0.1,9.0,29.610953282116785
1,EV_B07_C021_Moto_Lineal_Electrica,5.0,88.70565577046499,-1.0,29.610953282116785
1,EV_B07_C021_Moto_Lineal_Electrica,4.0,88.70565577046499,-1.0,29.610953282116785
1,EV_B07_C021_Moto_Lineal_Electrica,3.0,88.70565577046499,-1.0,29.610953282116785
1,EV_B07_C021_Moto_Lineal_Electrica,2.0,88.70565577046499,-1.0,29.610953282116785
1,EV_B07_C021_Moto_Lineal_Electrica,1.0,88.70565577046499,-1.0,29.610953282116785
1,EV_B07_C021_Moto_Lineal_Electrica,0.0,88.70565577046499,-1.0,29.610953282116785
3,NONE,-1.0,-0.1,-1.0,-0.1
3,NONE,-1.0,-0.1,-1.0,-0.1
3,NONE,-1.0,-0.1,-1.0,-0.1
3,NONE,-1.0,-0.1,-1.0,-0.1
3,NONE,-1.0,-0.1,-1.0,-0.1
3,NONE,-1.0,-0.1,-1.0,-0.1
3,NONE,-1.0,-0.1,-1.0,-0.1
3,NONE,-1.0,-0.1,-1.0,-0.1
3,NONE,-1.0,-0.1,-1.0,-0.1
3,NONE,-1.0,-0.1,-1.0,-0.1
3,NONE,-1.0,-0.1,-1.0,-0.1
3,NONE,-1.0,-0.1,-1.0,-0.1
3,NONE,-1.0,-0.1,-1.0,-0.1
3,NONE,-1.0,-0.1,-1.0,-0.1
3,NONE,-1.0,-0.1,-1.0,-0.1
2,EV_B07_C021_Moto_Lineal_Electrica,-1.0,-0.1,7.0,29.528391725558905
1,EV_B07_C021_Moto_Lineal_Electrica,7.0,78.15375256301698,-1.0,29.528391725558905
1,EV_B07_C021_Moto_Lineal_Electrica,6.0,78.15375256301698,-1.0,29.528391725558905
1,EV_B07_C021_Moto_Lineal_Electrica,5.0,78.15375256301698,-1.0,29.528391725558905
1,EV_B07_C021_Moto_Lineal_Electrica,4.0,78.15375256301698,-1.0,29.528391725558905
1,EV_B07_C021_Moto_Lineal_Electrica,3.0,78.15375256301698,-1.0,29.528391725558905
1,EV_B07_C021_Moto_Lineal_Electrica,2.0,78.15375256301698,-1.0,29.528391725558905
1,EV_B07_C021_Moto_Lineal_Electrica,1.0,78.15375256301698,-1.0,29.528391725558905
1,EV_B07_C021_Moto_Lineal_Electrica,0.0,78.15375256301698,-1.0,29.528391725558905
3,NONE,-1.0,-0.1,-1.0,-0.1
3,NONE,-1.0,-0.1,-1.0,-0.1
3,NONE,-1.0,-0.1,-1.0,-0.1
3,NONE,-1.0,-0.1,-1.0,-0.1
3,NONE,-1.0,-0.1,-1.0,-0.1
3,NONE,-1.0,-0.1,-1.0,-0.1
3,NONE,-1.0,-0.1,-1.0,-0.1
3,NONE,-1.0,-0.1,-1.0,-0.1
3,NONE,-1.0,-0.1,-1.0,-0.1
3,NONE,-1.0,-0.1,-1.0,-0.1
3,NONE,-1.0,-0.1,-1.0,-0.1
3,NONE,-1.0,-0.1,-1.0,-0.1
3,NONE,-1.0,-0.1,-1.0,-0.1
3,NONE,-1.0,-0.1,-1.0,-0.1
3,NONE,-1.0,-0.1,-1.0,-0.1
2,EV_B07_C021_Moto_Lineal_Electrica,-1.0,-0.1,7.0,41.034153805403534
1,EV_B07_C021_Moto_Lineal_Electrica,7.0,87.70451876338493,-1.0,41.034153805403534
1,EV_B07_C021_Moto_Lineal_Electrica,6.0,87.70451876338493,-1.0,41.034153805403534
1,EV_B07_C021_Moto_Lineal_Electrica,5.0,87.70451876338493,-1.0,41.034153805403534
1,EV_B07_C021_Moto_Lineal_Electrica,4.0,87.70451876338493,-1.0,41.034153805403534
1,EV_B07_C021_Moto_Lineal_Electrica,3.0,87.70451876338493,-1.0,41.034153805403534
1,EV_B07_C021_Moto_Lineal_Electrica,2.0,87.70451876338493,-1.0,41.034153805403534
1,EV_B07_C021_Moto_Lineal_Electrica,1.0,87.70451876338493,-1.0,41.034153805403534
1,EV_B07_C021_Moto_Lineal_Electrica,0.0,87.70451876338493,-1.0,41.034153805403534
3,NONE,-1.0,-0.1,-1.0,-0.1
3,NONE,-1.0,-0.1,-1.0,-0.1
3,NONE,-1.0,-0.1,-1.0,-0.1
3,NONE,-1.0,-0.1,-1.0,-0.1
3,NONE,-1.0,-0.1,-1.0,-0.1
3,NONE,-1.0,-0.1,-1.0,-0.1
3,NONE,-1.0,-0.1,-1.0,-0.1
3,NONE,-1.0,-0.1,-1.0,-0.1
3,NONE,-1.0,-0.1,-1.0,-0.1
3,NONE,-1.0,-0.1,-1.0,-0.1
3,NONE,-1.0,-0.1,-1.0,-0.1
3,NONE,-1.0,-0.1,-1.0,-0.1
3,NONE,-1.0,-0.1,-1.0,-0.1
3,NONE,-1.0,-0.1,-1.0,-0.1
3,NONE,-1.0,-0.1,-1.0,-0.1
2,EV_B07_C021_Moto_Lineal_Electrica,-1.0,-0.1,7.0,29.110042568949453
1,EV_B07_C021_Moto_Lineal_Electrica,7.0,82.62113666487865,-1.0,29.110042568949453
1,EV_B07_C021_Moto_Lineal_Electrica,6.0,82.62113666487865,-1.0,29.110042568949453
1,EV_B07_C021_Moto_Lineal_Electrica,5.0,82.62113666487865,-1.0,29.110042568949453
1,EV_B07_C021_Moto_Lineal_Electrica,4.0,82.62113666487865,-1.0,29.110042568949453
1,EV_B07_C021_Moto_Lineal_Electrica,3.0,82.62113666487865,-1.0,29.110042568949453
1,EV_B07_C021_Moto_Lineal_Electrica,2.0,82.62113666487865,-1.0,29.110042568949453
1,EV_B07_C021_Moto_Lineal_Electrica,1.0,82.62113666487865,-1.0,29.110042568949453
1,EV_B07_C021_Moto_Lineal_Electrica,0.0,82.62113666487865,-1.0,29.110042568949453
3,NONE,-1.0,-0.1,-1.0,-0.1
3,NONE,-1.0,-0.1,-1.0,-0.1
3,NONE,-1.0,-0.1,-1.0,-0.1
3,NONE,-1.0,-0.1,-1.0,-0.1
3,NONE,-1.0,-0.1,-1.0,-0.1
3,NONE,-1.0,-0.1,-1.0,-0.1
3,NONE,-1.0,-0.1,-1.0,-0.1
3,NONE,-1.0,-0.1,-1.0,-0.1
3,NONE,-1.0,-0.1,-1.0,-0.1
3,NONE,-1.0,-0.1,-1.0,-0.1
3,NONE,-1.0,-0.1,-1.0,-0.1
3,NONE,-1.0,-0.1,-1.0,-0.1
3,NONE,-1.0,-0.1,-1.0,-0.1
3,NONE,-1.0,-0.1,-1.0,-0.1
3,NONE,-1.0,-0.1,-1.0,-0.1
2,EV_B07_C021_Moto_Lineal_Electrica,-1.0,-0.1,7.0,23.849962944118833
1,EV_B07_C021_Moto_Lineal_Electrica,7.0,82.25825140575243,-1.0,23.849962944118833
1,EV_B07_C021_Moto_Lineal_Electrica,6.0,82.25825140575243,-1.0,23.849962944118833
1,EV_B07_C021_Moto_Lineal_Electrica,5.0,82.25825140575243,-1.0,23.849962944118833
1,EV_B07_C021_Moto_Lineal_Electrica,4.0,82.25825140575243,-1.0,23.849962944118833
1,EV_B07_C021_Moto_Lineal_Electrica,3.0,82.25825140575243,-1.0,23.849962944118833
1,EV_B07_C021_Moto_Lineal_Electrica,2.0,82.25825140575243,-1.0,23.849962944118833
1,EV_B07_C021_Moto_Lineal_Electrica,1.0,82.25825140575243,-1.0,23.849962944118833
1,EV_B07_C021_Moto_Lineal_Electrica,0.0,82.25825140575243,-1.0,23.849962944118833
3,NONE,-1.0,-0.1,-1.0,-0.1
3,NONE,-1.0,-0.1,-1.0,-0.1
3,NONE,-1.0,-0.1,-1.0,-0.1
3,NONE,-1.0,-0.1,-1.0,-0.1
3,NONE,-1.0,-0.1,-1.0,-0.1
3,NONE,-1.0,-0.1,-1.0,-0.1
3,NONE,-1.0,-0.1,-1.0,-0.1
3,NONE,-1.0,-0.1,-1.0,-0.1
3,NONE,-1.0,-0.1,-1.0,-0.1
3,NONE,-1.0,-0.1,-1.0,-0.1
3,NONE,-1.0,-0.1,-1.0,-0.1
3,NONE,-1.0,-0.1,-1.0,-0.1
3,NONE,-1.0,-0.1,-1.0,-0.1
3,NONE,-1.0,-0.1,-1.0,-0.1
3,NONE,-1.0,-0.1,-1.0,-0.1
3,NONE,-1.0,-0.1,-1.0,-0.1
3,NONE,-1.0,-0.1,-1.0,-0.1
3,NONE,-1.0,-0.1,-1.0,-0.1
3,NONE,-1.0,-0.1,-1.0,-0.1
3,NONE,-1.0,-0.1,-1.0,-0.1
3,NONE,-1.0,-0.1,-1.0,-0.1
3,NONE,-1.0,-0.1,-1.0,-0.1
3,NONE,-1.0,-0.1,-1.0,-0.1
3,NONE,-1.0,-0.1,-1.0,-0.1
3,NONE,-1.0,-0.1,-1.0,-0.1
3,NONE,-1.0,-0.1,-1.0,-0.1
3,NONE,-1.0,-0.1,-1.0,-0.1
3,NONE,-1.0,-0.1,-1.0,-0.1
3,NONE,-1.0,-0.1,-1.0,-0.1
3,NONE,-1.0,-0.1,-1.0,-0.1
3,NONE,-1.0,-0.1,-1.0,-0.1
3,NONE,-1.0,-0.1,-1.0,-0.1
3,NONE,-1.0,-0.1,-1.0,-0.1
3,NONE,-1.0,-0.1,-1.0,-0.1
3,NONE,-1.0,-0.1,-1.0,-0.1
3,NONE,-1.0,-0.1,-1.0,-0.1
3,NONE,-1.0,-0.1,-1.0,-0.1
3,NONE,-1.0,-0.1,-1.0,-0.1
3,NONE,-1.0,-0.1,-1.0,-0.1
3,NONE,-1.0,-0.1,-1.0,-0.1
3,NONE,-1.0,-0.1,-1.0,-0.1
3,NONE,-1.0,-0.1,-1.0,-0.1
3,NONE,-1.0,-0.1,-1.0,-0.1
3,NONE,-1.0,-0.1,-1.0,-0.1
3,NONE,-1.0,-0.1,-1.0,-0.1
3,NONE,-1.0,-0.1,-1.0,-0.1
3,NONE,-1.0,-0.1,-1.0,-0.1
3,NONE,-1.0,-0.1,-1.0,-0.1
3,NONE,-1.0,-0.1,-1.0,-0.1
3,NONE,-1.0,-0.1,-1.0,-0.1
3,NONE,-1.0,-0.1,-1.0,-0.1
3,NONE,-1.0,-0.1,-1.0,-0.1
3,NONE,-1.0,-0.1,-1.0,-0.1
3,NONE,-1.0,-0.1,-1.0,-0.1
3,NONE,-1.0,-0.1,-1.0,-0.1
3,NONE,-1.0,-0.1,-1.0,-0.1
3,NONE,-1.0,-0.1,-1.0,-0.1
3,NONE,-1.0,-0.1,-1.0,-0.1
3,NONE,-1.0,-0.1,-1.0,-0.1
3,NONE,-1.0,-0.1,-1.0,-0.1
3,NONE,-1.0,-0.1,-1.0,-0.1
3,NONE,-1.0,-0.1,-1.0,-0.1
3,NONE,-1.0,-0.1,-1.0,-0.1
3,NONE,-1.0,-0.1,-1.0,-0.1
2,EV_B07_C021_Moto_Lineal_Electrica,-1.0,-0.1,8.0,36.85565903492374
1,EV_B07_C021_Moto_Lineal_Electrica,6.0,78.59101401112709,-1.0,36.85565903492374
1,EV_B07_C021_Moto_Lineal_Electrica,5.0,78.59101401112709,-1.0,36.85565903492374
1,EV_B07_C021_Moto_Lineal_Electrica,4.0,78.59101401112709,-1.0,36.85565903492374
1,EV_B07_C021_Moto_Lineal_Electrica,3.0,78.59101401112709,-1.0,36.85565903492374
1,EV_B07_C021_Moto_Lineal_Electrica,2.0,78.59101401112709,-1.0,36.85565903492374
1,EV_B07_C021_Moto_Lineal_Electrica,1.0,78.59101401112709,-1.0,36.85565903492374
1,EV_B07_C021_Moto_Lineal_Electrica,0.0,78.59101401112709,-1.0,36.85565903492374
3,NONE,-1.0,-0.1,-1.0,-0.1
3,NONE,-1.0,-0.1,-1.0,-0.1
3,NONE,-1.0,-0.1,-1.0,-0.1
3,NONE,-1.0,-0.1,-1.0,-0.1
3,NONE,-1.0,-0.1,-1.0,-0.1
3,NONE,-1.0,-0.1,-1.0,-0.1
3,NONE,-1.0,-0.1,-1.0,-0.1
3,NONE,-1.0,-0.1,-1.0,-0.1
3,NONE,-1.0,-0.1,-1.0,-0.1
3,NONE,-1.0,-0.1,-1.0,-0.1
3,NONE,-1.0,-0.1,-1.0,-0.1
3,NONE,-1.0,-0.1,-1.0,-0.1
3,NONE,-1.0,-0.1,-1.0,-0.1
3,NONE,-1.0,-0.1,-1.0,-0.1
3,NONE,-1.0,-0.1,-1.0,-0.1
3,NONE,-1.0,-0.1,-1.0,-0.1
3,NONE,-1.0,-0.1,-1.0,-0.1
3,NONE,-1.0,-0.1,-1.0,-0.1
3,NONE,-1.0,-0.1,-1.0,-0.1
3,NONE,-1.0,-0.1,-1.0,-0.1
3,NONE,-1.0,-0.1,-1.0,-0.1
3,NONE,-1.0,-0.1,-1.0,-0.1
3,NONE,-1.0,-0.1,-1.0,-0.1
3,NONE,-1.0,-0.1,-1.0,-0.1
3,NONE,-1.0,-0.1,-1.0,-0.1
3,NONE,-1.0,-0.1,-1.0,-0.1
3,NONE,-1.0,-0.1,-1.0,-0.1
3,NONE,-1.0,-0.1,-1.0,-0.1
3,NONE,-1.0,-0.1,-1.0,-0.1
3,NONE,-1.0,-0.1,-1.0,-0.1
3,NONE,-1.0,-0.1,-1.0,-0.1
3,NONE,-1.0,-0.1,-1.0,-0.1
3,NONE,-1.0,-0.1,-1.0,-0.1
3,NONE,-1.0,-0.1,-1.0,-0.1
3,NONE,-1.0,-0.1,-1.0,-0.1
3,NONE,-1.0,-0.1,-1.0,-0.1
3,NONE,-1.0,-0.1,-1.0,-0.1
3,NONE,-1.0,-0.1,-1.0,-0.1
3,NONE,-1.0,-0.1,-1.0,-0.1
3,NONE,-1.0,-0.1,-1.0,-0.1
3,NONE,-1.0,-0.1,-1.0,-0.1
3,NONE,-1.0,-0.1,-1.0,-0.1
3,NONE,-1.0,-0.1,-1.0,-0.1
3,NONE,-1.0,-0.1,-1.0,-0.1
3,NONE,-1.0,-0.1,-1.0,-0.1
3,NONE,-1.0,-0.1,-1.0,-0.1
3,NONE,-1.0,-0.1,-1.0,-0.1
3,NONE,-1.0,-0.1,-1.0,-0.1
3,NONE,-1.0,-0.1,-1.0,-0.1
3,NONE,-1.0,-0.1,-1.0,-0.1
3,NONE,-1.0,-0.1,-1.0,-0.1
3,NONE,-1.0,-0.1,-1.0,-0.1
3,NONE,-1.0,-0.1,-1.0,-0.1
3,NONE,-1.0,-0.1,-1.0,-0.1
3,NONE,-1.0,-0.1,-1.0,-0.1
3,NONE,-1.0,-0.1,-1.0,-0.1
3,NONE,-1.0,-0.1,-1.0,-0.1
3,NONE,-1.0,-0.1,-1.0,-0.1
3,NONE,-1.0,-0.1,-1.0,-0.1
3,NONE,-1.0,-0.1,-1.0,-0.1
3,NONE,-1.0,-0.1,-1.0,-0.1
3,NONE,-1.0,-0.1,-1.0,-0.1
3,NONE,-1.0,-0.1,-1.0,-0.1
2,EV_B07_C021_Moto_Lineal_Electrica,-1.0,-0.1,7.0,25.412089533304467
1,EV_B07_C021_Moto_Lineal_Electrica,7.0,82.6317815003077,-1.0,25.412089533304467
1,EV_B07_C021_Moto_Lineal_Electrica,6.0,82.6317815003077,-1.0,25.412089533304467
1,EV_B07_C021_Moto_Lineal_Electrica,5.0,82.6317815003077,-1.0,25.412089533304467
1,EV_B07_C021_Moto_Lineal_Electrica,4.0,82.6317815003077,-1.0,25.412089533304467
1,EV_B07_C021_Moto_Lineal_Electrica,3.0,82.6317815003077,-1.0,25.412089533304467
1,EV_B07_C021_Moto_Lineal_Electrica,2.0,82.6317815003077,-1.0,25.412089533304467
1,EV_B07_C021_Moto_Lineal_Electrica,1.0,82.6317815003077,-1.0,25.412089533304467
1,EV_B07_C021_Moto_Lineal_Electrica,0.0,82.6317815003077,-1.0,25.412089533304467
3,NONE,-1.0,-0.1,-1.0,-0.1
3,NONE,-1.0,-0.1,-1.0,-0.1
3,NONE,-1.0,-0.1,-1.0,-0.1
3,NONE,-1.0,-0.1,-1.0,-0.1
3,NONE,-1.0,-0.1,-1.0,-0.1
3,NONE,-1.0,-0.1,-1.0,-0.1
3,NONE,-1.0,-0.1,-1.0,-0.1
3,NONE,-1.0,-0.1,-1.0,-0.1
3,NONE,-1.0,-0.1,-1.0,-0.1
3,NONE,-1.0,-0.1,-1.0,-0.1
3,NONE,-1.0,-0.1,-1.0,-0.1
3,NONE,-1.0,-0.1,-1.0,-0.1
3,NONE,-1.0,-0.1,-1.0,-0.1
3,NONE,-1.0,-0.1,-1.0,-0.1
3,NONE,-1.0,-0.1,-1.0,-0.1
2,EV_B07_C021_Moto_Lineal_Electrica,-1.0,-0.1,7.0,35.01172752861151
1,EV_B07_C021_Moto_Lineal_Electrica,7.0,97.0083751230646,-1.0,35.01172752861151
1,EV_B07_C021_Moto_Lineal_Electrica,6.0,97.0083751230646,-1.0,35.01172752861151
1,EV_B07_C021_Moto_Lineal_Electrica,5.0,97.0083751230646,-1.0,35.01172752861151
1,EV_B07_C021_Moto_Lineal_Electrica,4.0,97.0083751230646,-1.0,35.01172752861151
1,EV_B07_C021_Moto_Lineal_Electrica,3.0,97.0083751230646,-1.0,35.01172752861151
1,EV_B07_C021_Moto_Lineal_Electrica,2.0,97.0083751230646,-1.0,35.01172752861151
1,EV_B07_C021_Moto_Lineal_Electrica,1.0,97.0083751230646,-1.0,35.01172752861151
1,EV_B07_C021_Moto_Lineal_Electrica,0.0,97.0083751230646,-1.0,35.01172752861151
3,NONE,-1.0,-0.1,-1.0,-0.1
3,NONE,-1.0,-0.1,-1.0,-0.1
3,NONE,-1.0,-0.1,-1.0,-0.1
3,NONE,-1.0,-0.1,-1.0,-0.1
3,NONE,-1.0,-0.1,-1.0,-0.1
3,NONE,-1.0,-0.1,-1.0,-0.1
3,NONE,-1.0,-0.1,-1.0,-0.1
3,NONE,-1.0,-0.1,-1.0,-0.1
3,NONE,-1.0,-0.1,-1.0,-0.1
3,NONE,-1.0,-0.1,-1.0,-0.1
3,NONE,-1.0,-0.1,-1.0,-0.1
3,NONE,-1.0,-0.1,-1.0,-0.1
3,NONE,-1.0,-0.1,-1.0,-0.1
3,NONE,-1.0,-0.1,-1.0,-0.1
3,NONE,-1.0,-0.1,-1.0,-0.1
3,NONE,-1.0,-0.1,-1.0,-0.1
3,NONE,-1.0,-0.1,-1.0,-0.1
3,NONE,-1.0,-0.1,-1.0,-0.1
3,NONE,-1.0,-0.1,-1.0,-0.1
3,NONE,-1.0,-0.1,-1.0,-0.1
3,NONE,-1.0,-0.1,-1.0,-0.1
3,NONE,-1.0,-0.1,-1.0,-0.1
3,NONE,-1.0,-0.1,-1.0,-0.1
3,NONE,-1.0,-0.1,-1.0,-0.1
3,NONE,-1.0,-0.1,-1.0,-0.1
3,NONE,-1.0,-0.1,-1.0,-0.1
3,NONE,-1.0,-0.1,-1.0,-0.1
3,NONE,-1.0,-0.1,-1.0,-0.1
3,NONE,-1.0,-0.1,-1.0,-0.1
3,NONE,-1.0,-0.1,-1.0,-0.1
3,NONE,-1.0,-0.1,-1.0,-0.1
3,NONE,-1.0,-0.1,-1.0,-0.1
3,NONE,-1.0,-0.1,-1.0,-0.1
3,NONE,-1.0,-0.1,-1.0,-0.1
3,NONE,-1.0,-0.1,-1.0,-0.1
3,NONE,-1.0,-0.1,-1.0,-0.1
3,NONE,-1.0,-0.1,-1.0,-0.1
3,NONE,-1.0,-0.1,-1.0,-0.1
3,NONE,-1.0,-0.1,-1.0,-0.1
3,NONE,-1.0,-0.1,-1.0,-0.1
3,NONE,-1.0,-0.1,-1.0,-0.1
3,NONE,-1.0,-0.1,-1.0,-0.1
3,NONE,-1.0,-0.1,-1.0,-0.1
3,NONE,-1.0,-0.1,-1.0,-0.1
3,NONE,-1.0,-0.1,-1.0,-0.1
3,NONE,-1.0,-0.1,-1.0,-0.1
3,NONE,-1.0,-0.1,-1.0,-0.1
3,NONE,-1.0,-0.1,-1.0,-0.1
3,NONE,-1.0,-0.1,-1.0,-0.1
3,NONE,-1.0,-0.1,-1.0,-0.1
3,NONE,-1.0,-0.1,-1.0,-0.1
3,NONE,-1.0,-0.1,-1.0,-0.1
3,NONE,-1.0,-0.1,-1.0,-0.1
3,NONE,-1.0,-0.1,-1.0,-0.1
3,NONE,-1.0,-0.1,-1.0,-0.1
3,NONE,-1.0,-0.1,-1.0,-0.1
3,NONE,-1.0,-0.1,-1.0,-0.1
3,NONE,-1.0,-0.1,-1.0,-0.1
3,NONE,-1.0,-0.1,-1.0,-0.1
3,NONE,-1.0,-0.1,-1.0,-0.1
3,NONE,-1.0,-0.1,-1.0,-0.1
3,NONE,-1.0,-0.1,-1.0,-0.1
3,NONE,-1.0,-0.1,-1.0,-0.1
3,NONE,-1.0,-0.1,-1.0,-0.1
3,NONE,-1.0,-0.1,-1.0,-0.1
3,NONE,-1.0,-0.1,-1.0,-0.1
3,NONE,-1.0,-0.1,-1.0,-0.1
3,NONE,-1.0,-0.1,-1.0,-0.1
3,NONE,-1.0,-0.1,-1.0,-0.1
3,NONE,-1.0,-0.1,-1.0,-0.1
3,NONE,-1.0,-0.1,-1.0,-0.1
3,NONE,-1.0,-0.1,-1.0,-0.1
3,NONE,-1.0,-0.1,-1.0,-0.1
3,NONE,-1.0,-0.1,-1.0,-0.1
3,NONE,-1.0,-0.1,-1.0,-0.1
3,NONE,-1.0,-0.1,-1.0,-0.1
3,NONE,-1.0,-0.1,-1.0,-0.1
3,NONE,-1.0,-0.1,-1.0,-0.1
3,NONE,-1.0,-0.1,-1.0,-0.1
3,NONE,-1.0,-0.1,-1.0,-0.1
3,NONE,-1.0,-0.1,-1.0,-0.1
3,NONE,-1.0,-0.1,-1.0,-0.1
3,NONE,-1.0,-0.1,-1.0,-0.1
3,NONE,-1.0,-0.1,-1.0,-0.1
3,NONE,-1.0,-0.1,-1.0,-0.1
3,NONE,-1.0,-0.1,-1.0,-0.1
3,NONE,-1.0,-0.1,-1.0,-0.1
3,NONE,-1.0,-0.1,-1.0,-0.1
2,EV_B07_C021_Moto_Lineal_Electrica,-1.0,-0.1,8.0,21.542470398437384
1,EV_B07_C021_Moto_Lineal_Electrica,6.0,85.21932474954667,-1.0,21.542470398437384
1,EV_B07_C021_Moto_Lineal_Electrica,5.0,85.21932474954667,-1.0,21.542470398437384
1,EV_B07_C021_Moto_Lineal_Electrica,4.0,85.21932474954667,-1.0,21.542470398437384
1,EV_B07_C021_Moto_Lineal_Electrica,3.0,85.21932474954667,-1.0,21.542470398437384
1,EV_B07_C021_Moto_Lineal_Electrica,2.0,85.21932474954667,-1.0,21.542470398437384
1,EV_B07_C021_Moto_Lineal_Electrica,1.0,85.21932474954667,-1.0,21.542470398437384
1,EV_B07_C021_Moto_Lineal_Electrica,0.0,85.21932474954667,-1.0,21.542470398437384
3,NONE,-1.0,-0.1,-1.0,-0.1
3,NONE,-1.0,-0.1,-1.0,-0.1
3,NONE,-1.0,-0.1,-1.0,-0.1
3,NONE,-1.0,-0.1,-1.0,-0.1
3,NONE,-1.0,-0.1,-1.0,-0.1
3,NONE,-1.0,-0.1,-1.0,-0.1
3,NONE,-1.0,-0.1,-1.0,-0.1
3,NONE,-1.0,-0.1,-1.0,-0.1
3,NONE,-1.0,-0.1,-1.0,-0.1
3,NONE,-1.0,-0.1,-1.0,-0.1
3,NONE,-1.0,-0.1,-1.0,-0.1
3,NONE,-1.0,-0.1,-1.0,-0.1
3,NONE,-1.0,-0.1,-1.0,-0.1
3,NONE,-1.0,-0.1,-1.0,-0.1
3,NONE,-1.0,-0.1,-1.0,-0.1
3,NONE,-1.0,-0.1,-1.0,-0.1
3,NONE,-1.0,-0.1,-1.0,-0.1
3,NONE,-1.0,-0.1,-1.0,-0.1
3,NONE,-1.0,-0.1,-1.0,-0.1
3,NONE,-1.0,-0.1,-1.0,-0.1
3,NONE,-1.0,-0.1,-1.0,-0.1
3,NONE,-1.0,-0.1,-1.0,-0.1
3,NONE,-1.0,-0.1,-1.0,-0.1
3,NONE,-1.0,-0.1,-1.0,-0.1
3,NONE,-1.0,-0.1,-1.0,-0.1
3,NONE,-1.0,-0.1,-1.0,-0.1
3,NONE,-1.0,-0.1,-1.0,-0.1
3,NONE,-1.0,-0.1,-1.0,-0.1
3,NONE,-1.0,-0.1,-1.0,-0.1
3,NONE,-1.0,-0.1,-1.0,-0.1
3,NONE,-1.0,-0.1,-1.0,-0.1
3,NONE,-1.0,-0.1,-1.0,-0.1
3,NONE,-1.0,-0.1,-1.0,-0.1
3,NONE,-1.0,-0.1,-1.0,-0.1
3,NONE,-1.0,-0.1,-1.0,-0.1
3,NONE,-1.0,-0.1,-1.0,-0.1
3,NONE,-1.0,-0.1,-1.0,-0.1
3,NONE,-1.0,-0.1,-1.0,-0.1
3,NONE,-1.0,-0.1,-1.0,-0.1
3,NONE,-1.0,-0.1,-1.0,-0.1
3,NONE,-1.0,-0.1,-1.0,-0.1
3,NONE,-1.0,-0.1,-1.0,-0.1
3,NONE,-1.0,-0.1,-1.0,-0.1
3,NONE,-1.0,-0.1,-1.0,-0.1
3,NONE,-1.0,-0.1,-1.0,-0.1
3,NONE,-1.0,-0.1,-1.0,-0.1
3,NONE,-1.0,-0.1,-1.0,-0.1
3,NONE,-1.0,-0.1,-1.0,-0.1
3,NONE,-1.0,-0.1,-1.0,-0.1
3,NONE,-1.0,-0.1,-1.0,-0.1
3,NONE,-1.0,-0.1,-1.0,-0.1
3,NONE,-1.0,-0.1,-1.0,-0.1
3,NONE,-1.0,-0.1,-1.0,-0.1
3,NONE,-1.0,-0.1,-1.0,-0.1
3,NONE,-1.0,-0.1,-1.0,-0.1
3,NONE,-1.0,-0.1,-1.0,-0.1
3,NONE,-1.0,-0.1,-1.0,-0.1
3,NONE,-1.0,-0.1,-1.0,-0.1
3,NONE,-1.0,-0.1,-1.0,-0.1
3,NONE,-1.0,-0.1,-1.0,-0.1
3,NONE,-1.0,-0.1,-1.0,-0.1
3,NONE,-1.0,-0.1,-1.0,-0.1
3,NONE,-1.0,-0.1,-1.0,-0.1
2,EV_B07_C021_Moto_Lineal_Electrica,-1.0,-0.1,7.0,28.744596414279997
1,EV_B07_C021_Moto_Lineal_Electrica,7.0,86.34217341226001,-1.0,28.744596414279997
1,EV_B07_C021_Moto_Lineal_Electrica,6.0,86.34217341226001,-1.0,28.744596414279997
1,EV_B07_C021_Moto_Lineal_Electrica,5.0,86.34217341226001,-1.0,28.744596414279997
1,EV_B07_C021_Moto_Lineal_Electrica,4.0,86.34217341226001,-1.0,28.744596414279997
1,EV_B07_C021_Moto_Lineal_Electrica,3.0,86.34217341226001,-1.0,28.744596414279997
1,EV_B07_C021_Moto_Lineal_Electrica,2.0,86.34217341226001,-1.0,28.744596414279997
1,EV_B07_C021_Moto_Lineal_Electrica,1.0,86.34217341226001,-1.0,28.744596414279997
1,EV_B07_C021_Moto_Lineal_Electrica,0.0,86.34217341226001,-1.0,28.744596414279997
3,NONE,-1.0,-0.1,-1.0,-0.1
3,NONE,-1.0,-0.1,-1.0,-0.1
3,NONE,-1.0,-0.1,-1.0,-0.1
3,NONE,-1.0,-0.1,-1.0,-0.1
3,NONE,-1.0,-0.1,-1.0,-0.1
3,NONE,-1.0,-0.1,-1.0,-0.1
3,NONE,-1.0,-0.1,-1.0,-0.1
3,NONE,-1.0,-0.1,-1.0,-0.1
3,NONE,-1.0,-0.1,-1.0,-0.1
3,NONE,-1.0,-0.1,-1.0,-0.1
3,NONE,-1.0,-0.1,-1.0,-0.1
3,NONE,-1.0,-0.1,-1.0,-0.1
3,NONE,-1.0,-0.1,-1.0,-0.1
3,NONE,-1.0,-0.1,-1.0,-0.1
3,NONE,-1.0,-0.1,-1.0,-0.1
3,NONE,-1.0,-0.1,-1.0,-0.1
3,NONE,-1.0,-0.1,-1.0,-0.1
3,NONE,-1.0,-0.1,-1.0,-0.1
3,NONE,-1.0,-0.1,-1.0,-0.1
3,NONE,-1.0,-0.1,-1.0,-0.1
3,NONE,-1.0,-0.1,-1.0,-0.1
3,NONE,-1.0,-0.1,-1.0,-0.1
3,NONE,-1.0,-0.1,-1.0,-0.1
3,NONE,-1.0,-0.1,-1.0,-0.1
3,NONE,-1.0,-0.1,-1.0,-0.1
3,NONE,-1.0,-0.1,-1.0,-0.1
3,NONE,-1.0,-0.1,-1.0,-0.1
3,NONE,-1.0,-0.1,-1.0,-0.1
3,NONE,-1.0,-0.1,-1.0,-0.1
3,NONE,-1.0,-0.1,-1.0,-0.1
3,NONE,-1.0,-0.1,-1.0,-0.1
3,NONE,-1.0,-0.1,-1.0,-0.1
3,NONE,-1.0,-0.1,-1.0,-0.1
3,NONE,-1.0,-0.1,-1.0,-0.1
3,NONE,-1.0,-0.1,-1.0,-0.1
3,NONE,-1.0,-0.1,-1.0,-0.1
3,NONE,-1.0,-0.1,-1.0,-0.1
3,NONE,-1.0,-0.1,-1.0,-0.1
3,NONE,-1.0,-0.1,-1.0,-0.1
3,NONE,-1.0,-0.1,-1.0,-0.1
3,NONE,-1.0,-0.1,-1.0,-0.1
3,NONE,-1.0,-0.1,-1.0,-0.1
3,NONE,-1.0,-0.1,-1.0,-0.1
3,NONE,-1.0,-0.1,-1.0,-0.1
3,NONE,-1.0,-0.1,-1.0,-0.1
3,NONE,-1.0,-0.1,-1.0,-0.1
3,NONE,-1.0,-0.1,-1.0,-0.1
3,NONE,-1.0,-0.1,-1.0,-0.1
3,NONE,-1.0,-0.1,-1.0,-0.1
3,NONE,-1.0,-0.1,-1.0,-0.1
3,NONE,-1.0,-0.1,-1.0,-0.1
3,NONE,-1.0,-0.1,-1.0,-0.1
3,NONE,-1.0,-0.1,-1.0,-0.1
3,NONE,-1.0,-0.1,-1.0,-0.1
3,NONE,-1.0,-0.1,-1.0,-0.1
3,NONE,-1.0,-0.1,-1.0,-0.1
3,NONE,-1.0,-0.1,-1.0,-0.1
3,NONE,-1.0,-0.1,-1.0,-0.1
3,NONE,-1.0,-0.1,-1.0,-0.1
3,NONE,-1.0,-0.1,-1.0,-0.1
3,NONE,-1.0,-0.1,-1.0,-0.1
3,NONE,-1.0,-0.1,-1.0,-0.1
3,NONE,-1.0,-0.1,-1.0,-0.1
3,NONE,-1.0,-0.1,-1.0,-0.1
3,NONE,-1.0,-0.1,-1.0,-0.1
3,NONE,-1.0,-0.1,-1.0,-0.1
3,NONE,-1.0,-0.1,-1.0,-0.1
3,NONE,-1.0,-0.1,-1.0,-0.1
3,NONE,-1.0,-0.1,-1.0,-0.1
3,NONE,-1.0,-0.1,-1.0,-0.1
3,NONE,-1.0,-0.1,-1.0,-0.1
3,NONE,-1.0,-0.1,-1.0,-0.1
3,NONE,-1.0,-0.1,-1.0,-0.1
3,NONE,-1.0,-0.1,-1.0,-0.1
3,NONE,-1.0,-0.1,-1.0,-0.1
3,NONE,-1.0,-0.1,-1.0,-0.1
3,NONE,-1.0,-0.1,-1.0,-0.1
3,NONE,-1.0,-0.1,-1.0,-0.1
3,NONE,-1.0,-0.1,-1.0,-0.1
3,NONE,-1.0,-0.1,-1.0,-0.1
3,NONE,-1.0,-0.1,-1.0,-0.1
3,NONE,-1.0,-0.1,-1.0,-0.1
3,NONE,-1.0,-0.1,-1.0,-0.1
3,NONE,-1.0,-0.1,-1.0,-0.1
3,NONE,-1.0,-0.1,-1.0,-0.1
3,NONE,-1.0,-0.1,-1.0,-0.1
3,NONE,-1.0,-0.1,-1.0,-0.1
3,NONE,-1.0,-0.1,-1.0,-0.1
3,NONE,-1.0,-0.1,-1.0,-0.1
3,NONE,-1.0,-0.1,-1.0,-0.1
3,NONE,-1.0,-0.1,-1.0,-0.1
3,NONE,-1.0,-0.1,-1.0,-0.1
3,NONE,-1.0,-0.1,-1.0,-0.1
3,NONE,-1.0,-0.1,-1.0,-0.1
3,NONE,-1.0,-0.1,-1.0,-0.1
3,NONE,-1.0,-0.1,-1.0,-0.1
3,NONE,-1.0,-0.1,-1.0,-0.1
3,NONE,-1.0,-0.1,-1.0,-0.1
3,NONE,-1.0,-0.1,-1.0,-0.1
3,NONE,-1.0,-0.1,-1.0,-0.1
3,NONE,-1.0,-0.1,-1.0,-0.1
3,NONE,-1.0,-0.1,-1.0,-0.1
3,NONE,-1.0,-0.1,-1.0,-0.1
3,NONE,-1.0,-0.1,-1.0,-0.1
3,NONE,-1.0,-0.1,-1.0,-0.1
3,NONE,-1.0,-0.1,-1.0,-0.1
3,NONE,-1.0,-0.1,-1.0,-0.1
3,NONE,-1.0,-0.1,-1.0,-0.1
3,NONE,-1.0,-0.1,-1.0,-0.1
3,NONE,-1.0,-0.1,-1.0,-0.1
3,NONE,-1.0,-0.1,-1.0,-0.1
3,NONE,-1.0,-0.1,-1.0,-0.1
3,NONE,-1.0,-0.1,-1.0,-0.1
3,NONE,-1.0,-0.1,-1.0,-0.1
3,NONE,-1.0,-0.1,-1.0,-0.1
3,NONE,-1.0,-0.1,-1.0,-0.1
3,NONE,-1.0,-0.1,-1.0,-0.1
3,NONE,-1.0,-0.1,-1.0,-0.1
3,NONE,-1.0,-0.1,-1.0,-0.1
3,NONE,-1.0,-0.1,-1.0,-0.1
3,NONE,-1.0,-0.1,-1.0,-0.1
3,NONE,-1.0,-0.1,-1.0,-0.1
3,NONE,-1.0,-0.1,-1.0,-0.1
3,NONE,-1.0,-0.1,-1.0,-0.1
3,NONE,-1.0,-0.1,-1.0,-0.1
3,NONE,-1.0,-0.1,-1.0,-0.1
3,NONE,-1.0,-0.1,-1.0,-0.1
3,NONE,-1.0,-0.1,-1.0,-0.1
3,NONE,-1.0,-0.1,-1.0,-0.1
3,NONE,-1.0,-0.1,-1.0,-0.1
3,NONE,-1.0,-0.1,-1.0,-0.1
3,NONE,-1.0,-0.1,-1.0,-0.1
3,NONE,-1.0,-0.1,-1.0,-0.1
3,NONE,-1.0,-0.1,-1.0,-0.1
3,NONE,-1.0,-0.1,-1.0,-0.1
2,EV_B07_C021_Moto_Lineal_Electrica,-1.0,-0.1,7.0,19.08448815850204
1,EV_B07_C021_Moto_Lineal_Electrica,7.0,76.98190003265694,-1.0,19.08448815850204
1,EV_B07_C021_Moto_Lineal_Electrica,6.0,76.98190003265694,-1.0,19.08448815850204
1,EV_B07_C021_Moto_Lineal_Electrica,5.0,76.98190003265694,-1.0,19.08448815850204
1,EV_B07_C021_Moto_Lineal_Electrica,4.0,76.98190003265694,-1.0,19.08448815850204
1,EV_B07_C021_Moto_Lineal_Electrica,3.0,76.98190003265694,-1.0,19.08448815850204
1,EV_B07_C021_Moto_Lineal_Electrica,2.0,76.98190003265694,-1.0,19.08448815850204
1,EV_B07_C021_Moto_Lineal_Electrica,1.0,76.98190003265694,-1.0,19.08448815850204
1,EV_B07_C021_Moto_Lineal_Electrica,0.0,76.98190003265694,-1.0,19.08448815850204
3,NONE,-1.0,-0.1,-1.0,-0.1
3,NONE,-1.0,-0.1,-1.0,-0.1
3,NONE,-1.0,-0.1,-1.0,-0.1
3,NONE,-1.0,-0.1,-1.0,-0.1
3,NONE,-1.0,-0.1,-1.0,-0.1
3,NONE,-1.0,-0.1,-1.0,-0.1
3,NONE,-1.0,-0.1,-1.0,-0.1
3,NONE,-1.0,-0.1,-1.0,-0.1
3,NONE,-1.0,-0.1,-1.0,-0.1
3,NONE,-1.0,-0.1,-1.0,-0.1
3,NONE,-1.0,-0.1,-1.0,-0.1
3,NONE,-1.0,-0.1,-1.0,-0.1
3,NONE,-1.0,-0.1,-1.0,-0.1
3,NONE,-1.0,-0.1,-1.0,-0.1
3,NONE,-1.0,-0.1,-1.0,-0.1
2,EV_B07_C021_Moto_Lineal_Electrica,-1.0,-0.1,7.0,34.87862021413373
1,EV_B07_C021_Moto_Lineal_Electrica,7.0,85.64580621065751,-1.0,34.87862021413373
1,EV_B07_C021_Moto_Lineal_Electrica,6.0,85.64580621065751,-1.0,34.87862021413373
1,EV_B07_C021_Moto_Lineal_Electrica,5.0,85.64580621065751,-1.0,34.87862021413373
1,EV_B07_C021_Moto_Lineal_Electrica,4.0,85.64580621065751,-1.0,34.87862021413373
1,EV_B07_C021_Moto_Lineal_Electrica,3.0,85.64580621065751,-1.0,34.87862021413373
1,EV_B07_C021_Moto_Lineal_Electrica,2.0,85.64580621065751,-1.0,34.87862021413373
1,EV_B07_C021_Moto_Lineal_Electrica,1.0,85.64580621065751,-1.0,34.87862021413373
1,EV_B07_C021_Moto_Lineal_Electrica,0.0,85.64580621065751,-1.0,34.87862021413373
3,NONE,-1.0,-0.1,-1.0,-0.1
3,NONE,-1.0,-0.1,-1.0,-0.1
3,NONE,-1.0,-0.1,-1.0,-0.1
3,NONE,-1.0,-0.1,-1.0,-0.1
3,NONE,-1.0,-0.1,-1.0,-0.1
3,NONE,-1.0,-0.1,-1.0,-0.1
3,NONE,-1.0,-0.1,-1.0,-0.1
3,NONE,-1.0,-0.1,-1.0,-0.1
3,NONE,-1.0,-0.1,-1.0,-0.1
3,NONE,-1.0,-0.1,-1.0,-0.1
3,NONE,-1.0,-0.1,-1.0,-0.1
3,NONE,-1.0,-0.1,-1.0,-0.1
3,NONE,-1.0,-0.1,-1.0,-0.1
3,NONE,-1.0,-0.1,-1.0,-0.1
3,NONE,-1.0,-0.1,-1.0,-0.1
3,NONE,-1.0,-0.1,-1.0,-0.1
3,NONE,-1.0,-0.1,-1.0,-0.1
3,NONE,-1.0,-0.1,-1.0,-0.1
3,NONE,-1.0,-0.1,-1.0,-0.1
3,NONE,-1.0,-0.1,-1.0,-0.1
3,NONE,-1.0,-0.1,-1.0,-0.1
3,NONE,-1.0,-0.1,-1.0,-0.1
3,NONE,-1.0,-0.1,-1.0,-0.1
3,NONE,-1.0,-0.1,-1.0,-0.1
3,NONE,-1.0,-0.1,-1.0,-0.1
3,NONE,-1.0,-0.1,-1.0,-0.1
3,NONE,-1.0,-0.1,-1.0,-0.1
3,NONE,-1.0,-0.1,-1.0,-0.1
3,NONE,-1.0,-0.1,-1.0,-0.1
3,NONE,-1.0,-0.1,-1.0,-0.1
3,NONE,-1.0,-0.1,-1.0,-0.1
3,NONE,-1.0,-0.1,-1.0,-0.1
3,NONE,-1.0,-0.1,-1.0,-0.1
3,NONE,-1.0,-0.1,-1.0,-0.1
3,NONE,-1.0,-0.1,-1.0,-0.1
3,NONE,-1.0,-0.1,-1.0,-0.1
3,NONE,-1.0,-0.1,-1.0,-0.1
3,NONE,-1.0,-0.1,-1.0,-0.1
3,NONE,-1.0,-0.1,-1.0,-0.1
3,NONE,-1.0,-0.1,-1.0,-0.1
3,NONE,-1.0,-0.1,-1.0,-0.1
3,NONE,-1.0,-0.1,-1.0,-0.1
3,NONE,-1.0,-0.1,-1.0,-0.1
3,NONE,-1.0,-0.1,-1.0,-0.1
3,NONE,-1.0,-0.1,-1.0,-0.1
3,NONE,-1.0,-0.1,-1.0,-0.1
3,NONE,-1.0,-0.1,-1.0,-0.1
3,NONE,-1.0,-0.1,-1.0,-0.1
3,NONE,-1.0,-0.1,-1.0,-0.1
3,NONE,-1.0,-0.1,-1.0,-0.1
3,NONE,-1.0,-0.1,-1.0,-0.1
3,NONE,-1.0,-0.1,-1.0,-0.1
3,NONE,-1.0,-0.1,-1.0,-0.1
3,NONE,-1.0,-0.1,-1.0,-0.1
3,NONE,-1.0,-0.1,-1.0,-0.1
3,NONE,-1.0,-0.1,-1.0,-0.1
3,NONE,-1.0,-0.1,-1.0,-0.1
3,NONE,-1.0,-0.1,-1.0,-0.1
3,NONE,-1.0,-0.1,-1.0,-0.1
3,NONE,-1.0,-0.1,-1.0,-0.1
3,NONE,-1.0,-0.1,-1.0,-0.1
3,NONE,-1.0,-0.1,-1.0,-0.1
3,NONE,-1.0,-0.1,-1.0,-0.1
3,NONE,-1.0,-0.1,-1.0,-0.1
3,NONE,-1.0,-0.1,-1.0,-0.1
3,NONE,-1.0,-0.1,-1.0,-0.1
3,NONE,-1.0,-0.1,-1.0,-0.1
3,NONE,-1.0,-0.1,-1.0,-0.1
3,NONE,-1.0,-0.1,-1.0,-0.1
3,NONE,-1.0,-0.1,-1.0,-0.1
3,NONE,-1.0,-0.1,-1.0,-0.1
3,NONE,-1.0,-0.1,-1.0,-0.1
3,NONE,-1.0,-0.1,-1.0,-0.1
3,NONE,-1.0,-0.1,-1.0,-0.1
3,NONE,-1.0,-0.1,-1.0,-0.1
3,NONE,-1.0,-0.1,-1.0,-0.1
3,NONE,-1.0,-0.1,-1.0,-0.1
3,NONE,-1.0,-0.1,-1.0,-0.1
3,NONE,-1.0,-0.1,-1.0,-0.1
3,NONE,-1.0,-0.1,-1.0,-0.1
3,NONE,-1.0,-0.1,-1.0,-0.1
3,NONE,-1.0,-0.1,-1.0,-0.1
3,NONE,-1.0,-0.1,-1.0,-0.1
3,NONE,-1.0,-0.1,-1.0,-0.1
3,NONE,-1.0,-0.1,-1.0,-0.1
3,NONE,-1.0,-0.1,-1.0,-0.1
3,NONE,-1.0,-0.1,-1.0,-0.1
2,EV_B07_C021_Moto_Lineal_Electrica,-1.0,-0.1,7.0,25.140246917164475
1,EV_B07_C021_Moto_Lineal_Electrica,7.0,91.76821414663132,-1.0,25.140246917164475
1,EV_B07_C021_Moto_Lineal_Electrica,6.0,91.76821414663132,-1.0,25.140246917164475
1,EV_B07_C021_Moto_Lineal_Electrica,5.0,91.76821414663132,-1.0,25.140246917164475
1,EV_B07_C021_Moto_Lineal_Electrica,4.0,91.76821414663132,-1.0,25.140246917164475
1,EV_B07_C021_Moto_Lineal_Electrica,3.0,91.76821414663132,-1.0,25.140246917164475
1,EV_B07_C021_Moto_Lineal_Electrica,2.0,91.76821414663132,-1.0,25.140246917164475
1,EV_B07_C021_Moto_Lineal_Electrica,1.0,91.76821414663132,-1.0,25.140246917164475
1,EV_B07_C021_Moto_Lineal_Electrica,0.0,91.76821414663132,-1.0,25.140246917164475
3,NONE,-1.0,-0.1,-1.0,-0.1
3,NONE,-1.0,-0.1,-1.0,-0.1
3,NONE,-1.0,-0.1,-1.0,-0.1
3,NONE,-1.0,-0.1,-1.0,-0.1
3,NONE,-1.0,-0.1,-1.0,-0.1
3,NONE,-1.0,-0.1,-1.0,-0.1
3,NONE,-1.0,-0.1,-1.0,-0.1
3,NONE,-1.0,-0.1,-1.0,-0.1
3,NONE,-1.0,-0.1,-1.0,-0.1
3,NONE,-1.0,-0.1,-1.0,-0.1
3,NONE,-1.0,-0.1,-1.0,-0.1
3,NONE,-1.0,-0.1,-1.0,-0.1
3,NONE,-1.0,-0.1,-1.0,-0.1
3,NONE,-1.0,-0.1,-1.0,-0.1
3,NONE,-1.0,-0.1,-1.0,-0.1
3,NONE,-1.0,-0.1,-1.0,-0.1
3,NONE,-1.0,-0.1,-1.0,-0.1
3,NONE,-1.0,-0.1,-1.0,-0.1
3,NONE,-1.0,-0.1,-1.0,-0.1
3,NONE,-1.0,-0.1,-1.0,-0.1
3,NONE,-1.0,-0.1,-1.0,-0.1
3,NONE,-1.0,-0.1,-1.0,-0.1
3,NONE,-1.0,-0.1,-1.0,-0.1
3,NONE,-1.0,-0.1,-1.0,-0.1
3,NONE,-1.0,-0.1,-1.0,-0.1
3,NONE,-1.0,-0.1,-1.0,-0.1
3,NONE,-1.0,-0.1,-1.0,-0.1
3,NONE,-1.0,-0.1,-1.0,-0.1
3,NONE,-1.0,-0.1,-1.0,-0.1
3,NONE,-1.0,-0.1,-1.0,-0.1
3,NONE,-1.0,-0.1,-1.0,-0.1
3,NONE,-1.0,-0.1,-1.0,-0.1
3,NONE,-1.0,-0.1,-1.0,-0.1
3,NONE,-1.0,-0.1,-1.0,-0.1
3,NONE,-1.0,-0.1,-1.0,-0.1
3,NONE,-1.0,-0.1,-1.0,-0.1
3,NONE,-1.0,-0.1,-1.0,-0.1
3,NONE,-1.0,-0.1,-1.0,-0.1
3,NONE,-1.0,-0.1,-1.0,-0.1
2,EV_B07_C021_Moto_Lineal_Electrica,-1.0,-0.1,7.0,43.391589028851605
1,EV_B07_C021_Moto_Lineal_Electrica,7.0,81.26042741407579,-1.0,43.391589028851605
1,EV_B07_C021_Moto_Lineal_Electrica,6.0,81.26042741407579,-1.0,43.391589028851605
1,EV_B07_C021_Moto_Lineal_Electrica,5.0,81.26042741407579,-1.0,43.391589028851605
1,EV_B07_C021_Moto_Lineal_Electrica,4.0,81.26042741407579,-1.0,43.391589028851605
1,EV_B07_C021_Moto_Lineal_Electrica,3.0,81.26042741407579,-1.0,43.391589028851605
1,EV_B07_C021_Moto_Lineal_Electrica,2.0,81.26042741407579,-1.0,43.391589028851605
1,EV_B07_C021_Moto_Lineal_Electrica,1.0,81.26042741407579,-1.0,43.391589028851605
1,EV_B07_C021_Moto_Lineal_Electrica,0.0,81.26042741407579,-1.0,43.391589028851605
3,NONE,-1.0,-0.1,-1.0,-0.1
3,NONE,-1.0,-0.1,-1.0,-0.1
3,NONE,-1.0,-0.1,-1.0,-0.1
3,NONE,-1.0,-0.1,-1.0,-0.1
3,NONE,-1.0,-0.1,-1.0,-0.1
3,NONE,-1.0,-0.1,-1.0,-0.1
3,NONE,-1.0,-0.1,-1.0,-0.1
3,NONE,-1.0,-0.1,-1.0,-0.1
3,NONE,-1.0,-0.1,-1.0,-0.1
3,NONE,-1.0,-0.1,-1.0,-0.1
3,NONE,-1.0,-0.1,-1.0,-0.1
3,NONE,-1.0,-0.1,-1.0,-0.1
3,NONE,-1.0,-0.1,-1.0,-0.1
3,NONE,-1.0,-0.1,-1.0,-0.1
3,NONE,-1.0,-0.1,-1.0,-0.1
2,EV_B07_C021_Moto_Lineal_Electrica,-1.0,-0.1,7.0,38.01490933348749
1,EV_B07_C021_Moto_Lineal_Electrica,7.0,80.92048240821764,-1.0,38.01490933348749
1,EV_B07_C021_Moto_Lineal_Electrica,6.0,80.92048240821764,-1.0,38.01490933348749
1,EV_B07_C021_Moto_Lineal_Electrica,5.0,80.92048240821764,-1.0,38.01490933348749
1,EV_B07_C021_Moto_Lineal_Electrica,4.0,80.92048240821764,-1.0,38.01490933348749
1,EV_B07_C021_Moto_Lineal_Electrica,3.0,80.92048240821764,-1.0,38.01490933348749
1,EV_B07_C021_Moto_Lineal_Electrica,2.0,80.92048240821764,-1.0,38.01490933348749
1,EV_B07_C021_Moto_Lineal_Electrica,1.0,80.92048240821764,-1.0,38.01490933348749
1,EV_B07_C021_Moto_Lineal_Electrica,0.0,80.92048240821764,-1.0,38.01490933348749
3,NONE,-1.0,-0.1,-1.0,-0.1
3,NONE,-1.0,-0.1,-1.0,-0.1
3,NONE,-1.0,-0.1,-1.0,-0.1
3,NONE,-1.0,-0.1,-1.0,-0.1
3,NONE,-1.0,-0.1,-1.0,-0.1
3,NONE,-1.0,-0.1,-1.0,-0.1
3,NONE,-1.0,-0.1,-1.0,-0.1
3,NONE,-1.0,-0.1,-1.0,-0.1
3,NONE,-1.0,-0.1,-1.0,-0.1
3,NONE,-1.0,-0.1,-1.0,-0.1
3,NONE,-1.0,-0.1,-1.0,-0.1
3,NONE,-1.0,-0.1,-1.0,-0.1
3,NONE,-1.0,-0.1,-1.0,-0.1
3,NONE,-1.0,-0.1,-1.0,-0.1
3,NONE,-1.0,-0.1,-1.0,-0.1
3,NONE,-1.0,-0.1,-1.0,-0.1
3,NONE,-1.0,-0.1,-1.0,-0.1
3,NONE,-1.0,-0.1,-1.0,-0.1
3,NONE,-1.0,-0.1,-1.0,-0.1
3,NONE,-1.0,-0.1,-1.0,-0.1
3,NONE,-1.0,-0.1,-1.0,-0.1
3,NONE,-1.0,-0.1,-1.0,-0.1
3,NONE,-1.0,-0.1,-1.0,-0.1
3,NONE,-1.0,-0.1,-1.0,-0.1
3,NONE,-1.0,-0.1,-1.0,-0.1
3,NONE,-1.0,-0.1,-1.0,-0.1
3,NONE,-1.0,-0.1,-1.0,-0.1
3,NONE,-1.0,-0.1,-1.0,-0.1
3,NONE,-1.0,-0.1,-1.0,-0.1
3,NONE,-1.0,-0.1,-1.0,-0.1
3,NONE,-1.0,-0.1,-1.0,-0.1
3,NONE,-1.0,-0.1,-1.0,-0.1
3,NONE,-1.0,-0.1,-1.0,-0.1
3,NONE,-1.0,-0.1,-1.0,-0.1
3,NONE,-1.0,-0.1,-1.0,-0.1
3,NONE,-1.0,-0.1,-1.0,-0.1
3,NONE,-1.0,-0.1,-1.0,-0.1
3,NONE,-1.0,-0.1,-1.0,-0.1
3,NONE,-1.0,-0.1,-1.0,-0.1
3,NONE,-1.0,-0.1,-1.0,-0.1
3,NONE,-1.0,-0.1,-1.0,-0.1
3,NONE,-1.0,-0.1,-1.0,-0.1
3,NONE,-1.0,-0.1,-1.0,-0.1
3,NONE,-1.0,-0.1,-1.0,-0.1
3,NONE,-1.0,-0.1,-1.0,-0.1
3,NONE,-1.0,-0.1,-1.0,-0.1
3,NONE,-1.0,-0.1,-1.0,-0.1
3,NONE,-1.0,-0.1,-1.0,-0.1
3,NONE,-1.0,-0.1,-1.0,-0.1
3,NONE,-1.0,-0.1,-1.0,-0.1
3,NONE,-1.0,-0.1,-1.0,-0.1
3,NONE,-1.0,-0.1,-1.0,-0.1
3,NONE,-1.0,-0.1,-1.0,-0.1
3,NONE,-1.0,-0.1,-1.0,-0.1
3,NONE,-1.0,-0.1,-1.0,-0.1
3,NONE,-1.0,-0.1,-1.0,-0.1
3,NONE,-1.0,-0.1,-1.0,-0.1
3,NONE,-1.0,-0.1,-1.0,-0.1
3,NONE,-1.0,-0.1,-1.0,-0.1
3,NONE,-1.0,-0.1,-1.0,-0.1
3,NONE,-1.0,-0.1,-1.0,-0.1
3,NONE,-1.0,-0.1,-1.0,-0.1
3,NONE,-1.0,-0.1,-1.0,-0.1
3,NONE,-1.0,-0.1,-1.0,-0.1
2,EV_B07_C021_Moto_Lineal_Electrica,-1.0,-0.1,8.0,25.398734403683072
1,EV_B07_C021_Moto_Lineal_Electrica,6.0,79.28707487265908,-1.0,25.398734403683072
1,EV_B07_C021_Moto_Lineal_Electrica,5.0,79.28707487265908,-1.0,25.398734403683072
1,EV_B07_C021_Moto_Lineal_Electrica,4.0,79.28707487265908,-1.0,25.398734403683072
1,EV_B07_C021_Moto_Lineal_Electrica,3.0,79.28707487265908,-1.0,25.398734403683072
1,EV_B07_C021_Moto_Lineal_Electrica,2.0,79.28707487265908,-1.0,25.398734403683072
1,EV_B07_C021_Moto_Lineal_Electrica,1.0,79.28707487265908,-1.0,25.398734403683072
1,EV_B07_C021_Moto_Lineal_Electrica,0.0,79.28707487265908,-1.0,25.398734403683072
3,NONE,-1.0,-0.1,-1.0,-0.1
3,NONE,-1.0,-0.1,-1.0,-0.1
3,NONE,-1.0,-0.1,-1.0,-0.1
3,NONE,-1.0,-0.1,-1.0,-0.1
3,NONE,-1.0,-0.1,-1.0,-0.1
3,NONE,-1.0,-0.1,-1.0,-0.1
3,NONE,-1.0,-0.1,-1.0,-0.1
3,NONE,-1.0,-0.1,-1.0,-0.1
3,NONE,-1.0,-0.1,-1.0,-0.1
3,NONE,-1.0,-0.1,-1.0,-0.1
3,NONE,-1.0,-0.1,-1.0,-0.1
3,NONE,-1.0,-0.1,-1.0,-0.1
3,NONE,-1.0,-0.1,-1.0,-0.1
3,NONE,-1.0,-0.1,-1.0,-0.1
3,NONE,-1.0,-0.1,-1.0,-0.1
3,NONE,-1.0,-0.1,-1.0,-0.1
2,EV_B07_C021_Moto_Lineal_Electrica,-1.0,-0.1,8.0,25.960382956702738
1,EV_B07_C021_Moto_Lineal_Electrica,6.0,73.91051086202293,-1.0,25.960382956702738
1,EV_B07_C021_Moto_Lineal_Electrica,5.0,73.91051086202293,-1.0,25.960382956702738
1,EV_B07_C021_Moto_Lineal_Electrica,4.0,73.91051086202293,-1.0,25.960382956702738
1,EV_B07_C021_Moto_Lineal_Electrica,3.0,73.91051086202293,-1.0,25.960382956702738
1,EV_B07_C021_Moto_Lineal_Electrica,2.0,73.91051086202293,-1.0,25.960382956702738
1,EV_B07_C021_Moto_Lineal_Electrica,1.0,73.91051086202293,-1.0,25.960382956702738
1,EV_B07_C021_Moto_Lineal_Electrica,0.0,73.91051086202293,-1.0,25.960382956702738
3,NONE,-1.0,-0.1,-1.0,-0.1
3,NONE,-1.0,-0.1,-1.0,-0.1
3,NONE,-1.0,-0.1,-1.0,-0.1
3,NONE,-1.0,-0.1,-1.0,-0.1
3,NONE,-1.0,-0.1,-1.0,-0.1
3,NONE,-1.0,-0.1,-1.0,-0.1
3,NONE,-1.0,-0.1,-1.0,-0.1
3,NONE,-1.0,-0.1,-1.0,-0.1
3,NONE,-1.0,-0.1,-1.0,-0.1
3,NONE,-1.0,-0.1,-1.0,-0.1
3,NONE,-1.0,-0.1,-1.0,-0.1
3,NONE,-1.0,-0.1,-1.0,-0.1
3,NONE,-1.0,-0.1,-1.0,-0.1
3,NONE,-1.0,-0.1,-1.0,-0.1
3,NONE,-1.0,-0.1,-1.0,-0.1
2,EV_B07_C021_Moto_Lineal_Electrica,-1.0,-0.1,7.0,25.202057730261892
1,EV_B07_C021_Moto_Lineal_Electrica,7.0,80.84762301102711,-1.0,25.202057730261892
1,EV_B07_C021_Moto_Lineal_Electrica,6.0,80.84762301102711,-1.0,25.202057730261892
1,EV_B07_C021_Moto_Lineal_Electrica,5.0,80.84762301102711,-1.0,25.202057730261892
1,EV_B07_C021_Moto_Lineal_Electrica,4.0,80.84762301102711,-1.0,25.202057730261892
1,EV_B07_C021_Moto_Lineal_Electrica,3.0,80.84762301102711,-1.0,25.202057730261892
1,EV_B07_C021_Moto_Lineal_Electrica,2.0,80.84762301102711,-1.0,25.202057730261892
1,EV_B07_C021_Moto_Lineal_Electrica,1.0,80.84762301102711,-1.0,25.202057730261892
1,EV_B07_C021_Moto_Lineal_Electrica,0.0,80.84762301102711,-1.0,25.202057730261892
3,NONE,-1.0,-0.1,-1.0,-0.1
3,NONE,-1.0,-0.1,-1.0,-0.1
3,NONE,-1.0,-0.1,-1.0,-0.1
3,NONE,-1.0,-0.1,-1.0,-0.1
3,NONE,-1.0,-0.1,-1.0,-0.1
3,NONE,-1.0,-0.1,-1.0,-0.1
3,NONE,-1.0,-0.1,-1.0,-0.1
3,NONE,-1.0,-0.1,-1.0,-0.1
3,NONE,-1.0,-0.1,-1.0,-0.1
3,NONE,-1.0,-0.1,-1.0,-0.1
3,NONE,-1.0,-0.1,-1.0,-0.1
3,NONE,-1.0,-0.1,-1.0,-0.1
3,NONE,-1.0,-0.1,-1.0,-0.1
3,NONE,-1.0,-0.1,-1.0,-0.1
3,NONE,-1.0,-0.1,-1.0,-0.1
2,EV_B07_C021_Moto_Lineal_Electrica,-1.0,-0.1,7.0,47.64226176192578
1,EV_B07_C021_Moto_Lineal_Electrica,7.0,89.76639397411202,-1.0,47.64226176192578
1,EV_B07_C021_Moto_Lineal_Electrica,6.0,89.76639397411202,-1.0,47.64226176192578
1,EV_B07_C021_Moto_Lineal_Electrica,5.0,89.76639397411202,-1.0,47.64226176192578
1,EV_B07_C021_Moto_Lineal_Electrica,4.0,89.76639397411202,-1.0,47.64226176192578
1,EV_B07_C021_Moto_Lineal_Electrica,3.0,89.76639397411202,-1.0,47.64226176192578
1,EV_B07_C021_Moto_Lineal_Electrica,2.0,89.76639397411202,-1.0,47.64226176192578
1,EV_B07_C021_Moto_Lineal_Electrica,1.0,89.76639397411202,-1.0,47.64226176192578
1,EV_B07_C021_Moto_Lineal_Electrica,0.0,89.76639397411202,-1.0,47.64226176192578
3,NONE,-1.0,-0.1,-1.0,-0.1
3,NONE,-1.0,-0.1,-1.0,-0.1
3,NONE,-1.0,-0.1,-1.0,-0.1
3,NONE,-1.0,-0.1,-1.0,-0.1
3,NONE,-1.0,-0.1,-1.0,-0.1
3,NONE,-1.0,-0.1,-1.0,-0.1
3,NONE,-1.0,-0.1,-1.0,-0.1
3,NONE,-1.0,-0.1,-1.0,-0.1
3,NONE,-1.0,-0.1,-1.0,-0.1
3,NONE,-1.0,-0.1,-1.0,-0.1
3,NONE,-1.0,-0.1,-1.0,-0.1
3,NONE,-1.0,-0.1,-1.0,-0.1
3,NONE,-1.0,-0.1,-1.0,-0.1
3,NONE,-1.0,-0.1,-1.0,-0.1
3,NONE,-1.0,-0.1,-1.0,-0.1
2,EV_B07_C021_Moto_Lineal_Electrica,-1.0,-0.1,7.0,15.227502010947855
1,EV_B07_C021_Moto_Lineal_Electrica,7.0,87.67257883856327,-1.0,15.227502010947855
1,EV_B07_C021_Moto_Lineal_Electrica,6.0,87.67257883856327,-1.0,15.227502010947855
1,EV_B07_C021_Moto_Lineal_Electrica,5.0,87.67257883856327,-1.0,15.227502010947855
1,EV_B07_C021_Moto_Lineal_Electrica,4.0,87.67257883856327,-1.0,15.227502010947855
1,EV_B07_C021_Moto_Lineal_Electrica,3.0,87.67257883856327,-1.0,15.227502010947855
1,EV_B07_C021_Moto_Lineal_Electrica,2.0,87.67257883856327,-1.0,15.227502010947855
1,EV_B07_C021_Moto_Lineal_Electrica,1.0,87.67257883856327,-1.0,15.227502010947855
1,EV_B07_C021_Moto_Lineal_Electrica,0.0,87.67257883856327,-1.0,15.227502010947855
3,NONE,-1.0,-0.1,-1.0,-0.1
3,NONE,-1.0,-0.1,-1.0,-0.1
3,NONE,-1.0,-0.1,-1.0,-0.1
3,NONE,-1.0,-0.1,-1.0,-0.1
3,NONE,-1.0,-0.1,-1.0,-0.1
3,NONE,-1.0,-0.1,-1.0,-0.1
3,NONE,-1.0,-0.1,-1.0,-0.1
3,NONE,-1.0,-0.1,-1.0,-0.1
3,NONE,-1.0,-0.1,-1.0,-0.1
3,NONE,-1.0,-0.1,-1.0,-0.1
3,NONE,-1.0,-0.1,-1.0,-0.1
3,NONE,-1.0,-0.1,-1.0,-0.1
3,NONE,-1.0,-0.1,-1.0,-0.1
3,NONE,-1.0,-0.1,-1.0,-0.1
3,NONE,-1.0,-0.1,-1.0,-0.1
3,NONE,-1.0,-0.1,-1.0,-0.1
3,NONE,-1.0,-0.1,-1.0,-0.1
3,NONE,-1.0,-0.1,-1.0,-0.1
3,NONE,-1.0,-0.1,-1.0,-0.1
3,NONE,-1.0,-0.1,-1.0,-0.1
3,NONE,-1.0,-0.1,-1.0,-0.1
3,NONE,-1.0,-0.1,-1.0,-0.1
3,NONE,-1.0,-0.1,-1.0,-0.1
3,NONE,-1.0,-0.1,-1.0,-0.1
3,NONE,-1.0,-0.1,-1.0,-0.1
3,NONE,-1.0,-0.1,-1.0,-0.1
3,NONE,-1.0,-0.1,-1.0,-0.1
3,NONE,-1.0,-0.1,-1.0,-0.1
3,NONE,-1.0,-0.1,-1.0,-0.1
3,NONE,-1.0,-0.1,-1.0,-0.1
3,NONE,-1.0,-0.1,-1.0,-0.1
3,NONE,-1.0,-0.1,-1.0,-0.1
3,NONE,-1.0,-0.1,-1.0,-0.1
3,NONE,-1.0,-0.1,-1.0,-0.1
3,NONE,-1.0,-0.1,-1.0,-0.1
3,NONE,-1.0,-0.1,-1.0,-0.1
3,NONE,-1.0,-0.1,-1.0,-0.1
3,NONE,-1.0,-0.1,-1.0,-0.1
3,NONE,-1.0,-0.1,-1.0,-0.1
3,NONE,-1.0,-0.1,-1.0,-0.1
3,NONE,-1.0,-0.1,-1.0,-0.1
3,NONE,-1.0,-0.1,-1.0,-0.1
3,NONE,-1.0,-0.1,-1.0,-0.1
3,NONE,-1.0,-0.1,-1.0,-0.1
3,NONE,-1.0,-0.1,-1.0,-0.1
3,NONE,-1.0,-0.1,-1.0,-0.1
3,NONE,-1.0,-0.1,-1.0,-0.1
3,NONE,-1.0,-0.1,-1.0,-0.1
3,NONE,-1.0,-0.1,-1.0,-0.1
3,NONE,-1.0,-0.1,-1.0,-0.1
3,NONE,-1.0,-0.1,-1.0,-0.1
3,NONE,-1.0,-0.1,-1.0,-0.1
3,NONE,-1.0,-0.1,-1.0,-0.1
3,NONE,-1.0,-0.1,-1.0,-0.1
3,NONE,-1.0,-0.1,-1.0,-0.1
3,NONE,-1.0,-0.1,-1.0,-0.1
3,NONE,-1.0,-0.1,-1.0,-0.1
3,NONE,-1.0,-0.1,-1.0,-0.1
3,NONE,-1.0,-0.1,-1.0,-0.1
3,NONE,-1.0,-0.1,-1.0,-0.1
3,NONE,-1.0,-0.1,-1.0,-0.1
3,NONE,-1.0,-0.1,-1.0,-0.1
3,NONE,-1.0,-0.1,-1.0,-0.1
3,NONE,-1.0,-0.1,-1.0,-0.1
2,EV_B07_C021_Moto_Lineal_Electrica,-1.0,-0.1,8.0,39.505193518517856
1,EV_B07_C021_Moto_Lineal_Electrica,6.0,82.56650374011137,-1.0,39.505193518517856
1,EV_B07_C021_Moto_Lineal_Electrica,5.0,82.56650374011137,-1.0,39.505193518517856
1,EV_B07_C021_Moto_Lineal_Electrica,4.0,82.56650374011137,-1.0,39.505193518517856
1,EV_B07_C021_Moto_Lineal_Electrica,3.0,82.56650374011137,-1.0,39.505193518517856
1,EV_B07_C021_Moto_Lineal_Electrica,2.0,82.56650374011137,-1.0,39.505193518517856
1,EV_B07_C021_Moto_Lineal_Electrica,1.0,82.56650374011137,-1.0,39.505193518517856
1,EV_B07_C021_Moto_Lineal_Electrica,0.0,82.56650374011137,-1.0,39.505193518517856
3,NONE,-1.0,-0.1,-1.0,-0.1
3,NONE,-1.0,-0.1,-1.0,-0.1
3,NONE,-1.0,-0.1,-1.0,-0.1
3,NONE,-1.0,-0.1,-1.0,-0.1
3,NONE,-1.0,-0.1,-1.0,-0.1
3,NONE,-1.0,-0.1,-1.0,-0.1
3,NONE,-1.0,-0.1,-1.0,-0.1
3,NONE,-1.0,-0.1,-1.0,-0.1
3,NONE,-1.0,-0.1,-1.0,-0.1
3,NONE,-1.0,-0.1,-1.0,-0.1
3,NONE,-1.0,-0.1,-1.0,-0.1
3,NONE,-1.0,-0.1,-1.0,-0.1
3,NONE,-1.0,-0.1,-1.0,-0.1
3,NONE,-1.0,-0.1,-1.0,-0.1
3,NONE,-1.0,-0.1,-1.0,-0.1
2,EV_B07_C021_Moto_Lineal_Electrica,-1.0,-0.1,7.0,55.26536793921232
1,EV_B07_C021_Moto_Lineal_Electrica,7.0,95.43406136971151,-1.0,55.26536793921232
1,EV_B07_C021_Moto_Lineal_Electrica,6.0,95.43406136971151,-1.0,55.26536793921232
1,EV_B07_C021_Moto_Lineal_Electrica,5.0,95.43406136971151,-1.0,55.26536793921232
1,EV_B07_C021_Moto_Lineal_Electrica,4.0,95.43406136971151,-1.0,55.26536793921232
1,EV_B07_C021_Moto_Lineal_Electrica,3.0,95.43406136971151,-1.0,55.26536793921232
1,EV_B07_C021_Moto_Lineal_Electrica,2.0,95.43406136971151,-1.0,55.26536793921232
1,EV_B07_C021_Moto_Lineal_Electrica,1.0,95.43406136971151,-1.0,55.26536793921232
1,EV_B07_C021_Moto_Lineal_Electrica,0.0,95.43406136971151,-1.0,55.26536793921232
3,NONE,-1.0,-0.1,-1.0,-0.1
3,NONE,-1.0,-0.1,-1.0,-0.1
3,NONE,-1.0,-0.1,-1.0,-0.1
3,NONE,-1.0,-0.1,-1.0,-0.1
3,NONE,-1.0,-0.1,-1.0,-0.1
3,NONE,-1.0,-0.1,-1.0,-0.1
3,NONE,-1.0,-0.1,-1.0,-0.1
3,NONE,-1.0,-0.1,-1.0,-0.1
3,NONE,-1.0,-0.1,-1.0,-0.1
3,NONE,-1.0,-0.1,-1.0,-0.1
3,NONE,-1.0,-0.1,-1.0,-0.1
3,NONE,-1.0,-0.1,-1.0,-0.1
3,NONE,-1.0,-0.1,-1.0,-0.1
3,NONE,-1.0,-0.1,-1.0,-0.1
3,NONE,-1.0,-0.1,-1.0,-0.1
2,EV_B07_C021_Moto_Lineal_Electrica,-1.0,-0.1,7.0,29.84421533017325
1,EV_B07_C021_Moto_Lineal_Electrica,7.0,86.43720875462157,-1.0,29.84421533017325
1,EV_B07_C021_Moto_Lineal_Electrica,6.0,86.43720875462157,-1.0,29.84421533017325
1,EV_B07_C021_Moto_Lineal_Electrica,5.0,86.43720875462157,-1.0,29.84421533017325
1,EV_B07_C021_Moto_Lineal_Electrica,4.0,86.43720875462157,-1.0,29.84421533017325
1,EV_B07_C021_Moto_Lineal_Electrica,3.0,86.43720875462157,-1.0,29.84421533017325
1,EV_B07_C021_Moto_Lineal_Electrica,2.0,86.43720875462157,-1.0,29.84421533017325
1,EV_B07_C021_Moto_Lineal_Electrica,1.0,86.43720875462157,-1.0,29.84421533017325
1,EV_B07_C021_Moto_Lineal_Electrica,0.0,86.43720875462157,-1.0,29.84421533017325
3,NONE,-1.0,-0.1,-1.0,-0.1
3,NONE,-1.0,-0.1,-1.0,-0.1
3,NONE,-1.0,-0.1,-1.0,-0.1
3,NONE,-1.0,-0.1,-1.0,-0.1
3,NONE,-1.0,-0.1,-1.0,-0.1
3,NONE,-1.0,-0.1,-1.0,-0.1
3,NONE,-1.0,-0.1,-1.0,-0.1
3,NONE,-1.0,-0.1,-1.0,-0.1
3,NONE,-1.0,-0.1,-1.0,-0.1
3,NONE,-1.0,-0.1,-1.0,-0.1
3,NONE,-1.0,-0.1,-1.0,-0.1
3,NONE,-1.0,-0.1,-1.0,-0.1
3,NONE,-1.0,-0.1,-1.0,-0.1
3,NONE,-1.0,-0.1,-1.0,-0.1
3,NONE,-1.0,-0.1,-1.0,-0.1
2,EV_B07_C021_Moto_Lineal_Electrica,-1.0,-0.1,7.0,50.187748411187926
1,EV_B07_C021_Moto_Lineal_Electrica,7.0,89.13456460190828,-1.0,50.187748411187926
1,EV_B07_C021_Moto_Lineal_Electrica,6.0,89.13456460190828,-1.0,50.187748411187926
1,EV_B07_C021_Moto_Lineal_Electrica,5.0,89.13456460190828,-1.0,50.187748411187926
1,EV_B07_C021_Moto_Lineal_Electrica,4.0,89.13456460190828,-1.0,50.187748411187926
1,EV_B07_C021_Moto_Lineal_Electrica,3.0,89.13456460190828,-1.0,50.187748411187926
1,EV_B07_C021_Moto_Lineal_Electrica,2.0,89.13456460190828,-1.0,50.187748411187926
1,EV_B07_C021_Moto_Lineal_Electrica,1.0,89.13456460190828,-1.0,50.187748411187926
1,EV_B07_C021_Moto_Lineal_Electrica,0.0,89.13456460190828,-1.0,50.187748411187926
3,NONE,-1.0,-0.1,-1.0,-0.1
3,NONE,-1.0,-0.1,-1.0,-0.1
3,NONE,-1.0,-0.1,-1.0,-0.1
3,NONE,-1.0,-0.1,-1.0,-0.1
3,NONE,-1.0,-0.1,-1.0,-0.1
3,NONE,-1.0,-0.1,-1.0,-0.1
3,NONE,-1.0,-0.1,-1.0,-0.1
3,NONE,-1.0,-0.1,-1.0,-0.1
3,NONE,-1.0,-0.1,-1.0,-0.1
3,NONE,-1.0,-0.1,-1.0,-0.1
3,NONE,-1.0,-0.1,-1.0,-0.1
3,NONE,-1.0,-0.1,-1.0,-0.1
3,NONE,-1.0,-0.1,-1.0,-0.1
3,NONE,-1.0,-0.1,-1.0,-0.1
3,NONE,-1.0,-0.1,-1.0,-0.1
3,NONE,-1.0,-0.1,-1.0,-0.1
2,EV_B07_C021_Moto_Lineal_Electrica,-1.0,-0.1,8.0,20.737377432621287
1,EV_B07_C021_Moto_Lineal_Electrica,6.0,80.39371249047271,-1.0,20.737377432621287
1,EV_B07_C021_Moto_Lineal_Electrica,5.0,80.39371249047271,-1.0,20.737377432621287
1,EV_B07_C021_Moto_Lineal_Electrica,4.0,80.39371249047271,-1.0,20.737377432621287
1,EV_B07_C021_Moto_Lineal_Electrica,3.0,80.39371249047271,-1.0,20.737377432621287
1,EV_B07_C021_Moto_Lineal_Electrica,2.0,80.39371249047271,-1.0,20.737377432621287
1,EV_B07_C021_Moto_Lineal_Electrica,1.0,80.39371249047271,-1.0,20.737377432621287
1,EV_B07_C021_Moto_Lineal_Electrica,0.0,80.39371249047271,-1.0,20.737377432621287
3,NONE,-1.0,-0.1,-1.0,-0.1
3,NONE,-1.0,-0.1,-1.0,-0.1
3,NONE,-1.0,-0.1,-1.0,-0.1
3,NONE,-1.0,-0.1,-1.0,-0.1
3,NONE,-1.0,-0.1,-1.0,-0.1
3,NONE,-1.0,-0.1,-1.0,-0.1
3,NONE,-1.0,-0.1,-1.0,-0.1
3,NONE,-1.0,-0.1,-1.0,-0.1
3,NONE,-1.0,-0.1,-1.0,-0.1
3,NONE,-1.0,-0.1,-1.0,-0.1
3,NONE,-1.0,-0.1,-1.0,-0.1
3,NONE,-1.0,-0.1,-1.0,-0.1
3,NONE,-1.0,-0.1,-1.0,-0.1
3,NONE,-1.0,-0.1,-1.0,-0.1
3,NONE,-1.0,-0.1,-1.0,-0.1
3,NONE,-1.0,-0.1,-1.0,-0.1
3,NONE,-1.0,-0.1,-1.0,-0.1
3,NONE,-1.0,-0.1,-1.0,-0.1
3,NONE,-1.0,-0.1,-1.0,-0.1
3,NONE,-1.0,-0.1,-1.0,-0.1
3,NONE,-1.0,-0.1,-1.0,-0.1
3,NONE,-1.0,-0.1,-1.0,-0.1
3,NONE,-1.0,-0.1,-1.0,-0.1
3,NONE,-1.0,-0.1,-1.0,-0.1
3,NONE,-1.0,-0.1,-1.0,-0.1
3,NONE,-1.0,-0.1,-1.0,-0.1
3,NONE,-1.0,-0.1,-1.0,-0.1
3,NONE,-1.0,-0.1,-1.0,-0.1
3,NONE,-1.0,-0.1,-1.0,-0.1
3,NONE,-1.0,-0.1,-1.0,-0.1
3,NONE,-1.0,-0.1,-1.0,-0.1
3,NONE,-1.0,-0.1,-1.0,-0.1
3,NONE,-1.0,-0.1,-1.0,-0.1
3,NONE,-1.0,-0.1,-1.0,-0.1
3,NONE,-1.0,-0.1,-1.0,-0.1
3,NONE,-1.0,-0.1,-1.0,-0.1
3,NONE,-1.0,-0.1,-1.0,-0.1
3,NONE,-1.0,-0.1,-1.0,-0.1
3,NONE,-1.0,-0.1,-1.0,-0.1
3,NONE,-1.0,-0.1,-1.0,-0.1
3,NONE,-1.0,-0.1,-1.0,-0.1
3,NONE,-1.0,-0.1,-1.0,-0.1
3,NONE,-1.0,-0.1,-1.0,-0.1
3,NONE,-1.0,-0.1,-1.0,-0.1
3,NONE,-1.0,-0.1,-1.0,-0.1
3,NONE,-1.0,-0.1,-1.0,-0.1
3,NONE,-1.0,-0.1,-1.0,-0.1
3,NONE,-1.0,-0.1,-1.0,-0.1
3,NONE,-1.0,-0.1,-1.0,-0.1
3,NONE,-1.0,-0.1,-1.0,-0.1
3,NONE,-1.0,-0.1,-1.0,-0.1
3,NONE,-1.0,-0.1,-1.0,-0.1
3,NONE,-1.0,-0.1,-1.0,-0.1
3,NONE,-1.0,-0.1,-1.0,-0.1
3,NONE,-1.0,-0.1,-1.0,-0.1
3,NONE,-1.0,-0.1,-1.0,-0.1
3,NONE,-1.0,-0.1,-1.0,-0.1
3,NONE,-1.0,-0.1,-1.0,-0.1
3,NONE,-1.0,-0.1,-1.0,-0.1
3,NONE,-1.0,-0.1,-1.0,-0.1
3,NONE,-1.0,-0.1,-1.0,-0.1
3,NONE,-1.0,-0.1,-1.0,-0.1
3,NONE,-1.0,-0.1,-1.0,-0.1
2,EV_B07_C021_Moto_Lineal_Electrica,-1.0,-0.1,7.0,31.199239720127604
1,EV_B07_C021_Moto_Lineal_Electrica,7.0,89.19750540531635,-1.0,31.199239720127604
1,EV_B07_C021_Moto_Lineal_Electrica,6.0,89.19750540531635,-1.0,31.199239720127604
1,EV_B07_C021_Moto_Lineal_Electrica,5.0,89.19750540531635,-1.0,31.199239720127604
1,EV_B07_C021_Moto_Lineal_Electrica,4.0,89.19750540531635,-1.0,31.199239720127604
1,EV_B07_C021_Moto_Lineal_Electrica,3.0,89.19750540531635,-1.0,31.199239720127604
1,EV_B07_C021_Moto_Lineal_Electrica,2.0,89.19750540531635,-1.0,31.199239720127604
1,EV_B07_C021_Moto_Lineal_Electrica,1.0,89.19750540531635,-1.0,31.199239720127604
1,EV_B07_C021_Moto_Lineal_Electrica,0.0,89.19750540531635,-1.0,31.199239720127604
3,NONE,-1.0,-0.1,-1.0,-0.1
3,NONE,-1.0,-0.1,-1.0,-0.1
3,NONE,-1.0,-0.1,-1.0,-0.1
3,NONE,-1.0,-0.1,-1.0,-0.1
3,NONE,-1.0,-0.1,-1.0,-0.1
3,NONE,-1.0,-0.1,-1.0,-0.1
3,NONE,-1.0,-0.1,-1.0,-0.1
3,NONE,-1.0,-0.1,-1.0,-0.1
3,NONE,-1.0,-0.1,-1.0,-0.1
3,NONE,-1.0,-0.1,-1.0,-0.1
3,NONE,-1.0,-0.1,-1.0,-0.1
3,NONE,-1.0,-0.1,-1.0,-0.1
3,NONE,-1.0,-0.1,-1.0,-0.1
3,NONE,-1.0,-0.1,-1.0,-0.1
3,NONE,-1.0,-0.1,-1.0,-0.1
3,NONE,-1.0,-0.1,-1.0,-0.1
2,EV_B07_C021_Moto_Lineal_Electrica,-1.0,-0.1,8.0,35.945797731368835
1,EV_B07_C021_Moto_Lineal_Electrica,6.0,82.57799383147025,-1.0,35.945797731368835
1,EV_B07_C021_Moto_Lineal_Electrica,5.0,82.57799383147025,-1.0,35.945797731368835
1,EV_B07_C021_Moto_Lineal_Electrica,4.0,82.57799383147025,-1.0,35.945797731368835
1,EV_B07_C021_Moto_Lineal_Electrica,3.0,82.57799383147025,-1.0,35.945797731368835
1,EV_B07_C021_Moto_Lineal_Electrica,2.0,82.57799383147025,-1.0,35.945797731368835
1,EV_B07_C021_Moto_Lineal_Electrica,1.0,82.57799383147025,-1.0,35.945797731368835
1,EV_B07_C021_Moto_Lineal_Electrica,0.0,82.57799383147025,-1.0,35.945797731368835
3,NONE,-1.0,-0.1,-1.0,-0.1
3,NONE,-1.0,-0.1,-1.0,-0.1
3,NONE,-1.0,-0.1,-1.0,-0.1
3,NONE,-1.0,-0.1,-1.0,-0.1
3,NONE,-1.0,-0.1,-1.0,-0.1
3,NONE,-1.0,-0.1,-1.0,-0.1
3,NONE,-1.0,-0.1,-1.0,-0.1
3,NONE,-1.0,-0.1,-1.0,-0.1
3,NONE,-1.0,-0.1,-1.0,-0.1
3,NONE,-1.0,-0.1,-1.0,-0.1
3,NONE,-1.0,-0.1,-1.0,-0.1
3,NONE,-1.0,-0.1,-1.0,-0.1
3,NONE,-1.0,-0.1,-1.0,-0.1
3,NONE,-1.0,-0.1,-1.0,-0.1
3,NONE,-1.0,-0.1,-1.0,-0.1
3,NONE,-1.0,-0.1,-1.0,-0.1
2,EV_B07_C021_Moto_Lineal_Electrica,-1.0,-0.1,8.0,27.52574483803844
1,EV_B07_C021_Moto_Lineal_Electrica,6.0,82.26629339192449,-1.0,27.52574483803844
1,EV_B07_C021_Moto_Lineal_Electrica,5.0,82.26629339192449,-1.0,27.52574483803844
1,EV_B07_C021_Moto_Lineal_Electrica,4.0,82.26629339192449,-1.0,27.52574483803844
1,EV_B07_C021_Moto_Lineal_Electrica,3.0,82.26629339192449,-1.0,27.52574483803844
1,EV_B07_C021_Moto_Lineal_Electrica,2.0,82.26629339192449,-1.0,27.52574483803844
1,EV_B07_C021_Moto_Lineal_Electrica,1.0,82.26629339192449,-1.0,27.52574483803844
1,EV_B07_C021_Moto_Lineal_Electrica,0.0,82.26629339192449,-1.0,27.52574483803844
3,NONE,-1.0,-0.1,-1.0,-0.1
3,NONE,-1.0,-0.1,-1.0,-0.1
3,NONE,-1.0,-0.1,-1.0,-0.1
3,NONE,-1.0,-0.1,-1.0,-0.1
3,NONE,-1.0,-0.1,-1.0,-0.1
3,NONE,-1.0,-0.1,-1.0,-0.1
3,NONE,-1.0,-0.1,-1.0,-0.1
3,NONE,-1.0,-0.1,-1.0,-0.1
3,NONE,-1.0,-0.1,-1.0,-0.1
3,NONE,-1.0,-0.1,-1.0,-0.1
3,NONE,-1.0,-0.1,-1.0,-0.1
3,NONE,-1.0,-0.1,-1.0,-0.1
3,NONE,-1.0,-0.1,-1.0,-0.1
3,NONE,-1.0,-0.1,-1.0,-0.1
3,NONE,-1.0,-0.1,-1.0,-0.1
2,EV_B07_C021_Moto_Lineal_Electrica,-1.0,-0.1,7.0,43.19432008689593
1,EV_B07_C021_Moto_Lineal_Electrica,7.0,89.9817611974409,-1.0,43.19432008689593
1,EV_B07_C021_Moto_Lineal_Electrica,6.0,89.9817611974409,-1.0,43.19432008689593
1,EV_B07_C021_Moto_Lineal_Electrica,5.0,89.9817611974409,-1.0,43.19432008689593
1,EV_B07_C021_Moto_Lineal_Electrica,4.0,89.9817611974409,-1.0,43.19432008689593
1,EV_B07_C021_Moto_Lineal_Electrica,3.0,89.9817611974409,-1.0,43.19432008689593
1,EV_B07_C021_Moto_Lineal_Electrica,2.0,89.9817611974409,-1.0,43.19432008689593
1,EV_B07_C021_Moto_Lineal_Electrica,1.0,89.9817611974409,-1.0,43.19432008689593
1,EV_B07_C021_Moto_Lineal_Electrica,0.0,89.9817611974409,-1.0,43.19432008689593
3,NONE,-1.0,-0.1,-1.0,-0.1
3,NONE,-1.0,-0.1,-1.0,-0.1
3,NONE,-1.0,-0.1,-1.0,-0.1
3,NONE,-1.0,-0.1,-1.0,-0.1
3,NONE,-1.0,-0.1,-1.0,-0.1
3,NONE,-1.0,-0.1,-1.0,-0.1
3,NONE,-1.0,-0.1,-1.0,-0.1
3,NONE,-1.0,-0.1,-1.0,-0.1
3,NONE,-1.0,-0.1,-1.0,-0.1
3,NONE,-1.0,-0.1,-1.0,-0.1
3,NONE,-1.0,-0.1,-1.0,-0.1
3,NONE,-1.0,-0.1,-1.0,-0.1
3,NONE,-1.0,-0.1,-1.0,-0.1
3,NONE,-1.0,-0.1,-1.0,-0.1
3,NONE,-1.0,-0.1,-1.0,-0.1
3,NONE,-1.0,-0.1,-1.0,-0.1
3,NONE,-1.0,-0.1,-1.0,-0.1
3,NONE,-1.0,-0.1,-1.0,-0.1
3,NONE,-1.0,-0.1,-1.0,-0.1
3,NONE,-1.0,-0.1,-1.0,-0.1
3,NONE,-1.0,-0.1,-1.0,-0.1
3,NONE,-1.0,-0.1,-1.0,-0.1
3,NONE,-1.0,-0.1,-1.0,-0.1
3,NONE,-1.0,-0.1,-1.0,-0.1
3,NONE,-1.0,-0.1,-1.0,-0.1
3,NONE,-1.0,-0.1,-1.0,-0.1
3,NONE,-1.0,-0.1,-1.0,-0.1
3,NONE,-1.0,-0.1,-1.0,-0.1
3,NONE,-1.0,-0.1,-1.0,-0.1
3,NONE,-1.0,-0.1,-1.0,-0.1
3,NONE,-1.0,-0.1,-1.0,-0.1
3,NONE,-1.0,-0.1,-1.0,-0.1
3,NONE,-1.0,-0.1,-1.0,-0.1
3,NONE,-1.0,-0.1,-1.0,-0.1
3,NONE,-1.0,-0.1,-1.0,-0.1
3,NONE,-1.0,-0.1,-1.0,-0.1
3,NONE,-1.0,-0.1,-1.0,-0.1
3,NONE,-1.0,-0.1,-1.0,-0.1
3,NONE,-1.0,-0.1,-1.0,-0.1
3,NONE,-1.0,-0.1,-1.0,-0.1
3,NONE,-1.0,-0.1,-1.0,-0.1
3,NONE,-1.0,-0.1,-1.0,-0.1
3,NONE,-1.0,-0.1,-1.0,-0.1
3,NONE,-1.0,-0.1,-1.0,-0.1
3,NONE,-1.0,-0.1,-1.0,-0.1
3,NONE,-1.0,-0.1,-1.0,-0.1
3,NONE,-1.0,-0.1,-1.0,-0.1
3,NONE,-1.0,-0.1,-1.0,-0.1
3,NONE,-1.0,-0.1,-1.0,-0.1
3,NONE,-1.0,-0.1,-1.0,-0.1
3,NONE,-1.0,-0.1,-1.0,-0.1
3,NONE,-1.0,-0.1,-1.0,-0.1
3,NONE,-1.0,-0.1,-1.0,-0.1
3,NONE,-1.0,-0.1,-1.0,-0.1
3,NONE,-1.0,-0.1,-1.0,-0.1
3,NONE,-1.0,-0.1,-1.0,-0.1
3,NONE,-1.0,-0.1,-1.0,-0.1
3,NONE,-1.0,-0.1,-1.0,-0.1
3,NONE,-1.0,-0.1,-1.0,-0.1
3,NONE,-1.0,-0.1,-1.0,-0.1
3,NONE,-1.0,-0.1,-1.0,-0.1
3,NONE,-1.0,-0.1,-1.0,-0.1
3,NONE,-1.0,-0.1,-1.0,-0.1
3,NONE,-1.0,-0.1,-1.0,-0.1
3,NONE,-1.0,-0.1,-1.0,-0.1
3,NONE,-1.0,-0.1,-1.0,-0.1
3,NONE,-1.0,-0.1,-1.0,-0.1
3,NONE,-1.0,-0.1,-1.0,-0.1
3,NONE,-1.0,-0.1,-1.0,-0.1
3,NONE,-1.0,-0.1,-1.0,-0.1
3,NONE,-1.0,-0.1,-1.0,-0.1
3,NONE,-1.0,-0.1,-1.0,-0.1
3,NONE,-1.0,-0.1,-1.0,-0.1
3,NONE,-1.0,-0.1,-1.0,-0.1
3,NONE,-1.0,-0.1,-1.0,-0.1
3,NONE,-1.0,-0.1,-1.0,-0.1
3,NONE,-1.0,-0.1,-1.0,-0.1
3,NONE,-1.0,-0.1,-1.0,-0.1
3,NONE,-1.0,-0.1,-1.0,-0.1
3,NONE,-1.0,-0.1,-1.0,-0.1
3,NONE,-1.0,-0.1,-1.0,-0.1
3,NONE,-1.0,-0.1,-1.0,-0.1
3,NONE,-1.0,-0.1,-1.0,-0.1
3,NONE,-1.0,-0.1,-1.0,-0.1
3,NONE,-1.0,-0.1,-1.0,-0.1
3,NONE,-1.0,-0.1,-1.0,-0.1
3,NONE,-1.0,-0.1,-1.0,-0.1
3,NONE,-1.0,-0.1,-1.0,-0.1
2,EV_B07_C021_Moto_Lineal_Electrica,-1.0,-0.1,8.0,42.984784096745855
1,EV_B07_C021_Moto_Lineal_Electrica,6.0,88.09829140229765,-1.0,42.984784096745855
1,EV_B07_C021_Moto_Lineal_Electrica,5.0,88.09829140229765,-1.0,42.984784096745855
1,EV_B07_C021_Moto_Lineal_Electrica,4.0,88.09829140229765,-1.0,42.984784096745855
1,EV_B07_C021_Moto_Lineal_Electrica,3.0,88.09829140229765,-1.0,42.984784096745855
1,EV_B07_C021_Moto_Lineal_Electrica,2.0,88.09829140229765,-1.0,42.984784096745855
1,EV_B07_C021_Moto_Lineal_Electrica,1.0,88.09829140229765,-1.0,42.984784096745855
1,EV_B07_C021_Moto_Lineal_Electrica,0.0,88.09829140229765,-1.0,42.984784096745855
3,NONE,-1.0,-0.1,-1.0,-0.1
3,NONE,-1.0,-0.1,-1.0,-0.1
3,NONE,-1.0,-0.1,-1.0,-0.1
3,NONE,-1.0,-0.1,-1.0,-0.1
3,NONE,-1.0,-0.1,-1.0,-0.1
3,NONE,-1.0,-0.1,-1.0,-0.1
3,NONE,-1.0,-0.1,-1.0,-0.1
3,NONE,-1.0,-0.1,-1.0,-0.1
3,NONE,-1.0,-0.1,-1.0,-0.1
3,NONE,-1.0,-0.1,-1.0,-0.1
3,NONE,-1.0,-0.1,-1.0,-0.1
3,NONE,-1.0,-0.1,-1.0,-0.1
3,NONE,-1.0,-0.1,-1.0,-0.1
3,NONE,-1.0,-0.1,-1.0,-0.1
3,NONE,-1.0,-0.1,-1.0,-0.1
3,NONE,-1.0,-0.1,-1.0,-0.1
3,NONE,-1.0,-0.1,-1.0,-0.1
3,NONE,-1.0,-0.1,-1.0,-0.1
3,NONE,-1.0,-0.1,-1.0,-0.1
3,NONE,-1.0,-0.1,-1.0,-0.1
3,NONE,-1.0,-0.1,-1.0,-0.1
3,NONE,-1.0,-0.1,-1.0,-0.1
3,NONE,-1.0,-0.1,-1.0,-0.1
3,NONE,-1.0,-0.1,-1.0,-0.1
3,NONE,-1.0,-0.1,-1.0,-0.1
3,NONE,-1.0,-0.1,-1.0,-0.1
3,NONE,-1.0,-0.1,-1.0,-0.1
3,NONE,-1.0,-0.1,-1.0,-0.1
3,NONE,-1.0,-0.1,-1.0,-0.1
3,NONE,-1.0,-0.1,-1.0,-0.1
3,NONE,-1.0,-0.1,-1.0,-0.1
3,NONE,-1.0,-0.1,-1.0,-0.1
3,NONE,-1.0,-0.1,-1.0,-0.1
3,NONE,-1.0,-0.1,-1.0,-0.1
3,NONE,-1.0,-0.1,-1.0,-0.1
3,NONE,-1.0,-0.1,-1.0,-0.1
3,NONE,-1.0,-0.1,-1.0,-0.1
3,NONE,-1.0,-0.1,-1.0,-0.1
3,NONE,-1.0,-0.1,-1.0,-0.1
3,NONE,-1.0,-0.1,-1.0,-0.1
2,EV_B07_C021_Moto_Lineal_Electrica,-1.0,-0.1,8.0,15.580738819804738
1,EV_B07_C021_Moto_Lineal_Electrica,6.0,79.60662124612928,-1.0,15.580738819804738
1,EV_B07_C021_Moto_Lineal_Electrica,5.0,79.60662124612928,-1.0,15.580738819804738
1,EV_B07_C021_Moto_Lineal_Electrica,4.0,79.60662124612928,-1.0,15.580738819804738
1,EV_B07_C021_Moto_Lineal_Electrica,3.0,79.60662124612928,-1.0,15.580738819804738
1,EV_B07_C021_Moto_Lineal_Electrica,2.0,79.60662124612928,-1.0,15.580738819804738
1,EV_B07_C021_Moto_Lineal_Electrica,1.0,79.60662124612928,-1.0,15.580738819804738
1,EV_B07_C021_Moto_Lineal_Electrica,0.0,79.60662124612928,-1.0,15.580738819804738
3,NONE,-1.0,-0.1,-1.0,-0.1
3,NONE,-1.0,-0.1,-1.0,-0.1
3,NONE,-1.0,-0.1,-1.0,-0.1
3,NONE,-1.0,-0.1,-1.0,-0.1
3,NONE,-1.0,-0.1,-1.0,-0.1
3,NONE,-1.0,-0.1,-1.0,-0.1
3,NONE,-1.0,-0.1,-1.0,-0.1
3,NONE,-1.0,-0.1,-1.0,-0.1
3,NONE,-1.0,-0.1,-1.0,-0.1
3,NONE,-1.0,-0.1,-1.0,-0.1
3,NONE,-1.0,-0.1,-1.0,-0.1
3,NONE,-1.0,-0.1,-1.0,-0.1
3,NONE,-1.0,-0.1,-1.0,-0.1
3,NONE,-1.0,-0.1,-1.0,-0.1
3,NONE,-1.0,-0.1,-1.0,-0.1
2,EV_B07_C021_Moto_Lineal_Electrica,-1.0,-0.1,7.0,48.51225643957873
1,EV_B07_C021_Moto_Lineal_Electrica,7.0,86.65846832337306,-1.0,48.51225643957873
1,EV_B07_C021_Moto_Lineal_Electrica,6.0,86.65846832337306,-1.0,48.51225643957873
1,EV_B07_C021_Moto_Lineal_Electrica,5.0,86.65846832337306,-1.0,48.51225643957873
1,EV_B07_C021_Moto_Lineal_Electrica,4.0,86.65846832337306,-1.0,48.51225643957873
1,EV_B07_C021_Moto_Lineal_Electrica,3.0,86.65846832337306,-1.0,48.51225643957873
1,EV_B07_C021_Moto_Lineal_Electrica,2.0,86.65846832337306,-1.0,48.51225643957873
1,EV_B07_C021_Moto_Lineal_Electrica,1.0,86.65846832337306,-1.0,48.51225643957873
1,EV_B07_C021_Moto_Lineal_Electrica,0.0,86.65846832337306,-1.0,48.51225643957873
3,NONE,-1.0,-0.1,-1.0,-0.1
3,NONE,-1.0,-0.1,-1.0,-0.1
3,NONE,-1.0,-0.1,-1.0,-0.1
3,NONE,-1.0,-0.1,-1.0,-0.1
3,NONE,-1.0,-0.1,-1.0,-0.1
3,NONE,-1.0,-0.1,-1.0,-0.1
3,NONE,-1.0,-0.1,-1.0,-0.1
3,NONE,-1.0,-0.1,-1.0,-0.1
3,NONE,-1.0,-0.1,-1.0,-0.1
3,NONE,-1.0,-0.1,-1.0,-0.1
3,NONE,-1.0,-0.1,-1.0,-0.1
3,NONE,-1.0,-0.1,-1.0,-0.1
3,NONE,-1.0,-0.1,-1.0,-0.1
3,NONE,-1.0,-0.1,-1.0,-0.1
3,NONE,-1.0,-0.1,-1.0,-0.1
3,NONE,-1.0,-0.1,-1.0,-0.1
3,NONE,-1.0,-0.1,-1.0,-0.1
3,NONE,-1.0,-0.1,-1.0,-0.1
3,NONE,-1.0,-0.1,-1.0,-0.1
3,NONE,-1.0,-0.1,-1.0,-0.1
3,NONE,-1.0,-0.1,-1.0,-0.1
3,NONE,-1.0,-0.1,-1.0,-0.1
3,NONE,-1.0,-0.1,-1.0,-0.1
3,NONE,-1.0,-0.1,-1.0,-0.1
3,NONE,-1.0,-0.1,-1.0,-0.1
3,NONE,-1.0,-0.1,-1.0,-0.1
3,NONE,-1.0,-0.1,-1.0,-0.1
3,NONE,-1.0,-0.1,-1.0,-0.1
3,NONE,-1.0,-0.1,-1.0,-0.1
3,NONE,-1.0,-0.1,-1.0,-0.1
3,NONE,-1.0,-0.1,-1.0,-0.1
3,NONE,-1.0,-0.1,-1.0,-0.1
3,NONE,-1.0,-0.1,-1.0,-0.1
3,NONE,-1.0,-0.1,-1.0,-0.1
3,NONE,-1.0,-0.1,-1.0,-0.1
3,NONE,-1.0,-0.1,-1.0,-0.1
3,NONE,-1.0,-0.1,-1.0,-0.1
3,NONE,-1.0,-0.1,-1.0,-0.1
3,NONE,-1.0,-0.1,-1.0,-0.1
3,NONE,-1.0,-0.1,-1.0,-0.1
3,NONE,-1.0,-0.1,-1.0,-0.1
3,NONE,-1.0,-0.1,-1.0,-0.1
3,NONE,-1.0,-0.1,-1.0,-0.1
3,NONE,-1.0,-0.1,-1.0,-0.1
3,NONE,-1.0,-0.1,-1.0,-0.1
3,NONE,-1.0,-0.1,-1.0,-0.1
3,NONE,-1.0,-0.1,-1.0,-0.1
3,NONE,-1.0,-0.1,-1.0,-0.1
3,NONE,-1.0,-0.1,-1.0,-0.1
3,NONE,-1.0,-0.1,-1.0,-0.1
3,NONE,-1.0,-0.1,-1.0,-0.1
3,NONE,-1.0,-0.1,-1.0,-0.1
3,NONE,-1.0,-0.1,-1.0,-0.1
3,NONE,-1.0,-0.1,-1.0,-0.1
3,NONE,-1.0,-0.1,-1.0,-0.1
3,NONE,-1.0,-0.1,-1.0,-0.1
3,NONE,-1.0,-0.1,-1.0,-0.1
3,NONE,-1.0,-0.1,-1.0,-0.1
3,NONE,-1.0,-0.1,-1.0,-0.1
3,NONE,-1.0,-0.1,-1.0,-0.1
3,NONE,-1.0,-0.1,-1.0,-0.1
3,NONE,-1.0,-0.1,-1.0,-0.1
3,NONE,-1.0,-0.1,-1.0,-0.1
3,NONE,-1.0,-0.1,-1.0,-0.1
3,NONE,-1.0,-0.1,-1.0,-0.1
3,NONE,-1.0,-0.1,-1.0,-0.1
3,NONE,-1.0,-0.1,-1.0,-0.1
3,NONE,-1.0,-0.1,-1.0,-0.1
3,NONE,-1.0,-0.1,-1.0,-0.1
3,NONE,-1.0,-0.1,-1.0,-0.1
3,NONE,-1.0,-0.1,-1.0,-0.1
3,NONE,-1.0,-0.1,-1.0,-0.1
3,NONE,-1.0,-0.1,-1.0,-0.1
3,NONE,-1.0,-0.1,-1.0,-0.1
3,NONE,-1.0,-0.1,-1.0,-0.1
3,NONE,-1.0,-0.1,-1.0,-0.1
3,NONE,-1.0,-0.1,-1.0,-0.1
3,NONE,-1.0,-0.1,-1.0,-0.1
3,NONE,-1.0,-0.1,-1.0,-0.1
3,NONE,-1.0,-0.1,-1.0,-0.1
3,NONE,-1.0,-0.1,-1.0,-0.1
3,NONE,-1.0,-0.1,-1.0,-0.1
3,NONE,-1.0,-0.1,-1.0,-0.1
3,NONE,-1.0,-0.1,-1.0,-0.1
3,NONE,-1.0,-0.1,-1.0,-0.1
3,NONE,-1.0,-0.1,-1.0,-0.1
3,NONE,-1.0,-0.1,-1.0,-0.1
2,EV_B07_C021_Moto_Lineal_Electrica,-1.0,-0.1,7.0,17.12190973014534
1,EV_B07_C021_Moto_Lineal_Electrica,7.0,84.54964719433552,-1.0,17.12190973014534
1,EV_B07_C021_Moto_Lineal_Electrica,6.0,84.54964719433552,-1.0,17.12190973014534
1,EV_B07_C021_Moto_Lineal_Electrica,5.0,84.54964719433552,-1.0,17.12190973014534
1,EV_B07_C021_Moto_Lineal_Electrica,4.0,84.54964719433552,-1.0,17.12190973014534
1,EV_B07_C021_Moto_Lineal_Electrica,3.0,84.54964719433552,-1.0,17.12190973014534
1,EV_B07_C021_Moto_Lineal_Electrica,2.0,84.54964719433552,-1.0,17.12190973014534
1,EV_B07_C021_Moto_Lineal_Electrica,1.0,84.54964719433552,-1.0,17.12190973014534
1,EV_B07_C021_Moto_Lineal_Electrica,0.0,84.54964719433552,-1.0,17.12190973014534
3,NONE,-1.0,-0.1,-1.0,-0.1
3,NONE,-1.0,-0.1,-1.0,-0.1
3,NONE,-1.0,-0.1,-1.0,-0.1
3,NONE,-1.0,-0.1,-1.0,-0.1
3,NONE,-1.0,-0.1,-1.0,-0.1
3,NONE,-1.0,-0.1,-1.0,-0.1
3,NONE,-1.0,-0.1,-1.0,-0.1
3,NONE,-1.0,-0.1,-1.0,-0.1
3,NONE,-1.0,-0.1,-1.0,-0.1
3,NONE,-1.0,-0.1,-1.0,-0.1
3,NONE,-1.0,-0.1,-1.0,-0.1
3,NONE,-1.0,-0.1,-1.0,-0.1
3,NONE,-1.0,-0.1,-1.0,-0.1
3,NONE,-1.0,-0.1,-1.0,-0.1
3,NONE,-1.0,-0.1,-1.0,-0.1
3,NONE,-1.0,-0.1,-1.0,-0.1
3,NONE,-1.0,-0.1,-1.0,-0.1
2,EV_B07_C021_Moto_Lineal_Electrica,-1.0,-0.1,9.0,13.415775860743032
1,EV_B07_C021_Moto_Lineal_Electrica,5.0,80.06038551864557,-1.0,13.415775860743032
1,EV_B07_C021_Moto_Lineal_Electrica,4.0,80.06038551864557,-1.0,13.415775860743032
1,EV_B07_C021_Moto_Lineal_Electrica,3.0,80.06038551864557,-1.0,13.415775860743032
1,EV_B07_C021_Moto_Lineal_Electrica,2.0,80.06038551864557,-1.0,13.415775860743032
1,EV_B07_C021_Moto_Lineal_Electrica,1.0,80.06038551864557,-1.0,13.415775860743032
1,EV_B07_C021_Moto_Lineal_Electrica,0.0,80.06038551864557,-1.0,13.415775860743032
3,NONE,-1.0,-0.1,-1.0,-0.1
3,NONE,-1.0,-0.1,-1.0,-0.1
3,NONE,-1.0,-0.1,-1.0,-0.1
3,NONE,-1.0,-0.1,-1.0,-0.1
3,NONE,-1.0,-0.1,-1.0,-0.1
3,NONE,-1.0,-0.1,-1.0,-0.1
3,NONE,-1.0,-0.1,-1.0,-0.1
3,NONE,-1.0,-0.1,-1.0,-0.1
3,NONE,-1.0,-0.1,-1.0,-0.1
3,NONE,-1.0,-0.1,-1.0,-0.1
3,NONE,-1.0,-0.1,-1.0,-0.1
3,NONE,-1.0,-0.1,-1.0,-0.1
3,NONE,-1.0,-0.1,-1.0,-0.1
3,NONE,-1.0,-0.1,-1.0,-0.1
3,NONE,-1.0,-0.1,-1.0,-0.1
2,EV_B07_C021_Moto_Lineal_Electrica,-1.0,-0.1,7.0,21.079108455310532
1,EV_B07_C021_Moto_Lineal_Electrica,7.0,80.71651166170243,-1.0,21.079108455310532
1,EV_B07_C021_Moto_Lineal_Electrica,6.0,80.71651166170243,-1.0,21.079108455310532
1,EV_B07_C021_Moto_Lineal_Electrica,5.0,80.71651166170243,-1.0,21.079108455310532
1,EV_B07_C021_Moto_Lineal_Electrica,4.0,80.71651166170243,-1.0,21.079108455310532
1,EV_B07_C021_Moto_Lineal_Electrica,3.0,80.71651166170243,-1.0,21.079108455310532
1,EV_B07_C021_Moto_Lineal_Electrica,2.0,80.71651166170243,-1.0,21.079108455310532
1,EV_B07_C021_Moto_Lineal_Electrica,1.0,80.71651166170243,-1.0,21.079108455310532
1,EV_B07_C021_Moto_Lineal_Electrica,0.0,80.71651166170243,-1.0,21.079108455310532
3,NONE,-1.0,-0.1,-1.0,-0.1
3,NONE,-1.0,-0.1,-1.0,-0.1
3,NONE,-1.0,-0.1,-1.0,-0.1
3,NONE,-1.0,-0.1,-1.0,-0.1
3,NONE,-1.0,-0.1,-1.0,-0.1
3,NONE,-1.0,-0.1,-1.0,-0.1
3,NONE,-1.0,-0.1,-1.0,-0.1
3,NONE,-1.0,-0.1,-1.0,-0.1
3,NONE,-1.0,-0.1,-1.0,-0.1
3,NONE,-1.0,-0.1,-1.0,-0.1
3,NONE,-1.0,-0.1,-1.0,-0.1
3,NONE,-1.0,-0.1,-1.0,-0.1
3,NONE,-1.0,-0.1,-1.0,-0.1
3,NONE,-1.0,-0.1,-1.0,-0.1
3,NONE,-1.0,-0.1,-1.0,-0.1
2,EV_B07_C021_Moto_Lineal_Electrica,-1.0,-0.1,7.0,16.444147925965325
1,EV_B07_C021_Moto_Lineal_Electrica,7.0,81.50567044056528,-1.0,16.444147925965325
1,EV_B07_C021_Moto_Lineal_Electrica,6.0,81.50567044056528,-1.0,16.444147925965325
1,EV_B07_C021_Moto_Lineal_Electrica,5.0,81.50567044056528,-1.0,16.444147925965325
1,EV_B07_C021_Moto_Lineal_Electrica,4.0,81.50567044056528,-1.0,16.444147925965325
1,EV_B07_C021_Moto_Lineal_Electrica,3.0,81.50567044056528,-1.0,16.444147925965325
1,EV_B07_C021_Moto_Lineal_Electrica,2.0,81.50567044056528,-1.0,16.444147925965325
1,EV_B07_C021_Moto_Lineal_Electrica,1.0,81.50567044056528,-1.0,16.444147925965325
1,EV_B07_C021_Moto_Lineal_Electrica,0.0,81.50567044056528,-1.0,16.444147925965325
3,NONE,-1.0,-0.1,-1.0,-0.1
3,NONE,-1.0,-0.1,-1.0,-0.1
3,NONE,-1.0,-0.1,-1.0,-0.1
3,NONE,-1.0,-0.1,-1.0,-0.1
3,NONE,-1.0,-0.1,-1.0,-0.1
3,NONE,-1.0,-0.1,-1.0,-0.1
3,NONE,-1.0,-0.1,-1.0,-0.1
3,NONE,-1.0,-0.1,-1.0,-0.1
3,NONE,-1.0,-0.1,-1.0,-0.1
3,NONE,-1.0,-0.1,-1.0,-0.1
3,NONE,-1.0,-0.1,-1.0,-0.1
3,NONE,-1.0,-0.1,-1.0,-0.1
3,NONE,-1.0,-0.1,-1.0,-0.1
3,NONE,-1.0,-0.1,-1.0,-0.1
3,NONE,-1.0,-0.1,-1.0,-0.1
3,NONE,-1.0,-0.1,-1.0,-0.1
3,NONE,-1.0,-0.1,-1.0,-0.1
2,EV_B07_C021_Moto_Lineal_Electrica,-1.0,-0.1,9.0,41.11522729222022
1,EV_B07_C021_Moto_Lineal_Electrica,5.0,89.60426546855585,-1.0,41.11522729222022
1,EV_B07_C021_Moto_Lineal_Electrica,4.0,89.60426546855585,-1.0,41.11522729222022
1,EV_B07_C021_Moto_Lineal_Electrica,3.0,89.60426546855585,-1.0,41.11522729222022
1,EV_B07_C021_Moto_Lineal_Electrica,2.0,89.60426546855585,-1.0,41.11522729222022
1,EV_B07_C021_Moto_Lineal_Electrica,1.0,89.60426546855585,-1.0,41.11522729222022
1,EV_B07_C021_Moto_Lineal_Electrica,0.0,89.60426546855585,-1.0,41.11522729222022
3,NONE,-1.0,-0.1,-1.0,-0.1
3,NONE,-1.0,-0.1,-1.0,-0.1
3,NONE,-1.0,-0.1,-1.0,-0.1
3,NONE,-1.0,-0.1,-1.0,-0.1
3,NONE,-1.0,-0.1,-1.0,-0.1
3,NONE,-1.0,-0.1,-1.0,-0.1
3,NONE,-1.0,-0.1,-1.0,-0.1
3,NONE,-1.0,-0.1,-1.0,-0.1
3,NONE,-1.0,-0.1,-1.0,-0.1
3,NONE,-1.0,-0.1,-1.0,-0.1
3,NONE,-1.0,-0.1,-1.0,-0.1
3,NONE,-1.0,-0.1,-1.0,-0.1
3,NONE,-1.0,-0.1,-1.0,-0.1
3,NONE,-1.0,-0.1,-1.0,-0.1
3,NONE,-1.0,-0.1,-1.0,-0.1
3,NONE,-1.0,-0.1,-1.0,-0.1
3,NONE,-1.0,-0.1,-1.0,-0.1
3,NONE,-1.0,-0.1,-1.0,-0.1
3,NONE,-1.0,-0.1,-1.0,-0.1
3,NONE,-1.0,-0.1,-1.0,-0.1
3,NONE,-1.0,-0.1,-1.0,-0.1
3,NONE,-1.0,-0.1,-1.0,-0.1
3,NONE,-1.0,-0.1,-1.0,-0.1
3,NONE,-1.0,-0.1,-1.0,-0.1
3,NONE,-1.0,-0.1,-1.0,-0.1
3,NONE,-1.0,-0.1,-1.0,-0.1
3,NONE,-1.0,-0.1,-1.0,-0.1
3,NONE,-1.0,-0.1,-1.0,-0.1
3,NONE,-1.0,-0.1,-1.0,-0.1
3,NONE,-1.0,-0.1,-1.0,-0.1
3,NONE,-1.0,-0.1,-1.0,-0.1
3,NONE,-1.0,-0.1,-1.0,-0.1
3,NONE,-1.0,-0.1,-1.0,-0.1
3,NONE,-1.0,-0.1,-1.0,-0.1
3,NONE,-1.0,-0.1,-1.0,-0.1
3,NONE,-1.0,-0.1,-1.0,-0.1
3,NONE,-1.0,-0.1,-1.0,-0.1
3,NONE,-1.0,-0.1,-1.0,-0.1
3,NONE,-1.0,-0.1,-1.0,-0.1
3,NONE,-1.0,-0.1,-1.0,-0.1
3,NONE,-1.0,-0.1,-1.0,-0.1
3,NONE,-1.0,-0.1,-1.0,-0.1
3,NONE,-1.0,-0.1,-1.0,-0.1
3,NONE,-1.0,-0.1,-1.0,-0.1
3,NONE,-1.0,-0.1,-1.0,-0.1
3,NONE,-1.0,-0.1,-1.0,-0.1
3,NONE,-1.0,-0.1,-1.0,-0.1
3,NONE,-1.0,-0.1,-1.0,-0.1
3,NONE,-1.0,-0.1,-1.0,-0.1
3,NONE,-1.0,-0.1,-1.0,-0.1
3,NONE,-1.0,-0.1,-1.0,-0.1
3,NONE,-1.0,-0.1,-1.0,-0.1
3,NONE,-1.0,-0.1,-1.0,-0.1
3,NONE,-1.0,-0.1,-1.0,-0.1
3,NONE,-1.0,-0.1,-1.0,-0.1
3,NONE,-1.0,-0.1,-1.0,-0.1
3,NONE,-1.0,-0.1,-1.0,-0.1
3,NONE,-1.0,-0.1,-1.0,-0.1
3,NONE,-1.0,-0.1,-1.0,-0.1
3,NONE,-1.0,-0.1,-1.0,-0.1
3,NONE,-1.0,-0.1,-1.0,-0.1
3,NONE,-1.0,-0.1,-1.0,-0.1
3,NONE,-1.0,-0.1,-1.0,-0.1
3,NONE,-1.0,-0.1,-1.0,-0.1
3,NONE,-1.0,-0.1,-1.0,-0.1
3,NONE,-1.0,-0.1,-1.0,-0.1
3,NONE,-1.0,-0.1,-1.0,-0.1
3,NONE,-1.0,-0.1,-1.0,-0.1
3,NONE,-1.0,-0.1,-1.0,-0.1
3,NONE,-1.0,-0.1,-1.0,-0.1
3,NONE,-1.0,-0.1,-1.0,-0.1
3,NONE,-1.0,-0.1,-1.0,-0.1
3,NONE,-1.0,-0.1,-1.0,-0.1
3,NONE,-1.0,-0.1,-1.0,-0.1
3,NONE,-1.0,-0.1,-1.0,-0.1
3,NONE,-1.0,-0.1,-1.0,-0.1
3,NONE,-1.0,-0.1,-1.0,-0.1
3,NONE,-1.0,-0.1,-1.0,-0.1
3,NONE,-1.0,-0.1,-1.0,-0.1
3,NONE,-1.0,-0.1,-1.0,-0.1
3,NONE,-1.0,-0.1,-1.0,-0.1
3,NONE,-1.0,-0.1,-1.0,-0.1
3,NONE,-1.0,-0.1,-1.0,-0.1
3,NONE,-1.0,-0.1,-1.0,-0.1
3,NONE,-1.0,-0.1,-1.0,-0.1
3,NONE,-1.0,-0.1,-1.0,-0.1
3,NONE,-1.0,-0.1,-1.0,-0.1
3,NONE,-1.0,-0.1,-1.0,-0.1
2,EV_B07_C021_Moto_Lineal_Electrica,-1.0,-0.1,8.0,17.358406725846052
1,EV_B07_C021_Moto_Lineal_Electrica,6.0,88.4353956738959,-1.0,17.358406725846052
1,EV_B07_C021_Moto_Lineal_Electrica,5.0,88.4353956738959,-1.0,17.358406725846052
1,EV_B07_C021_Moto_Lineal_Electrica,4.0,88.4353956738959,-1.0,17.358406725846052
1,EV_B07_C021_Moto_Lineal_Electrica,3.0,88.4353956738959,-1.0,17.358406725846052
1,EV_B07_C021_Moto_Lineal_Electrica,2.0,88.4353956738959,-1.0,17.358406725846052
1,EV_B07_C021_Moto_Lineal_Electrica,1.0,88.4353956738959,-1.0,17.358406725846052
1,EV_B07_C021_Moto_Lineal_Electrica,0.0,88.4353956738959,-1.0,17.358406725846052
3,NONE,-1.0,-0.1,-1.0,-0.1
3,NONE,-1.0,-0.1,-1.0,-0.1
3,NONE,-1.0,-0.1,-1.0,-0.1
3,NONE,-1.0,-0.1,-1.0,-0.1
3,NONE,-1.0,-0.1,-1.0,-0.1
3,NONE,-1.0,-0.1,-1.0,-0.1
3,NONE,-1.0,-0.1,-1.0,-0.1
3,NONE,-1.0,-0.1,-1.0,-0.1
3,NONE,-1.0,-0.1,-1.0,-0.1
3,NONE,-1.0,-0.1,-1.0,-0.1
3,NONE,-1.0,-0.1,-1.0,-0.1
3,NONE,-1.0,-0.1,-1.0,-0.1
3,NONE,-1.0,-0.1,-1.0,-0.1
3,NONE,-1.0,-0.1,-1.0,-0.1
3,NONE,-1.0,-0.1,-1.0,-0.1
2,EV_B07_C021_Moto_Lineal_Electrica,-1.0,-0.1,7.0,37.16904845665005
1,EV_B07_C021_Moto_Lineal_Electrica,7.0,80.6754184602051,-1.0,37.16904845665005
1,EV_B07_C021_Moto_Lineal_Electrica,6.0,80.6754184602051,-1.0,37.16904845665005
1,EV_B07_C021_Moto_Lineal_Electrica,5.0,80.6754184602051,-1.0,37.16904845665005
1,EV_B07_C021_Moto_Lineal_Electrica,4.0,80.6754184602051,-1.0,37.16904845665005
1,EV_B07_C021_Moto_Lineal_Electrica,3.0,80.6754184602051,-1.0,37.16904845665005
1,EV_B07_C021_Moto_Lineal_Electrica,2.0,80.6754184602051,-1.0,37.16904845665005
1,EV_B07_C021_Moto_Lineal_Electrica,1.0,80.6754184602051,-1.0,37.16904845665005
1,EV_B07_C021_Moto_Lineal_Electrica,0.0,80.6754184602051,-1.0,37.16904845665005
3,NONE,-1.0,-0.1,-1.0,-0.1
3,NONE,-1.0,-0.1,-1.0,-0.1
3,NONE,-1.0,-0.1,-1.0,-0.1
3,NONE,-1.0,-0.1,-1.0,-0.1
3,NONE,-1.0,-0.1,-1.0,-0.1
3,NONE,-1.0,-0.1,-1.0,-0.1
3,NONE,-1.0,-0.1,-1.0,-0.1
3,NONE,-1.0,-0.1,-1.0,-0.1
3,NONE,-1.0,-0.1,-1.0,-0.1
3,NONE,-1.0,-0.1,-1.0,-0.1
3,NONE,-1.0,-0.1,-1.0,-0.1
3,NONE,-1.0,-0.1,-1.0,-0.1
3,NONE,-1.0,-0.1,-1.0,-0.1
3,NONE,-1.0,-0.1,-1.0,-0.1
3,NONE,-1.0,-0.1,-1.0,-0.1
3,NONE,-1.0,-0.1,-1.0,-0.1
3,NONE,-1.0,-0.1,-1.0,-0.1
2,EV_B07_C021_Moto_Lineal_Electrica,-1.0,-0.1,9.0,48.972473165795684
1,EV_B07_C021_Moto_Lineal_Electrica,5.0,87.37257863640733,-1.0,48.972473165795684
1,EV_B07_C021_Moto_Lineal_Electrica,4.0,87.37257863640733,-1.0,48.972473165795684
1,EV_B07_C021_Moto_Lineal_Electrica,3.0,87.37257863640733,-1.0,48.972473165795684
1,EV_B07_C021_Moto_Lineal_Electrica,2.0,87.37257863640733,-1.0,48.972473165795684
1,EV_B07_C021_Moto_Lineal_Electrica,1.0,87.37257863640733,-1.0,48.972473165795684
1,EV_B07_C021_Moto_Lineal_Electrica,0.0,87.37257863640733,-1.0,48.972473165795684
3,NONE,-1.0,-0.1,-1.0,-0.1
3,NONE,-1.0,-0.1,-1.0,-0.1
3,NONE,-1.0,-0.1,-1.0,-0.1
3,NONE,-1.0,-0.1,-1.0,-0.1
3,NONE,-1.0,-0.1,-1.0,-0.1
3,NONE,-1.0,-0.1,-1.0,-0.1
3,NONE,-1.0,-0.1,-1.0,-0.1
3,NONE,-1.0,-0.1,-1.0,-0.1
3,NONE,-1.0,-0.1,-1.0,-0.1
3,NONE,-1.0,-0.1,-1.0,-0.1
3,NONE,-1.0,-0.1,-1.0,-0.1
3,NONE,-1.0,-0.1,-1.0,-0.1
3,NONE,-1.0,-0.1,-1.0,-0.1
3,NONE,-1.0,-0.1,-1.0,-0.1
3,NONE,-1.0,-0.1,-1.0,-0.1
3,NONE,-1.0,-0.1,-1.0,-0.1
3,NONE,-1.0,-0.1,-1.0,-0.1
3,NONE,-1.0,-0.1,-1.0,-0.1
2,EV_B07_C021_Moto_Lineal_Electrica,-1.0,-0.1,10.0,34.0315935261049
1,EV_B07_C021_Moto_Lineal_Electrica,4.0,87.14119525467342,-1.0,34.0315935261049
1,EV_B07_C021_Moto_Lineal_Electrica,3.0,87.14119525467342,-1.0,34.0315935261049
1,EV_B07_C021_Moto_Lineal_Electrica,2.0,87.14119525467342,-1.0,34.0315935261049
1,EV_B07_C021_Moto_Lineal_Electrica,1.0,87.14119525467342,-1.0,34.0315935261049
1,EV_B07_C021_Moto_Lineal_Electrica,0.0,87.14119525467342,-1.0,34.0315935261049
3,NONE,-1.0,-0.1,-1.0,-0.1
3,NONE,-1.0,-0.1,-1.0,-0.1
3,NONE,-1.0,-0.1,-1.0,-0.1
3,NONE,-1.0,-0.1,-1.0,-0.1
3,NONE,-1.0,-0.1,-1.0,-0.1
3,NONE,-1.0,-0.1,-1.0,-0.1
3,NONE,-1.0,-0.1,-1.0,-0.1
3,NONE,-1.0,-0.1,-1.0,-0.1
3,NONE,-1.0,-0.1,-1.0,-0.1
3,NONE,-1.0,-0.1,-1.0,-0.1
3,NONE,-1.0,-0.1,-1.0,-0.1
3,NONE,-1.0,-0.1,-1.0,-0.1
3,NONE,-1.0,-0.1,-1.0,-0.1
3,NONE,-1.0,-0.1,-1.0,-0.1
3,NONE,-1.0,-0.1,-1.0,-0.1
3,NONE,-1.0,-0.1,-1.0,-0.1
3,NONE,-1.0,-0.1,-1.0,-0.1
3,NONE,-1.0,-0.1,-1.0,-0.1
3,NONE,-1.0,-0.1,-1.0,-0.1
3,NONE,-1.0,-0.1,-1.0,-0.1
3,NONE,-1.0,-0.1,-1.0,-0.1
3,NONE,-1.0,-0.1,-1.0,-0.1
3,NONE,-1.0,-0.1,-1.0,-0.1
3,NONE,-1.0,-0.1,-1.0,-0.1
3,NONE,-1.0,-0.1,-1.0,-0.1
3,NONE,-1.0,-0.1,-1.0,-0.1
3,NONE,-1.0,-0.1,-1.0,-0.1
3,NONE,-1.0,-0.1,-1.0,-0.1
3,NONE,-1.0,-0.1,-1.0,-0.1
3,NONE,-1.0,-0.1,-1.0,-0.1
3,NONE,-1.0,-0.1,-1.0,-0.1
3,NONE,-1.0,-0.1,-1.0,-0.1
3,NONE,-1.0,-0.1,-1.0,-0.1
3,NONE,-1.0,-0.1,-1.0,-0.1
3,NONE,-1.0,-0.1,-1.0,-0.1
3,NONE,-1.0,-0.1,-1.0,-0.1
3,NONE,-1.0,-0.1,-1.0,-0.1
3,NONE,-1.0,-0.1,-1.0,-0.1
3,NONE,-1.0,-0.1,-1.0,-0.1
3,NONE,-1.0,-0.1,-1.0,-0.1
3,NONE,-1.0,-0.1,-1.0,-0.1
3,NONE,-1.0,-0.1,-1.0,-0.1
3,NONE,-1.0,-0.1,-1.0,-0.1
3,NONE,-1.0,-0.1,-1.0,-0.1
3,NONE,-1.0,-0.1,-1.0,-0.1
3,NONE,-1.0,-0.1,-1.0,-0.1
3,NONE,-1.0,-0.1,-1.0,-0.1
3,NONE,-1.0,-0.1,-1.0,-0.1
3,NONE,-1.0,-0.1,-1.0,-0.1
3,NONE,-1.0,-0.1,-1.0,-0.1
3,NONE,-1.0,-0.1,-1.0,-0.1
3,NONE,-1.0,-0.1,-1.0,-0.1
3,NONE,-1.0,-0.1,-1.0,-0.1
3,NONE,-1.0,-0.1,-1.0,-0.1
3,NONE,-1.0,-0.1,-1.0,-0.1
3,NONE,-1.0,-0.1,-1.0,-0.1
3,NONE,-1.0,-0.1,-1.0,-0.1
3,NONE,-1.0,-0.1,-1.0,-0.1
3,NONE,-1.0,-0.1,-1.0,-0.1
3,NONE,-1.0,-0.1,-1.0,-0.1
3,NONE,-1.0,-0.1,-1.0,-0.1
3,NONE,-1.0,-0.1,-1.0,-0.1
3,NONE,-1.0,-0.1,-1.0,-0.1
3,NONE,-1.0,-0.1,-1.0,-0.1
3,NONE,-1.0,-0.1,-1.0,-0.1
3,NONE,-1.0,-0.1,-1.0,-0.1
3,NONE,-1.0,-0.1,-1.0,-0.1
3,NONE,-1.0,-0.1,-1.0,-0.1
3,NONE,-1.0,-0.1,-1.0,-0.1
3,NONE,-1.0,-0.1,-1.0,-0.1
3,NONE,-1.0,-0.1,-1.0,-0.1
3,NONE,-1.0,-0.1,-1.0,-0.1
3,NONE,-1.0,-0.1,-1.0,-0.1
3,NONE,-1.0,-0.1,-1.0,-0.1
3,NONE,-1.0,-0.1,-1.0,-0.1
3,NONE,-1.0,-0.1,-1.0,-0.1
3,NONE,-1.0,-0.1,-1.0,-0.1
3,NONE,-1.0,-0.1,-1.0,-0.1
3,NONE,-1.0,-0.1,-1.0,-0.1
3,NONE,-1.0,-0.1,-1.0,-0.1
3,NONE,-1.0,-0.1,-1.0,-0.1
3,NONE,-1.0,-0.1,-1.0,-0.1
3,NONE,-1.0,-0.1,-1.0,-0.1
3,NONE,-1.0,-0.1,-1.0,-0.1
3,NONE,-1.0,-0.1,-1.0,-0.1
3,NONE,-1.0,-0.1,-1.0,-0.1
3,NONE,-1.0,-0.1,-1.0,-0.1
3,NONE,-1.0,-0.1,-1.0,-0.1
2,EV_B07_C021_Moto_Lineal_Electrica,-1.0,-0.1,8.0,43.11250381493535
1,EV_B07_C021_Moto_Lineal_Electrica,6.0,77.50197929603111,-1.0,43.11250381493535
1,EV_B07_C021_Moto_Lineal_Electrica,5.0,77.50197929603111,-1.0,43.11250381493535
1,EV_B07_C021_Moto_Lineal_Electrica,4.0,77.50197929603111,-1.0,43.11250381493535
1,EV_B07_C021_Moto_Lineal_Electrica,3.0,77.50197929603111,-1.0,43.11250381493535
1,EV_B07_C021_Moto_Lineal_Electrica,2.0,77.50197929603111,-1.0,43.11250381493535
1,EV_B07_C021_Moto_Lineal_Electrica,1.0,77.50197929603111,-1.0,43.11250381493535
1,EV_B07_C021_Moto_Lineal_Electrica,0.0,77.50197929603111,-1.0,43.11250381493535
3,NONE,-1.0,-0.1,-1.0,-0.1
3,NONE,-1.0,-0.1,-1.0,-0.1
3,NONE,-1.0,-0.1,-1.0,-0.1
3,NONE,-1.0,-0.1,-1.0,-0.1
3,NONE,-1.0,-0.1,-1.0,-0.1
3,NONE,-1.0,-0.1,-1.0,-0.1
3,NONE,-1.0,-0.1,-1.0,-0.1
3,NONE,-1.0,-0.1,-1.0,-0.1
3,NONE,-1.0,-0.1,-1.0,-0.1
3,NONE,-1.0,-0.1,-1.0,-0.1
3,NONE,-1.0,-0.1,-1.0,-0.1
3,NONE,-1.0,-0.1,-1.0,-0.1
3,NONE,-1.0,-0.1,-1.0,-0.1
3,NONE,-1.0,-0.1,-1.0,-0.1
3,NONE,-1.0,-0.1,-1.0,-0.1
2,EV_B07_C021_Moto_Lineal_Electrica,-1.0,-0.1,7.0,25.979910670097574
1,EV_B07_C021_Moto_Lineal_Electrica,7.0,88.9778169704904,-1.0,25.979910670097574
1,EV_B07_C021_Moto_Lineal_Electrica,6.0,88.9778169704904,-1.0,25.979910670097574
1,EV_B07_C021_Moto_Lineal_Electrica,5.0,88.9778169704904,-1.0,25.979910670097574
1,EV_B07_C021_Moto_Lineal_Electrica,4.0,88.9778169704904,-1.0,25.979910670097574
1,EV_B07_C021_Moto_Lineal_Electrica,3.0,88.9778169704904,-1.0,25.979910670097574
1,EV_B07_C021_Moto_Lineal_Electrica,2.0,88.9778169704904,-1.0,25.979910670097574
1,EV_B07_C021_Moto_Lineal_Electrica,1.0,88.9778169704904,-1.0,25.979910670097574
1,EV_B07_C021_Moto_Lineal_Electrica,0.0,88.9778169704904,-1.0,25.979910670097574
3,NONE,-1.0,-0.1,-1.0,-0.1
3,NONE,-1.0,-0.1,-1.0,-0.1
3,NONE,-1.0,-0.1,-1.0,-0.1
3,NONE,-1.0,-0.1,-1.0,-0.1
3,NONE,-1.0,-0.1,-1.0,-0.1
3,NONE,-1.0,-0.1,-1.0,-0.1
3,NONE,-1.0,-0.1,-1.0,-0.1
3,NONE,-1.0,-0.1,-1.0,-0.1
3,NONE,-1.0,-0.1,-1.0,-0.1
3,NONE,-1.0,-0.1,-1.0,-0.1
3,NONE,-1.0,-0.1,-1.0,-0.1
3,NONE,-1.0,-0.1,-1.0,-0.1
3,NONE,-1.0,-0.1,-1.0,-0.1
3,NONE,-1.0,-0.1,-1.0,-0.1
3,NONE,-1.0,-0.1,-1.0,-0.1
3,NONE,-1.0,-0.1,-1.0,-0.1
3,NONE,-1.0,-0.1,-1.0,-0.1
3,NONE,-1.0,-0.1,-1.0,-0.1
3,NONE,-1.0,-0.1,-1.0,-0.1
3,NONE,-1.0,-0.1,-1.0,-0.1
3,NONE,-1.0,-0.1,-1.0,-0.1
3,NONE,-1.0,-0.1,-1.0,-0.1
3,NONE,-1.0,-0.1,-1.0,-0.1
3,NONE,-1.0,-0.1,-1.0,-0.1
3,NONE,-1.0,-0.1,-1.0,-0.1
3,NONE,-1.0,-0.1,-1.0,-0.1
3,NONE,-1.0,-0.1,-1.0,-0.1
3,NONE,-1.0,-0.1,-1.0,-0.1
3,NONE,-1.0,-0.1,-1.0,-0.1
3,NONE,-1.0,-0.1,-1.0,-0.1
3,NONE,-1.0,-0.1,-1.0,-0.1
3,NONE,-1.0,-0.1,-1.0,-0.1
3,NONE,-1.0,-0.1,-1.0,-0.1
3,NONE,-1.0,-0.1,-1.0,-0.1
3,NONE,-1.0,-0.1,-1.0,-0.1
3,NONE,-1.0,-0.1,-1.0,-0.1
3,NONE,-1.0,-0.1,-1.0,-0.1
3,NONE,-1.0,-0.1,-1.0,-0.1
3,NONE,-1.0,-0.1,-1.0,-0.1
2,EV_B07_C021_Moto_Lineal_Electrica,-1.0,-0.1,7.0,43.27368099260178
1,EV_B07_C021_Moto_Lineal_Electrica,7.0,92.1738686125156,-1.0,43.27368099260178
1,EV_B07_C021_Moto_Lineal_Electrica,6.0,92.1738686125156,-1.0,43.27368099260178
1,EV_B07_C021_Moto_Lineal_Electrica,5.0,92.1738686125156,-1.0,43.27368099260178
1,EV_B07_C021_Moto_Lineal_Electrica,4.0,92.1738686125156,-1.0,43.27368099260178
1,EV_B07_C021_Moto_Lineal_Electrica,3.0,92.1738686125156,-1.0,43.27368099260178
1,EV_B07_C021_Moto_Lineal_Electrica,2.0,92.1738686125156,-1.0,43.27368099260178
1,EV_B07_C021_Moto_Lineal_Electrica,1.0,92.1738686125156,-1.0,43.27368099260178
1,EV_B07_C021_Moto_Lineal_Electrica,0.0,92.1738686125156,-1.0,43.27368099260178
3,NONE,-1.0,-0.1,-1.0,-0.1
3,NONE,-1.0,-0.1,-1.0,-0.1
3,NONE,-1.0,-0.1,-1.0,-0.1
3,NONE,-1.0,-0.1,-1.0,-0.1
3,NONE,-1.0,-0.1,-1.0,-0.1
3,NONE,-1.0,-0.1,-1.0,-0.1
3,NONE,-1.0,-0.1,-1.0,-0.1
3,NONE,-1.0,-0.1,-1.0,-0.1
3,NONE,-1.0,-0.1,-1.0,-0.1
3,NONE,-1.0,-0.1,-1.0,-0.1
3,NONE,-1.0,-0.1,-1.0,-0.1
3,NONE,-1.0,-0.1,-1.0,-0.1
3,NONE,-1.0,-0.1,-1.0,-0.1
3,NONE,-1.0,-0.1,-1.0,-0.1
3,NONE,-1.0,-0.1,-1.0,-0.1
3,NONE,-1.0,-0.1,-1.0,-0.1
3,NONE,-1.0,-0.1,-1.0,-0.1
3,NONE,-1.0,-0.1,-1.0,-0.1
3,NONE,-1.0,-0.1,-1.0,-0.1
3,NONE,-1.0,-0.1,-1.0,-0.1
3,NONE,-1.0,-0.1,-1.0,-0.1
3,NONE,-1.0,-0.1,-1.0,-0.1
3,NONE,-1.0,-0.1,-1.0,-0.1
3,NONE,-1.0,-0.1,-1.0,-0.1
3,NONE,-1.0,-0.1,-1.0,-0.1
3,NONE,-1.0,-0.1,-1.0,-0.1
3,NONE,-1.0,-0.1,-1.0,-0.1
3,NONE,-1.0,-0.1,-1.0,-0.1
3,NONE,-1.0,-0.1,-1.0,-0.1
3,NONE,-1.0,-0.1,-1.0,-0.1
3,NONE,-1.0,-0.1,-1.0,-0.1
3,NONE,-1.0,-0.1,-1.0,-0.1
3,NONE,-1.0,-0.1,-1.0,-0.1
3,NONE,-1.0,-0.1,-1.0,-0.1
3,NONE,-1.0,-0.1,-1.0,-0.1
3,NONE,-1.0,-0.1,-1.0,-0.1
3,NONE,-1.0,-0.1,-1.0,-0.1
3,NONE,-1.0,-0.1,-1.0,-0.1
3,NONE,-1.0,-0.1,-1.0,-0.1
3,NONE,-1.0,-0.1,-1.0,-0.1
3,NONE,-1.0,-0.1,-1.0,-0.1
3,NONE,-1.0,-0.1,-1.0,-0.1
3,NONE,-1.0,-0.1,-1.0,-0.1
3,NONE,-1.0,-0.1,-1.0,-0.1
3,NONE,-1.0,-0.1,-1.0,-0.1
3,NONE,-1.0,-0.1,-1.0,-0.1
3,NONE,-1.0,-0.1,-1.0,-0.1
3,NONE,-1.0,-0.1,-1.0,-0.1
3,NONE,-1.0,-0.1,-1.0,-0.1
3,NONE,-1.0,-0.1,-1.0,-0.1
3,NONE,-1.0,-0.1,-1.0,-0.1
3,NONE,-1.0,-0.1,-1.0,-0.1
3,NONE,-1.0,-0.1,-1.0,-0.1
3,NONE,-1.0,-0.1,-1.0,-0.1
3,NONE,-1.0,-0.1,-1.0,-0.1
3,NONE,-1.0,-0.1,-1.0,-0.1
3,NONE,-1.0,-0.1,-1.0,-0.1
3,NONE,-1.0,-0.1,-1.0,-0.1
3,NONE,-1.0,-0.1,-1.0,-0.1
3,NONE,-1.0,-0.1,-1.0,-0.1
3,NONE,-1.0,-0.1,-1.0,-0.1
3,NONE,-1.0,-0.1,-1.0,-0.1
3,NONE,-1.0,-0.1,-1.0,-0.1
3,NONE,-1.0,-0.1,-1.0,-0.1
2,EV_B07_C021_Moto_Lineal_Electrica,-1.0,-0.1,8.0,21.528934232477212
1,EV_B07_C021_Moto_Lineal_Electrica,6.0,78.19406002865239,-1.0,21.528934232477212
1,EV_B07_C021_Moto_Lineal_Electrica,5.0,78.19406002865239,-1.0,21.528934232477212
1,EV_B07_C021_Moto_Lineal_Electrica,4.0,78.19406002865239,-1.0,21.528934232477212
1,EV_B07_C021_Moto_Lineal_Electrica,3.0,78.19406002865239,-1.0,21.528934232477212
1,EV_B07_C021_Moto_Lineal_Electrica,2.0,78.19406002865239,-1.0,21.528934232477212
1,EV_B07_C021_Moto_Lineal_Electrica,1.0,78.19406002865239,-1.0,21.528934232477212
1,EV_B07_C021_Moto_Lineal_Electrica,0.0,78.19406002865239,-1.0,21.528934232477212
3,NONE,-1.0,-0.1,-1.0,-0.1
3,NONE,-1.0,-0.1,-1.0,-0.1
3,NONE,-1.0,-0.1,-1.0,-0.1
3,NONE,-1.0,-0.1,-1.0,-0.1
3,NONE,-1.0,-0.1,-1.0,-0.1
3,NONE,-1.0,-0.1,-1.0,-0.1
3,NONE,-1.0,-0.1,-1.0,-0.1
3,NONE,-1.0,-0.1,-1.0,-0.1
3,NONE,-1.0,-0.1,-1.0,-0.1
3,NONE,-1.0,-0.1,-1.0,-0.1
3,NONE,-1.0,-0.1,-1.0,-0.1
3,NONE,-1.0,-0.1,-1.0,-0.1
3,NONE,-1.0,-0.1,-1.0,-0.1
3,NONE,-1.0,-0.1,-1.0,-0.1
3,NONE,-1.0,-0.1,-1.0,-0.1
2,EV_B07_C021_Moto_Lineal_Electrica,-1.0,-0.1,7.0,11.698844526230111
1,EV_B07_C021_Moto_Lineal_Electrica,7.0,90.92678019364168,-1.0,11.698844526230111
1,EV_B07_C021_Moto_Lineal_Electrica,6.0,90.92678019364168,-1.0,11.698844526230111
1,EV_B07_C021_Moto_Lineal_Electrica,5.0,90.92678019364168,-1.0,11.698844526230111
1,EV_B07_C021_Moto_Lineal_Electrica,4.0,90.92678019364168,-1.0,11.698844526230111
1,EV_B07_C021_Moto_Lineal_Electrica,3.0,90.92678019364168,-1.0,11.698844526230111
1,EV_B07_C021_Moto_Lineal_Electrica,2.0,90.92678019364168,-1.0,11.698844526230111
1,EV_B07_C021_Moto_Lineal_Electrica,1.0,90.92678019364168,-1.0,11.698844526230111
1,EV_B07_C021_Moto_Lineal_Electrica,0.0,90.92678019364168,-1.0,11.698844526230111
3,NONE,-1.0,-0.1,-1.0,-0.1
3,NONE,-1.0,-0.1,-1.0,-0.1
3,NONE,-1.0,-0.1,-1.0,-0.1
3,NONE,-1.0,-0.1,-1.0,-0.1
3,NONE,-1.0,-0.1,-1.0,-0.1
3,NONE,-1.0,-0.1,-1.0,-0.1
3,NONE,-1.0,-0.1,-1.0,-0.1
3,NONE,-1.0,-0.1,-1.0,-0.1
3,NONE,-1.0,-0.1,-1.0,-0.1
3,NONE,-1.0,-0.1,-1.0,-0.1
3,NONE,-1.0,-0.1,-1.0,-0.1
3,NONE,-1.0,-0.1,-1.0,-0.1
3,NONE,-1.0,-0.1,-1.0,-0.1
3,NONE,-1.0,-0.1,-1.0,-0.1
3,NONE,-1.0,-0.1,-1.0,-0.1
3,NONE,-1.0,-0.1,-1.0,-0.1
3,NONE,-1.0,-0.1,-1.0,-0.1
3,NONE,-1.0,-0.1,-1.0,-0.1
3,NONE,-1.0,-0.1,-1.0,-0.1
3,NONE,-1.0,-0.1,-1.0,-0.1
3,NONE,-1.0,-0.1,-1.0,-0.1
3,NONE,-1.0,-0.1,-1.0,-0.1
3,NONE,-1.0,-0.1,-1.0,-0.1
3,NONE,-1.0,-0.1,-1.0,-0.1
3,NONE,-1.0,-0.1,-1.0,-0.1
3,NONE,-1.0,-0.1,-1.0,-0.1
3,NONE,-1.0,-0.1,-1.0,-0.1
3,NONE,-1.0,-0.1,-1.0,-0.1
3,NONE,-1.0,-0.1,-1.0,-0.1
3,NONE,-1.0,-0.1,-1.0,-0.1
3,NONE,-1.0,-0.1,-1.0,-0.1
3,NONE,-1.0,-0.1,-1.0,-0.1
3,NONE,-1.0,-0.1,-1.0,-0.1
3,NONE,-1.0,-0.1,-1.0,-0.1
3,NONE,-1.0,-0.1,-1.0,-0.1
3,NONE,-1.0,-0.1,-1.0,-0.1
3,NONE,-1.0,-0.1,-1.0,-0.1
3,NONE,-1.0,-0.1,-1.0,-0.1
3,NONE,-1.0,-0.1,-1.0,-0.1
3,NONE,-1.0,-0.1,-1.0,-0.1
3,NONE,-1.0,-0.1,-1.0,-0.1
2,EV_B07_C021_Moto_Lineal_Electrica,-1.0,-0.1,9.0,35.1828413726381
1,EV_B07_C021_Moto_Lineal_Electrica,5.0,87.7778328001109,-1.0,35.1828413726381
1,EV_B07_C021_Moto_Lineal_Electrica,4.0,87.7778328001109,-1.0,35.1828413726381
1,EV_B07_C021_Moto_Lineal_Electrica,3.0,87.7778328001109,-1.0,35.1828413726381
1,EV_B07_C021_Moto_Lineal_Electrica,2.0,87.7778328001109,-1.0,35.1828413726381
1,EV_B07_C021_Moto_Lineal_Electrica,1.0,87.7778328001109,-1.0,35.1828413726381
1,EV_B07_C021_Moto_Lineal_Electrica,0.0,87.7778328001109,-1.0,35.1828413726381
3,NONE,-1.0,-0.1,-1.0,-0.1
3,NONE,-1.0,-0.1,-1.0,-0.1
3,NONE,-1.0,-0.1,-1.0,-0.1
3,NONE,-1.0,-0.1,-1.0,-0.1
3,NONE,-1.0,-0.1,-1.0,-0.1
3,NONE,-1.0,-0.1,-1.0,-0.1
3,NONE,-1.0,-0.1,-1.0,-0.1
3,NONE,-1.0,-0.1,-1.0,-0.1
3,NONE,-1.0,-0.1,-1.0,-0.1
3,NONE,-1.0,-0.1,-1.0,-0.1
3,NONE,-1.0,-0.1,-1.0,-0.1
3,NONE,-1.0,-0.1,-1.0,-0.1
3,NONE,-1.0,-0.1,-1.0,-0.1
3,NONE,-1.0,-0.1,-1.0,-0.1
3,NONE,-1.0,-0.1,-1.0,-0.1
3,NONE,-1.0,-0.1,-1.0,-0.1
3,NONE,-1.0,-0.1,-1.0,-0.1
2,EV_B07_C021_Moto_Lineal_Electrica,-1.0,-0.1,9.0,36.46910421385632
1,EV_B07_C021_Moto_Lineal_Electrica,5.0,84.53759365430017,-1.0,36.46910421385632
1,EV_B07_C021_Moto_Lineal_Electrica,4.0,84.53759365430017,-1.0,36.46910421385632
1,EV_B07_C021_Moto_Lineal_Electrica,3.0,84.53759365430017,-1.0,36.46910421385632
1,EV_B07_C021_Moto_Lineal_Electrica,2.0,84.53759365430017,-1.0,36.46910421385632
1,EV_B07_C021_Moto_Lineal_Electrica,1.0,84.53759365430017,-1.0,36.46910421385632
1,EV_B07_C021_Moto_Lineal_Electrica,0.0,84.53759365430017,-1.0,36.46910421385632
3,NONE,-1.0,-0.1,-1.0,-0.1
3,NONE,-1.0,-0.1,-1.0,-0.1
3,NONE,-1.0,-0.1,-1.0,-0.1
3,NONE,-1.0,-0.1,-1.0,-0.1
3,NONE,-1.0,-0.1,-1.0,-0.1
3,NONE,-1.0,-0.1,-1.0,-0.1
3,NONE,-1.0,-0.1,-1.0,-0.1
3,NONE,-1.0,-0.1,-1.0,-0.1
3,NONE,-1.0,-0.1,-1.0,-0.1
3,NONE,-1.0,-0.1,-1.0,-0.1
3,NONE,-1.0,-0.1,-1.0,-0.1
3,NONE,-1.0,-0.1,-1.0,-0.1
3,NONE,-1.0,-0.1,-1.0,-0.1
3,NONE,-1.0,-0.1,-1.0,-0.1
3,NONE,-1.0,-0.1,-1.0,-0.1
3,NONE,-1.0,-0.1,-1.0,-0.1
3,NONE,-1.0,-0.1,-1.0,-0.1
3,NONE,-1.0,-0.1,-1.0,-0.1
3,NONE,-1.0,-0.1,-1.0,-0.1
3,NONE,-1.0,-0.1,-1.0,-0.1
3,NONE,-1.0,-0.1,-1.0,-0.1
3,NONE,-1.0,-0.1,-1.0,-0.1
3,NONE,-1.0,-0.1,-1.0,-0.1
3,NONE,-1.0,-0.1,-1.0,-0.1
3,NONE,-1.0,-0.1,-1.0,-0.1
3,NONE,-1.0,-0.1,-1.0,-0.1
3,NONE,-1.0,-0.1,-1.0,-0.1
3,NONE,-1.0,-0.1,-1.0,-0.1
3,NONE,-1.0,-0.1,-1.0,-0.1
3,NONE,-1.0,-0.1,-1.0,-0.1
3,NONE,-1.0,-0.1,-1.0,-0.1
3,NONE,-1.0,-0.1,-1.0,-0.1
3,NONE,-1.0,-0.1,-1.0,-0.1
3,NONE,-1.0,-0.1,-1.0,-0.1
3,NONE,-1.0,-0.1,-1.0,-0.1
3,NONE,-1.0,-0.1,-1.0,-0.1
3,NONE,-1.0,-0.1,-1.0,-0.1
3,NONE,-1.0,-0.1,-1.0,-0.1
3,NONE,-1.0,-0.1,-1.0,-0.1
3,NONE,-1.0,-0.1,-1.0,-0.1
3,NONE,-1.0,-0.1,-1.0,-0.1
3,NONE,-1.0,-0.1,-1.0,-0.1
3,NONE,-1.0,-0.1,-1.0,-0.1
3,NONE,-1.0,-0.1,-1.0,-0.1
3,NONE,-1.0,-0.1,-1.0,-0.1
3,NONE,-1.0,-0.1,-1.0,-0.1
3,NONE,-1.0,-0.1,-1.0,-0.1
3,NONE,-1.0,-0.1,-1.0,-0.1
3,NONE,-1.0,-0.1,-1.0,-0.1
3,NONE,-1.0,-0.1,-1.0,-0.1
3,NONE,-1.0,-0.1,-1.0,-0.1
3,NONE,-1.0,-0.1,-1.0,-0.1
3,NONE,-1.0,-0.1,-1.0,-0.1
3,NONE,-1.0,-0.1,-1.0,-0.1
3,NONE,-1.0,-0.1,-1.0,-0.1
3,NONE,-1.0,-0.1,-1.0,-0.1
3,NONE,-1.0,-0.1,-1.0,-0.1
3,NONE,-1.0,-0.1,-1.0,-0.1
3,NONE,-1.0,-0.1,-1.0,-0.1
3,NONE,-1.0,-0.1,-1.0,-0.1
3,NONE,-1.0,-0.1,-1.0,-0.1
3,NONE,-1.0,-0.1,-1.0,-0.1
3,NONE,-1.0,-0.1,-1.0,-0.1
2,EV_B07_C021_Moto_Lineal_Electrica,-1.0,-0.1,7.0,37.91254125895772
1,EV_B07_C021_Moto_Lineal_Electrica,7.0,72.29615331318111,-1.0,37.91254125895772
1,EV_B07_C021_Moto_Lineal_Electrica,6.0,72.29615331318111,-1.0,37.91254125895772
1,EV_B07_C021_Moto_Lineal_Electrica,5.0,72.29615331318111,-1.0,37.91254125895772
1,EV_B07_C021_Moto_Lineal_Electrica,4.0,72.29615331318111,-1.0,37.91254125895772
1,EV_B07_C021_Moto_Lineal_Electrica,3.0,72.29615331318111,-1.0,37.91254125895772
1,EV_B07_C021_Moto_Lineal_Electrica,2.0,72.29615331318111,-1.0,37.91254125895772
1,EV_B07_C021_Moto_Lineal_Electrica,1.0,72.29615331318111,-1.0,37.91254125895772
1,EV_B07_C021_Moto_Lineal_Electrica,0.0,72.29615331318111,-1.0,37.91254125895772
3,NONE,-1.0,-0.1,-1.0,-0.1
3,NONE,-1.0,-0.1,-1.0,-0.1
3,NONE,-1.0,-0.1,-1.0,-0.1
3,NONE,-1.0,-0.1,-1.0,-0.1
3,NONE,-1.0,-0.1,-1.0,-0.1
3,NONE,-1.0,-0.1,-1.0,-0.1
3,NONE,-1.0,-0.1,-1.0,-0.1
3,NONE,-1.0,-0.1,-1.0,-0.1
3,NONE,-1.0,-0.1,-1.0,-0.1
3,NONE,-1.0,-0.1,-1.0,-0.1
3,NONE,-1.0,-0.1,-1.0,-0.1
3,NONE,-1.0,-0.1,-1.0,-0.1
3,NONE,-1.0,-0.1,-1.0,-0.1
3,NONE,-1.0,-0.1,-1.0,-0.1
3,NONE,-1.0,-0.1,-1.0,-0.1
2,EV_B07_C021_Moto_Lineal_Electrica,-1.0,-0.1,7.0,41.117108389449925
1,EV_B07_C021_Moto_Lineal_Electrica,7.0,79.45116103777156,-1.0,41.117108389449925
1,EV_B07_C021_Moto_Lineal_Electrica,6.0,79.45116103777156,-1.0,41.117108389449925
1,EV_B07_C021_Moto_Lineal_Electrica,5.0,79.45116103777156,-1.0,41.117108389449925
1,EV_B07_C021_Moto_Lineal_Electrica,4.0,79.45116103777156,-1.0,41.117108389449925
1,EV_B07_C021_Moto_Lineal_Electrica,3.0,79.45116103777156,-1.0,41.117108389449925
1,EV_B07_C021_Moto_Lineal_Electrica,2.0,79.45116103777156,-1.0,41.117108389449925
1,EV_B07_C021_Moto_Lineal_Electrica,1.0,79.45116103777156,-1.0,41.117108389449925
1,EV_B07_C021_Moto_Lineal_Electrica,0.0,79.45116103777156,-1.0,41.117108389449925
3,NONE,-1.0,-0.1,-1.0,-0.1
3,NONE,-1.0,-0.1,-1.0,-0.1
3,NONE,-1.0,-0.1,-1.0,-0.1
3,NONE,-1.0,-0.1,-1.0,-0.1
3,NONE,-1.0,-0.1,-1.0,-0.1
3,NONE,-1.0,-0.1,-1.0,-0.1
3,NONE,-1.0,-0.1,-1.0,-0.1
3,NONE,-1.0,-0.1,-1.0,-0.1
3,NONE,-1.0,-0.1,-1.0,-0.1
3,NONE,-1.0,-0.1,-1.0,-0.1
3,NONE,-1.0,-0.1,-1.0,-0.1
3,NONE,-1.0,-0.1,-1.0,-0.1
3,NONE,-1.0,-0.1,-1.0,-0.1
3,NONE,-1.0,-0.1,-1.0,-0.1
3,NONE,-1.0,-0.1,-1.0,-0.1
2,EV_B07_C021_Moto_Lineal_Electrica,-1.0,-0.1,7.0,37.95933829810187
1,EV_B07_C021_Moto_Lineal_Electrica,7.0,85.32892050130194,-1.0,37.95933829810187
1,EV_B07_C021_Moto_Lineal_Electrica,6.0,85.32892050130194,-1.0,37.95933829810187
1,EV_B07_C021_Moto_Lineal_Electrica,5.0,85.32892050130194,-1.0,37.95933829810187
1,EV_B07_C021_Moto_Lineal_Electrica,4.0,85.32892050130194,-1.0,37.95933829810187
1,EV_B07_C021_Moto_Lineal_Electrica,3.0,85.32892050130194,-1.0,37.95933829810187
1,EV_B07_C021_Moto_Lineal_Electrica,2.0,85.32892050130194,-1.0,37.95933829810187
1,EV_B07_C021_Moto_Lineal_Electrica,1.0,85.32892050130194,-1.0,37.95933829810187
1,EV_B07_C021_Moto_Lineal_Electrica,0.0,85.32892050130194,-1.0,37.95933829810187
3,NONE,-1.0,-0.1,-1.0,-0.1
3,NONE,-1.0,-0.1,-1.0,-0.1
3,NONE,-1.0,-0.1,-1.0,-0.1
3,NONE,-1.0,-0.1,-1.0,-0.1
3,NONE,-1.0,-0.1,-1.0,-0.1
3,NONE,-1.0,-0.1,-1.0,-0.1
3,NONE,-1.0,-0.1,-1.0,-0.1
3,NONE,-1.0,-0.1,-1.0,-0.1
3,NONE,-1.0,-0.1,-1.0,-0.1
3,NONE,-1.0,-0.1,-1.0,-0.1
3,NONE,-1.0,-0.1,-1.0,-0.1
3,NONE,-1.0,-0.1,-1.0,-0.1
3,NONE,-1.0,-0.1,-1.0,-0.1
3,NONE,-1.0,-0.1,-1.0,-0.1
3,NONE,-1.0,-0.1,-1.0,-0.1
3,NONE,-1.0,-0.1,-1.0,-0.1
3,NONE,-1.0,-0.1,-1.0,-0.1
2,EV_B07_C021_Moto_Lineal_Electrica,-1.0,-0.1,9.0,46.18056534798989
1,EV_B07_C021_Moto_Lineal_Electrica,5.0,86.42117199421071,-1.0,46.18056534798989
1,EV_B07_C021_Moto_Lineal_Electrica,4.0,86.42117199421071,-1.0,46.18056534798989
1,EV_B07_C021_Moto_Lineal_Electrica,3.0,86.42117199421071,-1.0,46.18056534798989
1,EV_B07_C021_Moto_Lineal_Electrica,2.0,86.42117199421071,-1.0,46.18056534798989
1,EV_B07_C021_Moto_Lineal_Electrica,1.0,86.42117199421071,-1.0,46.18056534798989
1,EV_B07_C021_Moto_Lineal_Electrica,0.0,86.42117199421071,-1.0,46.18056534798989
3,NONE,-1.0,-0.1,-1.0,-0.1
3,NONE,-1.0,-0.1,-1.0,-0.1
3,NONE,-1.0,-0.1,-1.0,-0.1
3,NONE,-1.0,-0.1,-1.0,-0.1
3,NONE,-1.0,-0.1,-1.0,-0.1
3,NONE,-1.0,-0.1,-1.0,-0.1
3,NONE,-1.0,-0.1,-1.0,-0.1
3,NONE,-1.0,-0.1,-1.0,-0.1
3,NONE,-1.0,-0.1,-1.0,-0.1
3,NONE,-1.0,-0.1,-1.0,-0.1
3,NONE,-1.0,-0.1,-1.0,-0.1
3,NONE,-1.0,-0.1,-1.0,-0.1
3,NONE,-1.0,-0.1,-1.0,-0.1
3,NONE,-1.0,-0.1,-1.0,-0.1
3,NONE,-1.0,-0.1,-1.0,-0.1
3,NONE,-1.0,-0.1,-1.0,-0.1
2,EV_B07_C021_Moto_Lineal_Electrica,-1.0,-0.1,8.0,25.575087358379108
1,EV_B07_C021_Moto_Lineal_Electrica,6.0,86.7940264422937,-1.0,25.575087358379108
1,EV_B07_C021_Moto_Lineal_Electrica,5.0,86.7940264422937,-1.0,25.575087358379108
1,EV_B07_C021_Moto_Lineal_Electrica,4.0,86.7940264422937,-1.0,25.575087358379108
1,EV_B07_C021_Moto_Lineal_Electrica,3.0,86.7940264422937,-1.0,25.575087358379108
1,EV_B07_C021_Moto_Lineal_Electrica,2.0,86.7940264422937,-1.0,25.575087358379108
1,EV_B07_C021_Moto_Lineal_Electrica,1.0,86.7940264422937,-1.0,25.575087358379108
1,EV_B07_C021_Moto_Lineal_Electrica,0.0,86.7940264422937,-1.0,25.575087358379108
3,NONE,-1.0,-0.1,-1.0,-0.1
3,NONE,-1.0,-0.1,-1.0,-0.1
3,NONE,-1.0,-0.1,-1.0,-0.1
3,NONE,-1.0,-0.1,-1.0,-0.1
3,NONE,-1.0,-0.1,-1.0,-0.1
3,NONE,-1.0,-0.1,-1.0,-0.1
3,NONE,-1.0,-0.1,-1.0,-0.1
3,NONE,-1.0,-0.1,-1.0,-0.1
3,NONE,-1.0,-0.1,-1.0,-0.1
3,NONE,-1.0,-0.1,-1.0,-0.1
3,NONE,-1.0,-0.1,-1.0,-0.1
3,NONE,-1.0,-0.1,-1.0,-0.1
3,NONE,-1.0,-0.1,-1.0,-0.1
3,NONE,-1.0,-0.1,-1.0,-0.1
3,NONE,-1.0,-0.1,-1.0,-0.1
3,NONE,-1.0,-0.1,-1.0,-0.1
3,NONE,-1.0,-0.1,-1.0,-0.1
3,NONE,-1.0,-0.1,-1.0,-0.1
3,NONE,-1.0,-0.1,-1.0,-0.1
3,NONE,-1.0,-0.1,-1.0,-0.1
3,NONE,-1.0,-0.1,-1.0,-0.1
3,NONE,-1.0,-0.1,-1.0,-0.1
3,NONE,-1.0,-0.1,-1.0,-0.1
3,NONE,-1.0,-0.1,-1.0,-0.1
3,NONE,-1.0,-0.1,-1.0,-0.1
3,NONE,-1.0,-0.1,-1.0,-0.1
3,NONE,-1.0,-0.1,-1.0,-0.1
3,NONE,-1.0,-0.1,-1.0,-0.1
3,NONE,-1.0,-0.1,-1.0,-0.1
3,NONE,-1.0,-0.1,-1.0,-0.1
3,NONE,-1.0,-0.1,-1.0,-0.1
3,NONE,-1.0,-0.1,-1.0,-0.1
3,NONE,-1.0,-0.1,-1.0,-0.1
3,NONE,-1.0,-0.1,-1.0,-0.1
3,NONE,-1.0,-0.1,-1.0,-0.1
3,NONE,-1.0,-0.1,-1.0,-0.1
3,NONE,-1.0,-0.1,-1.0,-0.1
3,NONE,-1.0,-0.1,-1.0,-0.1
3,NONE,-1.0,-0.1,-1.0,-0.1
3,NONE,-1.0,-0.1,-1.0,-0.1
3,NONE,-1.0,-0.1,-1.0,-0.1
3,NONE,-1.0,-0.1,-1.0,-0.1
3,NONE,-1.0,-0.1,-1.0,-0.1
3,NONE,-1.0,-0.1,-1.0,-0.1
3,NONE,-1.0,-0.1,-1.0,-0.1
3,NONE,-1.0,-0.1,-1.0,-0.1
3,NONE,-1.0,-0.1,-1.0,-0.1
3,NONE,-1.0,-0.1,-1.0,-0.1
3,NONE,-1.0,-0.1,-1.0,-0.1
3,NONE,-1.0,-0.1,-1.0,-0.1
3,NONE,-1.0,-0.1,-1.0,-0.1
3,NONE,-1.0,-0.1,-1.0,-0.1
3,NONE,-1.0,-0.1,-1.0,-0.1
3,NONE,-1.0,-0.1,-1.0,-0.1
3,NONE,-1.0,-0.1,-1.0,-0.1
3,NONE,-1.0,-0.1,-1.0,-0.1
3,NONE,-1.0,-0.1,-1.0,-0.1
3,NONE,-1.0,-0.1,-1.0,-0.1
3,NONE,-1.0,-0.1,-1.0,-0.1
3,NONE,-1.0,-0.1,-1.0,-0.1
3,NONE,-1.0,-0.1,-1.0,-0.1
3,NONE,-1.0,-0.1,-1.0,-0.1
3,NONE,-1.0,-0.1,-1.0,-0.1
3,NONE,-1.0,-0.1,-1.0,-0.1
2,EV_B07_C021_Moto_Lineal_Electrica,-1.0,-0.1,8.0,56.06350940973931
1,EV_B07_C021_Moto_Lineal_Electrica,6.0,84.48539485730578,-1.0,56.06350940973931
1,EV_B07_C021_Moto_Lineal_Electrica,5.0,84.48539485730578,-1.0,56.06350940973931
1,EV_B07_C021_Moto_Lineal_Electrica,4.0,84.48539485730578,-1.0,56.06350940973931
1,EV_B07_C021_Moto_Lineal_Electrica,3.0,84.48539485730578,-1.0,56.06350940973931
1,EV_B07_C021_Moto_Lineal_Electrica,2.0,84.48539485730578,-1.0,56.06350940973931
1,EV_B07_C021_Moto_Lineal_Electrica,1.0,84.48539485730578,-1.0,56.06350940973931
1,EV_B07_C021_Moto_Lineal_Electrica,0.0,84.48539485730578,-1.0,56.06350940973931
3,NONE,-1.0,-0.1,-1.0,-0.1
3,NONE,-1.0,-0.1,-1.0,-0.1
3,NONE,-1.0,-0.1,-1.0,-0.1
3,NONE,-1.0,-0.1,-1.0,-0.1
3,NONE,-1.0,-0.1,-1.0,-0.1
3,NONE,-1.0,-0.1,-1.0,-0.1
3,NONE,-1.0,-0.1,-1.0,-0.1
3,NONE,-1.0,-0.1,-1.0,-0.1
3,NONE,-1.0,-0.1,-1.0,-0.1
3,NONE,-1.0,-0.1,-1.0,-0.1
3,NONE,-1.0,-0.1,-1.0,-0.1
3,NONE,-1.0,-0.1,-1.0,-0.1
3,NONE,-1.0,-0.1,-1.0,-0.1
3,NONE,-1.0,-0.1,-1.0,-0.1
3,NONE,-1.0,-0.1,-1.0,-0.1
2,EV_B07_C021_Moto_Lineal_Electrica,-1.0,-0.1,7.0,32.92436643692959
1,EV_B07_C021_Moto_Lineal_Electrica,7.0,85.14304805717711,-1.0,32.92436643692959
1,EV_B07_C021_Moto_Lineal_Electrica,6.0,85.14304805717711,-1.0,32.92436643692959
1,EV_B07_C021_Moto_Lineal_Electrica,5.0,85.14304805717711,-1.0,32.92436643692959
1,EV_B07_C021_Moto_Lineal_Electrica,4.0,85.14304805717711,-1.0,32.92436643692959
1,EV_B07_C021_Moto_Lineal_Electrica,3.0,85.14304805717711,-1.0,32.92436643692959
1,EV_B07_C021_Moto_Lineal_Electrica,2.0,85.14304805717711,-1.0,32.92436643692959
1,EV_B07_C021_Moto_Lineal_Electrica,1.0,85.14304805717711,-1.0,32.92436643692959
1,EV_B07_C021_Moto_Lineal_Electrica,0.0,85.14304805717711,-1.0,32.92436643692959
3,NONE,-1.0,-0.1,-1.0,-0.1
3,NONE,-1.0,-0.1,-1.0,-0.1
3,NONE,-1.0,-0.1,-1.0,-0.1
3,NONE,-1.0,-0.1,-1.0,-0.1
3,NONE,-1.0,-0.1,-1.0,-0.1
3,NONE,-1.0,-0.1,-1.0,-0.1
3,NONE,-1.0,-0.1,-1.0,-0.1
3,NONE,-1.0,-0.1,-1.0,-0.1
3,NONE,-1.0,-0.1,-1.0,-0.1
3,NONE,-1.0,-0.1,-1.0,-0.1
3,NONE,-1.0,-0.1,-1.0,-0.1
3,NONE,-1.0,-0.1,-1.0,-0.1
3,NONE,-1.0,-0.1,-1.0,-0.1
3,NONE,-1.0,-0.1,-1.0,-0.1
3,NONE,-1.0,-0.1,-1.0,-0.1
3,NONE,-1.0,-0.1,-1.0,-0.1
3,NONE,-1.0,-0.1,-1.0,-0.1
3,NONE,-1.0,-0.1,-1.0,-0.1
3,NONE,-1.0,-0.1,-1.0,-0.1
3,NONE,-1.0,-0.1,-1.0,-0.1
3,NONE,-1.0,-0.1,-1.0,-0.1
3,NONE,-1.0,-0.1,-1.0,-0.1
3,NONE,-1.0,-0.1,-1.0,-0.1
3,NONE,-1.0,-0.1,-1.0,-0.1
3,NONE,-1.0,-0.1,-1.0,-0.1
3,NONE,-1.0,-0.1,-1.0,-0.1
3,NONE,-1.0,-0.1,-1.0,-0.1
3,NONE,-1.0,-0.1,-1.0,-0.1
3,NONE,-1.0,-0.1,-1.0,-0.1
3,NONE,-1.0,-0.1,-1.0,-0.1
3,NONE,-1.0,-0.1,-1.0,-0.1
3,NONE,-1.0,-0.1,-1.0,-0.1
3,NONE,-1.0,-0.1,-1.0,-0.1
3,NONE,-1.0,-0.1,-1.0,-0.1
3,NONE,-1.0,-0.1,-1.0,-0.1
3,NONE,-1.0,-0.1,-1.0,-0.1
3,NONE,-1.0,-0.1,-1.0,-0.1
3,NONE,-1.0,-0.1,-1.0,-0.1
3,NONE,-1.0,-0.1,-1.0,-0.1
3,NONE,-1.0,-0.1,-1.0,-0.1
2,EV_B07_C021_Moto_Lineal_Electrica,-1.0,-0.1,8.0,10.019399567441603
1,EV_B07_C021_Moto_Lineal_Electrica,6.0,83.52170799652241,-1.0,10.019399567441603
1,EV_B07_C021_Moto_Lineal_Electrica,5.0,83.52170799652241,-1.0,10.019399567441603
1,EV_B07_C021_Moto_Lineal_Electrica,4.0,83.52170799652241,-1.0,10.019399567441603
1,EV_B07_C021_Moto_Lineal_Electrica,3.0,83.52170799652241,-1.0,10.019399567441603
1,EV_B07_C021_Moto_Lineal_Electrica,2.0,83.52170799652241,-1.0,10.019399567441603
1,EV_B07_C021_Moto_Lineal_Electrica,1.0,83.52170799652241,-1.0,10.019399567441603
1,EV_B07_C021_Moto_Lineal_Electrica,0.0,83.52170799652241,-1.0,10.019399567441603
3,NONE,-1.0,-0.1,-1.0,-0.1
3,NONE,-1.0,-0.1,-1.0,-0.1
3,NONE,-1.0,-0.1,-1.0,-0.1
3,NONE,-1.0,-0.1,-1.0,-0.1
3,NONE,-1.0,-0.1,-1.0,-0.1
3,NONE,-1.0,-0.1,-1.0,-0.1
3,NONE,-1.0,-0.1,-1.0,-0.1
3,NONE,-1.0,-0.1,-1.0,-0.1
3,NONE,-1.0,-0.1,-1.0,-0.1
3,NONE,-1.0,-0.1,-1.0,-0.1
3,NONE,-1.0,-0.1,-1.0,-0.1
3,NONE,-1.0,-0.1,-1.0,-0.1
3,NONE,-1.0,-0.1,-1.0,-0.1
3,NONE,-1.0,-0.1,-1.0,-0.1
3,NONE,-1.0,-0.1,-1.0,-0.1
2,EV_B07_C021_Moto_Lineal_Electrica,-1.0,-0.1,7.0,20.22221739350891
1,EV_B07_C021_Moto_Lineal_Electrica,7.0,75.98108709780855,-1.0,20.22221739350891
1,EV_B07_C021_Moto_Lineal_Electrica,6.0,75.98108709780855,-1.0,20.22221739350891
1,EV_B07_C021_Moto_Lineal_Electrica,5.0,75.98108709780855,-1.0,20.22221739350891
1,EV_B07_C021_Moto_Lineal_Electrica,4.0,75.98108709780855,-1.0,20.22221739350891
1,EV_B07_C021_Moto_Lineal_Electrica,3.0,75.98108709780855,-1.0,20.22221739350891
1,EV_B07_C021_Moto_Lineal_Electrica,2.0,75.98108709780855,-1.0,20.22221739350891
1,EV_B07_C021_Moto_Lineal_Electrica,1.0,75.98108709780855,-1.0,20.22221739350891
1,EV_B07_C021_Moto_Lineal_Electrica,0.0,75.98108709780855,-1.0,20.22221739350891
3,NONE,-1.0,-0.1,-1.0,-0.1
3,NONE,-1.0,-0.1,-1.0,-0.1
3,NONE,-1.0,-0.1,-1.0,-0.1
3,NONE,-1.0,-0.1,-1.0,-0.1
3,NONE,-1.0,-0.1,-1.0,-0.1
3,NONE,-1.0,-0.1,-1.0,-0.1
3,NONE,-1.0,-0.1,-1.0,-0.1
3,NONE,-1.0,-0.1,-1.0,-0.1
3,NONE,-1.0,-0.1,-1.0,-0.1
3,NONE,-1.0,-0.1,-1.0,-0.1
3,NONE,-1.0,-0.1,-1.0,-0.1
3,NONE,-1.0,-0.1,-1.0,-0.1
3,NONE,-1.0,-0.1,-1.0,-0.1
3,NONE,-1.0,-0.1,-1.0,-0.1
3,NONE,-1.0,-0.1,-1.0,-0.1
3,NONE,-1.0,-0.1,-1.0,-0.1
3,NONE,-1.0,-0.1,-1.0,-0.1
3,NONE,-1.0,-0.1,-1.0,-0.1
3,NONE,-1.0,-0.1,-1.0,-0.1
3,NONE,-1.0,-0.1,-1.0,-0.1
3,NONE,-1.0,-0.1,-1.0,-0.1
3,NONE,-1.0,-0.1,-1.0,-0.1
3,NONE,-1.0,-0.1,-1.0,-0.1
3,NONE,-1.0,-0.1,-1.0,-0.1
3,NONE,-1.0,-0.1,-1.0,-0.1
3,NONE,-1.0,-0.1,-1.0,-0.1
3,NONE,-1.0,-0.1,-1.0,-0.1
3,NONE,-1.0,-0.1,-1.0,-0.1
3,NONE,-1.0,-0.1,-1.0,-0.1
3,NONE,-1.0,-0.1,-1.0,-0.1
3,NONE,-1.0,-0.1,-1.0,-0.1
3,NONE,-1.0,-0.1,-1.0,-0.1
3,NONE,-1.0,-0.1,-1.0,-0.1
3,NONE,-1.0,-0.1,-1.0,-0.1
3,NONE,-1.0,-0.1,-1.0,-0.1
3,NONE,-1.0,-0.1,-1.0,-0.1
3,NONE,-1.0,-0.1,-1.0,-0.1
3,NONE,-1.0,-0.1,-1.0,-0.1
3,NONE,-1.0,-0.1,-1.0,-0.1
3,NONE,-1.0,-0.1,-1.0,-0.1
3,NONE,-1.0,-0.1,-1.0,-0.1
3,NONE,-1.0,-0.1,-1.0,-0.1
3,NONE,-1.0,-0.1,-1.0,-0.1
3,NONE,-1.0,-0.1,-1.0,-0.1
3,NONE,-1.0,-0.1,-1.0,-0.1
3,NONE,-1.0,-0.1,-1.0,-0.1
3,NONE,-1.0,-0.1,-1.0,-0.1
3,NONE,-1.0,-0.1,-1.0,-0.1
3,NONE,-1.0,-0.1,-1.0,-0.1
3,NONE,-1.0,-0.1,-1.0,-0.1
3,NONE,-1.0,-0.1,-1.0,-0.1
3,NONE,-1.0,-0.1,-1.0,-0.1
3,NONE,-1.0,-0.1,-1.0,-0.1
3,NONE,-1.0,-0.1,-1.0,-0.1
3,NONE,-1.0,-0.1,-1.0,-0.1
3,NONE,-1.0,-0.1,-1.0,-0.1
3,NONE,-1.0,-0.1,-1.0,-0.1
3,NONE,-1.0,-0.1,-1.0,-0.1
3,NONE,-1.0,-0.1,-1.0,-0.1
3,NONE,-1.0,-0.1,-1.0,-0.1
3,NONE,-1.0,-0.1,-1.0,-0.1
3,NONE,-1.0,-0.1,-1.0,-0.1
3,NONE,-1.0,-0.1,-1.0,-0.1
3,NONE,-1.0,-0.1,-1.0,-0.1
2,EV_B07_C021_Moto_Lineal_Electrica,-1.0,-0.1,8.0,26.96948013180163
1,EV_B07_C021_Moto_Lineal_Electrica,6.0,82.95809464271602,-1.0,26.96948013180163
1,EV_B07_C021_Moto_Lineal_Electrica,5.0,82.95809464271602,-1.0,26.96948013180163
1,EV_B07_C021_Moto_Lineal_Electrica,4.0,82.95809464271602,-1.0,26.96948013180163
1,EV_B07_C021_Moto_Lineal_Electrica,3.0,82.95809464271602,-1.0,26.96948013180163
1,EV_B07_C021_Moto_Lineal_Electrica,2.0,82.95809464271602,-1.0,26.96948013180163
1,EV_B07_C021_Moto_Lineal_Electrica,1.0,82.95809464271602,-1.0,26.96948013180163
1,EV_B07_C021_Moto_Lineal_Electrica,0.0,82.95809464271602,-1.0,26.96948013180163
3,NONE,-1.0,-0.1,-1.0,-0.1
3,NONE,-1.0,-0.1,-1.0,-0.1
3,NONE,-1.0,-0.1,-1.0,-0.1
3,NONE,-1.0,-0.1,-1.0,-0.1
3,NONE,-1.0,-0.1,-1.0,-0.1
3,NONE,-1.0,-0.1,-1.0,-0.1
3,NONE,-1.0,-0.1,-1.0,-0.1
3,NONE,-1.0,-0.1,-1.0,-0.1
3,NONE,-1.0,-0.1,-1.0,-0.1
3,NONE,-1.0,-0.1,-1.0,-0.1
3,NONE,-1.0,-0.1,-1.0,-0.1
3,NONE,-1.0,-0.1,-1.0,-0.1
3,NONE,-1.0,-0.1,-1.0,-0.1
3,NONE,-1.0,-0.1,-1.0,-0.1
3,NONE,-1.0,-0.1,-1.0,-0.1
3,NONE,-1.0,-0.1,-1.0,-0.1
2,EV_B07_C021_Moto_Lineal_Electrica,-1.0,-0.1,8.0,7.730837979640974
1,EV_B07_C021_Moto_Lineal_Electrica,6.0,82.48198857989397,-1.0,7.730837979640974
1,EV_B07_C021_Moto_Lineal_Electrica,5.0,82.48198857989397,-1.0,7.730837979640974
1,EV_B07_C021_Moto_Lineal_Electrica,4.0,82.48198857989397,-1.0,7.730837979640974
1,EV_B07_C021_Moto_Lineal_Electrica,3.0,82.48198857989397,-1.0,7.730837979640974
1,EV_B07_C021_Moto_Lineal_Electrica,2.0,82.48198857989397,-1.0,7.730837979640974
1,EV_B07_C021_Moto_Lineal_Electrica,1.0,82.48198857989397,-1.0,7.730837979640974
1,EV_B07_C021_Moto_Lineal_Electrica,0.0,82.48198857989397,-1.0,7.730837979640974
3,NONE,-1.0,-0.1,-1.0,-0.1
3,NONE,-1.0,-0.1,-1.0,-0.1
3,NONE,-1.0,-0.1,-1.0,-0.1
3,NONE,-1.0,-0.1,-1.0,-0.1
3,NONE,-1.0,-0.1,-1.0,-0.1
3,NONE,-1.0,-0.1,-1.0,-0.1
3,NONE,-1.0,-0.1,-1.0,-0.1
3,NONE,-1.0,-0.1,-1.0,-0.1
3,NONE,-1.0,-0.1,-1.0,-0.1
3,NONE,-1.0,-0.1,-1.0,-0.1
3,NONE,-1.0,-0.1,-1.0,-0.1
3,NONE,-1.0,-0.1,-1.0,-0.1
3,NONE,-1.0,-0.1,-1.0,-0.1
3,NONE,-1.0,-0.1,-1.0,-0.1
3,NONE,-1.0,-0.1,-1.0,-0.1
3,NONE,-1.0,-0.1,-1.0,-0.1
2,EV_B07_C021_Moto_Lineal_Electrica,-1.0,-0.1,8.0,42.1170502828606
1,EV_B07_C021_Moto_Lineal_Electrica,6.0,82.17869591909579,-1.0,42.1170502828606
1,EV_B07_C021_Moto_Lineal_Electrica,5.0,82.17869591909579,-1.0,42.1170502828606
1,EV_B07_C021_Moto_Lineal_Electrica,4.0,82.17869591909579,-1.0,42.1170502828606
1,EV_B07_C021_Moto_Lineal_Electrica,3.0,82.17869591909579,-1.0,42.1170502828606
1,EV_B07_C021_Moto_Lineal_Electrica,2.0,82.17869591909579,-1.0,42.1170502828606
1,EV_B07_C021_Moto_Lineal_Electrica,1.0,82.17869591909579,-1.0,42.1170502828606
1,EV_B07_C021_Moto_Lineal_Electrica,0.0,82.17869591909579,-1.0,42.1170502828606
3,NONE,-1.0,-0.1,-1.0,-0.1
3,NONE,-1.0,-0.1,-1.0,-0.1
3,NONE,-1.0,-0.1,-1.0,-0.1
3,NONE,-1.0,-0.1,-1.0,-0.1
3,NONE,-1.0,-0.1,-1.0,-0.1
3,NONE,-1.0,-0.1,-1.0,-0.1
3,NONE,-1.0,-0.1,-1.0,-0.1
3,NONE,-1.0,-0.1,-1.0,-0.1
3,NONE,-1.0,-0.1,-1.0,-0.1
3,NONE,-1.0,-0.1,-1.0,-0.1
3,NONE,-1.0,-0.1,-1.0,-0.1
3,NONE,-1.0,-0.1,-1.0,-0.1
3,NONE,-1.0,-0.1,-1.0,-0.1
3,NONE,-1.0,-0.1,-1.0,-0.1
3,NONE,-1.0,-0.1,-1.0,-0.1
2,EV_B07_C021_Moto_Lineal_Electrica,-1.0,-0.1,7.0,42.336777646025766
1,EV_B07_C021_Moto_Lineal_Electrica,6.0,84.99081671129974,-1.0,42.336777646025766
1,EV_B07_C021_Moto_Lineal_Electrica,5.0,84.99081671129974,-1.0,42.336777646025766
1,EV_B07_C021_Moto_Lineal_Electrica,4.0,84.99081671129974,-1.0,42.336777646025766
1,EV_B07_C021_Moto_Lineal_Electrica,3.0,84.99081671129974,-1.0,42.336777646025766
1,EV_B07_C021_Moto_Lineal_Electrica,2.0,84.99081671129974,-1.0,42.336777646025766
1,EV_B07_C021_Moto_Lineal_Electrica,1.0,84.99081671129974,-1.0,42.336777646025766
1,EV_B07_C021_Moto_Lineal_Electrica,0.0,84.99081671129974,-1.0,42.336777646025766
3,NONE,-1.0,-0.1,-1.0,-0.1
3,NONE,-1.0,-0.1,-1.0,-0.1
3,NONE,-1.0,-0.1,-1.0,-0.1
3,NONE,-1.0,-0.1,-1.0,-0.1
3,NONE,-1.0,-0.1,-1.0,-0.1
3,NONE,-1.0,-0.1,-1.0,-0.1
3,NONE,-1.0,-0.1,-1.0,-0.1
3,NONE,-1.0,-0.1,-1.0,-0.1
3,NONE,-1.0,-0.1,-1.0,-0.1
3,NONE,-1.0,-0.1,-1.0,-0.1
3,NONE,-1.0,-0.1,-1.0,-0.1
3,NONE,-1.0,-0.1,-1.0,-0.1
3,NONE,-1.0,-0.1,-1.0,-0.1
3,NONE,-1.0,-0.1,-1.0,-0.1
3,NONE,-1.0,-0.1,-1.0,-0.1
3,NONE,-1.0,-0.1,-1.0,-0.1
3,NONE,-1.0,-0.1,-1.0,-0.1
3,NONE,-1.0,-0.1,-1.0,-0.1
3,NONE,-1.0,-0.1,-1.0,-0.1
3,NONE,-1.0,-0.1,-1.0,-0.1
3,NONE,-1.0,-0.1,-1.0,-0.1
3,NONE,-1.0,-0.1,-1.0,-0.1
3,NONE,-1.0,-0.1,-1.0,-0.1
3,NONE,-1.0,-0.1,-1.0,-0.1
3,NONE,-1.0,-0.1,-1.0,-0.1
3,NONE,-1.0,-0.1,-1.0,-0.1
3,NONE,-1.0,-0.1,-1.0,-0.1
3,NONE,-1.0,-0.1,-1.0,-0.1
3,NONE,-1.0,-0.1,-1.0,-0.1
3,NONE,-1.0,-0.1,-1.0,-0.1
3,NONE,-1.0,-0.1,-1.0,-0.1
3,NONE,-1.0,-0.1,-1.0,-0.1
3,NONE,-1.0,-0.1,-1.0,-0.1
3,NONE,-1.0,-0.1,-1.0,-0.1
3,NONE,-1.0,-0.1,-1.0,-0.1
3,NONE,-1.0,-0.1,-1.0,-0.1
3,NONE,-1.0,-0.1,-1.0,-0.1
3,NONE,-1.0,-0.1,-1.0,-0.1
3,NONE,-1.0,-0.1,-1.0,-0.1
3,NONE,-1.0,-0.1,-1.0,-0.1
3,NONE,-1.0,-0.1,-1.0,-0.1
3,NONE,-1.0,-0.1,-1.0,-0.1
3,NONE,-1.0,-0.1,-1.0,-0.1
3,NONE,-1.0,-0.1,-1.0,-0.1
3,NONE,-1.0,-0.1,-1.0,-0.1
3,NONE,-1.0,-0.1,-1.0,-0.1
3,NONE,-1.0,-0.1,-1.0,-0.1
3,NONE,-1.0,-0.1,-1.0,-0.1
3,NONE,-1.0,-0.1,-1.0,-0.1
3,NONE,-1.0,-0.1,-1.0,-0.1
3,NONE,-1.0,-0.1,-1.0,-0.1
3,NONE,-1.0,-0.1,-1.0,-0.1
3,NONE,-1.0,-0.1,-1.0,-0.1
3,NONE,-1.0,-0.1,-1.0,-0.1
3,NONE,-1.0,-0.1,-1.0,-0.1
3,NONE,-1.0,-0.1,-1.0,-0.1
3,NONE,-1.0,-0.1,-1.0,-0.1
3,NONE,-1.0,-0.1,-1.0,-0.1
3,NONE,-1.0,-0.1,-1.0,-0.1
3,NONE,-1.0,-0.1,-1.0,-0.1
3,NONE,-1.0,-0.1,-1.0,-0.1
3,NONE,-1.0,-0.1,-1.0,-0.1
3,NONE,-1.0,-0.1,-1.0,-0.1
3,NONE,-1.0,-0.1,-1.0,-0.1
3,NONE,-1.0,-0.1,-1.0,-0.1
3,NONE,-1.0,-0.1,-1.0,-0.1
3,NONE,-1.0,-0.1,-1.0,-0.1
3,NONE,-1.0,-0.1,-1.0,-0.1
3,NONE,-1.0,-0.1,-1.0,-0.1
3,NONE,-1.0,-0.1,-1.0,-0.1
3,NONE,-1.0,-0.1,-1.0,-0.1
3,NONE,-1.0,-0.1,-1.0,-0.1
3,NONE,-1.0,-0.1,-1.0,-0.1
3,NONE,-1.0,-0.1,-1.0,-0.1
3,NONE,-1.0,-0.1,-1.0,-0.1
3,NONE,-1.0,-0.1,-1.0,-0.1
3,NONE,-1.0,-0.1,-1.0,-0.1
3,NONE,-1.0,-0.1,-1.0,-0.1
3,NONE,-1.0,-0.1,-1.0,-0.1
3,NONE,-1.0,-0.1,-1.0,-0.1
3,NONE,-1.0,-0.1,-1.0,-0.1
3,NONE,-1.0,-0.1,-1.0,-0.1
3,NONE,-1.0,-0.1,-1.0,-0.1
3,NONE,-1.0,-0.1,-1.0,-0.1
3,NONE,-1.0,-0.1,-1.0,-0.1
3,NONE,-1.0,-0.1,-1.0,-0.1
3,NONE,-1.0,-0.1,-1.0,-0.1
3,NONE,-1.0,-0.1,-1.0,-0.1
3,NONE,-1.0,-0.1,-1.0,-0.1
3,NONE,-1.0,-0.1,-1.0,-0.1
3,NONE,-1.0,-0.1,-1.0,-0.1
3,NONE,-1.0,-0.1,-1.0,-0.1
3,NONE,-1.0,-0.1,-1.0,-0.1
3,NONE,-1.0,-0.1,-1.0,-0.1
3,NONE,-1.0,-0.1,-1.0,-0.1
3,NONE,-1.0,-0.1,-1.0,-0.1
3,NONE,-1.0,-0.1,-1.0,-0.1
3,NONE,-1.0,-0.1,-1.0,-0.1
3,NONE,-1.0,-0.1,-1.0,-0.1
3,NONE,-1.0,-0.1,-1.0,-0.1
3,NONE,-1.0,-0.1,-1.0,-0.1
3,NONE,-1.0,-0.1,-1.0,-0.1
3,NONE,-1.0,-0.1,-1.0,-0.1
3,NONE,-1.0,-0.1,-1.0,-0.1
3,NONE,-1.0,-0.1,-1.0,-0.1
3,NONE,-1.0,-0.1,-1.0,-0.1
3,NONE,-1.0,-0.1,-1.0,-0.1
3,NONE,-1.0,-0.1,-1.0,-0.1
3,NONE,-1.0,-0.1,-1.0,-0.1
3,NONE,-1.0,-0.1,-1.0,-0.1
3,NONE,-1.0,-0.1,-1.0,-0.1
3,NONE,-1.0,-0.1,-1.0,-0.1
3,NONE,-1.0,-0.1,-1.0,-0.1
3,NONE,-1.0,-0.1,-1.0,-0.1
3,NONE,-1.0,-0.1,-1.0,-0.1
3,NONE,-1.0,-0.1,-1.0,-0.1
3,NONE,-1.0,-0.1,-1.0,-0.1
3,NONE,-1.0,-0.1,-1.0,-0.1
3,NONE,-1.0,-0.1,-1.0,-0.1
3,NONE,-1.0,-0.1,-1.0,-0.1
3,NONE,-1.0,-0.1,-1.0,-0.1
3,NONE,-1.0,-0.1,-1.0,-0.1
3,NONE,-1.0,-0.1,-1.0,-0.1
3,NONE,-1.0,-0.1,-1.0,-0.1
3,NONE,-1.0,-0.1,-1.0,-0.1
3,NONE,-1.0,-0.1,-1.0,-0.1
3,NONE,-1.0,-0.1,-1.0,-0.1
3,NONE,-1.0,-0.1,-1.0,-0.1
3,NONE,-1.0,-0.1,-1.0,-0.1
3,NONE,-1.0,-0.1,-1.0,-0.1
3,NONE,-1.0,-0.1,-1.0,-0.1
3,NONE,-1.0,-0.1,-1.0,-0.1
3,NONE,-1.0,-0.1,-1.0,-0.1
3,NONE,-1.0,-0.1,-1.0,-0.1
3,NONE,-1.0,-0.1,-1.0,-0.1
3,NONE,-1.0,-0.1,-1.0,-0.1
2,EV_B07_C021_Moto_Lineal_Electrica,-1.0,-0.1,7.0,36.26795918580917
1,EV_B07_C021_Moto_Lineal_Electrica,7.0,88.26187634276666,-1.0,36.26795918580917
1,EV_B07_C021_Moto_Lineal_Electrica,6.0,88.26187634276666,-1.0,36.26795918580917
1,EV_B07_C021_Moto_Lineal_Electrica,5.0,88.26187634276666,-1.0,36.26795918580917
1,EV_B07_C021_Moto_Lineal_Electrica,4.0,88.26187634276666,-1.0,36.26795918580917
1,EV_B07_C021_Moto_Lineal_Electrica,3.0,88.26187634276666,-1.0,36.26795918580917
1,EV_B07_C021_Moto_Lineal_Electrica,2.0,88.26187634276666,-1.0,36.26795918580917
1,EV_B07_C021_Moto_Lineal_Electrica,1.0,88.26187634276666,-1.0,36.26795918580917
1,EV_B07_C021_Moto_Lineal_Electrica,0.0,88.26187634276666,-1.0,36.26795918580917
3,NONE,-1.0,-0.1,-1.0,-0.1
3,NONE,-1.0,-0.1,-1.0,-0.1
3,NONE,-1.0,-0.1,-1.0,-0.1
3,NONE,-1.0,-0.1,-1.0,-0.1
3,NONE,-1.0,-0.1,-1.0,-0.1
3,NONE,-1.0,-0.1,-1.0,-0.1
3,NONE,-1.0,-0.1,-1.0,-0.1
3,NONE,-1.0,-0.1,-1.0,-0.1
3,NONE,-1.0,-0.1,-1.0,-0.1
3,NONE,-1.0,-0.1,-1.0,-0.1
3,NONE,-1.0,-0.1,-1.0,-0.1
3,NONE,-1.0,-0.1,-1.0,-0.1
3,NONE,-1.0,-0.1,-1.0,-0.1
3,NONE,-1.0,-0.1,-1.0,-0.1
3,NONE,-1.0,-0.1,-1.0,-0.1
3,NONE,-1.0,-0.1,-1.0,-0.1
3,NONE,-1.0,-0.1,-1.0,-0.1
3,NONE,-1.0,-0.1,-1.0,-0.1
3,NONE,-1.0,-0.1,-1.0,-0.1
3,NONE,-1.0,-0.1,-1.0,-0.1
3,NONE,-1.0,-0.1,-1.0,-0.1
3,NONE,-1.0,-0.1,-1.0,-0.1
3,NONE,-1.0,-0.1,-1.0,-0.1
3,NONE,-1.0,-0.1,-1.0,-0.1
3,NONE,-1.0,-0.1,-1.0,-0.1
3,NONE,-1.0,-0.1,-1.0,-0.1
3,NONE,-1.0,-0.1,-1.0,-0.1
3,NONE,-1.0,-0.1,-1.0,-0.1
3,NONE,-1.0,-0.1,-1.0,-0.1
3,NONE,-1.0,-0.1,-1.0,-0.1
3,NONE,-1.0,-0.1,-1.0,-0.1
3,NONE,-1.0,-0.1,-1.0,-0.1
3,NONE,-1.0,-0.1,-1.0,-0.1
3,NONE,-1.0,-0.1,-1.0,-0.1
3,NONE,-1.0,-0.1,-1.0,-0.1
3,NONE,-1.0,-0.1,-1.0,-0.1
3,NONE,-1.0,-0.1,-1.0,-0.1
3,NONE,-1.0,-0.1,-1.0,-0.1
3,NONE,-1.0,-0.1,-1.0,-0.1
3,NONE,-1.0,-0.1,-1.0,-0.1
3,NONE,-1.0,-0.1,-1.0,-0.1
3,NONE,-1.0,-0.1,-1.0,-0.1
3,NONE,-1.0,-0.1,-1.0,-0.1
3,NONE,-1.0,-0.1,-1.0,-0.1
3,NONE,-1.0,-0.1,-1.0,-0.1
3,NONE,-1.0,-0.1,-1.0,-0.1
3,NONE,-1.0,-0.1,-1.0,-0.1
3,NONE,-1.0,-0.1,-1.0,-0.1
3,NONE,-1.0,-0.1,-1.0,-0.1
3,NONE,-1.0,-0.1,-1.0,-0.1
3,NONE,-1.0,-0.1,-1.0,-0.1
3,NONE,-1.0,-0.1,-1.0,-0.1
3,NONE,-1.0,-0.1,-1.0,-0.1
3,NONE,-1.0,-0.1,-1.0,-0.1
3,NONE,-1.0,-0.1,-1.0,-0.1
3,NONE,-1.0,-0.1,-1.0,-0.1
3,NONE,-1.0,-0.1,-1.0,-0.1
3,NONE,-1.0,-0.1,-1.0,-0.1
3,NONE,-1.0,-0.1,-1.0,-0.1
3,NONE,-1.0,-0.1,-1.0,-0.1
3,NONE,-1.0,-0.1,-1.0,-0.1
3,NONE,-1.0,-0.1,-1.0,-0.1
3,NONE,-1.0,-0.1,-1.0,-0.1
3,NONE,-1.0,-0.1,-1.0,-0.1
3,NONE,-1.0,-0.1,-1.0,-0.1
3,NONE,-1.0,-0.1,-1.0,-0.1
3,NONE,-1.0,-0.1,-1.0,-0.1
3,NONE,-1.0,-0.1,-1.0,-0.1
3,NONE,-1.0,-0.1,-1.0,-0.1
3,NONE,-1.0,-0.1,-1.0,-0.1
3,NONE,-1.0,-0.1,-1.0,-0.1
3,NONE,-1.0,-0.1,-1.0,-0.1
3,NONE,-1.0,-0.1,-1.0,-0.1
3,NONE,-1.0,-0.1,-1.0,-0.1
3,NONE,-1.0,-0.1,-1.0,-0.1
3,NONE,-1.0,-0.1,-1.0,-0.1
3,NONE,-1.0,-0.1,-1.0,-0.1
3,NONE,-1.0,-0.1,-1.0,-0.1
3,NONE,-1.0,-0.1,-1.0,-0.1
3,NONE,-1.0,-0.1,-1.0,-0.1
3,NONE,-1.0,-0.1,-1.0,-0.1
3,NONE,-1.0,-0.1,-1.0,-0.1
3,NONE,-1.0,-0.1,-1.0,-0.1
3,NONE,-1.0,-0.1,-1.0,-0.1
3,NONE,-1.0,-0.1,-1.0,-0.1
3,NONE,-1.0,-0.1,-1.0,-0.1
3,NONE,-1.0,-0.1,-1.0,-0.1
3,NONE,-1.0,-0.1,-1.0,-0.1
3,NONE,-1.0,-0.1,-1.0,-0.1
3,NONE,-1.0,-0.1,-1.0,-0.1
3,NONE,-1.0,-0.1,-1.0,-0.1
3,NONE,-1.0,-0.1,-1.0,-0.1
3,NONE,-1.0,-0.1,-1.0,-0.1
3,NONE,-1.0,-0.1,-1.0,-0.1
3,NONE,-1.0,-0.1,-1.0,-0.1
3,NONE,-1.0,-0.1,-1.0,-0.1
3,NONE,-1.0,-0.1,-1.0,-0.1
3,NONE,-1.0,-0.1,-1.0,-0.1
3,NONE,-1.0,-0.1,-1.0,-0.1
3,NONE,-1.0,-0.1,-1.0,-0.1
3,NONE,-1.0,-0.1,-1.0,-0.1
3,NONE,-1.0,-0.1,-1.0,-0.1
3,NONE,-1.0,-0.1,-1.0,-0.1
3,NONE,-1.0,-0.1,-1.0,-0.1
3,NONE,-1.0,-0.1,-1.0,-0.1
3,NONE,-1.0,-0.1,-1.0,-0.1
3,NONE,-1.0,-0.1,-1.0,-0.1
3,NONE,-1.0,-0.1,-1.0,-0.1
3,NONE,-1.0,-0.1,-1.0,-0.1
3,NONE,-1.0,-0.1,-1.0,-0.1
3,NONE,-1.0,-0.1,-1.0,-0.1
2,EV_B07_C021_Moto_Lineal_Electrica,-1.0,-0.1,7.0,47.481455051038154
1,EV_B07_C021_Moto_Lineal_Electrica,7.0,86.80114972950993,-1.0,47.481455051038154
1,EV_B07_C021_Moto_Lineal_Electrica,6.0,86.80114972950993,-1.0,47.481455051038154
1,EV_B07_C021_Moto_Lineal_Electrica,5.0,86.80114972950993,-1.0,47.481455051038154
1,EV_B07_C021_Moto_Lineal_Electrica,4.0,86.80114972950993,-1.0,47.481455051038154
1,EV_B07_C021_Moto_Lineal_Electrica,3.0,86.80114972950993,-1.0,47.481455051038154
1,EV_B07_C021_Moto_Lineal_Electrica,2.0,86.80114972950993,-1.0,47.481455051038154
1,EV_B07_C021_Moto_Lineal_Electrica,1.0,86.80114972950993,-1.0,47.481455051038154
1,EV_B07_C021_Moto_Lineal_Electrica,0.0,86.80114972950993,-1.0,47.481455051038154
3,NONE,-1.0,-0.1,-1.0,-0.1
3,NONE,-1.0,-0.1,-1.0,-0.1
3,NONE,-1.0,-0.1,-1.0,-0.1
3,NONE,-1.0,-0.1,-1.0,-0.1
3,NONE,-1.0,-0.1,-1.0,-0.1
3,NONE,-1.0,-0.1,-1.0,-0.1
3,NONE,-1.0,-0.1,-1.0,-0.1
3,NONE,-1.0,-0.1,-1.0,-0.1
3,NONE,-1.0,-0.1,-1.0,-0.1
3,NONE,-1.0,-0.1,-1.0,-0.1
3,NONE,-1.0,-0.1,-1.0,-0.1
3,NONE,-1.0,-0.1,-1.0,-0.1
3,NONE,-1.0,-0.1,-1.0,-0.1
3,NONE,-1.0,-0.1,-1.0,-0.1
3,NONE,-1.0,-0.1,-1.0,-0.1
3,NONE,-1.0,-0.1,-1.0,-0.1
2,EV_B07_C021_Moto_Lineal_Electrica,-1.0,-0.1,8.0,53.47681735812975
1,EV_B07_C021_Moto_Lineal_Electrica,6.0,87.48516935745165,-1.0,53.47681735812975
1,EV_B07_C021_Moto_Lineal_Electrica,5.0,87.48516935745165,-1.0,53.47681735812975
1,EV_B07_C021_Moto_Lineal_Electrica,4.0,87.48516935745165,-1.0,53.47681735812975
1,EV_B07_C021_Moto_Lineal_Electrica,3.0,87.48516935745165,-1.0,53.47681735812975
1,EV_B07_C021_Moto_Lineal_Electrica,2.0,87.48516935745165,-1.0,53.47681735812975
1,EV_B07_C021_Moto_Lineal_Electrica,1.0,87.48516935745165,-1.0,53.47681735812975
1,EV_B07_C021_Moto_Lineal_Electrica,0.0,87.48516935745165,-1.0,53.47681735812975
3,NONE,-1.0,-0.1,-1.0,-0.1
3,NONE,-1.0,-0.1,-1.0,-0.1
3,NONE,-1.0,-0.1,-1.0,-0.1
3,NONE,-1.0,-0.1,-1.0,-0.1
3,NONE,-1.0,-0.1,-1.0,-0.1
3,NONE,-1.0,-0.1,-1.0,-0.1
3,NONE,-1.0,-0.1,-1.0,-0.1
3,NONE,-1.0,-0.1,-1.0,-0.1
3,NONE,-1.0,-0.1,-1.0,-0.1
3,NONE,-1.0,-0.1,-1.0,-0.1
3,NONE,-1.0,-0.1,-1.0,-0.1
3,NONE,-1.0,-0.1,-1.0,-0.1
3,NONE,-1.0,-0.1,-1.0,-0.1
3,NONE,-1.0,-0.1,-1.0,-0.1
3,NONE,-1.0,-0.1,-1.0,-0.1
2,EV_B07_C021_Moto_Lineal_Electrica,-1.0,-0.1,7.0,22.54065821252098
1,EV_B07_C021_Moto_Lineal_Electrica,7.0,87.69316542153156,-1.0,22.54065821252098
1,EV_B07_C021_Moto_Lineal_Electrica,6.0,87.69316542153156,-1.0,22.54065821252098
1,EV_B07_C021_Moto_Lineal_Electrica,5.0,87.69316542153156,-1.0,22.54065821252098
1,EV_B07_C021_Moto_Lineal_Electrica,4.0,87.69316542153156,-1.0,22.54065821252098
1,EV_B07_C021_Moto_Lineal_Electrica,3.0,87.69316542153156,-1.0,22.54065821252098
1,EV_B07_C021_Moto_Lineal_Electrica,2.0,87.69316542153156,-1.0,22.54065821252098
1,EV_B07_C021_Moto_Lineal_Electrica,1.0,87.69316542153156,-1.0,22.54065821252098
1,EV_B07_C021_Moto_Lineal_Electrica,0.0,87.69316542153156,-1.0,22.54065821252098
3,NONE,-1.0,-0.1,-1.0,-0.1
3,NONE,-1.0,-0.1,-1.0,-0.1
3,NONE,-1.0,-0.1,-1.0,-0.1
3,NONE,-1.0,-0.1,-1.0,-0.1
3,NONE,-1.0,-0.1,-1.0,-0.1
3,NONE,-1.0,-0.1,-1.0,-0.1
3,NONE,-1.0,-0.1,-1.0,-0.1
3,NONE,-1.0,-0.1,-1.0,-0.1
3,NONE,-1.0,-0.1,-1.0,-0.1
3,NONE,-1.0,-0.1,-1.0,-0.1
3,NONE,-1.0,-0.1,-1.0,-0.1
3,NONE,-1.0,-0.1,-1.0,-0.1
3,NONE,-1.0,-0.1,-1.0,-0.1
3,NONE,-1.0,-0.1,-1.0,-0.1
3,NONE,-1.0,-0.1,-1.0,-0.1
2,EV_B07_C021_Moto_Lineal_Electrica,-1.0,-0.1,7.0,28.779867323388483
1,EV_B07_C021_Moto_Lineal_Electrica,7.0,87.73821347733454,-1.0,28.779867323388483
1,EV_B07_C021_Moto_Lineal_Electrica,6.0,87.73821347733454,-1.0,28.779867323388483
1,EV_B07_C021_Moto_Lineal_Electrica,5.0,87.73821347733454,-1.0,28.779867323388483
1,EV_B07_C021_Moto_Lineal_Electrica,4.0,87.73821347733454,-1.0,28.779867323388483
1,EV_B07_C021_Moto_Lineal_Electrica,3.0,87.73821347733454,-1.0,28.779867323388483
1,EV_B07_C021_Moto_Lineal_Electrica,2.0,87.73821347733454,-1.0,28.779867323388483
1,EV_B07_C021_Moto_Lineal_Electrica,1.0,87.73821347733454,-1.0,28.779867323388483
1,EV_B07_C021_Moto_Lineal_Electrica,0.0,87.73821347733454,-1.0,28.779867323388483
3,NONE,-1.0,-0.1,-1.0,-0.1
3,NONE,-1.0,-0.1,-1.0,-0.1
3,NONE,-1.0,-0.1,-1.0,-0.1
3,NONE,-1.0,-0.1,-1.0,-0.1
3,NONE,-1.0,-0.1,-1.0,-0.1
3,NONE,-1.0,-0.1,-1.0,-0.1
3,NONE,-1.0,-0.1,-1.0,-0.1
3,NONE,-1.0,-0.1,-1.0,-0.1
3,NONE,-1.0,-0.1,-1.0,-0.1
3,NONE,-1.0,-0.1,-1.0,-0.1
3,NONE,-1.0,-0.1,-1.0,-0.1
3,NONE,-1.0,-0.1,-1.0,-0.1
3,NONE,-1.0,-0.1,-1.0,-0.1
3,NONE,-1.0,-0.1,-1.0,-0.1
3,NONE,-1.0,-0.1,-1.0,-0.1
2,EV_B07_C021_Moto_Lineal_Electrica,-1.0,-0.1,7.0,33.84846904267374
1,EV_B07_C021_Moto_Lineal_Electrica,7.0,84.54205531751207,-1.0,33.84846904267374
1,EV_B07_C021_Moto_Lineal_Electrica,6.0,84.54205531751207,-1.0,33.84846904267374
1,EV_B07_C021_Moto_Lineal_Electrica,5.0,84.54205531751207,-1.0,33.84846904267374
1,EV_B07_C021_Moto_Lineal_Electrica,4.0,84.54205531751207,-1.0,33.84846904267374
1,EV_B07_C021_Moto_Lineal_Electrica,3.0,84.54205531751207,-1.0,33.84846904267374
1,EV_B07_C021_Moto_Lineal_Electrica,2.0,84.54205531751207,-1.0,33.84846904267374
1,EV_B07_C021_Moto_Lineal_Electrica,1.0,84.54205531751207,-1.0,33.84846904267374
1,EV_B07_C021_Moto_Lineal_Electrica,0.0,84.54205531751207,-1.0,33.84846904267374
3,NONE,-1.0,-0.1,-1.0,-0.1
3,NONE,-1.0,-0.1,-1.0,-0.1
3,NONE,-1.0,-0.1,-1.0,-0.1
3,NONE,-1.0,-0.1,-1.0,-0.1
3,NONE,-1.0,-0.1,-1.0,-0.1
3,NONE,-1.0,-0.1,-1.0,-0.1
3,NONE,-1.0,-0.1,-1.0,-0.1
3,NONE,-1.0,-0.1,-1.0,-0.1
3,NONE,-1.0,-0.1,-1.0,-0.1
3,NONE,-1.0,-0.1,-1.0,-0.1
3,NONE,-1.0,-0.1,-1.0,-0.1
3,NONE,-1.0,-0.1,-1.0,-0.1
3,NONE,-1.0,-0.1,-1.0,-0.1
3,NONE,-1.0,-0.1,-1.0,-0.1
3,NONE,-1.0,-0.1,-1.0,-0.1
3,NONE,-1.0,-0.1,-1.0,-0.1
3,NONE,-1.0,-0.1,-1.0,-0.1
3,NONE,-1.0,-0.1,-1.0,-0.1
3,NONE,-1.0,-0.1,-1.0,-0.1
3,NONE,-1.0,-0.1,-1.0,-0.1
3,NONE,-1.0,-0.1,-1.0,-0.1
3,NONE,-1.0,-0.1,-1.0,-0.1
3,NONE,-1.0,-0.1,-1.0,-0.1
3,NONE,-1.0,-0.1,-1.0,-0.1
3,NONE,-1.0,-0.1,-1.0,-0.1
3,NONE,-1.0,-0.1,-1.0,-0.1
3,NONE,-1.0,-0.1,-1.0,-0.1
3,NONE,-1.0,-0.1,-1.0,-0.1
3,NONE,-1.0,-0.1,-1.0,-0.1
3,NONE,-1.0,-0.1,-1.0,-0.1
3,NONE,-1.0,-0.1,-1.0,-0.1
3,NONE,-1.0,-0.1,-1.0,-0.1
3,NONE,-1.0,-0.1,-1.0,-0.1
3,NONE,-1.0,-0.1,-1.0,-0.1
3,NONE,-1.0,-0.1,-1.0,-0.1
3,NONE,-1.0,-0.1,-1.0,-0.1
3,NONE,-1.0,-0.1,-1.0,-0.1
3,NONE,-1.0,-0.1,-1.0,-0.1
3,NONE,-1.0,-0.1,-1.0,-0.1
3,NONE,-1.0,-0.1,-1.0,-0.1
3,NONE,-1.0,-0.1,-1.0,-0.1
3,NONE,-1.0,-0.1,-1.0,-0.1
3,NONE,-1.0,-0.1,-1.0,-0.1
3,NONE,-1.0,-0.1,-1.0,-0.1
3,NONE,-1.0,-0.1,-1.0,-0.1
3,NONE,-1.0,-0.1,-1.0,-0.1
3,NONE,-1.0,-0.1,-1.0,-0.1
3,NONE,-1.0,-0.1,-1.0,-0.1
3,NONE,-1.0,-0.1,-1.0,-0.1
3,NONE,-1.0,-0.1,-1.0,-0.1
3,NONE,-1.0,-0.1,-1.0,-0.1
3,NONE,-1.0,-0.1,-1.0,-0.1
3,NONE,-1.0,-0.1,-1.0,-0.1
3,NONE,-1.0,-0.1,-1.0,-0.1
3,NONE,-1.0,-0.1,-1.0,-0.1
3,NONE,-1.0,-0.1,-1.0,-0.1
3,NONE,-1.0,-0.1,-1.0,-0.1
3,NONE,-1.0,-0.1,-1.0,-0.1
3,NONE,-1.0,-0.1,-1.0,-0.1
3,NONE,-1.0,-0.1,-1.0,-0.1
3,NONE,-1.0,-0.1,-1.0,-0.1
3,NONE,-1.0,-0.1,-1.0,-0.1
3,NONE,-1.0,-0.1,-1.0,-0.1
3,NONE,-1.0,-0.1,-1.0,-0.1
2,EV_B07_C021_Moto_Lineal_Electrica,-1.0,-0.1,8.0,30.90086945448006
1,EV_B07_C021_Moto_Lineal_Electrica,6.0,85.65062951915776,-1.0,30.90086945448006
1,EV_B07_C021_Moto_Lineal_Electrica,5.0,85.65062951915776,-1.0,30.90086945448006
1,EV_B07_C021_Moto_Lineal_Electrica,4.0,85.65062951915776,-1.0,30.90086945448006
1,EV_B07_C021_Moto_Lineal_Electrica,3.0,85.65062951915776,-1.0,30.90086945448006
1,EV_B07_C021_Moto_Lineal_Electrica,2.0,85.65062951915776,-1.0,30.90086945448006
1,EV_B07_C021_Moto_Lineal_Electrica,1.0,85.65062951915776,-1.0,30.90086945448006
1,EV_B07_C021_Moto_Lineal_Electrica,0.0,85.65062951915776,-1.0,30.90086945448006
3,NONE,-1.0,-0.1,-1.0,-0.1
3,NONE,-1.0,-0.1,-1.0,-0.1
3,NONE,-1.0,-0.1,-1.0,-0.1
3,NONE,-1.0,-0.1,-1.0,-0.1
3,NONE,-1.0,-0.1,-1.0,-0.1
3,NONE,-1.0,-0.1,-1.0,-0.1
3,NONE,-1.0,-0.1,-1.0,-0.1
3,NONE,-1.0,-0.1,-1.0,-0.1
3,NONE,-1.0,-0.1,-1.0,-0.1
3,NONE,-1.0,-0.1,-1.0,-0.1
3,NONE,-1.0,-0.1,-1.0,-0.1
3,NONE,-1.0,-0.1,-1.0,-0.1
3,NONE,-1.0,-0.1,-1.0,-0.1
3,NONE,-1.0,-0.1,-1.0,-0.1
3,NONE,-1.0,-0.1,-1.0,-0.1
3,NONE,-1.0,-0.1,-1.0,-0.1
3,NONE,-1.0,-0.1,-1.0,-0.1
3,NONE,-1.0,-0.1,-1.0,-0.1
3,NONE,-1.0,-0.1,-1.0,-0.1
3,NONE,-1.0,-0.1,-1.0,-0.1
3,NONE,-1.0,-0.1,-1.0,-0.1
3,NONE,-1.0,-0.1,-1.0,-0.1
3,NONE,-1.0,-0.1,-1.0,-0.1
3,NONE,-1.0,-0.1,-1.0,-0.1
3,NONE,-1.0,-0.1,-1.0,-0.1
3,NONE,-1.0,-0.1,-1.0,-0.1
3,NONE,-1.0,-0.1,-1.0,-0.1
3,NONE,-1.0,-0.1,-1.0,-0.1
3,NONE,-1.0,-0.1,-1.0,-0.1
3,NONE,-1.0,-0.1,-1.0,-0.1
3,NONE,-1.0,-0.1,-1.0,-0.1
3,NONE,-1.0,-0.1,-1.0,-0.1
3,NONE,-1.0,-0.1,-1.0,-0.1
3,NONE,-1.0,-0.1,-1.0,-0.1
3,NONE,-1.0,-0.1,-1.0,-0.1
3,NONE,-1.0,-0.1,-1.0,-0.1
3,NONE,-1.0,-0.1,-1.0,-0.1
3,NONE,-1.0,-0.1,-1.0,-0.1
3,NONE,-1.0,-0.1,-1.0,-0.1
3,NONE,-1.0,-0.1,-1.0,-0.1
3,NONE,-1.0,-0.1,-1.0,-0.1
3,NONE,-1.0,-0.1,-1.0,-0.1
3,NONE,-1.0,-0.1,-1.0,-0.1
3,NONE,-1.0,-0.1,-1.0,-0.1
3,NONE,-1.0,-0.1,-1.0,-0.1
3,NONE,-1.0,-0.1,-1.0,-0.1
3,NONE,-1.0,-0.1,-1.0,-0.1
3,NONE,-1.0,-0.1,-1.0,-0.1
3,NONE,-1.0,-0.1,-1.0,-0.1
3,NONE,-1.0,-0.1,-1.0,-0.1
3,NONE,-1.0,-0.1,-1.0,-0.1
3,NONE,-1.0,-0.1,-1.0,-0.1
3,NONE,-1.0,-0.1,-1.0,-0.1
3,NONE,-1.0,-0.1,-1.0,-0.1
3,NONE,-1.0,-0.1,-1.0,-0.1
3,NONE,-1.0,-0.1,-1.0,-0.1
3,NONE,-1.0,-0.1,-1.0,-0.1
3,NONE,-1.0,-0.1,-1.0,-0.1
3,NONE,-1.0,-0.1,-1.0,-0.1
3,NONE,-1.0,-0.1,-1.0,-0.1
3,NONE,-1.0,-0.1,-1.0,-0.1
3,NONE,-1.0,-0.1,-1.0,-0.1
3,NONE,-1.0,-0.1,-1.0,-0.1
3,NONE,-1.0,-0.1,-1.0,-0.1
2,EV_B07_C021_Moto_Lineal_Electrica,-1.0,-0.1,8.0,15.76186152186262
1,EV_B07_C021_Moto_Lineal_Electrica,6.0,77.32422197412599,-1.0,15.76186152186262
1,EV_B07_C021_Moto_Lineal_Electrica,5.0,77.32422197412599,-1.0,15.76186152186262
1,EV_B07_C021_Moto_Lineal_Electrica,4.0,77.32422197412599,-1.0,15.76186152186262
1,EV_B07_C021_Moto_Lineal_Electrica,3.0,77.32422197412599,-1.0,15.76186152186262
1,EV_B07_C021_Moto_Lineal_Electrica,2.0,77.32422197412599,-1.0,15.76186152186262
1,EV_B07_C021_Moto_Lineal_Electrica,1.0,77.32422197412599,-1.0,15.76186152186262
1,EV_B07_C021_Moto_Lineal_Electrica,0.0,77.32422197412599,-1.0,15.76186152186262
3,NONE,-1.0,-0.1,-1.0,-0.1
3,NONE,-1.0,-0.1,-1.0,-0.1
3,NONE,-1.0,-0.1,-1.0,-0.1
3,NONE,-1.0,-0.1,-1.0,-0.1
3,NONE,-1.0,-0.1,-1.0,-0.1
3,NONE,-1.0,-0.1,-1.0,-0.1
3,NONE,-1.0,-0.1,-1.0,-0.1
3,NONE,-1.0,-0.1,-1.0,-0.1
3,NONE,-1.0,-0.1,-1.0,-0.1
3,NONE,-1.0,-0.1,-1.0,-0.1
3,NONE,-1.0,-0.1,-1.0,-0.1
3,NONE,-1.0,-0.1,-1.0,-0.1
3,NONE,-1.0,-0.1,-1.0,-0.1
3,NONE,-1.0,-0.1,-1.0,-0.1
3,NONE,-1.0,-0.1,-1.0,-0.1
3,NONE,-1.0,-0.1,-1.0,-0.1
2,EV_B07_C021_Moto_Lineal_Electrica,-1.0,-0.1,8.0,43.77644569565447
1,EV_B07_C021_Moto_Lineal_Electrica,6.0,86.73428257659606,-1.0,43.77644569565447
1,EV_B07_C021_Moto_Lineal_Electrica,5.0,86.73428257659606,-1.0,43.77644569565447
1,EV_B07_C021_Moto_Lineal_Electrica,4.0,86.73428257659606,-1.0,43.77644569565447
1,EV_B07_C021_Moto_Lineal_Electrica,3.0,86.73428257659606,-1.0,43.77644569565447
1,EV_B07_C021_Moto_Lineal_Electrica,2.0,86.73428257659606,-1.0,43.77644569565447
1,EV_B07_C021_Moto_Lineal_Electrica,1.0,86.73428257659606,-1.0,43.77644569565447
1,EV_B07_C021_Moto_Lineal_Electrica,0.0,86.73428257659606,-1.0,43.77644569565447
3,NONE,-1.0,-0.1,-1.0,-0.1
3,NONE,-1.0,-0.1,-1.0,-0.1
3,NONE,-1.0,-0.1,-1.0,-0.1
3,NONE,-1.0,-0.1,-1.0,-0.1
3,NONE,-1.0,-0.1,-1.0,-0.1
3,NONE,-1.0,-0.1,-1.0,-0.1
3,NONE,-1.0,-0.1,-1.0,-0.1
3,NONE,-1.0,-0.1,-1.0,-0.1
3,NONE,-1.0,-0.1,-1.0,-0.1
3,NONE,-1.0,-0.1,-1.0,-0.1
3,NONE,-1.0,-0.1,-1.0,-0.1
3,NONE,-1.0,-0.1,-1.0,-0.1
3,NONE,-1.0,-0.1,-1.0,-0.1
3,NONE,-1.0,-0.1,-1.0,-0.1
3,NONE,-1.0,-0.1,-1.0,-0.1
3,NONE,-1.0,-0.1,-1.0,-0.1
3,NONE,-1.0,-0.1,-1.0,-0.1
3,NONE,-1.0,-0.1,-1.0,-0.1
3,NONE,-1.0,-0.1,-1.0,-0.1
3,NONE,-1.0,-0.1,-1.0,-0.1
3,NONE,-1.0,-0.1,-1.0,-0.1
3,NONE,-1.0,-0.1,-1.0,-0.1
3,NONE,-1.0,-0.1,-1.0,-0.1
3,NONE,-1.0,-0.1,-1.0,-0.1
3,NONE,-1.0,-0.1,-1.0,-0.1
3,NONE,-1.0,-0.1,-1.0,-0.1
3,NONE,-1.0,-0.1,-1.0,-0.1
3,NONE,-1.0,-0.1,-1.0,-0.1
3,NONE,-1.0,-0.1,-1.0,-0.1
3,NONE,-1.0,-0.1,-1.0,-0.1
3,NONE,-1.0,-0.1,-1.0,-0.1
3,NONE,-1.0,-0.1,-1.0,-0.1
3,NONE,-1.0,-0.1,-1.0,-0.1
3,NONE,-1.0,-0.1,-1.0,-0.1
3,NONE,-1.0,-0.1,-1.0,-0.1
3,NONE,-1.0,-0.1,-1.0,-0.1
3,NONE,-1.0,-0.1,-1.0,-0.1
3,NONE,-1.0,-0.1,-1.0,-0.1
3,NONE,-1.0,-0.1,-1.0,-0.1
3,NONE,-1.0,-0.1,-1.0,-0.1
3,NONE,-1.0,-0.1,-1.0,-0.1
3,NONE,-1.0,-0.1,-1.0,-0.1
3,NONE,-1.0,-0.1,-1.0,-0.1
3,NONE,-1.0,-0.1,-1.0,-0.1
3,NONE,-1.0,-0.1,-1.0,-0.1
3,NONE,-1.0,-0.1,-1.0,-0.1
3,NONE,-1.0,-0.1,-1.0,-0.1
3,NONE,-1.0,-0.1,-1.0,-0.1
3,NONE,-1.0,-0.1,-1.0,-0.1
3,NONE,-1.0,-0.1,-1.0,-0.1
3,NONE,-1.0,-0.1,-1.0,-0.1
3,NONE,-1.0,-0.1,-1.0,-0.1
3,NONE,-1.0,-0.1,-1.0,-0.1
3,NONE,-1.0,-0.1,-1.0,-0.1
3,NONE,-1.0,-0.1,-1.0,-0.1
3,NONE,-1.0,-0.1,-1.0,-0.1
3,NONE,-1.0,-0.1,-1.0,-0.1
3,NONE,-1.0,-0.1,-1.0,-0.1
3,NONE,-1.0,-0.1,-1.0,-0.1
3,NONE,-1.0,-0.1,-1.0,-0.1
3,NONE,-1.0,-0.1,-1.0,-0.1
3,NONE,-1.0,-0.1,-1.0,-0.1
3,NONE,-1.0,-0.1,-1.0,-0.1
3,NONE,-1.0,-0.1,-1.0,-0.1
3,NONE,-1.0,-0.1,-1.0,-0.1
3,NONE,-1.0,-0.1,-1.0,-0.1
3,NONE,-1.0,-0.1,-1.0,-0.1
3,NONE,-1.0,-0.1,-1.0,-0.1
3,NONE,-1.0,-0.1,-1.0,-0.1
3,NONE,-1.0,-0.1,-1.0,-0.1
3,NONE,-1.0,-0.1,-1.0,-0.1
3,NONE,-1.0,-0.1,-1.0,-0.1
3,NONE,-1.0,-0.1,-1.0,-0.1
3,NONE,-1.0,-0.1,-1.0,-0.1
3,NONE,-1.0,-0.1,-1.0,-0.1
3,NONE,-1.0,-0.1,-1.0,-0.1
3,NONE,-1.0,-0.1,-1.0,-0.1
3,NONE,-1.0,-0.1,-1.0,-0.1
3,NONE,-1.0,-0.1,-1.0,-0.1
3,NONE,-1.0,-0.1,-1.0,-0.1
3,NONE,-1.0,-0.1,-1.0,-0.1
3,NONE,-1.0,-0.1,-1.0,-0.1
3,NONE,-1.0,-0.1,-1.0,-0.1
3,NONE,-1.0,-0.1,-1.0,-0.1
3,NONE,-1.0,-0.1,-1.0,-0.1
3,NONE,-1.0,-0.1,-1.0,-0.1
3,NONE,-1.0,-0.1,-1.0,-0.1
2,EV_B07_C021_Moto_Lineal_Electrica,-1.0,-0.1,7.0,31.815540026309154
1,EV_B07_C021_Moto_Lineal_Electrica,7.0,94.0407744490735,-1.0,31.815540026309154
1,EV_B07_C021_Moto_Lineal_Electrica,6.0,94.0407744490735,-1.0,31.815540026309154
1,EV_B07_C021_Moto_Lineal_Electrica,5.0,94.0407744490735,-1.0,31.815540026309154
1,EV_B07_C021_Moto_Lineal_Electrica,4.0,94.0407744490735,-1.0,31.815540026309154
1,EV_B07_C021_Moto_Lineal_Electrica,3.0,94.0407744490735,-1.0,31.815540026309154
1,EV_B07_C021_Moto_Lineal_Electrica,2.0,94.0407744490735,-1.0,31.815540026309154
1,EV_B07_C021_Moto_Lineal_Electrica,1.0,94.0407744490735,-1.0,31.815540026309154
1,EV_B07_C021_Moto_Lineal_Electrica,0.0,94.0407744490735,-1.0,31.815540026309154
3,NONE,-1.0,-0.1,-1.0,-0.1
3,NONE,-1.0,-0.1,-1.0,-0.1
3,NONE,-1.0,-0.1,-1.0,-0.1
3,NONE,-1.0,-0.1,-1.0,-0.1
3,NONE,-1.0,-0.1,-1.0,-0.1
3,NONE,-1.0,-0.1,-1.0,-0.1
3,NONE,-1.0,-0.1,-1.0,-0.1
3,NONE,-1.0,-0.1,-1.0,-0.1
3,NONE,-1.0,-0.1,-1.0,-0.1
3,NONE,-1.0,-0.1,-1.0,-0.1
3,NONE,-1.0,-0.1,-1.0,-0.1
3,NONE,-1.0,-0.1,-1.0,-0.1
3,NONE,-1.0,-0.1,-1.0,-0.1
3,NONE,-1.0,-0.1,-1.0,-0.1
3,NONE,-1.0,-0.1,-1.0,-0.1
2,EV_B07_C021_Moto_Lineal_Electrica,-1.0,-0.1,7.0,33.05720216263336
1,EV_B07_C021_Moto_Lineal_Electrica,7.0,85.69870419302383,-1.0,33.05720216263336
1,EV_B07_C021_Moto_Lineal_Electrica,6.0,85.69870419302383,-1.0,33.05720216263336
1,EV_B07_C021_Moto_Lineal_Electrica,5.0,85.69870419302383,-1.0,33.05720216263336
1,EV_B07_C021_Moto_Lineal_Electrica,4.0,85.69870419302383,-1.0,33.05720216263336
1,EV_B07_C021_Moto_Lineal_Electrica,3.0,85.69870419302383,-1.0,33.05720216263336
1,EV_B07_C021_Moto_Lineal_Electrica,2.0,85.69870419302383,-1.0,33.05720216263336
1,EV_B07_C021_Moto_Lineal_Electrica,1.0,85.69870419302383,-1.0,33.05720216263336
1,EV_B07_C021_Moto_Lineal_Electrica,0.0,85.69870419302383,-1.0,33.05720216263336
3,NONE,-1.0,-0.1,-1.0,-0.1
3,NONE,-1.0,-0.1,-1.0,-0.1
3,NONE,-1.0,-0.1,-1.0,-0.1
3,NONE,-1.0,-0.1,-1.0,-0.1
3,NONE,-1.0,-0.1,-1.0,-0.1
3,NONE,-1.0,-0.1,-1.0,-0.1
3,NONE,-1.0,-0.1,-1.0,-0.1
3,NONE,-1.0,-0.1,-1.0,-0.1
3,NONE,-1.0,-0.1,-1.0,-0.1
3,NONE,-1.0,-0.1,-1.0,-0.1
3,NONE,-1.0,-0.1,-1.0,-0.1
3,NONE,-1.0,-0.1,-1.0,-0.1
3,NONE,-1.0,-0.1,-1.0,-0.1
3,NONE,-1.0,-0.1,-1.0,-0.1
3,NONE,-1.0,-0.1,-1.0,-0.1
2,EV_B07_C021_Moto_Lineal_Electrica,-1.0,-0.1,7.0,28.392299970804267
1,EV_B07_C021_Moto_Lineal_Electrica,7.0,87.02043189122344,-1.0,28.392299970804267
1,EV_B07_C021_Moto_Lineal_Electrica,6.0,87.02043189122344,-1.0,28.392299970804267
1,EV_B07_C021_Moto_Lineal_Electrica,5.0,87.02043189122344,-1.0,28.392299970804267
1,EV_B07_C021_Moto_Lineal_Electrica,4.0,87.02043189122344,-1.0,28.392299970804267
1,EV_B07_C021_Moto_Lineal_Electrica,3.0,87.02043189122344,-1.0,28.392299970804267
1,EV_B07_C021_Moto_Lineal_Electrica,2.0,87.02043189122344,-1.0,28.392299970804267
1,EV_B07_C021_Moto_Lineal_Electrica,1.0,87.02043189122344,-1.0,28.392299970804267
1,EV_B07_C021_Moto_Lineal_Electrica,0.0,87.02043189122344,-1.0,28.392299970804267
3,NONE,-1.0,-0.1,-1.0,-0.1
3,NONE,-1.0,-0.1,-1.0,-0.1
3,NONE,-1.0,-0.1,-1.0,-0.1
3,NONE,-1.0,-0.1,-1.0,-0.1
3,NONE,-1.0,-0.1,-1.0,-0.1
3,NONE,-1.0,-0.1,-1.0,-0.1
3,NONE,-1.0,-0.1,-1.0,-0.1
3,NONE,-1.0,-0.1,-1.0,-0.1
3,NONE,-1.0,-0.1,-1.0,-0.1
3,NONE,-1.0,-0.1,-1.0,-0.1
3,NONE,-1.0,-0.1,-1.0,-0.1
3,NONE,-1.0,-0.1,-1.0,-0.1
3,NONE,-1.0,-0.1,-1.0,-0.1
3,NONE,-1.0,-0.1,-1.0,-0.1
3,NONE,-1.0,-0.1,-1.0,-0.1
2,EV_B07_C021_Moto_Lineal_Electrica,-1.0,-0.1,7.0,37.267597065311726
1,EV_B07_C021_Moto_Lineal_Electrica,7.0,92.2220390149072,-1.0,37.267597065311726
1,EV_B07_C021_Moto_Lineal_Electrica,6.0,92.2220390149072,-1.0,37.267597065311726
1,EV_B07_C021_Moto_Lineal_Electrica,5.0,92.2220390149072,-1.0,37.267597065311726
1,EV_B07_C021_Moto_Lineal_Electrica,4.0,92.2220390149072,-1.0,37.267597065311726
1,EV_B07_C021_Moto_Lineal_Electrica,3.0,92.2220390149072,-1.0,37.267597065311726
1,EV_B07_C021_Moto_Lineal_Electrica,2.0,92.2220390149072,-1.0,37.267597065311726
1,EV_B07_C021_Moto_Lineal_Electrica,1.0,92.2220390149072,-1.0,37.267597065311726
1,EV_B07_C021_Moto_Lineal_Electrica,0.0,92.2220390149072,-1.0,37.267597065311726
3,NONE,-1.0,-0.1,-1.0,-0.1
3,NONE,-1.0,-0.1,-1.0,-0.1
3,NONE,-1.0,-0.1,-1.0,-0.1
3,NONE,-1.0,-0.1,-1.0,-0.1
3,NONE,-1.0,-0.1,-1.0,-0.1
3,NONE,-1.0,-0.1,-1.0,-0.1
3,NONE,-1.0,-0.1,-1.0,-0.1
3,NONE,-1.0,-0.1,-1.0,-0.1
3,NONE,-1.0,-0.1,-1.0,-0.1
3,NONE,-1.0,-0.1,-1.0,-0.1
3,NONE,-1.0,-0.1,-1.0,-0.1
3,NONE,-1.0,-0.1,-1.0,-0.1
3,NONE,-1.0,-0.1,-1.0,-0.1
3,NONE,-1.0,-0.1,-1.0,-0.1
3,NONE,-1.0,-0.1,-1.0,-0.1
3,NONE,-1.0,-0.1,-1.0,-0.1
3,NONE,-1.0,-0.1,-1.0,-0.1
3,NONE,-1.0,-0.1,-1.0,-0.1
3,NONE,-1.0,-0.1,-1.0,-0.1
3,NONE,-1.0,-0.1,-1.0,-0.1
3,NONE,-1.0,-0.1,-1.0,-0.1
3,NONE,-1.0,-0.1,-1.0,-0.1
3,NONE,-1.0,-0.1,-1.0,-0.1
3,NONE,-1.0,-0.1,-1.0,-0.1
3,NONE,-1.0,-0.1,-1.0,-0.1
3,NONE,-1.0,-0.1,-1.0,-0.1
3,NONE,-1.0,-0.1,-1.0,-0.1
3,NONE,-1.0,-0.1,-1.0,-0.1
3,NONE,-1.0,-0.1,-1.0,-0.1
3,NONE,-1.0,-0.1,-1.0,-0.1
3,NONE,-1.0,-0.1,-1.0,-0.1
3,NONE,-1.0,-0.1,-1.0,-0.1
3,NONE,-1.0,-0.1,-1.0,-0.1
3,NONE,-1.0,-0.1,-1.0,-0.1
3,NONE,-1.0,-0.1,-1.0,-0.1
3,NONE,-1.0,-0.1,-1.0,-0.1
3,NONE,-1.0,-0.1,-1.0,-0.1
3,NONE,-1.0,-0.1,-1.0,-0.1
3,NONE,-1.0,-0.1,-1.0,-0.1
3,NONE,-1.0,-0.1,-1.0,-0.1
3,NONE,-1.0,-0.1,-1.0,-0.1
3,NONE,-1.0,-0.1,-1.0,-0.1
3,NONE,-1.0,-0.1,-1.0,-0.1
3,NONE,-1.0,-0.1,-1.0,-0.1
3,NONE,-1.0,-0.1,-1.0,-0.1
3,NONE,-1.0,-0.1,-1.0,-0.1
3,NONE,-1.0,-0.1,-1.0,-0.1
3,NONE,-1.0,-0.1,-1.0,-0.1
3,NONE,-1.0,-0.1,-1.0,-0.1
3,NONE,-1.0,-0.1,-1.0,-0.1
3,NONE,-1.0,-0.1,-1.0,-0.1
3,NONE,-1.0,-0.1,-1.0,-0.1
3,NONE,-1.0,-0.1,-1.0,-0.1
3,NONE,-1.0,-0.1,-1.0,-0.1
3,NONE,-1.0,-0.1,-1.0,-0.1
3,NONE,-1.0,-0.1,-1.0,-0.1
3,NONE,-1.0,-0.1,-1.0,-0.1
3,NONE,-1.0,-0.1,-1.0,-0.1
3,NONE,-1.0,-0.1,-1.0,-0.1
3,NONE,-1.0,-0.1,-1.0,-0.1
3,NONE,-1.0,-0.1,-1.0,-0.1
3,NONE,-1.0,-0.1,-1.0,-0.1
3,NONE,-1.0,-0.1,-1.0,-0.1
3,NONE,-1.0,-0.1,-1.0,-0.1
2,EV_B07_C021_Moto_Lineal_Electrica,-1.0,-0.1,8.0,49.2960873615531
1,EV_B07_C021_Moto_Lineal_Electrica,6.0,84.82482126969435,-1.0,49.2960873615531
1,EV_B07_C021_Moto_Lineal_Electrica,5.0,84.82482126969435,-1.0,49.2960873615531
1,EV_B07_C021_Moto_Lineal_Electrica,4.0,84.82482126969435,-1.0,49.2960873615531
1,EV_B07_C021_Moto_Lineal_Electrica,3.0,84.82482126969435,-1.0,49.2960873615531
1,EV_B07_C021_Moto_Lineal_Electrica,2.0,84.82482126969435,-1.0,49.2960873615531
1,EV_B07_C021_Moto_Lineal_Electrica,1.0,84.82482126969435,-1.0,49.2960873615531
1,EV_B07_C021_Moto_Lineal_Electrica,0.0,84.82482126969435,-1.0,49.2960873615531
3,NONE,-1.0,-0.1,-1.0,-0.1
3,NONE,-1.0,-0.1,-1.0,-0.1
3,NONE,-1.0,-0.1,-1.0,-0.1
3,NONE,-1.0,-0.1,-1.0,-0.1
3,NONE,-1.0,-0.1,-1.0,-0.1
3,NONE,-1.0,-0.1,-1.0,-0.1
3,NONE,-1.0,-0.1,-1.0,-0.1
3,NONE,-1.0,-0.1,-1.0,-0.1
3,NONE,-1.0,-0.1,-1.0,-0.1
3,NONE,-1.0,-0.1,-1.0,-0.1
3,NONE,-1.0,-0.1,-1.0,-0.1
3,NONE,-1.0,-0.1,-1.0,-0.1
3,NONE,-1.0,-0.1,-1.0,-0.1
3,NONE,-1.0,-0.1,-1.0,-0.1
3,NONE,-1.0,-0.1,-1.0,-0.1
3,NONE,-1.0,-0.1,-1.0,-0.1
2,EV_B07_C021_Moto_Lineal_Electrica,-1.0,-0.1,8.0,5.0
1,EV_B07_C021_Moto_Lineal_Electrica,6.0,75.62502502674157,-1.0,5.0
1,EV_B07_C021_Moto_Lineal_Electrica,5.0,75.62502502674157,-1.0,5.0
1,EV_B07_C021_Moto_Lineal_Electrica,4.0,75.62502502674157,-1.0,5.0
1,EV_B07_C021_Moto_Lineal_Electrica,3.0,75.62502502674157,-1.0,5.0
1,EV_B07_C021_Moto_Lineal_Electrica,2.0,75.62502502674157,-1.0,5.0
1,EV_B07_C021_Moto_Lineal_Electrica,1.0,75.62502502674157,-1.0,5.0
1,EV_B07_C021_Moto_Lineal_Electrica,0.0,75.62502502674157,-1.0,5.0
3,NONE,-1.0,-0.1,-1.0,-0.1
3,NONE,-1.0,-0.1,-1.0,-0.1
3,NONE,-1.0,-0.1,-1.0,-0.1
3,NONE,-1.0,-0.1,-1.0,-0.1
3,NONE,-1.0,-0.1,-1.0,-0.1
3,NONE,-1.0,-0.1,-1.0,-0.1
3,NONE,-1.0,-0.1,-1.0,-0.1
3,NONE,-1.0,-0.1,-1.0,-0.1
3,NONE,-1.0,-0.1,-1.0,-0.1
3,NONE,-1.0,-0.1,-1.0,-0.1
3,NONE,-1.0,-0.1,-1.0,-0.1
3,NONE,-1.0,-0.1,-1.0,-0.1
3,NONE,-1.0,-0.1,-1.0,-0.1
3,NONE,-1.0,-0.1,-1.0,-0.1
3,NONE,-1.0,-0.1,-1.0,-0.1
3,NONE,-1.0,-0.1,-1.0,-0.1
3,NONE,-1.0,-0.1,-1.0,-0.1
2,EV_B07_C021_Moto_Lineal_Electrica,-1.0,-0.1,9.0,15.770899042656314
1,EV_B07_C021_Moto_Lineal_Electrica,5.0,90.3923329632043,-1.0,15.770899042656314
1,EV_B07_C021_Moto_Lineal_Electrica,4.0,90.3923329632043,-1.0,15.770899042656314
1,EV_B07_C021_Moto_Lineal_Electrica,3.0,90.3923329632043,-1.0,15.770899042656314
1,EV_B07_C021_Moto_Lineal_Electrica,2.0,90.3923329632043,-1.0,15.770899042656314
1,EV_B07_C021_Moto_Lineal_Electrica,1.0,90.3923329632043,-1.0,15.770899042656314
1,EV_B07_C021_Moto_Lineal_Electrica,0.0,90.3923329632043,-1.0,15.770899042656314
3,NONE,-1.0,-0.1,-1.0,-0.1
3,NONE,-1.0,-0.1,-1.0,-0.1
3,NONE,-1.0,-0.1,-1.0,-0.1
3,NONE,-1.0,-0.1,-1.0,-0.1
3,NONE,-1.0,-0.1,-1.0,-0.1
3,NONE,-1.0,-0.1,-1.0,-0.1
3,NONE,-1.0,-0.1,-1.0,-0.1
3,NONE,-1.0,-0.1,-1.0,-0.1
3,NONE,-1.0,-0.1,-1.0,-0.1
3,NONE,-1.0,-0.1,-1.0,-0.1
3,NONE,-1.0,-0.1,-1.0,-0.1
3,NONE,-1.0,-0.1,-1.0,-0.1
3,NONE,-1.0,-0.1,-1.0,-0.1
3,NONE,-1.0,-0.1,-1.0,-0.1
3,NONE,-1.0,-0.1,-1.0,-0.1
2,EV_B07_C021_Moto_Lineal_Electrica,-1.0,-0.1,7.0,20.43231250197539
1,EV_B07_C021_Moto_Lineal_Electrica,7.0,74.8466714222596,-1.0,20.43231250197539
1,EV_B07_C021_Moto_Lineal_Electrica,6.0,74.8466714222596,-1.0,20.43231250197539
1,EV_B07_C021_Moto_Lineal_Electrica,5.0,74.8466714222596,-1.0,20.43231250197539
1,EV_B07_C021_Moto_Lineal_Electrica,4.0,74.8466714222596,-1.0,20.43231250197539
1,EV_B07_C021_Moto_Lineal_Electrica,3.0,74.8466714222596,-1.0,20.43231250197539
1,EV_B07_C021_Moto_Lineal_Electrica,2.0,74.8466714222596,-1.0,20.43231250197539
1,EV_B07_C021_Moto_Lineal_Electrica,1.0,74.8466714222596,-1.0,20.43231250197539
1,EV_B07_C021_Moto_Lineal_Electrica,0.0,74.8466714222596,-1.0,20.43231250197539
3,NONE,-1.0,-0.1,-1.0,-0.1
3,NONE,-1.0,-0.1,-1.0,-0.1
3,NONE,-1.0,-0.1,-1.0,-0.1
3,NONE,-1.0,-0.1,-1.0,-0.1
3,NONE,-1.0,-0.1,-1.0,-0.1
3,NONE,-1.0,-0.1,-1.0,-0.1
3,NONE,-1.0,-0.1,-1.0,-0.1
3,NONE,-1.0,-0.1,-1.0,-0.1
3,NONE,-1.0,-0.1,-1.0,-0.1
3,NONE,-1.0,-0.1,-1.0,-0.1
3,NONE,-1.0,-0.1,-1.0,-0.1
3,NONE,-1.0,-0.1,-1.0,-0.1
3,NONE,-1.0,-0.1,-1.0,-0.1
3,NONE,-1.0,-0.1,-1.0,-0.1
3,NONE,-1.0,-0.1,-1.0,-0.1
2,EV_B07_C021_Moto_Lineal_Electrica,-1.0,-0.1,7.0,21.55088112577602
1,EV_B07_C021_Moto_Lineal_Electrica,7.0,88.99066186733853,-1.0,21.55088112577602
1,EV_B07_C021_Moto_Lineal_Electrica,6.0,88.99066186733853,-1.0,21.55088112577602
1,EV_B07_C021_Moto_Lineal_Electrica,5.0,88.99066186733853,-1.0,21.55088112577602
1,EV_B07_C021_Moto_Lineal_Electrica,4.0,88.99066186733853,-1.0,21.55088112577602
1,EV_B07_C021_Moto_Lineal_Electrica,3.0,88.99066186733853,-1.0,21.55088112577602
1,EV_B07_C021_Moto_Lineal_Electrica,2.0,88.99066186733853,-1.0,21.55088112577602
1,EV_B07_C021_Moto_Lineal_Electrica,1.0,88.99066186733853,-1.0,21.55088112577602
1,EV_B07_C021_Moto_Lineal_Electrica,0.0,88.99066186733853,-1.0,21.55088112577602
3,NONE,-1.0,-0.1,-1.0,-0.1
3,NONE,-1.0,-0.1,-1.0,-0.1
3,NONE,-1.0,-0.1,-1.0,-0.1
3,NONE,-1.0,-0.1,-1.0,-0.1
3,NONE,-1.0,-0.1,-1.0,-0.1
3,NONE,-1.0,-0.1,-1.0,-0.1
3,NONE,-1.0,-0.1,-1.0,-0.1
3,NONE,-1.0,-0.1,-1.0,-0.1
3,NONE,-1.0,-0.1,-1.0,-0.1
3,NONE,-1.0,-0.1,-1.0,-0.1
3,NONE,-1.0,-0.1,-1.0,-0.1
3,NONE,-1.0,-0.1,-1.0,-0.1
3,NONE,-1.0,-0.1,-1.0,-0.1
3,NONE,-1.0,-0.1,-1.0,-0.1
3,NONE,-1.0,-0.1,-1.0,-0.1
3,NONE,-1.0,-0.1,-1.0,-0.1
3,NONE,-1.0,-0.1,-1.0,-0.1
3,NONE,-1.0,-0.1,-1.0,-0.1
3,NONE,-1.0,-0.1,-1.0,-0.1
3,NONE,-1.0,-0.1,-1.0,-0.1
3,NONE,-1.0,-0.1,-1.0,-0.1
3,NONE,-1.0,-0.1,-1.0,-0.1
3,NONE,-1.0,-0.1,-1.0,-0.1
3,NONE,-1.0,-0.1,-1.0,-0.1
3,NONE,-1.0,-0.1,-1.0,-0.1
3,NONE,-1.0,-0.1,-1.0,-0.1
3,NONE,-1.0,-0.1,-1.0,-0.1
3,NONE,-1.0,-0.1,-1.0,-0.1
3,NONE,-1.0,-0.1,-1.0,-0.1
3,NONE,-1.0,-0.1,-1.0,-0.1
3,NONE,-1.0,-0.1,-1.0,-0.1
3,NONE,-1.0,-0.1,-1.0,-0.1
3,NONE,-1.0,-0.1,-1.0,-0.1
3,NONE,-1.0,-0.1,-1.0,-0.1
3,NONE,-1.0,-0.1,-1.0,-0.1
3,NONE,-1.0,-0.1,-1.0,-0.1
3,NONE,-1.0,-0.1,-1.0,-0.1
3,NONE,-1.0,-0.1,-1.0,-0.1
3,NONE,-1.0,-0.1,-1.0,-0.1
3,NONE,-1.0,-0.1,-1.0,-0.1
3,NONE,-1.0,-0.1,-1.0,-0.1
3,NONE,-1.0,-0.1,-1.0,-0.1
3,NONE,-1.0,-0.1,-1.0,-0.1
3,NONE,-1.0,-0.1,-1.0,-0.1
3,NONE,-1.0,-0.1,-1.0,-0.1
3,NONE,-1.0,-0.1,-1.0,-0.1
3,NONE,-1.0,-0.1,-1.0,-0.1
3,NONE,-1.0,-0.1,-1.0,-0.1
3,NONE,-1.0,-0.1,-1.0,-0.1
3,NONE,-1.0,-0.1,-1.0,-0.1
3,NONE,-1.0,-0.1,-1.0,-0.1
3,NONE,-1.0,-0.1,-1.0,-0.1
3,NONE,-1.0,-0.1,-1.0,-0.1
3,NONE,-1.0,-0.1,-1.0,-0.1
3,NONE,-1.0,-0.1,-1.0,-0.1
3,NONE,-1.0,-0.1,-1.0,-0.1
3,NONE,-1.0,-0.1,-1.0,-0.1
3,NONE,-1.0,-0.1,-1.0,-0.1
3,NONE,-1.0,-0.1,-1.0,-0.1
3,NONE,-1.0,-0.1,-1.0,-0.1
3,NONE,-1.0,-0.1,-1.0,-0.1
3,NONE,-1.0,-0.1,-1.0,-0.1
3,NONE,-1.0,-0.1,-1.0,-0.1
3,NONE,-1.0,-0.1,-1.0,-0.1
2,EV_B07_C021_Moto_Lineal_Electrica,-1.0,-0.1,8.0,21.110412672675885
1,EV_B07_C021_Moto_Lineal_Electrica,6.0,79.40773592028212,-1.0,21.110412672675885
1,EV_B07_C021_Moto_Lineal_Electrica,5.0,79.40773592028212,-1.0,21.110412672675885
1,EV_B07_C021_Moto_Lineal_Electrica,4.0,79.40773592028212,-1.0,21.110412672675885
1,EV_B07_C021_Moto_Lineal_Electrica,3.0,79.40773592028212,-1.0,21.110412672675885
1,EV_B07_C021_Moto_Lineal_Electrica,2.0,79.40773592028212,-1.0,21.110412672675885
1,EV_B07_C021_Moto_Lineal_Electrica,1.0,79.40773592028212,-1.0,21.110412672675885
1,EV_B07_C021_Moto_Lineal_Electrica,0.0,79.40773592028212,-1.0,21.110412672675885
3,NONE,-1.0,-0.1,-1.0,-0.1
3,NONE,-1.0,-0.1,-1.0,-0.1
3,NONE,-1.0,-0.1,-1.0,-0.1
3,NONE,-1.0,-0.1,-1.0,-0.1
3,NONE,-1.0,-0.1,-1.0,-0.1
3,NONE,-1.0,-0.1,-1.0,-0.1
3,NONE,-1.0,-0.1,-1.0,-0.1
3,NONE,-1.0,-0.1,-1.0,-0.1
3,NONE,-1.0,-0.1,-1.0,-0.1
3,NONE,-1.0,-0.1,-1.0,-0.1
3,NONE,-1.0,-0.1,-1.0,-0.1
3,NONE,-1.0,-0.1,-1.0,-0.1
3,NONE,-1.0,-0.1,-1.0,-0.1
3,NONE,-1.0,-0.1,-1.0,-0.1
3,NONE,-1.0,-0.1,-1.0,-0.1
2,EV_B07_C021_Moto_Lineal_Electrica,-1.0,-0.1,7.0,48.395121360087884
1,EV_B07_C021_Moto_Lineal_Electrica,7.0,84.98587612557859,-1.0,48.395121360087884
1,EV_B07_C021_Moto_Lineal_Electrica,6.0,84.98587612557859,-1.0,48.395121360087884
1,EV_B07_C021_Moto_Lineal_Electrica,5.0,84.98587612557859,-1.0,48.395121360087884
1,EV_B07_C021_Moto_Lineal_Electrica,4.0,84.98587612557859,-1.0,48.395121360087884
1,EV_B07_C021_Moto_Lineal_Electrica,3.0,84.98587612557859,-1.0,48.395121360087884
1,EV_B07_C021_Moto_Lineal_Electrica,2.0,84.98587612557859,-1.0,48.395121360087884
1,EV_B07_C021_Moto_Lineal_Electrica,1.0,84.98587612557859,-1.0,48.395121360087884
1,EV_B07_C021_Moto_Lineal_Electrica,0.0,84.98587612557859,-1.0,48.395121360087884
3,NONE,-1.0,-0.1,-1.0,-0.1
3,NONE,-1.0,-0.1,-1.0,-0.1
3,NONE,-1.0,-0.1,-1.0,-0.1
3,NONE,-1.0,-0.1,-1.0,-0.1
3,NONE,-1.0,-0.1,-1.0,-0.1
3,NONE,-1.0,-0.1,-1.0,-0.1
3,NONE,-1.0,-0.1,-1.0,-0.1
3,NONE,-1.0,-0.1,-1.0,-0.1
3,NONE,-1.0,-0.1,-1.0,-0.1
3,NONE,-1.0,-0.1,-1.0,-0.1
3,NONE,-1.0,-0.1,-1.0,-0.1
3,NONE,-1.0,-0.1,-1.0,-0.1
3,NONE,-1.0,-0.1,-1.0,-0.1
3,NONE,-1.0,-0.1,-1.0,-0.1
3,NONE,-1.0,-0.1,-1.0,-0.1
3,NONE,-1.0,-0.1,-1.0,-0.1
3,NONE,-1.0,-0.1,-1.0,-0.1
3,NONE,-1.0,-0.1,-1.0,-0.1
3,NONE,-1.0,-0.1,-1.0,-0.1
3,NONE,-1.0,-0.1,-1.0,-0.1
3,NONE,-1.0,-0.1,-1.0,-0.1
3,NONE,-1.0,-0.1,-1.0,-0.1
3,NONE,-1.0,-0.1,-1.0,-0.1
3,NONE,-1.0,-0.1,-1.0,-0.1
3,NONE,-1.0,-0.1,-1.0,-0.1
3,NONE,-1.0,-0.1,-1.0,-0.1
3,NONE,-1.0,-0.1,-1.0,-0.1
3,NONE,-1.0,-0.1,-1.0,-0.1
3,NONE,-1.0,-0.1,-1.0,-0.1
3,NONE,-1.0,-0.1,-1.0,-0.1
3,NONE,-1.0,-0.1,-1.0,-0.1
3,NONE,-1.0,-0.1,-1.0,-0.1
3,NONE,-1.0,-0.1,-1.0,-0.1
3,NONE,-1.0,-0.1,-1.0,-0.1
3,NONE,-1.0,-0.1,-1.0,-0.1
3,NONE,-1.0,-0.1,-1.0,-0.1
3,NONE,-1.0,-0.1,-1.0,-0.1
3,NONE,-1.0,-0.1,-1.0,-0.1
3,NONE,-1.0,-0.1,-1.0,-0.1
2,EV_B07_C021_Moto_Lineal_Electrica,-1.0,-0.1,7.0,33.782485200154326
1,EV_B07_C021_Moto_Lineal_Electrica,7.0,76.45246280955821,-1.0,33.782485200154326
1,EV_B07_C021_Moto_Lineal_Electrica,6.0,76.45246280955821,-1.0,33.782485200154326
1,EV_B07_C021_Moto_Lineal_Electrica,5.0,76.45246280955821,-1.0,33.782485200154326
1,EV_B07_C021_Moto_Lineal_Electrica,4.0,76.45246280955821,-1.0,33.782485200154326
1,EV_B07_C021_Moto_Lineal_Electrica,3.0,76.45246280955821,-1.0,33.782485200154326
1,EV_B07_C021_Moto_Lineal_Electrica,2.0,76.45246280955821,-1.0,33.782485200154326
1,EV_B07_C021_Moto_Lineal_Electrica,1.0,76.45246280955821,-1.0,33.782485200154326
1,EV_B07_C021_Moto_Lineal_Electrica,0.0,76.45246280955821,-1.0,33.782485200154326
3,NONE,-1.0,-0.1,-1.0,-0.1
3,NONE,-1.0,-0.1,-1.0,-0.1
3,NONE,-1.0,-0.1,-1.0,-0.1
3,NONE,-1.0,-0.1,-1.0,-0.1
3,NONE,-1.0,-0.1,-1.0,-0.1
3,NONE,-1.0,-0.1,-1.0,-0.1
3,NONE,-1.0,-0.1,-1.0,-0.1
3,NONE,-1.0,-0.1,-1.0,-0.1
3,NONE,-1.0,-0.1,-1.0,-0.1
3,NONE,-1.0,-0.1,-1.0,-0.1
3,NONE,-1.0,-0.1,-1.0,-0.1
3,NONE,-1.0,-0.1,-1.0,-0.1
3,NONE,-1.0,-0.1,-1.0,-0.1
3,NONE,-1.0,-0.1,-1.0,-0.1
3,NONE,-1.0,-0.1,-1.0,-0.1
3,NONE,-1.0,-0.1,-1.0,-0.1
3,NONE,-1.0,-0.1,-1.0,-0.1
3,NONE,-1.0,-0.1,-1.0,-0.1
3,NONE,-1.0,-0.1,-1.0,-0.1
3,NONE,-1.0,-0.1,-1.0,-0.1
3,NONE,-1.0,-0.1,-1.0,-0.1
3,NONE,-1.0,-0.1,-1.0,-0.1
3,NONE,-1.0,-0.1,-1.0,-0.1
3,NONE,-1.0,-0.1,-1.0,-0.1
3,NONE,-1.0,-0.1,-1.0,-0.1
3,NONE,-1.0,-0.1,-1.0,-0.1
3,NONE,-1.0,-0.1,-1.0,-0.1
3,NONE,-1.0,-0.1,-1.0,-0.1
3,NONE,-1.0,-0.1,-1.0,-0.1
3,NONE,-1.0,-0.1,-1.0,-0.1
3,NONE,-1.0,-0.1,-1.0,-0.1
3,NONE,-1.0,-0.1,-1.0,-0.1
3,NONE,-1.0,-0.1,-1.0,-0.1
3,NONE,-1.0,-0.1,-1.0,-0.1
3,NONE,-1.0,-0.1,-1.0,-0.1
3,NONE,-1.0,-0.1,-1.0,-0.1
3,NONE,-1.0,-0.1,-1.0,-0.1
3,NONE,-1.0,-0.1,-1.0,-0.1
3,NONE,-1.0,-0.1,-1.0,-0.1
3,NONE,-1.0,-0.1,-1.0,-0.1
3,NONE,-1.0,-0.1,-1.0,-0.1
3,NONE,-1.0,-0.1,-1.0,-0.1
3,NONE,-1.0,-0.1,-1.0,-0.1
3,NONE,-1.0,-0.1,-1.0,-0.1
3,NONE,-1.0,-0.1,-1.0,-0.1
3,NONE,-1.0,-0.1,-1.0,-0.1
3,NONE,-1.0,-0.1,-1.0,-0.1
3,NONE,-1.0,-0.1,-1.0,-0.1
3,NONE,-1.0,-0.1,-1.0,-0.1
3,NONE,-1.0,-0.1,-1.0,-0.1
3,NONE,-1.0,-0.1,-1.0,-0.1
3,NONE,-1.0,-0.1,-1.0,-0.1
3,NONE,-1.0,-0.1,-1.0,-0.1
3,NONE,-1.0,-0.1,-1.0,-0.1
3,NONE,-1.0,-0.1,-1.0,-0.1
3,NONE,-1.0,-0.1,-1.0,-0.1
3,NONE,-1.0,-0.1,-1.0,-0.1
3,NONE,-1.0,-0.1,-1.0,-0.1
3,NONE,-1.0,-0.1,-1.0,-0.1
3,NONE,-1.0,-0.1,-1.0,-0.1
3,NONE,-1.0,-0.1,-1.0,-0.1
3,NONE,-1.0,-0.1,-1.0,-0.1
3,NONE,-1.0,-0.1,-1.0,-0.1
3,NONE,-1.0,-0.1,-1.0,-0.1
3,NONE,-1.0,-0.1,-1.0,-0.1
3,NONE,-1.0,-0.1,-1.0,-0.1
3,NONE,-1.0,-0.1,-1.0,-0.1
3,NONE,-1.0,-0.1,-1.0,-0.1
3,NONE,-1.0,-0.1,-1.0,-0.1
3,NONE,-1.0,-0.1,-1.0,-0.1
3,NONE,-1.0,-0.1,-1.0,-0.1
3,NONE,-1.0,-0.1,-1.0,-0.1
3,NONE,-1.0,-0.1,-1.0,-0.1
3,NONE,-1.0,-0.1,-1.0,-0.1
3,NONE,-1.0,-0.1,-1.0,-0.1
3,NONE,-1.0,-0.1,-1.0,-0.1
3,NONE,-1.0,-0.1,-1.0,-0.1
3,NONE,-1.0,-0.1,-1.0,-0.1
3,NONE,-1.0,-0.1,-1.0,-0.1
3,NONE,-1.0,-0.1,-1.0,-0.1
3,NONE,-1.0,-0.1,-1.0,-0.1
3,NONE,-1.0,-0.1,-1.0,-0.1
3,NONE,-1.0,-0.1,-1.0,-0.1
3,NONE,-1.0,-0.1,-1.0,-0.1
3,NONE,-1.0,-0.1,-1.0,-0.1
3,NONE,-1.0,-0.1,-1.0,-0.1
3,NONE,-1.0,-0.1,-1.0,-0.1
2,EV_B07_C021_Moto_Lineal_Electrica,-1.0,-0.1,7.0,32.168835591493014
1,EV_B07_C021_Moto_Lineal_Electrica,7.0,89.20461387353065,-1.0,32.168835591493014
1,EV_B07_C021_Moto_Lineal_Electrica,6.0,89.20461387353065,-1.0,32.168835591493014
1,EV_B07_C021_Moto_Lineal_Electrica,5.0,89.20461387353065,-1.0,32.168835591493014
1,EV_B07_C021_Moto_Lineal_Electrica,4.0,89.20461387353065,-1.0,32.168835591493014
1,EV_B07_C021_Moto_Lineal_Electrica,3.0,89.20461387353065,-1.0,32.168835591493014
1,EV_B07_C021_Moto_Lineal_Electrica,2.0,89.20461387353065,-1.0,32.168835591493014
1,EV_B07_C021_Moto_Lineal_Electrica,1.0,89.20461387353065,-1.0,32.168835591493014
1,EV_B07_C021_Moto_Lineal_Electrica,0.0,89.20461387353065,-1.0,32.168835591493014
3,NONE,-1.0,-0.1,-1.0,-0.1
3,NONE,-1.0,-0.1,-1.0,-0.1
3,NONE,-1.0,-0.1,-1.0,-0.1
3,NONE,-1.0,-0.1,-1.0,-0.1
3,NONE,-1.0,-0.1,-1.0,-0.1
3,NONE,-1.0,-0.1,-1.0,-0.1
3,NONE,-1.0,-0.1,-1.0,-0.1
3,NONE,-1.0,-0.1,-1.0,-0.1
3,NONE,-1.0,-0.1,-1.0,-0.1
3,NONE,-1.0,-0.1,-1.0,-0.1
3,NONE,-1.0,-0.1,-1.0,-0.1
3,NONE,-1.0,-0.1,-1.0,-0.1
3,NONE,-1.0,-0.1,-1.0,-0.1
3,NONE,-1.0,-0.1,-1.0,-0.1
3,NONE,-1.0,-0.1,-1.0,-0.1
3,NONE,-1.0,-0.1,-1.0,-0.1
3,NONE,-1.0,-0.1,-1.0,-0.1
3,NONE,-1.0,-0.1,-1.0,-0.1
3,NONE,-1.0,-0.1,-1.0,-0.1
3,NONE,-1.0,-0.1,-1.0,-0.1
3,NONE,-1.0,-0.1,-1.0,-0.1
3,NONE,-1.0,-0.1,-1.0,-0.1
3,NONE,-1.0,-0.1,-1.0,-0.1
3,NONE,-1.0,-0.1,-1.0,-0.1
3,NONE,-1.0,-0.1,-1.0,-0.1
3,NONE,-1.0,-0.1,-1.0,-0.1
3,NONE,-1.0,-0.1,-1.0,-0.1
3,NONE,-1.0,-0.1,-1.0,-0.1
3,NONE,-1.0,-0.1,-1.0,-0.1
3,NONE,-1.0,-0.1,-1.0,-0.1
3,NONE,-1.0,-0.1,-1.0,-0.1
3,NONE,-1.0,-0.1,-1.0,-0.1
3,NONE,-1.0,-0.1,-1.0,-0.1
3,NONE,-1.0,-0.1,-1.0,-0.1
3,NONE,-1.0,-0.1,-1.0,-0.1
3,NONE,-1.0,-0.1,-1.0,-0.1
3,NONE,-1.0,-0.1,-1.0,-0.1
3,NONE,-1.0,-0.1,-1.0,-0.1
3,NONE,-1.0,-0.1,-1.0,-0.1
2,EV_B07_C021_Moto_Lineal_Electrica,-1.0,-0.1,7.0,31.42248758657855
1,EV_B07_C021_Moto_Lineal_Electrica,7.0,82.71668420858309,-1.0,31.42248758657855
1,EV_B07_C021_Moto_Lineal_Electrica,6.0,82.71668420858309,-1.0,31.42248758657855
1,EV_B07_C021_Moto_Lineal_Electrica,5.0,82.71668420858309,-1.0,31.42248758657855
1,EV_B07_C021_Moto_Lineal_Electrica,4.0,82.71668420858309,-1.0,31.42248758657855
1,EV_B07_C021_Moto_Lineal_Electrica,3.0,82.71668420858309,-1.0,31.42248758657855
1,EV_B07_C021_Moto_Lineal_Electrica,2.0,82.71668420858309,-1.0,31.42248758657855
1,EV_B07_C021_Moto_Lineal_Electrica,1.0,82.71668420858309,-1.0,31.42248758657855
1,EV_B07_C021_Moto_Lineal_Electrica,0.0,82.71668420858309,-1.0,31.42248758657855
3,NONE,-1.0,-0.1,-1.0,-0.1
3,NONE,-1.0,-0.1,-1.0,-0.1
3,NONE,-1.0,-0.1,-1.0,-0.1
3,NONE,-1.0,-0.1,-1.0,-0.1
3,NONE,-1.0,-0.1,-1.0,-0.1
3,NONE,-1.0,-0.1,-1.0,-0.1
3,NONE,-1.0,-0.1,-1.0,-0.1
3,NONE,-1.0,-0.1,-1.0,-0.1
3,NONE,-1.0,-0.1,-1.0,-0.1
3,NONE,-1.0,-0.1,-1.0,-0.1
3,NONE,-1.0,-0.1,-1.0,-0.1
3,NONE,-1.0,-0.1,-1.0,-0.1
3,NONE,-1.0,-0.1,-1.0,-0.1
3,NONE,-1.0,-0.1,-1.0,-0.1
3,NONE,-1.0,-0.1,-1.0,-0.1
2,EV_B07_C021_Moto_Lineal_Electrica,-1.0,-0.1,7.0,40.71977021004575
1,EV_B07_C021_Moto_Lineal_Electrica,7.0,83.65932406606414,-1.0,40.71977021004575
1,EV_B07_C021_Moto_Lineal_Electrica,6.0,83.65932406606414,-1.0,40.71977021004575
1,EV_B07_C021_Moto_Lineal_Electrica,5.0,83.65932406606414,-1.0,40.71977021004575
1,EV_B07_C021_Moto_Lineal_Electrica,4.0,83.65932406606414,-1.0,40.71977021004575
1,EV_B07_C021_Moto_Lineal_Electrica,3.0,83.65932406606414,-1.0,40.71977021004575
1,EV_B07_C021_Moto_Lineal_Electrica,2.0,83.65932406606414,-1.0,40.71977021004575
1,EV_B07_C021_Moto_Lineal_Electrica,1.0,83.65932406606414,-1.0,40.71977021004575
1,EV_B07_C021_Moto_Lineal_Electrica,0.0,83.65932406606414,-1.0,40.71977021004575
3,NONE,-1.0,-0.1,-1.0,-0.1
3,NONE,-1.0,-0.1,-1.0,-0.1
3,NONE,-1.0,-0.1,-1.0,-0.1
3,NONE,-1.0,-0.1,-1.0,-0.1
3,NONE,-1.0,-0.1,-1.0,-0.1
3,NONE,-1.0,-0.1,-1.0,-0.1
3,NONE,-1.0,-0.1,-1.0,-0.1
3,NONE,-1.0,-0.1,-1.0,-0.1
3,NONE,-1.0,-0.1,-1.0,-0.1
3,NONE,-1.0,-0.1,-1.0,-0.1
3,NONE,-1.0,-0.1,-1.0,-0.1
3,NONE,-1.0,-0.1,-1.0,-0.1
3,NONE,-1.0,-0.1,-1.0,-0.1
3,NONE,-1.0,-0.1,-1.0,-0.1
3,NONE,-1.0,-0.1,-1.0,-0.1
3,NONE,-1.0,-0.1,-1.0,-0.1
3,NONE,-1.0,-0.1,-1.0,-0.1
3,NONE,-1.0,-0.1,-1.0,-0.1
3,NONE,-1.0,-0.1,-1.0,-0.1
3,NONE,-1.0,-0.1,-1.0,-0.1
3,NONE,-1.0,-0.1,-1.0,-0.1
3,NONE,-1.0,-0.1,-1.0,-0.1
3,NONE,-1.0,-0.1,-1.0,-0.1
3,NONE,-1.0,-0.1,-1.0,-0.1
3,NONE,-1.0,-0.1,-1.0,-0.1
3,NONE,-1.0,-0.1,-1.0,-0.1
3,NONE,-1.0,-0.1,-1.0,-0.1
3,NONE,-1.0,-0.1,-1.0,-0.1
3,NONE,-1.0,-0.1,-1.0,-0.1
3,NONE,-1.0,-0.1,-1.0,-0.1
3,NONE,-1.0,-0.1,-1.0,-0.1
3,NONE,-1.0,-0.1,-1.0,-0.1
3,NONE,-1.0,-0.1,-1.0,-0.1
3,NONE,-1.0,-0.1,-1.0,-0.1
3,NONE,-1.0,-0.1,-1.0,-0.1
3,NONE,-1.0,-0.1,-1.0,-0.1
3,NONE,-1.0,-0.1,-1.0,-0.1
3,NONE,-1.0,-0.1,-1.0,-0.1
3,NONE,-1.0,-0.1,-1.0,-0.1
3,NONE,-1.0,-0.1,-1.0,-0.1
3,NONE,-1.0,-0.1,-1.0,-0.1
3,NONE,-1.0,-0.1,-1.0,-0.1
3,NONE,-1.0,-0.1,-1.0,-0.1
3,NONE,-1.0,-0.1,-1.0,-0.1
3,NONE,-1.0,-0.1,-1.0,-0.1
3,NONE,-1.0,-0.1,-1.0,-0.1
3,NONE,-1.0,-0.1,-1.0,-0.1
3,NONE,-1.0,-0.1,-1.0,-0.1
3,NONE,-1.0,-0.1,-1.0,-0.1
3,NONE,-1.0,-0.1,-1.0,-0.1
3,NONE,-1.0,-0.1,-1.0,-0.1
3,NONE,-1.0,-0.1,-1.0,-0.1
3,NONE,-1.0,-0.1,-1.0,-0.1
3,NONE,-1.0,-0.1,-1.0,-0.1
3,NONE,-1.0,-0.1,-1.0,-0.1
3,NONE,-1.0,-0.1,-1.0,-0.1
3,NONE,-1.0,-0.1,-1.0,-0.1
3,NONE,-1.0,-0.1,-1.0,-0.1
3,NONE,-1.0,-0.1,-1.0,-0.1
3,NONE,-1.0,-0.1,-1.0,-0.1
3,NONE,-1.0,-0.1,-1.0,-0.1
3,NONE,-1.0,-0.1,-1.0,-0.1
3,NONE,-1.0,-0.1,-1.0,-0.1
3,NONE,-1.0,-0.1,-1.0,-0.1
3,NONE,-1.0,-0.1,-1.0,-0.1
3,NONE,-1.0,-0.1,-1.0,-0.1
3,NONE,-1.0,-0.1,-1.0,-0.1
3,NONE,-1.0,-0.1,-1.0,-0.1
3,NONE,-1.0,-0.1,-1.0,-0.1
3,NONE,-1.0,-0.1,-1.0,-0.1
3,NONE,-1.0,-0.1,-1.0,-0.1
3,NONE,-1.0,-0.1,-1.0,-0.1
3,NONE,-1.0,-0.1,-1.0,-0.1
3,NONE,-1.0,-0.1,-1.0,-0.1
3,NONE,-1.0,-0.1,-1.0,-0.1
3,NONE,-1.0,-0.1,-1.0,-0.1
3,NONE,-1.0,-0.1,-1.0,-0.1
3,NONE,-1.0,-0.1,-1.0,-0.1
3,NONE,-1.0,-0.1,-1.0,-0.1
3,NONE,-1.0,-0.1,-1.0,-0.1
3,NONE,-1.0,-0.1,-1.0,-0.1
3,NONE,-1.0,-0.1,-1.0,-0.1
3,NONE,-1.0,-0.1,-1.0,-0.1
3,NONE,-1.0,-0.1,-1.0,-0.1
3,NONE,-1.0,-0.1,-1.0,-0.1
3,NONE,-1.0,-0.1,-1.0,-0.1
3,NONE,-1.0,-0.1,-1.0,-0.1
3,NONE,-1.0,-0.1,-1.0,-0.1
3,NONE,-1.0,-0.1,-1.0,-0.1
2,EV_B07_C021_Moto_Lineal_Electrica,-1.0,-0.1,9.0,33.21042734219548
1,EV_B07_C021_Moto_Lineal_Electrica,5.0,71.77414080986529,-1.0,33.21042734219548
1,EV_B07_C021_Moto_Lineal_Electrica,4.0,71.77414080986529,-1.0,33.21042734219548
1,EV_B07_C021_Moto_Lineal_Electrica,3.0,71.77414080986529,-1.0,33.21042734219548
1,EV_B07_C021_Moto_Lineal_Electrica,2.0,71.77414080986529,-1.0,33.21042734219548
1,EV_B07_C021_Moto_Lineal_Electrica,1.0,71.77414080986529,-1.0,33.21042734219548
1,EV_B07_C021_Moto_Lineal_Electrica,0.0,71.77414080986529,-1.0,33.21042734219548
3,NONE,-1.0,-0.1,-1.0,-0.1
3,NONE,-1.0,-0.1,-1.0,-0.1
3,NONE,-1.0,-0.1,-1.0,-0.1
3,NONE,-1.0,-0.1,-1.0,-0.1
3,NONE,-1.0,-0.1,-1.0,-0.1
3,NONE,-1.0,-0.1,-1.0,-0.1
3,NONE,-1.0,-0.1,-1.0,-0.1
3,NONE,-1.0,-0.1,-1.0,-0.1
3,NONE,-1.0,-0.1,-1.0,-0.1
3,NONE,-1.0,-0.1,-1.0,-0.1
3,NONE,-1.0,-0.1,-1.0,-0.1
3,NONE,-1.0,-0.1,-1.0,-0.1
3,NONE,-1.0,-0.1,-1.0,-0.1
3,NONE,-1.0,-0.1,-1.0,-0.1
3,NONE,-1.0,-0.1,-1.0,-0.1
3,NONE,-1.0,-0.1,-1.0,-0.1
3,NONE,-1.0,-0.1,-1.0,-0.1
3,NONE,-1.0,-0.1,-1.0,-0.1
3,NONE,-1.0,-0.1,-1.0,-0.1
3,NONE,-1.0,-0.1,-1.0,-0.1
3,NONE,-1.0,-0.1,-1.0,-0.1
3,NONE,-1.0,-0.1,-1.0,-0.1
3,NONE,-1.0,-0.1,-1.0,-0.1
3,NONE,-1.0,-0.1,-1.0,-0.1
3,NONE,-1.0,-0.1,-1.0,-0.1
3,NONE,-1.0,-0.1,-1.0,-0.1
3,NONE,-1.0,-0.1,-1.0,-0.1
3,NONE,-1.0,-0.1,-1.0,-0.1
3,NONE,-1.0,-0.1,-1.0,-0.1
3,NONE,-1.0,-0.1,-1.0,-0.1
3,NONE,-1.0,-0.1,-1.0,-0.1
3,NONE,-1.0,-0.1,-1.0,-0.1
3,NONE,-1.0,-0.1,-1.0,-0.1
3,NONE,-1.0,-0.1,-1.0,-0.1
3,NONE,-1.0,-0.1,-1.0,-0.1
3,NONE,-1.0,-0.1,-1.0,-0.1
3,NONE,-1.0,-0.1,-1.0,-0.1
3,NONE,-1.0,-0.1,-1.0,-0.1
3,NONE,-1.0,-0.1,-1.0,-0.1
2,EV_B07_C021_Moto_Lineal_Electrica,-1.0,-0.1,7.0,36.41515961823261
1,EV_B07_C021_Moto_Lineal_Electrica,7.0,89.5899513548614,-1.0,36.41515961823261
1,EV_B07_C021_Moto_Lineal_Electrica,6.0,89.5899513548614,-1.0,36.41515961823261
1,EV_B07_C021_Moto_Lineal_Electrica,5.0,89.5899513548614,-1.0,36.41515961823261
1,EV_B07_C021_Moto_Lineal_Electrica,4.0,89.5899513548614,-1.0,36.41515961823261
1,EV_B07_C021_Moto_Lineal_Electrica,3.0,89.5899513548614,-1.0,36.41515961823261
1,EV_B07_C021_Moto_Lineal_Electrica,2.0,89.5899513548614,-1.0,36.41515961823261
1,EV_B07_C021_Moto_Lineal_Electrica,1.0,89.5899513548614,-1.0,36.41515961823261
1,EV_B07_C021_Moto_Lineal_Electrica,0.0,89.5899513548614,-1.0,36.41515961823261
3,NONE,-1.0,-0.1,-1.0,-0.1
3,NONE,-1.0,-0.1,-1.0,-0.1
3,NONE,-1.0,-0.1,-1.0,-0.1
3,NONE,-1.0,-0.1,-1.0,-0.1
3,NONE,-1.0,-0.1,-1.0,-0.1
3,NONE,-1.0,-0.1,-1.0,-0.1
3,NONE,-1.0,-0.1,-1.0,-0.1
3,NONE,-1.0,-0.1,-1.0,-0.1
3,NONE,-1.0,-0.1,-1.0,-0.1
3,NONE,-1.0,-0.1,-1.0,-0.1
3,NONE,-1.0,-0.1,-1.0,-0.1
3,NONE,-1.0,-0.1,-1.0,-0.1
3,NONE,-1.0,-0.1,-1.0,-0.1
3,NONE,-1.0,-0.1,-1.0,-0.1
3,NONE,-1.0,-0.1,-1.0,-0.1
3,NONE,-1.0,-0.1,-1.0,-0.1
3,NONE,-1.0,-0.1,-1.0,-0.1
3,NONE,-1.0,-0.1,-1.0,-0.1
2,EV_B07_C021_Moto_Lineal_Electrica,-1.0,-0.1,10.0,48.88345987207619
1,EV_B07_C021_Moto_Lineal_Electrica,4.0,82.80753234188818,-1.0,48.88345987207619
1,EV_B07_C021_Moto_Lineal_Electrica,3.0,82.80753234188818,-1.0,48.88345987207619
1,EV_B07_C021_Moto_Lineal_Electrica,2.0,82.80753234188818,-1.0,48.88345987207619
1,EV_B07_C021_Moto_Lineal_Electrica,1.0,82.80753234188818,-1.0,48.88345987207619
1,EV_B07_C021_Moto_Lineal_Electrica,0.0,82.80753234188818,-1.0,48.88345987207619
3,NONE,-1.0,-0.1,-1.0,-0.1
3,NONE,-1.0,-0.1,-1.0,-0.1
3,NONE,-1.0,-0.1,-1.0,-0.1
3,NONE,-1.0,-0.1,-1.0,-0.1
3,NONE,-1.0,-0.1,-1.0,-0.1
3,NONE,-1.0,-0.1,-1.0,-0.1
3,NONE,-1.0,-0.1,-1.0,-0.1
3,NONE,-1.0,-0.1,-1.0,-0.1
3,NONE,-1.0,-0.1,-1.0,-0.1
3,NONE,-1.0,-0.1,-1.0,-0.1
3,NONE,-1.0,-0.1,-1.0,-0.1
3,NONE,-1.0,-0.1,-1.0,-0.1
3,NONE,-1.0,-0.1,-1.0,-0.1
3,NONE,-1.0,-0.1,-1.0,-0.1
3,NONE,-1.0,-0.1,-1.0,-0.1
3,NONE,-1.0,-0.1,-1.0,-0.1
3,NONE,-1.0,-0.1,-1.0,-0.1
2,EV_B07_C021_Moto_Lineal_Electrica,-1.0,-0.1,9.0,37.28079454377968
1,EV_B07_C021_Moto_Lineal_Electrica,5.0,81.02551912665223,-1.0,37.28079454377968
1,EV_B07_C021_Moto_Lineal_Electrica,4.0,81.02551912665223,-1.0,37.28079454377968
1,EV_B07_C021_Moto_Lineal_Electrica,3.0,81.02551912665223,-1.0,37.28079454377968
1,EV_B07_C021_Moto_Lineal_Electrica,2.0,81.02551912665223,-1.0,37.28079454377968
1,EV_B07_C021_Moto_Lineal_Electrica,1.0,81.02551912665223,-1.0,37.28079454377968
1,EV_B07_C021_Moto_Lineal_Electrica,0.0,81.02551912665223,-1.0,37.28079454377968
3,NONE,-1.0,-0.1,-1.0,-0.1
3,NONE,-1.0,-0.1,-1.0,-0.1
3,NONE,-1.0,-0.1,-1.0,-0.1
3,NONE,-1.0,-0.1,-1.0,-0.1
3,NONE,-1.0,-0.1,-1.0,-0.1
3,NONE,-1.0,-0.1,-1.0,-0.1
3,NONE,-1.0,-0.1,-1.0,-0.1
3,NONE,-1.0,-0.1,-1.0,-0.1
3,NONE,-1.0,-0.1,-1.0,-0.1
3,NONE,-1.0,-0.1,-1.0,-0.1
3,NONE,-1.0,-0.1,-1.0,-0.1
3,NONE,-1.0,-0.1,-1.0,-0.1
3,NONE,-1.0,-0.1,-1.0,-0.1
3,NONE,-1.0,-0.1,-1.0,-0.1
3,NONE,-1.0,-0.1,-1.0,-0.1
3,NONE,-1.0,-0.1,-1.0,-0.1
3,NONE,-1.0,-0.1,-1.0,-0.1
3,NONE,-1.0,-0.1,-1.0,-0.1
3,NONE,-1.0,-0.1,-1.0,-0.1
3,NONE,-1.0,-0.1,-1.0,-0.1
3,NONE,-1.0,-0.1,-1.0,-0.1
3,NONE,-1.0,-0.1,-1.0,-0.1
3,NONE,-1.0,-0.1,-1.0,-0.1
3,NONE,-1.0,-0.1,-1.0,-0.1
3,NONE,-1.0,-0.1,-1.0,-0.1
3,NONE,-1.0,-0.1,-1.0,-0.1
3,NONE,-1.0,-0.1,-1.0,-0.1
3,NONE,-1.0,-0.1,-1.0,-0.1
3,NONE,-1.0,-0.1,-1.0,-0.1
3,NONE,-1.0,-0.1,-1.0,-0.1
3,NONE,-1.0,-0.1,-1.0,-0.1
3,NONE,-1.0,-0.1,-1.0,-0.1
3,NONE,-1.0,-0.1,-1.0,-0.1
3,NONE,-1.0,-0.1,-1.0,-0.1
3,NONE,-1.0,-0.1,-1.0,-0.1
3,NONE,-1.0,-0.1,-1.0,-0.1
3,NONE,-1.0,-0.1,-1.0,-0.1
3,NONE,-1.0,-0.1,-1.0,-0.1
3,NONE,-1.0,-0.1,-1.0,-0.1
3,NONE,-1.0,-0.1,-1.0,-0.1
3,NONE,-1.0,-0.1,-1.0,-0.1
3,NONE,-1.0,-0.1,-1.0,-0.1
3,NONE,-1.0,-0.1,-1.0,-0.1
3,NONE,-1.0,-0.1,-1.0,-0.1
3,NONE,-1.0,-0.1,-1.0,-0.1
3,NONE,-1.0,-0.1,-1.0,-0.1
3,NONE,-1.0,-0.1,-1.0,-0.1
3,NONE,-1.0,-0.1,-1.0,-0.1
3,NONE,-1.0,-0.1,-1.0,-0.1
3,NONE,-1.0,-0.1,-1.0,-0.1
3,NONE,-1.0,-0.1,-1.0,-0.1
3,NONE,-1.0,-0.1,-1.0,-0.1
3,NONE,-1.0,-0.1,-1.0,-0.1
3,NONE,-1.0,-0.1,-1.0,-0.1
3,NONE,-1.0,-0.1,-1.0,-0.1
3,NONE,-1.0,-0.1,-1.0,-0.1
3,NONE,-1.0,-0.1,-1.0,-0.1
3,NONE,-1.0,-0.1,-1.0,-0.1
3,NONE,-1.0,-0.1,-1.0,-0.1
3,NONE,-1.0,-0.1,-1.0,-0.1
3,NONE,-1.0,-0.1,-1.0,-0.1
3,NONE,-1.0,-0.1,-1.0,-0.1
3,NONE,-1.0,-0.1,-1.0,-0.1
3,NONE,-1.0,-0.1,-1.0,-0.1
2,EV_B07_C021_Moto_Lineal_Electrica,-1.0,-0.1,8.0,29.520725110639283
1,EV_B07_C021_Moto_Lineal_Electrica,6.0,85.71391494271626,-1.0,29.520725110639283
1,EV_B07_C021_Moto_Lineal_Electrica,5.0,85.71391494271626,-1.0,29.520725110639283
1,EV_B07_C021_Moto_Lineal_Electrica,4.0,85.71391494271626,-1.0,29.520725110639283
1,EV_B07_C021_Moto_Lineal_Electrica,3.0,85.71391494271626,-1.0,29.520725110639283
1,EV_B07_C021_Moto_Lineal_Electrica,2.0,85.71391494271626,-1.0,29.520725110639283
1,EV_B07_C021_Moto_Lineal_Electrica,1.0,85.71391494271626,-1.0,29.520725110639283
1,EV_B07_C021_Moto_Lineal_Electrica,0.0,85.71391494271626,-1.0,29.520725110639283
3,NONE,-1.0,-0.1,-1.0,-0.1
3,NONE,-1.0,-0.1,-1.0,-0.1
3,NONE,-1.0,-0.1,-1.0,-0.1
3,NONE,-1.0,-0.1,-1.0,-0.1
3,NONE,-1.0,-0.1,-1.0,-0.1
3,NONE,-1.0,-0.1,-1.0,-0.1
3,NONE,-1.0,-0.1,-1.0,-0.1
3,NONE,-1.0,-0.1,-1.0,-0.1
3,NONE,-1.0,-0.1,-1.0,-0.1
3,NONE,-1.0,-0.1,-1.0,-0.1
3,NONE,-1.0,-0.1,-1.0,-0.1
3,NONE,-1.0,-0.1,-1.0,-0.1
3,NONE,-1.0,-0.1,-1.0,-0.1
3,NONE,-1.0,-0.1,-1.0,-0.1
3,NONE,-1.0,-0.1,-1.0,-0.1
2,EV_B07_C021_Moto_Lineal_Electrica,-1.0,-0.1,7.0,34.24169803265306
1,EV_B07_C021_Moto_Lineal_Electrica,7.0,85.38060076870732,-1.0,34.24169803265306
1,EV_B07_C021_Moto_Lineal_Electrica,6.0,85.38060076870732,-1.0,34.24169803265306
1,EV_B07_C021_Moto_Lineal_Electrica,5.0,85.38060076870732,-1.0,34.24169803265306
1,EV_B07_C021_Moto_Lineal_Electrica,4.0,85.38060076870732,-1.0,34.24169803265306
1,EV_B07_C021_Moto_Lineal_Electrica,3.0,85.38060076870732,-1.0,34.24169803265306
1,EV_B07_C021_Moto_Lineal_Electrica,2.0,85.38060076870732,-1.0,34.24169803265306
1,EV_B07_C021_Moto_Lineal_Electrica,1.0,85.38060076870732,-1.0,34.24169803265306
1,EV_B07_C021_Moto_Lineal_Electrica,0.0,85.38060076870732,-1.0,34.24169803265306
3,NONE,-1.0,-0.1,-1.0,-0.1
3,NONE,-1.0,-0.1,-1.0,-0.1
3,NONE,-1.0,-0.1,-1.0,-0.1
3,NONE,-1.0,-0.1,-1.0,-0.1
3,NONE,-1.0,-0.1,-1.0,-0.1
3,NONE,-1.0,-0.1,-1.0,-0.1
3,NONE,-1.0,-0.1,-1.0,-0.1
3,NONE,-1.0,-0.1,-1.0,-0.1
3,NONE,-1.0,-0.1,-1.0,-0.1
3,NONE,-1.0,-0.1,-1.0,-0.1
3,NONE,-1.0,-0.1,-1.0,-0.1
3,NONE,-1.0,-0.1,-1.0,-0.1
3,NONE,-1.0,-0.1,-1.0,-0.1
3,NONE,-1.0,-0.1,-1.0,-0.1
3,NONE,-1.0,-0.1,-1.0,-0.1
3,NONE,-1.0,-0.1,-1.0,-0.1
2,EV_B07_C021_Moto_Lineal_Electrica,-1.0,-0.1,8.0,38.30055680186319
1,EV_B07_C021_Moto_Lineal_Electrica,6.0,86.50895984321127,-1.0,38.30055680186319
1,EV_B07_C021_Moto_Lineal_Electrica,5.0,86.50895984321127,-1.0,38.30055680186319
1,EV_B07_C021_Moto_Lineal_Electrica,4.0,86.50895984321127,-1.0,38.30055680186319
1,EV_B07_C021_Moto_Lineal_Electrica,3.0,86.50895984321127,-1.0,38.30055680186319
1,EV_B07_C021_Moto_Lineal_Electrica,2.0,86.50895984321127,-1.0,38.30055680186319
1,EV_B07_C021_Moto_Lineal_Electrica,1.0,86.50895984321127,-1.0,38.30055680186319
1,EV_B07_C021_Moto_Lineal_Electrica,0.0,86.50895984321127,-1.0,38.30055680186319
3,NONE,-1.0,-0.1,-1.0,-0.1
3,NONE,-1.0,-0.1,-1.0,-0.1
3,NONE,-1.0,-0.1,-1.0,-0.1
3,NONE,-1.0,-0.1,-1.0,-0.1
3,NONE,-1.0,-0.1,-1.0,-0.1
3,NONE,-1.0,-0.1,-1.0,-0.1
3,NONE,-1.0,-0.1,-1.0,-0.1
3,NONE,-1.0,-0.1,-1.0,-0.1
3,NONE,-1.0,-0.1,-1.0,-0.1
3,NONE,-1.0,-0.1,-1.0,-0.1
3,NONE,-1.0,-0.1,-1.0,-0.1
3,NONE,-1.0,-0.1,-1.0,-0.1
3,NONE,-1.0,-0.1,-1.0,-0.1
3,NONE,-1.0,-0.1,-1.0,-0.1
3,NONE,-1.0,-0.1,-1.0,-0.1
2,EV_B07_C021_Moto_Lineal_Electrica,-1.0,-0.1,7.0,15.34355271598599
1,EV_B07_C021_Moto_Lineal_Electrica,7.0,91.19293296367734,-1.0,15.34355271598599
1,EV_B07_C021_Moto_Lineal_Electrica,6.0,91.19293296367734,-1.0,15.34355271598599
1,EV_B07_C021_Moto_Lineal_Electrica,5.0,91.19293296367734,-1.0,15.34355271598599
1,EV_B07_C021_Moto_Lineal_Electrica,4.0,91.19293296367734,-1.0,15.34355271598599
1,EV_B07_C021_Moto_Lineal_Electrica,3.0,91.19293296367734,-1.0,15.34355271598599
1,EV_B07_C021_Moto_Lineal_Electrica,2.0,91.19293296367734,-1.0,15.34355271598599
1,EV_B07_C021_Moto_Lineal_Electrica,1.0,91.19293296367734,-1.0,15.34355271598599
1,EV_B07_C021_Moto_Lineal_Electrica,0.0,91.19293296367734,-1.0,15.34355271598599
3,NONE,-1.0,-0.1,-1.0,-0.1
3,NONE,-1.0,-0.1,-1.0,-0.1
3,NONE,-1.0,-0.1,-1.0,-0.1
3,NONE,-1.0,-0.1,-1.0,-0.1
3,NONE,-1.0,-0.1,-1.0,-0.1
3,NONE,-1.0,-0.1,-1.0,-0.1
3,NONE,-1.0,-0.1,-1.0,-0.1
3,NONE,-1.0,-0.1,-1.0,-0.1
3,NONE,-1.0,-0.1,-1.0,-0.1
3,NONE,-1.0,-0.1,-1.0,-0.1
3,NONE,-1.0,-0.1,-1.0,-0.1
3,NONE,-1.0,-0.1,-1.0,-0.1
3,NONE,-1.0,-0.1,-1.0,-0.1
3,NONE,-1.0,-0.1,-1.0,-0.1
3,NONE,-1.0,-0.1,-1.0,-0.1
3,NONE,-1.0,-0.1,-1.0,-0.1
2,EV_B07_C021_Moto_Lineal_Electrica,-1.0,-0.1,8.0,27.504926772974642
1,EV_B07_C021_Moto_Lineal_Electrica,6.0,91.38882038978907,-1.0,27.504926772974642
1,EV_B07_C021_Moto_Lineal_Electrica,5.0,91.38882038978907,-1.0,27.504926772974642
1,EV_B07_C021_Moto_Lineal_Electrica,4.0,91.38882038978907,-1.0,27.504926772974642
1,EV_B07_C021_Moto_Lineal_Electrica,3.0,91.38882038978907,-1.0,27.504926772974642
1,EV_B07_C021_Moto_Lineal_Electrica,2.0,91.38882038978907,-1.0,27.504926772974642
1,EV_B07_C021_Moto_Lineal_Electrica,1.0,91.38882038978907,-1.0,27.504926772974642
1,EV_B07_C021_Moto_Lineal_Electrica,0.0,91.38882038978907,-1.0,27.504926772974642
3,NONE,-1.0,-0.1,-1.0,-0.1
3,NONE,-1.0,-0.1,-1.0,-0.1
3,NONE,-1.0,-0.1,-1.0,-0.1
3,NONE,-1.0,-0.1,-1.0,-0.1
3,NONE,-1.0,-0.1,-1.0,-0.1
3,NONE,-1.0,-0.1,-1.0,-0.1
3,NONE,-1.0,-0.1,-1.0,-0.1
3,NONE,-1.0,-0.1,-1.0,-0.1
3,NONE,-1.0,-0.1,-1.0,-0.1
3,NONE,-1.0,-0.1,-1.0,-0.1
3,NONE,-1.0,-0.1,-1.0,-0.1
3,NONE,-1.0,-0.1,-1.0,-0.1
3,NONE,-1.0,-0.1,-1.0,-0.1
3,NONE,-1.0,-0.1,-1.0,-0.1
3,NONE,-1.0,-0.1,-1.0,-0.1
3,NONE,-1.0,-0.1,-1.0,-0.1
3,NONE,-1.0,-0.1,-1.0,-0.1
3,NONE,-1.0,-0.1,-1.0,-0.1
3,NONE,-1.0,-0.1,-1.0,-0.1
3,NONE,-1.0,-0.1,-1.0,-0.1
3,NONE,-1.0,-0.1,-1.0,-0.1
3,NONE,-1.0,-0.1,-1.0,-0.1
3,NONE,-1.0,-0.1,-1.0,-0.1
3,NONE,-1.0,-0.1,-1.0,-0.1
3,NONE,-1.0,-0.1,-1.0,-0.1
3,NONE,-1.0,-0.1,-1.0,-0.1
3,NONE,-1.0,-0.1,-1.0,-0.1
3,NONE,-1.0,-0.1,-1.0,-0.1
3,NONE,-1.0,-0.1,-1.0,-0.1
3,NONE,-1.0,-0.1,-1.0,-0.1
3,NONE,-1.0,-0.1,-1.0,-0.1
3,NONE,-1.0,-0.1,-1.0,-0.1
3,NONE,-1.0,-0.1,-1.0,-0.1
3,NONE,-1.0,-0.1,-1.0,-0.1
3,NONE,-1.0,-0.1,-1.0,-0.1
3,NONE,-1.0,-0.1,-1.0,-0.1
3,NONE,-1.0,-0.1,-1.0,-0.1
3,NONE,-1.0,-0.1,-1.0,-0.1
3,NONE,-1.0,-0.1,-1.0,-0.1
3,NONE,-1.0,-0.1,-1.0,-0.1
3,NONE,-1.0,-0.1,-1.0,-0.1
3,NONE,-1.0,-0.1,-1.0,-0.1
3,NONE,-1.0,-0.1,-1.0,-0.1
3,NONE,-1.0,-0.1,-1.0,-0.1
3,NONE,-1.0,-0.1,-1.0,-0.1
3,NONE,-1.0,-0.1,-1.0,-0.1
3,NONE,-1.0,-0.1,-1.0,-0.1
3,NONE,-1.0,-0.1,-1.0,-0.1
3,NONE,-1.0,-0.1,-1.0,-0.1
3,NONE,-1.0,-0.1,-1.0,-0.1
3,NONE,-1.0,-0.1,-1.0,-0.1
3,NONE,-1.0,-0.1,-1.0,-0.1
3,NONE,-1.0,-0.1,-1.0,-0.1
3,NONE,-1.0,-0.1,-1.0,-0.1
3,NONE,-1.0,-0.1,-1.0,-0.1
3,NONE,-1.0,-0.1,-1.0,-0.1
3,NONE,-1.0,-0.1,-1.0,-0.1
3,NONE,-1.0,-0.1,-1.0,-0.1
3,NONE,-1.0,-0.1,-1.0,-0.1
3,NONE,-1.0,-0.1,-1.0,-0.1
3,NONE,-1.0,-0.1,-1.0,-0.1
3,NONE,-1.0,-0.1,-1.0,-0.1
3,NONE,-1.0,-0.1,-1.0,-0.1
3,NONE,-1.0,-0.1,-1.0,-0.1
3,NONE,-1.0,-0.1,-1.0,-0.1
3,NONE,-1.0,-0.1,-1.0,-0.1
2,EV_B07_C021_Moto_Lineal_Electrica,-1.0,-0.1,10.0,47.231171277513184
1,EV_B07_C021_Moto_Lineal_Electrica,4.0,91.1757777363416,-1.0,47.231171277513184
1,EV_B07_C021_Moto_Lineal_Electrica,3.0,91.1757777363416,-1.0,47.231171277513184
1,EV_B07_C021_Moto_Lineal_Electrica,2.0,91.1757777363416,-1.0,47.231171277513184
1,EV_B07_C021_Moto_Lineal_Electrica,1.0,91.1757777363416,-1.0,47.231171277513184
1,EV_B07_C021_Moto_Lineal_Electrica,0.0,91.1757777363416,-1.0,47.231171277513184
3,NONE,-1.0,-0.1,-1.0,-0.1
3,NONE,-1.0,-0.1,-1.0,-0.1
3,NONE,-1.0,-0.1,-1.0,-0.1
3,NONE,-1.0,-0.1,-1.0,-0.1
3,NONE,-1.0,-0.1,-1.0,-0.1
3,NONE,-1.0,-0.1,-1.0,-0.1
3,NONE,-1.0,-0.1,-1.0,-0.1
3,NONE,-1.0,-0.1,-1.0,-0.1
3,NONE,-1.0,-0.1,-1.0,-0.1
3,NONE,-1.0,-0.1,-1.0,-0.1
3,NONE,-1.0,-0.1,-1.0,-0.1
3,NONE,-1.0,-0.1,-1.0,-0.1
3,NONE,-1.0,-0.1,-1.0,-0.1
3,NONE,-1.0,-0.1,-1.0,-0.1
3,NONE,-1.0,-0.1,-1.0,-0.1
2,EV_B07_C021_Moto_Lineal_Electrica,-1.0,-0.1,7.0,56.721920673050775
1,EV_B07_C021_Moto_Lineal_Electrica,7.0,75.31395723163729,-1.0,56.721920673050775
1,EV_B07_C021_Moto_Lineal_Electrica,6.0,75.31395723163729,-1.0,56.721920673050775
1,EV_B07_C021_Moto_Lineal_Electrica,5.0,75.31395723163729,-1.0,56.721920673050775
1,EV_B07_C021_Moto_Lineal_Electrica,4.0,75.31395723163729,-1.0,56.721920673050775
1,EV_B07_C021_Moto_Lineal_Electrica,3.0,75.31395723163729,-1.0,56.721920673050775
1,EV_B07_C021_Moto_Lineal_Electrica,2.0,75.31395723163729,-1.0,56.721920673050775
1,EV_B07_C021_Moto_Lineal_Electrica,1.0,75.31395723163729,-1.0,56.721920673050775
1,EV_B07_C021_Moto_Lineal_Electrica,0.0,75.31395723163729,-1.0,56.721920673050775
3,NONE,-1.0,-0.1,-1.0,-0.1
3,NONE,-1.0,-0.1,-1.0,-0.1
3,NONE,-1.0,-0.1,-1.0,-0.1
3,NONE,-1.0,-0.1,-1.0,-0.1
3,NONE,-1.0,-0.1,-1.0,-0.1
3,NONE,-1.0,-0.1,-1.0,-0.1
3,NONE,-1.0,-0.1,-1.0,-0.1
3,NONE,-1.0,-0.1,-1.0,-0.1
3,NONE,-1.0,-0.1,-1.0,-0.1
3,NONE,-1.0,-0.1,-1.0,-0.1
3,NONE,-1.0,-0.1,-1.0,-0.1
3,NONE,-1.0,-0.1,-1.0,-0.1
3,NONE,-1.0,-0.1,-1.0,-0.1
3,NONE,-1.0,-0.1,-1.0,-0.1
3,NONE,-1.0,-0.1,-1.0,-0.1
2,EV_B07_C021_Moto_Lineal_Electrica,-1.0,-0.1,7.0,25.985348078592796
1,EV_B07_C021_Moto_Lineal_Electrica,7.0,84.86764730660671,-1.0,25.985348078592796
1,EV_B07_C021_Moto_Lineal_Electrica,6.0,84.86764730660671,-1.0,25.985348078592796
1,EV_B07_C021_Moto_Lineal_Electrica,5.0,84.86764730660671,-1.0,25.985348078592796
1,EV_B07_C021_Moto_Lineal_Electrica,4.0,84.86764730660671,-1.0,25.985348078592796
1,EV_B07_C021_Moto_Lineal_Electrica,3.0,84.86764730660671,-1.0,25.985348078592796
1,EV_B07_C021_Moto_Lineal_Electrica,2.0,84.86764730660671,-1.0,25.985348078592796
1,EV_B07_C021_Moto_Lineal_Electrica,1.0,84.86764730660671,-1.0,25.985348078592796
1,EV_B07_C021_Moto_Lineal_Electrica,0.0,84.86764730660671,-1.0,25.985348078592796
3,NONE,-1.0,-0.1,-1.0,-0.1
3,NONE,-1.0,-0.1,-1.0,-0.1
3,NONE,-1.0,-0.1,-1.0,-0.1
3,NONE,-1.0,-0.1,-1.0,-0.1
3,NONE,-1.0,-0.1,-1.0,-0.1
3,NONE,-1.0,-0.1,-1.0,-0.1
3,NONE,-1.0,-0.1,-1.0,-0.1
3,NONE,-1.0,-0.1,-1.0,-0.1
3,NONE,-1.0,-0.1,-1.0,-0.1
3,NONE,-1.0,-0.1,-1.0,-0.1
3,NONE,-1.0,-0.1,-1.0,-0.1
3,NONE,-1.0,-0.1,-1.0,-0.1
3,NONE,-1.0,-0.1,-1.0,-0.1
3,NONE,-1.0,-0.1,-1.0,-0.1
3,NONE,-1.0,-0.1,-1.0,-0.1
3,NONE,-1.0,-0.1,-1.0,-0.1
3,NONE,-1.0,-0.1,-1.0,-0.1
2,EV_B07_C021_Moto_Lineal_Electrica,-1.0,-0.1,9.0,21.832288004109046
1,EV_B07_C021_Moto_Lineal_Electrica,5.0,83.59518537493692,-1.0,21.832288004109046
1,EV_B07_C021_Moto_Lineal_Electrica,4.0,83.59518537493692,-1.0,21.832288004109046
1,EV_B07_C021_Moto_Lineal_Electrica,3.0,83.59518537493692,-1.0,21.832288004109046
1,EV_B07_C021_Moto_Lineal_Electrica,2.0,83.59518537493692,-1.0,21.832288004109046
1,EV_B07_C021_Moto_Lineal_Electrica,1.0,83.59518537493692,-1.0,21.832288004109046
1,EV_B07_C021_Moto_Lineal_Electrica,0.0,83.59518537493692,-1.0,21.832288004109046
3,NONE,-1.0,-0.1,-1.0,-0.1
3,NONE,-1.0,-0.1,-1.0,-0.1
3,NONE,-1.0,-0.1,-1.0,-0.1
3,NONE,-1.0,-0.1,-1.0,-0.1
3,NONE,-1.0,-0.1,-1.0,-0.1
3,NONE,-1.0,-0.1,-1.0,-0.1
3,NONE,-1.0,-0.1,-1.0,-0.1
3,NONE,-1.0,-0.1,-1.0,-0.1
3,NONE,-1.0,-0.1,-1.0,-0.1
3,NONE,-1.0,-0.1,-1.0,-0.1
3,NONE,-1.0,-0.1,-1.0,-0.1
3,NONE,-1.0,-0.1,-1.0,-0.1
3,NONE,-1.0,-0.1,-1.0,-0.1
3,NONE,-1.0,-0.1,-1.0,-0.1
3,NONE,-1.0,-0.1,-1.0,-0.1
2,EV_B07_C021_Moto_Lineal_Electrica,-1.0,-0.1,7.0,14.811392708866757
1,EV_B07_C021_Moto_Lineal_Electrica,7.0,89.2902700260471,-1.0,14.811392708866757
1,EV_B07_C021_Moto_Lineal_Electrica,6.0,89.2902700260471,-1.0,14.811392708866757
1,EV_B07_C021_Moto_Lineal_Electrica,5.0,89.2902700260471,-1.0,14.811392708866757
1,EV_B07_C021_Moto_Lineal_Electrica,4.0,89.2902700260471,-1.0,14.811392708866757
1,EV_B07_C021_Moto_Lineal_Electrica,3.0,89.2902700260471,-1.0,14.811392708866757
1,EV_B07_C021_Moto_Lineal_Electrica,2.0,89.2902700260471,-1.0,14.811392708866757
1,EV_B07_C021_Moto_Lineal_Electrica,1.0,89.2902700260471,-1.0,14.811392708866757
1,EV_B07_C021_Moto_Lineal_Electrica,0.0,89.2902700260471,-1.0,14.811392708866757
3,NONE,-1.0,-0.1,-1.0,-0.1
3,NONE,-1.0,-0.1,-1.0,-0.1
3,NONE,-1.0,-0.1,-1.0,-0.1
3,NONE,-1.0,-0.1,-1.0,-0.1
3,NONE,-1.0,-0.1,-1.0,-0.1
3,NONE,-1.0,-0.1,-1.0,-0.1
3,NONE,-1.0,-0.1,-1.0,-0.1
3,NONE,-1.0,-0.1,-1.0,-0.1
3,NONE,-1.0,-0.1,-1.0,-0.1
3,NONE,-1.0,-0.1,-1.0,-0.1
3,NONE,-1.0,-0.1,-1.0,-0.1
3,NONE,-1.0,-0.1,-1.0,-0.1
3,NONE,-1.0,-0.1,-1.0,-0.1
3,NONE,-1.0,-0.1,-1.0,-0.1
3,NONE,-1.0,-0.1,-1.0,-0.1
3,NONE,-1.0,-0.1,-1.0,-0.1
3,NONE,-1.0,-0.1,-1.0,-0.1
3,NONE,-1.0,-0.1,-1.0,-0.1
3,NONE,-1.0,-0.1,-1.0,-0.1
3,NONE,-1.0,-0.1,-1.0,-0.1
3,NONE,-1.0,-0.1,-1.0,-0.1
3,NONE,-1.0,-0.1,-1.0,-0.1
3,NONE,-1.0,-0.1,-1.0,-0.1
3,NONE,-1.0,-0.1,-1.0,-0.1
3,NONE,-1.0,-0.1,-1.0,-0.1
3,NONE,-1.0,-0.1,-1.0,-0.1
3,NONE,-1.0,-0.1,-1.0,-0.1
3,NONE,-1.0,-0.1,-1.0,-0.1
3,NONE,-1.0,-0.1,-1.0,-0.1
3,NONE,-1.0,-0.1,-1.0,-0.1
3,NONE,-1.0,-0.1,-1.0,-0.1
3,NONE,-1.0,-0.1,-1.0,-0.1
3,NONE,-1.0,-0.1,-1.0,-0.1
3,NONE,-1.0,-0.1,-1.0,-0.1
3,NONE,-1.0,-0.1,-1.0,-0.1
3,NONE,-1.0,-0.1,-1.0,-0.1
3,NONE,-1.0,-0.1,-1.0,-0.1
3,NONE,-1.0,-0.1,-1.0,-0.1
3,NONE,-1.0,-0.1,-1.0,-0.1
3,NONE,-1.0,-0.1,-1.0,-0.1
3,NONE,-1.0,-0.1,-1.0,-0.1
3,NONE,-1.0,-0.1,-1.0,-0.1
3,NONE,-1.0,-0.1,-1.0,-0.1
3,NONE,-1.0,-0.1,-1.0,-0.1
3,NONE,-1.0,-0.1,-1.0,-0.1
3,NONE,-1.0,-0.1,-1.0,-0.1
3,NONE,-1.0,-0.1,-1.0,-0.1
3,NONE,-1.0,-0.1,-1.0,-0.1
3,NONE,-1.0,-0.1,-1.0,-0.1
3,NONE,-1.0,-0.1,-1.0,-0.1
3,NONE,-1.0,-0.1,-1.0,-0.1
3,NONE,-1.0,-0.1,-1.0,-0.1
3,NONE,-1.0,-0.1,-1.0,-0.1
3,NONE,-1.0,-0.1,-1.0,-0.1
3,NONE,-1.0,-0.1,-1.0,-0.1
3,NONE,-1.0,-0.1,-1.0,-0.1
3,NONE,-1.0,-0.1,-1.0,-0.1
3,NONE,-1.0,-0.1,-1.0,-0.1
3,NONE,-1.0,-0.1,-1.0,-0.1
3,NONE,-1.0,-0.1,-1.0,-0.1
3,NONE,-1.0,-0.1,-1.0,-0.1
3,NONE,-1.0,-0.1,-1.0,-0.1
3,NONE,-1.0,-0.1,-1.0,-0.1
3,NONE,-1.0,-0.1,-1.0,-0.1
2,EV_B07_C021_Moto_Lineal_Electrica,-1.0,-0.1,8.0,29.359359126961692
1,EV_B07_C021_Moto_Lineal_Electrica,6.0,86.08172219858446,-1.0,29.359359126961692
1,EV_B07_C021_Moto_Lineal_Electrica,5.0,86.08172219858446,-1.0,29.359359126961692
1,EV_B07_C021_Moto_Lineal_Electrica,4.0,86.08172219858446,-1.0,29.359359126961692
1,EV_B07_C021_Moto_Lineal_Electrica,3.0,86.08172219858446,-1.0,29.359359126961692
1,EV_B07_C021_Moto_Lineal_Electrica,2.0,86.08172219858446,-1.0,29.359359126961692
1,EV_B07_C021_Moto_Lineal_Electrica,1.0,86.08172219858446,-1.0,29.359359126961692
1,EV_B07_C021_Moto_Lineal_Electrica,0.0,86.08172219858446,-1.0,29.359359126961692
3,NONE,-1.0,-0.1,-1.0,-0.1
3,NONE,-1.0,-0.1,-1.0,-0.1
3,NONE,-1.0,-0.1,-1.0,-0.1
3,NONE,-1.0,-0.1,-1.0,-0.1
3,NONE,-1.0,-0.1,-1.0,-0.1
3,NONE,-1.0,-0.1,-1.0,-0.1
3,NONE,-1.0,-0.1,-1.0,-0.1
3,NONE,-1.0,-0.1,-1.0,-0.1
3,NONE,-1.0,-0.1,-1.0,-0.1
3,NONE,-1.0,-0.1,-1.0,-0.1
3,NONE,-1.0,-0.1,-1.0,-0.1
3,NONE,-1.0,-0.1,-1.0,-0.1
3,NONE,-1.0,-0.1,-1.0,-0.1
3,NONE,-1.0,-0.1,-1.0,-0.1
3,NONE,-1.0,-0.1,-1.0,-0.1
2,EV_B07_C021_Moto_Lineal_Electrica,-1.0,-0.1,7.0,5.0
1,EV_B07_C021_Moto_Lineal_Electrica,7.0,95.16510564588192,-1.0,5.0
1,EV_B07_C021_Moto_Lineal_Electrica,6.0,95.16510564588192,-1.0,5.0
1,EV_B07_C021_Moto_Lineal_Electrica,5.0,95.16510564588192,-1.0,5.0
1,EV_B07_C021_Moto_Lineal_Electrica,4.0,95.16510564588192,-1.0,5.0
1,EV_B07_C021_Moto_Lineal_Electrica,3.0,95.16510564588192,-1.0,5.0
1,EV_B07_C021_Moto_Lineal_Electrica,2.0,95.16510564588192,-1.0,5.0
1,EV_B07_C021_Moto_Lineal_Electrica,1.0,95.16510564588192,-1.0,5.0
1,EV_B07_C021_Moto_Lineal_Electrica,0.0,95.16510564588192,-1.0,5.0
3,NONE,-1.0,-0.1,-1.0,-0.1
3,NONE,-1.0,-0.1,-1.0,-0.1
3,NONE,-1.0,-0.1,-1.0,-0.1
3,NONE,-1.0,-0.1,-1.0,-0.1
3,NONE,-1.0,-0.1,-1.0,-0.1
3,NONE,-1.0,-0.1,-1.0,-0.1
3,NONE,-1.0,-0.1,-1.0,-0.1
3,NONE,-1.0,-0.1,-1.0,-0.1
3,NONE,-1.0,-0.1,-1.0,-0.1
3,NONE,-1.0,-0.1,-1.0,-0.1
3,NONE,-1.0,-0.1,-1.0,-0.1
3,NONE,-1.0,-0.1,-1.0,-0.1
3,NONE,-1.0,-0.1,-1.0,-0.1
3,NONE,-1.0,-0.1,-1.0,-0.1
3,NONE,-1.0,-0.1,-1.0,-0.1
3,NONE,-1.0,-0.1,-1.0,-0.1
2,EV_B07_C021_Moto_Lineal_Electrica,-1.0,-0.1,8.0,22.852204732884672
1,EV_B07_C021_Moto_Lineal_Electrica,6.0,89.39675153741577,-1.0,22.852204732884672
1,EV_B07_C021_Moto_Lineal_Electrica,5.0,89.39675153741577,-1.0,22.852204732884672
1,EV_B07_C021_Moto_Lineal_Electrica,4.0,89.39675153741577,-1.0,22.852204732884672
1,EV_B07_C021_Moto_Lineal_Electrica,3.0,89.39675153741577,-1.0,22.852204732884672
1,EV_B07_C021_Moto_Lineal_Electrica,2.0,89.39675153741577,-1.0,22.852204732884672
1,EV_B07_C021_Moto_Lineal_Electrica,1.0,89.39675153741577,-1.0,22.852204732884672
1,EV_B07_C021_Moto_Lineal_Electrica,0.0,89.39675153741577,-1.0,22.852204732884672
3,NONE,-1.0,-0.1,-1.0,-0.1
3,NONE,-1.0,-0.1,-1.0,-0.1
3,NONE,-1.0,-0.1,-1.0,-0.1
3,NONE,-1.0,-0.1,-1.0,-0.1
3,NONE,-1.0,-0.1,-1.0,-0.1
3,NONE,-1.0,-0.1,-1.0,-0.1
3,NONE,-1.0,-0.1,-1.0,-0.1
3,NONE,-1.0,-0.1,-1.0,-0.1
3,NONE,-1.0,-0.1,-1.0,-0.1
3,NONE,-1.0,-0.1,-1.0,-0.1
3,NONE,-1.0,-0.1,-1.0,-0.1
3,NONE,-1.0,-0.1,-1.0,-0.1
3,NONE,-1.0,-0.1,-1.0,-0.1
3,NONE,-1.0,-0.1,-1.0,-0.1
3,NONE,-1.0,-0.1,-1.0,-0.1
2,EV_B07_C021_Moto_Lineal_Electrica,-1.0,-0.1,7.0,45.89628980678306
1,EV_B07_C021_Moto_Lineal_Electrica,7.0,80.95847836389056,-1.0,45.89628980678306
1,EV_B07_C021_Moto_Lineal_Electrica,6.0,80.95847836389056,-1.0,45.89628980678306
1,EV_B07_C021_Moto_Lineal_Electrica,5.0,80.95847836389056,-1.0,45.89628980678306
1,EV_B07_C021_Moto_Lineal_Electrica,4.0,80.95847836389056,-1.0,45.89628980678306
1,EV_B07_C021_Moto_Lineal_Electrica,3.0,80.95847836389056,-1.0,45.89628980678306
1,EV_B07_C021_Moto_Lineal_Electrica,2.0,80.95847836389056,-1.0,45.89628980678306
1,EV_B07_C021_Moto_Lineal_Electrica,1.0,80.95847836389056,-1.0,45.89628980678306
1,EV_B07_C021_Moto_Lineal_Electrica,0.0,80.95847836389056,-1.0,45.89628980678306
3,NONE,-1.0,-0.1,-1.0,-0.1
3,NONE,-1.0,-0.1,-1.0,-0.1
3,NONE,-1.0,-0.1,-1.0,-0.1
3,NONE,-1.0,-0.1,-1.0,-0.1
3,NONE,-1.0,-0.1,-1.0,-0.1
3,NONE,-1.0,-0.1,-1.0,-0.1
3,NONE,-1.0,-0.1,-1.0,-0.1
3,NONE,-1.0,-0.1,-1.0,-0.1
3,NONE,-1.0,-0.1,-1.0,-0.1
3,NONE,-1.0,-0.1,-1.0,-0.1
3,NONE,-1.0,-0.1,-1.0,-0.1
3,NONE,-1.0,-0.1,-1.0,-0.1
3,NONE,-1.0,-0.1,-1.0,-0.1
3,NONE,-1.0,-0.1,-1.0,-0.1
3,NONE,-1.0,-0.1,-1.0,-0.1
2,EV_B07_C021_Moto_Lineal_Electrica,-1.0,-0.1,7.0,21.189978451844112
1,EV_B07_C021_Moto_Lineal_Electrica,6.0,74.23618858672005,-1.0,21.189978451844112
1,EV_B07_C021_Moto_Lineal_Electrica,5.0,74.23618858672005,-1.0,21.189978451844112
1,EV_B07_C021_Moto_Lineal_Electrica,4.0,74.23618858672005,-1.0,21.189978451844112
1,EV_B07_C021_Moto_Lineal_Electrica,3.0,74.23618858672005,-1.0,21.189978451844112
1,EV_B07_C021_Moto_Lineal_Electrica,2.0,74.23618858672005,-1.0,21.189978451844112
1,EV_B07_C021_Moto_Lineal_Electrica,1.0,74.23618858672005,-1.0,21.189978451844112
1,EV_B07_C021_Moto_Lineal_Electrica,0.0,74.23618858672005,-1.0,21.189978451844112
3,NONE,-1.0,-0.1,-1.0,-0.1
3,NONE,-1.0,-0.1,-1.0,-0.1
3,NONE,-1.0,-0.1,-1.0,-0.1
3,NONE,-1.0,-0.1,-1.0,-0.1
3,NONE,-1.0,-0.1,-1.0,-0.1
3,NONE,-1.0,-0.1,-1.0,-0.1
3,NONE,-1.0,-0.1,-1.0,-0.1
3,NONE,-1.0,-0.1,-1.0,-0.1
3,NONE,-1.0,-0.1,-1.0,-0.1
3,NONE,-1.0,-0.1,-1.0,-0.1
3,NONE,-1.0,-0.1,-1.0,-0.1
3,NONE,-1.0,-0.1,-1.0,-0.1
3,NONE,-1.0,-0.1,-1.0,-0.1
3,NONE,-1.0,-0.1,-1.0,-0.1
3,NONE,-1.0,-0.1,-1.0,-0.1
3,NONE,-1.0,-0.1,-1.0,-0.1
3,NONE,-1.0,-0.1,-1.0,-0.1
3,NONE,-1.0,-0.1,-1.0,-0.1
3,NONE,-1.0,-0.1,-1.0,-0.1
3,NONE,-1.0,-0.1,-1.0,-0.1
3,NONE,-1.0,-0.1,-1.0,-0.1
3,NONE,-1.0,-0.1,-1.0,-0.1
3,NONE,-1.0,-0.1,-1.0,-0.1
3,NONE,-1.0,-0.1,-1.0,-0.1
3,NONE,-1.0,-0.1,-1.0,-0.1
3,NONE,-1.0,-0.1,-1.0,-0.1
3,NONE,-1.0,-0.1,-1.0,-0.1
3,NONE,-1.0,-0.1,-1.0,-0.1
3,NONE,-1.0,-0.1,-1.0,-0.1
3,NONE,-1.0,-0.1,-1.0,-0.1
3,NONE,-1.0,-0.1,-1.0,-0.1
3,NONE,-1.0,-0.1,-1.0,-0.1
3,NONE,-1.0,-0.1,-1.0,-0.1
3,NONE,-1.0,-0.1,-1.0,-0.1
3,NONE,-1.0,-0.1,-1.0,-0.1
3,NONE,-1.0,-0.1,-1.0,-0.1
3,NONE,-1.0,-0.1,-1.0,-0.1
3,NONE,-1.0,-0.1,-1.0,-0.1
3,NONE,-1.0,-0.1,-1.0,-0.1
3,NONE,-1.0,-0.1,-1.0,-0.1
3,NONE,-1.0,-0.1,-1.0,-0.1
3,NONE,-1.0,-0.1,-1.0,-0.1
3,NONE,-1.0,-0.1,-1.0,-0.1
3,NONE,-1.0,-0.1,-1.0,-0.1
3,NONE,-1.0,-0.1,-1.0,-0.1
3,NONE,-1.0,-0.1,-1.0,-0.1
3,NONE,-1.0,-0.1,-1.0,-0.1
3,NONE,-1.0,-0.1,-1.0,-0.1
3,NONE,-1.0,-0.1,-1.0,-0.1
3,NONE,-1.0,-0.1,-1.0,-0.1
3,NONE,-1.0,-0.1,-1.0,-0.1
3,NONE,-1.0,-0.1,-1.0,-0.1
3,NONE,-1.0,-0.1,-1.0,-0.1
3,NONE,-1.0,-0.1,-1.0,-0.1
3,NONE,-1.0,-0.1,-1.0,-0.1
3,NONE,-1.0,-0.1,-1.0,-0.1
3,NONE,-1.0,-0.1,-1.0,-0.1
3,NONE,-1.0,-0.1,-1.0,-0.1
3,NONE,-1.0,-0.1,-1.0,-0.1
3,NONE,-1.0,-0.1,-1.0,-0.1
3,NONE,-1.0,-0.1,-1.0,-0.1
3,NONE,-1.0,-0.1,-1.0,-0.1
3,NONE,-1.0,-0.1,-1.0,-0.1
3,NONE,-1.0,-0.1,-1.0,-0.1
3,NONE,-1.0,-0.1,-1.0,-0.1
2,EV_B07_C021_Moto_Lineal_Electrica,-1.0,-0.1,8.0,33.75637494263685
1,EV_B07_C021_Moto_Lineal_Electrica,6.0,91.27002092776236,-1.0,33.75637494263685
1,EV_B07_C021_Moto_Lineal_Electrica,5.0,91.27002092776236,-1.0,33.75637494263685
1,EV_B07_C021_Moto_Lineal_Electrica,4.0,91.27002092776236,-1.0,33.75637494263685
1,EV_B07_C021_Moto_Lineal_Electrica,3.0,91.27002092776236,-1.0,33.75637494263685
1,EV_B07_C021_Moto_Lineal_Electrica,2.0,91.27002092776236,-1.0,33.75637494263685
1,EV_B07_C021_Moto_Lineal_Electrica,1.0,91.27002092776236,-1.0,33.75637494263685
1,EV_B07_C021_Moto_Lineal_Electrica,0.0,91.27002092776236,-1.0,33.75637494263685
3,NONE,-1.0,-0.1,-1.0,-0.1
3,NONE,-1.0,-0.1,-1.0,-0.1
3,NONE,-1.0,-0.1,-1.0,-0.1
3,NONE,-1.0,-0.1,-1.0,-0.1
3,NONE,-1.0,-0.1,-1.0,-0.1
3,NONE,-1.0,-0.1,-1.0,-0.1
3,NONE,-1.0,-0.1,-1.0,-0.1
3,NONE,-1.0,-0.1,-1.0,-0.1
3,NONE,-1.0,-0.1,-1.0,-0.1
3,NONE,-1.0,-0.1,-1.0,-0.1
3,NONE,-1.0,-0.1,-1.0,-0.1
3,NONE,-1.0,-0.1,-1.0,-0.1
3,NONE,-1.0,-0.1,-1.0,-0.1
3,NONE,-1.0,-0.1,-1.0,-0.1
3,NONE,-1.0,-0.1,-1.0,-0.1
2,EV_B07_C021_Moto_Lineal_Electrica,-1.0,-0.1,7.0,43.602449221692744
1,EV_B07_C021_Moto_Lineal_Electrica,7.0,78.24245583229414,-1.0,43.602449221692744
1,EV_B07_C021_Moto_Lineal_Electrica,6.0,78.24245583229414,-1.0,43.602449221692744
1,EV_B07_C021_Moto_Lineal_Electrica,5.0,78.24245583229414,-1.0,43.602449221692744
1,EV_B07_C021_Moto_Lineal_Electrica,4.0,78.24245583229414,-1.0,43.602449221692744
1,EV_B07_C021_Moto_Lineal_Electrica,3.0,78.24245583229414,-1.0,43.602449221692744
1,EV_B07_C021_Moto_Lineal_Electrica,2.0,78.24245583229414,-1.0,43.602449221692744
1,EV_B07_C021_Moto_Lineal_Electrica,1.0,78.24245583229414,-1.0,43.602449221692744
1,EV_B07_C021_Moto_Lineal_Electrica,0.0,78.24245583229414,-1.0,43.602449221692744
3,NONE,-1.0,-0.1,-1.0,-0.1
3,NONE,-1.0,-0.1,-1.0,-0.1
3,NONE,-1.0,-0.1,-1.0,-0.1
3,NONE,-1.0,-0.1,-1.0,-0.1
3,NONE,-1.0,-0.1,-1.0,-0.1
3,NONE,-1.0,-0.1,-1.0,-0.1
3,NONE,-1.0,-0.1,-1.0,-0.1
3,NONE,-1.0,-0.1,-1.0,-0.1
3,NONE,-1.0,-0.1,-1.0,-0.1
3,NONE,-1.0,-0.1,-1.0,-0.1
3,NONE,-1.0,-0.1,-1.0,-0.1
3,NONE,-1.0,-0.1,-1.0,-0.1
3,NONE,-1.0,-0.1,-1.0,-0.1
3,NONE,-1.0,-0.1,-1.0,-0.1
3,NONE,-1.0,-0.1,-1.0,-0.1
3,NONE,-1.0,-0.1,-1.0,-0.1
3,NONE,-1.0,-0.1,-1.0,-0.1
2,EV_B07_C021_Moto_Lineal_Electrica,-1.0,-0.1,9.0,15.58898661314296
1,EV_B07_C021_Moto_Lineal_Electrica,5.0,88.98818679244158,-1.0,15.58898661314296
1,EV_B07_C021_Moto_Lineal_Electrica,4.0,88.98818679244158,-1.0,15.58898661314296
1,EV_B07_C021_Moto_Lineal_Electrica,3.0,88.98818679244158,-1.0,15.58898661314296
1,EV_B07_C021_Moto_Lineal_Electrica,2.0,88.98818679244158,-1.0,15.58898661314296
1,EV_B07_C021_Moto_Lineal_Electrica,1.0,88.98818679244158,-1.0,15.58898661314296
1,EV_B07_C021_Moto_Lineal_Electrica,0.0,88.98818679244158,-1.0,15.58898661314296
3,NONE,-1.0,-0.1,-1.0,-0.1
3,NONE,-1.0,-0.1,-1.0,-0.1
3,NONE,-1.0,-0.1,-1.0,-0.1
3,NONE,-1.0,-0.1,-1.0,-0.1
3,NONE,-1.0,-0.1,-1.0,-0.1
3,NONE,-1.0,-0.1,-1.0,-0.1
3,NONE,-1.0,-0.1,-1.0,-0.1
3,NONE,-1.0,-0.1,-1.0,-0.1
3,NONE,-1.0,-0.1,-1.0,-0.1
3,NONE,-1.0,-0.1,-1.0,-0.1
3,NONE,-1.0,-0.1,-1.0,-0.1
3,NONE,-1.0,-0.1,-1.0,-0.1
3,NONE,-1.0,-0.1,-1.0,-0.1
3,NONE,-1.0,-0.1,-1.0,-0.1
3,NONE,-1.0,-0.1,-1.0,-0.1
2,EV_B07_C021_Moto_Lineal_Electrica,-1.0,-0.1,7.0,19.19445399251668
1,EV_B07_C021_Moto_Lineal_Electrica,7.0,84.5039390284725,-1.0,19.19445399251668
1,EV_B07_C021_Moto_Lineal_Electrica,6.0,84.5039390284725,-1.0,19.19445399251668
1,EV_B07_C021_Moto_Lineal_Electrica,5.0,84.5039390284725,-1.0,19.19445399251668
1,EV_B07_C021_Moto_Lineal_Electrica,4.0,84.5039390284725,-1.0,19.19445399251668
1,EV_B07_C021_Moto_Lineal_Electrica,3.0,84.5039390284725,-1.0,19.19445399251668
1,EV_B07_C021_Moto_Lineal_Electrica,2.0,84.5039390284725,-1.0,19.19445399251668
1,EV_B07_C021_Moto_Lineal_Electrica,1.0,84.5039390284725,-1.0,19.19445399251668
1,EV_B07_C021_Moto_Lineal_Electrica,0.0,84.5039390284725,-1.0,19.19445399251668
3,NONE,-1.0,-0.1,-1.0,-0.1
3,NONE,-1.0,-0.1,-1.0,-0.1
3,NONE,-1.0,-0.1,-1.0,-0.1
3,NONE,-1.0,-0.1,-1.0,-0.1
3,NONE,-1.0,-0.1,-1.0,-0.1
3,NONE,-1.0,-0.1,-1.0,-0.1
3,NONE,-1.0,-0.1,-1.0,-0.1
3,NONE,-1.0,-0.1,-1.0,-0.1
3,NONE,-1.0,-0.1,-1.0,-0.1
3,NONE,-1.0,-0.1,-1.0,-0.1
3,NONE,-1.0,-0.1,-1.0,-0.1
3,NONE,-1.0,-0.1,-1.0,-0.1
3,NONE,-1.0,-0.1,-1.0,-0.1
3,NONE,-1.0,-0.1,-1.0,-0.1
3,NONE,-1.0,-0.1,-1.0,-0.1
3,NONE,-1.0,-0.1,-1.0,-0.1
3,NONE,-1.0,-0.1,-1.0,-0.1
3,NONE,-1.0,-0.1,-1.0,-0.1
3,NONE,-1.0,-0.1,-1.0,-0.1
3,NONE,-1.0,-0.1,-1.0,-0.1
3,NONE,-1.0,-0.1,-1.0,-0.1
3,NONE,-1.0,-0.1,-1.0,-0.1
3,NONE,-1.0,-0.1,-1.0,-0.1
3,NONE,-1.0,-0.1,-1.0,-0.1
3,NONE,-1.0,-0.1,-1.0,-0.1
3,NONE,-1.0,-0.1,-1.0,-0.1
3,NONE,-1.0,-0.1,-1.0,-0.1
3,NONE,-1.0,-0.1,-1.0,-0.1
3,NONE,-1.0,-0.1,-1.0,-0.1
3,NONE,-1.0,-0.1,-1.0,-0.1
3,NONE,-1.0,-0.1,-1.0,-0.1
3,NONE,-1.0,-0.1,-1.0,-0.1
3,NONE,-1.0,-0.1,-1.0,-0.1
3,NONE,-1.0,-0.1,-1.0,-0.1
3,NONE,-1.0,-0.1,-1.0,-0.1
3,NONE,-1.0,-0.1,-1.0,-0.1
3,NONE,-1.0,-0.1,-1.0,-0.1
3,NONE,-1.0,-0.1,-1.0,-0.1
3,NONE,-1.0,-0.1,-1.0,-0.1
3,NONE,-1.0,-0.1,-1.0,-0.1
3,NONE,-1.0,-0.1,-1.0,-0.1
3,NONE,-1.0,-0.1,-1.0,-0.1
3,NONE,-1.0,-0.1,-1.0,-0.1
3,NONE,-1.0,-0.1,-1.0,-0.1
3,NONE,-1.0,-0.1,-1.0,-0.1
3,NONE,-1.0,-0.1,-1.0,-0.1
3,NONE,-1.0,-0.1,-1.0,-0.1
3,NONE,-1.0,-0.1,-1.0,-0.1
3,NONE,-1.0,-0.1,-1.0,-0.1
3,NONE,-1.0,-0.1,-1.0,-0.1
3,NONE,-1.0,-0.1,-1.0,-0.1
3,NONE,-1.0,-0.1,-1.0,-0.1
3,NONE,-1.0,-0.1,-1.0,-0.1
3,NONE,-1.0,-0.1,-1.0,-0.1
3,NONE,-1.0,-0.1,-1.0,-0.1
3,NONE,-1.0,-0.1,-1.0,-0.1
3,NONE,-1.0,-0.1,-1.0,-0.1
3,NONE,-1.0,-0.1,-1.0,-0.1
3,NONE,-1.0,-0.1,-1.0,-0.1
3,NONE,-1.0,-0.1,-1.0,-0.1
3,NONE,-1.0,-0.1,-1.0,-0.1
3,NONE,-1.0,-0.1,-1.0,-0.1
3,NONE,-1.0,-0.1,-1.0,-0.1
3,NONE,-1.0,-0.1,-1.0,-0.1
3,NONE,-1.0,-0.1,-1.0,-0.1
3,NONE,-1.0,-0.1,-1.0,-0.1
3,NONE,-1.0,-0.1,-1.0,-0.1
3,NONE,-1.0,-0.1,-1.0,-0.1
3,NONE,-1.0,-0.1,-1.0,-0.1
3,NONE,-1.0,-0.1,-1.0,-0.1
3,NONE,-1.0,-0.1,-1.0,-0.1
3,NONE,-1.0,-0.1,-1.0,-0.1
3,NONE,-1.0,-0.1,-1.0,-0.1
3,NONE,-1.0,-0.1,-1.0,-0.1
3,NONE,-1.0,-0.1,-1.0,-0.1
3,NONE,-1.0,-0.1,-1.0,-0.1
3,NONE,-1.0,-0.1,-1.0,-0.1
3,NONE,-1.0,-0.1,-1.0,-0.1
3,NONE,-1.0,-0.1,-1.0,-0.1
3,NONE,-1.0,-0.1,-1.0,-0.1
3,NONE,-1.0,-0.1,-1.0,-0.1
3,NONE,-1.0,-0.1,-1.0,-0.1
3,NONE,-1.0,-0.1,-1.0,-0.1
3,NONE,-1.0,-0.1,-1.0,-0.1
3,NONE,-1.0,-0.1,-1.0,-0.1
3,NONE,-1.0,-0.1,-1.0,-0.1
3,NONE,-1.0,-0.1,-1.0,-0.1
3,NONE,-1.0,-0.1,-1.0,-0.1
3,NONE,-1.0,-0.1,-1.0,-0.1
2,EV_B07_C021_Moto_Lineal_Electrica,-1.0,-0.1,9.0,19.513180699683446
1,EV_B07_C021_Moto_Lineal_Electrica,5.0,87.29674116726356,-1.0,19.513180699683446
1,EV_B07_C021_Moto_Lineal_Electrica,4.0,87.29674116726356,-1.0,19.513180699683446
1,EV_B07_C021_Moto_Lineal_Electrica,3.0,87.29674116726356,-1.0,19.513180699683446
1,EV_B07_C021_Moto_Lineal_Electrica,2.0,87.29674116726356,-1.0,19.513180699683446
1,EV_B07_C021_Moto_Lineal_Electrica,1.0,87.29674116726356,-1.0,19.513180699683446
1,EV_B07_C021_Moto_Lineal_Electrica,0.0,87.29674116726356,-1.0,19.513180699683446
3,NONE,-1.0,-0.1,-1.0,-0.1
3,NONE,-1.0,-0.1,-1.0,-0.1
3,NONE,-1.0,-0.1,-1.0,-0.1
3,NONE,-1.0,-0.1,-1.0,-0.1
3,NONE,-1.0,-0.1,-1.0,-0.1
3,NONE,-1.0,-0.1,-1.0,-0.1
3,NONE,-1.0,-0.1,-1.0,-0.1
3,NONE,-1.0,-0.1,-1.0,-0.1
3,NONE,-1.0,-0.1,-1.0,-0.1
3,NONE,-1.0,-0.1,-1.0,-0.1
3,NONE,-1.0,-0.1,-1.0,-0.1
3,NONE,-1.0,-0.1,-1.0,-0.1
3,NONE,-1.0,-0.1,-1.0,-0.1
3,NONE,-1.0,-0.1,-1.0,-0.1
3,NONE,-1.0,-0.1,-1.0,-0.1
3,NONE,-1.0,-0.1,-1.0,-0.1
2,EV_B07_C021_Moto_Lineal_Electrica,-1.0,-0.1,8.0,10.159913040821642
1,EV_B07_C021_Moto_Lineal_Electrica,6.0,93.68609584773259,-1.0,10.159913040821642
1,EV_B07_C021_Moto_Lineal_Electrica,5.0,93.68609584773259,-1.0,10.159913040821642
1,EV_B07_C021_Moto_Lineal_Electrica,4.0,93.68609584773259,-1.0,10.159913040821642
1,EV_B07_C021_Moto_Lineal_Electrica,3.0,93.68609584773259,-1.0,10.159913040821642
1,EV_B07_C021_Moto_Lineal_Electrica,2.0,93.68609584773259,-1.0,10.159913040821642
1,EV_B07_C021_Moto_Lineal_Electrica,1.0,93.68609584773259,-1.0,10.159913040821642
1,EV_B07_C021_Moto_Lineal_Electrica,0.0,93.68609584773259,-1.0,10.159913040821642
3,NONE,-1.0,-0.1,-1.0,-0.1
3,NONE,-1.0,-0.1,-1.0,-0.1
3,NONE,-1.0,-0.1,-1.0,-0.1
3,NONE,-1.0,-0.1,-1.0,-0.1
3,NONE,-1.0,-0.1,-1.0,-0.1
3,NONE,-1.0,-0.1,-1.0,-0.1
3,NONE,-1.0,-0.1,-1.0,-0.1
3,NONE,-1.0,-0.1,-1.0,-0.1
3,NONE,-1.0,-0.1,-1.0,-0.1
3,NONE,-1.0,-0.1,-1.0,-0.1
3,NONE,-1.0,-0.1,-1.0,-0.1
3,NONE,-1.0,-0.1,-1.0,-0.1
3,NONE,-1.0,-0.1,-1.0,-0.1
3,NONE,-1.0,-0.1,-1.0,-0.1
3,NONE,-1.0,-0.1,-1.0,-0.1
3,NONE,-1.0,-0.1,-1.0,-0.1
3,NONE,-1.0,-0.1,-1.0,-0.1
3,NONE,-1.0,-0.1,-1.0,-0.1
3,NONE,-1.0,-0.1,-1.0,-0.1
3,NONE,-1.0,-0.1,-1.0,-0.1
3,NONE,-1.0,-0.1,-1.0,-0.1
3,NONE,-1.0,-0.1,-1.0,-0.1
3,NONE,-1.0,-0.1,-1.0,-0.1
3,NONE,-1.0,-0.1,-1.0,-0.1
3,NONE,-1.0,-0.1,-1.0,-0.1
3,NONE,-1.0,-0.1,-1.0,-0.1
3,NONE,-1.0,-0.1,-1.0,-0.1
3,NONE,-1.0,-0.1,-1.0,-0.1
3,NONE,-1.0,-0.1,-1.0,-0.1
3,NONE,-1.0,-0.1,-1.0,-0.1
3,NONE,-1.0,-0.1,-1.0,-0.1
3,NONE,-1.0,-0.1,-1.0,-0.1
3,NONE,-1.0,-0.1,-1.0,-0.1
3,NONE,-1.0,-0.1,-1.0,-0.1
3,NONE,-1.0,-0.1,-1.0,-0.1
3,NONE,-1.0,-0.1,-1.0,-0.1
3,NONE,-1.0,-0.1,-1.0,-0.1
3,NONE,-1.0,-0.1,-1.0,-0.1
3,NONE,-1.0,-0.1,-1.0,-0.1
2,EV_B07_C021_Moto_Lineal_Electrica,-1.0,-0.1,7.0,45.64889869521596
1,EV_B07_C021_Moto_Lineal_Electrica,7.0,71.70635374295551,-1.0,45.64889869521596
1,EV_B07_C021_Moto_Lineal_Electrica,6.0,71.70635374295551,-1.0,45.64889869521596
1,EV_B07_C021_Moto_Lineal_Electrica,5.0,71.70635374295551,-1.0,45.64889869521596
1,EV_B07_C021_Moto_Lineal_Electrica,4.0,71.70635374295551,-1.0,45.64889869521596
1,EV_B07_C021_Moto_Lineal_Electrica,3.0,71.70635374295551,-1.0,45.64889869521596
1,EV_B07_C021_Moto_Lineal_Electrica,2.0,71.70635374295551,-1.0,45.64889869521596
1,EV_B07_C021_Moto_Lineal_Electrica,1.0,71.70635374295551,-1.0,45.64889869521596
1,EV_B07_C021_Moto_Lineal_Electrica,0.0,71.70635374295551,-1.0,45.64889869521596
3,NONE,-1.0,-0.1,-1.0,-0.1
3,NONE,-1.0,-0.1,-1.0,-0.1
3,NONE,-1.0,-0.1,-1.0,-0.1
3,NONE,-1.0,-0.1,-1.0,-0.1
3,NONE,-1.0,-0.1,-1.0,-0.1
3,NONE,-1.0,-0.1,-1.0,-0.1
3,NONE,-1.0,-0.1,-1.0,-0.1
3,NONE,-1.0,-0.1,-1.0,-0.1
3,NONE,-1.0,-0.1,-1.0,-0.1
3,NONE,-1.0,-0.1,-1.0,-0.1
3,NONE,-1.0,-0.1,-1.0,-0.1
3,NONE,-1.0,-0.1,-1.0,-0.1
3,NONE,-1.0,-0.1,-1.0,-0.1
3,NONE,-1.0,-0.1,-1.0,-0.1
3,NONE,-1.0,-0.1,-1.0,-0.1
3,NONE,-1.0,-0.1,-1.0,-0.1
3,NONE,-1.0,-0.1,-1.0,-0.1
3,NONE,-1.0,-0.1,-1.0,-0.1
3,NONE,-1.0,-0.1,-1.0,-0.1
3,NONE,-1.0,-0.1,-1.0,-0.1
3,NONE,-1.0,-0.1,-1.0,-0.1
3,NONE,-1.0,-0.1,-1.0,-0.1
3,NONE,-1.0,-0.1,-1.0,-0.1
3,NONE,-1.0,-0.1,-1.0,-0.1
3,NONE,-1.0,-0.1,-1.0,-0.1
3,NONE,-1.0,-0.1,-1.0,-0.1
3,NONE,-1.0,-0.1,-1.0,-0.1
3,NONE,-1.0,-0.1,-1.0,-0.1
3,NONE,-1.0,-0.1,-1.0,-0.1
3,NONE,-1.0,-0.1,-1.0,-0.1
3,NONE,-1.0,-0.1,-1.0,-0.1
3,NONE,-1.0,-0.1,-1.0,-0.1
3,NONE,-1.0,-0.1,-1.0,-0.1
3,NONE,-1.0,-0.1,-1.0,-0.1
3,NONE,-1.0,-0.1,-1.0,-0.1
3,NONE,-1.0,-0.1,-1.0,-0.1
3,NONE,-1.0,-0.1,-1.0,-0.1
3,NONE,-1.0,-0.1,-1.0,-0.1
3,NONE,-1.0,-0.1,-1.0,-0.1
3,NONE,-1.0,-0.1,-1.0,-0.1
3,NONE,-1.0,-0.1,-1.0,-0.1
3,NONE,-1.0,-0.1,-1.0,-0.1
3,NONE,-1.0,-0.1,-1.0,-0.1
3,NONE,-1.0,-0.1,-1.0,-0.1
3,NONE,-1.0,-0.1,-1.0,-0.1
3,NONE,-1.0,-0.1,-1.0,-0.1
3,NONE,-1.0,-0.1,-1.0,-0.1
3,NONE,-1.0,-0.1,-1.0,-0.1
3,NONE,-1.0,-0.1,-1.0,-0.1
3,NONE,-1.0,-0.1,-1.0,-0.1
3,NONE,-1.0,-0.1,-1.0,-0.1
3,NONE,-1.0,-0.1,-1.0,-0.1
3,NONE,-1.0,-0.1,-1.0,-0.1
3,NONE,-1.0,-0.1,-1.0,-0.1
3,NONE,-1.0,-0.1,-1.0,-0.1
3,NONE,-1.0,-0.1,-1.0,-0.1
3,NONE,-1.0,-0.1,-1.0,-0.1
3,NONE,-1.0,-0.1,-1.0,-0.1
3,NONE,-1.0,-0.1,-1.0,-0.1
3,NONE,-1.0,-0.1,-1.0,-0.1
3,NONE,-1.0,-0.1,-1.0,-0.1
3,NONE,-1.0,-0.1,-1.0,-0.1
3,NONE,-1.0,-0.1,-1.0,-0.1
3,NONE,-1.0,-0.1,-1.0,-0.1
3,NONE,-1.0,-0.1,-1.0,-0.1
3,NONE,-1.0,-0.1,-1.0,-0.1
3,NONE,-1.0,-0.1,-1.0,-0.1
3,NONE,-1.0,-0.1,-1.0,-0.1
3,NONE,-1.0,-0.1,-1.0,-0.1
3,NONE,-1.0,-0.1,-1.0,-0.1
3,NONE,-1.0,-0.1,-1.0,-0.1
3,NONE,-1.0,-0.1,-1.0,-0.1
3,NONE,-1.0,-0.1,-1.0,-0.1
3,NONE,-1.0,-0.1,-1.0,-0.1
3,NONE,-1.0,-0.1,-1.0,-0.1
3,NONE,-1.0,-0.1,-1.0,-0.1
3,NONE,-1.0,-0.1,-1.0,-0.1
3,NONE,-1.0,-0.1,-1.0,-0.1
3,NONE,-1.0,-0.1,-1.0,-0.1
3,NONE,-1.0,-0.1,-1.0,-0.1
3,NONE,-1.0,-0.1,-1.0,-0.1
3,NONE,-1.0,-0.1,-1.0,-0.1
3,NONE,-1.0,-0.1,-1.0,-0.1
3,NONE,-1.0,-0.1,-1.0,-0.1
3,NONE,-1.0,-0.1,-1.0,-0.1
3,NONE,-1.0,-0.1,-1.0,-0.1
3,NONE,-1.0,-0.1,-1.0,-0.1
3,NONE,-1.0,-0.1,-1.0,-0.1
3,NONE,-1.0,-0.1,-1.0,-0.1
3,NONE,-1.0,-0.1,-1.0,-0.1
3,NONE,-1.0,-0.1,-1.0,-0.1
3,NONE,-1.0,-0.1,-1.0,-0.1
3,NONE,-1.0,-0.1,-1.0,-0.1
3,NONE,-1.0,-0.1,-1.0,-0.1
3,NONE,-1.0,-0.1,-1.0,-0.1
3,NONE,-1.0,-0.1,-1.0,-0.1
3,NONE,-1.0,-0.1,-1.0,-0.1
3,NONE,-1.0,-0.1,-1.0,-0.1
3,NONE,-1.0,-0.1,-1.0,-0.1
3,NONE,-1.0,-0.1,-1.0,-0.1
3,NONE,-1.0,-0.1,-1.0,-0.1
3,NONE,-1.0,-0.1,-1.0,-0.1
3,NONE,-1.0,-0.1,-1.0,-0.1
3,NONE,-1.0,-0.1,-1.0,-0.1
3,NONE,-1.0,-0.1,-1.0,-0.1
3,NONE,-1.0,-0.1,-1.0,-0.1
3,NONE,-1.0,-0.1,-1.0,-0.1
3,NONE,-1.0,-0.1,-1.0,-0.1
3,NONE,-1.0,-0.1,-1.0,-0.1
3,NONE,-1.0,-0.1,-1.0,-0.1
3,NONE,-1.0,-0.1,-1.0,-0.1
2,EV_B07_C021_Moto_Lineal_Electrica,-1.0,-0.1,7.0,31.57499469277117
1,EV_B07_C021_Moto_Lineal_Electrica,7.0,84.75155923278089,-1.0,31.57499469277117
1,EV_B07_C021_Moto_Lineal_Electrica,6.0,84.75155923278089,-1.0,31.57499469277117
1,EV_B07_C021_Moto_Lineal_Electrica,5.0,84.75155923278089,-1.0,31.57499469277117
1,EV_B07_C021_Moto_Lineal_Electrica,4.0,84.75155923278089,-1.0,31.57499469277117
1,EV_B07_C021_Moto_Lineal_Electrica,3.0,84.75155923278089,-1.0,31.57499469277117
1,EV_B07_C021_Moto_Lineal_Electrica,2.0,84.75155923278089,-1.0,31.57499469277117
1,EV_B07_C021_Moto_Lineal_Electrica,1.0,84.75155923278089,-1.0,31.57499469277117
1,EV_B07_C021_Moto_Lineal_Electrica,0.0,84.75155923278089,-1.0,31.57499469277117
3,NONE,-1.0,-0.1,-1.0,-0.1
3,NONE,-1.0,-0.1,-1.0,-0.1
3,NONE,-1.0,-0.1,-1.0,-0.1
3,NONE,-1.0,-0.1,-1.0,-0.1
3,NONE,-1.0,-0.1,-1.0,-0.1
3,NONE,-1.0,-0.1,-1.0,-0.1
3,NONE,-1.0,-0.1,-1.0,-0.1
3,NONE,-1.0,-0.1,-1.0,-0.1
3,NONE,-1.0,-0.1,-1.0,-0.1
3,NONE,-1.0,-0.1,-1.0,-0.1
3,NONE,-1.0,-0.1,-1.0,-0.1
3,NONE,-1.0,-0.1,-1.0,-0.1
3,NONE,-1.0,-0.1,-1.0,-0.1
3,NONE,-1.0,-0.1,-1.0,-0.1
3,NONE,-1.0,-0.1,-1.0,-0.1
3,NONE,-1.0,-0.1,-1.0,-0.1
3,NONE,-1.0,-0.1,-1.0,-0.1
2,EV_B07_C021_Moto_Lineal_Electrica,-1.0,-0.1,9.0,41.24655858472954
1,EV_B07_C021_Moto_Lineal_Electrica,5.0,85.62271679987005,-1.0,41.24655858472954
1,EV_B07_C021_Moto_Lineal_Electrica,4.0,85.62271679987005,-1.0,41.24655858472954
1,EV_B07_C021_Moto_Lineal_Electrica,3.0,85.62271679987005,-1.0,41.24655858472954
1,EV_B07_C021_Moto_Lineal_Electrica,2.0,85.62271679987005,-1.0,41.24655858472954
1,EV_B07_C021_Moto_Lineal_Electrica,1.0,85.62271679987005,-1.0,41.24655858472954
1,EV_B07_C021_Moto_Lineal_Electrica,0.0,85.62271679987005,-1.0,41.24655858472954
3,NONE,-1.0,-0.1,-1.0,-0.1
3,NONE,-1.0,-0.1,-1.0,-0.1
3,NONE,-1.0,-0.1,-1.0,-0.1
3,NONE,-1.0,-0.1,-1.0,-0.1
3,NONE,-1.0,-0.1,-1.0,-0.1
3,NONE,-1.0,-0.1,-1.0,-0.1
3,NONE,-1.0,-0.1,-1.0,-0.1
3,NONE,-1.0,-0.1,-1.0,-0.1
3,NONE,-1.0,-0.1,-1.0,-0.1
3,NONE,-1.0,-0.1,-1.0,-0.1
3,NONE,-1.0,-0.1,-1.0,-0.1
3,NONE,-1.0,-0.1,-1.0,-0.1
3,NONE,-1.0,-0.1,-1.0,-0.1
3,NONE,-1.0,-0.1,-1.0,-0.1
3,NONE,-1.0,-0.1,-1.0,-0.1
3,NONE,-1.0,-0.1,-1.0,-0.1
2,EV_B07_C021_Moto_Lineal_Electrica,-1.0,-0.1,8.0,5.0
1,EV_B07_C021_Moto_Lineal_Electrica,6.0,79.06303339663636,-1.0,5.0
1,EV_B07_C021_Moto_Lineal_Electrica,5.0,79.06303339663636,-1.0,5.0
1,EV_B07_C021_Moto_Lineal_Electrica,4.0,79.06303339663636,-1.0,5.0
1,EV_B07_C021_Moto_Lineal_Electrica,3.0,79.06303339663636,-1.0,5.0
1,EV_B07_C021_Moto_Lineal_Electrica,2.0,79.06303339663636,-1.0,5.0
1,EV_B07_C021_Moto_Lineal_Electrica,1.0,79.06303339663636,-1.0,5.0
1,EV_B07_C021_Moto_Lineal_Electrica,0.0,79.06303339663636,-1.0,5.0
3,NONE,-1.0,-0.1,-1.0,-0.1
3,NONE,-1.0,-0.1,-1.0,-0.1
3,NONE,-1.0,-0.1,-1.0,-0.1
3,NONE,-1.0,-0.1,-1.0,-0.1
3,NONE,-1.0,-0.1,-1.0,-0.1
3,NONE,-1.0,-0.1,-1.0,-0.1
3,NONE,-1.0,-0.1,-1.0,-0.1
3,NONE,-1.0,-0.1,-1.0,-0.1
3,NONE,-1.0,-0.1,-1.0,-0.1
3,NONE,-1.0,-0.1,-1.0,-0.1
3,NONE,-1.0,-0.1,-1.0,-0.1
3,NONE,-1.0,-0.1,-1.0,-0.1
3,NONE,-1.0,-0.1,-1.0,-0.1
3,NONE,-1.0,-0.1,-1.0,-0.1
3,NONE,-1.0,-0.1,-1.0,-0.1
3,NONE,-1.0,-0.1,-1.0,-0.1
2,EV_B07_C021_Moto_Lineal_Electrica,-1.0,-0.1,8.0,28.183254113455803
1,EV_B07_C021_Moto_Lineal_Electrica,6.0,74.80251587707107,-1.0,28.183254113455803
1,EV_B07_C021_Moto_Lineal_Electrica,5.0,74.80251587707107,-1.0,28.183254113455803
1,EV_B07_C021_Moto_Lineal_Electrica,4.0,74.80251587707107,-1.0,28.183254113455803
1,EV_B07_C021_Moto_Lineal_Electrica,3.0,74.80251587707107,-1.0,28.183254113455803
1,EV_B07_C021_Moto_Lineal_Electrica,2.0,74.80251587707107,-1.0,28.183254113455803
1,EV_B07_C021_Moto_Lineal_Electrica,1.0,74.80251587707107,-1.0,28.183254113455803
1,EV_B07_C021_Moto_Lineal_Electrica,0.0,74.80251587707107,-1.0,28.183254113455803
3,NONE,-1.0,-0.1,-1.0,-0.1
3,NONE,-1.0,-0.1,-1.0,-0.1
3,NONE,-1.0,-0.1,-1.0,-0.1
3,NONE,-1.0,-0.1,-1.0,-0.1
3,NONE,-1.0,-0.1,-1.0,-0.1
3,NONE,-1.0,-0.1,-1.0,-0.1
3,NONE,-1.0,-0.1,-1.0,-0.1
3,NONE,-1.0,-0.1,-1.0,-0.1
3,NONE,-1.0,-0.1,-1.0,-0.1
3,NONE,-1.0,-0.1,-1.0,-0.1
3,NONE,-1.0,-0.1,-1.0,-0.1
3,NONE,-1.0,-0.1,-1.0,-0.1
3,NONE,-1.0,-0.1,-1.0,-0.1
3,NONE,-1.0,-0.1,-1.0,-0.1
3,NONE,-1.0,-0.1,-1.0,-0.1
3,NONE,-1.0,-0.1,-1.0,-0.1
3,NONE,-1.0,-0.1,-1.0,-0.1
3,NONE,-1.0,-0.1,-1.0,-0.1
3,NONE,-1.0,-0.1,-1.0,-0.1
3,NONE,-1.0,-0.1,-1.0,-0.1
3,NONE,-1.0,-0.1,-1.0,-0.1
3,NONE,-1.0,-0.1,-1.0,-0.1
3,NONE,-1.0,-0.1,-1.0,-0.1
3,NONE,-1.0,-0.1,-1.0,-0.1
3,NONE,-1.0,-0.1,-1.0,-0.1
3,NONE,-1.0,-0.1,-1.0,-0.1
3,NONE,-1.0,-0.1,-1.0,-0.1
3,NONE,-1.0,-0.1,-1.0,-0.1
3,NONE,-1.0,-0.1,-1.0,-0.1
3,NONE,-1.0,-0.1,-1.0,-0.1
3,NONE,-1.0,-0.1,-1.0,-0.1
3,NONE,-1.0,-0.1,-1.0,-0.1
3,NONE,-1.0,-0.1,-1.0,-0.1
3,NONE,-1.0,-0.1,-1.0,-0.1
3,NONE,-1.0,-0.1,-1.0,-0.1
3,NONE,-1.0,-0.1,-1.0,-0.1
3,NONE,-1.0,-0.1,-1.0,-0.1
3,NONE,-1.0,-0.1,-1.0,-0.1
3,NONE,-1.0,-0.1,-1.0,-0.1
3,NONE,-1.0,-0.1,-1.0,-0.1
3,NONE,-1.0,-0.1,-1.0,-0.1
3,NONE,-1.0,-0.1,-1.0,-0.1
3,NONE,-1.0,-0.1,-1.0,-0.1
3,NONE,-1.0,-0.1,-1.0,-0.1
3,NONE,-1.0,-0.1,-1.0,-0.1
3,NONE,-1.0,-0.1,-1.0,-0.1
3,NONE,-1.0,-0.1,-1.0,-0.1
3,NONE,-1.0,-0.1,-1.0,-0.1
3,NONE,-1.0,-0.1,-1.0,-0.1
3,NONE,-1.0,-0.1,-1.0,-0.1
3,NONE,-1.0,-0.1,-1.0,-0.1
3,NONE,-1.0,-0.1,-1.0,-0.1
3,NONE,-1.0,-0.1,-1.0,-0.1
3,NONE,-1.0,-0.1,-1.0,-0.1
3,NONE,-1.0,-0.1,-1.0,-0.1
3,NONE,-1.0,-0.1,-1.0,-0.1
3,NONE,-1.0,-0.1,-1.0,-0.1
3,NONE,-1.0,-0.1,-1.0,-0.1
3,NONE,-1.0,-0.1,-1.0,-0.1
3,NONE,-1.0,-0.1,-1.0,-0.1
3,NONE,-1.0,-0.1,-1.0,-0.1
3,NONE,-1.0,-0.1,-1.0,-0.1
3,NONE,-1.0,-0.1,-1.0,-0.1
3,NONE,-1.0,-0.1,-1.0,-0.1
3,NONE,-1.0,-0.1,-1.0,-0.1
2,EV_B07_C021_Moto_Lineal_Electrica,-1.0,-0.1,9.0,7.624524994983261
1,EV_B07_C021_Moto_Lineal_Electrica,5.0,85.91019186819288,-1.0,7.624524994983261
1,EV_B07_C021_Moto_Lineal_Electrica,4.0,85.91019186819288,-1.0,7.624524994983261
1,EV_B07_C021_Moto_Lineal_Electrica,3.0,85.91019186819288,-1.0,7.624524994983261
1,EV_B07_C021_Moto_Lineal_Electrica,2.0,85.91019186819288,-1.0,7.624524994983261
1,EV_B07_C021_Moto_Lineal_Electrica,1.0,85.91019186819288,-1.0,7.624524994983261
1,EV_B07_C021_Moto_Lineal_Electrica,0.0,85.91019186819288,-1.0,7.624524994983261
3,NONE,-1.0,-0.1,-1.0,-0.1
3,NONE,-1.0,-0.1,-1.0,-0.1
3,NONE,-1.0,-0.1,-1.0,-0.1
3,NONE,-1.0,-0.1,-1.0,-0.1
3,NONE,-1.0,-0.1,-1.0,-0.1
3,NONE,-1.0,-0.1,-1.0,-0.1
3,NONE,-1.0,-0.1,-1.0,-0.1
3,NONE,-1.0,-0.1,-1.0,-0.1
3,NONE,-1.0,-0.1,-1.0,-0.1
3,NONE,-1.0,-0.1,-1.0,-0.1
3,NONE,-1.0,-0.1,-1.0,-0.1
3,NONE,-1.0,-0.1,-1.0,-0.1
3,NONE,-1.0,-0.1,-1.0,-0.1
3,NONE,-1.0,-0.1,-1.0,-0.1
3,NONE,-1.0,-0.1,-1.0,-0.1
3,NONE,-1.0,-0.1,-1.0,-0.1
2,EV_B07_C021_Moto_Lineal_Electrica,-1.0,-0.1,8.0,55.692336626160895
1,EV_B07_C021_Moto_Lineal_Electrica,6.0,86.65936826915896,-1.0,55.692336626160895
1,EV_B07_C021_Moto_Lineal_Electrica,5.0,86.65936826915896,-1.0,55.692336626160895
1,EV_B07_C021_Moto_Lineal_Electrica,4.0,86.65936826915896,-1.0,55.692336626160895
1,EV_B07_C021_Moto_Lineal_Electrica,3.0,86.65936826915896,-1.0,55.692336626160895
1,EV_B07_C021_Moto_Lineal_Electrica,2.0,86.65936826915896,-1.0,55.692336626160895
1,EV_B07_C021_Moto_Lineal_Electrica,1.0,86.65936826915896,-1.0,55.692336626160895
1,EV_B07_C021_Moto_Lineal_Electrica,0.0,86.65936826915896,-1.0,55.692336626160895
3,NONE,-1.0,-0.1,-1.0,-0.1
3,NONE,-1.0,-0.1,-1.0,-0.1
3,NONE,-1.0,-0.1,-1.0,-0.1
3,NONE,-1.0,-0.1,-1.0,-0.1
3,NONE,-1.0,-0.1,-1.0,-0.1
3,NONE,-1.0,-0.1,-1.0,-0.1
3,NONE,-1.0,-0.1,-1.0,-0.1
3,NONE,-1.0,-0.1,-1.0,-0.1
3,NONE,-1.0,-0.1,-1.0,-0.1
3,NONE,-1.0,-0.1,-1.0,-0.1
3,NONE,-1.0,-0.1,-1.0,-0.1
3,NONE,-1.0,-0.1,-1.0,-0.1
3,NONE,-1.0,-0.1,-1.0,-0.1
3,NONE,-1.0,-0.1,-1.0,-0.1
3,NONE,-1.0,-0.1,-1.0,-0.1
2,EV_B07_C021_Moto_Lineal_Electrica,-1.0,-0.1,7.0,27.341998414035555
1,EV_B07_C021_Moto_Lineal_Electrica,7.0,97.1707986309309,-1.0,27.341998414035555
1,EV_B07_C021_Moto_Lineal_Electrica,6.0,97.1707986309309,-1.0,27.341998414035555
1,EV_B07_C021_Moto_Lineal_Electrica,5.0,97.1707986309309,-1.0,27.341998414035555
1,EV_B07_C021_Moto_Lineal_Electrica,4.0,97.1707986309309,-1.0,27.341998414035555
1,EV_B07_C021_Moto_Lineal_Electrica,3.0,97.1707986309309,-1.0,27.341998414035555
1,EV_B07_C021_Moto_Lineal_Electrica,2.0,97.1707986309309,-1.0,27.341998414035555
1,EV_B07_C021_Moto_Lineal_Electrica,1.0,97.1707986309309,-1.0,27.341998414035555
1,EV_B07_C021_Moto_Lineal_Electrica,0.0,97.1707986309309,-1.0,27.341998414035555
3,NONE,-1.0,-0.1,-1.0,-0.1
3,NONE,-1.0,-0.1,-1.0,-0.1
3,NONE,-1.0,-0.1,-1.0,-0.1
3,NONE,-1.0,-0.1,-1.0,-0.1
3,NONE,-1.0,-0.1,-1.0,-0.1
3,NONE,-1.0,-0.1,-1.0,-0.1
3,NONE,-1.0,-0.1,-1.0,-0.1
3,NONE,-1.0,-0.1,-1.0,-0.1
3,NONE,-1.0,-0.1,-1.0,-0.1
3,NONE,-1.0,-0.1,-1.0,-0.1
3,NONE,-1.0,-0.1,-1.0,-0.1
3,NONE,-1.0,-0.1,-1.0,-0.1
3,NONE,-1.0,-0.1,-1.0,-0.1
3,NONE,-1.0,-0.1,-1.0,-0.1
3,NONE,-1.0,-0.1,-1.0,-0.1
2,EV_B07_C021_Moto_Lineal_Electrica,-1.0,-0.1,7.0,24.855128805247162
1,EV_B07_C021_Moto_Lineal_Electrica,7.0,83.027368365086,-1.0,24.855128805247162
1,EV_B07_C021_Moto_Lineal_Electrica,6.0,83.027368365086,-1.0,24.855128805247162
1,EV_B07_C021_Moto_Lineal_Electrica,5.0,83.027368365086,-1.0,24.855128805247162
1,EV_B07_C021_Moto_Lineal_Electrica,4.0,83.027368365086,-1.0,24.855128805247162
1,EV_B07_C021_Moto_Lineal_Electrica,3.0,83.027368365086,-1.0,24.855128805247162
1,EV_B07_C021_Moto_Lineal_Electrica,2.0,83.027368365086,-1.0,24.855128805247162
1,EV_B07_C021_Moto_Lineal_Electrica,1.0,83.027368365086,-1.0,24.855128805247162
1,EV_B07_C021_Moto_Lineal_Electrica,0.0,83.027368365086,-1.0,24.855128805247162
3,NONE,-1.0,-0.1,-1.0,-0.1
3,NONE,-1.0,-0.1,-1.0,-0.1
3,NONE,-1.0,-0.1,-1.0,-0.1
3,NONE,-1.0,-0.1,-1.0,-0.1
3,NONE,-1.0,-0.1,-1.0,-0.1
3,NONE,-1.0,-0.1,-1.0,-0.1
3,NONE,-1.0,-0.1,-1.0,-0.1
3,NONE,-1.0,-0.1,-1.0,-0.1
3,NONE,-1.0,-0.1,-1.0,-0.1
3,NONE,-1.0,-0.1,-1.0,-0.1
3,NONE,-1.0,-0.1,-1.0,-0.1
3,NONE,-1.0,-0.1,-1.0,-0.1
3,NONE,-1.0,-0.1,-1.0,-0.1
3,NONE,-1.0,-0.1,-1.0,-0.1
3,NONE,-1.0,-0.1,-1.0,-0.1
3,NONE,-1.0,-0.1,-1.0,-0.1
3,NONE,-1.0,-0.1,-1.0,-0.1
3,NONE,-1.0,-0.1,-1.0,-0.1
3,NONE,-1.0,-0.1,-1.0,-0.1
3,NONE,-1.0,-0.1,-1.0,-0.1
3,NONE,-1.0,-0.1,-1.0,-0.1
3,NONE,-1.0,-0.1,-1.0,-0.1
3,NONE,-1.0,-0.1,-1.0,-0.1
3,NONE,-1.0,-0.1,-1.0,-0.1
3,NONE,-1.0,-0.1,-1.0,-0.1
3,NONE,-1.0,-0.1,-1.0,-0.1
3,NONE,-1.0,-0.1,-1.0,-0.1
3,NONE,-1.0,-0.1,-1.0,-0.1
3,NONE,-1.0,-0.1,-1.0,-0.1
3,NONE,-1.0,-0.1,-1.0,-0.1
3,NONE,-1.0,-0.1,-1.0,-0.1
3,NONE,-1.0,-0.1,-1.0,-0.1
3,NONE,-1.0,-0.1,-1.0,-0.1
3,NONE,-1.0,-0.1,-1.0,-0.1
3,NONE,-1.0,-0.1,-1.0,-0.1
3,NONE,-1.0,-0.1,-1.0,-0.1
3,NONE,-1.0,-0.1,-1.0,-0.1
3,NONE,-1.0,-0.1,-1.0,-0.1
3,NONE,-1.0,-0.1,-1.0,-0.1
3,NONE,-1.0,-0.1,-1.0,-0.1
3,NONE,-1.0,-0.1,-1.0,-0.1
3,NONE,-1.0,-0.1,-1.0,-0.1
3,NONE,-1.0,-0.1,-1.0,-0.1
3,NONE,-1.0,-0.1,-1.0,-0.1
3,NONE,-1.0,-0.1,-1.0,-0.1
3,NONE,-1.0,-0.1,-1.0,-0.1
3,NONE,-1.0,-0.1,-1.0,-0.1
3,NONE,-1.0,-0.1,-1.0,-0.1
3,NONE,-1.0,-0.1,-1.0,-0.1
3,NONE,-1.0,-0.1,-1.0,-0.1
3,NONE,-1.0,-0.1,-1.0,-0.1
3,NONE,-1.0,-0.1,-1.0,-0.1
3,NONE,-1.0,-0.1,-1.0,-0.1
3,NONE,-1.0,-0.1,-1.0,-0.1
3,NONE,-1.0,-0.1,-1.0,-0.1
3,NONE,-1.0,-0.1,-1.0,-0.1
3,NONE,-1.0,-0.1,-1.0,-0.1
3,NONE,-1.0,-0.1,-1.0,-0.1
3,NONE,-1.0,-0.1,-1.0,-0.1
3,NONE,-1.0,-0.1,-1.0,-0.1
3,NONE,-1.0,-0.1,-1.0,-0.1
3,NONE,-1.0,-0.1,-1.0,-0.1
3,NONE,-1.0,-0.1,-1.0,-0.1
3,NONE,-1.0,-0.1,-1.0,-0.1
3,NONE,-1.0,-0.1,-1.0,-0.1
3,NONE,-1.0,-0.1,-1.0,-0.1
3,NONE,-1.0,-0.1,-1.0,-0.1
3,NONE,-1.0,-0.1,-1.0,-0.1
3,NONE,-1.0,-0.1,-1.0,-0.1
3,NONE,-1.0,-0.1,-1.0,-0.1
3,NONE,-1.0,-0.1,-1.0,-0.1
3,NONE,-1.0,-0.1,-1.0,-0.1
3,NONE,-1.0,-0.1,-1.0,-0.1
3,NONE,-1.0,-0.1,-1.0,-0.1
3,NONE,-1.0,-0.1,-1.0,-0.1
3,NONE,-1.0,-0.1,-1.0,-0.1
3,NONE,-1.0,-0.1,-1.0,-0.1
3,NONE,-1.0,-0.1,-1.0,-0.1
3,NONE,-1.0,-0.1,-1.0,-0.1
3,NONE,-1.0,-0.1,-1.0,-0.1
3,NONE,-1.0,-0.1,-1.0,-0.1
3,NONE,-1.0,-0.1,-1.0,-0.1
3,NONE,-1.0,-0.1,-1.0,-0.1
3,NONE,-1.0,-0.1,-1.0,-0.1
3,NONE,-1.0,-0.1,-1.0,-0.1
3,NONE,-1.0,-0.1,-1.0,-0.1
3,NONE,-1.0,-0.1,-1.0,-0.1
3,NONE,-1.0,-0.1,-1.0,-0.1
2,EV_B07_C021_Moto_Lineal_Electrica,-1.0,-0.1,8.0,43.1564981680747
1,EV_B07_C021_Moto_Lineal_Electrica,6.0,92.69142166621171,-1.0,43.1564981680747
1,EV_B07_C021_Moto_Lineal_Electrica,5.0,92.69142166621171,-1.0,43.1564981680747
1,EV_B07_C021_Moto_Lineal_Electrica,4.0,92.69142166621171,-1.0,43.1564981680747
1,EV_B07_C021_Moto_Lineal_Electrica,3.0,92.69142166621171,-1.0,43.1564981680747
1,EV_B07_C021_Moto_Lineal_Electrica,2.0,92.69142166621171,-1.0,43.1564981680747
1,EV_B07_C021_Moto_Lineal_Electrica,1.0,92.69142166621171,-1.0,43.1564981680747
1,EV_B07_C021_Moto_Lineal_Electrica,0.0,92.69142166621171,-1.0,43.1564981680747
3,NONE,-1.0,-0.1,-1.0,-0.1
3,NONE,-1.0,-0.1,-1.0,-0.1
3,NONE,-1.0,-0.1,-1.0,-0.1
3,NONE,-1.0,-0.1,-1.0,-0.1
3,NONE,-1.0,-0.1,-1.0,-0.1
3,NONE,-1.0,-0.1,-1.0,-0.1
3,NONE,-1.0,-0.1,-1.0,-0.1
3,NONE,-1.0,-0.1,-1.0,-0.1
3,NONE,-1.0,-0.1,-1.0,-0.1
3,NONE,-1.0,-0.1,-1.0,-0.1
3,NONE,-1.0,-0.1,-1.0,-0.1
3,NONE,-1.0,-0.1,-1.0,-0.1
3,NONE,-1.0,-0.1,-1.0,-0.1
3,NONE,-1.0,-0.1,-1.0,-0.1
3,NONE,-1.0,-0.1,-1.0,-0.1
3,NONE,-1.0,-0.1,-1.0,-0.1
3,NONE,-1.0,-0.1,-1.0,-0.1
3,NONE,-1.0,-0.1,-1.0,-0.1
3,NONE,-1.0,-0.1,-1.0,-0.1
3,NONE,-1.0,-0.1,-1.0,-0.1
3,NONE,-1.0,-0.1,-1.0,-0.1
3,NONE,-1.0,-0.1,-1.0,-0.1
3,NONE,-1.0,-0.1,-1.0,-0.1
3,NONE,-1.0,-0.1,-1.0,-0.1
3,NONE,-1.0,-0.1,-1.0,-0.1
3,NONE,-1.0,-0.1,-1.0,-0.1
3,NONE,-1.0,-0.1,-1.0,-0.1
3,NONE,-1.0,-0.1,-1.0,-0.1
3,NONE,-1.0,-0.1,-1.0,-0.1
3,NONE,-1.0,-0.1,-1.0,-0.1
3,NONE,-1.0,-0.1,-1.0,-0.1
3,NONE,-1.0,-0.1,-1.0,-0.1
3,NONE,-1.0,-0.1,-1.0,-0.1
3,NONE,-1.0,-0.1,-1.0,-0.1
3,NONE,-1.0,-0.1,-1.0,-0.1
3,NONE,-1.0,-0.1,-1.0,-0.1
3,NONE,-1.0,-0.1,-1.0,-0.1
3,NONE,-1.0,-0.1,-1.0,-0.1
3,NONE,-1.0,-0.1,-1.0,-0.1
3,NONE,-1.0,-0.1,-1.0,-0.1
3,NONE,-1.0,-0.1,-1.0,-0.1
2,EV_B07_C021_Moto_Lineal_Electrica,-1.0,-0.1,9.0,20.172271881984088
1,EV_B07_C021_Moto_Lineal_Electrica,5.0,87.20140681076404,-1.0,20.172271881984088
1,EV_B07_C021_Moto_Lineal_Electrica,4.0,87.20140681076404,-1.0,20.172271881984088
1,EV_B07_C021_Moto_Lineal_Electrica,3.0,87.20140681076404,-1.0,20.172271881984088
1,EV_B07_C021_Moto_Lineal_Electrica,2.0,87.20140681076404,-1.0,20.172271881984088
1,EV_B07_C021_Moto_Lineal_Electrica,1.0,87.20140681076404,-1.0,20.172271881984088
1,EV_B07_C021_Moto_Lineal_Electrica,0.0,87.20140681076404,-1.0,20.172271881984088
3,NONE,-1.0,-0.1,-1.0,-0.1
3,NONE,-1.0,-0.1,-1.0,-0.1
3,NONE,-1.0,-0.1,-1.0,-0.1
3,NONE,-1.0,-0.1,-1.0,-0.1
3,NONE,-1.0,-0.1,-1.0,-0.1
3,NONE,-1.0,-0.1,-1.0,-0.1
3,NONE,-1.0,-0.1,-1.0,-0.1
3,NONE,-1.0,-0.1,-1.0,-0.1
3,NONE,-1.0,-0.1,-1.0,-0.1
3,NONE,-1.0,-0.1,-1.0,-0.1
3,NONE,-1.0,-0.1,-1.0,-0.1
3,NONE,-1.0,-0.1,-1.0,-0.1
3,NONE,-1.0,-0.1,-1.0,-0.1
3,NONE,-1.0,-0.1,-1.0,-0.1
3,NONE,-1.0,-0.1,-1.0,-0.1
3,NONE,-1.0,-0.1,-1.0,-0.1
3,NONE,-1.0,-0.1,-1.0,-0.1
3,NONE,-1.0,-0.1,-1.0,-0.1
3,NONE,-1.0,-0.1,-1.0,-0.1
3,NONE,-1.0,-0.1,-1.0,-0.1
3,NONE,-1.0,-0.1,-1.0,-0.1
3,NONE,-1.0,-0.1,-1.0,-0.1
3,NONE,-1.0,-0.1,-1.0,-0.1
3,NONE,-1.0,-0.1,-1.0,-0.1
3,NONE,-1.0,-0.1,-1.0,-0.1
3,NONE,-1.0,-0.1,-1.0,-0.1
3,NONE,-1.0,-0.1,-1.0,-0.1
3,NONE,-1.0,-0.1,-1.0,-0.1
3,NONE,-1.0,-0.1,-1.0,-0.1
3,NONE,-1.0,-0.1,-1.0,-0.1
3,NONE,-1.0,-0.1,-1.0,-0.1
3,NONE,-1.0,-0.1,-1.0,-0.1
3,NONE,-1.0,-0.1,-1.0,-0.1
3,NONE,-1.0,-0.1,-1.0,-0.1
3,NONE,-1.0,-0.1,-1.0,-0.1
3,NONE,-1.0,-0.1,-1.0,-0.1
3,NONE,-1.0,-0.1,-1.0,-0.1
3,NONE,-1.0,-0.1,-1.0,-0.1
3,NONE,-1.0,-0.1,-1.0,-0.1
2,EV_B07_C021_Moto_Lineal_Electrica,-1.0,-0.1,7.0,47.563724828351525
1,EV_B07_C021_Moto_Lineal_Electrica,7.0,84.61407140943074,-1.0,47.563724828351525
1,EV_B07_C021_Moto_Lineal_Electrica,6.0,84.61407140943074,-1.0,47.563724828351525
1,EV_B07_C021_Moto_Lineal_Electrica,5.0,84.61407140943074,-1.0,47.563724828351525
1,EV_B07_C021_Moto_Lineal_Electrica,4.0,84.61407140943074,-1.0,47.563724828351525
1,EV_B07_C021_Moto_Lineal_Electrica,3.0,84.61407140943074,-1.0,47.563724828351525
1,EV_B07_C021_Moto_Lineal_Electrica,2.0,84.61407140943074,-1.0,47.563724828351525
1,EV_B07_C021_Moto_Lineal_Electrica,1.0,84.61407140943074,-1.0,47.563724828351525
1,EV_B07_C021_Moto_Lineal_Electrica,0.0,84.61407140943074,-1.0,47.563724828351525
3,NONE,-1.0,-0.1,-1.0,-0.1
3,NONE,-1.0,-0.1,-1.0,-0.1
3,NONE,-1.0,-0.1,-1.0,-0.1
3,NONE,-1.0,-0.1,-1.0,-0.1
3,NONE,-1.0,-0.1,-1.0,-0.1
3,NONE,-1.0,-0.1,-1.0,-0.1
3,NONE,-1.0,-0.1,-1.0,-0.1
3,NONE,-1.0,-0.1,-1.0,-0.1
3,NONE,-1.0,-0.1,-1.0,-0.1
3,NONE,-1.0,-0.1,-1.0,-0.1
3,NONE,-1.0,-0.1,-1.0,-0.1
3,NONE,-1.0,-0.1,-1.0,-0.1
3,NONE,-1.0,-0.1,-1.0,-0.1
3,NONE,-1.0,-0.1,-1.0,-0.1
3,NONE,-1.0,-0.1,-1.0,-0.1
3,NONE,-1.0,-0.1,-1.0,-0.1
3,NONE,-1.0,-0.1,-1.0,-0.1
3,NONE,-1.0,-0.1,-1.0,-0.1
3,NONE,-1.0,-0.1,-1.0,-0.1
3,NONE,-1.0,-0.1,-1.0,-0.1
3,NONE,-1.0,-0.1,-1.0,-0.1
3,NONE,-1.0,-0.1,-1.0,-0.1
3,NONE,-1.0,-0.1,-1.0,-0.1
3,NONE,-1.0,-0.1,-1.0,-0.1
3,NONE,-1.0,-0.1,-1.0,-0.1
3,NONE,-1.0,-0.1,-1.0,-0.1
3,NONE,-1.0,-0.1,-1.0,-0.1
3,NONE,-1.0,-0.1,-1.0,-0.1
3,NONE,-1.0,-0.1,-1.0,-0.1
3,NONE,-1.0,-0.1,-1.0,-0.1
3,NONE,-1.0,-0.1,-1.0,-0.1
3,NONE,-1.0,-0.1,-1.0,-0.1
3,NONE,-1.0,-0.1,-1.0,-0.1
3,NONE,-1.0,-0.1,-1.0,-0.1
3,NONE,-1.0,-0.1,-1.0,-0.1
3,NONE,-1.0,-0.1,-1.0,-0.1
3,NONE,-1.0,-0.1,-1.0,-0.1
3,NONE,-1.0,-0.1,-1.0,-0.1
3,NONE,-1.0,-0.1,-1.0,-0.1
3,NONE,-1.0,-0.1,-1.0,-0.1
3,NONE,-1.0,-0.1,-1.0,-0.1
3,NONE,-1.0,-0.1,-1.0,-0.1
3,NONE,-1.0,-0.1,-1.0,-0.1
3,NONE,-1.0,-0.1,-1.0,-0.1
3,NONE,-1.0,-0.1,-1.0,-0.1
3,NONE,-1.0,-0.1,-1.0,-0.1
3,NONE,-1.0,-0.1,-1.0,-0.1
3,NONE,-1.0,-0.1,-1.0,-0.1
3,NONE,-1.0,-0.1,-1.0,-0.1
3,NONE,-1.0,-0.1,-1.0,-0.1
3,NONE,-1.0,-0.1,-1.0,-0.1
3,NONE,-1.0,-0.1,-1.0,-0.1
3,NONE,-1.0,-0.1,-1.0,-0.1
3,NONE,-1.0,-0.1,-1.0,-0.1
3,NONE,-1.0,-0.1,-1.0,-0.1
3,NONE,-1.0,-0.1,-1.0,-0.1
3,NONE,-1.0,-0.1,-1.0,-0.1
3,NONE,-1.0,-0.1,-1.0,-0.1
3,NONE,-1.0,-0.1,-1.0,-0.1
3,NONE,-1.0,-0.1,-1.0,-0.1
3,NONE,-1.0,-0.1,-1.0,-0.1
3,NONE,-1.0,-0.1,-1.0,-0.1
3,NONE,-1.0,-0.1,-1.0,-0.1
2,EV_B07_C021_Moto_Lineal_Electrica,-1.0,-0.1,7.0,27.756459277954388
1,EV_B07_C021_Moto_Lineal_Electrica,7.0,77.11967489060525,-1.0,27.756459277954388
1,EV_B07_C021_Moto_Lineal_Electrica,6.0,77.11967489060525,-1.0,27.756459277954388
1,EV_B07_C021_Moto_Lineal_Electrica,5.0,77.11967489060525,-1.0,27.756459277954388
1,EV_B07_C021_Moto_Lineal_Electrica,4.0,77.11967489060525,-1.0,27.756459277954388
1,EV_B07_C021_Moto_Lineal_Electrica,3.0,77.11967489060525,-1.0,27.756459277954388
1,EV_B07_C021_Moto_Lineal_Electrica,2.0,77.11967489060525,-1.0,27.756459277954388
1,EV_B07_C021_Moto_Lineal_Electrica,1.0,77.11967489060525,-1.0,27.756459277954388
1,EV_B07_C021_Moto_Lineal_Electrica,0.0,77.11967489060525,-1.0,27.756459277954388
3,NONE,-1.0,-0.1,-1.0,-0.1
3,NONE,-1.0,-0.1,-1.0,-0.1
3,NONE,-1.0,-0.1,-1.0,-0.1
3,NONE,-1.0,-0.1,-1.0,-0.1
3,NONE,-1.0,-0.1,-1.0,-0.1
3,NONE,-1.0,-0.1,-1.0,-0.1
3,NONE,-1.0,-0.1,-1.0,-0.1
3,NONE,-1.0,-0.1,-1.0,-0.1
3,NONE,-1.0,-0.1,-1.0,-0.1
3,NONE,-1.0,-0.1,-1.0,-0.1
3,NONE,-1.0,-0.1,-1.0,-0.1
3,NONE,-1.0,-0.1,-1.0,-0.1
3,NONE,-1.0,-0.1,-1.0,-0.1
3,NONE,-1.0,-0.1,-1.0,-0.1
3,NONE,-1.0,-0.1,-1.0,-0.1
3,NONE,-1.0,-0.1,-1.0,-0.1
3,NONE,-1.0,-0.1,-1.0,-0.1
3,NONE,-1.0,-0.1,-1.0,-0.1
3,NONE,-1.0,-0.1,-1.0,-0.1
3,NONE,-1.0,-0.1,-1.0,-0.1
3,NONE,-1.0,-0.1,-1.0,-0.1
3,NONE,-1.0,-0.1,-1.0,-0.1
3,NONE,-1.0,-0.1,-1.0,-0.1
3,NONE,-1.0,-0.1,-1.0,-0.1
3,NONE,-1.0,-0.1,-1.0,-0.1
3,NONE,-1.0,-0.1,-1.0,-0.1
3,NONE,-1.0,-0.1,-1.0,-0.1
3,NONE,-1.0,-0.1,-1.0,-0.1
3,NONE,-1.0,-0.1,-1.0,-0.1
3,NONE,-1.0,-0.1,-1.0,-0.1
3,NONE,-1.0,-0.1,-1.0,-0.1
3,NONE,-1.0,-0.1,-1.0,-0.1
3,NONE,-1.0,-0.1,-1.0,-0.1
3,NONE,-1.0,-0.1,-1.0,-0.1
3,NONE,-1.0,-0.1,-1.0,-0.1
3,NONE,-1.0,-0.1,-1.0,-0.1
3,NONE,-1.0,-0.1,-1.0,-0.1
3,NONE,-1.0,-0.1,-1.0,-0.1
3,NONE,-1.0,-0.1,-1.0,-0.1
2,EV_B07_C021_Moto_Lineal_Electrica,-1.0,-0.1,7.0,32.013631669068424
1,EV_B07_C021_Moto_Lineal_Electrica,7.0,91.6784778365399,-1.0,32.013631669068424
1,EV_B07_C021_Moto_Lineal_Electrica,6.0,91.6784778365399,-1.0,32.013631669068424
1,EV_B07_C021_Moto_Lineal_Electrica,5.0,91.6784778365399,-1.0,32.013631669068424
1,EV_B07_C021_Moto_Lineal_Electrica,4.0,91.6784778365399,-1.0,32.013631669068424
1,EV_B07_C021_Moto_Lineal_Electrica,3.0,91.6784778365399,-1.0,32.013631669068424
1,EV_B07_C021_Moto_Lineal_Electrica,2.0,91.6784778365399,-1.0,32.013631669068424
1,EV_B07_C021_Moto_Lineal_Electrica,1.0,91.6784778365399,-1.0,32.013631669068424
1,EV_B07_C021_Moto_Lineal_Electrica,0.0,91.6784778365399,-1.0,32.013631669068424
3,NONE,-1.0,-0.1,-1.0,-0.1
3,NONE,-1.0,-0.1,-1.0,-0.1
3,NONE,-1.0,-0.1,-1.0,-0.1
3,NONE,-1.0,-0.1,-1.0,-0.1
3,NONE,-1.0,-0.1,-1.0,-0.1
3,NONE,-1.0,-0.1,-1.0,-0.1
3,NONE,-1.0,-0.1,-1.0,-0.1
3,NONE,-1.0,-0.1,-1.0,-0.1
3,NONE,-1.0,-0.1,-1.0,-0.1
3,NONE,-1.0,-0.1,-1.0,-0.1
3,NONE,-1.0,-0.1,-1.0,-0.1
3,NONE,-1.0,-0.1,-1.0,-0.1
3,NONE,-1.0,-0.1,-1.0,-0.1
3,NONE,-1.0,-0.1,-1.0,-0.1
3,NONE,-1.0,-0.1,-1.0,-0.1
2,EV_B07_C021_Moto_Lineal_Electrica,-1.0,-0.1,7.0,31.476250108526568
1,EV_B07_C021_Moto_Lineal_Electrica,7.0,81.72939307244779,-1.0,31.476250108526568
1,EV_B07_C021_Moto_Lineal_Electrica,6.0,81.72939307244779,-1.0,31.476250108526568
1,EV_B07_C021_Moto_Lineal_Electrica,5.0,81.72939307244779,-1.0,31.476250108526568
1,EV_B07_C021_Moto_Lineal_Electrica,4.0,81.72939307244779,-1.0,31.476250108526568
1,EV_B07_C021_Moto_Lineal_Electrica,3.0,81.72939307244779,-1.0,31.476250108526568
1,EV_B07_C021_Moto_Lineal_Electrica,2.0,81.72939307244779,-1.0,31.476250108526568
1,EV_B07_C021_Moto_Lineal_Electrica,1.0,81.72939307244779,-1.0,31.476250108526568
1,EV_B07_C021_Moto_Lineal_Electrica,0.0,81.72939307244779,-1.0,31.476250108526568
3,NONE,-1.0,-0.1,-1.0,-0.1
3,NONE,-1.0,-0.1,-1.0,-0.1
3,NONE,-1.0,-0.1,-1.0,-0.1
3,NONE,-1.0,-0.1,-1.0,-0.1
3,NONE,-1.0,-0.1,-1.0,-0.1
3,NONE,-1.0,-0.1,-1.0,-0.1
3,NONE,-1.0,-0.1,-1.0,-0.1
3,NONE,-1.0,-0.1,-1.0,-0.1
3,NONE,-1.0,-0.1,-1.0,-0.1
3,NONE,-1.0,-0.1,-1.0,-0.1
3,NONE,-1.0,-0.1,-1.0,-0.1
3,NONE,-1.0,-0.1,-1.0,-0.1
3,NONE,-1.0,-0.1,-1.0,-0.1
3,NONE,-1.0,-0.1,-1.0,-0.1
3,NONE,-1.0,-0.1,-1.0,-0.1
3,NONE,-1.0,-0.1,-1.0,-0.1
2,EV_B07_C021_Moto_Lineal_Electrica,-1.0,-0.1,8.0,26.336283949017282
1,EV_B07_C021_Moto_Lineal_Electrica,6.0,89.75835844322407,-1.0,26.336283949017282
1,EV_B07_C021_Moto_Lineal_Electrica,5.0,89.75835844322407,-1.0,26.336283949017282
1,EV_B07_C021_Moto_Lineal_Electrica,4.0,89.75835844322407,-1.0,26.336283949017282
1,EV_B07_C021_Moto_Lineal_Electrica,3.0,89.75835844322407,-1.0,26.336283949017282
1,EV_B07_C021_Moto_Lineal_Electrica,2.0,89.75835844322407,-1.0,26.336283949017282
1,EV_B07_C021_Moto_Lineal_Electrica,1.0,89.75835844322407,-1.0,26.336283949017282
1,EV_B07_C021_Moto_Lineal_Electrica,0.0,89.75835844322407,-1.0,26.336283949017282
3,NONE,-1.0,-0.1,-1.0,-0.1
3,NONE,-1.0,-0.1,-1.0,-0.1
3,NONE,-1.0,-0.1,-1.0,-0.1
3,NONE,-1.0,-0.1,-1.0,-0.1
3,NONE,-1.0,-0.1,-1.0,-0.1
3,NONE,-1.0,-0.1,-1.0,-0.1
3,NONE,-1.0,-0.1,-1.0,-0.1
3,NONE,-1.0,-0.1,-1.0,-0.1
3,NONE,-1.0,-0.1,-1.0,-0.1
3,NONE,-1.0,-0.1,-1.0,-0.1
3,NONE,-1.0,-0.1,-1.0,-0.1
3,NONE,-1.0,-0.1,-1.0,-0.1
3,NONE,-1.0,-0.1,-1.0,-0.1
3,NONE,-1.0,-0.1,-1.0,-0.1
3,NONE,-1.0,-0.1,-1.0,-0.1
3,NONE,-1.0,-0.1,-1.0,-0.1
3,NONE,-1.0,-0.1,-1.0,-0.1
3,NONE,-1.0,-0.1,-1.0,-0.1
3,NONE,-1.0,-0.1,-1.0,-0.1
3,NONE,-1.0,-0.1,-1.0,-0.1
3,NONE,-1.0,-0.1,-1.0,-0.1
3,NONE,-1.0,-0.1,-1.0,-0.1
3,NONE,-1.0,-0.1,-1.0,-0.1
3,NONE,-1.0,-0.1,-1.0,-0.1
3,NONE,-1.0,-0.1,-1.0,-0.1
3,NONE,-1.0,-0.1,-1.0,-0.1
3,NONE,-1.0,-0.1,-1.0,-0.1
3,NONE,-1.0,-0.1,-1.0,-0.1
3,NONE,-1.0,-0.1,-1.0,-0.1
3,NONE,-1.0,-0.1,-1.0,-0.1
3,NONE,-1.0,-0.1,-1.0,-0.1
3,NONE,-1.0,-0.1,-1.0,-0.1
3,NONE,-1.0,-0.1,-1.0,-0.1
3,NONE,-1.0,-0.1,-1.0,-0.1
3,NONE,-1.0,-0.1,-1.0,-0.1
3,NONE,-1.0,-0.1,-1.0,-0.1
3,NONE,-1.0,-0.1,-1.0,-0.1
3,NONE,-1.0,-0.1,-1.0,-0.1
3,NONE,-1.0,-0.1,-1.0,-0.1
3,NONE,-1.0,-0.1,-1.0,-0.1
3,NONE,-1.0,-0.1,-1.0,-0.1
3,NONE,-1.0,-0.1,-1.0,-0.1
3,NONE,-1.0,-0.1,-1.0,-0.1
3,NONE,-1.0,-0.1,-1.0,-0.1
3,NONE,-1.0,-0.1,-1.0,-0.1
3,NONE,-1.0,-0.1,-1.0,-0.1
3,NONE,-1.0,-0.1,-1.0,-0.1
3,NONE,-1.0,-0.1,-1.0,-0.1
3,NONE,-1.0,-0.1,-1.0,-0.1
3,NONE,-1.0,-0.1,-1.0,-0.1
3,NONE,-1.0,-0.1,-1.0,-0.1
3,NONE,-1.0,-0.1,-1.0,-0.1
3,NONE,-1.0,-0.1,-1.0,-0.1
3,NONE,-1.0,-0.1,-1.0,-0.1
3,NONE,-1.0,-0.1,-1.0,-0.1
3,NONE,-1.0,-0.1,-1.0,-0.1
3,NONE,-1.0,-0.1,-1.0,-0.1
3,NONE,-1.0,-0.1,-1.0,-0.1
3,NONE,-1.0,-0.1,-1.0,-0.1
3,NONE,-1.0,-0.1,-1.0,-0.1
3,NONE,-1.0,-0.1,-1.0,-0.1
3,NONE,-1.0,-0.1,-1.0,-0.1
3,NONE,-1.0,-0.1,-1.0,-0.1
3,NONE,-1.0,-0.1,-1.0,-0.1
3,NONE,-1.0,-0.1,-1.0,-0.1
2,EV_B07_C021_Moto_Lineal_Electrica,-1.0,-0.1,9.0,43.26055473407155
1,EV_B07_C021_Moto_Lineal_Electrica,5.0,89.41439299753125,-1.0,43.26055473407155
1,EV_B07_C021_Moto_Lineal_Electrica,4.0,89.41439299753125,-1.0,43.26055473407155
1,EV_B07_C021_Moto_Lineal_Electrica,3.0,89.41439299753125,-1.0,43.26055473407155
1,EV_B07_C021_Moto_Lineal_Electrica,2.0,89.41439299753125,-1.0,43.26055473407155
1,EV_B07_C021_Moto_Lineal_Electrica,1.0,89.41439299753125,-1.0,43.26055473407155
1,EV_B07_C021_Moto_Lineal_Electrica,0.0,89.41439299753125,-1.0,43.26055473407155
3,NONE,-1.0,-0.1,-1.0,-0.1
3,NONE,-1.0,-0.1,-1.0,-0.1
3,NONE,-1.0,-0.1,-1.0,-0.1
3,NONE,-1.0,-0.1,-1.0,-0.1
3,NONE,-1.0,-0.1,-1.0,-0.1
3,NONE,-1.0,-0.1,-1.0,-0.1
3,NONE,-1.0,-0.1,-1.0,-0.1
3,NONE,-1.0,-0.1,-1.0,-0.1
3,NONE,-1.0,-0.1,-1.0,-0.1
3,NONE,-1.0,-0.1,-1.0,-0.1
3,NONE,-1.0,-0.1,-1.0,-0.1
3,NONE,-1.0,-0.1,-1.0,-0.1
3,NONE,-1.0,-0.1,-1.0,-0.1
3,NONE,-1.0,-0.1,-1.0,-0.1
3,NONE,-1.0,-0.1,-1.0,-0.1
3,NONE,-1.0,-0.1,-1.0,-0.1
3,NONE,-1.0,-0.1,-1.0,-0.1
2,EV_B07_C021_Moto_Lineal_Electrica,-1.0,-0.1,9.0,61.080669402799145
1,EV_B07_C021_Moto_Lineal_Electrica,5.0,82.46479959341156,-1.0,61.080669402799145
1,EV_B07_C021_Moto_Lineal_Electrica,4.0,82.46479959341156,-1.0,61.080669402799145
1,EV_B07_C021_Moto_Lineal_Electrica,3.0,82.46479959341156,-1.0,61.080669402799145
1,EV_B07_C021_Moto_Lineal_Electrica,2.0,82.46479959341156,-1.0,61.080669402799145
1,EV_B07_C021_Moto_Lineal_Electrica,1.0,82.46479959341156,-1.0,61.080669402799145
1,EV_B07_C021_Moto_Lineal_Electrica,0.0,82.46479959341156,-1.0,61.080669402799145
3,NONE,-1.0,-0.1,-1.0,-0.1
3,NONE,-1.0,-0.1,-1.0,-0.1
3,NONE,-1.0,-0.1,-1.0,-0.1
3,NONE,-1.0,-0.1,-1.0,-0.1
3,NONE,-1.0,-0.1,-1.0,-0.1
3,NONE,-1.0,-0.1,-1.0,-0.1
3,NONE,-1.0,-0.1,-1.0,-0.1
3,NONE,-1.0,-0.1,-1.0,-0.1
3,NONE,-1.0,-0.1,-1.0,-0.1
3,NONE,-1.0,-0.1,-1.0,-0.1
3,NONE,-1.0,-0.1,-1.0,-0.1
3,NONE,-1.0,-0.1,-1.0,-0.1
3,NONE,-1.0,-0.1,-1.0,-0.1
3,NONE,-1.0,-0.1,-1.0,-0.1
3,NONE,-1.0,-0.1,-1.0,-0.1
3,NONE,-1.0,-0.1,-1.0,-0.1
3,NONE,-1.0,-0.1,-1.0,-0.1
2,EV_B07_C021_Moto_Lineal_Electrica,-1.0,-0.1,9.0,36.675518697975384
1,EV_B07_C021_Moto_Lineal_Electrica,5.0,84.43925999818832,-1.0,36.675518697975384
1,EV_B07_C021_Moto_Lineal_Electrica,4.0,84.43925999818832,-1.0,36.675518697975384
1,EV_B07_C021_Moto_Lineal_Electrica,3.0,84.43925999818832,-1.0,36.675518697975384
1,EV_B07_C021_Moto_Lineal_Electrica,2.0,84.43925999818832,-1.0,36.675518697975384
1,EV_B07_C021_Moto_Lineal_Electrica,1.0,84.43925999818832,-1.0,36.675518697975384
1,EV_B07_C021_Moto_Lineal_Electrica,0.0,84.43925999818832,-1.0,36.675518697975384
3,NONE,-1.0,-0.1,-1.0,-0.1
3,NONE,-1.0,-0.1,-1.0,-0.1
3,NONE,-1.0,-0.1,-1.0,-0.1
3,NONE,-1.0,-0.1,-1.0,-0.1
3,NONE,-1.0,-0.1,-1.0,-0.1
3,NONE,-1.0,-0.1,-1.0,-0.1
3,NONE,-1.0,-0.1,-1.0,-0.1
3,NONE,-1.0,-0.1,-1.0,-0.1
3,NONE,-1.0,-0.1,-1.0,-0.1
3,NONE,-1.0,-0.1,-1.0,-0.1
3,NONE,-1.0,-0.1,-1.0,-0.1
3,NONE,-1.0,-0.1,-1.0,-0.1
3,NONE,-1.0,-0.1,-1.0,-0.1
3,NONE,-1.0,-0.1,-1.0,-0.1
3,NONE,-1.0,-0.1,-1.0,-0.1
3,NONE,-1.0,-0.1,-1.0,-0.1
3,NONE,-1.0,-0.1,-1.0,-0.1
2,EV_B07_C021_Moto_Lineal_Electrica,-1.0,-0.1,9.0,41.75378293390733
1,EV_B07_C021_Moto_Lineal_Electrica,5.0,78.70587827039317,-1.0,41.75378293390733
1,EV_B07_C021_Moto_Lineal_Electrica,4.0,78.70587827039317,-1.0,41.75378293390733
1,EV_B07_C021_Moto_Lineal_Electrica,3.0,78.70587827039317,-1.0,41.75378293390733
1,EV_B07_C021_Moto_Lineal_Electrica,2.0,78.70587827039317,-1.0,41.75378293390733
1,EV_B07_C021_Moto_Lineal_Electrica,1.0,78.70587827039317,-1.0,41.75378293390733
1,EV_B07_C021_Moto_Lineal_Electrica,0.0,78.70587827039317,-1.0,41.75378293390733
3,NONE,-1.0,-0.1,-1.0,-0.1
3,NONE,-1.0,-0.1,-1.0,-0.1
3,NONE,-1.0,-0.1,-1.0,-0.1
3,NONE,-1.0,-0.1,-1.0,-0.1
3,NONE,-1.0,-0.1,-1.0,-0.1
3,NONE,-1.0,-0.1,-1.0,-0.1
3,NONE,-1.0,-0.1,-1.0,-0.1
3,NONE,-1.0,-0.1,-1.0,-0.1
3,NONE,-1.0,-0.1,-1.0,-0.1
3,NONE,-1.0,-0.1,-1.0,-0.1
3,NONE,-1.0,-0.1,-1.0,-0.1
3,NONE,-1.0,-0.1,-1.0,-0.1
3,NONE,-1.0,-0.1,-1.0,-0.1
3,NONE,-1.0,-0.1,-1.0,-0.1
3,NONE,-1.0,-0.1,-1.0,-0.1
2,EV_B07_C021_Moto_Lineal_Electrica,-1.0,-0.1,7.0,23.52384998677222
1,EV_B07_C021_Moto_Lineal_Electrica,7.0,86.92152165420839,-1.0,23.52384998677222
1,EV_B07_C021_Moto_Lineal_Electrica,6.0,86.92152165420839,-1.0,23.52384998677222
1,EV_B07_C021_Moto_Lineal_Electrica,5.0,86.92152165420839,-1.0,23.52384998677222
1,EV_B07_C021_Moto_Lineal_Electrica,4.0,86.92152165420839,-1.0,23.52384998677222
1,EV_B07_C021_Moto_Lineal_Electrica,3.0,86.92152165420839,-1.0,23.52384998677222
1,EV_B07_C021_Moto_Lineal_Electrica,2.0,86.92152165420839,-1.0,23.52384998677222
1,EV_B07_C021_Moto_Lineal_Electrica,1.0,86.92152165420839,-1.0,23.52384998677222
1,EV_B07_C021_Moto_Lineal_Electrica,0.0,86.92152165420839,-1.0,23.52384998677222
3,NONE,-1.0,-0.1,-1.0,-0.1
3,NONE,-1.0,-0.1,-1.0,-0.1
3,NONE,-1.0,-0.1,-1.0,-0.1
3,NONE,-1.0,-0.1,-1.0,-0.1
3,NONE,-1.0,-0.1,-1.0,-0.1
3,NONE,-1.0,-0.1,-1.0,-0.1
3,NONE,-1.0,-0.1,-1.0,-0.1
3,NONE,-1.0,-0.1,-1.0,-0.1
3,NONE,-1.0,-0.1,-1.0,-0.1
3,NONE,-1.0,-0.1,-1.0,-0.1
3,NONE,-1.0,-0.1,-1.0,-0.1
3,NONE,-1.0,-0.1,-1.0,-0.1
3,NONE,-1.0,-0.1,-1.0,-0.1
3,NONE,-1.0,-0.1,-1.0,-0.1
3,NONE,-1.0,-0.1,-1.0,-0.1
3,NONE,-1.0,-0.1,-1.0,-0.1
3,NONE,-1.0,-0.1,-1.0,-0.1
3,NONE,-1.0,-0.1,-1.0,-0.1
3,NONE,-1.0,-0.1,-1.0,-0.1
3,NONE,-1.0,-0.1,-1.0,-0.1
3,NONE,-1.0,-0.1,-1.0,-0.1
3,NONE,-1.0,-0.1,-1.0,-0.1
3,NONE,-1.0,-0.1,-1.0,-0.1
3,NONE,-1.0,-0.1,-1.0,-0.1
3,NONE,-1.0,-0.1,-1.0,-0.1
3,NONE,-1.0,-0.1,-1.0,-0.1
3,NONE,-1.0,-0.1,-1.0,-0.1
3,NONE,-1.0,-0.1,-1.0,-0.1
3,NONE,-1.0,-0.1,-1.0,-0.1
3,NONE,-1.0,-0.1,-1.0,-0.1
3,NONE,-1.0,-0.1,-1.0,-0.1
3,NONE,-1.0,-0.1,-1.0,-0.1
3,NONE,-1.0,-0.1,-1.0,-0.1
3,NONE,-1.0,-0.1,-1.0,-0.1
3,NONE,-1.0,-0.1,-1.0,-0.1
3,NONE,-1.0,-0.1,-1.0,-0.1
3,NONE,-1.0,-0.1,-1.0,-0.1
3,NONE,-1.0,-0.1,-1.0,-0.1
3,NONE,-1.0,-0.1,-1.0,-0.1
3,NONE,-1.0,-0.1,-1.0,-0.1
3,NONE,-1.0,-0.1,-1.0,-0.1
3,NONE,-1.0,-0.1,-1.0,-0.1
3,NONE,-1.0,-0.1,-1.0,-0.1
3,NONE,-1.0,-0.1,-1.0,-0.1
3,NONE,-1.0,-0.1,-1.0,-0.1
3,NONE,-1.0,-0.1,-1.0,-0.1
3,NONE,-1.0,-0.1,-1.0,-0.1
3,NONE,-1.0,-0.1,-1.0,-0.1
3,NONE,-1.0,-0.1,-1.0,-0.1
3,NONE,-1.0,-0.1,-1.0,-0.1
3,NONE,-1.0,-0.1,-1.0,-0.1
3,NONE,-1.0,-0.1,-1.0,-0.1
3,NONE,-1.0,-0.1,-1.0,-0.1
3,NONE,-1.0,-0.1,-1.0,-0.1
3,NONE,-1.0,-0.1,-1.0,-0.1
3,NONE,-1.0,-0.1,-1.0,-0.1
3,NONE,-1.0,-0.1,-1.0,-0.1
3,NONE,-1.0,-0.1,-1.0,-0.1
3,NONE,-1.0,-0.1,-1.0,-0.1
3,NONE,-1.0,-0.1,-1.0,-0.1
3,NONE,-1.0,-0.1,-1.0,-0.1
3,NONE,-1.0,-0.1,-1.0,-0.1
3,NONE,-1.0,-0.1,-1.0,-0.1
3,NONE,-1.0,-0.1,-1.0,-0.1
2,EV_B07_C021_Moto_Lineal_Electrica,-1.0,-0.1,8.0,28.83809519830966
1,EV_B07_C021_Moto_Lineal_Electrica,6.0,72.6677917298049,-1.0,28.83809519830966
1,EV_B07_C021_Moto_Lineal_Electrica,5.0,72.6677917298049,-1.0,28.83809519830966
1,EV_B07_C021_Moto_Lineal_Electrica,4.0,72.6677917298049,-1.0,28.83809519830966
1,EV_B07_C021_Moto_Lineal_Electrica,3.0,72.6677917298049,-1.0,28.83809519830966
1,EV_B07_C021_Moto_Lineal_Electrica,2.0,72.6677917298049,-1.0,28.83809519830966
1,EV_B07_C021_Moto_Lineal_Electrica,1.0,72.6677917298049,-1.0,28.83809519830966
1,EV_B07_C021_Moto_Lineal_Electrica,0.0,72.6677917298049,-1.0,28.83809519830966
3,NONE,-1.0,-0.1,-1.0,-0.1
3,NONE,-1.0,-0.1,-1.0,-0.1
3,NONE,-1.0,-0.1,-1.0,-0.1
3,NONE,-1.0,-0.1,-1.0,-0.1
3,NONE,-1.0,-0.1,-1.0,-0.1
3,NONE,-1.0,-0.1,-1.0,-0.1
3,NONE,-1.0,-0.1,-1.0,-0.1
3,NONE,-1.0,-0.1,-1.0,-0.1
3,NONE,-1.0,-0.1,-1.0,-0.1
3,NONE,-1.0,-0.1,-1.0,-0.1
3,NONE,-1.0,-0.1,-1.0,-0.1
3,NONE,-1.0,-0.1,-1.0,-0.1
3,NONE,-1.0,-0.1,-1.0,-0.1
3,NONE,-1.0,-0.1,-1.0,-0.1
3,NONE,-1.0,-0.1,-1.0,-0.1
3,NONE,-1.0,-0.1,-1.0,-0.1
2,EV_B07_C021_Moto_Lineal_Electrica,-1.0,-0.1,8.0,36.53396395026865
1,EV_B07_C021_Moto_Lineal_Electrica,6.0,81.7538872953189,-1.0,36.53396395026865
1,EV_B07_C021_Moto_Lineal_Electrica,5.0,81.7538872953189,-1.0,36.53396395026865
1,EV_B07_C021_Moto_Lineal_Electrica,4.0,81.7538872953189,-1.0,36.53396395026865
1,EV_B07_C021_Moto_Lineal_Electrica,3.0,81.7538872953189,-1.0,36.53396395026865
1,EV_B07_C021_Moto_Lineal_Electrica,2.0,81.7538872953189,-1.0,36.53396395026865
1,EV_B07_C021_Moto_Lineal_Electrica,1.0,81.7538872953189,-1.0,36.53396395026865
1,EV_B07_C021_Moto_Lineal_Electrica,0.0,81.7538872953189,-1.0,36.53396395026865
3,NONE,-1.0,-0.1,-1.0,-0.1
3,NONE,-1.0,-0.1,-1.0,-0.1
3,NONE,-1.0,-0.1,-1.0,-0.1
3,NONE,-1.0,-0.1,-1.0,-0.1
3,NONE,-1.0,-0.1,-1.0,-0.1
3,NONE,-1.0,-0.1,-1.0,-0.1
3,NONE,-1.0,-0.1,-1.0,-0.1
3,NONE,-1.0,-0.1,-1.0,-0.1
3,NONE,-1.0,-0.1,-1.0,-0.1
3,NONE,-1.0,-0.1,-1.0,-0.1
3,NONE,-1.0,-0.1,-1.0,-0.1
3,NONE,-1.0,-0.1,-1.0,-0.1
3,NONE,-1.0,-0.1,-1.0,-0.1
3,NONE,-1.0,-0.1,-1.0,-0.1
3,NONE,-1.0,-0.1,-1.0,-0.1
3,NONE,-1.0,-0.1,-1.0,-0.1
3,NONE,-1.0,-0.1,-1.0,-0.1
3,NONE,-1.0,-0.1,-1.0,-0.1
3,NONE,-1.0,-0.1,-1.0,-0.1
3,NONE,-1.0,-0.1,-1.0,-0.1
3,NONE,-1.0,-0.1,-1.0,-0.1
3,NONE,-1.0,-0.1,-1.0,-0.1
3,NONE,-1.0,-0.1,-1.0,-0.1
3,NONE,-1.0,-0.1,-1.0,-0.1
3,NONE,-1.0,-0.1,-1.0,-0.1
3,NONE,-1.0,-0.1,-1.0,-0.1
3,NONE,-1.0,-0.1,-1.0,-0.1
3,NONE,-1.0,-0.1,-1.0,-0.1
3,NONE,-1.0,-0.1,-1.0,-0.1
3,NONE,-1.0,-0.1,-1.0,-0.1
3,NONE,-1.0,-0.1,-1.0,-0.1
3,NONE,-1.0,-0.1,-1.0,-0.1
3,NONE,-1.0,-0.1,-1.0,-0.1
3,NONE,-1.0,-0.1,-1.0,-0.1
3,NONE,-1.0,-0.1,-1.0,-0.1
3,NONE,-1.0,-0.1,-1.0,-0.1
3,NONE,-1.0,-0.1,-1.0,-0.1
3,NONE,-1.0,-0.1,-1.0,-0.1
3,NONE,-1.0,-0.1,-1.0,-0.1
3,NONE,-1.0,-0.1,-1.0,-0.1
2,EV_B07_C021_Moto_Lineal_Electrica,-1.0,-0.1,8.0,25.588153434168184
1,EV_B07_C021_Moto_Lineal_Electrica,6.0,74.18052942480875,-1.0,25.588153434168184
1,EV_B07_C021_Moto_Lineal_Electrica,5.0,74.18052942480875,-1.0,25.588153434168184
1,EV_B07_C021_Moto_Lineal_Electrica,4.0,74.18052942480875,-1.0,25.588153434168184
1,EV_B07_C021_Moto_Lineal_Electrica,3.0,74.18052942480875,-1.0,25.588153434168184
1,EV_B07_C021_Moto_Lineal_Electrica,2.0,74.18052942480875,-1.0,25.588153434168184
1,EV_B07_C021_Moto_Lineal_Electrica,1.0,74.18052942480875,-1.0,25.588153434168184
1,EV_B07_C021_Moto_Lineal_Electrica,0.0,74.18052942480875,-1.0,25.588153434168184
3,NONE,-1.0,-0.1,-1.0,-0.1
3,NONE,-1.0,-0.1,-1.0,-0.1
3,NONE,-1.0,-0.1,-1.0,-0.1
3,NONE,-1.0,-0.1,-1.0,-0.1
3,NONE,-1.0,-0.1,-1.0,-0.1
3,NONE,-1.0,-0.1,-1.0,-0.1
3,NONE,-1.0,-0.1,-1.0,-0.1
3,NONE,-1.0,-0.1,-1.0,-0.1
3,NONE,-1.0,-0.1,-1.0,-0.1
3,NONE,-1.0,-0.1,-1.0,-0.1
3,NONE,-1.0,-0.1,-1.0,-0.1
3,NONE,-1.0,-0.1,-1.0,-0.1
3,NONE,-1.0,-0.1,-1.0,-0.1
3,NONE,-1.0,-0.1,-1.0,-0.1
3,NONE,-1.0,-0.1,-1.0,-0.1
3,NONE,-1.0,-0.1,-1.0,-0.1
3,NONE,-1.0,-0.1,-1.0,-0.1
3,NONE,-1.0,-0.1,-1.0,-0.1
3,NONE,-1.0,-0.1,-1.0,-0.1
3,NONE,-1.0,-0.1,-1.0,-0.1
3,NONE,-1.0,-0.1,-1.0,-0.1
3,NONE,-1.0,-0.1,-1.0,-0.1
3,NONE,-1.0,-0.1,-1.0,-0.1
3,NONE,-1.0,-0.1,-1.0,-0.1
3,NONE,-1.0,-0.1,-1.0,-0.1
3,NONE,-1.0,-0.1,-1.0,-0.1
3,NONE,-1.0,-0.1,-1.0,-0.1
3,NONE,-1.0,-0.1,-1.0,-0.1
3,NONE,-1.0,-0.1,-1.0,-0.1
3,NONE,-1.0,-0.1,-1.0,-0.1
3,NONE,-1.0,-0.1,-1.0,-0.1
3,NONE,-1.0,-0.1,-1.0,-0.1
3,NONE,-1.0,-0.1,-1.0,-0.1
3,NONE,-1.0,-0.1,-1.0,-0.1
3,NONE,-1.0,-0.1,-1.0,-0.1
3,NONE,-1.0,-0.1,-1.0,-0.1
3,NONE,-1.0,-0.1,-1.0,-0.1
3,NONE,-1.0,-0.1,-1.0,-0.1
3,NONE,-1.0,-0.1,-1.0,-0.1
3,NONE,-1.0,-0.1,-1.0,-0.1
3,NONE,-1.0,-0.1,-1.0,-0.1
3,NONE,-1.0,-0.1,-1.0,-0.1
3,NONE,-1.0,-0.1,-1.0,-0.1
3,NONE,-1.0,-0.1,-1.0,-0.1
3,NONE,-1.0,-0.1,-1.0,-0.1
3,NONE,-1.0,-0.1,-1.0,-0.1
3,NONE,-1.0,-0.1,-1.0,-0.1
3,NONE,-1.0,-0.1,-1.0,-0.1
3,NONE,-1.0,-0.1,-1.0,-0.1
3,NONE,-1.0,-0.1,-1.0,-0.1
3,NONE,-1.0,-0.1,-1.0,-0.1
3,NONE,-1.0,-0.1,-1.0,-0.1
3,NONE,-1.0,-0.1,-1.0,-0.1
3,NONE,-1.0,-0.1,-1.0,-0.1
3,NONE,-1.0,-0.1,-1.0,-0.1
3,NONE,-1.0,-0.1,-1.0,-0.1
3,NONE,-1.0,-0.1,-1.0,-0.1
3,NONE,-1.0,-0.1,-1.0,-0.1
3,NONE,-1.0,-0.1,-1.0,-0.1
3,NONE,-1.0,-0.1,-1.0,-0.1
3,NONE,-1.0,-0.1,-1.0,-0.1
3,NONE,-1.0,-0.1,-1.0,-0.1
3,NONE,-1.0,-0.1,-1.0,-0.1
3,NONE,-1.0,-0.1,-1.0,-0.1
3,NONE,-1.0,-0.1,-1.0,-0.1
3,NONE,-1.0,-0.1,-1.0,-0.1
3,NONE,-1.0,-0.1,-1.0,-0.1
3,NONE,-1.0,-0.1,-1.0,-0.1
3,NONE,-1.0,-0.1,-1.0,-0.1
3,NONE,-1.0,-0.1,-1.0,-0.1
3,NONE,-1.0,-0.1,-1.0,-0.1
3,NONE,-1.0,-0.1,-1.0,-0.1
3,NONE,-1.0,-0.1,-1.0,-0.1
3,NONE,-1.0,-0.1,-1.0,-0.1
3,NONE,-1.0,-0.1,-1.0,-0.1
3,NONE,-1.0,-0.1,-1.0,-0.1
3,NONE,-1.0,-0.1,-1.0,-0.1
3,NONE,-1.0,-0.1,-1.0,-0.1
3,NONE,-1.0,-0.1,-1.0,-0.1
3,NONE,-1.0,-0.1,-1.0,-0.1
3,NONE,-1.0,-0.1,-1.0,-0.1
3,NONE,-1.0,-0.1,-1.0,-0.1
3,NONE,-1.0,-0.1,-1.0,-0.1
3,NONE,-1.0,-0.1,-1.0,-0.1
3,NONE,-1.0,-0.1,-1.0,-0.1
3,NONE,-1.0,-0.1,-1.0,-0.1
3,NONE,-1.0,-0.1,-1.0,-0.1
3,NONE,-1.0,-0.1,-1.0,-0.1
2,EV_B07_C021_Moto_Lineal_Electrica,-1.0,-0.1,8.0,20.702830302165246
1,EV_B07_C021_Moto_Lineal_Electrica,6.0,86.2558465354166,-1.0,20.702830302165246
1,EV_B07_C021_Moto_Lineal_Electrica,5.0,86.2558465354166,-1.0,20.702830302165246
1,EV_B07_C021_Moto_Lineal_Electrica,4.0,86.2558465354166,-1.0,20.702830302165246
1,EV_B07_C021_Moto_Lineal_Electrica,3.0,86.2558465354166,-1.0,20.702830302165246
1,EV_B07_C021_Moto_Lineal_Electrica,2.0,86.2558465354166,-1.0,20.702830302165246
1,EV_B07_C021_Moto_Lineal_Electrica,1.0,86.2558465354166,-1.0,20.702830302165246
1,EV_B07_C021_Moto_Lineal_Electrica,0.0,86.2558465354166,-1.0,20.702830302165246
3,NONE,-1.0,-0.1,-1.0,-0.1
3,NONE,-1.0,-0.1,-1.0,-0.1
3,NONE,-1.0,-0.1,-1.0,-0.1
3,NONE,-1.0,-0.1,-1.0,-0.1
3,NONE,-1.0,-0.1,-1.0,-0.1
3,NONE,-1.0,-0.1,-1.0,-0.1
3,NONE,-1.0,-0.1,-1.0,-0.1
3,NONE,-1.0,-0.1,-1.0,-0.1
3,NONE,-1.0,-0.1,-1.0,-0.1
3,NONE,-1.0,-0.1,-1.0,-0.1
3,NONE,-1.0,-0.1,-1.0,-0.1
3,NONE,-1.0,-0.1,-1.0,-0.1
3,NONE,-1.0,-0.1,-1.0,-0.1
3,NONE,-1.0,-0.1,-1.0,-0.1
3,NONE,-1.0,-0.1,-1.0,-0.1
3,NONE,-1.0,-0.1,-1.0,-0.1
3,NONE,-1.0,-0.1,-1.0,-0.1
2,EV_B07_C021_Moto_Lineal_Electrica,-1.0,-0.1,9.0,45.70114504042124
1,EV_B07_C021_Moto_Lineal_Electrica,5.0,91.74611152864395,-1.0,45.70114504042124
1,EV_B07_C021_Moto_Lineal_Electrica,4.0,91.74611152864395,-1.0,45.70114504042124
1,EV_B07_C021_Moto_Lineal_Electrica,3.0,91.74611152864395,-1.0,45.70114504042124
1,EV_B07_C021_Moto_Lineal_Electrica,2.0,91.74611152864395,-1.0,45.70114504042124
1,EV_B07_C021_Moto_Lineal_Electrica,1.0,91.74611152864395,-1.0,45.70114504042124
1,EV_B07_C021_Moto_Lineal_Electrica,0.0,91.74611152864395,-1.0,45.70114504042124
3,NONE,-1.0,-0.1,-1.0,-0.1
3,NONE,-1.0,-0.1,-1.0,-0.1
3,NONE,-1.0,-0.1,-1.0,-0.1
3,NONE,-1.0,-0.1,-1.0,-0.1
3,NONE,-1.0,-0.1,-1.0,-0.1
3,NONE,-1.0,-0.1,-1.0,-0.1
3,NONE,-1.0,-0.1,-1.0,-0.1
3,NONE,-1.0,-0.1,-1.0,-0.1
3,NONE,-1.0,-0.1,-1.0,-0.1
3,NONE,-1.0,-0.1,-1.0,-0.1
3,NONE,-1.0,-0.1,-1.0,-0.1
3,NONE,-1.0,-0.1,-1.0,-0.1
3,NONE,-1.0,-0.1,-1.0,-0.1
3,NONE,-1.0,-0.1,-1.0,-0.1
3,NONE,-1.0,-0.1,-1.0,-0.1
2,EV_B07_C021_Moto_Lineal_Electrica,-1.0,-0.1,7.0,39.7792794884863
1,EV_B07_C021_Moto_Lineal_Electrica,7.0,86.47612554237857,-1.0,39.7792794884863
1,EV_B07_C021_Moto_Lineal_Electrica,6.0,86.47612554237857,-1.0,39.7792794884863
1,EV_B07_C021_Moto_Lineal_Electrica,5.0,86.47612554237857,-1.0,39.7792794884863
1,EV_B07_C021_Moto_Lineal_Electrica,4.0,86.47612554237857,-1.0,39.7792794884863
1,EV_B07_C021_Moto_Lineal_Electrica,3.0,86.47612554237857,-1.0,39.7792794884863
1,EV_B07_C021_Moto_Lineal_Electrica,2.0,86.47612554237857,-1.0,39.7792794884863
1,EV_B07_C021_Moto_Lineal_Electrica,1.0,86.47612554237857,-1.0,39.7792794884863
1,EV_B07_C021_Moto_Lineal_Electrica,0.0,86.47612554237857,-1.0,39.7792794884863
3,NONE,-1.0,-0.1,-1.0,-0.1
3,NONE,-1.0,-0.1,-1.0,-0.1
3,NONE,-1.0,-0.1,-1.0,-0.1
3,NONE,-1.0,-0.1,-1.0,-0.1
3,NONE,-1.0,-0.1,-1.0,-0.1
3,NONE,-1.0,-0.1,-1.0,-0.1
3,NONE,-1.0,-0.1,-1.0,-0.1
3,NONE,-1.0,-0.1,-1.0,-0.1
3,NONE,-1.0,-0.1,-1.0,-0.1
3,NONE,-1.0,-0.1,-1.0,-0.1
3,NONE,-1.0,-0.1,-1.0,-0.1
3,NONE,-1.0,-0.1,-1.0,-0.1
3,NONE,-1.0,-0.1,-1.0,-0.1
3,NONE,-1.0,-0.1,-1.0,-0.1
3,NONE,-1.0,-0.1,-1.0,-0.1
3,NONE,-1.0,-0.1,-1.0,-0.1
3,NONE,-1.0,-0.1,-1.0,-0.1
3,NONE,-1.0,-0.1,-1.0,-0.1
3,NONE,-1.0,-0.1,-1.0,-0.1
3,NONE,-1.0,-0.1,-1.0,-0.1
3,NONE,-1.0,-0.1,-1.0,-0.1
3,NONE,-1.0,-0.1,-1.0,-0.1
3,NONE,-1.0,-0.1,-1.0,-0.1
3,NONE,-1.0,-0.1,-1.0,-0.1
3,NONE,-1.0,-0.1,-1.0,-0.1
3,NONE,-1.0,-0.1,-1.0,-0.1
3,NONE,-1.0,-0.1,-1.0,-0.1
3,NONE,-1.0,-0.1,-1.0,-0.1
3,NONE,-1.0,-0.1,-1.0,-0.1
3,NONE,-1.0,-0.1,-1.0,-0.1
3,NONE,-1.0,-0.1,-1.0,-0.1
3,NONE,-1.0,-0.1,-1.0,-0.1
3,NONE,-1.0,-0.1,-1.0,-0.1
3,NONE,-1.0,-0.1,-1.0,-0.1
3,NONE,-1.0,-0.1,-1.0,-0.1
3,NONE,-1.0,-0.1,-1.0,-0.1
3,NONE,-1.0,-0.1,-1.0,-0.1
3,NONE,-1.0,-0.1,-1.0,-0.1
3,NONE,-1.0,-0.1,-1.0,-0.1
3,NONE,-1.0,-0.1,-1.0,-0.1
2,EV_B07_C021_Moto_Lineal_Electrica,-1.0,-0.1,8.0,43.41730006399439
1,EV_B07_C021_Moto_Lineal_Electrica,6.0,87.93433318686306,-1.0,43.41730006399439
1,EV_B07_C021_Moto_Lineal_Electrica,5.0,87.93433318686306,-1.0,43.41730006399439
1,EV_B07_C021_Moto_Lineal_Electrica,4.0,87.93433318686306,-1.0,43.41730006399439
1,EV_B07_C021_Moto_Lineal_Electrica,3.0,87.93433318686306,-1.0,43.41730006399439
1,EV_B07_C021_Moto_Lineal_Electrica,2.0,87.93433318686306,-1.0,43.41730006399439
1,EV_B07_C021_Moto_Lineal_Electrica,1.0,87.93433318686306,-1.0,43.41730006399439
1,EV_B07_C021_Moto_Lineal_Electrica,0.0,87.93433318686306,-1.0,43.41730006399439
3,NONE,-1.0,-0.1,-1.0,-0.1
3,NONE,-1.0,-0.1,-1.0,-0.1
3,NONE,-1.0,-0.1,-1.0,-0.1
3,NONE,-1.0,-0.1,-1.0,-0.1
3,NONE,-1.0,-0.1,-1.0,-0.1
3,NONE,-1.0,-0.1,-1.0,-0.1
3,NONE,-1.0,-0.1,-1.0,-0.1
3,NONE,-1.0,-0.1,-1.0,-0.1
3,NONE,-1.0,-0.1,-1.0,-0.1
3,NONE,-1.0,-0.1,-1.0,-0.1
3,NONE,-1.0,-0.1,-1.0,-0.1
3,NONE,-1.0,-0.1,-1.0,-0.1
3,NONE,-1.0,-0.1,-1.0,-0.1
3,NONE,-1.0,-0.1,-1.0,-0.1
3,NONE,-1.0,-0.1,-1.0,-0.1
3,NONE,-1.0,-0.1,-1.0,-0.1
3,NONE,-1.0,-0.1,-1.0,-0.1
3,NONE,-1.0,-0.1,-1.0,-0.1
3,NONE,-1.0,-0.1,-1.0,-0.1
3,NONE,-1.0,-0.1,-1.0,-0.1
3,NONE,-1.0,-0.1,-1.0,-0.1
3,NONE,-1.0,-0.1,-1.0,-0.1
3,NONE,-1.0,-0.1,-1.0,-0.1
3,NONE,-1.0,-0.1,-1.0,-0.1
3,NONE,-1.0,-0.1,-1.0,-0.1
3,NONE,-1.0,-0.1,-1.0,-0.1
3,NONE,-1.0,-0.1,-1.0,-0.1
3,NONE,-1.0,-0.1,-1.0,-0.1
3,NONE,-1.0,-0.1,-1.0,-0.1
3,NONE,-1.0,-0.1,-1.0,-0.1
3,NONE,-1.0,-0.1,-1.0,-0.1
3,NONE,-1.0,-0.1,-1.0,-0.1
3,NONE,-1.0,-0.1,-1.0,-0.1
3,NONE,-1.0,-0.1,-1.0,-0.1
3,NONE,-1.0,-0.1,-1.0,-0.1
3,NONE,-1.0,-0.1,-1.0,-0.1
3,NONE,-1.0,-0.1,-1.0,-0.1
3,NONE,-1.0,-0.1,-1.0,-0.1
3,NONE,-1.0,-0.1,-1.0,-0.1
3,NONE,-1.0,-0.1,-1.0,-0.1
3,NONE,-1.0,-0.1,-1.0,-0.1
3,NONE,-1.0,-0.1,-1.0,-0.1
3,NONE,-1.0,-0.1,-1.0,-0.1
3,NONE,-1.0,-0.1,-1.0,-0.1
3,NONE,-1.0,-0.1,-1.0,-0.1
3,NONE,-1.0,-0.1,-1.0,-0.1
3,NONE,-1.0,-0.1,-1.0,-0.1
3,NONE,-1.0,-0.1,-1.0,-0.1
3,NONE,-1.0,-0.1,-1.0,-0.1
3,NONE,-1.0,-0.1,-1.0,-0.1
3,NONE,-1.0,-0.1,-1.0,-0.1
3,NONE,-1.0,-0.1,-1.0,-0.1
3,NONE,-1.0,-0.1,-1.0,-0.1
3,NONE,-1.0,-0.1,-1.0,-0.1
3,NONE,-1.0,-0.1,-1.0,-0.1
3,NONE,-1.0,-0.1,-1.0,-0.1
3,NONE,-1.0,-0.1,-1.0,-0.1
3,NONE,-1.0,-0.1,-1.0,-0.1
3,NONE,-1.0,-0.1,-1.0,-0.1
3,NONE,-1.0,-0.1,-1.0,-0.1
3,NONE,-1.0,-0.1,-1.0,-0.1
3,NONE,-1.0,-0.1,-1.0,-0.1
3,NONE,-1.0,-0.1,-1.0,-0.1
3,NONE,-1.0,-0.1,-1.0,-0.1
3,NONE,-1.0,-0.1,-1.0,-0.1
3,NONE,-1.0,-0.1,-1.0,-0.1
3,NONE,-1.0,-0.1,-1.0,-0.1
3,NONE,-1.0,-0.1,-1.0,-0.1
3,NONE,-1.0,-0.1,-1.0,-0.1
3,NONE,-1.0,-0.1,-1.0,-0.1
3,NONE,-1.0,-0.1,-1.0,-0.1
3,NONE,-1.0,-0.1,-1.0,-0.1
3,NONE,-1.0,-0.1,-1.0,-0.1
3,NONE,-1.0,-0.1,-1.0,-0.1
3,NONE,-1.0,-0.1,-1.0,-0.1
3,NONE,-1.0,-0.1,-1.0,-0.1
3,NONE,-1.0,-0.1,-1.0,-0.1
3,NONE,-1.0,-0.1,-1.0,-0.1
3,NONE,-1.0,-0.1,-1.0,-0.1
3,NONE,-1.0,-0.1,-1.0,-0.1
3,NONE,-1.0,-0.1,-1.0,-0.1
3,NONE,-1.0,-0.1,-1.0,-0.1
3,NONE,-1.0,-0.1,-1.0,-0.1
3,NONE,-1.0,-0.1,-1.0,-0.1
3,NONE,-1.0,-0.1,-1.0,-0.1
3,NONE,-1.0,-0.1,-1.0,-0.1
3,NONE,-1.0,-0.1,-1.0,-0.1
3,NONE,-1.0,-0.1,-1.0,-0.1
2,EV_B07_C021_Moto_Lineal_Electrica,-1.0,-0.1,8.0,12.834183471036177
1,EV_B07_C021_Moto_Lineal_Electrica,6.0,89.99844350710424,-1.0,12.834183471036177
1,EV_B07_C021_Moto_Lineal_Electrica,5.0,89.99844350710424,-1.0,12.834183471036177
1,EV_B07_C021_Moto_Lineal_Electrica,4.0,89.99844350710424,-1.0,12.834183471036177
1,EV_B07_C021_Moto_Lineal_Electrica,3.0,89.99844350710424,-1.0,12.834183471036177
1,EV_B07_C021_Moto_Lineal_Electrica,2.0,89.99844350710424,-1.0,12.834183471036177
1,EV_B07_C021_Moto_Lineal_Electrica,1.0,89.99844350710424,-1.0,12.834183471036177
1,EV_B07_C021_Moto_Lineal_Electrica,0.0,89.99844350710424,-1.0,12.834183471036177
3,NONE,-1.0,-0.1,-1.0,-0.1
3,NONE,-1.0,-0.1,-1.0,-0.1
3,NONE,-1.0,-0.1,-1.0,-0.1
3,NONE,-1.0,-0.1,-1.0,-0.1
3,NONE,-1.0,-0.1,-1.0,-0.1
3,NONE,-1.0,-0.1,-1.0,-0.1
3,NONE,-1.0,-0.1,-1.0,-0.1
3,NONE,-1.0,-0.1,-1.0,-0.1
3,NONE,-1.0,-0.1,-1.0,-0.1
3,NONE,-1.0,-0.1,-1.0,-0.1
3,NONE,-1.0,-0.1,-1.0,-0.1
3,NONE,-1.0,-0.1,-1.0,-0.1
3,NONE,-1.0,-0.1,-1.0,-0.1
3,NONE,-1.0,-0.1,-1.0,-0.1
3,NONE,-1.0,-0.1,-1.0,-0.1
3,NONE,-1.0,-0.1,-1.0,-0.1
3,NONE,-1.0,-0.1,-1.0,-0.1
3,NONE,-1.0,-0.1,-1.0,-0.1
3,NONE,-1.0,-0.1,-1.0,-0.1
3,NONE,-1.0,-0.1,-1.0,-0.1
3,NONE,-1.0,-0.1,-1.0,-0.1
3,NONE,-1.0,-0.1,-1.0,-0.1
3,NONE,-1.0,-0.1,-1.0,-0.1
3,NONE,-1.0,-0.1,-1.0,-0.1
3,NONE,-1.0,-0.1,-1.0,-0.1
3,NONE,-1.0,-0.1,-1.0,-0.1
3,NONE,-1.0,-0.1,-1.0,-0.1
3,NONE,-1.0,-0.1,-1.0,-0.1
3,NONE,-1.0,-0.1,-1.0,-0.1
3,NONE,-1.0,-0.1,-1.0,-0.1
3,NONE,-1.0,-0.1,-1.0,-0.1
3,NONE,-1.0,-0.1,-1.0,-0.1
3,NONE,-1.0,-0.1,-1.0,-0.1
3,NONE,-1.0,-0.1,-1.0,-0.1
3,NONE,-1.0,-0.1,-1.0,-0.1
3,NONE,-1.0,-0.1,-1.0,-0.1
3,NONE,-1.0,-0.1,-1.0,-0.1
3,NONE,-1.0,-0.1,-1.0,-0.1
3,NONE,-1.0,-0.1,-1.0,-0.1
2,EV_B07_C021_Moto_Lineal_Electrica,-1.0,-0.1,7.0,42.50997626347487
1,EV_B07_C021_Moto_Lineal_Electrica,7.0,85.22308116986943,-1.0,42.50997626347487
1,EV_B07_C021_Moto_Lineal_Electrica,6.0,85.22308116986943,-1.0,42.50997626347487
1,EV_B07_C021_Moto_Lineal_Electrica,5.0,85.22308116986943,-1.0,42.50997626347487
1,EV_B07_C021_Moto_Lineal_Electrica,4.0,85.22308116986943,-1.0,42.50997626347487
1,EV_B07_C021_Moto_Lineal_Electrica,3.0,85.22308116986943,-1.0,42.50997626347487
1,EV_B07_C021_Moto_Lineal_Electrica,2.0,85.22308116986943,-1.0,42.50997626347487
1,EV_B07_C021_Moto_Lineal_Electrica,1.0,85.22308116986943,-1.0,42.50997626347487
1,EV_B07_C021_Moto_Lineal_Electrica,0.0,85.22308116986943,-1.0,42.50997626347487
3,NONE,-1.0,-0.1,-1.0,-0.1
3,NONE,-1.0,-0.1,-1.0,-0.1
3,NONE,-1.0,-0.1,-1.0,-0.1
3,NONE,-1.0,-0.1,-1.0,-0.1
3,NONE,-1.0,-0.1,-1.0,-0.1
3,NONE,-1.0,-0.1,-1.0,-0.1
3,NONE,-1.0,-0.1,-1.0,-0.1
3,NONE,-1.0,-0.1,-1.0,-0.1
3,NONE,-1.0,-0.1,-1.0,-0.1
3,NONE,-1.0,-0.1,-1.0,-0.1
3,NONE,-1.0,-0.1,-1.0,-0.1
3,NONE,-1.0,-0.1,-1.0,-0.1
3,NONE,-1.0,-0.1,-1.0,-0.1
3,NONE,-1.0,-0.1,-1.0,-0.1
3,NONE,-1.0,-0.1,-1.0,-0.1
3,NONE,-1.0,-0.1,-1.0,-0.1
2,EV_B07_C021_Moto_Lineal_Electrica,-1.0,-0.1,8.0,14.935838745402208
1,EV_B07_C021_Moto_Lineal_Electrica,6.0,76.4837357086945,-1.0,14.935838745402208
1,EV_B07_C021_Moto_Lineal_Electrica,5.0,76.4837357086945,-1.0,14.935838745402208
1,EV_B07_C021_Moto_Lineal_Electrica,4.0,76.4837357086945,-1.0,14.935838745402208
1,EV_B07_C021_Moto_Lineal_Electrica,3.0,76.4837357086945,-1.0,14.935838745402208
1,EV_B07_C021_Moto_Lineal_Electrica,2.0,76.4837357086945,-1.0,14.935838745402208
1,EV_B07_C021_Moto_Lineal_Electrica,1.0,76.4837357086945,-1.0,14.935838745402208
1,EV_B07_C021_Moto_Lineal_Electrica,0.0,76.4837357086945,-1.0,14.935838745402208
3,NONE,-1.0,-0.1,-1.0,-0.1
3,NONE,-1.0,-0.1,-1.0,-0.1
3,NONE,-1.0,-0.1,-1.0,-0.1
3,NONE,-1.0,-0.1,-1.0,-0.1
3,NONE,-1.0,-0.1,-1.0,-0.1
3,NONE,-1.0,-0.1,-1.0,-0.1
3,NONE,-1.0,-0.1,-1.0,-0.1
3,NONE,-1.0,-0.1,-1.0,-0.1
3,NONE,-1.0,-0.1,-1.0,-0.1
3,NONE,-1.0,-0.1,-1.0,-0.1
3,NONE,-1.0,-0.1,-1.0,-0.1
3,NONE,-1.0,-0.1,-1.0,-0.1
3,NONE,-1.0,-0.1,-1.0,-0.1
3,NONE,-1.0,-0.1,-1.0,-0.1
3,NONE,-1.0,-0.1,-1.0,-0.1
3,NONE,-1.0,-0.1,-1.0,-0.1
3,NONE,-1.0,-0.1,-1.0,-0.1
3,NONE,-1.0,-0.1,-1.0,-0.1
3,NONE,-1.0,-0.1,-1.0,-0.1
3,NONE,-1.0,-0.1,-1.0,-0.1
3,NONE,-1.0,-0.1,-1.0,-0.1
3,NONE,-1.0,-0.1,-1.0,-0.1
3,NONE,-1.0,-0.1,-1.0,-0.1
3,NONE,-1.0,-0.1,-1.0,-0.1
3,NONE,-1.0,-0.1,-1.0,-0.1
3,NONE,-1.0,-0.1,-1.0,-0.1
3,NONE,-1.0,-0.1,-1.0,-0.1
3,NONE,-1.0,-0.1,-1.0,-0.1
3,NONE,-1.0,-0.1,-1.0,-0.1
3,NONE,-1.0,-0.1,-1.0,-0.1
3,NONE,-1.0,-0.1,-1.0,-0.1
3,NONE,-1.0,-0.1,-1.0,-0.1
3,NONE,-1.0,-0.1,-1.0,-0.1
3,NONE,-1.0,-0.1,-1.0,-0.1
3,NONE,-1.0,-0.1,-1.0,-0.1
3,NONE,-1.0,-0.1,-1.0,-0.1
3,NONE,-1.0,-0.1,-1.0,-0.1
3,NONE,-1.0,-0.1,-1.0,-0.1
3,NONE,-1.0,-0.1,-1.0,-0.1
3,NONE,-1.0,-0.1,-1.0,-0.1
3,NONE,-1.0,-0.1,-1.0,-0.1
3,NONE,-1.0,-0.1,-1.0,-0.1
3,NONE,-1.0,-0.1,-1.0,-0.1
3,NONE,-1.0,-0.1,-1.0,-0.1
3,NONE,-1.0,-0.1,-1.0,-0.1
3,NONE,-1.0,-0.1,-1.0,-0.1
3,NONE,-1.0,-0.1,-1.0,-0.1
3,NONE,-1.0,-0.1,-1.0,-0.1
3,NONE,-1.0,-0.1,-1.0,-0.1
3,NONE,-1.0,-0.1,-1.0,-0.1
3,NONE,-1.0,-0.1,-1.0,-0.1
3,NONE,-1.0,-0.1,-1.0,-0.1
3,NONE,-1.0,-0.1,-1.0,-0.1
3,NONE,-1.0,-0.1,-1.0,-0.1
3,NONE,-1.0,-0.1,-1.0,-0.1
3,NONE,-1.0,-0.1,-1.0,-0.1
3,NONE,-1.0,-0.1,-1.0,-0.1
3,NONE,-1.0,-0.1,-1.0,-0.1
3,NONE,-1.0,-0.1,-1.0,-0.1
3,NONE,-1.0,-0.1,-1.0,-0.1
3,NONE,-1.0,-0.1,-1.0,-0.1
3,NONE,-1.0,-0.1,-1.0,-0.1
3,NONE,-1.0,-0.1,-1.0,-0.1
3,NONE,-1.0,-0.1,-1.0,-0.1
3,NONE,-1.0,-0.1,-1.0,-0.1
3,NONE,-1.0,-0.1,-1.0,-0.1
3,NONE,-1.0,-0.1,-1.0,-0.1
3,NONE,-1.0,-0.1,-1.0,-0.1
3,NONE,-1.0,-0.1,-1.0,-0.1
3,NONE,-1.0,-0.1,-1.0,-0.1
3,NONE,-1.0,-0.1,-1.0,-0.1
3,NONE,-1.0,-0.1,-1.0,-0.1
3,NONE,-1.0,-0.1,-1.0,-0.1
3,NONE,-1.0,-0.1,-1.0,-0.1
3,NONE,-1.0,-0.1,-1.0,-0.1
3,NONE,-1.0,-0.1,-1.0,-0.1
3,NONE,-1.0,-0.1,-1.0,-0.1
3,NONE,-1.0,-0.1,-1.0,-0.1
3,NONE,-1.0,-0.1,-1.0,-0.1
3,NONE,-1.0,-0.1,-1.0,-0.1
3,NONE,-1.0,-0.1,-1.0,-0.1
3,NONE,-1.0,-0.1,-1.0,-0.1
3,NONE,-1.0,-0.1,-1.0,-0.1
3,NONE,-1.0,-0.1,-1.0,-0.1
3,NONE,-1.0,-0.1,-1.0,-0.1
3,NONE,-1.0,-0.1,-1.0,-0.1
3,NONE,-1.0,-0.1,-1.0,-0.1
2,EV_B07_C021_Moto_Lineal_Electrica,-1.0,-0.1,7.0,7.762116137261213
1,EV_B07_C021_Moto_Lineal_Electrica,7.0,78.83728021817136,-1.0,7.762116137261213
1,EV_B07_C021_Moto_Lineal_Electrica,6.0,78.83728021817136,-1.0,7.762116137261213
1,EV_B07_C021_Moto_Lineal_Electrica,5.0,78.83728021817136,-1.0,7.762116137261213
1,EV_B07_C021_Moto_Lineal_Electrica,4.0,78.83728021817136,-1.0,7.762116137261213
1,EV_B07_C021_Moto_Lineal_Electrica,3.0,78.83728021817136,-1.0,7.762116137261213
1,EV_B07_C021_Moto_Lineal_Electrica,2.0,78.83728021817136,-1.0,7.762116137261213
1,EV_B07_C021_Moto_Lineal_Electrica,1.0,78.83728021817136,-1.0,7.762116137261213
1,EV_B07_C021_Moto_Lineal_Electrica,0.0,78.83728021817136,-1.0,7.762116137261213
3,NONE,-1.0,-0.1,-1.0,-0.1
3,NONE,-1.0,-0.1,-1.0,-0.1
3,NONE,-1.0,-0.1,-1.0,-0.1
3,NONE,-1.0,-0.1,-1.0,-0.1
3,NONE,-1.0,-0.1,-1.0,-0.1
3,NONE,-1.0,-0.1,-1.0,-0.1
3,NONE,-1.0,-0.1,-1.0,-0.1
3,NONE,-1.0,-0.1,-1.0,-0.1
3,NONE,-1.0,-0.1,-1.0,-0.1
3,NONE,-1.0,-0.1,-1.0,-0.1
3,NONE,-1.0,-0.1,-1.0,-0.1
3,NONE,-1.0,-0.1,-1.0,-0.1
3,NONE,-1.0,-0.1,-1.0,-0.1
3,NONE,-1.0,-0.1,-1.0,-0.1
3,NONE,-1.0,-0.1,-1.0,-0.1
3,NONE,-1.0,-0.1,-1.0,-0.1
3,NONE,-1.0,-0.1,-1.0,-0.1
3,NONE,-1.0,-0.1,-1.0,-0.1
3,NONE,-1.0,-0.1,-1.0,-0.1
3,NONE,-1.0,-0.1,-1.0,-0.1
3,NONE,-1.0,-0.1,-1.0,-0.1
3,NONE,-1.0,-0.1,-1.0,-0.1
3,NONE,-1.0,-0.1,-1.0,-0.1
3,NONE,-1.0,-0.1,-1.0,-0.1
3,NONE,-1.0,-0.1,-1.0,-0.1
3,NONE,-1.0,-0.1,-1.0,-0.1
3,NONE,-1.0,-0.1,-1.0,-0.1
3,NONE,-1.0,-0.1,-1.0,-0.1
3,NONE,-1.0,-0.1,-1.0,-0.1
3,NONE,-1.0,-0.1,-1.0,-0.1
3,NONE,-1.0,-0.1,-1.0,-0.1
3,NONE,-1.0,-0.1,-1.0,-0.1
3,NONE,-1.0,-0.1,-1.0,-0.1
3,NONE,-1.0,-0.1,-1.0,-0.1
3,NONE,-1.0,-0.1,-1.0,-0.1
3,NONE,-1.0,-0.1,-1.0,-0.1
3,NONE,-1.0,-0.1,-1.0,-0.1
3,NONE,-1.0,-0.1,-1.0,-0.1
3,NONE,-1.0,-0.1,-1.0,-0.1
3,NONE,-1.0,-0.1,-1.0,-0.1
2,EV_B07_C021_Moto_Lineal_Electrica,-1.0,-0.1,8.0,35.094616284810705
1,EV_B07_C021_Moto_Lineal_Electrica,6.0,83.76798501340448,-1.0,35.094616284810705
1,EV_B07_C021_Moto_Lineal_Electrica,5.0,83.76798501340448,-1.0,35.094616284810705
1,EV_B07_C021_Moto_Lineal_Electrica,4.0,83.76798501340448,-1.0,35.094616284810705
1,EV_B07_C021_Moto_Lineal_Electrica,3.0,83.76798501340448,-1.0,35.094616284810705
1,EV_B07_C021_Moto_Lineal_Electrica,2.0,83.76798501340448,-1.0,35.094616284810705
1,EV_B07_C021_Moto_Lineal_Electrica,1.0,83.76798501340448,-1.0,35.094616284810705
1,EV_B07_C021_Moto_Lineal_Electrica,0.0,83.76798501340448,-1.0,35.094616284810705
3,NONE,-1.0,-0.1,-1.0,-0.1
3,NONE,-1.0,-0.1,-1.0,-0.1
3,NONE,-1.0,-0.1,-1.0,-0.1
3,NONE,-1.0,-0.1,-1.0,-0.1
3,NONE,-1.0,-0.1,-1.0,-0.1
3,NONE,-1.0,-0.1,-1.0,-0.1
3,NONE,-1.0,-0.1,-1.0,-0.1
3,NONE,-1.0,-0.1,-1.0,-0.1
3,NONE,-1.0,-0.1,-1.0,-0.1
3,NONE,-1.0,-0.1,-1.0,-0.1
3,NONE,-1.0,-0.1,-1.0,-0.1
3,NONE,-1.0,-0.1,-1.0,-0.1
3,NONE,-1.0,-0.1,-1.0,-0.1
3,NONE,-1.0,-0.1,-1.0,-0.1
3,NONE,-1.0,-0.1,-1.0,-0.1
2,EV_B07_C021_Moto_Lineal_Electrica,-1.0,-0.1,7.0,55.17862727373237
1,EV_B07_C021_Moto_Lineal_Electrica,7.0,85.07763637507995,-1.0,55.17862727373237
1,EV_B07_C021_Moto_Lineal_Electrica,6.0,85.07763637507995,-1.0,55.17862727373237
1,EV_B07_C021_Moto_Lineal_Electrica,5.0,85.07763637507995,-1.0,55.17862727373237
1,EV_B07_C021_Moto_Lineal_Electrica,4.0,85.07763637507995,-1.0,55.17862727373237
1,EV_B07_C021_Moto_Lineal_Electrica,3.0,85.07763637507995,-1.0,55.17862727373237
1,EV_B07_C021_Moto_Lineal_Electrica,2.0,85.07763637507995,-1.0,55.17862727373237
1,EV_B07_C021_Moto_Lineal_Electrica,1.0,85.07763637507995,-1.0,55.17862727373237
1,EV_B07_C021_Moto_Lineal_Electrica,0.0,85.07763637507995,-1.0,55.17862727373237
3,NONE,-1.0,-0.1,-1.0,-0.1
3,NONE,-1.0,-0.1,-1.0,-0.1
3,NONE,-1.0,-0.1,-1.0,-0.1
3,NONE,-1.0,-0.1,-1.0,-0.1
3,NONE,-1.0,-0.1,-1.0,-0.1
3,NONE,-1.0,-0.1,-1.0,-0.1
3,NONE,-1.0,-0.1,-1.0,-0.1
3,NONE,-1.0,-0.1,-1.0,-0.1
3,NONE,-1.0,-0.1,-1.0,-0.1
3,NONE,-1.0,-0.1,-1.0,-0.1
3,NONE,-1.0,-0.1,-1.0,-0.1
3,NONE,-1.0,-0.1,-1.0,-0.1
3,NONE,-1.0,-0.1,-1.0,-0.1
3,NONE,-1.0,-0.1,-1.0,-0.1
3,NONE,-1.0,-0.1,-1.0,-0.1
3,NONE,-1.0,-0.1,-1.0,-0.1
3,NONE,-1.0,-0.1,-1.0,-0.1
3,NONE,-1.0,-0.1,-1.0,-0.1
3,NONE,-1.0,-0.1,-1.0,-0.1
3,NONE,-1.0,-0.1,-1.0,-0.1
3,NONE,-1.0,-0.1,-1.0,-0.1
3,NONE,-1.0,-0.1,-1.0,-0.1
3,NONE,-1.0,-0.1,-1.0,-0.1
3,NONE,-1.0,-0.1,-1.0,-0.1
3,NONE,-1.0,-0.1,-1.0,-0.1
3,NONE,-1.0,-0.1,-1.0,-0.1
3,NONE,-1.0,-0.1,-1.0,-0.1
3,NONE,-1.0,-0.1,-1.0,-0.1
3,NONE,-1.0,-0.1,-1.0,-0.1
3,NONE,-1.0,-0.1,-1.0,-0.1
3,NONE,-1.0,-0.1,-1.0,-0.1
3,NONE,-1.0,-0.1,-1.0,-0.1
3,NONE,-1.0,-0.1,-1.0,-0.1
3,NONE,-1.0,-0.1,-1.0,-0.1
3,NONE,-1.0,-0.1,-1.0,-0.1
3,NONE,-1.0,-0.1,-1.0,-0.1
3,NONE,-1.0,-0.1,-1.0,-0.1
3,NONE,-1.0,-0.1,-1.0,-0.1
3,NONE,-1.0,-0.1,-1.0,-0.1
3,NONE,-1.0,-0.1,-1.0,-0.1
3,NONE,-1.0,-0.1,-1.0,-0.1
3,NONE,-1.0,-0.1,-1.0,-0.1
3,NONE,-1.0,-0.1,-1.0,-0.1
3,NONE,-1.0,-0.1,-1.0,-0.1
3,NONE,-1.0,-0.1,-1.0,-0.1
3,NONE,-1.0,-0.1,-1.0,-0.1
3,NONE,-1.0,-0.1,-1.0,-0.1
3,NONE,-1.0,-0.1,-1.0,-0.1
3,NONE,-1.0,-0.1,-1.0,-0.1
3,NONE,-1.0,-0.1,-1.0,-0.1
3,NONE,-1.0,-0.1,-1.0,-0.1
3,NONE,-1.0,-0.1,-1.0,-0.1
3,NONE,-1.0,-0.1,-1.0,-0.1
3,NONE,-1.0,-0.1,-1.0,-0.1
3,NONE,-1.0,-0.1,-1.0,-0.1
3,NONE,-1.0,-0.1,-1.0,-0.1
3,NONE,-1.0,-0.1,-1.0,-0.1
3,NONE,-1.0,-0.1,-1.0,-0.1
3,NONE,-1.0,-0.1,-1.0,-0.1
3,NONE,-1.0,-0.1,-1.0,-0.1
3,NONE,-1.0,-0.1,-1.0,-0.1
3,NONE,-1.0,-0.1,-1.0,-0.1
3,NONE,-1.0,-0.1,-1.0,-0.1
2,EV_B07_C021_Moto_Lineal_Electrica,-1.0,-0.1,7.0,5.089619798725096
1,EV_B07_C021_Moto_Lineal_Electrica,7.0,84.06984989035587,-1.0,5.089619798725096
1,EV_B07_C021_Moto_Lineal_Electrica,6.0,84.06984989035587,-1.0,5.089619798725096
1,EV_B07_C021_Moto_Lineal_Electrica,5.0,84.06984989035587,-1.0,5.089619798725096
1,EV_B07_C021_Moto_Lineal_Electrica,4.0,84.06984989035587,-1.0,5.089619798725096
1,EV_B07_C021_Moto_Lineal_Electrica,3.0,84.06984989035587,-1.0,5.089619798725096
1,EV_B07_C021_Moto_Lineal_Electrica,2.0,84.06984989035587,-1.0,5.089619798725096
1,EV_B07_C021_Moto_Lineal_Electrica,1.0,84.06984989035587,-1.0,5.089619798725096
1,EV_B07_C021_Moto_Lineal_Electrica,0.0,84.06984989035587,-1.0,5.089619798725096
3,NONE,-1.0,-0.1,-1.0,-0.1
3,NONE,-1.0,-0.1,-1.0,-0.1
3,NONE,-1.0,-0.1,-1.0,-0.1
3,NONE,-1.0,-0.1,-1.0,-0.1
3,NONE,-1.0,-0.1,-1.0,-0.1
3,NONE,-1.0,-0.1,-1.0,-0.1
3,NONE,-1.0,-0.1,-1.0,-0.1
3,NONE,-1.0,-0.1,-1.0,-0.1
3,NONE,-1.0,-0.1,-1.0,-0.1
3,NONE,-1.0,-0.1,-1.0,-0.1
3,NONE,-1.0,-0.1,-1.0,-0.1
3,NONE,-1.0,-0.1,-1.0,-0.1
3,NONE,-1.0,-0.1,-1.0,-0.1
3,NONE,-1.0,-0.1,-1.0,-0.1
3,NONE,-1.0,-0.1,-1.0,-0.1
2,EV_B07_C021_Moto_Lineal_Electrica,-1.0,-0.1,7.0,40.282856890621076
1,EV_B07_C021_Moto_Lineal_Electrica,7.0,77.30792821297483,-1.0,40.282856890621076
1,EV_B07_C021_Moto_Lineal_Electrica,6.0,77.30792821297483,-1.0,40.282856890621076
1,EV_B07_C021_Moto_Lineal_Electrica,5.0,77.30792821297483,-1.0,40.282856890621076
1,EV_B07_C021_Moto_Lineal_Electrica,4.0,77.30792821297483,-1.0,40.282856890621076
1,EV_B07_C021_Moto_Lineal_Electrica,3.0,77.30792821297483,-1.0,40.282856890621076
1,EV_B07_C021_Moto_Lineal_Electrica,2.0,77.30792821297483,-1.0,40.282856890621076
1,EV_B07_C021_Moto_Lineal_Electrica,1.0,77.30792821297483,-1.0,40.282856890621076
1,EV_B07_C021_Moto_Lineal_Electrica,0.0,77.30792821297483,-1.0,40.282856890621076
3,NONE,-1.0,-0.1,-1.0,-0.1
3,NONE,-1.0,-0.1,-1.0,-0.1
3,NONE,-1.0,-0.1,-1.0,-0.1
3,NONE,-1.0,-0.1,-1.0,-0.1
3,NONE,-1.0,-0.1,-1.0,-0.1
3,NONE,-1.0,-0.1,-1.0,-0.1
3,NONE,-1.0,-0.1,-1.0,-0.1
3,NONE,-1.0,-0.1,-1.0,-0.1
3,NONE,-1.0,-0.1,-1.0,-0.1
3,NONE,-1.0,-0.1,-1.0,-0.1
3,NONE,-1.0,-0.1,-1.0,-0.1
3,NONE,-1.0,-0.1,-1.0,-0.1
3,NONE,-1.0,-0.1,-1.0,-0.1
3,NONE,-1.0,-0.1,-1.0,-0.1
3,NONE,-1.0,-0.1,-1.0,-0.1
2,EV_B07_C021_Moto_Lineal_Electrica,-1.0,-0.1,7.0,23.878724545139942
1,EV_B07_C021_Moto_Lineal_Electrica,7.0,75.96545187555415,-1.0,23.878724545139942
1,EV_B07_C021_Moto_Lineal_Electrica,6.0,75.96545187555415,-1.0,23.878724545139942
1,EV_B07_C021_Moto_Lineal_Electrica,5.0,75.96545187555415,-1.0,23.878724545139942
1,EV_B07_C021_Moto_Lineal_Electrica,4.0,75.96545187555415,-1.0,23.878724545139942
1,EV_B07_C021_Moto_Lineal_Electrica,3.0,75.96545187555415,-1.0,23.878724545139942
1,EV_B07_C021_Moto_Lineal_Electrica,2.0,75.96545187555415,-1.0,23.878724545139942
1,EV_B07_C021_Moto_Lineal_Electrica,1.0,75.96545187555415,-1.0,23.878724545139942
1,EV_B07_C021_Moto_Lineal_Electrica,0.0,75.96545187555415,-1.0,23.878724545139942
3,NONE,-1.0,-0.1,-1.0,-0.1
3,NONE,-1.0,-0.1,-1.0,-0.1
3,NONE,-1.0,-0.1,-1.0,-0.1
3,NONE,-1.0,-0.1,-1.0,-0.1
3,NONE,-1.0,-0.1,-1.0,-0.1
3,NONE,-1.0,-0.1,-1.0,-0.1
3,NONE,-1.0,-0.1,-1.0,-0.1
3,NONE,-1.0,-0.1,-1.0,-0.1
3,NONE,-1.0,-0.1,-1.0,-0.1
3,NONE,-1.0,-0.1,-1.0,-0.1
3,NONE,-1.0,-0.1,-1.0,-0.1
3,NONE,-1.0,-0.1,-1.0,-0.1
3,NONE,-1.0,-0.1,-1.0,-0.1
3,NONE,-1.0,-0.1,-1.0,-0.1
3,NONE,-1.0,-0.1,-1.0,-0.1
2,EV_B07_C021_Moto_Lineal_Electrica,-1.0,-0.1,7.0,19.683374562131426
1,EV_B07_C021_Moto_Lineal_Electrica,7.0,98.2832305303354,-1.0,19.683374562131426
1,EV_B07_C021_Moto_Lineal_Electrica,6.0,98.2832305303354,-1.0,19.683374562131426
1,EV_B07_C021_Moto_Lineal_Electrica,5.0,98.2832305303354,-1.0,19.683374562131426
1,EV_B07_C021_Moto_Lineal_Electrica,4.0,98.2832305303354,-1.0,19.683374562131426
1,EV_B07_C021_Moto_Lineal_Electrica,3.0,98.2832305303354,-1.0,19.683374562131426
1,EV_B07_C021_Moto_Lineal_Electrica,2.0,98.2832305303354,-1.0,19.683374562131426
1,EV_B07_C021_Moto_Lineal_Electrica,1.0,98.2832305303354,-1.0,19.683374562131426
1,EV_B07_C021_Moto_Lineal_Electrica,0.0,98.2832305303354,-1.0,19.683374562131426
3,NONE,-1.0,-0.1,-1.0,-0.1
3,NONE,-1.0,-0.1,-1.0,-0.1
3,NONE,-1.0,-0.1,-1.0,-0.1
3,NONE,-1.0,-0.1,-1.0,-0.1
3,NONE,-1.0,-0.1,-1.0,-0.1
3,NONE,-1.0,-0.1,-1.0,-0.1
3,NONE,-1.0,-0.1,-1.0,-0.1
3,NONE,-1.0,-0.1,-1.0,-0.1
3,NONE,-1.0,-0.1,-1.0,-0.1
3,NONE,-1.0,-0.1,-1.0,-0.1
3,NONE,-1.0,-0.1,-1.0,-0.1
3,NONE,-1.0,-0.1,-1.0,-0.1
3,NONE,-1.0,-0.1,-1.0,-0.1
3,NONE,-1.0,-0.1,-1.0,-0.1
3,NONE,-1.0,-0.1,-1.0,-0.1
3,NONE,-1.0,-0.1,-1.0,-0.1
3,NONE,-1.0,-0.1,-1.0,-0.1
3,NONE,-1.0,-0.1,-1.0,-0.1
3,NONE,-1.0,-0.1,-1.0,-0.1
3,NONE,-1.0,-0.1,-1.0,-0.1
3,NONE,-1.0,-0.1,-1.0,-0.1
3,NONE,-1.0,-0.1,-1.0,-0.1
3,NONE,-1.0,-0.1,-1.0,-0.1
3,NONE,-1.0,-0.1,-1.0,-0.1
3,NONE,-1.0,-0.1,-1.0,-0.1
3,NONE,-1.0,-0.1,-1.0,-0.1
3,NONE,-1.0,-0.1,-1.0,-0.1
3,NONE,-1.0,-0.1,-1.0,-0.1
3,NONE,-1.0,-0.1,-1.0,-0.1
3,NONE,-1.0,-0.1,-1.0,-0.1
3,NONE,-1.0,-0.1,-1.0,-0.1
3,NONE,-1.0,-0.1,-1.0,-0.1
3,NONE,-1.0,-0.1,-1.0,-0.1
3,NONE,-1.0,-0.1,-1.0,-0.1
3,NONE,-1.0,-0.1,-1.0,-0.1
3,NONE,-1.0,-0.1,-1.0,-0.1
3,NONE,-1.0,-0.1,-1.0,-0.1
3,NONE,-1.0,-0.1,-1.0,-0.1
3,NONE,-1.0,-0.1,-1.0,-0.1
3,NONE,-1.0,-0.1,-1.0,-0.1
3,NONE,-1.0,-0.1,-1.0,-0.1
3,NONE,-1.0,-0.1,-1.0,-0.1
3,NONE,-1.0,-0.1,-1.0,-0.1
3,NONE,-1.0,-0.1,-1.0,-0.1
3,NONE,-1.0,-0.1,-1.0,-0.1
3,NONE,-1.0,-0.1,-1.0,-0.1
3,NONE,-1.0,-0.1,-1.0,-0.1
3,NONE,-1.0,-0.1,-1.0,-0.1
3,NONE,-1.0,-0.1,-1.0,-0.1
3,NONE,-1.0,-0.1,-1.0,-0.1
3,NONE,-1.0,-0.1,-1.0,-0.1
3,NONE,-1.0,-0.1,-1.0,-0.1
3,NONE,-1.0,-0.1,-1.0,-0.1
3,NONE,-1.0,-0.1,-1.0,-0.1
3,NONE,-1.0,-0.1,-1.0,-0.1
3,NONE,-1.0,-0.1,-1.0,-0.1
3,NONE,-1.0,-0.1,-1.0,-0.1
3,NONE,-1.0,-0.1,-1.0,-0.1
3,NONE,-1.0,-0.1,-1.0,-0.1
3,NONE,-1.0,-0.1,-1.0,-0.1
3,NONE,-1.0,-0.1,-1.0,-0.1
3,NONE,-1.0,-0.1,-1.0,-0.1
3,NONE,-1.0,-0.1,-1.0,-0.1
3,NONE,-1.0,-0.1,-1.0,-0.1
3,NONE,-1.0,-0.1,-1.0,-0.1
3,NONE,-1.0,-0.1,-1.0,-0.1
3,NONE,-1.0,-0.1,-1.0,-0.1
3,NONE,-1.0,-0.1,-1.0,-0.1
3,NONE,-1.0,-0.1,-1.0,-0.1
3,NONE,-1.0,-0.1,-1.0,-0.1
3,NONE,-1.0,-0.1,-1.0,-0.1
3,NONE,-1.0,-0.1,-1.0,-0.1
3,NONE,-1.0,-0.1,-1.0,-0.1
3,NONE,-1.0,-0.1,-1.0,-0.1
3,NONE,-1.0,-0.1,-1.0,-0.1
3,NONE,-1.0,-0.1,-1.0,-0.1
3,NONE,-1.0,-0.1,-1.0,-0.1
3,NONE,-1.0,-0.1,-1.0,-0.1
3,NONE,-1.0,-0.1,-1.0,-0.1
3,NONE,-1.0,-0.1,-1.0,-0.1
3,NONE,-1.0,-0.1,-1.0,-0.1
3,NONE,-1.0,-0.1,-1.0,-0.1
3,NONE,-1.0,-0.1,-1.0,-0.1
3,NONE,-1.0,-0.1,-1.0,-0.1
3,NONE,-1.0,-0.1,-1.0,-0.1
3,NONE,-1.0,-0.1,-1.0,-0.1
3,NONE,-1.0,-0.1,-1.0,-0.1
3,NONE,-1.0,-0.1,-1.0,-0.1
2,EV_B07_C021_Moto_Lineal_Electrica,-1.0,-0.1,8.0,24.83651511104288
1,EV_B07_C021_Moto_Lineal_Electrica,6.0,86.9317051573991,-1.0,24.83651511104288
1,EV_B07_C021_Moto_Lineal_Electrica,5.0,86.9317051573991,-1.0,24.83651511104288
1,EV_B07_C021_Moto_Lineal_Electrica,4.0,86.9317051573991,-1.0,24.83651511104288
1,EV_B07_C021_Moto_Lineal_Electrica,3.0,86.9317051573991,-1.0,24.83651511104288
1,EV_B07_C021_Moto_Lineal_Electrica,2.0,86.9317051573991,-1.0,24.83651511104288
1,EV_B07_C021_Moto_Lineal_Electrica,1.0,86.9317051573991,-1.0,24.83651511104288
1,EV_B07_C021_Moto_Lineal_Electrica,0.0,86.9317051573991,-1.0,24.83651511104288
3,NONE,-1.0,-0.1,-1.0,-0.1
3,NONE,-1.0,-0.1,-1.0,-0.1
3,NONE,-1.0,-0.1,-1.0,-0.1
3,NONE,-1.0,-0.1,-1.0,-0.1
3,NONE,-1.0,-0.1,-1.0,-0.1
3,NONE,-1.0,-0.1,-1.0,-0.1
3,NONE,-1.0,-0.1,-1.0,-0.1
3,NONE,-1.0,-0.1,-1.0,-0.1
3,NONE,-1.0,-0.1,-1.0,-0.1
3,NONE,-1.0,-0.1,-1.0,-0.1
3,NONE,-1.0,-0.1,-1.0,-0.1
3,NONE,-1.0,-0.1,-1.0,-0.1
3,NONE,-1.0,-0.1,-1.0,-0.1
3,NONE,-1.0,-0.1,-1.0,-0.1
3,NONE,-1.0,-0.1,-1.0,-0.1
3,NONE,-1.0,-0.1,-1.0,-0.1
3,NONE,-1.0,-0.1,-1.0,-0.1
3,NONE,-1.0,-0.1,-1.0,-0.1
3,NONE,-1.0,-0.1,-1.0,-0.1
3,NONE,-1.0,-0.1,-1.0,-0.1
3,NONE,-1.0,-0.1,-1.0,-0.1
3,NONE,-1.0,-0.1,-1.0,-0.1
3,NONE,-1.0,-0.1,-1.0,-0.1
3,NONE,-1.0,-0.1,-1.0,-0.1
3,NONE,-1.0,-0.1,-1.0,-0.1
3,NONE,-1.0,-0.1,-1.0,-0.1
3,NONE,-1.0,-0.1,-1.0,-0.1
3,NONE,-1.0,-0.1,-1.0,-0.1
3,NONE,-1.0,-0.1,-1.0,-0.1
3,NONE,-1.0,-0.1,-1.0,-0.1
3,NONE,-1.0,-0.1,-1.0,-0.1
3,NONE,-1.0,-0.1,-1.0,-0.1
3,NONE,-1.0,-0.1,-1.0,-0.1
3,NONE,-1.0,-0.1,-1.0,-0.1
3,NONE,-1.0,-0.1,-1.0,-0.1
3,NONE,-1.0,-0.1,-1.0,-0.1
3,NONE,-1.0,-0.1,-1.0,-0.1
3,NONE,-1.0,-0.1,-1.0,-0.1
3,NONE,-1.0,-0.1,-1.0,-0.1
3,NONE,-1.0,-0.1,-1.0,-0.1
2,EV_B07_C021_Moto_Lineal_Electrica,-1.0,-0.1,8.0,58.20196313194442
1,EV_B07_C021_Moto_Lineal_Electrica,6.0,85.52196232832931,-1.0,58.20196313194442
1,EV_B07_C021_Moto_Lineal_Electrica,5.0,85.52196232832931,-1.0,58.20196313194442
1,EV_B07_C021_Moto_Lineal_Electrica,4.0,85.52196232832931,-1.0,58.20196313194442
1,EV_B07_C021_Moto_Lineal_Electrica,3.0,85.52196232832931,-1.0,58.20196313194442
1,EV_B07_C021_Moto_Lineal_Electrica,2.0,85.52196232832931,-1.0,58.20196313194442
1,EV_B07_C021_Moto_Lineal_Electrica,1.0,85.52196232832931,-1.0,58.20196313194442
1,EV_B07_C021_Moto_Lineal_Electrica,0.0,85.52196232832931,-1.0,58.20196313194442
3,NONE,-1.0,-0.1,-1.0,-0.1
3,NONE,-1.0,-0.1,-1.0,-0.1
3,NONE,-1.0,-0.1,-1.0,-0.1
3,NONE,-1.0,-0.1,-1.0,-0.1
3,NONE,-1.0,-0.1,-1.0,-0.1
3,NONE,-1.0,-0.1,-1.0,-0.1
3,NONE,-1.0,-0.1,-1.0,-0.1
3,NONE,-1.0,-0.1,-1.0,-0.1
3,NONE,-1.0,-0.1,-1.0,-0.1
3,NONE,-1.0,-0.1,-1.0,-0.1
3,NONE,-1.0,-0.1,-1.0,-0.1
3,NONE,-1.0,-0.1,-1.0,-0.1
3,NONE,-1.0,-0.1,-1.0,-0.1
3,NONE,-1.0,-0.1,-1.0,-0.1
3,NONE,-1.0,-0.1,-1.0,-0.1
3,NONE,-1.0,-0.1,-1.0,-0.1
3,NONE,-1.0,-0.1,-1.0,-0.1
3,NONE,-1.0,-0.1,-1.0,-0.1
3,NONE,-1.0,-0.1,-1.0,-0.1
3,NONE,-1.0,-0.1,-1.0,-0.1
3,NONE,-1.0,-0.1,-1.0,-0.1
3,NONE,-1.0,-0.1,-1.0,-0.1
3,NONE,-1.0,-0.1,-1.0,-0.1
3,NONE,-1.0,-0.1,-1.0,-0.1
3,NONE,-1.0,-0.1,-1.0,-0.1
3,NONE,-1.0,-0.1,-1.0,-0.1
3,NONE,-1.0,-0.1,-1.0,-0.1
3,NONE,-1.0,-0.1,-1.0,-0.1
3,NONE,-1.0,-0.1,-1.0,-0.1
3,NONE,-1.0,-0.1,-1.0,-0.1
3,NONE,-1.0,-0.1,-1.0,-0.1
3,NONE,-1.0,-0.1,-1.0,-0.1
3,NONE,-1.0,-0.1,-1.0,-0.1
3,NONE,-1.0,-0.1,-1.0,-0.1
3,NONE,-1.0,-0.1,-1.0,-0.1
3,NONE,-1.0,-0.1,-1.0,-0.1
3,NONE,-1.0,-0.1,-1.0,-0.1
3,NONE,-1.0,-0.1,-1.0,-0.1
3,NONE,-1.0,-0.1,-1.0,-0.1
2,EV_B07_C021_Moto_Lineal_Electrica,-1.0,-0.1,7.0,38.0268850479939
1,EV_B07_C021_Moto_Lineal_Electrica,7.0,78.62482780482296,-1.0,38.0268850479939
1,EV_B07_C021_Moto_Lineal_Electrica,6.0,78.62482780482296,-1.0,38.0268850479939
1,EV_B07_C021_Moto_Lineal_Electrica,5.0,78.62482780482296,-1.0,38.0268850479939
1,EV_B07_C021_Moto_Lineal_Electrica,4.0,78.62482780482296,-1.0,38.0268850479939
1,EV_B07_C021_Moto_Lineal_Electrica,3.0,78.62482780482296,-1.0,38.0268850479939
1,EV_B07_C021_Moto_Lineal_Electrica,2.0,78.62482780482296,-1.0,38.0268850479939
1,EV_B07_C021_Moto_Lineal_Electrica,1.0,78.62482780482296,-1.0,38.0268850479939
1,EV_B07_C021_Moto_Lineal_Electrica,0.0,78.62482780482296,-1.0,38.0268850479939
3,NONE,-1.0,-0.1,-1.0,-0.1
3,NONE,-1.0,-0.1,-1.0,-0.1
3,NONE,-1.0,-0.1,-1.0,-0.1
3,NONE,-1.0,-0.1,-1.0,-0.1
3,NONE,-1.0,-0.1,-1.0,-0.1
3,NONE,-1.0,-0.1,-1.0,-0.1
3,NONE,-1.0,-0.1,-1.0,-0.1
3,NONE,-1.0,-0.1,-1.0,-0.1
3,NONE,-1.0,-0.1,-1.0,-0.1
3,NONE,-1.0,-0.1,-1.0,-0.1
3,NONE,-1.0,-0.1,-1.0,-0.1
3,NONE,-1.0,-0.1,-1.0,-0.1
3,NONE,-1.0,-0.1,-1.0,-0.1
3,NONE,-1.0,-0.1,-1.0,-0.1
3,NONE,-1.0,-0.1,-1.0,-0.1
3,NONE,-1.0,-0.1,-1.0,-0.1
3,NONE,-1.0,-0.1,-1.0,-0.1
3,NONE,-1.0,-0.1,-1.0,-0.1
3,NONE,-1.0,-0.1,-1.0,-0.1
3,NONE,-1.0,-0.1,-1.0,-0.1
3,NONE,-1.0,-0.1,-1.0,-0.1
3,NONE,-1.0,-0.1,-1.0,-0.1
3,NONE,-1.0,-0.1,-1.0,-0.1
3,NONE,-1.0,-0.1,-1.0,-0.1
3,NONE,-1.0,-0.1,-1.0,-0.1
3,NONE,-1.0,-0.1,-1.0,-0.1
3,NONE,-1.0,-0.1,-1.0,-0.1
3,NONE,-1.0,-0.1,-1.0,-0.1
3,NONE,-1.0,-0.1,-1.0,-0.1
3,NONE,-1.0,-0.1,-1.0,-0.1
3,NONE,-1.0,-0.1,-1.0,-0.1
3,NONE,-1.0,-0.1,-1.0,-0.1
3,NONE,-1.0,-0.1,-1.0,-0.1
3,NONE,-1.0,-0.1,-1.0,-0.1
3,NONE,-1.0,-0.1,-1.0,-0.1
3,NONE,-1.0,-0.1,-1.0,-0.1
3,NONE,-1.0,-0.1,-1.0,-0.1
3,NONE,-1.0,-0.1,-1.0,-0.1
3,NONE,-1.0,-0.1,-1.0,-0.1
3,NONE,-1.0,-0.1,-1.0,-0.1
3,NONE,-1.0,-0.1,-1.0,-0.1
3,NONE,-1.0,-0.1,-1.0,-0.1
3,NONE,-1.0,-0.1,-1.0,-0.1
3,NONE,-1.0,-0.1,-1.0,-0.1
3,NONE,-1.0,-0.1,-1.0,-0.1
3,NONE,-1.0,-0.1,-1.0,-0.1
3,NONE,-1.0,-0.1,-1.0,-0.1
3,NONE,-1.0,-0.1,-1.0,-0.1
3,NONE,-1.0,-0.1,-1.0,-0.1
3,NONE,-1.0,-0.1,-1.0,-0.1
3,NONE,-1.0,-0.1,-1.0,-0.1
3,NONE,-1.0,-0.1,-1.0,-0.1
3,NONE,-1.0,-0.1,-1.0,-0.1
3,NONE,-1.0,-0.1,-1.0,-0.1
3,NONE,-1.0,-0.1,-1.0,-0.1
3,NONE,-1.0,-0.1,-1.0,-0.1
3,NONE,-1.0,-0.1,-1.0,-0.1
3,NONE,-1.0,-0.1,-1.0,-0.1
3,NONE,-1.0,-0.1,-1.0,-0.1
3,NONE,-1.0,-0.1,-1.0,-0.1
3,NONE,-1.0,-0.1,-1.0,-0.1
3,NONE,-1.0,-0.1,-1.0,-0.1
3,NONE,-1.0,-0.1,-1.0,-0.1
3,NONE,-1.0,-0.1,-1.0,-0.1
3,NONE,-1.0,-0.1,-1.0,-0.1
3,NONE,-1.0,-0.1,-1.0,-0.1
3,NONE,-1.0,-0.1,-1.0,-0.1
3,NONE,-1.0,-0.1,-1.0,-0.1
3,NONE,-1.0,-0.1,-1.0,-0.1
3,NONE,-1.0,-0.1,-1.0,-0.1
3,NONE,-1.0,-0.1,-1.0,-0.1
3,NONE,-1.0,-0.1,-1.0,-0.1
3,NONE,-1.0,-0.1,-1.0,-0.1
3,NONE,-1.0,-0.1,-1.0,-0.1
3,NONE,-1.0,-0.1,-1.0,-0.1
3,NONE,-1.0,-0.1,-1.0,-0.1
3,NONE,-1.0,-0.1,-1.0,-0.1
3,NONE,-1.0,-0.1,-1.0,-0.1
3,NONE,-1.0,-0.1,-1.0,-0.1
3,NONE,-1.0,-0.1,-1.0,-0.1
3,NONE,-1.0,-0.1,-1.0,-0.1
3,NONE,-1.0,-0.1,-1.0,-0.1
3,NONE,-1.0,-0.1,-1.0,-0.1
3,NONE,-1.0,-0.1,-1.0,-0.1
3,NONE,-1.0,-0.1,-1.0,-0.1
3,NONE,-1.0,-0.1,-1.0,-0.1
3,NONE,-1.0,-0.1,-1.0,-0.1
3,NONE,-1.0,-0.1,-1.0,-0.1
3,NONE,-1.0,-0.1,-1.0,-0.1
3,NONE,-1.0,-0.1,-1.0,-0.1
3,NONE,-1.0,-0.1,-1.0,-0.1
3,NONE,-1.0,-0.1,-1.0,-0.1
3,NONE,-1.0,-0.1,-1.0,-0.1
3,NONE,-1.0,-0.1,-1.0,-0.1
3,NONE,-1.0,-0.1,-1.0,-0.1
3,NONE,-1.0,-0.1,-1.0,-0.1
3,NONE,-1.0,-0.1,-1.0,-0.1
3,NONE,-1.0,-0.1,-1.0,-0.1
3,NONE,-1.0,-0.1,-1.0,-0.1
3,NONE,-1.0,-0.1,-1.0,-0.1
3,NONE,-1.0,-0.1,-1.0,-0.1
3,NONE,-1.0,-0.1,-1.0,-0.1
3,NONE,-1.0,-0.1,-1.0,-0.1
3,NONE,-1.0,-0.1,-1.0,-0.1
3,NONE,-1.0,-0.1,-1.0,-0.1
3,NONE,-1.0,-0.1,-1.0,-0.1
3,NONE,-1.0,-0.1,-1.0,-0.1
3,NONE,-1.0,-0.1,-1.0,-0.1
3,NONE,-1.0,-0.1,-1.0,-0.1
3,NONE,-1.0,-0.1,-1.0,-0.1
3,NONE,-1.0,-0.1,-1.0,-0.1
3,NONE,-1.0,-0.1,-1.0,-0.1
2,EV_B07_C021_Moto_Lineal_Electrica,-1.0,-0.1,8.0,17.160134658997197
1,EV_B07_C021_Moto_Lineal_Electrica,6.0,82.0037900722763,-1.0,17.160134658997197
1,EV_B07_C021_Moto_Lineal_Electrica,5.0,82.0037900722763,-1.0,17.160134658997197
1,EV_B07_C021_Moto_Lineal_Electrica,4.0,82.0037900722763,-1.0,17.160134658997197
1,EV_B07_C021_Moto_Lineal_Electrica,3.0,82.0037900722763,-1.0,17.160134658997197
1,EV_B07_C021_Moto_Lineal_Electrica,2.0,82.0037900722763,-1.0,17.160134658997197
1,EV_B07_C021_Moto_Lineal_Electrica,1.0,82.0037900722763,-1.0,17.160134658997197
1,EV_B07_C021_Moto_Lineal_Electrica,0.0,82.0037900722763,-1.0,17.160134658997197
3,NONE,-1.0,-0.1,-1.0,-0.1
3,NONE,-1.0,-0.1,-1.0,-0.1
3,NONE,-1.0,-0.1,-1.0,-0.1
3,NONE,-1.0,-0.1,-1.0,-0.1
3,NONE,-1.0,-0.1,-1.0,-0.1
3,NONE,-1.0,-0.1,-1.0,-0.1
3,NONE,-1.0,-0.1,-1.0,-0.1
3,NONE,-1.0,-0.1,-1.0,-0.1
3,NONE,-1.0,-0.1,-1.0,-0.1
3,NONE,-1.0,-0.1,-1.0,-0.1
3,NONE,-1.0,-0.1,-1.0,-0.1
3,NONE,-1.0,-0.1,-1.0,-0.1
3,NONE,-1.0,-0.1,-1.0,-0.1
3,NONE,-1.0,-0.1,-1.0,-0.1
3,NONE,-1.0,-0.1,-1.0,-0.1
3,NONE,-1.0,-0.1,-1.0,-0.1
2,EV_B07_C021_Moto_Lineal_Electrica,-1.0,-0.1,8.0,50.42473691618867
1,EV_B07_C021_Moto_Lineal_Electrica,6.0,78.22058374609514,-1.0,50.42473691618867
1,EV_B07_C021_Moto_Lineal_Electrica,5.0,78.22058374609514,-1.0,50.42473691618867
1,EV_B07_C021_Moto_Lineal_Electrica,4.0,78.22058374609514,-1.0,50.42473691618867
1,EV_B07_C021_Moto_Lineal_Electrica,3.0,78.22058374609514,-1.0,50.42473691618867
1,EV_B07_C021_Moto_Lineal_Electrica,2.0,78.22058374609514,-1.0,50.42473691618867
1,EV_B07_C021_Moto_Lineal_Electrica,1.0,78.22058374609514,-1.0,50.42473691618867
1,EV_B07_C021_Moto_Lineal_Electrica,0.0,78.22058374609514,-1.0,50.42473691618867
3,NONE,-1.0,-0.1,-1.0,-0.1
3,NONE,-1.0,-0.1,-1.0,-0.1
3,NONE,-1.0,-0.1,-1.0,-0.1
3,NONE,-1.0,-0.1,-1.0,-0.1
3,NONE,-1.0,-0.1,-1.0,-0.1
3,NONE,-1.0,-0.1,-1.0,-0.1
3,NONE,-1.0,-0.1,-1.0,-0.1
3,NONE,-1.0,-0.1,-1.0,-0.1
3,NONE,-1.0,-0.1,-1.0,-0.1
3,NONE,-1.0,-0.1,-1.0,-0.1
3,NONE,-1.0,-0.1,-1.0,-0.1
3,NONE,-1.0,-0.1,-1.0,-0.1
3,NONE,-1.0,-0.1,-1.0,-0.1
3,NONE,-1.0,-0.1,-1.0,-0.1
3,NONE,-1.0,-0.1,-1.0,-0.1
2,EV_B07_C021_Moto_Lineal_Electrica,-1.0,-0.1,7.0,35.187302563947625
1,EV_B07_C021_Moto_Lineal_Electrica,7.0,79.1891482846844,-1.0,35.187302563947625
1,EV_B07_C021_Moto_Lineal_Electrica,6.0,79.1891482846844,-1.0,35.187302563947625
1,EV_B07_C021_Moto_Lineal_Electrica,5.0,79.1891482846844,-1.0,35.187302563947625
1,EV_B07_C021_Moto_Lineal_Electrica,4.0,79.1891482846844,-1.0,35.187302563947625
1,EV_B07_C021_Moto_Lineal_Electrica,3.0,79.1891482846844,-1.0,35.187302563947625
1,EV_B07_C021_Moto_Lineal_Electrica,2.0,79.1891482846844,-1.0,35.187302563947625
1,EV_B07_C021_Moto_Lineal_Electrica,1.0,79.1891482846844,-1.0,35.187302563947625
1,EV_B07_C021_Moto_Lineal_Electrica,0.0,79.1891482846844,-1.0,35.187302563947625
3,NONE,-1.0,-0.1,-1.0,-0.1
3,NONE,-1.0,-0.1,-1.0,-0.1
3,NONE,-1.0,-0.1,-1.0,-0.1
3,NONE,-1.0,-0.1,-1.0,-0.1
3,NONE,-1.0,-0.1,-1.0,-0.1
3,NONE,-1.0,-0.1,-1.0,-0.1
3,NONE,-1.0,-0.1,-1.0,-0.1
3,NONE,-1.0,-0.1,-1.0,-0.1
3,NONE,-1.0,-0.1,-1.0,-0.1
3,NONE,-1.0,-0.1,-1.0,-0.1
3,NONE,-1.0,-0.1,-1.0,-0.1
3,NONE,-1.0,-0.1,-1.0,-0.1
3,NONE,-1.0,-0.1,-1.0,-0.1
3,NONE,-1.0,-0.1,-1.0,-0.1
3,NONE,-1.0,-0.1,-1.0,-0.1
3,NONE,-1.0,-0.1,-1.0,-0.1
3,NONE,-1.0,-0.1,-1.0,-0.1
3,NONE,-1.0,-0.1,-1.0,-0.1
3,NONE,-1.0,-0.1,-1.0,-0.1
3,NONE,-1.0,-0.1,-1.0,-0.1
3,NONE,-1.0,-0.1,-1.0,-0.1
3,NONE,-1.0,-0.1,-1.0,-0.1
3,NONE,-1.0,-0.1,-1.0,-0.1
3,NONE,-1.0,-0.1,-1.0,-0.1
3,NONE,-1.0,-0.1,-1.0,-0.1
3,NONE,-1.0,-0.1,-1.0,-0.1
3,NONE,-1.0,-0.1,-1.0,-0.1
3,NONE,-1.0,-0.1,-1.0,-0.1
3,NONE,-1.0,-0.1,-1.0,-0.1
3,NONE,-1.0,-0.1,-1.0,-0.1
3,NONE,-1.0,-0.1,-1.0,-0.1
3,NONE,-1.0,-0.1,-1.0,-0.1
3,NONE,-1.0,-0.1,-1.0,-0.1
3,NONE,-1.0,-0.1,-1.0,-0.1
3,NONE,-1.0,-0.1,-1.0,-0.1
3,NONE,-1.0,-0.1,-1.0,-0.1
3,NONE,-1.0,-0.1,-1.0,-0.1
3,NONE,-1.0,-0.1,-1.0,-0.1
3,NONE,-1.0,-0.1,-1.0,-0.1
3,NONE,-1.0,-0.1,-1.0,-0.1
3,NONE,-1.0,-0.1,-1.0,-0.1
3,NONE,-1.0,-0.1,-1.0,-0.1
3,NONE,-1.0,-0.1,-1.0,-0.1
3,NONE,-1.0,-0.1,-1.0,-0.1
3,NONE,-1.0,-0.1,-1.0,-0.1
3,NONE,-1.0,-0.1,-1.0,-0.1
3,NONE,-1.0,-0.1,-1.0,-0.1
3,NONE,-1.0,-0.1,-1.0,-0.1
3,NONE,-1.0,-0.1,-1.0,-0.1
3,NONE,-1.0,-0.1,-1.0,-0.1
3,NONE,-1.0,-0.1,-1.0,-0.1
3,NONE,-1.0,-0.1,-1.0,-0.1
3,NONE,-1.0,-0.1,-1.0,-0.1
3,NONE,-1.0,-0.1,-1.0,-0.1
3,NONE,-1.0,-0.1,-1.0,-0.1
3,NONE,-1.0,-0.1,-1.0,-0.1
3,NONE,-1.0,-0.1,-1.0,-0.1
3,NONE,-1.0,-0.1,-1.0,-0.1
3,NONE,-1.0,-0.1,-1.0,-0.1
3,NONE,-1.0,-0.1,-1.0,-0.1
3,NONE,-1.0,-0.1,-1.0,-0.1
3,NONE,-1.0,-0.1,-1.0,-0.1
3,NONE,-1.0,-0.1,-1.0,-0.1
3,NONE,-1.0,-0.1,-1.0,-0.1
3,NONE,-1.0,-0.1,-1.0,-0.1
3,NONE,-1.0,-0.1,-1.0,-0.1
3,NONE,-1.0,-0.1,-1.0,-0.1
3,NONE,-1.0,-0.1,-1.0,-0.1
3,NONE,-1.0,-0.1,-1.0,-0.1
3,NONE,-1.0,-0.1,-1.0,-0.1
3,NONE,-1.0,-0.1,-1.0,-0.1
3,NONE,-1.0,-0.1,-1.0,-0.1
3,NONE,-1.0,-0.1,-1.0,-0.1
3,NONE,-1.0,-0.1,-1.0,-0.1
3,NONE,-1.0,-0.1,-1.0,-0.1
3,NONE,-1.0,-0.1,-1.0,-0.1
3,NONE,-1.0,-0.1,-1.0,-0.1
3,NONE,-1.0,-0.1,-1.0,-0.1
3,NONE,-1.0,-0.1,-1.0,-0.1
3,NONE,-1.0,-0.1,-1.0,-0.1
3,NONE,-1.0,-0.1,-1.0,-0.1
3,NONE,-1.0,-0.1,-1.0,-0.1
3,NONE,-1.0,-0.1,-1.0,-0.1
3,NONE,-1.0,-0.1,-1.0,-0.1
3,NONE,-1.0,-0.1,-1.0,-0.1
3,NONE,-1.0,-0.1,-1.0,-0.1
3,NONE,-1.0,-0.1,-1.0,-0.1
2,EV_B07_C021_Moto_Lineal_Electrica,-1.0,-0.1,7.0,43.75875954556036
1,EV_B07_C021_Moto_Lineal_Electrica,7.0,69.73232806345752,-1.0,43.75875954556036
1,EV_B07_C021_Moto_Lineal_Electrica,6.0,69.73232806345752,-1.0,43.75875954556036
1,EV_B07_C021_Moto_Lineal_Electrica,5.0,69.73232806345752,-1.0,43.75875954556036
1,EV_B07_C021_Moto_Lineal_Electrica,4.0,69.73232806345752,-1.0,43.75875954556036
1,EV_B07_C021_Moto_Lineal_Electrica,3.0,69.73232806345752,-1.0,43.75875954556036
1,EV_B07_C021_Moto_Lineal_Electrica,2.0,69.73232806345752,-1.0,43.75875954556036
1,EV_B07_C021_Moto_Lineal_Electrica,1.0,69.73232806345752,-1.0,43.75875954556036
1,EV_B07_C021_Moto_Lineal_Electrica,0.0,69.73232806345752,-1.0,43.75875954556036
3,NONE,-1.0,-0.1,-1.0,-0.1
3,NONE,-1.0,-0.1,-1.0,-0.1
3,NONE,-1.0,-0.1,-1.0,-0.1
3,NONE,-1.0,-0.1,-1.0,-0.1
3,NONE,-1.0,-0.1,-1.0,-0.1
3,NONE,-1.0,-0.1,-1.0,-0.1
3,NONE,-1.0,-0.1,-1.0,-0.1
3,NONE,-1.0,-0.1,-1.0,-0.1
3,NONE,-1.0,-0.1,-1.0,-0.1
3,NONE,-1.0,-0.1,-1.0,-0.1
3,NONE,-1.0,-0.1,-1.0,-0.1
3,NONE,-1.0,-0.1,-1.0,-0.1
3,NONE,-1.0,-0.1,-1.0,-0.1
3,NONE,-1.0,-0.1,-1.0,-0.1
3,NONE,-1.0,-0.1,-1.0,-0.1
3,NONE,-1.0,-0.1,-1.0,-0.1
2,EV_B07_C021_Moto_Lineal_Electrica,-1.0,-0.1,8.0,24.723711287652492
1,EV_B07_C021_Moto_Lineal_Electrica,6.0,78.03354641213623,-1.0,24.723711287652492
1,EV_B07_C021_Moto_Lineal_Electrica,5.0,78.03354641213623,-1.0,24.723711287652492
1,EV_B07_C021_Moto_Lineal_Electrica,4.0,78.03354641213623,-1.0,24.723711287652492
1,EV_B07_C021_Moto_Lineal_Electrica,3.0,78.03354641213623,-1.0,24.723711287652492
1,EV_B07_C021_Moto_Lineal_Electrica,2.0,78.03354641213623,-1.0,24.723711287652492
1,EV_B07_C021_Moto_Lineal_Electrica,1.0,78.03354641213623,-1.0,24.723711287652492
1,EV_B07_C021_Moto_Lineal_Electrica,0.0,78.03354641213623,-1.0,24.723711287652492
3,NONE,-1.0,-0.1,-1.0,-0.1
3,NONE,-1.0,-0.1,-1.0,-0.1
3,NONE,-1.0,-0.1,-1.0,-0.1
3,NONE,-1.0,-0.1,-1.0,-0.1
3,NONE,-1.0,-0.1,-1.0,-0.1
3,NONE,-1.0,-0.1,-1.0,-0.1
3,NONE,-1.0,-0.1,-1.0,-0.1
3,NONE,-1.0,-0.1,-1.0,-0.1
3,NONE,-1.0,-0.1,-1.0,-0.1
3,NONE,-1.0,-0.1,-1.0,-0.1
3,NONE,-1.0,-0.1,-1.0,-0.1
3,NONE,-1.0,-0.1,-1.0,-0.1
3,NONE,-1.0,-0.1,-1.0,-0.1
3,NONE,-1.0,-0.1,-1.0,-0.1
3,NONE,-1.0,-0.1,-1.0,-0.1
3,NONE,-1.0,-0.1,-1.0,-0.1
2,EV_B07_C021_Moto_Lineal_Electrica,-1.0,-0.1,8.0,39.51174297517448
1,EV_B07_C021_Moto_Lineal_Electrica,6.0,78.71182292025706,-1.0,39.51174297517448
1,EV_B07_C021_Moto_Lineal_Electrica,5.0,78.71182292025706,-1.0,39.51174297517448
1,EV_B07_C021_Moto_Lineal_Electrica,4.0,78.71182292025706,-1.0,39.51174297517448
1,EV_B07_C021_Moto_Lineal_Electrica,3.0,78.71182292025706,-1.0,39.51174297517448
1,EV_B07_C021_Moto_Lineal_Electrica,2.0,78.71182292025706,-1.0,39.51174297517448
1,EV_B07_C021_Moto_Lineal_Electrica,1.0,78.71182292025706,-1.0,39.51174297517448
1,EV_B07_C021_Moto_Lineal_Electrica,0.0,78.71182292025706,-1.0,39.51174297517448
3,NONE,-1.0,-0.1,-1.0,-0.1
3,NONE,-1.0,-0.1,-1.0,-0.1
3,NONE,-1.0,-0.1,-1.0,-0.1
3,NONE,-1.0,-0.1,-1.0,-0.1
3,NONE,-1.0,-0.1,-1.0,-0.1
3,NONE,-1.0,-0.1,-1.0,-0.1
3,NONE,-1.0,-0.1,-1.0,-0.1
3,NONE,-1.0,-0.1,-1.0,-0.1
3,NONE,-1.0,-0.1,-1.0,-0.1
3,NONE,-1.0,-0.1,-1.0,-0.1
3,NONE,-1.0,-0.1,-1.0,-0.1
3,NONE,-1.0,-0.1,-1.0,-0.1
3,NONE,-1.0,-0.1,-1.0,-0.1
3,NONE,-1.0,-0.1,-1.0,-0.1
3,NONE,-1.0,-0.1,-1.0,-0.1
3,NONE,-1.0,-0.1,-1.0,-0.1
3,NONE,-1.0,-0.1,-1.0,-0.1
3,NONE,-1.0,-0.1,-1.0,-0.1
3,NONE,-1.0,-0.1,-1.0,-0.1
3,NONE,-1.0,-0.1,-1.0,-0.1
3,NONE,-1.0,-0.1,-1.0,-0.1
3,NONE,-1.0,-0.1,-1.0,-0.1
3,NONE,-1.0,-0.1,-1.0,-0.1
3,NONE,-1.0,-0.1,-1.0,-0.1
3,NONE,-1.0,-0.1,-1.0,-0.1
3,NONE,-1.0,-0.1,-1.0,-0.1
3,NONE,-1.0,-0.1,-1.0,-0.1
3,NONE,-1.0,-0.1,-1.0,-0.1
3,NONE,-1.0,-0.1,-1.0,-0.1
3,NONE,-1.0,-0.1,-1.0,-0.1
3,NONE,-1.0,-0.1,-1.0,-0.1
3,NONE,-1.0,-0.1,-1.0,-0.1
3,NONE,-1.0,-0.1,-1.0,-0.1
3,NONE,-1.0,-0.1,-1.0,-0.1
3,NONE,-1.0,-0.1,-1.0,-0.1
3,NONE,-1.0,-0.1,-1.0,-0.1
3,NONE,-1.0,-0.1,-1.0,-0.1
3,NONE,-1.0,-0.1,-1.0,-0.1
3,NONE,-1.0,-0.1,-1.0,-0.1
3,NONE,-1.0,-0.1,-1.0,-0.1
3,NONE,-1.0,-0.1,-1.0,-0.1
3,NONE,-1.0,-0.1,-1.0,-0.1
3,NONE,-1.0,-0.1,-1.0,-0.1
3,NONE,-1.0,-0.1,-1.0,-0.1
3,NONE,-1.0,-0.1,-1.0,-0.1
3,NONE,-1.0,-0.1,-1.0,-0.1
3,NONE,-1.0,-0.1,-1.0,-0.1
3,NONE,-1.0,-0.1,-1.0,-0.1
3,NONE,-1.0,-0.1,-1.0,-0.1
3,NONE,-1.0,-0.1,-1.0,-0.1
3,NONE,-1.0,-0.1,-1.0,-0.1
3,NONE,-1.0,-0.1,-1.0,-0.1
3,NONE,-1.0,-0.1,-1.0,-0.1
3,NONE,-1.0,-0.1,-1.0,-0.1
3,NONE,-1.0,-0.1,-1.0,-0.1
3,NONE,-1.0,-0.1,-1.0,-0.1
3,NONE,-1.0,-0.1,-1.0,-0.1
3,NONE,-1.0,-0.1,-1.0,-0.1
3,NONE,-1.0,-0.1,-1.0,-0.1
3,NONE,-1.0,-0.1,-1.0,-0.1
3,NONE,-1.0,-0.1,-1.0,-0.1
3,NONE,-1.0,-0.1,-1.0,-0.1
3,NONE,-1.0,-0.1,-1.0,-0.1
3,NONE,-1.0,-0.1,-1.0,-0.1
3,NONE,-1.0,-0.1,-1.0,-0.1
3,NONE,-1.0,-0.1,-1.0,-0.1
3,NONE,-1.0,-0.1,-1.0,-0.1
3,NONE,-1.0,-0.1,-1.0,-0.1
3,NONE,-1.0,-0.1,-1.0,-0.1
3,NONE,-1.0,-0.1,-1.0,-0.1
3,NONE,-1.0,-0.1,-1.0,-0.1
3,NONE,-1.0,-0.1,-1.0,-0.1
3,NONE,-1.0,-0.1,-1.0,-0.1
3,NONE,-1.0,-0.1,-1.0,-0.1
3,NONE,-1.0,-0.1,-1.0,-0.1
3,NONE,-1.0,-0.1,-1.0,-0.1
3,NONE,-1.0,-0.1,-1.0,-0.1
3,NONE,-1.0,-0.1,-1.0,-0.1
3,NONE,-1.0,-0.1,-1.0,-0.1
3,NONE,-1.0,-0.1,-1.0,-0.1
3,NONE,-1.0,-0.1,-1.0,-0.1
3,NONE,-1.0,-0.1,-1.0,-0.1
3,NONE,-1.0,-0.1,-1.0,-0.1
3,NONE,-1.0,-0.1,-1.0,-0.1
3,NONE,-1.0,-0.1,-1.0,-0.1
3,NONE,-1.0,-0.1,-1.0,-0.1
3,NONE,-1.0,-0.1,-1.0,-0.1
3,NONE,-1.0,-0.1,-1.0,-0.1
2,EV_B07_C021_Moto_Lineal_Electrica,-1.0,-0.1,8.0,30.512695675316095
1,EV_B07_C021_Moto_Lineal_Electrica,6.0,83.18911505721614,-1.0,30.512695675316095
1,EV_B07_C021_Moto_Lineal_Electrica,5.0,83.18911505721614,-1.0,30.512695675316095
1,EV_B07_C021_Moto_Lineal_Electrica,4.0,83.18911505721614,-1.0,30.512695675316095
1,EV_B07_C021_Moto_Lineal_Electrica,3.0,83.18911505721614,-1.0,30.512695675316095
1,EV_B07_C021_Moto_Lineal_Electrica,2.0,83.18911505721614,-1.0,30.512695675316095
1,EV_B07_C021_Moto_Lineal_Electrica,1.0,83.18911505721614,-1.0,30.512695675316095
1,EV_B07_C021_Moto_Lineal_Electrica,0.0,83.18911505721614,-1.0,30.512695675316095
3,NONE,-1.0,-0.1,-1.0,-0.1
3,NONE,-1.0,-0.1,-1.0,-0.1
3,NONE,-1.0,-0.1,-1.0,-0.1
3,NONE,-1.0,-0.1,-1.0,-0.1
3,NONE,-1.0,-0.1,-1.0,-0.1
3,NONE,-1.0,-0.1,-1.0,-0.1
3,NONE,-1.0,-0.1,-1.0,-0.1
3,NONE,-1.0,-0.1,-1.0,-0.1
3,NONE,-1.0,-0.1,-1.0,-0.1
3,NONE,-1.0,-0.1,-1.0,-0.1
3,NONE,-1.0,-0.1,-1.0,-0.1
3,NONE,-1.0,-0.1,-1.0,-0.1
3,NONE,-1.0,-0.1,-1.0,-0.1
3,NONE,-1.0,-0.1,-1.0,-0.1
3,NONE,-1.0,-0.1,-1.0,-0.1
2,EV_B07_C021_Moto_Lineal_Electrica,-1.0,-0.1,7.0,57.012873742563364
1,EV_B07_C021_Moto_Lineal_Electrica,7.0,89.58821619891793,-1.0,57.012873742563364
1,EV_B07_C021_Moto_Lineal_Electrica,6.0,89.58821619891793,-1.0,57.012873742563364
1,EV_B07_C021_Moto_Lineal_Electrica,5.0,89.58821619891793,-1.0,57.012873742563364
1,EV_B07_C021_Moto_Lineal_Electrica,4.0,89.58821619891793,-1.0,57.012873742563364
1,EV_B07_C021_Moto_Lineal_Electrica,3.0,89.58821619891793,-1.0,57.012873742563364
1,EV_B07_C021_Moto_Lineal_Electrica,2.0,89.58821619891793,-1.0,57.012873742563364
1,EV_B07_C021_Moto_Lineal_Electrica,1.0,89.58821619891793,-1.0,57.012873742563364
1,EV_B07_C021_Moto_Lineal_Electrica,0.0,89.58821619891793,-1.0,57.012873742563364
3,NONE,-1.0,-0.1,-1.0,-0.1
3,NONE,-1.0,-0.1,-1.0,-0.1
3,NONE,-1.0,-0.1,-1.0,-0.1
3,NONE,-1.0,-0.1,-1.0,-0.1
3,NONE,-1.0,-0.1,-1.0,-0.1
3,NONE,-1.0,-0.1,-1.0,-0.1
3,NONE,-1.0,-0.1,-1.0,-0.1
3,NONE,-1.0,-0.1,-1.0,-0.1
3,NONE,-1.0,-0.1,-1.0,-0.1
3,NONE,-1.0,-0.1,-1.0,-0.1
3,NONE,-1.0,-0.1,-1.0,-0.1
3,NONE,-1.0,-0.1,-1.0,-0.1
3,NONE,-1.0,-0.1,-1.0,-0.1
3,NONE,-1.0,-0.1,-1.0,-0.1
3,NONE,-1.0,-0.1,-1.0,-0.1
2,EV_B07_C021_Moto_Lineal_Electrica,-1.0,-0.1,7.0,19.41092201169169
1,EV_B07_C021_Moto_Lineal_Electrica,6.0,79.8755729460865,-1.0,19.41092201169169
1,EV_B07_C021_Moto_Lineal_Electrica,5.0,79.8755729460865,-1.0,19.41092201169169
1,EV_B07_C021_Moto_Lineal_Electrica,4.0,79.8755729460865,-1.0,19.41092201169169
1,EV_B07_C021_Moto_Lineal_Electrica,3.0,79.8755729460865,-1.0,19.41092201169169
1,EV_B07_C021_Moto_Lineal_Electrica,2.0,79.8755729460865,-1.0,19.41092201169169
1,EV_B07_C021_Moto_Lineal_Electrica,1.0,79.8755729460865,-1.0,19.41092201169169
1,EV_B07_C021_Moto_Lineal_Electrica,0.0,79.8755729460865,-1.0,19.41092201169169
3,NONE,-1.0,-0.1,-1.0,-0.1
3,NONE,-1.0,-0.1,-1.0,-0.1
3,NONE,-1.0,-0.1,-1.0,-0.1
3,NONE,-1.0,-0.1,-1.0,-0.1
3,NONE,-1.0,-0.1,-1.0,-0.1
3,NONE,-1.0,-0.1,-1.0,-0.1
3,NONE,-1.0,-0.1,-1.0,-0.1
3,NONE,-1.0,-0.1,-1.0,-0.1
3,NONE,-1.0,-0.1,-1.0,-0.1
3,NONE,-1.0,-0.1,-1.0,-0.1
3,NONE,-1.0,-0.1,-1.0,-0.1
3,NONE,-1.0,-0.1,-1.0,-0.1
3,NONE,-1.0,-0.1,-1.0,-0.1
3,NONE,-1.0,-0.1,-1.0,-0.1
3,NONE,-1.0,-0.1,-1.0,-0.1
3,NONE,-1.0,-0.1,-1.0,-0.1
2,EV_B07_C021_Moto_Lineal_Electrica,-1.0,-0.1,7.0,38.302076247013034
1,EV_B07_C021_Moto_Lineal_Electrica,7.0,81.25369474047353,-1.0,38.302076247013034
1,EV_B07_C021_Moto_Lineal_Electrica,6.0,81.25369474047353,-1.0,38.302076247013034
1,EV_B07_C021_Moto_Lineal_Electrica,5.0,81.25369474047353,-1.0,38.302076247013034
1,EV_B07_C021_Moto_Lineal_Electrica,4.0,81.25369474047353,-1.0,38.302076247013034
1,EV_B07_C021_Moto_Lineal_Electrica,3.0,81.25369474047353,-1.0,38.302076247013034
1,EV_B07_C021_Moto_Lineal_Electrica,2.0,81.25369474047353,-1.0,38.302076247013034
1,EV_B07_C021_Moto_Lineal_Electrica,1.0,81.25369474047353,-1.0,38.302076247013034
1,EV_B07_C021_Moto_Lineal_Electrica,0.0,81.25369474047353,-1.0,38.302076247013034
3,NONE,-1.0,-0.1,-1.0,-0.1
3,NONE,-1.0,-0.1,-1.0,-0.1
3,NONE,-1.0,-0.1,-1.0,-0.1
3,NONE,-1.0,-0.1,-1.0,-0.1
3,NONE,-1.0,-0.1,-1.0,-0.1
3,NONE,-1.0,-0.1,-1.0,-0.1
3,NONE,-1.0,-0.1,-1.0,-0.1
3,NONE,-1.0,-0.1,-1.0,-0.1
3,NONE,-1.0,-0.1,-1.0,-0.1
3,NONE,-1.0,-0.1,-1.0,-0.1
3,NONE,-1.0,-0.1,-1.0,-0.1
3,NONE,-1.0,-0.1,-1.0,-0.1
3,NONE,-1.0,-0.1,-1.0,-0.1
3,NONE,-1.0,-0.1,-1.0,-0.1
3,NONE,-1.0,-0.1,-1.0,-0.1
2,EV_B07_C021_Moto_Lineal_Electrica,-1.0,-0.1,7.0,30.1263352026377
1,EV_B07_C021_Moto_Lineal_Electrica,7.0,80.33903545468081,-1.0,30.1263352026377
1,EV_B07_C021_Moto_Lineal_Electrica,6.0,80.33903545468081,-1.0,30.1263352026377
1,EV_B07_C021_Moto_Lineal_Electrica,5.0,80.33903545468081,-1.0,30.1263352026377
1,EV_B07_C021_Moto_Lineal_Electrica,4.0,80.33903545468081,-1.0,30.1263352026377
1,EV_B07_C021_Moto_Lineal_Electrica,3.0,80.33903545468081,-1.0,30.1263352026377
1,EV_B07_C021_Moto_Lineal_Electrica,2.0,80.33903545468081,-1.0,30.1263352026377
1,EV_B07_C021_Moto_Lineal_Electrica,1.0,80.33903545468081,-1.0,30.1263352026377
1,EV_B07_C021_Moto_Lineal_Electrica,0.0,80.33903545468081,-1.0,30.1263352026377
3,NONE,-1.0,-0.1,-1.0,-0.1
3,NONE,-1.0,-0.1,-1.0,-0.1
3,NONE,-1.0,-0.1,-1.0,-0.1
3,NONE,-1.0,-0.1,-1.0,-0.1
3,NONE,-1.0,-0.1,-1.0,-0.1
3,NONE,-1.0,-0.1,-1.0,-0.1
3,NONE,-1.0,-0.1,-1.0,-0.1
3,NONE,-1.0,-0.1,-1.0,-0.1
3,NONE,-1.0,-0.1,-1.0,-0.1
3,NONE,-1.0,-0.1,-1.0,-0.1
3,NONE,-1.0,-0.1,-1.0,-0.1
3,NONE,-1.0,-0.1,-1.0,-0.1
3,NONE,-1.0,-0.1,-1.0,-0.1
3,NONE,-1.0,-0.1,-1.0,-0.1
3,NONE,-1.0,-0.1,-1.0,-0.1
3,NONE,-1.0,-0.1,-1.0,-0.1
3,NONE,-1.0,-0.1,-1.0,-0.1
3,NONE,-1.0,-0.1,-1.0,-0.1
3,NONE,-1.0,-0.1,-1.0,-0.1
3,NONE,-1.0,-0.1,-1.0,-0.1
3,NONE,-1.0,-0.1,-1.0,-0.1
3,NONE,-1.0,-0.1,-1.0,-0.1
3,NONE,-1.0,-0.1,-1.0,-0.1
3,NONE,-1.0,-0.1,-1.0,-0.1
3,NONE,-1.0,-0.1,-1.0,-0.1
3,NONE,-1.0,-0.1,-1.0,-0.1
3,NONE,-1.0,-0.1,-1.0,-0.1
3,NONE,-1.0,-0.1,-1.0,-0.1
3,NONE,-1.0,-0.1,-1.0,-0.1
3,NONE,-1.0,-0.1,-1.0,-0.1
3,NONE,-1.0,-0.1,-1.0,-0.1
3,NONE,-1.0,-0.1,-1.0,-0.1
3,NONE,-1.0,-0.1,-1.0,-0.1
3,NONE,-1.0,-0.1,-1.0,-0.1
3,NONE,-1.0,-0.1,-1.0,-0.1
3,NONE,-1.0,-0.1,-1.0,-0.1
3,NONE,-1.0,-0.1,-1.0,-0.1
3,NONE,-1.0,-0.1,-1.0,-0.1
3,NONE,-1.0,-0.1,-1.0,-0.1
3,NONE,-1.0,-0.1,-1.0,-0.1
3,NONE,-1.0,-0.1,-1.0,-0.1
3,NONE,-1.0,-0.1,-1.0,-0.1
3,NONE,-1.0,-0.1,-1.0,-0.1
3,NONE,-1.0,-0.1,-1.0,-0.1
3,NONE,-1.0,-0.1,-1.0,-0.1
3,NONE,-1.0,-0.1,-1.0,-0.1
3,NONE,-1.0,-0.1,-1.0,-0.1
3,NONE,-1.0,-0.1,-1.0,-0.1
3,NONE,-1.0,-0.1,-1.0,-0.1
3,NONE,-1.0,-0.1,-1.0,-0.1
3,NONE,-1.0,-0.1,-1.0,-0.1
3,NONE,-1.0,-0.1,-1.0,-0.1
3,NONE,-1.0,-0.1,-1.0,-0.1
3,NONE,-1.0,-0.1,-1.0,-0.1
3,NONE,-1.0,-0.1,-1.0,-0.1
3,NONE,-1.0,-0.1,-1.0,-0.1
3,NONE,-1.0,-0.1,-1.0,-0.1
3,NONE,-1.0,-0.1,-1.0,-0.1
3,NONE,-1.0,-0.1,-1.0,-0.1
3,NONE,-1.0,-0.1,-1.0,-0.1
3,NONE,-1.0,-0.1,-1.0,-0.1
3,NONE,-1.0,-0.1,-1.0,-0.1
3,NONE,-1.0,-0.1,-1.0,-0.1
3,NONE,-1.0,-0.1,-1.0,-0.1
3,NONE,-1.0,-0.1,-1.0,-0.1
2,EV_B07_C021_Moto_Lineal_Electrica,-1.0,-0.1,9.0,29.76520990280071
1,EV_B07_C021_Moto_Lineal_Electrica,5.0,82.20297066360934,-1.0,29.76520990280071
1,EV_B07_C021_Moto_Lineal_Electrica,4.0,82.20297066360934,-1.0,29.76520990280071
1,EV_B07_C021_Moto_Lineal_Electrica,3.0,82.20297066360934,-1.0,29.76520990280071
1,EV_B07_C021_Moto_Lineal_Electrica,2.0,82.20297066360934,-1.0,29.76520990280071
1,EV_B07_C021_Moto_Lineal_Electrica,1.0,82.20297066360934,-1.0,29.76520990280071
1,EV_B07_C021_Moto_Lineal_Electrica,0.0,82.20297066360934,-1.0,29.76520990280071
3,NONE,-1.0,-0.1,-1.0,-0.1
3,NONE,-1.0,-0.1,-1.0,-0.1
3,NONE,-1.0,-0.1,-1.0,-0.1
3,NONE,-1.0,-0.1,-1.0,-0.1
3,NONE,-1.0,-0.1,-1.0,-0.1
3,NONE,-1.0,-0.1,-1.0,-0.1
3,NONE,-1.0,-0.1,-1.0,-0.1
3,NONE,-1.0,-0.1,-1.0,-0.1
3,NONE,-1.0,-0.1,-1.0,-0.1
3,NONE,-1.0,-0.1,-1.0,-0.1
3,NONE,-1.0,-0.1,-1.0,-0.1
3,NONE,-1.0,-0.1,-1.0,-0.1
3,NONE,-1.0,-0.1,-1.0,-0.1
3,NONE,-1.0,-0.1,-1.0,-0.1
3,NONE,-1.0,-0.1,-1.0,-0.1
3,NONE,-1.0,-0.1,-1.0,-0.1
2,EV_B07_C021_Moto_Lineal_Electrica,-1.0,-0.1,8.0,26.771086152073963
1,EV_B07_C021_Moto_Lineal_Electrica,6.0,100.0,-1.0,26.771086152073963
1,EV_B07_C021_Moto_Lineal_Electrica,5.0,100.0,-1.0,26.771086152073963
1,EV_B07_C021_Moto_Lineal_Electrica,4.0,100.0,-1.0,26.771086152073963
1,EV_B07_C021_Moto_Lineal_Electrica,3.0,100.0,-1.0,26.771086152073963
1,EV_B07_C021_Moto_Lineal_Electrica,2.0,100.0,-1.0,26.771086152073963
1,EV_B07_C021_Moto_Lineal_Electrica,1.0,100.0,-1.0,26.771086152073963
1,EV_B07_C021_Moto_Lineal_Electrica,0.0,100.0,-1.0,26.771086152073963
3,NONE,-1.0,-0.1,-1.0,-0.1
3,NONE,-1.0,-0.1,-1.0,-0.1
3,NONE,-1.0,-0.1,-1.0,-0.1
3,NONE,-1.0,-0.1,-1.0,-0.1
3,NONE,-1.0,-0.1,-1.0,-0.1
3,NONE,-1.0,-0.1,-1.0,-0.1
3,NONE,-1.0,-0.1,-1.0,-0.1
3,NONE,-1.0,-0.1,-1.0,-0.1
3,NONE,-1.0,-0.1,-1.0,-0.1
3,NONE,-1.0,-0.1,-1.0,-0.1
3,NONE,-1.0,-0.1,-1.0,-0.1
3,NONE,-1.0,-0.1,-1.0,-0.1
3,NONE,-1.0,-0.1,-1.0,-0.1
3,NONE,-1.0,-0.1,-1.0,-0.1
3,NONE,-1.0,-0.1,-1.0,-0.1
3,NONE,-1.0,-0.1,-1.0,-0.1
3,NONE,-1.0,-0.1,-1.0,-0.1
3,NONE,-1.0,-0.1,-1.0,-0.1
2,EV_B07_C021_Moto_Lineal_Electrica,-1.0,-0.1,10.0,11.42527677323347
1,EV_B07_C021_Moto_Lineal_Electrica,4.0,80.21190271998346,-1.0,11.42527677323347
1,EV_B07_C021_Moto_Lineal_Electrica,3.0,80.21190271998346,-1.0,11.42527677323347
1,EV_B07_C021_Moto_Lineal_Electrica,2.0,80.21190271998346,-1.0,11.42527677323347
1,EV_B07_C021_Moto_Lineal_Electrica,1.0,80.21190271998346,-1.0,11.42527677323347
1,EV_B07_C021_Moto_Lineal_Electrica,0.0,80.21190271998346,-1.0,11.42527677323347
3,NONE,-1.0,-0.1,-1.0,-0.1
3,NONE,-1.0,-0.1,-1.0,-0.1
3,NONE,-1.0,-0.1,-1.0,-0.1
3,NONE,-1.0,-0.1,-1.0,-0.1
3,NONE,-1.0,-0.1,-1.0,-0.1
3,NONE,-1.0,-0.1,-1.0,-0.1
3,NONE,-1.0,-0.1,-1.0,-0.1
3,NONE,-1.0,-0.1,-1.0,-0.1
3,NONE,-1.0,-0.1,-1.0,-0.1
3,NONE,-1.0,-0.1,-1.0,-0.1
3,NONE,-1.0,-0.1,-1.0,-0.1
3,NONE,-1.0,-0.1,-1.0,-0.1
3,NONE,-1.0,-0.1,-1.0,-0.1
3,NONE,-1.0,-0.1,-1.0,-0.1
3,NONE,-1.0,-0.1,-1.0,-0.1
3,NONE,-1.0,-0.1,-1.0,-0.1
3,NONE,-1.0,-0.1,-1.0,-0.1
3,NONE,-1.0,-0.1,-1.0,-0.1
3,NONE,-1.0,-0.1,-1.0,-0.1
3,NONE,-1.0,-0.1,-1.0,-0.1
3,NONE,-1.0,-0.1,-1.0,-0.1
3,NONE,-1.0,-0.1,-1.0,-0.1
3,NONE,-1.0,-0.1,-1.0,-0.1
3,NONE,-1.0,-0.1,-1.0,-0.1
3,NONE,-1.0,-0.1,-1.0,-0.1
3,NONE,-1.0,-0.1,-1.0,-0.1
3,NONE,-1.0,-0.1,-1.0,-0.1
3,NONE,-1.0,-0.1,-1.0,-0.1
3,NONE,-1.0,-0.1,-1.0,-0.1
3,NONE,-1.0,-0.1,-1.0,-0.1
3,NONE,-1.0,-0.1,-1.0,-0.1
3,NONE,-1.0,-0.1,-1.0,-0.1
3,NONE,-1.0,-0.1,-1.0,-0.1
3,NONE,-1.0,-0.1,-1.0,-0.1
3,NONE,-1.0,-0.1,-1.0,-0.1
3,NONE,-1.0,-0.1,-1.0,-0.1
3,NONE,-1.0,-0.1,-1.0,-0.1
3,NONE,-1.0,-0.1,-1.0,-0.1
3,NONE,-1.0,-0.1,-1.0,-0.1
3,NONE,-1.0,-0.1,-1.0,-0.1
3,NONE,-1.0,-0.1,-1.0,-0.1
3,NONE,-1.0,-0.1,-1.0,-0.1
3,NONE,-1.0,-0.1,-1.0,-0.1
3,NONE,-1.0,-0.1,-1.0,-0.1
3,NONE,-1.0,-0.1,-1.0,-0.1
3,NONE,-1.0,-0.1,-1.0,-0.1
3,NONE,-1.0,-0.1,-1.0,-0.1
3,NONE,-1.0,-0.1,-1.0,-0.1
3,NONE,-1.0,-0.1,-1.0,-0.1
3,NONE,-1.0,-0.1,-1.0,-0.1
3,NONE,-1.0,-0.1,-1.0,-0.1
3,NONE,-1.0,-0.1,-1.0,-0.1
3,NONE,-1.0,-0.1,-1.0,-0.1
3,NONE,-1.0,-0.1,-1.0,-0.1
3,NONE,-1.0,-0.1,-1.0,-0.1
3,NONE,-1.0,-0.1,-1.0,-0.1
3,NONE,-1.0,-0.1,-1.0,-0.1
3,NONE,-1.0,-0.1,-1.0,-0.1
3,NONE,-1.0,-0.1,-1.0,-0.1
3,NONE,-1.0,-0.1,-1.0,-0.1
3,NONE,-1.0,-0.1,-1.0,-0.1
3,NONE,-1.0,-0.1,-1.0,-0.1
3,NONE,-1.0,-0.1,-1.0,-0.1
3,NONE,-1.0,-0.1,-1.0,-0.1
3,NONE,-1.0,-0.1,-1.0,-0.1
3,NONE,-1.0,-0.1,-1.0,-0.1
3,NONE,-1.0,-0.1,-1.0,-0.1
3,NONE,-1.0,-0.1,-1.0,-0.1
3,NONE,-1.0,-0.1,-1.0,-0.1
3,NONE,-1.0,-0.1,-1.0,-0.1
3,NONE,-1.0,-0.1,-1.0,-0.1
3,NONE,-1.0,-0.1,-1.0,-0.1
3,NONE,-1.0,-0.1,-1.0,-0.1
3,NONE,-1.0,-0.1,-1.0,-0.1
3,NONE,-1.0,-0.1,-1.0,-0.1
3,NONE,-1.0,-0.1,-1.0,-0.1
3,NONE,-1.0,-0.1,-1.0,-0.1
3,NONE,-1.0,-0.1,-1.0,-0.1
3,NONE,-1.0,-0.1,-1.0,-0.1
3,NONE,-1.0,-0.1,-1.0,-0.1
3,NONE,-1.0,-0.1,-1.0,-0.1
3,NONE,-1.0,-0.1,-1.0,-0.1
3,NONE,-1.0,-0.1,-1.0,-0.1
3,NONE,-1.0,-0.1,-1.0,-0.1
3,NONE,-1.0,-0.1,-1.0,-0.1
3,NONE,-1.0,-0.1,-1.0,-0.1
3,NONE,-1.0,-0.1,-1.0,-0.1
3,NONE,-1.0,-0.1,-1.0,-0.1
3,NONE,-1.0,-0.1,-1.0,-0.1
3,NONE,-1.0,-0.1,-1.0,-0.1
3,NONE,-1.0,-0.1,-1.0,-0.1
3,NONE,-1.0,-0.1,-1.0,-0.1
3,NONE,-1.0,-0.1,-1.0,-0.1
3,NONE,-1.0,-0.1,-1.0,-0.1
3,NONE,-1.0,-0.1,-1.0,-0.1
3,NONE,-1.0,-0.1,-1.0,-0.1
3,NONE,-1.0,-0.1,-1.0,-0.1
3,NONE,-1.0,-0.1,-1.0,-0.1
3,NONE,-1.0,-0.1,-1.0,-0.1
3,NONE,-1.0,-0.1,-1.0,-0.1
3,NONE,-1.0,-0.1,-1.0,-0.1
3,NONE,-1.0,-0.1,-1.0,-0.1
3,NONE,-1.0,-0.1,-1.0,-0.1
3,NONE,-1.0,-0.1,-1.0,-0.1
3,NONE,-1.0,-0.1,-1.0,-0.1
3,NONE,-1.0,-0.1,-1.0,-0.1
3,NONE,-1.0,-0.1,-1.0,-0.1
3,NONE,-1.0,-0.1,-1.0,-0.1
3,NONE,-1.0,-0.1,-1.0,-0.1
3,NONE,-1.0,-0.1,-1.0,-0.1
3,NONE,-1.0,-0.1,-1.0,-0.1
3,NONE,-1.0,-0.1,-1.0,-0.1
3,NONE,-1.0,-0.1,-1.0,-0.1
3,NONE,-1.0,-0.1,-1.0,-0.1
3,NONE,-1.0,-0.1,-1.0,-0.1
3,NONE,-1.0,-0.1,-1.0,-0.1
3,NONE,-1.0,-0.1,-1.0,-0.1
3,NONE,-1.0,-0.1,-1.0,-0.1
3,NONE,-1.0,-0.1,-1.0,-0.1
3,NONE,-1.0,-0.1,-1.0,-0.1
3,NONE,-1.0,-0.1,-1.0,-0.1
3,NONE,-1.0,-0.1,-1.0,-0.1
3,NONE,-1.0,-0.1,-1.0,-0.1
3,NONE,-1.0,-0.1,-1.0,-0.1
3,NONE,-1.0,-0.1,-1.0,-0.1
3,NONE,-1.0,-0.1,-1.0,-0.1
3,NONE,-1.0,-0.1,-1.0,-0.1
3,NONE,-1.0,-0.1,-1.0,-0.1
3,NONE,-1.0,-0.1,-1.0,-0.1
3,NONE,-1.0,-0.1,-1.0,-0.1
3,NONE,-1.0,-0.1,-1.0,-0.1
3,NONE,-1.0,-0.1,-1.0,-0.1
3,NONE,-1.0,-0.1,-1.0,-0.1
3,NONE,-1.0,-0.1,-1.0,-0.1
3,NONE,-1.0,-0.1,-1.0,-0.1
3,NONE,-1.0,-0.1,-1.0,-0.1
2,EV_B07_C021_Moto_Lineal_Electrica,-1.0,-0.1,8.0,23.630612663854972
1,EV_B07_C021_Moto_Lineal_Electrica,6.0,82.42695717380086,-1.0,23.630612663854972
1,EV_B07_C021_Moto_Lineal_Electrica,5.0,82.42695717380086,-1.0,23.630612663854972
1,EV_B07_C021_Moto_Lineal_Electrica,4.0,82.42695717380086,-1.0,23.630612663854972
1,EV_B07_C021_Moto_Lineal_Electrica,3.0,82.42695717380086,-1.0,23.630612663854972
1,EV_B07_C021_Moto_Lineal_Electrica,2.0,82.42695717380086,-1.0,23.630612663854972
1,EV_B07_C021_Moto_Lineal_Electrica,1.0,82.42695717380086,-1.0,23.630612663854972
1,EV_B07_C021_Moto_Lineal_Electrica,0.0,82.42695717380086,-1.0,23.630612663854972
3,NONE,-1.0,-0.1,-1.0,-0.1
3,NONE,-1.0,-0.1,-1.0,-0.1
3,NONE,-1.0,-0.1,-1.0,-0.1
3,NONE,-1.0,-0.1,-1.0,-0.1
3,NONE,-1.0,-0.1,-1.0,-0.1
3,NONE,-1.0,-0.1,-1.0,-0.1
3,NONE,-1.0,-0.1,-1.0,-0.1
3,NONE,-1.0,-0.1,-1.0,-0.1
3,NONE,-1.0,-0.1,-1.0,-0.1
3,NONE,-1.0,-0.1,-1.0,-0.1
3,NONE,-1.0,-0.1,-1.0,-0.1
3,NONE,-1.0,-0.1,-1.0,-0.1
3,NONE,-1.0,-0.1,-1.0,-0.1
3,NONE,-1.0,-0.1,-1.0,-0.1
3,NONE,-1.0,-0.1,-1.0,-0.1
3,NONE,-1.0,-0.1,-1.0,-0.1
3,NONE,-1.0,-0.1,-1.0,-0.1
3,NONE,-1.0,-0.1,-1.0,-0.1
3,NONE,-1.0,-0.1,-1.0,-0.1
3,NONE,-1.0,-0.1,-1.0,-0.1
3,NONE,-1.0,-0.1,-1.0,-0.1
3,NONE,-1.0,-0.1,-1.0,-0.1
3,NONE,-1.0,-0.1,-1.0,-0.1
3,NONE,-1.0,-0.1,-1.0,-0.1
3,NONE,-1.0,-0.1,-1.0,-0.1
3,NONE,-1.0,-0.1,-1.0,-0.1
3,NONE,-1.0,-0.1,-1.0,-0.1
3,NONE,-1.0,-0.1,-1.0,-0.1
3,NONE,-1.0,-0.1,-1.0,-0.1
3,NONE,-1.0,-0.1,-1.0,-0.1
3,NONE,-1.0,-0.1,-1.0,-0.1
3,NONE,-1.0,-0.1,-1.0,-0.1
3,NONE,-1.0,-0.1,-1.0,-0.1
3,NONE,-1.0,-0.1,-1.0,-0.1
3,NONE,-1.0,-0.1,-1.0,-0.1
3,NONE,-1.0,-0.1,-1.0,-0.1
3,NONE,-1.0,-0.1,-1.0,-0.1
3,NONE,-1.0,-0.1,-1.0,-0.1
3,NONE,-1.0,-0.1,-1.0,-0.1
3,NONE,-1.0,-0.1,-1.0,-0.1
3,NONE,-1.0,-0.1,-1.0,-0.1
3,NONE,-1.0,-0.1,-1.0,-0.1
2,EV_B07_C021_Moto_Lineal_Electrica,-1.0,-0.1,10.0,13.763138930690769
1,EV_B07_C021_Moto_Lineal_Electrica,4.0,74.66928001919052,-1.0,13.763138930690769
1,EV_B07_C021_Moto_Lineal_Electrica,3.0,74.66928001919052,-1.0,13.763138930690769
1,EV_B07_C021_Moto_Lineal_Electrica,2.0,74.66928001919052,-1.0,13.763138930690769
1,EV_B07_C021_Moto_Lineal_Electrica,1.0,74.66928001919052,-1.0,13.763138930690769
1,EV_B07_C021_Moto_Lineal_Electrica,0.0,74.66928001919052,-1.0,13.763138930690769
3,NONE,-1.0,-0.1,-1.0,-0.1
3,NONE,-1.0,-0.1,-1.0,-0.1
3,NONE,-1.0,-0.1,-1.0,-0.1
3,NONE,-1.0,-0.1,-1.0,-0.1
3,NONE,-1.0,-0.1,-1.0,-0.1
3,NONE,-1.0,-0.1,-1.0,-0.1
3,NONE,-1.0,-0.1,-1.0,-0.1
3,NONE,-1.0,-0.1,-1.0,-0.1
3,NONE,-1.0,-0.1,-1.0,-0.1
3,NONE,-1.0,-0.1,-1.0,-0.1
3,NONE,-1.0,-0.1,-1.0,-0.1
3,NONE,-1.0,-0.1,-1.0,-0.1
3,NONE,-1.0,-0.1,-1.0,-0.1
3,NONE,-1.0,-0.1,-1.0,-0.1
3,NONE,-1.0,-0.1,-1.0,-0.1
2,EV_B07_C021_Moto_Lineal_Electrica,-1.0,-0.1,7.0,21.909111059614325
1,EV_B07_C021_Moto_Lineal_Electrica,7.0,85.17184052265819,-1.0,21.909111059614325
1,EV_B07_C021_Moto_Lineal_Electrica,6.0,85.17184052265819,-1.0,21.909111059614325
1,EV_B07_C021_Moto_Lineal_Electrica,5.0,85.17184052265819,-1.0,21.909111059614325
1,EV_B07_C021_Moto_Lineal_Electrica,4.0,85.17184052265819,-1.0,21.909111059614325
1,EV_B07_C021_Moto_Lineal_Electrica,3.0,85.17184052265819,-1.0,21.909111059614325
1,EV_B07_C021_Moto_Lineal_Electrica,2.0,85.17184052265819,-1.0,21.909111059614325
1,EV_B07_C021_Moto_Lineal_Electrica,1.0,85.17184052265819,-1.0,21.909111059614325
1,EV_B07_C021_Moto_Lineal_Electrica,0.0,85.17184052265819,-1.0,21.909111059614325
3,NONE,-1.0,-0.1,-1.0,-0.1
3,NONE,-1.0,-0.1,-1.0,-0.1
3,NONE,-1.0,-0.1,-1.0,-0.1
3,NONE,-1.0,-0.1,-1.0,-0.1
3,NONE,-1.0,-0.1,-1.0,-0.1
3,NONE,-1.0,-0.1,-1.0,-0.1
3,NONE,-1.0,-0.1,-1.0,-0.1
3,NONE,-1.0,-0.1,-1.0,-0.1
3,NONE,-1.0,-0.1,-1.0,-0.1
3,NONE,-1.0,-0.1,-1.0,-0.1
3,NONE,-1.0,-0.1,-1.0,-0.1
3,NONE,-1.0,-0.1,-1.0,-0.1
3,NONE,-1.0,-0.1,-1.0,-0.1
3,NONE,-1.0,-0.1,-1.0,-0.1
3,NONE,-1.0,-0.1,-1.0,-0.1
3,NONE,-1.0,-0.1,-1.0,-0.1
3,NONE,-1.0,-0.1,-1.0,-0.1
3,NONE,-1.0,-0.1,-1.0,-0.1
3,NONE,-1.0,-0.1,-1.0,-0.1
3,NONE,-1.0,-0.1,-1.0,-0.1
3,NONE,-1.0,-0.1,-1.0,-0.1
3,NONE,-1.0,-0.1,-1.0,-0.1
3,NONE,-1.0,-0.1,-1.0,-0.1
3,NONE,-1.0,-0.1,-1.0,-0.1
3,NONE,-1.0,-0.1,-1.0,-0.1
3,NONE,-1.0,-0.1,-1.0,-0.1
3,NONE,-1.0,-0.1,-1.0,-0.1
3,NONE,-1.0,-0.1,-1.0,-0.1
3,NONE,-1.0,-0.1,-1.0,-0.1
3,NONE,-1.0,-0.1,-1.0,-0.1
3,NONE,-1.0,-0.1,-1.0,-0.1
3,NONE,-1.0,-0.1,-1.0,-0.1
3,NONE,-1.0,-0.1,-1.0,-0.1
3,NONE,-1.0,-0.1,-1.0,-0.1
3,NONE,-1.0,-0.1,-1.0,-0.1
3,NONE,-1.0,-0.1,-1.0,-0.1
3,NONE,-1.0,-0.1,-1.0,-0.1
3,NONE,-1.0,-0.1,-1.0,-0.1
3,NONE,-1.0,-0.1,-1.0,-0.1
3,NONE,-1.0,-0.1,-1.0,-0.1
3,NONE,-1.0,-0.1,-1.0,-0.1
3,NONE,-1.0,-0.1,-1.0,-0.1
3,NONE,-1.0,-0.1,-1.0,-0.1
3,NONE,-1.0,-0.1,-1.0,-0.1
3,NONE,-1.0,-0.1,-1.0,-0.1
3,NONE,-1.0,-0.1,-1.0,-0.1
3,NONE,-1.0,-0.1,-1.0,-0.1
3,NONE,-1.0,-0.1,-1.0,-0.1
3,NONE,-1.0,-0.1,-1.0,-0.1
3,NONE,-1.0,-0.1,-1.0,-0.1
3,NONE,-1.0,-0.1,-1.0,-0.1
3,NONE,-1.0,-0.1,-1.0,-0.1
3,NONE,-1.0,-0.1,-1.0,-0.1
3,NONE,-1.0,-0.1,-1.0,-0.1
3,NONE,-1.0,-0.1,-1.0,-0.1
3,NONE,-1.0,-0.1,-1.0,-0.1
3,NONE,-1.0,-0.1,-1.0,-0.1
3,NONE,-1.0,-0.1,-1.0,-0.1
3,NONE,-1.0,-0.1,-1.0,-0.1
3,NONE,-1.0,-0.1,-1.0,-0.1
3,NONE,-1.0,-0.1,-1.0,-0.1
3,NONE,-1.0,-0.1,-1.0,-0.1
3,NONE,-1.0,-0.1,-1.0,-0.1
2,EV_B07_C021_Moto_Lineal_Electrica,-1.0,-0.1,7.0,16.837777783313
1,EV_B07_C021_Moto_Lineal_Electrica,7.0,82.65297106740181,-1.0,16.837777783313
1,EV_B07_C021_Moto_Lineal_Electrica,6.0,82.65297106740181,-1.0,16.837777783313
1,EV_B07_C021_Moto_Lineal_Electrica,5.0,82.65297106740181,-1.0,16.837777783313
1,EV_B07_C021_Moto_Lineal_Electrica,4.0,82.65297106740181,-1.0,16.837777783313
1,EV_B07_C021_Moto_Lineal_Electrica,3.0,82.65297106740181,-1.0,16.837777783313
1,EV_B07_C021_Moto_Lineal_Electrica,2.0,82.65297106740181,-1.0,16.837777783313
1,EV_B07_C021_Moto_Lineal_Electrica,1.0,82.65297106740181,-1.0,16.837777783313
1,EV_B07_C021_Moto_Lineal_Electrica,0.0,82.65297106740181,-1.0,16.837777783313
3,NONE,-1.0,-0.1,-1.0,-0.1
3,NONE,-1.0,-0.1,-1.0,-0.1
3,NONE,-1.0,-0.1,-1.0,-0.1
3,NONE,-1.0,-0.1,-1.0,-0.1
3,NONE,-1.0,-0.1,-1.0,-0.1
3,NONE,-1.0,-0.1,-1.0,-0.1
3,NONE,-1.0,-0.1,-1.0,-0.1
3,NONE,-1.0,-0.1,-1.0,-0.1
3,NONE,-1.0,-0.1,-1.0,-0.1
3,NONE,-1.0,-0.1,-1.0,-0.1
3,NONE,-1.0,-0.1,-1.0,-0.1
3,NONE,-1.0,-0.1,-1.0,-0.1
3,NONE,-1.0,-0.1,-1.0,-0.1
3,NONE,-1.0,-0.1,-1.0,-0.1
3,NONE,-1.0,-0.1,-1.0,-0.1
3,NONE,-1.0,-0.1,-1.0,-0.1
3,NONE,-1.0,-0.1,-1.0,-0.1
3,NONE,-1.0,-0.1,-1.0,-0.1
3,NONE,-1.0,-0.1,-1.0,-0.1
3,NONE,-1.0,-0.1,-1.0,-0.1
3,NONE,-1.0,-0.1,-1.0,-0.1
3,NONE,-1.0,-0.1,-1.0,-0.1
3,NONE,-1.0,-0.1,-1.0,-0.1
3,NONE,-1.0,-0.1,-1.0,-0.1
3,NONE,-1.0,-0.1,-1.0,-0.1
3,NONE,-1.0,-0.1,-1.0,-0.1
3,NONE,-1.0,-0.1,-1.0,-0.1
3,NONE,-1.0,-0.1,-1.0,-0.1
3,NONE,-1.0,-0.1,-1.0,-0.1
3,NONE,-1.0,-0.1,-1.0,-0.1
3,NONE,-1.0,-0.1,-1.0,-0.1
3,NONE,-1.0,-0.1,-1.0,-0.1
3,NONE,-1.0,-0.1,-1.0,-0.1
3,NONE,-1.0,-0.1,-1.0,-0.1
3,NONE,-1.0,-0.1,-1.0,-0.1
3,NONE,-1.0,-0.1,-1.0,-0.1
3,NONE,-1.0,-0.1,-1.0,-0.1
3,NONE,-1.0,-0.1,-1.0,-0.1
3,NONE,-1.0,-0.1,-1.0,-0.1
2,EV_B07_C021_Moto_Lineal_Electrica,-1.0,-0.1,7.0,23.60491569329874
1,EV_B07_C021_Moto_Lineal_Electrica,7.0,75.57199504099162,-1.0,23.60491569329874
1,EV_B07_C021_Moto_Lineal_Electrica,6.0,75.57199504099162,-1.0,23.60491569329874
1,EV_B07_C021_Moto_Lineal_Electrica,5.0,75.57199504099162,-1.0,23.60491569329874
1,EV_B07_C021_Moto_Lineal_Electrica,4.0,75.57199504099162,-1.0,23.60491569329874
1,EV_B07_C021_Moto_Lineal_Electrica,3.0,75.57199504099162,-1.0,23.60491569329874
1,EV_B07_C021_Moto_Lineal_Electrica,2.0,75.57199504099162,-1.0,23.60491569329874
1,EV_B07_C021_Moto_Lineal_Electrica,1.0,75.57199504099162,-1.0,23.60491569329874
1,EV_B07_C021_Moto_Lineal_Electrica,0.0,75.57199504099162,-1.0,23.60491569329874
3,NONE,-1.0,-0.1,-1.0,-0.1
3,NONE,-1.0,-0.1,-1.0,-0.1
3,NONE,-1.0,-0.1,-1.0,-0.1
3,NONE,-1.0,-0.1,-1.0,-0.1
3,NONE,-1.0,-0.1,-1.0,-0.1
3,NONE,-1.0,-0.1,-1.0,-0.1
3,NONE,-1.0,-0.1,-1.0,-0.1
3,NONE,-1.0,-0.1,-1.0,-0.1
3,NONE,-1.0,-0.1,-1.0,-0.1
3,NONE,-1.0,-0.1,-1.0,-0.1
3,NONE,-1.0,-0.1,-1.0,-0.1
3,NONE,-1.0,-0.1,-1.0,-0.1
3,NONE,-1.0,-0.1,-1.0,-0.1
3,NONE,-1.0,-0.1,-1.0,-0.1
3,NONE,-1.0,-0.1,-1.0,-0.1
2,EV_B07_C021_Moto_Lineal_Electrica,-1.0,-0.1,7.0,22.5947316822068
1,EV_B07_C021_Moto_Lineal_Electrica,7.0,85.72492542013126,-1.0,22.5947316822068
1,EV_B07_C021_Moto_Lineal_Electrica,6.0,85.72492542013126,-1.0,22.5947316822068
1,EV_B07_C021_Moto_Lineal_Electrica,5.0,85.72492542013126,-1.0,22.5947316822068
1,EV_B07_C021_Moto_Lineal_Electrica,4.0,85.72492542013126,-1.0,22.5947316822068
1,EV_B07_C021_Moto_Lineal_Electrica,3.0,85.72492542013126,-1.0,22.5947316822068
1,EV_B07_C021_Moto_Lineal_Electrica,2.0,85.72492542013126,-1.0,22.5947316822068
1,EV_B07_C021_Moto_Lineal_Electrica,1.0,85.72492542013126,-1.0,22.5947316822068
1,EV_B07_C021_Moto_Lineal_Electrica,0.0,85.72492542013126,-1.0,22.5947316822068
3,NONE,-1.0,-0.1,-1.0,-0.1
3,NONE,-1.0,-0.1,-1.0,-0.1
3,NONE,-1.0,-0.1,-1.0,-0.1
3,NONE,-1.0,-0.1,-1.0,-0.1
3,NONE,-1.0,-0.1,-1.0,-0.1
3,NONE,-1.0,-0.1,-1.0,-0.1
3,NONE,-1.0,-0.1,-1.0,-0.1
3,NONE,-1.0,-0.1,-1.0,-0.1
3,NONE,-1.0,-0.1,-1.0,-0.1
3,NONE,-1.0,-0.1,-1.0,-0.1
3,NONE,-1.0,-0.1,-1.0,-0.1
3,NONE,-1.0,-0.1,-1.0,-0.1
3,NONE,-1.0,-0.1,-1.0,-0.1
3,NONE,-1.0,-0.1,-1.0,-0.1
3,NONE,-1.0,-0.1,-1.0,-0.1
2,EV_B07_C021_Moto_Lineal_Electrica,-1.0,-0.1,7.0,31.300616150697138
1,EV_B07_C021_Moto_Lineal_Electrica,7.0,84.05107203596036,-1.0,31.300616150697138
1,EV_B07_C021_Moto_Lineal_Electrica,6.0,84.05107203596036,-1.0,31.300616150697138
1,EV_B07_C021_Moto_Lineal_Electrica,5.0,84.05107203596036,-1.0,31.300616150697138
1,EV_B07_C021_Moto_Lineal_Electrica,4.0,84.05107203596036,-1.0,31.300616150697138
1,EV_B07_C021_Moto_Lineal_Electrica,3.0,84.05107203596036,-1.0,31.300616150697138
1,EV_B07_C021_Moto_Lineal_Electrica,2.0,84.05107203596036,-1.0,31.300616150697138
1,EV_B07_C021_Moto_Lineal_Electrica,1.0,84.05107203596036,-1.0,31.300616150697138
1,EV_B07_C021_Moto_Lineal_Electrica,0.0,84.05107203596036,-1.0,31.300616150697138
3,NONE,-1.0,-0.1,-1.0,-0.1
3,NONE,-1.0,-0.1,-1.0,-0.1
3,NONE,-1.0,-0.1,-1.0,-0.1
3,NONE,-1.0,-0.1,-1.0,-0.1
3,NONE,-1.0,-0.1,-1.0,-0.1
3,NONE,-1.0,-0.1,-1.0,-0.1
3,NONE,-1.0,-0.1,-1.0,-0.1
3,NONE,-1.0,-0.1,-1.0,-0.1
3,NONE,-1.0,-0.1,-1.0,-0.1
3,NONE,-1.0,-0.1,-1.0,-0.1
3,NONE,-1.0,-0.1,-1.0,-0.1
3,NONE,-1.0,-0.1,-1.0,-0.1
3,NONE,-1.0,-0.1,-1.0,-0.1
3,NONE,-1.0,-0.1,-1.0,-0.1
3,NONE,-1.0,-0.1,-1.0,-0.1
3,NONE,-1.0,-0.1,-1.0,-0.1
3,NONE,-1.0,-0.1,-1.0,-0.1
3,NONE,-1.0,-0.1,-1.0,-0.1
3,NONE,-1.0,-0.1,-1.0,-0.1
3,NONE,-1.0,-0.1,-1.0,-0.1
3,NONE,-1.0,-0.1,-1.0,-0.1
3,NONE,-1.0,-0.1,-1.0,-0.1
3,NONE,-1.0,-0.1,-1.0,-0.1
3,NONE,-1.0,-0.1,-1.0,-0.1
3,NONE,-1.0,-0.1,-1.0,-0.1
3,NONE,-1.0,-0.1,-1.0,-0.1
3,NONE,-1.0,-0.1,-1.0,-0.1
3,NONE,-1.0,-0.1,-1.0,-0.1
3,NONE,-1.0,-0.1,-1.0,-0.1
3,NONE,-1.0,-0.1,-1.0,-0.1
3,NONE,-1.0,-0.1,-1.0,-0.1
3,NONE,-1.0,-0.1,-1.0,-0.1
3,NONE,-1.0,-0.1,-1.0,-0.1
3,NONE,-1.0,-0.1,-1.0,-0.1
3,NONE,-1.0,-0.1,-1.0,-0.1
3,NONE,-1.0,-0.1,-1.0,-0.1
3,NONE,-1.0,-0.1,-1.0,-0.1
3,NONE,-1.0,-0.1,-1.0,-0.1
3,NONE,-1.0,-0.1,-1.0,-0.1
3,NONE,-1.0,-0.1,-1.0,-0.1
3,NONE,-1.0,-0.1,-1.0,-0.1
3,NONE,-1.0,-0.1,-1.0,-0.1
3,NONE,-1.0,-0.1,-1.0,-0.1
3,NONE,-1.0,-0.1,-1.0,-0.1
3,NONE,-1.0,-0.1,-1.0,-0.1
3,NONE,-1.0,-0.1,-1.0,-0.1
3,NONE,-1.0,-0.1,-1.0,-0.1
3,NONE,-1.0,-0.1,-1.0,-0.1
3,NONE,-1.0,-0.1,-1.0,-0.1
3,NONE,-1.0,-0.1,-1.0,-0.1
3,NONE,-1.0,-0.1,-1.0,-0.1
3,NONE,-1.0,-0.1,-1.0,-0.1
3,NONE,-1.0,-0.1,-1.0,-0.1
3,NONE,-1.0,-0.1,-1.0,-0.1
3,NONE,-1.0,-0.1,-1.0,-0.1
3,NONE,-1.0,-0.1,-1.0,-0.1
3,NONE,-1.0,-0.1,-1.0,-0.1
3,NONE,-1.0,-0.1,-1.0,-0.1
3,NONE,-1.0,-0.1,-1.0,-0.1
3,NONE,-1.0,-0.1,-1.0,-0.1
3,NONE,-1.0,-0.1,-1.0,-0.1
3,NONE,-1.0,-0.1,-1.0,-0.1
3,NONE,-1.0,-0.1,-1.0,-0.1
2,EV_B07_C021_Moto_Lineal_Electrica,-1.0,-0.1,7.0,34.856054029976846
1,EV_B07_C021_Moto_Lineal_Electrica,7.0,78.05162948786054,-1.0,34.856054029976846
1,EV_B07_C021_Moto_Lineal_Electrica,6.0,78.05162948786054,-1.0,34.856054029976846
1,EV_B07_C021_Moto_Lineal_Electrica,5.0,78.05162948786054,-1.0,34.856054029976846
1,EV_B07_C021_Moto_Lineal_Electrica,4.0,78.05162948786054,-1.0,34.856054029976846
1,EV_B07_C021_Moto_Lineal_Electrica,3.0,78.05162948786054,-1.0,34.856054029976846
1,EV_B07_C021_Moto_Lineal_Electrica,2.0,78.05162948786054,-1.0,34.856054029976846
1,EV_B07_C021_Moto_Lineal_Electrica,1.0,78.05162948786054,-1.0,34.856054029976846
1,EV_B07_C021_Moto_Lineal_Electrica,0.0,78.05162948786054,-1.0,34.856054029976846
3,NONE,-1.0,-0.1,-1.0,-0.1
3,NONE,-1.0,-0.1,-1.0,-0.1
3,NONE,-1.0,-0.1,-1.0,-0.1
3,NONE,-1.0,-0.1,-1.0,-0.1
3,NONE,-1.0,-0.1,-1.0,-0.1
3,NONE,-1.0,-0.1,-1.0,-0.1
3,NONE,-1.0,-0.1,-1.0,-0.1
3,NONE,-1.0,-0.1,-1.0,-0.1
3,NONE,-1.0,-0.1,-1.0,-0.1
3,NONE,-1.0,-0.1,-1.0,-0.1
3,NONE,-1.0,-0.1,-1.0,-0.1
3,NONE,-1.0,-0.1,-1.0,-0.1
3,NONE,-1.0,-0.1,-1.0,-0.1
3,NONE,-1.0,-0.1,-1.0,-0.1
3,NONE,-1.0,-0.1,-1.0,-0.1
2,EV_B07_C021_Moto_Lineal_Electrica,-1.0,-0.1,7.0,21.243217913909966
1,EV_B07_C021_Moto_Lineal_Electrica,7.0,78.45530426971295,-1.0,21.243217913909966
1,EV_B07_C021_Moto_Lineal_Electrica,6.0,78.45530426971295,-1.0,21.243217913909966
1,EV_B07_C021_Moto_Lineal_Electrica,5.0,78.45530426971295,-1.0,21.243217913909966
1,EV_B07_C021_Moto_Lineal_Electrica,4.0,78.45530426971295,-1.0,21.243217913909966
1,EV_B07_C021_Moto_Lineal_Electrica,3.0,78.45530426971295,-1.0,21.243217913909966
1,EV_B07_C021_Moto_Lineal_Electrica,2.0,78.45530426971295,-1.0,21.243217913909966
1,EV_B07_C021_Moto_Lineal_Electrica,1.0,78.45530426971295,-1.0,21.243217913909966
1,EV_B07_C021_Moto_Lineal_Electrica,0.0,78.45530426971295,-1.0,21.243217913909966
3,NONE,-1.0,-0.1,-1.0,-0.1
3,NONE,-1.0,-0.1,-1.0,-0.1
3,NONE,-1.0,-0.1,-1.0,-0.1
3,NONE,-1.0,-0.1,-1.0,-0.1
3,NONE,-1.0,-0.1,-1.0,-0.1
3,NONE,-1.0,-0.1,-1.0,-0.1
3,NONE,-1.0,-0.1,-1.0,-0.1
3,NONE,-1.0,-0.1,-1.0,-0.1
3,NONE,-1.0,-0.1,-1.0,-0.1
3,NONE,-1.0,-0.1,-1.0,-0.1
3,NONE,-1.0,-0.1,-1.0,-0.1
3,NONE,-1.0,-0.1,-1.0,-0.1
3,NONE,-1.0,-0.1,-1.0,-0.1
3,NONE,-1.0,-0.1,-1.0,-0.1
3,NONE,-1.0,-0.1,-1.0,-0.1
3,NONE,-1.0,-0.1,-1.0,-0.1
2,EV_B07_C021_Moto_Lineal_Electrica,-1.0,-0.1,8.0,55.36534507536455
1,EV_B07_C021_Moto_Lineal_Electrica,6.0,97.01563027209338,-1.0,55.36534507536455
1,EV_B07_C021_Moto_Lineal_Electrica,5.0,97.01563027209338,-1.0,55.36534507536455
1,EV_B07_C021_Moto_Lineal_Electrica,4.0,97.01563027209338,-1.0,55.36534507536455
1,EV_B07_C021_Moto_Lineal_Electrica,3.0,97.01563027209338,-1.0,55.36534507536455
1,EV_B07_C021_Moto_Lineal_Electrica,2.0,97.01563027209338,-1.0,55.36534507536455
1,EV_B07_C021_Moto_Lineal_Electrica,1.0,97.01563027209338,-1.0,55.36534507536455
1,EV_B07_C021_Moto_Lineal_Electrica,0.0,97.01563027209338,-1.0,55.36534507536455
3,NONE,-1.0,-0.1,-1.0,-0.1
3,NONE,-1.0,-0.1,-1.0,-0.1
3,NONE,-1.0,-0.1,-1.0,-0.1
3,NONE,-1.0,-0.1,-1.0,-0.1
3,NONE,-1.0,-0.1,-1.0,-0.1
3,NONE,-1.0,-0.1,-1.0,-0.1
3,NONE,-1.0,-0.1,-1.0,-0.1
3,NONE,-1.0,-0.1,-1.0,-0.1
3,NONE,-1.0,-0.1,-1.0,-0.1
3,NONE,-1.0,-0.1,-1.0,-0.1
3,NONE,-1.0,-0.1,-1.0,-0.1
3,NONE,-1.0,-0.1,-1.0,-0.1
3,NONE,-1.0,-0.1,-1.0,-0.1
3,NONE,-1.0,-0.1,-1.0,-0.1
3,NONE,-1.0,-0.1,-1.0,-0.1
3,NONE,-1.0,-0.1,-1.0,-0.1
3,NONE,-1.0,-0.1,-1.0,-0.1
3,NONE,-1.0,-0.1,-1.0,-0.1
2,EV_B07_C021_Moto_Lineal_Electrica,-1.0,-0.1,10.0,9.327020392484812
1,EV_B07_C021_Moto_Lineal_Electrica,4.0,86.38608010307637,-1.0,9.327020392484812
1,EV_B07_C021_Moto_Lineal_Electrica,3.0,86.38608010307637,-1.0,9.327020392484812
1,EV_B07_C021_Moto_Lineal_Electrica,2.0,86.38608010307637,-1.0,9.327020392484812
1,EV_B07_C021_Moto_Lineal_Electrica,1.0,86.38608010307637,-1.0,9.327020392484812
1,EV_B07_C021_Moto_Lineal_Electrica,0.0,86.38608010307637,-1.0,9.327020392484812
3,NONE,-1.0,-0.1,-1.0,-0.1
3,NONE,-1.0,-0.1,-1.0,-0.1
3,NONE,-1.0,-0.1,-1.0,-0.1
3,NONE,-1.0,-0.1,-1.0,-0.1
3,NONE,-1.0,-0.1,-1.0,-0.1
3,NONE,-1.0,-0.1,-1.0,-0.1
3,NONE,-1.0,-0.1,-1.0,-0.1
3,NONE,-1.0,-0.1,-1.0,-0.1
3,NONE,-1.0,-0.1,-1.0,-0.1
3,NONE,-1.0,-0.1,-1.0,-0.1
3,NONE,-1.0,-0.1,-1.0,-0.1
3,NONE,-1.0,-0.1,-1.0,-0.1
3,NONE,-1.0,-0.1,-1.0,-0.1
3,NONE,-1.0,-0.1,-1.0,-0.1
3,NONE,-1.0,-0.1,-1.0,-0.1
2,EV_B07_C021_Moto_Lineal_Electrica,-1.0,-0.1,7.0,34.58587612023691
1,EV_B07_C021_Moto_Lineal_Electrica,7.0,85.71641217047787,-1.0,34.58587612023691
1,EV_B07_C021_Moto_Lineal_Electrica,6.0,85.71641217047787,-1.0,34.58587612023691
1,EV_B07_C021_Moto_Lineal_Electrica,5.0,85.71641217047787,-1.0,34.58587612023691
1,EV_B07_C021_Moto_Lineal_Electrica,4.0,85.71641217047787,-1.0,34.58587612023691
1,EV_B07_C021_Moto_Lineal_Electrica,3.0,85.71641217047787,-1.0,34.58587612023691
1,EV_B07_C021_Moto_Lineal_Electrica,2.0,85.71641217047787,-1.0,34.58587612023691
1,EV_B07_C021_Moto_Lineal_Electrica,1.0,85.71641217047787,-1.0,34.58587612023691
1,EV_B07_C021_Moto_Lineal_Electrica,0.0,85.71641217047787,-1.0,34.58587612023691
3,NONE,-1.0,-0.1,-1.0,-0.1
3,NONE,-1.0,-0.1,-1.0,-0.1
3,NONE,-1.0,-0.1,-1.0,-0.1
3,NONE,-1.0,-0.1,-1.0,-0.1
3,NONE,-1.0,-0.1,-1.0,-0.1
3,NONE,-1.0,-0.1,-1.0,-0.1
3,NONE,-1.0,-0.1,-1.0,-0.1
3,NONE,-1.0,-0.1,-1.0,-0.1
3,NONE,-1.0,-0.1,-1.0,-0.1
3,NONE,-1.0,-0.1,-1.0,-0.1
3,NONE,-1.0,-0.1,-1.0,-0.1
3,NONE,-1.0,-0.1,-1.0,-0.1
3,NONE,-1.0,-0.1,-1.0,-0.1
3,NONE,-1.0,-0.1,-1.0,-0.1
3,NONE,-1.0,-0.1,-1.0,-0.1
3,NONE,-1.0,-0.1,-1.0,-0.1
3,NONE,-1.0,-0.1,-1.0,-0.1
3,NONE,-1.0,-0.1,-1.0,-0.1
3,NONE,-1.0,-0.1,-1.0,-0.1
3,NONE,-1.0,-0.1,-1.0,-0.1
3,NONE,-1.0,-0.1,-1.0,-0.1
3,NONE,-1.0,-0.1,-1.0,-0.1
3,NONE,-1.0,-0.1,-1.0,-0.1
3,NONE,-1.0,-0.1,-1.0,-0.1
3,NONE,-1.0,-0.1,-1.0,-0.1
3,NONE,-1.0,-0.1,-1.0,-0.1
3,NONE,-1.0,-0.1,-1.0,-0.1
3,NONE,-1.0,-0.1,-1.0,-0.1
3,NONE,-1.0,-0.1,-1.0,-0.1
3,NONE,-1.0,-0.1,-1.0,-0.1
3,NONE,-1.0,-0.1,-1.0,-0.1
3,NONE,-1.0,-0.1,-1.0,-0.1
3,NONE,-1.0,-0.1,-1.0,-0.1
3,NONE,-1.0,-0.1,-1.0,-0.1
3,NONE,-1.0,-0.1,-1.0,-0.1
3,NONE,-1.0,-0.1,-1.0,-0.1
3,NONE,-1.0,-0.1,-1.0,-0.1
3,NONE,-1.0,-0.1,-1.0,-0.1
3,NONE,-1.0,-0.1,-1.0,-0.1
3,NONE,-1.0,-0.1,-1.0,-0.1
3,NONE,-1.0,-0.1,-1.0,-0.1
3,NONE,-1.0,-0.1,-1.0,-0.1
3,NONE,-1.0,-0.1,-1.0,-0.1
3,NONE,-1.0,-0.1,-1.0,-0.1
3,NONE,-1.0,-0.1,-1.0,-0.1
3,NONE,-1.0,-0.1,-1.0,-0.1
3,NONE,-1.0,-0.1,-1.0,-0.1
3,NONE,-1.0,-0.1,-1.0,-0.1
3,NONE,-1.0,-0.1,-1.0,-0.1
3,NONE,-1.0,-0.1,-1.0,-0.1
3,NONE,-1.0,-0.1,-1.0,-0.1
3,NONE,-1.0,-0.1,-1.0,-0.1
3,NONE,-1.0,-0.1,-1.0,-0.1
3,NONE,-1.0,-0.1,-1.0,-0.1
3,NONE,-1.0,-0.1,-1.0,-0.1
3,NONE,-1.0,-0.1,-1.0,-0.1
3,NONE,-1.0,-0.1,-1.0,-0.1
3,NONE,-1.0,-0.1,-1.0,-0.1
3,NONE,-1.0,-0.1,-1.0,-0.1
3,NONE,-1.0,-0.1,-1.0,-0.1
3,NONE,-1.0,-0.1,-1.0,-0.1
3,NONE,-1.0,-0.1,-1.0,-0.1
3,NONE,-1.0,-0.1,-1.0,-0.1
2,EV_B07_C021_Moto_Lineal_Electrica,-1.0,-0.1,7.0,12.856591741229881
1,EV_B07_C021_Moto_Lineal_Electrica,7.0,85.80260709077945,-1.0,12.856591741229881
1,EV_B07_C021_Moto_Lineal_Electrica,6.0,85.80260709077945,-1.0,12.856591741229881
1,EV_B07_C021_Moto_Lineal_Electrica,5.0,85.80260709077945,-1.0,12.856591741229881
1,EV_B07_C021_Moto_Lineal_Electrica,4.0,85.80260709077945,-1.0,12.856591741229881
1,EV_B07_C021_Moto_Lineal_Electrica,3.0,85.80260709077945,-1.0,12.856591741229881
1,EV_B07_C021_Moto_Lineal_Electrica,2.0,85.80260709077945,-1.0,12.856591741229881
1,EV_B07_C021_Moto_Lineal_Electrica,1.0,85.80260709077945,-1.0,12.856591741229881
1,EV_B07_C021_Moto_Lineal_Electrica,0.0,85.80260709077945,-1.0,12.856591741229881
3,NONE,-1.0,-0.1,-1.0,-0.1
3,NONE,-1.0,-0.1,-1.0,-0.1
3,NONE,-1.0,-0.1,-1.0,-0.1
3,NONE,-1.0,-0.1,-1.0,-0.1
3,NONE,-1.0,-0.1,-1.0,-0.1
3,NONE,-1.0,-0.1,-1.0,-0.1
3,NONE,-1.0,-0.1,-1.0,-0.1
3,NONE,-1.0,-0.1,-1.0,-0.1
3,NONE,-1.0,-0.1,-1.0,-0.1
3,NONE,-1.0,-0.1,-1.0,-0.1
3,NONE,-1.0,-0.1,-1.0,-0.1
3,NONE,-1.0,-0.1,-1.0,-0.1
3,NONE,-1.0,-0.1,-1.0,-0.1
3,NONE,-1.0,-0.1,-1.0,-0.1
3,NONE,-1.0,-0.1,-1.0,-0.1
2,EV_B07_C021_Moto_Lineal_Electrica,-1.0,-0.1,7.0,35.13606004614786
1,EV_B07_C021_Moto_Lineal_Electrica,7.0,81.03677727683689,-1.0,35.13606004614786
1,EV_B07_C021_Moto_Lineal_Electrica,6.0,81.03677727683689,-1.0,35.13606004614786
1,EV_B07_C021_Moto_Lineal_Electrica,5.0,81.03677727683689,-1.0,35.13606004614786
1,EV_B07_C021_Moto_Lineal_Electrica,4.0,81.03677727683689,-1.0,35.13606004614786
1,EV_B07_C021_Moto_Lineal_Electrica,3.0,81.03677727683689,-1.0,35.13606004614786
1,EV_B07_C021_Moto_Lineal_Electrica,2.0,81.03677727683689,-1.0,35.13606004614786
1,EV_B07_C021_Moto_Lineal_Electrica,1.0,81.03677727683689,-1.0,35.13606004614786
1,EV_B07_C021_Moto_Lineal_Electrica,0.0,81.03677727683689,-1.0,35.13606004614786
3,NONE,-1.0,-0.1,-1.0,-0.1
3,NONE,-1.0,-0.1,-1.0,-0.1
3,NONE,-1.0,-0.1,-1.0,-0.1
3,NONE,-1.0,-0.1,-1.0,-0.1
3,NONE,-1.0,-0.1,-1.0,-0.1
3,NONE,-1.0,-0.1,-1.0,-0.1
3,NONE,-1.0,-0.1,-1.0,-0.1
3,NONE,-1.0,-0.1,-1.0,-0.1
3,NONE,-1.0,-0.1,-1.0,-0.1
3,NONE,-1.0,-0.1,-1.0,-0.1
3,NONE,-1.0,-0.1,-1.0,-0.1
3,NONE,-1.0,-0.1,-1.0,-0.1
3,NONE,-1.0,-0.1,-1.0,-0.1
3,NONE,-1.0,-0.1,-1.0,-0.1
3,NONE,-1.0,-0.1,-1.0,-0.1
3,NONE,-1.0,-0.1,-1.0,-0.1
3,NONE,-1.0,-0.1,-1.0,-0.1
3,NONE,-1.0,-0.1,-1.0,-0.1
3,NONE,-1.0,-0.1,-1.0,-0.1
3,NONE,-1.0,-0.1,-1.0,-0.1
3,NONE,-1.0,-0.1,-1.0,-0.1
3,NONE,-1.0,-0.1,-1.0,-0.1
3,NONE,-1.0,-0.1,-1.0,-0.1
3,NONE,-1.0,-0.1,-1.0,-0.1
3,NONE,-1.0,-0.1,-1.0,-0.1
3,NONE,-1.0,-0.1,-1.0,-0.1
3,NONE,-1.0,-0.1,-1.0,-0.1
3,NONE,-1.0,-0.1,-1.0,-0.1
3,NONE,-1.0,-0.1,-1.0,-0.1
3,NONE,-1.0,-0.1,-1.0,-0.1
3,NONE,-1.0,-0.1,-1.0,-0.1
3,NONE,-1.0,-0.1,-1.0,-0.1
3,NONE,-1.0,-0.1,-1.0,-0.1
3,NONE,-1.0,-0.1,-1.0,-0.1
3,NONE,-1.0,-0.1,-1.0,-0.1
3,NONE,-1.0,-0.1,-1.0,-0.1
3,NONE,-1.0,-0.1,-1.0,-0.1
3,NONE,-1.0,-0.1,-1.0,-0.1
3,NONE,-1.0,-0.1,-1.0,-0.1
3,NONE,-1.0,-0.1,-1.0,-0.1
2,EV_B07_C021_Moto_Lineal_Electrica,-1.0,-0.1,8.0,23.247752778771925
1,EV_B07_C021_Moto_Lineal_Electrica,6.0,84.6715596788204,-1.0,23.247752778771925
1,EV_B07_C021_Moto_Lineal_Electrica,5.0,84.6715596788204,-1.0,23.247752778771925
1,EV_B07_C021_Moto_Lineal_Electrica,4.0,84.6715596788204,-1.0,23.247752778771925
1,EV_B07_C021_Moto_Lineal_Electrica,3.0,84.6715596788204,-1.0,23.247752778771925
1,EV_B07_C021_Moto_Lineal_Electrica,2.0,84.6715596788204,-1.0,23.247752778771925
1,EV_B07_C021_Moto_Lineal_Electrica,1.0,84.6715596788204,-1.0,23.247752778771925
1,EV_B07_C021_Moto_Lineal_Electrica,0.0,84.6715596788204,-1.0,23.247752778771925
3,NONE,-1.0,-0.1,-1.0,-0.1
3,NONE,-1.0,-0.1,-1.0,-0.1
3,NONE,-1.0,-0.1,-1.0,-0.1
3,NONE,-1.0,-0.1,-1.0,-0.1
3,NONE,-1.0,-0.1,-1.0,-0.1
3,NONE,-1.0,-0.1,-1.0,-0.1
3,NONE,-1.0,-0.1,-1.0,-0.1
3,NONE,-1.0,-0.1,-1.0,-0.1
3,NONE,-1.0,-0.1,-1.0,-0.1
3,NONE,-1.0,-0.1,-1.0,-0.1
3,NONE,-1.0,-0.1,-1.0,-0.1
3,NONE,-1.0,-0.1,-1.0,-0.1
3,NONE,-1.0,-0.1,-1.0,-0.1
3,NONE,-1.0,-0.1,-1.0,-0.1
3,NONE,-1.0,-0.1,-1.0,-0.1
3,NONE,-1.0,-0.1,-1.0,-0.1
2,EV_B07_C021_Moto_Lineal_Electrica,-1.0,-0.1,8.0,17.068034848152383
1,EV_B07_C021_Moto_Lineal_Electrica,6.0,73.85879616713996,-1.0,17.068034848152383
1,EV_B07_C021_Moto_Lineal_Electrica,5.0,73.85879616713996,-1.0,17.068034848152383
1,EV_B07_C021_Moto_Lineal_Electrica,4.0,73.85879616713996,-1.0,17.068034848152383
1,EV_B07_C021_Moto_Lineal_Electrica,3.0,73.85879616713996,-1.0,17.068034848152383
1,EV_B07_C021_Moto_Lineal_Electrica,2.0,73.85879616713996,-1.0,17.068034848152383
1,EV_B07_C021_Moto_Lineal_Electrica,1.0,73.85879616713996,-1.0,17.068034848152383
1,EV_B07_C021_Moto_Lineal_Electrica,0.0,73.85879616713996,-1.0,17.068034848152383
3,NONE,-1.0,-0.1,-1.0,-0.1
3,NONE,-1.0,-0.1,-1.0,-0.1
3,NONE,-1.0,-0.1,-1.0,-0.1
3,NONE,-1.0,-0.1,-1.0,-0.1
3,NONE,-1.0,-0.1,-1.0,-0.1
3,NONE,-1.0,-0.1,-1.0,-0.1
3,NONE,-1.0,-0.1,-1.0,-0.1
3,NONE,-1.0,-0.1,-1.0,-0.1
3,NONE,-1.0,-0.1,-1.0,-0.1
3,NONE,-1.0,-0.1,-1.0,-0.1
3,NONE,-1.0,-0.1,-1.0,-0.1
3,NONE,-1.0,-0.1,-1.0,-0.1
3,NONE,-1.0,-0.1,-1.0,-0.1
3,NONE,-1.0,-0.1,-1.0,-0.1
3,NONE,-1.0,-0.1,-1.0,-0.1
3,NONE,-1.0,-0.1,-1.0,-0.1
3,NONE,-1.0,-0.1,-1.0,-0.1
3,NONE,-1.0,-0.1,-1.0,-0.1
3,NONE,-1.0,-0.1,-1.0,-0.1
3,NONE,-1.0,-0.1,-1.0,-0.1
3,NONE,-1.0,-0.1,-1.0,-0.1
3,NONE,-1.0,-0.1,-1.0,-0.1
3,NONE,-1.0,-0.1,-1.0,-0.1
3,NONE,-1.0,-0.1,-1.0,-0.1
3,NONE,-1.0,-0.1,-1.0,-0.1
3,NONE,-1.0,-0.1,-1.0,-0.1
3,NONE,-1.0,-0.1,-1.0,-0.1
3,NONE,-1.0,-0.1,-1.0,-0.1
3,NONE,-1.0,-0.1,-1.0,-0.1
3,NONE,-1.0,-0.1,-1.0,-0.1
3,NONE,-1.0,-0.1,-1.0,-0.1
3,NONE,-1.0,-0.1,-1.0,-0.1
3,NONE,-1.0,-0.1,-1.0,-0.1
3,NONE,-1.0,-0.1,-1.0,-0.1
3,NONE,-1.0,-0.1,-1.0,-0.1
3,NONE,-1.0,-0.1,-1.0,-0.1
3,NONE,-1.0,-0.1,-1.0,-0.1
3,NONE,-1.0,-0.1,-1.0,-0.1
3,NONE,-1.0,-0.1,-1.0,-0.1
3,NONE,-1.0,-0.1,-1.0,-0.1
3,NONE,-1.0,-0.1,-1.0,-0.1
3,NONE,-1.0,-0.1,-1.0,-0.1
3,NONE,-1.0,-0.1,-1.0,-0.1
3,NONE,-1.0,-0.1,-1.0,-0.1
3,NONE,-1.0,-0.1,-1.0,-0.1
3,NONE,-1.0,-0.1,-1.0,-0.1
3,NONE,-1.0,-0.1,-1.0,-0.1
3,NONE,-1.0,-0.1,-1.0,-0.1
3,NONE,-1.0,-0.1,-1.0,-0.1
3,NONE,-1.0,-0.1,-1.0,-0.1
3,NONE,-1.0,-0.1,-1.0,-0.1
3,NONE,-1.0,-0.1,-1.0,-0.1
3,NONE,-1.0,-0.1,-1.0,-0.1
3,NONE,-1.0,-0.1,-1.0,-0.1
3,NONE,-1.0,-0.1,-1.0,-0.1
3,NONE,-1.0,-0.1,-1.0,-0.1
3,NONE,-1.0,-0.1,-1.0,-0.1
3,NONE,-1.0,-0.1,-1.0,-0.1
3,NONE,-1.0,-0.1,-1.0,-0.1
3,NONE,-1.0,-0.1,-1.0,-0.1
3,NONE,-1.0,-0.1,-1.0,-0.1
3,NONE,-1.0,-0.1,-1.0,-0.1
3,NONE,-1.0,-0.1,-1.0,-0.1
3,NONE,-1.0,-0.1,-1.0,-0.1
3,NONE,-1.0,-0.1,-1.0,-0.1
3,NONE,-1.0,-0.1,-1.0,-0.1
3,NONE,-1.0,-0.1,-1.0,-0.1
3,NONE,-1.0,-0.1,-1.0,-0.1
3,NONE,-1.0,-0.1,-1.0,-0.1
3,NONE,-1.0,-0.1,-1.0,-0.1
3,NONE,-1.0,-0.1,-1.0,-0.1
3,NONE,-1.0,-0.1,-1.0,-0.1
3,NONE,-1.0,-0.1,-1.0,-0.1
3,NONE,-1.0,-0.1,-1.0,-0.1
3,NONE,-1.0,-0.1,-1.0,-0.1
3,NONE,-1.0,-0.1,-1.0,-0.1
3,NONE,-1.0,-0.1,-1.0,-0.1
3,NONE,-1.0,-0.1,-1.0,-0.1
3,NONE,-1.0,-0.1,-1.0,-0.1
3,NONE,-1.0,-0.1,-1.0,-0.1
3,NONE,-1.0,-0.1,-1.0,-0.1
3,NONE,-1.0,-0.1,-1.0,-0.1
3,NONE,-1.0,-0.1,-1.0,-0.1
3,NONE,-1.0,-0.1,-1.0,-0.1
3,NONE,-1.0,-0.1,-1.0,-0.1
3,NONE,-1.0,-0.1,-1.0,-0.1
3,NONE,-1.0,-0.1,-1.0,-0.1
2,EV_B07_C021_Moto_Lineal_Electrica,-1.0,-0.1,7.0,12.638958788205485
1,EV_B07_C021_Moto_Lineal_Electrica,7.0,79.74727693461149,-1.0,12.638958788205485
1,EV_B07_C021_Moto_Lineal_Electrica,6.0,79.74727693461149,-1.0,12.638958788205485
1,EV_B07_C021_Moto_Lineal_Electrica,5.0,79.74727693461149,-1.0,12.638958788205485
1,EV_B07_C021_Moto_Lineal_Electrica,4.0,79.74727693461149,-1.0,12.638958788205485
1,EV_B07_C021_Moto_Lineal_Electrica,3.0,79.74727693461149,-1.0,12.638958788205485
1,EV_B07_C021_Moto_Lineal_Electrica,2.0,79.74727693461149,-1.0,12.638958788205485
1,EV_B07_C021_Moto_Lineal_Electrica,1.0,79.74727693461149,-1.0,12.638958788205485
1,EV_B07_C021_Moto_Lineal_Electrica,0.0,79.74727693461149,-1.0,12.638958788205485
3,NONE,-1.0,-0.1,-1.0,-0.1
3,NONE,-1.0,-0.1,-1.0,-0.1
3,NONE,-1.0,-0.1,-1.0,-0.1
3,NONE,-1.0,-0.1,-1.0,-0.1
3,NONE,-1.0,-0.1,-1.0,-0.1
3,NONE,-1.0,-0.1,-1.0,-0.1
3,NONE,-1.0,-0.1,-1.0,-0.1
3,NONE,-1.0,-0.1,-1.0,-0.1
3,NONE,-1.0,-0.1,-1.0,-0.1
3,NONE,-1.0,-0.1,-1.0,-0.1
3,NONE,-1.0,-0.1,-1.0,-0.1
3,NONE,-1.0,-0.1,-1.0,-0.1
3,NONE,-1.0,-0.1,-1.0,-0.1
3,NONE,-1.0,-0.1,-1.0,-0.1
3,NONE,-1.0,-0.1,-1.0,-0.1
3,NONE,-1.0,-0.1,-1.0,-0.1
2,EV_B07_C021_Moto_Lineal_Electrica,-1.0,-0.1,8.0,23.14230396736547
1,EV_B07_C021_Moto_Lineal_Electrica,6.0,85.18837487802406,-1.0,23.14230396736547
1,EV_B07_C021_Moto_Lineal_Electrica,5.0,85.18837487802406,-1.0,23.14230396736547
1,EV_B07_C021_Moto_Lineal_Electrica,4.0,85.18837487802406,-1.0,23.14230396736547
1,EV_B07_C021_Moto_Lineal_Electrica,3.0,85.18837487802406,-1.0,23.14230396736547
1,EV_B07_C021_Moto_Lineal_Electrica,2.0,85.18837487802406,-1.0,23.14230396736547
1,EV_B07_C021_Moto_Lineal_Electrica,1.0,85.18837487802406,-1.0,23.14230396736547
1,EV_B07_C021_Moto_Lineal_Electrica,0.0,85.18837487802406,-1.0,23.14230396736547
3,NONE,-1.0,-0.1,-1.0,-0.1
3,NONE,-1.0,-0.1,-1.0,-0.1
3,NONE,-1.0,-0.1,-1.0,-0.1
3,NONE,-1.0,-0.1,-1.0,-0.1
3,NONE,-1.0,-0.1,-1.0,-0.1
3,NONE,-1.0,-0.1,-1.0,-0.1
3,NONE,-1.0,-0.1,-1.0,-0.1
3,NONE,-1.0,-0.1,-1.0,-0.1
3,NONE,-1.0,-0.1,-1.0,-0.1
3,NONE,-1.0,-0.1,-1.0,-0.1
3,NONE,-1.0,-0.1,-1.0,-0.1
3,NONE,-1.0,-0.1,-1.0,-0.1
3,NONE,-1.0,-0.1,-1.0,-0.1
3,NONE,-1.0,-0.1,-1.0,-0.1
3,NONE,-1.0,-0.1,-1.0,-0.1
3,NONE,-1.0,-0.1,-1.0,-0.1
2,EV_B07_C021_Moto_Lineal_Electrica,-1.0,-0.1,8.0,26.29080296821712
1,EV_B07_C021_Moto_Lineal_Electrica,6.0,83.88387085308867,-1.0,26.29080296821712
1,EV_B07_C021_Moto_Lineal_Electrica,5.0,83.88387085308867,-1.0,26.29080296821712
1,EV_B07_C021_Moto_Lineal_Electrica,4.0,83.88387085308867,-1.0,26.29080296821712
1,EV_B07_C021_Moto_Lineal_Electrica,3.0,83.88387085308867,-1.0,26.29080296821712
1,EV_B07_C021_Moto_Lineal_Electrica,2.0,83.88387085308867,-1.0,26.29080296821712
1,EV_B07_C021_Moto_Lineal_Electrica,1.0,83.88387085308867,-1.0,26.29080296821712
1,EV_B07_C021_Moto_Lineal_Electrica,0.0,83.88387085308867,-1.0,26.29080296821712
3,NONE,-1.0,-0.1,-1.0,-0.1
3,NONE,-1.0,-0.1,-1.0,-0.1
3,NONE,-1.0,-0.1,-1.0,-0.1
3,NONE,-1.0,-0.1,-1.0,-0.1
3,NONE,-1.0,-0.1,-1.0,-0.1
3,NONE,-1.0,-0.1,-1.0,-0.1
3,NONE,-1.0,-0.1,-1.0,-0.1
3,NONE,-1.0,-0.1,-1.0,-0.1
3,NONE,-1.0,-0.1,-1.0,-0.1
3,NONE,-1.0,-0.1,-1.0,-0.1
3,NONE,-1.0,-0.1,-1.0,-0.1
3,NONE,-1.0,-0.1,-1.0,-0.1
3,NONE,-1.0,-0.1,-1.0,-0.1
3,NONE,-1.0,-0.1,-1.0,-0.1
3,NONE,-1.0,-0.1,-1.0,-0.1
2,EV_B07_C021_Moto_Lineal_Electrica,-1.0,-0.1,7.0,18.336715426035056
1,EV_B07_C021_Moto_Lineal_Electrica,7.0,92.16289139885451,-1.0,18.336715426035056
1,EV_B07_C021_Moto_Lineal_Electrica,6.0,92.16289139885451,-1.0,18.336715426035056
1,EV_B07_C021_Moto_Lineal_Electrica,5.0,92.16289139885451,-1.0,18.336715426035056
1,EV_B07_C021_Moto_Lineal_Electrica,4.0,92.16289139885451,-1.0,18.336715426035056
1,EV_B07_C021_Moto_Lineal_Electrica,3.0,92.16289139885451,-1.0,18.336715426035056
1,EV_B07_C021_Moto_Lineal_Electrica,2.0,92.16289139885451,-1.0,18.336715426035056
1,EV_B07_C021_Moto_Lineal_Electrica,1.0,92.16289139885451,-1.0,18.336715426035056
1,EV_B07_C021_Moto_Lineal_Electrica,0.0,92.16289139885451,-1.0,18.336715426035056
3,NONE,-1.0,-0.1,-1.0,-0.1
3,NONE,-1.0,-0.1,-1.0,-0.1
3,NONE,-1.0,-0.1,-1.0,-0.1
3,NONE,-1.0,-0.1,-1.0,-0.1
3,NONE,-1.0,-0.1,-1.0,-0.1
3,NONE,-1.0,-0.1,-1.0,-0.1
3,NONE,-1.0,-0.1,-1.0,-0.1
3,NONE,-1.0,-0.1,-1.0,-0.1
3,NONE,-1.0,-0.1,-1.0,-0.1
3,NONE,-1.0,-0.1,-1.0,-0.1
3,NONE,-1.0,-0.1,-1.0,-0.1
3,NONE,-1.0,-0.1,-1.0,-0.1
3,NONE,-1.0,-0.1,-1.0,-0.1
3,NONE,-1.0,-0.1,-1.0,-0.1
3,NONE,-1.0,-0.1,-1.0,-0.1
3,NONE,-1.0,-0.1,-1.0,-0.1
3,NONE,-1.0,-0.1,-1.0,-0.1
3,NONE,-1.0,-0.1,-1.0,-0.1
3,NONE,-1.0,-0.1,-1.0,-0.1
3,NONE,-1.0,-0.1,-1.0,-0.1
3,NONE,-1.0,-0.1,-1.0,-0.1
3,NONE,-1.0,-0.1,-1.0,-0.1
3,NONE,-1.0,-0.1,-1.0,-0.1
3,NONE,-1.0,-0.1,-1.0,-0.1
3,NONE,-1.0,-0.1,-1.0,-0.1
3,NONE,-1.0,-0.1,-1.0,-0.1
3,NONE,-1.0,-0.1,-1.0,-0.1
3,NONE,-1.0,-0.1,-1.0,-0.1
3,NONE,-1.0,-0.1,-1.0,-0.1
3,NONE,-1.0,-0.1,-1.0,-0.1
3,NONE,-1.0,-0.1,-1.0,-0.1
3,NONE,-1.0,-0.1,-1.0,-0.1
3,NONE,-1.0,-0.1,-1.0,-0.1
3,NONE,-1.0,-0.1,-1.0,-0.1
3,NONE,-1.0,-0.1,-1.0,-0.1
3,NONE,-1.0,-0.1,-1.0,-0.1
3,NONE,-1.0,-0.1,-1.0,-0.1
3,NONE,-1.0,-0.1,-1.0,-0.1
3,NONE,-1.0,-0.1,-1.0,-0.1
3,NONE,-1.0,-0.1,-1.0,-0.1
3,NONE,-1.0,-0.1,-1.0,-0.1
3,NONE,-1.0,-0.1,-1.0,-0.1
3,NONE,-1.0,-0.1,-1.0,-0.1
3,NONE,-1.0,-0.1,-1.0,-0.1
3,NONE,-1.0,-0.1,-1.0,-0.1
3,NONE,-1.0,-0.1,-1.0,-0.1
3,NONE,-1.0,-0.1,-1.0,-0.1
3,NONE,-1.0,-0.1,-1.0,-0.1
3,NONE,-1.0,-0.1,-1.0,-0.1
3,NONE,-1.0,-0.1,-1.0,-0.1
3,NONE,-1.0,-0.1,-1.0,-0.1
3,NONE,-1.0,-0.1,-1.0,-0.1
3,NONE,-1.0,-0.1,-1.0,-0.1
3,NONE,-1.0,-0.1,-1.0,-0.1
3,NONE,-1.0,-0.1,-1.0,-0.1
3,NONE,-1.0,-0.1,-1.0,-0.1
3,NONE,-1.0,-0.1,-1.0,-0.1
3,NONE,-1.0,-0.1,-1.0,-0.1
3,NONE,-1.0,-0.1,-1.0,-0.1
3,NONE,-1.0,-0.1,-1.0,-0.1
3,NONE,-1.0,-0.1,-1.0,-0.1
3,NONE,-1.0,-0.1,-1.0,-0.1
3,NONE,-1.0,-0.1,-1.0,-0.1
3,NONE,-1.0,-0.1,-1.0,-0.1
2,EV_B07_C021_Moto_Lineal_Electrica,-1.0,-0.1,8.0,40.00452917662696
1,EV_B07_C021_Moto_Lineal_Electrica,6.0,88.93031361699687,-1.0,40.00452917662696
1,EV_B07_C021_Moto_Lineal_Electrica,5.0,88.93031361699687,-1.0,40.00452917662696
1,EV_B07_C021_Moto_Lineal_Electrica,4.0,88.93031361699687,-1.0,40.00452917662696
1,EV_B07_C021_Moto_Lineal_Electrica,3.0,88.93031361699687,-1.0,40.00452917662696
1,EV_B07_C021_Moto_Lineal_Electrica,2.0,88.93031361699687,-1.0,40.00452917662696
1,EV_B07_C021_Moto_Lineal_Electrica,1.0,88.93031361699687,-1.0,40.00452917662696
1,EV_B07_C021_Moto_Lineal_Electrica,0.0,88.93031361699687,-1.0,40.00452917662696
3,NONE,-1.0,-0.1,-1.0,-0.1
3,NONE,-1.0,-0.1,-1.0,-0.1
3,NONE,-1.0,-0.1,-1.0,-0.1
3,NONE,-1.0,-0.1,-1.0,-0.1
3,NONE,-1.0,-0.1,-1.0,-0.1
3,NONE,-1.0,-0.1,-1.0,-0.1
3,NONE,-1.0,-0.1,-1.0,-0.1
3,NONE,-1.0,-0.1,-1.0,-0.1
3,NONE,-1.0,-0.1,-1.0,-0.1
3,NONE,-1.0,-0.1,-1.0,-0.1
3,NONE,-1.0,-0.1,-1.0,-0.1
3,NONE,-1.0,-0.1,-1.0,-0.1
3,NONE,-1.0,-0.1,-1.0,-0.1
3,NONE,-1.0,-0.1,-1.0,-0.1
3,NONE,-1.0,-0.1,-1.0,-0.1
2,EV_B07_C021_Moto_Lineal_Electrica,-1.0,-0.1,7.0,43.192186985600614
1,EV_B07_C021_Moto_Lineal_Electrica,7.0,85.61172985093093,-1.0,43.192186985600614
1,EV_B07_C021_Moto_Lineal_Electrica,6.0,85.61172985093093,-1.0,43.192186985600614
1,EV_B07_C021_Moto_Lineal_Electrica,5.0,85.61172985093093,-1.0,43.192186985600614
1,EV_B07_C021_Moto_Lineal_Electrica,4.0,85.61172985093093,-1.0,43.192186985600614
1,EV_B07_C021_Moto_Lineal_Electrica,3.0,85.61172985093093,-1.0,43.192186985600614
1,EV_B07_C021_Moto_Lineal_Electrica,2.0,85.61172985093093,-1.0,43.192186985600614
1,EV_B07_C021_Moto_Lineal_Electrica,1.0,85.61172985093093,-1.0,43.192186985600614
1,EV_B07_C021_Moto_Lineal_Electrica,0.0,85.61172985093093,-1.0,43.192186985600614
3,NONE,-1.0,-0.1,-1.0,-0.1
3,NONE,-1.0,-0.1,-1.0,-0.1
3,NONE,-1.0,-0.1,-1.0,-0.1
3,NONE,-1.0,-0.1,-1.0,-0.1
3,NONE,-1.0,-0.1,-1.0,-0.1
3,NONE,-1.0,-0.1,-1.0,-0.1
3,NONE,-1.0,-0.1,-1.0,-0.1
3,NONE,-1.0,-0.1,-1.0,-0.1
3,NONE,-1.0,-0.1,-1.0,-0.1
3,NONE,-1.0,-0.1,-1.0,-0.1
3,NONE,-1.0,-0.1,-1.0,-0.1
3,NONE,-1.0,-0.1,-1.0,-0.1
3,NONE,-1.0,-0.1,-1.0,-0.1
3,NONE,-1.0,-0.1,-1.0,-0.1
3,NONE,-1.0,-0.1,-1.0,-0.1
2,EV_B07_C021_Moto_Lineal_Electrica,-1.0,-0.1,7.0,35.2294087868286
1,EV_B07_C021_Moto_Lineal_Electrica,7.0,87.72533847540903,-1.0,35.2294087868286
1,EV_B07_C021_Moto_Lineal_Electrica,6.0,87.72533847540903,-1.0,35.2294087868286
1,EV_B07_C021_Moto_Lineal_Electrica,5.0,87.72533847540903,-1.0,35.2294087868286
1,EV_B07_C021_Moto_Lineal_Electrica,4.0,87.72533847540903,-1.0,35.2294087868286
1,EV_B07_C021_Moto_Lineal_Electrica,3.0,87.72533847540903,-1.0,35.2294087868286
1,EV_B07_C021_Moto_Lineal_Electrica,2.0,87.72533847540903,-1.0,35.2294087868286
1,EV_B07_C021_Moto_Lineal_Electrica,1.0,87.72533847540903,-1.0,35.2294087868286
1,EV_B07_C021_Moto_Lineal_Electrica,0.0,87.72533847540903,-1.0,35.2294087868286
3,NONE,-1.0,-0.1,-1.0,-0.1
3,NONE,-1.0,-0.1,-1.0,-0.1
3,NONE,-1.0,-0.1,-1.0,-0.1
3,NONE,-1.0,-0.1,-1.0,-0.1
3,NONE,-1.0,-0.1,-1.0,-0.1
3,NONE,-1.0,-0.1,-1.0,-0.1
3,NONE,-1.0,-0.1,-1.0,-0.1
3,NONE,-1.0,-0.1,-1.0,-0.1
3,NONE,-1.0,-0.1,-1.0,-0.1
3,NONE,-1.0,-0.1,-1.0,-0.1
3,NONE,-1.0,-0.1,-1.0,-0.1
3,NONE,-1.0,-0.1,-1.0,-0.1
3,NONE,-1.0,-0.1,-1.0,-0.1
3,NONE,-1.0,-0.1,-1.0,-0.1
3,NONE,-1.0,-0.1,-1.0,-0.1
2,EV_B07_C021_Moto_Lineal_Electrica,-1.0,-0.1,7.0,31.791665116914146
1,EV_B07_C021_Moto_Lineal_Electrica,7.0,86.72349444218403,-1.0,31.791665116914146
1,EV_B07_C021_Moto_Lineal_Electrica,6.0,86.72349444218403,-1.0,31.791665116914146
1,EV_B07_C021_Moto_Lineal_Electrica,5.0,86.72349444218403,-1.0,31.791665116914146
1,EV_B07_C021_Moto_Lineal_Electrica,4.0,86.72349444218403,-1.0,31.791665116914146
1,EV_B07_C021_Moto_Lineal_Electrica,3.0,86.72349444218403,-1.0,31.791665116914146
1,EV_B07_C021_Moto_Lineal_Electrica,2.0,86.72349444218403,-1.0,31.791665116914146
1,EV_B07_C021_Moto_Lineal_Electrica,1.0,86.72349444218403,-1.0,31.791665116914146
1,EV_B07_C021_Moto_Lineal_Electrica,0.0,86.72349444218403,-1.0,31.791665116914146
3,NONE,-1.0,-0.1,-1.0,-0.1
3,NONE,-1.0,-0.1,-1.0,-0.1
3,NONE,-1.0,-0.1,-1.0,-0.1
3,NONE,-1.0,-0.1,-1.0,-0.1
3,NONE,-1.0,-0.1,-1.0,-0.1
3,NONE,-1.0,-0.1,-1.0,-0.1
3,NONE,-1.0,-0.1,-1.0,-0.1
3,NONE,-1.0,-0.1,-1.0,-0.1
3,NONE,-1.0,-0.1,-1.0,-0.1
3,NONE,-1.0,-0.1,-1.0,-0.1
3,NONE,-1.0,-0.1,-1.0,-0.1
3,NONE,-1.0,-0.1,-1.0,-0.1
3,NONE,-1.0,-0.1,-1.0,-0.1
3,NONE,-1.0,-0.1,-1.0,-0.1
3,NONE,-1.0,-0.1,-1.0,-0.1
3,NONE,-1.0,-0.1,-1.0,-0.1
2,EV_B07_C021_Moto_Lineal_Electrica,-1.0,-0.1,8.0,27.061834597924584
1,EV_B07_C021_Moto_Lineal_Electrica,6.0,91.92885689808658,-1.0,27.061834597924584
1,EV_B07_C021_Moto_Lineal_Electrica,5.0,91.92885689808658,-1.0,27.061834597924584
1,EV_B07_C021_Moto_Lineal_Electrica,4.0,91.92885689808658,-1.0,27.061834597924584
1,EV_B07_C021_Moto_Lineal_Electrica,3.0,91.92885689808658,-1.0,27.061834597924584
1,EV_B07_C021_Moto_Lineal_Electrica,2.0,91.92885689808658,-1.0,27.061834597924584
1,EV_B07_C021_Moto_Lineal_Electrica,1.0,91.92885689808658,-1.0,27.061834597924584
1,EV_B07_C021_Moto_Lineal_Electrica,0.0,91.92885689808658,-1.0,27.061834597924584
3,NONE,-1.0,-0.1,-1.0,-0.1
3,NONE,-1.0,-0.1,-1.0,-0.1
3,NONE,-1.0,-0.1,-1.0,-0.1
3,NONE,-1.0,-0.1,-1.0,-0.1
3,NONE,-1.0,-0.1,-1.0,-0.1
3,NONE,-1.0,-0.1,-1.0,-0.1
3,NONE,-1.0,-0.1,-1.0,-0.1
3,NONE,-1.0,-0.1,-1.0,-0.1
3,NONE,-1.0,-0.1,-1.0,-0.1
3,NONE,-1.0,-0.1,-1.0,-0.1
3,NONE,-1.0,-0.1,-1.0,-0.1
3,NONE,-1.0,-0.1,-1.0,-0.1
3,NONE,-1.0,-0.1,-1.0,-0.1
3,NONE,-1.0,-0.1,-1.0,-0.1
3,NONE,-1.0,-0.1,-1.0,-0.1
3,NONE,-1.0,-0.1,-1.0,-0.1
3,NONE,-1.0,-0.1,-1.0,-0.1
3,NONE,-1.0,-0.1,-1.0,-0.1
3,NONE,-1.0,-0.1,-1.0,-0.1
3,NONE,-1.0,-0.1,-1.0,-0.1
3,NONE,-1.0,-0.1,-1.0,-0.1
3,NONE,-1.0,-0.1,-1.0,-0.1
3,NONE,-1.0,-0.1,-1.0,-0.1
3,NONE,-1.0,-0.1,-1.0,-0.1
3,NONE,-1.0,-0.1,-1.0,-0.1
3,NONE,-1.0,-0.1,-1.0,-0.1
3,NONE,-1.0,-0.1,-1.0,-0.1
3,NONE,-1.0,-0.1,-1.0,-0.1
3,NONE,-1.0,-0.1,-1.0,-0.1
3,NONE,-1.0,-0.1,-1.0,-0.1
3,NONE,-1.0,-0.1,-1.0,-0.1
3,NONE,-1.0,-0.1,-1.0,-0.1
3,NONE,-1.0,-0.1,-1.0,-0.1
3,NONE,-1.0,-0.1,-1.0,-0.1
3,NONE,-1.0,-0.1,-1.0,-0.1
3,NONE,-1.0,-0.1,-1.0,-0.1
3,NONE,-1.0,-0.1,-1.0,-0.1
3,NONE,-1.0,-0.1,-1.0,-0.1
3,NONE,-1.0,-0.1,-1.0,-0.1
3,NONE,-1.0,-0.1,-1.0,-0.1
3,NONE,-1.0,-0.1,-1.0,-0.1
3,NONE,-1.0,-0.1,-1.0,-0.1
3,NONE,-1.0,-0.1,-1.0,-0.1
3,NONE,-1.0,-0.1,-1.0,-0.1
3,NONE,-1.0,-0.1,-1.0,-0.1
3,NONE,-1.0,-0.1,-1.0,-0.1
3,NONE,-1.0,-0.1,-1.0,-0.1
3,NONE,-1.0,-0.1,-1.0,-0.1
3,NONE,-1.0,-0.1,-1.0,-0.1
3,NONE,-1.0,-0.1,-1.0,-0.1
3,NONE,-1.0,-0.1,-1.0,-0.1
3,NONE,-1.0,-0.1,-1.0,-0.1
3,NONE,-1.0,-0.1,-1.0,-0.1
3,NONE,-1.0,-0.1,-1.0,-0.1
3,NONE,-1.0,-0.1,-1.0,-0.1
3,NONE,-1.0,-0.1,-1.0,-0.1
3,NONE,-1.0,-0.1,-1.0,-0.1
3,NONE,-1.0,-0.1,-1.0,-0.1
3,NONE,-1.0,-0.1,-1.0,-0.1
3,NONE,-1.0,-0.1,-1.0,-0.1
3,NONE,-1.0,-0.1,-1.0,-0.1
3,NONE,-1.0,-0.1,-1.0,-0.1
3,NONE,-1.0,-0.1,-1.0,-0.1
3,NONE,-1.0,-0.1,-1.0,-0.1
2,EV_B07_C021_Moto_Lineal_Electrica,-1.0,-0.1,8.0,5.0
1,EV_B07_C021_Moto_Lineal_Electrica,6.0,89.09085368434044,-1.0,5.0
1,EV_B07_C021_Moto_Lineal_Electrica,5.0,89.09085368434044,-1.0,5.0
1,EV_B07_C021_Moto_Lineal_Electrica,4.0,89.09085368434044,-1.0,5.0
1,EV_B07_C021_Moto_Lineal_Electrica,3.0,89.09085368434044,-1.0,5.0
1,EV_B07_C021_Moto_Lineal_Electrica,2.0,89.09085368434044,-1.0,5.0
1,EV_B07_C021_Moto_Lineal_Electrica,1.0,89.09085368434044,-1.0,5.0
1,EV_B07_C021_Moto_Lineal_Electrica,0.0,89.09085368434044,-1.0,5.0
3,NONE,-1.0,-0.1,-1.0,-0.1
3,NONE,-1.0,-0.1,-1.0,-0.1
3,NONE,-1.0,-0.1,-1.0,-0.1
3,NONE,-1.0,-0.1,-1.0,-0.1
3,NONE,-1.0,-0.1,-1.0,-0.1
3,NONE,-1.0,-0.1,-1.0,-0.1
3,NONE,-1.0,-0.1,-1.0,-0.1
3,NONE,-1.0,-0.1,-1.0,-0.1
3,NONE,-1.0,-0.1,-1.0,-0.1
3,NONE,-1.0,-0.1,-1.0,-0.1
3,NONE,-1.0,-0.1,-1.0,-0.1
3,NONE,-1.0,-0.1,-1.0,-0.1
3,NONE,-1.0,-0.1,-1.0,-0.1
3,NONE,-1.0,-0.1,-1.0,-0.1
3,NONE,-1.0,-0.1,-1.0,-0.1
3,NONE,-1.0,-0.1,-1.0,-0.1
3,NONE,-1.0,-0.1,-1.0,-0.1
3,NONE,-1.0,-0.1,-1.0,-0.1
3,NONE,-1.0,-0.1,-1.0,-0.1
3,NONE,-1.0,-0.1,-1.0,-0.1
3,NONE,-1.0,-0.1,-1.0,-0.1
3,NONE,-1.0,-0.1,-1.0,-0.1
3,NONE,-1.0,-0.1,-1.0,-0.1
3,NONE,-1.0,-0.1,-1.0,-0.1
3,NONE,-1.0,-0.1,-1.0,-0.1
3,NONE,-1.0,-0.1,-1.0,-0.1
3,NONE,-1.0,-0.1,-1.0,-0.1
3,NONE,-1.0,-0.1,-1.0,-0.1
3,NONE,-1.0,-0.1,-1.0,-0.1
3,NONE,-1.0,-0.1,-1.0,-0.1
3,NONE,-1.0,-0.1,-1.0,-0.1
3,NONE,-1.0,-0.1,-1.0,-0.1
3,NONE,-1.0,-0.1,-1.0,-0.1
3,NONE,-1.0,-0.1,-1.0,-0.1
3,NONE,-1.0,-0.1,-1.0,-0.1
3,NONE,-1.0,-0.1,-1.0,-0.1
3,NONE,-1.0,-0.1,-1.0,-0.1
3,NONE,-1.0,-0.1,-1.0,-0.1
3,NONE,-1.0,-0.1,-1.0,-0.1
3,NONE,-1.0,-0.1,-1.0,-0.1
3,NONE,-1.0,-0.1,-1.0,-0.1
2,EV_B07_C021_Moto_Lineal_Electrica,-1.0,-0.1,9.0,54.72479897472222
1,EV_B07_C021_Moto_Lineal_Electrica,5.0,90.45227038304824,-1.0,54.72479897472222
1,EV_B07_C021_Moto_Lineal_Electrica,4.0,90.45227038304824,-1.0,54.72479897472222
1,EV_B07_C021_Moto_Lineal_Electrica,3.0,90.45227038304824,-1.0,54.72479897472222
1,EV_B07_C021_Moto_Lineal_Electrica,2.0,90.45227038304824,-1.0,54.72479897472222
1,EV_B07_C021_Moto_Lineal_Electrica,1.0,90.45227038304824,-1.0,54.72479897472222
1,EV_B07_C021_Moto_Lineal_Electrica,0.0,90.45227038304824,-1.0,54.72479897472222
3,NONE,-1.0,-0.1,-1.0,-0.1
3,NONE,-1.0,-0.1,-1.0,-0.1
3,NONE,-1.0,-0.1,-1.0,-0.1
3,NONE,-1.0,-0.1,-1.0,-0.1
3,NONE,-1.0,-0.1,-1.0,-0.1
3,NONE,-1.0,-0.1,-1.0,-0.1
3,NONE,-1.0,-0.1,-1.0,-0.1
3,NONE,-1.0,-0.1,-1.0,-0.1
3,NONE,-1.0,-0.1,-1.0,-0.1
