electric_vehicle_charger_state,electric_vehicle_id,electric_vehicle_departure_time,electric_vehicle_required_soc_departure,electric_vehicle_estimated_arrival_time,electric_vehicle_estimated_soc_arrival
3,,,,,
3,,,,,
3,,,,,
3,,,,,
3,,,,,
3,,,,,
3,,,,,
3,,,,,
3,,,,,
3,,,,,
3,,,,,
3,,,,,
3,,,,,
3,,,,,
3,,,,,
3,,,,,
3,,,,,
3,,,,,
3,,,,,
3,,,,,
3,,,,,
3,,,,,
3,,,,,
3,,,,,
3,,,,,
3,,,,,
3,,,,,
3,,,,,
3,,,,,
3,,,,,
3,,,,,
3,,,,,
2,EV_B6_C1,,,0.0,33.2252771150389
1,EV_B6_C1,11.0,85.0,,
1,EV_B6_C1,10.0,85.0,,
1,EV_B6_C1,9.0,85.0,,
1,EV_B6_C1,8.0,85.0,,
1,EV_B6_C1,7.0,85.0,,
1,EV_B6_C1,6.0,85.0,,
1,EV_B6_C1,5.0,85.0,,
1,EV_B6_C1,4.0,85.0,,
1,EV_B6_C1,3.0,85.0,,
1,EV_B6_C1,2.0,85.0,,
1,EV_B6_C1,1.0,85.0,,
1,EV_B6_C1,0.0,85.0,,
3,,,,,
3,,,,,
3,,,,,
3,,,,,
3,,,,,
3,,,,,
3,,,,,
3,,,,,
3,,,,,
3,,,,,
3,,,,,
2,EV_B6_C1,,,0.0,23.72608277887518
1,EV_B6_C1,11.0,85.0,,
1,EV_B6_C1,10.0,85.0,,
1,EV_B6_C1,9.0,85.0,,
1,EV_B6_C1,8.0,85.0,,
1,EV_B6_C1,7.0,85.0,,
1,EV_B6_C1,6.0,85.0,,
1,EV_B6_C1,5.0,85.0,,
1,EV_B6_C1,4.0,85.0,,
1,EV_B6_C1,3.0,85.0,,
1,EV_B6_C1,2.0,85.0,,
1,EV_B6_C1,1.0,85.0,,
1,EV_B6_C1,0.0,85.0,,
3,,,,,
3,,,,,
3,,,,,
3,,,,,
3,,,,,
3,,,,,
3,,,,,
3,,,,,
3,,,,,
3,,,,,
3,,,,,
3,,,,,
2,EV_B6_C1,,,0.0,31.276950546528436
1,EV_B6_C1,11.0,85.0,,
1,EV_B6_C1,10.0,85.0,,
1,EV_B6_C1,9.0,85.0,,
1,EV_B6_C1,8.0,85.0,,
1,EV_B6_C1,7.0,85.0,,
1,EV_B6_C1,6.0,85.0,,
1,EV_B6_C1,5.0,85.0,,
1,EV_B6_C1,4.0,85.0,,
1,EV_B6_C1,3.0,85.0,,
1,EV_B6_C1,2.0,85.0,,
1,EV_B6_C1,1.0,85.0,,
1,EV_B6_C1,0.0,85.0,,
3,,,,,
3,,,,,
3,,,,,
3,,,,,
3,,,,,
3,,,,,
3,,,,,
3,,,,,
3,,,,,
3,,,,,
3,,,,,
3,,,,,
3,,,,,
3,,,,,
3,,,,,
3,,,,,
3,,,,,
3,,,,,
3,,,,,
3,,,,,
3,,,,,
3,,,,,
3,,,,,
3,,,,,
3,,,,,
3,,,,,
3,,,,,
3,,,,,
3,,,,,
3,,,,,
3,,,,,
3,,,,,
2,EV_B6_C1,,,0.0,22.943454720214245
1,EV_B6_C1,14.0,85.0,,
1,EV_B6_C1,13.0,85.0,,
1,EV_B6_C1,12.0,85.0,,
1,EV_B6_C1,11.0,85.0,,
1,EV_B6_C1,10.0,85.0,,
1,EV_B6_C1,9.0,85.0,,
1,EV_B6_C1,8.0,85.0,,
1,EV_B6_C1,7.0,85.0,,
1,EV_B6_C1,6.0,85.0,,
1,EV_B6_C1,5.0,85.0,,
1,EV_B6_C1,4.0,85.0,,
1,EV_B6_C1,3.0,85.0,,
1,EV_B6_C1,2.0,85.0,,
1,EV_B6_C1,1.0,85.0,,
1,EV_B6_C1,0.0,85.0,,
3,,,,,
3,,,,,
3,,,,,
3,,,,,
3,,,,,
3,,,,,
3,,,,,
3,,,,,
3,,,,,
3,,,,,
3,,,,,
3,,,,,
3,,,,,
3,,,,,
3,,,,,
3,,,,,
3,,,,,
3,,,,,
3,,,,,
3,,,,,
3,,,,,
3,,,,,
3,,,,,
3,,,,,
3,,,,,
3,,,,,
3,,,,,
3,,,,,
3,,,,,
3,,,,,
3,,,,,
3,,,,,
3,,,,,
3,,,,,
3,,,,,
3,,,,,
3,,,,,
3,,,,,
3,,,,,
3,,,,,
3,,,,,
3,,,,,
3,,,,,
3,,,,,
3,,,,,
3,,,,,
3,,,,,
3,,,,,
3,,,,,
3,,,,,
3,,,,,
3,,,,,
3,,,,,
3,,,,,
3,,,,,
3,,,,,
3,,,,,
2,EV_B6_C1,,,0.0,34.7555326689074
1,EV_B6_C1,12.0,85.0,,
1,EV_B6_C1,11.0,85.0,,
1,EV_B6_C1,10.0,85.0,,
1,EV_B6_C1,9.0,85.0,,
1,EV_B6_C1,8.0,85.0,,
1,EV_B6_C1,7.0,85.0,,
1,EV_B6_C1,6.0,85.0,,
1,EV_B6_C1,5.0,85.0,,
1,EV_B6_C1,4.0,85.0,,
1,EV_B6_C1,3.0,85.0,,
1,EV_B6_C1,2.0,85.0,,
1,EV_B6_C1,1.0,85.0,,
1,EV_B6_C1,0.0,85.0,,
3,,,,,
3,,,,,
3,,,,,
3,,,,,
3,,,,,
3,,,,,
3,,,,,
3,,,,,
3,,,,,
3,,,,,
3,,,,,
3,,,,,
2,EV_B6_C1,,,0.0,32.817042543057326
1,EV_B6_C1,10.0,85.0,,
1,EV_B6_C1,9.0,85.0,,
1,EV_B6_C1,8.0,85.0,,
1,EV_B6_C1,7.0,85.0,,
1,EV_B6_C1,6.0,85.0,,
1,EV_B6_C1,5.0,85.0,,
1,EV_B6_C1,4.0,85.0,,
1,EV_B6_C1,3.0,85.0,,
1,EV_B6_C1,2.0,85.0,,
1,EV_B6_C1,1.0,85.0,,
1,EV_B6_C1,0.0,85.0,,
3,,,,,
3,,,,,
3,,,,,
3,,,,,
3,,,,,
3,,,,,
3,,,,,
3,,,,,
3,,,,,
3,,,,,
3,,,,,
3,,,,,
2,EV_B6_C1,,,0.0,21.63136920350822
1,EV_B6_C1,11.0,85.0,,
1,EV_B6_C1,10.0,85.0,,
1,EV_B6_C1,9.0,85.0,,
1,EV_B6_C1,8.0,85.0,,
1,EV_B6_C1,7.0,85.0,,
1,EV_B6_C1,6.0,85.0,,
1,EV_B6_C1,5.0,85.0,,
1,EV_B6_C1,4.0,85.0,,
1,EV_B6_C1,3.0,85.0,,
1,EV_B6_C1,2.0,85.0,,
1,EV_B6_C1,1.0,85.0,,
1,EV_B6_C1,0.0,85.0,,
3,,,,,
3,,,,,
3,,,,,
3,,,,,
3,,,,,
3,,,,,
3,,,,,
3,,,,,
3,,,,,
3,,,,,
3,,,,,
3,,,,,
3,,,,,
2,EV_B6_C1,,,0.0,30.34928708412844
1,EV_B6_C1,9.0,85.0,,
1,EV_B6_C1,8.0,85.0,,
1,EV_B6_C1,7.0,85.0,,
1,EV_B6_C1,6.0,85.0,,
1,EV_B6_C1,5.0,85.0,,
1,EV_B6_C1,4.0,85.0,,
1,EV_B6_C1,3.0,85.0,,
1,EV_B6_C1,2.0,85.0,,
1,EV_B6_C1,1.0,85.0,,
1,EV_B6_C1,0.0,85.0,,
3,,,,,
3,,,,,
3,,,,,
3,,,,,
3,,,,,
3,,,,,
3,,,,,
3,,,,,
3,,,,,
3,,,,,
2,EV_B6_C1,,,0.0,24.816156098275812
1,EV_B6_C1,11.0,85.0,,
1,EV_B6_C1,10.0,85.0,,
1,EV_B6_C1,9.0,85.0,,
1,EV_B6_C1,8.0,85.0,,
1,EV_B6_C1,7.0,85.0,,
1,EV_B6_C1,6.0,85.0,,
1,EV_B6_C1,5.0,85.0,,
1,EV_B6_C1,4.0,85.0,,
1,EV_B6_C1,3.0,85.0,,
1,EV_B6_C1,2.0,85.0,,
1,EV_B6_C1,1.0,85.0,,
1,EV_B6_C1,0.0,85.0,,
3,,,,,
3,,,,,
3,,,,,
3,,,,,
3,,,,,
3,,,,,
3,,,,,
3,,,,,
3,,,,,
3,,,,,
3,,,,,
3,,,,,
3,,,,,
3,,,,,
3,,,,,
3,,,,,
3,,,,,
3,,,,,
3,,,,,
3,,,,,
3,,,,,
3,,,,,
3,,,,,
3,,,,,
3,,,,,
3,,,,,
3,,,,,
3,,,,,
3,,,,,
3,,,,,
3,,,,,
3,,,,,
3,,,,,
3,,,,,
3,,,,,
3,,,,,
3,,,,,
3,,,,,
3,,,,,
3,,,,,
3,,,,,
3,,,,,
3,,,,,
3,,,,,
3,,,,,
3,,,,,
3,,,,,
3,,,,,
3,,,,,
3,,,,,
3,,,,,
3,,,,,
3,,,,,
3,,,,,
3,,,,,
3,,,,,
3,,,,,
3,,,,,
3,,,,,
2,EV_B6_C1,,,0.0,22.35798678878233
1,EV_B6_C1,13.0,85.0,,
1,EV_B6_C1,12.0,85.0,,
1,EV_B6_C1,11.0,85.0,,
1,EV_B6_C1,10.0,85.0,,
1,EV_B6_C1,9.0,85.0,,
1,EV_B6_C1,8.0,85.0,,
1,EV_B6_C1,7.0,85.0,,
1,EV_B6_C1,6.0,85.0,,
1,EV_B6_C1,5.0,85.0,,
1,EV_B6_C1,4.0,85.0,,
1,EV_B6_C1,3.0,85.0,,
1,EV_B6_C1,2.0,85.0,,
1,EV_B6_C1,1.0,85.0,,
1,EV_B6_C1,0.0,85.0,,
3,,,,,
3,,,,,
3,,,,,
3,,,,,
3,,,,,
3,,,,,
3,,,,,
3,,,,,
3,,,,,
3,,,,,
3,,,,,
3,,,,,
2,EV_B6_C1,,,0.0,24.108448713318946
1,EV_B6_C1,9.0,85.0,,
1,EV_B6_C1,8.0,85.0,,
1,EV_B6_C1,7.0,85.0,,
1,EV_B6_C1,6.0,85.0,,
1,EV_B6_C1,5.0,85.0,,
1,EV_B6_C1,4.0,85.0,,
1,EV_B6_C1,3.0,85.0,,
1,EV_B6_C1,2.0,85.0,,
1,EV_B6_C1,1.0,85.0,,
1,EV_B6_C1,0.0,85.0,,
3,,,,,
3,,,,,
3,,,,,
3,,,,,
3,,,,,
3,,,,,
3,,,,,
3,,,,,
3,,,,,
3,,,,,
2,EV_B6_C1,,,0.0,28.33446201002918
1,EV_B6_C1,11.0,85.0,,
1,EV_B6_C1,10.0,85.0,,
1,EV_B6_C1,9.0,85.0,,
1,EV_B6_C1,8.0,85.0,,
1,EV_B6_C1,7.0,85.0,,
1,EV_B6_C1,6.0,85.0,,
1,EV_B6_C1,5.0,85.0,,
1,EV_B6_C1,4.0,85.0,,
1,EV_B6_C1,3.0,85.0,,
1,EV_B6_C1,2.0,85.0,,
1,EV_B6_C1,1.0,85.0,,
1,EV_B6_C1,0.0,85.0,,
3,,,,,
3,,,,,
3,,,,,
3,,,,,
3,,,,,
3,,,,,
3,,,,,
3,,,,,
3,,,,,
3,,,,,
3,,,,,
2,EV_B6_C1,,,0.0,30.943537653259988
1,EV_B6_C1,12.0,85.0,,
1,EV_B6_C1,11.0,85.0,,
1,EV_B6_C1,10.0,85.0,,
1,EV_B6_C1,9.0,85.0,,
1,EV_B6_C1,8.0,85.0,,
1,EV_B6_C1,7.0,85.0,,
1,EV_B6_C1,6.0,85.0,,
1,EV_B6_C1,5.0,85.0,,
1,EV_B6_C1,4.0,85.0,,
1,EV_B6_C1,3.0,85.0,,
1,EV_B6_C1,2.0,85.0,,
1,EV_B6_C1,1.0,85.0,,
1,EV_B6_C1,0.0,85.0,,
3,,,,,
3,,,,,
3,,,,,
3,,,,,
3,,,,,
3,,,,,
3,,,,,
3,,,,,
3,,,,,
3,,,,,
3,,,,,
2,EV_B6_C1,,,0.0,21.836959311176596
1,EV_B6_C1,11.0,85.0,,
1,EV_B6_C1,10.0,85.0,,
1,EV_B6_C1,9.0,85.0,,
1,EV_B6_C1,8.0,85.0,,
1,EV_B6_C1,7.0,85.0,,
1,EV_B6_C1,6.0,85.0,,
1,EV_B6_C1,5.0,85.0,,
1,EV_B6_C1,4.0,85.0,,
1,EV_B6_C1,3.0,85.0,,
1,EV_B6_C1,2.0,85.0,,
1,EV_B6_C1,1.0,85.0,,
1,EV_B6_C1,0.0,85.0,,
3,,,,,
3,,,,,
3,,,,,
3,,,,,
3,,,,,
3,,,,,
3,,,,,
3,,,,,
3,,,,,
3,,,,,
3,,,,,
3,,,,,
3,,,,,
3,,,,,
3,,,,,
3,,,,,
3,,,,,
3,,,,,
3,,,,,
3,,,,,
3,,,,,
3,,,,,
3,,,,,
3,,,,,
3,,,,,
3,,,,,
3,,,,,
3,,,,,
3,,,,,
3,,,,,
3,,,,,
3,,,,,
3,,,,,
3,,,,,
3,,,,,
3,,,,,
3,,,,,
3,,,,,
3,,,,,
3,,,,,
3,,,,,
3,,,,,
3,,,,,
3,,,,,
3,,,,,
3,,,,,
3,,,,,
3,,,,,
3,,,,,
3,,,,,
3,,,,,
3,,,,,
3,,,,,
3,,,,,
3,,,,,
3,,,,,
3,,,,,
3,,,,,
3,,,,,
2,EV_B6_C1,,,0.0,23.48680490639712
1,EV_B6_C1,11.0,85.0,,
1,EV_B6_C1,10.0,85.0,,
1,EV_B6_C1,9.0,85.0,,
1,EV_B6_C1,8.0,85.0,,
1,EV_B6_C1,7.0,85.0,,
1,EV_B6_C1,6.0,85.0,,
1,EV_B6_C1,5.0,85.0,,
1,EV_B6_C1,4.0,85.0,,
1,EV_B6_C1,3.0,85.0,,
1,EV_B6_C1,2.0,85.0,,
1,EV_B6_C1,1.0,85.0,,
1,EV_B6_C1,0.0,85.0,,
3,,,,,
3,,,,,
3,,,,,
3,,,,,
3,,,,,
3,,,,,
3,,,,,
3,,,,,
3,,,,,
3,,,,,
3,,,,,
3,,,,,
2,EV_B6_C1,,,0.0,34.158383005126026
1,EV_B6_C1,10.0,85.0,,
1,EV_B6_C1,9.0,85.0,,
1,EV_B6_C1,8.0,85.0,,
1,EV_B6_C1,7.0,85.0,,
1,EV_B6_C1,6.0,85.0,,
1,EV_B6_C1,5.0,85.0,,
1,EV_B6_C1,4.0,85.0,,
1,EV_B6_C1,3.0,85.0,,
1,EV_B6_C1,2.0,85.0,,
1,EV_B6_C1,1.0,85.0,,
1,EV_B6_C1,0.0,85.0,,
3,,,,,
3,,,,,
3,,,,,
3,,,,,
3,,,,,
3,,,,,
3,,,,,
3,,,,,
3,,,,,
2,EV_B6_C1,,,0.0,20.283073824488785
1,EV_B6_C1,12.0,85.0,,
1,EV_B6_C1,11.0,85.0,,
1,EV_B6_C1,10.0,85.0,,
1,EV_B6_C1,9.0,85.0,,
1,EV_B6_C1,8.0,85.0,,
1,EV_B6_C1,7.0,85.0,,
1,EV_B6_C1,6.0,85.0,,
1,EV_B6_C1,5.0,85.0,,
1,EV_B6_C1,4.0,85.0,,
1,EV_B6_C1,3.0,85.0,,
1,EV_B6_C1,2.0,85.0,,
1,EV_B6_C1,1.0,85.0,,
1,EV_B6_C1,0.0,85.0,,
3,,,,,
3,,,,,
3,,,,,
3,,,,,
3,,,,,
3,,,,,
3,,,,,
3,,,,,
3,,,,,
3,,,,,
2,EV_B6_C1,,,0.0,28.201677744735132
1,EV_B6_C1,13.0,85.0,,
1,EV_B6_C1,12.0,85.0,,
1,EV_B6_C1,11.0,85.0,,
1,EV_B6_C1,10.0,85.0,,
1,EV_B6_C1,9.0,85.0,,
1,EV_B6_C1,8.0,85.0,,
1,EV_B6_C1,7.0,85.0,,
1,EV_B6_C1,6.0,85.0,,
1,EV_B6_C1,5.0,85.0,,
1,EV_B6_C1,4.0,85.0,,
1,EV_B6_C1,3.0,85.0,,
1,EV_B6_C1,2.0,85.0,,
1,EV_B6_C1,1.0,85.0,,
1,EV_B6_C1,0.0,85.0,,
3,,,,,
3,,,,,
3,,,,,
3,,,,,
3,,,,,
3,,,,,
3,,,,,
3,,,,,
3,,,,,
3,,,,,
3,,,,,
3,,,,,
3,,,,,
3,,,,,
3,,,,,
3,,,,,
3,,,,,
3,,,,,
3,,,,,
3,,,,,
3,,,,,
3,,,,,
3,,,,,
3,,,,,
3,,,,,
3,,,,,
3,,,,,
3,,,,,
3,,,,,
3,,,,,
3,,,,,
3,,,,,
3,,,,,
3,,,,,
3,,,,,
3,,,,,
3,,,,,
3,,,,,
3,,,,,
3,,,,,
3,,,,,
3,,,,,
3,,,,,
3,,,,,
3,,,,,
3,,,,,
3,,,,,
3,,,,,
3,,,,,
3,,,,,
3,,,,,
3,,,,,
3,,,,,
3,,,,,
3,,,,,
3,,,,,
3,,,,,
3,,,,,
3,,,,,
3,,,,,
3,,,,,
3,,,,,
3,,,,,
3,,,,,
3,,,,,
3,,,,,
3,,,,,
3,,,,,
3,,,,,
3,,,,,
3,,,,,
3,,,,,
3,,,,,
3,,,,,
3,,,,,
3,,,,,
3,,,,,
3,,,,,
3,,,,,
3,,,,,
3,,,,,
3,,,,,
3,,,,,
3,,,,,
3,,,,,
3,,,,,
3,,,,,
3,,,,,
3,,,,,
3,,,,,
3,,,,,
3,,,,,
3,,,,,
3,,,,,
3,,,,,
3,,,,,
3,,,,,
3,,,,,
3,,,,,
3,,,,,
3,,,,,
3,,,,,
3,,,,,
3,,,,,
3,,,,,
3,,,,,
3,,,,,
3,,,,,
3,,,,,
3,,,,,
3,,,,,
3,,,,,
3,,,,,
3,,,,,
3,,,,,
3,,,,,
3,,,,,
3,,,,,
3,,,,,
3,,,,,
3,,,,,
3,,,,,
3,,,,,
3,,,,,
3,,,,,
3,,,,,
3,,,,,
3,,,,,
3,,,,,
3,,,,,
3,,,,,
2,EV_B6_C1,,,0.0,28.593783154583853
1,EV_B6_C1,10.0,85.0,,
1,EV_B6_C1,9.0,85.0,,
1,EV_B6_C1,8.0,85.0,,
1,EV_B6_C1,7.0,85.0,,
1,EV_B6_C1,6.0,85.0,,
1,EV_B6_C1,5.0,85.0,,
1,EV_B6_C1,4.0,85.0,,
1,EV_B6_C1,3.0,85.0,,
1,EV_B6_C1,2.0,85.0,,
1,EV_B6_C1,1.0,85.0,,
1,EV_B6_C1,0.0,85.0,,
3,,,,,
3,,,,,
3,,,,,
3,,,,,
3,,,,,
3,,,,,
3,,,,,
3,,,,,
3,,,,,
3,,,,,
3,,,,,
2,EV_B6_C1,,,0.0,29.510491931581967
1,EV_B6_C1,12.0,85.0,,
1,EV_B6_C1,11.0,85.0,,
1,EV_B6_C1,10.0,85.0,,
1,EV_B6_C1,9.0,85.0,,
1,EV_B6_C1,8.0,85.0,,
1,EV_B6_C1,7.0,85.0,,
1,EV_B6_C1,6.0,85.0,,
1,EV_B6_C1,5.0,85.0,,
1,EV_B6_C1,4.0,85.0,,
1,EV_B6_C1,3.0,85.0,,
1,EV_B6_C1,2.0,85.0,,
1,EV_B6_C1,1.0,85.0,,
1,EV_B6_C1,0.0,85.0,,
3,,,,,
3,,,,,
3,,,,,
3,,,,,
3,,,,,
3,,,,,
3,,,,,
3,,,,,
3,,,,,
3,,,,,
3,,,,,
3,,,,,
2,EV_B6_C1,,,0.0,22.970638444980963
1,EV_B6_C1,9.0,85.0,,
1,EV_B6_C1,8.0,85.0,,
1,EV_B6_C1,7.0,85.0,,
1,EV_B6_C1,6.0,85.0,,
1,EV_B6_C1,5.0,85.0,,
1,EV_B6_C1,4.0,85.0,,
1,EV_B6_C1,3.0,85.0,,
1,EV_B6_C1,2.0,85.0,,
1,EV_B6_C1,1.0,85.0,,
1,EV_B6_C1,0.0,85.0,,
3,,,,,
3,,,,,
3,,,,,
3,,,,,
3,,,,,
3,,,,,
3,,,,,
3,,,,,
3,,,,,
3,,,,,
3,,,,,
3,,,,,
3,,,,,
3,,,,,
3,,,,,
3,,,,,
3,,,,,
3,,,,,
3,,,,,
3,,,,,
3,,,,,
3,,,,,
3,,,,,
3,,,,,
3,,,,,
3,,,,,
3,,,,,
3,,,,,
3,,,,,
3,,,,,
3,,,,,
3,,,,,
3,,,,,
3,,,,,
3,,,,,
3,,,,,
3,,,,,
3,,,,,
3,,,,,
3,,,,,
3,,,,,
3,,,,,
3,,,,,
3,,,,,
3,,,,,
3,,,,,
3,,,,,
3,,,,,
3,,,,,
3,,,,,
3,,,,,
3,,,,,
3,,,,,
3,,,,,
3,,,,,
3,,,,,
3,,,,,
3,,,,,
3,,,,,
3,,,,,
2,EV_B6_C1,,,0.0,29.73518120491484
1,EV_B6_C1,11.0,85.0,,
1,EV_B6_C1,10.0,85.0,,
1,EV_B6_C1,9.0,85.0,,
1,EV_B6_C1,8.0,85.0,,
1,EV_B6_C1,7.0,85.0,,
1,EV_B6_C1,6.0,85.0,,
1,EV_B6_C1,5.0,85.0,,
1,EV_B6_C1,4.0,85.0,,
1,EV_B6_C1,3.0,85.0,,
1,EV_B6_C1,2.0,85.0,,
1,EV_B6_C1,1.0,85.0,,
1,EV_B6_C1,0.0,85.0,,
3,,,,,
3,,,,,
3,,,,,
3,,,,,
3,,,,,
3,,,,,
3,,,,,
3,,,,,
3,,,,,
3,,,,,
2,EV_B6_C1,,,0.0,29.798318840026976
1,EV_B6_C1,11.0,85.0,,
1,EV_B6_C1,10.0,85.0,,
1,EV_B6_C1,9.0,85.0,,
1,EV_B6_C1,8.0,85.0,,
1,EV_B6_C1,7.0,85.0,,
1,EV_B6_C1,6.0,85.0,,
1,EV_B6_C1,5.0,85.0,,
1,EV_B6_C1,4.0,85.0,,
1,EV_B6_C1,3.0,85.0,,
1,EV_B6_C1,2.0,85.0,,
1,EV_B6_C1,1.0,85.0,,
1,EV_B6_C1,0.0,85.0,,
3,,,,,
3,,,,,
3,,,,,
3,,,,,
3,,,,,
3,,,,,
3,,,,,
3,,,,,
3,,,,,
3,,,,,
3,,,,,
3,,,,,
3,,,,,
2,EV_B6_C1,,,0.0,34.33870764252121
1,EV_B6_C1,9.0,85.0,,
1,EV_B6_C1,8.0,85.0,,
1,EV_B6_C1,7.0,85.0,,
1,EV_B6_C1,6.0,85.0,,
1,EV_B6_C1,5.0,85.0,,
1,EV_B6_C1,4.0,85.0,,
1,EV_B6_C1,3.0,85.0,,
1,EV_B6_C1,2.0,85.0,,
1,EV_B6_C1,1.0,85.0,,
1,EV_B6_C1,0.0,85.0,,
3,,,,,
3,,,,,
3,,,,,
3,,,,,
3,,,,,
3,,,,,
3,,,,,
3,,,,,
3,,,,,
3,,,,,
3,,,,,
2,EV_B6_C1,,,0.0,23.42129341750352
1,EV_B6_C1,11.0,85.0,,
1,EV_B6_C1,10.0,85.0,,
1,EV_B6_C1,9.0,85.0,,
1,EV_B6_C1,8.0,85.0,,
1,EV_B6_C1,7.0,85.0,,
1,EV_B6_C1,6.0,85.0,,
1,EV_B6_C1,5.0,85.0,,
1,EV_B6_C1,4.0,85.0,,
1,EV_B6_C1,3.0,85.0,,
1,EV_B6_C1,2.0,85.0,,
1,EV_B6_C1,1.0,85.0,,
1,EV_B6_C1,0.0,85.0,,
3,,,,,
3,,,,,
3,,,,,
3,,,,,
3,,,,,
3,,,,,
3,,,,,
3,,,,,
3,,,,,
3,,,,,
3,,,,,
3,,,,,
2,EV_B6_C1,,,0.0,26.740827803494593
1,EV_B6_C1,10.0,85.0,,
1,EV_B6_C1,9.0,85.0,,
1,EV_B6_C1,8.0,85.0,,
1,EV_B6_C1,7.0,85.0,,
1,EV_B6_C1,6.0,85.0,,
1,EV_B6_C1,5.0,85.0,,
1,EV_B6_C1,4.0,85.0,,
1,EV_B6_C1,3.0,85.0,,
1,EV_B6_C1,2.0,85.0,,
1,EV_B6_C1,1.0,85.0,,
1,EV_B6_C1,0.0,85.0,,
3,,,,,
3,,,,,
3,,,,,
3,,,,,
3,,,,,
3,,,,,
3,,,,,
3,,,,,
3,,,,,
3,,,,,
3,,,,,
3,,,,,
3,,,,,
3,,,,,
3,,,,,
3,,,,,
3,,,,,
3,,,,,
3,,,,,
3,,,,,
3,,,,,
3,,,,,
3,,,,,
3,,,,,
3,,,,,
3,,,,,
3,,,,,
3,,,,,
3,,,,,
3,,,,,
3,,,,,
3,,,,,
3,,,,,
3,,,,,
3,,,,,
3,,,,,
3,,,,,
3,,,,,
3,,,,,
3,,,,,
3,,,,,
3,,,,,
3,,,,,
3,,,,,
3,,,,,
3,,,,,
3,,,,,
3,,,,,
3,,,,,
3,,,,,
3,,,,,
3,,,,,
3,,,,,
3,,,,,
3,,,,,
3,,,,,
3,,,,,
3,,,,,
3,,,,,
2,EV_B6_C1,,,0.0,24.91694677188461
1,EV_B6_C1,12.0,85.0,,
1,EV_B6_C1,11.0,85.0,,
1,EV_B6_C1,10.0,85.0,,
1,EV_B6_C1,9.0,85.0,,
1,EV_B6_C1,8.0,85.0,,
1,EV_B6_C1,7.0,85.0,,
1,EV_B6_C1,6.0,85.0,,
1,EV_B6_C1,5.0,85.0,,
1,EV_B6_C1,4.0,85.0,,
1,EV_B6_C1,3.0,85.0,,
1,EV_B6_C1,2.0,85.0,,
1,EV_B6_C1,1.0,85.0,,
1,EV_B6_C1,0.0,85.0,,
3,,,,,
3,,,,,
3,,,,,
3,,,,,
3,,,,,
3,,,,,
3,,,,,
3,,,,,
3,,,,,
3,,,,,
3,,,,,
2,EV_B6_C1,,,0.0,26.8003216379673
1,EV_B6_C1,11.0,85.0,,
1,EV_B6_C1,10.0,85.0,,
1,EV_B6_C1,9.0,85.0,,
1,EV_B6_C1,8.0,85.0,,
1,EV_B6_C1,7.0,85.0,,
1,EV_B6_C1,6.0,85.0,,
1,EV_B6_C1,5.0,85.0,,
1,EV_B6_C1,4.0,85.0,,
1,EV_B6_C1,3.0,85.0,,
1,EV_B6_C1,2.0,85.0,,
1,EV_B6_C1,1.0,85.0,,
1,EV_B6_C1,0.0,85.0,,
3,,,,,
3,,,,,
3,,,,,
3,,,,,
3,,,,,
3,,,,,
3,,,,,
3,,,,,
3,,,,,
2,EV_B6_C1,,,0.0,33.67944153040967
1,EV_B6_C1,12.0,85.0,,
1,EV_B6_C1,11.0,85.0,,
1,EV_B6_C1,10.0,85.0,,
1,EV_B6_C1,9.0,85.0,,
1,EV_B6_C1,8.0,85.0,,
1,EV_B6_C1,7.0,85.0,,
1,EV_B6_C1,6.0,85.0,,
1,EV_B6_C1,5.0,85.0,,
1,EV_B6_C1,4.0,85.0,,
1,EV_B6_C1,3.0,85.0,,
1,EV_B6_C1,2.0,85.0,,
1,EV_B6_C1,1.0,85.0,,
1,EV_B6_C1,0.0,85.0,,
3,,,,,
3,,,,,
3,,,,,
3,,,,,
3,,,,,
3,,,,,
3,,,,,
3,,,,,
3,,,,,
3,,,,,
3,,,,,
3,,,,,
2,EV_B6_C1,,,0.0,21.692725671463077
1,EV_B6_C1,11.0,85.0,,
1,EV_B6_C1,10.0,85.0,,
1,EV_B6_C1,9.0,85.0,,
1,EV_B6_C1,8.0,85.0,,
1,EV_B6_C1,7.0,85.0,,
1,EV_B6_C1,6.0,85.0,,
1,EV_B6_C1,5.0,85.0,,
1,EV_B6_C1,4.0,85.0,,
1,EV_B6_C1,3.0,85.0,,
1,EV_B6_C1,2.0,85.0,,
1,EV_B6_C1,1.0,85.0,,
1,EV_B6_C1,0.0,85.0,,
3,,,,,
3,,,,,
3,,,,,
3,,,,,
3,,,,,
3,,,,,
3,,,,,
3,,,,,
3,,,,,
3,,,,,
3,,,,,
3,,,,,
3,,,,,
3,,,,,
3,,,,,
3,,,,,
3,,,,,
3,,,,,
3,,,,,
3,,,,,
3,,,,,
3,,,,,
3,,,,,
3,,,,,
3,,,,,
3,,,,,
3,,,,,
3,,,,,
3,,,,,
3,,,,,
3,,,,,
3,,,,,
3,,,,,
3,,,,,
3,,,,,
3,,,,,
3,,,,,
3,,,,,
3,,,,,
3,,,,,
3,,,,,
3,,,,,
3,,,,,
3,,,,,
3,,,,,
3,,,,,
3,,,,,
3,,,,,
3,,,,,
3,,,,,
3,,,,,
3,,,,,
3,,,,,
3,,,,,
3,,,,,
3,,,,,
3,,,,,
3,,,,,
3,,,,,
3,,,,,
3,,,,,
3,,,,,
3,,,,,
3,,,,,
3,,,,,
3,,,,,
3,,,,,
3,,,,,
3,,,,,
3,,,,,
3,,,,,
3,,,,,
3,,,,,
3,,,,,
3,,,,,
3,,,,,
3,,,,,
3,,,,,
3,,,,,
3,,,,,
3,,,,,
3,,,,,
3,,,,,
2,EV_B6_C1,,,0.0,28.624765877699343
1,EV_B6_C1,10.0,85.0,,
1,EV_B6_C1,9.0,85.0,,
1,EV_B6_C1,8.0,85.0,,
1,EV_B6_C1,7.0,85.0,,
1,EV_B6_C1,6.0,85.0,,
1,EV_B6_C1,5.0,85.0,,
1,EV_B6_C1,4.0,85.0,,
1,EV_B6_C1,3.0,85.0,,
1,EV_B6_C1,2.0,85.0,,
1,EV_B6_C1,1.0,85.0,,
1,EV_B6_C1,0.0,85.0,,
3,,,,,
3,,,,,
3,,,,,
3,,,,,
3,,,,,
3,,,,,
3,,,,,
3,,,,,
3,,,,,
3,,,,,
3,,,,,
3,,,,,
2,EV_B6_C1,,,0.0,26.8822274733727
1,EV_B6_C1,11.0,85.0,,
1,EV_B6_C1,10.0,85.0,,
1,EV_B6_C1,9.0,85.0,,
1,EV_B6_C1,8.0,85.0,,
1,EV_B6_C1,7.0,85.0,,
1,EV_B6_C1,6.0,85.0,,
1,EV_B6_C1,5.0,85.0,,
1,EV_B6_C1,4.0,85.0,,
1,EV_B6_C1,3.0,85.0,,
1,EV_B6_C1,2.0,85.0,,
1,EV_B6_C1,1.0,85.0,,
1,EV_B6_C1,0.0,85.0,,
3,,,,,
3,,,,,
3,,,,,
3,,,,,
3,,,,,
3,,,,,
3,,,,,
3,,,,,
3,,,,,
3,,,,,
2,EV_B6_C1,,,0.0,28.824424842830943
1,EV_B6_C1,12.0,85.0,,
1,EV_B6_C1,11.0,85.0,,
1,EV_B6_C1,10.0,85.0,,
1,EV_B6_C1,9.0,85.0,,
1,EV_B6_C1,8.0,85.0,,
1,EV_B6_C1,7.0,85.0,,
1,EV_B6_C1,6.0,85.0,,
1,EV_B6_C1,5.0,85.0,,
1,EV_B6_C1,4.0,85.0,,
1,EV_B6_C1,3.0,85.0,,
1,EV_B6_C1,2.0,85.0,,
1,EV_B6_C1,1.0,85.0,,
1,EV_B6_C1,0.0,85.0,,
3,,,,,
3,,,,,
3,,,,,
3,,,,,
3,,,,,
3,,,,,
3,,,,,
3,,,,,
3,,,,,
3,,,,,
3,,,,,
2,EV_B6_C1,,,0.0,28.85171210284491
1,EV_B6_C1,10.0,85.0,,
1,EV_B6_C1,9.0,85.0,,
1,EV_B6_C1,8.0,85.0,,
1,EV_B6_C1,7.0,85.0,,
1,EV_B6_C1,6.0,85.0,,
1,EV_B6_C1,5.0,85.0,,
1,EV_B6_C1,4.0,85.0,,
1,EV_B6_C1,3.0,85.0,,
1,EV_B6_C1,2.0,85.0,,
1,EV_B6_C1,1.0,85.0,,
1,EV_B6_C1,0.0,85.0,,
3,,,,,
3,,,,,
3,,,,,
3,,,,,
3,,,,,
3,,,,,
3,,,,,
3,,,,,
3,,,,,
3,,,,,
3,,,,,
2,EV_B6_C1,,,0.0,32.604006486776925
1,EV_B6_C1,11.0,85.0,,
1,EV_B6_C1,10.0,85.0,,
1,EV_B6_C1,9.0,85.0,,
1,EV_B6_C1,8.0,85.0,,
1,EV_B6_C1,7.0,85.0,,
1,EV_B6_C1,6.0,85.0,,
1,EV_B6_C1,5.0,85.0,,
1,EV_B6_C1,4.0,85.0,,
1,EV_B6_C1,3.0,85.0,,
1,EV_B6_C1,2.0,85.0,,
1,EV_B6_C1,1.0,85.0,,
1,EV_B6_C1,0.0,85.0,,
3,,,,,
3,,,,,
3,,,,,
3,,,,,
3,,,,,
3,,,,,
3,,,,,
3,,,,,
3,,,,,
3,,,,,
3,,,,,
3,,,,,
3,,,,,
3,,,,,
3,,,,,
3,,,,,
3,,,,,
3,,,,,
3,,,,,
3,,,,,
3,,,,,
3,,,,,
3,,,,,
3,,,,,
3,,,,,
3,,,,,
3,,,,,
3,,,,,
3,,,,,
3,,,,,
3,,,,,
3,,,,,
3,,,,,
3,,,,,
3,,,,,
3,,,,,
3,,,,,
3,,,,,
3,,,,,
3,,,,,
3,,,,,
3,,,,,
3,,,,,
3,,,,,
3,,,,,
3,,,,,
3,,,,,
3,,,,,
3,,,,,
3,,,,,
3,,,,,
3,,,,,
3,,,,,
3,,,,,
3,,,,,
3,,,,,
3,,,,,
3,,,,,
3,,,,,
3,,,,,
2,EV_B6_C1,,,0.0,21.777552268428398
1,EV_B6_C1,10.0,85.0,,
1,EV_B6_C1,9.0,85.0,,
1,EV_B6_C1,8.0,85.0,,
1,EV_B6_C1,7.0,85.0,,
1,EV_B6_C1,6.0,85.0,,
1,EV_B6_C1,5.0,85.0,,
1,EV_B6_C1,4.0,85.0,,
1,EV_B6_C1,3.0,85.0,,
1,EV_B6_C1,2.0,85.0,,
1,EV_B6_C1,1.0,85.0,,
1,EV_B6_C1,0.0,85.0,,
3,,,,,
3,,,,,
3,,,,,
3,,,,,
3,,,,,
3,,,,,
3,,,,,
3,,,,,
3,,,,,
3,,,,,
3,,,,,
2,EV_B6_C1,,,0.0,23.60091568657051
1,EV_B6_C1,11.0,85.0,,
1,EV_B6_C1,10.0,85.0,,
1,EV_B6_C1,9.0,85.0,,
1,EV_B6_C1,8.0,85.0,,
1,EV_B6_C1,7.0,85.0,,
1,EV_B6_C1,6.0,85.0,,
1,EV_B6_C1,5.0,85.0,,
1,EV_B6_C1,4.0,85.0,,
1,EV_B6_C1,3.0,85.0,,
1,EV_B6_C1,2.0,85.0,,
1,EV_B6_C1,1.0,85.0,,
1,EV_B6_C1,0.0,85.0,,
3,,,,,
3,,,,,
3,,,,,
3,,,,,
3,,,,,
3,,,,,
3,,,,,
3,,,,,
3,,,,,
3,,,,,
3,,,,,
2,EV_B6_C1,,,0.0,25.55865847642036
1,EV_B6_C1,12.0,85.0,,
1,EV_B6_C1,11.0,85.0,,
1,EV_B6_C1,10.0,85.0,,
1,EV_B6_C1,9.0,85.0,,
1,EV_B6_C1,8.0,85.0,,
1,EV_B6_C1,7.0,85.0,,
1,EV_B6_C1,6.0,85.0,,
1,EV_B6_C1,5.0,85.0,,
1,EV_B6_C1,4.0,85.0,,
1,EV_B6_C1,3.0,85.0,,
1,EV_B6_C1,2.0,85.0,,
1,EV_B6_C1,1.0,85.0,,
1,EV_B6_C1,0.0,85.0,,
3,,,,,
3,,,,,
3,,,,,
3,,,,,
3,,,,,
3,,,,,
3,,,,,
3,,,,,
3,,,,,
3,,,,,
3,,,,,
2,EV_B6_C1,,,0.0,30.91182104032462
1,EV_B6_C1,10.0,85.0,,
1,EV_B6_C1,9.0,85.0,,
1,EV_B6_C1,8.0,85.0,,
1,EV_B6_C1,7.0,85.0,,
1,EV_B6_C1,6.0,85.0,,
1,EV_B6_C1,5.0,85.0,,
1,EV_B6_C1,4.0,85.0,,
1,EV_B6_C1,3.0,85.0,,
1,EV_B6_C1,2.0,85.0,,
1,EV_B6_C1,1.0,85.0,,
1,EV_B6_C1,0.0,85.0,,
3,,,,,
3,,,,,
3,,,,,
3,,,,,
3,,,,,
3,,,,,
3,,,,,
3,,,,,
3,,,,,
3,,,,,
3,,,,,
3,,,,,
3,,,,,
2,EV_B6_C1,,,0.0,32.11148830163925
1,EV_B6_C1,9.0,85.0,,
1,EV_B6_C1,8.0,85.0,,
1,EV_B6_C1,7.0,85.0,,
1,EV_B6_C1,6.0,85.0,,
1,EV_B6_C1,5.0,85.0,,
1,EV_B6_C1,4.0,85.0,,
1,EV_B6_C1,3.0,85.0,,
1,EV_B6_C1,2.0,85.0,,
1,EV_B6_C1,1.0,85.0,,
1,EV_B6_C1,0.0,85.0,,
3,,,,,
3,,,,,
3,,,,,
3,,,,,
3,,,,,
3,,,,,
3,,,,,
3,,,,,
3,,,,,
3,,,,,
3,,,,,
3,,,,,
3,,,,,
3,,,,,
3,,,,,
3,,,,,
3,,,,,
3,,,,,
3,,,,,
3,,,,,
3,,,,,
3,,,,,
3,,,,,
3,,,,,
3,,,,,
3,,,,,
3,,,,,
3,,,,,
3,,,,,
3,,,,,
3,,,,,
3,,,,,
3,,,,,
3,,,,,
3,,,,,
3,,,,,
3,,,,,
3,,,,,
3,,,,,
3,,,,,
3,,,,,
3,,,,,
3,,,,,
3,,,,,
3,,,,,
3,,,,,
3,,,,,
3,,,,,
3,,,,,
3,,,,,
3,,,,,
3,,,,,
3,,,,,
3,,,,,
3,,,,,
3,,,,,
3,,,,,
3,,,,,
3,,,,,
3,,,,,
2,EV_B6_C1,,,0.0,22.250567022529534
1,EV_B6_C1,11.0,85.0,,
1,EV_B6_C1,10.0,85.0,,
1,EV_B6_C1,9.0,85.0,,
1,EV_B6_C1,8.0,85.0,,
1,EV_B6_C1,7.0,85.0,,
1,EV_B6_C1,6.0,85.0,,
1,EV_B6_C1,5.0,85.0,,
1,EV_B6_C1,4.0,85.0,,
1,EV_B6_C1,3.0,85.0,,
1,EV_B6_C1,2.0,85.0,,
1,EV_B6_C1,1.0,85.0,,
1,EV_B6_C1,0.0,85.0,,
3,,,,,
3,,,,,
3,,,,,
3,,,,,
3,,,,,
3,,,,,
3,,,,,
3,,,,,
3,,,,,
3,,,,,
2,EV_B6_C1,,,0.0,30.473882853180577
1,EV_B6_C1,12.0,85.0,,
1,EV_B6_C1,11.0,85.0,,
1,EV_B6_C1,10.0,85.0,,
1,EV_B6_C1,9.0,85.0,,
1,EV_B6_C1,8.0,85.0,,
1,EV_B6_C1,7.0,85.0,,
1,EV_B6_C1,6.0,85.0,,
1,EV_B6_C1,5.0,85.0,,
1,EV_B6_C1,4.0,85.0,,
1,EV_B6_C1,3.0,85.0,,
1,EV_B6_C1,2.0,85.0,,
1,EV_B6_C1,1.0,85.0,,
1,EV_B6_C1,0.0,85.0,,
3,,,,,
3,,,,,
3,,,,,
3,,,,,
3,,,,,
3,,,,,
3,,,,,
3,,,,,
3,,,,,
3,,,,,
2,EV_B6_C1,,,0.0,27.305378435184036
1,EV_B6_C1,12.0,85.0,,
1,EV_B6_C1,11.0,85.0,,
1,EV_B6_C1,10.0,85.0,,
1,EV_B6_C1,9.0,85.0,,
1,EV_B6_C1,8.0,85.0,,
1,EV_B6_C1,7.0,85.0,,
1,EV_B6_C1,6.0,85.0,,
1,EV_B6_C1,5.0,85.0,,
1,EV_B6_C1,4.0,85.0,,
1,EV_B6_C1,3.0,85.0,,
1,EV_B6_C1,2.0,85.0,,
1,EV_B6_C1,1.0,85.0,,
1,EV_B6_C1,0.0,85.0,,
3,,,,,
3,,,,,
3,,,,,
3,,,,,
3,,,,,
3,,,,,
3,,,,,
3,,,,,
3,,,,,
2,EV_B6_C1,,,0.0,31.92560377561897
1,EV_B6_C1,12.0,85.0,,
1,EV_B6_C1,11.0,85.0,,
1,EV_B6_C1,10.0,85.0,,
1,EV_B6_C1,9.0,85.0,,
1,EV_B6_C1,8.0,85.0,,
1,EV_B6_C1,7.0,85.0,,
1,EV_B6_C1,6.0,85.0,,
1,EV_B6_C1,5.0,85.0,,
1,EV_B6_C1,4.0,85.0,,
1,EV_B6_C1,3.0,85.0,,
1,EV_B6_C1,2.0,85.0,,
1,EV_B6_C1,1.0,85.0,,
1,EV_B6_C1,0.0,85.0,,
3,,,,,
3,,,,,
3,,,,,
3,,,,,
3,,,,,
3,,,,,
3,,,,,
3,,,,,
3,,,,,
3,,,,,
2,EV_B6_C1,,,0.0,30.212647031596063
1,EV_B6_C1,13.0,85.0,,
1,EV_B6_C1,12.0,85.0,,
1,EV_B6_C1,11.0,85.0,,
1,EV_B6_C1,10.0,85.0,,
1,EV_B6_C1,9.0,85.0,,
1,EV_B6_C1,8.0,85.0,,
1,EV_B6_C1,7.0,85.0,,
1,EV_B6_C1,6.0,85.0,,
1,EV_B6_C1,5.0,85.0,,
1,EV_B6_C1,4.0,85.0,,
1,EV_B6_C1,3.0,85.0,,
1,EV_B6_C1,2.0,85.0,,
1,EV_B6_C1,1.0,85.0,,
1,EV_B6_C1,0.0,85.0,,
3,,,,,
3,,,,,
3,,,,,
3,,,,,
3,,,,,
3,,,,,
3,,,,,
3,,,,,
3,,,,,
3,,,,,
3,,,,,
3,,,,,
3,,,,,
3,,,,,
3,,,,,
3,,,,,
3,,,,,
3,,,,,
3,,,,,
3,,,,,
3,,,,,
3,,,,,
3,,,,,
3,,,,,
3,,,,,
3,,,,,
3,,,,,
3,,,,,
3,,,,,
3,,,,,
3,,,,,
3,,,,,
3,,,,,
3,,,,,
3,,,,,
3,,,,,
3,,,,,
3,,,,,
3,,,,,
3,,,,,
3,,,,,
3,,,,,
3,,,,,
3,,,,,
3,,,,,
3,,,,,
3,,,,,
3,,,,,
3,,,,,
3,,,,,
3,,,,,
3,,,,,
3,,,,,
3,,,,,
3,,,,,
3,,,,,
3,,,,,
3,,,,,
2,EV_B6_C1,,,0.0,24.70388585917922
1,EV_B6_C1,11.0,85.0,,
1,EV_B6_C1,10.0,85.0,,
1,EV_B6_C1,9.0,85.0,,
1,EV_B6_C1,8.0,85.0,,
1,EV_B6_C1,7.0,85.0,,
1,EV_B6_C1,6.0,85.0,,
1,EV_B6_C1,5.0,85.0,,
1,EV_B6_C1,4.0,85.0,,
1,EV_B6_C1,3.0,85.0,,
1,EV_B6_C1,2.0,85.0,,
1,EV_B6_C1,1.0,85.0,,
1,EV_B6_C1,0.0,85.0,,
3,,,,,
3,,,,,
3,,,,,
3,,,,,
3,,,,,
3,,,,,
3,,,,,
3,,,,,
3,,,,,
3,,,,,
3,,,,,
3,,,,,
2,EV_B6_C1,,,0.0,31.820485478276495
1,EV_B6_C1,9.0,85.0,,
1,EV_B6_C1,8.0,85.0,,
1,EV_B6_C1,7.0,85.0,,
1,EV_B6_C1,6.0,85.0,,
1,EV_B6_C1,5.0,85.0,,
1,EV_B6_C1,4.0,85.0,,
1,EV_B6_C1,3.0,85.0,,
1,EV_B6_C1,2.0,85.0,,
1,EV_B6_C1,1.0,85.0,,
1,EV_B6_C1,0.0,85.0,,
3,,,,,
3,,,,,
3,,,,,
3,,,,,
3,,,,,
3,,,,,
3,,,,,
3,,,,,
3,,,,,
3,,,,,
3,,,,,
3,,,,,
2,EV_B6_C1,,,0.0,20.740659730663765
1,EV_B6_C1,12.0,85.0,,
1,EV_B6_C1,11.0,85.0,,
1,EV_B6_C1,10.0,85.0,,
1,EV_B6_C1,9.0,85.0,,
1,EV_B6_C1,8.0,85.0,,
1,EV_B6_C1,7.0,85.0,,
1,EV_B6_C1,6.0,85.0,,
1,EV_B6_C1,5.0,85.0,,
1,EV_B6_C1,4.0,85.0,,
1,EV_B6_C1,3.0,85.0,,
1,EV_B6_C1,2.0,85.0,,
1,EV_B6_C1,1.0,85.0,,
1,EV_B6_C1,0.0,85.0,,
3,,,,,
3,,,,,
3,,,,,
3,,,,,
3,,,,,
3,,,,,
3,,,,,
3,,,,,
3,,,,,
2,EV_B6_C1,,,0.0,22.28969038605372
1,EV_B6_C1,12.0,85.0,,
1,EV_B6_C1,11.0,85.0,,
1,EV_B6_C1,10.0,85.0,,
1,EV_B6_C1,9.0,85.0,,
1,EV_B6_C1,8.0,85.0,,
1,EV_B6_C1,7.0,85.0,,
1,EV_B6_C1,6.0,85.0,,
1,EV_B6_C1,5.0,85.0,,
1,EV_B6_C1,4.0,85.0,,
1,EV_B6_C1,3.0,85.0,,
1,EV_B6_C1,2.0,85.0,,
1,EV_B6_C1,1.0,85.0,,
1,EV_B6_C1,0.0,85.0,,
3,,,,,
3,,,,,
3,,,,,
3,,,,,
3,,,,,
3,,,,,
3,,,,,
3,,,,,
3,,,,,
3,,,,,
3,,,,,
3,,,,,
2,EV_B6_C1,,,0.0,32.56146534588786
1,EV_B6_C1,11.0,85.0,,
1,EV_B6_C1,10.0,85.0,,
1,EV_B6_C1,9.0,85.0,,
1,EV_B6_C1,8.0,85.0,,
1,EV_B6_C1,7.0,85.0,,
1,EV_B6_C1,6.0,85.0,,
1,EV_B6_C1,5.0,85.0,,
1,EV_B6_C1,4.0,85.0,,
1,EV_B6_C1,3.0,85.0,,
1,EV_B6_C1,2.0,85.0,,
1,EV_B6_C1,1.0,85.0,,
1,EV_B6_C1,0.0,85.0,,
3,,,,,
3,,,,,
3,,,,,
3,,,,,
3,,,,,
3,,,,,
3,,,,,
3,,,,,
3,,,,,
3,,,,,
3,,,,,
3,,,,,
3,,,,,
3,,,,,
3,,,,,
3,,,,,
3,,,,,
3,,,,,
3,,,,,
3,,,,,
3,,,,,
3,,,,,
3,,,,,
3,,,,,
3,,,,,
3,,,,,
3,,,,,
3,,,,,
3,,,,,
3,,,,,
3,,,,,
3,,,,,
3,,,,,
3,,,,,
3,,,,,
3,,,,,
3,,,,,
3,,,,,
3,,,,,
3,,,,,
3,,,,,
3,,,,,
3,,,,,
3,,,,,
3,,,,,
3,,,,,
3,,,,,
3,,,,,
3,,,,,
3,,,,,
3,,,,,
3,,,,,
3,,,,,
3,,,,,
3,,,,,
3,,,,,
3,,,,,
2,EV_B6_C1,,,0.0,33.210644591262586
1,EV_B6_C1,12.0,85.0,,
1,EV_B6_C1,11.0,85.0,,
1,EV_B6_C1,10.0,85.0,,
1,EV_B6_C1,9.0,85.0,,
1,EV_B6_C1,8.0,85.0,,
1,EV_B6_C1,7.0,85.0,,
1,EV_B6_C1,6.0,85.0,,
1,EV_B6_C1,5.0,85.0,,
1,EV_B6_C1,4.0,85.0,,
1,EV_B6_C1,3.0,85.0,,
1,EV_B6_C1,2.0,85.0,,
1,EV_B6_C1,1.0,85.0,,
1,EV_B6_C1,0.0,85.0,,
3,,,,,
3,,,,,
3,,,,,
3,,,,,
3,,,,,
3,,,,,
3,,,,,
3,,,,,
3,,,,,
3,,,,,
3,,,,,
2,EV_B6_C1,,,0.0,25.094408466611995
1,EV_B6_C1,11.0,85.0,,
1,EV_B6_C1,10.0,85.0,,
1,EV_B6_C1,9.0,85.0,,
1,EV_B6_C1,8.0,85.0,,
1,EV_B6_C1,7.0,85.0,,
1,EV_B6_C1,6.0,85.0,,
1,EV_B6_C1,5.0,85.0,,
1,EV_B6_C1,4.0,85.0,,
1,EV_B6_C1,3.0,85.0,,
1,EV_B6_C1,2.0,85.0,,
1,EV_B6_C1,1.0,85.0,,
1,EV_B6_C1,0.0,85.0,,
3,,,,,
3,,,,,
3,,,,,
3,,,,,
3,,,,,
3,,,,,
3,,,,,
3,,,,,
3,,,,,
3,,,,,
3,,,,,
2,EV_B6_C1,,,0.0,30.903427398659357
1,EV_B6_C1,12.0,85.0,,
1,EV_B6_C1,11.0,85.0,,
1,EV_B6_C1,10.0,85.0,,
1,EV_B6_C1,9.0,85.0,,
1,EV_B6_C1,8.0,85.0,,
1,EV_B6_C1,7.0,85.0,,
1,EV_B6_C1,6.0,85.0,,
1,EV_B6_C1,5.0,85.0,,
1,EV_B6_C1,4.0,85.0,,
1,EV_B6_C1,3.0,85.0,,
1,EV_B6_C1,2.0,85.0,,
1,EV_B6_C1,1.0,85.0,,
1,EV_B6_C1,0.0,85.0,,
3,,,,,
3,,,,,
3,,,,,
3,,,,,
3,,,,,
3,,,,,
3,,,,,
3,,,,,
3,,,,,
3,,,,,
2,EV_B6_C1,,,0.0,22.150278129325034
1,EV_B6_C1,11.0,85.0,,
1,EV_B6_C1,10.0,85.0,,
1,EV_B6_C1,9.0,85.0,,
1,EV_B6_C1,8.0,85.0,,
1,EV_B6_C1,7.0,85.0,,
1,EV_B6_C1,6.0,85.0,,
1,EV_B6_C1,5.0,85.0,,
1,EV_B6_C1,4.0,85.0,,
1,EV_B6_C1,3.0,85.0,,
1,EV_B6_C1,2.0,85.0,,
1,EV_B6_C1,1.0,85.0,,
1,EV_B6_C1,0.0,85.0,,
3,,,,,
3,,,,,
3,,,,,
3,,,,,
3,,,,,
3,,,,,
3,,,,,
3,,,,,
3,,,,,
3,,,,,
2,EV_B6_C1,,,0.0,22.442900582018037
1,EV_B6_C1,13.0,85.0,,
1,EV_B6_C1,12.0,85.0,,
1,EV_B6_C1,11.0,85.0,,
1,EV_B6_C1,10.0,85.0,,
1,EV_B6_C1,9.0,85.0,,
1,EV_B6_C1,8.0,85.0,,
1,EV_B6_C1,7.0,85.0,,
1,EV_B6_C1,6.0,85.0,,
1,EV_B6_C1,5.0,85.0,,
1,EV_B6_C1,4.0,85.0,,
1,EV_B6_C1,3.0,85.0,,
1,EV_B6_C1,2.0,85.0,,
1,EV_B6_C1,1.0,85.0,,
1,EV_B6_C1,0.0,85.0,,
3,,,,,
3,,,,,
3,,,,,
3,,,,,
3,,,,,
3,,,,,
3,,,,,
3,,,,,
3,,,,,
3,,,,,
3,,,,,
3,,,,,
3,,,,,
3,,,,,
3,,,,,
3,,,,,
3,,,,,
3,,,,,
3,,,,,
3,,,,,
3,,,,,
3,,,,,
3,,,,,
3,,,,,
3,,,,,
3,,,,,
3,,,,,
3,,,,,
3,,,,,
3,,,,,
3,,,,,
3,,,,,
3,,,,,
3,,,,,
3,,,,,
3,,,,,
3,,,,,
3,,,,,
3,,,,,
3,,,,,
3,,,,,
3,,,,,
3,,,,,
3,,,,,
3,,,,,
3,,,,,
3,,,,,
3,,,,,
3,,,,,
3,,,,,
3,,,,,
3,,,,,
3,,,,,
3,,,,,
3,,,,,
3,,,,,
3,,,,,
3,,,,,
3,,,,,
2,EV_B6_C1,,,0.0,26.12544378801745
1,EV_B6_C1,11.0,85.0,,
1,EV_B6_C1,10.0,85.0,,
1,EV_B6_C1,9.0,85.0,,
1,EV_B6_C1,8.0,85.0,,
1,EV_B6_C1,7.0,85.0,,
1,EV_B6_C1,6.0,85.0,,
1,EV_B6_C1,5.0,85.0,,
1,EV_B6_C1,4.0,85.0,,
1,EV_B6_C1,3.0,85.0,,
1,EV_B6_C1,2.0,85.0,,
1,EV_B6_C1,1.0,85.0,,
1,EV_B6_C1,0.0,85.0,,
3,,,,,
3,,,,,
3,,,,,
3,,,,,
3,,,,,
3,,,,,
3,,,,,
3,,,,,
3,,,,,
3,,,,,
3,,,,,
2,EV_B6_C1,,,0.0,31.56367645001182
1,EV_B6_C1,11.0,85.0,,
1,EV_B6_C1,10.0,85.0,,
1,EV_B6_C1,9.0,85.0,,
1,EV_B6_C1,8.0,85.0,,
1,EV_B6_C1,7.0,85.0,,
1,EV_B6_C1,6.0,85.0,,
1,EV_B6_C1,5.0,85.0,,
1,EV_B6_C1,4.0,85.0,,
1,EV_B6_C1,3.0,85.0,,
1,EV_B6_C1,2.0,85.0,,
1,EV_B6_C1,1.0,85.0,,
1,EV_B6_C1,0.0,85.0,,
3,,,,,
3,,,,,
3,,,,,
3,,,,,
3,,,,,
3,,,,,
3,,,,,
3,,,,,
3,,,,,
3,,,,,
3,,,,,
2,EV_B6_C1,,,0.0,33.467115204390666
1,EV_B6_C1,11.0,85.0,,
1,EV_B6_C1,10.0,85.0,,
1,EV_B6_C1,9.0,85.0,,
1,EV_B6_C1,8.0,85.0,,
1,EV_B6_C1,7.0,85.0,,
1,EV_B6_C1,6.0,85.0,,
1,EV_B6_C1,5.0,85.0,,
1,EV_B6_C1,4.0,85.0,,
1,EV_B6_C1,3.0,85.0,,
1,EV_B6_C1,2.0,85.0,,
1,EV_B6_C1,1.0,85.0,,
1,EV_B6_C1,0.0,85.0,,
3,,,,,
3,,,,,
3,,,,,
3,,,,,
3,,,,,
3,,,,,
3,,,,,
3,,,,,
3,,,,,
3,,,,,
3,,,,,
2,EV_B6_C1,,,0.0,30.196664254509876
1,EV_B6_C1,10.0,85.0,,
1,EV_B6_C1,9.0,85.0,,
1,EV_B6_C1,8.0,85.0,,
1,EV_B6_C1,7.0,85.0,,
1,EV_B6_C1,6.0,85.0,,
1,EV_B6_C1,5.0,85.0,,
1,EV_B6_C1,4.0,85.0,,
1,EV_B6_C1,3.0,85.0,,
1,EV_B6_C1,2.0,85.0,,
1,EV_B6_C1,1.0,85.0,,
1,EV_B6_C1,0.0,85.0,,
3,,,,,
3,,,,,
3,,,,,
3,,,,,
3,,,,,
3,,,,,
3,,,,,
3,,,,,
3,,,,,
3,,,,,
2,EV_B6_C1,,,0.0,26.703891936753454
1,EV_B6_C1,13.0,85.0,,
1,EV_B6_C1,12.0,85.0,,
1,EV_B6_C1,11.0,85.0,,
1,EV_B6_C1,10.0,85.0,,
1,EV_B6_C1,9.0,85.0,,
1,EV_B6_C1,8.0,85.0,,
1,EV_B6_C1,7.0,85.0,,
1,EV_B6_C1,6.0,85.0,,
1,EV_B6_C1,5.0,85.0,,
1,EV_B6_C1,4.0,85.0,,
1,EV_B6_C1,3.0,85.0,,
1,EV_B6_C1,2.0,85.0,,
1,EV_B6_C1,1.0,85.0,,
1,EV_B6_C1,0.0,85.0,,
3,,,,,
3,,,,,
3,,,,,
3,,,,,
3,,,,,
3,,,,,
3,,,,,
3,,,,,
3,,,,,
3,,,,,
3,,,,,
3,,,,,
3,,,,,
3,,,,,
3,,,,,
3,,,,,
3,,,,,
3,,,,,
3,,,,,
3,,,,,
3,,,,,
3,,,,,
3,,,,,
3,,,,,
3,,,,,
3,,,,,
3,,,,,
3,,,,,
3,,,,,
3,,,,,
3,,,,,
3,,,,,
3,,,,,
3,,,,,
3,,,,,
3,,,,,
3,,,,,
3,,,,,
3,,,,,
3,,,,,
3,,,,,
3,,,,,
3,,,,,
3,,,,,
3,,,,,
3,,,,,
3,,,,,
3,,,,,
3,,,,,
3,,,,,
3,,,,,
3,,,,,
3,,,,,
3,,,,,
3,,,,,
3,,,,,
3,,,,,
3,,,,,
2,EV_B6_C1,,,0.0,25.383084970928532
1,EV_B6_C1,12.0,85.0,,
1,EV_B6_C1,11.0,85.0,,
1,EV_B6_C1,10.0,85.0,,
1,EV_B6_C1,9.0,85.0,,
1,EV_B6_C1,8.0,85.0,,
1,EV_B6_C1,7.0,85.0,,
1,EV_B6_C1,6.0,85.0,,
1,EV_B6_C1,5.0,85.0,,
1,EV_B6_C1,4.0,85.0,,
1,EV_B6_C1,3.0,85.0,,
1,EV_B6_C1,2.0,85.0,,
1,EV_B6_C1,1.0,85.0,,
1,EV_B6_C1,0.0,85.0,,
3,,,,,
3,,,,,
3,,,,,
3,,,,,
3,,,,,
3,,,,,
3,,,,,
3,,,,,
3,,,,,
2,EV_B6_C1,,,0.0,33.208707137302824
1,EV_B6_C1,13.0,85.0,,
1,EV_B6_C1,12.0,85.0,,
1,EV_B6_C1,11.0,85.0,,
1,EV_B6_C1,10.0,85.0,,
1,EV_B6_C1,9.0,85.0,,
1,EV_B6_C1,8.0,85.0,,
1,EV_B6_C1,7.0,85.0,,
1,EV_B6_C1,6.0,85.0,,
1,EV_B6_C1,5.0,85.0,,
1,EV_B6_C1,4.0,85.0,,
1,EV_B6_C1,3.0,85.0,,
1,EV_B6_C1,2.0,85.0,,
1,EV_B6_C1,1.0,85.0,,
1,EV_B6_C1,0.0,85.0,,
3,,,,,
3,,,,,
3,,,,,
3,,,,,
3,,,,,
3,,,,,
3,,,,,
3,,,,,
3,,,,,
3,,,,,
3,,,,,
2,EV_B6_C1,,,0.0,31.462804898362613
1,EV_B6_C1,11.0,85.0,,
1,EV_B6_C1,10.0,85.0,,
1,EV_B6_C1,9.0,85.0,,
1,EV_B6_C1,8.0,85.0,,
1,EV_B6_C1,7.0,85.0,,
1,EV_B6_C1,6.0,85.0,,
1,EV_B6_C1,5.0,85.0,,
1,EV_B6_C1,4.0,85.0,,
1,EV_B6_C1,3.0,85.0,,
1,EV_B6_C1,2.0,85.0,,
1,EV_B6_C1,1.0,85.0,,
1,EV_B6_C1,0.0,85.0,,
3,,,,,
3,,,,,
3,,,,,
3,,,,,
3,,,,,
3,,,,,
3,,,,,
3,,,,,
3,,,,,
2,EV_B6_C1,,,0.0,31.44685063658219
1,EV_B6_C1,12.0,85.0,,
1,EV_B6_C1,11.0,85.0,,
1,EV_B6_C1,10.0,85.0,,
1,EV_B6_C1,9.0,85.0,,
1,EV_B6_C1,8.0,85.0,,
1,EV_B6_C1,7.0,85.0,,
1,EV_B6_C1,6.0,85.0,,
1,EV_B6_C1,5.0,85.0,,
1,EV_B6_C1,4.0,85.0,,
1,EV_B6_C1,3.0,85.0,,
1,EV_B6_C1,2.0,85.0,,
1,EV_B6_C1,1.0,85.0,,
1,EV_B6_C1,0.0,85.0,,
3,,,,,
3,,,,,
3,,,,,
3,,,,,
3,,,,,
3,,,,,
3,,,,,
3,,,,,
3,,,,,
3,,,,,
3,,,,,
2,EV_B6_C1,,,0.0,21.883319166883087
1,EV_B6_C1,11.0,85.0,,
1,EV_B6_C1,10.0,85.0,,
1,EV_B6_C1,9.0,85.0,,
1,EV_B6_C1,8.0,85.0,,
1,EV_B6_C1,7.0,85.0,,
1,EV_B6_C1,6.0,85.0,,
1,EV_B6_C1,5.0,85.0,,
1,EV_B6_C1,4.0,85.0,,
1,EV_B6_C1,3.0,85.0,,
1,EV_B6_C1,2.0,85.0,,
1,EV_B6_C1,1.0,85.0,,
1,EV_B6_C1,0.0,85.0,,
3,,,,,
3,,,,,
3,,,,,
3,,,,,
3,,,,,
3,,,,,
3,,,,,
3,,,,,
3,,,,,
3,,,,,
3,,,,,
3,,,,,
3,,,,,
3,,,,,
3,,,,,
3,,,,,
3,,,,,
3,,,,,
3,,,,,
3,,,,,
3,,,,,
3,,,,,
3,,,,,
3,,,,,
3,,,,,
3,,,,,
3,,,,,
3,,,,,
3,,,,,
3,,,,,
3,,,,,
3,,,,,
3,,,,,
3,,,,,
3,,,,,
3,,,,,
3,,,,,
3,,,,,
3,,,,,
3,,,,,
3,,,,,
3,,,,,
3,,,,,
3,,,,,
3,,,,,
3,,,,,
3,,,,,
3,,,,,
3,,,,,
3,,,,,
3,,,,,
3,,,,,
3,,,,,
3,,,,,
3,,,,,
3,,,,,
3,,,,,
3,,,,,
3,,,,,
2,EV_B6_C1,,,0.0,23.887803914927435
1,EV_B6_C1,12.0,85.0,,
1,EV_B6_C1,11.0,85.0,,
1,EV_B6_C1,10.0,85.0,,
1,EV_B6_C1,9.0,85.0,,
1,EV_B6_C1,8.0,85.0,,
1,EV_B6_C1,7.0,85.0,,
1,EV_B6_C1,6.0,85.0,,
1,EV_B6_C1,5.0,85.0,,
1,EV_B6_C1,4.0,85.0,,
1,EV_B6_C1,3.0,85.0,,
1,EV_B6_C1,2.0,85.0,,
1,EV_B6_C1,1.0,85.0,,
1,EV_B6_C1,0.0,85.0,,
3,,,,,
3,,,,,
3,,,,,
3,,,,,
3,,,,,
3,,,,,
3,,,,,
3,,,,,
3,,,,,
3,,,,,
2,EV_B6_C1,,,0.0,23.015687292683534
1,EV_B6_C1,12.0,85.0,,
1,EV_B6_C1,11.0,85.0,,
1,EV_B6_C1,10.0,85.0,,
1,EV_B6_C1,9.0,85.0,,
1,EV_B6_C1,8.0,85.0,,
1,EV_B6_C1,7.0,85.0,,
1,EV_B6_C1,6.0,85.0,,
1,EV_B6_C1,5.0,85.0,,
1,EV_B6_C1,4.0,85.0,,
1,EV_B6_C1,3.0,85.0,,
1,EV_B6_C1,2.0,85.0,,
1,EV_B6_C1,1.0,85.0,,
1,EV_B6_C1,0.0,85.0,,
3,,,,,
3,,,,,
3,,,,,
3,,,,,
3,,,,,
3,,,,,
3,,,,,
3,,,,,
3,,,,,
2,EV_B6_C1,,,0.0,28.513164465679935
1,EV_B6_C1,12.0,85.0,,
1,EV_B6_C1,11.0,85.0,,
1,EV_B6_C1,10.0,85.0,,
1,EV_B6_C1,9.0,85.0,,
1,EV_B6_C1,8.0,85.0,,
1,EV_B6_C1,7.0,85.0,,
1,EV_B6_C1,6.0,85.0,,
1,EV_B6_C1,5.0,85.0,,
1,EV_B6_C1,4.0,85.0,,
1,EV_B6_C1,3.0,85.0,,
1,EV_B6_C1,2.0,85.0,,
1,EV_B6_C1,1.0,85.0,,
1,EV_B6_C1,0.0,85.0,,
3,,,,,
3,,,,,
3,,,,,
3,,,,,
3,,,,,
3,,,,,
3,,,,,
3,,,,,
3,,,,,
3,,,,,
3,,,,,
3,,,,,
3,,,,,
2,EV_B6_C1,,,0.0,21.233294064097848
1,EV_B6_C1,9.0,85.0,,
1,EV_B6_C1,8.0,85.0,,
1,EV_B6_C1,7.0,85.0,,
1,EV_B6_C1,6.0,85.0,,
1,EV_B6_C1,5.0,85.0,,
1,EV_B6_C1,4.0,85.0,,
1,EV_B6_C1,3.0,85.0,,
1,EV_B6_C1,2.0,85.0,,
1,EV_B6_C1,1.0,85.0,,
1,EV_B6_C1,0.0,85.0,,
3,,,,,
3,,,,,
3,,,,,
3,,,,,
3,,,,,
3,,,,,
3,,,,,
3,,,,,
3,,,,,
3,,,,,
3,,,,,
2,EV_B6_C1,,,0.0,28.272400461073012
1,EV_B6_C1,12.0,85.0,,
1,EV_B6_C1,11.0,85.0,,
1,EV_B6_C1,10.0,85.0,,
1,EV_B6_C1,9.0,85.0,,
1,EV_B6_C1,8.0,85.0,,
1,EV_B6_C1,7.0,85.0,,
1,EV_B6_C1,6.0,85.0,,
1,EV_B6_C1,5.0,85.0,,
1,EV_B6_C1,4.0,85.0,,
1,EV_B6_C1,3.0,85.0,,
1,EV_B6_C1,2.0,85.0,,
1,EV_B6_C1,1.0,85.0,,
1,EV_B6_C1,0.0,85.0,,
3,,,,,
3,,,,,
3,,,,,
3,,,,,
3,,,,,
3,,,,,
3,,,,,
3,,,,,
3,,,,,
3,,,,,
3,,,,,
3,,,,,
3,,,,,
3,,,,,
3,,,,,
3,,,,,
3,,,,,
3,,,,,
3,,,,,
3,,,,,
3,,,,,
3,,,,,
3,,,,,
3,,,,,
3,,,,,
3,,,,,
3,,,,,
3,,,,,
3,,,,,
3,,,,,
3,,,,,
3,,,,,
3,,,,,
3,,,,,
3,,,,,
3,,,,,
3,,,,,
3,,,,,
3,,,,,
3,,,,,
3,,,,,
3,,,,,
3,,,,,
3,,,,,
3,,,,,
3,,,,,
3,,,,,
3,,,,,
3,,,,,
3,,,,,
3,,,,,
3,,,,,
3,,,,,
3,,,,,
3,,,,,
3,,,,,
3,,,,,
3,,,,,
2,EV_B6_C1,,,0.0,23.287479650329523
1,EV_B6_C1,12.0,85.0,,
1,EV_B6_C1,11.0,85.0,,
1,EV_B6_C1,10.0,85.0,,
1,EV_B6_C1,9.0,85.0,,
1,EV_B6_C1,8.0,85.0,,
1,EV_B6_C1,7.0,85.0,,
1,EV_B6_C1,6.0,85.0,,
1,EV_B6_C1,5.0,85.0,,
1,EV_B6_C1,4.0,85.0,,
1,EV_B6_C1,3.0,85.0,,
1,EV_B6_C1,2.0,85.0,,
1,EV_B6_C1,1.0,85.0,,
1,EV_B6_C1,0.0,85.0,,
3,,,,,
3,,,,,
3,,,,,
3,,,,,
3,,,,,
3,,,,,
3,,,,,
3,,,,,
3,,,,,
3,,,,,
3,,,,,
2,EV_B6_C1,,,0.0,25.508133210648754
1,EV_B6_C1,11.0,85.0,,
1,EV_B6_C1,10.0,85.0,,
1,EV_B6_C1,9.0,85.0,,
1,EV_B6_C1,8.0,85.0,,
1,EV_B6_C1,7.0,85.0,,
1,EV_B6_C1,6.0,85.0,,
1,EV_B6_C1,5.0,85.0,,
1,EV_B6_C1,4.0,85.0,,
1,EV_B6_C1,3.0,85.0,,
1,EV_B6_C1,2.0,85.0,,
1,EV_B6_C1,1.0,85.0,,
1,EV_B6_C1,0.0,85.0,,
3,,,,,
3,,,,,
3,,,,,
3,,,,,
3,,,,,
3,,,,,
3,,,,,
3,,,,,
3,,,,,
3,,,,,
3,,,,,
2,EV_B6_C1,,,0.0,25.3429975312384
1,EV_B6_C1,11.0,85.0,,
1,EV_B6_C1,10.0,85.0,,
1,EV_B6_C1,9.0,85.0,,
1,EV_B6_C1,8.0,85.0,,
1,EV_B6_C1,7.0,85.0,,
1,EV_B6_C1,6.0,85.0,,
1,EV_B6_C1,5.0,85.0,,
1,EV_B6_C1,4.0,85.0,,
1,EV_B6_C1,3.0,85.0,,
1,EV_B6_C1,2.0,85.0,,
1,EV_B6_C1,1.0,85.0,,
1,EV_B6_C1,0.0,85.0,,
3,,,,,
3,,,,,
3,,,,,
3,,,,,
3,,,,,
3,,,,,
3,,,,,
3,,,,,
3,,,,,
3,,,,,
3,,,,,
3,,,,,
2,EV_B6_C1,,,0.0,33.27145110757732
1,EV_B6_C1,9.0,85.0,,
1,EV_B6_C1,8.0,85.0,,
1,EV_B6_C1,7.0,85.0,,
1,EV_B6_C1,6.0,85.0,,
1,EV_B6_C1,5.0,85.0,,
1,EV_B6_C1,4.0,85.0,,
1,EV_B6_C1,3.0,85.0,,
1,EV_B6_C1,2.0,85.0,,
1,EV_B6_C1,1.0,85.0,,
1,EV_B6_C1,0.0,85.0,,
3,,,,,
3,,,,,
3,,,,,
3,,,,,
3,,,,,
3,,,,,
3,,,,,
3,,,,,
3,,,,,
3,,,,,
3,,,,,
3,,,,,
2,EV_B6_C1,,,0.0,33.68725101877656
1,EV_B6_C1,10.0,85.0,,
1,EV_B6_C1,9.0,85.0,,
1,EV_B6_C1,8.0,85.0,,
1,EV_B6_C1,7.0,85.0,,
1,EV_B6_C1,6.0,85.0,,
1,EV_B6_C1,5.0,85.0,,
1,EV_B6_C1,4.0,85.0,,
1,EV_B6_C1,3.0,85.0,,
1,EV_B6_C1,2.0,85.0,,
1,EV_B6_C1,1.0,85.0,,
1,EV_B6_C1,0.0,85.0,,
3,,,,,
3,,,,,
3,,,,,
3,,,,,
3,,,,,
3,,,,,
3,,,,,
3,,,,,
3,,,,,
3,,,,,
3,,,,,
3,,,,,
3,,,,,
3,,,,,
3,,,,,
3,,,,,
3,,,,,
3,,,,,
3,,,,,
3,,,,,
3,,,,,
3,,,,,
3,,,,,
3,,,,,
3,,,,,
3,,,,,
3,,,,,
3,,,,,
3,,,,,
3,,,,,
3,,,,,
3,,,,,
3,,,,,
3,,,,,
3,,,,,
3,,,,,
3,,,,,
3,,,,,
3,,,,,
3,,,,,
3,,,,,
3,,,,,
3,,,,,
3,,,,,
3,,,,,
3,,,,,
3,,,,,
3,,,,,
3,,,,,
3,,,,,
3,,,,,
3,,,,,
3,,,,,
3,,,,,
3,,,,,
3,,,,,
3,,,,,
3,,,,,
3,,,,,
3,,,,,
2,EV_B6_C1,,,0.0,25.33865328361936
1,EV_B6_C1,10.0,85.0,,
1,EV_B6_C1,9.0,85.0,,
1,EV_B6_C1,8.0,85.0,,
1,EV_B6_C1,7.0,85.0,,
1,EV_B6_C1,6.0,85.0,,
1,EV_B6_C1,5.0,85.0,,
1,EV_B6_C1,4.0,85.0,,
1,EV_B6_C1,3.0,85.0,,
1,EV_B6_C1,2.0,85.0,,
1,EV_B6_C1,1.0,85.0,,
1,EV_B6_C1,0.0,85.0,,
3,,,,,
3,,,,,
3,,,,,
3,,,,,
3,,,,,
3,,,,,
3,,,,,
3,,,,,
3,,,,,
3,,,,,
3,,,,,
3,,,,,
2,EV_B6_C1,,,0.0,27.743330237459084
1,EV_B6_C1,10.0,85.0,,
1,EV_B6_C1,9.0,85.0,,
1,EV_B6_C1,8.0,85.0,,
1,EV_B6_C1,7.0,85.0,,
1,EV_B6_C1,6.0,85.0,,
1,EV_B6_C1,5.0,85.0,,
1,EV_B6_C1,4.0,85.0,,
1,EV_B6_C1,3.0,85.0,,
1,EV_B6_C1,2.0,85.0,,
1,EV_B6_C1,1.0,85.0,,
1,EV_B6_C1,0.0,85.0,,
3,,,,,
3,,,,,
3,,,,,
3,,,,,
3,,,,,
3,,,,,
3,,,,,
3,,,,,
3,,,,,
3,,,,,
3,,,,,
2,EV_B6_C1,,,0.0,31.152313870928182
1,EV_B6_C1,12.0,85.0,,
1,EV_B6_C1,11.0,85.0,,
1,EV_B6_C1,10.0,85.0,,
1,EV_B6_C1,9.0,85.0,,
1,EV_B6_C1,8.0,85.0,,
1,EV_B6_C1,7.0,85.0,,
1,EV_B6_C1,6.0,85.0,,
1,EV_B6_C1,5.0,85.0,,
1,EV_B6_C1,4.0,85.0,,
1,EV_B6_C1,3.0,85.0,,
1,EV_B6_C1,2.0,85.0,,
1,EV_B6_C1,1.0,85.0,,
1,EV_B6_C1,0.0,85.0,,
3,,,,,
3,,,,,
3,,,,,
3,,,,,
3,,,,,
3,,,,,
3,,,,,
3,,,,,
3,,,,,
3,,,,,
2,EV_B6_C1,,,0.0,32.37408484529457
1,EV_B6_C1,11.0,85.0,,
1,EV_B6_C1,10.0,85.0,,
1,EV_B6_C1,9.0,85.0,,
1,EV_B6_C1,8.0,85.0,,
1,EV_B6_C1,7.0,85.0,,
1,EV_B6_C1,6.0,85.0,,
1,EV_B6_C1,5.0,85.0,,
1,EV_B6_C1,4.0,85.0,,
1,EV_B6_C1,3.0,85.0,,
1,EV_B6_C1,2.0,85.0,,
1,EV_B6_C1,1.0,85.0,,
1,EV_B6_C1,0.0,85.0,,
3,,,,,
3,,,,,
3,,,,,
3,,,,,
3,,,,,
3,,,,,
3,,,,,
3,,,,,
3,,,,,
3,,,,,
2,EV_B6_C1,,,0.0,20.73073385827407
1,EV_B6_C1,13.0,85.0,,
1,EV_B6_C1,12.0,85.0,,
1,EV_B6_C1,11.0,85.0,,
1,EV_B6_C1,10.0,85.0,,
1,EV_B6_C1,9.0,85.0,,
1,EV_B6_C1,8.0,85.0,,
1,EV_B6_C1,7.0,85.0,,
1,EV_B6_C1,6.0,85.0,,
1,EV_B6_C1,5.0,85.0,,
1,EV_B6_C1,4.0,85.0,,
1,EV_B6_C1,3.0,85.0,,
1,EV_B6_C1,2.0,85.0,,
1,EV_B6_C1,1.0,85.0,,
1,EV_B6_C1,0.0,85.0,,
3,,,,,
3,,,,,
3,,,,,
3,,,,,
3,,,,,
3,,,,,
3,,,,,
3,,,,,
3,,,,,
3,,,,,
3,,,,,
3,,,,,
3,,,,,
3,,,,,
3,,,,,
3,,,,,
3,,,,,
3,,,,,
3,,,,,
3,,,,,
3,,,,,
3,,,,,
3,,,,,
3,,,,,
3,,,,,
3,,,,,
3,,,,,
3,,,,,
3,,,,,
3,,,,,
3,,,,,
3,,,,,
3,,,,,
3,,,,,
3,,,,,
3,,,,,
3,,,,,
3,,,,,
3,,,,,
3,,,,,
3,,,,,
3,,,,,
3,,,,,
3,,,,,
3,,,,,
3,,,,,
3,,,,,
3,,,,,
3,,,,,
3,,,,,
3,,,,,
3,,,,,
3,,,,,
3,,,,,
3,,,,,
3,,,,,
3,,,,,
3,,,,,
3,,,,,
3,,,,,
2,EV_B6_C1,,,0.0,24.605743072821383
1,EV_B6_C1,10.0,85.0,,
1,EV_B6_C1,9.0,85.0,,
1,EV_B6_C1,8.0,85.0,,
1,EV_B6_C1,7.0,85.0,,
1,EV_B6_C1,6.0,85.0,,
1,EV_B6_C1,5.0,85.0,,
1,EV_B6_C1,4.0,85.0,,
1,EV_B6_C1,3.0,85.0,,
1,EV_B6_C1,2.0,85.0,,
1,EV_B6_C1,1.0,85.0,,
1,EV_B6_C1,0.0,85.0,,
3,,,,,
3,,,,,
3,,,,,
3,,,,,
3,,,,,
3,,,,,
3,,,,,
3,,,,,
3,,,,,
3,,,,,
2,EV_B6_C1,,,0.0,20.90411160399907
1,EV_B6_C1,12.0,85.0,,
1,EV_B6_C1,11.0,85.0,,
1,EV_B6_C1,10.0,85.0,,
1,EV_B6_C1,9.0,85.0,,
1,EV_B6_C1,8.0,85.0,,
1,EV_B6_C1,7.0,85.0,,
1,EV_B6_C1,6.0,85.0,,
1,EV_B6_C1,5.0,85.0,,
1,EV_B6_C1,4.0,85.0,,
1,EV_B6_C1,3.0,85.0,,
1,EV_B6_C1,2.0,85.0,,
1,EV_B6_C1,1.0,85.0,,
1,EV_B6_C1,0.0,85.0,,
3,,,,,
3,,,,,
3,,,,,
3,,,,,
3,,,,,
3,,,,,
3,,,,,
3,,,,,
3,,,,,
3,,,,,
3,,,,,
2,EV_B6_C1,,,0.0,23.662842868838176
1,EV_B6_C1,11.0,85.0,,
1,EV_B6_C1,10.0,85.0,,
1,EV_B6_C1,9.0,85.0,,
1,EV_B6_C1,8.0,85.0,,
1,EV_B6_C1,7.0,85.0,,
1,EV_B6_C1,6.0,85.0,,
1,EV_B6_C1,5.0,85.0,,
1,EV_B6_C1,4.0,85.0,,
1,EV_B6_C1,3.0,85.0,,
1,EV_B6_C1,2.0,85.0,,
1,EV_B6_C1,1.0,85.0,,
1,EV_B6_C1,0.0,85.0,,
3,,,,,
3,,,,,
3,,,,,
3,,,,,
3,,,,,
3,,,,,
3,,,,,
3,,,,,
3,,,,,
3,,,,,
2,EV_B6_C1,,,0.0,24.688585682466258
1,EV_B6_C1,11.0,85.0,,
1,EV_B6_C1,10.0,85.0,,
1,EV_B6_C1,9.0,85.0,,
1,EV_B6_C1,8.0,85.0,,
1,EV_B6_C1,7.0,85.0,,
1,EV_B6_C1,6.0,85.0,,
1,EV_B6_C1,5.0,85.0,,
1,EV_B6_C1,4.0,85.0,,
1,EV_B6_C1,3.0,85.0,,
1,EV_B6_C1,2.0,85.0,,
1,EV_B6_C1,1.0,85.0,,
1,EV_B6_C1,0.0,85.0,,
3,,,,,
3,,,,,
3,,,,,
3,,,,,
3,,,,,
3,,,,,
3,,,,,
3,,,,,
3,,,,,
3,,,,,
3,,,,,
3,,,,,
3,,,,,
3,,,,,
2,EV_B6_C1,,,0.0,24.193644104937828
1,EV_B6_C1,9.0,85.0,,
1,EV_B6_C1,8.0,85.0,,
1,EV_B6_C1,7.0,85.0,,
1,EV_B6_C1,6.0,85.0,,
1,EV_B6_C1,5.0,85.0,,
1,EV_B6_C1,4.0,85.0,,
1,EV_B6_C1,3.0,85.0,,
1,EV_B6_C1,2.0,85.0,,
1,EV_B6_C1,1.0,85.0,,
1,EV_B6_C1,0.0,85.0,,
3,,,,,
3,,,,,
3,,,,,
3,,,,,
3,,,,,
3,,,,,
3,,,,,
3,,,,,
3,,,,,
3,,,,,
3,,,,,
3,,,,,
3,,,,,
3,,,,,
3,,,,,
3,,,,,
3,,,,,
3,,,,,
3,,,,,
3,,,,,
3,,,,,
3,,,,,
3,,,,,
3,,,,,
3,,,,,
3,,,,,
3,,,,,
3,,,,,
3,,,,,
3,,,,,
3,,,,,
3,,,,,
3,,,,,
3,,,,,
3,,,,,
3,,,,,
3,,,,,
3,,,,,
3,,,,,
3,,,,,
3,,,,,
3,,,,,
3,,,,,
3,,,,,
3,,,,,
3,,,,,
3,,,,,
3,,,,,
3,,,,,
3,,,,,
3,,,,,
3,,,,,
3,,,,,
3,,,,,
3,,,,,
3,,,,,
3,,,,,
3,,,,,
2,EV_B6_C1,,,0.0,23.165942468065072
1,EV_B6_C1,11.0,85.0,,
1,EV_B6_C1,10.0,85.0,,
1,EV_B6_C1,9.0,85.0,,
1,EV_B6_C1,8.0,85.0,,
1,EV_B6_C1,7.0,85.0,,
1,EV_B6_C1,6.0,85.0,,
1,EV_B6_C1,5.0,85.0,,
1,EV_B6_C1,4.0,85.0,,
1,EV_B6_C1,3.0,85.0,,
1,EV_B6_C1,2.0,85.0,,
1,EV_B6_C1,1.0,85.0,,
1,EV_B6_C1,0.0,85.0,,
3,,,,,
3,,,,,
3,,,,,
3,,,,,
3,,,,,
3,,,,,
3,,,,,
3,,,,,
3,,,,,
3,,,,,
3,,,,,
2,EV_B6_C1,,,0.0,32.0183460006351
1,EV_B6_C1,12.0,85.0,,
1,EV_B6_C1,11.0,85.0,,
1,EV_B6_C1,10.0,85.0,,
1,EV_B6_C1,9.0,85.0,,
1,EV_B6_C1,8.0,85.0,,
1,EV_B6_C1,7.0,85.0,,
1,EV_B6_C1,6.0,85.0,,
1,EV_B6_C1,5.0,85.0,,
1,EV_B6_C1,4.0,85.0,,
1,EV_B6_C1,3.0,85.0,,
1,EV_B6_C1,2.0,85.0,,
1,EV_B6_C1,1.0,85.0,,
1,EV_B6_C1,0.0,85.0,,
3,,,,,
3,,,,,
3,,,,,
3,,,,,
3,,,,,
3,,,,,
3,,,,,
3,,,,,
3,,,,,
3,,,,,
3,,,,,
2,EV_B6_C1,,,0.0,23.566127845869474
1,EV_B6_C1,10.0,85.0,,
1,EV_B6_C1,9.0,85.0,,
1,EV_B6_C1,8.0,85.0,,
1,EV_B6_C1,7.0,85.0,,
1,EV_B6_C1,6.0,85.0,,
1,EV_B6_C1,5.0,85.0,,
1,EV_B6_C1,4.0,85.0,,
1,EV_B6_C1,3.0,85.0,,
1,EV_B6_C1,2.0,85.0,,
1,EV_B6_C1,1.0,85.0,,
1,EV_B6_C1,0.0,85.0,,
3,,,,,
3,,,,,
3,,,,,
3,,,,,
3,,,,,
3,,,,,
3,,,,,
3,,,,,
3,,,,,
3,,,,,
3,,,,,
3,,,,,
3,,,,,
2,EV_B6_C1,,,0.0,33.08009371819197
1,EV_B6_C1,10.0,85.0,,
1,EV_B6_C1,9.0,85.0,,
1,EV_B6_C1,8.0,85.0,,
1,EV_B6_C1,7.0,85.0,,
1,EV_B6_C1,6.0,85.0,,
1,EV_B6_C1,5.0,85.0,,
1,EV_B6_C1,4.0,85.0,,
1,EV_B6_C1,3.0,85.0,,
1,EV_B6_C1,2.0,85.0,,
1,EV_B6_C1,1.0,85.0,,
1,EV_B6_C1,0.0,85.0,,
3,,,,,
3,,,,,
3,,,,,
3,,,,,
3,,,,,
3,,,,,
3,,,,,
3,,,,,
3,,,,,
3,,,,,
2,EV_B6_C1,,,0.0,33.53811597210168
1,EV_B6_C1,12.0,85.0,,
1,EV_B6_C1,11.0,85.0,,
1,EV_B6_C1,10.0,85.0,,
1,EV_B6_C1,9.0,85.0,,
1,EV_B6_C1,8.0,85.0,,
1,EV_B6_C1,7.0,85.0,,
1,EV_B6_C1,6.0,85.0,,
1,EV_B6_C1,5.0,85.0,,
1,EV_B6_C1,4.0,85.0,,
1,EV_B6_C1,3.0,85.0,,
1,EV_B6_C1,2.0,85.0,,
1,EV_B6_C1,1.0,85.0,,
1,EV_B6_C1,0.0,85.0,,
3,,,,,
3,,,,,
3,,,,,
3,,,,,
3,,,,,
3,,,,,
3,,,,,
3,,,,,
3,,,,,
3,,,,,
3,,,,,
3,,,,,
3,,,,,
3,,,,,
3,,,,,
3,,,,,
3,,,,,
3,,,,,
3,,,,,
3,,,,,
3,,,,,
3,,,,,
3,,,,,
3,,,,,
3,,,,,
3,,,,,
3,,,,,
3,,,,,
3,,,,,
3,,,,,
3,,,,,
3,,,,,
3,,,,,
3,,,,,
3,,,,,
3,,,,,
3,,,,,
3,,,,,
3,,,,,
3,,,,,
3,,,,,
3,,,,,
3,,,,,
3,,,,,
3,,,,,
3,,,,,
3,,,,,
3,,,,,
3,,,,,
3,,,,,
3,,,,,
3,,,,,
3,,,,,
3,,,,,
3,,,,,
3,,,,,
3,,,,,
3,,,,,
2,EV_B6_C1,,,0.0,30.73198552536808
1,EV_B6_C1,12.0,85.0,,
1,EV_B6_C1,11.0,85.0,,
1,EV_B6_C1,10.0,85.0,,
1,EV_B6_C1,9.0,85.0,,
1,EV_B6_C1,8.0,85.0,,
1,EV_B6_C1,7.0,85.0,,
1,EV_B6_C1,6.0,85.0,,
1,EV_B6_C1,5.0,85.0,,
1,EV_B6_C1,4.0,85.0,,
1,EV_B6_C1,3.0,85.0,,
1,EV_B6_C1,2.0,85.0,,
1,EV_B6_C1,1.0,85.0,,
1,EV_B6_C1,0.0,85.0,,
3,,,,,
3,,,,,
3,,,,,
3,,,,,
3,,,,,
3,,,,,
3,,,,,
3,,,,,
3,,,,,
3,,,,,
2,EV_B6_C1,,,0.0,22.47637458184992
1,EV_B6_C1,12.0,85.0,,
1,EV_B6_C1,11.0,85.0,,
1,EV_B6_C1,10.0,85.0,,
1,EV_B6_C1,9.0,85.0,,
1,EV_B6_C1,8.0,85.0,,
1,EV_B6_C1,7.0,85.0,,
1,EV_B6_C1,6.0,85.0,,
1,EV_B6_C1,5.0,85.0,,
1,EV_B6_C1,4.0,85.0,,
1,EV_B6_C1,3.0,85.0,,
1,EV_B6_C1,2.0,85.0,,
1,EV_B6_C1,1.0,85.0,,
1,EV_B6_C1,0.0,85.0,,
3,,,,,
3,,,,,
3,,,,,
3,,,,,
3,,,,,
3,,,,,
3,,,,,
3,,,,,
3,,,,,
3,,,,,
2,EV_B6_C1,,,0.0,27.614255371970742
1,EV_B6_C1,12.0,85.0,,
1,EV_B6_C1,11.0,85.0,,
1,EV_B6_C1,10.0,85.0,,
1,EV_B6_C1,9.0,85.0,,
1,EV_B6_C1,8.0,85.0,,
1,EV_B6_C1,7.0,85.0,,
1,EV_B6_C1,6.0,85.0,,
1,EV_B6_C1,5.0,85.0,,
1,EV_B6_C1,4.0,85.0,,
1,EV_B6_C1,3.0,85.0,,
1,EV_B6_C1,2.0,85.0,,
1,EV_B6_C1,1.0,85.0,,
1,EV_B6_C1,0.0,85.0,,
3,,,,,
3,,,,,
3,,,,,
3,,,,,
3,,,,,
3,,,,,
3,,,,,
3,,,,,
3,,,,,
3,,,,,
3,,,,,
2,EV_B6_C1,,,0.0,23.170828484754182
1,EV_B6_C1,11.0,85.0,,
1,EV_B6_C1,10.0,85.0,,
1,EV_B6_C1,9.0,85.0,,
1,EV_B6_C1,8.0,85.0,,
1,EV_B6_C1,7.0,85.0,,
1,EV_B6_C1,6.0,85.0,,
1,EV_B6_C1,5.0,85.0,,
1,EV_B6_C1,4.0,85.0,,
1,EV_B6_C1,3.0,85.0,,
1,EV_B6_C1,2.0,85.0,,
1,EV_B6_C1,1.0,85.0,,
1,EV_B6_C1,0.0,85.0,,
3,,,,,
3,,,,,
3,,,,,
3,,,,,
3,,,,,
3,,,,,
3,,,,,
3,,,,,
3,,,,,
3,,,,,
3,,,,,
3,,,,,
2,EV_B6_C1,,,0.0,29.392838534717008
1,EV_B6_C1,10.0,85.0,,
1,EV_B6_C1,9.0,85.0,,
1,EV_B6_C1,8.0,85.0,,
1,EV_B6_C1,7.0,85.0,,
1,EV_B6_C1,6.0,85.0,,
1,EV_B6_C1,5.0,85.0,,
1,EV_B6_C1,4.0,85.0,,
1,EV_B6_C1,3.0,85.0,,
1,EV_B6_C1,2.0,85.0,,
1,EV_B6_C1,1.0,85.0,,
1,EV_B6_C1,0.0,85.0,,
3,,,,,
3,,,,,
3,,,,,
3,,,,,
3,,,,,
3,,,,,
3,,,,,
3,,,,,
3,,,,,
3,,,,,
3,,,,,
3,,,,,
3,,,,,
3,,,,,
3,,,,,
3,,,,,
3,,,,,
3,,,,,
3,,,,,
3,,,,,
3,,,,,
3,,,,,
3,,,,,
3,,,,,
3,,,,,
3,,,,,
3,,,,,
3,,,,,
3,,,,,
3,,,,,
3,,,,,
3,,,,,
3,,,,,
3,,,,,
3,,,,,
3,,,,,
3,,,,,
3,,,,,
3,,,,,
3,,,,,
3,,,,,
3,,,,,
3,,,,,
3,,,,,
3,,,,,
3,,,,,
3,,,,,
3,,,,,
3,,,,,
3,,,,,
3,,,,,
3,,,,,
3,,,,,
3,,,,,
3,,,,,
3,,,,,
3,,,,,
3,,,,,
3,,,,,
2,EV_B6_C1,,,0.0,33.48311397785672
1,EV_B6_C1,11.0,85.0,,
1,EV_B6_C1,10.0,85.0,,
1,EV_B6_C1,9.0,85.0,,
1,EV_B6_C1,8.0,85.0,,
1,EV_B6_C1,7.0,85.0,,
1,EV_B6_C1,6.0,85.0,,
1,EV_B6_C1,5.0,85.0,,
1,EV_B6_C1,4.0,85.0,,
1,EV_B6_C1,3.0,85.0,,
1,EV_B6_C1,2.0,85.0,,
1,EV_B6_C1,1.0,85.0,,
1,EV_B6_C1,0.0,85.0,,
3,,,,,
3,,,,,
3,,,,,
3,,,,,
3,,,,,
3,,,,,
3,,,,,
3,,,,,
3,,,,,
3,,,,,
3,,,,,
3,,,,,
2,EV_B6_C1,,,0.0,20.800715765918238
1,EV_B6_C1,9.0,85.0,,
1,EV_B6_C1,8.0,85.0,,
1,EV_B6_C1,7.0,85.0,,
1,EV_B6_C1,6.0,85.0,,
1,EV_B6_C1,5.0,85.0,,
1,EV_B6_C1,4.0,85.0,,
1,EV_B6_C1,3.0,85.0,,
1,EV_B6_C1,2.0,85.0,,
1,EV_B6_C1,1.0,85.0,,
1,EV_B6_C1,0.0,85.0,,
3,,,,,
3,,,,,
3,,,,,
3,,,,,
3,,,,,
3,,,,,
3,,,,,
3,,,,,
3,,,,,
3,,,,,
3,,,,,
3,,,,,
2,EV_B6_C1,,,0.0,21.76418488915085
1,EV_B6_C1,11.0,85.0,,
1,EV_B6_C1,10.0,85.0,,
1,EV_B6_C1,9.0,85.0,,
1,EV_B6_C1,8.0,85.0,,
1,EV_B6_C1,7.0,85.0,,
1,EV_B6_C1,6.0,85.0,,
1,EV_B6_C1,5.0,85.0,,
1,EV_B6_C1,4.0,85.0,,
1,EV_B6_C1,3.0,85.0,,
1,EV_B6_C1,2.0,85.0,,
1,EV_B6_C1,1.0,85.0,,
1,EV_B6_C1,0.0,85.0,,
3,,,,,
3,,,,,
3,,,,,
3,,,,,
3,,,,,
3,,,,,
3,,,,,
3,,,,,
3,,,,,
3,,,,,
3,,,,,
2,EV_B6_C1,,,0.0,23.134363003936425
1,EV_B6_C1,11.0,85.0,,
1,EV_B6_C1,10.0,85.0,,
1,EV_B6_C1,9.0,85.0,,
1,EV_B6_C1,8.0,85.0,,
1,EV_B6_C1,7.0,85.0,,
1,EV_B6_C1,6.0,85.0,,
1,EV_B6_C1,5.0,85.0,,
1,EV_B6_C1,4.0,85.0,,
1,EV_B6_C1,3.0,85.0,,
1,EV_B6_C1,2.0,85.0,,
1,EV_B6_C1,1.0,85.0,,
1,EV_B6_C1,0.0,85.0,,
3,,,,,
3,,,,,
3,,,,,
3,,,,,
3,,,,,
3,,,,,
3,,,,,
3,,,,,
3,,,,,
2,EV_B6_C1,,,0.0,28.651422955813377
1,EV_B6_C1,13.0,85.0,,
1,EV_B6_C1,12.0,85.0,,
1,EV_B6_C1,11.0,85.0,,
1,EV_B6_C1,10.0,85.0,,
1,EV_B6_C1,9.0,85.0,,
1,EV_B6_C1,8.0,85.0,,
1,EV_B6_C1,7.0,85.0,,
1,EV_B6_C1,6.0,85.0,,
1,EV_B6_C1,5.0,85.0,,
1,EV_B6_C1,4.0,85.0,,
1,EV_B6_C1,3.0,85.0,,
1,EV_B6_C1,2.0,85.0,,
1,EV_B6_C1,1.0,85.0,,
1,EV_B6_C1,0.0,85.0,,
3,,,,,
3,,,,,
3,,,,,
3,,,,,
3,,,,,
3,,,,,
3,,,,,
3,,,,,
3,,,,,
3,,,,,
3,,,,,
3,,,,,
3,,,,,
3,,,,,
3,,,,,
3,,,,,
3,,,,,
3,,,,,
3,,,,,
3,,,,,
3,,,,,
3,,,,,
3,,,,,
3,,,,,
3,,,,,
3,,,,,
3,,,,,
3,,,,,
3,,,,,
3,,,,,
3,,,,,
3,,,,,
3,,,,,
3,,,,,
3,,,,,
3,,,,,
3,,,,,
3,,,,,
3,,,,,
3,,,,,
3,,,,,
3,,,,,
3,,,,,
3,,,,,
3,,,,,
3,,,,,
3,,,,,
3,,,,,
3,,,,,
3,,,,,
3,,,,,
3,,,,,
3,,,,,
3,,,,,
3,,,,,
3,,,,,
3,,,,,
2,EV_B6_C1,,,0.0,22.35613035529204
1,EV_B6_C1,13.0,85.0,,
1,EV_B6_C1,12.0,85.0,,
1,EV_B6_C1,11.0,85.0,,
1,EV_B6_C1,10.0,85.0,,
1,EV_B6_C1,9.0,85.0,,
1,EV_B6_C1,8.0,85.0,,
1,EV_B6_C1,7.0,85.0,,
1,EV_B6_C1,6.0,85.0,,
1,EV_B6_C1,5.0,85.0,,
1,EV_B6_C1,4.0,85.0,,
1,EV_B6_C1,3.0,85.0,,
1,EV_B6_C1,2.0,85.0,,
1,EV_B6_C1,1.0,85.0,,
1,EV_B6_C1,0.0,85.0,,
3,,,,,
3,,,,,
3,,,,,
3,,,,,
3,,,,,
3,,,,,
3,,,,,
3,,,,,
3,,,,,
3,,,,,
3,,,,,
2,EV_B6_C1,,,0.0,25.755628022260552
1,EV_B6_C1,10.0,85.0,,
1,EV_B6_C1,9.0,85.0,,
1,EV_B6_C1,8.0,85.0,,
1,EV_B6_C1,7.0,85.0,,
1,EV_B6_C1,6.0,85.0,,
1,EV_B6_C1,5.0,85.0,,
1,EV_B6_C1,4.0,85.0,,
1,EV_B6_C1,3.0,85.0,,
1,EV_B6_C1,2.0,85.0,,
1,EV_B6_C1,1.0,85.0,,
1,EV_B6_C1,0.0,85.0,,
3,,,,,
3,,,,,
3,,,,,
3,,,,,
3,,,,,
3,,,,,
3,,,,,
3,,,,,
3,,,,,
3,,,,,
3,,,,,
2,EV_B6_C1,,,0.0,31.27851306876251
1,EV_B6_C1,12.0,85.0,,
1,EV_B6_C1,11.0,85.0,,
1,EV_B6_C1,10.0,85.0,,
1,EV_B6_C1,9.0,85.0,,
1,EV_B6_C1,8.0,85.0,,
1,EV_B6_C1,7.0,85.0,,
1,EV_B6_C1,6.0,85.0,,
1,EV_B6_C1,5.0,85.0,,
1,EV_B6_C1,4.0,85.0,,
1,EV_B6_C1,3.0,85.0,,
1,EV_B6_C1,2.0,85.0,,
1,EV_B6_C1,1.0,85.0,,
1,EV_B6_C1,0.0,85.0,,
3,,,,,
3,,,,,
3,,,,,
3,,,,,
3,,,,,
3,,,,,
3,,,,,
3,,,,,
3,,,,,
3,,,,,
3,,,,,
3,,,,,
2,EV_B6_C1,,,0.0,24.425281559000435
1,EV_B6_C1,9.0,85.0,,
1,EV_B6_C1,8.0,85.0,,
1,EV_B6_C1,7.0,85.0,,
1,EV_B6_C1,6.0,85.0,,
1,EV_B6_C1,5.0,85.0,,
1,EV_B6_C1,4.0,85.0,,
1,EV_B6_C1,3.0,85.0,,
1,EV_B6_C1,2.0,85.0,,
1,EV_B6_C1,1.0,85.0,,
1,EV_B6_C1,0.0,85.0,,
3,,,,,
3,,,,,
3,,,,,
3,,,,,
3,,,,,
3,,,,,
3,,,,,
3,,,,,
3,,,,,
3,,,,,
2,EV_B6_C1,,,0.0,34.09266244117251
1,EV_B6_C1,12.0,85.0,,
1,EV_B6_C1,11.0,85.0,,
1,EV_B6_C1,10.0,85.0,,
1,EV_B6_C1,9.0,85.0,,
1,EV_B6_C1,8.0,85.0,,
1,EV_B6_C1,7.0,85.0,,
1,EV_B6_C1,6.0,85.0,,
1,EV_B6_C1,5.0,85.0,,
1,EV_B6_C1,4.0,85.0,,
1,EV_B6_C1,3.0,85.0,,
1,EV_B6_C1,2.0,85.0,,
1,EV_B6_C1,1.0,85.0,,
1,EV_B6_C1,0.0,85.0,,
3,,,,,
3,,,,,
3,,,,,
3,,,,,
3,,,,,
3,,,,,
3,,,,,
3,,,,,
3,,,,,
3,,,,,
3,,,,,
3,,,,,
3,,,,,
3,,,,,
3,,,,,
3,,,,,
3,,,,,
3,,,,,
3,,,,,
3,,,,,
3,,,,,
3,,,,,
3,,,,,
3,,,,,
3,,,,,
3,,,,,
3,,,,,
3,,,,,
3,,,,,
3,,,,,
3,,,,,
3,,,,,
3,,,,,
3,,,,,
3,,,,,
3,,,,,
3,,,,,
3,,,,,
3,,,,,
3,,,,,
3,,,,,
3,,,,,
3,,,,,
3,,,,,
3,,,,,
3,,,,,
3,,,,,
3,,,,,
3,,,,,
3,,,,,
3,,,,,
3,,,,,
3,,,,,
3,,,,,
3,,,,,
3,,,,,
3,,,,,
3,,,,,
3,,,,,
3,,,,,
2,EV_B6_C1,,,0.0,31.195429065903536
1,EV_B6_C1,11.0,85.0,,
1,EV_B6_C1,10.0,85.0,,
1,EV_B6_C1,9.0,85.0,,
1,EV_B6_C1,8.0,85.0,,
1,EV_B6_C1,7.0,85.0,,
1,EV_B6_C1,6.0,85.0,,
1,EV_B6_C1,5.0,85.0,,
1,EV_B6_C1,4.0,85.0,,
1,EV_B6_C1,3.0,85.0,,
1,EV_B6_C1,2.0,85.0,,
1,EV_B6_C1,1.0,85.0,,
1,EV_B6_C1,0.0,85.0,,
3,,,,,
3,,,,,
3,,,,,
3,,,,,
3,,,,,
3,,,,,
3,,,,,
3,,,,,
3,,,,,
3,,,,,
3,,,,,
2,EV_B6_C1,,,0.0,22.574713331939034
1,EV_B6_C1,11.0,85.0,,
1,EV_B6_C1,10.0,85.0,,
1,EV_B6_C1,9.0,85.0,,
1,EV_B6_C1,8.0,85.0,,
1,EV_B6_C1,7.0,85.0,,
1,EV_B6_C1,6.0,85.0,,
1,EV_B6_C1,5.0,85.0,,
1,EV_B6_C1,4.0,85.0,,
1,EV_B6_C1,3.0,85.0,,
1,EV_B6_C1,2.0,85.0,,
1,EV_B6_C1,1.0,85.0,,
1,EV_B6_C1,0.0,85.0,,
3,,,,,
3,,,,,
3,,,,,
3,,,,,
3,,,,,
3,,,,,
3,,,,,
3,,,,,
3,,,,,
3,,,,,
3,,,,,
2,EV_B6_C1,,,0.0,31.440413989400216
1,EV_B6_C1,10.0,85.0,,
1,EV_B6_C1,9.0,85.0,,
1,EV_B6_C1,8.0,85.0,,
1,EV_B6_C1,7.0,85.0,,
1,EV_B6_C1,6.0,85.0,,
1,EV_B6_C1,5.0,85.0,,
1,EV_B6_C1,4.0,85.0,,
1,EV_B6_C1,3.0,85.0,,
1,EV_B6_C1,2.0,85.0,,
1,EV_B6_C1,1.0,85.0,,
1,EV_B6_C1,0.0,85.0,,
3,,,,,
3,,,,,
3,,,,,
3,,,,,
3,,,,,
3,,,,,
3,,,,,
3,,,,,
3,,,,,
3,,,,,
3,,,,,
3,,,,,
3,,,,,
2,EV_B6_C1,,,0.0,20.181867065388314
1,EV_B6_C1,10.0,85.0,,
1,EV_B6_C1,9.0,85.0,,
1,EV_B6_C1,8.0,85.0,,
1,EV_B6_C1,7.0,85.0,,
1,EV_B6_C1,6.0,85.0,,
1,EV_B6_C1,5.0,85.0,,
1,EV_B6_C1,4.0,85.0,,
1,EV_B6_C1,3.0,85.0,,
1,EV_B6_C1,2.0,85.0,,
1,EV_B6_C1,1.0,85.0,,
1,EV_B6_C1,0.0,85.0,,
3,,,,,
3,,,,,
3,,,,,
3,,,,,
3,,,,,
3,,,,,
3,,,,,
3,,,,,
3,,,,,
3,,,,,
2,EV_B6_C1,,,0.0,32.94716945625269
1,EV_B6_C1,11.0,85.0,,
1,EV_B6_C1,10.0,85.0,,
1,EV_B6_C1,9.0,85.0,,
1,EV_B6_C1,8.0,85.0,,
1,EV_B6_C1,7.0,85.0,,
1,EV_B6_C1,6.0,85.0,,
1,EV_B6_C1,5.0,85.0,,
1,EV_B6_C1,4.0,85.0,,
1,EV_B6_C1,3.0,85.0,,
1,EV_B6_C1,2.0,85.0,,
1,EV_B6_C1,1.0,85.0,,
1,EV_B6_C1,0.0,85.0,,
3,,,,,
3,,,,,
3,,,,,
3,,,,,
3,,,,,
3,,,,,
3,,,,,
3,,,,,
3,,,,,
3,,,,,
3,,,,,
3,,,,,
3,,,,,
3,,,,,
3,,,,,
3,,,,,
3,,,,,
3,,,,,
3,,,,,
3,,,,,
3,,,,,
3,,,,,
3,,,,,
3,,,,,
3,,,,,
3,,,,,
3,,,,,
3,,,,,
3,,,,,
3,,,,,
3,,,,,
3,,,,,
3,,,,,
3,,,,,
3,,,,,
3,,,,,
3,,,,,
3,,,,,
3,,,,,
3,,,,,
3,,,,,
3,,,,,
3,,,,,
3,,,,,
3,,,,,
3,,,,,
3,,,,,
3,,,,,
3,,,,,
3,,,,,
3,,,,,
3,,,,,
3,,,,,
3,,,,,
3,,,,,
3,,,,,
3,,,,,
3,,,,,
3,,,,,
3,,,,,
3,,,,,
3,,,,,
3,,,,,
3,,,,,
3,,,,,
3,,,,,
3,,,,,
3,,,,,
3,,,,,
3,,,,,
3,,,,,
3,,,,,
3,,,,,
3,,,,,
3,,,,,
3,,,,,
3,,,,,
3,,,,,
3,,,,,
3,,,,,
3,,,,,
3,,,,,
3,,,,,
3,,,,,
3,,,,,
3,,,,,
3,,,,,
2,EV_B6_C1,,,0.0,30.786424367990794
1,EV_B6_C1,8.0,85.0,,
1,EV_B6_C1,7.0,85.0,,
1,EV_B6_C1,6.0,85.0,,
1,EV_B6_C1,5.0,85.0,,
1,EV_B6_C1,4.0,85.0,,
1,EV_B6_C1,3.0,85.0,,
1,EV_B6_C1,2.0,85.0,,
1,EV_B6_C1,1.0,85.0,,
1,EV_B6_C1,0.0,85.0,,
3,,,,,
3,,,,,
3,,,,,
3,,,,,
3,,,,,
3,,,,,
3,,,,,
3,,,,,
3,,,,,
3,,,,,
3,,,,,
2,EV_B6_C1,,,0.0,25.989092470757154
1,EV_B6_C1,11.0,85.0,,
1,EV_B6_C1,10.0,85.0,,
1,EV_B6_C1,9.0,85.0,,
1,EV_B6_C1,8.0,85.0,,
1,EV_B6_C1,7.0,85.0,,
1,EV_B6_C1,6.0,85.0,,
1,EV_B6_C1,5.0,85.0,,
1,EV_B6_C1,4.0,85.0,,
1,EV_B6_C1,3.0,85.0,,
1,EV_B6_C1,2.0,85.0,,
1,EV_B6_C1,1.0,85.0,,
1,EV_B6_C1,0.0,85.0,,
3,,,,,
3,,,,,
3,,,,,
3,,,,,
3,,,,,
3,,,,,
3,,,,,
3,,,,,
3,,,,,
3,,,,,
3,,,,,
2,EV_B6_C1,,,0.0,29.074984678253628
1,EV_B6_C1,12.0,85.0,,
1,EV_B6_C1,11.0,85.0,,
1,EV_B6_C1,10.0,85.0,,
1,EV_B6_C1,9.0,85.0,,
1,EV_B6_C1,8.0,85.0,,
1,EV_B6_C1,7.0,85.0,,
1,EV_B6_C1,6.0,85.0,,
1,EV_B6_C1,5.0,85.0,,
1,EV_B6_C1,4.0,85.0,,
1,EV_B6_C1,3.0,85.0,,
1,EV_B6_C1,2.0,85.0,,
1,EV_B6_C1,1.0,85.0,,
1,EV_B6_C1,0.0,85.0,,
3,,,,,
3,,,,,
3,,,,,
3,,,,,
3,,,,,
3,,,,,
3,,,,,
3,,,,,
3,,,,,
3,,,,,
2,EV_B6_C1,,,0.0,26.85186383286371
1,EV_B6_C1,11.0,85.0,,
1,EV_B6_C1,10.0,85.0,,
1,EV_B6_C1,9.0,85.0,,
1,EV_B6_C1,8.0,85.0,,
1,EV_B6_C1,7.0,85.0,,
1,EV_B6_C1,6.0,85.0,,
1,EV_B6_C1,5.0,85.0,,
1,EV_B6_C1,4.0,85.0,,
1,EV_B6_C1,3.0,85.0,,
1,EV_B6_C1,2.0,85.0,,
1,EV_B6_C1,1.0,85.0,,
1,EV_B6_C1,0.0,85.0,,
3,,,,,
3,,,,,
3,,,,,
3,,,,,
3,,,,,
3,,,,,
3,,,,,
3,,,,,
3,,,,,
3,,,,,
3,,,,,
3,,,,,
3,,,,,
3,,,,,
3,,,,,
3,,,,,
3,,,,,
3,,,,,
3,,,,,
3,,,,,
3,,,,,
3,,,,,
3,,,,,
3,,,,,
3,,,,,
3,,,,,
3,,,,,
3,,,,,
3,,,,,
3,,,,,
3,,,,,
3,,,,,
3,,,,,
3,,,,,
3,,,,,
3,,,,,
3,,,,,
3,,,,,
3,,,,,
3,,,,,
3,,,,,
3,,,,,
3,,,,,
3,,,,,
3,,,,,
3,,,,,
3,,,,,
3,,,,,
3,,,,,
3,,,,,
3,,,,,
3,,,,,
3,,,,,
3,,,,,
3,,,,,
3,,,,,
3,,,,,
3,,,,,
2,EV_B6_C1,,,0.0,23.24589202540597
1,EV_B6_C1,12.0,85.0,,
1,EV_B6_C1,11.0,85.0,,
1,EV_B6_C1,10.0,85.0,,
1,EV_B6_C1,9.0,85.0,,
1,EV_B6_C1,8.0,85.0,,
1,EV_B6_C1,7.0,85.0,,
1,EV_B6_C1,6.0,85.0,,
1,EV_B6_C1,5.0,85.0,,
1,EV_B6_C1,4.0,85.0,,
1,EV_B6_C1,3.0,85.0,,
1,EV_B6_C1,2.0,85.0,,
1,EV_B6_C1,1.0,85.0,,
1,EV_B6_C1,0.0,85.0,,
3,,,,,
3,,,,,
3,,,,,
3,,,,,
3,,,,,
3,,,,,
3,,,,,
3,,,,,
3,,,,,
3,,,,,
3,,,,,
2,EV_B6_C1,,,0.0,24.0246176258662
1,EV_B6_C1,10.0,85.0,,
1,EV_B6_C1,9.0,85.0,,
1,EV_B6_C1,8.0,85.0,,
1,EV_B6_C1,7.0,85.0,,
1,EV_B6_C1,6.0,85.0,,
1,EV_B6_C1,5.0,85.0,,
1,EV_B6_C1,4.0,85.0,,
1,EV_B6_C1,3.0,85.0,,
1,EV_B6_C1,2.0,85.0,,
1,EV_B6_C1,1.0,85.0,,
1,EV_B6_C1,0.0,85.0,,
3,,,,,
3,,,,,
3,,,,,
3,,,,,
3,,,,,
3,,,,,
3,,,,,
3,,,,,
3,,,,,
3,,,,,
3,,,,,
3,,,,,
2,EV_B6_C1,,,0.0,20.440052646843814
1,EV_B6_C1,10.0,85.0,,
1,EV_B6_C1,9.0,85.0,,
1,EV_B6_C1,8.0,85.0,,
1,EV_B6_C1,7.0,85.0,,
1,EV_B6_C1,6.0,85.0,,
1,EV_B6_C1,5.0,85.0,,
1,EV_B6_C1,4.0,85.0,,
1,EV_B6_C1,3.0,85.0,,
1,EV_B6_C1,2.0,85.0,,
1,EV_B6_C1,1.0,85.0,,
1,EV_B6_C1,0.0,85.0,,
3,,,,,
3,,,,,
3,,,,,
3,,,,,
3,,,,,
3,,,,,
3,,,,,
3,,,,,
3,,,,,
3,,,,,
2,EV_B6_C1,,,0.0,22.00282705016356
1,EV_B6_C1,13.0,85.0,,
1,EV_B6_C1,12.0,85.0,,
1,EV_B6_C1,11.0,85.0,,
1,EV_B6_C1,10.0,85.0,,
1,EV_B6_C1,9.0,85.0,,
1,EV_B6_C1,8.0,85.0,,
1,EV_B6_C1,7.0,85.0,,
1,EV_B6_C1,6.0,85.0,,
1,EV_B6_C1,5.0,85.0,,
1,EV_B6_C1,4.0,85.0,,
1,EV_B6_C1,3.0,85.0,,
1,EV_B6_C1,2.0,85.0,,
1,EV_B6_C1,1.0,85.0,,
1,EV_B6_C1,0.0,85.0,,
3,,,,,
3,,,,,
3,,,,,
3,,,,,
3,,,,,
3,,,,,
3,,,,,
3,,,,,
3,,,,,
3,,,,,
2,EV_B6_C1,,,0.0,30.96900564087943
1,EV_B6_C1,11.0,85.0,,
1,EV_B6_C1,10.0,85.0,,
1,EV_B6_C1,9.0,85.0,,
1,EV_B6_C1,8.0,85.0,,
1,EV_B6_C1,7.0,85.0,,
1,EV_B6_C1,6.0,85.0,,
1,EV_B6_C1,5.0,85.0,,
1,EV_B6_C1,4.0,85.0,,
1,EV_B6_C1,3.0,85.0,,
1,EV_B6_C1,2.0,85.0,,
1,EV_B6_C1,1.0,85.0,,
1,EV_B6_C1,0.0,85.0,,
3,,,,,
3,,,,,
3,,,,,
3,,,,,
3,,,,,
3,,,,,
3,,,,,
3,,,,,
3,,,,,
3,,,,,
3,,,,,
3,,,,,
3,,,,,
3,,,,,
3,,,,,
3,,,,,
3,,,,,
3,,,,,
3,,,,,
3,,,,,
3,,,,,
3,,,,,
3,,,,,
3,,,,,
3,,,,,
3,,,,,
3,,,,,
3,,,,,
3,,,,,
3,,,,,
3,,,,,
3,,,,,
3,,,,,
3,,,,,
3,,,,,
3,,,,,
3,,,,,
3,,,,,
3,,,,,
3,,,,,
3,,,,,
3,,,,,
3,,,,,
3,,,,,
3,,,,,
3,,,,,
3,,,,,
3,,,,,
3,,,,,
3,,,,,
3,,,,,
3,,,,,
3,,,,,
3,,,,,
3,,,,,
3,,,,,
3,,,,,
3,,,,,
3,,,,,
2,EV_B6_C1,,,0.0,24.67100892604965
1,EV_B6_C1,11.0,85.0,,
1,EV_B6_C1,10.0,85.0,,
1,EV_B6_C1,9.0,85.0,,
1,EV_B6_C1,8.0,85.0,,
1,EV_B6_C1,7.0,85.0,,
1,EV_B6_C1,6.0,85.0,,
1,EV_B6_C1,5.0,85.0,,
1,EV_B6_C1,4.0,85.0,,
1,EV_B6_C1,3.0,85.0,,
1,EV_B6_C1,2.0,85.0,,
1,EV_B6_C1,1.0,85.0,,
1,EV_B6_C1,0.0,85.0,,
3,,,,,
3,,,,,
3,,,,,
3,,,,,
3,,,,,
3,,,,,
3,,,,,
3,,,,,
3,,,,,
3,,,,,
3,,,,,
3,,,,,
3,,,,,
2,EV_B6_C1,,,0.0,22.589596969459805
1,EV_B6_C1,10.0,85.0,,
1,EV_B6_C1,9.0,85.0,,
1,EV_B6_C1,8.0,85.0,,
1,EV_B6_C1,7.0,85.0,,
1,EV_B6_C1,6.0,85.0,,
1,EV_B6_C1,5.0,85.0,,
1,EV_B6_C1,4.0,85.0,,
1,EV_B6_C1,3.0,85.0,,
1,EV_B6_C1,2.0,85.0,,
1,EV_B6_C1,1.0,85.0,,
1,EV_B6_C1,0.0,85.0,,
3,,,,,
3,,,,,
3,,,,,
3,,,,,
3,,,,,
3,,,,,
3,,,,,
3,,,,,
3,,,,,
2,EV_B6_C1,,,0.0,34.291668662349274
1,EV_B6_C1,12.0,85.0,,
1,EV_B6_C1,11.0,85.0,,
1,EV_B6_C1,10.0,85.0,,
1,EV_B6_C1,9.0,85.0,,
1,EV_B6_C1,8.0,85.0,,
1,EV_B6_C1,7.0,85.0,,
1,EV_B6_C1,6.0,85.0,,
1,EV_B6_C1,5.0,85.0,,
1,EV_B6_C1,4.0,85.0,,
1,EV_B6_C1,3.0,85.0,,
1,EV_B6_C1,2.0,85.0,,
1,EV_B6_C1,1.0,85.0,,
1,EV_B6_C1,0.0,85.0,,
3,,,,,
3,,,,,
3,,,,,
3,,,,,
3,,,,,
3,,,,,
3,,,,,
3,,,,,
3,,,,,
3,,,,,
3,,,,,
3,,,,,
2,EV_B6_C1,,,0.0,28.061473237897573
1,EV_B6_C1,11.0,85.0,,
1,EV_B6_C1,10.0,85.0,,
1,EV_B6_C1,9.0,85.0,,
1,EV_B6_C1,8.0,85.0,,
1,EV_B6_C1,7.0,85.0,,
1,EV_B6_C1,6.0,85.0,,
1,EV_B6_C1,5.0,85.0,,
1,EV_B6_C1,4.0,85.0,,
1,EV_B6_C1,3.0,85.0,,
1,EV_B6_C1,2.0,85.0,,
1,EV_B6_C1,1.0,85.0,,
1,EV_B6_C1,0.0,85.0,,
3,,,,,
3,,,,,
3,,,,,
3,,,,,
3,,,,,
3,,,,,
3,,,,,
3,,,,,
3,,,,,
3,,,,,
2,EV_B6_C1,,,0.0,29.14080521357961
1,EV_B6_C1,11.0,85.0,,
1,EV_B6_C1,10.0,85.0,,
1,EV_B6_C1,9.0,85.0,,
1,EV_B6_C1,8.0,85.0,,
1,EV_B6_C1,7.0,85.0,,
1,EV_B6_C1,6.0,85.0,,
1,EV_B6_C1,5.0,85.0,,
1,EV_B6_C1,4.0,85.0,,
1,EV_B6_C1,3.0,85.0,,
1,EV_B6_C1,2.0,85.0,,
1,EV_B6_C1,1.0,85.0,,
1,EV_B6_C1,0.0,85.0,,
3,,,,,
3,,,,,
3,,,,,
3,,,,,
3,,,,,
3,,,,,
3,,,,,
3,,,,,
3,,,,,
3,,,,,
3,,,,,
3,,,,,
3,,,,,
3,,,,,
3,,,,,
3,,,,,
3,,,,,
3,,,,,
3,,,,,
3,,,,,
3,,,,,
3,,,,,
3,,,,,
3,,,,,
3,,,,,
3,,,,,
3,,,,,
3,,,,,
3,,,,,
3,,,,,
3,,,,,
3,,,,,
3,,,,,
3,,,,,
3,,,,,
3,,,,,
3,,,,,
3,,,,,
3,,,,,
3,,,,,
3,,,,,
3,,,,,
3,,,,,
3,,,,,
3,,,,,
3,,,,,
3,,,,,
3,,,,,
3,,,,,
3,,,,,
3,,,,,
3,,,,,
3,,,,,
3,,,,,
3,,,,,
3,,,,,
3,,,,,
3,,,,,
3,,,,,
2,EV_B6_C1,,,0.0,28.888296181661843
1,EV_B6_C1,12.0,85.0,,
1,EV_B6_C1,11.0,85.0,,
1,EV_B6_C1,10.0,85.0,,
1,EV_B6_C1,9.0,85.0,,
1,EV_B6_C1,8.0,85.0,,
1,EV_B6_C1,7.0,85.0,,
1,EV_B6_C1,6.0,85.0,,
1,EV_B6_C1,5.0,85.0,,
1,EV_B6_C1,4.0,85.0,,
1,EV_B6_C1,3.0,85.0,,
1,EV_B6_C1,2.0,85.0,,
1,EV_B6_C1,1.0,85.0,,
1,EV_B6_C1,0.0,85.0,,
3,,,,,
3,,,,,
3,,,,,
3,,,,,
3,,,,,
3,,,,,
3,,,,,
3,,,,,
3,,,,,
3,,,,,
2,EV_B6_C1,,,0.0,27.495543771010368
1,EV_B6_C1,12.0,85.0,,
1,EV_B6_C1,11.0,85.0,,
1,EV_B6_C1,10.0,85.0,,
1,EV_B6_C1,9.0,85.0,,
1,EV_B6_C1,8.0,85.0,,
1,EV_B6_C1,7.0,85.0,,
1,EV_B6_C1,6.0,85.0,,
1,EV_B6_C1,5.0,85.0,,
1,EV_B6_C1,4.0,85.0,,
1,EV_B6_C1,3.0,85.0,,
1,EV_B6_C1,2.0,85.0,,
1,EV_B6_C1,1.0,85.0,,
1,EV_B6_C1,0.0,85.0,,
3,,,,,
3,,,,,
3,,,,,
3,,,,,
3,,,,,
3,,,,,
3,,,,,
3,,,,,
3,,,,,
3,,,,,
3,,,,,
3,,,,,
2,EV_B6_C1,,,0.0,26.09360712366305
1,EV_B6_C1,10.0,85.0,,
1,EV_B6_C1,9.0,85.0,,
1,EV_B6_C1,8.0,85.0,,
1,EV_B6_C1,7.0,85.0,,
1,EV_B6_C1,6.0,85.0,,
1,EV_B6_C1,5.0,85.0,,
1,EV_B6_C1,4.0,85.0,,
1,EV_B6_C1,3.0,85.0,,
1,EV_B6_C1,2.0,85.0,,
1,EV_B6_C1,1.0,85.0,,
1,EV_B6_C1,0.0,85.0,,
3,,,,,
3,,,,,
3,,,,,
3,,,,,
3,,,,,
3,,,,,
3,,,,,
3,,,,,
3,,,,,
3,,,,,
2,EV_B6_C1,,,0.0,33.35522400308618
1,EV_B6_C1,11.0,85.0,,
1,EV_B6_C1,10.0,85.0,,
1,EV_B6_C1,9.0,85.0,,
1,EV_B6_C1,8.0,85.0,,
1,EV_B6_C1,7.0,85.0,,
1,EV_B6_C1,6.0,85.0,,
1,EV_B6_C1,5.0,85.0,,
1,EV_B6_C1,4.0,85.0,,
1,EV_B6_C1,3.0,85.0,,
1,EV_B6_C1,2.0,85.0,,
1,EV_B6_C1,1.0,85.0,,
1,EV_B6_C1,0.0,85.0,,
3,,,,,
3,,,,,
3,,,,,
3,,,,,
3,,,,,
3,,,,,
3,,,,,
3,,,,,
3,,,,,
3,,,,,
3,,,,,
3,,,,,
2,EV_B6_C1,,,0.0,32.18996686693697
1,EV_B6_C1,10.0,85.0,,
1,EV_B6_C1,9.0,85.0,,
1,EV_B6_C1,8.0,85.0,,
1,EV_B6_C1,7.0,85.0,,
1,EV_B6_C1,6.0,85.0,,
1,EV_B6_C1,5.0,85.0,,
1,EV_B6_C1,4.0,85.0,,
1,EV_B6_C1,3.0,85.0,,
1,EV_B6_C1,2.0,85.0,,
1,EV_B6_C1,1.0,85.0,,
1,EV_B6_C1,0.0,85.0,,
3,,,,,
3,,,,,
3,,,,,
3,,,,,
3,,,,,
3,,,,,
3,,,,,
3,,,,,
3,,,,,
3,,,,,
3,,,,,
3,,,,,
3,,,,,
3,,,,,
3,,,,,
3,,,,,
3,,,,,
3,,,,,
3,,,,,
3,,,,,
3,,,,,
3,,,,,
3,,,,,
3,,,,,
3,,,,,
3,,,,,
3,,,,,
3,,,,,
3,,,,,
3,,,,,
3,,,,,
3,,,,,
3,,,,,
3,,,,,
3,,,,,
3,,,,,
3,,,,,
3,,,,,
3,,,,,
3,,,,,
3,,,,,
3,,,,,
3,,,,,
3,,,,,
3,,,,,
3,,,,,
3,,,,,
3,,,,,
3,,,,,
3,,,,,
3,,,,,
3,,,,,
3,,,,,
3,,,,,
3,,,,,
3,,,,,
3,,,,,
3,,,,,
3,,,,,
2,EV_B6_C1,,,0.0,21.662342621212865
1,EV_B6_C1,12.0,85.0,,
1,EV_B6_C1,11.0,85.0,,
1,EV_B6_C1,10.0,85.0,,
1,EV_B6_C1,9.0,85.0,,
1,EV_B6_C1,8.0,85.0,,
1,EV_B6_C1,7.0,85.0,,
1,EV_B6_C1,6.0,85.0,,
1,EV_B6_C1,5.0,85.0,,
1,EV_B6_C1,4.0,85.0,,
1,EV_B6_C1,3.0,85.0,,
1,EV_B6_C1,2.0,85.0,,
1,EV_B6_C1,1.0,85.0,,
1,EV_B6_C1,0.0,85.0,,
3,,,,,
3,,,,,
3,,,,,
3,,,,,
3,,,,,
3,,,,,
3,,,,,
3,,,,,
3,,,,,
3,,,,,
3,,,,,
3,,,,,
2,EV_B6_C1,,,0.0,29.534833146633865
1,EV_B6_C1,9.0,85.0,,
1,EV_B6_C1,8.0,85.0,,
1,EV_B6_C1,7.0,85.0,,
1,EV_B6_C1,6.0,85.0,,
1,EV_B6_C1,5.0,85.0,,
1,EV_B6_C1,4.0,85.0,,
1,EV_B6_C1,3.0,85.0,,
1,EV_B6_C1,2.0,85.0,,
1,EV_B6_C1,1.0,85.0,,
1,EV_B6_C1,0.0,85.0,,
3,,,,,
3,,,,,
3,,,,,
3,,,,,
3,,,,,
3,,,,,
3,,,,,
3,,,,,
3,,,,,
3,,,,,
3,,,,,
2,EV_B6_C1,,,0.0,24.390539098640645
1,EV_B6_C1,11.0,85.0,,
1,EV_B6_C1,10.0,85.0,,
1,EV_B6_C1,9.0,85.0,,
1,EV_B6_C1,8.0,85.0,,
1,EV_B6_C1,7.0,85.0,,
1,EV_B6_C1,6.0,85.0,,
1,EV_B6_C1,5.0,85.0,,
1,EV_B6_C1,4.0,85.0,,
1,EV_B6_C1,3.0,85.0,,
1,EV_B6_C1,2.0,85.0,,
1,EV_B6_C1,1.0,85.0,,
1,EV_B6_C1,0.0,85.0,,
3,,,,,
3,,,,,
3,,,,,
3,,,,,
3,,,,,
3,,,,,
3,,,,,
3,,,,,
3,,,,,
3,,,,,
3,,,,,
3,,,,,
2,EV_B6_C1,,,0.0,25.675748419433
1,EV_B6_C1,11.0,85.0,,
1,EV_B6_C1,10.0,85.0,,
1,EV_B6_C1,9.0,85.0,,
1,EV_B6_C1,8.0,85.0,,
1,EV_B6_C1,7.0,85.0,,
1,EV_B6_C1,6.0,85.0,,
1,EV_B6_C1,5.0,85.0,,
1,EV_B6_C1,4.0,85.0,,
1,EV_B6_C1,3.0,85.0,,
1,EV_B6_C1,2.0,85.0,,
1,EV_B6_C1,1.0,85.0,,
1,EV_B6_C1,0.0,85.0,,
3,,,,,
3,,,,,
3,,,,,
3,,,,,
3,,,,,
3,,,,,
3,,,,,
3,,,,,
3,,,,,
3,,,,,
3,,,,,
3,,,,,
2,EV_B6_C1,,,0.0,32.56970778330387
1,EV_B6_C1,9.0,85.0,,
1,EV_B6_C1,8.0,85.0,,
1,EV_B6_C1,7.0,85.0,,
1,EV_B6_C1,6.0,85.0,,
1,EV_B6_C1,5.0,85.0,,
1,EV_B6_C1,4.0,85.0,,
1,EV_B6_C1,3.0,85.0,,
1,EV_B6_C1,2.0,85.0,,
1,EV_B6_C1,1.0,85.0,,
1,EV_B6_C1,0.0,85.0,,
3,,,,,
3,,,,,
3,,,,,
3,,,,,
3,,,,,
3,,,,,
3,,,,,
3,,,,,
3,,,,,
3,,,,,
3,,,,,
3,,,,,
3,,,,,
3,,,,,
3,,,,,
3,,,,,
3,,,,,
3,,,,,
3,,,,,
3,,,,,
3,,,,,
3,,,,,
3,,,,,
3,,,,,
3,,,,,
3,,,,,
3,,,,,
3,,,,,
3,,,,,
3,,,,,
3,,,,,
3,,,,,
3,,,,,
3,,,,,
3,,,,,
3,,,,,
3,,,,,
3,,,,,
3,,,,,
3,,,,,
3,,,,,
3,,,,,
3,,,,,
3,,,,,
3,,,,,
3,,,,,
3,,,,,
3,,,,,
3,,,,,
3,,,,,
3,,,,,
3,,,,,
3,,,,,
3,,,,,
3,,,,,
3,,,,,
3,,,,,
3,,,,,
3,,,,,
3,,,,,
3,,,,,
2,EV_B6_C1,,,0.0,33.92139900862197
1,EV_B6_C1,10.0,85.0,,
1,EV_B6_C1,9.0,85.0,,
1,EV_B6_C1,8.0,85.0,,
1,EV_B6_C1,7.0,85.0,,
1,EV_B6_C1,6.0,85.0,,
1,EV_B6_C1,5.0,85.0,,
1,EV_B6_C1,4.0,85.0,,
1,EV_B6_C1,3.0,85.0,,
1,EV_B6_C1,2.0,85.0,,
1,EV_B6_C1,1.0,85.0,,
1,EV_B6_C1,0.0,85.0,,
3,,,,,
3,,,,,
3,,,,,
3,,,,,
3,,,,,
3,,,,,
3,,,,,
3,,,,,
3,,,,,
3,,,,,
3,,,,,
2,EV_B6_C1,,,0.0,25.16052111462741
1,EV_B6_C1,10.0,85.0,,
1,EV_B6_C1,9.0,85.0,,
1,EV_B6_C1,8.0,85.0,,
1,EV_B6_C1,7.0,85.0,,
1,EV_B6_C1,6.0,85.0,,
1,EV_B6_C1,5.0,85.0,,
1,EV_B6_C1,4.0,85.0,,
1,EV_B6_C1,3.0,85.0,,
1,EV_B6_C1,2.0,85.0,,
1,EV_B6_C1,1.0,85.0,,
1,EV_B6_C1,0.0,85.0,,
3,,,,,
3,,,,,
3,,,,,
3,,,,,
3,,,,,
3,,,,,
3,,,,,
3,,,,,
3,,,,,
3,,,,,
3,,,,,
3,,,,,
2,EV_B6_C1,,,0.0,23.759917044077756
1,EV_B6_C1,10.0,85.0,,
1,EV_B6_C1,9.0,85.0,,
1,EV_B6_C1,8.0,85.0,,
1,EV_B6_C1,7.0,85.0,,
1,EV_B6_C1,6.0,85.0,,
1,EV_B6_C1,5.0,85.0,,
1,EV_B6_C1,4.0,85.0,,
1,EV_B6_C1,3.0,85.0,,
1,EV_B6_C1,2.0,85.0,,
1,EV_B6_C1,1.0,85.0,,
1,EV_B6_C1,0.0,85.0,,
3,,,,,
3,,,,,
3,,,,,
3,,,,,
3,,,,,
3,,,,,
3,,,,,
3,,,,,
3,,,,,
3,,,,,
3,,,,,
2,EV_B6_C1,,,0.0,27.674030368488157
1,EV_B6_C1,11.0,85.0,,
1,EV_B6_C1,10.0,85.0,,
1,EV_B6_C1,9.0,85.0,,
1,EV_B6_C1,8.0,85.0,,
1,EV_B6_C1,7.0,85.0,,
1,EV_B6_C1,6.0,85.0,,
1,EV_B6_C1,5.0,85.0,,
1,EV_B6_C1,4.0,85.0,,
1,EV_B6_C1,3.0,85.0,,
1,EV_B6_C1,2.0,85.0,,
1,EV_B6_C1,1.0,85.0,,
1,EV_B6_C1,0.0,85.0,,
3,,,,,
3,,,,,
3,,,,,
3,,,,,
3,,,,,
3,,,,,
3,,,,,
3,,,,,
3,,,,,
3,,,,,
3,,,,,
3,,,,,
2,EV_B6_C1,,,0.0,25.206034201622423
1,EV_B6_C1,11.0,85.0,,
1,EV_B6_C1,10.0,85.0,,
1,EV_B6_C1,9.0,85.0,,
1,EV_B6_C1,8.0,85.0,,
1,EV_B6_C1,7.0,85.0,,
1,EV_B6_C1,6.0,85.0,,
1,EV_B6_C1,5.0,85.0,,
1,EV_B6_C1,4.0,85.0,,
1,EV_B6_C1,3.0,85.0,,
1,EV_B6_C1,2.0,85.0,,
1,EV_B6_C1,1.0,85.0,,
1,EV_B6_C1,0.0,85.0,,
3,,,,,
3,,,,,
3,,,,,
3,,,,,
3,,,,,
3,,,,,
3,,,,,
3,,,,,
3,,,,,
3,,,,,
3,,,,,
3,,,,,
3,,,,,
3,,,,,
3,,,,,
3,,,,,
3,,,,,
3,,,,,
3,,,,,
3,,,,,
3,,,,,
3,,,,,
3,,,,,
3,,,,,
3,,,,,
3,,,,,
3,,,,,
3,,,,,
3,,,,,
3,,,,,
3,,,,,
3,,,,,
3,,,,,
3,,,,,
3,,,,,
3,,,,,
3,,,,,
3,,,,,
3,,,,,
3,,,,,
3,,,,,
3,,,,,
3,,,,,
3,,,,,
3,,,,,
3,,,,,
3,,,,,
3,,,,,
3,,,,,
3,,,,,
3,,,,,
3,,,,,
3,,,,,
3,,,,,
3,,,,,
3,,,,,
3,,,,,
3,,,,,
2,EV_B6_C1,,,0.0,34.20560319524828
1,EV_B6_C1,11.0,85.0,,
1,EV_B6_C1,10.0,85.0,,
1,EV_B6_C1,9.0,85.0,,
1,EV_B6_C1,8.0,85.0,,
1,EV_B6_C1,7.0,85.0,,
1,EV_B6_C1,6.0,85.0,,
1,EV_B6_C1,5.0,85.0,,
1,EV_B6_C1,4.0,85.0,,
1,EV_B6_C1,3.0,85.0,,
1,EV_B6_C1,2.0,85.0,,
1,EV_B6_C1,1.0,85.0,,
1,EV_B6_C1,0.0,85.0,,
3,,,,,
3,,,,,
3,,,,,
3,,,,,
3,,,,,
3,,,,,
3,,,,,
3,,,,,
3,,,,,
3,,,,,
3,,,,,
3,,,,,
2,EV_B6_C1,,,0.0,29.971471825382984
1,EV_B6_C1,11.0,85.0,,
1,EV_B6_C1,10.0,85.0,,
1,EV_B6_C1,9.0,85.0,,
1,EV_B6_C1,8.0,85.0,,
1,EV_B6_C1,7.0,85.0,,
1,EV_B6_C1,6.0,85.0,,
1,EV_B6_C1,5.0,85.0,,
1,EV_B6_C1,4.0,85.0,,
1,EV_B6_C1,3.0,85.0,,
1,EV_B6_C1,2.0,85.0,,
1,EV_B6_C1,1.0,85.0,,
1,EV_B6_C1,0.0,85.0,,
3,,,,,
3,,,,,
3,,,,,
3,,,,,
3,,,,,
3,,,,,
3,,,,,
3,,,,,
3,,,,,
2,EV_B6_C1,,,0.0,27.51461232324913
1,EV_B6_C1,13.0,85.0,,
1,EV_B6_C1,12.0,85.0,,
1,EV_B6_C1,11.0,85.0,,
1,EV_B6_C1,10.0,85.0,,
1,EV_B6_C1,9.0,85.0,,
1,EV_B6_C1,8.0,85.0,,
1,EV_B6_C1,7.0,85.0,,
1,EV_B6_C1,6.0,85.0,,
1,EV_B6_C1,5.0,85.0,,
1,EV_B6_C1,4.0,85.0,,
1,EV_B6_C1,3.0,85.0,,
1,EV_B6_C1,2.0,85.0,,
1,EV_B6_C1,1.0,85.0,,
1,EV_B6_C1,0.0,85.0,,
3,,,,,
3,,,,,
3,,,,,
3,,,,,
3,,,,,
3,,,,,
3,,,,,
3,,,,,
3,,,,,
3,,,,,
3,,,,,
2,EV_B6_C1,,,0.0,27.07474869858291
1,EV_B6_C1,11.0,85.0,,
1,EV_B6_C1,10.0,85.0,,
1,EV_B6_C1,9.0,85.0,,
1,EV_B6_C1,8.0,85.0,,
1,EV_B6_C1,7.0,85.0,,
1,EV_B6_C1,6.0,85.0,,
1,EV_B6_C1,5.0,85.0,,
1,EV_B6_C1,4.0,85.0,,
1,EV_B6_C1,3.0,85.0,,
1,EV_B6_C1,2.0,85.0,,
1,EV_B6_C1,1.0,85.0,,
1,EV_B6_C1,0.0,85.0,,
3,,,,,
3,,,,,
3,,,,,
3,,,,,
3,,,,,
3,,,,,
3,,,,,
3,,,,,
3,,,,,
3,,,,,
2,EV_B6_C1,,,0.0,29.340291208822983
1,EV_B6_C1,11.0,85.0,,
1,EV_B6_C1,10.0,85.0,,
1,EV_B6_C1,9.0,85.0,,
1,EV_B6_C1,8.0,85.0,,
1,EV_B6_C1,7.0,85.0,,
1,EV_B6_C1,6.0,85.0,,
1,EV_B6_C1,5.0,85.0,,
1,EV_B6_C1,4.0,85.0,,
1,EV_B6_C1,3.0,85.0,,
1,EV_B6_C1,2.0,85.0,,
1,EV_B6_C1,1.0,85.0,,
1,EV_B6_C1,0.0,85.0,,
3,,,,,
3,,,,,
3,,,,,
3,,,,,
3,,,,,
3,,,,,
3,,,,,
3,,,,,
3,,,,,
3,,,,,
3,,,,,
3,,,,,
3,,,,,
3,,,,,
3,,,,,
3,,,,,
3,,,,,
3,,,,,
3,,,,,
3,,,,,
3,,,,,
3,,,,,
3,,,,,
3,,,,,
3,,,,,
3,,,,,
3,,,,,
3,,,,,
3,,,,,
3,,,,,
3,,,,,
3,,,,,
3,,,,,
3,,,,,
3,,,,,
3,,,,,
3,,,,,
3,,,,,
3,,,,,
3,,,,,
3,,,,,
3,,,,,
3,,,,,
3,,,,,
3,,,,,
3,,,,,
3,,,,,
3,,,,,
3,,,,,
3,,,,,
3,,,,,
3,,,,,
3,,,,,
3,,,,,
3,,,,,
3,,,,,
3,,,,,
3,,,,,
2,EV_B6_C1,,,0.0,22.889645613856587
1,EV_B6_C1,13.0,85.0,,
1,EV_B6_C1,12.0,85.0,,
1,EV_B6_C1,11.0,85.0,,
1,EV_B6_C1,10.0,85.0,,
1,EV_B6_C1,9.0,85.0,,
1,EV_B6_C1,8.0,85.0,,
1,EV_B6_C1,7.0,85.0,,
1,EV_B6_C1,6.0,85.0,,
1,EV_B6_C1,5.0,85.0,,
1,EV_B6_C1,4.0,85.0,,
1,EV_B6_C1,3.0,85.0,,
1,EV_B6_C1,2.0,85.0,,
1,EV_B6_C1,1.0,85.0,,
1,EV_B6_C1,0.0,85.0,,
3,,,,,
3,,,,,
3,,,,,
3,,,,,
3,,,,,
3,,,,,
3,,,,,
3,,,,,
3,,,,,
2,EV_B6_C1,,,0.0,22.749324528939766
1,EV_B6_C1,12.0,85.0,,
1,EV_B6_C1,11.0,85.0,,
1,EV_B6_C1,10.0,85.0,,
1,EV_B6_C1,9.0,85.0,,
1,EV_B6_C1,8.0,85.0,,
1,EV_B6_C1,7.0,85.0,,
1,EV_B6_C1,6.0,85.0,,
1,EV_B6_C1,5.0,85.0,,
1,EV_B6_C1,4.0,85.0,,
1,EV_B6_C1,3.0,85.0,,
1,EV_B6_C1,2.0,85.0,,
1,EV_B6_C1,1.0,85.0,,
1,EV_B6_C1,0.0,85.0,,
3,,,,,
3,,,,,
3,,,,,
3,,,,,
3,,,,,
3,,,,,
3,,,,,
3,,,,,
3,,,,,
3,,,,,
3,,,,,
2,EV_B6_C1,,,0.0,27.650865609365304
1,EV_B6_C1,11.0,85.0,,
1,EV_B6_C1,10.0,85.0,,
1,EV_B6_C1,9.0,85.0,,
1,EV_B6_C1,8.0,85.0,,
1,EV_B6_C1,7.0,85.0,,
1,EV_B6_C1,6.0,85.0,,
1,EV_B6_C1,5.0,85.0,,
1,EV_B6_C1,4.0,85.0,,
1,EV_B6_C1,3.0,85.0,,
1,EV_B6_C1,2.0,85.0,,
1,EV_B6_C1,1.0,85.0,,
1,EV_B6_C1,0.0,85.0,,
3,,,,,
3,,,,,
3,,,,,
3,,,,,
3,,,,,
3,,,,,
3,,,,,
3,,,,,
3,,,,,
3,,,,,
3,,,,,
3,,,,,
3,,,,,
2,EV_B6_C1,,,0.0,27.934046959991726
1,EV_B6_C1,9.0,85.0,,
1,EV_B6_C1,8.0,85.0,,
1,EV_B6_C1,7.0,85.0,,
1,EV_B6_C1,6.0,85.0,,
1,EV_B6_C1,5.0,85.0,,
1,EV_B6_C1,4.0,85.0,,
1,EV_B6_C1,3.0,85.0,,
1,EV_B6_C1,2.0,85.0,,
1,EV_B6_C1,1.0,85.0,,
1,EV_B6_C1,0.0,85.0,,
3,,,,,
3,,,,,
3,,,,,
3,,,,,
3,,,,,
3,,,,,
3,,,,,
3,,,,,
3,,,,,
3,,,,,
2,EV_B6_C1,,,0.0,32.85408116533437
1,EV_B6_C1,13.0,85.0,,
1,EV_B6_C1,12.0,85.0,,
1,EV_B6_C1,11.0,85.0,,
1,EV_B6_C1,10.0,85.0,,
1,EV_B6_C1,9.0,85.0,,
1,EV_B6_C1,8.0,85.0,,
1,EV_B6_C1,7.0,85.0,,
1,EV_B6_C1,6.0,85.0,,
1,EV_B6_C1,5.0,85.0,,
1,EV_B6_C1,4.0,85.0,,
1,EV_B6_C1,3.0,85.0,,
1,EV_B6_C1,2.0,85.0,,
1,EV_B6_C1,1.0,85.0,,
1,EV_B6_C1,0.0,85.0,,
3,,,,,
3,,,,,
3,,,,,
3,,,,,
3,,,,,
3,,,,,
3,,,,,
3,,,,,
3,,,,,
3,,,,,
3,,,,,
3,,,,,
3,,,,,
3,,,,,
3,,,,,
3,,,,,
3,,,,,
3,,,,,
3,,,,,
3,,,,,
3,,,,,
3,,,,,
3,,,,,
3,,,,,
3,,,,,
3,,,,,
3,,,,,
3,,,,,
3,,,,,
3,,,,,
3,,,,,
3,,,,,
3,,,,,
3,,,,,
3,,,,,
3,,,,,
3,,,,,
3,,,,,
3,,,,,
3,,,,,
3,,,,,
3,,,,,
3,,,,,
3,,,,,
3,,,,,
3,,,,,
3,,,,,
3,,,,,
3,,,,,
3,,,,,
3,,,,,
3,,,,,
3,,,,,
3,,,,,
3,,,,,
3,,,,,
3,,,,,
3,,,,,
2,EV_B6_C1,,,0.0,25.75058404091996
1,EV_B6_C1,11.0,85.0,,
1,EV_B6_C1,10.0,85.0,,
1,EV_B6_C1,9.0,85.0,,
1,EV_B6_C1,8.0,85.0,,
1,EV_B6_C1,7.0,85.0,,
1,EV_B6_C1,6.0,85.0,,
1,EV_B6_C1,5.0,85.0,,
1,EV_B6_C1,4.0,85.0,,
1,EV_B6_C1,3.0,85.0,,
1,EV_B6_C1,2.0,85.0,,
1,EV_B6_C1,1.0,85.0,,
1,EV_B6_C1,0.0,85.0,,
3,,,,,
3,,,,,
3,,,,,
3,,,,,
3,,,,,
3,,,,,
3,,,,,
3,,,,,
3,,,,,
3,,,,,
3,,,,,
2,EV_B6_C1,,,0.0,27.54717082936796
1,EV_B6_C1,11.0,85.0,,
1,EV_B6_C1,10.0,85.0,,
1,EV_B6_C1,9.0,85.0,,
1,EV_B6_C1,8.0,85.0,,
1,EV_B6_C1,7.0,85.0,,
1,EV_B6_C1,6.0,85.0,,
1,EV_B6_C1,5.0,85.0,,
1,EV_B6_C1,4.0,85.0,,
1,EV_B6_C1,3.0,85.0,,
1,EV_B6_C1,2.0,85.0,,
1,EV_B6_C1,1.0,85.0,,
1,EV_B6_C1,0.0,85.0,,
3,,,,,
3,,,,,
3,,,,,
3,,,,,
3,,,,,
3,,,,,
3,,,,,
3,,,,,
3,,,,,
3,,,,,
3,,,,,
2,EV_B6_C1,,,0.0,29.13389345799197
1,EV_B6_C1,11.0,85.0,,
1,EV_B6_C1,10.0,85.0,,
1,EV_B6_C1,9.0,85.0,,
1,EV_B6_C1,8.0,85.0,,
1,EV_B6_C1,7.0,85.0,,
1,EV_B6_C1,6.0,85.0,,
1,EV_B6_C1,5.0,85.0,,
1,EV_B6_C1,4.0,85.0,,
1,EV_B6_C1,3.0,85.0,,
1,EV_B6_C1,2.0,85.0,,
1,EV_B6_C1,1.0,85.0,,
1,EV_B6_C1,0.0,85.0,,
3,,,,,
3,,,,,
3,,,,,
3,,,,,
3,,,,,
3,,,,,
3,,,,,
3,,,,,
3,,,,,
3,,,,,
3,,,,,
2,EV_B6_C1,,,0.0,25.93804633913467
1,EV_B6_C1,11.0,85.0,,
1,EV_B6_C1,10.0,85.0,,
1,EV_B6_C1,9.0,85.0,,
1,EV_B6_C1,8.0,85.0,,
1,EV_B6_C1,7.0,85.0,,
1,EV_B6_C1,6.0,85.0,,
1,EV_B6_C1,5.0,85.0,,
1,EV_B6_C1,4.0,85.0,,
1,EV_B6_C1,3.0,85.0,,
1,EV_B6_C1,2.0,85.0,,
1,EV_B6_C1,1.0,85.0,,
1,EV_B6_C1,0.0,85.0,,
3,,,,,
3,,,,,
3,,,,,
3,,,,,
3,,,,,
3,,,,,
3,,,,,
3,,,,,
3,,,,,
3,,,,,
2,EV_B6_C1,,,0.0,29.03074545347895
1,EV_B6_C1,11.0,85.0,,
1,EV_B6_C1,10.0,85.0,,
1,EV_B6_C1,9.0,85.0,,
1,EV_B6_C1,8.0,85.0,,
1,EV_B6_C1,7.0,85.0,,
1,EV_B6_C1,6.0,85.0,,
1,EV_B6_C1,5.0,85.0,,
1,EV_B6_C1,4.0,85.0,,
1,EV_B6_C1,3.0,85.0,,
1,EV_B6_C1,2.0,85.0,,
1,EV_B6_C1,1.0,85.0,,
1,EV_B6_C1,0.0,85.0,,
3,,,,,
3,,,,,
3,,,,,
3,,,,,
3,,,,,
3,,,,,
3,,,,,
3,,,,,
3,,,,,
3,,,,,
3,,,,,
3,,,,,
3,,,,,
3,,,,,
3,,,,,
3,,,,,
3,,,,,
3,,,,,
3,,,,,
3,,,,,
3,,,,,
3,,,,,
3,,,,,
3,,,,,
3,,,,,
3,,,,,
3,,,,,
3,,,,,
3,,,,,
3,,,,,
3,,,,,
3,,,,,
3,,,,,
3,,,,,
3,,,,,
3,,,,,
3,,,,,
3,,,,,
3,,,,,
3,,,,,
3,,,,,
3,,,,,
3,,,,,
3,,,,,
3,,,,,
3,,,,,
3,,,,,
3,,,,,
3,,,,,
3,,,,,
3,,,,,
3,,,,,
3,,,,,
3,,,,,
3,,,,,
3,,,,,
3,,,,,
3,,,,,
3,,,,,
3,,,,,
2,EV_B6_C1,,,0.0,29.336688922423853
1,EV_B6_C1,11.0,85.0,,
1,EV_B6_C1,10.0,85.0,,
1,EV_B6_C1,9.0,85.0,,
1,EV_B6_C1,8.0,85.0,,
1,EV_B6_C1,7.0,85.0,,
1,EV_B6_C1,6.0,85.0,,
1,EV_B6_C1,5.0,85.0,,
1,EV_B6_C1,4.0,85.0,,
1,EV_B6_C1,3.0,85.0,,
1,EV_B6_C1,2.0,85.0,,
1,EV_B6_C1,1.0,85.0,,
1,EV_B6_C1,0.0,85.0,,
3,,,,,
3,,,,,
3,,,,,
3,,,,,
3,,,,,
3,,,,,
3,,,,,
3,,,,,
3,,,,,
3,,,,,
3,,,,,
2,EV_B6_C1,,,0.0,33.74306284607105
1,EV_B6_C1,11.0,85.0,,
1,EV_B6_C1,10.0,85.0,,
1,EV_B6_C1,9.0,85.0,,
1,EV_B6_C1,8.0,85.0,,
1,EV_B6_C1,7.0,85.0,,
1,EV_B6_C1,6.0,85.0,,
1,EV_B6_C1,5.0,85.0,,
1,EV_B6_C1,4.0,85.0,,
1,EV_B6_C1,3.0,85.0,,
1,EV_B6_C1,2.0,85.0,,
1,EV_B6_C1,1.0,85.0,,
1,EV_B6_C1,0.0,85.0,,
3,,,,,
3,,,,,
3,,,,,
3,,,,,
3,,,,,
3,,,,,
3,,,,,
3,,,,,
3,,,,,
3,,,,,
3,,,,,
3,,,,,
3,,,,,
2,EV_B6_C1,,,0.0,29.79510559403748
1,EV_B6_C1,10.0,85.0,,
1,EV_B6_C1,9.0,85.0,,
1,EV_B6_C1,8.0,85.0,,
1,EV_B6_C1,7.0,85.0,,
1,EV_B6_C1,6.0,85.0,,
1,EV_B6_C1,5.0,85.0,,
1,EV_B6_C1,4.0,85.0,,
1,EV_B6_C1,3.0,85.0,,
1,EV_B6_C1,2.0,85.0,,
1,EV_B6_C1,1.0,85.0,,
1,EV_B6_C1,0.0,85.0,,
3,,,,,
3,,,,,
3,,,,,
3,,,,,
3,,,,,
3,,,,,
3,,,,,
3,,,,,
3,,,,,
3,,,,,
3,,,,,
2,EV_B6_C1,,,0.0,25.808617903998382
1,EV_B6_C1,10.0,85.0,,
1,EV_B6_C1,9.0,85.0,,
1,EV_B6_C1,8.0,85.0,,
1,EV_B6_C1,7.0,85.0,,
1,EV_B6_C1,6.0,85.0,,
1,EV_B6_C1,5.0,85.0,,
1,EV_B6_C1,4.0,85.0,,
1,EV_B6_C1,3.0,85.0,,
1,EV_B6_C1,2.0,85.0,,
1,EV_B6_C1,1.0,85.0,,
1,EV_B6_C1,0.0,85.0,,
3,,,,,
3,,,,,
3,,,,,
3,,,,,
3,,,,,
3,,,,,
3,,,,,
3,,,,,
3,,,,,
3,,,,,
2,EV_B6_C1,,,0.0,31.96003407105097
1,EV_B6_C1,12.0,85.0,,
1,EV_B6_C1,11.0,85.0,,
1,EV_B6_C1,10.0,85.0,,
1,EV_B6_C1,9.0,85.0,,
1,EV_B6_C1,8.0,85.0,,
1,EV_B6_C1,7.0,85.0,,
1,EV_B6_C1,6.0,85.0,,
1,EV_B6_C1,5.0,85.0,,
1,EV_B6_C1,4.0,85.0,,
1,EV_B6_C1,3.0,85.0,,
1,EV_B6_C1,2.0,85.0,,
1,EV_B6_C1,1.0,85.0,,
1,EV_B6_C1,0.0,85.0,,
3,,,,,
3,,,,,
3,,,,,
3,,,,,
3,,,,,
3,,,,,
3,,,,,
3,,,,,
3,,,,,
3,,,,,
3,,,,,
3,,,,,
3,,,,,
3,,,,,
3,,,,,
3,,,,,
3,,,,,
3,,,,,
3,,,,,
3,,,,,
3,,,,,
3,,,,,
3,,,,,
3,,,,,
3,,,,,
3,,,,,
3,,,,,
3,,,,,
3,,,,,
3,,,,,
3,,,,,
3,,,,,
3,,,,,
3,,,,,
3,,,,,
3,,,,,
3,,,,,
3,,,,,
3,,,,,
3,,,,,
3,,,,,
3,,,,,
3,,,,,
3,,,,,
3,,,,,
3,,,,,
3,,,,,
3,,,,,
3,,,,,
3,,,,,
3,,,,,
3,,,,,
3,,,,,
3,,,,,
3,,,,,
3,,,,,
3,,,,,
3,,,,,
3,,,,,
3,,,,,
2,EV_B6_C1,,,0.0,21.66728147119802
1,EV_B6_C1,10.0,85.0,,
1,EV_B6_C1,9.0,85.0,,
1,EV_B6_C1,8.0,85.0,,
1,EV_B6_C1,7.0,85.0,,
1,EV_B6_C1,6.0,85.0,,
1,EV_B6_C1,5.0,85.0,,
1,EV_B6_C1,4.0,85.0,,
1,EV_B6_C1,3.0,85.0,,
1,EV_B6_C1,2.0,85.0,,
1,EV_B6_C1,1.0,85.0,,
1,EV_B6_C1,0.0,85.0,,
3,,,,,
3,,,,,
3,,,,,
3,,,,,
3,,,,,
3,,,,,
3,,,,,
3,,,,,
3,,,,,
3,,,,,
3,,,,,
3,,,,,
2,EV_B6_C1,,,0.0,25.386554255014822
1,EV_B6_C1,11.0,85.0,,
1,EV_B6_C1,10.0,85.0,,
1,EV_B6_C1,9.0,85.0,,
1,EV_B6_C1,8.0,85.0,,
1,EV_B6_C1,7.0,85.0,,
1,EV_B6_C1,6.0,85.0,,
1,EV_B6_C1,5.0,85.0,,
1,EV_B6_C1,4.0,85.0,,
1,EV_B6_C1,3.0,85.0,,
1,EV_B6_C1,2.0,85.0,,
1,EV_B6_C1,1.0,85.0,,
1,EV_B6_C1,0.0,85.0,,
3,,,,,
3,,,,,
3,,,,,
3,,,,,
3,,,,,
3,,,,,
3,,,,,
3,,,,,
3,,,,,
3,,,,,
3,,,,,
2,EV_B6_C1,,,0.0,25.014668616130077
1,EV_B6_C1,12.0,85.0,,
1,EV_B6_C1,11.0,85.0,,
1,EV_B6_C1,10.0,85.0,,
1,EV_B6_C1,9.0,85.0,,
1,EV_B6_C1,8.0,85.0,,
1,EV_B6_C1,7.0,85.0,,
1,EV_B6_C1,6.0,85.0,,
1,EV_B6_C1,5.0,85.0,,
1,EV_B6_C1,4.0,85.0,,
1,EV_B6_C1,3.0,85.0,,
1,EV_B6_C1,2.0,85.0,,
1,EV_B6_C1,1.0,85.0,,
1,EV_B6_C1,0.0,85.0,,
3,,,,,
3,,,,,
3,,,,,
3,,,,,
3,,,,,
3,,,,,
3,,,,,
3,,,,,
3,,,,,
3,,,,,
2,EV_B6_C1,,,0.0,28.742864741385404
1,EV_B6_C1,11.0,85.0,,
1,EV_B6_C1,10.0,85.0,,
1,EV_B6_C1,9.0,85.0,,
1,EV_B6_C1,8.0,85.0,,
1,EV_B6_C1,7.0,85.0,,
1,EV_B6_C1,6.0,85.0,,
1,EV_B6_C1,5.0,85.0,,
1,EV_B6_C1,4.0,85.0,,
1,EV_B6_C1,3.0,85.0,,
1,EV_B6_C1,2.0,85.0,,
1,EV_B6_C1,1.0,85.0,,
1,EV_B6_C1,0.0,85.0,,
3,,,,,
3,,,,,
3,,,,,
3,,,,,
3,,,,,
3,,,,,
3,,,,,
3,,,,,
3,,,,,
3,,,,,
2,EV_B6_C1,,,0.0,23.823974882723988
1,EV_B6_C1,11.0,85.0,,
1,EV_B6_C1,10.0,85.0,,
1,EV_B6_C1,9.0,85.0,,
1,EV_B6_C1,8.0,85.0,,
1,EV_B6_C1,7.0,85.0,,
1,EV_B6_C1,6.0,85.0,,
1,EV_B6_C1,5.0,85.0,,
1,EV_B6_C1,4.0,85.0,,
1,EV_B6_C1,3.0,85.0,,
1,EV_B6_C1,2.0,85.0,,
1,EV_B6_C1,1.0,85.0,,
1,EV_B6_C1,0.0,85.0,,
3,,,,,
3,,,,,
3,,,,,
3,,,,,
3,,,,,
3,,,,,
3,,,,,
3,,,,,
3,,,,,
3,,,,,
3,,,,,
3,,,,,
3,,,,,
3,,,,,
3,,,,,
3,,,,,
3,,,,,
3,,,,,
3,,,,,
3,,,,,
3,,,,,
3,,,,,
3,,,,,
3,,,,,
3,,,,,
3,,,,,
3,,,,,
3,,,,,
3,,,,,
3,,,,,
3,,,,,
3,,,,,
3,,,,,
3,,,,,
3,,,,,
3,,,,,
3,,,,,
3,,,,,
3,,,,,
3,,,,,
3,,,,,
3,,,,,
3,,,,,
3,,,,,
3,,,,,
3,,,,,
3,,,,,
3,,,,,
3,,,,,
3,,,,,
3,,,,,
3,,,,,
3,,,,,
3,,,,,
3,,,,,
3,,,,,
3,,,,,
3,,,,,
3,,,,,
2,EV_B6_C1,,,0.0,30.1613932327307
1,EV_B6_C1,12.0,85.0,,
1,EV_B6_C1,11.0,85.0,,
1,EV_B6_C1,10.0,85.0,,
1,EV_B6_C1,9.0,85.0,,
1,EV_B6_C1,8.0,85.0,,
1,EV_B6_C1,7.0,85.0,,
1,EV_B6_C1,6.0,85.0,,
1,EV_B6_C1,5.0,85.0,,
1,EV_B6_C1,4.0,85.0,,
1,EV_B6_C1,3.0,85.0,,
1,EV_B6_C1,2.0,85.0,,
1,EV_B6_C1,1.0,85.0,,
1,EV_B6_C1,0.0,85.0,,
3,,,,,
3,,,,,
3,,,,,
3,,,,,
3,,,,,
3,,,,,
3,,,,,
3,,,,,
3,,,,,
3,,,,,
3,,,,,
2,EV_B6_C1,,,0.0,33.1941048647155
1,EV_B6_C1,10.0,85.0,,
1,EV_B6_C1,9.0,85.0,,
1,EV_B6_C1,8.0,85.0,,
1,EV_B6_C1,7.0,85.0,,
1,EV_B6_C1,6.0,85.0,,
1,EV_B6_C1,5.0,85.0,,
1,EV_B6_C1,4.0,85.0,,
1,EV_B6_C1,3.0,85.0,,
1,EV_B6_C1,2.0,85.0,,
1,EV_B6_C1,1.0,85.0,,
1,EV_B6_C1,0.0,85.0,,
3,,,,,
3,,,,,
3,,,,,
3,,,,,
3,,,,,
3,,,,,
3,,,,,
3,,,,,
3,,,,,
3,,,,,
2,EV_B6_C1,,,0.0,31.08574096328436
1,EV_B6_C1,13.0,85.0,,
1,EV_B6_C1,12.0,85.0,,
1,EV_B6_C1,11.0,85.0,,
1,EV_B6_C1,10.0,85.0,,
1,EV_B6_C1,9.0,85.0,,
1,EV_B6_C1,8.0,85.0,,
1,EV_B6_C1,7.0,85.0,,
1,EV_B6_C1,6.0,85.0,,
1,EV_B6_C1,5.0,85.0,,
1,EV_B6_C1,4.0,85.0,,
1,EV_B6_C1,3.0,85.0,,
1,EV_B6_C1,2.0,85.0,,
1,EV_B6_C1,1.0,85.0,,
1,EV_B6_C1,0.0,85.0,,
3,,,,,
3,,,,,
3,,,,,
3,,,,,
3,,,,,
3,,,,,
3,,,,,
3,,,,,
3,,,,,
3,,,,,
2,EV_B6_C1,,,0.0,30.894470273472447
1,EV_B6_C1,11.0,85.0,,
1,EV_B6_C1,10.0,85.0,,
1,EV_B6_C1,9.0,85.0,,
1,EV_B6_C1,8.0,85.0,,
1,EV_B6_C1,7.0,85.0,,
1,EV_B6_C1,6.0,85.0,,
1,EV_B6_C1,5.0,85.0,,
1,EV_B6_C1,4.0,85.0,,
1,EV_B6_C1,3.0,85.0,,
1,EV_B6_C1,2.0,85.0,,
1,EV_B6_C1,1.0,85.0,,
1,EV_B6_C1,0.0,85.0,,
3,,,,,
3,,,,,
3,,,,,
3,,,,,
3,,,,,
3,,,,,
3,,,,,
3,,,,,
3,,,,,
3,,,,,
3,,,,,
2,EV_B6_C1,,,0.0,30.153440605775184
1,EV_B6_C1,12.0,85.0,,
1,EV_B6_C1,11.0,85.0,,
1,EV_B6_C1,10.0,85.0,,
1,EV_B6_C1,9.0,85.0,,
1,EV_B6_C1,8.0,85.0,,
1,EV_B6_C1,7.0,85.0,,
1,EV_B6_C1,6.0,85.0,,
1,EV_B6_C1,5.0,85.0,,
1,EV_B6_C1,4.0,85.0,,
1,EV_B6_C1,3.0,85.0,,
1,EV_B6_C1,2.0,85.0,,
1,EV_B6_C1,1.0,85.0,,
1,EV_B6_C1,0.0,85.0,,
3,,,,,
3,,,,,
3,,,,,
3,,,,,
3,,,,,
3,,,,,
3,,,,,
3,,,,,
3,,,,,
3,,,,,
3,,,,,
3,,,,,
3,,,,,
3,,,,,
3,,,,,
3,,,,,
3,,,,,
3,,,,,
3,,,,,
3,,,,,
3,,,,,
3,,,,,
3,,,,,
3,,,,,
3,,,,,
3,,,,,
3,,,,,
3,,,,,
3,,,,,
3,,,,,
3,,,,,
3,,,,,
3,,,,,
3,,,,,
3,,,,,
3,,,,,
3,,,,,
3,,,,,
3,,,,,
3,,,,,
3,,,,,
3,,,,,
3,,,,,
3,,,,,
3,,,,,
3,,,,,
3,,,,,
3,,,,,
3,,,,,
3,,,,,
3,,,,,
3,,,,,
3,,,,,
3,,,,,
3,,,,,
3,,,,,
3,,,,,
3,,,,,
2,EV_B6_C1,,,0.0,28.393095929830658
1,EV_B6_C1,11.0,85.0,,
1,EV_B6_C1,10.0,85.0,,
1,EV_B6_C1,9.0,85.0,,
1,EV_B6_C1,8.0,85.0,,
1,EV_B6_C1,7.0,85.0,,
1,EV_B6_C1,6.0,85.0,,
1,EV_B6_C1,5.0,85.0,,
1,EV_B6_C1,4.0,85.0,,
1,EV_B6_C1,3.0,85.0,,
1,EV_B6_C1,2.0,85.0,,
1,EV_B6_C1,1.0,85.0,,
1,EV_B6_C1,0.0,85.0,,
3,,,,,
3,,,,,
3,,,,,
3,,,,,
3,,,,,
3,,,,,
3,,,,,
3,,,,,
3,,,,,
3,,,,,
3,,,,,
3,,,,,
2,EV_B6_C1,,,0.0,25.20126343933366
1,EV_B6_C1,11.0,85.0,,
1,EV_B6_C1,10.0,85.0,,
1,EV_B6_C1,9.0,85.0,,
1,EV_B6_C1,8.0,85.0,,
1,EV_B6_C1,7.0,85.0,,
1,EV_B6_C1,6.0,85.0,,
1,EV_B6_C1,5.0,85.0,,
1,EV_B6_C1,4.0,85.0,,
1,EV_B6_C1,3.0,85.0,,
1,EV_B6_C1,2.0,85.0,,
1,EV_B6_C1,1.0,85.0,,
1,EV_B6_C1,0.0,85.0,,
3,,,,,
3,,,,,
3,,,,,
3,,,,,
3,,,,,
3,,,,,
3,,,,,
3,,,,,
3,,,,,
3,,,,,
2,EV_B6_C1,,,0.0,27.093253102819176
1,EV_B6_C1,12.0,85.0,,
1,EV_B6_C1,11.0,85.0,,
1,EV_B6_C1,10.0,85.0,,
1,EV_B6_C1,9.0,85.0,,
1,EV_B6_C1,8.0,85.0,,
1,EV_B6_C1,7.0,85.0,,
1,EV_B6_C1,6.0,85.0,,
1,EV_B6_C1,5.0,85.0,,
1,EV_B6_C1,4.0,85.0,,
1,EV_B6_C1,3.0,85.0,,
1,EV_B6_C1,2.0,85.0,,
1,EV_B6_C1,1.0,85.0,,
1,EV_B6_C1,0.0,85.0,,
3,,,,,
3,,,,,
3,,,,,
3,,,,,
3,,,,,
3,,,,,
3,,,,,
3,,,,,
3,,,,,
3,,,,,
3,,,,,
2,EV_B6_C1,,,0.0,30.204032387823116
1,EV_B6_C1,12.0,85.0,,
1,EV_B6_C1,11.0,85.0,,
1,EV_B6_C1,10.0,85.0,,
1,EV_B6_C1,9.0,85.0,,
1,EV_B6_C1,8.0,85.0,,
1,EV_B6_C1,7.0,85.0,,
1,EV_B6_C1,6.0,85.0,,
1,EV_B6_C1,5.0,85.0,,
1,EV_B6_C1,4.0,85.0,,
1,EV_B6_C1,3.0,85.0,,
1,EV_B6_C1,2.0,85.0,,
1,EV_B6_C1,1.0,85.0,,
1,EV_B6_C1,0.0,85.0,,
3,,,,,
3,,,,,
3,,,,,
3,,,,,
3,,,,,
3,,,,,
3,,,,,
3,,,,,
3,,,,,
2,EV_B6_C1,,,0.0,20.55794382360852
1,EV_B6_C1,12.0,85.0,,
1,EV_B6_C1,11.0,85.0,,
1,EV_B6_C1,10.0,85.0,,
1,EV_B6_C1,9.0,85.0,,
1,EV_B6_C1,8.0,85.0,,
1,EV_B6_C1,7.0,85.0,,
1,EV_B6_C1,6.0,85.0,,
1,EV_B6_C1,5.0,85.0,,
1,EV_B6_C1,4.0,85.0,,
1,EV_B6_C1,3.0,85.0,,
1,EV_B6_C1,2.0,85.0,,
1,EV_B6_C1,1.0,85.0,,
1,EV_B6_C1,0.0,85.0,,
3,,,,,
3,,,,,
3,,,,,
3,,,,,
3,,,,,
3,,,,,
3,,,,,
3,,,,,
3,,,,,
3,,,,,
3,,,,,
3,,,,,
3,,,,,
3,,,,,
3,,,,,
3,,,,,
3,,,,,
3,,,,,
3,,,,,
3,,,,,
3,,,,,
3,,,,,
3,,,,,
3,,,,,
3,,,,,
3,,,,,
3,,,,,
3,,,,,
3,,,,,
3,,,,,
3,,,,,
3,,,,,
3,,,,,
3,,,,,
3,,,,,
3,,,,,
3,,,,,
3,,,,,
3,,,,,
3,,,,,
3,,,,,
3,,,,,
3,,,,,
3,,,,,
3,,,,,
3,,,,,
3,,,,,
3,,,,,
3,,,,,
3,,,,,
3,,,,,
3,,,,,
3,,,,,
3,,,,,
3,,,,,
3,,,,,
3,,,,,
3,,,,,
2,EV_B6_C1,,,0.0,23.85965722087266
1,EV_B6_C1,12.0,85.0,,
1,EV_B6_C1,11.0,85.0,,
1,EV_B6_C1,10.0,85.0,,
1,EV_B6_C1,9.0,85.0,,
1,EV_B6_C1,8.0,85.0,,
1,EV_B6_C1,7.0,85.0,,
1,EV_B6_C1,6.0,85.0,,
1,EV_B6_C1,5.0,85.0,,
1,EV_B6_C1,4.0,85.0,,
1,EV_B6_C1,3.0,85.0,,
1,EV_B6_C1,2.0,85.0,,
1,EV_B6_C1,1.0,85.0,,
1,EV_B6_C1,0.0,85.0,,
3,,,,,
3,,,,,
3,,,,,
3,,,,,
3,,,,,
3,,,,,
3,,,,,
3,,,,,
3,,,,,
2,EV_B6_C1,,,0.0,30.461309132589076
1,EV_B6_C1,12.0,85.0,,
1,EV_B6_C1,11.0,85.0,,
1,EV_B6_C1,10.0,85.0,,
1,EV_B6_C1,9.0,85.0,,
1,EV_B6_C1,8.0,85.0,,
1,EV_B6_C1,7.0,85.0,,
1,EV_B6_C1,6.0,85.0,,
1,EV_B6_C1,5.0,85.0,,
1,EV_B6_C1,4.0,85.0,,
1,EV_B6_C1,3.0,85.0,,
1,EV_B6_C1,2.0,85.0,,
1,EV_B6_C1,1.0,85.0,,
1,EV_B6_C1,0.0,85.0,,
3,,,,,
3,,,,,
3,,,,,
3,,,,,
3,,,,,
3,,,,,
3,,,,,
3,,,,,
3,,,,,
2,EV_B6_C1,,,0.0,34.82376691696917
1,EV_B6_C1,13.0,85.0,,
1,EV_B6_C1,12.0,85.0,,
1,EV_B6_C1,11.0,85.0,,
1,EV_B6_C1,10.0,85.0,,
1,EV_B6_C1,9.0,85.0,,
1,EV_B6_C1,8.0,85.0,,
1,EV_B6_C1,7.0,85.0,,
1,EV_B6_C1,6.0,85.0,,
1,EV_B6_C1,5.0,85.0,,
1,EV_B6_C1,4.0,85.0,,
1,EV_B6_C1,3.0,85.0,,
1,EV_B6_C1,2.0,85.0,,
1,EV_B6_C1,1.0,85.0,,
1,EV_B6_C1,0.0,85.0,,
3,,,,,
3,,,,,
3,,,,,
3,,,,,
3,,,,,
3,,,,,
3,,,,,
3,,,,,
3,,,,,
3,,,,,
3,,,,,
2,EV_B6_C1,,,0.0,31.052903460638216
1,EV_B6_C1,13.0,85.0,,
1,EV_B6_C1,12.0,85.0,,
1,EV_B6_C1,11.0,85.0,,
1,EV_B6_C1,10.0,85.0,,
1,EV_B6_C1,9.0,85.0,,
1,EV_B6_C1,8.0,85.0,,
1,EV_B6_C1,7.0,85.0,,
1,EV_B6_C1,6.0,85.0,,
1,EV_B6_C1,5.0,85.0,,
1,EV_B6_C1,4.0,85.0,,
1,EV_B6_C1,3.0,85.0,,
1,EV_B6_C1,2.0,85.0,,
1,EV_B6_C1,1.0,85.0,,
1,EV_B6_C1,0.0,85.0,,
3,,,,,
3,,,,,
3,,,,,
3,,,,,
3,,,,,
3,,,,,
3,,,,,
3,,,,,
3,,,,,
2,EV_B6_C1,,,0.0,29.9577143306449
1,EV_B6_C1,11.0,85.0,,
1,EV_B6_C1,10.0,85.0,,
1,EV_B6_C1,9.0,85.0,,
1,EV_B6_C1,8.0,85.0,,
1,EV_B6_C1,7.0,85.0,,
1,EV_B6_C1,6.0,85.0,,
1,EV_B6_C1,5.0,85.0,,
1,EV_B6_C1,4.0,85.0,,
1,EV_B6_C1,3.0,85.0,,
1,EV_B6_C1,2.0,85.0,,
1,EV_B6_C1,1.0,85.0,,
1,EV_B6_C1,0.0,85.0,,
3,,,,,
3,,,,,
3,,,,,
3,,,,,
3,,,,,
3,,,,,
3,,,,,
3,,,,,
3,,,,,
3,,,,,
3,,,,,
3,,,,,
3,,,,,
3,,,,,
3,,,,,
3,,,,,
3,,,,,
3,,,,,
3,,,,,
3,,,,,
3,,,,,
3,,,,,
3,,,,,
3,,,,,
3,,,,,
3,,,,,
3,,,,,
3,,,,,
3,,,,,
3,,,,,
3,,,,,
3,,,,,
3,,,,,
3,,,,,
3,,,,,
3,,,,,
3,,,,,
3,,,,,
3,,,,,
3,,,,,
3,,,,,
3,,,,,
3,,,,,
3,,,,,
3,,,,,
3,,,,,
3,,,,,
3,,,,,
3,,,,,
3,,,,,
3,,,,,
3,,,,,
3,,,,,
3,,,,,
3,,,,,
3,,,,,
3,,,,,
3,,,,,
3,,,,,
3,,,,,
3,,,,,
2,EV_B6_C1,,,0.0,22.350245403743475
1,EV_B6_C1,9.0,85.0,,
1,EV_B6_C1,8.0,85.0,,
1,EV_B6_C1,7.0,85.0,,
1,EV_B6_C1,6.0,85.0,,
1,EV_B6_C1,5.0,85.0,,
1,EV_B6_C1,4.0,85.0,,
1,EV_B6_C1,3.0,85.0,,
1,EV_B6_C1,2.0,85.0,,
1,EV_B6_C1,1.0,85.0,,
1,EV_B6_C1,0.0,85.0,,
3,,,,,
3,,,,,
3,,,,,
3,,,,,
3,,,,,
3,,,,,
3,,,,,
3,,,,,
3,,,,,
3,,,,,
3,,,,,
3,,,,,
2,EV_B6_C1,,,0.0,32.52050070363999
1,EV_B6_C1,11.0,85.0,,
1,EV_B6_C1,10.0,85.0,,
1,EV_B6_C1,9.0,85.0,,
1,EV_B6_C1,8.0,85.0,,
1,EV_B6_C1,7.0,85.0,,
1,EV_B6_C1,6.0,85.0,,
1,EV_B6_C1,5.0,85.0,,
1,EV_B6_C1,4.0,85.0,,
1,EV_B6_C1,3.0,85.0,,
1,EV_B6_C1,2.0,85.0,,
1,EV_B6_C1,1.0,85.0,,
1,EV_B6_C1,0.0,85.0,,
3,,,,,
3,,,,,
3,,,,,
3,,,,,
3,,,,,
3,,,,,
3,,,,,
3,,,,,
3,,,,,
3,,,,,
2,EV_B6_C1,,,0.0,29.83289522923761
1,EV_B6_C1,11.0,85.0,,
1,EV_B6_C1,10.0,85.0,,
1,EV_B6_C1,9.0,85.0,,
1,EV_B6_C1,8.0,85.0,,
1,EV_B6_C1,7.0,85.0,,
1,EV_B6_C1,6.0,85.0,,
1,EV_B6_C1,5.0,85.0,,
1,EV_B6_C1,4.0,85.0,,
1,EV_B6_C1,3.0,85.0,,
1,EV_B6_C1,2.0,85.0,,
1,EV_B6_C1,1.0,85.0,,
1,EV_B6_C1,0.0,85.0,,
3,,,,,
3,,,,,
3,,,,,
3,,,,,
3,,,,,
3,,,,,
3,,,,,
3,,,,,
3,,,,,
3,,,,,
3,,,,,
3,,,,,
2,EV_B6_C1,,,0.0,23.885269801833783
1,EV_B6_C1,11.0,85.0,,
1,EV_B6_C1,10.0,85.0,,
1,EV_B6_C1,9.0,85.0,,
1,EV_B6_C1,8.0,85.0,,
1,EV_B6_C1,7.0,85.0,,
1,EV_B6_C1,6.0,85.0,,
1,EV_B6_C1,5.0,85.0,,
1,EV_B6_C1,4.0,85.0,,
1,EV_B6_C1,3.0,85.0,,
1,EV_B6_C1,2.0,85.0,,
1,EV_B6_C1,1.0,85.0,,
1,EV_B6_C1,0.0,85.0,,
3,,,,,
3,,,,,
3,,,,,
3,,,,,
3,,,,,
3,,,,,
3,,,,,
3,,,,,
3,,,,,
3,,,,,
3,,,,,
2,EV_B6_C1,,,0.0,33.57808551563324
1,EV_B6_C1,11.0,85.0,,
1,EV_B6_C1,10.0,85.0,,
1,EV_B6_C1,9.0,85.0,,
1,EV_B6_C1,8.0,85.0,,
1,EV_B6_C1,7.0,85.0,,
1,EV_B6_C1,6.0,85.0,,
1,EV_B6_C1,5.0,85.0,,
1,EV_B6_C1,4.0,85.0,,
1,EV_B6_C1,3.0,85.0,,
1,EV_B6_C1,2.0,85.0,,
1,EV_B6_C1,1.0,85.0,,
1,EV_B6_C1,0.0,85.0,,
3,,,,,
3,,,,,
3,,,,,
3,,,,,
3,,,,,
3,,,,,
3,,,,,
3,,,,,
3,,,,,
3,,,,,
3,,,,,
3,,,,,
3,,,,,
3,,,,,
3,,,,,
3,,,,,
3,,,,,
3,,,,,
3,,,,,
3,,,,,
3,,,,,
3,,,,,
3,,,,,
3,,,,,
3,,,,,
3,,,,,
3,,,,,
3,,,,,
3,,,,,
3,,,,,
3,,,,,
3,,,,,
3,,,,,
3,,,,,
3,,,,,
3,,,,,
3,,,,,
3,,,,,
3,,,,,
3,,,,,
3,,,,,
3,,,,,
3,,,,,
3,,,,,
3,,,,,
3,,,,,
3,,,,,
3,,,,,
3,,,,,
3,,,,,
3,,,,,
3,,,,,
3,,,,,
3,,,,,
3,,,,,
3,,,,,
3,,,,,
3,,,,,
3,,,,,
3,,,,,
3,,,,,
3,,,,,
3,,,,,
3,,,,,
3,,,,,
3,,,,,
3,,,,,
3,,,,,
3,,,,,
3,,,,,
3,,,,,
3,,,,,
3,,,,,
3,,,,,
3,,,,,
3,,,,,
3,,,,,
3,,,,,
3,,,,,
3,,,,,
3,,,,,
3,,,,,
3,,,,,
2,EV_B6_C1,,,0.0,34.14844766543653
1,EV_B6_C1,10.0,85.0,,
1,EV_B6_C1,9.0,85.0,,
1,EV_B6_C1,8.0,85.0,,
1,EV_B6_C1,7.0,85.0,,
1,EV_B6_C1,6.0,85.0,,
1,EV_B6_C1,5.0,85.0,,
1,EV_B6_C1,4.0,85.0,,
1,EV_B6_C1,3.0,85.0,,
1,EV_B6_C1,2.0,85.0,,
1,EV_B6_C1,1.0,85.0,,
1,EV_B6_C1,0.0,85.0,,
3,,,,,
3,,,,,
3,,,,,
3,,,,,
3,,,,,
3,,,,,
3,,,,,
3,,,,,
3,,,,,
3,,,,,
2,EV_B6_C1,,,0.0,24.66643878021644
1,EV_B6_C1,13.0,85.0,,
1,EV_B6_C1,12.0,85.0,,
1,EV_B6_C1,11.0,85.0,,
1,EV_B6_C1,10.0,85.0,,
1,EV_B6_C1,9.0,85.0,,
1,EV_B6_C1,8.0,85.0,,
1,EV_B6_C1,7.0,85.0,,
1,EV_B6_C1,6.0,85.0,,
1,EV_B6_C1,5.0,85.0,,
1,EV_B6_C1,4.0,85.0,,
1,EV_B6_C1,3.0,85.0,,
1,EV_B6_C1,2.0,85.0,,
1,EV_B6_C1,1.0,85.0,,
1,EV_B6_C1,0.0,85.0,,
3,,,,,
3,,,,,
3,,,,,
3,,,,,
3,,,,,
3,,,,,
3,,,,,
3,,,,,
3,,,,,
3,,,,,
3,,,,,
2,EV_B6_C1,,,0.0,25.28337772202259
1,EV_B6_C1,11.0,85.0,,
1,EV_B6_C1,10.0,85.0,,
1,EV_B6_C1,9.0,85.0,,
1,EV_B6_C1,8.0,85.0,,
1,EV_B6_C1,7.0,85.0,,
1,EV_B6_C1,6.0,85.0,,
1,EV_B6_C1,5.0,85.0,,
1,EV_B6_C1,4.0,85.0,,
1,EV_B6_C1,3.0,85.0,,
1,EV_B6_C1,2.0,85.0,,
1,EV_B6_C1,1.0,85.0,,
1,EV_B6_C1,0.0,85.0,,
3,,,,,
3,,,,,
3,,,,,
3,,,,,
3,,,,,
3,,,,,
3,,,,,
3,,,,,
3,,,,,
3,,,,,
2,EV_B6_C1,,,0.0,23.127426074618956
1,EV_B6_C1,12.0,85.0,,
1,EV_B6_C1,11.0,85.0,,
1,EV_B6_C1,10.0,85.0,,
1,EV_B6_C1,9.0,85.0,,
1,EV_B6_C1,8.0,85.0,,
1,EV_B6_C1,7.0,85.0,,
1,EV_B6_C1,6.0,85.0,,
1,EV_B6_C1,5.0,85.0,,
1,EV_B6_C1,4.0,85.0,,
1,EV_B6_C1,3.0,85.0,,
1,EV_B6_C1,2.0,85.0,,
1,EV_B6_C1,1.0,85.0,,
1,EV_B6_C1,0.0,85.0,,
3,,,,,
3,,,,,
3,,,,,
3,,,,,
3,,,,,
3,,,,,
3,,,,,
3,,,,,
3,,,,,
3,,,,,
3,,,,,
3,,,,,
3,,,,,
3,,,,,
3,,,,,
3,,,,,
3,,,,,
3,,,,,
3,,,,,
3,,,,,
3,,,,,
3,,,,,
3,,,,,
3,,,,,
3,,,,,
3,,,,,
3,,,,,
3,,,,,
3,,,,,
3,,,,,
3,,,,,
3,,,,,
3,,,,,
3,,,,,
3,,,,,
3,,,,,
3,,,,,
3,,,,,
3,,,,,
3,,,,,
3,,,,,
3,,,,,
3,,,,,
3,,,,,
3,,,,,
3,,,,,
3,,,,,
3,,,,,
3,,,,,
3,,,,,
3,,,,,
3,,,,,
3,,,,,
3,,,,,
3,,,,,
3,,,,,
3,,,,,
3,,,,,
2,EV_B6_C1,,,0.0,31.04176964838573
1,EV_B6_C1,12.0,85.0,,
1,EV_B6_C1,11.0,85.0,,
1,EV_B6_C1,10.0,85.0,,
1,EV_B6_C1,9.0,85.0,,
1,EV_B6_C1,8.0,85.0,,
1,EV_B6_C1,7.0,85.0,,
1,EV_B6_C1,6.0,85.0,,
1,EV_B6_C1,5.0,85.0,,
1,EV_B6_C1,4.0,85.0,,
1,EV_B6_C1,3.0,85.0,,
1,EV_B6_C1,2.0,85.0,,
1,EV_B6_C1,1.0,85.0,,
1,EV_B6_C1,0.0,85.0,,
3,,,,,
3,,,,,
3,,,,,
3,,,,,
3,,,,,
3,,,,,
3,,,,,
3,,,,,
3,,,,,
3,,,,,
3,,,,,
2,EV_B6_C1,,,0.0,25.101718369952042
1,EV_B6_C1,11.0,85.0,,
1,EV_B6_C1,10.0,85.0,,
1,EV_B6_C1,9.0,85.0,,
1,EV_B6_C1,8.0,85.0,,
1,EV_B6_C1,7.0,85.0,,
1,EV_B6_C1,6.0,85.0,,
1,EV_B6_C1,5.0,85.0,,
1,EV_B6_C1,4.0,85.0,,
1,EV_B6_C1,3.0,85.0,,
1,EV_B6_C1,2.0,85.0,,
1,EV_B6_C1,1.0,85.0,,
1,EV_B6_C1,0.0,85.0,,
3,,,,,
3,,,,,
3,,,,,
3,,,,,
3,,,,,
3,,,,,
3,,,,,
3,,,,,
3,,,,,
3,,,,,
3,,,,,
3,,,,,
3,,,,,
3,,,,,
3,,,,,
3,,,,,
3,,,,,
3,,,,,
3,,,,,
3,,,,,
3,,,,,
3,,,,,
3,,,,,
3,,,,,
3,,,,,
3,,,,,
3,,,,,
3,,,,,
3,,,,,
3,,,,,
3,,,,,
3,,,,,
3,,,,,
3,,,,,
3,,,,,
3,,,,,
2,EV_B6_C1,,,0.0,22.65126344773629
1,EV_B6_C1,9.0,85.0,,
1,EV_B6_C1,8.0,85.0,,
1,EV_B6_C1,7.0,85.0,,
1,EV_B6_C1,6.0,85.0,,
1,EV_B6_C1,5.0,85.0,,
1,EV_B6_C1,4.0,85.0,,
1,EV_B6_C1,3.0,85.0,,
1,EV_B6_C1,2.0,85.0,,
1,EV_B6_C1,1.0,85.0,,
1,EV_B6_C1,0.0,85.0,,
3,,,,,
3,,,,,
3,,,,,
3,,,,,
3,,,,,
3,,,,,
3,,,,,
3,,,,,
3,,,,,
3,,,,,
3,,,,,
3,,,,,
2,EV_B6_C1,,,0.0,21.53744197837327
1,EV_B6_C1,11.0,85.0,,
1,EV_B6_C1,10.0,85.0,,
1,EV_B6_C1,9.0,85.0,,
1,EV_B6_C1,8.0,85.0,,
1,EV_B6_C1,7.0,85.0,,
1,EV_B6_C1,6.0,85.0,,
1,EV_B6_C1,5.0,85.0,,
1,EV_B6_C1,4.0,85.0,,
1,EV_B6_C1,3.0,85.0,,
1,EV_B6_C1,2.0,85.0,,
1,EV_B6_C1,1.0,85.0,,
1,EV_B6_C1,0.0,85.0,,
3,,,,,
3,,,,,
3,,,,,
3,,,,,
3,,,,,
3,,,,,
3,,,,,
3,,,,,
3,,,,,
3,,,,,
3,,,,,
3,,,,,
3,,,,,
3,,,,,
3,,,,,
3,,,,,
3,,,,,
3,,,,,
3,,,,,
3,,,,,
3,,,,,
3,,,,,
3,,,,,
3,,,,,
3,,,,,
3,,,,,
3,,,,,
3,,,,,
3,,,,,
3,,,,,
3,,,,,
3,,,,,
3,,,,,
3,,,,,
3,,,,,
3,,,,,
3,,,,,
3,,,,,
3,,,,,
3,,,,,
3,,,,,
3,,,,,
3,,,,,
3,,,,,
3,,,,,
3,,,,,
3,,,,,
3,,,,,
3,,,,,
3,,,,,
3,,,,,
3,,,,,
3,,,,,
3,,,,,
3,,,,,
3,,,,,
3,,,,,
2,EV_B6_C1,,,0.0,22.578149908966196
1,EV_B6_C1,12.0,85.0,,
1,EV_B6_C1,11.0,85.0,,
1,EV_B6_C1,10.0,85.0,,
1,EV_B6_C1,9.0,85.0,,
1,EV_B6_C1,8.0,85.0,,
1,EV_B6_C1,7.0,85.0,,
1,EV_B6_C1,6.0,85.0,,
1,EV_B6_C1,5.0,85.0,,
1,EV_B6_C1,4.0,85.0,,
1,EV_B6_C1,3.0,85.0,,
1,EV_B6_C1,2.0,85.0,,
1,EV_B6_C1,1.0,85.0,,
1,EV_B6_C1,0.0,85.0,,
3,,,,,
3,,,,,
3,,,,,
3,,,,,
3,,,,,
3,,,,,
3,,,,,
3,,,,,
3,,,,,
3,,,,,
2,EV_B6_C1,,,0.0,23.83659970842342
1,EV_B6_C1,13.0,85.0,,
1,EV_B6_C1,12.0,85.0,,
1,EV_B6_C1,11.0,85.0,,
1,EV_B6_C1,10.0,85.0,,
1,EV_B6_C1,9.0,85.0,,
1,EV_B6_C1,8.0,85.0,,
1,EV_B6_C1,7.0,85.0,,
1,EV_B6_C1,6.0,85.0,,
1,EV_B6_C1,5.0,85.0,,
1,EV_B6_C1,4.0,85.0,,
1,EV_B6_C1,3.0,85.0,,
1,EV_B6_C1,2.0,85.0,,
1,EV_B6_C1,1.0,85.0,,
1,EV_B6_C1,0.0,85.0,,
3,,,,,
3,,,,,
3,,,,,
3,,,,,
3,,,,,
3,,,,,
3,,,,,
3,,,,,
3,,,,,
3,,,,,
3,,,,,
2,EV_B6_C1,,,0.0,22.217736308436507
1,EV_B6_C1,11.0,85.0,,
1,EV_B6_C1,10.0,85.0,,
1,EV_B6_C1,9.0,85.0,,
1,EV_B6_C1,8.0,85.0,,
1,EV_B6_C1,7.0,85.0,,
1,EV_B6_C1,6.0,85.0,,
1,EV_B6_C1,5.0,85.0,,
1,EV_B6_C1,4.0,85.0,,
1,EV_B6_C1,3.0,85.0,,
1,EV_B6_C1,2.0,85.0,,
1,EV_B6_C1,1.0,85.0,,
1,EV_B6_C1,0.0,85.0,,
3,,,,,
3,,,,,
3,,,,,
3,,,,,
3,,,,,
3,,,,,
3,,,,,
3,,,,,
3,,,,,
3,,,,,
2,EV_B6_C1,,,0.0,32.732303725217456
1,EV_B6_C1,11.0,85.0,,
1,EV_B6_C1,10.0,85.0,,
1,EV_B6_C1,9.0,85.0,,
1,EV_B6_C1,8.0,85.0,,
1,EV_B6_C1,7.0,85.0,,
1,EV_B6_C1,6.0,85.0,,
1,EV_B6_C1,5.0,85.0,,
1,EV_B6_C1,4.0,85.0,,
1,EV_B6_C1,3.0,85.0,,
1,EV_B6_C1,2.0,85.0,,
1,EV_B6_C1,1.0,85.0,,
1,EV_B6_C1,0.0,85.0,,
3,,,,,
3,,,,,
3,,,,,
3,,,,,
3,,,,,
3,,,,,
3,,,,,
3,,,,,
3,,,,,
3,,,,,
3,,,,,
3,,,,,
2,EV_B6_C1,,,0.0,25.77905352951922
1,EV_B6_C1,11.0,85.0,,
1,EV_B6_C1,10.0,85.0,,
1,EV_B6_C1,9.0,85.0,,
1,EV_B6_C1,8.0,85.0,,
1,EV_B6_C1,7.0,85.0,,
1,EV_B6_C1,6.0,85.0,,
1,EV_B6_C1,5.0,85.0,,
1,EV_B6_C1,4.0,85.0,,
1,EV_B6_C1,3.0,85.0,,
1,EV_B6_C1,2.0,85.0,,
1,EV_B6_C1,1.0,85.0,,
1,EV_B6_C1,0.0,85.0,,
3,,,,,
3,,,,,
3,,,,,
3,,,,,
3,,,,,
3,,,,,
3,,,,,
3,,,,,
3,,,,,
3,,,,,
3,,,,,
3,,,,,
3,,,,,
3,,,,,
3,,,,,
3,,,,,
3,,,,,
3,,,,,
3,,,,,
3,,,,,
3,,,,,
3,,,,,
3,,,,,
3,,,,,
3,,,,,
3,,,,,
3,,,,,
3,,,,,
3,,,,,
3,,,,,
3,,,,,
3,,,,,
3,,,,,
3,,,,,
3,,,,,
3,,,,,
3,,,,,
3,,,,,
3,,,,,
3,,,,,
3,,,,,
3,,,,,
3,,,,,
3,,,,,
3,,,,,
3,,,,,
3,,,,,
3,,,,,
3,,,,,
3,,,,,
3,,,,,
3,,,,,
3,,,,,
3,,,,,
3,,,,,
3,,,,,
3,,,,,
3,,,,,
2,EV_B6_C1,,,0.0,34.96282753272686
1,EV_B6_C1,12.0,85.0,,
1,EV_B6_C1,11.0,85.0,,
1,EV_B6_C1,10.0,85.0,,
1,EV_B6_C1,9.0,85.0,,
1,EV_B6_C1,8.0,85.0,,
1,EV_B6_C1,7.0,85.0,,
1,EV_B6_C1,6.0,85.0,,
1,EV_B6_C1,5.0,85.0,,
1,EV_B6_C1,4.0,85.0,,
1,EV_B6_C1,3.0,85.0,,
1,EV_B6_C1,2.0,85.0,,
1,EV_B6_C1,1.0,85.0,,
1,EV_B6_C1,0.0,85.0,,
3,,,,,
3,,,,,
3,,,,,
3,,,,,
3,,,,,
3,,,,,
3,,,,,
3,,,,,
3,,,,,
3,,,,,
2,EV_B6_C1,,,0.0,21.62065889500844
1,EV_B6_C1,11.0,85.0,,
1,EV_B6_C1,10.0,85.0,,
1,EV_B6_C1,9.0,85.0,,
1,EV_B6_C1,8.0,85.0,,
1,EV_B6_C1,7.0,85.0,,
1,EV_B6_C1,6.0,85.0,,
1,EV_B6_C1,5.0,85.0,,
1,EV_B6_C1,4.0,85.0,,
1,EV_B6_C1,3.0,85.0,,
1,EV_B6_C1,2.0,85.0,,
1,EV_B6_C1,1.0,85.0,,
1,EV_B6_C1,0.0,85.0,,
3,,,,,
3,,,,,
3,,,,,
3,,,,,
3,,,,,
3,,,,,
3,,,,,
3,,,,,
3,,,,,
3,,,,,
3,,,,,
2,EV_B6_C1,,,0.0,24.15466450091429
1,EV_B6_C1,11.0,85.0,,
1,EV_B6_C1,10.0,85.0,,
1,EV_B6_C1,9.0,85.0,,
1,EV_B6_C1,8.0,85.0,,
1,EV_B6_C1,7.0,85.0,,
1,EV_B6_C1,6.0,85.0,,
1,EV_B6_C1,5.0,85.0,,
1,EV_B6_C1,4.0,85.0,,
1,EV_B6_C1,3.0,85.0,,
1,EV_B6_C1,2.0,85.0,,
1,EV_B6_C1,1.0,85.0,,
1,EV_B6_C1,0.0,85.0,,
3,,,,,
3,,,,,
3,,,,,
3,,,,,
3,,,,,
3,,,,,
3,,,,,
3,,,,,
3,,,,,
3,,,,,
3,,,,,
3,,,,,
2,EV_B6_C1,,,0.0,27.024065080980208
1,EV_B6_C1,11.0,85.0,,
1,EV_B6_C1,10.0,85.0,,
1,EV_B6_C1,9.0,85.0,,
1,EV_B6_C1,8.0,85.0,,
1,EV_B6_C1,7.0,85.0,,
1,EV_B6_C1,6.0,85.0,,
1,EV_B6_C1,5.0,85.0,,
1,EV_B6_C1,4.0,85.0,,
1,EV_B6_C1,3.0,85.0,,
1,EV_B6_C1,2.0,85.0,,
1,EV_B6_C1,1.0,85.0,,
1,EV_B6_C1,0.0,85.0,,
3,,,,,
3,,,,,
3,,,,,
3,,,,,
3,,,,,
3,,,,,
3,,,,,
3,,,,,
3,,,,,
3,,,,,
3,,,,,
3,,,,,
3,,,,,
3,,,,,
3,,,,,
3,,,,,
3,,,,,
3,,,,,
3,,,,,
3,,,,,
3,,,,,
3,,,,,
3,,,,,
3,,,,,
3,,,,,
3,,,,,
3,,,,,
3,,,,,
3,,,,,
3,,,,,
3,,,,,
3,,,,,
3,,,,,
3,,,,,
3,,,,,
3,,,,,
3,,,,,
3,,,,,
3,,,,,
3,,,,,
3,,,,,
3,,,,,
3,,,,,
3,,,,,
3,,,,,
3,,,,,
3,,,,,
3,,,,,
3,,,,,
3,,,,,
3,,,,,
3,,,,,
3,,,,,
3,,,,,
3,,,,,
3,,,,,
3,,,,,
3,,,,,
3,,,,,
3,,,,,
3,,,,,
3,,,,,
3,,,,,
3,,,,,
3,,,,,
3,,,,,
3,,,,,
3,,,,,
3,,,,,
3,,,,,
3,,,,,
3,,,,,
3,,,,,
3,,,,,
3,,,,,
3,,,,,
3,,,,,
3,,,,,
3,,,,,
3,,,,,
3,,,,,
3,,,,,
3,,,,,
3,,,,,
2,EV_B6_C1,,,0.0,22.233337982107102
1,EV_B6_C1,10.0,85.0,,
1,EV_B6_C1,9.0,85.0,,
1,EV_B6_C1,8.0,85.0,,
1,EV_B6_C1,7.0,85.0,,
1,EV_B6_C1,6.0,85.0,,
1,EV_B6_C1,5.0,85.0,,
1,EV_B6_C1,4.0,85.0,,
1,EV_B6_C1,3.0,85.0,,
1,EV_B6_C1,2.0,85.0,,
1,EV_B6_C1,1.0,85.0,,
1,EV_B6_C1,0.0,85.0,,
3,,,,,
3,,,,,
3,,,,,
3,,,,,
3,,,,,
3,,,,,
3,,,,,
3,,,,,
3,,,,,
3,,,,,
3,,,,,
2,EV_B6_C1,,,0.0,30.52984877087914
1,EV_B6_C1,10.0,85.0,,
1,EV_B6_C1,9.0,85.0,,
1,EV_B6_C1,8.0,85.0,,
1,EV_B6_C1,7.0,85.0,,
1,EV_B6_C1,6.0,85.0,,
1,EV_B6_C1,5.0,85.0,,
1,EV_B6_C1,4.0,85.0,,
1,EV_B6_C1,3.0,85.0,,
1,EV_B6_C1,2.0,85.0,,
1,EV_B6_C1,1.0,85.0,,
1,EV_B6_C1,0.0,85.0,,
3,,,,,
3,,,,,
3,,,,,
3,,,,,
3,,,,,
3,,,,,
3,,,,,
3,,,,,
3,,,,,
3,,,,,
3,,,,,
3,,,,,
3,,,,,
2,EV_B6_C1,,,0.0,29.644838715899446
1,EV_B6_C1,9.0,85.0,,
1,EV_B6_C1,8.0,85.0,,
1,EV_B6_C1,7.0,85.0,,
1,EV_B6_C1,6.0,85.0,,
1,EV_B6_C1,5.0,85.0,,
1,EV_B6_C1,4.0,85.0,,
1,EV_B6_C1,3.0,85.0,,
1,EV_B6_C1,2.0,85.0,,
1,EV_B6_C1,1.0,85.0,,
1,EV_B6_C1,0.0,85.0,,
3,,,,,
3,,,,,
3,,,,,
3,,,,,
3,,,,,
3,,,,,
3,,,,,
3,,,,,
3,,,,,
3,,,,,
3,,,,,
2,EV_B6_C1,,,0.0,28.020814042013676
1,EV_B6_C1,12.0,85.0,,
1,EV_B6_C1,11.0,85.0,,
1,EV_B6_C1,10.0,85.0,,
1,EV_B6_C1,9.0,85.0,,
1,EV_B6_C1,8.0,85.0,,
1,EV_B6_C1,7.0,85.0,,
1,EV_B6_C1,6.0,85.0,,
1,EV_B6_C1,5.0,85.0,,
1,EV_B6_C1,4.0,85.0,,
1,EV_B6_C1,3.0,85.0,,
1,EV_B6_C1,2.0,85.0,,
1,EV_B6_C1,1.0,85.0,,
1,EV_B6_C1,0.0,85.0,,
3,,,,,
3,,,,,
3,,,,,
3,,,,,
3,,,,,
3,,,,,
3,,,,,
3,,,,,
3,,,,,
3,,,,,
3,,,,,
2,EV_B6_C1,,,0.0,23.281390928175487
1,EV_B6_C1,11.0,85.0,,
1,EV_B6_C1,10.0,85.0,,
1,EV_B6_C1,9.0,85.0,,
1,EV_B6_C1,8.0,85.0,,
1,EV_B6_C1,7.0,85.0,,
1,EV_B6_C1,6.0,85.0,,
1,EV_B6_C1,5.0,85.0,,
1,EV_B6_C1,4.0,85.0,,
1,EV_B6_C1,3.0,85.0,,
1,EV_B6_C1,2.0,85.0,,
1,EV_B6_C1,1.0,85.0,,
1,EV_B6_C1,0.0,85.0,,
3,,,,,
3,,,,,
3,,,,,
3,,,,,
3,,,,,
3,,,,,
3,,,,,
3,,,,,
3,,,,,
3,,,,,
3,,,,,
3,,,,,
3,,,,,
3,,,,,
3,,,,,
3,,,,,
3,,,,,
3,,,,,
3,,,,,
3,,,,,
3,,,,,
3,,,,,
3,,,,,
3,,,,,
3,,,,,
3,,,,,
3,,,,,
3,,,,,
3,,,,,
3,,,,,
3,,,,,
3,,,,,
3,,,,,
3,,,,,
3,,,,,
3,,,,,
3,,,,,
3,,,,,
3,,,,,
3,,,,,
3,,,,,
3,,,,,
3,,,,,
3,,,,,
3,,,,,
3,,,,,
3,,,,,
3,,,,,
3,,,,,
3,,,,,
3,,,,,
3,,,,,
3,,,,,
3,,,,,
3,,,,,
3,,,,,
3,,,,,
3,,,,,
3,,,,,
3,,,,,
3,,,,,
3,,,,,
3,,,,,
3,,,,,
3,,,,,
3,,,,,
3,,,,,
3,,,,,
3,,,,,
3,,,,,
3,,,,,
3,,,,,
3,,,,,
3,,,,,
3,,,,,
3,,,,,
3,,,,,
3,,,,,
3,,,,,
3,,,,,
3,,,,,
3,,,,,
2,EV_B6_C1,,,0.0,27.16859261096505
1,EV_B6_C1,11.0,85.0,,
1,EV_B6_C1,10.0,85.0,,
1,EV_B6_C1,9.0,85.0,,
1,EV_B6_C1,8.0,85.0,,
1,EV_B6_C1,7.0,85.0,,
1,EV_B6_C1,6.0,85.0,,
1,EV_B6_C1,5.0,85.0,,
1,EV_B6_C1,4.0,85.0,,
1,EV_B6_C1,3.0,85.0,,
1,EV_B6_C1,2.0,85.0,,
1,EV_B6_C1,1.0,85.0,,
1,EV_B6_C1,0.0,85.0,,
3,,,,,
3,,,,,
3,,,,,
3,,,,,
3,,,,,
3,,,,,
3,,,,,
3,,,,,
3,,,,,
3,,,,,
3,,,,,
3,,,,,
2,EV_B6_C1,,,0.0,30.98103782287515
1,EV_B6_C1,11.0,85.0,,
1,EV_B6_C1,10.0,85.0,,
1,EV_B6_C1,9.0,85.0,,
1,EV_B6_C1,8.0,85.0,,
1,EV_B6_C1,7.0,85.0,,
1,EV_B6_C1,6.0,85.0,,
1,EV_B6_C1,5.0,85.0,,
1,EV_B6_C1,4.0,85.0,,
1,EV_B6_C1,3.0,85.0,,
1,EV_B6_C1,2.0,85.0,,
1,EV_B6_C1,1.0,85.0,,
1,EV_B6_C1,0.0,85.0,,
3,,,,,
3,,,,,
3,,,,,
3,,,,,
3,,,,,
3,,,,,
3,,,,,
3,,,,,
3,,,,,
3,,,,,
3,,,,,
3,,,,,
3,,,,,
3,,,,,
3,,,,,
3,,,,,
3,,,,,
3,,,,,
3,,,,,
3,,,,,
3,,,,,
3,,,,,
3,,,,,
3,,,,,
3,,,,,
3,,,,,
3,,,,,
3,,,,,
3,,,,,
3,,,,,
3,,,,,
3,,,,,
3,,,,,
3,,,,,
2,EV_B6_C1,,,0.0,30.423102254611983
1,EV_B6_C1,12.0,85.0,,
1,EV_B6_C1,11.0,85.0,,
1,EV_B6_C1,10.0,85.0,,
1,EV_B6_C1,9.0,85.0,,
1,EV_B6_C1,8.0,85.0,,
1,EV_B6_C1,7.0,85.0,,
1,EV_B6_C1,6.0,85.0,,
1,EV_B6_C1,5.0,85.0,,
1,EV_B6_C1,4.0,85.0,,
1,EV_B6_C1,3.0,85.0,,
1,EV_B6_C1,2.0,85.0,,
1,EV_B6_C1,1.0,85.0,,
1,EV_B6_C1,0.0,85.0,,
3,,,,,
3,,,,,
3,,,,,
3,,,,,
3,,,,,
3,,,,,
3,,,,,
3,,,,,
3,,,,,
3,,,,,
3,,,,,
3,,,,,
3,,,,,
3,,,,,
3,,,,,
3,,,,,
3,,,,,
3,,,,,
3,,,,,
3,,,,,
3,,,,,
3,,,,,
3,,,,,
3,,,,,
3,,,,,
3,,,,,
3,,,,,
3,,,,,
3,,,,,
3,,,,,
3,,,,,
3,,,,,
3,,,,,
3,,,,,
3,,,,,
3,,,,,
3,,,,,
3,,,,,
3,,,,,
3,,,,,
3,,,,,
3,,,,,
3,,,,,
3,,,,,
3,,,,,
3,,,,,
3,,,,,
3,,,,,
3,,,,,
3,,,,,
3,,,,,
3,,,,,
3,,,,,
3,,,,,
3,,,,,
3,,,,,
3,,,,,
3,,,,,
3,,,,,
3,,,,,
3,,,,,
3,,,,,
3,,,,,
3,,,,,
3,,,,,
3,,,,,
3,,,,,
3,,,,,
3,,,,,
3,,,,,
3,,,,,
3,,,,,
3,,,,,
3,,,,,
3,,,,,
3,,,,,
3,,,,,
3,,,,,
3,,,,,
3,,,,,
3,,,,,
2,EV_B6_C1,,,0.0,27.964321718392103
1,EV_B6_C1,13.0,85.0,,
1,EV_B6_C1,12.0,85.0,,
1,EV_B6_C1,11.0,85.0,,
1,EV_B6_C1,10.0,85.0,,
1,EV_B6_C1,9.0,85.0,,
1,EV_B6_C1,8.0,85.0,,
1,EV_B6_C1,7.0,85.0,,
1,EV_B6_C1,6.0,85.0,,
1,EV_B6_C1,5.0,85.0,,
1,EV_B6_C1,4.0,85.0,,
1,EV_B6_C1,3.0,85.0,,
1,EV_B6_C1,2.0,85.0,,
1,EV_B6_C1,1.0,85.0,,
1,EV_B6_C1,0.0,85.0,,
3,,,,,
3,,,,,
3,,,,,
3,,,,,
3,,,,,
3,,,,,
3,,,,,
3,,,,,
3,,,,,
3,,,,,
2,EV_B6_C1,,,0.0,22.668618788100424
1,EV_B6_C1,11.0,85.0,,
1,EV_B6_C1,10.0,85.0,,
1,EV_B6_C1,9.0,85.0,,
1,EV_B6_C1,8.0,85.0,,
1,EV_B6_C1,7.0,85.0,,
1,EV_B6_C1,6.0,85.0,,
1,EV_B6_C1,5.0,85.0,,
1,EV_B6_C1,4.0,85.0,,
1,EV_B6_C1,3.0,85.0,,
1,EV_B6_C1,2.0,85.0,,
1,EV_B6_C1,1.0,85.0,,
1,EV_B6_C1,0.0,85.0,,
3,,,,,
3,,,,,
3,,,,,
3,,,,,
3,,,,,
3,,,,,
3,,,,,
3,,,,,
3,,,,,
3,,,,,
3,,,,,
3,,,,,
2,EV_B6_C1,,,0.0,25.854056583634446
1,EV_B6_C1,11.0,85.0,,
1,EV_B6_C1,10.0,85.0,,
1,EV_B6_C1,9.0,85.0,,
1,EV_B6_C1,8.0,85.0,,
1,EV_B6_C1,7.0,85.0,,
1,EV_B6_C1,6.0,85.0,,
1,EV_B6_C1,5.0,85.0,,
1,EV_B6_C1,4.0,85.0,,
1,EV_B6_C1,3.0,85.0,,
1,EV_B6_C1,2.0,85.0,,
1,EV_B6_C1,1.0,85.0,,
1,EV_B6_C1,0.0,85.0,,
3,,,,,
3,,,,,
3,,,,,
3,,,,,
3,,,,,
3,,,,,
3,,,,,
3,,,,,
3,,,,,
2,EV_B6_C1,,,0.0,29.178455344561165
1,EV_B6_C1,13.0,85.0,,
1,EV_B6_C1,12.0,85.0,,
1,EV_B6_C1,11.0,85.0,,
1,EV_B6_C1,10.0,85.0,,
1,EV_B6_C1,9.0,85.0,,
1,EV_B6_C1,8.0,85.0,,
1,EV_B6_C1,7.0,85.0,,
1,EV_B6_C1,6.0,85.0,,
1,EV_B6_C1,5.0,85.0,,
1,EV_B6_C1,4.0,85.0,,
1,EV_B6_C1,3.0,85.0,,
1,EV_B6_C1,2.0,85.0,,
1,EV_B6_C1,1.0,85.0,,
1,EV_B6_C1,0.0,85.0,,
3,,,,,
3,,,,,
3,,,,,
3,,,,,
3,,,,,
3,,,,,
3,,,,,
3,,,,,
3,,,,,
3,,,,,
3,,,,,
3,,,,,
3,,,,,
3,,,,,
3,,,,,
3,,,,,
3,,,,,
3,,,,,
3,,,,,
3,,,,,
3,,,,,
3,,,,,
3,,,,,
3,,,,,
3,,,,,
3,,,,,
3,,,,,
3,,,,,
3,,,,,
3,,,,,
3,,,,,
3,,,,,
3,,,,,
3,,,,,
3,,,,,
3,,,,,
3,,,,,
3,,,,,
3,,,,,
3,,,,,
3,,,,,
3,,,,,
3,,,,,
3,,,,,
3,,,,,
3,,,,,
3,,,,,
3,,,,,
3,,,,,
3,,,,,
3,,,,,
3,,,,,
3,,,,,
3,,,,,
3,,,,,
3,,,,,
3,,,,,
3,,,,,
3,,,,,
2,EV_B6_C1,,,0.0,33.61141958705714
1,EV_B6_C1,10.0,85.0,,
1,EV_B6_C1,9.0,85.0,,
1,EV_B6_C1,8.0,85.0,,
1,EV_B6_C1,7.0,85.0,,
1,EV_B6_C1,6.0,85.0,,
1,EV_B6_C1,5.0,85.0,,
1,EV_B6_C1,4.0,85.0,,
1,EV_B6_C1,3.0,85.0,,
1,EV_B6_C1,2.0,85.0,,
1,EV_B6_C1,1.0,85.0,,
1,EV_B6_C1,0.0,85.0,,
3,,,,,
3,,,,,
3,,,,,
3,,,,,
3,,,,,
3,,,,,
3,,,,,
3,,,,,
3,,,,,
3,,,,,
3,,,,,
2,EV_B6_C1,,,0.0,23.237181186413014
1,EV_B6_C1,13.0,85.0,,
1,EV_B6_C1,12.0,85.0,,
1,EV_B6_C1,11.0,85.0,,
1,EV_B6_C1,10.0,85.0,,
1,EV_B6_C1,9.0,85.0,,
1,EV_B6_C1,8.0,85.0,,
1,EV_B6_C1,7.0,85.0,,
1,EV_B6_C1,6.0,85.0,,
1,EV_B6_C1,5.0,85.0,,
1,EV_B6_C1,4.0,85.0,,
1,EV_B6_C1,3.0,85.0,,
1,EV_B6_C1,2.0,85.0,,
1,EV_B6_C1,1.0,85.0,,
1,EV_B6_C1,0.0,85.0,,
3,,,,,
3,,,,,
3,,,,,
3,,,,,
3,,,,,
3,,,,,
3,,,,,
3,,,,,
3,,,,,
3,,,,,
2,EV_B6_C1,,,0.0,28.216059680852684
1,EV_B6_C1,10.0,85.0,,
1,EV_B6_C1,9.0,85.0,,
1,EV_B6_C1,8.0,85.0,,
1,EV_B6_C1,7.0,85.0,,
1,EV_B6_C1,6.0,85.0,,
1,EV_B6_C1,5.0,85.0,,
1,EV_B6_C1,4.0,85.0,,
1,EV_B6_C1,3.0,85.0,,
1,EV_B6_C1,2.0,85.0,,
1,EV_B6_C1,1.0,85.0,,
1,EV_B6_C1,0.0,85.0,,
3,,,,,
3,,,,,
3,,,,,
3,,,,,
3,,,,,
3,,,,,
3,,,,,
3,,,,,
3,,,,,
3,,,,,
3,,,,,
3,,,,,
2,EV_B6_C1,,,0.0,32.48482660728097
1,EV_B6_C1,11.0,85.0,,
1,EV_B6_C1,10.0,85.0,,
1,EV_B6_C1,9.0,85.0,,
1,EV_B6_C1,8.0,85.0,,
1,EV_B6_C1,7.0,85.0,,
1,EV_B6_C1,6.0,85.0,,
1,EV_B6_C1,5.0,85.0,,
1,EV_B6_C1,4.0,85.0,,
1,EV_B6_C1,3.0,85.0,,
1,EV_B6_C1,2.0,85.0,,
1,EV_B6_C1,1.0,85.0,,
1,EV_B6_C1,0.0,85.0,,
3,,,,,
3,,,,,
3,,,,,
3,,,,,
3,,,,,
3,,,,,
3,,,,,
3,,,,,
3,,,,,
3,,,,,
2,EV_B6_C1,,,0.0,31.495955130061432
1,EV_B6_C1,12.0,85.0,,
1,EV_B6_C1,11.0,85.0,,
1,EV_B6_C1,10.0,85.0,,
1,EV_B6_C1,9.0,85.0,,
1,EV_B6_C1,8.0,85.0,,
1,EV_B6_C1,7.0,85.0,,
1,EV_B6_C1,6.0,85.0,,
1,EV_B6_C1,5.0,85.0,,
1,EV_B6_C1,4.0,85.0,,
1,EV_B6_C1,3.0,85.0,,
1,EV_B6_C1,2.0,85.0,,
1,EV_B6_C1,1.0,85.0,,
1,EV_B6_C1,0.0,85.0,,
3,,,,,
3,,,,,
3,,,,,
3,,,,,
3,,,,,
3,,,,,
3,,,,,
3,,,,,
3,,,,,
3,,,,,
3,,,,,
3,,,,,
3,,,,,
3,,,,,
3,,,,,
3,,,,,
3,,,,,
3,,,,,
3,,,,,
3,,,,,
3,,,,,
3,,,,,
3,,,,,
3,,,,,
3,,,,,
3,,,,,
3,,,,,
3,,,,,
3,,,,,
3,,,,,
3,,,,,
3,,,,,
3,,,,,
3,,,,,
3,,,,,
3,,,,,
3,,,,,
3,,,,,
3,,,,,
3,,,,,
3,,,,,
3,,,,,
3,,,,,
3,,,,,
3,,,,,
3,,,,,
3,,,,,
3,,,,,
3,,,,,
3,,,,,
3,,,,,
3,,,,,
3,,,,,
3,,,,,
3,,,,,
3,,,,,
3,,,,,
3,,,,,
3,,,,,
2,EV_B6_C1,,,0.0,21.825283189392298
1,EV_B6_C1,11.0,85.0,,
1,EV_B6_C1,10.0,85.0,,
1,EV_B6_C1,9.0,85.0,,
1,EV_B6_C1,8.0,85.0,,
1,EV_B6_C1,7.0,85.0,,
1,EV_B6_C1,6.0,85.0,,
1,EV_B6_C1,5.0,85.0,,
1,EV_B6_C1,4.0,85.0,,
1,EV_B6_C1,3.0,85.0,,
1,EV_B6_C1,2.0,85.0,,
1,EV_B6_C1,1.0,85.0,,
1,EV_B6_C1,0.0,85.0,,
3,,,,,
3,,,,,
3,,,,,
3,,,,,
3,,,,,
3,,,,,
3,,,,,
3,,,,,
3,,,,,
3,,,,,
3,,,,,
3,,,,,
3,,,,,
3,,,,,
3,,,,,
3,,,,,
3,,,,,
3,,,,,
3,,,,,
3,,,,,
3,,,,,
3,,,,,
3,,,,,
3,,,,,
3,,,,,
3,,,,,
3,,,,,
3,,,,,
3,,,,,
3,,,,,
3,,,,,
3,,,,,
3,,,,,
3,,,,,
2,EV_B6_C1,,,0.0,22.540545494705285
1,EV_B6_C1,11.0,85.0,,
1,EV_B6_C1,10.0,85.0,,
1,EV_B6_C1,9.0,85.0,,
1,EV_B6_C1,8.0,85.0,,
1,EV_B6_C1,7.0,85.0,,
1,EV_B6_C1,6.0,85.0,,
1,EV_B6_C1,5.0,85.0,,
1,EV_B6_C1,4.0,85.0,,
1,EV_B6_C1,3.0,85.0,,
1,EV_B6_C1,2.0,85.0,,
1,EV_B6_C1,1.0,85.0,,
1,EV_B6_C1,0.0,85.0,,
3,,,,,
3,,,,,
3,,,,,
3,,,,,
3,,,,,
3,,,,,
3,,,,,
3,,,,,
3,,,,,
3,,,,,
3,,,,,
3,,,,,
2,EV_B6_C1,,,0.0,28.777754767626412
1,EV_B6_C1,11.0,85.0,,
1,EV_B6_C1,10.0,85.0,,
1,EV_B6_C1,9.0,85.0,,
1,EV_B6_C1,8.0,85.0,,
1,EV_B6_C1,7.0,85.0,,
1,EV_B6_C1,6.0,85.0,,
1,EV_B6_C1,5.0,85.0,,
1,EV_B6_C1,4.0,85.0,,
1,EV_B6_C1,3.0,85.0,,
1,EV_B6_C1,2.0,85.0,,
1,EV_B6_C1,1.0,85.0,,
1,EV_B6_C1,0.0,85.0,,
3,,,,,
3,,,,,
3,,,,,
3,,,,,
3,,,,,
3,,,,,
3,,,,,
3,,,,,
3,,,,,
3,,,,,
3,,,,,
2,EV_B6_C1,,,0.0,26.640310120629973
1,EV_B6_C1,11.0,85.0,,
1,EV_B6_C1,10.0,85.0,,
1,EV_B6_C1,9.0,85.0,,
1,EV_B6_C1,8.0,85.0,,
1,EV_B6_C1,7.0,85.0,,
1,EV_B6_C1,6.0,85.0,,
1,EV_B6_C1,5.0,85.0,,
1,EV_B6_C1,4.0,85.0,,
1,EV_B6_C1,3.0,85.0,,
1,EV_B6_C1,2.0,85.0,,
1,EV_B6_C1,1.0,85.0,,
1,EV_B6_C1,0.0,85.0,,
3,,,,,
3,,,,,
3,,,,,
3,,,,,
3,,,,,
3,,,,,
3,,,,,
3,,,,,
3,,,,,
3,,,,,
3,,,,,
3,,,,,
3,,,,,
3,,,,,
3,,,,,
3,,,,,
3,,,,,
3,,,,,
3,,,,,
3,,,,,
3,,,,,
3,,,,,
3,,,,,
3,,,,,
3,,,,,
3,,,,,
3,,,,,
3,,,,,
3,,,,,
3,,,,,
3,,,,,
3,,,,,
3,,,,,
3,,,,,
3,,,,,
3,,,,,
3,,,,,
3,,,,,
3,,,,,
3,,,,,
3,,,,,
3,,,,,
3,,,,,
3,,,,,
3,,,,,
3,,,,,
3,,,,,
3,,,,,
3,,,,,
3,,,,,
3,,,,,
3,,,,,
3,,,,,
3,,,,,
3,,,,,
3,,,,,
3,,,,,
3,,,,,
3,,,,,
2,EV_B6_C1,,,0.0,32.41458873293123
1,EV_B6_C1,11.0,85.0,,
1,EV_B6_C1,10.0,85.0,,
1,EV_B6_C1,9.0,85.0,,
1,EV_B6_C1,8.0,85.0,,
1,EV_B6_C1,7.0,85.0,,
1,EV_B6_C1,6.0,85.0,,
1,EV_B6_C1,5.0,85.0,,
1,EV_B6_C1,4.0,85.0,,
1,EV_B6_C1,3.0,85.0,,
1,EV_B6_C1,2.0,85.0,,
1,EV_B6_C1,1.0,85.0,,
1,EV_B6_C1,0.0,85.0,,
3,,,,,
3,,,,,
3,,,,,
3,,,,,
3,,,,,
3,,,,,
3,,,,,
3,,,,,
3,,,,,
3,,,,,
3,,,,,
3,,,,,
3,,,,,
3,,,,,
3,,,,,
3,,,,,
3,,,,,
3,,,,,
3,,,,,
3,,,,,
3,,,,,
3,,,,,
3,,,,,
3,,,,,
3,,,,,
3,,,,,
3,,,,,
3,,,,,
3,,,,,
3,,,,,
3,,,,,
3,,,,,
3,,,,,
2,EV_B6_C1,,,0.0,24.132113038968427
1,EV_B6_C1,12.0,85.0,,
1,EV_B6_C1,11.0,85.0,,
1,EV_B6_C1,10.0,85.0,,
1,EV_B6_C1,9.0,85.0,,
1,EV_B6_C1,8.0,85.0,,
1,EV_B6_C1,7.0,85.0,,
1,EV_B6_C1,6.0,85.0,,
1,EV_B6_C1,5.0,85.0,,
1,EV_B6_C1,4.0,85.0,,
1,EV_B6_C1,3.0,85.0,,
1,EV_B6_C1,2.0,85.0,,
1,EV_B6_C1,1.0,85.0,,
1,EV_B6_C1,0.0,85.0,,
3,,,,,
3,,,,,
3,,,,,
3,,,,,
3,,,,,
3,,,,,
3,,,,,
3,,,,,
3,,,,,
3,,,,,
3,,,,,
3,,,,,
3,,,,,
2,EV_B6_C1,,,0.0,31.573206929559554
1,EV_B6_C1,9.0,85.0,,
1,EV_B6_C1,8.0,85.0,,
1,EV_B6_C1,7.0,85.0,,
1,EV_B6_C1,6.0,85.0,,
1,EV_B6_C1,5.0,85.0,,
1,EV_B6_C1,4.0,85.0,,
1,EV_B6_C1,3.0,85.0,,
1,EV_B6_C1,2.0,85.0,,
1,EV_B6_C1,1.0,85.0,,
1,EV_B6_C1,0.0,85.0,,
3,,,,,
3,,,,,
3,,,,,
3,,,,,
3,,,,,
3,,,,,
3,,,,,
3,,,,,
3,,,,,
3,,,,,
3,,,,,
3,,,,,
3,,,,,
2,EV_B6_C1,,,0.0,32.333009283387824
1,EV_B6_C1,10.0,85.0,,
1,EV_B6_C1,9.0,85.0,,
1,EV_B6_C1,8.0,85.0,,
1,EV_B6_C1,7.0,85.0,,
1,EV_B6_C1,6.0,85.0,,
1,EV_B6_C1,5.0,85.0,,
1,EV_B6_C1,4.0,85.0,,
1,EV_B6_C1,3.0,85.0,,
1,EV_B6_C1,2.0,85.0,,
1,EV_B6_C1,1.0,85.0,,
1,EV_B6_C1,0.0,85.0,,
3,,,,,
3,,,,,
3,,,,,
3,,,,,
3,,,,,
3,,,,,
3,,,,,
3,,,,,
3,,,,,
3,,,,,
3,,,,,
3,,,,,
3,,,,,
3,,,,,
3,,,,,
3,,,,,
3,,,,,
3,,,,,
3,,,,,
3,,,,,
3,,,,,
3,,,,,
3,,,,,
3,,,,,
3,,,,,
3,,,,,
3,,,,,
3,,,,,
3,,,,,
3,,,,,
3,,,,,
3,,,,,
3,,,,,
3,,,,,
3,,,,,
3,,,,,
3,,,,,
3,,,,,
3,,,,,
3,,,,,
3,,,,,
3,,,,,
3,,,,,
3,,,,,
3,,,,,
3,,,,,
3,,,,,
3,,,,,
3,,,,,
3,,,,,
3,,,,,
3,,,,,
3,,,,,
3,,,,,
3,,,,,
3,,,,,
3,,,,,
3,,,,,
3,,,,,
3,,,,,
3,,,,,
3,,,,,
3,,,,,
3,,,,,
3,,,,,
3,,,,,
3,,,,,
3,,,,,
3,,,,,
3,,,,,
3,,,,,
3,,,,,
3,,,,,
3,,,,,
3,,,,,
3,,,,,
3,,,,,
3,,,,,
3,,,,,
3,,,,,
3,,,,,
3,,,,,
2,EV_B6_C1,,,0.0,22.206258750210388
1,EV_B6_C1,11.0,85.0,,
1,EV_B6_C1,10.0,85.0,,
1,EV_B6_C1,9.0,85.0,,
1,EV_B6_C1,8.0,85.0,,
1,EV_B6_C1,7.0,85.0,,
1,EV_B6_C1,6.0,85.0,,
1,EV_B6_C1,5.0,85.0,,
1,EV_B6_C1,4.0,85.0,,
1,EV_B6_C1,3.0,85.0,,
1,EV_B6_C1,2.0,85.0,,
1,EV_B6_C1,1.0,85.0,,
1,EV_B6_C1,0.0,85.0,,
3,,,,,
3,,,,,
3,,,,,
3,,,,,
3,,,,,
3,,,,,
3,,,,,
3,,,,,
3,,,,,
3,,,,,
3,,,,,
3,,,,,
2,EV_B6_C1,,,0.0,22.87062509655497
1,EV_B6_C1,10.0,85.0,,
1,EV_B6_C1,9.0,85.0,,
1,EV_B6_C1,8.0,85.0,,
1,EV_B6_C1,7.0,85.0,,
1,EV_B6_C1,6.0,85.0,,
1,EV_B6_C1,5.0,85.0,,
1,EV_B6_C1,4.0,85.0,,
1,EV_B6_C1,3.0,85.0,,
1,EV_B6_C1,2.0,85.0,,
1,EV_B6_C1,1.0,85.0,,
1,EV_B6_C1,0.0,85.0,,
3,,,,,
3,,,,,
3,,,,,
3,,,,,
3,,,,,
3,,,,,
3,,,,,
3,,,,,
3,,,,,
3,,,,,
2,EV_B6_C1,,,0.0,29.92924962802503
1,EV_B6_C1,12.0,85.0,,
1,EV_B6_C1,11.0,85.0,,
1,EV_B6_C1,10.0,85.0,,
1,EV_B6_C1,9.0,85.0,,
1,EV_B6_C1,8.0,85.0,,
1,EV_B6_C1,7.0,85.0,,
1,EV_B6_C1,6.0,85.0,,
1,EV_B6_C1,5.0,85.0,,
1,EV_B6_C1,4.0,85.0,,
1,EV_B6_C1,3.0,85.0,,
1,EV_B6_C1,2.0,85.0,,
1,EV_B6_C1,1.0,85.0,,
1,EV_B6_C1,0.0,85.0,,
3,,,,,
3,,,,,
3,,,,,
3,,,,,
3,,,,,
3,,,,,
3,,,,,
3,,,,,
3,,,,,
3,,,,,
3,,,,,
3,,,,,
3,,,,,
3,,,,,
3,,,,,
3,,,,,
3,,,,,
3,,,,,
3,,,,,
3,,,,,
3,,,,,
3,,,,,
3,,,,,
3,,,,,
3,,,,,
3,,,,,
3,,,,,
3,,,,,
3,,,,,
3,,,,,
3,,,,,
3,,,,,
3,,,,,
3,,,,,
3,,,,,
3,,,,,
3,,,,,
3,,,,,
3,,,,,
3,,,,,
3,,,,,
3,,,,,
3,,,,,
3,,,,,
3,,,,,
3,,,,,
3,,,,,
3,,,,,
3,,,,,
3,,,,,
3,,,,,
3,,,,,
3,,,,,
3,,,,,
3,,,,,
3,,,,,
3,,,,,
3,,,,,
3,,,,,
3,,,,,
3,,,,,
3,,,,,
3,,,,,
3,,,,,
3,,,,,
3,,,,,
3,,,,,
3,,,,,
3,,,,,
3,,,,,
3,,,,,
3,,,,,
3,,,,,
3,,,,,
3,,,,,
3,,,,,
3,,,,,
3,,,,,
3,,,,,
3,,,,,
3,,,,,
3,,,,,
3,,,,,
3,,,,,
2,EV_B6_C1,,,0.0,21.428331667841416
1,EV_B6_C1,11.0,85.0,,
1,EV_B6_C1,10.0,85.0,,
1,EV_B6_C1,9.0,85.0,,
1,EV_B6_C1,8.0,85.0,,
1,EV_B6_C1,7.0,85.0,,
1,EV_B6_C1,6.0,85.0,,
1,EV_B6_C1,5.0,85.0,,
1,EV_B6_C1,4.0,85.0,,
1,EV_B6_C1,3.0,85.0,,
1,EV_B6_C1,2.0,85.0,,
1,EV_B6_C1,1.0,85.0,,
1,EV_B6_C1,0.0,85.0,,
3,,,,,
3,,,,,
3,,,,,
3,,,,,
3,,,,,
3,,,,,
3,,,,,
3,,,,,
3,,,,,
3,,,,,
2,EV_B6_C1,,,0.0,34.633283527725645
1,EV_B6_C1,12.0,85.0,,
1,EV_B6_C1,11.0,85.0,,
1,EV_B6_C1,10.0,85.0,,
1,EV_B6_C1,9.0,85.0,,
1,EV_B6_C1,8.0,85.0,,
1,EV_B6_C1,7.0,85.0,,
1,EV_B6_C1,6.0,85.0,,
1,EV_B6_C1,5.0,85.0,,
1,EV_B6_C1,4.0,85.0,,
1,EV_B6_C1,3.0,85.0,,
1,EV_B6_C1,2.0,85.0,,
1,EV_B6_C1,1.0,85.0,,
1,EV_B6_C1,0.0,85.0,,
3,,,,,
3,,,,,
3,,,,,
3,,,,,
3,,,,,
3,,,,,
3,,,,,
3,,,,,
3,,,,,
3,,,,,
2,EV_B6_C1,,,0.0,24.20009991547298
1,EV_B6_C1,11.0,85.0,,
1,EV_B6_C1,10.0,85.0,,
1,EV_B6_C1,9.0,85.0,,
1,EV_B6_C1,8.0,85.0,,
1,EV_B6_C1,7.0,85.0,,
1,EV_B6_C1,6.0,85.0,,
1,EV_B6_C1,5.0,85.0,,
1,EV_B6_C1,4.0,85.0,,
1,EV_B6_C1,3.0,85.0,,
1,EV_B6_C1,2.0,85.0,,
1,EV_B6_C1,1.0,85.0,,
1,EV_B6_C1,0.0,85.0,,
3,,,,,
3,,,,,
3,,,,,
3,,,,,
3,,,,,
3,,,,,
3,,,,,
3,,,,,
3,,,,,
3,,,,,
3,,,,,
2,EV_B6_C1,,,0.0,24.304322692280643
1,EV_B6_C1,11.0,85.0,,
1,EV_B6_C1,10.0,85.0,,
1,EV_B6_C1,9.0,85.0,,
1,EV_B6_C1,8.0,85.0,,
1,EV_B6_C1,7.0,85.0,,
1,EV_B6_C1,6.0,85.0,,
1,EV_B6_C1,5.0,85.0,,
1,EV_B6_C1,4.0,85.0,,
1,EV_B6_C1,3.0,85.0,,
1,EV_B6_C1,2.0,85.0,,
1,EV_B6_C1,1.0,85.0,,
1,EV_B6_C1,0.0,85.0,,
3,,,,,
3,,,,,
3,,,,,
3,,,,,
3,,,,,
3,,,,,
3,,,,,
3,,,,,
3,,,,,
3,,,,,
3,,,,,
3,,,,,
3,,,,,
2,EV_B6_C1,,,0.0,25.454925266307814
1,EV_B6_C1,10.0,85.0,,
1,EV_B6_C1,9.0,85.0,,
1,EV_B6_C1,8.0,85.0,,
1,EV_B6_C1,7.0,85.0,,
1,EV_B6_C1,6.0,85.0,,
1,EV_B6_C1,5.0,85.0,,
1,EV_B6_C1,4.0,85.0,,
1,EV_B6_C1,3.0,85.0,,
1,EV_B6_C1,2.0,85.0,,
1,EV_B6_C1,1.0,85.0,,
1,EV_B6_C1,0.0,85.0,,
3,,,,,
3,,,,,
3,,,,,
3,,,,,
3,,,,,
3,,,,,
3,,,,,
3,,,,,
3,,,,,
3,,,,,
3,,,,,
3,,,,,
3,,,,,
3,,,,,
3,,,,,
3,,,,,
3,,,,,
3,,,,,
3,,,,,
3,,,,,
3,,,,,
3,,,,,
3,,,,,
3,,,,,
3,,,,,
3,,,,,
3,,,,,
3,,,,,
3,,,,,
3,,,,,
3,,,,,
3,,,,,
3,,,,,
3,,,,,
3,,,,,
3,,,,,
3,,,,,
3,,,,,
3,,,,,
3,,,,,
3,,,,,
3,,,,,
3,,,,,
3,,,,,
3,,,,,
3,,,,,
3,,,,,
3,,,,,
3,,,,,
3,,,,,
3,,,,,
3,,,,,
3,,,,,
3,,,,,
3,,,,,
3,,,,,
3,,,,,
3,,,,,
3,,,,,
2,EV_B6_C1,,,0.0,23.701500071000066
1,EV_B6_C1,10.0,85.0,,
1,EV_B6_C1,9.0,85.0,,
1,EV_B6_C1,8.0,85.0,,
1,EV_B6_C1,7.0,85.0,,
1,EV_B6_C1,6.0,85.0,,
1,EV_B6_C1,5.0,85.0,,
1,EV_B6_C1,4.0,85.0,,
1,EV_B6_C1,3.0,85.0,,
1,EV_B6_C1,2.0,85.0,,
1,EV_B6_C1,1.0,85.0,,
1,EV_B6_C1,0.0,85.0,,
3,,,,,
3,,,,,
3,,,,,
3,,,,,
3,,,,,
3,,,,,
3,,,,,
3,,,,,
3,,,,,
3,,,,,
3,,,,,
3,,,,,
2,EV_B6_C1,,,0.0,31.772997112614952
1,EV_B6_C1,10.0,85.0,,
1,EV_B6_C1,9.0,85.0,,
1,EV_B6_C1,8.0,85.0,,
1,EV_B6_C1,7.0,85.0,,
1,EV_B6_C1,6.0,85.0,,
1,EV_B6_C1,5.0,85.0,,
1,EV_B6_C1,4.0,85.0,,
1,EV_B6_C1,3.0,85.0,,
1,EV_B6_C1,2.0,85.0,,
1,EV_B6_C1,1.0,85.0,,
1,EV_B6_C1,0.0,85.0,,
3,,,,,
3,,,,,
3,,,,,
3,,,,,
3,,,,,
3,,,,,
3,,,,,
3,,,,,
3,,,,,
2,EV_B6_C1,,,0.0,31.914049151688527
1,EV_B6_C1,13.0,85.0,,
1,EV_B6_C1,12.0,85.0,,
1,EV_B6_C1,11.0,85.0,,
1,EV_B6_C1,10.0,85.0,,
1,EV_B6_C1,9.0,85.0,,
1,EV_B6_C1,8.0,85.0,,
1,EV_B6_C1,7.0,85.0,,
1,EV_B6_C1,6.0,85.0,,
1,EV_B6_C1,5.0,85.0,,
1,EV_B6_C1,4.0,85.0,,
1,EV_B6_C1,3.0,85.0,,
1,EV_B6_C1,2.0,85.0,,
1,EV_B6_C1,1.0,85.0,,
1,EV_B6_C1,0.0,85.0,,
3,,,,,
3,,,,,
3,,,,,
3,,,,,
3,,,,,
3,,,,,
3,,,,,
3,,,,,
3,,,,,
2,EV_B6_C1,,,0.0,32.48628569498955
1,EV_B6_C1,14.0,85.0,,
1,EV_B6_C1,13.0,85.0,,
1,EV_B6_C1,12.0,85.0,,
1,EV_B6_C1,11.0,85.0,,
1,EV_B6_C1,10.0,85.0,,
1,EV_B6_C1,9.0,85.0,,
1,EV_B6_C1,8.0,85.0,,
1,EV_B6_C1,7.0,85.0,,
1,EV_B6_C1,6.0,85.0,,
1,EV_B6_C1,5.0,85.0,,
1,EV_B6_C1,4.0,85.0,,
1,EV_B6_C1,3.0,85.0,,
1,EV_B6_C1,2.0,85.0,,
1,EV_B6_C1,1.0,85.0,,
1,EV_B6_C1,0.0,85.0,,
3,,,,,
3,,,,,
3,,,,,
3,,,,,
3,,,,,
3,,,,,
3,,,,,
3,,,,,
3,,,,,
3,,,,,
3,,,,,
2,EV_B6_C1,,,0.0,24.60101585334576
1,EV_B6_C1,10.0,85.0,,
1,EV_B6_C1,9.0,85.0,,
1,EV_B6_C1,8.0,85.0,,
1,EV_B6_C1,7.0,85.0,,
1,EV_B6_C1,6.0,85.0,,
1,EV_B6_C1,5.0,85.0,,
1,EV_B6_C1,4.0,85.0,,
1,EV_B6_C1,3.0,85.0,,
1,EV_B6_C1,2.0,85.0,,
1,EV_B6_C1,1.0,85.0,,
1,EV_B6_C1,0.0,85.0,,
3,,,,,
3,,,,,
3,,,,,
3,,,,,
3,,,,,
3,,,,,
3,,,,,
3,,,,,
3,,,,,
3,,,,,
3,,,,,
3,,,,,
3,,,,,
3,,,,,
3,,,,,
3,,,,,
3,,,,,
3,,,,,
3,,,,,
3,,,,,
3,,,,,
3,,,,,
3,,,,,
3,,,,,
3,,,,,
3,,,,,
3,,,,,
3,,,,,
3,,,,,
3,,,,,
3,,,,,
3,,,,,
3,,,,,
3,,,,,
3,,,,,
3,,,,,
3,,,,,
3,,,,,
3,,,,,
3,,,,,
3,,,,,
3,,,,,
3,,,,,
3,,,,,
3,,,,,
3,,,,,
3,,,,,
3,,,,,
3,,,,,
3,,,,,
3,,,,,
3,,,,,
3,,,,,
3,,,,,
3,,,,,
3,,,,,
3,,,,,
3,,,,,
3,,,,,
2,EV_B6_C1,,,0.0,30.764844275368695
1,EV_B6_C1,11.0,85.0,,
1,EV_B6_C1,10.0,85.0,,
1,EV_B6_C1,9.0,85.0,,
1,EV_B6_C1,8.0,85.0,,
1,EV_B6_C1,7.0,85.0,,
1,EV_B6_C1,6.0,85.0,,
1,EV_B6_C1,5.0,85.0,,
1,EV_B6_C1,4.0,85.0,,
1,EV_B6_C1,3.0,85.0,,
1,EV_B6_C1,2.0,85.0,,
1,EV_B6_C1,1.0,85.0,,
1,EV_B6_C1,0.0,85.0,,
3,,,,,
3,,,,,
3,,,,,
3,,,,,
3,,,,,
3,,,,,
3,,,,,
3,,,,,
3,,,,,
3,,,,,
3,,,,,
2,EV_B6_C1,,,0.0,32.03533762265747
1,EV_B6_C1,11.0,85.0,,
1,EV_B6_C1,10.0,85.0,,
1,EV_B6_C1,9.0,85.0,,
1,EV_B6_C1,8.0,85.0,,
1,EV_B6_C1,7.0,85.0,,
1,EV_B6_C1,6.0,85.0,,
1,EV_B6_C1,5.0,85.0,,
1,EV_B6_C1,4.0,85.0,,
1,EV_B6_C1,3.0,85.0,,
1,EV_B6_C1,2.0,85.0,,
1,EV_B6_C1,1.0,85.0,,
1,EV_B6_C1,0.0,85.0,,
3,,,,,
3,,,,,
3,,,,,
3,,,,,
3,,,,,
3,,,,,
3,,,,,
3,,,,,
3,,,,,
3,,,,,
3,,,,,
3,,,,,
3,,,,,
2,EV_B6_C1,,,0.0,30.94337424765563
1,EV_B6_C1,9.0,85.0,,
1,EV_B6_C1,8.0,85.0,,
1,EV_B6_C1,7.0,85.0,,
1,EV_B6_C1,6.0,85.0,,
1,EV_B6_C1,5.0,85.0,,
1,EV_B6_C1,4.0,85.0,,
1,EV_B6_C1,3.0,85.0,,
1,EV_B6_C1,2.0,85.0,,
1,EV_B6_C1,1.0,85.0,,
1,EV_B6_C1,0.0,85.0,,
3,,,,,
3,,,,,
3,,,,,
3,,,,,
3,,,,,
3,,,,,
3,,,,,
3,,,,,
3,,,,,
3,,,,,
3,,,,,
3,,,,,
2,EV_B6_C1,,,0.0,32.08485310303656
1,EV_B6_C1,10.0,85.0,,
1,EV_B6_C1,9.0,85.0,,
1,EV_B6_C1,8.0,85.0,,
1,EV_B6_C1,7.0,85.0,,
1,EV_B6_C1,6.0,85.0,,
1,EV_B6_C1,5.0,85.0,,
1,EV_B6_C1,4.0,85.0,,
1,EV_B6_C1,3.0,85.0,,
1,EV_B6_C1,2.0,85.0,,
1,EV_B6_C1,1.0,85.0,,
1,EV_B6_C1,0.0,85.0,,
3,,,,,
3,,,,,
3,,,,,
3,,,,,
3,,,,,
3,,,,,
3,,,,,
3,,,,,
3,,,,,
3,,,,,
3,,,,,
3,,,,,
3,,,,,
2,EV_B6_C1,,,0.0,22.2374714947893
1,EV_B6_C1,9.0,85.0,,
1,EV_B6_C1,8.0,85.0,,
1,EV_B6_C1,7.0,85.0,,
1,EV_B6_C1,6.0,85.0,,
1,EV_B6_C1,5.0,85.0,,
1,EV_B6_C1,4.0,85.0,,
1,EV_B6_C1,3.0,85.0,,
1,EV_B6_C1,2.0,85.0,,
1,EV_B6_C1,1.0,85.0,,
1,EV_B6_C1,0.0,85.0,,
3,,,,,
3,,,,,
3,,,,,
3,,,,,
3,,,,,
3,,,,,
3,,,,,
3,,,,,
3,,,,,
3,,,,,
3,,,,,
3,,,,,
3,,,,,
3,,,,,
3,,,,,
3,,,,,
3,,,,,
3,,,,,
3,,,,,
3,,,,,
3,,,,,
3,,,,,
3,,,,,
3,,,,,
3,,,,,
3,,,,,
3,,,,,
3,,,,,
3,,,,,
3,,,,,
3,,,,,
3,,,,,
3,,,,,
3,,,,,
3,,,,,
3,,,,,
3,,,,,
3,,,,,
3,,,,,
3,,,,,
3,,,,,
3,,,,,
3,,,,,
3,,,,,
3,,,,,
3,,,,,
3,,,,,
3,,,,,
3,,,,,
3,,,,,
3,,,,,
3,,,,,
3,,,,,
3,,,,,
3,,,,,
3,,,,,
3,,,,,
3,,,,,
3,,,,,
2,EV_B6_C1,,,0.0,23.018520926525678
1,EV_B6_C1,11.0,85.0,,
1,EV_B6_C1,10.0,85.0,,
1,EV_B6_C1,9.0,85.0,,
1,EV_B6_C1,8.0,85.0,,
1,EV_B6_C1,7.0,85.0,,
1,EV_B6_C1,6.0,85.0,,
1,EV_B6_C1,5.0,85.0,,
1,EV_B6_C1,4.0,85.0,,
1,EV_B6_C1,3.0,85.0,,
1,EV_B6_C1,2.0,85.0,,
1,EV_B6_C1,1.0,85.0,,
1,EV_B6_C1,0.0,85.0,,
3,,,,,
3,,,,,
3,,,,,
3,,,,,
3,,,,,
3,,,,,
3,,,,,
3,,,,,
3,,,,,
3,,,,,
3,,,,,
3,,,,,
3,,,,,
3,,,,,
2,EV_B6_C1,,,0.0,32.430570803523786
1,EV_B6_C1,8.0,85.0,,
1,EV_B6_C1,7.0,85.0,,
1,EV_B6_C1,6.0,85.0,,
1,EV_B6_C1,5.0,85.0,,
1,EV_B6_C1,4.0,85.0,,
1,EV_B6_C1,3.0,85.0,,
1,EV_B6_C1,2.0,85.0,,
1,EV_B6_C1,1.0,85.0,,
1,EV_B6_C1,0.0,85.0,,
3,,,,,
3,,,,,
3,,,,,
3,,,,,
3,,,,,
3,,,,,
3,,,,,
3,,,,,
3,,,,,
3,,,,,
3,,,,,
3,,,,,
3,,,,,
3,,,,,
3,,,,,
3,,,,,
3,,,,,
3,,,,,
3,,,,,
3,,,,,
3,,,,,
3,,,,,
3,,,,,
3,,,,,
3,,,,,
3,,,,,
3,,,,,
3,,,,,
3,,,,,
3,,,,,
3,,,,,
3,,,,,
3,,,,,
3,,,,,
3,,,,,
3,,,,,
3,,,,,
2,EV_B6_C1,,,0.0,25.534630839224313
1,EV_B6_C1,10.0,85.0,,
1,EV_B6_C1,9.0,85.0,,
1,EV_B6_C1,8.0,85.0,,
1,EV_B6_C1,7.0,85.0,,
1,EV_B6_C1,6.0,85.0,,
1,EV_B6_C1,5.0,85.0,,
1,EV_B6_C1,4.0,85.0,,
1,EV_B6_C1,3.0,85.0,,
1,EV_B6_C1,2.0,85.0,,
1,EV_B6_C1,1.0,85.0,,
1,EV_B6_C1,0.0,85.0,,
3,,,,,
3,,,,,
3,,,,,
3,,,,,
3,,,,,
3,,,,,
3,,,,,
3,,,,,
3,,,,,
3,,,,,
3,,,,,
2,EV_B6_C1,,,0.0,22.57917819548117
1,EV_B6_C1,11.0,85.0,,
1,EV_B6_C1,10.0,85.0,,
1,EV_B6_C1,9.0,85.0,,
1,EV_B6_C1,8.0,85.0,,
1,EV_B6_C1,7.0,85.0,,
1,EV_B6_C1,6.0,85.0,,
1,EV_B6_C1,5.0,85.0,,
1,EV_B6_C1,4.0,85.0,,
1,EV_B6_C1,3.0,85.0,,
1,EV_B6_C1,2.0,85.0,,
1,EV_B6_C1,1.0,85.0,,
1,EV_B6_C1,0.0,85.0,,
3,,,,,
3,,,,,
3,,,,,
3,,,,,
3,,,,,
3,,,,,
3,,,,,
3,,,,,
3,,,,,
3,,,,,
3,,,,,
3,,,,,
3,,,,,
3,,,,,
3,,,,,
3,,,,,
3,,,,,
3,,,,,
3,,,,,
3,,,,,
3,,,,,
3,,,,,
3,,,,,
3,,,,,
3,,,,,
3,,,,,
3,,,,,
3,,,,,
3,,,,,
3,,,,,
3,,,,,
3,,,,,
3,,,,,
3,,,,,
3,,,,,
3,,,,,
3,,,,,
3,,,,,
3,,,,,
3,,,,,
3,,,,,
3,,,,,
3,,,,,
3,,,,,
3,,,,,
3,,,,,
3,,,,,
3,,,,,
3,,,,,
3,,,,,
3,,,,,
3,,,,,
3,,,,,
3,,,,,
3,,,,,
3,,,,,
3,,,,,
3,,,,,
3,,,,,
2,EV_B6_C1,,,0.0,23.253207653451437
1,EV_B6_C1,11.0,85.0,,
1,EV_B6_C1,10.0,85.0,,
1,EV_B6_C1,9.0,85.0,,
1,EV_B6_C1,8.0,85.0,,
1,EV_B6_C1,7.0,85.0,,
1,EV_B6_C1,6.0,85.0,,
1,EV_B6_C1,5.0,85.0,,
1,EV_B6_C1,4.0,85.0,,
1,EV_B6_C1,3.0,85.0,,
1,EV_B6_C1,2.0,85.0,,
1,EV_B6_C1,1.0,85.0,,
1,EV_B6_C1,0.0,85.0,,
3,,,,,
3,,,,,
3,,,,,
3,,,,,
3,,,,,
3,,,,,
3,,,,,
3,,,,,
3,,,,,
3,,,,,
3,,,,,
3,,,,,
2,EV_B6_C1,,,0.0,24.267268324189313
1,EV_B6_C1,9.0,85.0,,
1,EV_B6_C1,8.0,85.0,,
1,EV_B6_C1,7.0,85.0,,
1,EV_B6_C1,6.0,85.0,,
1,EV_B6_C1,5.0,85.0,,
1,EV_B6_C1,4.0,85.0,,
1,EV_B6_C1,3.0,85.0,,
1,EV_B6_C1,2.0,85.0,,
1,EV_B6_C1,1.0,85.0,,
1,EV_B6_C1,0.0,85.0,,
3,,,,,
3,,,,,
3,,,,,
3,,,,,
3,,,,,
3,,,,,
3,,,,,
3,,,,,
3,,,,,
3,,,,,
3,,,,,
2,EV_B6_C1,,,0.0,30.62186762710384
1,EV_B6_C1,12.0,85.0,,
1,EV_B6_C1,11.0,85.0,,
1,EV_B6_C1,10.0,85.0,,
1,EV_B6_C1,9.0,85.0,,
1,EV_B6_C1,8.0,85.0,,
1,EV_B6_C1,7.0,85.0,,
1,EV_B6_C1,6.0,85.0,,
1,EV_B6_C1,5.0,85.0,,
1,EV_B6_C1,4.0,85.0,,
1,EV_B6_C1,3.0,85.0,,
1,EV_B6_C1,2.0,85.0,,
1,EV_B6_C1,1.0,85.0,,
1,EV_B6_C1,0.0,85.0,,
3,,,,,
3,,,,,
3,,,,,
3,,,,,
3,,,,,
3,,,,,
3,,,,,
3,,,,,
3,,,,,
3,,,,,
2,EV_B6_C1,,,0.0,31.934890492279767
1,EV_B6_C1,12.0,85.0,,
1,EV_B6_C1,11.0,85.0,,
1,EV_B6_C1,10.0,85.0,,
1,EV_B6_C1,9.0,85.0,,
1,EV_B6_C1,8.0,85.0,,
1,EV_B6_C1,7.0,85.0,,
1,EV_B6_C1,6.0,85.0,,
1,EV_B6_C1,5.0,85.0,,
1,EV_B6_C1,4.0,85.0,,
1,EV_B6_C1,3.0,85.0,,
1,EV_B6_C1,2.0,85.0,,
1,EV_B6_C1,1.0,85.0,,
1,EV_B6_C1,0.0,85.0,,
3,,,,,
3,,,,,
3,,,,,
3,,,,,
3,,,,,
3,,,,,
3,,,,,
3,,,,,
2,EV_B6_C1,,,0.0,27.8717051163501
1,EV_B6_C1,13.0,85.0,,
1,EV_B6_C1,12.0,85.0,,
1,EV_B6_C1,11.0,85.0,,
1,EV_B6_C1,10.0,85.0,,
1,EV_B6_C1,9.0,85.0,,
1,EV_B6_C1,8.0,85.0,,
1,EV_B6_C1,7.0,85.0,,
1,EV_B6_C1,6.0,85.0,,
1,EV_B6_C1,5.0,85.0,,
1,EV_B6_C1,4.0,85.0,,
1,EV_B6_C1,3.0,85.0,,
1,EV_B6_C1,2.0,85.0,,
1,EV_B6_C1,1.0,85.0,,
1,EV_B6_C1,0.0,85.0,,
3,,,,,
3,,,,,
3,,,,,
3,,,,,
3,,,,,
3,,,,,
3,,,,,
3,,,,,
3,,,,,
3,,,,,
3,,,,,
3,,,,,
3,,,,,
3,,,,,
3,,,,,
3,,,,,
3,,,,,
3,,,,,
3,,,,,
3,,,,,
3,,,,,
3,,,,,
3,,,,,
3,,,,,
3,,,,,
3,,,,,
3,,,,,
3,,,,,
3,,,,,
3,,,,,
3,,,,,
3,,,,,
3,,,,,
3,,,,,
3,,,,,
3,,,,,
3,,,,,
3,,,,,
3,,,,,
3,,,,,
3,,,,,
3,,,,,
3,,,,,
3,,,,,
3,,,,,
3,,,,,
3,,,,,
3,,,,,
3,,,,,
3,,,,,
3,,,,,
3,,,,,
3,,,,,
3,,,,,
3,,,,,
3,,,,,
3,,,,,
3,,,,,
3,,,,,
3,,,,,
2,EV_B6_C1,,,0.0,33.2628563049184
1,EV_B6_C1,11.0,85.0,,
1,EV_B6_C1,10.0,85.0,,
1,EV_B6_C1,9.0,85.0,,
1,EV_B6_C1,8.0,85.0,,
1,EV_B6_C1,7.0,85.0,,
1,EV_B6_C1,6.0,85.0,,
1,EV_B6_C1,5.0,85.0,,
1,EV_B6_C1,4.0,85.0,,
1,EV_B6_C1,3.0,85.0,,
1,EV_B6_C1,2.0,85.0,,
1,EV_B6_C1,1.0,85.0,,
1,EV_B6_C1,0.0,85.0,,
3,,,,,
3,,,,,
3,,,,,
3,,,,,
3,,,,,
3,,,,,
3,,,,,
3,,,,,
3,,,,,
3,,,,,
2,EV_B6_C1,,,0.0,21.435149682318503
1,EV_B6_C1,11.0,85.0,,
1,EV_B6_C1,10.0,85.0,,
1,EV_B6_C1,9.0,85.0,,
1,EV_B6_C1,8.0,85.0,,
1,EV_B6_C1,7.0,85.0,,
1,EV_B6_C1,6.0,85.0,,
1,EV_B6_C1,5.0,85.0,,
1,EV_B6_C1,4.0,85.0,,
1,EV_B6_C1,3.0,85.0,,
1,EV_B6_C1,2.0,85.0,,
1,EV_B6_C1,1.0,85.0,,
1,EV_B6_C1,0.0,85.0,,
3,,,,,
3,,,,,
3,,,,,
3,,,,,
3,,,,,
3,,,,,
3,,,,,
3,,,,,
3,,,,,
3,,,,,
2,EV_B6_C1,,,0.0,24.79662239645387
1,EV_B6_C1,14.0,85.0,,
1,EV_B6_C1,13.0,85.0,,
1,EV_B6_C1,12.0,85.0,,
1,EV_B6_C1,11.0,85.0,,
1,EV_B6_C1,10.0,85.0,,
1,EV_B6_C1,9.0,85.0,,
1,EV_B6_C1,8.0,85.0,,
1,EV_B6_C1,7.0,85.0,,
1,EV_B6_C1,6.0,85.0,,
1,EV_B6_C1,5.0,85.0,,
1,EV_B6_C1,4.0,85.0,,
1,EV_B6_C1,3.0,85.0,,
1,EV_B6_C1,2.0,85.0,,
1,EV_B6_C1,1.0,85.0,,
1,EV_B6_C1,0.0,85.0,,
3,,,,,
3,,,,,
3,,,,,
3,,,,,
3,,,,,
3,,,,,
3,,,,,
3,,,,,
3,,,,,
2,EV_B6_C1,,,0.0,25.73454776786358
1,EV_B6_C1,12.0,85.0,,
1,EV_B6_C1,11.0,85.0,,
1,EV_B6_C1,10.0,85.0,,
1,EV_B6_C1,9.0,85.0,,
1,EV_B6_C1,8.0,85.0,,
1,EV_B6_C1,7.0,85.0,,
1,EV_B6_C1,6.0,85.0,,
1,EV_B6_C1,5.0,85.0,,
1,EV_B6_C1,4.0,85.0,,
1,EV_B6_C1,3.0,85.0,,
1,EV_B6_C1,2.0,85.0,,
1,EV_B6_C1,1.0,85.0,,
1,EV_B6_C1,0.0,85.0,,
3,,,,,
3,,,,,
3,,,,,
3,,,,,
3,,,,,
3,,,,,
3,,,,,
3,,,,,
3,,,,,
3,,,,,
3,,,,,
3,,,,,
3,,,,,
3,,,,,
3,,,,,
3,,,,,
3,,,,,
3,,,,,
3,,,,,
3,,,,,
3,,,,,
3,,,,,
3,,,,,
3,,,,,
3,,,,,
3,,,,,
3,,,,,
3,,,,,
3,,,,,
3,,,,,
3,,,,,
3,,,,,
3,,,,,
3,,,,,
3,,,,,
3,,,,,
3,,,,,
3,,,,,
3,,,,,
3,,,,,
3,,,,,
3,,,,,
3,,,,,
3,,,,,
3,,,,,
3,,,,,
3,,,,,
3,,,,,
3,,,,,
3,,,,,
3,,,,,
3,,,,,
3,,,,,
3,,,,,
3,,,,,
3,,,,,
3,,,,,
3,,,,,
3,,,,,
3,,,,,
3,,,,,
3,,,,,
3,,,,,
3,,,,,
3,,,,,
3,,,,,
3,,,,,
3,,,,,
3,,,,,
3,,,,,
3,,,,,
3,,,,,
3,,,,,
3,,,,,
3,,,,,
3,,,,,
3,,,,,
3,,,,,
3,,,,,
3,,,,,
3,,,,,
3,,,,,
3,,,,,
3,,,,,
3,,,,,
3,,,,,
3,,,,,
3,,,,,
3,,,,,
3,,,,,
3,,,,,
3,,,,,
3,,,,,
3,,,,,
3,,,,,
3,,,,,
3,,,,,
3,,,,,
3,,,,,
3,,,,,
3,,,,,
3,,,,,
3,,,,,
3,,,,,
3,,,,,
2,EV_B6_C1,,,0.0,34.58108892488793
1,EV_B6_C1,13.0,85.0,,
1,EV_B6_C1,12.0,85.0,,
1,EV_B6_C1,11.0,85.0,,
1,EV_B6_C1,10.0,85.0,,
1,EV_B6_C1,9.0,85.0,,
1,EV_B6_C1,8.0,85.0,,
1,EV_B6_C1,7.0,85.0,,
1,EV_B6_C1,6.0,85.0,,
1,EV_B6_C1,5.0,85.0,,
1,EV_B6_C1,4.0,85.0,,
1,EV_B6_C1,3.0,85.0,,
1,EV_B6_C1,2.0,85.0,,
1,EV_B6_C1,1.0,85.0,,
1,EV_B6_C1,0.0,85.0,,
3,,,,,
3,,,,,
3,,,,,
3,,,,,
3,,,,,
3,,,,,
3,,,,,
3,,,,,
3,,,,,
3,,,,,
3,,,,,
2,EV_B6_C1,,,0.0,33.65696546119536
1,EV_B6_C1,11.0,85.0,,
1,EV_B6_C1,10.0,85.0,,
1,EV_B6_C1,9.0,85.0,,
1,EV_B6_C1,8.0,85.0,,
1,EV_B6_C1,7.0,85.0,,
1,EV_B6_C1,6.0,85.0,,
1,EV_B6_C1,5.0,85.0,,
1,EV_B6_C1,4.0,85.0,,
1,EV_B6_C1,3.0,85.0,,
1,EV_B6_C1,2.0,85.0,,
1,EV_B6_C1,1.0,85.0,,
1,EV_B6_C1,0.0,85.0,,
3,,,,,
3,,,,,
3,,,,,
3,,,,,
3,,,,,
3,,,,,
3,,,,,
3,,,,,
3,,,,,
3,,,,,
2,EV_B6_C1,,,0.0,26.092905842866976
1,EV_B6_C1,11.0,85.0,,
1,EV_B6_C1,10.0,85.0,,
1,EV_B6_C1,9.0,85.0,,
1,EV_B6_C1,8.0,85.0,,
1,EV_B6_C1,7.0,85.0,,
1,EV_B6_C1,6.0,85.0,,
1,EV_B6_C1,5.0,85.0,,
1,EV_B6_C1,4.0,85.0,,
1,EV_B6_C1,3.0,85.0,,
1,EV_B6_C1,2.0,85.0,,
1,EV_B6_C1,1.0,85.0,,
1,EV_B6_C1,0.0,85.0,,
3,,,,,
3,,,,,
3,,,,,
3,,,,,
3,,,,,
3,,,,,
3,,,,,
3,,,,,
3,,,,,
3,,,,,
3,,,,,
2,EV_B6_C1,,,0.0,34.871440375417365
1,EV_B6_C1,10.0,85.0,,
1,EV_B6_C1,9.0,85.0,,
1,EV_B6_C1,8.0,85.0,,
1,EV_B6_C1,7.0,85.0,,
1,EV_B6_C1,6.0,85.0,,
1,EV_B6_C1,5.0,85.0,,
1,EV_B6_C1,4.0,85.0,,
1,EV_B6_C1,3.0,85.0,,
1,EV_B6_C1,2.0,85.0,,
1,EV_B6_C1,1.0,85.0,,
1,EV_B6_C1,0.0,85.0,,
3,,,,,
3,,,,,
3,,,,,
3,,,,,
3,,,,,
3,,,,,
3,,,,,
3,,,,,
3,,,,,
3,,,,,
3,,,,,
3,,,,,
3,,,,,
3,,,,,
3,,,,,
3,,,,,
3,,,,,
3,,,,,
3,,,,,
3,,,,,
3,,,,,
3,,,,,
3,,,,,
3,,,,,
3,,,,,
3,,,,,
3,,,,,
3,,,,,
3,,,,,
3,,,,,
3,,,,,
3,,,,,
3,,,,,
3,,,,,
3,,,,,
3,,,,,
3,,,,,
3,,,,,
3,,,,,
3,,,,,
3,,,,,
3,,,,,
3,,,,,
3,,,,,
3,,,,,
3,,,,,
3,,,,,
3,,,,,
3,,,,,
3,,,,,
3,,,,,
3,,,,,
3,,,,,
3,,,,,
3,,,,,
3,,,,,
2,EV_B6_C1,,,0.0,33.7832067364606
1,EV_B6_C1,16.0,85.0,,
1,EV_B6_C1,15.0,85.0,,
1,EV_B6_C1,14.0,85.0,,
1,EV_B6_C1,13.0,85.0,,
1,EV_B6_C1,12.0,85.0,,
1,EV_B6_C1,11.0,85.0,,
1,EV_B6_C1,10.0,85.0,,
1,EV_B6_C1,9.0,85.0,,
1,EV_B6_C1,8.0,85.0,,
1,EV_B6_C1,7.0,85.0,,
1,EV_B6_C1,6.0,85.0,,
1,EV_B6_C1,5.0,85.0,,
1,EV_B6_C1,4.0,85.0,,
1,EV_B6_C1,3.0,85.0,,
1,EV_B6_C1,2.0,85.0,,
1,EV_B6_C1,1.0,85.0,,
1,EV_B6_C1,0.0,85.0,,
3,,,,,
3,,,,,
3,,,,,
3,,,,,
3,,,,,
3,,,,,
3,,,,,
3,,,,,
3,,,,,
3,,,,,
3,,,,,
3,,,,,
2,EV_B6_C1,,,0.0,27.192337087063535
1,EV_B6_C1,9.0,85.0,,
1,EV_B6_C1,8.0,85.0,,
1,EV_B6_C1,7.0,85.0,,
1,EV_B6_C1,6.0,85.0,,
1,EV_B6_C1,5.0,85.0,,
1,EV_B6_C1,4.0,85.0,,
1,EV_B6_C1,3.0,85.0,,
1,EV_B6_C1,2.0,85.0,,
1,EV_B6_C1,1.0,85.0,,
1,EV_B6_C1,0.0,85.0,,
3,,,,,
3,,,,,
3,,,,,
3,,,,,
3,,,,,
3,,,,,
3,,,,,
3,,,,,
3,,,,,
3,,,,,
3,,,,,
2,EV_B6_C1,,,0.0,24.44085366225842
1,EV_B6_C1,12.0,85.0,,
1,EV_B6_C1,11.0,85.0,,
1,EV_B6_C1,10.0,85.0,,
1,EV_B6_C1,9.0,85.0,,
1,EV_B6_C1,8.0,85.0,,
1,EV_B6_C1,7.0,85.0,,
1,EV_B6_C1,6.0,85.0,,
1,EV_B6_C1,5.0,85.0,,
1,EV_B6_C1,4.0,85.0,,
1,EV_B6_C1,3.0,85.0,,
1,EV_B6_C1,2.0,85.0,,
1,EV_B6_C1,1.0,85.0,,
1,EV_B6_C1,0.0,85.0,,
3,,,,,
3,,,,,
3,,,,,
3,,,,,
3,,,,,
3,,,,,
3,,,,,
3,,,,,
3,,,,,
3,,,,,
3,,,,,
3,,,,,
2,EV_B6_C1,,,0.0,32.57391486755545
1,EV_B6_C1,10.0,85.0,,
1,EV_B6_C1,9.0,85.0,,
1,EV_B6_C1,8.0,85.0,,
1,EV_B6_C1,7.0,85.0,,
1,EV_B6_C1,6.0,85.0,,
1,EV_B6_C1,5.0,85.0,,
1,EV_B6_C1,4.0,85.0,,
1,EV_B6_C1,3.0,85.0,,
1,EV_B6_C1,2.0,85.0,,
1,EV_B6_C1,1.0,85.0,,
1,EV_B6_C1,0.0,85.0,,
3,,,,,
3,,,,,
3,,,,,
3,,,,,
3,,,,,
3,,,,,
3,,,,,
3,,,,,
3,,,,,
3,,,,,
2,EV_B6_C1,,,0.0,33.7798629888284
1,EV_B6_C1,12.0,85.0,,
1,EV_B6_C1,11.0,85.0,,
1,EV_B6_C1,10.0,85.0,,
1,EV_B6_C1,9.0,85.0,,
1,EV_B6_C1,8.0,85.0,,
1,EV_B6_C1,7.0,85.0,,
1,EV_B6_C1,6.0,85.0,,
1,EV_B6_C1,5.0,85.0,,
1,EV_B6_C1,4.0,85.0,,
1,EV_B6_C1,3.0,85.0,,
1,EV_B6_C1,2.0,85.0,,
1,EV_B6_C1,1.0,85.0,,
1,EV_B6_C1,0.0,85.0,,
3,,,,,
3,,,,,
3,,,,,
3,,,,,
3,,,,,
3,,,,,
3,,,,,
3,,,,,
3,,,,,
3,,,,,
3,,,,,
3,,,,,
3,,,,,
3,,,,,
3,,,,,
3,,,,,
3,,,,,
3,,,,,
3,,,,,
3,,,,,
3,,,,,
3,,,,,
3,,,,,
3,,,,,
3,,,,,
3,,,,,
3,,,,,
3,,,,,
3,,,,,
3,,,,,
3,,,,,
3,,,,,
3,,,,,
3,,,,,
3,,,,,
3,,,,,
3,,,,,
3,,,,,
3,,,,,
3,,,,,
3,,,,,
3,,,,,
3,,,,,
3,,,,,
3,,,,,
3,,,,,
3,,,,,
3,,,,,
3,,,,,
3,,,,,
3,,,,,
3,,,,,
3,,,,,
3,,,,,
3,,,,,
3,,,,,
3,,,,,
3,,,,,
2,EV_B6_C1,,,0.0,21.37134927148889
1,EV_B6_C1,11.0,85.0,,
1,EV_B6_C1,10.0,85.0,,
1,EV_B6_C1,9.0,85.0,,
1,EV_B6_C1,8.0,85.0,,
1,EV_B6_C1,7.0,85.0,,
1,EV_B6_C1,6.0,85.0,,
1,EV_B6_C1,5.0,85.0,,
1,EV_B6_C1,4.0,85.0,,
1,EV_B6_C1,3.0,85.0,,
1,EV_B6_C1,2.0,85.0,,
1,EV_B6_C1,1.0,85.0,,
1,EV_B6_C1,0.0,85.0,,
3,,,,,
3,,,,,
3,,,,,
3,,,,,
3,,,,,
3,,,,,
3,,,,,
3,,,,,
3,,,,,
3,,,,,
2,EV_B6_C1,,,0.0,33.533180955226705
1,EV_B6_C1,12.0,85.0,,
1,EV_B6_C1,11.0,85.0,,
1,EV_B6_C1,10.0,85.0,,
1,EV_B6_C1,9.0,85.0,,
1,EV_B6_C1,8.0,85.0,,
1,EV_B6_C1,7.0,85.0,,
1,EV_B6_C1,6.0,85.0,,
1,EV_B6_C1,5.0,85.0,,
1,EV_B6_C1,4.0,85.0,,
1,EV_B6_C1,3.0,85.0,,
1,EV_B6_C1,2.0,85.0,,
1,EV_B6_C1,1.0,85.0,,
1,EV_B6_C1,0.0,85.0,,
3,,,,,
3,,,,,
3,,,,,
3,,,,,
3,,,,,
3,,,,,
3,,,,,
3,,,,,
3,,,,,
3,,,,,
3,,,,,
2,EV_B6_C1,,,0.0,28.084651752624456
1,EV_B6_C1,12.0,85.0,,
1,EV_B6_C1,11.0,85.0,,
1,EV_B6_C1,10.0,85.0,,
1,EV_B6_C1,9.0,85.0,,
1,EV_B6_C1,8.0,85.0,,
1,EV_B6_C1,7.0,85.0,,
1,EV_B6_C1,6.0,85.0,,
1,EV_B6_C1,5.0,85.0,,
1,EV_B6_C1,4.0,85.0,,
1,EV_B6_C1,3.0,85.0,,
1,EV_B6_C1,2.0,85.0,,
1,EV_B6_C1,1.0,85.0,,
1,EV_B6_C1,0.0,85.0,,
3,,,,,
3,,,,,
3,,,,,
3,,,,,
3,,,,,
3,,,,,
3,,,,,
3,,,,,
3,,,,,
3,,,,,
3,,,,,
3,,,,,
2,EV_B6_C1,,,0.0,24.035564965809357
1,EV_B6_C1,10.0,85.0,,
1,EV_B6_C1,9.0,85.0,,
1,EV_B6_C1,8.0,85.0,,
1,EV_B6_C1,7.0,85.0,,
1,EV_B6_C1,6.0,85.0,,
1,EV_B6_C1,5.0,85.0,,
1,EV_B6_C1,4.0,85.0,,
1,EV_B6_C1,3.0,85.0,,
1,EV_B6_C1,2.0,85.0,,
1,EV_B6_C1,1.0,85.0,,
1,EV_B6_C1,0.0,85.0,,
3,,,,,
3,,,,,
3,,,,,
3,,,,,
3,,,,,
3,,,,,
3,,,,,
3,,,,,
3,,,,,
3,,,,,
3,,,,,
3,,,,,
2,EV_B6_C1,,,0.0,23.451822085167088
1,EV_B6_C1,8.0,85.0,,
1,EV_B6_C1,7.0,85.0,,
1,EV_B6_C1,6.0,85.0,,
1,EV_B6_C1,5.0,85.0,,
1,EV_B6_C1,4.0,85.0,,
1,EV_B6_C1,3.0,85.0,,
1,EV_B6_C1,2.0,85.0,,
1,EV_B6_C1,1.0,85.0,,
1,EV_B6_C1,0.0,85.0,,
3,,,,,
3,,,,,
3,,,,,
3,,,,,
3,,,,,
3,,,,,
3,,,,,
3,,,,,
3,,,,,
3,,,,,
3,,,,,
3,,,,,
3,,,,,
3,,,,,
3,,,,,
3,,,,,
3,,,,,
3,,,,,
3,,,,,
3,,,,,
3,,,,,
3,,,,,
3,,,,,
3,,,,,
3,,,,,
3,,,,,
3,,,,,
3,,,,,
3,,,,,
3,,,,,
3,,,,,
3,,,,,
3,,,,,
3,,,,,
3,,,,,
3,,,,,
3,,,,,
3,,,,,
3,,,,,
3,,,,,
3,,,,,
3,,,,,
3,,,,,
3,,,,,
3,,,,,
3,,,,,
3,,,,,
3,,,,,
3,,,,,
3,,,,,
3,,,,,
3,,,,,
3,,,,,
3,,,,,
3,,,,,
3,,,,,
3,,,,,
3,,,,,
3,,,,,
3,,,,,
2,EV_B6_C1,,,0.0,28.503136421123145
1,EV_B6_C1,11.0,85.0,,
1,EV_B6_C1,10.0,85.0,,
1,EV_B6_C1,9.0,85.0,,
1,EV_B6_C1,8.0,85.0,,
1,EV_B6_C1,7.0,85.0,,
1,EV_B6_C1,6.0,85.0,,
1,EV_B6_C1,5.0,85.0,,
1,EV_B6_C1,4.0,85.0,,
1,EV_B6_C1,3.0,85.0,,
1,EV_B6_C1,2.0,85.0,,
1,EV_B6_C1,1.0,85.0,,
1,EV_B6_C1,0.0,85.0,,
3,,,,,
3,,,,,
3,,,,,
3,,,,,
3,,,,,
3,,,,,
3,,,,,
3,,,,,
3,,,,,
3,,,,,
3,,,,,
3,,,,,
2,EV_B6_C1,,,0.0,26.207154131047293
1,EV_B6_C1,10.0,85.0,,
1,EV_B6_C1,9.0,85.0,,
1,EV_B6_C1,8.0,85.0,,
1,EV_B6_C1,7.0,85.0,,
1,EV_B6_C1,6.0,85.0,,
1,EV_B6_C1,5.0,85.0,,
1,EV_B6_C1,4.0,85.0,,
1,EV_B6_C1,3.0,85.0,,
1,EV_B6_C1,2.0,85.0,,
1,EV_B6_C1,1.0,85.0,,
1,EV_B6_C1,0.0,85.0,,
3,,,,,
3,,,,,
3,,,,,
3,,,,,
3,,,,,
3,,,,,
3,,,,,
3,,,,,
3,,,,,
3,,,,,
3,,,,,
3,,,,,
2,EV_B6_C1,,,0.0,24.8895954911306
1,EV_B6_C1,11.0,85.0,,
1,EV_B6_C1,10.0,85.0,,
1,EV_B6_C1,9.0,85.0,,
1,EV_B6_C1,8.0,85.0,,
1,EV_B6_C1,7.0,85.0,,
1,EV_B6_C1,6.0,85.0,,
1,EV_B6_C1,5.0,85.0,,
1,EV_B6_C1,4.0,85.0,,
1,EV_B6_C1,3.0,85.0,,
1,EV_B6_C1,2.0,85.0,,
1,EV_B6_C1,1.0,85.0,,
1,EV_B6_C1,0.0,85.0,,
3,,,,,
3,,,,,
3,,,,,
3,,,,,
3,,,,,
3,,,,,
3,,,,,
3,,,,,
3,,,,,
3,,,,,
2,EV_B6_C1,,,0.0,24.738669469082755
1,EV_B6_C1,12.0,85.0,,
1,EV_B6_C1,11.0,85.0,,
1,EV_B6_C1,10.0,85.0,,
1,EV_B6_C1,9.0,85.0,,
1,EV_B6_C1,8.0,85.0,,
1,EV_B6_C1,7.0,85.0,,
1,EV_B6_C1,6.0,85.0,,
1,EV_B6_C1,5.0,85.0,,
1,EV_B6_C1,4.0,85.0,,
1,EV_B6_C1,3.0,85.0,,
1,EV_B6_C1,2.0,85.0,,
1,EV_B6_C1,1.0,85.0,,
1,EV_B6_C1,0.0,85.0,,
3,,,,,
3,,,,,
3,,,,,
3,,,,,
3,,,,,
3,,,,,
3,,,,,
3,,,,,
3,,,,,
2,EV_B6_C1,,,0.0,28.22021984968433
1,EV_B6_C1,12.0,85.0,,
1,EV_B6_C1,11.0,85.0,,
1,EV_B6_C1,10.0,85.0,,
1,EV_B6_C1,9.0,85.0,,
1,EV_B6_C1,8.0,85.0,,
1,EV_B6_C1,7.0,85.0,,
1,EV_B6_C1,6.0,85.0,,
1,EV_B6_C1,5.0,85.0,,
1,EV_B6_C1,4.0,85.0,,
1,EV_B6_C1,3.0,85.0,,
1,EV_B6_C1,2.0,85.0,,
1,EV_B6_C1,1.0,85.0,,
1,EV_B6_C1,0.0,85.0,,
3,,,,,
3,,,,,
3,,,,,
3,,,,,
3,,,,,
3,,,,,
3,,,,,
3,,,,,
3,,,,,
3,,,,,
3,,,,,
3,,,,,
3,,,,,
3,,,,,
3,,,,,
3,,,,,
3,,,,,
3,,,,,
3,,,,,
3,,,,,
3,,,,,
3,,,,,
3,,,,,
3,,,,,
3,,,,,
3,,,,,
3,,,,,
3,,,,,
3,,,,,
3,,,,,
3,,,,,
3,,,,,
3,,,,,
3,,,,,
3,,,,,
3,,,,,
3,,,,,
3,,,,,
3,,,,,
3,,,,,
3,,,,,
3,,,,,
3,,,,,
3,,,,,
3,,,,,
3,,,,,
3,,,,,
3,,,,,
3,,,,,
3,,,,,
3,,,,,
3,,,,,
3,,,,,
3,,,,,
3,,,,,
3,,,,,
3,,,,,
3,,,,,
3,,,,,
3,,,,,
3,,,,,
2,EV_B6_C1,,,0.0,24.125901351557545
1,EV_B6_C1,10.0,85.0,,
1,EV_B6_C1,9.0,85.0,,
1,EV_B6_C1,8.0,85.0,,
1,EV_B6_C1,7.0,85.0,,
1,EV_B6_C1,6.0,85.0,,
1,EV_B6_C1,5.0,85.0,,
1,EV_B6_C1,4.0,85.0,,
1,EV_B6_C1,3.0,85.0,,
1,EV_B6_C1,2.0,85.0,,
1,EV_B6_C1,1.0,85.0,,
1,EV_B6_C1,0.0,85.0,,
3,,,,,
3,,,,,
3,,,,,
3,,,,,
3,,,,,
3,,,,,
3,,,,,
3,,,,,
2,EV_B6_C1,,,0.0,28.724195195898684
1,EV_B6_C1,13.0,85.0,,
1,EV_B6_C1,12.0,85.0,,
1,EV_B6_C1,11.0,85.0,,
1,EV_B6_C1,10.0,85.0,,
1,EV_B6_C1,9.0,85.0,,
1,EV_B6_C1,8.0,85.0,,
1,EV_B6_C1,7.0,85.0,,
1,EV_B6_C1,6.0,85.0,,
1,EV_B6_C1,5.0,85.0,,
1,EV_B6_C1,4.0,85.0,,
1,EV_B6_C1,3.0,85.0,,
1,EV_B6_C1,2.0,85.0,,
1,EV_B6_C1,1.0,85.0,,
1,EV_B6_C1,0.0,85.0,,
3,,,,,
3,,,,,
3,,,,,
3,,,,,
3,,,,,
3,,,,,
3,,,,,
3,,,,,
3,,,,,
3,,,,,
3,,,,,
2,EV_B6_C1,,,0.0,32.593866213919284
1,EV_B6_C1,12.0,85.0,,
1,EV_B6_C1,11.0,85.0,,
1,EV_B6_C1,10.0,85.0,,
1,EV_B6_C1,9.0,85.0,,
1,EV_B6_C1,8.0,85.0,,
1,EV_B6_C1,7.0,85.0,,
1,EV_B6_C1,6.0,85.0,,
1,EV_B6_C1,5.0,85.0,,
1,EV_B6_C1,4.0,85.0,,
1,EV_B6_C1,3.0,85.0,,
1,EV_B6_C1,2.0,85.0,,
1,EV_B6_C1,1.0,85.0,,
1,EV_B6_C1,0.0,85.0,,
3,,,,,
3,,,,,
3,,,,,
3,,,,,
3,,,,,
3,,,,,
3,,,,,
3,,,,,
3,,,,,
3,,,,,
3,,,,,
2,EV_B6_C1,,,0.0,31.645620894740105
1,EV_B6_C1,11.0,85.0,,
1,EV_B6_C1,10.0,85.0,,
1,EV_B6_C1,9.0,85.0,,
1,EV_B6_C1,8.0,85.0,,
1,EV_B6_C1,7.0,85.0,,
1,EV_B6_C1,6.0,85.0,,
1,EV_B6_C1,5.0,85.0,,
1,EV_B6_C1,4.0,85.0,,
1,EV_B6_C1,3.0,85.0,,
1,EV_B6_C1,2.0,85.0,,
1,EV_B6_C1,1.0,85.0,,
1,EV_B6_C1,0.0,85.0,,
3,,,,,
3,,,,,
3,,,,,
3,,,,,
3,,,,,
3,,,,,
3,,,,,
3,,,,,
3,,,,,
3,,,,,
3,,,,,
2,EV_B6_C1,,,0.0,24.078669935370936
1,EV_B6_C1,10.0,85.0,,
1,EV_B6_C1,9.0,85.0,,
1,EV_B6_C1,8.0,85.0,,
1,EV_B6_C1,7.0,85.0,,
1,EV_B6_C1,6.0,85.0,,
1,EV_B6_C1,5.0,85.0,,
1,EV_B6_C1,4.0,85.0,,
1,EV_B6_C1,3.0,85.0,,
1,EV_B6_C1,2.0,85.0,,
1,EV_B6_C1,1.0,85.0,,
1,EV_B6_C1,0.0,85.0,,
3,,,,,
3,,,,,
3,,,,,
3,,,,,
3,,,,,
3,,,,,
3,,,,,
3,,,,,
3,,,,,
3,,,,,
3,,,,,
3,,,,,
3,,,,,
3,,,,,
3,,,,,
3,,,,,
3,,,,,
3,,,,,
3,,,,,
3,,,,,
3,,,,,
3,,,,,
3,,,,,
3,,,,,
3,,,,,
3,,,,,
3,,,,,
3,,,,,
3,,,,,
3,,,,,
3,,,,,
3,,,,,
3,,,,,
3,,,,,
3,,,,,
3,,,,,
3,,,,,
3,,,,,
3,,,,,
3,,,,,
3,,,,,
3,,,,,
3,,,,,
3,,,,,
3,,,,,
3,,,,,
3,,,,,
3,,,,,
3,,,,,
3,,,,,
3,,,,,
3,,,,,
3,,,,,
3,,,,,
3,,,,,
3,,,,,
3,,,,,
3,,,,,
3,,,,,
2,EV_B6_C1,,,0.0,22.253249084729767
1,EV_B6_C1,12.0,85.0,,
1,EV_B6_C1,11.0,85.0,,
1,EV_B6_C1,10.0,85.0,,
1,EV_B6_C1,9.0,85.0,,
1,EV_B6_C1,8.0,85.0,,
1,EV_B6_C1,7.0,85.0,,
1,EV_B6_C1,6.0,85.0,,
1,EV_B6_C1,5.0,85.0,,
1,EV_B6_C1,4.0,85.0,,
1,EV_B6_C1,3.0,85.0,,
1,EV_B6_C1,2.0,85.0,,
1,EV_B6_C1,1.0,85.0,,
1,EV_B6_C1,0.0,85.0,,
3,,,,,
3,,,,,
3,,,,,
3,,,,,
3,,,,,
3,,,,,
3,,,,,
3,,,,,
3,,,,,
3,,,,,
2,EV_B6_C1,,,0.0,20.31362648497346
1,EV_B6_C1,12.0,85.0,,
1,EV_B6_C1,11.0,85.0,,
1,EV_B6_C1,10.0,85.0,,
1,EV_B6_C1,9.0,85.0,,
1,EV_B6_C1,8.0,85.0,,
1,EV_B6_C1,7.0,85.0,,
1,EV_B6_C1,6.0,85.0,,
1,EV_B6_C1,5.0,85.0,,
1,EV_B6_C1,4.0,85.0,,
1,EV_B6_C1,3.0,85.0,,
1,EV_B6_C1,2.0,85.0,,
1,EV_B6_C1,1.0,85.0,,
1,EV_B6_C1,0.0,85.0,,
3,,,,,
3,,,,,
3,,,,,
3,,,,,
3,,,,,
3,,,,,
3,,,,,
3,,,,,
3,,,,,
3,,,,,
3,,,,,
2,EV_B6_C1,,,0.0,33.28939789373139
1,EV_B6_C1,11.0,85.0,,
1,EV_B6_C1,10.0,85.0,,
1,EV_B6_C1,9.0,85.0,,
1,EV_B6_C1,8.0,85.0,,
1,EV_B6_C1,7.0,85.0,,
1,EV_B6_C1,6.0,85.0,,
1,EV_B6_C1,5.0,85.0,,
1,EV_B6_C1,4.0,85.0,,
1,EV_B6_C1,3.0,85.0,,
1,EV_B6_C1,2.0,85.0,,
1,EV_B6_C1,1.0,85.0,,
1,EV_B6_C1,0.0,85.0,,
3,,,,,
3,,,,,
3,,,,,
3,,,,,
3,,,,,
3,,,,,
3,,,,,
3,,,,,
3,,,,,
3,,,,,
2,EV_B6_C1,,,0.0,21.411938731643893
1,EV_B6_C1,12.0,85.0,,
1,EV_B6_C1,11.0,85.0,,
1,EV_B6_C1,10.0,85.0,,
1,EV_B6_C1,9.0,85.0,,
1,EV_B6_C1,8.0,85.0,,
1,EV_B6_C1,7.0,85.0,,
1,EV_B6_C1,6.0,85.0,,
1,EV_B6_C1,5.0,85.0,,
1,EV_B6_C1,4.0,85.0,,
1,EV_B6_C1,3.0,85.0,,
1,EV_B6_C1,2.0,85.0,,
1,EV_B6_C1,1.0,85.0,,
1,EV_B6_C1,0.0,85.0,,
3,,,,,
3,,,,,
3,,,,,
3,,,,,
3,,,,,
3,,,,,
3,,,,,
3,,,,,
3,,,,,
3,,,,,
3,,,,,
2,EV_B6_C1,,,0.0,31.210769698697803
1,EV_B6_C1,10.0,85.0,,
1,EV_B6_C1,9.0,85.0,,
1,EV_B6_C1,8.0,85.0,,
1,EV_B6_C1,7.0,85.0,,
1,EV_B6_C1,6.0,85.0,,
1,EV_B6_C1,5.0,85.0,,
1,EV_B6_C1,4.0,85.0,,
1,EV_B6_C1,3.0,85.0,,
1,EV_B6_C1,2.0,85.0,,
1,EV_B6_C1,1.0,85.0,,
1,EV_B6_C1,0.0,85.0,,
3,,,,,
3,,,,,
3,,,,,
3,,,,,
3,,,,,
3,,,,,
3,,,,,
3,,,,,
3,,,,,
3,,,,,
3,,,,,
3,,,,,
3,,,,,
3,,,,,
3,,,,,
3,,,,,
3,,,,,
3,,,,,
3,,,,,
3,,,,,
3,,,,,
3,,,,,
3,,,,,
3,,,,,
3,,,,,
3,,,,,
3,,,,,
3,,,,,
3,,,,,
3,,,,,
3,,,,,
3,,,,,
3,,,,,
3,,,,,
3,,,,,
3,,,,,
3,,,,,
3,,,,,
3,,,,,
3,,,,,
3,,,,,
3,,,,,
3,,,,,
3,,,,,
3,,,,,
3,,,,,
3,,,,,
3,,,,,
3,,,,,
3,,,,,
3,,,,,
3,,,,,
3,,,,,
3,,,,,
3,,,,,
3,,,,,
3,,,,,
3,,,,,
3,,,,,
3,,,,,
3,,,,,
2,EV_B6_C1,,,0.0,31.00918856384271
1,EV_B6_C1,9.0,85.0,,
1,EV_B6_C1,8.0,85.0,,
1,EV_B6_C1,7.0,85.0,,
1,EV_B6_C1,6.0,85.0,,
1,EV_B6_C1,5.0,85.0,,
1,EV_B6_C1,4.0,85.0,,
1,EV_B6_C1,3.0,85.0,,
1,EV_B6_C1,2.0,85.0,,
1,EV_B6_C1,1.0,85.0,,
1,EV_B6_C1,0.0,85.0,,
3,,,,,
3,,,,,
3,,,,,
3,,,,,
3,,,,,
3,,,,,
3,,,,,
3,,,,,
3,,,,,
3,,,,,
3,,,,,
2,EV_B6_C1,,,0.0,29.47445710510228
1,EV_B6_C1,11.0,85.0,,
1,EV_B6_C1,10.0,85.0,,
1,EV_B6_C1,9.0,85.0,,
1,EV_B6_C1,8.0,85.0,,
1,EV_B6_C1,7.0,85.0,,
1,EV_B6_C1,6.0,85.0,,
1,EV_B6_C1,5.0,85.0,,
1,EV_B6_C1,4.0,85.0,,
1,EV_B6_C1,3.0,85.0,,
1,EV_B6_C1,2.0,85.0,,
1,EV_B6_C1,1.0,85.0,,
1,EV_B6_C1,0.0,85.0,,
3,,,,,
3,,,,,
3,,,,,
3,,,,,
3,,,,,
3,,,,,
3,,,,,
3,,,,,
3,,,,,
3,,,,,
3,,,,,
3,,,,,
3,,,,,
2,EV_B6_C1,,,0.0,34.80709263230288
1,EV_B6_C1,9.0,85.0,,
1,EV_B6_C1,8.0,85.0,,
1,EV_B6_C1,7.0,85.0,,
1,EV_B6_C1,6.0,85.0,,
1,EV_B6_C1,5.0,85.0,,
1,EV_B6_C1,4.0,85.0,,
1,EV_B6_C1,3.0,85.0,,
1,EV_B6_C1,2.0,85.0,,
1,EV_B6_C1,1.0,85.0,,
1,EV_B6_C1,0.0,85.0,,
3,,,,,
3,,,,,
3,,,,,
3,,,,,
3,,,,,
3,,,,,
3,,,,,
3,,,,,
3,,,,,
3,,,,,
3,,,,,
3,,,,,
2,EV_B6_C1,,,0.0,26.58599849786554
1,EV_B6_C1,10.0,85.0,,
1,EV_B6_C1,9.0,85.0,,
1,EV_B6_C1,8.0,85.0,,
1,EV_B6_C1,7.0,85.0,,
1,EV_B6_C1,6.0,85.0,,
1,EV_B6_C1,5.0,85.0,,
1,EV_B6_C1,4.0,85.0,,
1,EV_B6_C1,3.0,85.0,,
1,EV_B6_C1,2.0,85.0,,
1,EV_B6_C1,1.0,85.0,,
1,EV_B6_C1,0.0,85.0,,
3,,,,,
3,,,,,
3,,,,,
3,,,,,
3,,,,,
3,,,,,
3,,,,,
3,,,,,
3,,,,,
3,,,,,
3,,,,,
2,EV_B6_C1,,,0.0,33.46578172443138
1,EV_B6_C1,12.0,85.0,,
1,EV_B6_C1,11.0,85.0,,
1,EV_B6_C1,10.0,85.0,,
1,EV_B6_C1,9.0,85.0,,
1,EV_B6_C1,8.0,85.0,,
1,EV_B6_C1,7.0,85.0,,
1,EV_B6_C1,6.0,85.0,,
1,EV_B6_C1,5.0,85.0,,
1,EV_B6_C1,4.0,85.0,,
1,EV_B6_C1,3.0,85.0,,
1,EV_B6_C1,2.0,85.0,,
1,EV_B6_C1,1.0,85.0,,
1,EV_B6_C1,0.0,85.0,,
3,,,,,
3,,,,,
3,,,,,
3,,,,,
3,,,,,
3,,,,,
3,,,,,
3,,,,,
3,,,,,
3,,,,,
3,,,,,
3,,,,,
3,,,,,
3,,,,,
3,,,,,
3,,,,,
3,,,,,
3,,,,,
3,,,,,
3,,,,,
3,,,,,
3,,,,,
3,,,,,
3,,,,,
3,,,,,
3,,,,,
3,,,,,
3,,,,,
3,,,,,
3,,,,,
3,,,,,
3,,,,,
3,,,,,
3,,,,,
3,,,,,
3,,,,,
3,,,,,
3,,,,,
3,,,,,
3,,,,,
3,,,,,
3,,,,,
3,,,,,
3,,,,,
3,,,,,
3,,,,,
3,,,,,
3,,,,,
3,,,,,
3,,,,,
3,,,,,
3,,,,,
3,,,,,
3,,,,,
3,,,,,
3,,,,,
3,,,,,
3,,,,,
3,,,,,
3,,,,,
2,EV_B6_C1,,,0.0,21.763012204773084
1,EV_B6_C1,10.0,85.0,,
1,EV_B6_C1,9.0,85.0,,
1,EV_B6_C1,8.0,85.0,,
1,EV_B6_C1,7.0,85.0,,
1,EV_B6_C1,6.0,85.0,,
1,EV_B6_C1,5.0,85.0,,
1,EV_B6_C1,4.0,85.0,,
1,EV_B6_C1,3.0,85.0,,
1,EV_B6_C1,2.0,85.0,,
1,EV_B6_C1,1.0,85.0,,
1,EV_B6_C1,0.0,85.0,,
3,,,,,
3,,,,,
3,,,,,
3,,,,,
3,,,,,
3,,,,,
3,,,,,
3,,,,,
3,,,,,
3,,,,,
3,,,,,
2,EV_B6_C1,,,0.0,26.661026574157432
1,EV_B6_C1,10.0,85.0,,
1,EV_B6_C1,9.0,85.0,,
1,EV_B6_C1,8.0,85.0,,
1,EV_B6_C1,7.0,85.0,,
1,EV_B6_C1,6.0,85.0,,
1,EV_B6_C1,5.0,85.0,,
1,EV_B6_C1,4.0,85.0,,
1,EV_B6_C1,3.0,85.0,,
1,EV_B6_C1,2.0,85.0,,
1,EV_B6_C1,1.0,85.0,,
1,EV_B6_C1,0.0,85.0,,
3,,,,,
3,,,,,
3,,,,,
3,,,,,
3,,,,,
3,,,,,
3,,,,,
3,,,,,
3,,,,,
3,,,,,
3,,,,,
2,EV_B6_C1,,,0.0,30.671593314949586
1,EV_B6_C1,12.0,85.0,,
1,EV_B6_C1,11.0,85.0,,
1,EV_B6_C1,10.0,85.0,,
1,EV_B6_C1,9.0,85.0,,
1,EV_B6_C1,8.0,85.0,,
1,EV_B6_C1,7.0,85.0,,
1,EV_B6_C1,6.0,85.0,,
1,EV_B6_C1,5.0,85.0,,
1,EV_B6_C1,4.0,85.0,,
1,EV_B6_C1,3.0,85.0,,
1,EV_B6_C1,2.0,85.0,,
1,EV_B6_C1,1.0,85.0,,
1,EV_B6_C1,0.0,85.0,,
3,,,,,
3,,,,,
3,,,,,
3,,,,,
3,,,,,
3,,,,,
3,,,,,
3,,,,,
3,,,,,
3,,,,,
2,EV_B6_C1,,,0.0,32.06541871757342
1,EV_B6_C1,11.0,85.0,,
1,EV_B6_C1,10.0,85.0,,
1,EV_B6_C1,9.0,85.0,,
1,EV_B6_C1,8.0,85.0,,
1,EV_B6_C1,7.0,85.0,,
1,EV_B6_C1,6.0,85.0,,
1,EV_B6_C1,5.0,85.0,,
1,EV_B6_C1,4.0,85.0,,
1,EV_B6_C1,3.0,85.0,,
1,EV_B6_C1,2.0,85.0,,
1,EV_B6_C1,1.0,85.0,,
1,EV_B6_C1,0.0,85.0,,
3,,,,,
3,,,,,
3,,,,,
3,,,,,
3,,,,,
3,,,,,
3,,,,,
3,,,,,
3,,,,,
3,,,,,
3,,,,,
3,,,,,
2,EV_B6_C1,,,0.0,23.675808839564976
1,EV_B6_C1,11.0,85.0,,
1,EV_B6_C1,10.0,85.0,,
1,EV_B6_C1,9.0,85.0,,
1,EV_B6_C1,8.0,85.0,,
1,EV_B6_C1,7.0,85.0,,
1,EV_B6_C1,6.0,85.0,,
1,EV_B6_C1,5.0,85.0,,
1,EV_B6_C1,4.0,85.0,,
1,EV_B6_C1,3.0,85.0,,
1,EV_B6_C1,2.0,85.0,,
1,EV_B6_C1,1.0,85.0,,
1,EV_B6_C1,0.0,85.0,,
3,,,,,
3,,,,,
3,,,,,
3,,,,,
3,,,,,
3,,,,,
3,,,,,
3,,,,,
3,,,,,
3,,,,,
3,,,,,
3,,,,,
3,,,,,
3,,,,,
3,,,,,
3,,,,,
3,,,,,
3,,,,,
3,,,,,
3,,,,,
3,,,,,
3,,,,,
3,,,,,
3,,,,,
3,,,,,
3,,,,,
3,,,,,
3,,,,,
3,,,,,
3,,,,,
3,,,,,
3,,,,,
3,,,,,
3,,,,,
3,,,,,
3,,,,,
3,,,,,
3,,,,,
3,,,,,
3,,,,,
3,,,,,
3,,,,,
3,,,,,
3,,,,,
3,,,,,
3,,,,,
3,,,,,
3,,,,,
3,,,,,
3,,,,,
3,,,,,
3,,,,,
3,,,,,
3,,,,,
3,,,,,
3,,,,,
3,,,,,
2,EV_B6_C1,,,0.0,32.235094308689064
1,EV_B6_C1,13.0,85.0,,
1,EV_B6_C1,12.0,85.0,,
1,EV_B6_C1,11.0,85.0,,
1,EV_B6_C1,10.0,85.0,,
1,EV_B6_C1,9.0,85.0,,
1,EV_B6_C1,8.0,85.0,,
1,EV_B6_C1,7.0,85.0,,
1,EV_B6_C1,6.0,85.0,,
1,EV_B6_C1,5.0,85.0,,
1,EV_B6_C1,4.0,85.0,,
1,EV_B6_C1,3.0,85.0,,
1,EV_B6_C1,2.0,85.0,,
1,EV_B6_C1,1.0,85.0,,
1,EV_B6_C1,0.0,85.0,,
3,,,,,
3,,,,,
3,,,,,
3,,,,,
3,,,,,
3,,,,,
3,,,,,
3,,,,,
3,,,,,
3,,,,,
3,,,,,
3,,,,,
2,EV_B6_C1,,,0.0,23.69828229494116
1,EV_B6_C1,10.0,85.0,,
1,EV_B6_C1,9.0,85.0,,
1,EV_B6_C1,8.0,85.0,,
1,EV_B6_C1,7.0,85.0,,
1,EV_B6_C1,6.0,85.0,,
1,EV_B6_C1,5.0,85.0,,
1,EV_B6_C1,4.0,85.0,,
1,EV_B6_C1,3.0,85.0,,
1,EV_B6_C1,2.0,85.0,,
1,EV_B6_C1,1.0,85.0,,
1,EV_B6_C1,0.0,85.0,,
3,,,,,
3,,,,,
3,,,,,
3,,,,,
3,,,,,
3,,,,,
3,,,,,
3,,,,,
3,,,,,
3,,,,,
2,EV_B6_C1,,,0.0,25.215132949022035
1,EV_B6_C1,11.0,85.0,,
1,EV_B6_C1,10.0,85.0,,
1,EV_B6_C1,9.0,85.0,,
1,EV_B6_C1,8.0,85.0,,
1,EV_B6_C1,7.0,85.0,,
1,EV_B6_C1,6.0,85.0,,
1,EV_B6_C1,5.0,85.0,,
1,EV_B6_C1,4.0,85.0,,
1,EV_B6_C1,3.0,85.0,,
1,EV_B6_C1,2.0,85.0,,
1,EV_B6_C1,1.0,85.0,,
1,EV_B6_C1,0.0,85.0,,
3,,,,,
3,,,,,
3,,,,,
3,,,,,
3,,,,,
3,,,,,
3,,,,,
3,,,,,
3,,,,,
3,,,,,
3,,,,,
3,,,,,
2,EV_B6_C1,,,0.0,27.933608705867552
1,EV_B6_C1,11.0,85.0,,
1,EV_B6_C1,10.0,85.0,,
1,EV_B6_C1,9.0,85.0,,
1,EV_B6_C1,8.0,85.0,,
1,EV_B6_C1,7.0,85.0,,
1,EV_B6_C1,6.0,85.0,,
1,EV_B6_C1,5.0,85.0,,
1,EV_B6_C1,4.0,85.0,,
1,EV_B6_C1,3.0,85.0,,
1,EV_B6_C1,2.0,85.0,,
1,EV_B6_C1,1.0,85.0,,
1,EV_B6_C1,0.0,85.0,,
3,,,,,
3,,,,,
3,,,,,
3,,,,,
3,,,,,
3,,,,,
3,,,,,
3,,,,,
3,,,,,
3,,,,,
3,,,,,
3,,,,,
3,,,,,
3,,,,,
3,,,,,
3,,,,,
3,,,,,
3,,,,,
3,,,,,
3,,,,,
3,,,,,
3,,,,,
3,,,,,
3,,,,,
3,,,,,
3,,,,,
3,,,,,
3,,,,,
3,,,,,
3,,,,,
3,,,,,
3,,,,,
3,,,,,
3,,,,,
3,,,,,
3,,,,,
3,,,,,
3,,,,,
3,,,,,
3,,,,,
3,,,,,
3,,,,,
3,,,,,
3,,,,,
3,,,,,
3,,,,,
3,,,,,
3,,,,,
3,,,,,
3,,,,,
3,,,,,
3,,,,,
3,,,,,
3,,,,,
3,,,,,
3,,,,,
3,,,,,
3,,,,,
3,,,,,
3,,,,,
3,,,,,
3,,,,,
3,,,,,
3,,,,,
3,,,,,
3,,,,,
3,,,,,
3,,,,,
3,,,,,
3,,,,,
3,,,,,
3,,,,,
3,,,,,
3,,,,,
3,,,,,
3,,,,,
3,,,,,
3,,,,,
3,,,,,
3,,,,,
3,,,,,
3,,,,,
3,,,,,
2,EV_B6_C1,,,0.0,34.675337146085006
1,EV_B6_C1,11.0,85.0,,
1,EV_B6_C1,10.0,85.0,,
1,EV_B6_C1,9.0,85.0,,
1,EV_B6_C1,8.0,85.0,,
1,EV_B6_C1,7.0,85.0,,
1,EV_B6_C1,6.0,85.0,,
1,EV_B6_C1,5.0,85.0,,
1,EV_B6_C1,4.0,85.0,,
1,EV_B6_C1,3.0,85.0,,
1,EV_B6_C1,2.0,85.0,,
1,EV_B6_C1,1.0,85.0,,
1,EV_B6_C1,0.0,85.0,,
3,,,,,
3,,,,,
3,,,,,
3,,,,,
3,,,,,
3,,,,,
3,,,,,
3,,,,,
3,,,,,
2,EV_B6_C1,,,0.0,31.050197128618052
1,EV_B6_C1,13.0,85.0,,
1,EV_B6_C1,12.0,85.0,,
1,EV_B6_C1,11.0,85.0,,
1,EV_B6_C1,10.0,85.0,,
1,EV_B6_C1,9.0,85.0,,
1,EV_B6_C1,8.0,85.0,,
1,EV_B6_C1,7.0,85.0,,
1,EV_B6_C1,6.0,85.0,,
1,EV_B6_C1,5.0,85.0,,
1,EV_B6_C1,4.0,85.0,,
1,EV_B6_C1,3.0,85.0,,
1,EV_B6_C1,2.0,85.0,,
1,EV_B6_C1,1.0,85.0,,
1,EV_B6_C1,0.0,85.0,,
3,,,,,
3,,,,,
3,,,,,
3,,,,,
3,,,,,
3,,,,,
3,,,,,
3,,,,,
3,,,,,
3,,,,,
2,EV_B6_C1,,,0.0,20.800514160457745
1,EV_B6_C1,11.0,85.0,,
1,EV_B6_C1,10.0,85.0,,
1,EV_B6_C1,9.0,85.0,,
1,EV_B6_C1,8.0,85.0,,
1,EV_B6_C1,7.0,85.0,,
1,EV_B6_C1,6.0,85.0,,
1,EV_B6_C1,5.0,85.0,,
1,EV_B6_C1,4.0,85.0,,
1,EV_B6_C1,3.0,85.0,,
1,EV_B6_C1,2.0,85.0,,
1,EV_B6_C1,1.0,85.0,,
1,EV_B6_C1,0.0,85.0,,
3,,,,,
3,,,,,
3,,,,,
3,,,,,
3,,,,,
3,,,,,
3,,,,,
3,,,,,
3,,,,,
3,,,,,
3,,,,,
2,EV_B6_C1,,,0.0,21.680147043393845
1,EV_B6_C1,12.0,85.0,,
1,EV_B6_C1,11.0,85.0,,
1,EV_B6_C1,10.0,85.0,,
1,EV_B6_C1,9.0,85.0,,
1,EV_B6_C1,8.0,85.0,,
1,EV_B6_C1,7.0,85.0,,
1,EV_B6_C1,6.0,85.0,,
1,EV_B6_C1,5.0,85.0,,
1,EV_B6_C1,4.0,85.0,,
1,EV_B6_C1,3.0,85.0,,
1,EV_B6_C1,2.0,85.0,,
1,EV_B6_C1,1.0,85.0,,
1,EV_B6_C1,0.0,85.0,,
3,,,,,
3,,,,,
3,,,,,
3,,,,,
3,,,,,
3,,,,,
3,,,,,
3,,,,,
3,,,,,
2,EV_B6_C1,,,0.0,21.22020479006876
1,EV_B6_C1,12.0,85.0,,
1,EV_B6_C1,11.0,85.0,,
1,EV_B6_C1,10.0,85.0,,
1,EV_B6_C1,9.0,85.0,,
1,EV_B6_C1,8.0,85.0,,
1,EV_B6_C1,7.0,85.0,,
1,EV_B6_C1,6.0,85.0,,
1,EV_B6_C1,5.0,85.0,,
1,EV_B6_C1,4.0,85.0,,
1,EV_B6_C1,3.0,85.0,,
1,EV_B6_C1,2.0,85.0,,
1,EV_B6_C1,1.0,85.0,,
1,EV_B6_C1,0.0,85.0,,
3,,,,,
3,,,,,
3,,,,,
3,,,,,
3,,,,,
3,,,,,
3,,,,,
3,,,,,
3,,,,,
3,,,,,
3,,,,,
3,,,,,
3,,,,,
3,,,,,
3,,,,,
3,,,,,
3,,,,,
3,,,,,
3,,,,,
3,,,,,
3,,,,,
3,,,,,
3,,,,,
3,,,,,
3,,,,,
3,,,,,
3,,,,,
3,,,,,
3,,,,,
3,,,,,
3,,,,,
3,,,,,
3,,,,,
3,,,,,
3,,,,,
3,,,,,
3,,,,,
3,,,,,
3,,,,,
3,,,,,
3,,,,,
3,,,,,
3,,,,,
3,,,,,
3,,,,,
3,,,,,
3,,,,,
3,,,,,
3,,,,,
3,,,,,
3,,,,,
3,,,,,
3,,,,,
3,,,,,
3,,,,,
3,,,,,
3,,,,,
3,,,,,
3,,,,,
3,,,,,
2,EV_B6_C1,,,0.0,23.24787051807617
1,EV_B6_C1,11.0,85.0,,
1,EV_B6_C1,10.0,85.0,,
1,EV_B6_C1,9.0,85.0,,
1,EV_B6_C1,8.0,85.0,,
1,EV_B6_C1,7.0,85.0,,
1,EV_B6_C1,6.0,85.0,,
1,EV_B6_C1,5.0,85.0,,
1,EV_B6_C1,4.0,85.0,,
1,EV_B6_C1,3.0,85.0,,
1,EV_B6_C1,2.0,85.0,,
1,EV_B6_C1,1.0,85.0,,
1,EV_B6_C1,0.0,85.0,,
3,,,,,
3,,,,,
3,,,,,
3,,,,,
3,,,,,
3,,,,,
3,,,,,
3,,,,,
3,,,,,
3,,,,,
3,,,,,
2,EV_B6_C1,,,0.0,33.354177596196884
1,EV_B6_C1,10.0,85.0,,
1,EV_B6_C1,9.0,85.0,,
1,EV_B6_C1,8.0,85.0,,
1,EV_B6_C1,7.0,85.0,,
1,EV_B6_C1,6.0,85.0,,
1,EV_B6_C1,5.0,85.0,,
1,EV_B6_C1,4.0,85.0,,
1,EV_B6_C1,3.0,85.0,,
1,EV_B6_C1,2.0,85.0,,
1,EV_B6_C1,1.0,85.0,,
1,EV_B6_C1,0.0,85.0,,
3,,,,,
3,,,,,
3,,,,,
3,,,,,
3,,,,,
3,,,,,
3,,,,,
3,,,,,
3,,,,,
3,,,,,
3,,,,,
3,,,,,
2,EV_B6_C1,,,0.0,34.56411236760507
1,EV_B6_C1,10.0,85.0,,
1,EV_B6_C1,9.0,85.0,,
1,EV_B6_C1,8.0,85.0,,
1,EV_B6_C1,7.0,85.0,,
1,EV_B6_C1,6.0,85.0,,
1,EV_B6_C1,5.0,85.0,,
1,EV_B6_C1,4.0,85.0,,
1,EV_B6_C1,3.0,85.0,,
1,EV_B6_C1,2.0,85.0,,
1,EV_B6_C1,1.0,85.0,,
1,EV_B6_C1,0.0,85.0,,
3,,,,,
3,,,,,
3,,,,,
3,,,,,
3,,,,,
3,,,,,
3,,,,,
3,,,,,
3,,,,,
3,,,,,
3,,,,,
3,,,,,
3,,,,,
2,EV_B6_C1,,,0.0,26.635048228306925
1,EV_B6_C1,9.0,85.0,,
1,EV_B6_C1,8.0,85.0,,
1,EV_B6_C1,7.0,85.0,,
1,EV_B6_C1,6.0,85.0,,
1,EV_B6_C1,5.0,85.0,,
1,EV_B6_C1,4.0,85.0,,
1,EV_B6_C1,3.0,85.0,,
1,EV_B6_C1,2.0,85.0,,
1,EV_B6_C1,1.0,85.0,,
1,EV_B6_C1,0.0,85.0,,
3,,,,,
3,,,,,
3,,,,,
3,,,,,
3,,,,,
3,,,,,
3,,,,,
3,,,,,
3,,,,,
3,,,,,
3,,,,,
2,EV_B6_C1,,,0.0,26.037857126476098
1,EV_B6_C1,12.0,85.0,,
1,EV_B6_C1,11.0,85.0,,
1,EV_B6_C1,10.0,85.0,,
1,EV_B6_C1,9.0,85.0,,
1,EV_B6_C1,8.0,85.0,,
1,EV_B6_C1,7.0,85.0,,
1,EV_B6_C1,6.0,85.0,,
1,EV_B6_C1,5.0,85.0,,
1,EV_B6_C1,4.0,85.0,,
1,EV_B6_C1,3.0,85.0,,
1,EV_B6_C1,2.0,85.0,,
1,EV_B6_C1,1.0,85.0,,
1,EV_B6_C1,0.0,85.0,,
3,,,,,
3,,,,,
3,,,,,
3,,,,,
3,,,,,
3,,,,,
3,,,,,
3,,,,,
3,,,,,
3,,,,,
3,,,,,
3,,,,,
3,,,,,
3,,,,,
3,,,,,
3,,,,,
3,,,,,
3,,,,,
3,,,,,
3,,,,,
3,,,,,
3,,,,,
3,,,,,
3,,,,,
3,,,,,
3,,,,,
3,,,,,
3,,,,,
3,,,,,
3,,,,,
3,,,,,
3,,,,,
3,,,,,
3,,,,,
3,,,,,
3,,,,,
3,,,,,
3,,,,,
3,,,,,
3,,,,,
3,,,,,
3,,,,,
3,,,,,
3,,,,,
3,,,,,
3,,,,,
3,,,,,
3,,,,,
3,,,,,
3,,,,,
3,,,,,
3,,,,,
3,,,,,
3,,,,,
3,,,,,
3,,,,,
3,,,,,
3,,,,,
2,EV_B6_C1,,,0.0,26.462059061393074
1,EV_B6_C1,12.0,85.0,,
1,EV_B6_C1,11.0,85.0,,
1,EV_B6_C1,10.0,85.0,,
1,EV_B6_C1,9.0,85.0,,
1,EV_B6_C1,8.0,85.0,,
1,EV_B6_C1,7.0,85.0,,
1,EV_B6_C1,6.0,85.0,,
1,EV_B6_C1,5.0,85.0,,
1,EV_B6_C1,4.0,85.0,,
1,EV_B6_C1,3.0,85.0,,
1,EV_B6_C1,2.0,85.0,,
1,EV_B6_C1,1.0,85.0,,
1,EV_B6_C1,0.0,85.0,,
3,,,,,
3,,,,,
3,,,,,
3,,,,,
3,,,,,
3,,,,,
3,,,,,
3,,,,,
3,,,,,
3,,,,,
3,,,,,
3,,,,,
3,,,,,
2,EV_B6_C1,,,0.0,22.371779227903723
1,EV_B6_C1,9.0,85.0,,
1,EV_B6_C1,8.0,85.0,,
1,EV_B6_C1,7.0,85.0,,
1,EV_B6_C1,6.0,85.0,,
1,EV_B6_C1,5.0,85.0,,
1,EV_B6_C1,4.0,85.0,,
1,EV_B6_C1,3.0,85.0,,
1,EV_B6_C1,2.0,85.0,,
1,EV_B6_C1,1.0,85.0,,
1,EV_B6_C1,0.0,85.0,,
3,,,,,
3,,,,,
3,,,,,
3,,,,,
3,,,,,
3,,,,,
3,,,,,
3,,,,,
3,,,,,
2,EV_B6_C1,,,0.0,27.528225558030922
1,EV_B6_C1,12.0,85.0,,
1,EV_B6_C1,11.0,85.0,,
1,EV_B6_C1,10.0,85.0,,
1,EV_B6_C1,9.0,85.0,,
1,EV_B6_C1,8.0,85.0,,
1,EV_B6_C1,7.0,85.0,,
1,EV_B6_C1,6.0,85.0,,
1,EV_B6_C1,5.0,85.0,,
1,EV_B6_C1,4.0,85.0,,
1,EV_B6_C1,3.0,85.0,,
1,EV_B6_C1,2.0,85.0,,
1,EV_B6_C1,1.0,85.0,,
1,EV_B6_C1,0.0,85.0,,
3,,,,,
3,,,,,
3,,,,,
3,,,,,
3,,,,,
3,,,,,
3,,,,,
3,,,,,
3,,,,,
3,,,,,
3,,,,,
3,,,,,
2,EV_B6_C1,,,0.0,32.86072212745956
1,EV_B6_C1,11.0,85.0,,
1,EV_B6_C1,10.0,85.0,,
1,EV_B6_C1,9.0,85.0,,
1,EV_B6_C1,8.0,85.0,,
1,EV_B6_C1,7.0,85.0,,
1,EV_B6_C1,6.0,85.0,,
1,EV_B6_C1,5.0,85.0,,
1,EV_B6_C1,4.0,85.0,,
1,EV_B6_C1,3.0,85.0,,
1,EV_B6_C1,2.0,85.0,,
1,EV_B6_C1,1.0,85.0,,
1,EV_B6_C1,0.0,85.0,,
3,,,,,
3,,,,,
3,,,,,
3,,,,,
3,,,,,
3,,,,,
3,,,,,
3,,,,,
3,,,,,
3,,,,,
3,,,,,
3,,,,,
2,EV_B6_C1,,,0.0,23.361583201757778
1,EV_B6_C1,10.0,85.0,,
1,EV_B6_C1,9.0,85.0,,
1,EV_B6_C1,8.0,85.0,,
1,EV_B6_C1,7.0,85.0,,
1,EV_B6_C1,6.0,85.0,,
1,EV_B6_C1,5.0,85.0,,
1,EV_B6_C1,4.0,85.0,,
1,EV_B6_C1,3.0,85.0,,
1,EV_B6_C1,2.0,85.0,,
1,EV_B6_C1,1.0,85.0,,
1,EV_B6_C1,0.0,85.0,,
3,,,,,
3,,,,,
3,,,,,
3,,,,,
3,,,,,
3,,,,,
3,,,,,
3,,,,,
3,,,,,
3,,,,,
3,,,,,
3,,,,,
3,,,,,
3,,,,,
3,,,,,
3,,,,,
3,,,,,
3,,,,,
3,,,,,
3,,,,,
3,,,,,
3,,,,,
3,,,,,
3,,,,,
3,,,,,
3,,,,,
3,,,,,
3,,,,,
3,,,,,
3,,,,,
3,,,,,
3,,,,,
3,,,,,
3,,,,,
3,,,,,
3,,,,,
3,,,,,
3,,,,,
3,,,,,
3,,,,,
3,,,,,
3,,,,,
3,,,,,
3,,,,,
3,,,,,
3,,,,,
3,,,,,
3,,,,,
3,,,,,
3,,,,,
3,,,,,
3,,,,,
3,,,,,
3,,,,,
3,,,,,
3,,,,,
3,,,,,
3,,,,,
3,,,,,
2,EV_B6_C1,,,0.0,21.503511044782737
1,EV_B6_C1,10.0,85.0,,
1,EV_B6_C1,9.0,85.0,,
1,EV_B6_C1,8.0,85.0,,
1,EV_B6_C1,7.0,85.0,,
1,EV_B6_C1,6.0,85.0,,
1,EV_B6_C1,5.0,85.0,,
1,EV_B6_C1,4.0,85.0,,
1,EV_B6_C1,3.0,85.0,,
1,EV_B6_C1,2.0,85.0,,
1,EV_B6_C1,1.0,85.0,,
1,EV_B6_C1,0.0,85.0,,
3,,,,,
3,,,,,
3,,,,,
3,,,,,
3,,,,,
3,,,,,
3,,,,,
3,,,,,
3,,,,,
3,,,,,
3,,,,,
3,,,,,
2,EV_B6_C1,,,0.0,25.069011169401566
1,EV_B6_C1,11.0,85.0,,
1,EV_B6_C1,10.0,85.0,,
1,EV_B6_C1,9.0,85.0,,
1,EV_B6_C1,8.0,85.0,,
1,EV_B6_C1,7.0,85.0,,
1,EV_B6_C1,6.0,85.0,,
1,EV_B6_C1,5.0,85.0,,
1,EV_B6_C1,4.0,85.0,,
1,EV_B6_C1,3.0,85.0,,
1,EV_B6_C1,2.0,85.0,,
1,EV_B6_C1,1.0,85.0,,
1,EV_B6_C1,0.0,85.0,,
3,,,,,
3,,,,,
3,,,,,
3,,,,,
3,,,,,
3,,,,,
3,,,,,
3,,,,,
3,,,,,
3,,,,,
3,,,,,
2,EV_B6_C1,,,0.0,24.961810285389713
1,EV_B6_C1,11.0,85.0,,
1,EV_B6_C1,10.0,85.0,,
1,EV_B6_C1,9.0,85.0,,
1,EV_B6_C1,8.0,85.0,,
1,EV_B6_C1,7.0,85.0,,
1,EV_B6_C1,6.0,85.0,,
1,EV_B6_C1,5.0,85.0,,
1,EV_B6_C1,4.0,85.0,,
1,EV_B6_C1,3.0,85.0,,
1,EV_B6_C1,2.0,85.0,,
1,EV_B6_C1,1.0,85.0,,
1,EV_B6_C1,0.0,85.0,,
3,,,,,
3,,,,,
3,,,,,
3,,,,,
3,,,,,
3,,,,,
3,,,,,
3,,,,,
3,,,,,
3,,,,,
3,,,,,
3,,,,,
3,,,,,
3,,,,,
3,,,,,
3,,,,,
3,,,,,
3,,,,,
3,,,,,
3,,,,,
3,,,,,
3,,,,,
3,,,,,
3,,,,,
3,,,,,
3,,,,,
3,,,,,
3,,,,,
3,,,,,
3,,,,,
3,,,,,
3,,,,,
3,,,,,
3,,,,,
2,EV_B6_C1,,,0.0,30.441831800178708
1,EV_B6_C1,12.0,85.0,,
1,EV_B6_C1,11.0,85.0,,
1,EV_B6_C1,10.0,85.0,,
1,EV_B6_C1,9.0,85.0,,
1,EV_B6_C1,8.0,85.0,,
1,EV_B6_C1,7.0,85.0,,
1,EV_B6_C1,6.0,85.0,,
1,EV_B6_C1,5.0,85.0,,
1,EV_B6_C1,4.0,85.0,,
1,EV_B6_C1,3.0,85.0,,
1,EV_B6_C1,2.0,85.0,,
1,EV_B6_C1,1.0,85.0,,
1,EV_B6_C1,0.0,85.0,,
3,,,,,
3,,,,,
3,,,,,
3,,,,,
3,,,,,
3,,,,,
3,,,,,
3,,,,,
3,,,,,
3,,,,,
3,,,,,
3,,,,,
3,,,,,
3,,,,,
3,,,,,
3,,,,,
3,,,,,
3,,,,,
3,,,,,
3,,,,,
3,,,,,
3,,,,,
3,,,,,
3,,,,,
3,,,,,
3,,,,,
3,,,,,
3,,,,,
3,,,,,
3,,,,,
3,,,,,
3,,,,,
3,,,,,
3,,,,,
3,,,,,
3,,,,,
3,,,,,
3,,,,,
3,,,,,
3,,,,,
3,,,,,
3,,,,,
3,,,,,
3,,,,,
3,,,,,
3,,,,,
3,,,,,
3,,,,,
3,,,,,
3,,,,,
3,,,,,
3,,,,,
3,,,,,
3,,,,,
3,,,,,
3,,,,,
3,,,,,
3,,,,,
3,,,,,
2,EV_B6_C1,,,0.0,24.201531257525115
1,EV_B6_C1,11.0,85.0,,
1,EV_B6_C1,10.0,85.0,,
1,EV_B6_C1,9.0,85.0,,
1,EV_B6_C1,8.0,85.0,,
1,EV_B6_C1,7.0,85.0,,
1,EV_B6_C1,6.0,85.0,,
1,EV_B6_C1,5.0,85.0,,
1,EV_B6_C1,4.0,85.0,,
1,EV_B6_C1,3.0,85.0,,
1,EV_B6_C1,2.0,85.0,,
1,EV_B6_C1,1.0,85.0,,
1,EV_B6_C1,0.0,85.0,,
3,,,,,
3,,,,,
3,,,,,
3,,,,,
3,,,,,
3,,,,,
3,,,,,
3,,,,,
3,,,,,
3,,,,,
2,EV_B6_C1,,,0.0,20.643150026385452
1,EV_B6_C1,12.0,85.0,,
1,EV_B6_C1,11.0,85.0,,
1,EV_B6_C1,10.0,85.0,,
1,EV_B6_C1,9.0,85.0,,
1,EV_B6_C1,8.0,85.0,,
1,EV_B6_C1,7.0,85.0,,
1,EV_B6_C1,6.0,85.0,,
1,EV_B6_C1,5.0,85.0,,
1,EV_B6_C1,4.0,85.0,,
1,EV_B6_C1,3.0,85.0,,
1,EV_B6_C1,2.0,85.0,,
1,EV_B6_C1,1.0,85.0,,
1,EV_B6_C1,0.0,85.0,,
3,,,,,
3,,,,,
3,,,,,
3,,,,,
3,,,,,
3,,,,,
3,,,,,
3,,,,,
3,,,,,
3,,,,,
3,,,,,
3,,,,,
3,,,,,
3,,,,,
3,,,,,
3,,,,,
3,,,,,
3,,,,,
3,,,,,
3,,,,,
3,,,,,
3,,,,,
3,,,,,
3,,,,,
3,,,,,
3,,,,,
3,,,,,
3,,,,,
3,,,,,
3,,,,,
3,,,,,
3,,,,,
3,,,,,
3,,,,,
2,EV_B6_C1,,,0.0,21.63118439701215
1,EV_B6_C1,11.0,85.0,,
1,EV_B6_C1,10.0,85.0,,
1,EV_B6_C1,9.0,85.0,,
1,EV_B6_C1,8.0,85.0,,
1,EV_B6_C1,7.0,85.0,,
1,EV_B6_C1,6.0,85.0,,
1,EV_B6_C1,5.0,85.0,,
1,EV_B6_C1,4.0,85.0,,
1,EV_B6_C1,3.0,85.0,,
1,EV_B6_C1,2.0,85.0,,
1,EV_B6_C1,1.0,85.0,,
1,EV_B6_C1,0.0,85.0,,
3,,,,,
3,,,,,
3,,,,,
3,,,,,
3,,,,,
3,,,,,
3,,,,,
3,,,,,
3,,,,,
3,,,,,
3,,,,,
2,EV_B6_C1,,,0.0,20.31554262741533
1,EV_B6_C1,12.0,85.0,,
1,EV_B6_C1,11.0,85.0,,
1,EV_B6_C1,10.0,85.0,,
1,EV_B6_C1,9.0,85.0,,
1,EV_B6_C1,8.0,85.0,,
1,EV_B6_C1,7.0,85.0,,
1,EV_B6_C1,6.0,85.0,,
1,EV_B6_C1,5.0,85.0,,
1,EV_B6_C1,4.0,85.0,,
1,EV_B6_C1,3.0,85.0,,
1,EV_B6_C1,2.0,85.0,,
1,EV_B6_C1,1.0,85.0,,
1,EV_B6_C1,0.0,85.0,,
3,,,,,
3,,,,,
3,,,,,
3,,,,,
3,,,,,
3,,,,,
3,,,,,
3,,,,,
3,,,,,
3,,,,,
3,,,,,
3,,,,,
3,,,,,
3,,,,,
3,,,,,
3,,,,,
3,,,,,
3,,,,,
3,,,,,
3,,,,,
3,,,,,
3,,,,,
3,,,,,
3,,,,,
3,,,,,
3,,,,,
3,,,,,
3,,,,,
3,,,,,
3,,,,,
3,,,,,
3,,,,,
3,,,,,
3,,,,,
3,,,,,
3,,,,,
3,,,,,
3,,,,,
3,,,,,
3,,,,,
3,,,,,
3,,,,,
3,,,,,
3,,,,,
3,,,,,
3,,,,,
3,,,,,
3,,,,,
3,,,,,
3,,,,,
3,,,,,
3,,,,,
3,,,,,
3,,,,,
3,,,,,
3,,,,,
3,,,,,
3,,,,,
3,,,,,
2,EV_B6_C1,,,0.0,28.243970989498035
1,EV_B6_C1,10.0,85.0,,
1,EV_B6_C1,9.0,85.0,,
1,EV_B6_C1,8.0,85.0,,
1,EV_B6_C1,7.0,85.0,,
1,EV_B6_C1,6.0,85.0,,
1,EV_B6_C1,5.0,85.0,,
1,EV_B6_C1,4.0,85.0,,
1,EV_B6_C1,3.0,85.0,,
1,EV_B6_C1,2.0,85.0,,
1,EV_B6_C1,1.0,85.0,,
1,EV_B6_C1,0.0,85.0,,
3,,,,,
3,,,,,
3,,,,,
3,,,,,
3,,,,,
3,,,,,
3,,,,,
3,,,,,
3,,,,,
3,,,,,
3,,,,,
3,,,,,
2,EV_B6_C1,,,0.0,34.75580319327351
1,EV_B6_C1,10.0,85.0,,
1,EV_B6_C1,9.0,85.0,,
1,EV_B6_C1,8.0,85.0,,
1,EV_B6_C1,7.0,85.0,,
1,EV_B6_C1,6.0,85.0,,
1,EV_B6_C1,5.0,85.0,,
1,EV_B6_C1,4.0,85.0,,
1,EV_B6_C1,3.0,85.0,,
1,EV_B6_C1,2.0,85.0,,
1,EV_B6_C1,1.0,85.0,,
1,EV_B6_C1,0.0,85.0,,
3,,,,,
3,,,,,
3,,,,,
3,,,,,
3,,,,,
3,,,,,
3,,,,,
3,,,,,
3,,,,,
3,,,,,
3,,,,,
3,,,,,
2,EV_B6_C1,,,0.0,21.76904138331544
1,EV_B6_C1,11.0,85.0,,
1,EV_B6_C1,10.0,85.0,,
1,EV_B6_C1,9.0,85.0,,
1,EV_B6_C1,8.0,85.0,,
1,EV_B6_C1,7.0,85.0,,
1,EV_B6_C1,6.0,85.0,,
1,EV_B6_C1,5.0,85.0,,
1,EV_B6_C1,4.0,85.0,,
1,EV_B6_C1,3.0,85.0,,
1,EV_B6_C1,2.0,85.0,,
1,EV_B6_C1,1.0,85.0,,
1,EV_B6_C1,0.0,85.0,,
3,,,,,
3,,,,,
3,,,,,
3,,,,,
3,,,,,
3,,,,,
3,,,,,
3,,,,,
3,,,,,
3,,,,,
3,,,,,
2,EV_B6_C1,,,0.0,22.8706205431901
1,EV_B6_C1,9.0,85.0,,
1,EV_B6_C1,8.0,85.0,,
1,EV_B6_C1,7.0,85.0,,
1,EV_B6_C1,6.0,85.0,,
1,EV_B6_C1,5.0,85.0,,
1,EV_B6_C1,4.0,85.0,,
1,EV_B6_C1,3.0,85.0,,
1,EV_B6_C1,2.0,85.0,,
1,EV_B6_C1,1.0,85.0,,
1,EV_B6_C1,0.0,85.0,,
3,,,,,
3,,,,,
3,,,,,
3,,,,,
3,,,,,
3,,,,,
3,,,,,
3,,,,,
3,,,,,
3,,,,,
3,,,,,
2,EV_B6_C1,,,0.0,21.546006538555872
1,EV_B6_C1,12.0,85.0,,
1,EV_B6_C1,11.0,85.0,,
1,EV_B6_C1,10.0,85.0,,
1,EV_B6_C1,9.0,85.0,,
1,EV_B6_C1,8.0,85.0,,
1,EV_B6_C1,7.0,85.0,,
1,EV_B6_C1,6.0,85.0,,
1,EV_B6_C1,5.0,85.0,,
1,EV_B6_C1,4.0,85.0,,
1,EV_B6_C1,3.0,85.0,,
1,EV_B6_C1,2.0,85.0,,
1,EV_B6_C1,1.0,85.0,,
1,EV_B6_C1,0.0,85.0,,
3,,,,,
3,,,,,
3,,,,,
3,,,,,
3,,,,,
3,,,,,
3,,,,,
3,,,,,
3,,,,,
3,,,,,
3,,,,,
3,,,,,
3,,,,,
3,,,,,
3,,,,,
3,,,,,
3,,,,,
3,,,,,
3,,,,,
3,,,,,
3,,,,,
3,,,,,
3,,,,,
3,,,,,
3,,,,,
3,,,,,
3,,,,,
3,,,,,
3,,,,,
3,,,,,
3,,,,,
3,,,,,
3,,,,,
3,,,,,
3,,,,,
3,,,,,
3,,,,,
3,,,,,
3,,,,,
3,,,,,
3,,,,,
3,,,,,
3,,,,,
3,,,,,
3,,,,,
3,,,,,
3,,,,,
3,,,,,
3,,,,,
3,,,,,
3,,,,,
3,,,,,
3,,,,,
3,,,,,
3,,,,,
3,,,,,
3,,,,,
3,,,,,
3,,,,,
3,,,,,
2,EV_B6_C1,,,0.0,22.711371109208162
1,EV_B6_C1,10.0,85.0,,
1,EV_B6_C1,9.0,85.0,,
1,EV_B6_C1,8.0,85.0,,
1,EV_B6_C1,7.0,85.0,,
1,EV_B6_C1,6.0,85.0,,
1,EV_B6_C1,5.0,85.0,,
1,EV_B6_C1,4.0,85.0,,
1,EV_B6_C1,3.0,85.0,,
1,EV_B6_C1,2.0,85.0,,
1,EV_B6_C1,1.0,85.0,,
1,EV_B6_C1,0.0,85.0,,
3,,,,,
3,,,,,
3,,,,,
3,,,,,
3,,,,,
3,,,,,
3,,,,,
3,,,,,
3,,,,,
3,,,,,
3,,,,,
2,EV_B6_C1,,,0.0,26.603453624566036
1,EV_B6_C1,12.0,85.0,,
1,EV_B6_C1,11.0,85.0,,
1,EV_B6_C1,10.0,85.0,,
1,EV_B6_C1,9.0,85.0,,
1,EV_B6_C1,8.0,85.0,,
1,EV_B6_C1,7.0,85.0,,
1,EV_B6_C1,6.0,85.0,,
1,EV_B6_C1,5.0,85.0,,
1,EV_B6_C1,4.0,85.0,,
1,EV_B6_C1,3.0,85.0,,
1,EV_B6_C1,2.0,85.0,,
1,EV_B6_C1,1.0,85.0,,
1,EV_B6_C1,0.0,85.0,,
3,,,,,
3,,,,,
3,,,,,
3,,,,,
3,,,,,
3,,,,,
3,,,,,
3,,,,,
3,,,,,
3,,,,,
3,,,,,
3,,,,,
3,,,,,
2,EV_B6_C1,,,0.0,26.05998734311833
1,EV_B6_C1,8.0,85.0,,
1,EV_B6_C1,7.0,85.0,,
1,EV_B6_C1,6.0,85.0,,
1,EV_B6_C1,5.0,85.0,,
1,EV_B6_C1,4.0,85.0,,
1,EV_B6_C1,3.0,85.0,,
1,EV_B6_C1,2.0,85.0,,
1,EV_B6_C1,1.0,85.0,,
1,EV_B6_C1,0.0,85.0,,
3,,,,,
3,,,,,
3,,,,,
3,,,,,
3,,,,,
3,,,,,
3,,,,,
3,,,,,
3,,,,,
3,,,,,
3,,,,,
2,EV_B6_C1,,,0.0,21.508834805735184
1,EV_B6_C1,11.0,85.0,,
1,EV_B6_C1,10.0,85.0,,
1,EV_B6_C1,9.0,85.0,,
1,EV_B6_C1,8.0,85.0,,
1,EV_B6_C1,7.0,85.0,,
1,EV_B6_C1,6.0,85.0,,
1,EV_B6_C1,5.0,85.0,,
1,EV_B6_C1,4.0,85.0,,
1,EV_B6_C1,3.0,85.0,,
1,EV_B6_C1,2.0,85.0,,
1,EV_B6_C1,1.0,85.0,,
1,EV_B6_C1,0.0,85.0,,
3,,,,,
3,,,,,
3,,,,,
3,,,,,
3,,,,,
3,,,,,
3,,,,,
3,,,,,
3,,,,,
3,,,,,
3,,,,,
3,,,,,
3,,,,,
3,,,,,
3,,,,,
3,,,,,
3,,,,,
3,,,,,
3,,,,,
3,,,,,
3,,,,,
3,,,,,
3,,,,,
3,,,,,
3,,,,,
3,,,,,
3,,,,,
3,,,,,
3,,,,,
3,,,,,
3,,,,,
3,,,,,
3,,,,,
3,,,,,
3,,,,,
3,,,,,
3,,,,,
3,,,,,
3,,,,,
3,,,,,
3,,,,,
3,,,,,
3,,,,,
3,,,,,
3,,,,,
3,,,,,
3,,,,,
3,,,,,
3,,,,,
3,,,,,
3,,,,,
3,,,,,
3,,,,,
3,,,,,
3,,,,,
3,,,,,
3,,,,,
3,,,,,
3,,,,,
3,,,,,
3,,,,,
3,,,,,
3,,,,,
3,,,,,
3,,,,,
3,,,,,
3,,,,,
3,,,,,
3,,,,,
3,,,,,
3,,,,,
3,,,,,
3,,,,,
3,,,,,
3,,,,,
3,,,,,
3,,,,,
3,,,,,
3,,,,,
3,,,,,
3,,,,,
3,,,,,
3,,,,,
2,EV_B6_C1,,,0.0,21.45618540532356
1,EV_B6_C1,12.0,85.0,,
1,EV_B6_C1,11.0,85.0,,
1,EV_B6_C1,10.0,85.0,,
1,EV_B6_C1,9.0,85.0,,
1,EV_B6_C1,8.0,85.0,,
1,EV_B6_C1,7.0,85.0,,
1,EV_B6_C1,6.0,85.0,,
1,EV_B6_C1,5.0,85.0,,
1,EV_B6_C1,4.0,85.0,,
1,EV_B6_C1,3.0,85.0,,
1,EV_B6_C1,2.0,85.0,,
1,EV_B6_C1,1.0,85.0,,
1,EV_B6_C1,0.0,85.0,,
3,,,,,
3,,,,,
3,,,,,
3,,,,,
3,,,,,
3,,,,,
3,,,,,
3,,,,,
3,,,,,
3,,,,,
3,,,,,
2,EV_B6_C1,,,0.0,24.646978202455884
1,EV_B6_C1,10.0,85.0,,
1,EV_B6_C1,9.0,85.0,,
1,EV_B6_C1,8.0,85.0,,
1,EV_B6_C1,7.0,85.0,,
1,EV_B6_C1,6.0,85.0,,
1,EV_B6_C1,5.0,85.0,,
1,EV_B6_C1,4.0,85.0,,
1,EV_B6_C1,3.0,85.0,,
1,EV_B6_C1,2.0,85.0,,
1,EV_B6_C1,1.0,85.0,,
1,EV_B6_C1,0.0,85.0,,
3,,,,,
3,,,,,
3,,,,,
3,,,,,
3,,,,,
3,,,,,
3,,,,,
3,,,,,
3,,,,,
3,,,,,
3,,,,,
2,EV_B6_C1,,,0.0,24.317440348560876
1,EV_B6_C1,11.0,85.0,,
1,EV_B6_C1,10.0,85.0,,
1,EV_B6_C1,9.0,85.0,,
1,EV_B6_C1,8.0,85.0,,
1,EV_B6_C1,7.0,85.0,,
1,EV_B6_C1,6.0,85.0,,
1,EV_B6_C1,5.0,85.0,,
1,EV_B6_C1,4.0,85.0,,
1,EV_B6_C1,3.0,85.0,,
1,EV_B6_C1,2.0,85.0,,
1,EV_B6_C1,1.0,85.0,,
1,EV_B6_C1,0.0,85.0,,
3,,,,,
3,,,,,
3,,,,,
3,,,,,
3,,,,,
3,,,,,
3,,,,,
3,,,,,
3,,,,,
3,,,,,
3,,,,,
3,,,,,
2,EV_B6_C1,,,0.0,20.351770548127345
1,EV_B6_C1,10.0,85.0,,
1,EV_B6_C1,9.0,85.0,,
1,EV_B6_C1,8.0,85.0,,
1,EV_B6_C1,7.0,85.0,,
1,EV_B6_C1,6.0,85.0,,
1,EV_B6_C1,5.0,85.0,,
1,EV_B6_C1,4.0,85.0,,
1,EV_B6_C1,3.0,85.0,,
1,EV_B6_C1,2.0,85.0,,
1,EV_B6_C1,1.0,85.0,,
1,EV_B6_C1,0.0,85.0,,
3,,,,,
3,,,,,
3,,,,,
3,,,,,
3,,,,,
3,,,,,
3,,,,,
3,,,,,
3,,,,,
3,,,,,
2,EV_B6_C1,,,0.0,29.34817797520777
1,EV_B6_C1,11.0,85.0,,
1,EV_B6_C1,10.0,85.0,,
1,EV_B6_C1,9.0,85.0,,
1,EV_B6_C1,8.0,85.0,,
1,EV_B6_C1,7.0,85.0,,
1,EV_B6_C1,6.0,85.0,,
1,EV_B6_C1,5.0,85.0,,
1,EV_B6_C1,4.0,85.0,,
1,EV_B6_C1,3.0,85.0,,
1,EV_B6_C1,2.0,85.0,,
1,EV_B6_C1,1.0,85.0,,
1,EV_B6_C1,0.0,85.0,,
3,,,,,
3,,,,,
3,,,,,
3,,,,,
3,,,,,
3,,,,,
3,,,,,
3,,,,,
3,,,,,
3,,,,,
3,,,,,
3,,,,,
3,,,,,
3,,,,,
3,,,,,
3,,,,,
3,,,,,
3,,,,,
3,,,,,
3,,,,,
3,,,,,
3,,,,,
3,,,,,
3,,,,,
3,,,,,
3,,,,,
3,,,,,
3,,,,,
3,,,,,
3,,,,,
3,,,,,
3,,,,,
3,,,,,
3,,,,,
3,,,,,
3,,,,,
3,,,,,
3,,,,,
3,,,,,
3,,,,,
3,,,,,
3,,,,,
3,,,,,
3,,,,,
3,,,,,
3,,,,,
3,,,,,
3,,,,,
3,,,,,
3,,,,,
3,,,,,
3,,,,,
3,,,,,
3,,,,,
3,,,,,
3,,,,,
3,,,,,
3,,,,,
3,,,,,
3,,,,,
3,,,,,
3,,,,,
2,EV_B6_C1,,,0.0,23.01106262628199
1,EV_B6_C1,9.0,85.0,,
1,EV_B6_C1,8.0,85.0,,
1,EV_B6_C1,7.0,85.0,,
1,EV_B6_C1,6.0,85.0,,
1,EV_B6_C1,5.0,85.0,,
1,EV_B6_C1,4.0,85.0,,
1,EV_B6_C1,3.0,85.0,,
1,EV_B6_C1,2.0,85.0,,
1,EV_B6_C1,1.0,85.0,,
1,EV_B6_C1,0.0,85.0,,
3,,,,,
3,,,,,
3,,,,,
3,,,,,
3,,,,,
3,,,,,
3,,,,,
3,,,,,
3,,,,,
3,,,,,
3,,,,,
2,EV_B6_C1,,,0.0,31.36658236414697
1,EV_B6_C1,11.0,85.0,,
1,EV_B6_C1,10.0,85.0,,
1,EV_B6_C1,9.0,85.0,,
1,EV_B6_C1,8.0,85.0,,
1,EV_B6_C1,7.0,85.0,,
1,EV_B6_C1,6.0,85.0,,
1,EV_B6_C1,5.0,85.0,,
1,EV_B6_C1,4.0,85.0,,
1,EV_B6_C1,3.0,85.0,,
1,EV_B6_C1,2.0,85.0,,
1,EV_B6_C1,1.0,85.0,,
1,EV_B6_C1,0.0,85.0,,
3,,,,,
3,,,,,
3,,,,,
3,,,,,
3,,,,,
3,,,,,
3,,,,,
3,,,,,
3,,,,,
3,,,,,
2,EV_B6_C1,,,0.0,34.89475245167992
1,EV_B6_C1,13.0,85.0,,
1,EV_B6_C1,12.0,85.0,,
1,EV_B6_C1,11.0,85.0,,
1,EV_B6_C1,10.0,85.0,,
1,EV_B6_C1,9.0,85.0,,
1,EV_B6_C1,8.0,85.0,,
1,EV_B6_C1,7.0,85.0,,
1,EV_B6_C1,6.0,85.0,,
1,EV_B6_C1,5.0,85.0,,
1,EV_B6_C1,4.0,85.0,,
1,EV_B6_C1,3.0,85.0,,
1,EV_B6_C1,2.0,85.0,,
1,EV_B6_C1,1.0,85.0,,
1,EV_B6_C1,0.0,85.0,,
3,,,,,
3,,,,,
3,,,,,
3,,,,,
3,,,,,
3,,,,,
3,,,,,
3,,,,,
3,,,,,
3,,,,,
3,,,,,
2,EV_B6_C1,,,0.0,32.499718790637914
1,EV_B6_C1,10.0,85.0,,
1,EV_B6_C1,9.0,85.0,,
1,EV_B6_C1,8.0,85.0,,
1,EV_B6_C1,7.0,85.0,,
1,EV_B6_C1,6.0,85.0,,
1,EV_B6_C1,5.0,85.0,,
1,EV_B6_C1,4.0,85.0,,
1,EV_B6_C1,3.0,85.0,,
1,EV_B6_C1,2.0,85.0,,
1,EV_B6_C1,1.0,85.0,,
1,EV_B6_C1,0.0,85.0,,
3,,,,,
3,,,,,
3,,,,,
3,,,,,
3,,,,,
3,,,,,
3,,,,,
3,,,,,
3,,,,,
3,,,,,
3,,,,,
3,,,,,
2,EV_B6_C1,,,0.0,23.048444783285795
1,EV_B6_C1,11.0,85.0,,
1,EV_B6_C1,10.0,85.0,,
1,EV_B6_C1,9.0,85.0,,
1,EV_B6_C1,8.0,85.0,,
1,EV_B6_C1,7.0,85.0,,
1,EV_B6_C1,6.0,85.0,,
1,EV_B6_C1,5.0,85.0,,
1,EV_B6_C1,4.0,85.0,,
1,EV_B6_C1,3.0,85.0,,
1,EV_B6_C1,2.0,85.0,,
1,EV_B6_C1,1.0,85.0,,
1,EV_B6_C1,0.0,85.0,,
3,,,,,
3,,,,,
3,,,,,
3,,,,,
3,,,,,
3,,,,,
3,,,,,
3,,,,,
3,,,,,
3,,,,,
3,,,,,
3,,,,,
3,,,,,
3,,,,,
3,,,,,
3,,,,,
3,,,,,
3,,,,,
3,,,,,
3,,,,,
3,,,,,
3,,,,,
3,,,,,
3,,,,,
3,,,,,
3,,,,,
3,,,,,
3,,,,,
3,,,,,
3,,,,,
3,,,,,
3,,,,,
3,,,,,
3,,,,,
3,,,,,
3,,,,,
3,,,,,
3,,,,,
3,,,,,
3,,,,,
3,,,,,
3,,,,,
3,,,,,
3,,,,,
3,,,,,
3,,,,,
3,,,,,
3,,,,,
3,,,,,
3,,,,,
3,,,,,
3,,,,,
3,,,,,
3,,,,,
3,,,,,
3,,,,,
3,,,,,
3,,,,,
2,EV_B6_C1,,,0.0,29.27702361968665
1,EV_B6_C1,12.0,85.0,,
1,EV_B6_C1,11.0,85.0,,
1,EV_B6_C1,10.0,85.0,,
1,EV_B6_C1,9.0,85.0,,
1,EV_B6_C1,8.0,85.0,,
1,EV_B6_C1,7.0,85.0,,
1,EV_B6_C1,6.0,85.0,,
1,EV_B6_C1,5.0,85.0,,
1,EV_B6_C1,4.0,85.0,,
1,EV_B6_C1,3.0,85.0,,
1,EV_B6_C1,2.0,85.0,,
1,EV_B6_C1,1.0,85.0,,
1,EV_B6_C1,0.0,85.0,,
3,,,,,
3,,,,,
3,,,,,
3,,,,,
3,,,,,
3,,,,,
3,,,,,
3,,,,,
3,,,,,
2,EV_B6_C1,,,0.0,25.297310023224828
1,EV_B6_C1,13.0,85.0,,
1,EV_B6_C1,12.0,85.0,,
1,EV_B6_C1,11.0,85.0,,
1,EV_B6_C1,10.0,85.0,,
1,EV_B6_C1,9.0,85.0,,
1,EV_B6_C1,8.0,85.0,,
1,EV_B6_C1,7.0,85.0,,
1,EV_B6_C1,6.0,85.0,,
1,EV_B6_C1,5.0,85.0,,
1,EV_B6_C1,4.0,85.0,,
1,EV_B6_C1,3.0,85.0,,
1,EV_B6_C1,2.0,85.0,,
1,EV_B6_C1,1.0,85.0,,
1,EV_B6_C1,0.0,85.0,,
3,,,,,
3,,,,,
3,,,,,
3,,,,,
3,,,,,
3,,,,,
3,,,,,
3,,,,,
3,,,,,
3,,,,,
3,,,,,
3,,,,,
3,,,,,
3,,,,,
3,,,,,
3,,,,,
3,,,,,
3,,,,,
3,,,,,
3,,,,,
3,,,,,
3,,,,,
3,,,,,
3,,,,,
3,,,,,
3,,,,,
3,,,,,
3,,,,,
3,,,,,
3,,,,,
3,,,,,
3,,,,,
3,,,,,
2,EV_B6_C1,,,0.0,25.92118679809441
1,EV_B6_C1,14.0,85.0,,
1,EV_B6_C1,13.0,85.0,,
1,EV_B6_C1,12.0,85.0,,
1,EV_B6_C1,11.0,85.0,,
1,EV_B6_C1,10.0,85.0,,
1,EV_B6_C1,9.0,85.0,,
1,EV_B6_C1,8.0,85.0,,
1,EV_B6_C1,7.0,85.0,,
1,EV_B6_C1,6.0,85.0,,
1,EV_B6_C1,5.0,85.0,,
1,EV_B6_C1,4.0,85.0,,
1,EV_B6_C1,3.0,85.0,,
1,EV_B6_C1,2.0,85.0,,
1,EV_B6_C1,1.0,85.0,,
1,EV_B6_C1,0.0,85.0,,
3,,,,,
3,,,,,
3,,,,,
3,,,,,
3,,,,,
3,,,,,
3,,,,,
3,,,,,
3,,,,,
3,,,,,
3,,,,,
3,,,,,
3,,,,,
3,,,,,
3,,,,,
3,,,,,
3,,,,,
3,,,,,
3,,,,,
3,,,,,
3,,,,,
3,,,,,
3,,,,,
3,,,,,
3,,,,,
3,,,,,
3,,,,,
3,,,,,
3,,,,,
3,,,,,
3,,,,,
3,,,,,
3,,,,,
3,,,,,
3,,,,,
3,,,,,
3,,,,,
3,,,,,
3,,,,,
3,,,,,
3,,,,,
3,,,,,
3,,,,,
3,,,,,
3,,,,,
3,,,,,
3,,,,,
3,,,,,
3,,,,,
3,,,,,
3,,,,,
3,,,,,
3,,,,,
3,,,,,
3,,,,,
3,,,,,
3,,,,,
3,,,,,
3,,,,,
3,,,,,
3,,,,,
3,,,,,
3,,,,,
3,,,,,
3,,,,,
3,,,,,
3,,,,,
3,,,,,
3,,,,,
3,,,,,
3,,,,,
3,,,,,
3,,,,,
3,,,,,
3,,,,,
3,,,,,
3,,,,,
3,,,,,
3,,,,,
3,,,,,
3,,,,,
2,EV_B6_C1,,,0.0,22.816627864654713
1,EV_B6_C1,11.0,85.0,,
1,EV_B6_C1,10.0,85.0,,
1,EV_B6_C1,9.0,85.0,,
1,EV_B6_C1,8.0,85.0,,
1,EV_B6_C1,7.0,85.0,,
1,EV_B6_C1,6.0,85.0,,
1,EV_B6_C1,5.0,85.0,,
1,EV_B6_C1,4.0,85.0,,
1,EV_B6_C1,3.0,85.0,,
1,EV_B6_C1,2.0,85.0,,
1,EV_B6_C1,1.0,85.0,,
1,EV_B6_C1,0.0,85.0,,
3,,,,,
3,,,,,
3,,,,,
3,,,,,
3,,,,,
3,,,,,
3,,,,,
3,,,,,
3,,,,,
3,,,,,
3,,,,,
3,,,,,
2,EV_B6_C1,,,0.0,29.950056949157144
1,EV_B6_C1,10.0,85.0,,
1,EV_B6_C1,9.0,85.0,,
1,EV_B6_C1,8.0,85.0,,
1,EV_B6_C1,7.0,85.0,,
1,EV_B6_C1,6.0,85.0,,
1,EV_B6_C1,5.0,85.0,,
1,EV_B6_C1,4.0,85.0,,
1,EV_B6_C1,3.0,85.0,,
1,EV_B6_C1,2.0,85.0,,
1,EV_B6_C1,1.0,85.0,,
1,EV_B6_C1,0.0,85.0,,
3,,,,,
3,,,,,
3,,,,,
3,,,,,
3,,,,,
3,,,,,
3,,,,,
3,,,,,
3,,,,,
3,,,,,
3,,,,,
2,EV_B6_C1,,,0.0,22.62860709544045
1,EV_B6_C1,11.0,85.0,,
1,EV_B6_C1,10.0,85.0,,
1,EV_B6_C1,9.0,85.0,,
1,EV_B6_C1,8.0,85.0,,
1,EV_B6_C1,7.0,85.0,,
1,EV_B6_C1,6.0,85.0,,
1,EV_B6_C1,5.0,85.0,,
1,EV_B6_C1,4.0,85.0,,
1,EV_B6_C1,3.0,85.0,,
1,EV_B6_C1,2.0,85.0,,
1,EV_B6_C1,1.0,85.0,,
1,EV_B6_C1,0.0,85.0,,
3,,,,,
3,,,,,
3,,,,,
3,,,,,
3,,,,,
3,,,,,
3,,,,,
3,,,,,
3,,,,,
3,,,,,
2,EV_B6_C1,,,0.0,26.058863221820022
1,EV_B6_C1,13.0,85.0,,
1,EV_B6_C1,12.0,85.0,,
1,EV_B6_C1,11.0,85.0,,
1,EV_B6_C1,10.0,85.0,,
1,EV_B6_C1,9.0,85.0,,
1,EV_B6_C1,8.0,85.0,,
1,EV_B6_C1,7.0,85.0,,
1,EV_B6_C1,6.0,85.0,,
1,EV_B6_C1,5.0,85.0,,
1,EV_B6_C1,4.0,85.0,,
1,EV_B6_C1,3.0,85.0,,
1,EV_B6_C1,2.0,85.0,,
1,EV_B6_C1,1.0,85.0,,
1,EV_B6_C1,0.0,85.0,,
3,,,,,
3,,,,,
3,,,,,
3,,,,,
3,,,,,
3,,,,,
3,,,,,
3,,,,,
3,,,,,
3,,,,,
2,EV_B6_C1,,,0.0,32.82039271266627
1,EV_B6_C1,12.0,85.0,,
1,EV_B6_C1,11.0,85.0,,
1,EV_B6_C1,10.0,85.0,,
1,EV_B6_C1,9.0,85.0,,
1,EV_B6_C1,8.0,85.0,,
1,EV_B6_C1,7.0,85.0,,
1,EV_B6_C1,6.0,85.0,,
1,EV_B6_C1,5.0,85.0,,
1,EV_B6_C1,4.0,85.0,,
1,EV_B6_C1,3.0,85.0,,
1,EV_B6_C1,2.0,85.0,,
1,EV_B6_C1,1.0,85.0,,
1,EV_B6_C1,0.0,85.0,,
3,,,,,
3,,,,,
3,,,,,
3,,,,,
3,,,,,
3,,,,,
3,,,,,
3,,,,,
3,,,,,
3,,,,,
3,,,,,
3,,,,,
3,,,,,
3,,,,,
3,,,,,
3,,,,,
3,,,,,
3,,,,,
3,,,,,
3,,,,,
3,,,,,
3,,,,,
3,,,,,
3,,,,,
3,,,,,
3,,,,,
3,,,,,
3,,,,,
3,,,,,
3,,,,,
3,,,,,
3,,,,,
3,,,,,
3,,,,,
3,,,,,
3,,,,,
3,,,,,
3,,,,,
3,,,,,
3,,,,,
3,,,,,
3,,,,,
3,,,,,
3,,,,,
3,,,,,
3,,,,,
3,,,,,
3,,,,,
3,,,,,
3,,,,,
3,,,,,
3,,,,,
3,,,,,
3,,,,,
3,,,,,
3,,,,,
3,,,,,
3,,,,,
2,EV_B6_C1,,,0.0,29.76762010271239
1,EV_B6_C1,12.0,85.0,,
1,EV_B6_C1,11.0,85.0,,
1,EV_B6_C1,10.0,85.0,,
1,EV_B6_C1,9.0,85.0,,
1,EV_B6_C1,8.0,85.0,,
1,EV_B6_C1,7.0,85.0,,
1,EV_B6_C1,6.0,85.0,,
1,EV_B6_C1,5.0,85.0,,
1,EV_B6_C1,4.0,85.0,,
1,EV_B6_C1,3.0,85.0,,
1,EV_B6_C1,2.0,85.0,,
1,EV_B6_C1,1.0,85.0,,
1,EV_B6_C1,0.0,85.0,,
3,,,,,
3,,,,,
3,,,,,
3,,,,,
3,,,,,
3,,,,,
3,,,,,
3,,,,,
3,,,,,
3,,,,,
3,,,,,
2,EV_B6_C1,,,0.0,34.58119386262145
1,EV_B6_C1,10.0,85.0,,
1,EV_B6_C1,9.0,85.0,,
1,EV_B6_C1,8.0,85.0,,
1,EV_B6_C1,7.0,85.0,,
1,EV_B6_C1,6.0,85.0,,
1,EV_B6_C1,5.0,85.0,,
1,EV_B6_C1,4.0,85.0,,
1,EV_B6_C1,3.0,85.0,,
1,EV_B6_C1,2.0,85.0,,
1,EV_B6_C1,1.0,85.0,,
1,EV_B6_C1,0.0,85.0,,
3,,,,,
3,,,,,
3,,,,,
3,,,,,
3,,,,,
3,,,,,
3,,,,,
3,,,,,
3,,,,,
3,,,,,
3,,,,,
3,,,,,
3,,,,,
3,,,,,
2,EV_B6_C1,,,0.0,20.141365343845145
1,EV_B6_C1,8.0,85.0,,
1,EV_B6_C1,7.0,85.0,,
1,EV_B6_C1,6.0,85.0,,
1,EV_B6_C1,5.0,85.0,,
1,EV_B6_C1,4.0,85.0,,
1,EV_B6_C1,3.0,85.0,,
1,EV_B6_C1,2.0,85.0,,
1,EV_B6_C1,1.0,85.0,,
1,EV_B6_C1,0.0,85.0,,
3,,,,,
3,,,,,
3,,,,,
3,,,,,
3,,,,,
3,,,,,
3,,,,,
3,,,,,
3,,,,,
3,,,,,
3,,,,,
3,,,,,
3,,,,,
3,,,,,
3,,,,,
3,,,,,
3,,,,,
3,,,,,
3,,,,,
3,,,,,
3,,,,,
3,,,,,
3,,,,,
3,,,,,
3,,,,,
3,,,,,
3,,,,,
3,,,,,
3,,,,,
3,,,,,
3,,,,,
3,,,,,
3,,,,,
3,,,,,
3,,,,,
3,,,,,
2,EV_B6_C1,,,0.0,20.85749831340734
1,EV_B6_C1,11.0,85.0,,
1,EV_B6_C1,10.0,85.0,,
1,EV_B6_C1,9.0,85.0,,
1,EV_B6_C1,8.0,85.0,,
1,EV_B6_C1,7.0,85.0,,
1,EV_B6_C1,6.0,85.0,,
1,EV_B6_C1,5.0,85.0,,
1,EV_B6_C1,4.0,85.0,,
1,EV_B6_C1,3.0,85.0,,
1,EV_B6_C1,2.0,85.0,,
1,EV_B6_C1,1.0,85.0,,
1,EV_B6_C1,0.0,85.0,,
3,,,,,
3,,,,,
3,,,,,
3,,,,,
3,,,,,
3,,,,,
3,,,,,
3,,,,,
3,,,,,
3,,,,,
3,,,,,
3,,,,,
3,,,,,
3,,,,,
3,,,,,
3,,,,,
3,,,,,
3,,,,,
3,,,,,
3,,,,,
3,,,,,
3,,,,,
3,,,,,
3,,,,,
3,,,,,
3,,,,,
3,,,,,
3,,,,,
3,,,,,
3,,,,,
3,,,,,
3,,,,,
3,,,,,
3,,,,,
3,,,,,
3,,,,,
3,,,,,
3,,,,,
3,,,,,
3,,,,,
3,,,,,
3,,,,,
3,,,,,
3,,,,,
3,,,,,
3,,,,,
3,,,,,
3,,,,,
3,,,,,
3,,,,,
3,,,,,
3,,,,,
3,,,,,
3,,,,,
3,,,,,
3,,,,,
3,,,,,
3,,,,,
2,EV_B6_C1,,,0.0,23.284811529627323
1,EV_B6_C1,12.0,85.0,,
1,EV_B6_C1,11.0,85.0,,
1,EV_B6_C1,10.0,85.0,,
1,EV_B6_C1,9.0,85.0,,
1,EV_B6_C1,8.0,85.0,,
1,EV_B6_C1,7.0,85.0,,
1,EV_B6_C1,6.0,85.0,,
1,EV_B6_C1,5.0,85.0,,
1,EV_B6_C1,4.0,85.0,,
1,EV_B6_C1,3.0,85.0,,
1,EV_B6_C1,2.0,85.0,,
1,EV_B6_C1,1.0,85.0,,
1,EV_B6_C1,0.0,85.0,,
3,,,,,
3,,,,,
3,,,,,
3,,,,,
3,,,,,
3,,,,,
3,,,,,
3,,,,,
3,,,,,
3,,,,,
3,,,,,
2,EV_B6_C1,,,0.0,27.627682670604386
1,EV_B6_C1,10.0,85.0,,
1,EV_B6_C1,9.0,85.0,,
1,EV_B6_C1,8.0,85.0,,
1,EV_B6_C1,7.0,85.0,,
1,EV_B6_C1,6.0,85.0,,
1,EV_B6_C1,5.0,85.0,,
1,EV_B6_C1,4.0,85.0,,
1,EV_B6_C1,3.0,85.0,,
1,EV_B6_C1,2.0,85.0,,
1,EV_B6_C1,1.0,85.0,,
1,EV_B6_C1,0.0,85.0,,
3,,,,,
3,,,,,
3,,,,,
3,,,,,
3,,,,,
3,,,,,
3,,,,,
3,,,,,
3,,,,,
3,,,,,
3,,,,,
3,,,,,
3,,,,,
2,EV_B6_C1,,,0.0,29.327632660806845
1,EV_B6_C1,9.0,85.0,,
1,EV_B6_C1,8.0,85.0,,
1,EV_B6_C1,7.0,85.0,,
1,EV_B6_C1,6.0,85.0,,
1,EV_B6_C1,5.0,85.0,,
1,EV_B6_C1,4.0,85.0,,
1,EV_B6_C1,3.0,85.0,,
1,EV_B6_C1,2.0,85.0,,
1,EV_B6_C1,1.0,85.0,,
1,EV_B6_C1,0.0,85.0,,
3,,,,,
3,,,,,
3,,,,,
3,,,,,
3,,,,,
3,,,,,
3,,,,,
3,,,,,
3,,,,,
3,,,,,
3,,,,,
3,,,,,
2,EV_B6_C1,,,0.0,32.8759642642094
1,EV_B6_C1,11.0,85.0,,
1,EV_B6_C1,10.0,85.0,,
1,EV_B6_C1,9.0,85.0,,
1,EV_B6_C1,8.0,85.0,,
1,EV_B6_C1,7.0,85.0,,
1,EV_B6_C1,6.0,85.0,,
1,EV_B6_C1,5.0,85.0,,
1,EV_B6_C1,4.0,85.0,,
1,EV_B6_C1,3.0,85.0,,
1,EV_B6_C1,2.0,85.0,,
1,EV_B6_C1,1.0,85.0,,
1,EV_B6_C1,0.0,85.0,,
3,,,,,
3,,,,,
3,,,,,
3,,,,,
3,,,,,
3,,,,,
3,,,,,
3,,,,,
3,,,,,
3,,,,,
3,,,,,
2,EV_B6_C1,,,0.0,27.094837472381673
1,EV_B6_C1,11.0,85.0,,
1,EV_B6_C1,10.0,85.0,,
1,EV_B6_C1,9.0,85.0,,
1,EV_B6_C1,8.0,85.0,,
1,EV_B6_C1,7.0,85.0,,
1,EV_B6_C1,6.0,85.0,,
1,EV_B6_C1,5.0,85.0,,
1,EV_B6_C1,4.0,85.0,,
1,EV_B6_C1,3.0,85.0,,
1,EV_B6_C1,2.0,85.0,,
1,EV_B6_C1,1.0,85.0,,
1,EV_B6_C1,0.0,85.0,,
3,,,,,
3,,,,,
3,,,,,
3,,,,,
3,,,,,
3,,,,,
3,,,,,
3,,,,,
3,,,,,
3,,,,,
3,,,,,
3,,,,,
3,,,,,
3,,,,,
3,,,,,
3,,,,,
3,,,,,
3,,,,,
3,,,,,
3,,,,,
3,,,,,
3,,,,,
3,,,,,
3,,,,,
3,,,,,
3,,,,,
3,,,,,
3,,,,,
3,,,,,
3,,,,,
3,,,,,
3,,,,,
3,,,,,
3,,,,,
3,,,,,
3,,,,,
3,,,,,
3,,,,,
3,,,,,
3,,,,,
3,,,,,
3,,,,,
3,,,,,
3,,,,,
3,,,,,
3,,,,,
3,,,,,
3,,,,,
3,,,,,
3,,,,,
3,,,,,
3,,,,,
3,,,,,
3,,,,,
3,,,,,
3,,,,,
3,,,,,
2,EV_B6_C1,,,0.0,34.98610716028029
1,EV_B6_C1,12.0,85.0,,
1,EV_B6_C1,11.0,85.0,,
1,EV_B6_C1,10.0,85.0,,
1,EV_B6_C1,9.0,85.0,,
1,EV_B6_C1,8.0,85.0,,
1,EV_B6_C1,7.0,85.0,,
1,EV_B6_C1,6.0,85.0,,
1,EV_B6_C1,5.0,85.0,,
1,EV_B6_C1,4.0,85.0,,
1,EV_B6_C1,3.0,85.0,,
1,EV_B6_C1,2.0,85.0,,
1,EV_B6_C1,1.0,85.0,,
1,EV_B6_C1,0.0,85.0,,
3,,,,,
3,,,,,
3,,,,,
3,,,,,
3,,,,,
3,,,,,
3,,,,,
3,,,,,
3,,,,,
3,,,,,
3,,,,,
3,,,,,
3,,,,,
2,EV_B6_C1,,,0.0,22.290180824494474
1,EV_B6_C1,9.0,85.0,,
1,EV_B6_C1,8.0,85.0,,
1,EV_B6_C1,7.0,85.0,,
1,EV_B6_C1,6.0,85.0,,
1,EV_B6_C1,5.0,85.0,,
1,EV_B6_C1,4.0,85.0,,
1,EV_B6_C1,3.0,85.0,,
1,EV_B6_C1,2.0,85.0,,
1,EV_B6_C1,1.0,85.0,,
1,EV_B6_C1,0.0,85.0,,
3,,,,,
3,,,,,
3,,,,,
3,,,,,
3,,,,,
3,,,,,
3,,,,,
3,,,,,
3,,,,,
3,,,,,
2,EV_B6_C1,,,0.0,20.99248747294718
1,EV_B6_C1,12.0,85.0,,
1,EV_B6_C1,11.0,85.0,,
1,EV_B6_C1,10.0,85.0,,
1,EV_B6_C1,9.0,85.0,,
1,EV_B6_C1,8.0,85.0,,
1,EV_B6_C1,7.0,85.0,,
1,EV_B6_C1,6.0,85.0,,
1,EV_B6_C1,5.0,85.0,,
1,EV_B6_C1,4.0,85.0,,
1,EV_B6_C1,3.0,85.0,,
1,EV_B6_C1,2.0,85.0,,
1,EV_B6_C1,1.0,85.0,,
1,EV_B6_C1,0.0,85.0,,
3,,,,,
3,,,,,
3,,,,,
3,,,,,
3,,,,,
3,,,,,
3,,,,,
3,,,,,
3,,,,,
3,,,,,
3,,,,,
3,,,,,
2,EV_B6_C1,,,0.0,26.96157123893232
1,EV_B6_C1,10.0,85.0,,
1,EV_B6_C1,9.0,85.0,,
1,EV_B6_C1,8.0,85.0,,
1,EV_B6_C1,7.0,85.0,,
1,EV_B6_C1,6.0,85.0,,
1,EV_B6_C1,5.0,85.0,,
1,EV_B6_C1,4.0,85.0,,
1,EV_B6_C1,3.0,85.0,,
1,EV_B6_C1,2.0,85.0,,
1,EV_B6_C1,1.0,85.0,,
1,EV_B6_C1,0.0,85.0,,
3,,,,,
3,,,,,
3,,,,,
3,,,,,
3,,,,,
3,,,,,
3,,,,,
3,,,,,
3,,,,,
3,,,,,
3,,,,,
3,,,,,
3,,,,,
2,EV_B6_C1,,,0.0,30.896207741977673
1,EV_B6_C1,10.0,85.0,,
1,EV_B6_C1,9.0,85.0,,
1,EV_B6_C1,8.0,85.0,,
1,EV_B6_C1,7.0,85.0,,
1,EV_B6_C1,6.0,85.0,,
1,EV_B6_C1,5.0,85.0,,
1,EV_B6_C1,4.0,85.0,,
1,EV_B6_C1,3.0,85.0,,
1,EV_B6_C1,2.0,85.0,,
1,EV_B6_C1,1.0,85.0,,
1,EV_B6_C1,0.0,85.0,,
3,,,,,
3,,,,,
3,,,,,
3,,,,,
3,,,,,
3,,,,,
3,,,,,
3,,,,,
3,,,,,
3,,,,,
3,,,,,
3,,,,,
3,,,,,
3,,,,,
3,,,,,
3,,,,,
3,,,,,
3,,,,,
3,,,,,
3,,,,,
3,,,,,
3,,,,,
3,,,,,
3,,,,,
3,,,,,
3,,,,,
3,,,,,
3,,,,,
3,,,,,
3,,,,,
3,,,,,
3,,,,,
3,,,,,
3,,,,,
3,,,,,
3,,,,,
3,,,,,
3,,,,,
3,,,,,
3,,,,,
3,,,,,
3,,,,,
3,,,,,
3,,,,,
3,,,,,
3,,,,,
3,,,,,
3,,,,,
3,,,,,
3,,,,,
3,,,,,
3,,,,,
3,,,,,
3,,,,,
3,,,,,
3,,,,,
3,,,,,
3,,,,,
3,,,,,
3,,,,,
3,,,,,
2,EV_B6_C1,,,0.0,24.608949874196504
1,EV_B6_C1,9.0,85.0,,
1,EV_B6_C1,8.0,85.0,,
1,EV_B6_C1,7.0,85.0,,
1,EV_B6_C1,6.0,85.0,,
1,EV_B6_C1,5.0,85.0,,
1,EV_B6_C1,4.0,85.0,,
1,EV_B6_C1,3.0,85.0,,
1,EV_B6_C1,2.0,85.0,,
1,EV_B6_C1,1.0,85.0,,
1,EV_B6_C1,0.0,85.0,,
3,,,,,
3,,,,,
3,,,,,
3,,,,,
3,,,,,
3,,,,,
3,,,,,
3,,,,,
3,,,,,
3,,,,,
2,EV_B6_C1,,,0.0,34.42432438307802
1,EV_B6_C1,12.0,85.0,,
1,EV_B6_C1,11.0,85.0,,
1,EV_B6_C1,10.0,85.0,,
1,EV_B6_C1,9.0,85.0,,
1,EV_B6_C1,8.0,85.0,,
1,EV_B6_C1,7.0,85.0,,
1,EV_B6_C1,6.0,85.0,,
1,EV_B6_C1,5.0,85.0,,
1,EV_B6_C1,4.0,85.0,,
1,EV_B6_C1,3.0,85.0,,
1,EV_B6_C1,2.0,85.0,,
1,EV_B6_C1,1.0,85.0,,
1,EV_B6_C1,0.0,85.0,,
3,,,,,
3,,,,,
3,,,,,
3,,,,,
3,,,,,
3,,,,,
3,,,,,
3,,,,,
3,,,,,
3,,,,,
3,,,,,
2,EV_B6_C1,,,0.0,31.511073880822426
1,EV_B6_C1,10.0,85.0,,
1,EV_B6_C1,9.0,85.0,,
1,EV_B6_C1,8.0,85.0,,
1,EV_B6_C1,7.0,85.0,,
1,EV_B6_C1,6.0,85.0,,
1,EV_B6_C1,5.0,85.0,,
1,EV_B6_C1,4.0,85.0,,
1,EV_B6_C1,3.0,85.0,,
1,EV_B6_C1,2.0,85.0,,
1,EV_B6_C1,1.0,85.0,,
1,EV_B6_C1,0.0,85.0,,
3,,,,,
3,,,,,
3,,,,,
3,,,,,
3,,,,,
3,,,,,
3,,,,,
3,,,,,
3,,,,,
3,,,,,
2,EV_B6_C1,,,0.0,25.1654279602307
1,EV_B6_C1,12.0,85.0,,
1,EV_B6_C1,11.0,85.0,,
1,EV_B6_C1,10.0,85.0,,
1,EV_B6_C1,9.0,85.0,,
1,EV_B6_C1,8.0,85.0,,
1,EV_B6_C1,7.0,85.0,,
1,EV_B6_C1,6.0,85.0,,
1,EV_B6_C1,5.0,85.0,,
1,EV_B6_C1,4.0,85.0,,
1,EV_B6_C1,3.0,85.0,,
1,EV_B6_C1,2.0,85.0,,
1,EV_B6_C1,1.0,85.0,,
1,EV_B6_C1,0.0,85.0,,
3,,,,,
3,,,,,
3,,,,,
3,,,,,
3,,,,,
3,,,,,
3,,,,,
3,,,,,
3,,,,,
3,,,,,
3,,,,,
3,,,,,
2,EV_B6_C1,,,0.0,22.129739562222
1,EV_B6_C1,11.0,85.0,,
1,EV_B6_C1,10.0,85.0,,
1,EV_B6_C1,9.0,85.0,,
1,EV_B6_C1,8.0,85.0,,
1,EV_B6_C1,7.0,85.0,,
1,EV_B6_C1,6.0,85.0,,
1,EV_B6_C1,5.0,85.0,,
1,EV_B6_C1,4.0,85.0,,
1,EV_B6_C1,3.0,85.0,,
1,EV_B6_C1,2.0,85.0,,
1,EV_B6_C1,1.0,85.0,,
1,EV_B6_C1,0.0,85.0,,
3,,,,,
3,,,,,
3,,,,,
3,,,,,
3,,,,,
3,,,,,
3,,,,,
3,,,,,
3,,,,,
3,,,,,
3,,,,,
3,,,,,
3,,,,,
3,,,,,
3,,,,,
3,,,,,
3,,,,,
3,,,,,
3,,,,,
3,,,,,
3,,,,,
3,,,,,
3,,,,,
3,,,,,
3,,,,,
3,,,,,
3,,,,,
3,,,,,
3,,,,,
3,,,,,
3,,,,,
3,,,,,
3,,,,,
3,,,,,
3,,,,,
3,,,,,
3,,,,,
3,,,,,
3,,,,,
3,,,,,
3,,,,,
3,,,,,
3,,,,,
3,,,,,
3,,,,,
3,,,,,
3,,,,,
3,,,,,
3,,,,,
3,,,,,
3,,,,,
3,,,,,
3,,,,,
3,,,,,
3,,,,,
3,,,,,
3,,,,,
3,,,,,
3,,,,,
3,,,,,
2,EV_B6_C1,,,0.0,34.00513080668976
1,EV_B6_C1,10.0,85.0,,
1,EV_B6_C1,9.0,85.0,,
1,EV_B6_C1,8.0,85.0,,
1,EV_B6_C1,7.0,85.0,,
1,EV_B6_C1,6.0,85.0,,
1,EV_B6_C1,5.0,85.0,,
1,EV_B6_C1,4.0,85.0,,
1,EV_B6_C1,3.0,85.0,,
1,EV_B6_C1,2.0,85.0,,
1,EV_B6_C1,1.0,85.0,,
1,EV_B6_C1,0.0,85.0,,
3,,,,,
3,,,,,
3,,,,,
3,,,,,
3,,,,,
3,,,,,
3,,,,,
3,,,,,
3,,,,,
3,,,,,
3,,,,,
2,EV_B6_C1,,,0.0,28.154899134650368
1,EV_B6_C1,10.0,85.0,,
1,EV_B6_C1,9.0,85.0,,
1,EV_B6_C1,8.0,85.0,,
1,EV_B6_C1,7.0,85.0,,
1,EV_B6_C1,6.0,85.0,,
1,EV_B6_C1,5.0,85.0,,
1,EV_B6_C1,4.0,85.0,,
1,EV_B6_C1,3.0,85.0,,
1,EV_B6_C1,2.0,85.0,,
1,EV_B6_C1,1.0,85.0,,
1,EV_B6_C1,0.0,85.0,,
3,,,,,
3,,,,,
3,,,,,
3,,,,,
3,,,,,
3,,,,,
3,,,,,
3,,,,,
3,,,,,
3,,,,,
3,,,,,
3,,,,,
3,,,,,
2,EV_B6_C1,,,0.0,21.045784789492004
1,EV_B6_C1,9.0,85.0,,
1,EV_B6_C1,8.0,85.0,,
1,EV_B6_C1,7.0,85.0,,
1,EV_B6_C1,6.0,85.0,,
1,EV_B6_C1,5.0,85.0,,
1,EV_B6_C1,4.0,85.0,,
1,EV_B6_C1,3.0,85.0,,
1,EV_B6_C1,2.0,85.0,,
1,EV_B6_C1,1.0,85.0,,
1,EV_B6_C1,0.0,85.0,,
3,,,,,
3,,,,,
3,,,,,
3,,,,,
3,,,,,
3,,,,,
3,,,,,
3,,,,,
3,,,,,
3,,,,,
2,EV_B6_C1,,,0.0,20.939793368876312
1,EV_B6_C1,12.0,85.0,,
1,EV_B6_C1,11.0,85.0,,
1,EV_B6_C1,10.0,85.0,,
1,EV_B6_C1,9.0,85.0,,
1,EV_B6_C1,8.0,85.0,,
1,EV_B6_C1,7.0,85.0,,
1,EV_B6_C1,6.0,85.0,,
1,EV_B6_C1,5.0,85.0,,
1,EV_B6_C1,4.0,85.0,,
1,EV_B6_C1,3.0,85.0,,
1,EV_B6_C1,2.0,85.0,,
1,EV_B6_C1,1.0,85.0,,
1,EV_B6_C1,0.0,85.0,,
3,,,,,
3,,,,,
3,,,,,
3,,,,,
3,,,,,
3,,,,,
3,,,,,
3,,,,,
3,,,,,
3,,,,,
2,EV_B6_C1,,,0.0,30.87413543450236
1,EV_B6_C1,14.0,85.0,,
1,EV_B6_C1,13.0,85.0,,
1,EV_B6_C1,12.0,85.0,,
1,EV_B6_C1,11.0,85.0,,
1,EV_B6_C1,10.0,85.0,,
1,EV_B6_C1,9.0,85.0,,
1,EV_B6_C1,8.0,85.0,,
1,EV_B6_C1,7.0,85.0,,
1,EV_B6_C1,6.0,85.0,,
1,EV_B6_C1,5.0,85.0,,
1,EV_B6_C1,4.0,85.0,,
1,EV_B6_C1,3.0,85.0,,
1,EV_B6_C1,2.0,85.0,,
1,EV_B6_C1,1.0,85.0,,
1,EV_B6_C1,0.0,85.0,,
3,,,,,
3,,,,,
3,,,,,
3,,,,,
3,,,,,
3,,,,,
3,,,,,
3,,,,,
3,,,,,
3,,,,,
3,,,,,
3,,,,,
3,,,,,
3,,,,,
3,,,,,
3,,,,,
3,,,,,
3,,,,,
3,,,,,
3,,,,,
3,,,,,
3,,,,,
3,,,,,
3,,,,,
3,,,,,
3,,,,,
3,,,,,
3,,,,,
3,,,,,
3,,,,,
3,,,,,
3,,,,,
3,,,,,
3,,,,,
3,,,,,
3,,,,,
3,,,,,
3,,,,,
3,,,,,
3,,,,,
3,,,,,
3,,,,,
3,,,,,
3,,,,,
3,,,,,
3,,,,,
3,,,,,
3,,,,,
3,,,,,
3,,,,,
3,,,,,
3,,,,,
3,,,,,
3,,,,,
3,,,,,
3,,,,,
3,,,,,
3,,,,,
2,EV_B6_C1,,,0.0,30.384479201866117
1,EV_B6_C1,11.0,85.0,,
1,EV_B6_C1,10.0,85.0,,
1,EV_B6_C1,9.0,85.0,,
1,EV_B6_C1,8.0,85.0,,
1,EV_B6_C1,7.0,85.0,,
1,EV_B6_C1,6.0,85.0,,
1,EV_B6_C1,5.0,85.0,,
1,EV_B6_C1,4.0,85.0,,
1,EV_B6_C1,3.0,85.0,,
1,EV_B6_C1,2.0,85.0,,
1,EV_B6_C1,1.0,85.0,,
1,EV_B6_C1,0.0,85.0,,
3,,,,,
3,,,,,
3,,,,,
3,,,,,
3,,,,,
3,,,,,
3,,,,,
3,,,,,
3,,,,,
3,,,,,
2,EV_B6_C1,,,0.0,30.854019216251118
1,EV_B6_C1,12.0,85.0,,
1,EV_B6_C1,11.0,85.0,,
1,EV_B6_C1,10.0,85.0,,
1,EV_B6_C1,9.0,85.0,,
1,EV_B6_C1,8.0,85.0,,
1,EV_B6_C1,7.0,85.0,,
1,EV_B6_C1,6.0,85.0,,
1,EV_B6_C1,5.0,85.0,,
1,EV_B6_C1,4.0,85.0,,
1,EV_B6_C1,3.0,85.0,,
1,EV_B6_C1,2.0,85.0,,
1,EV_B6_C1,1.0,85.0,,
1,EV_B6_C1,0.0,85.0,,
3,,,,,
3,,,,,
3,,,,,
3,,,,,
3,,,,,
3,,,,,
3,,,,,
3,,,,,
3,,,,,
3,,,,,
2,EV_B6_C1,,,0.0,24.83858025333357
1,EV_B6_C1,11.0,85.0,,
1,EV_B6_C1,10.0,85.0,,
1,EV_B6_C1,9.0,85.0,,
1,EV_B6_C1,8.0,85.0,,
1,EV_B6_C1,7.0,85.0,,
1,EV_B6_C1,6.0,85.0,,
1,EV_B6_C1,5.0,85.0,,
1,EV_B6_C1,4.0,85.0,,
1,EV_B6_C1,3.0,85.0,,
1,EV_B6_C1,2.0,85.0,,
1,EV_B6_C1,1.0,85.0,,
1,EV_B6_C1,0.0,85.0,,
3,,,,,
3,,,,,
3,,,,,
3,,,,,
3,,,,,
3,,,,,
3,,,,,
3,,,,,
3,,,,,
3,,,,,
3,,,,,
3,,,,,
2,EV_B6_C1,,,0.0,34.203482367787224
1,EV_B6_C1,11.0,85.0,,
1,EV_B6_C1,10.0,85.0,,
1,EV_B6_C1,9.0,85.0,,
1,EV_B6_C1,8.0,85.0,,
1,EV_B6_C1,7.0,85.0,,
1,EV_B6_C1,6.0,85.0,,
1,EV_B6_C1,5.0,85.0,,
1,EV_B6_C1,4.0,85.0,,
1,EV_B6_C1,3.0,85.0,,
1,EV_B6_C1,2.0,85.0,,
1,EV_B6_C1,1.0,85.0,,
1,EV_B6_C1,0.0,85.0,,
3,,,,,
3,,,,,
3,,,,,
3,,,,,
3,,,,,
3,,,,,
3,,,,,
3,,,,,
3,,,,,
3,,,,,
3,,,,,
2,EV_B6_C1,,,0.0,31.370312516555902
1,EV_B6_C1,10.0,85.0,,
1,EV_B6_C1,9.0,85.0,,
1,EV_B6_C1,8.0,85.0,,
1,EV_B6_C1,7.0,85.0,,
1,EV_B6_C1,6.0,85.0,,
1,EV_B6_C1,5.0,85.0,,
1,EV_B6_C1,4.0,85.0,,
1,EV_B6_C1,3.0,85.0,,
1,EV_B6_C1,2.0,85.0,,
1,EV_B6_C1,1.0,85.0,,
1,EV_B6_C1,0.0,85.0,,
3,,,,,
3,,,,,
3,,,,,
3,,,,,
3,,,,,
3,,,,,
3,,,,,
3,,,,,
3,,,,,
3,,,,,
3,,,,,
3,,,,,
3,,,,,
3,,,,,
3,,,,,
3,,,,,
3,,,,,
3,,,,,
3,,,,,
3,,,,,
3,,,,,
3,,,,,
3,,,,,
3,,,,,
3,,,,,
3,,,,,
3,,,,,
3,,,,,
3,,,,,
3,,,,,
3,,,,,
3,,,,,
3,,,,,
3,,,,,
3,,,,,
3,,,,,
3,,,,,
3,,,,,
3,,,,,
3,,,,,
3,,,,,
3,,,,,
3,,,,,
3,,,,,
3,,,,,
3,,,,,
3,,,,,
3,,,,,
3,,,,,
3,,,,,
3,,,,,
3,,,,,
3,,,,,
3,,,,,
3,,,,,
3,,,,,
3,,,,,
3,,,,,
3,,,,,
2,EV_B6_C1,,,0.0,34.65879596268774
1,EV_B6_C1,12.0,85.0,,
1,EV_B6_C1,11.0,85.0,,
1,EV_B6_C1,10.0,85.0,,
1,EV_B6_C1,9.0,85.0,,
1,EV_B6_C1,8.0,85.0,,
1,EV_B6_C1,7.0,85.0,,
1,EV_B6_C1,6.0,85.0,,
1,EV_B6_C1,5.0,85.0,,
1,EV_B6_C1,4.0,85.0,,
1,EV_B6_C1,3.0,85.0,,
1,EV_B6_C1,2.0,85.0,,
1,EV_B6_C1,1.0,85.0,,
1,EV_B6_C1,0.0,85.0,,
3,,,,,
3,,,,,
3,,,,,
3,,,,,
3,,,,,
3,,,,,
3,,,,,
3,,,,,
3,,,,,
3,,,,,
2,EV_B6_C1,,,0.0,25.93257141391614
1,EV_B6_C1,11.0,85.0,,
1,EV_B6_C1,10.0,85.0,,
1,EV_B6_C1,9.0,85.0,,
1,EV_B6_C1,8.0,85.0,,
1,EV_B6_C1,7.0,85.0,,
1,EV_B6_C1,6.0,85.0,,
1,EV_B6_C1,5.0,85.0,,
1,EV_B6_C1,4.0,85.0,,
1,EV_B6_C1,3.0,85.0,,
1,EV_B6_C1,2.0,85.0,,
1,EV_B6_C1,1.0,85.0,,
1,EV_B6_C1,0.0,85.0,,
3,,,,,
3,,,,,
3,,,,,
3,,,,,
3,,,,,
3,,,,,
3,,,,,
3,,,,,
3,,,,,
3,,,,,
2,EV_B6_C1,,,0.0,27.62148927691926
1,EV_B6_C1,12.0,85.0,,
1,EV_B6_C1,11.0,85.0,,
1,EV_B6_C1,10.0,85.0,,
1,EV_B6_C1,9.0,85.0,,
1,EV_B6_C1,8.0,85.0,,
1,EV_B6_C1,7.0,85.0,,
1,EV_B6_C1,6.0,85.0,,
1,EV_B6_C1,5.0,85.0,,
1,EV_B6_C1,4.0,85.0,,
1,EV_B6_C1,3.0,85.0,,
1,EV_B6_C1,2.0,85.0,,
1,EV_B6_C1,1.0,85.0,,
1,EV_B6_C1,0.0,85.0,,
3,,,,,
3,,,,,
3,,,,,
3,,,,,
3,,,,,
3,,,,,
3,,,,,
3,,,,,
3,,,,,
3,,,,,
3,,,,,
3,,,,,
2,EV_B6_C1,,,0.0,30.009296633027194
1,EV_B6_C1,10.0,85.0,,
1,EV_B6_C1,9.0,85.0,,
1,EV_B6_C1,8.0,85.0,,
1,EV_B6_C1,7.0,85.0,,
1,EV_B6_C1,6.0,85.0,,
1,EV_B6_C1,5.0,85.0,,
1,EV_B6_C1,4.0,85.0,,
1,EV_B6_C1,3.0,85.0,,
1,EV_B6_C1,2.0,85.0,,
1,EV_B6_C1,1.0,85.0,,
1,EV_B6_C1,0.0,85.0,,
3,,,,,
3,,,,,
3,,,,,
3,,,,,
3,,,,,
3,,,,,
3,,,,,
3,,,,,
3,,,,,
3,,,,,
3,,,,,
2,EV_B6_C1,,,0.0,26.42426840293738
1,EV_B6_C1,11.0,85.0,,
1,EV_B6_C1,10.0,85.0,,
1,EV_B6_C1,9.0,85.0,,
1,EV_B6_C1,8.0,85.0,,
1,EV_B6_C1,7.0,85.0,,
1,EV_B6_C1,6.0,85.0,,
1,EV_B6_C1,5.0,85.0,,
1,EV_B6_C1,4.0,85.0,,
1,EV_B6_C1,3.0,85.0,,
1,EV_B6_C1,2.0,85.0,,
1,EV_B6_C1,1.0,85.0,,
1,EV_B6_C1,0.0,85.0,,
3,,,,,
3,,,,,
3,,,,,
3,,,,,
3,,,,,
3,,,,,
3,,,,,
3,,,,,
3,,,,,
3,,,,,
3,,,,,
3,,,,,
3,,,,,
3,,,,,
3,,,,,
3,,,,,
3,,,,,
3,,,,,
3,,,,,
3,,,,,
3,,,,,
3,,,,,
3,,,,,
3,,,,,
3,,,,,
3,,,,,
3,,,,,
3,,,,,
3,,,,,
3,,,,,
3,,,,,
3,,,,,
3,,,,,
3,,,,,
3,,,,,
3,,,,,
3,,,,,
3,,,,,
3,,,,,
3,,,,,
3,,,,,
3,,,,,
3,,,,,
3,,,,,
3,,,,,
3,,,,,
3,,,,,
3,,,,,
3,,,,,
3,,,,,
3,,,,,
3,,,,,
3,,,,,
3,,,,,
3,,,,,
3,,,,,
3,,,,,
2,EV_B6_C1,,,0.0,25.840407485981725
1,EV_B6_C1,13.0,85.0,,
1,EV_B6_C1,12.0,85.0,,
1,EV_B6_C1,11.0,85.0,,
1,EV_B6_C1,10.0,85.0,,
1,EV_B6_C1,9.0,85.0,,
1,EV_B6_C1,8.0,85.0,,
1,EV_B6_C1,7.0,85.0,,
1,EV_B6_C1,6.0,85.0,,
1,EV_B6_C1,5.0,85.0,,
1,EV_B6_C1,4.0,85.0,,
1,EV_B6_C1,3.0,85.0,,
1,EV_B6_C1,2.0,85.0,,
1,EV_B6_C1,1.0,85.0,,
1,EV_B6_C1,0.0,85.0,,
3,,,,,
3,,,,,
3,,,,,
3,,,,,
3,,,,,
3,,,,,
3,,,,,
3,,,,,
3,,,,,
3,,,,,
3,,,,,
3,,,,,
2,EV_B6_C1,,,0.0,33.9237313449791
1,EV_B6_C1,10.0,85.0,,
1,EV_B6_C1,9.0,85.0,,
1,EV_B6_C1,8.0,85.0,,
1,EV_B6_C1,7.0,85.0,,
1,EV_B6_C1,6.0,85.0,,
1,EV_B6_C1,5.0,85.0,,
1,EV_B6_C1,4.0,85.0,,
1,EV_B6_C1,3.0,85.0,,
1,EV_B6_C1,2.0,85.0,,
1,EV_B6_C1,1.0,85.0,,
1,EV_B6_C1,0.0,85.0,,
3,,,,,
3,,,,,
3,,,,,
3,,,,,
3,,,,,
3,,,,,
3,,,,,
3,,,,,
3,,,,,
3,,,,,
3,,,,,
2,EV_B6_C1,,,0.0,28.238929149090847
1,EV_B6_C1,11.0,85.0,,
1,EV_B6_C1,10.0,85.0,,
1,EV_B6_C1,9.0,85.0,,
1,EV_B6_C1,8.0,85.0,,
1,EV_B6_C1,7.0,85.0,,
1,EV_B6_C1,6.0,85.0,,
1,EV_B6_C1,5.0,85.0,,
1,EV_B6_C1,4.0,85.0,,
1,EV_B6_C1,3.0,85.0,,
1,EV_B6_C1,2.0,85.0,,
1,EV_B6_C1,1.0,85.0,,
1,EV_B6_C1,0.0,85.0,,
3,,,,,
3,,,,,
3,,,,,
3,,,,,
3,,,,,
3,,,,,
3,,,,,
3,,,,,
3,,,,,
3,,,,,
2,EV_B6_C1,,,0.0,27.819360974629475
1,EV_B6_C1,13.0,85.0,,
1,EV_B6_C1,12.0,85.0,,
1,EV_B6_C1,11.0,85.0,,
1,EV_B6_C1,10.0,85.0,,
1,EV_B6_C1,9.0,85.0,,
1,EV_B6_C1,8.0,85.0,,
1,EV_B6_C1,7.0,85.0,,
1,EV_B6_C1,6.0,85.0,,
1,EV_B6_C1,5.0,85.0,,
1,EV_B6_C1,4.0,85.0,,
1,EV_B6_C1,3.0,85.0,,
1,EV_B6_C1,2.0,85.0,,
1,EV_B6_C1,1.0,85.0,,
1,EV_B6_C1,0.0,85.0,,
3,,,,,
3,,,,,
3,,,,,
3,,,,,
3,,,,,
3,,,,,
3,,,,,
3,,,,,
3,,,,,
3,,,,,
2,EV_B6_C1,,,0.0,21.483424253718624
1,EV_B6_C1,11.0,85.0,,
1,EV_B6_C1,10.0,85.0,,
1,EV_B6_C1,9.0,85.0,,
1,EV_B6_C1,8.0,85.0,,
1,EV_B6_C1,7.0,85.0,,
1,EV_B6_C1,6.0,85.0,,
1,EV_B6_C1,5.0,85.0,,
1,EV_B6_C1,4.0,85.0,,
1,EV_B6_C1,3.0,85.0,,
1,EV_B6_C1,2.0,85.0,,
1,EV_B6_C1,1.0,85.0,,
1,EV_B6_C1,0.0,85.0,,
3,,,,,
3,,,,,
3,,,,,
3,,,,,
3,,,,,
3,,,,,
3,,,,,
3,,,,,
3,,,,,
3,,,,,
3,,,,,
3,,,,,
3,,,,,
3,,,,,
3,,,,,
3,,,,,
3,,,,,
3,,,,,
3,,,,,
3,,,,,
3,,,,,
3,,,,,
3,,,,,
3,,,,,
3,,,,,
3,,,,,
3,,,,,
3,,,,,
3,,,,,
3,,,,,
3,,,,,
3,,,,,
3,,,,,
3,,,,,
3,,,,,
3,,,,,
3,,,,,
3,,,,,
3,,,,,
3,,,,,
3,,,,,
3,,,,,
3,,,,,
3,,,,,
3,,,,,
3,,,,,
3,,,,,
3,,,,,
3,,,,,
3,,,,,
3,,,,,
3,,,,,
3,,,,,
3,,,,,
3,,,,,
3,,,,,
3,,,,,
3,,,,,
3,,,,,
2,EV_B6_C1,,,0.0,33.28104069563822
1,EV_B6_C1,12.0,85.0,,
1,EV_B6_C1,11.0,85.0,,
1,EV_B6_C1,10.0,85.0,,
1,EV_B6_C1,9.0,85.0,,
1,EV_B6_C1,8.0,85.0,,
1,EV_B6_C1,7.0,85.0,,
1,EV_B6_C1,6.0,85.0,,
1,EV_B6_C1,5.0,85.0,,
1,EV_B6_C1,4.0,85.0,,
1,EV_B6_C1,3.0,85.0,,
1,EV_B6_C1,2.0,85.0,,
1,EV_B6_C1,1.0,85.0,,
1,EV_B6_C1,0.0,85.0,,
3,,,,,
3,,,,,
3,,,,,
3,,,,,
3,,,,,
3,,,,,
3,,,,,
3,,,,,
3,,,,,
3,,,,,
3,,,,,
2,EV_B6_C1,,,0.0,29.98751647342589
1,EV_B6_C1,11.0,85.0,,
1,EV_B6_C1,10.0,85.0,,
1,EV_B6_C1,9.0,85.0,,
1,EV_B6_C1,8.0,85.0,,
1,EV_B6_C1,7.0,85.0,,
1,EV_B6_C1,6.0,85.0,,
1,EV_B6_C1,5.0,85.0,,
1,EV_B6_C1,4.0,85.0,,
1,EV_B6_C1,3.0,85.0,,
1,EV_B6_C1,2.0,85.0,,
1,EV_B6_C1,1.0,85.0,,
1,EV_B6_C1,0.0,85.0,,
3,,,,,
3,,,,,
3,,,,,
3,,,,,
3,,,,,
3,,,,,
3,,,,,
3,,,,,
3,,,,,
3,,,,,
3,,,,,
3,,,,,
3,,,,,
3,,,,,
3,,,,,
3,,,,,
3,,,,,
3,,,,,
3,,,,,
3,,,,,
3,,,,,
3,,,,,
3,,,,,
3,,,,,
3,,,,,
3,,,,,
3,,,,,
3,,,,,
3,,,,,
3,,,,,
3,,,,,
3,,,,,
3,,,,,
3,,,,,
2,EV_B6_C1,,,0.0,33.42177989590319
1,EV_B6_C1,12.0,85.0,,
1,EV_B6_C1,11.0,85.0,,
1,EV_B6_C1,10.0,85.0,,
1,EV_B6_C1,9.0,85.0,,
1,EV_B6_C1,8.0,85.0,,
1,EV_B6_C1,7.0,85.0,,
1,EV_B6_C1,6.0,85.0,,
1,EV_B6_C1,5.0,85.0,,
1,EV_B6_C1,4.0,85.0,,
1,EV_B6_C1,3.0,85.0,,
1,EV_B6_C1,2.0,85.0,,
1,EV_B6_C1,1.0,85.0,,
1,EV_B6_C1,0.0,85.0,,
3,,,,,
3,,,,,
3,,,,,
3,,,,,
3,,,,,
3,,,,,
3,,,,,
3,,,,,
3,,,,,
3,,,,,
2,EV_B6_C1,,,0.0,26.50773437686153
1,EV_B6_C1,11.0,85.0,,
1,EV_B6_C1,10.0,85.0,,
1,EV_B6_C1,9.0,85.0,,
1,EV_B6_C1,8.0,85.0,,
1,EV_B6_C1,7.0,85.0,,
1,EV_B6_C1,6.0,85.0,,
1,EV_B6_C1,5.0,85.0,,
1,EV_B6_C1,4.0,85.0,,
1,EV_B6_C1,3.0,85.0,,
1,EV_B6_C1,2.0,85.0,,
1,EV_B6_C1,1.0,85.0,,
1,EV_B6_C1,0.0,85.0,,
3,,,,,
3,,,,,
3,,,,,
3,,,,,
3,,,,,
3,,,,,
3,,,,,
3,,,,,
3,,,,,
3,,,,,
3,,,,,
3,,,,,
3,,,,,
3,,,,,
3,,,,,
3,,,,,
3,,,,,
3,,,,,
3,,,,,
3,,,,,
3,,,,,
3,,,,,
3,,,,,
3,,,,,
3,,,,,
3,,,,,
3,,,,,
3,,,,,
3,,,,,
3,,,,,
3,,,,,
3,,,,,
3,,,,,
3,,,,,
3,,,,,
3,,,,,
3,,,,,
3,,,,,
3,,,,,
3,,,,,
3,,,,,
3,,,,,
3,,,,,
3,,,,,
3,,,,,
3,,,,,
3,,,,,
3,,,,,
3,,,,,
3,,,,,
3,,,,,
3,,,,,
3,,,,,
3,,,,,
3,,,,,
3,,,,,
3,,,,,
3,,,,,
3,,,,,
3,,,,,
3,,,,,
3,,,,,
2,EV_B6_C1,,,0.0,31.387134997560945
1,EV_B6_C1,9.0,85.0,,
1,EV_B6_C1,8.0,85.0,,
1,EV_B6_C1,7.0,85.0,,
1,EV_B6_C1,6.0,85.0,,
1,EV_B6_C1,5.0,85.0,,
1,EV_B6_C1,4.0,85.0,,
1,EV_B6_C1,3.0,85.0,,
1,EV_B6_C1,2.0,85.0,,
1,EV_B6_C1,1.0,85.0,,
1,EV_B6_C1,0.0,85.0,,
3,,,,,
3,,,,,
3,,,,,
3,,,,,
3,,,,,
3,,,,,
3,,,,,
3,,,,,
3,,,,,
3,,,,,
3,,,,,
3,,,,,
3,,,,,
3,,,,,
3,,,,,
3,,,,,
3,,,,,
3,,,,,
3,,,,,
3,,,,,
3,,,,,
3,,,,,
3,,,,,
3,,,,,
3,,,,,
3,,,,,
3,,,,,
3,,,,,
3,,,,,
3,,,,,
3,,,,,
3,,,,,
3,,,,,
2,EV_B6_C1,,,0.0,26.072748992880367
1,EV_B6_C1,12.0,85.0,,
1,EV_B6_C1,11.0,85.0,,
1,EV_B6_C1,10.0,85.0,,
1,EV_B6_C1,9.0,85.0,,
1,EV_B6_C1,8.0,85.0,,
1,EV_B6_C1,7.0,85.0,,
1,EV_B6_C1,6.0,85.0,,
1,EV_B6_C1,5.0,85.0,,
1,EV_B6_C1,4.0,85.0,,
1,EV_B6_C1,3.0,85.0,,
1,EV_B6_C1,2.0,85.0,,
1,EV_B6_C1,1.0,85.0,,
1,EV_B6_C1,0.0,85.0,,
3,,,,,
3,,,,,
3,,,,,
3,,,,,
3,,,,,
3,,,,,
3,,,,,
3,,,,,
3,,,,,
3,,,,,
3,,,,,
3,,,,,
2,EV_B6_C1,,,0.0,30.766745210651642
1,EV_B6_C1,11.0,85.0,,
1,EV_B6_C1,10.0,85.0,,
1,EV_B6_C1,9.0,85.0,,
1,EV_B6_C1,8.0,85.0,,
1,EV_B6_C1,7.0,85.0,,
1,EV_B6_C1,6.0,85.0,,
1,EV_B6_C1,5.0,85.0,,
1,EV_B6_C1,4.0,85.0,,
1,EV_B6_C1,3.0,85.0,,
1,EV_B6_C1,2.0,85.0,,
1,EV_B6_C1,1.0,85.0,,
1,EV_B6_C1,0.0,85.0,,
3,,,,,
3,,,,,
3,,,,,
3,,,,,
3,,,,,
3,,,,,
3,,,,,
3,,,,,
3,,,,,
3,,,,,
3,,,,,
2,EV_B6_C1,,,0.0,30.608350806974265
1,EV_B6_C1,11.0,85.0,,
1,EV_B6_C1,10.0,85.0,,
1,EV_B6_C1,9.0,85.0,,
1,EV_B6_C1,8.0,85.0,,
1,EV_B6_C1,7.0,85.0,,
1,EV_B6_C1,6.0,85.0,,
1,EV_B6_C1,5.0,85.0,,
1,EV_B6_C1,4.0,85.0,,
1,EV_B6_C1,3.0,85.0,,
1,EV_B6_C1,2.0,85.0,,
1,EV_B6_C1,1.0,85.0,,
1,EV_B6_C1,0.0,85.0,,
3,,,,,
3,,,,,
3,,,,,
3,,,,,
3,,,,,
3,,,,,
3,,,,,
3,,,,,
3,,,,,
3,,,,,
3,,,,,
3,,,,,
3,,,,,
3,,,,,
3,,,,,
3,,,,,
3,,,,,
3,,,,,
3,,,,,
3,,,,,
3,,,,,
3,,,,,
3,,,,,
3,,,,,
3,,,,,
3,,,,,
3,,,,,
3,,,,,
3,,,,,
3,,,,,
3,,,,,
3,,,,,
3,,,,,
3,,,,,
3,,,,,
3,,,,,
3,,,,,
3,,,,,
3,,,,,
3,,,,,
3,,,,,
3,,,,,
3,,,,,
3,,,,,
3,,,,,
3,,,,,
3,,,,,
3,,,,,
3,,,,,
3,,,,,
3,,,,,
3,,,,,
3,,,,,
3,,,,,
3,,,,,
3,,,,,
3,,,,,
3,,,,,
3,,,,,
2,EV_B6_C1,,,0.0,23.930569661843528
1,EV_B6_C1,11.0,85.0,,
1,EV_B6_C1,10.0,85.0,,
1,EV_B6_C1,9.0,85.0,,
1,EV_B6_C1,8.0,85.0,,
1,EV_B6_C1,7.0,85.0,,
1,EV_B6_C1,6.0,85.0,,
1,EV_B6_C1,5.0,85.0,,
1,EV_B6_C1,4.0,85.0,,
1,EV_B6_C1,3.0,85.0,,
1,EV_B6_C1,2.0,85.0,,
1,EV_B6_C1,1.0,85.0,,
1,EV_B6_C1,0.0,85.0,,
3,,,,,
3,,,,,
3,,,,,
3,,,,,
3,,,,,
3,,,,,
3,,,,,
3,,,,,
3,,,,,
3,,,,,
2,EV_B6_C1,,,0.0,23.741592244931397
1,EV_B6_C1,11.0,85.0,,
1,EV_B6_C1,10.0,85.0,,
1,EV_B6_C1,9.0,85.0,,
1,EV_B6_C1,8.0,85.0,,
1,EV_B6_C1,7.0,85.0,,
1,EV_B6_C1,6.0,85.0,,
1,EV_B6_C1,5.0,85.0,,
1,EV_B6_C1,4.0,85.0,,
1,EV_B6_C1,3.0,85.0,,
1,EV_B6_C1,2.0,85.0,,
1,EV_B6_C1,1.0,85.0,,
1,EV_B6_C1,0.0,85.0,,
3,,,,,
3,,,,,
3,,,,,
3,,,,,
3,,,,,
3,,,,,
3,,,,,
3,,,,,
3,,,,,
3,,,,,
3,,,,,
3,,,,,
2,EV_B6_C1,,,0.0,24.92554274058229
1,EV_B6_C1,11.0,85.0,,
1,EV_B6_C1,10.0,85.0,,
1,EV_B6_C1,9.0,85.0,,
1,EV_B6_C1,8.0,85.0,,
1,EV_B6_C1,7.0,85.0,,
1,EV_B6_C1,6.0,85.0,,
1,EV_B6_C1,5.0,85.0,,
1,EV_B6_C1,4.0,85.0,,
1,EV_B6_C1,3.0,85.0,,
1,EV_B6_C1,2.0,85.0,,
1,EV_B6_C1,1.0,85.0,,
1,EV_B6_C1,0.0,85.0,,
3,,,,,
3,,,,,
3,,,,,
3,,,,,
3,,,,,
3,,,,,
3,,,,,
3,,,,,
3,,,,,
3,,,,,
3,,,,,
3,,,,,
2,EV_B6_C1,,,0.0,23.854237283006626
1,EV_B6_C1,9.0,85.0,,
1,EV_B6_C1,8.0,85.0,,
1,EV_B6_C1,7.0,85.0,,
1,EV_B6_C1,6.0,85.0,,
1,EV_B6_C1,5.0,85.0,,
1,EV_B6_C1,4.0,85.0,,
1,EV_B6_C1,3.0,85.0,,
1,EV_B6_C1,2.0,85.0,,
1,EV_B6_C1,1.0,85.0,,
1,EV_B6_C1,0.0,85.0,,
3,,,,,
3,,,,,
3,,,,,
3,,,,,
3,,,,,
3,,,,,
3,,,,,
3,,,,,
3,,,,,
3,,,,,
3,,,,,
3,,,,,
3,,,,,
2,EV_B6_C1,,,0.0,25.750294497539784
1,EV_B6_C1,9.0,85.0,,
1,EV_B6_C1,8.0,85.0,,
1,EV_B6_C1,7.0,85.0,,
1,EV_B6_C1,6.0,85.0,,
1,EV_B6_C1,5.0,85.0,,
1,EV_B6_C1,4.0,85.0,,
1,EV_B6_C1,3.0,85.0,,
1,EV_B6_C1,2.0,85.0,,
1,EV_B6_C1,1.0,85.0,,
1,EV_B6_C1,0.0,85.0,,
3,,,,,
3,,,,,
3,,,,,
3,,,,,
3,,,,,
3,,,,,
3,,,,,
3,,,,,
3,,,,,
3,,,,,
3,,,,,
3,,,,,
3,,,,,
3,,,,,
3,,,,,
3,,,,,
3,,,,,
3,,,,,
3,,,,,
3,,,,,
3,,,,,
3,,,,,
3,,,,,
3,,,,,
3,,,,,
3,,,,,
3,,,,,
3,,,,,
3,,,,,
3,,,,,
3,,,,,
3,,,,,
3,,,,,
3,,,,,
3,,,,,
3,,,,,
3,,,,,
3,,,,,
3,,,,,
3,,,,,
3,,,,,
3,,,,,
3,,,,,
3,,,,,
3,,,,,
3,,,,,
3,,,,,
3,,,,,
3,,,,,
3,,,,,
3,,,,,
3,,,,,
3,,,,,
3,,,,,
3,,,,,
3,,,,,
3,,,,,
3,,,,,
3,,,,,
2,EV_B6_C1,,,0.0,34.42237475206901
1,EV_B6_C1,12.0,85.0,,
1,EV_B6_C1,11.0,85.0,,
1,EV_B6_C1,10.0,85.0,,
1,EV_B6_C1,9.0,85.0,,
1,EV_B6_C1,8.0,85.0,,
1,EV_B6_C1,7.0,85.0,,
1,EV_B6_C1,6.0,85.0,,
1,EV_B6_C1,5.0,85.0,,
1,EV_B6_C1,4.0,85.0,,
1,EV_B6_C1,3.0,85.0,,
1,EV_B6_C1,2.0,85.0,,
1,EV_B6_C1,1.0,85.0,,
1,EV_B6_C1,0.0,85.0,,
3,,,,,
3,,,,,
3,,,,,
3,,,,,
3,,,,,
3,,,,,
3,,,,,
3,,,,,
3,,,,,
3,,,,,
3,,,,,
2,EV_B6_C1,,,0.0,32.890704706255434
1,EV_B6_C1,11.0,85.0,,
1,EV_B6_C1,10.0,85.0,,
1,EV_B6_C1,9.0,85.0,,
1,EV_B6_C1,8.0,85.0,,
1,EV_B6_C1,7.0,85.0,,
1,EV_B6_C1,6.0,85.0,,
1,EV_B6_C1,5.0,85.0,,
1,EV_B6_C1,4.0,85.0,,
1,EV_B6_C1,3.0,85.0,,
1,EV_B6_C1,2.0,85.0,,
1,EV_B6_C1,1.0,85.0,,
1,EV_B6_C1,0.0,85.0,,
3,,,,,
3,,,,,
3,,,,,
3,,,,,
3,,,,,
3,,,,,
3,,,,,
3,,,,,
3,,,,,
3,,,,,
3,,,,,
2,EV_B6_C1,,,0.0,32.9080697501749
1,EV_B6_C1,11.0,85.0,,
1,EV_B6_C1,10.0,85.0,,
1,EV_B6_C1,9.0,85.0,,
1,EV_B6_C1,8.0,85.0,,
1,EV_B6_C1,7.0,85.0,,
1,EV_B6_C1,6.0,85.0,,
1,EV_B6_C1,5.0,85.0,,
1,EV_B6_C1,4.0,85.0,,
1,EV_B6_C1,3.0,85.0,,
1,EV_B6_C1,2.0,85.0,,
1,EV_B6_C1,1.0,85.0,,
1,EV_B6_C1,0.0,85.0,,
3,,,,,
3,,,,,
3,,,,,
3,,,,,
3,,,,,
3,,,,,
3,,,,,
3,,,,,
3,,,,,
3,,,,,
2,EV_B6_C1,,,0.0,29.160956020536617
1,EV_B6_C1,12.0,85.0,,
1,EV_B6_C1,11.0,85.0,,
1,EV_B6_C1,10.0,85.0,,
1,EV_B6_C1,9.0,85.0,,
1,EV_B6_C1,8.0,85.0,,
1,EV_B6_C1,7.0,85.0,,
1,EV_B6_C1,6.0,85.0,,
1,EV_B6_C1,5.0,85.0,,
1,EV_B6_C1,4.0,85.0,,
1,EV_B6_C1,3.0,85.0,,
1,EV_B6_C1,2.0,85.0,,
1,EV_B6_C1,1.0,85.0,,
1,EV_B6_C1,0.0,85.0,,
3,,,,,
3,,,,,
3,,,,,
3,,,,,
3,,,,,
3,,,,,
3,,,,,
3,,,,,
3,,,,,
3,,,,,
2,EV_B6_C1,,,0.0,21.173700394070057
1,EV_B6_C1,12.0,85.0,,
1,EV_B6_C1,11.0,85.0,,
1,EV_B6_C1,10.0,85.0,,
1,EV_B6_C1,9.0,85.0,,
1,EV_B6_C1,8.0,85.0,,
1,EV_B6_C1,7.0,85.0,,
1,EV_B6_C1,6.0,85.0,,
1,EV_B6_C1,5.0,85.0,,
1,EV_B6_C1,4.0,85.0,,
1,EV_B6_C1,3.0,85.0,,
1,EV_B6_C1,2.0,85.0,,
1,EV_B6_C1,1.0,85.0,,
1,EV_B6_C1,0.0,85.0,,
3,,,,,
3,,,,,
3,,,,,
3,,,,,
3,,,,,
3,,,,,
3,,,,,
3,,,,,
3,,,,,
3,,,,,
3,,,,,
3,,,,,
3,,,,,
3,,,,,
3,,,,,
3,,,,,
3,,,,,
3,,,,,
3,,,,,
3,,,,,
3,,,,,
3,,,,,
3,,,,,
3,,,,,
3,,,,,
3,,,,,
3,,,,,
3,,,,,
3,,,,,
3,,,,,
3,,,,,
3,,,,,
3,,,,,
3,,,,,
3,,,,,
3,,,,,
3,,,,,
3,,,,,
3,,,,,
3,,,,,
3,,,,,
3,,,,,
3,,,,,
3,,,,,
3,,,,,
3,,,,,
3,,,,,
3,,,,,
3,,,,,
3,,,,,
3,,,,,
3,,,,,
3,,,,,
3,,,,,
3,,,,,
3,,,,,
3,,,,,
3,,,,,
3,,,,,
2,EV_B6_C1,,,0.0,34.352551539624464
1,EV_B6_C1,10.0,85.0,,
1,EV_B6_C1,9.0,85.0,,
1,EV_B6_C1,8.0,85.0,,
1,EV_B6_C1,7.0,85.0,,
1,EV_B6_C1,6.0,85.0,,
1,EV_B6_C1,5.0,85.0,,
1,EV_B6_C1,4.0,85.0,,
1,EV_B6_C1,3.0,85.0,,
1,EV_B6_C1,2.0,85.0,,
1,EV_B6_C1,1.0,85.0,,
1,EV_B6_C1,0.0,85.0,,
3,,,,,
3,,,,,
3,,,,,
3,,,,,
3,,,,,
3,,,,,
3,,,,,
3,,,,,
3,,,,,
3,,,,,
3,,,,,
3,,,,,
2,EV_B6_C1,,,0.0,20.24308603704052
1,EV_B6_C1,10.0,85.0,,
1,EV_B6_C1,9.0,85.0,,
1,EV_B6_C1,8.0,85.0,,
1,EV_B6_C1,7.0,85.0,,
1,EV_B6_C1,6.0,85.0,,
1,EV_B6_C1,5.0,85.0,,
1,EV_B6_C1,4.0,85.0,,
1,EV_B6_C1,3.0,85.0,,
1,EV_B6_C1,2.0,85.0,,
1,EV_B6_C1,1.0,85.0,,
1,EV_B6_C1,0.0,85.0,,
3,,,,,
3,,,,,
3,,,,,
3,,,,,
3,,,,,
3,,,,,
3,,,,,
3,,,,,
3,,,,,
3,,,,,
3,,,,,
2,EV_B6_C1,,,0.0,21.20874115758375
1,EV_B6_C1,11.0,85.0,,
1,EV_B6_C1,10.0,85.0,,
1,EV_B6_C1,9.0,85.0,,
1,EV_B6_C1,8.0,85.0,,
1,EV_B6_C1,7.0,85.0,,
1,EV_B6_C1,6.0,85.0,,
1,EV_B6_C1,5.0,85.0,,
1,EV_B6_C1,4.0,85.0,,
1,EV_B6_C1,3.0,85.0,,
1,EV_B6_C1,2.0,85.0,,
1,EV_B6_C1,1.0,85.0,,
1,EV_B6_C1,0.0,85.0,,
3,,,,,
3,,,,,
3,,,,,
3,,,,,
3,,,,,
3,,,,,
3,,,,,
3,,,,,
3,,,,,
3,,,,,
3,,,,,
2,EV_B6_C1,,,0.0,28.90398818488341
1,EV_B6_C1,11.0,85.0,,
1,EV_B6_C1,10.0,85.0,,
1,EV_B6_C1,9.0,85.0,,
1,EV_B6_C1,8.0,85.0,,
1,EV_B6_C1,7.0,85.0,,
1,EV_B6_C1,6.0,85.0,,
1,EV_B6_C1,5.0,85.0,,
1,EV_B6_C1,4.0,85.0,,
1,EV_B6_C1,3.0,85.0,,
1,EV_B6_C1,2.0,85.0,,
1,EV_B6_C1,1.0,85.0,,
1,EV_B6_C1,0.0,85.0,,
3,,,,,
3,,,,,
3,,,,,
3,,,,,
3,,,,,
3,,,,,
3,,,,,
3,,,,,
3,,,,,
3,,,,,
3,,,,,
3,,,,,
3,,,,,
2,EV_B6_C1,,,0.0,27.564977586844876
1,EV_B6_C1,9.0,85.0,,
1,EV_B6_C1,8.0,85.0,,
1,EV_B6_C1,7.0,85.0,,
1,EV_B6_C1,6.0,85.0,,
1,EV_B6_C1,5.0,85.0,,
1,EV_B6_C1,4.0,85.0,,
1,EV_B6_C1,3.0,85.0,,
1,EV_B6_C1,2.0,85.0,,
1,EV_B6_C1,1.0,85.0,,
1,EV_B6_C1,0.0,85.0,,
3,,,,,
3,,,,,
3,,,,,
3,,,,,
3,,,,,
3,,,,,
3,,,,,
3,,,,,
3,,,,,
3,,,,,
3,,,,,
3,,,,,
3,,,,,
3,,,,,
3,,,,,
3,,,,,
3,,,,,
3,,,,,
3,,,,,
3,,,,,
3,,,,,
3,,,,,
3,,,,,
3,,,,,
3,,,,,
3,,,,,
3,,,,,
3,,,,,
3,,,,,
3,,,,,
3,,,,,
3,,,,,
3,,,,,
3,,,,,
3,,,,,
3,,,,,
3,,,,,
3,,,,,
3,,,,,
3,,,,,
3,,,,,
3,,,,,
3,,,,,
3,,,,,
3,,,,,
3,,,,,
3,,,,,
3,,,,,
3,,,,,
3,,,,,
3,,,,,
3,,,,,
3,,,,,
3,,,,,
3,,,,,
3,,,,,
3,,,,,
3,,,,,
3,,,,,
3,,,,,
3,,,,,
2,EV_B6_C1,,,0.0,27.39319351712519
1,EV_B6_C1,9.0,85.0,,
1,EV_B6_C1,8.0,85.0,,
1,EV_B6_C1,7.0,85.0,,
1,EV_B6_C1,6.0,85.0,,
1,EV_B6_C1,5.0,85.0,,
1,EV_B6_C1,4.0,85.0,,
1,EV_B6_C1,3.0,85.0,,
1,EV_B6_C1,2.0,85.0,,
1,EV_B6_C1,1.0,85.0,,
1,EV_B6_C1,0.0,85.0,,
3,,,,,
3,,,,,
3,,,,,
3,,,,,
3,,,,,
3,,,,,
3,,,,,
3,,,,,
3,,,,,
3,,,,,
3,,,,,
3,,,,,
2,EV_B6_C1,,,0.0,30.42144416348912
1,EV_B6_C1,11.0,85.0,,
1,EV_B6_C1,10.0,85.0,,
1,EV_B6_C1,9.0,85.0,,
1,EV_B6_C1,8.0,85.0,,
1,EV_B6_C1,7.0,85.0,,
1,EV_B6_C1,6.0,85.0,,
1,EV_B6_C1,5.0,85.0,,
1,EV_B6_C1,4.0,85.0,,
1,EV_B6_C1,3.0,85.0,,
1,EV_B6_C1,2.0,85.0,,
1,EV_B6_C1,1.0,85.0,,
1,EV_B6_C1,0.0,85.0,,
3,,,,,
3,,,,,
3,,,,,
3,,,,,
3,,,,,
3,,,,,
3,,,,,
3,,,,,
3,,,,,
3,,,,,
3,,,,,
3,,,,,
2,EV_B6_C1,,,0.0,24.46651776953749
1,EV_B6_C1,10.0,85.0,,
1,EV_B6_C1,9.0,85.0,,
1,EV_B6_C1,8.0,85.0,,
1,EV_B6_C1,7.0,85.0,,
1,EV_B6_C1,6.0,85.0,,
1,EV_B6_C1,5.0,85.0,,
1,EV_B6_C1,4.0,85.0,,
1,EV_B6_C1,3.0,85.0,,
1,EV_B6_C1,2.0,85.0,,
1,EV_B6_C1,1.0,85.0,,
1,EV_B6_C1,0.0,85.0,,
3,,,,,
3,,,,,
3,,,,,
3,,,,,
3,,,,,
3,,,,,
3,,,,,
3,,,,,
3,,,,,
3,,,,,
3,,,,,
2,EV_B6_C1,,,0.0,23.399976370855974
1,EV_B6_C1,11.0,85.0,,
1,EV_B6_C1,10.0,85.0,,
1,EV_B6_C1,9.0,85.0,,
1,EV_B6_C1,8.0,85.0,,
1,EV_B6_C1,7.0,85.0,,
1,EV_B6_C1,6.0,85.0,,
1,EV_B6_C1,5.0,85.0,,
1,EV_B6_C1,4.0,85.0,,
1,EV_B6_C1,3.0,85.0,,
1,EV_B6_C1,2.0,85.0,,
1,EV_B6_C1,1.0,85.0,,
1,EV_B6_C1,0.0,85.0,,
3,,,,,
3,,,,,
3,,,,,
3,,,,,
3,,,,,
3,,,,,
3,,,,,
3,,,,,
3,,,,,
2,EV_B6_C1,,,0.0,33.1616919341168
1,EV_B6_C1,13.0,85.0,,
1,EV_B6_C1,12.0,85.0,,
1,EV_B6_C1,11.0,85.0,,
1,EV_B6_C1,10.0,85.0,,
1,EV_B6_C1,9.0,85.0,,
1,EV_B6_C1,8.0,85.0,,
1,EV_B6_C1,7.0,85.0,,
1,EV_B6_C1,6.0,85.0,,
1,EV_B6_C1,5.0,85.0,,
1,EV_B6_C1,4.0,85.0,,
1,EV_B6_C1,3.0,85.0,,
1,EV_B6_C1,2.0,85.0,,
1,EV_B6_C1,1.0,85.0,,
1,EV_B6_C1,0.0,85.0,,
3,,,,,
3,,,,,
3,,,,,
3,,,,,
3,,,,,
3,,,,,
3,,,,,
3,,,,,
3,,,,,
3,,,,,
3,,,,,
3,,,,,
3,,,,,
3,,,,,
3,,,,,
3,,,,,
3,,,,,
3,,,,,
3,,,,,
3,,,,,
3,,,,,
3,,,,,
3,,,,,
3,,,,,
3,,,,,
3,,,,,
3,,,,,
3,,,,,
3,,,,,
3,,,,,
3,,,,,
3,,,,,
3,,,,,
3,,,,,
3,,,,,
3,,,,,
3,,,,,
3,,,,,
3,,,,,
3,,,,,
3,,,,,
3,,,,,
3,,,,,
3,,,,,
3,,,,,
3,,,,,
3,,,,,
3,,,,,
3,,,,,
3,,,,,
3,,,,,
3,,,,,
3,,,,,
3,,,,,
3,,,,,
3,,,,,
3,,,,,
3,,,,,
3,,,,,
3,,,,,
2,EV_B6_C1,,,0.0,21.59319522321597
1,EV_B6_C1,10.0,85.0,,
1,EV_B6_C1,9.0,85.0,,
1,EV_B6_C1,8.0,85.0,,
1,EV_B6_C1,7.0,85.0,,
1,EV_B6_C1,6.0,85.0,,
1,EV_B6_C1,5.0,85.0,,
1,EV_B6_C1,4.0,85.0,,
1,EV_B6_C1,3.0,85.0,,
1,EV_B6_C1,2.0,85.0,,
1,EV_B6_C1,1.0,85.0,,
1,EV_B6_C1,0.0,85.0,,
3,,,,,
3,,,,,
3,,,,,
3,,,,,
3,,,,,
3,,,,,
3,,,,,
3,,,,,
3,,,,,
3,,,,,
3,,,,,
2,EV_B6_C1,,,0.0,30.61942884517217
1,EV_B6_C1,12.0,85.0,,
1,EV_B6_C1,11.0,85.0,,
1,EV_B6_C1,10.0,85.0,,
1,EV_B6_C1,9.0,85.0,,
1,EV_B6_C1,8.0,85.0,,
1,EV_B6_C1,7.0,85.0,,
1,EV_B6_C1,6.0,85.0,,
1,EV_B6_C1,5.0,85.0,,
1,EV_B6_C1,4.0,85.0,,
1,EV_B6_C1,3.0,85.0,,
1,EV_B6_C1,2.0,85.0,,
1,EV_B6_C1,1.0,85.0,,
1,EV_B6_C1,0.0,85.0,,
3,,,,,
3,,,,,
3,,,,,
3,,,,,
3,,,,,
3,,,,,
3,,,,,
3,,,,,
3,,,,,
2,EV_B6_C1,,,0.0,28.556703191098837
1,EV_B6_C1,11.0,85.0,,
1,EV_B6_C1,10.0,85.0,,
1,EV_B6_C1,9.0,85.0,,
1,EV_B6_C1,8.0,85.0,,
1,EV_B6_C1,7.0,85.0,,
1,EV_B6_C1,6.0,85.0,,
1,EV_B6_C1,5.0,85.0,,
1,EV_B6_C1,4.0,85.0,,
1,EV_B6_C1,3.0,85.0,,
1,EV_B6_C1,2.0,85.0,,
1,EV_B6_C1,1.0,85.0,,
1,EV_B6_C1,0.0,85.0,,
3,,,,,
3,,,,,
3,,,,,
3,,,,,
3,,,,,
3,,,,,
3,,,,,
3,,,,,
3,,,,,
3,,,,,
3,,,,,
2,EV_B6_C1,,,0.0,27.84330071585419
1,EV_B6_C1,11.0,85.0,,
1,EV_B6_C1,10.0,85.0,,
1,EV_B6_C1,9.0,85.0,,
1,EV_B6_C1,8.0,85.0,,
1,EV_B6_C1,7.0,85.0,,
1,EV_B6_C1,6.0,85.0,,
1,EV_B6_C1,5.0,85.0,,
1,EV_B6_C1,4.0,85.0,,
1,EV_B6_C1,3.0,85.0,,
1,EV_B6_C1,2.0,85.0,,
1,EV_B6_C1,1.0,85.0,,
1,EV_B6_C1,0.0,85.0,,
3,,,,,
3,,,,,
3,,,,,
3,,,,,
3,,,,,
3,,,,,
3,,,,,
3,,,,,
3,,,,,
3,,,,,
2,EV_B6_C1,,,0.0,32.985349849739784
1,EV_B6_C1,14.0,85.0,,
1,EV_B6_C1,13.0,85.0,,
1,EV_B6_C1,12.0,85.0,,
1,EV_B6_C1,11.0,85.0,,
1,EV_B6_C1,10.0,85.0,,
1,EV_B6_C1,9.0,85.0,,
1,EV_B6_C1,8.0,85.0,,
1,EV_B6_C1,7.0,85.0,,
1,EV_B6_C1,6.0,85.0,,
1,EV_B6_C1,5.0,85.0,,
1,EV_B6_C1,4.0,85.0,,
1,EV_B6_C1,3.0,85.0,,
1,EV_B6_C1,2.0,85.0,,
1,EV_B6_C1,1.0,85.0,,
1,EV_B6_C1,0.0,85.0,,
3,,,,,
3,,,,,
3,,,,,
3,,,,,
3,,,,,
3,,,,,
3,,,,,
3,,,,,
3,,,,,
3,,,,,
3,,,,,
3,,,,,
3,,,,,
3,,,,,
3,,,,,
3,,,,,
3,,,,,
3,,,,,
3,,,,,
3,,,,,
3,,,,,
3,,,,,
3,,,,,
3,,,,,
3,,,,,
3,,,,,
3,,,,,
3,,,,,
3,,,,,
3,,,,,
3,,,,,
3,,,,,
3,,,,,
3,,,,,
3,,,,,
3,,,,,
3,,,,,
3,,,,,
3,,,,,
3,,,,,
3,,,,,
3,,,,,
3,,,,,
3,,,,,
3,,,,,
3,,,,,
3,,,,,
3,,,,,
3,,,,,
3,,,,,
3,,,,,
3,,,,,
3,,,,,
3,,,,,
3,,,,,
2,EV_B6_C1,,,0.0,33.673549430087455
1,EV_B6_C1,13.0,85.0,,
1,EV_B6_C1,12.0,85.0,,
1,EV_B6_C1,11.0,85.0,,
1,EV_B6_C1,10.0,85.0,,
1,EV_B6_C1,9.0,85.0,,
1,EV_B6_C1,8.0,85.0,,
1,EV_B6_C1,7.0,85.0,,
1,EV_B6_C1,6.0,85.0,,
1,EV_B6_C1,5.0,85.0,,
1,EV_B6_C1,4.0,85.0,,
1,EV_B6_C1,3.0,85.0,,
1,EV_B6_C1,2.0,85.0,,
1,EV_B6_C1,1.0,85.0,,
1,EV_B6_C1,0.0,85.0,,
3,,,,,
3,,,,,
3,,,,,
3,,,,,
3,,,,,
3,,,,,
3,,,,,
3,,,,,
3,,,,,
3,,,,,
3,,,,,
3,,,,,
2,EV_B6_C1,,,0.0,20.727181411969248
1,EV_B6_C1,10.0,85.0,,
1,EV_B6_C1,9.0,85.0,,
1,EV_B6_C1,8.0,85.0,,
1,EV_B6_C1,7.0,85.0,,
1,EV_B6_C1,6.0,85.0,,
1,EV_B6_C1,5.0,85.0,,
1,EV_B6_C1,4.0,85.0,,
1,EV_B6_C1,3.0,85.0,,
1,EV_B6_C1,2.0,85.0,,
1,EV_B6_C1,1.0,85.0,,
1,EV_B6_C1,0.0,85.0,,
3,,,,,
3,,,,,
3,,,,,
3,,,,,
3,,,,,
3,,,,,
3,,,,,
3,,,,,
3,,,,,
3,,,,,
2,EV_B6_C1,,,0.0,24.768125523736483
1,EV_B6_C1,12.0,85.0,,
1,EV_B6_C1,11.0,85.0,,
1,EV_B6_C1,10.0,85.0,,
1,EV_B6_C1,9.0,85.0,,
1,EV_B6_C1,8.0,85.0,,
1,EV_B6_C1,7.0,85.0,,
1,EV_B6_C1,6.0,85.0,,
1,EV_B6_C1,5.0,85.0,,
1,EV_B6_C1,4.0,85.0,,
1,EV_B6_C1,3.0,85.0,,
1,EV_B6_C1,2.0,85.0,,
1,EV_B6_C1,1.0,85.0,,
1,EV_B6_C1,0.0,85.0,,
3,,,,,
3,,,,,
3,,,,,
3,,,,,
3,,,,,
3,,,,,
3,,,,,
3,,,,,
3,,,,,
3,,,,,
3,,,,,
3,,,,,
2,EV_B6_C1,,,0.0,26.26358297921925
1,EV_B6_C1,10.0,85.0,,
1,EV_B6_C1,9.0,85.0,,
1,EV_B6_C1,8.0,85.0,,
1,EV_B6_C1,7.0,85.0,,
1,EV_B6_C1,6.0,85.0,,
1,EV_B6_C1,5.0,85.0,,
1,EV_B6_C1,4.0,85.0,,
1,EV_B6_C1,3.0,85.0,,
1,EV_B6_C1,2.0,85.0,,
1,EV_B6_C1,1.0,85.0,,
1,EV_B6_C1,0.0,85.0,,
3,,,,,
3,,,,,
3,,,,,
3,,,,,
3,,,,,
3,,,,,
3,,,,,
3,,,,,
3,,,,,
3,,,,,
3,,,,,
2,EV_B6_C1,,,0.0,32.69889489774214
1,EV_B6_C1,12.0,85.0,,
1,EV_B6_C1,11.0,85.0,,
1,EV_B6_C1,10.0,85.0,,
1,EV_B6_C1,9.0,85.0,,
1,EV_B6_C1,8.0,85.0,,
1,EV_B6_C1,7.0,85.0,,
1,EV_B6_C1,6.0,85.0,,
1,EV_B6_C1,5.0,85.0,,
1,EV_B6_C1,4.0,85.0,,
1,EV_B6_C1,3.0,85.0,,
1,EV_B6_C1,2.0,85.0,,
1,EV_B6_C1,1.0,85.0,,
1,EV_B6_C1,0.0,85.0,,
3,,,,,
3,,,,,
3,,,,,
3,,,,,
3,,,,,
3,,,,,
3,,,,,
3,,,,,
3,,,,,
3,,,,,
3,,,,,
3,,,,,
3,,,,,
3,,,,,
3,,,,,
3,,,,,
3,,,,,
3,,,,,
3,,,,,
3,,,,,
3,,,,,
3,,,,,
3,,,,,
3,,,,,
3,,,,,
3,,,,,
3,,,,,
3,,,,,
3,,,,,
3,,,,,
3,,,,,
3,,,,,
3,,,,,
3,,,,,
3,,,,,
3,,,,,
3,,,,,
3,,,,,
3,,,,,
3,,,,,
3,,,,,
3,,,,,
3,,,,,
3,,,,,
3,,,,,
3,,,,,
3,,,,,
3,,,,,
3,,,,,
3,,,,,
3,,,,,
3,,,,,
3,,,,,
3,,,,,
3,,,,,
3,,,,,
2,EV_B6_C1,,,0.0,32.89566770545852
1,EV_B6_C1,14.0,85.0,,
1,EV_B6_C1,13.0,85.0,,
1,EV_B6_C1,12.0,85.0,,
1,EV_B6_C1,11.0,85.0,,
1,EV_B6_C1,10.0,85.0,,
1,EV_B6_C1,9.0,85.0,,
1,EV_B6_C1,8.0,85.0,,
1,EV_B6_C1,7.0,85.0,,
1,EV_B6_C1,6.0,85.0,,
1,EV_B6_C1,5.0,85.0,,
1,EV_B6_C1,4.0,85.0,,
1,EV_B6_C1,3.0,85.0,,
1,EV_B6_C1,2.0,85.0,,
1,EV_B6_C1,1.0,85.0,,
1,EV_B6_C1,0.0,85.0,,
3,,,,,
3,,,,,
3,,,,,
3,,,,,
3,,,,,
3,,,,,
3,,,,,
3,,,,,
3,,,,,
3,,,,,
2,EV_B6_C1,,,0.0,27.442931953672208
1,EV_B6_C1,11.0,85.0,,
1,EV_B6_C1,10.0,85.0,,
1,EV_B6_C1,9.0,85.0,,
1,EV_B6_C1,8.0,85.0,,
1,EV_B6_C1,7.0,85.0,,
1,EV_B6_C1,6.0,85.0,,
1,EV_B6_C1,5.0,85.0,,
1,EV_B6_C1,4.0,85.0,,
1,EV_B6_C1,3.0,85.0,,
1,EV_B6_C1,2.0,85.0,,
1,EV_B6_C1,1.0,85.0,,
1,EV_B6_C1,0.0,85.0,,
3,,,,,
3,,,,,
3,,,,,
3,,,,,
3,,,,,
3,,,,,
3,,,,,
3,,,,,
3,,,,,
3,,,,,
3,,,,,
3,,,,,
3,,,,,
2,EV_B6_C1,,,0.0,34.5541646713884
1,EV_B6_C1,9.0,85.0,,
1,EV_B6_C1,8.0,85.0,,
1,EV_B6_C1,7.0,85.0,,
1,EV_B6_C1,6.0,85.0,,
1,EV_B6_C1,5.0,85.0,,
1,EV_B6_C1,4.0,85.0,,
1,EV_B6_C1,3.0,85.0,,
1,EV_B6_C1,2.0,85.0,,
1,EV_B6_C1,1.0,85.0,,
1,EV_B6_C1,0.0,85.0,,
3,,,,,
3,,,,,
3,,,,,
3,,,,,
3,,,,,
3,,,,,
3,,,,,
3,,,,,
3,,,,,
3,,,,,
3,,,,,
3,,,,,
3,,,,,
2,EV_B6_C1,,,0.0,22.407481018164265
1,EV_B6_C1,9.0,85.0,,
1,EV_B6_C1,8.0,85.0,,
1,EV_B6_C1,7.0,85.0,,
1,EV_B6_C1,6.0,85.0,,
1,EV_B6_C1,5.0,85.0,,
1,EV_B6_C1,4.0,85.0,,
1,EV_B6_C1,3.0,85.0,,
1,EV_B6_C1,2.0,85.0,,
1,EV_B6_C1,1.0,85.0,,
1,EV_B6_C1,0.0,85.0,,
3,,,,,
3,,,,,
3,,,,,
3,,,,,
3,,,,,
3,,,,,
3,,,,,
3,,,,,
3,,,,,
3,,,,,
3,,,,,
3,,,,,
2,EV_B6_C1,,,0.0,23.919610486903267
1,EV_B6_C1,11.0,85.0,,
1,EV_B6_C1,10.0,85.0,,
1,EV_B6_C1,9.0,85.0,,
1,EV_B6_C1,8.0,85.0,,
1,EV_B6_C1,7.0,85.0,,
1,EV_B6_C1,6.0,85.0,,
1,EV_B6_C1,5.0,85.0,,
1,EV_B6_C1,4.0,85.0,,
1,EV_B6_C1,3.0,85.0,,
1,EV_B6_C1,2.0,85.0,,
1,EV_B6_C1,1.0,85.0,,
1,EV_B6_C1,0.0,85.0,,
3,,,,,
3,,,,,
3,,,,,
3,,,,,
3,,,,,
3,,,,,
3,,,,,
3,,,,,
3,,,,,
3,,,,,
3,,,,,
3,,,,,
3,,,,,
3,,,,,
3,,,,,
3,,,,,
3,,,,,
3,,,,,
3,,,,,
3,,,,,
3,,,,,
3,,,,,
3,,,,,
3,,,,,
3,,,,,
3,,,,,
3,,,,,
3,,,,,
3,,,,,
3,,,,,
3,,,,,
3,,,,,
3,,,,,
3,,,,,
3,,,,,
3,,,,,
3,,,,,
3,,,,,
3,,,,,
3,,,,,
3,,,,,
3,,,,,
3,,,,,
3,,,,,
3,,,,,
3,,,,,
3,,,,,
3,,,,,
3,,,,,
3,,,,,
3,,,,,
3,,,,,
3,,,,,
3,,,,,
3,,,,,
3,,,,,
3,,,,,
3,,,,,
3,,,,,
3,,,,,
2,EV_B6_C1,,,0.0,20.198023416689722
1,EV_B6_C1,9.0,85.0,,
1,EV_B6_C1,8.0,85.0,,
1,EV_B6_C1,7.0,85.0,,
1,EV_B6_C1,6.0,85.0,,
1,EV_B6_C1,5.0,85.0,,
1,EV_B6_C1,4.0,85.0,,
1,EV_B6_C1,3.0,85.0,,
1,EV_B6_C1,2.0,85.0,,
1,EV_B6_C1,1.0,85.0,,
1,EV_B6_C1,0.0,85.0,,
3,,,,,
3,,,,,
3,,,,,
3,,,,,
3,,,,,
3,,,,,
3,,,,,
3,,,,,
3,,,,,
3,,,,,
2,EV_B6_C1,,,0.0,33.942375477163225
1,EV_B6_C1,12.0,85.0,,
1,EV_B6_C1,11.0,85.0,,
1,EV_B6_C1,10.0,85.0,,
1,EV_B6_C1,9.0,85.0,,
1,EV_B6_C1,8.0,85.0,,
1,EV_B6_C1,7.0,85.0,,
1,EV_B6_C1,6.0,85.0,,
1,EV_B6_C1,5.0,85.0,,
1,EV_B6_C1,4.0,85.0,,
1,EV_B6_C1,3.0,85.0,,
1,EV_B6_C1,2.0,85.0,,
1,EV_B6_C1,1.0,85.0,,
1,EV_B6_C1,0.0,85.0,,
3,,,,,
3,,,,,
3,,,,,
3,,,,,
3,,,,,
3,,,,,
3,,,,,
3,,,,,
3,,,,,
3,,,,,
3,,,,,
3,,,,,
3,,,,,
3,,,,,
3,,,,,
3,,,,,
3,,,,,
3,,,,,
3,,,,,
3,,,,,
3,,,,,
3,,,,,
3,,,,,
3,,,,,
3,,,,,
3,,,,,
3,,,,,
3,,,,,
3,,,,,
3,,,,,
3,,,,,
3,,,,,
3,,,,,
3,,,,,
3,,,,,
3,,,,,
2,EV_B6_C1,,,0.0,22.584938791952734
1,EV_B6_C1,10.0,85.0,,
1,EV_B6_C1,9.0,85.0,,
1,EV_B6_C1,8.0,85.0,,
1,EV_B6_C1,7.0,85.0,,
1,EV_B6_C1,6.0,85.0,,
1,EV_B6_C1,5.0,85.0,,
1,EV_B6_C1,4.0,85.0,,
1,EV_B6_C1,3.0,85.0,,
1,EV_B6_C1,2.0,85.0,,
1,EV_B6_C1,1.0,85.0,,
1,EV_B6_C1,0.0,85.0,,
3,,,,,
3,,,,,
3,,,,,
3,,,,,
3,,,,,
3,,,,,
3,,,,,
3,,,,,
3,,,,,
3,,,,,
2,EV_B6_C1,,,0.0,32.075832843852794
1,EV_B6_C1,13.0,85.0,,
1,EV_B6_C1,12.0,85.0,,
1,EV_B6_C1,11.0,85.0,,
1,EV_B6_C1,10.0,85.0,,
1,EV_B6_C1,9.0,85.0,,
1,EV_B6_C1,8.0,85.0,,
1,EV_B6_C1,7.0,85.0,,
1,EV_B6_C1,6.0,85.0,,
1,EV_B6_C1,5.0,85.0,,
1,EV_B6_C1,4.0,85.0,,
1,EV_B6_C1,3.0,85.0,,
1,EV_B6_C1,2.0,85.0,,
1,EV_B6_C1,1.0,85.0,,
1,EV_B6_C1,0.0,85.0,,
3,,,,,
3,,,,,
3,,,,,
3,,,,,
3,,,,,
3,,,,,
3,,,,,
3,,,,,
3,,,,,
3,,,,,
3,,,,,
3,,,,,
3,,,,,
3,,,,,
3,,,,,
3,,,,,
3,,,,,
3,,,,,
3,,,,,
3,,,,,
3,,,,,
3,,,,,
3,,,,,
3,,,,,
3,,,,,
3,,,,,
3,,,,,
3,,,,,
3,,,,,
3,,,,,
3,,,,,
3,,,,,
3,,,,,
3,,,,,
3,,,,,
3,,,,,
3,,,,,
3,,,,,
3,,,,,
3,,,,,
3,,,,,
3,,,,,
3,,,,,
3,,,,,
3,,,,,
3,,,,,
3,,,,,
3,,,,,
3,,,,,
3,,,,,
3,,,,,
3,,,,,
3,,,,,
3,,,,,
3,,,,,
3,,,,,
3,,,,,
3,,,,,
3,,,,,
2,EV_B6_C1,,,0.0,22.223657811255848
1,EV_B6_C1,10.0,85.0,,
1,EV_B6_C1,9.0,85.0,,
1,EV_B6_C1,8.0,85.0,,
1,EV_B6_C1,7.0,85.0,,
1,EV_B6_C1,6.0,85.0,,
1,EV_B6_C1,5.0,85.0,,
1,EV_B6_C1,4.0,85.0,,
1,EV_B6_C1,3.0,85.0,,
1,EV_B6_C1,2.0,85.0,,
1,EV_B6_C1,1.0,85.0,,
1,EV_B6_C1,0.0,85.0,,
3,,,,,
3,,,,,
3,,,,,
3,,,,,
3,,,,,
3,,,,,
3,,,,,
3,,,,,
3,,,,,
3,,,,,
3,,,,,
2,EV_B6_C1,,,0.0,24.056796561773268
1,EV_B6_C1,12.0,85.0,,
1,EV_B6_C1,11.0,85.0,,
1,EV_B6_C1,10.0,85.0,,
1,EV_B6_C1,9.0,85.0,,
1,EV_B6_C1,8.0,85.0,,
1,EV_B6_C1,7.0,85.0,,
1,EV_B6_C1,6.0,85.0,,
1,EV_B6_C1,5.0,85.0,,
1,EV_B6_C1,4.0,85.0,,
1,EV_B6_C1,3.0,85.0,,
1,EV_B6_C1,2.0,85.0,,
1,EV_B6_C1,1.0,85.0,,
1,EV_B6_C1,0.0,85.0,,
3,,,,,
3,,,,,
3,,,,,
3,,,,,
3,,,,,
3,,,,,
3,,,,,
3,,,,,
3,,,,,
3,,,,,
3,,,,,
3,,,,,
2,EV_B6_C1,,,0.0,22.002051110153452
1,EV_B6_C1,10.0,85.0,,
1,EV_B6_C1,9.0,85.0,,
1,EV_B6_C1,8.0,85.0,,
1,EV_B6_C1,7.0,85.0,,
1,EV_B6_C1,6.0,85.0,,
1,EV_B6_C1,5.0,85.0,,
1,EV_B6_C1,4.0,85.0,,
1,EV_B6_C1,3.0,85.0,,
1,EV_B6_C1,2.0,85.0,,
1,EV_B6_C1,1.0,85.0,,
1,EV_B6_C1,0.0,85.0,,
3,,,,,
3,,,,,
3,,,,,
3,,,,,
3,,,,,
3,,,,,
3,,,,,
3,,,,,
3,,,,,
3,,,,,
3,,,,,
3,,,,,
2,EV_B6_C1,,,0.0,28.40223927240258
1,EV_B6_C1,9.0,85.0,,
1,EV_B6_C1,8.0,85.0,,
1,EV_B6_C1,7.0,85.0,,
1,EV_B6_C1,6.0,85.0,,
1,EV_B6_C1,5.0,85.0,,
1,EV_B6_C1,4.0,85.0,,
1,EV_B6_C1,3.0,85.0,,
1,EV_B6_C1,2.0,85.0,,
1,EV_B6_C1,1.0,85.0,,
1,EV_B6_C1,0.0,85.0,,
3,,,,,
3,,,,,
3,,,,,
3,,,,,
3,,,,,
3,,,,,
3,,,,,
3,,,,,
3,,,,,
3,,,,,
2,EV_B6_C1,,,0.0,32.21309184333074
1,EV_B6_C1,12.0,85.0,,
1,EV_B6_C1,11.0,85.0,,
1,EV_B6_C1,10.0,85.0,,
1,EV_B6_C1,9.0,85.0,,
1,EV_B6_C1,8.0,85.0,,
1,EV_B6_C1,7.0,85.0,,
1,EV_B6_C1,6.0,85.0,,
1,EV_B6_C1,5.0,85.0,,
1,EV_B6_C1,4.0,85.0,,
1,EV_B6_C1,3.0,85.0,,
1,EV_B6_C1,2.0,85.0,,
1,EV_B6_C1,1.0,85.0,,
1,EV_B6_C1,0.0,85.0,,
3,,,,,
3,,,,,
3,,,,,
3,,,,,
3,,,,,
3,,,,,
3,,,,,
3,,,,,
3,,,,,
3,,,,,
3,,,,,
3,,,,,
3,,,,,
3,,,,,
3,,,,,
3,,,,,
3,,,,,
3,,,,,
3,,,,,
3,,,,,
3,,,,,
3,,,,,
3,,,,,
3,,,,,
3,,,,,
3,,,,,
3,,,,,
3,,,,,
3,,,,,
3,,,,,
3,,,,,
3,,,,,
3,,,,,
3,,,,,
3,,,,,
3,,,,,
3,,,,,
3,,,,,
3,,,,,
3,,,,,
3,,,,,
3,,,,,
3,,,,,
3,,,,,
3,,,,,
3,,,,,
3,,,,,
3,,,,,
3,,,,,
3,,,,,
3,,,,,
3,,,,,
3,,,,,
3,,,,,
3,,,,,
3,,,,,
3,,,,,
3,,,,,
3,,,,,
3,,,,,
3,,,,,
3,,,,,
3,,,,,
3,,,,,
3,,,,,
3,,,,,
3,,,,,
3,,,,,
3,,,,,
3,,,,,
3,,,,,
3,,,,,
3,,,,,
3,,,,,
3,,,,,
3,,,,,
3,,,,,
3,,,,,
3,,,,,
3,,,,,
3,,,,,
3,,,,,
3,,,,,
3,,,,,
3,,,,,
3,,,,,
3,,,,,
3,,,,,
3,,,,,
3,,,,,
3,,,,,
3,,,,,
3,,,,,
3,,,,,
3,,,,,
3,,,,,
3,,,,,
3,,,,,
3,,,,,
3,,,,,
3,,,,,
3,,,,,
3,,,,,
3,,,,,
3,,,,,
3,,,,,
3,,,,,
2,EV_B6_C1,,,0.0,23.01182213311277
1,EV_B6_C1,12.0,85.0,,
1,EV_B6_C1,11.0,85.0,,
1,EV_B6_C1,10.0,85.0,,
1,EV_B6_C1,9.0,85.0,,
1,EV_B6_C1,8.0,85.0,,
1,EV_B6_C1,7.0,85.0,,
1,EV_B6_C1,6.0,85.0,,
1,EV_B6_C1,5.0,85.0,,
1,EV_B6_C1,4.0,85.0,,
1,EV_B6_C1,3.0,85.0,,
1,EV_B6_C1,2.0,85.0,,
1,EV_B6_C1,1.0,85.0,,
1,EV_B6_C1,0.0,85.0,,
3,,,,,
3,,,,,
3,,,,,
3,,,,,
3,,,,,
3,,,,,
3,,,,,
3,,,,,
3,,,,,
3,,,,,
3,,,,,
3,,,,,
2,EV_B6_C1,,,0.0,30.28548819053114
1,EV_B6_C1,9.0,85.0,,
1,EV_B6_C1,8.0,85.0,,
1,EV_B6_C1,7.0,85.0,,
1,EV_B6_C1,6.0,85.0,,
1,EV_B6_C1,5.0,85.0,,
1,EV_B6_C1,4.0,85.0,,
1,EV_B6_C1,3.0,85.0,,
1,EV_B6_C1,2.0,85.0,,
1,EV_B6_C1,1.0,85.0,,
1,EV_B6_C1,0.0,85.0,,
3,,,,,
3,,,,,
3,,,,,
3,,,,,
3,,,,,
3,,,,,
3,,,,,
3,,,,,
3,,,,,
3,,,,,
3,,,,,
2,EV_B6_C1,,,0.0,27.640693406368715
1,EV_B6_C1,11.0,85.0,,
1,EV_B6_C1,10.0,85.0,,
1,EV_B6_C1,9.0,85.0,,
1,EV_B6_C1,8.0,85.0,,
1,EV_B6_C1,7.0,85.0,,
1,EV_B6_C1,6.0,85.0,,
1,EV_B6_C1,5.0,85.0,,
1,EV_B6_C1,4.0,85.0,,
1,EV_B6_C1,3.0,85.0,,
1,EV_B6_C1,2.0,85.0,,
1,EV_B6_C1,1.0,85.0,,
1,EV_B6_C1,0.0,85.0,,
3,,,,,
3,,,,,
3,,,,,
3,,,,,
3,,,,,
3,,,,,
3,,,,,
3,,,,,
3,,,,,
3,,,,,
3,,,,,
3,,,,,
3,,,,,
3,,,,,
3,,,,,
3,,,,,
3,,,,,
3,,,,,
3,,,,,
3,,,,,
3,,,,,
3,,,,,
3,,,,,
3,,,,,
3,,,,,
3,,,,,
3,,,,,
3,,,,,
3,,,,,
3,,,,,
3,,,,,
3,,,,,
3,,,,,
3,,,,,
3,,,,,
3,,,,,
3,,,,,
3,,,,,
3,,,,,
3,,,,,
3,,,,,
3,,,,,
3,,,,,
3,,,,,
3,,,,,
3,,,,,
3,,,,,
3,,,,,
3,,,,,
3,,,,,
3,,,,,
3,,,,,
3,,,,,
3,,,,,
3,,,,,
3,,,,,
3,,,,,
3,,,,,
2,EV_B6_C1,,,0.0,26.162353763129964
1,EV_B6_C1,12.0,85.0,,
1,EV_B6_C1,11.0,85.0,,
1,EV_B6_C1,10.0,85.0,,
1,EV_B6_C1,9.0,85.0,,
1,EV_B6_C1,8.0,85.0,,
1,EV_B6_C1,7.0,85.0,,
1,EV_B6_C1,6.0,85.0,,
1,EV_B6_C1,5.0,85.0,,
1,EV_B6_C1,4.0,85.0,,
1,EV_B6_C1,3.0,85.0,,
1,EV_B6_C1,2.0,85.0,,
1,EV_B6_C1,1.0,85.0,,
1,EV_B6_C1,0.0,85.0,,
3,,,,,
3,,,,,
3,,,,,
3,,,,,
3,,,,,
3,,,,,
3,,,,,
3,,,,,
3,,,,,
3,,,,,
3,,,,,
2,EV_B6_C1,,,0.0,26.77233820264451
1,EV_B6_C1,12.0,85.0,,
1,EV_B6_C1,11.0,85.0,,
1,EV_B6_C1,10.0,85.0,,
1,EV_B6_C1,9.0,85.0,,
1,EV_B6_C1,8.0,85.0,,
1,EV_B6_C1,7.0,85.0,,
1,EV_B6_C1,6.0,85.0,,
1,EV_B6_C1,5.0,85.0,,
1,EV_B6_C1,4.0,85.0,,
1,EV_B6_C1,3.0,85.0,,
1,EV_B6_C1,2.0,85.0,,
1,EV_B6_C1,1.0,85.0,,
1,EV_B6_C1,0.0,85.0,,
3,,,,,
3,,,,,
3,,,,,
3,,,,,
3,,,,,
3,,,,,
3,,,,,
3,,,,,
3,,,,,
3,,,,,
2,EV_B6_C1,,,0.0,21.51607621064411
1,EV_B6_C1,12.0,85.0,,
1,EV_B6_C1,11.0,85.0,,
1,EV_B6_C1,10.0,85.0,,
1,EV_B6_C1,9.0,85.0,,
1,EV_B6_C1,8.0,85.0,,
1,EV_B6_C1,7.0,85.0,,
1,EV_B6_C1,6.0,85.0,,
1,EV_B6_C1,5.0,85.0,,
1,EV_B6_C1,4.0,85.0,,
1,EV_B6_C1,3.0,85.0,,
1,EV_B6_C1,2.0,85.0,,
1,EV_B6_C1,1.0,85.0,,
1,EV_B6_C1,0.0,85.0,,
3,,,,,
3,,,,,
3,,,,,
3,,,,,
3,,,,,
3,,,,,
3,,,,,
3,,,,,
3,,,,,
2,EV_B6_C1,,,0.0,27.005144756527866
1,EV_B6_C1,13.0,85.0,,
1,EV_B6_C1,12.0,85.0,,
1,EV_B6_C1,11.0,85.0,,
1,EV_B6_C1,10.0,85.0,,
1,EV_B6_C1,9.0,85.0,,
1,EV_B6_C1,8.0,85.0,,
1,EV_B6_C1,7.0,85.0,,
1,EV_B6_C1,6.0,85.0,,
1,EV_B6_C1,5.0,85.0,,
1,EV_B6_C1,4.0,85.0,,
1,EV_B6_C1,3.0,85.0,,
1,EV_B6_C1,2.0,85.0,,
1,EV_B6_C1,1.0,85.0,,
1,EV_B6_C1,0.0,85.0,,
3,,,,,
3,,,,,
3,,,,,
3,,,,,
3,,,,,
3,,,,,
3,,,,,
3,,,,,
3,,,,,
3,,,,,
3,,,,,
3,,,,,
3,,,,,
2,EV_B6_C1,,,0.0,23.252577854871973
1,EV_B6_C1,8.0,85.0,,
1,EV_B6_C1,7.0,85.0,,
1,EV_B6_C1,6.0,85.0,,
1,EV_B6_C1,5.0,85.0,,
1,EV_B6_C1,4.0,85.0,,
1,EV_B6_C1,3.0,85.0,,
1,EV_B6_C1,2.0,85.0,,
1,EV_B6_C1,1.0,85.0,,
1,EV_B6_C1,0.0,85.0,,
3,,,,,
3,,,,,
3,,,,,
3,,,,,
3,,,,,
3,,,,,
3,,,,,
3,,,,,
3,,,,,
3,,,,,
3,,,,,
3,,,,,
3,,,,,
3,,,,,
3,,,,,
3,,,,,
3,,,,,
3,,,,,
3,,,,,
3,,,,,
3,,,,,
3,,,,,
3,,,,,
3,,,,,
3,,,,,
3,,,,,
3,,,,,
3,,,,,
3,,,,,
3,,,,,
3,,,,,
3,,,,,
3,,,,,
3,,,,,
3,,,,,
3,,,,,
3,,,,,
3,,,,,
3,,,,,
3,,,,,
3,,,,,
3,,,,,
3,,,,,
3,,,,,
3,,,,,
3,,,,,
3,,,,,
3,,,,,
3,,,,,
3,,,,,
3,,,,,
3,,,,,
3,,,,,
3,,,,,
3,,,,,
3,,,,,
3,,,,,
3,,,,,
3,,,,,
3,,,,,
2,EV_B6_C1,,,0.0,23.683095728012233
1,EV_B6_C1,11.0,85.0,,
1,EV_B6_C1,10.0,85.0,,
1,EV_B6_C1,9.0,85.0,,
1,EV_B6_C1,8.0,85.0,,
1,EV_B6_C1,7.0,85.0,,
1,EV_B6_C1,6.0,85.0,,
1,EV_B6_C1,5.0,85.0,,
1,EV_B6_C1,4.0,85.0,,
1,EV_B6_C1,3.0,85.0,,
1,EV_B6_C1,2.0,85.0,,
1,EV_B6_C1,1.0,85.0,,
1,EV_B6_C1,0.0,85.0,,
3,,,,,
3,,,,,
3,,,,,
3,,,,,
3,,,,,
3,,,,,
3,,,,,
3,,,,,
3,,,,,
3,,,,,
3,,,,,
2,EV_B6_C1,,,0.0,23.127767252422007
1,EV_B6_C1,11.0,85.0,,
1,EV_B6_C1,10.0,85.0,,
1,EV_B6_C1,9.0,85.0,,
1,EV_B6_C1,8.0,85.0,,
1,EV_B6_C1,7.0,85.0,,
1,EV_B6_C1,6.0,85.0,,
1,EV_B6_C1,5.0,85.0,,
1,EV_B6_C1,4.0,85.0,,
1,EV_B6_C1,3.0,85.0,,
1,EV_B6_C1,2.0,85.0,,
1,EV_B6_C1,1.0,85.0,,
1,EV_B6_C1,0.0,85.0,,
3,,,,,
3,,,,,
3,,,,,
3,,,,,
3,,,,,
3,,,,,
3,,,,,
3,,,,,
3,,,,,
3,,,,,
3,,,,,
2,EV_B6_C1,,,0.0,26.91224286879458
1,EV_B6_C1,11.0,85.0,,
1,EV_B6_C1,10.0,85.0,,
1,EV_B6_C1,9.0,85.0,,
1,EV_B6_C1,8.0,85.0,,
1,EV_B6_C1,7.0,85.0,,
1,EV_B6_C1,6.0,85.0,,
1,EV_B6_C1,5.0,85.0,,
1,EV_B6_C1,4.0,85.0,,
1,EV_B6_C1,3.0,85.0,,
1,EV_B6_C1,2.0,85.0,,
1,EV_B6_C1,1.0,85.0,,
1,EV_B6_C1,0.0,85.0,,
3,,,,,
3,,,,,
3,,,,,
3,,,,,
3,,,,,
3,,,,,
3,,,,,
3,,,,,
3,,,,,
2,EV_B6_C1,,,0.0,25.252166666581093
1,EV_B6_C1,12.0,85.0,,
1,EV_B6_C1,11.0,85.0,,
1,EV_B6_C1,10.0,85.0,,
1,EV_B6_C1,9.0,85.0,,
1,EV_B6_C1,8.0,85.0,,
1,EV_B6_C1,7.0,85.0,,
1,EV_B6_C1,6.0,85.0,,
1,EV_B6_C1,5.0,85.0,,
1,EV_B6_C1,4.0,85.0,,
1,EV_B6_C1,3.0,85.0,,
1,EV_B6_C1,2.0,85.0,,
1,EV_B6_C1,1.0,85.0,,
1,EV_B6_C1,0.0,85.0,,
3,,,,,
3,,,,,
3,,,,,
3,,,,,
3,,,,,
3,,,,,
3,,,,,
3,,,,,
3,,,,,
3,,,,,
3,,,,,
2,EV_B6_C1,,,0.0,24.456710295351247
1,EV_B6_C1,11.0,85.0,,
1,EV_B6_C1,10.0,85.0,,
1,EV_B6_C1,9.0,85.0,,
1,EV_B6_C1,8.0,85.0,,
1,EV_B6_C1,7.0,85.0,,
1,EV_B6_C1,6.0,85.0,,
1,EV_B6_C1,5.0,85.0,,
1,EV_B6_C1,4.0,85.0,,
1,EV_B6_C1,3.0,85.0,,
1,EV_B6_C1,2.0,85.0,,
1,EV_B6_C1,1.0,85.0,,
1,EV_B6_C1,0.0,85.0,,
3,,,,,
3,,,,,
3,,,,,
3,,,,,
3,,,,,
3,,,,,
3,,,,,
3,,,,,
3,,,,,
3,,,,,
3,,,,,
3,,,,,
3,,,,,
3,,,,,
3,,,,,
3,,,,,
3,,,,,
3,,,,,
3,,,,,
3,,,,,
3,,,,,
3,,,,,
3,,,,,
3,,,,,
3,,,,,
3,,,,,
3,,,,,
3,,,,,
3,,,,,
3,,,,,
3,,,,,
3,,,,,
3,,,,,
3,,,,,
3,,,,,
3,,,,,
3,,,,,
3,,,,,
3,,,,,
3,,,,,
3,,,,,
3,,,,,
3,,,,,
3,,,,,
3,,,,,
3,,,,,
3,,,,,
3,,,,,
3,,,,,
3,,,,,
3,,,,,
3,,,,,
3,,,,,
3,,,,,
3,,,,,
3,,,,,
3,,,,,
3,,,,,
3,,,,,
3,,,,,
2,EV_B6_C1,,,0.0,32.483054748178915
1,EV_B6_C1,11.0,85.0,,
1,EV_B6_C1,10.0,85.0,,
1,EV_B6_C1,9.0,85.0,,
1,EV_B6_C1,8.0,85.0,,
1,EV_B6_C1,7.0,85.0,,
1,EV_B6_C1,6.0,85.0,,
1,EV_B6_C1,5.0,85.0,,
1,EV_B6_C1,4.0,85.0,,
1,EV_B6_C1,3.0,85.0,,
1,EV_B6_C1,2.0,85.0,,
1,EV_B6_C1,1.0,85.0,,
1,EV_B6_C1,0.0,85.0,,
3,,,,,
3,,,,,
3,,,,,
3,,,,,
3,,,,,
3,,,,,
3,,,,,
3,,,,,
3,,,,,
3,,,,,
2,EV_B6_C1,,,0.0,21.714769804156553
1,EV_B6_C1,11.0,85.0,,
1,EV_B6_C1,10.0,85.0,,
1,EV_B6_C1,9.0,85.0,,
1,EV_B6_C1,8.0,85.0,,
1,EV_B6_C1,7.0,85.0,,
1,EV_B6_C1,6.0,85.0,,
1,EV_B6_C1,5.0,85.0,,
1,EV_B6_C1,4.0,85.0,,
1,EV_B6_C1,3.0,85.0,,
1,EV_B6_C1,2.0,85.0,,
1,EV_B6_C1,1.0,85.0,,
1,EV_B6_C1,0.0,85.0,,
3,,,,,
3,,,,,
3,,,,,
3,,,,,
3,,,,,
3,,,,,
3,,,,,
3,,,,,
3,,,,,
3,,,,,
3,,,,,
3,,,,,
3,,,,,
3,,,,,
3,,,,,
3,,,,,
3,,,,,
3,,,,,
3,,,,,
3,,,,,
3,,,,,
3,,,,,
3,,,,,
3,,,,,
3,,,,,
3,,,,,
3,,,,,
3,,,,,
3,,,,,
3,,,,,
3,,,,,
3,,,,,
3,,,,,
2,EV_B6_C1,,,0.0,26.54032718165719
1,EV_B6_C1,13.0,85.0,,
1,EV_B6_C1,12.0,85.0,,
1,EV_B6_C1,11.0,85.0,,
1,EV_B6_C1,10.0,85.0,,
1,EV_B6_C1,9.0,85.0,,
1,EV_B6_C1,8.0,85.0,,
1,EV_B6_C1,7.0,85.0,,
1,EV_B6_C1,6.0,85.0,,
1,EV_B6_C1,5.0,85.0,,
1,EV_B6_C1,4.0,85.0,,
1,EV_B6_C1,3.0,85.0,,
1,EV_B6_C1,2.0,85.0,,
1,EV_B6_C1,1.0,85.0,,
1,EV_B6_C1,0.0,85.0,,
3,,,,,
3,,,,,
3,,,,,
3,,,,,
3,,,,,
3,,,,,
3,,,,,
3,,,,,
3,,,,,
3,,,,,
3,,,,,
3,,,,,
2,EV_B6_C1,,,0.0,20.798027594315645
1,EV_B6_C1,10.0,85.0,,
1,EV_B6_C1,9.0,85.0,,
1,EV_B6_C1,8.0,85.0,,
1,EV_B6_C1,7.0,85.0,,
1,EV_B6_C1,6.0,85.0,,
1,EV_B6_C1,5.0,85.0,,
1,EV_B6_C1,4.0,85.0,,
1,EV_B6_C1,3.0,85.0,,
1,EV_B6_C1,2.0,85.0,,
1,EV_B6_C1,1.0,85.0,,
1,EV_B6_C1,0.0,85.0,,
3,,,,,
3,,,,,
3,,,,,
3,,,,,
3,,,,,
3,,,,,
3,,,,,
3,,,,,
3,,,,,
3,,,,,
3,,,,,
3,,,,,
3,,,,,
3,,,,,
3,,,,,
3,,,,,
3,,,,,
3,,,,,
3,,,,,
3,,,,,
3,,,,,
3,,,,,
3,,,,,
3,,,,,
3,,,,,
3,,,,,
3,,,,,
3,,,,,
3,,,,,
3,,,,,
3,,,,,
3,,,,,
3,,,,,
3,,,,,
3,,,,,
3,,,,,
3,,,,,
3,,,,,
3,,,,,
3,,,,,
3,,,,,
3,,,,,
3,,,,,
3,,,,,
3,,,,,
3,,,,,
3,,,,,
3,,,,,
3,,,,,
3,,,,,
3,,,,,
3,,,,,
3,,,,,
3,,,,,
3,,,,,
3,,,,,
3,,,,,
3,,,,,
3,,,,,
2,EV_B6_C1,,,0.0,24.35081888594889
1,EV_B6_C1,12.0,85.0,,
1,EV_B6_C1,11.0,85.0,,
1,EV_B6_C1,10.0,85.0,,
1,EV_B6_C1,9.0,85.0,,
1,EV_B6_C1,8.0,85.0,,
1,EV_B6_C1,7.0,85.0,,
1,EV_B6_C1,6.0,85.0,,
1,EV_B6_C1,5.0,85.0,,
1,EV_B6_C1,4.0,85.0,,
1,EV_B6_C1,3.0,85.0,,
1,EV_B6_C1,2.0,85.0,,
1,EV_B6_C1,1.0,85.0,,
1,EV_B6_C1,0.0,85.0,,
3,,,,,
3,,,,,
3,,,,,
3,,,,,
3,,,,,
3,,,,,
3,,,,,
3,,,,,
3,,,,,
3,,,,,
2,EV_B6_C1,,,0.0,33.930111166161495
1,EV_B6_C1,12.0,85.0,,
1,EV_B6_C1,11.0,85.0,,
1,EV_B6_C1,10.0,85.0,,
1,EV_B6_C1,9.0,85.0,,
1,EV_B6_C1,8.0,85.0,,
1,EV_B6_C1,7.0,85.0,,
1,EV_B6_C1,6.0,85.0,,
1,EV_B6_C1,5.0,85.0,,
1,EV_B6_C1,4.0,85.0,,
1,EV_B6_C1,3.0,85.0,,
1,EV_B6_C1,2.0,85.0,,
1,EV_B6_C1,1.0,85.0,,
1,EV_B6_C1,0.0,85.0,,
3,,,,,
3,,,,,
3,,,,,
3,,,,,
3,,,,,
3,,,,,
3,,,,,
3,,,,,
3,,,,,
3,,,,,
2,EV_B6_C1,,,0.0,30.31383648674504
1,EV_B6_C1,11.0,85.0,,
1,EV_B6_C1,10.0,85.0,,
1,EV_B6_C1,9.0,85.0,,
1,EV_B6_C1,8.0,85.0,,
1,EV_B6_C1,7.0,85.0,,
1,EV_B6_C1,6.0,85.0,,
1,EV_B6_C1,5.0,85.0,,
1,EV_B6_C1,4.0,85.0,,
1,EV_B6_C1,3.0,85.0,,
1,EV_B6_C1,2.0,85.0,,
1,EV_B6_C1,1.0,85.0,,
1,EV_B6_C1,0.0,85.0,,
3,,,,,
3,,,,,
3,,,,,
3,,,,,
3,,,,,
3,,,,,
3,,,,,
3,,,,,
3,,,,,
3,,,,,
3,,,,,
2,EV_B6_C1,,,0.0,34.58007188980384
1,EV_B6_C1,11.0,85.0,,
1,EV_B6_C1,10.0,85.0,,
1,EV_B6_C1,9.0,85.0,,
1,EV_B6_C1,8.0,85.0,,
1,EV_B6_C1,7.0,85.0,,
1,EV_B6_C1,6.0,85.0,,
1,EV_B6_C1,5.0,85.0,,
1,EV_B6_C1,4.0,85.0,,
1,EV_B6_C1,3.0,85.0,,
1,EV_B6_C1,2.0,85.0,,
1,EV_B6_C1,1.0,85.0,,
1,EV_B6_C1,0.0,85.0,,
3,,,,,
3,,,,,
3,,,,,
3,,,,,
3,,,,,
3,,,,,
3,,,,,
3,,,,,
3,,,,,
3,,,,,
2,EV_B6_C1,,,0.0,29.171723998257583
1,EV_B6_C1,12.0,85.0,,
1,EV_B6_C1,11.0,85.0,,
1,EV_B6_C1,10.0,85.0,,
1,EV_B6_C1,9.0,85.0,,
1,EV_B6_C1,8.0,85.0,,
1,EV_B6_C1,7.0,85.0,,
1,EV_B6_C1,6.0,85.0,,
1,EV_B6_C1,5.0,85.0,,
1,EV_B6_C1,4.0,85.0,,
1,EV_B6_C1,3.0,85.0,,
1,EV_B6_C1,2.0,85.0,,
1,EV_B6_C1,1.0,85.0,,
1,EV_B6_C1,0.0,85.0,,
3,,,,,
3,,,,,
3,,,,,
3,,,,,
3,,,,,
3,,,,,
3,,,,,
3,,,,,
3,,,,,
3,,,,,
3,,,,,
3,,,,,
3,,,,,
3,,,,,
3,,,,,
3,,,,,
3,,,,,
3,,,,,
3,,,,,
3,,,,,
3,,,,,
3,,,,,
3,,,,,
3,,,,,
3,,,,,
3,,,,,
3,,,,,
3,,,,,
3,,,,,
3,,,,,
3,,,,,
3,,,,,
3,,,,,
3,,,,,
3,,,,,
3,,,,,
3,,,,,
3,,,,,
3,,,,,
3,,,,,
3,,,,,
3,,,,,
3,,,,,
3,,,,,
3,,,,,
3,,,,,
3,,,,,
3,,,,,
3,,,,,
3,,,,,
3,,,,,
3,,,,,
3,,,,,
3,,,,,
3,,,,,
3,,,,,
3,,,,,
3,,,,,
3,,,,,
3,,,,,
2,EV_B6_C1,,,0.0,20.56224872013466
1,EV_B6_C1,10.0,85.0,,
1,EV_B6_C1,9.0,85.0,,
1,EV_B6_C1,8.0,85.0,,
1,EV_B6_C1,7.0,85.0,,
1,EV_B6_C1,6.0,85.0,,
1,EV_B6_C1,5.0,85.0,,
1,EV_B6_C1,4.0,85.0,,
1,EV_B6_C1,3.0,85.0,,
1,EV_B6_C1,2.0,85.0,,
1,EV_B6_C1,1.0,85.0,,
1,EV_B6_C1,0.0,85.0,,
3,,,,,
3,,,,,
3,,,,,
3,,,,,
3,,,,,
3,,,,,
3,,,,,
3,,,,,
3,,,,,
3,,,,,
3,,,,,
3,,,,,
2,EV_B6_C1,,,0.0,34.24276820631907
1,EV_B6_C1,10.0,85.0,,
1,EV_B6_C1,9.0,85.0,,
1,EV_B6_C1,8.0,85.0,,
1,EV_B6_C1,7.0,85.0,,
1,EV_B6_C1,6.0,85.0,,
1,EV_B6_C1,5.0,85.0,,
1,EV_B6_C1,4.0,85.0,,
1,EV_B6_C1,3.0,85.0,,
1,EV_B6_C1,2.0,85.0,,
1,EV_B6_C1,1.0,85.0,,
1,EV_B6_C1,0.0,85.0,,
3,,,,,
3,,,,,
3,,,,,
3,,,,,
3,,,,,
3,,,,,
3,,,,,
3,,,,,
3,,,,,
3,,,,,
3,,,,,
2,EV_B6_C1,,,0.0,20.696125909302165
1,EV_B6_C1,12.0,85.0,,
1,EV_B6_C1,11.0,85.0,,
1,EV_B6_C1,10.0,85.0,,
1,EV_B6_C1,9.0,85.0,,
1,EV_B6_C1,8.0,85.0,,
1,EV_B6_C1,7.0,85.0,,
1,EV_B6_C1,6.0,85.0,,
1,EV_B6_C1,5.0,85.0,,
1,EV_B6_C1,4.0,85.0,,
1,EV_B6_C1,3.0,85.0,,
1,EV_B6_C1,2.0,85.0,,
1,EV_B6_C1,1.0,85.0,,
1,EV_B6_C1,0.0,85.0,,
3,,,,,
3,,,,,
3,,,,,
3,,,,,
3,,,,,
3,,,,,
3,,,,,
3,,,,,
3,,,,,
3,,,,,
2,EV_B6_C1,,,0.0,33.26725262236793
1,EV_B6_C1,11.0,85.0,,
1,EV_B6_C1,10.0,85.0,,
1,EV_B6_C1,9.0,85.0,,
1,EV_B6_C1,8.0,85.0,,
1,EV_B6_C1,7.0,85.0,,
1,EV_B6_C1,6.0,85.0,,
1,EV_B6_C1,5.0,85.0,,
1,EV_B6_C1,4.0,85.0,,
1,EV_B6_C1,3.0,85.0,,
1,EV_B6_C1,2.0,85.0,,
1,EV_B6_C1,1.0,85.0,,
1,EV_B6_C1,0.0,85.0,,
3,,,,,
3,,,,,
3,,,,,
3,,,,,
3,,,,,
3,,,,,
3,,,,,
3,,,,,
3,,,,,
3,,,,,
3,,,,,
2,EV_B6_C1,,,0.0,26.278795758468114
1,EV_B6_C1,11.0,85.0,,
1,EV_B6_C1,10.0,85.0,,
1,EV_B6_C1,9.0,85.0,,
1,EV_B6_C1,8.0,85.0,,
1,EV_B6_C1,7.0,85.0,,
1,EV_B6_C1,6.0,85.0,,
1,EV_B6_C1,5.0,85.0,,
1,EV_B6_C1,4.0,85.0,,
1,EV_B6_C1,3.0,85.0,,
1,EV_B6_C1,2.0,85.0,,
1,EV_B6_C1,1.0,85.0,,
1,EV_B6_C1,0.0,85.0,,
3,,,,,
3,,,,,
3,,,,,
3,,,,,
3,,,,,
3,,,,,
3,,,,,
3,,,,,
3,,,,,
3,,,,,
3,,,,,
3,,,,,
3,,,,,
3,,,,,
3,,,,,
3,,,,,
3,,,,,
3,,,,,
3,,,,,
3,,,,,
3,,,,,
3,,,,,
3,,,,,
3,,,,,
3,,,,,
3,,,,,
3,,,,,
3,,,,,
3,,,,,
3,,,,,
3,,,,,
3,,,,,
3,,,,,
3,,,,,
3,,,,,
3,,,,,
3,,,,,
3,,,,,
3,,,,,
3,,,,,
3,,,,,
3,,,,,
3,,,,,
3,,,,,
3,,,,,
3,,,,,
3,,,,,
3,,,,,
3,,,,,
3,,,,,
3,,,,,
3,,,,,
3,,,,,
3,,,,,
3,,,,,
3,,,,,
3,,,,,
3,,,,,
3,,,,,
2,EV_B6_C1,,,0.0,23.247692455217646
1,EV_B6_C1,11.0,85.0,,
1,EV_B6_C1,10.0,85.0,,
1,EV_B6_C1,9.0,85.0,,
1,EV_B6_C1,8.0,85.0,,
1,EV_B6_C1,7.0,85.0,,
1,EV_B6_C1,6.0,85.0,,
1,EV_B6_C1,5.0,85.0,,
1,EV_B6_C1,4.0,85.0,,
1,EV_B6_C1,3.0,85.0,,
1,EV_B6_C1,2.0,85.0,,
1,EV_B6_C1,1.0,85.0,,
1,EV_B6_C1,0.0,85.0,,
3,,,,,
3,,,,,
3,,,,,
3,,,,,
3,,,,,
3,,,,,
3,,,,,
3,,,,,
3,,,,,
3,,,,,
3,,,,,
2,EV_B6_C1,,,0.0,24.564653845910573
1,EV_B6_C1,12.0,85.0,,
1,EV_B6_C1,11.0,85.0,,
1,EV_B6_C1,10.0,85.0,,
1,EV_B6_C1,9.0,85.0,,
1,EV_B6_C1,8.0,85.0,,
1,EV_B6_C1,7.0,85.0,,
1,EV_B6_C1,6.0,85.0,,
1,EV_B6_C1,5.0,85.0,,
1,EV_B6_C1,4.0,85.0,,
1,EV_B6_C1,3.0,85.0,,
1,EV_B6_C1,2.0,85.0,,
1,EV_B6_C1,1.0,85.0,,
1,EV_B6_C1,0.0,85.0,,
3,,,,,
3,,,,,
3,,,,,
3,,,,,
3,,,,,
3,,,,,
3,,,,,
3,,,,,
3,,,,,
3,,,,,
3,,,,,
2,EV_B6_C1,,,0.0,26.665843849099137
1,EV_B6_C1,11.0,85.0,,
1,EV_B6_C1,10.0,85.0,,
1,EV_B6_C1,9.0,85.0,,
1,EV_B6_C1,8.0,85.0,,
1,EV_B6_C1,7.0,85.0,,
1,EV_B6_C1,6.0,85.0,,
1,EV_B6_C1,5.0,85.0,,
1,EV_B6_C1,4.0,85.0,,
1,EV_B6_C1,3.0,85.0,,
1,EV_B6_C1,2.0,85.0,,
1,EV_B6_C1,1.0,85.0,,
1,EV_B6_C1,0.0,85.0,,
3,,,,,
3,,,,,
3,,,,,
3,,,,,
3,,,,,
3,,,,,
3,,,,,
3,,,,,
3,,,,,
3,,,,,
2,EV_B6_C1,,,0.0,28.30727401502476
1,EV_B6_C1,12.0,85.0,,
1,EV_B6_C1,11.0,85.0,,
1,EV_B6_C1,10.0,85.0,,
1,EV_B6_C1,9.0,85.0,,
1,EV_B6_C1,8.0,85.0,,
1,EV_B6_C1,7.0,85.0,,
1,EV_B6_C1,6.0,85.0,,
1,EV_B6_C1,5.0,85.0,,
1,EV_B6_C1,4.0,85.0,,
1,EV_B6_C1,3.0,85.0,,
1,EV_B6_C1,2.0,85.0,,
1,EV_B6_C1,1.0,85.0,,
1,EV_B6_C1,0.0,85.0,,
3,,,,,
3,,,,,
3,,,,,
3,,,,,
3,,,,,
3,,,,,
3,,,,,
3,,,,,
3,,,,,
3,,,,,
2,EV_B6_C1,,,0.0,23.135398926135686
1,EV_B6_C1,12.0,85.0,,
1,EV_B6_C1,11.0,85.0,,
1,EV_B6_C1,10.0,85.0,,
1,EV_B6_C1,9.0,85.0,,
1,EV_B6_C1,8.0,85.0,,
1,EV_B6_C1,7.0,85.0,,
1,EV_B6_C1,6.0,85.0,,
1,EV_B6_C1,5.0,85.0,,
1,EV_B6_C1,4.0,85.0,,
1,EV_B6_C1,3.0,85.0,,
1,EV_B6_C1,2.0,85.0,,
1,EV_B6_C1,1.0,85.0,,
1,EV_B6_C1,0.0,85.0,,
3,,,,,
3,,,,,
3,,,,,
3,,,,,
3,,,,,
3,,,,,
3,,,,,
3,,,,,
3,,,,,
3,,,,,
3,,,,,
3,,,,,
3,,,,,
3,,,,,
3,,,,,
3,,,,,
3,,,,,
3,,,,,
3,,,,,
3,,,,,
3,,,,,
3,,,,,
3,,,,,
3,,,,,
3,,,,,
3,,,,,
3,,,,,
3,,,,,
3,,,,,
3,,,,,
3,,,,,
3,,,,,
3,,,,,
3,,,,,
3,,,,,
3,,,,,
3,,,,,
3,,,,,
3,,,,,
3,,,,,
3,,,,,
3,,,,,
3,,,,,
3,,,,,
3,,,,,
3,,,,,
3,,,,,
3,,,,,
3,,,,,
3,,,,,
3,,,,,
3,,,,,
3,,,,,
3,,,,,
3,,,,,
3,,,,,
3,,,,,
3,,,,,
2,EV_B6_C1,,,0.0,23.948899811772808
1,EV_B6_C1,11.0,85.0,,
1,EV_B6_C1,10.0,85.0,,
1,EV_B6_C1,9.0,85.0,,
1,EV_B6_C1,8.0,85.0,,
1,EV_B6_C1,7.0,85.0,,
1,EV_B6_C1,6.0,85.0,,
1,EV_B6_C1,5.0,85.0,,
1,EV_B6_C1,4.0,85.0,,
1,EV_B6_C1,3.0,85.0,,
1,EV_B6_C1,2.0,85.0,,
1,EV_B6_C1,1.0,85.0,,
1,EV_B6_C1,0.0,85.0,,
3,,,,,
3,,,,,
3,,,,,
3,,,,,
3,,,,,
3,,,,,
3,,,,,
3,,,,,
3,,,,,
3,,,,,
3,,,,,
2,EV_B6_C1,,,0.0,28.74025326526749
1,EV_B6_C1,11.0,85.0,,
1,EV_B6_C1,10.0,85.0,,
1,EV_B6_C1,9.0,85.0,,
1,EV_B6_C1,8.0,85.0,,
1,EV_B6_C1,7.0,85.0,,
1,EV_B6_C1,6.0,85.0,,
1,EV_B6_C1,5.0,85.0,,
1,EV_B6_C1,4.0,85.0,,
1,EV_B6_C1,3.0,85.0,,
1,EV_B6_C1,2.0,85.0,,
1,EV_B6_C1,1.0,85.0,,
1,EV_B6_C1,0.0,85.0,,
3,,,,,
3,,,,,
3,,,,,
3,,,,,
3,,,,,
3,,,,,
3,,,,,
3,,,,,
3,,,,,
3,,,,,
3,,,,,
3,,,,,
3,,,,,
2,EV_B6_C1,,,0.0,34.452550475967215
1,EV_B6_C1,10.0,85.0,,
1,EV_B6_C1,9.0,85.0,,
1,EV_B6_C1,8.0,85.0,,
1,EV_B6_C1,7.0,85.0,,
1,EV_B6_C1,6.0,85.0,,
1,EV_B6_C1,5.0,85.0,,
1,EV_B6_C1,4.0,85.0,,
1,EV_B6_C1,3.0,85.0,,
1,EV_B6_C1,2.0,85.0,,
1,EV_B6_C1,1.0,85.0,,
1,EV_B6_C1,0.0,85.0,,
3,,,,,
3,,,,,
3,,,,,
3,,,,,
3,,,,,
3,,,,,
3,,,,,
3,,,,,
3,,,,,
3,,,,,
3,,,,,
3,,,,,
2,EV_B6_C1,,,0.0,21.64283697369786
1,EV_B6_C1,10.0,85.0,,
1,EV_B6_C1,9.0,85.0,,
1,EV_B6_C1,8.0,85.0,,
1,EV_B6_C1,7.0,85.0,,
1,EV_B6_C1,6.0,85.0,,
1,EV_B6_C1,5.0,85.0,,
1,EV_B6_C1,4.0,85.0,,
1,EV_B6_C1,3.0,85.0,,
1,EV_B6_C1,2.0,85.0,,
1,EV_B6_C1,1.0,85.0,,
1,EV_B6_C1,0.0,85.0,,
3,,,,,
3,,,,,
3,,,,,
3,,,,,
3,,,,,
3,,,,,
3,,,,,
3,,,,,
3,,,,,
2,EV_B6_C1,,,0.0,32.433632161664185
1,EV_B6_C1,12.0,85.0,,
1,EV_B6_C1,11.0,85.0,,
1,EV_B6_C1,10.0,85.0,,
1,EV_B6_C1,9.0,85.0,,
1,EV_B6_C1,8.0,85.0,,
1,EV_B6_C1,7.0,85.0,,
1,EV_B6_C1,6.0,85.0,,
1,EV_B6_C1,5.0,85.0,,
1,EV_B6_C1,4.0,85.0,,
1,EV_B6_C1,3.0,85.0,,
1,EV_B6_C1,2.0,85.0,,
1,EV_B6_C1,1.0,85.0,,
1,EV_B6_C1,0.0,85.0,,
3,,,,,
3,,,,,
3,,,,,
3,,,,,
3,,,,,
3,,,,,
3,,,,,
3,,,,,
3,,,,,
3,,,,,
3,,,,,
3,,,,,
3,,,,,
3,,,,,
3,,,,,
3,,,,,
3,,,,,
3,,,,,
3,,,,,
3,,,,,
3,,,,,
3,,,,,
3,,,,,
3,,,,,
3,,,,,
3,,,,,
3,,,,,
3,,,,,
3,,,,,
3,,,,,
3,,,,,
3,,,,,
3,,,,,
3,,,,,
3,,,,,
3,,,,,
3,,,,,
3,,,,,
3,,,,,
3,,,,,
3,,,,,
3,,,,,
3,,,,,
3,,,,,
3,,,,,
3,,,,,
3,,,,,
3,,,,,
3,,,,,
3,,,,,
3,,,,,
3,,,,,
3,,,,,
3,,,,,
3,,,,,
3,,,,,
3,,,,,
3,,,,,
3,,,,,
3,,,,,
3,,,,,
2,EV_B6_C1,,,0.0,25.0632072536057
1,EV_B6_C1,9.0,85.0,,
1,EV_B6_C1,8.0,85.0,,
1,EV_B6_C1,7.0,85.0,,
1,EV_B6_C1,6.0,85.0,,
1,EV_B6_C1,5.0,85.0,,
1,EV_B6_C1,4.0,85.0,,
1,EV_B6_C1,3.0,85.0,,
1,EV_B6_C1,2.0,85.0,,
1,EV_B6_C1,1.0,85.0,,
1,EV_B6_C1,0.0,85.0,,
3,,,,,
3,,,,,
3,,,,,
3,,,,,
3,,,,,
3,,,,,
3,,,,,
3,,,,,
3,,,,,
2,EV_B6_C1,,,0.0,28.523175486213177
1,EV_B6_C1,13.0,85.0,,
1,EV_B6_C1,12.0,85.0,,
1,EV_B6_C1,11.0,85.0,,
1,EV_B6_C1,10.0,85.0,,
1,EV_B6_C1,9.0,85.0,,
1,EV_B6_C1,8.0,85.0,,
1,EV_B6_C1,7.0,85.0,,
1,EV_B6_C1,6.0,85.0,,
1,EV_B6_C1,5.0,85.0,,
1,EV_B6_C1,4.0,85.0,,
1,EV_B6_C1,3.0,85.0,,
1,EV_B6_C1,2.0,85.0,,
1,EV_B6_C1,1.0,85.0,,
1,EV_B6_C1,0.0,85.0,,
3,,,,,
3,,,,,
3,,,,,
3,,,,,
3,,,,,
3,,,,,
3,,,,,
3,,,,,
3,,,,,
3,,,,,
3,,,,,
2,EV_B6_C1,,,0.0,29.187151525230316
1,EV_B6_C1,12.0,85.0,,
1,EV_B6_C1,11.0,85.0,,
1,EV_B6_C1,10.0,85.0,,
1,EV_B6_C1,9.0,85.0,,
1,EV_B6_C1,8.0,85.0,,
1,EV_B6_C1,7.0,85.0,,
1,EV_B6_C1,6.0,85.0,,
1,EV_B6_C1,5.0,85.0,,
1,EV_B6_C1,4.0,85.0,,
1,EV_B6_C1,3.0,85.0,,
1,EV_B6_C1,2.0,85.0,,
1,EV_B6_C1,1.0,85.0,,
1,EV_B6_C1,0.0,85.0,,
3,,,,,
3,,,,,
3,,,,,
3,,,,,
3,,,,,
3,,,,,
3,,,,,
3,,,,,
3,,,,,
3,,,,,
3,,,,,
2,EV_B6_C1,,,0.0,22.52289766696975
1,EV_B6_C1,11.0,85.0,,
1,EV_B6_C1,10.0,85.0,,
1,EV_B6_C1,9.0,85.0,,
1,EV_B6_C1,8.0,85.0,,
1,EV_B6_C1,7.0,85.0,,
1,EV_B6_C1,6.0,85.0,,
1,EV_B6_C1,5.0,85.0,,
1,EV_B6_C1,4.0,85.0,,
1,EV_B6_C1,3.0,85.0,,
1,EV_B6_C1,2.0,85.0,,
1,EV_B6_C1,1.0,85.0,,
1,EV_B6_C1,0.0,85.0,,
3,,,,,
3,,,,,
3,,,,,
3,,,,,
3,,,,,
3,,,,,
3,,,,,
3,,,,,
3,,,,,
3,,,,,
3,,,,,
3,,,,,
3,,,,,
3,,,,,
3,,,,,
3,,,,,
3,,,,,
3,,,,,
3,,,,,
3,,,,,
3,,,,,
3,,,,,
3,,,,,
3,,,,,
3,,,,,
3,,,,,
3,,,,,
3,,,,,
3,,,,,
3,,,,,
3,,,,,
3,,,,,
3,,,,,
3,,,,,
3,,,,,
3,,,,,
3,,,,,
3,,,,,
3,,,,,
3,,,,,
3,,,,,
3,,,,,
3,,,,,
3,,,,,
3,,,,,
3,,,,,
3,,,,,
3,,,,,
3,,,,,
3,,,,,
3,,,,,
3,,,,,
3,,,,,
3,,,,,
3,,,,,
3,,,,,
3,,,,,
3,,,,,
3,,,,,
3,,,,,
3,,,,,
3,,,,,
3,,,,,
3,,,,,
3,,,,,
3,,,,,
3,,,,,
3,,,,,
3,,,,,
3,,,,,
3,,,,,
3,,,,,
3,,,,,
3,,,,,
3,,,,,
3,,,,,
3,,,,,
3,,,,,
3,,,,,
3,,,,,
3,,,,,
3,,,,,
2,EV_B6_C1,,,0.0,29.83816118882643
1,EV_B6_C1,11.0,85.0,,
1,EV_B6_C1,10.0,85.0,,
1,EV_B6_C1,9.0,85.0,,
1,EV_B6_C1,8.0,85.0,,
1,EV_B6_C1,7.0,85.0,,
1,EV_B6_C1,6.0,85.0,,
1,EV_B6_C1,5.0,85.0,,
1,EV_B6_C1,4.0,85.0,,
1,EV_B6_C1,3.0,85.0,,
1,EV_B6_C1,2.0,85.0,,
1,EV_B6_C1,1.0,85.0,,
1,EV_B6_C1,0.0,85.0,,
3,,,,,
3,,,,,
3,,,,,
3,,,,,
3,,,,,
3,,,,,
3,,,,,
3,,,,,
3,,,,,
3,,,,,
3,,,,,
3,,,,,
2,EV_B6_C1,,,0.0,34.73536259280576
1,EV_B6_C1,10.0,85.0,,
1,EV_B6_C1,9.0,85.0,,
1,EV_B6_C1,8.0,85.0,,
1,EV_B6_C1,7.0,85.0,,
1,EV_B6_C1,6.0,85.0,,
1,EV_B6_C1,5.0,85.0,,
1,EV_B6_C1,4.0,85.0,,
1,EV_B6_C1,3.0,85.0,,
1,EV_B6_C1,2.0,85.0,,
1,EV_B6_C1,1.0,85.0,,
1,EV_B6_C1,0.0,85.0,,
3,,,,,
3,,,,,
3,,,,,
3,,,,,
3,,,,,
3,,,,,
3,,,,,
3,,,,,
3,,,,,
3,,,,,
3,,,,,
2,EV_B6_C1,,,0.0,30.767716345657657
1,EV_B6_C1,11.0,85.0,,
1,EV_B6_C1,10.0,85.0,,
1,EV_B6_C1,9.0,85.0,,
1,EV_B6_C1,8.0,85.0,,
1,EV_B6_C1,7.0,85.0,,
1,EV_B6_C1,6.0,85.0,,
1,EV_B6_C1,5.0,85.0,,
1,EV_B6_C1,4.0,85.0,,
1,EV_B6_C1,3.0,85.0,,
1,EV_B6_C1,2.0,85.0,,
1,EV_B6_C1,1.0,85.0,,
1,EV_B6_C1,0.0,85.0,,
3,,,,,
3,,,,,
3,,,,,
3,,,,,
3,,,,,
3,,,,,
3,,,,,
3,,,,,
3,,,,,
3,,,,,
3,,,,,
3,,,,,
2,EV_B6_C1,,,0.0,23.982298337349032
1,EV_B6_C1,11.0,85.0,,
1,EV_B6_C1,10.0,85.0,,
1,EV_B6_C1,9.0,85.0,,
1,EV_B6_C1,8.0,85.0,,
1,EV_B6_C1,7.0,85.0,,
1,EV_B6_C1,6.0,85.0,,
1,EV_B6_C1,5.0,85.0,,
1,EV_B6_C1,4.0,85.0,,
1,EV_B6_C1,3.0,85.0,,
1,EV_B6_C1,2.0,85.0,,
1,EV_B6_C1,1.0,85.0,,
1,EV_B6_C1,0.0,85.0,,
3,,,,,
3,,,,,
3,,,,,
3,,,,,
3,,,,,
3,,,,,
3,,,,,
3,,,,,
3,,,,,
2,EV_B6_C1,,,0.0,23.954466676862722
1,EV_B6_C1,12.0,85.0,,
1,EV_B6_C1,11.0,85.0,,
1,EV_B6_C1,10.0,85.0,,
1,EV_B6_C1,9.0,85.0,,
1,EV_B6_C1,8.0,85.0,,
1,EV_B6_C1,7.0,85.0,,
1,EV_B6_C1,6.0,85.0,,
1,EV_B6_C1,5.0,85.0,,
1,EV_B6_C1,4.0,85.0,,
1,EV_B6_C1,3.0,85.0,,
1,EV_B6_C1,2.0,85.0,,
1,EV_B6_C1,1.0,85.0,,
1,EV_B6_C1,0.0,85.0,,
3,,,,,
3,,,,,
3,,,,,
3,,,,,
3,,,,,
3,,,,,
3,,,,,
3,,,,,
3,,,,,
3,,,,,
3,,,,,
3,,,,,
3,,,,,
3,,,,,
3,,,,,
3,,,,,
3,,,,,
3,,,,,
3,,,,,
3,,,,,
3,,,,,
3,,,,,
3,,,,,
3,,,,,
3,,,,,
3,,,,,
3,,,,,
3,,,,,
3,,,,,
3,,,,,
3,,,,,
3,,,,,
3,,,,,
3,,,,,
3,,,,,
3,,,,,
3,,,,,
3,,,,,
3,,,,,
3,,,,,
3,,,,,
3,,,,,
3,,,,,
3,,,,,
3,,,,,
3,,,,,
3,,,,,
3,,,,,
3,,,,,
3,,,,,
3,,,,,
3,,,,,
3,,,,,
3,,,,,
3,,,,,
3,,,,,
3,,,,,
3,,,,,
3,,,,,
2,EV_B6_C1,,,0.0,33.28099071867537
1,EV_B6_C1,12.0,85.0,,
1,EV_B6_C1,11.0,85.0,,
1,EV_B6_C1,10.0,85.0,,
1,EV_B6_C1,9.0,85.0,,
1,EV_B6_C1,8.0,85.0,,
1,EV_B6_C1,7.0,85.0,,
1,EV_B6_C1,6.0,85.0,,
1,EV_B6_C1,5.0,85.0,,
1,EV_B6_C1,4.0,85.0,,
1,EV_B6_C1,3.0,85.0,,
1,EV_B6_C1,2.0,85.0,,
1,EV_B6_C1,1.0,85.0,,
1,EV_B6_C1,0.0,85.0,,
3,,,,,
3,,,,,
3,,,,,
3,,,,,
3,,,,,
3,,,,,
3,,,,,
3,,,,,
3,,,,,
3,,,,,
2,EV_B6_C1,,,0.0,27.2347047365459
1,EV_B6_C1,11.0,85.0,,
1,EV_B6_C1,10.0,85.0,,
1,EV_B6_C1,9.0,85.0,,
1,EV_B6_C1,8.0,85.0,,
1,EV_B6_C1,7.0,85.0,,
1,EV_B6_C1,6.0,85.0,,
1,EV_B6_C1,5.0,85.0,,
1,EV_B6_C1,4.0,85.0,,
1,EV_B6_C1,3.0,85.0,,
1,EV_B6_C1,2.0,85.0,,
1,EV_B6_C1,1.0,85.0,,
1,EV_B6_C1,0.0,85.0,,
3,,,,,
3,,,,,
3,,,,,
3,,,,,
3,,,,,
3,,,,,
3,,,,,
3,,,,,
3,,,,,
3,,,,,
2,EV_B6_C1,,,0.0,32.825660631231315
1,EV_B6_C1,12.0,85.0,,
1,EV_B6_C1,11.0,85.0,,
1,EV_B6_C1,10.0,85.0,,
1,EV_B6_C1,9.0,85.0,,
1,EV_B6_C1,8.0,85.0,,
1,EV_B6_C1,7.0,85.0,,
1,EV_B6_C1,6.0,85.0,,
1,EV_B6_C1,5.0,85.0,,
1,EV_B6_C1,4.0,85.0,,
1,EV_B6_C1,3.0,85.0,,
1,EV_B6_C1,2.0,85.0,,
1,EV_B6_C1,1.0,85.0,,
1,EV_B6_C1,0.0,85.0,,
3,,,,,
3,,,,,
3,,,,,
3,,,,,
3,,,,,
3,,,,,
3,,,,,
3,,,,,
3,,,,,
3,,,,,
2,EV_B6_C1,,,0.0,23.897809983629546
1,EV_B6_C1,12.0,85.0,,
1,EV_B6_C1,11.0,85.0,,
1,EV_B6_C1,10.0,85.0,,
1,EV_B6_C1,9.0,85.0,,
1,EV_B6_C1,8.0,85.0,,
1,EV_B6_C1,7.0,85.0,,
1,EV_B6_C1,6.0,85.0,,
1,EV_B6_C1,5.0,85.0,,
1,EV_B6_C1,4.0,85.0,,
1,EV_B6_C1,3.0,85.0,,
1,EV_B6_C1,2.0,85.0,,
1,EV_B6_C1,1.0,85.0,,
1,EV_B6_C1,0.0,85.0,,
3,,,,,
3,,,,,
3,,,,,
3,,,,,
3,,,,,
3,,,,,
3,,,,,
3,,,,,
3,,,,,
3,,,,,
3,,,,,
2,EV_B6_C1,,,0.0,20.35364103778877
1,EV_B6_C1,11.0,85.0,,
1,EV_B6_C1,10.0,85.0,,
1,EV_B6_C1,9.0,85.0,,
1,EV_B6_C1,8.0,85.0,,
1,EV_B6_C1,7.0,85.0,,
1,EV_B6_C1,6.0,85.0,,
1,EV_B6_C1,5.0,85.0,,
1,EV_B6_C1,4.0,85.0,,
1,EV_B6_C1,3.0,85.0,,
1,EV_B6_C1,2.0,85.0,,
1,EV_B6_C1,1.0,85.0,,
1,EV_B6_C1,0.0,85.0,,
3,,,,,
3,,,,,
3,,,,,
3,,,,,
3,,,,,
3,,,,,
3,,,,,
3,,,,,
3,,,,,
3,,,,,
3,,,,,
3,,,,,
3,,,,,
3,,,,,
3,,,,,
3,,,,,
3,,,,,
3,,,,,
3,,,,,
3,,,,,
3,,,,,
3,,,,,
3,,,,,
3,,,,,
3,,,,,
3,,,,,
3,,,,,
3,,,,,
3,,,,,
3,,,,,
3,,,,,
3,,,,,
3,,,,,
3,,,,,
3,,,,,
3,,,,,
3,,,,,
3,,,,,
3,,,,,
3,,,,,
3,,,,,
3,,,,,
3,,,,,
3,,,,,
3,,,,,
3,,,,,
3,,,,,
3,,,,,
3,,,,,
3,,,,,
3,,,,,
3,,,,,
3,,,,,
3,,,,,
3,,,,,
3,,,,,
3,,,,,
2,EV_B6_C1,,,0.0,31.52024472955946
1,EV_B6_C1,13.0,85.0,,
1,EV_B6_C1,12.0,85.0,,
1,EV_B6_C1,11.0,85.0,,
1,EV_B6_C1,10.0,85.0,,
1,EV_B6_C1,9.0,85.0,,
1,EV_B6_C1,8.0,85.0,,
1,EV_B6_C1,7.0,85.0,,
1,EV_B6_C1,6.0,85.0,,
1,EV_B6_C1,5.0,85.0,,
1,EV_B6_C1,4.0,85.0,,
1,EV_B6_C1,3.0,85.0,,
1,EV_B6_C1,2.0,85.0,,
1,EV_B6_C1,1.0,85.0,,
1,EV_B6_C1,0.0,85.0,,
3,,,,,
3,,,,,
3,,,,,
3,,,,,
3,,,,,
3,,,,,
3,,,,,
3,,,,,
3,,,,,
3,,,,,
3,,,,,
2,EV_B6_C1,,,0.0,24.400100593270157
1,EV_B6_C1,12.0,85.0,,
1,EV_B6_C1,11.0,85.0,,
1,EV_B6_C1,10.0,85.0,,
1,EV_B6_C1,9.0,85.0,,
1,EV_B6_C1,8.0,85.0,,
1,EV_B6_C1,7.0,85.0,,
1,EV_B6_C1,6.0,85.0,,
1,EV_B6_C1,5.0,85.0,,
1,EV_B6_C1,4.0,85.0,,
1,EV_B6_C1,3.0,85.0,,
1,EV_B6_C1,2.0,85.0,,
1,EV_B6_C1,1.0,85.0,,
1,EV_B6_C1,0.0,85.0,,
3,,,,,
3,,,,,
3,,,,,
3,,,,,
3,,,,,
3,,,,,
3,,,,,
3,,,,,
3,,,,,
3,,,,,
2,EV_B6_C1,,,0.0,30.933175332747346
1,EV_B6_C1,12.0,85.0,,
1,EV_B6_C1,11.0,85.0,,
1,EV_B6_C1,10.0,85.0,,
1,EV_B6_C1,9.0,85.0,,
1,EV_B6_C1,8.0,85.0,,
1,EV_B6_C1,7.0,85.0,,
1,EV_B6_C1,6.0,85.0,,
1,EV_B6_C1,5.0,85.0,,
1,EV_B6_C1,4.0,85.0,,
1,EV_B6_C1,3.0,85.0,,
1,EV_B6_C1,2.0,85.0,,
1,EV_B6_C1,1.0,85.0,,
1,EV_B6_C1,0.0,85.0,,
3,,,,,
3,,,,,
3,,,,,
3,,,,,
3,,,,,
3,,,,,
3,,,,,
3,,,,,
3,,,,,
3,,,,,
3,,,,,
3,,,,,
3,,,,,
2,EV_B6_C1,,,0.0,25.179075988105225
1,EV_B6_C1,9.0,85.0,,
1,EV_B6_C1,8.0,85.0,,
1,EV_B6_C1,7.0,85.0,,
1,EV_B6_C1,6.0,85.0,,
1,EV_B6_C1,5.0,85.0,,
1,EV_B6_C1,4.0,85.0,,
1,EV_B6_C1,3.0,85.0,,
1,EV_B6_C1,2.0,85.0,,
1,EV_B6_C1,1.0,85.0,,
1,EV_B6_C1,0.0,85.0,,
3,,,,,
3,,,,,
3,,,,,
3,,,,,
3,,,,,
3,,,,,
3,,,,,
3,,,,,
3,,,,,
3,,,,,
3,,,,,
2,EV_B6_C1,,,0.0,23.6075044826102
1,EV_B6_C1,11.0,85.0,,
1,EV_B6_C1,10.0,85.0,,
1,EV_B6_C1,9.0,85.0,,
1,EV_B6_C1,8.0,85.0,,
1,EV_B6_C1,7.0,85.0,,
1,EV_B6_C1,6.0,85.0,,
1,EV_B6_C1,5.0,85.0,,
1,EV_B6_C1,4.0,85.0,,
1,EV_B6_C1,3.0,85.0,,
1,EV_B6_C1,2.0,85.0,,
1,EV_B6_C1,1.0,85.0,,
1,EV_B6_C1,0.0,85.0,,
3,,,,,
3,,,,,
3,,,,,
3,,,,,
3,,,,,
3,,,,,
3,,,,,
3,,,,,
3,,,,,
3,,,,,
3,,,,,
3,,,,,
3,,,,,
3,,,,,
3,,,,,
3,,,,,
3,,,,,
3,,,,,
3,,,,,
3,,,,,
3,,,,,
3,,,,,
3,,,,,
3,,,,,
3,,,,,
3,,,,,
3,,,,,
3,,,,,
3,,,,,
3,,,,,
3,,,,,
3,,,,,
3,,,,,
3,,,,,
3,,,,,
3,,,,,
3,,,,,
3,,,,,
3,,,,,
3,,,,,
3,,,,,
3,,,,,
3,,,,,
3,,,,,
3,,,,,
3,,,,,
3,,,,,
3,,,,,
3,,,,,
3,,,,,
3,,,,,
3,,,,,
3,,,,,
3,,,,,
3,,,,,
3,,,,,
3,,,,,
2,EV_B6_C1,,,0.0,22.87034272809669
1,EV_B6_C1,12.0,85.0,,
1,EV_B6_C1,11.0,85.0,,
1,EV_B6_C1,10.0,85.0,,
1,EV_B6_C1,9.0,85.0,,
1,EV_B6_C1,8.0,85.0,,
1,EV_B6_C1,7.0,85.0,,
1,EV_B6_C1,6.0,85.0,,
1,EV_B6_C1,5.0,85.0,,
1,EV_B6_C1,4.0,85.0,,
1,EV_B6_C1,3.0,85.0,,
1,EV_B6_C1,2.0,85.0,,
1,EV_B6_C1,1.0,85.0,,
1,EV_B6_C1,0.0,85.0,,
3,,,,,
3,,,,,
3,,,,,
3,,,,,
3,,,,,
3,,,,,
3,,,,,
3,,,,,
3,,,,,
3,,,,,
3,,,,,
3,,,,,
2,EV_B6_C1,,,0.0,23.04735842878771
1,EV_B6_C1,10.0,85.0,,
1,EV_B6_C1,9.0,85.0,,
1,EV_B6_C1,8.0,85.0,,
1,EV_B6_C1,7.0,85.0,,
1,EV_B6_C1,6.0,85.0,,
1,EV_B6_C1,5.0,85.0,,
1,EV_B6_C1,4.0,85.0,,
1,EV_B6_C1,3.0,85.0,,
1,EV_B6_C1,2.0,85.0,,
1,EV_B6_C1,1.0,85.0,,
1,EV_B6_C1,0.0,85.0,,
3,,,,,
3,,,,,
3,,,,,
3,,,,,
3,,,,,
3,,,,,
3,,,,,
3,,,,,
3,,,,,
3,,,,,
2,EV_B6_C1,,,0.0,34.22858225546275
1,EV_B6_C1,14.0,85.0,,
1,EV_B6_C1,13.0,85.0,,
1,EV_B6_C1,12.0,85.0,,
1,EV_B6_C1,11.0,85.0,,
1,EV_B6_C1,10.0,85.0,,
1,EV_B6_C1,9.0,85.0,,
1,EV_B6_C1,8.0,85.0,,
1,EV_B6_C1,7.0,85.0,,
1,EV_B6_C1,6.0,85.0,,
1,EV_B6_C1,5.0,85.0,,
1,EV_B6_C1,4.0,85.0,,
1,EV_B6_C1,3.0,85.0,,
1,EV_B6_C1,2.0,85.0,,
1,EV_B6_C1,1.0,85.0,,
1,EV_B6_C1,0.0,85.0,,
3,,,,,
3,,,,,
3,,,,,
3,,,,,
3,,,,,
3,,,,,
3,,,,,
3,,,,,
3,,,,,
2,EV_B6_C1,,,0.0,26.009494941868734
1,EV_B6_C1,11.0,85.0,,
1,EV_B6_C1,10.0,85.0,,
1,EV_B6_C1,9.0,85.0,,
1,EV_B6_C1,8.0,85.0,,
1,EV_B6_C1,7.0,85.0,,
1,EV_B6_C1,6.0,85.0,,
1,EV_B6_C1,5.0,85.0,,
1,EV_B6_C1,4.0,85.0,,
1,EV_B6_C1,3.0,85.0,,
1,EV_B6_C1,2.0,85.0,,
1,EV_B6_C1,1.0,85.0,,
1,EV_B6_C1,0.0,85.0,,
3,,,,,
3,,,,,
3,,,,,
3,,,,,
3,,,,,
3,,,,,
3,,,,,
3,,,,,
3,,,,,
3,,,,,
3,,,,,
3,,,,,
3,,,,,
3,,,,,
3,,,,,
3,,,,,
3,,,,,
3,,,,,
3,,,,,
3,,,,,
3,,,,,
3,,,,,
3,,,,,
3,,,,,
3,,,,,
3,,,,,
3,,,,,
3,,,,,
3,,,,,
3,,,,,
3,,,,,
3,,,,,
3,,,,,
3,,,,,
3,,,,,
3,,,,,
3,,,,,
3,,,,,
3,,,,,
3,,,,,
3,,,,,
3,,,,,
3,,,,,
3,,,,,
3,,,,,
3,,,,,
3,,,,,
3,,,,,
3,,,,,
3,,,,,
3,,,,,
3,,,,,
3,,,,,
3,,,,,
3,,,,,
3,,,,,
3,,,,,
3,,,,,
3,,,,,
3,,,,,
3,,,,,
3,,,,,
3,,,,,
3,,,,,
3,,,,,
3,,,,,
3,,,,,
3,,,,,
3,,,,,
3,,,,,
3,,,,,
3,,,,,
3,,,,,
3,,,,,
3,,,,,
3,,,,,
3,,,,,
3,,,,,
3,,,,,
3,,,,,
3,,,,,
3,,,,,
3,,,,,
2,EV_B6_C1,,,0.0,20.900795222315036
1,EV_B6_C1,11.0,85.0,,
1,EV_B6_C1,10.0,85.0,,
1,EV_B6_C1,9.0,85.0,,
1,EV_B6_C1,8.0,85.0,,
1,EV_B6_C1,7.0,85.0,,
1,EV_B6_C1,6.0,85.0,,
1,EV_B6_C1,5.0,85.0,,
1,EV_B6_C1,4.0,85.0,,
1,EV_B6_C1,3.0,85.0,,
1,EV_B6_C1,2.0,85.0,,
1,EV_B6_C1,1.0,85.0,,
1,EV_B6_C1,0.0,85.0,,
3,,,,,
3,,,,,
3,,,,,
3,,,,,
3,,,,,
3,,,,,
3,,,,,
3,,,,,
3,,,,,
3,,,,,
3,,,,,
3,,,,,
2,EV_B6_C1,,,0.0,28.057575494606844
1,EV_B6_C1,10.0,85.0,,
1,EV_B6_C1,9.0,85.0,,
1,EV_B6_C1,8.0,85.0,,
1,EV_B6_C1,7.0,85.0,,
1,EV_B6_C1,6.0,85.0,,
1,EV_B6_C1,5.0,85.0,,
1,EV_B6_C1,4.0,85.0,,
1,EV_B6_C1,3.0,85.0,,
1,EV_B6_C1,2.0,85.0,,
1,EV_B6_C1,1.0,85.0,,
1,EV_B6_C1,0.0,85.0,,
3,,,,,
3,,,,,
3,,,,,
3,,,,,
3,,,,,
3,,,,,
3,,,,,
3,,,,,
3,,,,,
3,,,,,
3,,,,,
2,EV_B6_C1,,,0.0,27.37286666450575
1,EV_B6_C1,13.0,85.0,,
1,EV_B6_C1,12.0,85.0,,
1,EV_B6_C1,11.0,85.0,,
1,EV_B6_C1,10.0,85.0,,
1,EV_B6_C1,9.0,85.0,,
1,EV_B6_C1,8.0,85.0,,
1,EV_B6_C1,7.0,85.0,,
1,EV_B6_C1,6.0,85.0,,
1,EV_B6_C1,5.0,85.0,,
1,EV_B6_C1,4.0,85.0,,
1,EV_B6_C1,3.0,85.0,,
1,EV_B6_C1,2.0,85.0,,
1,EV_B6_C1,1.0,85.0,,
1,EV_B6_C1,0.0,85.0,,
3,,,,,
3,,,,,
3,,,,,
3,,,,,
3,,,,,
3,,,,,
3,,,,,
3,,,,,
3,,,,,
3,,,,,
3,,,,,
3,,,,,
3,,,,,
3,,,,,
3,,,,,
3,,,,,
3,,,,,
3,,,,,
3,,,,,
3,,,,,
3,,,,,
3,,,,,
3,,,,,
3,,,,,
3,,,,,
3,,,,,
3,,,,,
3,,,,,
3,,,,,
3,,,,,
3,,,,,
3,,,,,
3,,,,,
3,,,,,
3,,,,,
2,EV_B6_C1,,,0.0,20.759946102058812
1,EV_B6_C1,10.0,85.0,,
1,EV_B6_C1,9.0,85.0,,
1,EV_B6_C1,8.0,85.0,,
1,EV_B6_C1,7.0,85.0,,
1,EV_B6_C1,6.0,85.0,,
1,EV_B6_C1,5.0,85.0,,
1,EV_B6_C1,4.0,85.0,,
1,EV_B6_C1,3.0,85.0,,
1,EV_B6_C1,2.0,85.0,,
1,EV_B6_C1,1.0,85.0,,
1,EV_B6_C1,0.0,85.0,,
3,,,,,
3,,,,,
3,,,,,
3,,,,,
3,,,,,
3,,,,,
3,,,,,
3,,,,,
3,,,,,
3,,,,,
3,,,,,
3,,,,,
3,,,,,
3,,,,,
3,,,,,
3,,,,,
3,,,,,
3,,,,,
3,,,,,
3,,,,,
3,,,,,
3,,,,,
3,,,,,
3,,,,,
3,,,,,
3,,,,,
3,,,,,
3,,,,,
3,,,,,
3,,,,,
3,,,,,
3,,,,,
3,,,,,
3,,,,,
3,,,,,
3,,,,,
3,,,,,
3,,,,,
3,,,,,
3,,,,,
3,,,,,
3,,,,,
3,,,,,
3,,,,,
3,,,,,
3,,,,,
3,,,,,
3,,,,,
3,,,,,
3,,,,,
3,,,,,
3,,,,,
3,,,,,
3,,,,,
3,,,,,
3,,,,,
3,,,,,
3,,,,,
2,EV_B6_C1,,,0.0,28.02057116182
1,EV_B6_C1,11.0,85.0,,
1,EV_B6_C1,10.0,85.0,,
1,EV_B6_C1,9.0,85.0,,
1,EV_B6_C1,8.0,85.0,,
1,EV_B6_C1,7.0,85.0,,
1,EV_B6_C1,6.0,85.0,,
1,EV_B6_C1,5.0,85.0,,
1,EV_B6_C1,4.0,85.0,,
1,EV_B6_C1,3.0,85.0,,
1,EV_B6_C1,2.0,85.0,,
1,EV_B6_C1,1.0,85.0,,
1,EV_B6_C1,0.0,85.0,,
3,,,,,
3,,,,,
3,,,,,
3,,,,,
3,,,,,
3,,,,,
3,,,,,
3,,,,,
3,,,,,
3,,,,,
3,,,,,
3,,,,,
3,,,,,
3,,,,,
3,,,,,
3,,,,,
3,,,,,
3,,,,,
3,,,,,
3,,,,,
3,,,,,
3,,,,,
3,,,,,
3,,,,,
3,,,,,
3,,,,,
3,,,,,
3,,,,,
3,,,,,
3,,,,,
3,,,,,
3,,,,,
3,,,,,
3,,,,,
3,,,,,
2,EV_B6_C1,,,0.0,25.376985775501566
1,EV_B6_C1,11.0,85.0,,
1,EV_B6_C1,10.0,85.0,,
1,EV_B6_C1,9.0,85.0,,
1,EV_B6_C1,8.0,85.0,,
1,EV_B6_C1,7.0,85.0,,
1,EV_B6_C1,6.0,85.0,,
1,EV_B6_C1,5.0,85.0,,
1,EV_B6_C1,4.0,85.0,,
1,EV_B6_C1,3.0,85.0,,
1,EV_B6_C1,2.0,85.0,,
1,EV_B6_C1,1.0,85.0,,
1,EV_B6_C1,0.0,85.0,,
3,,,,,
3,,,,,
3,,,,,
3,,,,,
3,,,,,
3,,,,,
3,,,,,
3,,,,,
3,,,,,
3,,,,,
3,,,,,
3,,,,,
2,EV_B6_C1,,,0.0,21.309734186783803
1,EV_B6_C1,11.0,85.0,,
1,EV_B6_C1,10.0,85.0,,
1,EV_B6_C1,9.0,85.0,,
1,EV_B6_C1,8.0,85.0,,
1,EV_B6_C1,7.0,85.0,,
1,EV_B6_C1,6.0,85.0,,
1,EV_B6_C1,5.0,85.0,,
1,EV_B6_C1,4.0,85.0,,
1,EV_B6_C1,3.0,85.0,,
1,EV_B6_C1,2.0,85.0,,
1,EV_B6_C1,1.0,85.0,,
1,EV_B6_C1,0.0,85.0,,
3,,,,,
3,,,,,
3,,,,,
3,,,,,
3,,,,,
3,,,,,
3,,,,,
3,,,,,
3,,,,,
2,EV_B6_C1,,,0.0,32.5126305870329
1,EV_B6_C1,11.0,85.0,,
1,EV_B6_C1,10.0,85.0,,
1,EV_B6_C1,9.0,85.0,,
1,EV_B6_C1,8.0,85.0,,
1,EV_B6_C1,7.0,85.0,,
1,EV_B6_C1,6.0,85.0,,
1,EV_B6_C1,5.0,85.0,,
1,EV_B6_C1,4.0,85.0,,
1,EV_B6_C1,3.0,85.0,,
1,EV_B6_C1,2.0,85.0,,
1,EV_B6_C1,1.0,85.0,,
1,EV_B6_C1,0.0,85.0,,
3,,,,,
3,,,,,
3,,,,,
3,,,,,
3,,,,,
3,,,,,
3,,,,,
3,,,,,
3,,,,,
3,,,,,
3,,,,,
3,,,,,
3,,,,,
3,,,,,
3,,,,,
3,,,,,
3,,,,,
3,,,,,
3,,,,,
3,,,,,
3,,,,,
3,,,,,
3,,,,,
3,,,,,
3,,,,,
3,,,,,
3,,,,,
3,,,,,
3,,,,,
3,,,,,
3,,,,,
3,,,,,
3,,,,,
3,,,,,
3,,,,,
3,,,,,
3,,,,,
3,,,,,
3,,,,,
3,,,,,
3,,,,,
3,,,,,
3,,,,,
3,,,,,
3,,,,,
3,,,,,
3,,,,,
3,,,,,
3,,,,,
3,,,,,
3,,,,,
3,,,,,
3,,,,,
3,,,,,
3,,,,,
3,,,,,
3,,,,,
3,,,,,
3,,,,,
3,,,,,
2,EV_B6_C1,,,0.0,25.179186225438176
1,EV_B6_C1,11.0,85.0,,
1,EV_B6_C1,10.0,85.0,,
1,EV_B6_C1,9.0,85.0,,
1,EV_B6_C1,8.0,85.0,,
1,EV_B6_C1,7.0,85.0,,
1,EV_B6_C1,6.0,85.0,,
1,EV_B6_C1,5.0,85.0,,
1,EV_B6_C1,4.0,85.0,,
1,EV_B6_C1,3.0,85.0,,
1,EV_B6_C1,2.0,85.0,,
1,EV_B6_C1,1.0,85.0,,
1,EV_B6_C1,0.0,85.0,,
3,,,,,
3,,,,,
3,,,,,
3,,,,,
3,,,,,
3,,,,,
3,,,,,
3,,,,,
3,,,,,
3,,,,,
3,,,,,
3,,,,,
2,EV_B6_C1,,,0.0,28.410116718386718
1,EV_B6_C1,11.0,85.0,,
1,EV_B6_C1,10.0,85.0,,
1,EV_B6_C1,9.0,85.0,,
1,EV_B6_C1,8.0,85.0,,
1,EV_B6_C1,7.0,85.0,,
1,EV_B6_C1,6.0,85.0,,
1,EV_B6_C1,5.0,85.0,,
1,EV_B6_C1,4.0,85.0,,
1,EV_B6_C1,3.0,85.0,,
1,EV_B6_C1,2.0,85.0,,
1,EV_B6_C1,1.0,85.0,,
1,EV_B6_C1,0.0,85.0,,
3,,,,,
3,,,,,
3,,,,,
3,,,,,
3,,,,,
3,,,,,
3,,,,,
3,,,,,
3,,,,,
2,EV_B6_C1,,,0.0,31.404586095891084
1,EV_B6_C1,13.0,85.0,,
1,EV_B6_C1,12.0,85.0,,
1,EV_B6_C1,11.0,85.0,,
1,EV_B6_C1,10.0,85.0,,
1,EV_B6_C1,9.0,85.0,,
1,EV_B6_C1,8.0,85.0,,
1,EV_B6_C1,7.0,85.0,,
1,EV_B6_C1,6.0,85.0,,
1,EV_B6_C1,5.0,85.0,,
1,EV_B6_C1,4.0,85.0,,
1,EV_B6_C1,3.0,85.0,,
1,EV_B6_C1,2.0,85.0,,
1,EV_B6_C1,1.0,85.0,,
1,EV_B6_C1,0.0,85.0,,
3,,,,,
3,,,,,
3,,,,,
3,,,,,
3,,,,,
3,,,,,
3,,,,,
3,,,,,
3,,,,,
3,,,,,
3,,,,,
3,,,,,
2,EV_B6_C1,,,0.0,27.66889945530985
1,EV_B6_C1,10.0,85.0,,
1,EV_B6_C1,9.0,85.0,,
1,EV_B6_C1,8.0,85.0,,
1,EV_B6_C1,7.0,85.0,,
1,EV_B6_C1,6.0,85.0,,
1,EV_B6_C1,5.0,85.0,,
1,EV_B6_C1,4.0,85.0,,
1,EV_B6_C1,3.0,85.0,,
1,EV_B6_C1,2.0,85.0,,
1,EV_B6_C1,1.0,85.0,,
1,EV_B6_C1,0.0,85.0,,
3,,,,,
3,,,,,
3,,,,,
3,,,,,
3,,,,,
3,,,,,
3,,,,,
3,,,,,
3,,,,,
3,,,,,
2,EV_B6_C1,,,0.0,27.944832428980515
1,EV_B6_C1,12.0,85.0,,
1,EV_B6_C1,11.0,85.0,,
1,EV_B6_C1,10.0,85.0,,
1,EV_B6_C1,9.0,85.0,,
1,EV_B6_C1,8.0,85.0,,
1,EV_B6_C1,7.0,85.0,,
1,EV_B6_C1,6.0,85.0,,
1,EV_B6_C1,5.0,85.0,,
1,EV_B6_C1,4.0,85.0,,
1,EV_B6_C1,3.0,85.0,,
1,EV_B6_C1,2.0,85.0,,
1,EV_B6_C1,1.0,85.0,,
1,EV_B6_C1,0.0,85.0,,
3,,,,,
3,,,,,
3,,,,,
3,,,,,
3,,,,,
3,,,,,
3,,,,,
3,,,,,
3,,,,,
3,,,,,
3,,,,,
3,,,,,
3,,,,,
3,,,,,
3,,,,,
3,,,,,
3,,,,,
3,,,,,
3,,,,,
3,,,,,
3,,,,,
3,,,,,
3,,,,,
3,,,,,
3,,,,,
3,,,,,
3,,,,,
3,,,,,
3,,,,,
3,,,,,
3,,,,,
3,,,,,
3,,,,,
3,,,,,
3,,,,,
3,,,,,
3,,,,,
3,,,,,
3,,,,,
3,,,,,
3,,,,,
3,,,,,
3,,,,,
3,,,,,
3,,,,,
3,,,,,
3,,,,,
3,,,,,
3,,,,,
3,,,,,
3,,,,,
3,,,,,
3,,,,,
3,,,,,
3,,,,,
3,,,,,
3,,,,,
3,,,,,
3,,,,,
2,EV_B6_C1,,,0.0,25.61370930240139
1,EV_B6_C1,10.0,85.0,,
1,EV_B6_C1,9.0,85.0,,
1,EV_B6_C1,8.0,85.0,,
1,EV_B6_C1,7.0,85.0,,
1,EV_B6_C1,6.0,85.0,,
1,EV_B6_C1,5.0,85.0,,
1,EV_B6_C1,4.0,85.0,,
1,EV_B6_C1,3.0,85.0,,
1,EV_B6_C1,2.0,85.0,,
1,EV_B6_C1,1.0,85.0,,
1,EV_B6_C1,0.0,85.0,,
3,,,,,
3,,,,,
3,,,,,
3,,,,,
3,,,,,
3,,,,,
3,,,,,
3,,,,,
3,,,,,
3,,,,,
2,EV_B6_C1,,,0.0,25.329860681470066
1,EV_B6_C1,12.0,85.0,,
1,EV_B6_C1,11.0,85.0,,
1,EV_B6_C1,10.0,85.0,,
1,EV_B6_C1,9.0,85.0,,
1,EV_B6_C1,8.0,85.0,,
1,EV_B6_C1,7.0,85.0,,
1,EV_B6_C1,6.0,85.0,,
1,EV_B6_C1,5.0,85.0,,
1,EV_B6_C1,4.0,85.0,,
1,EV_B6_C1,3.0,85.0,,
1,EV_B6_C1,2.0,85.0,,
1,EV_B6_C1,1.0,85.0,,
1,EV_B6_C1,0.0,85.0,,
3,,,,,
3,,,,,
3,,,,,
3,,,,,
3,,,,,
3,,,,,
3,,,,,
3,,,,,
3,,,,,
3,,,,,
3,,,,,
2,EV_B6_C1,,,0.0,22.271249721979164
1,EV_B6_C1,11.0,85.0,,
1,EV_B6_C1,10.0,85.0,,
1,EV_B6_C1,9.0,85.0,,
1,EV_B6_C1,8.0,85.0,,
1,EV_B6_C1,7.0,85.0,,
1,EV_B6_C1,6.0,85.0,,
1,EV_B6_C1,5.0,85.0,,
1,EV_B6_C1,4.0,85.0,,
1,EV_B6_C1,3.0,85.0,,
1,EV_B6_C1,2.0,85.0,,
1,EV_B6_C1,1.0,85.0,,
1,EV_B6_C1,0.0,85.0,,
3,,,,,
3,,,,,
3,,,,,
3,,,,,
3,,,,,
3,,,,,
3,,,,,
3,,,,,
3,,,,,
3,,,,,
3,,,,,
3,,,,,
2,EV_B6_C1,,,0.0,34.71168947678673
1,EV_B6_C1,11.0,85.0,,
1,EV_B6_C1,10.0,85.0,,
1,EV_B6_C1,9.0,85.0,,
1,EV_B6_C1,8.0,85.0,,
1,EV_B6_C1,7.0,85.0,,
1,EV_B6_C1,6.0,85.0,,
1,EV_B6_C1,5.0,85.0,,
1,EV_B6_C1,4.0,85.0,,
1,EV_B6_C1,3.0,85.0,,
1,EV_B6_C1,2.0,85.0,,
1,EV_B6_C1,1.0,85.0,,
1,EV_B6_C1,0.0,85.0,,
3,,,,,
3,,,,,
3,,,,,
3,,,,,
3,,,,,
3,,,,,
3,,,,,
3,,,,,
2,EV_B6_C1,,,0.0,21.554672012375793
1,EV_B6_C1,13.0,85.0,,
1,EV_B6_C1,12.0,85.0,,
1,EV_B6_C1,11.0,85.0,,
1,EV_B6_C1,10.0,85.0,,
1,EV_B6_C1,9.0,85.0,,
1,EV_B6_C1,8.0,85.0,,
1,EV_B6_C1,7.0,85.0,,
1,EV_B6_C1,6.0,85.0,,
1,EV_B6_C1,5.0,85.0,,
1,EV_B6_C1,4.0,85.0,,
1,EV_B6_C1,3.0,85.0,,
1,EV_B6_C1,2.0,85.0,,
1,EV_B6_C1,1.0,85.0,,
1,EV_B6_C1,0.0,85.0,,
3,,,,,
3,,,,,
3,,,,,
3,,,,,
3,,,,,
3,,,,,
3,,,,,
3,,,,,
3,,,,,
3,,,,,
3,,,,,
3,,,,,
3,,,,,
3,,,,,
3,,,,,
3,,,,,
3,,,,,
3,,,,,
3,,,,,
3,,,,,
3,,,,,
3,,,,,
3,,,,,
3,,,,,
3,,,,,
3,,,,,
3,,,,,
3,,,,,
3,,,,,
3,,,,,
3,,,,,
3,,,,,
3,,,,,
3,,,,,
3,,,,,
3,,,,,
3,,,,,
3,,,,,
3,,,,,
3,,,,,
3,,,,,
3,,,,,
3,,,,,
3,,,,,
3,,,,,
3,,,,,
3,,,,,
3,,,,,
3,,,,,
3,,,,,
3,,,,,
3,,,,,
3,,,,,
3,,,,,
3,,,,,
3,,,,,
3,,,,,
3,,,,,
3,,,,,
2,EV_B6_C1,,,0.0,30.7167207386128
1,EV_B6_C1,11.0,85.0,,
1,EV_B6_C1,10.0,85.0,,
1,EV_B6_C1,9.0,85.0,,
1,EV_B6_C1,8.0,85.0,,
1,EV_B6_C1,7.0,85.0,,
1,EV_B6_C1,6.0,85.0,,
1,EV_B6_C1,5.0,85.0,,
1,EV_B6_C1,4.0,85.0,,
1,EV_B6_C1,3.0,85.0,,
1,EV_B6_C1,2.0,85.0,,
1,EV_B6_C1,1.0,85.0,,
1,EV_B6_C1,0.0,85.0,,
3,,,,,
3,,,,,
3,,,,,
3,,,,,
3,,,,,
3,,,,,
3,,,,,
3,,,,,
3,,,,,
3,,,,,
3,,,,,
3,,,,,
3,,,,,
2,EV_B6_C1,,,0.0,28.98562550374319
1,EV_B6_C1,10.0,85.0,,
1,EV_B6_C1,9.0,85.0,,
1,EV_B6_C1,8.0,85.0,,
1,EV_B6_C1,7.0,85.0,,
1,EV_B6_C1,6.0,85.0,,
1,EV_B6_C1,5.0,85.0,,
1,EV_B6_C1,4.0,85.0,,
1,EV_B6_C1,3.0,85.0,,
1,EV_B6_C1,2.0,85.0,,
1,EV_B6_C1,1.0,85.0,,
1,EV_B6_C1,0.0,85.0,,
3,,,,,
3,,,,,
3,,,,,
3,,,,,
3,,,,,
3,,,,,
3,,,,,
3,,,,,
3,,,,,
3,,,,,
3,,,,,
2,EV_B6_C1,,,0.0,23.040695544647157
1,EV_B6_C1,11.0,85.0,,
1,EV_B6_C1,10.0,85.0,,
1,EV_B6_C1,9.0,85.0,,
1,EV_B6_C1,8.0,85.0,,
1,EV_B6_C1,7.0,85.0,,
1,EV_B6_C1,6.0,85.0,,
1,EV_B6_C1,5.0,85.0,,
1,EV_B6_C1,4.0,85.0,,
1,EV_B6_C1,3.0,85.0,,
1,EV_B6_C1,2.0,85.0,,
1,EV_B6_C1,1.0,85.0,,
1,EV_B6_C1,0.0,85.0,,
3,,,,,
3,,,,,
3,,,,,
3,,,,,
3,,,,,
3,,,,,
3,,,,,
3,,,,,
3,,,,,
3,,,,,
2,EV_B6_C1,,,0.0,28.13832070962117
1,EV_B6_C1,11.0,85.0,,
1,EV_B6_C1,10.0,85.0,,
1,EV_B6_C1,9.0,85.0,,
1,EV_B6_C1,8.0,85.0,,
1,EV_B6_C1,7.0,85.0,,
1,EV_B6_C1,6.0,85.0,,
1,EV_B6_C1,5.0,85.0,,
1,EV_B6_C1,4.0,85.0,,
1,EV_B6_C1,3.0,85.0,,
1,EV_B6_C1,2.0,85.0,,
1,EV_B6_C1,1.0,85.0,,
1,EV_B6_C1,0.0,85.0,,
3,,,,,
3,,,,,
3,,,,,
3,,,,,
3,,,,,
3,,,,,
3,,,,,
3,,,,,
3,,,,,
3,,,,,
2,EV_B6_C1,,,0.0,20.01394775021738
1,EV_B6_C1,12.0,85.0,,
1,EV_B6_C1,11.0,85.0,,
1,EV_B6_C1,10.0,85.0,,
1,EV_B6_C1,9.0,85.0,,
1,EV_B6_C1,8.0,85.0,,
1,EV_B6_C1,7.0,85.0,,
1,EV_B6_C1,6.0,85.0,,
1,EV_B6_C1,5.0,85.0,,
1,EV_B6_C1,4.0,85.0,,
1,EV_B6_C1,3.0,85.0,,
1,EV_B6_C1,2.0,85.0,,
1,EV_B6_C1,1.0,85.0,,
1,EV_B6_C1,0.0,85.0,,
3,,,,,
3,,,,,
3,,,,,
3,,,,,
3,,,,,
3,,,,,
3,,,,,
3,,,,,
3,,,,,
3,,,,,
3,,,,,
3,,,,,
3,,,,,
3,,,,,
3,,,,,
3,,,,,
3,,,,,
3,,,,,
3,,,,,
3,,,,,
3,,,,,
3,,,,,
3,,,,,
3,,,,,
3,,,,,
3,,,,,
3,,,,,
3,,,,,
3,,,,,
3,,,,,
3,,,,,
3,,,,,
3,,,,,
3,,,,,
3,,,,,
3,,,,,
3,,,,,
3,,,,,
3,,,,,
3,,,,,
3,,,,,
3,,,,,
3,,,,,
3,,,,,
3,,,,,
3,,,,,
3,,,,,
3,,,,,
3,,,,,
3,,,,,
3,,,,,
3,,,,,
3,,,,,
3,,,,,
3,,,,,
3,,,,,
3,,,,,
3,,,,,
3,,,,,
3,,,,,
3,,,,,
2,EV_B6_C1,,,0.0,26.85835699813538
1,EV_B6_C1,9.0,85.0,,
1,EV_B6_C1,8.0,85.0,,
1,EV_B6_C1,7.0,85.0,,
1,EV_B6_C1,6.0,85.0,,
1,EV_B6_C1,5.0,85.0,,
1,EV_B6_C1,4.0,85.0,,
1,EV_B6_C1,3.0,85.0,,
1,EV_B6_C1,2.0,85.0,,
1,EV_B6_C1,1.0,85.0,,
1,EV_B6_C1,0.0,85.0,,
3,,,,,
3,,,,,
3,,,,,
3,,,,,
3,,,,,
3,,,,,
3,,,,,
3,,,,,
3,,,,,
3,,,,,
3,,,,,
3,,,,,
3,,,,,
2,EV_B6_C1,,,0.0,30.55964227749939
1,EV_B6_C1,9.0,85.0,,
1,EV_B6_C1,8.0,85.0,,
1,EV_B6_C1,7.0,85.0,,
1,EV_B6_C1,6.0,85.0,,
1,EV_B6_C1,5.0,85.0,,
1,EV_B6_C1,4.0,85.0,,
1,EV_B6_C1,3.0,85.0,,
1,EV_B6_C1,2.0,85.0,,
1,EV_B6_C1,1.0,85.0,,
1,EV_B6_C1,0.0,85.0,,
3,,,,,
3,,,,,
3,,,,,
3,,,,,
3,,,,,
3,,,,,
3,,,,,
3,,,,,
3,,,,,
3,,,,,
3,,,,,
2,EV_B6_C1,,,0.0,21.444008614878538
1,EV_B6_C1,11.0,85.0,,
1,EV_B6_C1,10.0,85.0,,
1,EV_B6_C1,9.0,85.0,,
1,EV_B6_C1,8.0,85.0,,
1,EV_B6_C1,7.0,85.0,,
1,EV_B6_C1,6.0,85.0,,
1,EV_B6_C1,5.0,85.0,,
1,EV_B6_C1,4.0,85.0,,
1,EV_B6_C1,3.0,85.0,,
1,EV_B6_C1,2.0,85.0,,
1,EV_B6_C1,1.0,85.0,,
1,EV_B6_C1,0.0,85.0,,
3,,,,,
3,,,,,
3,,,,,
3,,,,,
3,,,,,
3,,,,,
3,,,,,
3,,,,,
3,,,,,
3,,,,,
2,EV_B6_C1,,,0.0,32.47133567672037
1,EV_B6_C1,12.0,85.0,,
1,EV_B6_C1,11.0,85.0,,
1,EV_B6_C1,10.0,85.0,,
1,EV_B6_C1,9.0,85.0,,
1,EV_B6_C1,8.0,85.0,,
1,EV_B6_C1,7.0,85.0,,
1,EV_B6_C1,6.0,85.0,,
1,EV_B6_C1,5.0,85.0,,
1,EV_B6_C1,4.0,85.0,,
1,EV_B6_C1,3.0,85.0,,
1,EV_B6_C1,2.0,85.0,,
1,EV_B6_C1,1.0,85.0,,
1,EV_B6_C1,0.0,85.0,,
3,,,,,
3,,,,,
3,,,,,
3,,,,,
3,,,,,
3,,,,,
3,,,,,
3,,,,,
3,,,,,
3,,,,,
3,,,,,
2,EV_B6_C1,,,0.0,24.650009634828642
1,EV_B6_C1,11.0,85.0,,
1,EV_B6_C1,10.0,85.0,,
1,EV_B6_C1,9.0,85.0,,
1,EV_B6_C1,8.0,85.0,,
1,EV_B6_C1,7.0,85.0,,
1,EV_B6_C1,6.0,85.0,,
1,EV_B6_C1,5.0,85.0,,
1,EV_B6_C1,4.0,85.0,,
1,EV_B6_C1,3.0,85.0,,
1,EV_B6_C1,2.0,85.0,,
1,EV_B6_C1,1.0,85.0,,
1,EV_B6_C1,0.0,85.0,,
3,,,,,
3,,,,,
3,,,,,
3,,,,,
3,,,,,
3,,,,,
3,,,,,
3,,,,,
3,,,,,
3,,,,,
3,,,,,
3,,,,,
3,,,,,
3,,,,,
3,,,,,
3,,,,,
3,,,,,
3,,,,,
3,,,,,
3,,,,,
3,,,,,
3,,,,,
3,,,,,
3,,,,,
3,,,,,
3,,,,,
3,,,,,
3,,,,,
3,,,,,
3,,,,,
3,,,,,
3,,,,,
3,,,,,
3,,,,,
3,,,,,
3,,,,,
3,,,,,
3,,,,,
3,,,,,
3,,,,,
3,,,,,
3,,,,,
3,,,,,
3,,,,,
3,,,,,
3,,,,,
3,,,,,
3,,,,,
3,,,,,
3,,,,,
3,,,,,
3,,,,,
3,,,,,
3,,,,,
3,,,,,
3,,,,,
3,,,,,
3,,,,,
2,EV_B6_C1,,,0.0,32.202847563142086
1,EV_B6_C1,12.0,85.0,,
1,EV_B6_C1,11.0,85.0,,
1,EV_B6_C1,10.0,85.0,,
1,EV_B6_C1,9.0,85.0,,
1,EV_B6_C1,8.0,85.0,,
1,EV_B6_C1,7.0,85.0,,
1,EV_B6_C1,6.0,85.0,,
1,EV_B6_C1,5.0,85.0,,
1,EV_B6_C1,4.0,85.0,,
1,EV_B6_C1,3.0,85.0,,
1,EV_B6_C1,2.0,85.0,,
1,EV_B6_C1,1.0,85.0,,
1,EV_B6_C1,0.0,85.0,,
3,,,,,
3,,,,,
3,,,,,
3,,,,,
3,,,,,
3,,,,,
3,,,,,
3,,,,,
3,,,,,
3,,,,,
3,,,,,
3,,,,,
2,EV_B6_C1,,,0.0,33.14465090211664
1,EV_B6_C1,10.0,85.0,,
1,EV_B6_C1,9.0,85.0,,
1,EV_B6_C1,8.0,85.0,,
1,EV_B6_C1,7.0,85.0,,
1,EV_B6_C1,6.0,85.0,,
1,EV_B6_C1,5.0,85.0,,
1,EV_B6_C1,4.0,85.0,,
1,EV_B6_C1,3.0,85.0,,
1,EV_B6_C1,2.0,85.0,,
1,EV_B6_C1,1.0,85.0,,
1,EV_B6_C1,0.0,85.0,,
3,,,,,
3,,,,,
3,,,,,
3,,,,,
3,,,,,
3,,,,,
3,,,,,
3,,,,,
3,,,,,
3,,,,,
3,,,,,
2,EV_B6_C1,,,0.0,20.57088230694625
1,EV_B6_C1,12.0,85.0,,
1,EV_B6_C1,11.0,85.0,,
1,EV_B6_C1,10.0,85.0,,
1,EV_B6_C1,9.0,85.0,,
1,EV_B6_C1,8.0,85.0,,
1,EV_B6_C1,7.0,85.0,,
1,EV_B6_C1,6.0,85.0,,
1,EV_B6_C1,5.0,85.0,,
1,EV_B6_C1,4.0,85.0,,
1,EV_B6_C1,3.0,85.0,,
1,EV_B6_C1,2.0,85.0,,
1,EV_B6_C1,1.0,85.0,,
1,EV_B6_C1,0.0,85.0,,
3,,,,,
3,,,,,
3,,,,,
3,,,,,
3,,,,,
3,,,,,
3,,,,,
3,,,,,
3,,,,,
2,EV_B6_C1,,,0.0,23.19460982343412
1,EV_B6_C1,12.0,85.0,,
1,EV_B6_C1,11.0,85.0,,
1,EV_B6_C1,10.0,85.0,,
1,EV_B6_C1,9.0,85.0,,
1,EV_B6_C1,8.0,85.0,,
1,EV_B6_C1,7.0,85.0,,
1,EV_B6_C1,6.0,85.0,,
1,EV_B6_C1,5.0,85.0,,
1,EV_B6_C1,4.0,85.0,,
1,EV_B6_C1,3.0,85.0,,
1,EV_B6_C1,2.0,85.0,,
1,EV_B6_C1,1.0,85.0,,
1,EV_B6_C1,0.0,85.0,,
3,,,,,
3,,,,,
3,,,,,
3,,,,,
3,,,,,
3,,,,,
3,,,,,
3,,,,,
3,,,,,
3,,,,,
3,,,,,
3,,,,,
2,EV_B6_C1,,,0.0,33.41066842979634
1,EV_B6_C1,10.0,85.0,,
1,EV_B6_C1,9.0,85.0,,
1,EV_B6_C1,8.0,85.0,,
1,EV_B6_C1,7.0,85.0,,
1,EV_B6_C1,6.0,85.0,,
1,EV_B6_C1,5.0,85.0,,
1,EV_B6_C1,4.0,85.0,,
1,EV_B6_C1,3.0,85.0,,
1,EV_B6_C1,2.0,85.0,,
1,EV_B6_C1,1.0,85.0,,
1,EV_B6_C1,0.0,85.0,,
3,,,,,
3,,,,,
3,,,,,
3,,,,,
3,,,,,
3,,,,,
3,,,,,
3,,,,,
3,,,,,
3,,,,,
3,,,,,
3,,,,,
3,,,,,
3,,,,,
3,,,,,
3,,,,,
3,,,,,
3,,,,,
3,,,,,
3,,,,,
3,,,,,
3,,,,,
3,,,,,
3,,,,,
3,,,,,
3,,,,,
3,,,,,
3,,,,,
3,,,,,
3,,,,,
3,,,,,
3,,,,,
3,,,,,
3,,,,,
3,,,,,
3,,,,,
3,,,,,
3,,,,,
3,,,,,
3,,,,,
3,,,,,
3,,,,,
3,,,,,
3,,,,,
3,,,,,
3,,,,,
3,,,,,
3,,,,,
3,,,,,
3,,,,,
3,,,,,
3,,,,,
3,,,,,
3,,,,,
3,,,,,
3,,,,,
3,,,,,
3,,,,,
2,EV_B6_C1,,,0.0,24.794722353595628
1,EV_B6_C1,13.0,85.0,,
1,EV_B6_C1,12.0,85.0,,
1,EV_B6_C1,11.0,85.0,,
1,EV_B6_C1,10.0,85.0,,
1,EV_B6_C1,9.0,85.0,,
1,EV_B6_C1,8.0,85.0,,
1,EV_B6_C1,7.0,85.0,,
1,EV_B6_C1,6.0,85.0,,
1,EV_B6_C1,5.0,85.0,,
1,EV_B6_C1,4.0,85.0,,
1,EV_B6_C1,3.0,85.0,,
1,EV_B6_C1,2.0,85.0,,
1,EV_B6_C1,1.0,85.0,,
1,EV_B6_C1,0.0,85.0,,
3,,,,,
3,,,,,
3,,,,,
3,,,,,
3,,,,,
3,,,,,
3,,,,,
3,,,,,
2,EV_B6_C1,,,0.0,33.82029408051532
1,EV_B6_C1,13.0,85.0,,
1,EV_B6_C1,12.0,85.0,,
1,EV_B6_C1,11.0,85.0,,
1,EV_B6_C1,10.0,85.0,,
1,EV_B6_C1,9.0,85.0,,
1,EV_B6_C1,8.0,85.0,,
1,EV_B6_C1,7.0,85.0,,
1,EV_B6_C1,6.0,85.0,,
1,EV_B6_C1,5.0,85.0,,
1,EV_B6_C1,4.0,85.0,,
1,EV_B6_C1,3.0,85.0,,
1,EV_B6_C1,2.0,85.0,,
1,EV_B6_C1,1.0,85.0,,
1,EV_B6_C1,0.0,85.0,,
3,,,,,
3,,,,,
3,,,,,
3,,,,,
3,,,,,
3,,,,,
3,,,,,
3,,,,,
3,,,,,
3,,,,,
3,,,,,
3,,,,,
2,EV_B6_C1,,,0.0,22.68065870560409
1,EV_B6_C1,10.0,85.0,,
1,EV_B6_C1,9.0,85.0,,
1,EV_B6_C1,8.0,85.0,,
1,EV_B6_C1,7.0,85.0,,
1,EV_B6_C1,6.0,85.0,,
1,EV_B6_C1,5.0,85.0,,
1,EV_B6_C1,4.0,85.0,,
1,EV_B6_C1,3.0,85.0,,
1,EV_B6_C1,2.0,85.0,,
1,EV_B6_C1,1.0,85.0,,
1,EV_B6_C1,0.0,85.0,,
3,,,,,
3,,,,,
3,,,,,
3,,,,,
3,,,,,
3,,,,,
3,,,,,
3,,,,,
3,,,,,
3,,,,,
3,,,,,
2,EV_B6_C1,,,0.0,31.560946431137115
1,EV_B6_C1,11.0,85.0,,
1,EV_B6_C1,10.0,85.0,,
1,EV_B6_C1,9.0,85.0,,
1,EV_B6_C1,8.0,85.0,,
1,EV_B6_C1,7.0,85.0,,
1,EV_B6_C1,6.0,85.0,,
1,EV_B6_C1,5.0,85.0,,
1,EV_B6_C1,4.0,85.0,,
1,EV_B6_C1,3.0,85.0,,
1,EV_B6_C1,2.0,85.0,,
1,EV_B6_C1,1.0,85.0,,
1,EV_B6_C1,0.0,85.0,,
3,,,,,
3,,,,,
3,,,,,
3,,,,,
3,,,,,
3,,,,,
3,,,,,
3,,,,,
3,,,,,
3,,,,,
3,,,,,
2,EV_B6_C1,,,0.0,29.988636646192003
1,EV_B6_C1,11.0,85.0,,
1,EV_B6_C1,10.0,85.0,,
1,EV_B6_C1,9.0,85.0,,
1,EV_B6_C1,8.0,85.0,,
1,EV_B6_C1,7.0,85.0,,
1,EV_B6_C1,6.0,85.0,,
1,EV_B6_C1,5.0,85.0,,
1,EV_B6_C1,4.0,85.0,,
1,EV_B6_C1,3.0,85.0,,
1,EV_B6_C1,2.0,85.0,,
1,EV_B6_C1,1.0,85.0,,
1,EV_B6_C1,0.0,85.0,,
3,,,,,
3,,,,,
3,,,,,
3,,,,,
3,,,,,
3,,,,,
3,,,,,
3,,,,,
3,,,,,
3,,,,,
3,,,,,
3,,,,,
3,,,,,
3,,,,,
3,,,,,
3,,,,,
3,,,,,
3,,,,,
3,,,,,
3,,,,,
3,,,,,
3,,,,,
3,,,,,
3,,,,,
3,,,,,
3,,,,,
3,,,,,
3,,,,,
3,,,,,
3,,,,,
3,,,,,
3,,,,,
3,,,,,
3,,,,,
3,,,,,
3,,,,,
3,,,,,
3,,,,,
3,,,,,
3,,,,,
3,,,,,
3,,,,,
3,,,,,
3,,,,,
3,,,,,
3,,,,,
3,,,,,
3,,,,,
3,,,,,
3,,,,,
3,,,,,
3,,,,,
3,,,,,
3,,,,,
3,,,,,
3,,,,,
3,,,,,
3,,,,,
3,,,,,
2,EV_B6_C1,,,0.0,30.793259732432375
1,EV_B6_C1,11.0,85.0,,
1,EV_B6_C1,10.0,85.0,,
1,EV_B6_C1,9.0,85.0,,
1,EV_B6_C1,8.0,85.0,,
1,EV_B6_C1,7.0,85.0,,
1,EV_B6_C1,6.0,85.0,,
1,EV_B6_C1,5.0,85.0,,
1,EV_B6_C1,4.0,85.0,,
1,EV_B6_C1,3.0,85.0,,
1,EV_B6_C1,2.0,85.0,,
1,EV_B6_C1,1.0,85.0,,
1,EV_B6_C1,0.0,85.0,,
3,,,,,
3,,,,,
3,,,,,
3,,,,,
3,,,,,
3,,,,,
3,,,,,
3,,,,,
3,,,,,
3,,,,,
3,,,,,
3,,,,,
2,EV_B6_C1,,,0.0,31.685878722021616
1,EV_B6_C1,11.0,85.0,,
1,EV_B6_C1,10.0,85.0,,
1,EV_B6_C1,9.0,85.0,,
1,EV_B6_C1,8.0,85.0,,
1,EV_B6_C1,7.0,85.0,,
1,EV_B6_C1,6.0,85.0,,
1,EV_B6_C1,5.0,85.0,,
1,EV_B6_C1,4.0,85.0,,
1,EV_B6_C1,3.0,85.0,,
1,EV_B6_C1,2.0,85.0,,
1,EV_B6_C1,1.0,85.0,,
1,EV_B6_C1,0.0,85.0,,
3,,,,,
3,,,,,
3,,,,,
3,,,,,
3,,,,,
3,,,,,
3,,,,,
3,,,,,
3,,,,,
3,,,,,
3,,,,,
2,EV_B6_C1,,,0.0,27.108602273441623
1,EV_B6_C1,10.0,85.0,,
1,EV_B6_C1,9.0,85.0,,
1,EV_B6_C1,8.0,85.0,,
1,EV_B6_C1,7.0,85.0,,
1,EV_B6_C1,6.0,85.0,,
1,EV_B6_C1,5.0,85.0,,
1,EV_B6_C1,4.0,85.0,,
1,EV_B6_C1,3.0,85.0,,
1,EV_B6_C1,2.0,85.0,,
1,EV_B6_C1,1.0,85.0,,
1,EV_B6_C1,0.0,85.0,,
3,,,,,
3,,,,,
3,,,,,
3,,,,,
3,,,,,
3,,,,,
3,,,,,
3,,,,,
3,,,,,
3,,,,,
3,,,,,
3,,,,,
3,,,,,
2,EV_B6_C1,,,0.0,32.0125291980605
1,EV_B6_C1,10.0,85.0,,
1,EV_B6_C1,9.0,85.0,,
1,EV_B6_C1,8.0,85.0,,
1,EV_B6_C1,7.0,85.0,,
1,EV_B6_C1,6.0,85.0,,
1,EV_B6_C1,5.0,85.0,,
1,EV_B6_C1,4.0,85.0,,
1,EV_B6_C1,3.0,85.0,,
1,EV_B6_C1,2.0,85.0,,
1,EV_B6_C1,1.0,85.0,,
1,EV_B6_C1,0.0,85.0,,
3,,,,,
3,,,,,
3,,,,,
3,,,,,
3,,,,,
3,,,,,
3,,,,,
3,,,,,
3,,,,,
2,EV_B6_C1,,,0.0,21.136620261431336
1,EV_B6_C1,13.0,85.0,,
1,EV_B6_C1,12.0,85.0,,
1,EV_B6_C1,11.0,85.0,,
1,EV_B6_C1,10.0,85.0,,
1,EV_B6_C1,9.0,85.0,,
1,EV_B6_C1,8.0,85.0,,
1,EV_B6_C1,7.0,85.0,,
1,EV_B6_C1,6.0,85.0,,
1,EV_B6_C1,5.0,85.0,,
1,EV_B6_C1,4.0,85.0,,
1,EV_B6_C1,3.0,85.0,,
1,EV_B6_C1,2.0,85.0,,
1,EV_B6_C1,1.0,85.0,,
1,EV_B6_C1,0.0,85.0,,
3,,,,,
3,,,,,
3,,,,,
3,,,,,
3,,,,,
3,,,,,
3,,,,,
3,,,,,
3,,,,,
3,,,,,
3,,,,,
3,,,,,
3,,,,,
3,,,,,
3,,,,,
3,,,,,
3,,,,,
3,,,,,
3,,,,,
3,,,,,
3,,,,,
3,,,,,
3,,,,,
3,,,,,
3,,,,,
3,,,,,
3,,,,,
3,,,,,
3,,,,,
3,,,,,
3,,,,,
3,,,,,
3,,,,,
3,,,,,
3,,,,,
3,,,,,
3,,,,,
3,,,,,
3,,,,,
3,,,,,
3,,,,,
3,,,,,
3,,,,,
3,,,,,
3,,,,,
3,,,,,
3,,,,,
3,,,,,
3,,,,,
3,,,,,
3,,,,,
3,,,,,
3,,,,,
3,,,,,
3,,,,,
3,,,,,
3,,,,,
3,,,,,
3,,,,,
2,EV_B6_C1,,,0.0,28.850118398199147
1,EV_B6_C1,10.0,85.0,,
1,EV_B6_C1,9.0,85.0,,
1,EV_B6_C1,8.0,85.0,,
1,EV_B6_C1,7.0,85.0,,
1,EV_B6_C1,6.0,85.0,,
1,EV_B6_C1,5.0,85.0,,
1,EV_B6_C1,4.0,85.0,,
1,EV_B6_C1,3.0,85.0,,
1,EV_B6_C1,2.0,85.0,,
1,EV_B6_C1,1.0,85.0,,
1,EV_B6_C1,0.0,85.0,,
3,,,,,
3,,,,,
3,,,,,
3,,,,,
3,,,,,
3,,,,,
3,,,,,
3,,,,,
3,,,,,
3,,,,,
3,,,,,
2,EV_B6_C1,,,0.0,27.447158575404085
1,EV_B6_C1,11.0,85.0,,
1,EV_B6_C1,10.0,85.0,,
1,EV_B6_C1,9.0,85.0,,
1,EV_B6_C1,8.0,85.0,,
1,EV_B6_C1,7.0,85.0,,
1,EV_B6_C1,6.0,85.0,,
1,EV_B6_C1,5.0,85.0,,
1,EV_B6_C1,4.0,85.0,,
1,EV_B6_C1,3.0,85.0,,
1,EV_B6_C1,2.0,85.0,,
1,EV_B6_C1,1.0,85.0,,
1,EV_B6_C1,0.0,85.0,,
3,,,,,
3,,,,,
3,,,,,
3,,,,,
3,,,,,
3,,,,,
3,,,,,
3,,,,,
3,,,,,
3,,,,,
2,EV_B6_C1,,,0.0,21.347946973293595
1,EV_B6_C1,11.0,85.0,,
1,EV_B6_C1,10.0,85.0,,
1,EV_B6_C1,9.0,85.0,,
1,EV_B6_C1,8.0,85.0,,
1,EV_B6_C1,7.0,85.0,,
1,EV_B6_C1,6.0,85.0,,
1,EV_B6_C1,5.0,85.0,,
1,EV_B6_C1,4.0,85.0,,
1,EV_B6_C1,3.0,85.0,,
1,EV_B6_C1,2.0,85.0,,
1,EV_B6_C1,1.0,85.0,,
1,EV_B6_C1,0.0,85.0,,
3,,,,,
3,,,,,
3,,,,,
3,,,,,
3,,,,,
3,,,,,
3,,,,,
3,,,,,
3,,,,,
3,,,,,
3,,,,,
3,,,,,
3,,,,,
2,EV_B6_C1,,,0.0,33.92293798652279
1,EV_B6_C1,11.0,85.0,,
1,EV_B6_C1,10.0,85.0,,
1,EV_B6_C1,9.0,85.0,,
1,EV_B6_C1,8.0,85.0,,
1,EV_B6_C1,7.0,85.0,,
1,EV_B6_C1,6.0,85.0,,
1,EV_B6_C1,5.0,85.0,,
1,EV_B6_C1,4.0,85.0,,
1,EV_B6_C1,3.0,85.0,,
1,EV_B6_C1,2.0,85.0,,
1,EV_B6_C1,1.0,85.0,,
1,EV_B6_C1,0.0,85.0,,
3,,,,,
3,,,,,
3,,,,,
3,,,,,
3,,,,,
3,,,,,
3,,,,,
3,,,,,
3,,,,,
3,,,,,
3,,,,,
2,EV_B6_C1,,,0.0,29.915747843610685
1,EV_B6_C1,10.0,85.0,,
1,EV_B6_C1,9.0,85.0,,
1,EV_B6_C1,8.0,85.0,,
1,EV_B6_C1,7.0,85.0,,
1,EV_B6_C1,6.0,85.0,,
1,EV_B6_C1,5.0,85.0,,
1,EV_B6_C1,4.0,85.0,,
1,EV_B6_C1,3.0,85.0,,
1,EV_B6_C1,2.0,85.0,,
1,EV_B6_C1,1.0,85.0,,
1,EV_B6_C1,0.0,85.0,,
3,,,,,
3,,,,,
3,,,,,
3,,,,,
3,,,,,
3,,,,,
3,,,,,
3,,,,,
3,,,,,
3,,,,,
3,,,,,
3,,,,,
3,,,,,
3,,,,,
3,,,,,
3,,,,,
3,,,,,
3,,,,,
3,,,,,
3,,,,,
3,,,,,
3,,,,,
3,,,,,
3,,,,,
3,,,,,
3,,,,,
3,,,,,
3,,,,,
3,,,,,
3,,,,,
3,,,,,
3,,,,,
3,,,,,
3,,,,,
3,,,,,
3,,,,,
3,,,,,
3,,,,,
3,,,,,
3,,,,,
3,,,,,
3,,,,,
3,,,,,
3,,,,,
3,,,,,
3,,,,,
3,,,,,
3,,,,,
3,,,,,
3,,,,,
3,,,,,
3,,,,,
3,,,,,
3,,,,,
3,,,,,
3,,,,,
3,,,,,
3,,,,,
3,,,,,
2,EV_B6_C1,,,0.0,24.712058074577612
1,EV_B6_C1,11.0,85.0,,
1,EV_B6_C1,10.0,85.0,,
1,EV_B6_C1,9.0,85.0,,
1,EV_B6_C1,8.0,85.0,,
1,EV_B6_C1,7.0,85.0,,
1,EV_B6_C1,6.0,85.0,,
1,EV_B6_C1,5.0,85.0,,
1,EV_B6_C1,4.0,85.0,,
1,EV_B6_C1,3.0,85.0,,
1,EV_B6_C1,2.0,85.0,,
1,EV_B6_C1,1.0,85.0,,
1,EV_B6_C1,0.0,85.0,,
3,,,,,
3,,,,,
3,,,,,
3,,,,,
3,,,,,
3,,,,,
3,,,,,
3,,,,,
3,,,,,
3,,,,,
3,,,,,
3,,,,,
3,,,,,
3,,,,,
3,,,,,
3,,,,,
3,,,,,
3,,,,,
3,,,,,
3,,,,,
3,,,,,
3,,,,,
3,,,,,
3,,,,,
3,,,,,
3,,,,,
3,,,,,
3,,,,,
3,,,,,
3,,,,,
3,,,,,
3,,,,,
3,,,,,
3,,,,,
3,,,,,
3,,,,,
2,EV_B6_C1,,,0.0,34.72038792489516
1,EV_B6_C1,11.0,85.0,,
1,EV_B6_C1,10.0,85.0,,
1,EV_B6_C1,9.0,85.0,,
1,EV_B6_C1,8.0,85.0,,
1,EV_B6_C1,7.0,85.0,,
1,EV_B6_C1,6.0,85.0,,
1,EV_B6_C1,5.0,85.0,,
1,EV_B6_C1,4.0,85.0,,
1,EV_B6_C1,3.0,85.0,,
1,EV_B6_C1,2.0,85.0,,
1,EV_B6_C1,1.0,85.0,,
1,EV_B6_C1,0.0,85.0,,
3,,,,,
3,,,,,
3,,,,,
3,,,,,
3,,,,,
3,,,,,
3,,,,,
3,,,,,
3,,,,,
3,,,,,
3,,,,,
3,,,,,
2,EV_B6_C1,,,0.0,31.562410664946295
1,EV_B6_C1,9.0,85.0,,
1,EV_B6_C1,8.0,85.0,,
1,EV_B6_C1,7.0,85.0,,
1,EV_B6_C1,6.0,85.0,,
1,EV_B6_C1,5.0,85.0,,
1,EV_B6_C1,4.0,85.0,,
1,EV_B6_C1,3.0,85.0,,
1,EV_B6_C1,2.0,85.0,,
1,EV_B6_C1,1.0,85.0,,
1,EV_B6_C1,0.0,85.0,,
3,,,,,
3,,,,,
3,,,,,
3,,,,,
3,,,,,
3,,,,,
3,,,,,
3,,,,,
3,,,,,
3,,,,,
3,,,,,
2,EV_B6_C1,,,0.0,25.854934012451924
1,EV_B6_C1,10.0,85.0,,
1,EV_B6_C1,9.0,85.0,,
1,EV_B6_C1,8.0,85.0,,
1,EV_B6_C1,7.0,85.0,,
1,EV_B6_C1,6.0,85.0,,
1,EV_B6_C1,5.0,85.0,,
1,EV_B6_C1,4.0,85.0,,
1,EV_B6_C1,3.0,85.0,,
1,EV_B6_C1,2.0,85.0,,
1,EV_B6_C1,1.0,85.0,,
1,EV_B6_C1,0.0,85.0,,
3,,,,,
3,,,,,
3,,,,,
3,,,,,
3,,,,,
3,,,,,
3,,,,,
3,,,,,
3,,,,,
3,,,,,
3,,,,,
3,,,,,
3,,,,,
3,,,,,
3,,,,,
3,,,,,
3,,,,,
3,,,,,
3,,,,,
3,,,,,
3,,,,,
3,,,,,
3,,,,,
3,,,,,
3,,,,,
3,,,,,
3,,,,,
3,,,,,
3,,,,,
3,,,,,
3,,,,,
3,,,,,
3,,,,,
3,,,,,
3,,,,,
3,,,,,
3,,,,,
3,,,,,
3,,,,,
3,,,,,
3,,,,,
3,,,,,
3,,,,,
3,,,,,
3,,,,,
3,,,,,
3,,,,,
3,,,,,
3,,,,,
3,,,,,
3,,,,,
3,,,,,
3,,,,,
3,,,,,
3,,,,,
3,,,,,
3,,,,,
3,,,,,
3,,,,,
3,,,,,
3,,,,,
2,EV_B6_C1,,,0.0,34.61632994723952
1,EV_B6_C1,10.0,85.0,,
1,EV_B6_C1,9.0,85.0,,
1,EV_B6_C1,8.0,85.0,,
1,EV_B6_C1,7.0,85.0,,
1,EV_B6_C1,6.0,85.0,,
1,EV_B6_C1,5.0,85.0,,
1,EV_B6_C1,4.0,85.0,,
1,EV_B6_C1,3.0,85.0,,
1,EV_B6_C1,2.0,85.0,,
1,EV_B6_C1,1.0,85.0,,
1,EV_B6_C1,0.0,85.0,,
3,,,,,
3,,,,,
3,,,,,
3,,,,,
3,,,,,
3,,,,,
3,,,,,
3,,,,,
3,,,,,
3,,,,,
2,EV_B6_C1,,,0.0,34.854598775269416
1,EV_B6_C1,13.0,85.0,,
1,EV_B6_C1,12.0,85.0,,
1,EV_B6_C1,11.0,85.0,,
1,EV_B6_C1,10.0,85.0,,
1,EV_B6_C1,9.0,85.0,,
1,EV_B6_C1,8.0,85.0,,
1,EV_B6_C1,7.0,85.0,,
1,EV_B6_C1,6.0,85.0,,
1,EV_B6_C1,5.0,85.0,,
1,EV_B6_C1,4.0,85.0,,
1,EV_B6_C1,3.0,85.0,,
1,EV_B6_C1,2.0,85.0,,
1,EV_B6_C1,1.0,85.0,,
1,EV_B6_C1,0.0,85.0,,
3,,,,,
3,,,,,
3,,,,,
3,,,,,
3,,,,,
3,,,,,
3,,,,,
3,,,,,
3,,,,,
3,,,,,
3,,,,,
2,EV_B6_C1,,,0.0,21.434207260622813
1,EV_B6_C1,10.0,85.0,,
1,EV_B6_C1,9.0,85.0,,
1,EV_B6_C1,8.0,85.0,,
1,EV_B6_C1,7.0,85.0,,
1,EV_B6_C1,6.0,85.0,,
1,EV_B6_C1,5.0,85.0,,
1,EV_B6_C1,4.0,85.0,,
1,EV_B6_C1,3.0,85.0,,
1,EV_B6_C1,2.0,85.0,,
1,EV_B6_C1,1.0,85.0,,
1,EV_B6_C1,0.0,85.0,,
3,,,,,
3,,,,,
3,,,,,
3,,,,,
3,,,,,
3,,,,,
3,,,,,
3,,,,,
3,,,,,
3,,,,,
3,,,,,
2,EV_B6_C1,,,0.0,24.556141604742105
1,EV_B6_C1,12.0,85.0,,
1,EV_B6_C1,11.0,85.0,,
1,EV_B6_C1,10.0,85.0,,
1,EV_B6_C1,9.0,85.0,,
1,EV_B6_C1,8.0,85.0,,
1,EV_B6_C1,7.0,85.0,,
1,EV_B6_C1,6.0,85.0,,
1,EV_B6_C1,5.0,85.0,,
1,EV_B6_C1,4.0,85.0,,
1,EV_B6_C1,3.0,85.0,,
1,EV_B6_C1,2.0,85.0,,
1,EV_B6_C1,1.0,85.0,,
1,EV_B6_C1,0.0,85.0,,
3,,,,,
3,,,,,
3,,,,,
3,,,,,
3,,,,,
3,,,,,
3,,,,,
3,,,,,
3,,,,,
3,,,,,
3,,,,,
3,,,,,
3,,,,,
3,,,,,
3,,,,,
3,,,,,
3,,,,,
3,,,,,
3,,,,,
3,,,,,
3,,,,,
3,,,,,
3,,,,,
3,,,,,
3,,,,,
3,,,,,
3,,,,,
3,,,,,
3,,,,,
3,,,,,
3,,,,,
3,,,,,
3,,,,,
3,,,,,
3,,,,,
3,,,,,
3,,,,,
3,,,,,
3,,,,,
3,,,,,
3,,,,,
3,,,,,
3,,,,,
3,,,,,
3,,,,,
3,,,,,
3,,,,,
3,,,,,
3,,,,,
3,,,,,
3,,,,,
3,,,,,
3,,,,,
3,,,,,
3,,,,,
3,,,,,
3,,,,,
3,,,,,
3,,,,,
3,,,,,
3,,,,,
3,,,,,
3,,,,,
3,,,,,
3,,,,,
3,,,,,
3,,,,,
3,,,,,
3,,,,,
3,,,,,
3,,,,,
3,,,,,
3,,,,,
3,,,,,
3,,,,,
3,,,,,
3,,,,,
3,,,,,
3,,,,,
3,,,,,
3,,,,,
3,,,,,
3,,,,,
2,EV_B6_C1,,,0.0,34.055668708499255
1,EV_B6_C1,10.0,85.0,,
1,EV_B6_C1,9.0,85.0,,
1,EV_B6_C1,8.0,85.0,,
1,EV_B6_C1,7.0,85.0,,
1,EV_B6_C1,6.0,85.0,,
1,EV_B6_C1,5.0,85.0,,
1,EV_B6_C1,4.0,85.0,,
1,EV_B6_C1,3.0,85.0,,
1,EV_B6_C1,2.0,85.0,,
1,EV_B6_C1,1.0,85.0,,
1,EV_B6_C1,0.0,85.0,,
3,,,,,
3,,,,,
3,,,,,
3,,,,,
3,,,,,
3,,,,,
3,,,,,
3,,,,,
3,,,,,
3,,,,,
3,,,,,
2,EV_B6_C1,,,0.0,27.131509938199404
1,EV_B6_C1,11.0,85.0,,
1,EV_B6_C1,10.0,85.0,,
1,EV_B6_C1,9.0,85.0,,
1,EV_B6_C1,8.0,85.0,,
1,EV_B6_C1,7.0,85.0,,
1,EV_B6_C1,6.0,85.0,,
1,EV_B6_C1,5.0,85.0,,
1,EV_B6_C1,4.0,85.0,,
1,EV_B6_C1,3.0,85.0,,
1,EV_B6_C1,2.0,85.0,,
1,EV_B6_C1,1.0,85.0,,
1,EV_B6_C1,0.0,85.0,,
3,,,,,
3,,,,,
3,,,,,
3,,,,,
3,,,,,
3,,,,,
3,,,,,
3,,,,,
3,,,,,
3,,,,,
2,EV_B6_C1,,,0.0,32.231920100889226
1,EV_B6_C1,13.0,85.0,,
1,EV_B6_C1,12.0,85.0,,
1,EV_B6_C1,11.0,85.0,,
1,EV_B6_C1,10.0,85.0,,
1,EV_B6_C1,9.0,85.0,,
1,EV_B6_C1,8.0,85.0,,
1,EV_B6_C1,7.0,85.0,,
1,EV_B6_C1,6.0,85.0,,
1,EV_B6_C1,5.0,85.0,,
1,EV_B6_C1,4.0,85.0,,
1,EV_B6_C1,3.0,85.0,,
1,EV_B6_C1,2.0,85.0,,
1,EV_B6_C1,1.0,85.0,,
1,EV_B6_C1,0.0,85.0,,
3,,,,,
3,,,,,
3,,,,,
3,,,,,
3,,,,,
3,,,,,
3,,,,,
3,,,,,
3,,,,,
3,,,,,
3,,,,,
3,,,,,
2,EV_B6_C1,,,0.0,23.2613703511365
1,EV_B6_C1,9.0,85.0,,
1,EV_B6_C1,8.0,85.0,,
1,EV_B6_C1,7.0,85.0,,
1,EV_B6_C1,6.0,85.0,,
1,EV_B6_C1,5.0,85.0,,
1,EV_B6_C1,4.0,85.0,,
1,EV_B6_C1,3.0,85.0,,
1,EV_B6_C1,2.0,85.0,,
1,EV_B6_C1,1.0,85.0,,
1,EV_B6_C1,0.0,85.0,,
3,,,,,
3,,,,,
3,,,,,
3,,,,,
3,,,,,
3,,,,,
3,,,,,
3,,,,,
3,,,,,
3,,,,,
3,,,,,
3,,,,,
2,EV_B6_C1,,,0.0,27.046213946856657
1,EV_B6_C1,11.0,85.0,,
1,EV_B6_C1,10.0,85.0,,
1,EV_B6_C1,9.0,85.0,,
1,EV_B6_C1,8.0,85.0,,
1,EV_B6_C1,7.0,85.0,,
1,EV_B6_C1,6.0,85.0,,
1,EV_B6_C1,5.0,85.0,,
1,EV_B6_C1,4.0,85.0,,
1,EV_B6_C1,3.0,85.0,,
1,EV_B6_C1,2.0,85.0,,
1,EV_B6_C1,1.0,85.0,,
1,EV_B6_C1,0.0,85.0,,
3,,,,,
3,,,,,
3,,,,,
3,,,,,
3,,,,,
3,,,,,
3,,,,,
3,,,,,
3,,,,,
3,,,,,
3,,,,,
3,,,,,
3,,,,,
3,,,,,
3,,,,,
3,,,,,
3,,,,,
3,,,,,
3,,,,,
3,,,,,
3,,,,,
3,,,,,
3,,,,,
3,,,,,
3,,,,,
3,,,,,
3,,,,,
3,,,,,
3,,,,,
3,,,,,
3,,,,,
3,,,,,
3,,,,,
3,,,,,
3,,,,,
3,,,,,
3,,,,,
3,,,,,
3,,,,,
3,,,,,
3,,,,,
3,,,,,
3,,,,,
3,,,,,
3,,,,,
3,,,,,
3,,,,,
3,,,,,
3,,,,,
3,,,,,
3,,,,,
3,,,,,
3,,,,,
3,,,,,
3,,,,,
3,,,,,
3,,,,,
3,,,,,
2,EV_B6_C1,,,0.0,31.491183420961004
1,EV_B6_C1,11.0,85.0,,
1,EV_B6_C1,10.0,85.0,,
1,EV_B6_C1,9.0,85.0,,
1,EV_B6_C1,8.0,85.0,,
1,EV_B6_C1,7.0,85.0,,
1,EV_B6_C1,6.0,85.0,,
1,EV_B6_C1,5.0,85.0,,
1,EV_B6_C1,4.0,85.0,,
1,EV_B6_C1,3.0,85.0,,
1,EV_B6_C1,2.0,85.0,,
1,EV_B6_C1,1.0,85.0,,
1,EV_B6_C1,0.0,85.0,,
3,,,,,
3,,,,,
3,,,,,
3,,,,,
3,,,,,
3,,,,,
3,,,,,
3,,,,,
3,,,,,
3,,,,,
3,,,,,
3,,,,,
2,EV_B6_C1,,,0.0,24.120359858238253
1,EV_B6_C1,10.0,85.0,,
1,EV_B6_C1,9.0,85.0,,
1,EV_B6_C1,8.0,85.0,,
1,EV_B6_C1,7.0,85.0,,
1,EV_B6_C1,6.0,85.0,,
1,EV_B6_C1,5.0,85.0,,
1,EV_B6_C1,4.0,85.0,,
1,EV_B6_C1,3.0,85.0,,
1,EV_B6_C1,2.0,85.0,,
1,EV_B6_C1,1.0,85.0,,
1,EV_B6_C1,0.0,85.0,,
3,,,,,
3,,,,,
3,,,,,
3,,,,,
3,,,,,
3,,,,,
3,,,,,
3,,,,,
3,,,,,
3,,,,,
2,EV_B6_C1,,,0.0,21.055544897329806
1,EV_B6_C1,13.0,85.0,,
1,EV_B6_C1,12.0,85.0,,
1,EV_B6_C1,11.0,85.0,,
1,EV_B6_C1,10.0,85.0,,
1,EV_B6_C1,9.0,85.0,,
1,EV_B6_C1,8.0,85.0,,
1,EV_B6_C1,7.0,85.0,,
1,EV_B6_C1,6.0,85.0,,
1,EV_B6_C1,5.0,85.0,,
1,EV_B6_C1,4.0,85.0,,
1,EV_B6_C1,3.0,85.0,,
1,EV_B6_C1,2.0,85.0,,
1,EV_B6_C1,1.0,85.0,,
1,EV_B6_C1,0.0,85.0,,
3,,,,,
3,,,,,
3,,,,,
3,,,,,
3,,,,,
3,,,,,
3,,,,,
3,,,,,
3,,,,,
3,,,,,
2,EV_B6_C1,,,0.0,31.685429026757145
1,EV_B6_C1,11.0,85.0,,
1,EV_B6_C1,10.0,85.0,,
1,EV_B6_C1,9.0,85.0,,
1,EV_B6_C1,8.0,85.0,,
1,EV_B6_C1,7.0,85.0,,
1,EV_B6_C1,6.0,85.0,,
1,EV_B6_C1,5.0,85.0,,
1,EV_B6_C1,4.0,85.0,,
1,EV_B6_C1,3.0,85.0,,
1,EV_B6_C1,2.0,85.0,,
1,EV_B6_C1,1.0,85.0,,
1,EV_B6_C1,0.0,85.0,,
3,,,,,
3,,,,,
3,,,,,
3,,,,,
3,,,,,
3,,,,,
3,,,,,
3,,,,,
3,,,,,
3,,,,,
3,,,,,
3,,,,,
2,EV_B6_C1,,,0.0,20.883381091750064
1,EV_B6_C1,10.0,85.0,,
1,EV_B6_C1,9.0,85.0,,
1,EV_B6_C1,8.0,85.0,,
1,EV_B6_C1,7.0,85.0,,
1,EV_B6_C1,6.0,85.0,,
1,EV_B6_C1,5.0,85.0,,
1,EV_B6_C1,4.0,85.0,,
1,EV_B6_C1,3.0,85.0,,
1,EV_B6_C1,2.0,85.0,,
1,EV_B6_C1,1.0,85.0,,
1,EV_B6_C1,0.0,85.0,,
3,,,,,
3,,,,,
3,,,,,
3,,,,,
3,,,,,
3,,,,,
3,,,,,
3,,,,,
3,,,,,
3,,,,,
3,,,,,
3,,,,,
3,,,,,
3,,,,,
3,,,,,
3,,,,,
3,,,,,
3,,,,,
3,,,,,
3,,,,,
3,,,,,
3,,,,,
3,,,,,
3,,,,,
3,,,,,
3,,,,,
3,,,,,
3,,,,,
3,,,,,
3,,,,,
3,,,,,
3,,,,,
3,,,,,
3,,,,,
3,,,,,
3,,,,,
3,,,,,
3,,,,,
3,,,,,
3,,,,,
3,,,,,
3,,,,,
3,,,,,
3,,,,,
3,,,,,
3,,,,,
3,,,,,
3,,,,,
3,,,,,
3,,,,,
3,,,,,
3,,,,,
3,,,,,
3,,,,,
3,,,,,
3,,,,,
3,,,,,
3,,,,,
3,,,,,
3,,,,,
2,EV_B6_C1,,,0.0,24.480296655268425
1,EV_B6_C1,11.0,85.0,,
1,EV_B6_C1,10.0,85.0,,
1,EV_B6_C1,9.0,85.0,,
1,EV_B6_C1,8.0,85.0,,
1,EV_B6_C1,7.0,85.0,,
1,EV_B6_C1,6.0,85.0,,
1,EV_B6_C1,5.0,85.0,,
1,EV_B6_C1,4.0,85.0,,
1,EV_B6_C1,3.0,85.0,,
1,EV_B6_C1,2.0,85.0,,
1,EV_B6_C1,1.0,85.0,,
1,EV_B6_C1,0.0,85.0,,
3,,,,,
3,,,,,
3,,,,,
3,,,,,
3,,,,,
3,,,,,
3,,,,,
3,,,,,
3,,,,,
3,,,,,
3,,,,,
3,,,,,
3,,,,,
3,,,,,
3,,,,,
3,,,,,
3,,,,,
3,,,,,
3,,,,,
3,,,,,
3,,,,,
3,,,,,
3,,,,,
3,,,,,
3,,,,,
3,,,,,
3,,,,,
3,,,,,
3,,,,,
3,,,,,
3,,,,,
3,,,,,
3,,,,,
3,,,,,
3,,,,,
2,EV_B6_C1,,,0.0,24.642806192368653
1,EV_B6_C1,10.0,85.0,,
1,EV_B6_C1,9.0,85.0,,
1,EV_B6_C1,8.0,85.0,,
1,EV_B6_C1,7.0,85.0,,
1,EV_B6_C1,6.0,85.0,,
1,EV_B6_C1,5.0,85.0,,
1,EV_B6_C1,4.0,85.0,,
1,EV_B6_C1,3.0,85.0,,
1,EV_B6_C1,2.0,85.0,,
1,EV_B6_C1,1.0,85.0,,
1,EV_B6_C1,0.0,85.0,,
3,,,,,
3,,,,,
3,,,,,
3,,,,,
3,,,,,
3,,,,,
3,,,,,
3,,,,,
3,,,,,
3,,,,,
3,,,,,
3,,,,,
3,,,,,
3,,,,,
3,,,,,
3,,,,,
3,,,,,
3,,,,,
3,,,,,
3,,,,,
3,,,,,
3,,,,,
3,,,,,
3,,,,,
3,,,,,
3,,,,,
3,,,,,
3,,,,,
3,,,,,
3,,,,,
3,,,,,
3,,,,,
3,,,,,
3,,,,,
3,,,,,
3,,,,,
2,EV_B6_C1,,,0.0,27.322631374928907
1,EV_B6_C1,11.0,85.0,,
1,EV_B6_C1,10.0,85.0,,
1,EV_B6_C1,9.0,85.0,,
1,EV_B6_C1,8.0,85.0,,
1,EV_B6_C1,7.0,85.0,,
1,EV_B6_C1,6.0,85.0,,
1,EV_B6_C1,5.0,85.0,,
1,EV_B6_C1,4.0,85.0,,
1,EV_B6_C1,3.0,85.0,,
1,EV_B6_C1,2.0,85.0,,
1,EV_B6_C1,1.0,85.0,,
1,EV_B6_C1,0.0,85.0,,
3,,,,,
3,,,,,
3,,,,,
3,,,,,
3,,,,,
3,,,,,
3,,,,,
3,,,,,
3,,,,,
3,,,,,
3,,,,,
3,,,,,
3,,,,,
3,,,,,
3,,,,,
3,,,,,
3,,,,,
3,,,,,
3,,,,,
3,,,,,
3,,,,,
3,,,,,
3,,,,,
3,,,,,
3,,,,,
3,,,,,
3,,,,,
3,,,,,
3,,,,,
3,,,,,
3,,,,,
3,,,,,
3,,,,,
3,,,,,
3,,,,,
3,,,,,
3,,,,,
3,,,,,
3,,,,,
3,,,,,
3,,,,,
3,,,,,
3,,,,,
3,,,,,
3,,,,,
3,,,,,
3,,,,,
3,,,,,
3,,,,,
3,,,,,
3,,,,,
3,,,,,
3,,,,,
3,,,,,
3,,,,,
3,,,,,
3,,,,,
3,,,,,
2,EV_B6_C1,,,0.0,34.1465944241607
1,EV_B6_C1,12.0,85.0,,
1,EV_B6_C1,11.0,85.0,,
1,EV_B6_C1,10.0,85.0,,
1,EV_B6_C1,9.0,85.0,,
1,EV_B6_C1,8.0,85.0,,
1,EV_B6_C1,7.0,85.0,,
1,EV_B6_C1,6.0,85.0,,
1,EV_B6_C1,5.0,85.0,,
1,EV_B6_C1,4.0,85.0,,
1,EV_B6_C1,3.0,85.0,,
1,EV_B6_C1,2.0,85.0,,
1,EV_B6_C1,1.0,85.0,,
1,EV_B6_C1,0.0,85.0,,
3,,,,,
3,,,,,
3,,,,,
3,,,,,
3,,,,,
3,,,,,
3,,,,,
3,,,,,
3,,,,,
3,,,,,
2,EV_B6_C1,,,0.0,24.29956340385457
1,EV_B6_C1,11.0,85.0,,
1,EV_B6_C1,10.0,85.0,,
1,EV_B6_C1,9.0,85.0,,
1,EV_B6_C1,8.0,85.0,,
1,EV_B6_C1,7.0,85.0,,
1,EV_B6_C1,6.0,85.0,,
1,EV_B6_C1,5.0,85.0,,
1,EV_B6_C1,4.0,85.0,,
1,EV_B6_C1,3.0,85.0,,
1,EV_B6_C1,2.0,85.0,,
1,EV_B6_C1,1.0,85.0,,
1,EV_B6_C1,0.0,85.0,,
3,,,,,
3,,,,,
3,,,,,
3,,,,,
3,,,,,
3,,,,,
3,,,,,
3,,,,,
3,,,,,
3,,,,,
3,,,,,
3,,,,,
3,,,,,
2,EV_B6_C1,,,0.0,31.313304296087164
1,EV_B6_C1,9.0,85.0,,
1,EV_B6_C1,8.0,85.0,,
1,EV_B6_C1,7.0,85.0,,
1,EV_B6_C1,6.0,85.0,,
1,EV_B6_C1,5.0,85.0,,
1,EV_B6_C1,4.0,85.0,,
1,EV_B6_C1,3.0,85.0,,
1,EV_B6_C1,2.0,85.0,,
1,EV_B6_C1,1.0,85.0,,
1,EV_B6_C1,0.0,85.0,,
3,,,,,
3,,,,,
3,,,,,
3,,,,,
3,,,,,
3,,,,,
3,,,,,
3,,,,,
3,,,,,
3,,,,,
2,EV_B6_C1,,,0.0,34.182546601154826
1,EV_B6_C1,13.0,85.0,,
1,EV_B6_C1,12.0,85.0,,
1,EV_B6_C1,11.0,85.0,,
1,EV_B6_C1,10.0,85.0,,
1,EV_B6_C1,9.0,85.0,,
1,EV_B6_C1,8.0,85.0,,
1,EV_B6_C1,7.0,85.0,,
1,EV_B6_C1,6.0,85.0,,
1,EV_B6_C1,5.0,85.0,,
1,EV_B6_C1,4.0,85.0,,
1,EV_B6_C1,3.0,85.0,,
1,EV_B6_C1,2.0,85.0,,
1,EV_B6_C1,1.0,85.0,,
1,EV_B6_C1,0.0,85.0,,
3,,,,,
3,,,,,
3,,,,,
3,,,,,
3,,,,,
3,,,,,
3,,,,,
3,,,,,
3,,,,,
3,,,,,
2,EV_B6_C1,,,0.0,33.124880514030075
1,EV_B6_C1,12.0,85.0,,
1,EV_B6_C1,11.0,85.0,,
1,EV_B6_C1,10.0,85.0,,
1,EV_B6_C1,9.0,85.0,,
1,EV_B6_C1,8.0,85.0,,
1,EV_B6_C1,7.0,85.0,,
1,EV_B6_C1,6.0,85.0,,
1,EV_B6_C1,5.0,85.0,,
1,EV_B6_C1,4.0,85.0,,
1,EV_B6_C1,3.0,85.0,,
1,EV_B6_C1,2.0,85.0,,
1,EV_B6_C1,1.0,85.0,,
1,EV_B6_C1,0.0,85.0,,
3,,,,,
3,,,,,
3,,,,,
3,,,,,
3,,,,,
3,,,,,
3,,,,,
3,,,,,
3,,,,,
3,,,,,
3,,,,,
3,,,,,
3,,,,,
3,,,,,
3,,,,,
3,,,,,
3,,,,,
3,,,,,
3,,,,,
3,,,,,
3,,,,,
3,,,,,
3,,,,,
3,,,,,
3,,,,,
3,,,,,
3,,,,,
3,,,,,
3,,,,,
3,,,,,
3,,,,,
3,,,,,
3,,,,,
3,,,,,
3,,,,,
3,,,,,
3,,,,,
3,,,,,
3,,,,,
3,,,,,
3,,,,,
3,,,,,
3,,,,,
3,,,,,
3,,,,,
3,,,,,
3,,,,,
3,,,,,
3,,,,,
3,,,,,
3,,,,,
3,,,,,
3,,,,,
3,,,,,
3,,,,,
3,,,,,
3,,,,,
3,,,,,
3,,,,,
3,,,,,
3,,,,,
3,,,,,
3,,,,,
3,,,,,
3,,,,,
3,,,,,
3,,,,,
3,,,,,
3,,,,,
3,,,,,
3,,,,,
3,,,,,
3,,,,,
3,,,,,
3,,,,,
3,,,,,
3,,,,,
3,,,,,
3,,,,,
3,,,,,
3,,,,,
3,,,,,
3,,,,,
3,,,,,
2,EV_B6_C1,,,0.0,25.986327623373995
1,EV_B6_C1,10.0,85.0,,
1,EV_B6_C1,9.0,85.0,,
1,EV_B6_C1,8.0,85.0,,
1,EV_B6_C1,7.0,85.0,,
1,EV_B6_C1,6.0,85.0,,
1,EV_B6_C1,5.0,85.0,,
1,EV_B6_C1,4.0,85.0,,
1,EV_B6_C1,3.0,85.0,,
1,EV_B6_C1,2.0,85.0,,
1,EV_B6_C1,1.0,85.0,,
1,EV_B6_C1,0.0,85.0,,
3,,,,,
3,,,,,
3,,,,,
3,,,,,
3,,,,,
3,,,,,
3,,,,,
3,,,,,
3,,,,,
3,,,,,
3,,,,,
2,EV_B6_C1,,,0.0,20.257453117094524
1,EV_B6_C1,11.0,85.0,,
1,EV_B6_C1,10.0,85.0,,
1,EV_B6_C1,9.0,85.0,,
1,EV_B6_C1,8.0,85.0,,
1,EV_B6_C1,7.0,85.0,,
1,EV_B6_C1,6.0,85.0,,
1,EV_B6_C1,5.0,85.0,,
1,EV_B6_C1,4.0,85.0,,
1,EV_B6_C1,3.0,85.0,,
1,EV_B6_C1,2.0,85.0,,
1,EV_B6_C1,1.0,85.0,,
1,EV_B6_C1,0.0,85.0,,
3,,,,,
3,,,,,
3,,,,,
3,,,,,
3,,,,,
3,,,,,
3,,,,,
3,,,,,
3,,,,,
3,,,,,
3,,,,,
3,,,,,
3,,,,,
3,,,,,
3,,,,,
3,,,,,
3,,,,,
3,,,,,
3,,,,,
3,,,,,
3,,,,,
3,,,,,
3,,,,,
3,,,,,
3,,,,,
3,,,,,
3,,,,,
3,,,,,
3,,,,,
3,,,,,
3,,,,,
3,,,,,
3,,,,,
2,EV_B6_C1,,,0.0,23.11180244378842
1,EV_B6_C1,12.0,85.0,,
1,EV_B6_C1,11.0,85.0,,
1,EV_B6_C1,10.0,85.0,,
1,EV_B6_C1,9.0,85.0,,
1,EV_B6_C1,8.0,85.0,,
1,EV_B6_C1,7.0,85.0,,
1,EV_B6_C1,6.0,85.0,,
1,EV_B6_C1,5.0,85.0,,
1,EV_B6_C1,4.0,85.0,,
1,EV_B6_C1,3.0,85.0,,
1,EV_B6_C1,2.0,85.0,,
1,EV_B6_C1,1.0,85.0,,
1,EV_B6_C1,0.0,85.0,,
3,,,,,
3,,,,,
3,,,,,
3,,,,,
3,,,,,
3,,,,,
3,,,,,
3,,,,,
3,,,,,
3,,,,,
3,,,,,
3,,,,,
3,,,,,
3,,,,,
3,,,,,
3,,,,,
3,,,,,
3,,,,,
3,,,,,
3,,,,,
3,,,,,
3,,,,,
3,,,,,
3,,,,,
3,,,,,
3,,,,,
3,,,,,
3,,,,,
3,,,,,
3,,,,,
3,,,,,
3,,,,,
3,,,,,
3,,,,,
3,,,,,
3,,,,,
3,,,,,
3,,,,,
3,,,,,
3,,,,,
3,,,,,
3,,,,,
3,,,,,
3,,,,,
3,,,,,
3,,,,,
3,,,,,
3,,,,,
3,,,,,
3,,,,,
3,,,,,
3,,,,,
3,,,,,
3,,,,,
3,,,,,
3,,,,,
3,,,,,
3,,,,,
3,,,,,
2,EV_B6_C1,,,0.0,32.40130391690802
1,EV_B6_C1,12.0,85.0,,
1,EV_B6_C1,11.0,85.0,,
1,EV_B6_C1,10.0,85.0,,
1,EV_B6_C1,9.0,85.0,,
1,EV_B6_C1,8.0,85.0,,
1,EV_B6_C1,7.0,85.0,,
1,EV_B6_C1,6.0,85.0,,
1,EV_B6_C1,5.0,85.0,,
1,EV_B6_C1,4.0,85.0,,
1,EV_B6_C1,3.0,85.0,,
1,EV_B6_C1,2.0,85.0,,
1,EV_B6_C1,1.0,85.0,,
1,EV_B6_C1,0.0,85.0,,
3,,,,,
3,,,,,
3,,,,,
3,,,,,
3,,,,,
3,,,,,
3,,,,,
3,,,,,
3,,,,,
3,,,,,
3,,,,,
3,,,,,
2,EV_B6_C1,,,0.0,29.746316069323807
1,EV_B6_C1,10.0,85.0,,
1,EV_B6_C1,9.0,85.0,,
1,EV_B6_C1,8.0,85.0,,
1,EV_B6_C1,7.0,85.0,,
1,EV_B6_C1,6.0,85.0,,
1,EV_B6_C1,5.0,85.0,,
1,EV_B6_C1,4.0,85.0,,
1,EV_B6_C1,3.0,85.0,,
1,EV_B6_C1,2.0,85.0,,
1,EV_B6_C1,1.0,85.0,,
1,EV_B6_C1,0.0,85.0,,
3,,,,,
3,,,,,
3,,,,,
3,,,,,
3,,,,,
3,,,,,
3,,,,,
3,,,,,
3,,,,,
3,,,,,
2,EV_B6_C1,,,0.0,34.47043246854956
1,EV_B6_C1,12.0,85.0,,
1,EV_B6_C1,11.0,85.0,,
1,EV_B6_C1,10.0,85.0,,
1,EV_B6_C1,9.0,85.0,,
1,EV_B6_C1,8.0,85.0,,
1,EV_B6_C1,7.0,85.0,,
1,EV_B6_C1,6.0,85.0,,
1,EV_B6_C1,5.0,85.0,,
1,EV_B6_C1,4.0,85.0,,
1,EV_B6_C1,3.0,85.0,,
1,EV_B6_C1,2.0,85.0,,
1,EV_B6_C1,1.0,85.0,,
1,EV_B6_C1,0.0,85.0,,
3,,,,,
3,,,,,
3,,,,,
3,,,,,
3,,,,,
3,,,,,
3,,,,,
3,,,,,
3,,,,,
3,,,,,
2,EV_B6_C1,,,0.0,34.22213702579104
1,EV_B6_C1,12.0,85.0,,
1,EV_B6_C1,11.0,85.0,,
1,EV_B6_C1,10.0,85.0,,
1,EV_B6_C1,9.0,85.0,,
1,EV_B6_C1,8.0,85.0,,
1,EV_B6_C1,7.0,85.0,,
1,EV_B6_C1,6.0,85.0,,
1,EV_B6_C1,5.0,85.0,,
1,EV_B6_C1,4.0,85.0,,
1,EV_B6_C1,3.0,85.0,,
1,EV_B6_C1,2.0,85.0,,
1,EV_B6_C1,1.0,85.0,,
1,EV_B6_C1,0.0,85.0,,
3,,,,,
3,,,,,
3,,,,,
3,,,,,
3,,,,,
3,,,,,
3,,,,,
3,,,,,
3,,,,,
3,,,,,
3,,,,,
3,,,,,
2,EV_B6_C1,,,0.0,27.431591927769556
1,EV_B6_C1,9.0,85.0,,
1,EV_B6_C1,8.0,85.0,,
1,EV_B6_C1,7.0,85.0,,
1,EV_B6_C1,6.0,85.0,,
1,EV_B6_C1,5.0,85.0,,
1,EV_B6_C1,4.0,85.0,,
1,EV_B6_C1,3.0,85.0,,
1,EV_B6_C1,2.0,85.0,,
1,EV_B6_C1,1.0,85.0,,
1,EV_B6_C1,0.0,85.0,,
3,,,,,
3,,,,,
3,,,,,
3,,,,,
3,,,,,
3,,,,,
3,,,,,
3,,,,,
3,,,,,
3,,,,,
3,,,,,
3,,,,,
3,,,,,
3,,,,,
3,,,,,
3,,,,,
3,,,,,
3,,,,,
3,,,,,
3,,,,,
3,,,,,
3,,,,,
3,,,,,
3,,,,,
3,,,,,
3,,,,,
3,,,,,
3,,,,,
3,,,,,
3,,,,,
3,,,,,
3,,,,,
3,,,,,
3,,,,,
3,,,,,
3,,,,,
3,,,,,
3,,,,,
3,,,,,
3,,,,,
3,,,,,
3,,,,,
3,,,,,
3,,,,,
3,,,,,
3,,,,,
3,,,,,
3,,,,,
3,,,,,
3,,,,,
3,,,,,
3,,,,,
3,,,,,
3,,,,,
3,,,,,
3,,,,,
3,,,,,
3,,,,,
3,,,,,
3,,,,,
2,EV_B6_C1,,,0.0,34.74088010109304
1,EV_B6_C1,10.0,85.0,,
1,EV_B6_C1,9.0,85.0,,
1,EV_B6_C1,8.0,85.0,,
1,EV_B6_C1,7.0,85.0,,
1,EV_B6_C1,6.0,85.0,,
1,EV_B6_C1,5.0,85.0,,
1,EV_B6_C1,4.0,85.0,,
1,EV_B6_C1,3.0,85.0,,
1,EV_B6_C1,2.0,85.0,,
1,EV_B6_C1,1.0,85.0,,
1,EV_B6_C1,0.0,85.0,,
3,,,,,
3,,,,,
3,,,,,
3,,,,,
3,,,,,
3,,,,,
3,,,,,
3,,,,,
3,,,,,
3,,,,,
3,,,,,
3,,,,,
2,EV_B6_C1,,,0.0,24.629229136997957
1,EV_B6_C1,11.0,85.0,,
1,EV_B6_C1,10.0,85.0,,
1,EV_B6_C1,9.0,85.0,,
1,EV_B6_C1,8.0,85.0,,
1,EV_B6_C1,7.0,85.0,,
1,EV_B6_C1,6.0,85.0,,
1,EV_B6_C1,5.0,85.0,,
1,EV_B6_C1,4.0,85.0,,
1,EV_B6_C1,3.0,85.0,,
1,EV_B6_C1,2.0,85.0,,
1,EV_B6_C1,1.0,85.0,,
1,EV_B6_C1,0.0,85.0,,
3,,,,,
3,,,,,
3,,,,,
3,,,,,
3,,,,,
3,,,,,
3,,,,,
3,,,,,
3,,,,,
3,,,,,
2,EV_B6_C1,,,0.0,34.72368543640535
1,EV_B6_C1,12.0,85.0,,
1,EV_B6_C1,11.0,85.0,,
1,EV_B6_C1,10.0,85.0,,
1,EV_B6_C1,9.0,85.0,,
1,EV_B6_C1,8.0,85.0,,
1,EV_B6_C1,7.0,85.0,,
1,EV_B6_C1,6.0,85.0,,
1,EV_B6_C1,5.0,85.0,,
1,EV_B6_C1,4.0,85.0,,
1,EV_B6_C1,3.0,85.0,,
1,EV_B6_C1,2.0,85.0,,
1,EV_B6_C1,1.0,85.0,,
1,EV_B6_C1,0.0,85.0,,
3,,,,,
3,,,,,
3,,,,,
3,,,,,
3,,,,,
3,,,,,
3,,,,,
3,,,,,
3,,,,,
3,,,,,
2,EV_B6_C1,,,0.0,34.92769936309076
1,EV_B6_C1,11.0,85.0,,
1,EV_B6_C1,10.0,85.0,,
1,EV_B6_C1,9.0,85.0,,
1,EV_B6_C1,8.0,85.0,,
1,EV_B6_C1,7.0,85.0,,
1,EV_B6_C1,6.0,85.0,,
1,EV_B6_C1,5.0,85.0,,
1,EV_B6_C1,4.0,85.0,,
1,EV_B6_C1,3.0,85.0,,
1,EV_B6_C1,2.0,85.0,,
1,EV_B6_C1,1.0,85.0,,
1,EV_B6_C1,0.0,85.0,,
3,,,,,
3,,,,,
3,,,,,
3,,,,,
3,,,,,
3,,,,,
3,,,,,
3,,,,,
3,,,,,
3,,,,,
3,,,,,
3,,,,,
3,,,,,
2,EV_B6_C1,,,0.0,27.085461499574144
1,EV_B6_C1,10.0,85.0,,
1,EV_B6_C1,9.0,85.0,,
1,EV_B6_C1,8.0,85.0,,
1,EV_B6_C1,7.0,85.0,,
1,EV_B6_C1,6.0,85.0,,
1,EV_B6_C1,5.0,85.0,,
1,EV_B6_C1,4.0,85.0,,
1,EV_B6_C1,3.0,85.0,,
1,EV_B6_C1,2.0,85.0,,
1,EV_B6_C1,1.0,85.0,,
1,EV_B6_C1,0.0,85.0,,
3,,,,,
3,,,,,
3,,,,,
3,,,,,
3,,,,,
3,,,,,
3,,,,,
3,,,,,
3,,,,,
3,,,,,
3,,,,,
3,,,,,
3,,,,,
3,,,,,
3,,,,,
3,,,,,
3,,,,,
3,,,,,
3,,,,,
3,,,,,
3,,,,,
3,,,,,
3,,,,,
3,,,,,
3,,,,,
3,,,,,
3,,,,,
3,,,,,
3,,,,,
3,,,,,
3,,,,,
3,,,,,
3,,,,,
3,,,,,
3,,,,,
3,,,,,
3,,,,,
3,,,,,
3,,,,,
3,,,,,
3,,,,,
3,,,,,
3,,,,,
3,,,,,
3,,,,,
3,,,,,
3,,,,,
3,,,,,
3,,,,,
3,,,,,
3,,,,,
3,,,,,
3,,,,,
3,,,,,
3,,,,,
3,,,,,
3,,,,,
3,,,,,
2,EV_B6_C1,,,0.0,29.602068300786765
1,EV_B6_C1,11.0,85.0,,
1,EV_B6_C1,10.0,85.0,,
1,EV_B6_C1,9.0,85.0,,
1,EV_B6_C1,8.0,85.0,,
1,EV_B6_C1,7.0,85.0,,
1,EV_B6_C1,6.0,85.0,,
1,EV_B6_C1,5.0,85.0,,
1,EV_B6_C1,4.0,85.0,,
1,EV_B6_C1,3.0,85.0,,
1,EV_B6_C1,2.0,85.0,,
1,EV_B6_C1,1.0,85.0,,
1,EV_B6_C1,0.0,85.0,,
3,,,,,
3,,,,,
3,,,,,
3,,,,,
3,,,,,
3,,,,,
3,,,,,
3,,,,,
3,,,,,
3,,,,,
3,,,,,
2,EV_B6_C1,,,0.0,23.450575058794012
1,EV_B6_C1,12.0,85.0,,
1,EV_B6_C1,11.0,85.0,,
1,EV_B6_C1,10.0,85.0,,
1,EV_B6_C1,9.0,85.0,,
1,EV_B6_C1,8.0,85.0,,
1,EV_B6_C1,7.0,85.0,,
1,EV_B6_C1,6.0,85.0,,
1,EV_B6_C1,5.0,85.0,,
1,EV_B6_C1,4.0,85.0,,
1,EV_B6_C1,3.0,85.0,,
1,EV_B6_C1,2.0,85.0,,
1,EV_B6_C1,1.0,85.0,,
1,EV_B6_C1,0.0,85.0,,
3,,,,,
3,,,,,
3,,,,,
3,,,,,
3,,,,,
3,,,,,
3,,,,,
3,,,,,
3,,,,,
3,,,,,
3,,,,,
2,EV_B6_C1,,,0.0,32.891677222033614
1,EV_B6_C1,10.0,85.0,,
1,EV_B6_C1,9.0,85.0,,
1,EV_B6_C1,8.0,85.0,,
1,EV_B6_C1,7.0,85.0,,
1,EV_B6_C1,6.0,85.0,,
1,EV_B6_C1,5.0,85.0,,
1,EV_B6_C1,4.0,85.0,,
1,EV_B6_C1,3.0,85.0,,
1,EV_B6_C1,2.0,85.0,,
1,EV_B6_C1,1.0,85.0,,
1,EV_B6_C1,0.0,85.0,,
3,,,,,
3,,,,,
3,,,,,
3,,,,,
3,,,,,
3,,,,,
3,,,,,
3,,,,,
3,,,,,
3,,,,,
3,,,,,
3,,,,,
2,EV_B6_C1,,,0.0,28.205216290103646
1,EV_B6_C1,11.0,85.0,,
1,EV_B6_C1,10.0,85.0,,
1,EV_B6_C1,9.0,85.0,,
1,EV_B6_C1,8.0,85.0,,
1,EV_B6_C1,7.0,85.0,,
1,EV_B6_C1,6.0,85.0,,
1,EV_B6_C1,5.0,85.0,,
1,EV_B6_C1,4.0,85.0,,
1,EV_B6_C1,3.0,85.0,,
1,EV_B6_C1,2.0,85.0,,
1,EV_B6_C1,1.0,85.0,,
1,EV_B6_C1,0.0,85.0,,
3,,,,,
3,,,,,
3,,,,,
3,,,,,
3,,,,,
3,,,,,
3,,,,,
3,,,,,
3,,,,,
3,,,,,
2,EV_B6_C1,,,0.0,23.449933246222354
1,EV_B6_C1,11.0,85.0,,
1,EV_B6_C1,10.0,85.0,,
1,EV_B6_C1,9.0,85.0,,
1,EV_B6_C1,8.0,85.0,,
1,EV_B6_C1,7.0,85.0,,
1,EV_B6_C1,6.0,85.0,,
1,EV_B6_C1,5.0,85.0,,
1,EV_B6_C1,4.0,85.0,,
1,EV_B6_C1,3.0,85.0,,
1,EV_B6_C1,2.0,85.0,,
1,EV_B6_C1,1.0,85.0,,
1,EV_B6_C1,0.0,85.0,,
3,,,,,
3,,,,,
3,,,,,
3,,,,,
3,,,,,
3,,,,,
3,,,,,
3,,,,,
3,,,,,
3,,,,,
3,,,,,
3,,,,,
3,,,,,
3,,,,,
3,,,,,
3,,,,,
3,,,,,
3,,,,,
3,,,,,
3,,,,,
3,,,,,
3,,,,,
3,,,,,
3,,,,,
3,,,,,
3,,,,,
3,,,,,
3,,,,,
3,,,,,
3,,,,,
3,,,,,
3,,,,,
3,,,,,
3,,,,,
3,,,,,
3,,,,,
3,,,,,
3,,,,,
3,,,,,
3,,,,,
3,,,,,
3,,,,,
3,,,,,
3,,,,,
3,,,,,
3,,,,,
3,,,,,
3,,,,,
3,,,,,
3,,,,,
3,,,,,
3,,,,,
3,,,,,
3,,,,,
3,,,,,
3,,,,,
3,,,,,
3,,,,,
3,,,,,
2,EV_B6_C1,,,0.0,26.961898852499573
1,EV_B6_C1,12.0,85.0,,
1,EV_B6_C1,11.0,85.0,,
1,EV_B6_C1,10.0,85.0,,
1,EV_B6_C1,9.0,85.0,,
1,EV_B6_C1,8.0,85.0,,
1,EV_B6_C1,7.0,85.0,,
1,EV_B6_C1,6.0,85.0,,
1,EV_B6_C1,5.0,85.0,,
1,EV_B6_C1,4.0,85.0,,
1,EV_B6_C1,3.0,85.0,,
1,EV_B6_C1,2.0,85.0,,
1,EV_B6_C1,1.0,85.0,,
1,EV_B6_C1,0.0,85.0,,
3,,,,,
3,,,,,
3,,,,,
3,,,,,
3,,,,,
3,,,,,
3,,,,,
3,,,,,
3,,,,,
3,,,,,
3,,,,,
2,EV_B6_C1,,,0.0,33.925118719143974
1,EV_B6_C1,10.0,85.0,,
1,EV_B6_C1,9.0,85.0,,
1,EV_B6_C1,8.0,85.0,,
1,EV_B6_C1,7.0,85.0,,
1,EV_B6_C1,6.0,85.0,,
1,EV_B6_C1,5.0,85.0,,
1,EV_B6_C1,4.0,85.0,,
1,EV_B6_C1,3.0,85.0,,
1,EV_B6_C1,2.0,85.0,,
1,EV_B6_C1,1.0,85.0,,
1,EV_B6_C1,0.0,85.0,,
3,,,,,
3,,,,,
3,,,,,
3,,,,,
3,,,,,
3,,,,,
3,,,,,
3,,,,,
3,,,,,
3,,,,,
2,EV_B6_C1,,,0.0,28.159714866248432
1,EV_B6_C1,13.0,85.0,,
1,EV_B6_C1,12.0,85.0,,
1,EV_B6_C1,11.0,85.0,,
1,EV_B6_C1,10.0,85.0,,
1,EV_B6_C1,9.0,85.0,,
1,EV_B6_C1,8.0,85.0,,
1,EV_B6_C1,7.0,85.0,,
1,EV_B6_C1,6.0,85.0,,
1,EV_B6_C1,5.0,85.0,,
1,EV_B6_C1,4.0,85.0,,
1,EV_B6_C1,3.0,85.0,,
1,EV_B6_C1,2.0,85.0,,
1,EV_B6_C1,1.0,85.0,,
1,EV_B6_C1,0.0,85.0,,
3,,,,,
3,,,,,
3,,,,,
3,,,,,
3,,,,,
3,,,,,
3,,,,,
3,,,,,
3,,,,,
3,,,,,
3,,,,,
2,EV_B6_C1,,,0.0,21.77596501999008
1,EV_B6_C1,9.0,85.0,,
1,EV_B6_C1,8.0,85.0,,
1,EV_B6_C1,7.0,85.0,,
1,EV_B6_C1,6.0,85.0,,
1,EV_B6_C1,5.0,85.0,,
1,EV_B6_C1,4.0,85.0,,
1,EV_B6_C1,3.0,85.0,,
1,EV_B6_C1,2.0,85.0,,
1,EV_B6_C1,1.0,85.0,,
1,EV_B6_C1,0.0,85.0,,
3,,,,,
3,,,,,
3,,,,,
3,,,,,
3,,,,,
3,,,,,
3,,,,,
3,,,,,
3,,,,,
3,,,,,
3,,,,,
3,,,,,
2,EV_B6_C1,,,0.0,32.59578118660984
1,EV_B6_C1,11.0,85.0,,
1,EV_B6_C1,10.0,85.0,,
1,EV_B6_C1,9.0,85.0,,
1,EV_B6_C1,8.0,85.0,,
1,EV_B6_C1,7.0,85.0,,
1,EV_B6_C1,6.0,85.0,,
1,EV_B6_C1,5.0,85.0,,
1,EV_B6_C1,4.0,85.0,,
1,EV_B6_C1,3.0,85.0,,
1,EV_B6_C1,2.0,85.0,,
1,EV_B6_C1,1.0,85.0,,
1,EV_B6_C1,0.0,85.0,,
3,,,,,
3,,,,,
3,,,,,
3,,,,,
3,,,,,
3,,,,,
3,,,,,
3,,,,,
3,,,,,
3,,,,,
3,,,,,
3,,,,,
3,,,,,
3,,,,,
3,,,,,
3,,,,,
3,,,,,
3,,,,,
3,,,,,
3,,,,,
3,,,,,
3,,,,,
3,,,,,
3,,,,,
3,,,,,
3,,,,,
3,,,,,
3,,,,,
3,,,,,
3,,,,,
3,,,,,
3,,,,,
3,,,,,
3,,,,,
3,,,,,
3,,,,,
3,,,,,
3,,,,,
3,,,,,
3,,,,,
3,,,,,
3,,,,,
3,,,,,
3,,,,,
3,,,,,
3,,,,,
3,,,,,
3,,,,,
3,,,,,
3,,,,,
3,,,,,
3,,,,,
3,,,,,
3,,,,,
3,,,,,
3,,,,,
3,,,,,
3,,,,,
3,,,,,
3,,,,,
3,,,,,
3,,,,,
3,,,,,
3,,,,,
3,,,,,
3,,,,,
3,,,,,
3,,,,,
3,,,,,
3,,,,,
3,,,,,
3,,,,,
3,,,,,
3,,,,,
3,,,,,
3,,,,,
3,,,,,
3,,,,,
3,,,,,
3,,,,,
3,,,,,
3,,,,,
3,,,,,
2,EV_B6_C1,,,0.0,32.444541951149304
1,EV_B6_C1,12.0,85.0,,
1,EV_B6_C1,11.0,85.0,,
1,EV_B6_C1,10.0,85.0,,
1,EV_B6_C1,9.0,85.0,,
1,EV_B6_C1,8.0,85.0,,
1,EV_B6_C1,7.0,85.0,,
1,EV_B6_C1,6.0,85.0,,
1,EV_B6_C1,5.0,85.0,,
1,EV_B6_C1,4.0,85.0,,
1,EV_B6_C1,3.0,85.0,,
1,EV_B6_C1,2.0,85.0,,
1,EV_B6_C1,1.0,85.0,,
1,EV_B6_C1,0.0,85.0,,
3,,,,,
3,,,,,
3,,,,,
3,,,,,
3,,,,,
3,,,,,
3,,,,,
3,,,,,
3,,,,,
3,,,,,
3,,,,,
2,EV_B6_C1,,,0.0,20.41380083232998
1,EV_B6_C1,10.0,85.0,,
1,EV_B6_C1,9.0,85.0,,
1,EV_B6_C1,8.0,85.0,,
1,EV_B6_C1,7.0,85.0,,
1,EV_B6_C1,6.0,85.0,,
1,EV_B6_C1,5.0,85.0,,
1,EV_B6_C1,4.0,85.0,,
1,EV_B6_C1,3.0,85.0,,
1,EV_B6_C1,2.0,85.0,,
1,EV_B6_C1,1.0,85.0,,
1,EV_B6_C1,0.0,85.0,,
3,,,,,
3,,,,,
3,,,,,
3,,,,,
3,,,,,
3,,,,,
3,,,,,
3,,,,,
3,,,,,
3,,,,,
3,,,,,
2,EV_B6_C1,,,0.0,24.956820276965065
1,EV_B6_C1,11.0,85.0,,
1,EV_B6_C1,10.0,85.0,,
1,EV_B6_C1,9.0,85.0,,
1,EV_B6_C1,8.0,85.0,,
1,EV_B6_C1,7.0,85.0,,
1,EV_B6_C1,6.0,85.0,,
1,EV_B6_C1,5.0,85.0,,
1,EV_B6_C1,4.0,85.0,,
1,EV_B6_C1,3.0,85.0,,
1,EV_B6_C1,2.0,85.0,,
1,EV_B6_C1,1.0,85.0,,
1,EV_B6_C1,0.0,85.0,,
3,,,,,
3,,,,,
3,,,,,
3,,,,,
3,,,,,
3,,,,,
3,,,,,
3,,,,,
3,,,,,
3,,,,,
3,,,,,
3,,,,,
3,,,,,
2,EV_B6_C1,,,0.0,27.08564591865734
1,EV_B6_C1,9.0,85.0,,
1,EV_B6_C1,8.0,85.0,,
1,EV_B6_C1,7.0,85.0,,
1,EV_B6_C1,6.0,85.0,,
1,EV_B6_C1,5.0,85.0,,
1,EV_B6_C1,4.0,85.0,,
1,EV_B6_C1,3.0,85.0,,
1,EV_B6_C1,2.0,85.0,,
1,EV_B6_C1,1.0,85.0,,
1,EV_B6_C1,0.0,85.0,,
3,,,,,
3,,,,,
3,,,,,
3,,,,,
3,,,,,
3,,,,,
3,,,,,
3,,,,,
3,,,,,
3,,,,,
3,,,,,
3,,,,,
3,,,,,
3,,,,,
3,,,,,
3,,,,,
3,,,,,
3,,,,,
3,,,,,
3,,,,,
3,,,,,
3,,,,,
3,,,,,
3,,,,,
3,,,,,
3,,,,,
3,,,,,
3,,,,,
3,,,,,
3,,,,,
3,,,,,
3,,,,,
3,,,,,
3,,,,,
3,,,,,
3,,,,,
3,,,,,
3,,,,,
3,,,,,
3,,,,,
3,,,,,
3,,,,,
3,,,,,
3,,,,,
3,,,,,
3,,,,,
3,,,,,
3,,,,,
3,,,,,
3,,,,,
3,,,,,
3,,,,,
3,,,,,
3,,,,,
3,,,,,
3,,,,,
3,,,,,
3,,,,,
3,,,,,
3,,,,,
3,,,,,
3,,,,,
3,,,,,
3,,,,,
3,,,,,
3,,,,,
3,,,,,
3,,,,,
3,,,,,
3,,,,,
3,,,,,
3,,,,,
3,,,,,
3,,,,,
3,,,,,
3,,,,,
3,,,,,
3,,,,,
3,,,,,
3,,,,,
3,,,,,
3,,,,,
3,,,,,
3,,,,,
2,EV_B6_C1,,,0.0,34.93546942678486
1,EV_B6_C1,11.0,85.0,,
1,EV_B6_C1,10.0,85.0,,
1,EV_B6_C1,9.0,85.0,,
1,EV_B6_C1,8.0,85.0,,
1,EV_B6_C1,7.0,85.0,,
1,EV_B6_C1,6.0,85.0,,
1,EV_B6_C1,5.0,85.0,,
1,EV_B6_C1,4.0,85.0,,
1,EV_B6_C1,3.0,85.0,,
1,EV_B6_C1,2.0,85.0,,
1,EV_B6_C1,1.0,85.0,,
1,EV_B6_C1,0.0,85.0,,
3,,,,,
3,,,,,
3,,,,,
3,,,,,
3,,,,,
3,,,,,
3,,,,,
3,,,,,
3,,,,,
3,,,,,
2,EV_B6_C1,,,0.0,23.11623768831096
1,EV_B6_C1,11.0,85.0,,
1,EV_B6_C1,10.0,85.0,,
1,EV_B6_C1,9.0,85.0,,
1,EV_B6_C1,8.0,85.0,,
1,EV_B6_C1,7.0,85.0,,
1,EV_B6_C1,6.0,85.0,,
1,EV_B6_C1,5.0,85.0,,
1,EV_B6_C1,4.0,85.0,,
1,EV_B6_C1,3.0,85.0,,
1,EV_B6_C1,2.0,85.0,,
1,EV_B6_C1,1.0,85.0,,
1,EV_B6_C1,0.0,85.0,,
3,,,,,
3,,,,,
3,,,,,
3,,,,,
3,,,,,
3,,,,,
3,,,,,
3,,,,,
3,,,,,
3,,,,,
3,,,,,
3,,,,,
3,,,,,
2,EV_B6_C1,,,0.0,25.84555440323711
1,EV_B6_C1,10.0,85.0,,
1,EV_B6_C1,9.0,85.0,,
1,EV_B6_C1,8.0,85.0,,
1,EV_B6_C1,7.0,85.0,,
1,EV_B6_C1,6.0,85.0,,
1,EV_B6_C1,5.0,85.0,,
1,EV_B6_C1,4.0,85.0,,
1,EV_B6_C1,3.0,85.0,,
1,EV_B6_C1,2.0,85.0,,
1,EV_B6_C1,1.0,85.0,,
1,EV_B6_C1,0.0,85.0,,
3,,,,,
3,,,,,
3,,,,,
3,,,,,
3,,,,,
3,,,,,
3,,,,,
3,,,,,
3,,,,,
3,,,,,
3,,,,,
3,,,,,
2,EV_B6_C1,,,0.0,32.82245575126627
1,EV_B6_C1,9.0,85.0,,
1,EV_B6_C1,8.0,85.0,,
1,EV_B6_C1,7.0,85.0,,
1,EV_B6_C1,6.0,85.0,,
1,EV_B6_C1,5.0,85.0,,
1,EV_B6_C1,4.0,85.0,,
1,EV_B6_C1,3.0,85.0,,
1,EV_B6_C1,2.0,85.0,,
1,EV_B6_C1,1.0,85.0,,
1,EV_B6_C1,0.0,85.0,,
3,,,,,
3,,,,,
3,,,,,
3,,,,,
3,,,,,
3,,,,,
3,,,,,
3,,,,,
3,,,,,
3,,,,,
3,,,,,
3,,,,,
3,,,,,
3,,,,,
3,,,,,
3,,,,,
3,,,,,
3,,,,,
3,,,,,
3,,,,,
3,,,,,
3,,,,,
3,,,,,
3,,,,,
3,,,,,
3,,,,,
3,,,,,
3,,,,,
3,,,,,
3,,,,,
3,,,,,
3,,,,,
3,,,,,
3,,,,,
3,,,,,
3,,,,,
3,,,,,
3,,,,,
3,,,,,
3,,,,,
3,,,,,
3,,,,,
3,,,,,
3,,,,,
3,,,,,
3,,,,,
3,,,,,
3,,,,,
3,,,,,
3,,,,,
3,,,,,
3,,,,,
3,,,,,
3,,,,,
3,,,,,
3,,,,,
3,,,,,
3,,,,,
3,,,,,
2,EV_B6_C1,,,0.0,31.249572784144913
1,EV_B6_C1,12.0,85.0,,
1,EV_B6_C1,11.0,85.0,,
1,EV_B6_C1,10.0,85.0,,
1,EV_B6_C1,9.0,85.0,,
1,EV_B6_C1,8.0,85.0,,
1,EV_B6_C1,7.0,85.0,,
1,EV_B6_C1,6.0,85.0,,
1,EV_B6_C1,5.0,85.0,,
1,EV_B6_C1,4.0,85.0,,
1,EV_B6_C1,3.0,85.0,,
1,EV_B6_C1,2.0,85.0,,
1,EV_B6_C1,1.0,85.0,,
1,EV_B6_C1,0.0,85.0,,
3,,,,,
3,,,,,
3,,,,,
3,,,,,
3,,,,,
3,,,,,
3,,,,,
3,,,,,
3,,,,,
2,EV_B6_C1,,,0.0,20.982352682732664
1,EV_B6_C1,12.0,85.0,,
1,EV_B6_C1,11.0,85.0,,
1,EV_B6_C1,10.0,85.0,,
1,EV_B6_C1,9.0,85.0,,
1,EV_B6_C1,8.0,85.0,,
1,EV_B6_C1,7.0,85.0,,
1,EV_B6_C1,6.0,85.0,,
1,EV_B6_C1,5.0,85.0,,
1,EV_B6_C1,4.0,85.0,,
1,EV_B6_C1,3.0,85.0,,
1,EV_B6_C1,2.0,85.0,,
1,EV_B6_C1,1.0,85.0,,
1,EV_B6_C1,0.0,85.0,,
3,,,,,
3,,,,,
3,,,,,
3,,,,,
3,,,,,
3,,,,,
3,,,,,
3,,,,,
3,,,,,
3,,,,,
3,,,,,
3,,,,,
3,,,,,
2,EV_B6_C1,,,0.0,28.403263505146402
1,EV_B6_C1,10.0,85.0,,
1,EV_B6_C1,9.0,85.0,,
1,EV_B6_C1,8.0,85.0,,
1,EV_B6_C1,7.0,85.0,,
1,EV_B6_C1,6.0,85.0,,
1,EV_B6_C1,5.0,85.0,,
1,EV_B6_C1,4.0,85.0,,
1,EV_B6_C1,3.0,85.0,,
1,EV_B6_C1,2.0,85.0,,
1,EV_B6_C1,1.0,85.0,,
1,EV_B6_C1,0.0,85.0,,
3,,,,,
3,,,,,
3,,,,,
3,,,,,
3,,,,,
3,,,,,
3,,,,,
3,,,,,
3,,,,,
2,EV_B6_C1,,,0.0,31.899767419016516
1,EV_B6_C1,13.0,85.0,,
1,EV_B6_C1,12.0,85.0,,
1,EV_B6_C1,11.0,85.0,,
1,EV_B6_C1,10.0,85.0,,
1,EV_B6_C1,9.0,85.0,,
1,EV_B6_C1,8.0,85.0,,
1,EV_B6_C1,7.0,85.0,,
1,EV_B6_C1,6.0,85.0,,
1,EV_B6_C1,5.0,85.0,,
1,EV_B6_C1,4.0,85.0,,
1,EV_B6_C1,3.0,85.0,,
1,EV_B6_C1,2.0,85.0,,
1,EV_B6_C1,1.0,85.0,,
1,EV_B6_C1,0.0,85.0,,
3,,,,,
3,,,,,
3,,,,,
3,,,,,
3,,,,,
3,,,,,
3,,,,,
3,,,,,
3,,,,,
3,,,,,
2,EV_B6_C1,,,0.0,26.495910455598448
1,EV_B6_C1,11.0,85.0,,
1,EV_B6_C1,10.0,85.0,,
1,EV_B6_C1,9.0,85.0,,
1,EV_B6_C1,8.0,85.0,,
1,EV_B6_C1,7.0,85.0,,
1,EV_B6_C1,6.0,85.0,,
1,EV_B6_C1,5.0,85.0,,
1,EV_B6_C1,4.0,85.0,,
1,EV_B6_C1,3.0,85.0,,
1,EV_B6_C1,2.0,85.0,,
1,EV_B6_C1,1.0,85.0,,
1,EV_B6_C1,0.0,85.0,,
3,,,,,
3,,,,,
3,,,,,
3,,,,,
3,,,,,
3,,,,,
3,,,,,
3,,,,,
3,,,,,
3,,,,,
3,,,,,
3,,,,,
3,,,,,
3,,,,,
3,,,,,
3,,,,,
3,,,,,
3,,,,,
3,,,,,
3,,,,,
3,,,,,
3,,,,,
3,,,,,
3,,,,,
3,,,,,
3,,,,,
3,,,,,
3,,,,,
3,,,,,
3,,,,,
3,,,,,
3,,,,,
3,,,,,
3,,,,,
3,,,,,
3,,,,,
3,,,,,
3,,,,,
3,,,,,
3,,,,,
3,,,,,
3,,,,,
3,,,,,
3,,,,,
3,,,,,
3,,,,,
3,,,,,
3,,,,,
3,,,,,
3,,,,,
3,,,,,
3,,,,,
3,,,,,
3,,,,,
3,,,,,
3,,,,,
3,,,,,
3,,,,,
3,,,,,
3,,,,,
3,,,,,
2,EV_B6_C1,,,0.0,29.39750102215079
1,EV_B6_C1,9.0,85.0,,
1,EV_B6_C1,8.0,85.0,,
1,EV_B6_C1,7.0,85.0,,
1,EV_B6_C1,6.0,85.0,,
1,EV_B6_C1,5.0,85.0,,
1,EV_B6_C1,4.0,85.0,,
1,EV_B6_C1,3.0,85.0,,
1,EV_B6_C1,2.0,85.0,,
1,EV_B6_C1,1.0,85.0,,
1,EV_B6_C1,0.0,85.0,,
3,,,,,
3,,,,,
3,,,,,
3,,,,,
3,,,,,
3,,,,,
3,,,,,
3,,,,,
3,,,,,
3,,,,,
3,,,,,
3,,,,,
2,EV_B6_C1,,,0.0,34.11033610050813
1,EV_B6_C1,10.0,85.0,,
1,EV_B6_C1,9.0,85.0,,
1,EV_B6_C1,8.0,85.0,,
1,EV_B6_C1,7.0,85.0,,
1,EV_B6_C1,6.0,85.0,,
1,EV_B6_C1,5.0,85.0,,
1,EV_B6_C1,4.0,85.0,,
1,EV_B6_C1,3.0,85.0,,
1,EV_B6_C1,2.0,85.0,,
1,EV_B6_C1,1.0,85.0,,
1,EV_B6_C1,0.0,85.0,,
3,,,,,
3,,,,,
3,,,,,
3,,,,,
3,,,,,
3,,,,,
3,,,,,
3,,,,,
3,,,,,
3,,,,,
3,,,,,
3,,,,,
3,,,,,
2,EV_B6_C1,,,0.0,29.17447631413273
1,EV_B6_C1,9.0,85.0,,
1,EV_B6_C1,8.0,85.0,,
1,EV_B6_C1,7.0,85.0,,
1,EV_B6_C1,6.0,85.0,,
1,EV_B6_C1,5.0,85.0,,
1,EV_B6_C1,4.0,85.0,,
1,EV_B6_C1,3.0,85.0,,
1,EV_B6_C1,2.0,85.0,,
1,EV_B6_C1,1.0,85.0,,
1,EV_B6_C1,0.0,85.0,,
3,,,,,
3,,,,,
3,,,,,
3,,,,,
3,,,,,
3,,,,,
3,,,,,
3,,,,,
3,,,,,
3,,,,,
3,,,,,
3,,,,,
2,EV_B6_C1,,,0.0,24.250519116202724
1,EV_B6_C1,11.0,85.0,,
1,EV_B6_C1,10.0,85.0,,
1,EV_B6_C1,9.0,85.0,,
1,EV_B6_C1,8.0,85.0,,
1,EV_B6_C1,7.0,85.0,,
1,EV_B6_C1,6.0,85.0,,
1,EV_B6_C1,5.0,85.0,,
1,EV_B6_C1,4.0,85.0,,
1,EV_B6_C1,3.0,85.0,,
1,EV_B6_C1,2.0,85.0,,
1,EV_B6_C1,1.0,85.0,,
1,EV_B6_C1,0.0,85.0,,
3,,,,,
3,,,,,
3,,,,,
3,,,,,
3,,,,,
3,,,,,
3,,,,,
3,,,,,
3,,,,,
3,,,,,
3,,,,,
3,,,,,
3,,,,,
2,EV_B6_C1,,,0.0,28.321752935643733
1,EV_B6_C1,9.0,85.0,,
1,EV_B6_C1,8.0,85.0,,
1,EV_B6_C1,7.0,85.0,,
1,EV_B6_C1,6.0,85.0,,
1,EV_B6_C1,5.0,85.0,,
1,EV_B6_C1,4.0,85.0,,
1,EV_B6_C1,3.0,85.0,,
1,EV_B6_C1,2.0,85.0,,
1,EV_B6_C1,1.0,85.0,,
1,EV_B6_C1,0.0,85.0,,
3,,,,,
3,,,,,
3,,,,,
3,,,,,
3,,,,,
3,,,,,
3,,,,,
3,,,,,
3,,,,,
3,,,,,
3,,,,,
3,,,,,
3,,,,,
3,,,,,
3,,,,,
3,,,,,
3,,,,,
3,,,,,
3,,,,,
3,,,,,
3,,,,,
3,,,,,
3,,,,,
3,,,,,
3,,,,,
3,,,,,
3,,,,,
3,,,,,
3,,,,,
3,,,,,
3,,,,,
3,,,,,
3,,,,,
3,,,,,
3,,,,,
3,,,,,
3,,,,,
3,,,,,
3,,,,,
3,,,,,
3,,,,,
3,,,,,
3,,,,,
3,,,,,
3,,,,,
3,,,,,
3,,,,,
3,,,,,
3,,,,,
3,,,,,
3,,,,,
3,,,,,
3,,,,,
3,,,,,
3,,,,,
3,,,,,
3,,,,,
3,,,,,
2,EV_B6_C1,,,0.0,21.916583790669197
1,EV_B6_C1,11.0,85.0,,
1,EV_B6_C1,10.0,85.0,,
1,EV_B6_C1,9.0,85.0,,
1,EV_B6_C1,8.0,85.0,,
1,EV_B6_C1,7.0,85.0,,
1,EV_B6_C1,6.0,85.0,,
1,EV_B6_C1,5.0,85.0,,
1,EV_B6_C1,4.0,85.0,,
1,EV_B6_C1,3.0,85.0,,
1,EV_B6_C1,2.0,85.0,,
1,EV_B6_C1,1.0,85.0,,
1,EV_B6_C1,0.0,85.0,,
3,,,,,
3,,,,,
3,,,,,
3,,,,,
3,,,,,
3,,,,,
3,,,,,
3,,,,,
3,,,,,
3,,,,,
3,,,,,
2,EV_B6_C1,,,0.0,27.798106474586977
1,EV_B6_C1,11.0,85.0,,
1,EV_B6_C1,10.0,85.0,,
1,EV_B6_C1,9.0,85.0,,
1,EV_B6_C1,8.0,85.0,,
1,EV_B6_C1,7.0,85.0,,
1,EV_B6_C1,6.0,85.0,,
1,EV_B6_C1,5.0,85.0,,
1,EV_B6_C1,4.0,85.0,,
1,EV_B6_C1,3.0,85.0,,
1,EV_B6_C1,2.0,85.0,,
1,EV_B6_C1,1.0,85.0,,
1,EV_B6_C1,0.0,85.0,,
3,,,,,
3,,,,,
3,,,,,
3,,,,,
3,,,,,
3,,,,,
3,,,,,
3,,,,,
3,,,,,
3,,,,,
3,,,,,
3,,,,,
2,EV_B6_C1,,,0.0,27.21016561498788
1,EV_B6_C1,10.0,85.0,,
1,EV_B6_C1,9.0,85.0,,
1,EV_B6_C1,8.0,85.0,,
1,EV_B6_C1,7.0,85.0,,
1,EV_B6_C1,6.0,85.0,,
1,EV_B6_C1,5.0,85.0,,
1,EV_B6_C1,4.0,85.0,,
1,EV_B6_C1,3.0,85.0,,
1,EV_B6_C1,2.0,85.0,,
1,EV_B6_C1,1.0,85.0,,
1,EV_B6_C1,0.0,85.0,,
3,,,,,
3,,,,,
3,,,,,
3,,,,,
3,,,,,
3,,,,,
3,,,,,
3,,,,,
3,,,,,
3,,,,,
3,,,,,
2,EV_B6_C1,,,0.0,26.143552707999856
1,EV_B6_C1,12.0,85.0,,
1,EV_B6_C1,11.0,85.0,,
1,EV_B6_C1,10.0,85.0,,
1,EV_B6_C1,9.0,85.0,,
1,EV_B6_C1,8.0,85.0,,
1,EV_B6_C1,7.0,85.0,,
1,EV_B6_C1,6.0,85.0,,
1,EV_B6_C1,5.0,85.0,,
1,EV_B6_C1,4.0,85.0,,
1,EV_B6_C1,3.0,85.0,,
1,EV_B6_C1,2.0,85.0,,
1,EV_B6_C1,1.0,85.0,,
1,EV_B6_C1,0.0,85.0,,
3,,,,,
3,,,,,
3,,,,,
3,,,,,
3,,,,,
3,,,,,
3,,,,,
3,,,,,
3,,,,,
3,,,,,
3,,,,,
3,,,,,
3,,,,,
3,,,,,
3,,,,,
3,,,,,
3,,,,,
3,,,,,
3,,,,,
3,,,,,
3,,,,,
3,,,,,
3,,,,,
3,,,,,
3,,,,,
3,,,,,
3,,,,,
3,,,,,
3,,,,,
3,,,,,
3,,,,,
3,,,,,
3,,,,,
3,,,,,
3,,,,,
3,,,,,
3,,,,,
3,,,,,
3,,,,,
3,,,,,
3,,,,,
3,,,,,
3,,,,,
3,,,,,
3,,,,,
3,,,,,
3,,,,,
3,,,,,
3,,,,,
3,,,,,
3,,,,,
3,,,,,
3,,,,,
3,,,,,
3,,,,,
3,,,,,
3,,,,,
3,,,,,
3,,,,,
3,,,,,
3,,,,,
3,,,,,
3,,,,,
3,,,,,
3,,,,,
3,,,,,
3,,,,,
3,,,,,
3,,,,,
3,,,,,
3,,,,,
3,,,,,
3,,,,,
3,,,,,
3,,,,,
3,,,,,
3,,,,,
3,,,,,
3,,,,,
3,,,,,
3,,,,,
2,EV_B6_C1,,,0.0,24.774176953845185
1,EV_B6_C1,13.0,85.0,,
1,EV_B6_C1,12.0,85.0,,
1,EV_B6_C1,11.0,85.0,,
1,EV_B6_C1,10.0,85.0,,
1,EV_B6_C1,9.0,85.0,,
1,EV_B6_C1,8.0,85.0,,
1,EV_B6_C1,7.0,85.0,,
1,EV_B6_C1,6.0,85.0,,
1,EV_B6_C1,5.0,85.0,,
1,EV_B6_C1,4.0,85.0,,
1,EV_B6_C1,3.0,85.0,,
1,EV_B6_C1,2.0,85.0,,
1,EV_B6_C1,1.0,85.0,,
1,EV_B6_C1,0.0,85.0,,
3,,,,,
3,,,,,
3,,,,,
3,,,,,
3,,,,,
3,,,,,
3,,,,,
3,,,,,
3,,,,,
2,EV_B6_C1,,,0.0,22.16799650366601
1,EV_B6_C1,12.0,85.0,,
1,EV_B6_C1,11.0,85.0,,
1,EV_B6_C1,10.0,85.0,,
1,EV_B6_C1,9.0,85.0,,
1,EV_B6_C1,8.0,85.0,,
1,EV_B6_C1,7.0,85.0,,
1,EV_B6_C1,6.0,85.0,,
1,EV_B6_C1,5.0,85.0,,
1,EV_B6_C1,4.0,85.0,,
1,EV_B6_C1,3.0,85.0,,
1,EV_B6_C1,2.0,85.0,,
1,EV_B6_C1,1.0,85.0,,
1,EV_B6_C1,0.0,85.0,,
3,,,,,
3,,,,,
3,,,,,
3,,,,,
3,,,,,
3,,,,,
3,,,,,
3,,,,,
3,,,,,
3,,,,,
3,,,,,
3,,,,,
2,EV_B6_C1,,,0.0,20.373833481704246
1,EV_B6_C1,11.0,85.0,,
1,EV_B6_C1,10.0,85.0,,
1,EV_B6_C1,9.0,85.0,,
1,EV_B6_C1,8.0,85.0,,
1,EV_B6_C1,7.0,85.0,,
1,EV_B6_C1,6.0,85.0,,
1,EV_B6_C1,5.0,85.0,,
1,EV_B6_C1,4.0,85.0,,
1,EV_B6_C1,3.0,85.0,,
1,EV_B6_C1,2.0,85.0,,
1,EV_B6_C1,1.0,85.0,,
1,EV_B6_C1,0.0,85.0,,
3,,,,,
3,,,,,
3,,,,,
3,,,,,
3,,,,,
3,,,,,
3,,,,,
3,,,,,
3,,,,,
3,,,,,
3,,,,,
3,,,,,
3,,,,,
3,,,,,
3,,,,,
3,,,,,
3,,,,,
3,,,,,
3,,,,,
3,,,,,
3,,,,,
3,,,,,
3,,,,,
3,,,,,
3,,,,,
3,,,,,
3,,,,,
3,,,,,
3,,,,,
3,,,,,
3,,,,,
3,,,,,
3,,,,,
3,,,,,
2,EV_B6_C1,,,0.0,29.935939340433436
1,EV_B6_C1,12.0,85.0,,
1,EV_B6_C1,11.0,85.0,,
1,EV_B6_C1,10.0,85.0,,
1,EV_B6_C1,9.0,85.0,,
1,EV_B6_C1,8.0,85.0,,
1,EV_B6_C1,7.0,85.0,,
1,EV_B6_C1,6.0,85.0,,
1,EV_B6_C1,5.0,85.0,,
1,EV_B6_C1,4.0,85.0,,
1,EV_B6_C1,3.0,85.0,,
1,EV_B6_C1,2.0,85.0,,
1,EV_B6_C1,1.0,85.0,,
1,EV_B6_C1,0.0,85.0,,
3,,,,,
3,,,,,
3,,,,,
3,,,,,
3,,,,,
3,,,,,
3,,,,,
3,,,,,
3,,,,,
3,,,,,
3,,,,,
3,,,,,
3,,,,,
3,,,,,
3,,,,,
3,,,,,
3,,,,,
3,,,,,
3,,,,,
3,,,,,
3,,,,,
3,,,,,
3,,,,,
3,,,,,
3,,,,,
3,,,,,
3,,,,,
3,,,,,
3,,,,,
3,,,,,
3,,,,,
3,,,,,
3,,,,,
3,,,,,
3,,,,,
3,,,,,
3,,,,,
3,,,,,
3,,,,,
3,,,,,
3,,,,,
3,,,,,
3,,,,,
3,,,,,
3,,,,,
3,,,,,
3,,,,,
3,,,,,
3,,,,,
3,,,,,
3,,,,,
3,,,,,
3,,,,,
3,,,,,
3,,,,,
3,,,,,
3,,,,,
3,,,,,
3,,,,,
2,EV_B6_C1,,,0.0,21.833700363321018
1,EV_B6_C1,11.0,85.0,,
1,EV_B6_C1,10.0,85.0,,
1,EV_B6_C1,9.0,85.0,,
1,EV_B6_C1,8.0,85.0,,
1,EV_B6_C1,7.0,85.0,,
1,EV_B6_C1,6.0,85.0,,
1,EV_B6_C1,5.0,85.0,,
1,EV_B6_C1,4.0,85.0,,
1,EV_B6_C1,3.0,85.0,,
1,EV_B6_C1,2.0,85.0,,
1,EV_B6_C1,1.0,85.0,,
1,EV_B6_C1,0.0,85.0,,
3,,,,,
3,,,,,
3,,,,,
3,,,,,
3,,,,,
3,,,,,
3,,,,,
3,,,,,
3,,,,,
3,,,,,
3,,,,,
3,,,,,
3,,,,,
3,,,,,
3,,,,,
3,,,,,
3,,,,,
3,,,,,
3,,,,,
3,,,,,
3,,,,,
3,,,,,
3,,,,,
3,,,,,
3,,,,,
3,,,,,
3,,,,,
3,,,,,
3,,,,,
3,,,,,
3,,,,,
3,,,,,
3,,,,,
3,,,,,
2,EV_B6_C1,,,0.0,25.800097980363805
1,EV_B6_C1,11.0,85.0,,
1,EV_B6_C1,10.0,85.0,,
1,EV_B6_C1,9.0,85.0,,
1,EV_B6_C1,8.0,85.0,,
1,EV_B6_C1,7.0,85.0,,
1,EV_B6_C1,6.0,85.0,,
1,EV_B6_C1,5.0,85.0,,
1,EV_B6_C1,4.0,85.0,,
1,EV_B6_C1,3.0,85.0,,
1,EV_B6_C1,2.0,85.0,,
1,EV_B6_C1,1.0,85.0,,
1,EV_B6_C1,0.0,85.0,,
3,,,,,
3,,,,,
3,,,,,
3,,,,,
3,,,,,
3,,,,,
3,,,,,
3,,,,,
3,,,,,
3,,,,,
3,,,,,
3,,,,,
3,,,,,
3,,,,,
3,,,,,
3,,,,,
3,,,,,
3,,,,,
3,,,,,
3,,,,,
3,,,,,
3,,,,,
3,,,,,
3,,,,,
3,,,,,
3,,,,,
3,,,,,
3,,,,,
3,,,,,
3,,,,,
3,,,,,
3,,,,,
3,,,,,
2,EV_B6_C1,,,0.0,34.8267797160878
1,EV_B6_C1,13.0,85.0,,
1,EV_B6_C1,12.0,85.0,,
1,EV_B6_C1,11.0,85.0,,
1,EV_B6_C1,10.0,85.0,,
1,EV_B6_C1,9.0,85.0,,
1,EV_B6_C1,8.0,85.0,,
1,EV_B6_C1,7.0,85.0,,
1,EV_B6_C1,6.0,85.0,,
1,EV_B6_C1,5.0,85.0,,
1,EV_B6_C1,4.0,85.0,,
1,EV_B6_C1,3.0,85.0,,
1,EV_B6_C1,2.0,85.0,,
1,EV_B6_C1,1.0,85.0,,
1,EV_B6_C1,0.0,85.0,,
3,,,,,
3,,,,,
3,,,,,
3,,,,,
3,,,,,
3,,,,,
3,,,,,
3,,,,,
3,,,,,
3,,,,,
3,,,,,
3,,,,,
3,,,,,
3,,,,,
3,,,,,
3,,,,,
3,,,,,
3,,,,,
3,,,,,
3,,,,,
3,,,,,
3,,,,,
3,,,,,
3,,,,,
3,,,,,
3,,,,,
3,,,,,
3,,,,,
3,,,,,
3,,,,,
3,,,,,
3,,,,,
3,,,,,
3,,,,,
3,,,,,
3,,,,,
3,,,,,
3,,,,,
3,,,,,
3,,,,,
3,,,,,
3,,,,,
3,,,,,
3,,,,,
3,,,,,
3,,,,,
3,,,,,
3,,,,,
3,,,,,
3,,,,,
3,,,,,
3,,,,,
3,,,,,
3,,,,,
3,,,,,
3,,,,,
3,,,,,
3,,,,,
3,,,,,
3,,,,,
3,,,,,
2,EV_B6_C1,,,0.0,31.690815228663528
1,EV_B6_C1,10.0,85.0,,
1,EV_B6_C1,9.0,85.0,,
1,EV_B6_C1,8.0,85.0,,
1,EV_B6_C1,7.0,85.0,,
1,EV_B6_C1,6.0,85.0,,
1,EV_B6_C1,5.0,85.0,,
1,EV_B6_C1,4.0,85.0,,
1,EV_B6_C1,3.0,85.0,,
1,EV_B6_C1,2.0,85.0,,
1,EV_B6_C1,1.0,85.0,,
1,EV_B6_C1,0.0,85.0,,
3,,,,,
3,,,,,
3,,,,,
3,,,,,
3,,,,,
3,,,,,
3,,,,,
3,,,,,
3,,,,,
3,,,,,
2,EV_B6_C1,,,0.0,20.482955693973846
1,EV_B6_C1,11.0,85.0,,
1,EV_B6_C1,10.0,85.0,,
1,EV_B6_C1,9.0,85.0,,
1,EV_B6_C1,8.0,85.0,,
1,EV_B6_C1,7.0,85.0,,
1,EV_B6_C1,6.0,85.0,,
1,EV_B6_C1,5.0,85.0,,
1,EV_B6_C1,4.0,85.0,,
1,EV_B6_C1,3.0,85.0,,
1,EV_B6_C1,2.0,85.0,,
1,EV_B6_C1,1.0,85.0,,
1,EV_B6_C1,0.0,85.0,,
3,,,,,
3,,,,,
3,,,,,
3,,,,,
3,,,,,
3,,,,,
3,,,,,
3,,,,,
3,,,,,
3,,,,,
3,,,,,
3,,,,,
2,EV_B6_C1,,,0.0,26.271287605740852
1,EV_B6_C1,10.0,85.0,,
1,EV_B6_C1,9.0,85.0,,
1,EV_B6_C1,8.0,85.0,,
1,EV_B6_C1,7.0,85.0,,
1,EV_B6_C1,6.0,85.0,,
1,EV_B6_C1,5.0,85.0,,
1,EV_B6_C1,4.0,85.0,,
1,EV_B6_C1,3.0,85.0,,
1,EV_B6_C1,2.0,85.0,,
1,EV_B6_C1,1.0,85.0,,
1,EV_B6_C1,0.0,85.0,,
3,,,,,
3,,,,,
3,,,,,
3,,,,,
3,,,,,
3,,,,,
3,,,,,
3,,,,,
3,,,,,
3,,,,,
3,,,,,
2,EV_B6_C1,,,0.0,27.747992689471303
1,EV_B6_C1,12.0,85.0,,
1,EV_B6_C1,11.0,85.0,,
1,EV_B6_C1,10.0,85.0,,
1,EV_B6_C1,9.0,85.0,,
1,EV_B6_C1,8.0,85.0,,
1,EV_B6_C1,7.0,85.0,,
1,EV_B6_C1,6.0,85.0,,
1,EV_B6_C1,5.0,85.0,,
1,EV_B6_C1,4.0,85.0,,
1,EV_B6_C1,3.0,85.0,,
1,EV_B6_C1,2.0,85.0,,
1,EV_B6_C1,1.0,85.0,,
1,EV_B6_C1,0.0,85.0,,
3,,,,,
3,,,,,
3,,,,,
3,,,,,
3,,,,,
3,,,,,
3,,,,,
3,,,,,
3,,,,,
2,EV_B6_C1,,,0.0,27.94691803774747
1,EV_B6_C1,13.0,85.0,,
1,EV_B6_C1,12.0,85.0,,
1,EV_B6_C1,11.0,85.0,,
1,EV_B6_C1,10.0,85.0,,
1,EV_B6_C1,9.0,85.0,,
1,EV_B6_C1,8.0,85.0,,
1,EV_B6_C1,7.0,85.0,,
1,EV_B6_C1,6.0,85.0,,
1,EV_B6_C1,5.0,85.0,,
1,EV_B6_C1,4.0,85.0,,
1,EV_B6_C1,3.0,85.0,,
1,EV_B6_C1,2.0,85.0,,
1,EV_B6_C1,1.0,85.0,,
1,EV_B6_C1,0.0,85.0,,
3,,,,,
3,,,,,
3,,,,,
3,,,,,
3,,,,,
3,,,,,
3,,,,,
3,,,,,
3,,,,,
3,,,,,
3,,,,,
3,,,,,
3,,,,,
3,,,,,
3,,,,,
3,,,,,
3,,,,,
3,,,,,
3,,,,,
3,,,,,
3,,,,,
3,,,,,
3,,,,,
3,,,,,
3,,,,,
3,,,,,
3,,,,,
3,,,,,
3,,,,,
3,,,,,
3,,,,,
3,,,,,
3,,,,,
3,,,,,
3,,,,,
3,,,,,
3,,,,,
3,,,,,
3,,,,,
3,,,,,
3,,,,,
3,,,,,
3,,,,,
3,,,,,
3,,,,,
3,,,,,
3,,,,,
3,,,,,
3,,,,,
3,,,,,
3,,,,,
3,,,,,
3,,,,,
3,,,,,
3,,,,,
3,,,,,
3,,,,,
3,,,,,
3,,,,,
2,EV_B6_C1,,,0.0,28.68145135841275
1,EV_B6_C1,11.0,85.0,,
1,EV_B6_C1,10.0,85.0,,
1,EV_B6_C1,9.0,85.0,,
1,EV_B6_C1,8.0,85.0,,
1,EV_B6_C1,7.0,85.0,,
1,EV_B6_C1,6.0,85.0,,
1,EV_B6_C1,5.0,85.0,,
1,EV_B6_C1,4.0,85.0,,
1,EV_B6_C1,3.0,85.0,,
1,EV_B6_C1,2.0,85.0,,
1,EV_B6_C1,1.0,85.0,,
1,EV_B6_C1,0.0,85.0,,
3,,,,,
3,,,,,
3,,,,,
3,,,,,
3,,,,,
3,,,,,
3,,,,,
3,,,,,
3,,,,,
3,,,,,
3,,,,,
2,EV_B6_C1,,,0.0,28.05226637618517
1,EV_B6_C1,11.0,85.0,,
1,EV_B6_C1,10.0,85.0,,
1,EV_B6_C1,9.0,85.0,,
1,EV_B6_C1,8.0,85.0,,
1,EV_B6_C1,7.0,85.0,,
1,EV_B6_C1,6.0,85.0,,
1,EV_B6_C1,5.0,85.0,,
1,EV_B6_C1,4.0,85.0,,
1,EV_B6_C1,3.0,85.0,,
1,EV_B6_C1,2.0,85.0,,
1,EV_B6_C1,1.0,85.0,,
1,EV_B6_C1,0.0,85.0,,
3,,,,,
3,,,,,
3,,,,,
3,,,,,
3,,,,,
3,,,,,
3,,,,,
3,,,,,
3,,,,,
3,,,,,
3,,,,,
3,,,,,
3,,,,,
3,,,,,
3,,,,,
3,,,,,
3,,,,,
3,,,,,
3,,,,,
3,,,,,
3,,,,,
3,,,,,
3,,,,,
3,,,,,
3,,,,,
3,,,,,
3,,,,,
3,,,,,
3,,,,,
3,,,,,
3,,,,,
3,,,,,
3,,,,,
3,,,,,
3,,,,,
2,EV_B6_C1,,,0.0,20.30921222255686
1,EV_B6_C1,10.0,85.0,,
1,EV_B6_C1,9.0,85.0,,
1,EV_B6_C1,8.0,85.0,,
1,EV_B6_C1,7.0,85.0,,
1,EV_B6_C1,6.0,85.0,,
1,EV_B6_C1,5.0,85.0,,
1,EV_B6_C1,4.0,85.0,,
1,EV_B6_C1,3.0,85.0,,
1,EV_B6_C1,2.0,85.0,,
1,EV_B6_C1,1.0,85.0,,
1,EV_B6_C1,0.0,85.0,,
3,,,,,
3,,,,,
3,,,,,
3,,,,,
3,,,,,
3,,,,,
3,,,,,
3,,,,,
3,,,,,
3,,,,,
3,,,,,
3,,,,,
2,EV_B6_C1,,,0.0,22.90480569996167
1,EV_B6_C1,10.0,85.0,,
1,EV_B6_C1,9.0,85.0,,
1,EV_B6_C1,8.0,85.0,,
1,EV_B6_C1,7.0,85.0,,
1,EV_B6_C1,6.0,85.0,,
1,EV_B6_C1,5.0,85.0,,
1,EV_B6_C1,4.0,85.0,,
1,EV_B6_C1,3.0,85.0,,
1,EV_B6_C1,2.0,85.0,,
1,EV_B6_C1,1.0,85.0,,
1,EV_B6_C1,0.0,85.0,,
3,,,,,
3,,,,,
3,,,,,
3,,,,,
3,,,,,
3,,,,,
3,,,,,
3,,,,,
3,,,,,
3,,,,,
3,,,,,
3,,,,,
3,,,,,
3,,,,,
3,,,,,
3,,,,,
3,,,,,
3,,,,,
3,,,,,
3,,,,,
3,,,,,
3,,,,,
3,,,,,
3,,,,,
3,,,,,
3,,,,,
3,,,,,
3,,,,,
3,,,,,
3,,,,,
3,,,,,
3,,,,,
3,,,,,
3,,,,,
3,,,,,
3,,,,,
3,,,,,
3,,,,,
3,,,,,
3,,,,,
3,,,,,
3,,,,,
3,,,,,
3,,,,,
3,,,,,
3,,,,,
3,,,,,
3,,,,,
3,,,,,
3,,,,,
3,,,,,
3,,,,,
3,,,,,
3,,,,,
3,,,,,
3,,,,,
3,,,,,
3,,,,,
3,,,,,
3,,,,,
3,,,,,
2,EV_B6_C1,,,0.0,21.07472351678324
1,EV_B6_C1,10.0,85.0,,
1,EV_B6_C1,9.0,85.0,,
1,EV_B6_C1,8.0,85.0,,
1,EV_B6_C1,7.0,85.0,,
1,EV_B6_C1,6.0,85.0,,
1,EV_B6_C1,5.0,85.0,,
1,EV_B6_C1,4.0,85.0,,
1,EV_B6_C1,3.0,85.0,,
1,EV_B6_C1,2.0,85.0,,
1,EV_B6_C1,1.0,85.0,,
1,EV_B6_C1,0.0,85.0,,
3,,,,,
3,,,,,
3,,,,,
3,,,,,
3,,,,,
3,,,,,
3,,,,,
3,,,,,
3,,,,,
3,,,,,
3,,,,,
3,,,,,
2,EV_B6_C1,,,0.0,22.947209506891095
1,EV_B6_C1,9.0,85.0,,
1,EV_B6_C1,8.0,85.0,,
1,EV_B6_C1,7.0,85.0,,
1,EV_B6_C1,6.0,85.0,,
1,EV_B6_C1,5.0,85.0,,
1,EV_B6_C1,4.0,85.0,,
1,EV_B6_C1,3.0,85.0,,
1,EV_B6_C1,2.0,85.0,,
1,EV_B6_C1,1.0,85.0,,
1,EV_B6_C1,0.0,85.0,,
3,,,,,
3,,,,,
3,,,,,
3,,,,,
3,,,,,
3,,,,,
3,,,,,
3,,,,,
3,,,,,
3,,,,,
3,,,,,
2,EV_B6_C1,,,0.0,30.03785968947404
1,EV_B6_C1,12.0,85.0,,
1,EV_B6_C1,11.0,85.0,,
1,EV_B6_C1,10.0,85.0,,
1,EV_B6_C1,9.0,85.0,,
1,EV_B6_C1,8.0,85.0,,
1,EV_B6_C1,7.0,85.0,,
1,EV_B6_C1,6.0,85.0,,
1,EV_B6_C1,5.0,85.0,,
1,EV_B6_C1,4.0,85.0,,
1,EV_B6_C1,3.0,85.0,,
1,EV_B6_C1,2.0,85.0,,
1,EV_B6_C1,1.0,85.0,,
1,EV_B6_C1,0.0,85.0,,
3,,,,,
3,,,,,
3,,,,,
3,,,,,
3,,,,,
3,,,,,
3,,,,,
3,,,,,
3,,,,,
3,,,,,
3,,,,,
3,,,,,
3,,,,,
3,,,,,
3,,,,,
3,,,,,
3,,,,,
3,,,,,
3,,,,,
3,,,,,
3,,,,,
3,,,,,
3,,,,,
3,,,,,
3,,,,,
3,,,,,
3,,,,,
3,,,,,
3,,,,,
3,,,,,
3,,,,,
3,,,,,
3,,,,,
3,,,,,
3,,,,,
2,EV_B6_C1,,,0.0,33.59872980163496
1,EV_B6_C1,10.0,85.0,,
1,EV_B6_C1,9.0,85.0,,
1,EV_B6_C1,8.0,85.0,,
1,EV_B6_C1,7.0,85.0,,
1,EV_B6_C1,6.0,85.0,,
1,EV_B6_C1,5.0,85.0,,
1,EV_B6_C1,4.0,85.0,,
1,EV_B6_C1,3.0,85.0,,
1,EV_B6_C1,2.0,85.0,,
1,EV_B6_C1,1.0,85.0,,
1,EV_B6_C1,0.0,85.0,,
3,,,,,
3,,,,,
3,,,,,
3,,,,,
3,,,,,
3,,,,,
3,,,,,
3,,,,,
3,,,,,
3,,,,,
3,,,,,
3,,,,,
3,,,,,
3,,,,,
3,,,,,
3,,,,,
3,,,,,
3,,,,,
3,,,,,
3,,,,,
3,,,,,
3,,,,,
3,,,,,
3,,,,,
3,,,,,
3,,,,,
3,,,,,
3,,,,,
3,,,,,
3,,,,,
3,,,,,
3,,,,,
3,,,,,
3,,,,,
3,,,,,
3,,,,,
3,,,,,
3,,,,,
3,,,,,
3,,,,,
3,,,,,
3,,,,,
3,,,,,
3,,,,,
3,,,,,
3,,,,,
3,,,,,
3,,,,,
3,,,,,
3,,,,,
3,,,,,
3,,,,,
3,,,,,
3,,,,,
3,,,,,
3,,,,,
3,,,,,
3,,,,,
3,,,,,
3,,,,,
2,EV_B6_C1,,,0.0,34.446625651033905
1,EV_B6_C1,11.0,85.0,,
1,EV_B6_C1,10.0,85.0,,
1,EV_B6_C1,9.0,85.0,,
1,EV_B6_C1,8.0,85.0,,
1,EV_B6_C1,7.0,85.0,,
1,EV_B6_C1,6.0,85.0,,
1,EV_B6_C1,5.0,85.0,,
1,EV_B6_C1,4.0,85.0,,
1,EV_B6_C1,3.0,85.0,,
1,EV_B6_C1,2.0,85.0,,
1,EV_B6_C1,1.0,85.0,,
1,EV_B6_C1,0.0,85.0,,
3,,,,,
3,,,,,
3,,,,,
3,,,,,
3,,,,,
3,,,,,
3,,,,,
3,,,,,
3,,,,,
3,,,,,
3,,,,,
2,EV_B6_C1,,,0.0,22.2049320466174
1,EV_B6_C1,10.0,85.0,,
1,EV_B6_C1,9.0,85.0,,
1,EV_B6_C1,8.0,85.0,,
1,EV_B6_C1,7.0,85.0,,
1,EV_B6_C1,6.0,85.0,,
1,EV_B6_C1,5.0,85.0,,
1,EV_B6_C1,4.0,85.0,,
1,EV_B6_C1,3.0,85.0,,
1,EV_B6_C1,2.0,85.0,,
1,EV_B6_C1,1.0,85.0,,
1,EV_B6_C1,0.0,85.0,,
3,,,,,
3,,,,,
3,,,,,
3,,,,,
3,,,,,
3,,,,,
3,,,,,
3,,,,,
3,,,,,
3,,,,,
3,,,,,
2,EV_B6_C1,,,0.0,33.77809337285529
1,EV_B6_C1,12.0,85.0,,
1,EV_B6_C1,11.0,85.0,,
1,EV_B6_C1,10.0,85.0,,
1,EV_B6_C1,9.0,85.0,,
1,EV_B6_C1,8.0,85.0,,
1,EV_B6_C1,7.0,85.0,,
1,EV_B6_C1,6.0,85.0,,
1,EV_B6_C1,5.0,85.0,,
1,EV_B6_C1,4.0,85.0,,
1,EV_B6_C1,3.0,85.0,,
1,EV_B6_C1,2.0,85.0,,
1,EV_B6_C1,1.0,85.0,,
1,EV_B6_C1,0.0,85.0,,
3,,,,,
3,,,,,
3,,,,,
3,,,,,
3,,,,,
3,,,,,
3,,,,,
3,,,,,
3,,,,,
3,,,,,
3,,,,,
3,,,,,
2,EV_B6_C1,,,0.0,28.150638430778585
1,EV_B6_C1,10.0,85.0,,
1,EV_B6_C1,9.0,85.0,,
1,EV_B6_C1,8.0,85.0,,
1,EV_B6_C1,7.0,85.0,,
1,EV_B6_C1,6.0,85.0,,
1,EV_B6_C1,5.0,85.0,,
1,EV_B6_C1,4.0,85.0,,
1,EV_B6_C1,3.0,85.0,,
1,EV_B6_C1,2.0,85.0,,
1,EV_B6_C1,1.0,85.0,,
1,EV_B6_C1,0.0,85.0,,
3,,,,,
3,,,,,
3,,,,,
3,,,,,
3,,,,,
3,,,,,
3,,,,,
3,,,,,
3,,,,,
3,,,,,
3,,,,,
2,EV_B6_C1,,,0.0,31.404254261897087
1,EV_B6_C1,11.0,85.0,,
1,EV_B6_C1,10.0,85.0,,
1,EV_B6_C1,9.0,85.0,,
1,EV_B6_C1,8.0,85.0,,
1,EV_B6_C1,7.0,85.0,,
1,EV_B6_C1,6.0,85.0,,
1,EV_B6_C1,5.0,85.0,,
1,EV_B6_C1,4.0,85.0,,
1,EV_B6_C1,3.0,85.0,,
1,EV_B6_C1,2.0,85.0,,
1,EV_B6_C1,1.0,85.0,,
1,EV_B6_C1,0.0,85.0,,
3,,,,,
3,,,,,
3,,,,,
3,,,,,
3,,,,,
3,,,,,
3,,,,,
3,,,,,
3,,,,,
3,,,,,
3,,,,,
3,,,,,
3,,,,,
3,,,,,
3,,,,,
3,,,,,
3,,,,,
3,,,,,
3,,,,,
3,,,,,
3,,,,,
3,,,,,
3,,,,,
3,,,,,
3,,,,,
3,,,,,
3,,,,,
3,,,,,
3,,,,,
3,,,,,
3,,,,,
3,,,,,
3,,,,,
3,,,,,
3,,,,,
3,,,,,
3,,,,,
3,,,,,
3,,,,,
3,,,,,
3,,,,,
3,,,,,
3,,,,,
3,,,,,
3,,,,,
3,,,,,
3,,,,,
3,,,,,
3,,,,,
3,,,,,
3,,,,,
3,,,,,
3,,,,,
3,,,,,
3,,,,,
3,,,,,
3,,,,,
3,,,,,
3,,,,,
3,,,,,
2,EV_B6_C1,,,0.0,33.288912997602516
1,EV_B6_C1,10.0,85.0,,
1,EV_B6_C1,9.0,85.0,,
1,EV_B6_C1,8.0,85.0,,
1,EV_B6_C1,7.0,85.0,,
1,EV_B6_C1,6.0,85.0,,
1,EV_B6_C1,5.0,85.0,,
1,EV_B6_C1,4.0,85.0,,
1,EV_B6_C1,3.0,85.0,,
1,EV_B6_C1,2.0,85.0,,
1,EV_B6_C1,1.0,85.0,,
1,EV_B6_C1,0.0,85.0,,
3,,,,,
3,,,,,
3,,,,,
3,,,,,
3,,,,,
3,,,,,
3,,,,,
3,,,,,
3,,,,,
3,,,,,
2,EV_B6_C1,,,0.0,32.55428049533313
1,EV_B6_C1,11.0,85.0,,
1,EV_B6_C1,10.0,85.0,,
1,EV_B6_C1,9.0,85.0,,
1,EV_B6_C1,8.0,85.0,,
1,EV_B6_C1,7.0,85.0,,
1,EV_B6_C1,6.0,85.0,,
1,EV_B6_C1,5.0,85.0,,
1,EV_B6_C1,4.0,85.0,,
1,EV_B6_C1,3.0,85.0,,
1,EV_B6_C1,2.0,85.0,,
1,EV_B6_C1,1.0,85.0,,
1,EV_B6_C1,0.0,85.0,,
3,,,,,
3,,,,,
3,,,,,
3,,,,,
3,,,,,
3,,,,,
3,,,,,
3,,,,,
3,,,,,
3,,,,,
3,,,,,
3,,,,,
3,,,,,
3,,,,,
3,,,,,
3,,,,,
3,,,,,
3,,,,,
3,,,,,
3,,,,,
3,,,,,
3,,,,,
3,,,,,
3,,,,,
3,,,,,
3,,,,,
3,,,,,
3,,,,,
3,,,,,
3,,,,,
3,,,,,
3,,,,,
3,,,,,
3,,,,,
3,,,,,
2,EV_B6_C1,,,0.0,30.00995075229833
1,EV_B6_C1,11.0,85.0,,
1,EV_B6_C1,10.0,85.0,,
1,EV_B6_C1,9.0,85.0,,
1,EV_B6_C1,8.0,85.0,,
1,EV_B6_C1,7.0,85.0,,
1,EV_B6_C1,6.0,85.0,,
1,EV_B6_C1,5.0,85.0,,
1,EV_B6_C1,4.0,85.0,,
1,EV_B6_C1,3.0,85.0,,
1,EV_B6_C1,2.0,85.0,,
1,EV_B6_C1,1.0,85.0,,
1,EV_B6_C1,0.0,85.0,,
3,,,,,
3,,,,,
3,,,,,
3,,,,,
3,,,,,
3,,,,,
3,,,,,
3,,,,,
3,,,,,
3,,,,,
3,,,,,
2,EV_B6_C1,,,0.0,30.620599188018744
1,EV_B6_C1,12.0,85.0,,
1,EV_B6_C1,11.0,85.0,,
1,EV_B6_C1,10.0,85.0,,
1,EV_B6_C1,9.0,85.0,,
1,EV_B6_C1,8.0,85.0,,
1,EV_B6_C1,7.0,85.0,,
1,EV_B6_C1,6.0,85.0,,
1,EV_B6_C1,5.0,85.0,,
1,EV_B6_C1,4.0,85.0,,
1,EV_B6_C1,3.0,85.0,,
1,EV_B6_C1,2.0,85.0,,
1,EV_B6_C1,1.0,85.0,,
1,EV_B6_C1,0.0,85.0,,
3,,,,,
3,,,,,
3,,,,,
3,,,,,
3,,,,,
3,,,,,
3,,,,,
3,,,,,
3,,,,,
3,,,,,
3,,,,,
3,,,,,
3,,,,,
3,,,,,
3,,,,,
3,,,,,
3,,,,,
3,,,,,
3,,,,,
3,,,,,
3,,,,,
3,,,,,
3,,,,,
3,,,,,
3,,,,,
3,,,,,
3,,,,,
3,,,,,
3,,,,,
3,,,,,
3,,,,,
3,,,,,
3,,,,,
3,,,,,
3,,,,,
3,,,,,
3,,,,,
3,,,,,
3,,,,,
3,,,,,
3,,,,,
3,,,,,
3,,,,,
3,,,,,
3,,,,,
3,,,,,
3,,,,,
3,,,,,
3,,,,,
3,,,,,
3,,,,,
3,,,,,
3,,,,,
3,,,,,
3,,,,,
3,,,,,
2,EV_B6_C1,,,0.0,30.92447932013626
1,EV_B6_C1,13.0,85.0,,
1,EV_B6_C1,12.0,85.0,,
1,EV_B6_C1,11.0,85.0,,
1,EV_B6_C1,10.0,85.0,,
1,EV_B6_C1,9.0,85.0,,
1,EV_B6_C1,8.0,85.0,,
1,EV_B6_C1,7.0,85.0,,
1,EV_B6_C1,6.0,85.0,,
1,EV_B6_C1,5.0,85.0,,
1,EV_B6_C1,4.0,85.0,,
1,EV_B6_C1,3.0,85.0,,
1,EV_B6_C1,2.0,85.0,,
1,EV_B6_C1,1.0,85.0,,
1,EV_B6_C1,0.0,85.0,,
3,,,,,
3,,,,,
3,,,,,
3,,,,,
3,,,,,
3,,,,,
3,,,,,
3,,,,,
3,,,,,
3,,,,,
3,,,,,
2,EV_B6_C1,,,0.0,21.633011041533614
1,EV_B6_C1,12.0,85.0,,
1,EV_B6_C1,11.0,85.0,,
1,EV_B6_C1,10.0,85.0,,
1,EV_B6_C1,9.0,85.0,,
1,EV_B6_C1,8.0,85.0,,
1,EV_B6_C1,7.0,85.0,,
1,EV_B6_C1,6.0,85.0,,
1,EV_B6_C1,5.0,85.0,,
1,EV_B6_C1,4.0,85.0,,
1,EV_B6_C1,3.0,85.0,,
1,EV_B6_C1,2.0,85.0,,
1,EV_B6_C1,1.0,85.0,,
1,EV_B6_C1,0.0,85.0,,
3,,,,,
3,,,,,
3,,,,,
3,,,,,
3,,,,,
3,,,,,
3,,,,,
3,,,,,
3,,,,,
3,,,,,
3,,,,,
3,,,,,
3,,,,,
3,,,,,
3,,,,,
3,,,,,
3,,,,,
3,,,,,
3,,,,,
3,,,,,
3,,,,,
3,,,,,
3,,,,,
3,,,,,
3,,,,,
3,,,,,
3,,,,,
3,,,,,
3,,,,,
3,,,,,
3,,,,,
3,,,,,
3,,,,,
3,,,,,
3,,,,,
2,EV_B6_C1,,,0.0,21.0000996460523
1,EV_B6_C1,11.0,85.0,,
1,EV_B6_C1,10.0,85.0,,
1,EV_B6_C1,9.0,85.0,,
1,EV_B6_C1,8.0,85.0,,
1,EV_B6_C1,7.0,85.0,,
1,EV_B6_C1,6.0,85.0,,
1,EV_B6_C1,5.0,85.0,,
1,EV_B6_C1,4.0,85.0,,
1,EV_B6_C1,3.0,85.0,,
1,EV_B6_C1,2.0,85.0,,
1,EV_B6_C1,1.0,85.0,,
1,EV_B6_C1,0.0,85.0,,
3,,,,,
3,,,,,
3,,,,,
3,,,,,
3,,,,,
3,,,,,
3,,,,,
3,,,,,
3,,,,,
2,EV_B6_C1,,,0.0,30.63388085692053
1,EV_B6_C1,12.0,85.0,,
1,EV_B6_C1,11.0,85.0,,
1,EV_B6_C1,10.0,85.0,,
1,EV_B6_C1,9.0,85.0,,
1,EV_B6_C1,8.0,85.0,,
1,EV_B6_C1,7.0,85.0,,
1,EV_B6_C1,6.0,85.0,,
1,EV_B6_C1,5.0,85.0,,
1,EV_B6_C1,4.0,85.0,,
1,EV_B6_C1,3.0,85.0,,
1,EV_B6_C1,2.0,85.0,,
1,EV_B6_C1,1.0,85.0,,
1,EV_B6_C1,0.0,85.0,,
3,,,,,
3,,,,,
3,,,,,
3,,,,,
3,,,,,
3,,,,,
3,,,,,
3,,,,,
3,,,,,
3,,,,,
3,,,,,
3,,,,,
3,,,,,
3,,,,,
3,,,,,
3,,,,,
3,,,,,
3,,,,,
3,,,,,
3,,,,,
3,,,,,
3,,,,,
3,,,,,
3,,,,,
3,,,,,
3,,,,,
3,,,,,
3,,,,,
3,,,,,
3,,,,,
3,,,,,
3,,,,,
3,,,,,
3,,,,,
3,,,,,
3,,,,,
3,,,,,
3,,,,,
3,,,,,
3,,,,,
3,,,,,
3,,,,,
3,,,,,
3,,,,,
3,,,,,
3,,,,,
3,,,,,
3,,,,,
3,,,,,
3,,,,,
3,,,,,
3,,,,,
3,,,,,
3,,,,,
3,,,,,
3,,,,,
3,,,,,
3,,,,,
3,,,,,
3,,,,,
3,,,,,
3,,,,,
3,,,,,
3,,,,,
3,,,,,
3,,,,,
3,,,,,
3,,,,,
3,,,,,
3,,,,,
3,,,,,
3,,,,,
3,,,,,
3,,,,,
3,,,,,
3,,,,,
3,,,,,
3,,,,,
3,,,,,
3,,,,,
3,,,,,
3,,,,,
3,,,,,
3,,,,,
2,EV_B6_C1,,,0.0,20.34059860035958
1,EV_B6_C1,10.0,85.0,,
1,EV_B6_C1,9.0,85.0,,
1,EV_B6_C1,8.0,85.0,,
1,EV_B6_C1,7.0,85.0,,
1,EV_B6_C1,6.0,85.0,,
1,EV_B6_C1,5.0,85.0,,
1,EV_B6_C1,4.0,85.0,,
1,EV_B6_C1,3.0,85.0,,
1,EV_B6_C1,2.0,85.0,,
1,EV_B6_C1,1.0,85.0,,
1,EV_B6_C1,0.0,85.0,,
3,,,,,
3,,,,,
3,,,,,
3,,,,,
3,,,,,
3,,,,,
3,,,,,
3,,,,,
3,,,,,
3,,,,,
3,,,,,
3,,,,,
2,EV_B6_C1,,,0.0,23.945342822147346
1,EV_B6_C1,10.0,85.0,,
1,EV_B6_C1,9.0,85.0,,
1,EV_B6_C1,8.0,85.0,,
1,EV_B6_C1,7.0,85.0,,
1,EV_B6_C1,6.0,85.0,,
1,EV_B6_C1,5.0,85.0,,
1,EV_B6_C1,4.0,85.0,,
1,EV_B6_C1,3.0,85.0,,
1,EV_B6_C1,2.0,85.0,,
1,EV_B6_C1,1.0,85.0,,
1,EV_B6_C1,0.0,85.0,,
3,,,,,
3,,,,,
3,,,,,
3,,,,,
3,,,,,
3,,,,,
3,,,,,
3,,,,,
3,,,,,
3,,,,,
3,,,,,
3,,,,,
3,,,,,
2,EV_B6_C1,,,0.0,28.725803154916846
1,EV_B6_C1,9.0,85.0,,
1,EV_B6_C1,8.0,85.0,,
1,EV_B6_C1,7.0,85.0,,
1,EV_B6_C1,6.0,85.0,,
1,EV_B6_C1,5.0,85.0,,
1,EV_B6_C1,4.0,85.0,,
1,EV_B6_C1,3.0,85.0,,
1,EV_B6_C1,2.0,85.0,,
1,EV_B6_C1,1.0,85.0,,
1,EV_B6_C1,0.0,85.0,,
3,,,,,
3,,,,,
3,,,,,
3,,,,,
3,,,,,
3,,,,,
3,,,,,
3,,,,,
3,,,,,
3,,,,,
2,EV_B6_C1,,,0.0,20.961836654918432
1,EV_B6_C1,13.0,85.0,,
1,EV_B6_C1,12.0,85.0,,
1,EV_B6_C1,11.0,85.0,,
1,EV_B6_C1,10.0,85.0,,
1,EV_B6_C1,9.0,85.0,,
1,EV_B6_C1,8.0,85.0,,
1,EV_B6_C1,7.0,85.0,,
1,EV_B6_C1,6.0,85.0,,
1,EV_B6_C1,5.0,85.0,,
1,EV_B6_C1,4.0,85.0,,
1,EV_B6_C1,3.0,85.0,,
1,EV_B6_C1,2.0,85.0,,
1,EV_B6_C1,1.0,85.0,,
1,EV_B6_C1,0.0,85.0,,
3,,,,,
3,,,,,
3,,,,,
3,,,,,
3,,,,,
3,,,,,
3,,,,,
3,,,,,
3,,,,,
3,,,,,
3,,,,,
3,,,,,
3,,,,,
3,,,,,
3,,,,,
3,,,,,
3,,,,,
3,,,,,
3,,,,,
3,,,,,
3,,,,,
3,,,,,
3,,,,,
3,,,,,
3,,,,,
3,,,,,
3,,,,,
3,,,,,
3,,,,,
3,,,,,
3,,,,,
3,,,,,
3,,,,,
3,,,,,
3,,,,,
3,,,,,
3,,,,,
3,,,,,
3,,,,,
3,,,,,
3,,,,,
3,,,,,
3,,,,,
3,,,,,
3,,,,,
3,,,,,
3,,,,,
3,,,,,
3,,,,,
3,,,,,
3,,,,,
3,,,,,
3,,,,,
3,,,,,
3,,,,,
3,,,,,
3,,,,,
3,,,,,
2,EV_B6_C1,,,0.0,32.91641775826223
1,EV_B6_C1,11.0,85.0,,
1,EV_B6_C1,10.0,85.0,,
1,EV_B6_C1,9.0,85.0,,
1,EV_B6_C1,8.0,85.0,,
1,EV_B6_C1,7.0,85.0,,
1,EV_B6_C1,6.0,85.0,,
1,EV_B6_C1,5.0,85.0,,
1,EV_B6_C1,4.0,85.0,,
1,EV_B6_C1,3.0,85.0,,
1,EV_B6_C1,2.0,85.0,,
1,EV_B6_C1,1.0,85.0,,
1,EV_B6_C1,0.0,85.0,,
3,,,,,
3,,,,,
3,,,,,
3,,,,,
3,,,,,
3,,,,,
3,,,,,
3,,,,,
3,,,,,
3,,,,,
3,,,,,
2,EV_B6_C1,,,0.0,34.729392840406234
1,EV_B6_C1,12.0,85.0,,
1,EV_B6_C1,11.0,85.0,,
1,EV_B6_C1,10.0,85.0,,
1,EV_B6_C1,9.0,85.0,,
1,EV_B6_C1,8.0,85.0,,
1,EV_B6_C1,7.0,85.0,,
1,EV_B6_C1,6.0,85.0,,
1,EV_B6_C1,5.0,85.0,,
1,EV_B6_C1,4.0,85.0,,
1,EV_B6_C1,3.0,85.0,,
1,EV_B6_C1,2.0,85.0,,
1,EV_B6_C1,1.0,85.0,,
1,EV_B6_C1,0.0,85.0,,
3,,,,,
3,,,,,
3,,,,,
3,,,,,
3,,,,,
3,,,,,
3,,,,,
3,,,,,
3,,,,,
3,,,,,
2,EV_B6_C1,,,0.0,31.945034416981365
1,EV_B6_C1,12.0,85.0,,
1,EV_B6_C1,11.0,85.0,,
1,EV_B6_C1,10.0,85.0,,
1,EV_B6_C1,9.0,85.0,,
1,EV_B6_C1,8.0,85.0,,
1,EV_B6_C1,7.0,85.0,,
1,EV_B6_C1,6.0,85.0,,
1,EV_B6_C1,5.0,85.0,,
1,EV_B6_C1,4.0,85.0,,
1,EV_B6_C1,3.0,85.0,,
1,EV_B6_C1,2.0,85.0,,
1,EV_B6_C1,1.0,85.0,,
1,EV_B6_C1,0.0,85.0,,
3,,,,,
3,,,,,
3,,,,,
3,,,,,
3,,,,,
3,,,,,
3,,,,,
3,,,,,
3,,,,,
3,,,,,
3,,,,,
3,,,,,
2,EV_B6_C1,,,0.0,22.267021943593647
1,EV_B6_C1,8.0,85.0,,
1,EV_B6_C1,7.0,85.0,,
1,EV_B6_C1,6.0,85.0,,
1,EV_B6_C1,5.0,85.0,,
1,EV_B6_C1,4.0,85.0,,
1,EV_B6_C1,3.0,85.0,,
1,EV_B6_C1,2.0,85.0,,
1,EV_B6_C1,1.0,85.0,,
1,EV_B6_C1,0.0,85.0,,
3,,,,,
3,,,,,
3,,,,,
3,,,,,
3,,,,,
3,,,,,
3,,,,,
3,,,,,
3,,,,,
3,,,,,
3,,,,,
3,,,,,
2,EV_B6_C1,,,0.0,28.205054424705068
1,EV_B6_C1,11.0,85.0,,
1,EV_B6_C1,10.0,85.0,,
1,EV_B6_C1,9.0,85.0,,
1,EV_B6_C1,8.0,85.0,,
1,EV_B6_C1,7.0,85.0,,
1,EV_B6_C1,6.0,85.0,,
1,EV_B6_C1,5.0,85.0,,
1,EV_B6_C1,4.0,85.0,,
1,EV_B6_C1,3.0,85.0,,
1,EV_B6_C1,2.0,85.0,,
1,EV_B6_C1,1.0,85.0,,
1,EV_B6_C1,0.0,85.0,,
3,,,,,
3,,,,,
3,,,,,
3,,,,,
3,,,,,
3,,,,,
3,,,,,
3,,,,,
3,,,,,
3,,,,,
3,,,,,
3,,,,,
3,,,,,
3,,,,,
3,,,,,
3,,,,,
3,,,,,
3,,,,,
3,,,,,
3,,,,,
3,,,,,
3,,,,,
3,,,,,
3,,,,,
3,,,,,
3,,,,,
3,,,,,
3,,,,,
3,,,,,
3,,,,,
3,,,,,
3,,,,,
3,,,,,
3,,,,,
3,,,,,
3,,,,,
3,,,,,
3,,,,,
3,,,,,
3,,,,,
3,,,,,
3,,,,,
3,,,,,
3,,,,,
3,,,,,
3,,,,,
3,,,,,
3,,,,,
3,,,,,
3,,,,,
3,,,,,
3,,,,,
3,,,,,
3,,,,,
3,,,,,
3,,,,,
3,,,,,
3,,,,,
3,,,,,
3,,,,,
2,EV_B6_C1,,,0.0,33.645867367164904
1,EV_B6_C1,10.0,85.0,,
1,EV_B6_C1,9.0,85.0,,
1,EV_B6_C1,8.0,85.0,,
1,EV_B6_C1,7.0,85.0,,
1,EV_B6_C1,6.0,85.0,,
1,EV_B6_C1,5.0,85.0,,
1,EV_B6_C1,4.0,85.0,,
1,EV_B6_C1,3.0,85.0,,
1,EV_B6_C1,2.0,85.0,,
1,EV_B6_C1,1.0,85.0,,
1,EV_B6_C1,0.0,85.0,,
3,,,,,
3,,,,,
3,,,,,
3,,,,,
3,,,,,
3,,,,,
3,,,,,
3,,,,,
3,,,,,
3,,,,,
3,,,,,
3,,,,,
2,EV_B6_C1,,,0.0,26.411454785239318
1,EV_B6_C1,10.0,85.0,,
1,EV_B6_C1,9.0,85.0,,
1,EV_B6_C1,8.0,85.0,,
1,EV_B6_C1,7.0,85.0,,
1,EV_B6_C1,6.0,85.0,,
1,EV_B6_C1,5.0,85.0,,
1,EV_B6_C1,4.0,85.0,,
1,EV_B6_C1,3.0,85.0,,
1,EV_B6_C1,2.0,85.0,,
1,EV_B6_C1,1.0,85.0,,
1,EV_B6_C1,0.0,85.0,,
3,,,,,
3,,,,,
3,,,,,
3,,,,,
3,,,,,
3,,,,,
3,,,,,
3,,,,,
3,,,,,
3,,,,,
3,,,,,
3,,,,,
2,EV_B6_C1,,,0.0,20.057395788364587
1,EV_B6_C1,11.0,85.0,,
1,EV_B6_C1,10.0,85.0,,
1,EV_B6_C1,9.0,85.0,,
1,EV_B6_C1,8.0,85.0,,
1,EV_B6_C1,7.0,85.0,,
1,EV_B6_C1,6.0,85.0,,
1,EV_B6_C1,5.0,85.0,,
1,EV_B6_C1,4.0,85.0,,
1,EV_B6_C1,3.0,85.0,,
1,EV_B6_C1,2.0,85.0,,
1,EV_B6_C1,1.0,85.0,,
1,EV_B6_C1,0.0,85.0,,
3,,,,,
3,,,,,
3,,,,,
3,,,,,
3,,,,,
3,,,,,
3,,,,,
3,,,,,
3,,,,,
3,,,,,
3,,,,,
2,EV_B6_C1,,,0.0,23.448546239378125
1,EV_B6_C1,11.0,85.0,,
1,EV_B6_C1,10.0,85.0,,
1,EV_B6_C1,9.0,85.0,,
1,EV_B6_C1,8.0,85.0,,
1,EV_B6_C1,7.0,85.0,,
1,EV_B6_C1,6.0,85.0,,
1,EV_B6_C1,5.0,85.0,,
1,EV_B6_C1,4.0,85.0,,
1,EV_B6_C1,3.0,85.0,,
1,EV_B6_C1,2.0,85.0,,
1,EV_B6_C1,1.0,85.0,,
1,EV_B6_C1,0.0,85.0,,
3,,,,,
3,,,,,
3,,,,,
3,,,,,
3,,,,,
3,,,,,
3,,,,,
3,,,,,
3,,,,,
3,,,,,
2,EV_B6_C1,,,0.0,32.60614205751964
1,EV_B6_C1,11.0,85.0,,
1,EV_B6_C1,10.0,85.0,,
1,EV_B6_C1,9.0,85.0,,
1,EV_B6_C1,8.0,85.0,,
1,EV_B6_C1,7.0,85.0,,
1,EV_B6_C1,6.0,85.0,,
1,EV_B6_C1,5.0,85.0,,
1,EV_B6_C1,4.0,85.0,,
1,EV_B6_C1,3.0,85.0,,
1,EV_B6_C1,2.0,85.0,,
1,EV_B6_C1,1.0,85.0,,
1,EV_B6_C1,0.0,85.0,,
3,,,,,
3,,,,,
3,,,,,
3,,,,,
3,,,,,
3,,,,,
3,,,,,
3,,,,,
3,,,,,
3,,,,,
3,,,,,
3,,,,,
3,,,,,
3,,,,,
3,,,,,
3,,,,,
3,,,,,
3,,,,,
3,,,,,
3,,,,,
3,,,,,
3,,,,,
3,,,,,
3,,,,,
3,,,,,
3,,,,,
3,,,,,
3,,,,,
3,,,,,
3,,,,,
3,,,,,
3,,,,,
3,,,,,
3,,,,,
3,,,,,
3,,,,,
3,,,,,
3,,,,,
3,,,,,
3,,,,,
3,,,,,
3,,,,,
3,,,,,
3,,,,,
3,,,,,
3,,,,,
3,,,,,
3,,,,,
3,,,,,
3,,,,,
3,,,,,
3,,,,,
3,,,,,
3,,,,,
3,,,,,
3,,,,,
3,,,,,
3,,,,,
3,,,,,
3,,,,,
2,EV_B6_C1,,,0.0,23.328158793184684
1,EV_B6_C1,11.0,85.0,,
1,EV_B6_C1,10.0,85.0,,
1,EV_B6_C1,9.0,85.0,,
1,EV_B6_C1,8.0,85.0,,
1,EV_B6_C1,7.0,85.0,,
1,EV_B6_C1,6.0,85.0,,
1,EV_B6_C1,5.0,85.0,,
1,EV_B6_C1,4.0,85.0,,
1,EV_B6_C1,3.0,85.0,,
1,EV_B6_C1,2.0,85.0,,
1,EV_B6_C1,1.0,85.0,,
1,EV_B6_C1,0.0,85.0,,
3,,,,,
3,,,,,
3,,,,,
3,,,,,
3,,,,,
3,,,,,
3,,,,,
3,,,,,
3,,,,,
2,EV_B6_C1,,,0.0,32.058390396186084
1,EV_B6_C1,12.0,85.0,,
1,EV_B6_C1,11.0,85.0,,
1,EV_B6_C1,10.0,85.0,,
1,EV_B6_C1,9.0,85.0,,
1,EV_B6_C1,8.0,85.0,,
1,EV_B6_C1,7.0,85.0,,
1,EV_B6_C1,6.0,85.0,,
1,EV_B6_C1,5.0,85.0,,
1,EV_B6_C1,4.0,85.0,,
1,EV_B6_C1,3.0,85.0,,
1,EV_B6_C1,2.0,85.0,,
1,EV_B6_C1,1.0,85.0,,
1,EV_B6_C1,0.0,85.0,,
3,,,,,
3,,,,,
3,,,,,
3,,,,,
3,,,,,
3,,,,,
3,,,,,
3,,,,,
3,,,,,
3,,,,,
3,,,,,
3,,,,,
2,EV_B6_C1,,,0.0,29.880931972969787
1,EV_B6_C1,10.0,85.0,,
1,EV_B6_C1,9.0,85.0,,
1,EV_B6_C1,8.0,85.0,,
1,EV_B6_C1,7.0,85.0,,
1,EV_B6_C1,6.0,85.0,,
1,EV_B6_C1,5.0,85.0,,
1,EV_B6_C1,4.0,85.0,,
1,EV_B6_C1,3.0,85.0,,
1,EV_B6_C1,2.0,85.0,,
1,EV_B6_C1,1.0,85.0,,
1,EV_B6_C1,0.0,85.0,,
3,,,,,
3,,,,,
3,,,,,
3,,,,,
3,,,,,
3,,,,,
3,,,,,
3,,,,,
3,,,,,
3,,,,,
3,,,,,
3,,,,,
3,,,,,
3,,,,,
3,,,,,
3,,,,,
3,,,,,
3,,,,,
3,,,,,
3,,,,,
3,,,,,
3,,,,,
3,,,,,
3,,,,,
3,,,,,
3,,,,,
3,,,,,
3,,,,,
3,,,,,
3,,,,,
3,,,,,
3,,,,,
3,,,,,
3,,,,,
3,,,,,
3,,,,,
2,EV_B6_C1,,,0.0,27.800066162142056
1,EV_B6_C1,11.0,85.0,,
1,EV_B6_C1,10.0,85.0,,
1,EV_B6_C1,9.0,85.0,,
1,EV_B6_C1,8.0,85.0,,
1,EV_B6_C1,7.0,85.0,,
1,EV_B6_C1,6.0,85.0,,
1,EV_B6_C1,5.0,85.0,,
1,EV_B6_C1,4.0,85.0,,
1,EV_B6_C1,3.0,85.0,,
1,EV_B6_C1,2.0,85.0,,
1,EV_B6_C1,1.0,85.0,,
1,EV_B6_C1,0.0,85.0,,
3,,,,,
3,,,,,
3,,,,,
3,,,,,
3,,,,,
3,,,,,
3,,,,,
3,,,,,
3,,,,,
3,,,,,
3,,,,,
3,,,,,
3,,,,,
3,,,,,
3,,,,,
3,,,,,
3,,,,,
3,,,,,
3,,,,,
3,,,,,
3,,,,,
3,,,,,
3,,,,,
3,,,,,
3,,,,,
3,,,,,
3,,,,,
3,,,,,
3,,,,,
3,,,,,
3,,,,,
3,,,,,
3,,,,,
3,,,,,
3,,,,,
3,,,,,
3,,,,,
3,,,,,
3,,,,,
3,,,,,
3,,,,,
3,,,,,
3,,,,,
3,,,,,
3,,,,,
3,,,,,
3,,,,,
3,,,,,
3,,,,,
3,,,,,
3,,,,,
3,,,,,
3,,,,,
3,,,,,
3,,,,,
3,,,,,
3,,,,,
3,,,,,
3,,,,,
2,EV_B6_C1,,,0.0,25.496671421575144
1,EV_B6_C1,11.0,85.0,,
1,EV_B6_C1,10.0,85.0,,
1,EV_B6_C1,9.0,85.0,,
1,EV_B6_C1,8.0,85.0,,
1,EV_B6_C1,7.0,85.0,,
1,EV_B6_C1,6.0,85.0,,
1,EV_B6_C1,5.0,85.0,,
1,EV_B6_C1,4.0,85.0,,
1,EV_B6_C1,3.0,85.0,,
1,EV_B6_C1,2.0,85.0,,
1,EV_B6_C1,1.0,85.0,,
1,EV_B6_C1,0.0,85.0,,
3,,,,,
3,,,,,
3,,,,,
3,,,,,
3,,,,,
3,,,,,
3,,,,,
3,,,,,
3,,,,,
3,,,,,
3,,,,,
3,,,,,
3,,,,,
3,,,,,
3,,,,,
3,,,,,
3,,,,,
3,,,,,
3,,,,,
3,,,,,
3,,,,,
3,,,,,
3,,,,,
3,,,,,
3,,,,,
3,,,,,
3,,,,,
3,,,,,
3,,,,,
3,,,,,
3,,,,,
3,,,,,
3,,,,,
3,,,,,
3,,,,,
3,,,,,
2,EV_B6_C1,,,0.0,31.917341085730566
1,EV_B6_C1,9.0,85.0,,
1,EV_B6_C1,8.0,85.0,,
1,EV_B6_C1,7.0,85.0,,
1,EV_B6_C1,6.0,85.0,,
1,EV_B6_C1,5.0,85.0,,
1,EV_B6_C1,4.0,85.0,,
1,EV_B6_C1,3.0,85.0,,
1,EV_B6_C1,2.0,85.0,,
1,EV_B6_C1,1.0,85.0,,
1,EV_B6_C1,0.0,85.0,,
3,,,,,
3,,,,,
3,,,,,
3,,,,,
3,,,,,
3,,,,,
3,,,,,
3,,,,,
3,,,,,
3,,,,,
3,,,,,
3,,,,,
2,EV_B6_C1,,,0.0,30.25184116388321
1,EV_B6_C1,10.0,85.0,,
1,EV_B6_C1,9.0,85.0,,
1,EV_B6_C1,8.0,85.0,,
1,EV_B6_C1,7.0,85.0,,
1,EV_B6_C1,6.0,85.0,,
1,EV_B6_C1,5.0,85.0,,
1,EV_B6_C1,4.0,85.0,,
1,EV_B6_C1,3.0,85.0,,
1,EV_B6_C1,2.0,85.0,,
1,EV_B6_C1,1.0,85.0,,
1,EV_B6_C1,0.0,85.0,,
3,,,,,
3,,,,,
3,,,,,
3,,,,,
3,,,,,
3,,,,,
3,,,,,
3,,,,,
3,,,,,
3,,,,,
3,,,,,
3,,,,,
2,EV_B6_C1,,,0.0,27.925649500194705
1,EV_B6_C1,10.0,85.0,,
1,EV_B6_C1,9.0,85.0,,
1,EV_B6_C1,8.0,85.0,,
1,EV_B6_C1,7.0,85.0,,
1,EV_B6_C1,6.0,85.0,,
1,EV_B6_C1,5.0,85.0,,
1,EV_B6_C1,4.0,85.0,,
1,EV_B6_C1,3.0,85.0,,
1,EV_B6_C1,2.0,85.0,,
1,EV_B6_C1,1.0,85.0,,
1,EV_B6_C1,0.0,85.0,,
3,,,,,
3,,,,,
3,,,,,
3,,,,,
3,,,,,
3,,,,,
3,,,,,
3,,,,,
3,,,,,
3,,,,,
3,,,,,
3,,,,,
3,,,,,
3,,,,,
3,,,,,
3,,,,,
3,,,,,
3,,,,,
3,,,,,
3,,,,,
3,,,,,
3,,,,,
3,,,,,
3,,,,,
3,,,,,
3,,,,,
3,,,,,
3,,,,,
3,,,,,
3,,,,,
3,,,,,
3,,,,,
3,,,,,
3,,,,,
3,,,,,
3,,,,,
3,,,,,
3,,,,,
3,,,,,
3,,,,,
3,,,,,
3,,,,,
3,,,,,
3,,,,,
3,,,,,
3,,,,,
3,,,,,
3,,,,,
3,,,,,
3,,,,,
3,,,,,
3,,,,,
3,,,,,
3,,,,,
3,,,,,
3,,,,,
3,,,,,
3,,,,,
3,,,,,
3,,,,,
2,EV_B6_C1,,,0.0,25.425137379849943
1,EV_B6_C1,10.0,85.0,,
1,EV_B6_C1,9.0,85.0,,
1,EV_B6_C1,8.0,85.0,,
1,EV_B6_C1,7.0,85.0,,
1,EV_B6_C1,6.0,85.0,,
1,EV_B6_C1,5.0,85.0,,
1,EV_B6_C1,4.0,85.0,,
1,EV_B6_C1,3.0,85.0,,
1,EV_B6_C1,2.0,85.0,,
1,EV_B6_C1,1.0,85.0,,
1,EV_B6_C1,0.0,85.0,,
3,,,,,
3,,,,,
3,,,,,
3,,,,,
3,,,,,
3,,,,,
3,,,,,
3,,,,,
3,,,,,
3,,,,,
2,EV_B6_C1,,,0.0,23.791656914969412
1,EV_B6_C1,13.0,85.0,,
1,EV_B6_C1,12.0,85.0,,
1,EV_B6_C1,11.0,85.0,,
1,EV_B6_C1,10.0,85.0,,
1,EV_B6_C1,9.0,85.0,,
1,EV_B6_C1,8.0,85.0,,
1,EV_B6_C1,7.0,85.0,,
1,EV_B6_C1,6.0,85.0,,
1,EV_B6_C1,5.0,85.0,,
1,EV_B6_C1,4.0,85.0,,
1,EV_B6_C1,3.0,85.0,,
1,EV_B6_C1,2.0,85.0,,
1,EV_B6_C1,1.0,85.0,,
1,EV_B6_C1,0.0,85.0,,
3,,,,,
3,,,,,
3,,,,,
3,,,,,
3,,,,,
3,,,,,
3,,,,,
3,,,,,
3,,,,,
3,,,,,
3,,,,,
2,EV_B6_C1,,,0.0,25.67074364353903
1,EV_B6_C1,11.0,85.0,,
1,EV_B6_C1,10.0,85.0,,
1,EV_B6_C1,9.0,85.0,,
1,EV_B6_C1,8.0,85.0,,
1,EV_B6_C1,7.0,85.0,,
1,EV_B6_C1,6.0,85.0,,
1,EV_B6_C1,5.0,85.0,,
1,EV_B6_C1,4.0,85.0,,
1,EV_B6_C1,3.0,85.0,,
1,EV_B6_C1,2.0,85.0,,
1,EV_B6_C1,1.0,85.0,,
1,EV_B6_C1,0.0,85.0,,
3,,,,,
3,,,,,
3,,,,,
3,,,,,
3,,,,,
3,,,,,
3,,,,,
3,,,,,
3,,,,,
3,,,,,
2,EV_B6_C1,,,0.0,34.001014568773854
1,EV_B6_C1,11.0,85.0,,
1,EV_B6_C1,10.0,85.0,,
1,EV_B6_C1,9.0,85.0,,
1,EV_B6_C1,8.0,85.0,,
1,EV_B6_C1,7.0,85.0,,
1,EV_B6_C1,6.0,85.0,,
1,EV_B6_C1,5.0,85.0,,
1,EV_B6_C1,4.0,85.0,,
1,EV_B6_C1,3.0,85.0,,
1,EV_B6_C1,2.0,85.0,,
1,EV_B6_C1,1.0,85.0,,
1,EV_B6_C1,0.0,85.0,,
3,,,,,
3,,,,,
3,,,,,
3,,,,,
3,,,,,
3,,,,,
3,,,,,
3,,,,,
3,,,,,
3,,,,,
3,,,,,
2,EV_B6_C1,,,0.0,26.294230815373254
1,EV_B6_C1,12.0,85.0,,
1,EV_B6_C1,11.0,85.0,,
1,EV_B6_C1,10.0,85.0,,
1,EV_B6_C1,9.0,85.0,,
1,EV_B6_C1,8.0,85.0,,
1,EV_B6_C1,7.0,85.0,,
1,EV_B6_C1,6.0,85.0,,
1,EV_B6_C1,5.0,85.0,,
1,EV_B6_C1,4.0,85.0,,
1,EV_B6_C1,3.0,85.0,,
1,EV_B6_C1,2.0,85.0,,
1,EV_B6_C1,1.0,85.0,,
1,EV_B6_C1,0.0,85.0,,
3,,,,,
3,,,,,
3,,,,,
3,,,,,
3,,,,,
3,,,,,
3,,,,,
3,,,,,
3,,,,,
3,,,,,
3,,,,,
3,,,,,
3,,,,,
3,,,,,
3,,,,,
3,,,,,
3,,,,,
3,,,,,
3,,,,,
3,,,,,
3,,,,,
3,,,,,
3,,,,,
3,,,,,
3,,,,,
3,,,,,
3,,,,,
3,,,,,
3,,,,,
3,,,,,
3,,,,,
3,,,,,
3,,,,,
3,,,,,
3,,,,,
3,,,,,
3,,,,,
3,,,,,
3,,,,,
3,,,,,
3,,,,,
3,,,,,
3,,,,,
3,,,,,
3,,,,,
3,,,,,
3,,,,,
3,,,,,
3,,,,,
3,,,,,
3,,,,,
3,,,,,
3,,,,,
3,,,,,
3,,,,,
3,,,,,
3,,,,,
3,,,,,
3,,,,,
2,EV_B6_C1,,,0.0,20.164883772855504
1,EV_B6_C1,11.0,85.0,,
1,EV_B6_C1,10.0,85.0,,
1,EV_B6_C1,9.0,85.0,,
1,EV_B6_C1,8.0,85.0,,
1,EV_B6_C1,7.0,85.0,,
1,EV_B6_C1,6.0,85.0,,
1,EV_B6_C1,5.0,85.0,,
1,EV_B6_C1,4.0,85.0,,
1,EV_B6_C1,3.0,85.0,,
1,EV_B6_C1,2.0,85.0,,
1,EV_B6_C1,1.0,85.0,,
1,EV_B6_C1,0.0,85.0,,
3,,,,,
3,,,,,
3,,,,,
3,,,,,
3,,,,,
3,,,,,
3,,,,,
3,,,,,
3,,,,,
2,EV_B6_C1,,,0.0,21.667920873949253
1,EV_B6_C1,12.0,85.0,,
1,EV_B6_C1,11.0,85.0,,
1,EV_B6_C1,10.0,85.0,,
1,EV_B6_C1,9.0,85.0,,
1,EV_B6_C1,8.0,85.0,,
1,EV_B6_C1,7.0,85.0,,
1,EV_B6_C1,6.0,85.0,,
1,EV_B6_C1,5.0,85.0,,
1,EV_B6_C1,4.0,85.0,,
1,EV_B6_C1,3.0,85.0,,
1,EV_B6_C1,2.0,85.0,,
1,EV_B6_C1,1.0,85.0,,
1,EV_B6_C1,0.0,85.0,,
3,,,,,
3,,,,,
3,,,,,
3,,,,,
3,,,,,
3,,,,,
3,,,,,
3,,,,,
3,,,,,
3,,,,,
3,,,,,
3,,,,,
2,EV_B6_C1,,,0.0,34.07524206322977
1,EV_B6_C1,11.0,85.0,,
1,EV_B6_C1,10.0,85.0,,
1,EV_B6_C1,9.0,85.0,,
1,EV_B6_C1,8.0,85.0,,
1,EV_B6_C1,7.0,85.0,,
1,EV_B6_C1,6.0,85.0,,
1,EV_B6_C1,5.0,85.0,,
1,EV_B6_C1,4.0,85.0,,
1,EV_B6_C1,3.0,85.0,,
1,EV_B6_C1,2.0,85.0,,
1,EV_B6_C1,1.0,85.0,,
1,EV_B6_C1,0.0,85.0,,
3,,,,,
3,,,,,
3,,,,,
3,,,,,
3,,,,,
3,,,,,
3,,,,,
3,,,,,
3,,,,,
3,,,,,
2,EV_B6_C1,,,0.0,33.342088870284186
1,EV_B6_C1,11.0,85.0,,
1,EV_B6_C1,10.0,85.0,,
1,EV_B6_C1,9.0,85.0,,
1,EV_B6_C1,8.0,85.0,,
1,EV_B6_C1,7.0,85.0,,
1,EV_B6_C1,6.0,85.0,,
1,EV_B6_C1,5.0,85.0,,
1,EV_B6_C1,4.0,85.0,,
1,EV_B6_C1,3.0,85.0,,
1,EV_B6_C1,2.0,85.0,,
1,EV_B6_C1,1.0,85.0,,
1,EV_B6_C1,0.0,85.0,,
3,,,,,
3,,,,,
3,,,,,
3,,,,,
3,,,,,
3,,,,,
3,,,,,
3,,,,,
3,,,,,
3,,,,,
3,,,,,
2,EV_B6_C1,,,0.0,32.071722401786865
1,EV_B6_C1,11.0,85.0,,
1,EV_B6_C1,10.0,85.0,,
1,EV_B6_C1,9.0,85.0,,
1,EV_B6_C1,8.0,85.0,,
1,EV_B6_C1,7.0,85.0,,
1,EV_B6_C1,6.0,85.0,,
1,EV_B6_C1,5.0,85.0,,
1,EV_B6_C1,4.0,85.0,,
1,EV_B6_C1,3.0,85.0,,
1,EV_B6_C1,2.0,85.0,,
1,EV_B6_C1,1.0,85.0,,
1,EV_B6_C1,0.0,85.0,,
3,,,,,
3,,,,,
3,,,,,
3,,,,,
3,,,,,
3,,,,,
3,,,,,
3,,,,,
3,,,,,
3,,,,,
3,,,,,
3,,,,,
3,,,,,
3,,,,,
3,,,,,
3,,,,,
3,,,,,
3,,,,,
3,,,,,
3,,,,,
3,,,,,
3,,,,,
3,,,,,
3,,,,,
3,,,,,
3,,,,,
3,,,,,
3,,,,,
3,,,,,
3,,,,,
3,,,,,
3,,,,,
3,,,,,
3,,,,,
3,,,,,
3,,,,,
3,,,,,
3,,,,,
3,,,,,
3,,,,,
3,,,,,
3,,,,,
3,,,,,
3,,,,,
3,,,,,
3,,,,,
3,,,,,
3,,,,,
3,,,,,
3,,,,,
3,,,,,
3,,,,,
3,,,,,
3,,,,,
3,,,,,
3,,,,,
3,,,,,
3,,,,,
3,,,,,
2,EV_B6_C1,,,0.0,21.96567692022225
1,EV_B6_C1,12.0,85.0,,
1,EV_B6_C1,11.0,85.0,,
1,EV_B6_C1,10.0,85.0,,
1,EV_B6_C1,9.0,85.0,,
1,EV_B6_C1,8.0,85.0,,
1,EV_B6_C1,7.0,85.0,,
1,EV_B6_C1,6.0,85.0,,
1,EV_B6_C1,5.0,85.0,,
1,EV_B6_C1,4.0,85.0,,
1,EV_B6_C1,3.0,85.0,,
1,EV_B6_C1,2.0,85.0,,
1,EV_B6_C1,1.0,85.0,,
1,EV_B6_C1,0.0,85.0,,
3,,,,,
3,,,,,
3,,,,,
3,,,,,
3,,,,,
3,,,,,
3,,,,,
3,,,,,
3,,,,,
3,,,,,
3,,,,,
3,,,,,
2,EV_B6_C1,,,0.0,22.67853970276669
1,EV_B6_C1,10.0,85.0,,
1,EV_B6_C1,9.0,85.0,,
1,EV_B6_C1,8.0,85.0,,
1,EV_B6_C1,7.0,85.0,,
1,EV_B6_C1,6.0,85.0,,
1,EV_B6_C1,5.0,85.0,,
1,EV_B6_C1,4.0,85.0,,
1,EV_B6_C1,3.0,85.0,,
1,EV_B6_C1,2.0,85.0,,
1,EV_B6_C1,1.0,85.0,,
1,EV_B6_C1,0.0,85.0,,
3,,,,,
3,,,,,
3,,,,,
3,,,,,
3,,,,,
3,,,,,
3,,,,,
3,,,,,
3,,,,,
3,,,,,
3,,,,,
3,,,,,
3,,,,,
3,,,,,
3,,,,,
3,,,,,
3,,,,,
3,,,,,
3,,,,,
3,,,,,
3,,,,,
3,,,,,
3,,,,,
3,,,,,
3,,,,,
3,,,,,
3,,,,,
3,,,,,
3,,,,,
3,,,,,
3,,,,,
3,,,,,
3,,,,,
3,,,,,
3,,,,,
3,,,,,
3,,,,,
3,,,,,
3,,,,,
3,,,,,
3,,,,,
3,,,,,
3,,,,,
3,,,,,
3,,,,,
3,,,,,
3,,,,,
3,,,,,
3,,,,,
3,,,,,
3,,,,,
3,,,,,
3,,,,,
3,,,,,
3,,,,,
3,,,,,
3,,,,,
3,,,,,
3,,,,,
2,EV_B6_C1,,,0.0,28.086805892989865
1,EV_B6_C1,11.0,85.0,,
1,EV_B6_C1,10.0,85.0,,
1,EV_B6_C1,9.0,85.0,,
1,EV_B6_C1,8.0,85.0,,
1,EV_B6_C1,7.0,85.0,,
1,EV_B6_C1,6.0,85.0,,
1,EV_B6_C1,5.0,85.0,,
1,EV_B6_C1,4.0,85.0,,
1,EV_B6_C1,3.0,85.0,,
1,EV_B6_C1,2.0,85.0,,
1,EV_B6_C1,1.0,85.0,,
1,EV_B6_C1,0.0,85.0,,
3,,,,,
3,,,,,
3,,,,,
3,,,,,
3,,,,,
3,,,,,
3,,,,,
3,,,,,
3,,,,,
3,,,,,
3,,,,,
3,,,,,
3,,,,,
3,,,,,
3,,,,,
3,,,,,
3,,,,,
3,,,,,
3,,,,,
3,,,,,
3,,,,,
3,,,,,
3,,,,,
3,,,,,
3,,,,,
3,,,,,
3,,,,,
3,,,,,
3,,,,,
3,,,,,
3,,,,,
3,,,,,
3,,,,,
3,,,,,
3,,,,,
3,,,,,
3,,,,,
3,,,,,
3,,,,,
3,,,,,
3,,,,,
3,,,,,
3,,,,,
3,,,,,
3,,,,,
3,,,,,
3,,,,,
3,,,,,
3,,,,,
3,,,,,
3,,,,,
3,,,,,
3,,,,,
3,,,,,
3,,,,,
3,,,,,
3,,,,,
2,EV_B6_C1,,,0.0,29.66814630175214
1,EV_B6_C1,12.0,85.0,,
1,EV_B6_C1,11.0,85.0,,
1,EV_B6_C1,10.0,85.0,,
1,EV_B6_C1,9.0,85.0,,
1,EV_B6_C1,8.0,85.0,,
1,EV_B6_C1,7.0,85.0,,
1,EV_B6_C1,6.0,85.0,,
1,EV_B6_C1,5.0,85.0,,
1,EV_B6_C1,4.0,85.0,,
1,EV_B6_C1,3.0,85.0,,
1,EV_B6_C1,2.0,85.0,,
1,EV_B6_C1,1.0,85.0,,
1,EV_B6_C1,0.0,85.0,,
3,,,,,
3,,,,,
3,,,,,
3,,,,,
3,,,,,
3,,,,,
3,,,,,
3,,,,,
3,,,,,
3,,,,,
3,,,,,
3,,,,,
3,,,,,
2,EV_B6_C1,,,0.0,33.532337221574046
1,EV_B6_C1,10.0,85.0,,
1,EV_B6_C1,9.0,85.0,,
1,EV_B6_C1,8.0,85.0,,
1,EV_B6_C1,7.0,85.0,,
1,EV_B6_C1,6.0,85.0,,
1,EV_B6_C1,5.0,85.0,,
1,EV_B6_C1,4.0,85.0,,
1,EV_B6_C1,3.0,85.0,,
1,EV_B6_C1,2.0,85.0,,
1,EV_B6_C1,1.0,85.0,,
1,EV_B6_C1,0.0,85.0,,
3,,,,,
3,,,,,
3,,,,,
3,,,,,
3,,,,,
3,,,,,
3,,,,,
3,,,,,
3,,,,,
3,,,,,
2,EV_B6_C1,,,0.0,24.927030547404776
1,EV_B6_C1,11.0,85.0,,
1,EV_B6_C1,10.0,85.0,,
1,EV_B6_C1,9.0,85.0,,
1,EV_B6_C1,8.0,85.0,,
1,EV_B6_C1,7.0,85.0,,
1,EV_B6_C1,6.0,85.0,,
1,EV_B6_C1,5.0,85.0,,
1,EV_B6_C1,4.0,85.0,,
1,EV_B6_C1,3.0,85.0,,
1,EV_B6_C1,2.0,85.0,,
1,EV_B6_C1,1.0,85.0,,
1,EV_B6_C1,0.0,85.0,,
3,,,,,
3,,,,,
3,,,,,
3,,,,,
3,,,,,
3,,,,,
3,,,,,
3,,,,,
3,,,,,
3,,,,,
3,,,,,
3,,,,,
3,,,,,
3,,,,,
3,,,,,
3,,,,,
3,,,,,
3,,,,,
3,,,,,
3,,,,,
3,,,,,
3,,,,,
3,,,,,
3,,,,,
3,,,,,
3,,,,,
3,,,,,
3,,,,,
3,,,,,
3,,,,,
3,,,,,
3,,,,,
3,,,,,
2,EV_B6_C1,,,0.0,28.74086514293793
1,EV_B6_C1,13.0,85.0,,
1,EV_B6_C1,12.0,85.0,,
1,EV_B6_C1,11.0,85.0,,
1,EV_B6_C1,10.0,85.0,,
1,EV_B6_C1,9.0,85.0,,
1,EV_B6_C1,8.0,85.0,,
1,EV_B6_C1,7.0,85.0,,
1,EV_B6_C1,6.0,85.0,,
1,EV_B6_C1,5.0,85.0,,
1,EV_B6_C1,4.0,85.0,,
1,EV_B6_C1,3.0,85.0,,
1,EV_B6_C1,2.0,85.0,,
1,EV_B6_C1,1.0,85.0,,
1,EV_B6_C1,0.0,85.0,,
3,,,,,
3,,,,,
3,,,,,
3,,,,,
3,,,,,
3,,,,,
3,,,,,
3,,,,,
3,,,,,
3,,,,,
3,,,,,
3,,,,,
3,,,,,
3,,,,,
3,,,,,
3,,,,,
3,,,,,
3,,,,,
3,,,,,
3,,,,,
3,,,,,
3,,,,,
3,,,,,
3,,,,,
3,,,,,
3,,,,,
3,,,,,
3,,,,,
3,,,,,
3,,,,,
3,,,,,
3,,,,,
3,,,,,
3,,,,,
3,,,,,
3,,,,,
3,,,,,
3,,,,,
3,,,,,
3,,,,,
3,,,,,
3,,,,,
3,,,,,
3,,,,,
3,,,,,
3,,,,,
3,,,,,
3,,,,,
3,,,,,
3,,,,,
3,,,,,
3,,,,,
3,,,,,
3,,,,,
3,,,,,
3,,,,,
3,,,,,
3,,,,,
3,,,,,
3,,,,,
2,EV_B6_C1,,,0.0,28.843835458390686
1,EV_B6_C1,11.0,85.0,,
1,EV_B6_C1,10.0,85.0,,
1,EV_B6_C1,9.0,85.0,,
1,EV_B6_C1,8.0,85.0,,
1,EV_B6_C1,7.0,85.0,,
1,EV_B6_C1,6.0,85.0,,
1,EV_B6_C1,5.0,85.0,,
1,EV_B6_C1,4.0,85.0,,
1,EV_B6_C1,3.0,85.0,,
1,EV_B6_C1,2.0,85.0,,
1,EV_B6_C1,1.0,85.0,,
1,EV_B6_C1,0.0,85.0,,
3,,,,,
3,,,,,
3,,,,,
3,,,,,
3,,,,,
3,,,,,
3,,,,,
3,,,,,
3,,,,,
3,,,,,
3,,,,,
2,EV_B6_C1,,,0.0,25.30084628056779
1,EV_B6_C1,11.0,85.0,,
1,EV_B6_C1,10.0,85.0,,
1,EV_B6_C1,9.0,85.0,,
1,EV_B6_C1,8.0,85.0,,
1,EV_B6_C1,7.0,85.0,,
1,EV_B6_C1,6.0,85.0,,
1,EV_B6_C1,5.0,85.0,,
1,EV_B6_C1,4.0,85.0,,
1,EV_B6_C1,3.0,85.0,,
1,EV_B6_C1,2.0,85.0,,
1,EV_B6_C1,1.0,85.0,,
1,EV_B6_C1,0.0,85.0,,
3,,,,,
3,,,,,
3,,,,,
3,,,,,
3,,,,,
3,,,,,
3,,,,,
3,,,,,
3,,,,,
3,,,,,
2,EV_B6_C1,,,0.0,23.838087206427183
1,EV_B6_C1,12.0,85.0,,
1,EV_B6_C1,11.0,85.0,,
1,EV_B6_C1,10.0,85.0,,
1,EV_B6_C1,9.0,85.0,,
1,EV_B6_C1,8.0,85.0,,
1,EV_B6_C1,7.0,85.0,,
1,EV_B6_C1,6.0,85.0,,
1,EV_B6_C1,5.0,85.0,,
1,EV_B6_C1,4.0,85.0,,
1,EV_B6_C1,3.0,85.0,,
1,EV_B6_C1,2.0,85.0,,
1,EV_B6_C1,1.0,85.0,,
1,EV_B6_C1,0.0,85.0,,
3,,,,,
3,,,,,
3,,,,,
3,,,,,
3,,,,,
3,,,,,
3,,,,,
3,,,,,
3,,,,,
3,,,,,
3,,,,,
3,,,,,
2,EV_B6_C1,,,0.0,26.295320303443248
1,EV_B6_C1,9.0,85.0,,
1,EV_B6_C1,8.0,85.0,,
1,EV_B6_C1,7.0,85.0,,
1,EV_B6_C1,6.0,85.0,,
1,EV_B6_C1,5.0,85.0,,
1,EV_B6_C1,4.0,85.0,,
1,EV_B6_C1,3.0,85.0,,
1,EV_B6_C1,2.0,85.0,,
1,EV_B6_C1,1.0,85.0,,
1,EV_B6_C1,0.0,85.0,,
3,,,,,
3,,,,,
3,,,,,
3,,,,,
3,,,,,
3,,,,,
3,,,,,
3,,,,,
3,,,,,
3,,,,,
3,,,,,
2,EV_B6_C1,,,0.0,33.61584263855338
1,EV_B6_C1,12.0,85.0,,
1,EV_B6_C1,11.0,85.0,,
1,EV_B6_C1,10.0,85.0,,
1,EV_B6_C1,9.0,85.0,,
1,EV_B6_C1,8.0,85.0,,
1,EV_B6_C1,7.0,85.0,,
1,EV_B6_C1,6.0,85.0,,
1,EV_B6_C1,5.0,85.0,,
1,EV_B6_C1,4.0,85.0,,
1,EV_B6_C1,3.0,85.0,,
1,EV_B6_C1,2.0,85.0,,
1,EV_B6_C1,1.0,85.0,,
1,EV_B6_C1,0.0,85.0,,
3,,,,,
3,,,,,
3,,,,,
3,,,,,
3,,,,,
3,,,,,
3,,,,,
3,,,,,
3,,,,,
3,,,,,
3,,,,,
3,,,,,
3,,,,,
3,,,,,
3,,,,,
3,,,,,
3,,,,,
3,,,,,
3,,,,,
3,,,,,
3,,,,,
3,,,,,
3,,,,,
3,,,,,
3,,,,,
3,,,,,
3,,,,,
3,,,,,
3,,,,,
3,,,,,
3,,,,,
3,,,,,
3,,,,,
3,,,,,
3,,,,,
3,,,,,
3,,,,,
3,,,,,
3,,,,,
3,,,,,
3,,,,,
3,,,,,
3,,,,,
3,,,,,
3,,,,,
3,,,,,
3,,,,,
3,,,,,
3,,,,,
3,,,,,
3,,,,,
3,,,,,
3,,,,,
3,,,,,
3,,,,,
3,,,,,
3,,,,,
2,EV_B6_C1,,,0.0,29.71740294012633
1,EV_B6_C1,12.0,85.0,,
1,EV_B6_C1,11.0,85.0,,
1,EV_B6_C1,10.0,85.0,,
1,EV_B6_C1,9.0,85.0,,
1,EV_B6_C1,8.0,85.0,,
1,EV_B6_C1,7.0,85.0,,
1,EV_B6_C1,6.0,85.0,,
1,EV_B6_C1,5.0,85.0,,
1,EV_B6_C1,4.0,85.0,,
1,EV_B6_C1,3.0,85.0,,
1,EV_B6_C1,2.0,85.0,,
1,EV_B6_C1,1.0,85.0,,
1,EV_B6_C1,0.0,85.0,,
3,,,,,
3,,,,,
3,,,,,
3,,,,,
3,,,,,
3,,,,,
3,,,,,
3,,,,,
3,,,,,
3,,,,,
3,,,,,
2,EV_B6_C1,,,0.0,32.358062032871246
1,EV_B6_C1,11.0,85.0,,
1,EV_B6_C1,10.0,85.0,,
1,EV_B6_C1,9.0,85.0,,
1,EV_B6_C1,8.0,85.0,,
1,EV_B6_C1,7.0,85.0,,
1,EV_B6_C1,6.0,85.0,,
1,EV_B6_C1,5.0,85.0,,
1,EV_B6_C1,4.0,85.0,,
1,EV_B6_C1,3.0,85.0,,
1,EV_B6_C1,2.0,85.0,,
1,EV_B6_C1,1.0,85.0,,
1,EV_B6_C1,0.0,85.0,,
3,,,,,
3,,,,,
3,,,,,
3,,,,,
3,,,,,
3,,,,,
3,,,,,
3,,,,,
3,,,,,
3,,,,,
3,,,,,
3,,,,,
2,EV_B6_C1,,,0.0,21.728867873449364
1,EV_B6_C1,11.0,85.0,,
1,EV_B6_C1,10.0,85.0,,
1,EV_B6_C1,9.0,85.0,,
1,EV_B6_C1,8.0,85.0,,
1,EV_B6_C1,7.0,85.0,,
1,EV_B6_C1,6.0,85.0,,
1,EV_B6_C1,5.0,85.0,,
1,EV_B6_C1,4.0,85.0,,
1,EV_B6_C1,3.0,85.0,,
1,EV_B6_C1,2.0,85.0,,
1,EV_B6_C1,1.0,85.0,,
1,EV_B6_C1,0.0,85.0,,
3,,,,,
3,,,,,
3,,,,,
3,,,,,
3,,,,,
3,,,,,
3,,,,,
3,,,,,
3,,,,,
3,,,,,
3,,,,,
2,EV_B6_C1,,,0.0,20.705730929973036
1,EV_B6_C1,10.0,85.0,,
1,EV_B6_C1,9.0,85.0,,
1,EV_B6_C1,8.0,85.0,,
1,EV_B6_C1,7.0,85.0,,
1,EV_B6_C1,6.0,85.0,,
1,EV_B6_C1,5.0,85.0,,
1,EV_B6_C1,4.0,85.0,,
1,EV_B6_C1,3.0,85.0,,
1,EV_B6_C1,2.0,85.0,,
1,EV_B6_C1,1.0,85.0,,
1,EV_B6_C1,0.0,85.0,,
3,,,,,
3,,,,,
3,,,,,
3,,,,,
3,,,,,
3,,,,,
3,,,,,
3,,,,,
3,,,,,
3,,,,,
3,,,,,
2,EV_B6_C1,,,0.0,26.56677078429812
1,EV_B6_C1,11.0,85.0,,
1,EV_B6_C1,10.0,85.0,,
1,EV_B6_C1,9.0,85.0,,
1,EV_B6_C1,8.0,85.0,,
1,EV_B6_C1,7.0,85.0,,
1,EV_B6_C1,6.0,85.0,,
1,EV_B6_C1,5.0,85.0,,
1,EV_B6_C1,4.0,85.0,,
1,EV_B6_C1,3.0,85.0,,
1,EV_B6_C1,2.0,85.0,,
1,EV_B6_C1,1.0,85.0,,
1,EV_B6_C1,0.0,85.0,,
3,,,,,
3,,,,,
3,,,,,
3,,,,,
3,,,,,
3,,,,,
3,,,,,
3,,,,,
3,,,,,
3,,,,,
3,,,,,
3,,,,,
3,,,,,
3,,,,,
3,,,,,
3,,,,,
3,,,,,
3,,,,,
3,,,,,
3,,,,,
3,,,,,
3,,,,,
3,,,,,
3,,,,,
3,,,,,
3,,,,,
3,,,,,
3,,,,,
3,,,,,
3,,,,,
3,,,,,
3,,,,,
3,,,,,
3,,,,,
3,,,,,
3,,,,,
3,,,,,
3,,,,,
3,,,,,
3,,,,,
3,,,,,
3,,,,,
3,,,,,
3,,,,,
3,,,,,
3,,,,,
3,,,,,
3,,,,,
3,,,,,
3,,,,,
3,,,,,
3,,,,,
3,,,,,
3,,,,,
3,,,,,
3,,,,,
3,,,,,
3,,,,,
2,EV_B6_C1,,,0.0,29.924396532877644
1,EV_B6_C1,12.0,85.0,,
1,EV_B6_C1,11.0,85.0,,
1,EV_B6_C1,10.0,85.0,,
1,EV_B6_C1,9.0,85.0,,
1,EV_B6_C1,8.0,85.0,,
1,EV_B6_C1,7.0,85.0,,
1,EV_B6_C1,6.0,85.0,,
1,EV_B6_C1,5.0,85.0,,
1,EV_B6_C1,4.0,85.0,,
1,EV_B6_C1,3.0,85.0,,
1,EV_B6_C1,2.0,85.0,,
1,EV_B6_C1,1.0,85.0,,
1,EV_B6_C1,0.0,85.0,,
3,,,,,
3,,,,,
3,,,,,
3,,,,,
3,,,,,
3,,,,,
3,,,,,
3,,,,,
3,,,,,
3,,,,,
3,,,,,
3,,,,,
2,EV_B6_C1,,,0.0,31.99642995879126
1,EV_B6_C1,11.0,85.0,,
1,EV_B6_C1,10.0,85.0,,
1,EV_B6_C1,9.0,85.0,,
1,EV_B6_C1,8.0,85.0,,
1,EV_B6_C1,7.0,85.0,,
1,EV_B6_C1,6.0,85.0,,
1,EV_B6_C1,5.0,85.0,,
1,EV_B6_C1,4.0,85.0,,
1,EV_B6_C1,3.0,85.0,,
1,EV_B6_C1,2.0,85.0,,
1,EV_B6_C1,1.0,85.0,,
1,EV_B6_C1,0.0,85.0,,
3,,,,,
3,,,,,
3,,,,,
3,,,,,
3,,,,,
3,,,,,
3,,,,,
3,,,,,
3,,,,,
3,,,,,
3,,,,,
3,,,,,
3,,,,,
3,,,,,
3,,,,,
3,,,,,
3,,,,,
3,,,,,
3,,,,,
3,,,,,
3,,,,,
3,,,,,
3,,,,,
3,,,,,
3,,,,,
3,,,,,
3,,,,,
3,,,,,
3,,,,,
3,,,,,
3,,,,,
3,,,,,
3,,,,,
3,,,,,
3,,,,,
2,EV_B6_C1,,,0.0,31.352239950632764
1,EV_B6_C1,10.0,85.0,,
1,EV_B6_C1,9.0,85.0,,
1,EV_B6_C1,8.0,85.0,,
1,EV_B6_C1,7.0,85.0,,
1,EV_B6_C1,6.0,85.0,,
1,EV_B6_C1,5.0,85.0,,
1,EV_B6_C1,4.0,85.0,,
1,EV_B6_C1,3.0,85.0,,
1,EV_B6_C1,2.0,85.0,,
1,EV_B6_C1,1.0,85.0,,
1,EV_B6_C1,0.0,85.0,,
3,,,,,
3,,,,,
3,,,,,
3,,,,,
3,,,,,
3,,,,,
3,,,,,
3,,,,,
3,,,,,
3,,,,,
3,,,,,
3,,,,,
3,,,,,
3,,,,,
3,,,,,
3,,,,,
3,,,,,
3,,,,,
3,,,,,
3,,,,,
3,,,,,
3,,,,,
3,,,,,
3,,,,,
3,,,,,
3,,,,,
3,,,,,
3,,,,,
3,,,,,
3,,,,,
3,,,,,
3,,,,,
3,,,,,
3,,,,,
3,,,,,
3,,,,,
3,,,,,
3,,,,,
3,,,,,
3,,,,,
3,,,,,
3,,,,,
3,,,,,
3,,,,,
3,,,,,
3,,,,,
3,,,,,
3,,,,,
3,,,,,
3,,,,,
3,,,,,
3,,,,,
3,,,,,
3,,,,,
3,,,,,
3,,,,,
3,,,,,
3,,,,,
3,,,,,
3,,,,,
3,,,,,
3,,,,,
3,,,,,
3,,,,,
3,,,,,
3,,,,,
3,,,,,
3,,,,,
3,,,,,
3,,,,,
3,,,,,
3,,,,,
3,,,,,
3,,,,,
3,,,,,
3,,,,,
3,,,,,
3,,,,,
3,,,,,
3,,,,,
3,,,,,
3,,,,,
3,,,,,
3,,,,,
3,,,,,
3,,,,,
3,,,,,
3,,,,,
3,,,,,
3,,,,,
3,,,,,
3,,,,,
3,,,,,
3,,,,,
3,,,,,
3,,,,,
3,,,,,
3,,,,,
3,,,,,
3,,,,,
3,,,,,
3,,,,,
3,,,,,
3,,,,,
3,,,,,
3,,,,,
3,,,,,
2,EV_B6_C1,,,0.0,22.267725502064277
1,EV_B6_C1,11.0,85.0,,
1,EV_B6_C1,10.0,85.0,,
1,EV_B6_C1,9.0,85.0,,
1,EV_B6_C1,8.0,85.0,,
1,EV_B6_C1,7.0,85.0,,
1,EV_B6_C1,6.0,85.0,,
1,EV_B6_C1,5.0,85.0,,
1,EV_B6_C1,4.0,85.0,,
1,EV_B6_C1,3.0,85.0,,
1,EV_B6_C1,2.0,85.0,,
1,EV_B6_C1,1.0,85.0,,
1,EV_B6_C1,0.0,85.0,,
3,,,,,
3,,,,,
3,,,,,
3,,,,,
3,,,,,
3,,,,,
3,,,,,
3,,,,,
3,,,,,
3,,,,,
3,,,,,
2,EV_B6_C1,,,0.0,33.240518703311395
1,EV_B6_C1,12.0,85.0,,
1,EV_B6_C1,11.0,85.0,,
1,EV_B6_C1,10.0,85.0,,
1,EV_B6_C1,9.0,85.0,,
1,EV_B6_C1,8.0,85.0,,
1,EV_B6_C1,7.0,85.0,,
1,EV_B6_C1,6.0,85.0,,
1,EV_B6_C1,5.0,85.0,,
1,EV_B6_C1,4.0,85.0,,
1,EV_B6_C1,3.0,85.0,,
1,EV_B6_C1,2.0,85.0,,
1,EV_B6_C1,1.0,85.0,,
1,EV_B6_C1,0.0,85.0,,
3,,,,,
3,,,,,
3,,,,,
3,,,,,
3,,,,,
3,,,,,
3,,,,,
3,,,,,
3,,,,,
3,,,,,
3,,,,,
3,,,,,
3,,,,,
3,,,,,
3,,,,,
3,,,,,
3,,,,,
3,,,,,
3,,,,,
3,,,,,
3,,,,,
3,,,,,
3,,,,,
3,,,,,
3,,,,,
3,,,,,
3,,,,,
3,,,,,
3,,,,,
3,,,,,
3,,,,,
3,,,,,
3,,,,,
3,,,,,
3,,,,,
2,EV_B6_C1,,,0.0,24.511008706743223
1,EV_B6_C1,10.0,85.0,,
1,EV_B6_C1,9.0,85.0,,
1,EV_B6_C1,8.0,85.0,,
1,EV_B6_C1,7.0,85.0,,
1,EV_B6_C1,6.0,85.0,,
1,EV_B6_C1,5.0,85.0,,
1,EV_B6_C1,4.0,85.0,,
1,EV_B6_C1,3.0,85.0,,
1,EV_B6_C1,2.0,85.0,,
1,EV_B6_C1,1.0,85.0,,
1,EV_B6_C1,0.0,85.0,,
3,,,,,
3,,,,,
3,,,,,
3,,,,,
3,,,,,
3,,,,,
3,,,,,
3,,,,,
3,,,,,
3,,,,,
3,,,,,
3,,,,,
3,,,,,
3,,,,,
3,,,,,
3,,,,,
3,,,,,
3,,,,,
3,,,,,
3,,,,,
3,,,,,
3,,,,,
3,,,,,
3,,,,,
3,,,,,
3,,,,,
3,,,,,
3,,,,,
3,,,,,
3,,,,,
3,,,,,
3,,,,,
3,,,,,
3,,,,,
3,,,,,
3,,,,,
3,,,,,
3,,,,,
3,,,,,
3,,,,,
3,,,,,
3,,,,,
3,,,,,
3,,,,,
3,,,,,
3,,,,,
3,,,,,
3,,,,,
3,,,,,
3,,,,,
3,,,,,
3,,,,,
3,,,,,
3,,,,,
3,,,,,
3,,,,,
3,,,,,
3,,,,,
3,,,,,
3,,,,,
3,,,,,
3,,,,,
2,EV_B6_C1,,,0.0,24.34159530787102
1,EV_B6_C1,8.0,85.0,,
1,EV_B6_C1,7.0,85.0,,
1,EV_B6_C1,6.0,85.0,,
1,EV_B6_C1,5.0,85.0,,
1,EV_B6_C1,4.0,85.0,,
1,EV_B6_C1,3.0,85.0,,
1,EV_B6_C1,2.0,85.0,,
1,EV_B6_C1,1.0,85.0,,
1,EV_B6_C1,0.0,85.0,,
3,,,,,
3,,,,,
3,,,,,
3,,,,,
3,,,,,
3,,,,,
3,,,,,
3,,,,,
3,,,,,
3,,,,,
3,,,,,
3,,,,,
2,EV_B6_C1,,,0.0,29.32407847794447
1,EV_B6_C1,11.0,85.0,,
1,EV_B6_C1,10.0,85.0,,
1,EV_B6_C1,9.0,85.0,,
1,EV_B6_C1,8.0,85.0,,
1,EV_B6_C1,7.0,85.0,,
1,EV_B6_C1,6.0,85.0,,
1,EV_B6_C1,5.0,85.0,,
1,EV_B6_C1,4.0,85.0,,
1,EV_B6_C1,3.0,85.0,,
1,EV_B6_C1,2.0,85.0,,
1,EV_B6_C1,1.0,85.0,,
1,EV_B6_C1,0.0,85.0,,
3,,,,,
3,,,,,
3,,,,,
3,,,,,
3,,,,,
3,,,,,
3,,,,,
3,,,,,
3,,,,,
3,,,,,
3,,,,,
3,,,,,
3,,,,,
3,,,,,
3,,,,,
3,,,,,
3,,,,,
3,,,,,
3,,,,,
3,,,,,
3,,,,,
3,,,,,
3,,,,,
3,,,,,
3,,,,,
3,,,,,
3,,,,,
3,,,,,
3,,,,,
3,,,,,
3,,,,,
3,,,,,
3,,,,,
2,EV_B6_C1,,,0.0,22.497520395636688
1,EV_B6_C1,12.0,85.0,,
1,EV_B6_C1,11.0,85.0,,
1,EV_B6_C1,10.0,85.0,,
1,EV_B6_C1,9.0,85.0,,
1,EV_B6_C1,8.0,85.0,,
1,EV_B6_C1,7.0,85.0,,
1,EV_B6_C1,6.0,85.0,,
1,EV_B6_C1,5.0,85.0,,
1,EV_B6_C1,4.0,85.0,,
1,EV_B6_C1,3.0,85.0,,
1,EV_B6_C1,2.0,85.0,,
1,EV_B6_C1,1.0,85.0,,
1,EV_B6_C1,0.0,85.0,,
3,,,,,
3,,,,,
3,,,,,
3,,,,,
3,,,,,
3,,,,,
3,,,,,
3,,,,,
3,,,,,
3,,,,,
3,,,,,
3,,,,,
3,,,,,
2,EV_B6_C1,,,0.0,21.63987118452863
1,EV_B6_C1,10.0,85.0,,
1,EV_B6_C1,9.0,85.0,,
1,EV_B6_C1,8.0,85.0,,
1,EV_B6_C1,7.0,85.0,,
1,EV_B6_C1,6.0,85.0,,
1,EV_B6_C1,5.0,85.0,,
1,EV_B6_C1,4.0,85.0,,
1,EV_B6_C1,3.0,85.0,,
1,EV_B6_C1,2.0,85.0,,
1,EV_B6_C1,1.0,85.0,,
1,EV_B6_C1,0.0,85.0,,
3,,,,,
3,,,,,
3,,,,,
3,,,,,
3,,,,,
3,,,,,
3,,,,,
3,,,,,
3,,,,,
3,,,,,
3,,,,,
3,,,,,
3,,,,,
3,,,,,
3,,,,,
3,,,,,
3,,,,,
3,,,,,
3,,,,,
3,,,,,
3,,,,,
3,,,,,
3,,,,,
3,,,,,
3,,,,,
3,,,,,
3,,,,,
3,,,,,
3,,,,,
3,,,,,
3,,,,,
3,,,,,
3,,,,,
3,,,,,
3,,,,,
3,,,,,
3,,,,,
3,,,,,
3,,,,,
3,,,,,
3,,,,,
3,,,,,
3,,,,,
3,,,,,
3,,,,,
3,,,,,
3,,,,,
3,,,,,
3,,,,,
3,,,,,
3,,,,,
3,,,,,
3,,,,,
3,,,,,
3,,,,,
3,,,,,
3,,,,,
3,,,,,
3,,,,,
2,EV_B6_C1,,,0.0,28.351238652473647
1,EV_B6_C1,11.0,85.0,,
1,EV_B6_C1,10.0,85.0,,
1,EV_B6_C1,9.0,85.0,,
1,EV_B6_C1,8.0,85.0,,
1,EV_B6_C1,7.0,85.0,,
1,EV_B6_C1,6.0,85.0,,
1,EV_B6_C1,5.0,85.0,,
1,EV_B6_C1,4.0,85.0,,
1,EV_B6_C1,3.0,85.0,,
1,EV_B6_C1,2.0,85.0,,
1,EV_B6_C1,1.0,85.0,,
1,EV_B6_C1,0.0,85.0,,
3,,,,,
3,,,,,
3,,,,,
3,,,,,
3,,,,,
3,,,,,
3,,,,,
3,,,,,
3,,,,,
3,,,,,
3,,,,,
3,,,,,
2,EV_B6_C1,,,0.0,27.80542143901939
1,EV_B6_C1,10.0,85.0,,
1,EV_B6_C1,9.0,85.0,,
1,EV_B6_C1,8.0,85.0,,
1,EV_B6_C1,7.0,85.0,,
1,EV_B6_C1,6.0,85.0,,
1,EV_B6_C1,5.0,85.0,,
1,EV_B6_C1,4.0,85.0,,
1,EV_B6_C1,3.0,85.0,,
1,EV_B6_C1,2.0,85.0,,
1,EV_B6_C1,1.0,85.0,,
1,EV_B6_C1,0.0,85.0,,
3,,,,,
3,,,,,
3,,,,,
3,,,,,
3,,,,,
3,,,,,
3,,,,,
3,,,,,
3,,,,,
3,,,,,
3,,,,,
2,EV_B6_C1,,,0.0,23.702092427489664
1,EV_B6_C1,10.0,85.0,,
1,EV_B6_C1,9.0,85.0,,
1,EV_B6_C1,8.0,85.0,,
1,EV_B6_C1,7.0,85.0,,
1,EV_B6_C1,6.0,85.0,,
1,EV_B6_C1,5.0,85.0,,
1,EV_B6_C1,4.0,85.0,,
1,EV_B6_C1,3.0,85.0,,
1,EV_B6_C1,2.0,85.0,,
1,EV_B6_C1,1.0,85.0,,
1,EV_B6_C1,0.0,85.0,,
3,,,,,
3,,,,,
3,,,,,
3,,,,,
3,,,,,
3,,,,,
3,,,,,
3,,,,,
3,,,,,
3,,,,,
3,,,,,
2,EV_B6_C1,,,0.0,34.25459779694784
1,EV_B6_C1,12.0,85.0,,
1,EV_B6_C1,11.0,85.0,,
1,EV_B6_C1,10.0,85.0,,
1,EV_B6_C1,9.0,85.0,,
1,EV_B6_C1,8.0,85.0,,
1,EV_B6_C1,7.0,85.0,,
1,EV_B6_C1,6.0,85.0,,
1,EV_B6_C1,5.0,85.0,,
1,EV_B6_C1,4.0,85.0,,
1,EV_B6_C1,3.0,85.0,,
1,EV_B6_C1,2.0,85.0,,
1,EV_B6_C1,1.0,85.0,,
1,EV_B6_C1,0.0,85.0,,
3,,,,,
3,,,,,
3,,,,,
3,,,,,
3,,,,,
3,,,,,
3,,,,,
3,,,,,
3,,,,,
3,,,,,
2,EV_B6_C1,,,0.0,28.435639046293232
1,EV_B6_C1,11.0,85.0,,
1,EV_B6_C1,10.0,85.0,,
1,EV_B6_C1,9.0,85.0,,
1,EV_B6_C1,8.0,85.0,,
1,EV_B6_C1,7.0,85.0,,
1,EV_B6_C1,6.0,85.0,,
1,EV_B6_C1,5.0,85.0,,
1,EV_B6_C1,4.0,85.0,,
1,EV_B6_C1,3.0,85.0,,
1,EV_B6_C1,2.0,85.0,,
1,EV_B6_C1,1.0,85.0,,
1,EV_B6_C1,0.0,85.0,,
3,,,,,
3,,,,,
3,,,,,
3,,,,,
3,,,,,
3,,,,,
3,,,,,
3,,,,,
3,,,,,
3,,,,,
3,,,,,
3,,,,,
3,,,,,
3,,,,,
3,,,,,
3,,,,,
3,,,,,
3,,,,,
3,,,,,
3,,,,,
3,,,,,
3,,,,,
3,,,,,
3,,,,,
3,,,,,
3,,,,,
3,,,,,
3,,,,,
3,,,,,
3,,,,,
3,,,,,
3,,,,,
3,,,,,
3,,,,,
3,,,,,
3,,,,,
3,,,,,
3,,,,,
3,,,,,
3,,,,,
3,,,,,
3,,,,,
3,,,,,
3,,,,,
3,,,,,
3,,,,,
3,,,,,
3,,,,,
3,,,,,
3,,,,,
3,,,,,
3,,,,,
3,,,,,
3,,,,,
3,,,,,
3,,,,,
3,,,,,
3,,,,,
3,,,,,
3,,,,,
2,EV_B6_C1,,,0.0,24.250888451525775
1,EV_B6_C1,10.0,85.0,,
1,EV_B6_C1,9.0,85.0,,
1,EV_B6_C1,8.0,85.0,,
1,EV_B6_C1,7.0,85.0,,
1,EV_B6_C1,6.0,85.0,,
1,EV_B6_C1,5.0,85.0,,
1,EV_B6_C1,4.0,85.0,,
1,EV_B6_C1,3.0,85.0,,
1,EV_B6_C1,2.0,85.0,,
1,EV_B6_C1,1.0,85.0,,
1,EV_B6_C1,0.0,85.0,,
3,,,,,
3,,,,,
3,,,,,
3,,,,,
3,,,,,
3,,,,,
3,,,,,
3,,,,,
3,,,,,
3,,,,,
3,,,,,
3,,,,,
2,EV_B6_C1,,,0.0,32.574685322752075
1,EV_B6_C1,10.0,85.0,,
1,EV_B6_C1,9.0,85.0,,
1,EV_B6_C1,8.0,85.0,,
1,EV_B6_C1,7.0,85.0,,
1,EV_B6_C1,6.0,85.0,,
1,EV_B6_C1,5.0,85.0,,
1,EV_B6_C1,4.0,85.0,,
1,EV_B6_C1,3.0,85.0,,
1,EV_B6_C1,2.0,85.0,,
1,EV_B6_C1,1.0,85.0,,
1,EV_B6_C1,0.0,85.0,,
3,,,,,
3,,,,,
3,,,,,
3,,,,,
3,,,,,
3,,,,,
3,,,,,
3,,,,,
3,,,,,
3,,,,,
3,,,,,
2,EV_B6_C1,,,0.0,30.69051971292015
1,EV_B6_C1,11.0,85.0,,
1,EV_B6_C1,10.0,85.0,,
1,EV_B6_C1,9.0,85.0,,
1,EV_B6_C1,8.0,85.0,,
1,EV_B6_C1,7.0,85.0,,
1,EV_B6_C1,6.0,85.0,,
1,EV_B6_C1,5.0,85.0,,
1,EV_B6_C1,4.0,85.0,,
1,EV_B6_C1,3.0,85.0,,
1,EV_B6_C1,2.0,85.0,,
1,EV_B6_C1,1.0,85.0,,
1,EV_B6_C1,0.0,85.0,,
3,,,,,
3,,,,,
3,,,,,
